listing,categoria,carteira,estado,cidade,Bairro,dias_bloqueados,dias_ativo,faturamento_mes,n_concorrentes,meta,mes_ano,to_listings,to_concorrentes,dias_ocupados,total_dias,media_preco_ocupado,media_preco_disponivel,ocupacao_ainda_disponivel,data_da_execucao,atingimento_meta,faturamento_perdido_bloqueio,falta_meta,grupo_criticidade,dias_disponiveis,dias_necessarios,potencial_max,potencial_realista,score_bruto,score_normalizado,faixa_prioridade,status_operacional,score_risco_bruto
EON0402,Goiania-Central-2-apartamento-SUP-3Q,Carteira 1_sys-price,GO,"Goiânia, GO","Goiânia, GO, Setor Oeste",1,3,1401.0,7,1440.75,2025-11,0.2069,0.196,6,30,271.17,305.12,17,2025-11-03,0.97,271.17,39.75,berlinda,17,1.0,6588.04,2474.198576,8.418198854763144,19.0625,Baixa,🟢 Abaixo viável,
GDP0107,Brasilia-Asa_Sul-apartamento-SUP-1Q,Carteira 1,DF,"Brasília, DF","Brasília, DF, Asa Sul",0,645,2384.29,122,2966.5,2025-11,0.4333,0.5646,13,30,258.17,249.11,18,2025-11-03,0.8,0.0,582.21,berlinda,18,3.0,6868.27,4327.198534,16.296908039777517,65.625,Alta,🟢 Abaixo viável,
OGD0401,Florianopolis-Beira_Mar-apartamento-TOP-1Q,Carteira 4,SC,"Florianópolis, SC","Florianópolis, SC, Centro",0,248,4031.24,12,4501.17,2025-11,0.6333,0.4338,19,30,271.16,309.2,10,2025-11-03,0.9,0.0,469.9300000000003,berlinda,10,2.0,7123.24,5989.4036,16.14050968970291,65.0,Alta,🟢 Abaixo viável,
RMI0007,Florianopolis-Ingleses_Praia-apartamento-TOP-1Q,Carteira 1,SC,"Florianópolis, SC","Florianópolis, SC, Ingleses do Rio Vermelho",4,680,2547.18,48,3075.47,2025-11,0.3846,0.3116,10,30,212.36,234.5,12,2025-11-03,0.83,849.44,528.29,berlinda,12,3.0,5361.18,3629.4444,13.427108160161971,52.1875,Alta,🟢 Abaixo viável,
SPJ0106,Especial-SPJ-apartamento-TOP-1Q,Carteira 5,SC,"Florianópolis, SC","Florianópolis, SC, Jurerê",0,310,4857.72,19,5610.79,2025-11,0.6333,0.5559,19,30,320.42,283.55,11,2025-11-03,0.87,0.0,753.0699999999997,berlinda,11,3.0,7976.77,6833.014365,12.685854606332912,47.8125,Média,🟢 Abaixo viável,
SPJ0202,Especial-SPJ-apartamento-TOP-1Q,Carteira 5,SC,"Florianópolis, SC","Florianópolis, SC, Jurerê",0,516,5414.31,19,5610.79,2025-11,0.7667,0.5559,23,30,356.83,257.0,7,2025-11-03,0.96,0.0,196.47999999999956,berlinda,7,1.0,7213.31,6793.603300000001,8.99968810096259,23.125,Média,🟢 Abaixo viável,
SPJ0402,Especial-SPJ-apartamento-TOP-1Q,Carteira 5,SC,"Florianópolis, SC","Florianópolis, SC, Jurerê",0,385,5314.34,19,5610.79,2025-11,0.7,0.5559,21,30,301.71,288.0,8,2025-11-03,0.95,0.0,296.4499999999998,berlinda,8,2.0,7618.34,6927.14,7.608340358487837,15.312500000000002,Baixa,🟢 Abaixo viável,
ILC4107,Especial-ILC-hotel-TOP-1Q,Especial,SC,"Florianópolis, SC","Florianópolis, SC, Jurerê Internacional",9,423,9683.14,28,10075.49,2025-11,0.9048,0.5987,19,30,633.0,574.4,5,2025-11-03,0.96,5697.0,392.35000000000036,berlinda,5,1.0,12555.14,12281.7256,22.367730006183344,86.25,Crítico,🟢 Abaixo viável,
PRJ001,Imbituba-Praia_do_Rosa-casa-SIM-1Q,Carteira 6,SC,"Imbituba, SC","Imbituba, SC, Ibiraquera",0,1241,864.52,51,953.78,2025-11,0.3333,0.2278,10,30,102.0,92.35,17,2025-11-03,0.91,0.0,89.25999999999999,berlinda,17,1.0,2434.47,1387.7843349999998,8.642623036759,20.9375,Média,🟢 Abaixo viável,
SOV0005,Mata_de_Sao_Joao-Praia_Imbassai-apartamento-TOP-1Q,Carteira 2,BA,"Mata de São João, BA","Mata de São João, BA, Imbassaí",3,254,2950.67,11,3620.49,2025-11,0.5185,0.316,14,30,252.71,241.77,13,2025-11-03,0.81,758.13,669.8199999999997,berlinda,13,3.0,6093.68,4580.320685,14.909803313916068,58.75,Alta,🟢 Abaixo viável,
VST017,Especial-VST-casa-TOP-1Q,Carteira 5,SC,"Anitápolis, SC","Anitápolis, SC, Rio dos pinheiros",2,123,1282.94,42,1530.85,2025-11,0.2143,0.1234,6,30,265.67,179.19,21,2025-11-03,0.84,531.34,247.90999999999985,berlinda,21,2.0,5045.93,2089.348757,14.50925724270829,56.25,Alta,🟢 Abaixo viável,
ECM0206,Florianopolis-Lagoa-apartamento-SUP-1Q,Carteira 1,SC,"Florianópolis, SC","Florianópolis, SC, Lagoa da Conceição",0,40,2191.6,23,2256.32,2025-11,0.4333,0.4355,13,30,205.69,230.81,16,2025-11-03,0.97,0.0,64.72000000000025,berlinda,16,1.0,5884.5599999999995,3791.759568,6.620525102822319,10.9375,Baixa,🟢 Abaixo viável,
NWT1306,Especial-NWT-apartamento-TOP-1Q,Carteira 5,AL,"Maceió, AL","Maceió, AL, Pajuçara",0,303,4511.84,35,4545.08,2025-11,0.5333,0.472,16,30,366.13,328.83,12,2025-11-03,0.99,0.0,33.23999999999978,berlinda,12,1.0,8457.8,6616.2204679999995,2.4048661849736255,3.125,Baixa,🟢 Abaixo viável,
CEV1206,Balneario_Camboriu-Centro-apartamento-JR-1Q,Carteira 6,SC,"Balneário Camboriú, SC","Balneário Camboriú, SC, Centro",2,54,1748.43,27,1873.51,2025-11,0.5,0.3878,14,30,160.29,143.5,14,2025-11-03,0.93,320.58,125.07999999999993,berlinda,14,1.0,3757.4300000000003,2752.9300000000003,9.580402559900929,27.8125,Média,🟢 Abaixo viável,
JMA011,Florianopolis-Jurere_Longe-apartamento-JR-1Q,Carteira 1,SC,"Florianópolis, SC","Florianópolis, SC, Jurerê",0,487,1929.52,31,2028.1,2025-11,0.4667,0.4085,14,30,182.86,181.43,14,2025-11-03,0.95,0.0,98.57999999999993,berlinda,14,1.0,4469.54,3114.9473340000004,8.81878082934766,21.5625,Média,🟢 Abaixo viável,
NWT0619,Especial-NWT-apartamento-TOP-1Q,Carteira 5,AL,"Maceió, AL","Maceió, AL, Pajuçara",0,215,4095.96,35,4545.08,2025-11,0.5667,0.472,17,30,317.59,339.08,12,2025-11-03,0.9,0.0,449.1199999999999,berlinda,12,2.0,8164.92,6401.839631999999,16.753017504642376,68.75,Alta,🟢 Abaixo viável,
DPR0003,Balneario_Camboriu-Sul-apartamento-JR-1Q,Carteira 6,SC,"Balneário Camboriú, SC","Balneário Camboriú, SC, Barra",0,255,1584.78,28,1817.54,2025-11,0.5,0.3751,15,30,118.07,124.87,15,2025-11-03,0.87,0.0,232.76,berlinda,15,2.0,3457.83,2521.3050000000003,7.995626286078986,17.5,Baixa,🟢 Abaixo viável,
MHFA0903,Itapema-Canto_Praia-apartamento-SUP-1Q,Carteira 5,SC,"Itapema, SC","Itapema, SC, Centro",0,360,2507.74,9,2579.11,2025-11,0.5,0.2266,15,30,186.13,178.36,14,2025-11-03,0.97,0.0,71.37000000000035,berlinda,14,1.0,5004.78,3756.2599999999998,4.935637952627092,7.5,Baixa,🟢 Abaixo viável,
NLV0506,Curitiba-Centro-apartamento-SUP-2Q,Carteira 4,PR,"Curitiba, PR","Curitiba, PR, Centro",0,226,2656.6,28,3316.84,2025-11,0.3667,0.4702,11,30,283.73,254.21,19,2025-11-03,0.8,0.0,660.2400000000002,berlinda,19,3.0,7486.59,4427.7573330000005,16.86742103930247,69.0625,Alta,🟢 Abaixo viável,
DOV108,Florianopolis-Ingleses_Norte-apartamento-SUP-2Q,Carteira 1,SC,"Florianópolis, SC","Florianópolis, SC, Ingleses",0,845,3154.8,46,3271.44,2025-11,0.5,0.244,15,30,272.93,236.8,15,2025-11-03,0.96,0.0,116.63999999999987,berlinda,15,1.0,6706.8,4930.8,8.442872863326231,19.375,Baixa,🟢 Abaixo viável,
EIO6031,Itapema-Meia_Praia-Norte-apartamento-JR-3Q,Carteira 6,SC,"Itapema, SC","Itapema, SC, Meia Praia",4,759,1773.4,13,2102.22,2025-11,0.3077,0.2755,8,30,266.63,196.27,15,2025-11-03,0.84,1066.52,328.8199999999997,berlinda,15,2.0,4717.450000000001,2679.284185,15.349844783134012,62.18749999999999,Alta,🟢 Abaixo viável,
NBL0910,Porto_Alegre-Jardim_Botanico-apartamento-SUP-1Q,Carteira 4,RS,"Porto Alegre, RS","Porto Alegre, RS, Santa Cecília",0,702,1072.22,44,1124.1,2025-11,0.2667,0.2505,8,30,150.18,166.94,18,2025-11-03,0.95,0.0,51.87999999999988,berlinda,18,1.0,4077.1400000000003,1873.632164,7.704694600124527,15.625,Baixa,🟢 Abaixo viável,
ONJ2612,Sao_Paulo-Moema-apartamento-TOP-1Q,Carteira 4,SP,"São Paulo, SP","São Paulo, SP, Indianópolis",1,273,2939.14,102,3578.07,2025-11,0.3793,0.4408,11,30,320.45,246.31,16,2025-11-03,0.82,320.45,638.9300000000003,berlinda,16,3.0,6880.1,4433.946128,14.661055475903682,57.1875,Alta,🟢 Abaixo viável,
RSU3842,Penha-Longe-apartamento-SUP-3Q,Carteira 6,SC,"Penha, SC","Penha, SC, Gravatá",0,303,3278.85,16,3480.26,2025-11,0.5,0.2421,15,30,290.53,214.25,12,2025-11-03,0.94,0.0,201.4100000000003,berlinda,12,1.0,5849.85,4564.35,12.399100210903802,46.25,Média,🟢 Abaixo viável,
TCO0709,Porto_Alegre-Centro_Historico-apartamento-SUP-1Q,Carteira 4,RS,"Porto Alegre, RS","Porto Alegre, RS, Centro Histórico",0,274,1181.3,65,1297.34,2025-11,0.3333,0.2842,10,30,131.9,133.33,18,2025-11-03,0.91,0.0,116.03999999999996,berlinda,18,1.0,3581.24,1981.200002,11.925642622597,43.125,Média,🟢 Abaixo viável,
TXP1803,Goiania-Central-apartamento-SUP-1Q,Carteira 1_sys-price,GO,"Goiânia, GO","Goiânia, GO, Setor Bueno",0,471,533.9,127,604.39,2025-11,0.1333,0.1935,4,30,154.5,146.72,25,2025-11-03,0.88,0.0,70.49000000000001,berlinda,25,1.0,4201.9,1022.8444,17.111952216284188,70.3125,Alta,🟢 Abaixo viável,
CMC101,Florianopolis-Ingleses_Norte-apartamento-JR-2Q,Carteira 1,SC,"Florianópolis, SC","Florianópolis, SC, Ingleses do Rio Vermelho",0,1046,2649.46,24,3195.68,2025-11,0.5,0.3196,15,30,220.93,222.92,12,2025-11-03,0.83,0.0,546.2199999999998,berlinda,12,3.0,5324.5,3986.98,12.700829703432962,48.4375,Média,🟢 Abaixo viável,
IAP0403,Florianopolis-Ingleses_Praia-apartamento-SUP-1Q,Carteira 1,SC,"Florianópolis, SC","Florianópolis, SC, Ingleses sul",9,382,2855.14,34,3392.97,2025-11,0.7143,0.4251,15,30,246.87,213.5,6,2025-11-03,0.84,2221.83,537.8299999999999,berlinda,6,3.0,4136.139999999999,3770.1583,11.280844903825647,39.375,Média,🟢 Abaixo viável,
ITFA039,Mata_de_Sao_Joao-Praia_Imbassai-apartamento-SUP-2Q,Carteira 2,BA,"Mata de São João, BA","Mata de São João, BA, Açu da Torre",0,516,3284.11,11,3620.49,2025-11,0.5667,0.316,17,30,240.94,236.54,13,2025-11-03,0.91,0.0,336.37999999999965,berlinda,13,2.0,6359.13,5026.723834,10.988474653983292,37.8125,Média,🟢 Abaixo viável,
RLN0104,Gramado-Geral-apartamento-JR-2Q,Carteira 4,RS,"Gramado, RS","Gramado, RS, Ipê Amarelo",7,304,3720.51,44,3981.28,2025-11,0.6957,0.4212,16,30,317.81,397.57,7,2025-11-03,0.93,2224.67,260.77,berlinda,7,1.0,6503.5,5656.636143,26.040451538198763,90.625,Crítico,🟢 Abaixo viável,
SDR006,Florianopolis-Lagoa-apartamento-SUP-1Q,Carteira 1,SC,"Florianópolis, SC","Florianópolis, SC, Lagoa da Conceição",0,1569,1894.23,23,2256.32,2025-11,0.4,0.4355,12,30,175.92,191.63,16,2025-11-03,0.84,0.0,362.09000000000015,berlinda,16,2.0,4960.3099999999995,3120.6620000000003,15.376211419479507,62.81250000000001,Alta,🟢 Abaixo viável,
TVT1008,Florianopolis-Centrao-apartamento-MASTER-1Q,Carteira 4,SC,"Florianópolis, SC","Florianópolis, SC, Centro",0,589,4373.95,26,4986.45,2025-11,0.4333,0.3621,13,30,400.0,344.29,17,2025-11-03,0.88,0.0,612.5,berlinda,17,2.0,10226.880000000001,6910.024569,21.145065627851483,81.875,Crítico,🟢 Abaixo viável,
VTD0310,Florianopolis-UFSC-apartamento-SUP-1Q,Carteira 4,SC,"Florianópolis, SC","Florianópolis, SC, Trindade",9,74,1741.23,37,1897.84,2025-11,0.4762,0.3378,10,30,207.83,169.0,6,2025-11-03,0.92,1870.47,156.6099999999999,berlinda,6,1.0,2755.23,2224.0968000000003,13.94590165662015,53.75,Alta,🟢 Abaixo viável,
BLS1657,Goiania-Central-apartamento-TOP-1Q,Carteira 1_sys-price,GO,"Goiânia, GO","Goiânia, GO, Setor Marista",0,15,1267.35,45,1306.17,2025-11,0.3,0.2068,9,30,182.11,173.33,21,2025-11-03,0.97,0.0,38.820000000000164,berlinda,21,1.0,4907.280000000001,2359.3289999999997,5.1514508831163095,8.125,Baixa,🟢 Abaixo viável,
CGS0002,Brasilia-Asa_Norte-apartamento-SUP-2Q,Carteira 1_sys-price,DF,"Brasília, DF","Brasília, DF, Asa Norte",0,192,3072.92,37,3302.18,2025-11,0.4333,0.5171,13,30,288.62,260.13,16,2025-11-03,0.93,0.0,229.25999999999976,berlinda,16,1.0,7235.0,4876.349264,18.060009993398282,74.6875,Alta,🟢 Abaixo viável,
CEN0035,Porto_Alegre-Auxiliadora-apartamento-SUP-1Q,Carteira 4,RS,"Porto Alegre, RS","Porto Alegre, RS, Auxiliadora",0,296,1663.85,86,1857.45,2025-11,0.3667,0.3026,11,30,171.82,178.06,18,2025-11-03,0.9,0.0,193.60000000000014,berlinda,18,2.0,4868.93,2839.152836,9.279500390320068,25.3125,Média,🟢 Abaixo viável,
TCO1117,Porto_Alegre-Centro_Historico-apartamento-SUP-1Q,Carteira 4,RS,"Porto Alegre, RS","Porto Alegre, RS, Centro Histórico",0,430,1170.06,65,1297.34,2025-11,0.3667,0.2842,11,30,124.36,129.0,19,2025-11-03,0.9,0.0,127.27999999999997,berlinda,19,1.0,3621.06,2068.8417,12.655988407048264,47.1875,Média,🟢 Abaixo viável,
OAG0505,Sao_Paulo-Pinheiros-apartamento-SUP-1Q,Carteira 4,SP,"São Paulo, SP","São Paulo, SP, Cerqueira César",8,177,2802.98,410,3394.21,2025-11,0.5455,0.4927,12,30,266.5,225.78,9,2025-11-03,0.83,2132.0,591.23,berlinda,9,3.0,4835.0,3911.4469099999997,13.109374434699088,50.9375,Alta,🟢 Abaixo viável,
RLI0101,Florianopolis-Ingleses_Norte-apartamento-JR-2Q,Carteira 1,SC,"Florianópolis, SC","Florianópolis, SC, Ingleses do Rio Vermelho",0,337,3099.47,24,3195.68,2025-11,0.6,0.3196,18,30,201.94,228.27,11,2025-11-03,0.97,0.0,96.21000000000004,berlinda,11,1.0,5610.4400000000005,4606.052,6.872357901917594,13.750000000000002,Baixa,🟢 Abaixo viável,
VLPD0223,Mata_de_Sao_Joao-Praia_do_Forte-apartamento-SUP-1Q,Carteira 2,BA,"Mata de São João, BA","Mata de São João, BA, Açu da Torre",3,102,4512.67,25,4991.63,2025-11,0.6296,0.3954,17,30,304.88,251.0,10,2025-11-03,0.9,914.64,478.96000000000004,berlinda,10,2.0,7022.67,6092.966,12.042054399064035,44.0625,Média,🟢 Abaixo viável,
NWT0613,Especial-NWT-apartamento-TOP-1Q,Carteira 5,AL,"Maceió, AL","Maceió, AL, Pajuçara",0,215,3961.69,35,4545.08,2025-11,0.5333,0.472,16,30,290.5,273.31,13,2025-11-03,0.87,0.0,583.3899999999999,berlinda,13,3.0,7514.72,5856.520899,11.693693759699132,42.1875,Média,🟢 Abaixo viável,
PTS0101,Florianopolis-Ingleses_Norte-apartamento-SUP-2Q,Carteira 1,SC,"Florianópolis, SC","Florianópolis, SC, Ingleses do Rio Vermelho",0,192,2739.3,46,3271.44,2025-11,0.2667,0.244,8,30,266.08,208.47,15,2025-11-03,0.84,0.0,532.1399999999999,berlinda,15,3.0,5866.35,3573.284235,11.303404188980995,39.6875,Média,🟢 Abaixo viável,
WBU2407,Goiania-Central-apartamento-TOP-1Q,Carteira 1_sys-price,GO,"Goiânia, GO","Goiânia, GO, Setor Bueno",0,359,1078.32,45,1306.17,2025-11,0.2,0.2068,6,30,197.82,218.71,17,2025-11-03,0.83,0.0,227.85000000000014,berlinda,17,2.0,4796.39,1821.9340000000002,19.076028962539347,77.5,Alta,🟢 Abaixo viável,
MHFB1204,Itapema-Canto_Praia-apartamento-SUP-1Q,Carteira 5,SC,"Itapema, SC","Itapema, SC, Centro",0,479,2183.48,9,2579.11,2025-11,0.4,0.2266,12,30,218.08,188.39,18,2025-11-03,0.85,0.0,395.6300000000001,berlinda,18,3.0,5574.5,3539.888,9.632875384661116,28.4375,Média,🟢 Abaixo viável,
NWT0604,Especial-NWT-apartamento-TOP-1Q,Carteira 5,AL,"Maceió, AL","Maceió, AL, Pajuçara",0,215,3873.48,35,4545.08,2025-11,0.5667,0.472,17,30,272.06,306.62,13,2025-11-03,0.85,0.0,671.5999999999999,berlinda,13,3.0,7859.54,6132.380202,15.102483858003229,60.9375,Alta,🟢 Abaixo viável,
ORP0305,Gramado-Geral-apartamento-SUP-2Q,Carteira 4,RS,"Gramado, RS","Gramado, RS, Floresta",0,22,5226.23,139,6021.82,2025-11,0.5,0.4915,15,30,379.4,359.21,14,2025-11-03,0.87,0.0,795.5900000000001,berlinda,14,3.0,10255.169999999998,7740.699999999999,15.819352726141485,64.375,Alta,🟢 Abaixo viável,
SPJ0204,Especial-SPJ-apartamento-TOP-1Q,Carteira 5,SC,"Florianópolis, SC","Florianópolis, SC, Jurerê",0,367,4900.42,19,5610.79,2025-11,0.5333,0.5559,16,30,324.71,216.88,8,2025-11-03,0.87,0.0,710.3699999999999,berlinda,8,4.0,6635.46,5825.716832,6.864677059736685,13.4375,Baixa,🟢 Abaixo viável,
CTA022,Florianopolis-Praia_Brava-apartamento-SUP-3Q,Carteira 1,SC,"Florianópolis, SC","Florianópolis, SC, Praia Brava",7,1395,3973.3,28,4169.99,2025-11,0.5217,0.2808,12,30,421.83,352.91,11,2025-11-03,0.95,2952.81,196.6899999999996,berlinda,11,1.0,7855.31,5998.5446170000005,16.64605140539902,68.125,Alta,🟢 Abaixo viável,
PSO0606,Penha-Beto_Carrero-apartamento-SUP-1Q,Carteira 3,SC,"Penha, SC","Penha, SC, Praia de Armação do Itapocoroi",0,129,1536.08,12,1751.85,2025-11,0.2667,0.2595,8,30,203.5,189.86,21,2025-11-03,0.88,0.0,215.76999999999998,berlinda,21,2.0,5523.14,2599.4289019999997,11.69223740617062,41.875,Média,🟢 Abaixo viável,
NWT0922,Especial-NWT-apartamento-TOP-1Q,Carteira 5,AL,"Maceió, AL","Maceió, AL, Pajuçara",0,221,3780.75,35,4545.08,2025-11,0.5333,0.472,16,30,282.94,281.0,14,2025-11-03,0.83,0.0,764.3299999999999,berlinda,14,3.0,7714.75,5878.7522,15.751591464470003,63.74999999999999,Alta,🟢 Abaixo viável,
OAG0820,Sao_Paulo-Pinheiros-apartamento-TOP-1Q,Carteira 4_sys-price,SP,"São Paulo, SP","São Paulo, SP, Cerqueira César",2,368,4159.59,267,4387.41,2025-11,0.5,0.4901,14,30,403.79,272.46,13,2025-11-03,0.95,807.58,227.8199999999997,berlinda,13,1.0,7701.57,5930.58,14.147717491640833,55.3125,Alta,🟢 Abaixo viável,
STL401,Camboriu-Tabuleiro-apartamento-SUP-2Q,Carteira 6,SC,"Balneário Camboriú, SC","Balneário Camboriú, SC, Vila Real",21,1,2351.52,19,2411.88,2025-11,1.0,0.2678,9,30,281.89,,0,2025-11-03,0.97,5919.69,60.36000000000013,berlinda,0,0.0,,,,,Baixa,🔴 Abaixo inviável,
ILC2310,Especial-ILC-hotel-TOP-1Q,Especial,SC,"Florianópolis, SC","Florianópolis, SC, Jurerê Internacional",0,1327,10000.56,28,10075.49,2025-11,0.6,0.5987,18,30,730.94,595.17,12,2025-11-03,0.99,0.0,74.93000000000029,berlinda,12,1.0,17142.6,14285.784,4.426195460468937,6.5625,Baixa,🟢 Abaixo viável,
PGO209,Pocos_de_Caldas-Geral-apartamento-SUP-1Q,Carteira 4,MG,"Poços de Caldas, MG","Poços de Caldas, MG, São Benedito",0,808,993.25,27,1167.9,2025-11,0.2,0.2113,6,30,166.78,121.89,19,2025-11-03,0.85,0.0,174.6500000000001,berlinda,19,2.0,3309.16,1456.432,9.11383187772926,24.0625,Média,🟢 Abaixo viável,
EAB0201,Florianopolis-Ingleses_Norte-apartamento-SUP-2Q,Carteira 1,SC,"Florianópolis, SC","Florianópolis, SC, Ingleses do Rio Vermelho",0,716,3083.91,46,3271.44,2025-11,0.4,0.244,12,30,297.42,262.06,18,2025-11-03,0.94,0.0,187.5300000000002,berlinda,18,1.0,7800.99,4970.742,15.022165101606648,60.0,Alta,🟢 Abaixo viável,
LVL001,Porto_Seguro-Ajuda_Intermediario-casa-TOP-4Q,Carteira 2,BA,"Porto Seguro, BA","Porto Seguro, BA, Arraial DAjuda",3,492,4224.3,13,5197.15,2025-11,0.2222,0.3441,6,30,876.0,575.26,19,2025-11-03,0.81,2628.0,972.8499999999995,berlinda,19,2.0,15154.240000000002,6652.9326679999995,53.84121018250385,99.0625,Crítico,🟢 Abaixo viável,
AYR0202,Florianopolis-Canasvieiras_Perto-apartamento-SUP-2Q,Carteira 1,SC,"Florianópolis, SC","Florianópolis, SC, Canasvieiras",0,297,4629.74,21,5296.91,2025-11,0.6,0.4581,18,30,318.56,366.27,11,2025-11-03,0.87,0.0,667.1700000000001,berlinda,11,2.0,8658.71,7047.121999999999,23.066689437804303,87.5,Crítico,🟢 Abaixo viável,
BPM1309,Salvador-Barra-apartamento-SUP-1Q,Carteira 2,BA,"Salvador, BA","Salvador, BA, Barra",0,571,2559.66,195,2712.93,2025-11,0.5333,0.4447,16,30,235.19,219.36,14,2025-11-03,0.94,0.0,153.26999999999998,berlinda,14,1.0,5630.7,4197.445632,12.39298736052902,45.9375,Média,🟢 Abaixo viável,
ETE0304,Maceio-Ponta_Verde-apartamento-TOP-1Q,Carteira 2,AL,"Maceió, AL","Maceió, AL, Pajuçara",0,522,3894.93,115,4435.91,2025-11,0.7,0.5713,21,30,273.95,235.56,9,2025-11-03,0.88,0.0,540.98,berlinda,9,3.0,6014.969999999999,5378.958,9.57588174692453,27.500000000000004,Média,🟢 Abaixo viável,
MHF1409,Itapema-Canto_Praia-apartamento-TOP-2Q,Carteira 5,SC,"Itapema, SC","Itapema, SC, Centro",9,444,1951.5,10,2423.39,2025-11,0.381,0.2478,8,30,287.27,225.1,10,2025-11-03,0.81,2585.43,471.8899999999999,berlinda,10,3.0,4202.5,2809.131,14.610722857924916,56.875,Alta,🟢 Abaixo viável,
NWT0610,Especial-NWT-apartamento-TOP-1Q,Carteira 5,AL,"Maceió, AL","Maceió, AL, Pajuçara",0,215,4455.08,35,4545.08,2025-11,0.6333,0.472,19,30,264.26,335.2,10,2025-11-03,0.98,0.0,90.0,berlinda,10,1.0,7807.08,6577.9016,6.63750693057108,11.5625,Baixa,🟢 Abaixo viável,
VTD0606,Florianopolis-UFSC-apartamento-SUP-1Q,Carteira 4,SC,"Florianópolis, SC","Florianópolis, SC, Trindade",0,54,1772.0,37,1897.84,2025-11,0.3333,0.3378,10,30,227.7,218.95,20,2025-11-03,0.93,0.0,125.83999999999992,berlinda,20,1.0,6151.0,3231.5207,14.51790878050836,56.56250000000001,Alta,🟢 Abaixo viável,
HAI406,Salvador-Centro-apartamento-JR-1Q,Carteira 2,BA,"Salvador, BA","Salvador, BA, Centro",0,460,1690.29,27,1948.84,2025-11,0.4333,0.4428,13,30,156.62,133.6,15,2025-11-03,0.87,0.0,258.54999999999995,berlinda,15,2.0,3694.29,2558.6232,8.862266784343506,21.875,Média,🟢 Abaixo viável,
MDC0214,Gramado-Geral-apartamento-SUP-1Q,Carteira 4,RS,"Gramado, RS","Gramado, RS, Floresta",0,240,4283.54,78,4890.74,2025-11,0.6667,0.5846,20,30,277.75,356.6,10,2025-11-03,0.88,0.0,607.1999999999998,berlinda,10,2.0,7849.54,6660.992200000001,22.13647832434355,84.375,Crítico,🟢 Abaixo viável,
NWT1019,Especial-NWT-apartamento-TOP-1Q,Carteira 5,AL,"Maceió, AL","Maceió, AL, Pajuçara",0,199,4477.14,35,4545.08,2025-11,0.5,0.472,15,30,401.8,312.54,13,2025-11-03,0.99,0.0,67.9399999999996,berlinda,13,1.0,8540.16,6508.650000000001,4.671857833085419,7.187499999999999,Baixa,🟢 Abaixo viável,
PAI0303,Salvador-Barra-apartamento-JR-1Q,Carteira 2,BA,"Salvador, BA","Salvador, BA, Barra",0,345,2183.94,116,2434.58,2025-11,0.5,0.4937,15,30,167.93,138.47,15,2025-11-03,0.9,0.0,250.63999999999987,berlinda,15,2.0,4260.99,3222.465,7.127742937180124,14.374999999999998,Baixa,🟢 Abaixo viável,
VST024,Especial-VST-casa-TOP-1Q,Carteira 5,SC,"Anitápolis, SC","Anitápolis, SC, Rio dos Pinheiros",2,123,1507.12,42,1530.85,2025-11,0.25,0.1234,7,30,272.57,189.75,20,2025-11-03,0.98,545.14,23.730000000000018,berlinda,20,1.0,5302.12,2455.87,2.941351210112032,4.0625,Baixa,🟢 Abaixo viável,
ELU0211,Florianopolis-Jurere_Tradicional-apartamento-TOP-1Q,Carteira 1,SC,"Florianópolis, SC","Florianópolis, SC, Jurerê",0,74,6671.29,14,6829.73,2025-11,0.6667,0.5343,20,30,390.35,425.86,7,2025-11-03,0.98,0.0,158.4399999999996,berlinda,7,1.0,9652.31,8658.736034,9.879344922859296,30.625000000000004,Média,🟢 Abaixo viável,
IPC0901,Balneario_Camboriu-Centro-apartamento-TOP-3Q,Carteira 6,SC,"Balneário Camboriú, SC","Balneário Camboriú, SC, Centro",11,67,5238.71,40,5438.41,2025-11,0.6842,0.3927,13,30,518.77,367.67,6,2025-11-03,0.96,5706.469999999999,199.69999999999982,berlinda,6,1.0,7444.73,6748.068884,13.500949542237514,52.5,Alta,🟢 Abaixo viável,
RGP208,Florianopolis-Jurere_Tradicional-apartamento-JR-2Q,Carteira 1,SC,"Florianópolis, SC","Florianópolis, SC, Jurerê",0,1484,4540.34,19,5520.27,2025-11,0.5,0.4331,15,30,362.8,246.21,14,2025-11-03,0.82,0.0,979.9300000000003,berlinda,14,4.0,7987.280000000001,6263.81,10.92648390839579,37.5,Média,🟢 Abaixo viável,
VST016,Especial-VST-casa-TOP-1Q,Carteira 5,SC,"Anitápolis, SC","Anitápolis, SC, Rio dos pinheiros",2,123,1372.83,42,1530.85,2025-11,0.1786,0.1234,5,30,333.4,182.59,22,2025-11-03,0.9,666.8,158.01999999999998,berlinda,22,1.0,5389.8099999999995,2090.262628,18.84761524643172,76.5625,Alta,🟢 Abaixo viável,
EMF1003,Balneario_Camboriu-Intermediario-apartamento-SUP-2Q,Carteira 6,SC,"Balneário Camboriú, SC","Balneário Camboriú, SC, Centro",0,698,2579.55,55,2596.14,2025-11,0.5,0.2766,15,30,219.13,247.07,15,2025-11-03,0.99,0.0,16.58999999999969,berlinda,15,1.0,6285.6,4432.575,1.5788406249277482,0.3125,Baixa,🟢 Abaixo viável,
MHFB1307,Itapema-Canto_Praia-apartamento-SUP-1Q,Carteira 5,SC,"Itapema, SC","Itapema, SC, Centro",0,425,2168.86,9,2579.11,2025-11,0.4,0.2266,12,30,240.25,205.5,16,2025-11-03,0.84,0.0,410.25,berlinda,16,2.0,5456.860000000001,3484.0600000000004,16.344082842530952,65.9375,Alta,🟢 Abaixo viável,
VFR505,Bombinhas-Bombas-apartamento-TOP-1Q,Especial,SC,"Bombinhas, SC","Bombinhas, SC, Bombas",8,754,2143.22,74,2670.76,2025-11,0.4091,0.3424,9,30,251.73,199.3,10,2025-11-03,0.8,2013.84,527.5400000000004,berlinda,10,3.0,4136.219999999999,2958.5562999999997,13.122197676566476,51.24999999999999,Alta,🟢 Abaixo viável,
CUR0905,Florianopolis-Itacorubi-apartamento-SUP-1Q,Carteira 4,SC,"Florianópolis, SC","Florianópolis, SC, Itacorubi",4,94,2363.15,11,2504.66,2025-11,0.5,0.3919,13,30,245.69,291.0,12,2025-11-03,0.94,982.76,141.50999999999976,berlinda,12,1.0,5855.15,4109.15,16.44111775650185,67.5,Alta,🟢 Abaixo viável,
ENL0004,Porto_Seguro-Pataxos-apartamento-JR-1Q,Carteira 2,BA,"Porto Seguro, BA","Porto Seguro, BA, Village 01",0,5,1832.71,34,2174.24,2025-11,0.5,0.3913,15,30,156.33,153.85,13,2025-11-03,0.84,0.0,341.52999999999975,berlinda,13,3.0,3832.76,2832.735,8.05559498184806,17.8125,Baixa,🟢 Abaixo viável,
ILC3315,Especial-ILC-hotel-TOP-1Q,Especial,SC,"Florianópolis, SC","Florianópolis, SC, Jurerê Internacional",0,1244,9162.51,28,10075.49,2025-11,0.5333,0.5987,16,30,820.63,526.08,13,2025-11-03,0.91,0.0,912.9799999999996,berlinda,13,2.0,16001.550000000001,12809.770032,23.83509478943455,88.125,Crítico,🟢 Abaixo viável,
NWT0612,Especial-NWT-apartamento-TOP-1Q,Carteira 5,AL,"Maceió, AL","Maceió, AL, Pajuçara",0,215,4444.24,35,4545.08,2025-11,0.6,0.472,18,30,295.44,270.08,12,2025-11-03,0.98,0.0,100.84000000000015,berlinda,12,1.0,7685.2,6388.816,5.992164538357969,10.0,Baixa,🟢 Abaixo viável,
NWT1104,Especial-NWT-apartamento-TOP-1Q,Carteira 5,AL,"Maceió, AL","Maceió, AL, Pajuçara",0,10,3831.44,35,4545.08,2025-11,0.5333,0.472,16,30,318.5,285.0,14,2025-11-03,0.84,0.0,713.6399999999999,berlinda,14,3.0,7821.4400000000005,5959.307,14.91630510354053,59.06249999999999,Alta,🟢 Abaixo viável,
PKS0115,Guara-Geral-apartamento-SUP-1Q,Carteira 1,DF,"Brasília, DF","Brasília, DF, Asa Norte",0,212,2065.49,31,2143.1,2025-11,0.4667,0.4504,14,30,182.21,219.56,16,2025-11-03,0.96,0.0,77.61000000000013,berlinda,16,1.0,5578.45,3704.988432,7.951122952732037,16.25,Baixa,🟢 Abaixo viável,
RTBB1361,Florianopolis-Canasvieiras_Meio-apartamento-SIM-1Q,Carteira 1,SC,"Florianópolis, SC","Florianópolis, SC, Canasvieiras",0,738,1513.76,30,1537.74,2025-11,0.3667,0.3118,11,30,153.91,151.84,19,2025-11-03,0.98,0.0,23.980000000000018,berlinda,19,1.0,4398.72,2571.674832,2.3678405972401073,2.8125,Baixa,🟢 Abaixo viável,
TCO0210,Porto_Alegre-Centro_Historico-apartamento-SUP-1Q,Carteira 4,RS,"Porto Alegre, RS","Porto Alegre, RS, Centro Histórico",0,269,1040.7,65,1297.34,2025-11,0.2,0.2842,6,30,128.78,129.05,21,2025-11-03,0.8,0.0,256.6399999999999,berlinda,21,2.0,3750.75,1582.71,12.76434550696039,49.0625,Média,🟢 Abaixo viável,
ILC3313,Especial-ILC-hotel-JR-1Q,Especial,SC,"Florianópolis, SC","Florianópolis, SC, Jurerê Internacional",0,1615,7333.26,16,7488.19,2025-11,0.4667,0.4706,14,30,640.5,541.07,14,2025-11-03,0.98,0.0,154.92999999999938,berlinda,14,1.0,14908.240000000002,10868.503166,11.194691253827651,38.75,Média,🟢 Abaixo viável,
NOR0101,Brasilia-Asa_Norte-apartamento-JR-2Q,Carteira 1_sys-price,DF,"Brasília, DF","Brasília, DF, Asa Norte",0,767,3002.78,14,3681.8,2025-11,0.4333,0.561,13,30,255.85,286.41,17,2025-11-03,0.82,0.0,679.02,berlinda,17,3.0,7871.75,5112.504701,17.607159378564827,73.125,Alta,🟢 Abaixo viável,
ILH0001,Florianopolis-Canasvieiras_Perto-apartamento-JR-1Q,Carteira 1,SC,"Florianópolis, SC","Florianópolis, SC, Canasvieiras",1,1,1775.29,42,1971.66,2025-11,0.3793,0.3351,11,30,190.45,198.38,16,2025-11-03,0.9,190.45,196.37000000000012,berlinda,16,1.0,4949.37,2979.2185440000003,19.75790988304273,79.6875,Alta,🟢 Abaixo viável,
NWT0907,Especial-NWT-apartamento-TOP-1Q,Carteira 5,AL,"Maceió, AL","Maceió, AL, Pajuçara",0,221,4413.89,35,4545.08,2025-11,0.6333,0.472,19,30,273.21,361.0,11,2025-11-03,0.97,0.0,131.1899999999996,berlinda,11,1.0,8384.89,6928.7243,10.41996840539657,35.3125,Média,🟢 Abaixo viável,
NWT1324,Especial-NWT-apartamento-TOP-1Q,Carteira 5,AL,"Maceió, AL","Maceió, AL, Pajuçara",0,228,4330.04,35,4545.08,2025-11,0.4333,0.472,13,30,534.69,453.0,15,2025-11-03,0.95,0.0,215.03999999999996,berlinda,15,1.0,11125.04,7274.3135,21.432652450561925,83.125,Crítico,🟢 Abaixo viável,
THK1902,Sao_Paulo-Republica-apartamento-SUP-1Q,Carteira 4,SP,"São Paulo, SP","São Paulo, SP, República",0,297,1883.45,443,2284.22,2025-11,0.4333,0.4426,13,30,167.23,153.0,17,2025-11-03,0.82,0.0,400.76999999999975,berlinda,17,3.0,4484.45,3010.4633000000003,8.948030399873913,22.5,Média,🟢 Abaixo viável,
BSO0205,Itajai-Praia_Brava-apartamento-SUP-1Q,Carteira 6,SC,"Balneário Camboriú, SC","Balneário Camboriú, SC, Praia dos Amores",0,198,2060.15,50,2244.64,2025-11,0.4333,0.3503,13,30,190.23,162.18,17,2025-11-03,0.92,0.0,184.48999999999978,berlinda,17,2.0,4817.21,3254.784098,6.6648968654216185,12.1875,Baixa,🟢 Abaixo viável,
NWT0916,Especial-NWT-apartamento-TOP-1Q,Carteira 5,AL,"Maceió, AL","Maceió, AL, Pajuçara",0,221,4040.84,35,4545.08,2025-11,0.5333,0.472,16,30,302.44,272.54,13,2025-11-03,0.89,0.0,504.2399999999998,berlinda,13,2.0,7583.860000000001,5930.332566,15.11805838401084,61.25000000000001,Alta,🟢 Abaixo viável,
PSOB1007,Penha-Beto_Carrero-apartamento-SUP-1Q,Carteira 3,SC,"Penha, SC","Penha, SC, Praia de Armação do Itapocoroi",0,129,1585.49,12,1751.85,2025-11,0.2667,0.2595,8,30,218.63,195.3,20,2025-11-03,0.91,0.0,166.3599999999999,berlinda,20,1.0,5491.49,2627.2201999999997,18.54617004880554,75.9375,Alta,🟢 Abaixo viável,
SPJ0405,Especial-SPJ-apartamento-TOP-1Q,Carteira 5,SC,"Florianópolis, SC","Florianópolis, SC, Jurerê",2,335,4773.99,19,5610.79,2025-11,0.6429,0.5559,18,30,324.33,282.8,10,2025-11-03,0.85,648.66,836.8000000000002,berlinda,10,3.0,7601.99,6592.111199999999,14.059044567104934,54.6875,Alta,🟢 Abaixo viável,
VLRY705,Florianopolis-Centrao-apartamento-SUP-1Q,Carteira 4,SC,"Florianópolis, SC","Florianópolis, SC, Centro",0,275,2136.24,114,2659.14,2025-11,0.4,0.3255,12,30,207.33,189.56,18,2025-11-03,0.8,0.0,522.9000000000001,berlinda,18,3.0,5548.32,3501.072,12.42518558631738,46.5625,Média,🟢 Abaixo viável,
EAC404,Balneario_Camboriu-Centro-apartamento-JR-2Q,Carteira 6,SC,"Balneário Camboriú, SC","Balneário Camboriú, SC, Centro",0,733,2242.33,38,2659.86,2025-11,0.4,0.3074,12,30,227.17,174.47,15,2025-11-03,0.84,0.0,417.5300000000002,berlinda,15,3.0,4859.38,3289.1499999999996,9.12910943934393,24.375,Média,🟢 Abaixo viável,
OPT504,Florianopolis-Estreito-apartamento-JR-1Q,Carteira 4,SC,"Florianópolis, SC","Florianópolis, SC, Capoeiras",9,513,774.05,9,869.11,2025-11,0.3333,0.2175,7,30,135.86,,0,2025-11-03,0.89,1222.7400000000002,95.06000000000006,berlinda,0,0.0,,,,,Baixa,🔴 Abaixo inviável,
VNV0801,Itapema-Praia_Centro-apartamento-SUP-2Q,Carteira 6,SC,"Itapema, SC","Itapema, SC, Tabuleiro dos Oliveiras",0,60,2095.63,14,2452.59,2025-11,0.4333,0.2941,13,30,179.38,164.5,16,2025-11-03,0.85,0.0,356.96000000000004,berlinda,16,3.0,4727.63,3236.0756,7.980668055674478,17.1875,Baixa,🟢 Abaixo viável,
HYP0202,Florianopolis-Canasvieiras_Meio-apartamento-JR-1Q,Carteira 1,SC,"Florianópolis, SC","Florianópolis, SC, Canasvieiras",0,40,1859.91,27,2104.57,2025-11,0.4,0.44,12,30,550.0,171.53,15,2025-11-03,0.88,0.0,244.66000000000008,berlinda,15,2.0,4432.86,2889.09,9.970333559824574,31.874999999999996,Média,🟢 Abaixo viável,
MMD0403,Ilheus-Sul-apartamento-TOP-2Q,Carteira 2,BA,"Ilhéus, BA","Ilhéus, BA, São Francisco",1,187,1606.42,15,1946.5,2025-11,0.3103,0.2588,9,30,217.78,220.41,17,2025-11-03,0.83,217.78,340.0799999999999,berlinda,17,2.0,5353.389999999999,2769.1047909999998,19.254311019779085,78.4375,Alta,🟢 Abaixo viável,
SYH334,Joao_Pessoa-Cabo_Branco-apartamento-TOP-1Q,Carteira 2,PB,"João Pessoa, PB","João Pessoa, PB, Cabo Branco",0,303,4103.3,27,4871.78,2025-11,0.5667,0.5483,17,30,283.12,253.08,13,2025-11-03,0.84,0.0,768.4799999999996,berlinda,13,4.0,7393.34,5967.765668,9.98028022611858,32.1875,Média,🟢 Abaixo viável,
NWT0904,Especial-NWT-apartamento-TOP-1Q,Carteira 5,AL,"Maceió, AL","Maceió, AL, Pajuçara",0,221,4327.54,35,4545.08,2025-11,0.6333,0.472,19,30,285.37,312.27,11,2025-11-03,0.95,0.0,217.53999999999996,berlinda,11,1.0,7762.51,6502.9065009999995,14.946099034560449,59.68750000000001,Alta,🟢 Abaixo viável,
NWT1013,Especial-NWT-apartamento-TOP-1Q,Carteira 5,AL,"Maceió, AL","Maceió, AL, Pajuçara",9,185,3652.48,35,4545.08,2025-11,0.7143,0.472,15,30,302.13,284.8,5,2025-11-03,0.8,2719.17,892.5999999999999,berlinda,5,4.0,5076.48,4669.6432,13.982838585899472,54.0625,Alta,🟢 Abaixo viável,
REH0203,Florianopolis-Barra_da_Lagoa-apartamento-SUP-2Q,Carteira 1,SC,"Florianópolis, SC","Florianópolis, SC, Barra da Lagoa",7,66,2770.34,38,3123.32,2025-11,0.5217,0.4284,12,30,299.75,244.36,11,2025-11-03,0.89,2098.25,352.98,berlinda,11,2.0,5458.3,4172.648732000001,13.808094079377073,53.125,Alta,🟢 Abaixo viável,
STG2085,Imbituba-Praia_do_Rosa-casa-SUP-5Q,Carteira 6,SC,"Garopaba, SC","Garopaba, SC, Grama",6,1200,3694.32,11,3911.7,2025-11,0.125,0.2035,3,30,1350.0,505.05,21,2025-11-03,0.94,8100.0,217.37999999999965,berlinda,21,1.0,14300.37,5020.07625,28.066510468594174,91.875,Crítico,🟢 Abaixo viável,
PRY0010,Porto_Seguro-Pataxos-apartamento-SUP-2Q,Carteira 2,BA,"Porto Seguro, BA","Porto Seguro, BA, Paraiso dos Pataxós",0,30,2566.78,27,2773.76,2025-11,0.4667,0.3147,14,30,230.14,210.69,16,2025-11-03,0.93,0.0,206.98000000000002,berlinda,16,1.0,5937.82,4140.044368000001,15.721841904130132,63.4375,Alta,🟢 Abaixo viável,
RPP0678,Penha-Longe-casa-JR-3Q,Carteira 6,SC,"Penha, SC","Penha, SC, Centro",0,283,2723.39,24,2801.99,2025-11,0.5,0.3789,15,30,198.07,165.42,12,2025-11-03,0.97,0.0,78.59999999999991,berlinda,12,1.0,4708.43,3715.91,4.640277802561746,6.875000000000001,Baixa,🟢 Abaixo viável,
ROI009,Imbituba-Praia_do_Rosa-casa-MASTER-3Q,Carteira 6,SC,"Garopaba, SC","Garopaba, SC, Ouvidor",4,400,7446.06,9,7822.5,2025-11,0.3462,0.3577,9,30,1103.56,1000.0,16,2025-11-03,0.95,4414.24,376.4399999999996,berlinda,16,1.0,23446.06,12985.26,48.122722914669176,98.4375,Crítico,🟢 Abaixo viável,
RVP0502,Joao_Pessoa-Aeroclube-apartamento-JR-2Q,Carteira 2,PB,"João Pessoa, PB","João Pessoa, PB, Aeroclube",0,254,2097.15,7,2363.54,2025-11,0.5,0.4581,15,30,208.07,141.5,12,2025-11-03,0.89,0.0,266.3899999999999,berlinda,12,2.0,3795.15,2946.15,7.974095001565444,16.875,Baixa,🟢 Abaixo viável,
VLT0107,Salvador-Graca-apartamento-SUP-1Q,Especial,BA,"Salvador, BA","Salvador, BA, Vitória",2,52,2197.68,36,2379.95,2025-11,0.5,0.3983,14,30,181.43,174.77,13,2025-11-03,0.92,362.86,182.26999999999998,berlinda,13,2.0,4469.6900000000005,3333.685,6.692436374713757,12.5,Baixa,🟢 Abaixo viável,
RFL203,Florianopolis-Jurere_Longe-apartamento-JR-2Q,Carteira 1,SC,"Florianópolis, SC","Florianópolis, SC, Jurerê",0,1011,2811.28,16,3417.68,2025-11,0.4667,0.3152,14,30,255.07,214.0,15,2025-11-03,0.82,0.0,606.3999999999996,berlinda,15,3.0,6021.280000000001,4309.387000000001,12.656694989973701,47.5,Média,🟢 Abaixo viável,
IFT1005,Itapema-Meia_Praia-Norte-apartamento-TOP-1Q,Carteira 6,SC,"Itapema, SC","Itapema, SC, Meia Praia",0,198,2252.0,24,2714.64,2025-11,0.4,0.2925,12,30,247.0,219.78,18,2025-11-03,0.83,0.0,462.6399999999999,berlinda,18,3.0,6208.04,3834.416,12.485267438776408,46.875,Média,🟢 Abaixo viável,
JBM302,Florianopolis-Jurere_Tradicional-apartamento-SUP-1Q,Carteira 1,SC,"Florianópolis, SC","Florianópolis, SC, Jurerê",0,1971,6525.59,15,6963.2,2025-11,0.7333,0.5474,22,30,378.32,362.29,7,2025-11-03,0.94,0.0,437.6099999999997,berlinda,7,2.0,9061.62,8385.260799,11.38425773351332,40.3125,Média,🟢 Abaixo viável,
OGD0704,Florianopolis-Beira_Mar-apartamento-MASTER-1Q,Carteira 4,SC,"Florianópolis, SC","Florianópolis, SC, Centro",0,71,4340.92,26,4986.45,2025-11,0.5,0.3621,15,30,348.2,283.75,12,2025-11-03,0.87,0.0,645.5299999999997,berlinda,12,3.0,7745.92,6043.42,12.244458315367973,45.3125,Média,🟢 Abaixo viável,
PSOA1007,Penha-Beto_Carrero-apartamento-SUP-1Q,Carteira 3,SC,"Penha, SC","Penha, SC, Armação",0,129,1404.5,12,1751.85,2025-11,0.2667,0.2595,8,30,199.5,197.68,19,2025-11-03,0.8,0.0,347.3499999999999,berlinda,19,2.0,5160.42,2406.203864,19.59761052601535,79.375,Alta,🟢 Abaixo viável,
RHI206,Florianopolis-Canasvieiras_Meio-apartamento-SUP-1Q,Carteira 1,SC,"Florianópolis, SC","Florianópolis, SC, Canasvieiras",1,778,2768.3,34,3015.73,2025-11,0.6552,0.5251,19,30,302.68,232.3,10,2025-11-03,0.92,302.68,247.42999999999984,berlinda,10,2.0,5091.3,4290.3296,9.529697453021319,26.875,Média,🟢 Abaixo viável,
VDM303,Florianopolis-Canajure-apartamento-SUP-1Q,Carteira 1,SC,"Florianópolis, SC","Florianópolis, SC, Canasvieiras",0,202,2490.6,29,2919.75,2025-11,0.4667,0.4078,14,30,225.86,286.15,13,2025-11-03,0.85,0.0,429.1500000000001,berlinda,13,2.0,6210.549999999999,4226.700665,21.0294156177755,81.5625,Crítico,🟢 Abaixo viável,
CZZ0406,Urubici-Geral-apartamento-SUP-1Q,Especial,SC,"Urubici, SC","Urubici, SC, Centro",0,130,1407.88,49,1538.22,2025-11,0.1667,0.1338,5,30,320.0,209.32,22,2025-11-03,0.92,0.0,130.33999999999992,berlinda,22,1.0,6012.92,2175.540168,17.7365843637451,74.0625,Alta,🟢 Abaixo viável,
ILH106,Florianopolis-Canasvieiras_Perto-apartamento-TOP-3Q,Carteira 1,SC,"Florianópolis, SC","Florianópolis, SC, Canasvieiras",7,799,6824.69,12,7625.41,2025-11,0.7391,0.4551,17,30,579.65,426.0,3,2025-11-03,0.89,4057.5499999999997,800.7200000000003,berlinda,3,2.0,8102.69,7769.2598,22.366451115415437,85.9375,Crítico,🟢 Abaixo viável,
PRM007,Santa_Cruz_Cabralia-Coroa_Vermelha-apartamento-SUP-2Q,Carteira 2,BA,"Santa Cruz Cabrália, BA","Santa Cruz Cabrália, BA, Coroa Vermelha",0,558,2140.39,34,2500.7,2025-11,0.3333,0.2968,10,30,246.1,198.82,17,2025-11-03,0.86,0.0,360.30999999999995,berlinda,17,2.0,5520.33,3266.9240019999997,14.323356300235933,55.625,Alta,🟢 Abaixo viável,
VIN202,Florianopolis-Ingleses_Norte-apartamento-SUP-3Q,Carteira 1,SC,"Florianópolis, SC","Florianópolis, SC, Ingleses do Rio Vermelho",6,1591,3071.51,13,3119.27,2025-11,0.5,0.1887,12,30,412.0,267.0,5,2025-11-03,0.98,2472.0,47.75999999999976,berlinda,5,1.0,4406.51,3739.01,4.088110359154526,6.25,Baixa,🟢 Abaixo viável,
ILC3208,Especial-ILC-hotel-TOP-1Q,Especial,SC,"Florianópolis, SC","Florianópolis, SC, Jurerê Internacional",0,1458,9686.96,28,10075.49,2025-11,0.5333,0.5987,16,30,757.63,703.67,12,2025-11-03,0.96,0.0,388.53000000000065,berlinda,12,1.0,18131.0,14190.166532,27.134849530891348,91.5625,Crítico,🟢 Abaixo viável,
NWT0803,Especial-NWT-apartamento-TOP-1Q,Carteira 5,AL,"Maceió, AL","Maceió, AL, Pajuçara",0,325,4282.24,35,4545.08,2025-11,0.5667,0.472,17,30,294.0,284.62,13,2025-11-03,0.94,0.0,262.84000000000015,berlinda,13,1.0,7982.299999999999,6379.064001999999,16.45945083474879,67.8125,Alta,🟢 Abaixo viável,
RFM0021,Santa_Cruz_Cabralia-Coroa_Vermelha-apartamento-SUP-2Q,Carteira 2,BA,"Santa Cruz Cabrália, BA","Santa Cruz Cabrália, BA, Coroa Vermelha",0,437,2012.04,34,2500.7,2025-11,0.4,0.2968,12,30,218.5,200.47,15,2025-11-03,0.8,0.0,488.65999999999985,berlinda,15,3.0,5019.09,3214.8599999999997,13.057899814718542,50.625,Alta,🟢 Abaixo viável,
SMA0407,Salvador-Pituba_Praia-apartamento-SUP-1Q,Carteira 5,BA,"Salvador, BA","Salvador, BA, Amaralina",1,24,1553.6,14,1573.3,2025-11,0.4138,0.3311,12,30,173.17,175.19,16,2025-11-03,0.99,173.17,19.700000000000045,berlinda,16,1.0,4356.639999999999,2713.4979519999997,2.1936331278205095,2.1875,Baixa,🟢 Abaixo viável,
CNB008,Especial-CNB-casa-TOP-1Q,Especial,SP,"Campos do Jordão, SP","Campos do Jordão, SP, Jardim Europa",0,591,3166.47,14,3701.03,2025-11,0.2333,0.3298,7,30,635.78,569.8,20,2025-11-03,0.86,0.0,534.5600000000004,berlinda,20,1.0,14562.47,5825.1568,82.29932964607156,100.0,Crítico,🟢 Abaixo viável,
GDI268,Florianopolis-Canasvieiras_Perto-apartamento-JR-1Q,Carteira 1,SC,"Florianópolis, SC","Florianópolis, SC, Canasvieiras",0,808,1721.88,42,1971.66,2025-11,0.3,0.3351,9,30,223.0,163.94,18,2025-11-03,0.87,0.0,249.77999999999997,berlinda,18,2.0,4672.8,2607.156,10.38437996409117,34.0625,Média,🟢 Abaixo viável,
RPR056,Penha-Praia-casa-JR-3Q,Carteira 6,SC,"Penha, SC","Penha, SC, penha",0,640,2122.43,23,2180.08,2025-11,0.3333,0.308,10,30,251.6,197.76,17,2025-11-03,0.97,0.0,57.65000000000009,berlinda,17,1.0,5484.35,3242.957936,5.22956221790027,8.4375,Baixa,🟢 Abaixo viável,
VEC121,Bombinhas-Centro-apartamento-SUP-1Q,Carteira 6,SC,"Bombinhas, SC","Bombinhas, SC, Centro",0,1040,2560.12,32,2844.7,2025-11,0.5333,0.4531,16,30,181.0,191.43,14,2025-11-03,0.9,0.0,284.5799999999999,berlinda,14,2.0,5240.139999999999,3989.3746659999997,9.575201145990786,27.187499999999996,Média,🟢 Abaixo viável,
CRR201,Florianopolis-Ribeirao-apartamento-SUP-2Q,Carteira 4,SC,"Florianópolis, SC","Florianópolis, SC, Ribeirão da Ilha",7,859,1578.49,32,1923.63,2025-11,0.3913,0.3032,9,30,204.44,205.86,14,2025-11-03,0.82,1431.08,345.1400000000001,berlinda,14,2.0,4460.53,2706.232252,18.46782395782973,75.625,Alta,🟢 Abaixo viável,
ECH504,Florianopolis-Centrao-apartamento-TOP-1Q,Carteira 4,SC,"Florianópolis, SC","Florianópolis, SC, Centro",0,584,2614.08,24,3174.01,2025-11,0.3333,0.2825,10,30,329.8,268.42,19,2025-11-03,0.82,0.0,559.9300000000003,berlinda,19,3.0,7714.06,4313.9033340000005,15.784072366921766,64.0625,Alta,🟢 Abaixo viável,
JFM0101,Florianopolis-Beira_Mar-apartamento-JR-2Q,Carteira 4,SC,"Florianópolis, SC","Florianópolis, SC, Centro",0,117,2670.19,26,2690.25,2025-11,0.4,0.3516,12,30,274.92,247.06,16,2025-11-03,0.99,0.0,20.059999999999945,berlinda,16,1.0,6623.15,4251.374,1.842216745655603,1.25,Baixa,🟢 Abaixo viável,
NWT1421,Especial-NWT-apartamento-TOP-1Q,Carteira 5,AL,"Maceió, AL","Maceió, AL, Pajuçara",0,352,4470.72,35,4545.08,2025-11,0.5667,0.472,17,30,331.47,307.77,13,2025-11-03,0.98,0.0,74.35999999999967,berlinda,13,1.0,8471.73,6738.092367,5.035285891557442,7.8125,Baixa,🟢 Abaixo viável,
VHB1104,Balneario_Picarras-Geral-apartamento-TOP-2Q,Carteira 6,SC,"Balneário Piçarras, SC","Balneário Piçarras, SC, Itacolomi",6,562,1808.42,32,2108.3,2025-11,0.4167,0.2801,10,30,209.8,182.69,13,2025-11-03,0.86,1258.8000000000002,299.8800000000001,berlinda,13,2.0,4183.389999999999,2798.0699990000003,12.992713845278185,50.31250000000001,Alta,🟢 Abaixo viável,
DNAG1702,Goiania-Central-apartamento-TOP-1Q,Carteira 1_sys-price,GO,"Goiânia, GO","Goiânia, GO, Setor Bueno",0,107,1127.53,45,1306.17,2025-11,0.2667,0.2068,8,30,173.25,192.43,21,2025-11-03,0.86,0.0,178.6400000000001,berlinda,21,1.0,5168.56,2205.272701,26.317933500233522,90.9375,Crítico,🟢 Abaixo viável,
EUB1602,Salvador-Barra-apartamento-SUP-1Q,Carteira 2,BA,"Salvador, BA","Salvador, BA, Barra",0,285,2473.51,195,2712.93,2025-11,0.5333,0.4447,16,30,188.81,261.0,14,2025-11-03,0.91,0.0,239.41999999999962,berlinda,14,1.0,6127.51,4422.1882000000005,23.033627848857105,87.1875,Crítico,🟢 Abaixo viável,
JRR303,Florianopolis-Jurere_Tradicional-apartamento-TOP-2Q,Carteira 1,SC,"Florianópolis, SC","Florianópolis, SC, Jurerê",0,1431,7585.22,20,9043.7,2025-11,0.6333,0.4401,19,30,562.89,649.64,11,2025-11-03,0.84,0.0,1458.4800000000005,berlinda,11,3.0,14731.26,12110.807132,34.922540818470324,95.9375,Crítico,🟢 Abaixo viável,
NWT0404,Especial-NWT-apartamento-TOP-1Q,Carteira 5,AL,"Maceió, AL","Maceió, AL, Pajuçara",0,93,4377.45,35,4545.08,2025-11,0.5333,0.472,16,30,329.62,292.73,11,2025-11-03,0.96,0.0,167.6300000000001,berlinda,11,1.0,7597.48,6094.691999,10.796362198245141,35.9375,Média,🟢 Abaixo viável,
TCO0409,Porto_Alegre-Centro_Historico-apartamento-SUP-1Q,Carteira 4,RS,"Porto Alegre, RS","Porto Alegre, RS, Centro Histórico",0,487,1232.39,65,1297.34,2025-11,0.3667,0.2842,11,30,120.91,123.84,19,2025-11-03,0.95,0.0,64.94999999999982,berlinda,19,1.0,3585.3500000000004,2095.220432,6.1999229192038925,10.3125,Baixa,🟢 Abaixo viável,
CNB001,Especial-CNB-casa-TOP-1Q,Especial,SP,"Campos do Jordão, SP","Campos do Jordão, SP, Jardim Europa",0,598,3475.96,14,3701.03,2025-11,0.2333,0.3298,7,30,614.22,569.85,20,2025-11-03,0.94,0.0,225.07000000000016,berlinda,20,1.0,14872.96,6134.8801,34.65417451358138,95.625,Crítico,🟢 Abaixo viável,
MHFA0803,Itapema-Canto_Praia-apartamento-SUP-1Q,Carteira 5,SC,"Itapema, SC","Itapema, SC, Centro",0,17,2198.47,9,2579.11,2025-11,0.4667,0.2266,14,30,183.71,186.4,15,2025-11-03,0.85,0.0,380.6400000000003,berlinda,15,3.0,4994.469999999999,3503.3632,9.16999740220464,24.6875,Média,🟢 Abaixo viável,
SPJ0401,Especial-SPJ-apartamento-TOP-1Q,Carteira 5,SC,"Florianópolis, SC","Florianópolis, SC, Jurerê",0,384,5531.38,19,5610.79,2025-11,0.7,0.5559,21,30,331.24,258.22,9,2025-11-03,0.99,0.0,79.40999999999985,berlinda,9,1.0,7855.360000000001,7158.166,3.654610170760261,5.0,Baixa,🟢 Abaixo viável,
JPR211,Especial-JPR-apartamento-TOP-1Q,Carteira 1,SC,"Florianópolis, SC","Florianópolis, SC, Jurerê",0,992,5736.28,12,6580.31,2025-11,0.5333,0.5296,16,30,419.63,359.62,13,2025-11-03,0.87,0.0,844.0300000000007,berlinda,13,3.0,10411.34,8229.489497999999,15.375672199840647,62.5,Alta,🟢 Abaixo viável,
MRV0001,Imbituba-Praia_do_Rosa-casa-SUP-3Q,Carteira 6,SC,"Imbituba, SC","Imbituba, SC, Praia do Rosa",7,407,3482.73,19,3617.25,2025-11,0.4783,0.2508,11,30,389.09,232.75,12,2025-11-03,0.96,2723.6299999999997,134.51999999999998,berlinda,12,1.0,6275.73,4818.6219,8.655616835994191,21.25,Média,🟢 Abaixo viável,
MTR1703,Porto_Belo-Geral-apartamento-TOP-3Q,Carteira 6,SC,"Porto Belo, SC","Porto Belo, SC, Perequê",0,227,3138.12,11,3557.72,2025-11,0.4333,0.2217,13,30,319.85,264.29,17,2025-11-03,0.88,0.0,419.5999999999999,berlinda,17,2.0,7631.05,5084.906569000001,15.585274276784007,63.125,Alta,🟢 Abaixo viável,
RAA0301,Itapema-Meia_Praia-Norte-apartamento-SUP-3Q,Carteira 6,SC,"Itapema, SC","Itapema, SC, Meia Praia",4,75,2306.85,35,2802.96,2025-11,0.3846,0.2707,10,30,263.7,276.15,13,2025-11-03,0.82,1054.8,496.1100000000001,berlinda,13,2.0,5896.799999999999,3687.5447699999995,24.438589294888267,89.375,Crítico,🟢 Abaixo viável,
RCX1807,Itajai-Praia_Brava-apartamento-MASTER-2Q,Carteira 6,SC,"Itajaí, SC","Itajaí, SC, Praia Brava",0,261,5325.72,12,5430.95,2025-11,0.6,0.3801,18,30,353.89,381.82,11,2025-11-03,0.98,0.0,105.22999999999956,berlinda,11,1.0,9525.74,7845.732,7.39813818945117,14.6875,Baixa,🟢 Abaixo viável,
TSF1302,Balneario_Camboriu-Sul-apartamento-SUP-3Q,Carteira 6,SC,"Balneário Camboriú, SC","Balneário Camboriú, SC, Centro",5,345,3300.94,71,3587.4,2025-11,0.48,0.3395,12,30,328.17,313.36,11,2025-11-03,0.92,1640.8500000000001,286.46000000000004,berlinda,11,1.0,6747.9,4955.480799999999,25.02232970953894,89.6875,Crítico,🟢 Abaixo viável,
ALT0402,Gramado-Geral-apartamento-TOP-3Q,Carteira 4,RS,"Gramado, RS","Gramado, RS, Tres Pinheiros",6,142,7657.54,16,7747.54,2025-11,0.9167,0.5342,22,30,482.18,561.0,2,2025-11-03,0.99,2893.08,90.0,berlinda,2,1.0,8779.54,8686.0774,6.516907302188829,10.625,Baixa,🟢 Abaixo viável,
TCO0611,Porto_Alegre-Centro_Historico-apartamento-SUP-1Q,Carteira 4,RS,"Porto Alegre, RS","Porto Alegre, RS, Centro Histórico",0,491,1041.8,65,1297.34,2025-11,0.3667,0.2842,11,30,127.27,128.84,19,2025-11-03,0.8,0.0,255.53999999999996,berlinda,19,2.0,3489.76,1939.466932,12.688953396950682,48.125,Média,🟢 Abaixo viável,
EUB0902,Salvador-Barra-apartamento-SUP-1Q,Carteira 2,BA,"Salvador, BA","Salvador, BA, Barra",0,326,2483.94,195,2712.93,2025-11,0.5333,0.4447,16,30,195.44,264.57,14,2025-11-03,0.92,0.0,228.98999999999978,berlinda,14,1.0,6187.92,4459.272534,22.33153243909719,85.625,Crítico,🟢 Abaixo viável,
JBV108,Especial-JBV-hotel-TOP-1Q,Especial,SC,"Florianópolis, SC","Florianópolis, SC, Jurerê",0,1704,8564.33,32,9873.54,2025-11,0.5667,0.5651,17,30,651.12,503.73,11,2025-11-03,0.87,0.0,1309.210000000001,berlinda,11,3.0,14105.36,11704.431701,22.264502002321372,85.3125,Crítico,🟢 Abaixo viável,
NWT0915,Especial-NWT-apartamento-TOP-1Q,Carteira 5,AL,"Maceió, AL","Maceió, AL, Pajuçara",0,221,3854.51,35,4545.08,2025-11,0.5,0.472,15,30,296.87,264.77,13,2025-11-03,0.85,0.0,690.5699999999997,berlinda,13,3.0,7296.52,5575.515,13.40953433162892,51.87500000000001,Alta,🟢 Abaixo viável,
RVN2003,Itapema-Praia_Centro-apartamento-SUP-2Q,Carteira 6,SC,"Itapema, SC","Itapema, SC, Tabuleiro dos Oliveiras",0,331,2320.27,14,2452.59,2025-11,0.6,0.2941,18,30,164.33,165.33,12,2025-11-03,0.95,0.0,132.32000000000016,berlinda,12,1.0,4304.23,3510.6459999999997,8.919740193020449,22.1875,Média,🟢 Abaixo viável,
SPJ0503,Especial-SPJ-apartamento-TOP-1Q,Carteira 5,SC,"Florianópolis, SC","Florianópolis, SC, Jurerê",0,382,4836.45,19,5610.79,2025-11,0.6667,0.5559,20,30,314.29,204.83,6,2025-11-03,0.86,0.0,774.3400000000001,berlinda,6,4.0,6065.43,5655.810966,7.067100274649385,14.0625,Baixa,🟢 Abaixo viável,
WBU2607,Goiania-Central-apartamento-TOP-1Q,Carteira 1_sys-price,GO,"Goiânia, GO","Goiânia, GO, Setor Marista",0,747,1179.16,45,1306.17,2025-11,0.2333,0.2068,7,30,197.89,192.35,20,2025-11-03,0.9,0.0,127.00999999999999,berlinda,20,1.0,5026.16,2076.6651,18.703823774853195,76.25,Alta,🟢 Abaixo viável,
BRI0102,Florianopolis-Jurere_Longe-apartamento-SUP-2Q,Carteira 1,SC,"Florianópolis, SC","Florianópolis, SC, Jurerê",0,101,4779.94,22,5172.32,2025-11,0.5333,0.4441,16,30,390.06,322.71,14,2025-11-03,0.92,0.0,392.3800000000001,berlinda,14,2.0,9297.88,7189.357402,12.240633777492503,45.0,Média,🟢 Abaixo viável,
CEC0801,Salvador-UFBA-apartamento-TOP-1Q,Carteira 2,BA,"Salvador, BA","Salvador, BA, Ondina",0,113,3167.27,10,3417.57,2025-11,0.5667,0.3366,17,30,252.71,181.2,10,2025-11-03,0.93,0.0,250.30000000000018,berlinda,10,2.0,4979.27,4194.1304,6.635469061350615,11.25,Baixa,🟢 Abaixo viável,
NWT0813,Especial-NWT-apartamento-TOP-1Q,Carteira 5,AL,"Maceió, AL","Maceió, AL, Pajuçara",0,186,3729.2,35,4545.08,2025-11,0.4667,0.472,14,30,320.36,284.0,15,2025-11-03,0.82,0.0,815.8800000000001,berlinda,15,3.0,7989.2,5717.342,16.993461061191443,69.6875,Alta,🟢 Abaixo viável,
PDP0301,Porto_Belo-Geral-apartamento-SUP-2Q,Carteira 6,SC,"Porto Belo, SC","Porto Belo, SC, Perequê",0,144,2898.1,23,3094.93,2025-11,0.6,0.2277,18,30,194.39,170.33,12,2025-11-03,0.94,0.0,196.82999999999993,berlinda,12,2.0,4942.0599999999995,4124.476,5.416286297266816,8.75,Baixa,🟢 Abaixo viável,
RFM0001,Santa_Cruz_Cabralia-Coroa_Vermelha-apartamento-JR-2Q,Carteira 2,BA,"Santa Cruz Cabrália, BA","Santa Cruz Cabrália, BA, Coroa Vermelha",0,325,1064.4,13,1226.3,2025-11,0.2333,0.1397,7,30,162.29,157.48,23,2025-11-03,0.87,0.0,161.89999999999986,berlinda,23,2.0,4686.4400000000005,1909.421932,10.395503547255965,35.0,Média,🟢 Abaixo viável,
RHE101,Bombinhas-Mariscal-casa-JR-2Q,Carteira 6,SC,"Bombinhas, SC","Bombinhas, SC, Morrinhos",3,576,1585.54,15,1839.44,2025-11,0.5185,0.3028,14,30,156.79,185.46,13,2025-11-03,0.86,470.37,253.9000000000001,berlinda,13,2.0,3996.52,2835.63313,12.799627604053411,49.375,Média,🟢 Abaixo viável,
RSL0502,Itapema-Praia_Itapema-apartamento-TOP-3Q,Carteira 6,SC,"Itapema, SC","Itapema, SC, Centro",7,694,4137.07,9,4492.38,2025-11,0.6957,0.2317,16,30,338.0,416.0,7,2025-11-03,0.92,2366.0,355.3100000000004,berlinda,7,1.0,7049.07,6162.948399999999,32.90214986265636,94.375,Crítico,🟢 Abaixo viável,
VIC0203,Florianopolis-Novo_Campeche-apartamento-TOP-2Q,Carteira 1,SC,"Florianópolis, SC","Florianópolis, SC, Campeche",0,731,5227.52,43,6131.47,2025-11,0.5667,0.4341,17,30,405.29,431.2,10,2025-11-03,0.85,0.0,903.9499999999998,berlinda,10,3.0,9539.52,7671.1304,21.19030944727229,82.1875,Crítico,🟢 Abaixo viável,
VIL0001,Penha-Longe-apartamento-JR-1Q,Carteira 6,SC,"Penha, SC","Penha, SC, Santa Lidia",0,71,1014.69,14,1164.49,2025-11,0.3,0.2905,9,30,116.33,106.06,18,2025-11-03,0.87,0.0,149.79999999999995,berlinda,18,2.0,2923.77,1587.414,6.82177949145119,12.812499999999998,Baixa,🟢 Abaixo viável,
FDL101,Bombinhas-Bombas-apartamento-JR-2Q,Carteira 6,SC,"Bombinhas, SC","Bombinhas, SC, Bombas",0,873,2125.93,30,2160.62,2025-11,0.5667,0.253,17,30,144.76,116.54,13,2025-11-03,0.98,0.0,34.690000000000055,berlinda,13,1.0,3640.95,2984.491834,1.871116901630091,1.5625,Baixa,🟢 Abaixo viável,
GBA908,Sao_Paulo-Campo_Belo-apartamento-SUP-1Q,Carteira 4_sys-price,SP,"São Paulo, SP","São Paulo, SP, Campo Belo",0,172,2054.28,62,2487.43,2025-11,0.3333,0.4764,10,30,222.7,154.68,19,2025-11-03,0.83,0.0,433.14999999999964,berlinda,19,3.0,4993.200000000001,3033.8220360000005,8.978429141724586,22.8125,Média,🟢 Abaixo viável,
ONP2021,Sao_Paulo-Bela_Vista-apartamento-SUP-1Q,Carteira 4,SP,"São Paulo, SP","São Paulo, SP, Paraíso",0,170,2594.71,577,2932.4,2025-11,0.4333,0.4661,13,30,231.77,178.67,15,2025-11-03,0.88,0.0,337.69000000000005,berlinda,15,2.0,5274.76,3755.975665,10.287660670440596,33.75,Média,🟢 Abaixo viável,
RVR0506,Florianopolis-UFSC-apartamento-SUP-1Q,Carteira 4,SC,"Florianópolis, SC","Florianópolis, SC, Pantanal",0,723,1812.34,37,1897.84,2025-11,0.2667,0.3378,8,30,236.75,208.9,21,2025-11-03,0.95,0.0,85.5,berlinda,21,1.0,6199.240000000001,2982.3262299999997,9.411199047338027,25.937500000000004,Média,🟢 Abaixo viável,
SDR008,Florianopolis-Lagoa-apartamento-SUP-1Q,Carteira 1,SC,"Florianópolis, SC","Florianópolis, SC, Lagoa da Conceição",0,1522,2124.36,23,2256.32,2025-11,0.5333,0.4355,16,30,167.38,218.0,14,2025-11-03,0.94,0.0,131.96000000000004,berlinda,14,1.0,5176.360000000001,3751.9916000000003,12.749645440363073,48.75,Média,🟢 Abaixo viável,
ISM0619,Sao_Paulo-Moema-apartamento-SUP-1Q,Carteira 4_sys-price,SP,"São Paulo, SP","São Paulo, SP, Indianópolis",0,152,2157.65,499,2610.74,2025-11,0.3333,0.3688,10,30,258.2,190.11,18,2025-11-03,0.83,0.0,453.0899999999997,berlinda,18,3.0,5579.630000000001,3298.1959340000003,10.997768180669077,38.125,Média,🟢 Abaixo viável,
NWT0616,Especial-NWT-apartamento-TOP-1Q,Carteira 5,AL,"Maceió, AL","Maceió, AL, Pajuçara",0,215,4023.33,35,4545.08,2025-11,0.3,0.472,9,30,277.25,262.31,13,2025-11-03,0.89,0.0,521.75,berlinda,13,2.0,7433.360000000001,5046.339,15.055867278463749,60.3125,Alta,🟢 Abaixo viável,
NWT1407,Especial-NWT-apartamento-TOP-1Q,Carteira 5,AL,"Maceió, AL","Maceió, AL, Pajuçara",0,78,4283.13,35,4545.08,2025-11,0.5333,0.472,16,30,330.0,307.23,13,2025-11-03,0.94,0.0,261.9499999999998,berlinda,13,1.0,8277.12,6413.124867,17.706816711697037,73.75,Alta,🟢 Abaixo viável,
PSD101,Florianopolis-Jurere_Tradicional-apartamento-SIM-2Q,Carteira 1,SC,"Florianópolis, SC","Florianópolis, SC, Jurerê",0,1990,2421.42,16,2934.35,2025-11,0.4,0.4437,12,30,307.92,207.29,17,2025-11-03,0.83,0.0,512.9299999999998,berlinda,17,3.0,5945.35,3830.992,12.078229670398326,44.375,Média,🟢 Abaixo viável,
ERE0302,Maceio-Cruz_das_Almas-apartamento-JR-1Q,Carteira 2,AL,"Maceió, AL","Maceió, AL, Cruz das Almas",0,65,1804.24,18,1858.42,2025-11,0.5333,0.4079,16,30,137.88,128.69,13,2025-11-03,0.97,0.0,54.180000000000064,berlinda,13,1.0,3477.21,2696.434901,3.751802176042019,5.625,Baixa,🟢 Abaixo viável,
ILC1206,Especial-ILC-hotel-JR-1Q,Especial,SC,"Florianópolis, SC","Florianópolis, SC, Jurerê Internacional",0,1971,6470.38,16,7488.19,2025-11,0.4,0.4706,12,30,644.0,544.94,16,2025-11-03,0.86,0.0,1017.8099999999995,berlinda,16,2.0,15189.420000000002,9957.996000000001,37.034676029855,96.875,Crítico,🟢 Abaixo viável,
NWT0505,Especial-NWT-apartamento-TOP-1Q,Carteira 5,AL,"Maceió, AL","Maceió, AL, Pajuçara",0,366,4381.83,35,4545.08,2025-11,0.4,0.472,12,30,402.5,316.13,15,2025-11-03,0.96,0.0,163.25,berlinda,15,1.0,9123.779999999999,6278.61,11.354744580953467,40.0,Média,🟢 Abaixo viável,
NWT1003,Especial-NWT-apartamento-TOP-1Q,Carteira 5,AL,"Maceió, AL","Maceió, AL, Pajuçara",0,199,4145.18,35,4545.08,2025-11,0.4,0.472,12,30,407.58,314.47,17,2025-11-03,0.91,0.0,399.89999999999964,berlinda,17,2.0,9491.170000000002,6283.576000000001,13.834360781328373,53.43750000000001,Alta,🟢 Abaixo viável,
DLH0206,Gramado-Centro-apartamento-TOP-1Q,Carteira 4,RS,"Gramado, RS","Gramado, RS, Centro",3,521,6454.88,26,7648.51,2025-11,0.4815,0.6409,13,30,587.92,562.77,13,2025-11-03,0.84,1763.7599999999998,1193.63,berlinda,13,3.0,13770.89,9977.538815,29.275381963284353,92.5,Crítico,🟢 Abaixo viável,
EAC1304,Balneario_Camboriu-Centro-apartamento-JR-1Q,Carteira 6,SC,"Balneário Camboriú, SC","Balneário Camboriú, SC, Centro",2,733,1554.33,27,1873.51,2025-11,0.4286,0.3878,12,30,159.08,150.19,16,2025-11-03,0.83,318.16,319.18000000000006,berlinda,16,3.0,3957.37,2584.272944,8.529025590113388,19.6875,Baixa,🟢 Abaixo viável,
IBI307,Florianopolis-Jurere_Internacional-apartamento-TOP-1Q,Carteira 1,SC,"Florianópolis, SC","Florianópolis, SC, Jurerê Internacional",0,1452,4962.38,38,5241.52,2025-11,0.5,0.4455,15,30,347.18,307.92,12,2025-11-03,0.95,0.0,279.1400000000003,berlinda,12,1.0,8657.42,6809.9,16.398447167997084,67.1875,Alta,🟢 Abaixo viável,
ILC2505,Especial-ILC-hotel-TOP-1Q,Especial,SC,"Florianópolis, SC","Florianópolis, SC, Jurerê Internacional",7,1282,8349.92,28,10075.49,2025-11,0.6087,0.5987,14,30,798.29,644.33,9,2025-11-03,0.83,5588.03,1725.5699999999997,berlinda,9,3.0,14148.89,11879.753039,36.783538339078284,96.5625,Crítico,🟢 Abaixo viável,
ILC3209,Especial-ILC-hotel-TOP-1Q,Especial,SC,"Florianópolis, SC","Florianópolis, SC, Jurerê Internacional",0,1445,8892.18,28,10075.49,2025-11,0.5,0.5987,15,30,759.4,563.92,13,2025-11-03,0.88,0.0,1183.3099999999995,berlinda,13,3.0,16223.14,12557.66,22.076417629977954,84.0625,Crítico,🟢 Abaixo viável,
ILC3415,Especial-ILC-hotel-TOP-1Q,Especial,SC,"Florianópolis, SC","Florianópolis, SC, Jurerê Internacional",0,1971,9362.71,28,10075.49,2025-11,0.5,0.5987,15,30,754.4,563.43,14,2025-11-03,0.93,0.0,712.7800000000007,berlinda,14,2.0,17250.73,13306.72,19.929632970704173,80.0,Crítico,🟢 Abaixo viável,
NWT0420,Especial-NWT-apartamento-TOP-1Q,Carteira 5,AL,"Maceió, AL","Maceió, AL, Pajuçara",2,366,4264.71,35,4545.08,2025-11,0.6071,0.472,17,30,304.18,339.6,10,2025-11-03,0.94,608.36,280.3699999999999,berlinda,10,1.0,7660.71,6326.4216,20.948729615320296,81.25,Crítico,🟢 Abaixo viável,
JBV248,Especial-JBV-hotel-TOP-1Q,Especial,SC,"Florianópolis, SC","Florianópolis, SC, Jurerê",2,1299,9595.17,32,9873.54,2025-11,0.6786,0.5651,19,30,612.79,510.71,7,2025-11-03,0.97,1225.58,278.3700000000008,berlinda,7,1.0,13170.14,12021.144642,14.398720489307824,55.93749999999999,Alta,🟢 Abaixo viável,
MHB0302,Florianopolis-Novo_Campeche-apartamento-SUP-3Q,Carteira 1,SC,"Florianópolis, SC","Florianópolis, SC, Campeche",5,128,5423.88,52,5985.49,2025-11,0.64,0.4199,16,30,380.75,349.33,9,2025-11-03,0.91,1903.75,561.6099999999997,berlinda,9,2.0,8567.85,7436.0208,16.388568128925108,66.875,Alta,🟢 Abaixo viável,
NWT0509,Especial-NWT-apartamento-TOP-1Q,Carteira 5,AL,"Maceió, AL","Maceió, AL, Pajuçara",0,338,4147.58,35,4545.08,2025-11,0.5,0.472,15,30,332.2,341.53,15,2025-11-03,0.91,0.0,397.5,berlinda,15,2.0,9270.529999999999,6709.055,14.934629863500748,59.375,Alta,🟢 Abaixo viável,
SJS0004,Florianopolis-Ingleses_Centro-apartamento-JR-1Q,Carteira 1,SC,"Florianópolis, SC","Florianópolis, SC, Ingleses do Rio Vermelho",0,317,2134.56,12,2557.7,2025-11,0.6333,0.4207,19,30,144.32,177.0,11,2025-11-03,0.83,0.0,423.1399999999999,berlinda,11,3.0,4081.56,3367.5950999999995,9.760824177972395,29.375,Média,🟢 Abaixo viável,
SKL1107,Penha-Praia-apartamento-SUP-3Q,Carteira 6,SC,"Penha, SC","Penha, SC, Armação",0,37,3381.84,20,4193.09,2025-11,0.4,0.2401,12,30,323.67,317.27,15,2025-11-03,0.81,0.0,811.25,berlinda,15,3.0,8140.889999999999,5285.46,20.461067096898304,80.625,Crítico,🟢 Abaixo viável,
TXP0311,Goiania-Central-apartamento-SUP-2Q,Carteira 1_sys-price,GO,"Goiânia, GO","Goiânia, GO, Setor Bueno",4,772,1564.14,34,1674.23,2025-11,0.3077,0.2046,8,30,231.38,244.28,18,2025-11-03,0.93,925.52,110.08999999999992,berlinda,18,1.0,5961.18,2917.109208,16.062778232381437,64.6875,Alta,🟢 Abaixo viável,
ELS0602,Porto_Alegre-Centro_Historico-apartamento-JR-1Q,Carteira 4,RS,"Porto Alegre, RS","Porto Alegre, RS, Centro Histórico",0,19,1014.12,67,1126.25,2025-11,0.4,0.3332,12,30,126.17,120.0,16,2025-11-03,0.9,0.0,112.13,berlinda,16,1.0,2934.12,1782.12,11.947258601553829,43.4375,Média,🟢 Abaixo viável,
PSO0708,Penha-Beto_Carrero-apartamento-SUP-1Q,Carteira 3,SC,"Penha, SC","Penha, SC, Praia de Armação do Itapocoroi",0,136,1656.16,12,1751.85,2025-11,0.2667,0.2595,8,30,252.0,178.63,19,2025-11-03,0.95,0.0,95.68999999999983,berlinda,19,1.0,5050.13,2561.331799,9.757173673545093,29.062500000000004,Média,🟢 Abaixo viável,
TPS310,Florianopolis-Canasvieiras_Meio-apartamento-TOP-1Q,Carteira 1,SC,"Florianópolis, SC","Florianópolis, SC, Canasvieiras",1,1027,2843.27,24,3347.91,2025-11,0.4828,0.437,14,30,252.57,292.43,14,2025-11-03,0.85,252.57,504.6399999999999,berlinda,14,2.0,6937.29,4819.862856,22.03940297080865,83.75,Crítico,🟢 Abaixo viável,
AIR1407,Porto_Alegre-Menino_Deus-apartamento-TOP-1Q,Carteira 4,RS,"Porto Alegre, RS","Porto Alegre, RS, Praia de Belas",0,435,1597.8,24,1761.58,2025-11,0.2,0.2958,6,30,333.0,333.0,21,2025-11-03,0.91,0.0,163.77999999999997,berlinda,21,1.0,8590.8,2996.4,30.960126704435776,93.4375,Crítico,🟢 Abaixo viável,
ASK002,Florianopolis-Itacorubi-apartamento-JR-1Q,Carteira 4,SC,"Florianópolis, SC","Florianópolis, SC, Santa Mônica",0,1101,1868.86,12,2137.5,2025-11,0.4667,0.4453,14,30,159.43,173.69,16,2025-11-03,0.87,0.0,268.6400000000001,berlinda,16,2.0,4647.9,3165.837968,10.914638970760237,37.1875,Média,🟢 Abaixo viável,
CMM0043,Penha-Central-casa-JR-5Q,Carteira 6,SC,"Penha, SC","Penha, SC, Armação",4,25,3225.72,23,3893.0,2025-11,0.5,0.3382,13,30,339.15,283.1,10,2025-11-03,0.83,1356.6,667.2800000000002,berlinda,10,3.0,6056.719999999999,4641.219999999999,16.174926620429837,65.3125,Alta,🟢 Abaixo viável,
CPR0107,Marau-Barra_Grande-apartamento-SUP-1Q,Carteira 2,BA,"Maraú, BA","Maraú, BA, Barra Grande",0,527,1040.4,13,1216.56,2025-11,0.1,0.2005,3,30,408.0,325.58,24,2025-11-03,0.86,0.0,176.15999999999985,berlinda,24,1.0,8854.32,1821.7920000000001,47.14454922075356,98.125,Crítico,🟢 Abaixo viável,
FNX0101,Cabo_Frio-Pero_Longe-casa-JR-2Q,Carteira 4,RJ,"Cabo Frio, RJ","Cabo Frio, RJ, Ogiva",3,676,1186.5,11,1435.22,2025-11,0.1481,0.2389,4,30,322.0,201.56,18,2025-11-03,0.83,966.0,248.72000000000003,berlinda,18,2.0,4814.58,1723.818648,17.464919385181368,71.875,Alta,🟢 Abaixo viável,
ILC4506,Especial-ILC-hotel-TOP-1Q,Especial,SC,"Florianópolis, SC","Florianópolis, SC, Jurerê Internacional",13,123,8354.74,28,10075.49,2025-11,0.7647,0.5987,13,30,857.69,651.25,4,2025-11-03,0.83,11149.970000000001,1720.75,berlinda,4,3.0,10959.74,10346.7835,37.0747373907704,97.1875,Crítico,🟢 Abaixo viável,
RSM0023,Porto_Seguro-Pataxos-casa-JR-3Q,Carteira 2,BA,"Porto Seguro, BA","Porto Seguro, BA, Praia de Taperapuan",9,121,2548.93,22,2861.36,2025-11,0.5714,0.3168,12,30,333.83,226.63,8,2025-11-03,0.89,3004.47,312.4300000000003,berlinda,8,2.0,4361.969999999999,3584.9010559999997,12.372789669947165,45.625,Média,🟢 Abaixo viável,
CHR025,Florianopolis-Jurere_Longe-apartamento-JR-2Q,Carteira 1,SC,"Florianópolis, SC","Florianópolis, SC, Jurerê",3,204,3156.66,16,3417.68,2025-11,0.6296,0.3152,17,30,226.82,204.6,10,2025-11-03,0.92,680.46,261.02,berlinda,10,2.0,5202.66,4444.821599999999,7.813003557969148,15.937499999999998,Baixa,🟢 Abaixo viável,
BLB1306,Salvador-Barra-apartamento-SUP-1Q,Carteira 2,BA,"Salvador, BA","Salvador, BA, Barra",0,428,2487.28,195,2712.93,2025-11,0.5333,0.4447,16,30,193.56,246.36,14,2025-11-03,0.92,0.0,225.64999999999964,berlinda,14,1.0,5936.32,4326.653032,20.49117890988706,80.9375,Crítico,🟢 Abaixo viável,
FMI0218,Cabo_Frio-Centro-apartamento-SUP-1Q,Carteira 4,RJ,"Cabo Frio, RJ","Cabo Frio, RJ, Braga",0,449,2623.95,46,3050.9,2025-11,0.3667,0.4756,11,30,272.27,246.68,19,2025-11-03,0.86,0.0,426.9500000000003,berlinda,19,2.0,7310.87,4342.643564,17.26048477498444,70.625,Alta,🟢 Abaixo viável,
LIV1006,Salvador-Graca-apartamento-TOP-1Q,Especial,BA,"Salvador, BA","Salvador, BA, Vitória",9,110,3270.83,10,3417.57,2025-11,0.8095,0.3374,17,30,290.65,235.5,4,2025-11-03,0.96,2615.85,146.74000000000024,berlinda,4,1.0,4212.83,4033.379,10.111649505350309,32.5,Média,🟢 Abaixo viável,
MAR202,Florianopolis-Ingleses_Centro-apartamento-SUP-2Q,Carteira 1,SC,"Florianópolis, SC","Florianópolis, SC, Ingleses do Rio Vermelho",0,893,1855.33,18,2117.79,2025-11,0.3333,0.2159,10,30,257.1,237.17,18,2025-11-03,0.88,0.0,262.46000000000004,berlinda,18,2.0,6124.389999999999,3278.2076979999997,14.696367014670955,57.8125,Alta,🟢 Abaixo viável,
OBS0301,Itapema-Meia_Praia-Sul-apartamento-SUP-2Q,Carteira 6,SC,"Itapema, SC","Itapema, SC, Itapema",0,635,3135.88,12,3299.32,2025-11,0.6,0.2381,18,30,222.33,209.75,12,2025-11-03,0.95,0.0,163.44000000000005,berlinda,12,1.0,5652.88,4646.08,10.39048652449596,34.375,Média,🟢 Abaixo viável,
PSO0503,Penha-Beto_Carrero-apartamento-SUP-1Q,Carteira 3,SC,"Penha, SC","Penha, SC, Praia de Armação do Itapocoroi",0,93,1431.38,12,1751.85,2025-11,0.2333,0.2595,7,30,228.43,178.75,20,2025-11-03,0.82,0.0,320.4699999999998,berlinda,20,2.0,5006.38,2265.4275000000002,16.349576875874067,66.25,Alta,🟢 Abaixo viável,
JRE1223,Porto_Alegre-Cidade_Baixa-apartamento-SUP-1Q,Carteira 4,RS,"Porto Alegre, RS","Porto Alegre, RS, Centro Histórico",2,292,1490.71,37,1660.9,2025-11,0.3214,0.3217,9,30,181.67,195.21,19,2025-11-03,0.9,363.34,170.19000000000005,berlinda,19,1.0,5199.700000000001,2682.779386,20.002883918357526,80.3125,Crítico,🟢 Abaixo viável,
MHE003,Florianopolis-Cachoeira_Bom_Jesus-apartamento-MASTER-2Q,Carteira 1,SC,"Florianópolis, SC","Florianópolis, SC, Cachoeira do Bom Jesus",13,1132,6358.72,11,7630.28,2025-11,0.5882,0.453,10,30,728.8,433.57,7,2025-11-03,0.83,9474.4,1271.5599999999995,berlinda,7,3.0,9393.71,8143.901118,24.084317971730158,88.75,Crítico,🟢 Abaixo viável,
RIT0201,Florianopolis-Praia_Brava-apartamento-TOP-3Q,Carteira 1,SC,"Florianópolis, SC","Florianópolis, SC, Praia Brava",6,257,7363.29,15,7458.34,2025-11,0.5417,0.3581,13,30,721.69,522.25,8,2025-11-03,0.99,4330.14,95.05000000000018,berlinda,8,1.0,11541.29,9626.5126,6.655618073190563,11.875,Baixa,🟢 Abaixo viável,
SDR001,Florianopolis-Lagoa-apartamento-SUP-1Q,Carteira 1,SC,"Florianópolis, SC","Florianópolis, SC, Lagoa da Conceição",0,1569,2197.8,23,2256.32,2025-11,0.5,0.4355,15,30,188.33,228.47,15,2025-11-03,0.97,0.0,58.51999999999998,berlinda,15,1.0,5624.85,3911.3250000000003,5.925606474258968,9.6875,Baixa,🟢 Abaixo viável,
IFT0903,Itapema-Meia_Praia-Norte-apartamento-TOP-1Q,Carteira 6,SC,"Itapema, SC","Itapema, SC, Meia Praia",0,4,2445.24,24,2714.64,2025-11,0.5667,0.2925,17,30,193.11,222.27,11,2025-11-03,0.9,0.0,269.4000000000001,berlinda,11,2.0,4890.21,3830.804499,11.029001635575993,38.4375,Média,🟢 Abaixo viável,
ILC2415,Especial-ILC-hotel-TOP-1Q,Especial,SC,"Florianópolis, SC","Florianópolis, SC, Jurerê Internacional",2,827,9333.19,28,10075.49,2025-11,0.5714,0.5987,16,30,696.38,518.36,11,2025-11-03,0.93,1392.76,742.2999999999993,berlinda,11,2.0,15035.150000000001,12591.289944,19.094784869023723,77.8125,Alta,🟢 Abaixo viável,
JPR410,Especial-JPR-apartamento-TOP-3Q,Carteira 1,SC,"Florianópolis, SC","Florianópolis, SC, Jurerê",0,478,7414.53,14,9229.09,2025-11,0.5333,0.3777,16,30,565.94,513.23,13,2025-11-03,0.8,0.0,1814.5600000000004,berlinda,13,4.0,14086.52,10972.702267,25.226935396664253,90.0,Crítico,🟢 Abaixo viável,
RDT1004,Balneario_Camboriu-Centro-apartamento-SUP-2Q,Carteira 6,SC,"Balneário Camboriú, SC","Balneário Camboriú, SC, Centro",2,52,3755.79,64,3923.17,2025-11,0.6786,0.3462,19,30,288.05,233.22,9,2025-11-03,0.96,576.1,167.3800000000001,berlinda,9,1.0,5854.77,5180.157827999999,9.950209549930292,31.5625,Média,🟢 Abaixo viável,
VPD0605,Florianopolis-Beira_Mar-apartamento-TOP-1Q,Carteira 4,SC,"Florianópolis, SC","Florianópolis, SC, Agronômica",0,200,3686.0,12,4501.17,2025-11,0.5333,0.4338,16,30,305.38,290.08,13,2025-11-03,0.82,0.0,815.1700000000001,berlinda,13,3.0,7457.04,5697.095632,17.51133694868964,72.5,Alta,🟢 Abaixo viável,
EEI0303,Barra_Velha-Itajuba-apartamento-SUP-2Q,Carteira 3,SC,"Barra Velha, SC","Barra Velha, SC, Itajubá",0,86,1335.92,12,1410.0,2025-11,0.2667,0.1484,8,30,230.25,189.11,19,2025-11-03,0.95,0.0,74.07999999999993,berlinda,19,1.0,4929.01,2294.197103,9.935651631205664,31.25,Média,🟢 Abaixo viável,
MAL0105,Florianopolis-Santo_Antonio_de_Lisboa-apartamento-SUP-1Q,Carteira 1,SC,"Florianópolis, SC","Florianópolis, SC, Santo Antonio de Lisboa",0,108,2045.43,11,2504.66,2025-11,0.3,0.3919,9,30,265.11,250.22,18,2025-11-03,0.82,0.0,459.2299999999998,berlinda,18,2.0,6549.39,3396.618,22.938947921075105,86.875,Crítico,🟢 Abaixo viável,
MBR0108,Maceio-Jatiuca-apartamento-JR-2Q,Carteira 2,AL,"Maceió, AL","Maceió, AL, Ponta Verde",0,26,2856.62,27,3299.32,2025-11,0.7,0.487,21,30,184.1,187.33,9,2025-11-03,0.87,0.0,442.7000000000003,berlinda,9,3.0,4542.59,4036.799,8.37859427599223,18.4375,Baixa,🟢 Abaixo viável,
NWT0309,Especial-NWT-apartamento-TOP-1Q,Carteira 5,AL,"Maceió, AL","Maceió, AL, Pajuçara",0,347,4125.96,35,4545.08,2025-11,0.5,0.472,15,30,342.4,289.21,14,2025-11-03,0.91,0.0,419.1199999999999,berlinda,14,2.0,8174.9,6150.43,13.334605243472057,51.5625,Alta,🟢 Abaixo viável,
NLUG0001,São_Miguel_dos_Milagres-Geral-casa-TOP-3Q,Carteira 2,AL,"Passo de Camaragibe, AL","Passo de Camaragibe, AL, Praia do Marceneiro",2,274,6756.99,19,6910.07,2025-11,0.3929,0.4252,11,30,692.27,3200.0,17,2025-11-03,0.98,1384.54,153.07999999999993,berlinda,17,1.0,61156.99,28130.75,70.89016464377347,99.6875,Crítico,🟢 Abaixo viável,
NWT0913,Especial-NWT-apartamento-TOP-1Q,Carteira 5,AL,"Maceió, AL","Maceió, AL, Pajuçara",0,214,3714.6,35,4545.08,2025-11,0.5,0.472,15,30,331.4,285.33,12,2025-11-03,0.82,0.0,830.48,berlinda,12,3.0,7138.5599999999995,5426.58,17.378561609476616,71.25,Alta,🟢 Abaixo viável,
BCL402,Ilheus-Pontal-apartamento-TOP-1Q,Carteira 2,BA,"Ilhéus, BA","Ilhéus, BA, Pontal",0,661,1616.61,34,1705.22,2025-11,0.3,0.2229,9,30,209.0,182.11,18,2025-11-03,0.95,0.0,88.61000000000013,berlinda,18,1.0,4894.59,2600.004,9.463158478084953,26.5625,Média,🟢 Abaixo viável,
ILC2413,Especial-ILC-hotel-JR-1Q,Especial,SC,"Florianópolis, SC","Florianópolis, SC, Jurerê Internacional",13,1139,6049.77,16,7488.19,2025-11,0.7647,0.4706,13,30,557.46,462.33,3,2025-11-03,0.81,7246.9800000000005,1438.4199999999992,berlinda,3,4.0,7436.76,7110.401253,22.202452081210527,84.6875,Crítico,🟠 Abaixo precisa esforço,
IPT0141,Balneario_Camboriu-Centro-apartamento-TOP-2Q,Carteira 6,SC,"Balneário Camboriú, SC","Balneário Camboriú, SC, Centro",3,453,4136.11,26,4832.67,2025-11,0.5926,0.3826,16,30,289.94,308.5,14,2025-11-03,0.86,869.8199999999999,696.5600000000004,berlinda,14,3.0,8455.11,6695.5494,14.821948667437818,58.12500000000001,Alta,🟢 Abaixo viável,
RSA025,Florianopolis-Canasvieiras_Perto-apartamento-JR-1Q,Carteira 1,SC,"Florianópolis, SC","Florianópolis, SC, Canasvieiras",0,208,1593.7,42,1971.66,2025-11,0.3,0.3351,9,30,198.78,179.3,20,2025-11-03,0.81,0.0,377.96000000000004,berlinda,20,3.0,5179.7,2669.5,11.45705108047703,41.25,Média,🟢 Abaixo viável,
SPJ0101,Especial-SPJ-apartamento-TOP-1Q,Carteira 5,SC,"Florianópolis, SC","Florianópolis, SC, Jurerê",0,211,4939.0,19,5610.79,2025-11,0.6667,0.5559,20,30,328.15,241.3,10,2025-11-03,0.88,0.0,671.79,berlinda,10,3.0,7352.0,6547.7471000000005,9.630427978947704,28.125,Média,🟢 Abaixo viável,
IFT1304,Itapema-Meia_Praia-Norte-apartamento-TOP-1Q,Carteira 6,SC,"Itapema, SC","Itapema, SC, Meia Praia",0,248,2603.49,24,2714.64,2025-11,0.4333,0.2925,13,30,242.62,224.07,15,2025-11-03,0.96,0.0,111.15000000000009,berlinda,15,1.0,5964.539999999999,4059.8329649999996,9.17446899036337,25.0,Média,🟢 Abaixo viável,
IHD0101,Florianopolis-Jurere_Longe-apartamento-TOP-2Q,Carteira 1,SC,"Florianópolis, SC","Florianópolis, SC, Jurerê Internacional",0,39,6225.8,16,7660.43,2025-11,0.5,0.5285,15,30,476.67,481.67,15,2025-11-03,0.81,0.0,1434.63,berlinda,15,3.0,13450.85,9838.325,30.068731220049006,93.125,Crítico,🟢 Abaixo viável,
NWT1123,Especial-NWT-apartamento-TOP-1Q,Carteira 5,AL,"Maceió, AL","Maceió, AL, Pajuçara",0,121,4459.13,35,4545.08,2025-11,0.3667,0.472,11,30,301.06,287.91,11,2025-11-03,0.98,0.0,85.94999999999982,berlinda,11,1.0,7626.14,5620.472567000001,5.4445388199987566,9.0625,Baixa,🟢 Abaixo viável,
OAG0507,Sao_Paulo-Pinheiros-apartamento-TOP-1Q,Carteira 4_sys-price,SP,"São Paulo, SP","São Paulo, SP, Cerqueira César",1,155,3754.79,267,4387.41,2025-11,0.4828,0.4901,14,30,330.0,243.69,13,2025-11-03,0.86,330.0,632.6199999999999,berlinda,13,3.0,6922.76,5284.285916,11.71254170455918,42.5,Média,🟢 Abaixo viável,
SKL0905,Penha-Praia-apartamento-SUP-2Q,Carteira 6,SC,"Penha, SC","Penha, SC, Armação",0,52,3064.03,48,3553.4,2025-11,0.5333,0.3831,16,30,241.06,215.69,13,2025-11-03,0.86,0.0,489.3699999999999,berlinda,13,3.0,5868.0,4559.3872010000005,9.90152298268325,30.9375,Média,🟢 Abaixo viável,
EGI001,Imbituba-Praia_do_Rosa-casa-TOP-3Q,Carteira 6,SC,"Imbituba, SC","Imbituba, SC, Ibiraquera",7,779,2985.21,21,3669.64,2025-11,0.3478,0.2758,8,30,482.25,359.54,13,2025-11-03,0.81,3375.75,684.4299999999998,berlinda,13,2.0,7659.2300000000005,4610.834156,33.529169373562524,95.0,Crítico,🟢 Abaixo viável,
RUP1005,Blumenau-Central-apartamento-SUP-1Q,Carteira 4,SC,"Blumenau, SC","Blumenau, SC, Escola Agrícola",1,492,745.86,50,856.57,2025-11,0.2069,0.1654,6,30,147.5,137.45,20,2025-11-03,0.87,147.5,110.71000000000004,berlinda,20,1.0,3494.86,1314.6281,17.76514412132109,74.375,Alta,🟢 Abaixo viável,
VBX1518,Sao_Paulo-Vila_Olimpia-apartamento-TOP-1Q,Carteira 4,SP,"São Paulo, SP","São Paulo, SP, Vila Olímpia",0,352,5703.46,98,5971.64,2025-11,0.4333,0.4502,13,30,487.38,340.07,15,2025-11-03,0.96,0.0,268.1800000000003,berlinda,15,1.0,10804.51,7913.744965,15.272181946667935,61.875,Alta,🟢 Abaixo viável,
CSD0101,Bombinhas-Bombas-apartamento-SUP-3Q,Carteira 6,SC,"Bombinhas, SC","Bombinhas, SC, Bombas",8,368,2875.18,17,2896.39,2025-11,0.4545,0.3512,10,30,374.3,220.27,11,2025-11-03,0.99,2994.4,21.210000000000036,berlinda,11,1.0,5298.15,3976.419865,1.6130171351233804,0.625,Baixa,🟢 Abaixo viável,
CSE0102,Florianopolis-Canasvieiras_Meio-apartamento-SUP-3Q,Carteira 1,SC,"Florianópolis, SC","Florianópolis, SC, Canasvieiras",6,423,3605.0,26,4356.14,2025-11,0.5,0.3179,12,30,350.92,719.0,10,2025-11-03,0.83,2105.52,751.1400000000003,berlinda,10,2.0,10795.0,7200.0,61.98947462661901,99.375,Crítico,🟢 Abaixo viável,
JBV207,Especial-JBV-hotel-TOP-1Q,Especial,SC,"Florianópolis, SC","Florianópolis, SC, Jurerê",1,422,8400.57,32,9873.54,2025-11,0.5517,0.5651,16,30,677.33,572.82,11,2025-11-03,0.85,677.33,1472.9700000000012,berlinda,11,3.0,14701.59,11876.842734,28.485111905152582,92.1875,Crítico,🟢 Abaixo viável,
NWT0305,Especial-NWT-apartamento-TOP-1Q,Carteira 5,AL,"Maceió, AL","Maceió, AL, Pajuçara",0,232,3815.29,35,4545.08,2025-11,0.3667,0.472,11,30,390.82,316.36,11,2025-11-03,0.84,0.0,729.79,berlinda,11,3.0,7295.25,5091.391332,16.93232861321106,69.375,Alta,🟢 Abaixo viável,
EJO0403,Florianopolis-Centrao-apartamento-JR-1Q,Carteira 4,SC,"Florianópolis, SC","Florianópolis, SC, Centro",0,393,1823.34,67,2150.88,2025-11,0.3333,0.3865,10,30,226.4,160.95,20,2025-11-03,0.85,0.0,327.5400000000002,berlinda,20,3.0,5042.34,2896.2326999999996,8.169921613479138,18.125,Baixa,🟢 Abaixo viável,
MGI025,Porto_Seguro-Pitinga-casa-SUP-2Q,Carteira 2,BA,"Porto Seguro, BA","Porto Seguro, BA, Arraial DAjuda",2,207,4471.46,8,4846.78,2025-11,0.25,0.2357,7,30,642.86,602.0,18,2025-11-03,0.92,1285.72,375.3199999999997,berlinda,18,1.0,15307.46,7180.46,46.61706122415291,97.8125,Crítico,🟢 Abaixo viável,
RTL0302,Itapema-Canto_Praia-apartamento-JR-2Q,Carteira 6,SC,"Itapema, SC","Itapema, SC, Centro",0,409,2151.52,13,2579.11,2025-11,0.5667,0.2022,17,30,217.06,164.77,13,2025-11-03,0.83,0.0,427.59000000000015,berlinda,13,3.0,4293.530000000001,3365.397067,9.105725657300392,23.75,Média,🟢 Abaixo viável,
VLO0504,Florianopolis-Jurere_Longe-apartamento-TOP-2Q,Carteira 1,SC,"Florianópolis, SC","Florianópolis, SC, Jurerê Internacional",4,358,6275.98,16,7660.43,2025-11,0.5385,0.5285,14,30,524.14,491.75,12,2025-11-03,0.82,2096.56,1384.4500000000007,berlinda,12,3.0,12176.98,9453.6685,29.62424161132818,92.8125,Crítico,🟢 Abaixo viável,
LGR204,Florianopolis-Ingleses_Centro-apartamento-JR-1Q,Carteira 1,SC,"Florianópolis, SC","Florianópolis, SC, Ingleses do Rio Vermelho",0,1044,2219.22,12,2557.7,2025-11,0.5667,0.4207,17,30,149.94,169.42,12,2025-11-03,0.87,0.0,338.48,berlinda,12,2.0,4252.26,3371.3437679999997,11.210322086249368,39.0625,Média,🟢 Abaixo viável,
MHF1108,Itapema-Canto_Praia-apartamento-TOP-2Q,Carteira 5,SC,"Itapema, SC","Itapema, SC, Centro",2,456,2123.48,10,2423.39,2025-11,0.3214,0.2478,9,30,269.92,269.93,15,2025-11-03,0.88,539.84,299.90999999999985,berlinda,15,2.0,6172.43,3424.81253,16.702781289846037,68.4375,Alta,🟢 Abaixo viável,
NWT0706,Especial-NWT-apartamento-TOP-1Q,Carteira 5,AL,"Maceió, AL","Maceió, AL, Pajuçara",0,185,3814.18,35,4545.08,2025-11,0.5,0.472,15,30,281.33,318.25,12,2025-11-03,0.84,0.0,730.9000000000001,berlinda,12,3.0,7633.18,5723.68,17.05939352735999,70.0,Alta,🟢 Abaixo viável,
NWT1021,Especial-NWT-apartamento-TOP-1Q,Carteira 5,AL,"Maceió, AL","Maceió, AL, Pajuçara",1,199,4404.42,35,4545.08,2025-11,0.5862,0.472,17,30,296.94,290.9,10,2025-11-03,0.97,296.94,140.65999999999985,berlinda,10,1.0,7313.42,6109.6758,9.0027005025214,23.4375,Média,🟢 Abaixo viável,
BPM0909,Salvador-Barra-apartamento-SUP-1Q,Carteira 2,BA,"Salvador, BA","Salvador, BA, Barra",0,12,2648.15,195,2712.93,2025-11,0.5667,0.4447,17,30,182.47,237.23,13,2025-11-03,0.98,0.0,64.77999999999975,berlinda,13,1.0,5732.139999999999,4395.847133,5.6646354310652836,9.375,Baixa,🟢 Abaixo viável,
NWT0918,Especial-NWT-apartamento-TOP-1Q,Carteira 5,AL,"Maceió, AL","Maceió, AL, Pajuçara",0,219,4521.72,35,4545.08,2025-11,0.6667,0.472,20,30,273.4,321.22,9,2025-11-03,0.99,0.0,23.359999999999673,berlinda,9,1.0,7412.700000000001,6449.136366000001,1.650949862268628,0.9375,Baixa,🟢 Abaixo viável,
RGP302,Florianopolis-Jurere_Tradicional-apartamento-SUP-2Q,Carteira 1,SC,"Florianópolis, SC","Florianópolis, SC, Jurerê",0,571,5420.87,27,6624.43,2025-11,0.6333,0.5017,19,30,355.68,258.33,9,2025-11-03,0.82,0.0,1203.5600000000004,berlinda,9,5.0,7745.84,6893.273501,9.38694060621065,25.624999999999996,Média,🟢 Abaixo viável,
URA0015,Porto_Seguro-Urbano-casa-JR-2Q,Carteira 2,BA,"Porto Seguro, BA","Porto Seguro, BA, Paraíso dos Pataxós",0,702,1963.14,16,2394.0,2025-11,0.4,0.3201,12,30,175.75,164.13,15,2025-11-03,0.82,0.0,430.8599999999999,berlinda,15,3.0,4425.09,2947.92,9.846428822055135,30.312499999999996,Média,🟢 Abaixo viável,
EJF0702,Balneario_Camboriu-Intermediario-apartamento-SUP-2Q,Carteira 6,SC,"Balneário Camboriú, SC","Balneário Camboriú, SC, Centro",8,689,2562.25,55,2596.14,2025-11,0.5909,0.2766,13,30,248.38,218.22,9,2025-11-03,0.99,1987.04,33.88999999999987,berlinda,9,1.0,4526.23,3722.765782,2.848642908317722,3.75,Baixa,🟢 Abaixo viável,
BDR523,Florianopolis-Lagoa-apartamento-SUP-1Q,Carteira 1,SC,"Florianópolis, SC","Florianópolis, SC, Lagoa da Conceição",3,1284,2009.36,23,2256.32,2025-11,0.4444,0.4355,12,30,204.08,195.2,15,2025-11-03,0.89,612.24,246.96000000000026,berlinda,15,2.0,4937.36,3310.5631999999996,10.682569848248487,35.625,Média,🟢 Abaixo viável,
JBV165,Especial-JBV-hotel-JR-1Q,Especial,SC,"Florianópolis, SC","Florianópolis, SC, Jurerê",0,464,7113.46,25,7947.66,2025-11,0.5667,0.4701,17,30,545.65,455.5,12,2025-11-03,0.9,0.0,834.1999999999998,berlinda,12,2.0,12579.46,10211.0422,23.90502990817422,88.4375,Crítico,🟢 Abaixo viável,
NWT1307,Especial-NWT-apartamento-TOP-1Q,Carteira 5,AL,"Maceió, AL","Maceió, AL, Pajuçara",0,145,3669.38,35,4545.08,2025-11,0.4333,0.472,13,30,363.23,296.53,17,2025-11-03,0.81,0.0,875.6999999999998,berlinda,17,3.0,8710.39,5853.649633,19.04413277654078,76.875,Alta,🟢 Abaixo viável,
NWT0910,Especial-NWT-apartamento-MASTER-1Q,Carteira 5,AL,"Maceió, AL","Maceió, AL, Pajuçara",0,221,5171.81,26,5361.2,2025-11,0.3333,0.5855,10,30,600.0,600.0,18,2025-11-03,0.96,0.0,189.38999999999942,berlinda,18,1.0,15971.810000000001,8771.45,21.195627844512355,82.8125,Crítico,🟢 Abaixo viável,
RGF0711,Salvador-Flamengo-apartamento-TOP-1Q,Carteira 2,BA,"Salvador, BA","Salvador, BA, Itapuã",0,93,2400.87,27,2876.83,2025-11,0.5,0.3919,15,30,197.8,206.62,13,2025-11-03,0.83,0.0,475.96000000000004,berlinda,13,3.0,5086.93,3743.8999999999996,11.394817119306092,40.625,Média,🟢 Abaixo viável,
CTS0203,Florianopolis-Itacorubi-apartamento-SUP-2Q,Carteira 4,SC,"Florianópolis, SC","Florianópolis, SC, Itacorubi",2,107,2070.78,15,2102.22,2025-11,0.3214,0.3889,9,30,300.22,263.0,18,2025-11-03,0.99,600.44,31.4399999999996,berlinda,18,1.0,6804.780000000001,3592.2876000000006,3.9333276250820064,5.9375,Baixa,🟢 Abaixo viável,
CZZ0504,Urubici-Geral-apartamento-SUP-1Q,Especial,SC,"Urubici, SC","Urubici, SC, Centro",0,226,1276.52,49,1538.22,2025-11,0.1333,0.1338,4,30,230.0,203.24,21,2025-11-03,0.83,0.0,261.70000000000005,berlinda,21,2.0,5544.5599999999995,1845.449732,17.28878443915695,70.9375,Alta,🟢 Abaixo viável,
MHFB0705,Itapema-Canto_Praia-apartamento-SUP-1Q,Carteira 5,SC,"Itapema, SC","Itapema, SC, Centro",0,255,2114.18,9,2579.11,2025-11,0.4667,0.2266,14,30,172.86,198.4,15,2025-11-03,0.82,0.0,464.9300000000003,berlinda,15,3.0,5090.18,3503.0792,11.921698053462897,42.8125,Média,🟢 Abaixo viável,
TXP0314,Goiania-Central-apartamento-TOP-2Q,Carteira 1_sys-price,GO,"Goiânia, GO","Goiânia, GO, Setor Bueno",0,753,1342.3,13,1668.15,2025-11,0.1667,0.2333,5,30,300.0,323.5,24,2025-11-03,0.8,0.0,325.85000000000014,berlinda,24,2.0,9106.3,2636.5588,31.595622396067508,93.75,Crítico,🟢 Abaixo viável,
STCY201,Florianopolis-Cachoeira_Bom_Jesus-apartamento-JR-1Q,Carteira 1,SC,"Florianópolis, SC","Florianópolis, SC, Cachoeira do Bom Jesus",0,562,774.4,11,895.39,2025-11,0.1667,0.1299,5,30,170.6,162.41,22,2025-11-03,0.86,0.0,120.99000000000001,berlinda,22,1.0,4347.42,1370.022434,21.945728565206224,83.4375,Crítico,🟢 Abaixo viável,
ACB0202,Florianopolis-Cachoeira_Bom_Jesus-apartamento-SUP-2Q,Carteira 1,SC,"Florianópolis, SC","Florianópolis, SC, Cachoeira do Bom Jesus Leste",4,198,2202.44,14,2740.23,2025-11,0.3846,0.2637,10,30,290.79,273.2,10,2025-11-03,0.8,1163.16,537.79,berlinda,10,2.0,4934.4400000000005,3253.1672,26.808740142250837,91.25,Crítico,🟢 Abaixo viável,
AIR1507,Porto_Alegre-Menino_Deus-apartamento-TOP-1Q,Carteira 4,RS,"Porto Alegre, RS","Porto Alegre, RS, Praia de Belas",0,639,1556.4,24,1761.58,2025-11,0.1333,0.2958,4,30,420.75,333.0,23,2025-11-03,0.88,0.0,205.17999999999984,berlinda,23,1.0,9215.4,2577.3447,38.78616923443723,97.5,Crítico,🟢 Abaixo viável,
TDC0109,Mata_de_Sao_Joao-Praia_Imbassai-apartamento-TOP-2Q,Carteira 2,BA,"Mata de São João, BA","Mata de São João, BA, Imbassaí",0,9,2540.67,12,2622.91,2025-11,0.3667,0.2382,11,30,281.82,313.0,19,2025-11-03,0.97,0.0,82.23999999999978,berlinda,19,1.0,8487.67,4721.4349,9.813954729670455,30.0,Média,🟢 Abaixo viável,
CPN0303,Florianopolis-Centrao-apartamento-TOP-2Q,Carteira 4,SC,"Florianópolis, SC","Florianópolis, SC, Centro",0,176,4900.67,23,5187.97,2025-11,0.5,0.3895,15,30,429.53,344.27,15,2025-11-03,0.94,0.0,287.3000000000002,berlinda,15,1.0,10064.72,7482.695,19.065023699057637,77.1875,Alta,🟢 Abaixo viável,
RLZ0301,Florianopolis-Itacorubi-apartamento-TOP-2Q,Carteira 4,SC,"Florianópolis, SC","Florianópolis, SC, Itacorubi",0,156,2265.1,10,2816.59,2025-11,0.3333,0.2,10,30,299.4,336.75,20,2025-11-03,0.8,0.0,551.4900000000002,berlinda,20,2.0,9000.1,4509.8755,32.96792531039308,94.6875,Crítico,🟢 Abaixo viável,
SMT0529,Salvador-Boca_do_Rio-apartamento-TOP-1Q,Carteira 2,BA,"Salvador, BA","Salvador, BA, Armação",0,212,2288.52,13,2847.5,2025-11,0.5,0.4886,15,30,198.0,224.58,12,2025-11-03,0.8,0.0,558.98,berlinda,12,3.0,4983.48,3636.0,14.69543206321334,57.49999999999999,Alta,🟢 Abaixo viável,
VST028,Especial-VST-casa-TOP-1Q,Carteira 5,SC,"Anitápolis, SC","Anitápolis, SC, Rio dos Pinheiros",1,176,1388.12,42,1530.85,2025-11,0.2069,0.1234,6,30,235.5,187.39,18,2025-11-03,0.91,235.5,142.73000000000002,berlinda,18,1.0,4761.139999999999,2085.997838,17.47145357154522,72.1875,Alta,🟢 Abaixo viável,
CLR0211,Brasilia-Vila_Planalto-apartamento-SUP-1Q,Carteira 1,DF,"Brasília, DF","Brasília, DF, Asa Norte",0,128,2226.25,62,2629.36,2025-11,0.3,0.3803,9,30,295.17,289.78,18,2025-11-03,0.85,0.0,403.1100000000001,berlinda,18,2.0,7442.289999999999,3791.062,22.21324120698573,85.0,Crítico,🟢 Abaixo viável,
JMA006,Florianopolis-Jurere_Longe-apartamento-JR-1Q,Carteira 1,SC,"Florianópolis, SC","Florianópolis, SC, Jurerê",0,779,1645.14,31,2028.1,2025-11,0.3333,0.4085,10,30,194.4,172.16,19,2025-11-03,0.81,0.0,382.9599999999998,berlinda,19,3.0,4916.18,2735.377632,10.836151011620068,36.25,Média,🟢 Abaixo viável,
PSOA1103,Penha-Beto_Carrero-apartamento-SUP-1Q,Carteira 3,SC,"Penha, SC","Penha, SC, Praia de Armação do Itapocoroi",0,101,1419.91,12,1751.85,2025-11,0.2667,0.2595,8,30,211.5,184.2,20,2025-11-03,0.81,0.0,331.9399999999998,berlinda,20,2.0,5103.91,2402.4328,17.45107971572908,71.5625,Alta,🟢 Abaixo viável,
RMM0318,Florianopolis-Ingleses_Centro-apartamento-SUP-1Q,Carteira 1,SC,"Florianópolis, SC","Florianópolis, SC, Ingleses do Rio Vermelho",0,591,1808.56,22,2087.56,2025-11,0.4,0.2901,12,30,215.33,222.61,18,2025-11-03,0.87,0.0,279.0,berlinda,18,2.0,5815.540000000001,3411.352,14.875785606162221,58.4375,Alta,🟢 Abaixo viável,
CAP0302,Gramado-Carniel-apartamento-TOP-2Q,Carteira 4,RS,"Gramado, RS","Gramado, RS, Carniel",0,690,6782.13,101,8350.4,2025-11,0.6333,0.5694,19,30,460.42,451.36,11,2025-11-03,0.81,0.0,1568.2699999999995,berlinda,11,4.0,11747.09,9926.439168,21.19222873155777,82.5,Crítico,🟢 Abaixo viável,
MGI0068,Porto_Seguro-Pitinga-casa-TOP-3Q,Carteira 2,BA,"Porto Seguro, BA","Porto Seguro, BA, Alto da Pitinga",2,54,2958.48,10,3094.67,2025-11,0.1429,0.1947,4,30,1105.0,800.0,21,2025-11-03,0.96,2210.0,136.19000000000005,berlinda,21,1.0,19758.48,5359.200000000001,35.20633864030738,96.25,Crítico,🟢 Abaixo viável,
NWT0710,Especial-NWT-apartamento-TOP-1Q,Carteira 5,AL,"Maceió, AL","Maceió, AL, Pajuçara",0,186,4056.18,35,4545.08,2025-11,0.5,0.472,15,30,352.43,280.0,6,2025-11-03,0.89,0.0,488.9000000000001,berlinda,6,2.0,5736.18,4896.18,15.059360891337453,60.62499999999999,Alta,🟢 Abaixo viável,
RHE201,Bombinhas-Mariscal-casa-JR-2Q,Carteira 6,SC,"Bombinhas, SC","Bombinhas, SC, Morrinhos",3,575,1493.98,15,1839.44,2025-11,0.4815,0.3028,13,30,147.85,166.0,12,2025-11-03,0.81,443.54999999999995,345.46000000000004,berlinda,12,3.0,3485.98,2453.1279999999997,10.391996114759563,34.6875,Média,🟢 Abaixo viável,
RVG0207,Florianopolis-Ingleses_Norte-apartamento-SUP-2Q,Carteira 1,SC,"Florianópolis, SC","Florianópolis, SC, Ingleses Norte",4,201,3016.26,46,3271.44,2025-11,0.5,0.244,13,30,289.85,249.55,11,2025-11-03,0.92,1159.4,255.17999999999984,berlinda,11,2.0,5761.31,4388.785,9.732742920548743,28.749999999999996,Média,🟢 Abaixo viável,
SHA0104,Balneario_Picarras-Geral-apartamento-SUP-2Q,Carteira 6,SC,"Balneário Piçarras, SC","Balneário Piçarras, SC, Centro",10,45,1156.22,47,1274.96,2025-11,0.45,0.1633,9,30,163.67,128.55,11,2025-11-03,0.91,1636.6999999999998,118.74000000000001,berlinda,11,1.0,2570.2700000000004,1792.5425,11.972161479575835,43.75,Média,🟢 Abaixo viável,
ELLC0000,Ilheus-Sul-apartamento-SUP-2Q,Carteira 2,BA,"Ilhéus, BA","Ilhéus, BA, Nossa Senhora da Vitória",3,67,1378.26,30,1557.2,2025-11,0.2222,0.2303,6,30,270.33,146.44,18,2025-11-03,0.89,810.99,178.94000000000005,berlinda,18,2.0,4014.1800000000003,1963.961424,8.413811199589007,18.75,Baixa,🟢 Abaixo viável,
FML202,Florianopolis-Canasvieiras_Perto-apartamento-JR-2Q,Carteira 1,SC,"Florianópolis, SC","Florianópolis, SC, Canasvieiras",8,638,2840.11,13,3406.37,2025-11,0.5909,0.3868,13,30,284.31,291.22,9,2025-11-03,0.83,2274.48,566.2599999999998,berlinda,9,2.0,5461.09,4388.847082,24.20556739285514,89.0625,Crítico,🟢 Abaixo viável,
NWT0504,Especial-NWT-apartamento-TOP-1Q,Carteira 5,AL,"Maceió, AL","Maceió, AL, Pajuçara",0,225,3993.04,35,4545.08,2025-11,0.5,0.472,15,30,309.47,290.47,15,2025-11-03,0.88,0.0,552.04,berlinda,15,2.0,8350.09,6171.5650000000005,17.640070009768806,73.4375,Alta,🟢 Abaixo viável,
SDR002,Florianopolis-Lagoa-apartamento-SUP-1Q,Carteira 1,SC,"Florianópolis, SC","Florianópolis, SC, Lagoa da Conceição",2,1575,2047.2,23,2256.32,2025-11,0.5714,0.4355,16,30,182.94,210.36,11,2025-11-03,0.91,365.88,209.12000000000012,berlinda,11,1.0,4361.16,3369.396744,19.49656218976033,79.0625,Alta,🟢 Abaixo viável,
JBV232,Especial-JBV-hotel-TOP-1Q,Especial,SC,"Florianópolis, SC","Florianópolis, SC, Jurerê",0,1093,9719.1,32,9873.54,2025-11,0.6667,0.5651,20,30,644.85,485.0,8,2025-11-03,0.98,0.0,154.4400000000005,berlinda,8,1.0,13599.1,12305.896,7.586276046888983,15.0,Baixa,🟢 Abaixo viável,
NWT0817,Especial-NWT-apartamento-TOP-1Q,Carteira 5,AL,"Maceió, AL","Maceió, AL, Pajuçara",0,186,3647.7,35,4545.08,2025-11,0.5,0.472,15,30,298.4,285.83,12,2025-11-03,0.8,0.0,897.3800000000001,berlinda,12,4.0,7077.66,5362.68,14.108559442298045,55.00000000000001,Alta,🟢 Abaixo viável,
SHT1701,Aguas_Claras-Geral-apartamento-JR-1Q,Carteira 1,DF,"Brasília, DF","Brasília, DF, Águas Claras",0,344,1379.57,77,1568.67,2025-11,0.2667,0.4094,8,30,183.88,180.42,19,2025-11-03,0.88,0.0,189.10000000000014,berlinda,19,2.0,4807.549999999999,2293.812266,10.874633288072065,36.5625,Média,🟢 Abaixo viável,
SPJ0105,Especial-SPJ-apartamento-TOP-1Q,Carteira 5,SC,"Florianópolis, SC","Florianópolis, SC, Jurerê",0,516,5075.31,19,5610.79,2025-11,0.5667,0.5559,17,30,342.05,250.33,9,2025-11-03,0.9,0.0,535.4799999999996,berlinda,9,3.0,7328.280000000001,6352.068099,7.963626536251277,16.5625,Baixa,🟢 Abaixo viável,
CON1206,Porto_Alegre-PUC_RS-apartamento-SUP-1Q,Carteira 4,RS,"Porto Alegre, RS","Porto Alegre, RS, Partenon",0,162,982.86,16,1000.02,2025-11,0.2333,0.2054,7,30,164.86,146.14,21,2025-11-03,0.98,0.0,17.159999999999968,berlinda,21,1.0,4051.7999999999997,1698.8437020000001,2.50771224575508,3.4375000000000004,Baixa,🟢 Abaixo viável,
IDI0306,Balneario_Camboriu-Centro-apartamento-SUP-2Q,Carteira 6,SC,"Balneário Camboriú, SC","Balneário Camboriú, SC, Barra Sul",0,177,3883.29,64,3923.17,2025-11,0.6333,0.3462,19,30,243.16,225.0,10,2025-11-03,0.99,0.0,39.88000000000011,berlinda,10,1.0,6133.29,5308.215,2.2871810296265584,2.5,Baixa,🟢 Abaixo viável,
SPJ0504,Especial-SPJ-apartamento-TOP-1Q,Carteira 5,SC,"Florianópolis, SC","Florianópolis, SC, Jurerê",0,381,5348.0,19,5610.79,2025-11,0.6667,0.5559,20,30,321.13,273.57,7,2025-11-03,0.95,0.0,262.78999999999996,berlinda,7,1.0,7262.99,6624.723833,12.813072722379555,49.6875,Média,🟢 Abaixo viável,
SSG0207,Florianopolis-UFSC-apartamento-TOP-1Q,Carteira 4,SC,"Florianópolis, SC","Florianópolis, SC, Córrego Grande",2,920,2283.83,13,2547.0,2025-11,0.4643,0.4161,13,30,214.08,233.93,14,2025-11-03,0.9,428.16,263.1700000000001,berlinda,14,2.0,5558.85,3804.421786,12.08546488025128,44.6875,Média,🟢 Abaixo viável,
BFT3015,Goiania-Leste-apartamento-SUP-1Q,Carteira 1_sys-price,GO,"Goiânia, GO","Goiânia, GO, Jardim Goiás",0,450,880.05,57,1049.75,2025-11,0.2333,0.2168,7,30,150.44,167.44,18,2025-11-03,0.84,0.0,169.70000000000005,berlinda,18,2.0,3893.9700000000003,1583.197536,13.533969040247682,52.81249999999999,Alta,🟢 Abaixo viável,
MMD0605,Ilheus-Sul-apartamento-SUP-2Q,Carteira 2,BA,"Ilhéus, BA","Ilhéus, BA, São Francisco",0,46,1424.92,30,1557.2,2025-11,0.2667,0.2303,8,30,229.38,178.29,21,2025-11-03,0.92,0.0,132.27999999999997,berlinda,21,1.0,5169.01,2423.4688029999998,15.145261494991008,61.5625,Alta,🟢 Abaixo viável,
NWT0919,Especial-NWT-apartamento-TOP-1Q,Carteira 5,AL,"Maceió, AL","Maceió, AL, Pajuçara",0,214,4286.32,35,4545.08,2025-11,0.6333,0.472,19,30,283.05,320.64,11,2025-11-03,0.94,0.0,258.7600000000002,berlinda,11,1.0,7813.36,6519.9944319999995,18.25464159046707,75.3125,Alta,🟢 Abaixo viável,
ONI0002,Barra_Velha-Tabuleiro-casa-JR-2Q,Carteira 3,SC,"Barra Velha, SC","Barra Velha, SC, Tabuleiro",0,4,1286.22,10,1356.11,2025-11,0.4333,0.1403,13,30,129.23,211.76,17,2025-11-03,0.95,0.0,69.88999999999987,berlinda,17,1.0,4886.14,2846.065336,10.913499937320701,36.875,Média,🟢 Abaixo viável,
CFA0508,Florianopolis-Centrao-apartamento-JR-1Q,Carteira 4,SC,"Florianópolis, SC","Florianópolis, SC, Centro",0,50,2098.22,67,2150.88,2025-11,0.2333,0.3865,7,30,192.21,152.25,16,2025-11-03,0.98,0.0,52.66000000000031,berlinda,16,1.0,4534.219999999999,2666.5388,3.7275371010935268,5.3125,Baixa,🟢 Abaixo viável,
COM305,Florianopolis-Santinho-apartamento-SUP-2Q,Carteira 1,SC,"Florianópolis, SC","Florianópolis, SC, Ingleses do Rio Vermelho",0,1529,4263.97,11,4335.83,2025-11,0.4667,0.4023,14,30,423.07,196.07,14,2025-11-03,0.98,0.0,71.85999999999967,berlinda,14,1.0,7008.950000000001,5545.052166,3.2495716391094525,4.375,Baixa,🟢 Abaixo viável,
EDT0009,Porto_Seguro-Pataxos-apartamento-SUP-2Q,Carteira 2,BA,"Porto Seguro, BA","Porto Seguro, BA, Taperapuan",0,568,2542.14,27,2773.76,2025-11,0.5,0.3147,15,30,185.47,204.42,12,2025-11-03,0.92,0.0,231.62000000000035,berlinda,12,2.0,4995.18,3768.66,8.534941811836653,20.0,Média,🟢 Abaixo viável,
NWT0503,Especial-NWT-apartamento-TOP-1Q,Carteira 5,AL,"Maceió, AL","Maceió, AL, Pajuçara",0,365,4264.37,35,4545.08,2025-11,0.5333,0.472,16,30,300.0,309.5,12,2025-11-03,0.94,0.0,280.71000000000004,berlinda,12,1.0,7978.37,6245.0462,19.115118985804433,78.125,Alta,🟢 Abaixo viável,
OKA206,Florianopolis-Campeche-apartamento-TOP-1Q,Carteira 1,SC,"Florianópolis, SC","Florianópolis, SC, Campeche",20,35,2313.69,21,2358.75,2025-11,1.0,0.3461,10,30,285.4,,0,2025-11-03,0.98,5708.0,45.059999999999945,berlinda,0,0.0,,,,,Baixa,🔴 Abaixo inviável,
VRN302,Florianopolis-Jurere_Tradicional-apartamento-TOP-2Q,Carteira 1,SC,"Florianópolis, SC","Florianópolis, SC, Jurerê",4,653,8010.14,20,9043.7,2025-11,0.7692,0.4401,20,30,545.1,563.83,6,2025-11-03,0.89,2180.4,1033.5600000000004,berlinda,6,2.0,11393.12,10612.328216,32.21867901412034,94.0625,Crítico,🟢 Abaixo viável,
ELF0412,Bombinhas-Bombas-apartamento-SUP-1Q,Especial,SC,"Bombinhas, SC","Bombinhas, SC, José Amândio",14,192,2072.65,42,2313.9,2025-11,0.8125,0.3861,13,30,190.62,188.0,3,2025-11-03,0.9,2668.6800000000003,241.25,berlinda,3,2.0,2636.65,2530.9,9.800553178616187,29.6875,Média,🟢 Abaixo viável,
NWT0606,Especial-NWT-apartamento-TOP-1Q,Carteira 5,AL,"Maceió, AL","Maceió, AL, Pajuçara",0,215,3819.21,35,4545.08,2025-11,0.5,0.472,15,30,308.2,263.71,14,2025-11-03,0.84,0.0,725.8699999999999,berlinda,14,3.0,7511.15,5665.18,14.038563142269588,54.37499999999999,Alta,🟢 Abaixo viável,
EVE0104,Florianopolis-Ingleses_Praia-apartamento-JR-3Q,Carteira 1,SC,"Florianópolis, SC","Florianópolis, SC, Ingleses do Rio Vermelho",0,204,2360.52,45,2856.0,2025-11,0.3333,0.2847,10,30,260.5,272.95,19,2025-11-03,0.83,0.0,495.48,berlinda,19,2.0,7546.57,4089.030465,23.676692226890754,87.8125,Crítico,🟢 Abaixo viável,
VST007,Especial-VST-casa-TOP-1Q,Carteira 5,SC,"Anitápolis, SC","Anitápolis, SC, Rio dos Pinheiros",2,245,1464.47,42,1530.85,2025-11,0.1786,0.1234,5,30,357.6,197.05,22,2025-11-03,0.96,715.2,66.37999999999988,berlinda,22,1.0,5799.570000000001,2238.71886,8.544389718130436,20.3125,Média,🟢 Abaixo viável,
LIV1509,Salvador-Graca-apartamento-TOP-1Q,Especial,BA,"Salvador, BA","Salvador, BA, Vitória",1,22,3138.99,10,3417.57,2025-11,0.5862,0.3374,17,30,233.06,280.5,12,2025-11-03,0.92,233.06,278.5800000000004,berlinda,12,1.0,6504.99,5112.1392,22.864693334737872,86.5625,Crítico,🟢 Abaixo viável,
RBR0003,Salvador-Flamengo-apartamento-JR-2Q,Carteira 2,BA,"Salvador, BA","Salvador, BA, Praia do Flamengo",0,45,1397.46,26,1727.03,2025-11,0.3,0.2716,9,30,177.56,159.05,21,2025-11-03,0.81,0.0,329.56999999999994,berlinda,21,3.0,4737.51,2399.4750000000004,10.117197056989937,32.8125,Média,🟢 Abaixo viável,
RGO0502,Itapema-Meia_Praia-Sul-apartamento-SUP-2Q,Carteira 6,SC,"Itapema, SC","Itapema, SC, Castelo Branco",4,698,2645.8,12,3299.32,2025-11,0.6154,0.2381,16,30,237.88,207.2,10,2025-11-03,0.8,951.52,653.52,berlinda,10,4.0,4717.8,3920.9088,10.26039790017337,33.4375,Média,🟢 Abaixo viável,
CNA012,Especial-CNA-casa-MASTER-1Q,Especial,SP,"Campos do Jordão, SP","Campos do Jordão, SP, Jardim Europa",0,1016,5352.85,25,6397.17,2025-11,0.2667,0.3129,8,30,587.73,599.95,19,2025-11-03,0.84,0.0,1044.3199999999997,berlinda,19,2.0,16751.9,8392.976635,48.97007457985327,98.75,Crítico,🟢 Abaixo viável,
DAL207,Canela-Geral-apartamento-SUP-2Q,Carteira 4,RS,"Canela, RS","Canela, RS, São José",0,220,3666.99,19,3864.1,2025-11,0.5,0.4102,15,30,329.6,321.21,14,2025-11-03,0.95,0.0,197.11000000000013,berlinda,14,1.0,8163.929999999999,5915.459999999999,16.385109883284603,66.5625,Alta,🟢 Abaixo viável,
NDE0003,Florianopolis-Campeche-apartamento-SUP-1Q,Carteira 1,SC,"Florianópolis, SC","Florianópolis, SC, Ribeirão da Ilha",0,206,1661.95,22,1969.86,2025-11,0.3,0.3561,9,30,221.0,249.37,19,2025-11-03,0.84,0.0,307.90999999999985,berlinda,19,2.0,6399.98,3083.3590000000004,19.489587254931813,78.75,Alta,🟢 Abaixo viável,
TCO0712,Porto_Alegre-Centro_Historico-apartamento-SUP-1Q,Carteira 4,RS,"Porto Alegre, RS","Porto Alegre, RS, Centro Histórico",0,555,1277.75,65,1297.34,2025-11,0.3667,0.2842,11,30,128.29,125.6,15,2025-11-03,0.98,0.0,19.589999999999918,berlinda,15,1.0,3161.75,1968.6127999999999,1.8965760710376538,1.875,Baixa,🟢 Abaixo viável,
SPJ0102,Especial-SPJ-apartamento-TOP-1Q,Carteira 5,SC,"Florianópolis, SC","Florianópolis, SC, Jurerê",0,210,4516.42,19,5610.79,2025-11,0.5333,0.5559,16,30,324.11,242.09,11,2025-11-03,0.8,0.0,1094.37,berlinda,11,5.0,7179.41,5936.592567,9.443805000721822,26.25,Média,🟢 Abaixo viável,
CBLS0102,Brasilia-Vila_Planalto-apartamento-TOP-1Q,Carteira 1,DF,"Brasília, DF","Brasília, DF, Setor de Clubes Esportivos Sul",3,177,5387.12,13,6384.52,2025-11,0.7407,0.6382,20,30,342.0,348.57,7,2025-11-03,0.84,1026.0,997.4000000000005,berlinda,7,3.0,7827.11,7194.420593,18.15138898460652,75.0,Alta,🟢 Abaixo viável,
ERM0102,Balneario_Camboriu-Centro-apartamento-SUP-3Q,Carteira 6,SC,"Balneário Camboriú, SC","Balneário Camboriú, SC, Centro",3,25,2977.95,71,3587.4,2025-11,0.4074,0.3532,11,30,232.19,228.8,10,2025-11-03,0.83,696.5699999999999,609.4500000000003,berlinda,10,3.0,5265.95,3910.0811999999996,12.956659419077889,50.0,Alta,🟢 Abaixo viável,
LIV1011,Salvador-Graca-apartamento-TOP-1Q,Especial,BA,"Salvador, BA","Salvador, BA, Vitória",0,145,3120.09,10,3417.57,2025-11,0.5333,0.3374,16,30,231.81,263.0,14,2025-11-03,0.91,0.0,297.48,berlinda,14,2.0,6802.09,5083.7006,11.446325898225933,40.9375,Média,🟢 Abaixo viável,
ODM1203,Sao_Paulo-Mariana-apartamento-SUP-1Q,Carteira 4,SP,"São Paulo, SP","São Paulo, SP, Vila Mariana",3,39,1836.35,169,2292.45,2025-11,0.4815,0.3968,13,30,168.85,174.77,13,2025-11-03,0.8,506.54999999999995,456.0999999999999,berlinda,13,3.0,4108.360000000001,2930.322815,11.590597686608945,41.5625,Média,🟢 Abaixo viável,
RJI0046,Ubatuba-Itagua-apartamento-JR-2Q,Carteira 4,SP,"Ubatuba, SP","Ubatuba, SP, Itaguá",0,375,2109.92,136,2335.8,2025-11,0.3333,0.3207,10,30,238.8,266.74,19,2025-11-03,0.9,0.0,225.8800000000001,berlinda,19,1.0,7177.9800000000005,3799.1043980000004,25.79468755886635,90.3125,Crítico,🟢 Abaixo viável,
VST018,Especial-VST-casa-TOP-1Q,Carteira 5,SC,"Anitápolis, SC","Anitápolis, SC, Rio dos pinheiros",2,123,1244.68,42,1530.85,2025-11,0.2143,0.1234,6,30,289.5,188.1,21,2025-11-03,0.81,579.0,286.16999999999985,berlinda,21,2.0,5194.78,2091.18643,17.581270862592667,72.8125,Alta,🟢 Abaixo viável,
CDV042,Ubatuba-Estufa-apartamento-JR-2Q,Carteira 4,SP,"Ubatuba, SP","Ubatuba, SP, Estufa II",0,799,2847.19,12,3404.43,2025-11,0.6,0.3824,18,30,187.11,167.44,9,2025-11-03,0.84,0.0,557.2399999999998,berlinda,9,4.0,4354.15,3751.366,6.851680428148026,13.125,Baixa,🟢 Abaixo viável,
JBV152,Especial-JBV-hotel-TOP-1Q,Especial,SC,"Florianópolis, SC","Florianópolis, SC, Jurerê",0,1121,8743.24,32,9873.54,2025-11,0.5667,0.5651,17,30,734.47,595.82,11,2025-11-03,0.89,0.0,1130.300000000001,berlinda,11,2.0,15297.26,12457.403134,34.10404707936569,95.3125,Crítico,🟢 Abaixo viável,
MHFA0605,Itapema-Canto_Praia-apartamento-SUP-1Q,Carteira 5,SC,"Itapema, SC","Itapema, SC, Centro",0,374,2339.66,9,2579.11,2025-11,0.4333,0.2266,13,30,208.15,184.35,17,2025-11-03,0.91,0.0,239.45000000000027,berlinda,17,2.0,5473.61,3697.6005349999996,8.557720977391433,20.625,Média,🟢 Abaixo viável,
ISC1511,Sao_Paulo-Republica-apartamento-TOP-1Q,Carteira 4,SP,"São Paulo, SP","São Paulo, SP, Vila Buarque",0,499,3326.42,101,3885.21,2025-11,0.6333,0.5013,19,30,219.58,213.7,10,2025-11-03,0.86,0.0,558.79,berlinda,10,3.0,5463.42,4679.7821,10.245128148371215,33.125,Média,🟢 Abaixo viável,
MHFA1204,Itapema-Canto_Praia-apartamento-SUP-1Q,Carteira 5,SC,"Itapema, SC","Itapema, SC, Centro",0,479,2529.52,9,2579.11,2025-11,0.5,0.2266,15,30,199.13,170.8,15,2025-11-03,0.98,0.0,49.590000000000146,berlinda,15,1.0,5091.52,3810.52,3.284067759808626,4.6875,Baixa,🟢 Abaixo viável,
HAL103,Florianopolis-Novo_Campeche-apartamento-TOP-1Q,Carteira 1,SC,"Florianópolis, SC","Florianópolis, SC, Campeche",1,820,4223.12,45,3953.83,2025-11,0.5517,0.4453,16,30,326.94,310.08,13,2025-11-03,1.07,326.94,-269.28999999999996,berlinda,13,-0.0,8254.16,6447.044768,,33.88888888888889,Risco Baixo,🟡 Acima com risco,162.49999999999986
PSOA0607,Penha-Beto_Carrero-apartamento-SUP-1Q,Carteira 3,SC,"Penha, SC","Penha, SC, Praia de Armação do Itapocoroi",0,93,1895.3,12,1751.85,2025-11,0.2667,0.2595,8,30,214.1,179.55,20,2025-11-03,1.08,0.0,-143.45000000000005,berlinda,20,-0.0,5486.3,2853.0197,,55.00000000000001,Risco Médio,🟡 Acima com risco,222.22222222222203
ZNB1304,Salvador-Barra-apartamento-SUP-1Q,Carteira 2,BA,"Salvador, BA","Salvador, BA, Barra",0,172,2791.56,195,2712.93,2025-11,0.6333,0.4447,19,30,193.26,242.82,11,2025-11-03,1.03,0.0,-78.63000000000011,berlinda,11,-0.0,5462.58,4483.116966,,65.27777777777779,Risco Médio,🟡 Acima com risco,274.9999999999998
BPA0103,Sao_Paulo-Bela_Vista-apartamento-TOP-1Q,Carteira 4,SP,"São Paulo, SP","São Paulo, SP, Bela Vista",0,177,3810.94,218,3489.59,2025-11,0.5667,0.4792,17,30,265.12,314.62,13,2025-11-03,1.09,0.0,-321.3499999999999,berlinda,13,-1.0,7901.0,6128.777002,,23.055555555555557,Risco Baixo,🟡 Acima com risco,129.9999999999999
DON0504,Balneario_Camboriu-Norte-apartamento-SUP-3Q,Carteira 6,SC,"Balneário Camboriú, SC","Balneário Camboriú, SC, Centro",1,108,6395.2,27,6009.07,2025-11,0.7586,0.3773,22,30,349.64,228.75,4,2025-11-03,1.06,349.64,-386.1300000000001,berlinda,4,-1.0,7310.2,7089.3189999999995,,4.166666666666666,Sem Risco,🟡 Acima com risco,57.14285714285709
CAT406,Florianopolis-Centrao-apartamento-JR-1Q,Carteira 4,SC,"Florianópolis, SC","Florianópolis, SC, Centro",0,1520,2316.68,67,2150.88,2025-11,0.4,0.3865,12,30,242.33,183.28,18,2025-11-03,1.08,0.0,-165.79999999999973,berlinda,18,-0.0,5615.719999999999,3636.296,,49.166666666666664,Risco Baixo,🟡 Acima com risco,199.99999999999983
ECH113,Florianopolis-Centrao-apartamento-TOP-1Q,Carteira 4,SC,"Florianópolis, SC","Florianópolis, SC, Centro",0,638,3465.12,24,3174.01,2025-11,0.5333,0.2825,16,30,340.44,278.64,14,2025-11-03,1.09,0.0,-291.1099999999997,berlinda,14,-1.0,7366.08,5545.501968,,27.22222222222222,Risco Baixo,🟡 Acima com risco,139.9999999999999
SDR005,Florianopolis-Lagoa-apartamento-SUP-1Q,Carteira 1,SC,"Florianópolis, SC","Florianópolis, SC, Lagoa da Conceição",0,1569,2324.56,23,2256.32,2025-11,0.5333,0.4355,16,30,169.06,207.79,14,2025-11-03,1.03,0.0,-68.23999999999978,berlinda,14,-0.0,5233.62,3875.961698,,74.72222222222223,Risco Médio,🟡 Acima com risco,349.9999999999997
ALI024,Florianopolis-Cachoeira_Bom_Jesus-casa-SUP-4Q,Carteira 1,SC,"Florianópolis, SC","Florianópolis, SC, Cachoeira do Bom Jesus",5,739,8677.98,7,8125.34,2025-11,0.48,0.2838,12,30,953.42,501.2,10,2025-11-03,1.07,4767.099999999999,-552.6399999999994,berlinda,10,-1.0,13689.98,11083.74,,22.22222222222222,Risco Baixo,🟡 Acima com risco,124.99999999999989
MHFB0506,Itapema-Canto_Praia-apartamento-SUP-1Q,Carteira 5,SC,"Itapema, SC","Itapema, SC, Centro",0,457,2830.91,9,2579.11,2025-11,0.6,0.2266,18,30,176.67,192.75,12,2025-11-03,1.1,0.0,-251.79999999999973,berlinda,12,-1.0,5143.91,4218.71,,16.666666666666664,Sem Risco,🟡 Acima com risco,109.090909090909
PAN0301,Salvador-Barra-apartamento-SUP-2Q,Carteira 2,BA,"Salvador, BA","Salvador, BA, Barra",5,414,3870.99,27,3669.15,2025-11,0.72,0.4634,18,30,274.33,292.0,7,2025-11-03,1.06,1371.6499999999999,-201.8399999999997,berlinda,7,-0.0,5914.99,5342.67,,12.222222222222221,Sem Risco,🟡 Acima com risco,99.9999999999999
TCO0811,Porto_Alegre-Centro_Historico-apartamento-SUP-1Q,Carteira 4,RS,"Porto Alegre, RS","Porto Alegre, RS, Centro Histórico",0,499,1292.75,65,1297.34,2025-11,0.4333,0.2842,13,30,124.77,132.67,15,2025-11-03,1.0,0.0,4.589999999999918,berlinda,15,1.0,3282.7999999999997,2155.038665,,99.16666666666667,Risco Alto,🟡 Acima com risco,1499.9999999999986
SKL1003,Penha-Praia-apartamento-SUP-2Q,Carteira 6,SC,"Penha, SC","Penha, SC, Armação",0,37,3859.68,48,3553.4,2025-11,0.6667,0.3831,20,30,297.0,189.0,7,2025-11-03,1.09,0.0,-306.27999999999975,berlinda,7,-1.0,5182.68,4741.724099999999,,6.944444444444445,Sem Risco,🟡 Acima com risco,69.99999999999994
APC0207,Florianopolis-Itacorubi-apartamento-TOP-1Q,Carteira 4,SC,"Florianópolis, SC","Florianópolis, SC, Itacorubi",0,219,2287.36,22,2180.08,2025-11,0.2667,0.4104,8,30,345.0,335.21,19,2025-11-03,1.05,0.0,-107.2800000000002,berlinda,19,-0.0,8656.35,3985.9696329999997,,71.94444444444444,Risco Médio,🟡 Acima com risco,316.6666666666664
NWT0611,Especial-NWT-apartamento-TOP-1Q,Carteira 5,AL,"Maceió, AL","Maceió, AL, Pajuçara",0,215,4773.63,35,4545.08,2025-11,0.6667,0.472,20,30,286.85,327.8,10,2025-11-03,1.05,0.0,-228.55000000000018,berlinda,10,-0.0,8051.63,6959.0725999999995,,36.94444444444444,Risco Baixo,🟡 Acima com risco,166.66666666666654
ILC1211,Especial-ILC-hotel-JR-1Q,Especial,SC,"Florianópolis, SC","Florianópolis, SC, Jurerê Internacional",0,1971,7470.11,16,7488.19,2025-11,0.4333,0.4706,13,30,676.54,469.4,15,2025-11-03,1.0,0.0,18.079999999999927,berlinda,15,1.0,14511.11,10520.9753,,99.16666666666667,Risco Alto,🟡 Acima com risco,1499.9999999999986
RJH0101,Camaçari-Itacimirim-apartamento-TOP-2Q,Carteira 2,BA,"Camaçari, BA","Camaçari, BA, Itacimirim",5,275,2603.02,13,2427.29,2025-11,0.4,0.2389,10,30,328.1,281.86,14,2025-11-03,1.07,1640.5,-175.73000000000002,berlinda,14,-0.0,6549.0599999999995,4181.436,,41.66666666666667,Risco Baixo,🟡 Acima com risco,174.99999999999986
CTD0401,Penha-Longe-apartamento-JR-2Q,Carteira 6,SC,"Penha, SC","Penha, SC, Centro",0,233,2285.94,23,2196.82,2025-11,0.6,0.3753,18,30,154.11,130.11,9,2025-11-03,1.04,0.0,-89.11999999999989,berlinda,9,-0.0,3456.9300000000003,2988.534,,43.888888888888886,Risco Baixo,🟡 Acima com risco,179.99999999999983
ILC4202,Especial-ILC-hotel-TOP-1Q,Especial,SC,"Florianópolis, SC","Florianópolis, SC, Jurerê Internacional",0,1347,10539.39,28,10075.49,2025-11,0.6333,0.5987,19,30,703.21,596.0,10,2025-11-03,1.05,0.0,-463.89999999999964,berlinda,10,-0.0,16499.39,14313.858,,36.94444444444444,Risco Baixo,🟡 Acima com risco,166.66666666666654
ONP0920,Sao_Paulo-Bela_Vista-apartamento-SUP-1Q,Carteira 4,SP,"São Paulo, SP","São Paulo, SP, Paraíso",0,59,2946.12,577,2932.4,2025-11,0.6,0.4661,18,30,193.06,190.09,11,2025-11-03,1.0,0.0,-13.7199999999998,berlinda,11,-0.0,5037.110000000001,4200.714,,94.72222222222221,Risco Alto,🟡 Acima com risco,1099.999999999999
CEG0202,Florianopolis-Jurere_Longe-apartamento-SUP-1Q,Carteira 1,SC,"Florianópolis, SC","Florianópolis, SC, Jurerê",8,523,3622.29,16,3417.68,2025-11,0.7727,0.3152,17,30,251.71,187.25,4,2025-11-03,1.06,2013.68,-204.61000000000013,berlinda,4,-1.0,4371.29,4201.0423,,4.166666666666666,Sem Risco,🟡 Acima com risco,57.14285714285709
NWT1316,Especial-NWT-apartamento-MASTER-1Q,Carteira 5,AL,"Maceió, AL","Maceió, AL, Pajuçara",0,368,5683.79,26,5361.2,2025-11,0.4667,0.5855,14,30,441.73,430.6,15,2025-11-03,1.06,0.0,-322.59000000000015,berlinda,15,-0.0,12142.79,8698.2053,,52.5,Risco Médio,🟡 Acima com risco,214.28571428571408
UPS1002,Porto_Belo-Geral-apartamento-JR-3Q,Carteira 6,SC,"Porto Belo, SC","Porto Belo, SC, Perequê",0,99,3374.48,22,3080.34,2025-11,0.5667,0.2233,17,30,243.12,176.92,13,2025-11-03,1.1,0.0,-294.1399999999999,berlinda,13,-1.0,5674.4400000000005,4677.867332,,20.0,Risco Baixo,🟡 Acima com risco,118.18181818181807
VTD0302,Florianopolis-UFSC-apartamento-SUP-1Q,Carteira 4,SC,"Florianópolis, SC","Florianópolis, SC, Trindade",1,137,1968.85,37,1897.84,2025-11,0.3448,0.3378,10,30,247.7,350.0,18,2025-11-03,1.04,247.7,-71.00999999999999,berlinda,18,-0.0,8268.85,4141.09,,76.11111111111111,Risco Médio,🟡 Acima com risco,359.99999999999966
BMC1008,Florianopolis-Beira_Mar-apartamento-TOP-1Q,Carteira 4,SC,"Florianópolis, SC","Florianópolis, SC, Centro",0,66,4895.25,12,4501.17,2025-11,0.7667,0.4338,23,30,277.78,268.71,7,2025-11-03,1.09,0.0,-394.0799999999999,berlinda,7,-1.0,6776.219999999999,6337.389699,,6.944444444444445,Sem Risco,🟡 Acima com risco,69.99999999999994
JBV157,Especial-JBV-hotel-TOP-1Q,Especial,SC,"Florianópolis, SC","Florianópolis, SC, Jurerê",0,1121,10767.98,32,9873.54,2025-11,0.7,0.5651,21,30,636.76,548.78,9,2025-11-03,1.09,0.0,-894.4399999999987,berlinda,9,-1.0,15707.0,14225.294,,10.277777777777777,Sem Risco,🟡 Acima com risco,89.99999999999991
RJE0980,Gramado-Geral-casa-JR-4Q,Carteira 4,RS,"Gramado, RS","Gramado, RS, Casa Grande",7,394,6360.59,10,5999.72,2025-11,0.6087,0.3814,14,30,606.07,549.63,8,2025-11-03,1.06,4242.490000000001,-360.8699999999999,berlinda,8,-0.0,10757.630000000001,9037.068248,,18.61111111111111,Sem Risco,🟡 Acima com risco,114.28571428571418
NWT0713,Especial-NWT-apartamento-TOP-1Q,Carteira 5,AL,"Maceió, AL","Maceió, AL, Pajuçara",0,180,4693.19,35,4545.08,2025-11,0.6333,0.472,19,30,309.95,327.64,11,2025-11-03,1.03,0.0,-148.10999999999967,berlinda,11,-0.0,8297.23,6975.628531999999,,65.27777777777779,Risco Médio,🟡 Acima com risco,274.9999999999998
NWT1320,Especial-NWT-apartamento-TOP-1Q,Carteira 5,AL,"Maceió, AL","Maceió, AL, Pajuçara",0,72,4554.22,35,4545.08,2025-11,0.5667,0.472,17,30,336.24,293.0,10,2025-11-03,1.0,0.0,-9.140000000000327,berlinda,10,-0.0,7484.22,6214.651,,93.33333333333333,Risco Alto,🟡 Acima com risco,999.9999999999991
PSD301,Florianopolis-Jurere_Tradicional-apartamento-SIM-2Q,Carteira 1,SC,"Florianópolis, SC","Florianópolis, SC, Jurerê",0,1990,3132.15,16,2934.35,2025-11,0.5,0.4437,15,30,254.13,237.64,14,2025-11-03,1.07,0.0,-197.80000000000018,berlinda,14,-0.0,6459.110000000001,4795.63,,41.66666666666667,Risco Baixo,🟡 Acima com risco,174.99999999999986
ELF0402,Bombinhas-Bombas-apartamento-SUP-1Q,Especial,SC,"Bombinhas, SC","Bombinhas, SC, José Amândio",2,187,2445.72,42,2313.9,2025-11,0.4286,0.3861,12,30,242.25,294.63,16,2025-11-03,1.06,484.5,-131.8199999999997,berlinda,16,-0.0,7159.799999999999,4466.174687999999,,55.833333333333336,Risco Médio,🟡 Acima com risco,228.57142857142836
RGV115,Bombinhas-Bombas-casa-JR-3Q,Carteira 6,SC,"Bombinhas, SC","Bombinhas, SC, Bombas",0,780,3477.85,12,3168.9,2025-11,0.5667,0.2906,17,30,257.82,186.23,13,2025-11-03,1.1,0.0,-308.9499999999998,berlinda,13,-1.0,5898.84,4849.825033,,20.0,Risco Baixo,🟡 Acima com risco,118.18181818181807
TVT904,Florianopolis-Centrao-apartamento-MASTER-1Q,Carteira 4,SC,"Florianópolis, SC","Florianópolis, SC, Centro",0,841,5212.08,26,4986.45,2025-11,0.5,0.3621,15,30,423.8,343.08,13,2025-11-03,1.05,0.0,-225.6300000000001,berlinda,13,-0.0,9672.119999999999,7442.1,,53.61111111111111,Risco Médio,🟡 Acima com risco,216.6666666666665
ILC2307,Especial-ILC-hotel-TOP-1Q,Especial,SC,"Florianópolis, SC","Florianópolis, SC, Jurerê Internacional",8,1776,10180.5,28,10075.49,2025-11,0.7727,0.5987,17,30,744.53,501.6,5,2025-11-03,1.01,5956.24,-105.01000000000022,berlinda,5,-0.0,12688.5,12118.4316,,60.27777777777777,Risco Médio,🟡 Acima com risco,249.99999999999977
NWT0902,Especial-NWT-apartamento-TOP-1Q,Carteira 5,AL,"Maceió, AL","Maceió, AL, Pajuçara",0,221,4891.85,35,4545.08,2025-11,0.6667,0.472,20,30,306.0,283.22,9,2025-11-03,1.08,0.0,-346.77000000000044,berlinda,9,-1.0,7440.830000000001,6591.254966,,14.722222222222223,Sem Risco,🟡 Acima com risco,99.99999999999991
VRE102,Bombinhas-Bombas-apartamento-SUP-2Q,Carteira 6,SC,"Bombinhas, SC","Bombinhas, SC, Bombas",1,564,2801.23,65,2674.82,2025-11,0.5862,0.3289,17,30,183.24,188.7,10,2025-11-03,1.05,183.24,-126.40999999999985,berlinda,10,-0.0,4688.23,3907.3894,,36.94444444444444,Risco Baixo,🟡 Acima com risco,166.66666666666654
EDG401,Balneario_Camboriu-Centro-apartamento-JR-3Q,Carteira 6,SC,"Balneário Camboriú, SC","Balneário Camboriú, SC, Centro",0,957,4071.36,33,4032.82,2025-11,0.6,0.3543,18,30,225.56,238.92,12,2025-11-03,1.01,0.0,-38.539999999999964,berlinda,12,-0.0,6938.4,5791.584,,86.66666666666667,Risco Alto,🟡 Acima com risco,599.9999999999995
IDVB2602,Goiania-Central-2-apartamento-SUP-1Q,Carteira 1_sys-price,GO,"Goiânia, GO","Goiânia, GO, Setor Oeste",1,313,457.11,22,438.94,2025-11,0.1034,0.171,3,30,176.0,204.92,25,2025-11-03,1.04,176.0,-18.170000000000016,berlinda,25,-0.0,5580.11,986.8281999999999,,83.05555555555556,Risco Alto,🟡 Acima com risco,499.99999999999955
JBV465,Especial-JBV-hotel-JR-1Q,Especial,SC,"Florianópolis, SC","Florianópolis, SC, Jurerê",0,1842,8365.89,25,7947.66,2025-11,0.6,0.4701,18,30,534.18,477.0,8,2025-11-03,1.05,0.0,-418.22999999999956,berlinda,8,-0.0,12181.89,10655.49,,24.72222222222222,Risco Baixo,🟡 Acima com risco,133.33333333333323
RVG101,Florianopolis-Ingleses_Norte-apartamento-TOP-3Q,Carteira 1,SC,"Florianópolis, SC","Florianópolis, SC, Ingleses do Rio Vermelho",4,550,4418.36,14,4032.42,2025-11,0.6538,0.3184,17,30,328.47,522.67,9,2025-11-03,1.1,1313.88,-385.9399999999996,berlinda,9,-0.0,9122.39,7493.854814,,8.333333333333332,Sem Risco,🟡 Acima com risco,81.81818181818174
ETC0028,Florianopolis-Centrao-apartamento-SUP-3Q,Carteira 4,SC,"Florianópolis, SC","Florianópolis, SC, Centro",0,180,5562.46,20,5163.37,2025-11,0.4333,0.4306,13,30,494.54,385.47,17,2025-11-03,1.08,0.0,-399.09000000000015,berlinda,17,-1.0,12115.45,8401.870567,,46.666666666666664,Risco Baixo,🟡 Acima com risco,188.88888888888874
MHFA0804,Itapema-Canto_Praia-apartamento-SUP-1Q,Carteira 5,SC,"Itapema, SC","Itapema, SC, Centro",0,9,2704.13,9,2579.11,2025-11,0.5667,0.2266,17,30,179.88,189.62,13,2025-11-03,1.05,0.0,-125.01999999999998,berlinda,13,-0.0,5169.1900000000005,4101.0795020000005,,53.61111111111111,Risco Médio,🟡 Acima com risco,216.6666666666665
DLH0105,Gramado-Centro-apartamento-TOP-2Q,Carteira 4,RS,"Gramado, RS","Gramado, RS, Centro",2,451,10461.04,55,9753.75,2025-11,0.75,0.6489,21,30,629.62,583.0,5,2025-11-03,1.07,1259.24,-707.2900000000009,berlinda,5,-1.0,13376.04,12647.29,,5.0,Sem Risco,🟡 Acima com risco,62.49999999999994
JBV106,Especial-JBV-hotel-JR-1Q,Especial,SC,"Florianópolis, SC","Florianópolis, SC, Jurerê",4,1698,8297.73,25,7947.66,2025-11,0.6923,0.4701,18,30,527.16,371.57,7,2025-11-03,1.04,2108.64,-350.0699999999997,berlinda,7,-0.0,10898.72,10098.395376999999,,27.22222222222222,Risco Baixo,🟡 Acima com risco,139.9999999999999
JQP0521,Sao_Paulo-Republica-apartamento-JR-1Q,Carteira 4,SP,"São Paulo, SP","São Paulo, SP, Centro Histórico de São Paulo",0,89,2029.89,286,1896.24,2025-11,0.5667,0.4208,17,30,143.0,128.82,11,2025-11-03,1.07,0.0,-133.6500000000001,berlinda,11,-1.0,3446.91,2832.915234,,26.111111111111114,Risco Baixo,🟡 Acima com risco,137.4999999999999
SCO0003,Florianopolis-Campeche-apartamento-JR-1Q,Carteira 1,SC,"Florianópolis, SC","Florianópolis, SC, Campeche",6,207,1221.79,21,1126.05,2025-11,0.3333,0.2771,8,30,183.25,178.31,16,2025-11-03,1.09,1099.5,-95.74000000000001,berlinda,16,-0.0,4074.75,2172.681568,,32.77777777777778,Risco Baixo,🟡 Acima com risco,159.99999999999986
TPS306,Florianopolis-Canasvieiras_Meio-apartamento-TOP-1Q,Carteira 1,SC,"Florianópolis, SC","Florianópolis, SC, Canasvieiras",0,995,3586.44,24,3347.91,2025-11,0.6,0.437,18,30,263.67,325.17,12,2025-11-03,1.07,0.0,-238.5300000000002,berlinda,12,-0.0,7488.48,5927.664,,31.944444444444443,Risco Baixo,🟡 Acima com risco,149.9999999999999
EVA806,Florianopolis-Centrao-apartamento-SUP-1Q,Carteira 4,SC,"Florianópolis, SC","Florianópolis, SC, Centro",0,505,2869.28,114,2659.14,2025-11,0.5,0.3255,15,30,217.47,223.27,15,2025-11-03,1.08,0.0,-210.14000000000033,berlinda,15,-0.0,6218.33,4543.805,,35.0,Risco Baixo,🟡 Acima com risco,166.66666666666652
ILC3405,Especial-ILC-hotel-JR-1Q,Especial,SC,"Florianópolis, SC","Florianópolis, SC, Jurerê Internacional",0,1832,7957.75,16,7488.19,2025-11,0.5,0.4706,15,30,625.07,511.31,13,2025-11-03,1.06,0.0,-469.5600000000004,berlinda,13,-0.0,14604.779999999999,11281.265,,45.27777777777778,Risco Baixo,🟡 Acima com risco,185.71428571428555
RGF1211,Salvador-Flamengo-apartamento-TOP-1Q,Carteira 2,BA,"Salvador, BA","Salvador, BA, Itapuã",0,72,2947.33,27,2876.83,2025-11,0.5667,0.3919,17,30,210.79,218.27,11,2025-11-03,1.02,0.0,-70.5,berlinda,11,-0.0,5348.3,4307.959699,,76.66666666666667,Risco Médio,🟡 Acima com risco,366.6666666666664
DRL0103,Bombinhas-Centro-apartamento-TOP-2Q,Carteira 6,SC,"Bombinhas, SC","Bombinhas, SC, Centro",0,487,5714.77,27,5247.9,2025-11,0.9,0.4183,27,30,261.59,256.0,3,2025-11-03,1.09,0.0,-466.8700000000008,berlinda,3,-1.0,6482.77,6405.97,,2.5,Sem Risco,🟡 Acima com risco,29.99999999999997
VST009,Especial-VST-casa-TOP-1Q,Carteira 5,SC,"Anitápolis, SC","Anitápolis, SC, Rio dos Pinheiros",2,488,1653.73,42,1530.85,2025-11,0.3214,0.1234,9,30,239.11,189.53,19,2025-11-03,1.08,478.22,-122.88000000000011,berlinda,19,-0.0,5254.8,2811.113898,,51.388888888888886,Risco Médio,🟡 Acima com risco,211.11111111111094
ARK0201,Brasilia-Asa_Sul-apartamento-TOP-1Q,Carteira 1,DF,"Brasília, DF","Brasília, DF, Asa Sul",0,137,3174.75,24,2969.47,2025-11,0.5,0.5642,15,30,490.53,275.73,15,2025-11-03,1.07,0.0,-205.2800000000002,berlinda,15,-0.0,7310.700000000001,5242.725,,46.111111111111114,Risco Baixo,🟡 Acima com risco,187.49999999999983
TCO0815,Porto_Alegre-Centro_Historico-apartamento-SUP-1Q,Carteira 4,RS,"Porto Alegre, RS","Porto Alegre, RS, Centro Histórico",0,421,1341.72,65,1297.34,2025-11,0.4,0.2842,12,30,120.0,149.12,17,2025-11-03,1.03,0.0,-44.38000000000011,berlinda,17,-0.0,3876.76,2355.7360000000003,,79.72222222222223,Risco Médio,🟡 Acima com risco,424.99999999999966
VGZ0002,Imbituba-Praia_do_Rosa-casa-SUP-1Q,Carteira 6,SC,"Imbituba, SC","Imbituba, SC, Ibiraquera",4,620,2492.81,53,2448.43,2025-11,0.6154,0.2451,16,30,196.19,123.63,8,2025-11-03,1.02,784.76,-44.38000000000011,berlinda,8,-0.0,3481.85,3101.4652159999996,,63.33333333333333,Risco Médio,🟡 Acima com risco,266.66666666666646
EOX0102,Florianopolis-Centrao-apartamento-SUP-2Q,Carteira 4,SC,"Florianópolis, SC","Florianópolis, SC, Centro",0,239,2655.27,41,2426.75,2025-11,0.2667,0.3299,8,30,417.75,289.74,19,2025-11-03,1.09,0.0,-228.51999999999998,berlinda,19,-0.0,8160.33,4123.469502,,47.22222222222222,Risco Baixo,🟡 Acima com risco,189.99999999999983
JBV344,Especial-JBV-hotel-JR-1Q,Especial,SC,"Florianópolis, SC","Florianópolis, SC, Jurerê",3,1342,8000.95,25,7947.66,2025-11,0.7407,0.4701,20,30,508.5,358.2,5,2025-11-03,1.01,1525.5,-53.289999999999964,berlinda,5,-0.0,9791.95,9327.5437,,60.27777777777777,Risco Médio,🟡 Acima com risco,249.99999999999977
PSD204,Florianopolis-Jurere_Tradicional-apartamento-JR-1Q,Carteira 1,SC,"Florianópolis, SC","Florianópolis, SC, Jurerê",0,1990,3168.56,16,2934.35,2025-11,0.4667,0.4513,14,30,249.07,189.25,16,2025-11-03,1.08,0.0,-234.21000000000004,berlinda,16,-1.0,6196.5599999999995,4581.7276,,42.77777777777778,Risco Baixo,🟡 Acima com risco,177.77777777777763
BTI003,Ubatuba-Praia_Grande-apartamento-SIM-2Q,Carteira 4,SP,"Ubatuba, SP","Ubatuba, SP, Praia Grande",0,634,3006.65,46,2777.41,2025-11,0.5,0.2843,15,30,231.0,214.0,13,2025-11-03,1.08,0.0,-229.24000000000024,berlinda,13,-1.0,5788.65,4397.65,,30.0,Risco Baixo,🟡 Acima com risco,144.44444444444431
NWT1005,Especial-NWT-apartamento-TOP-1Q,Carteira 5,AL,"Maceió, AL","Maceió, AL, Pajuçara",0,199,4603.87,35,4545.08,2025-11,0.5333,0.472,16,30,373.19,334.15,13,2025-11-03,1.01,0.0,-58.789999999999964,berlinda,13,-0.0,8947.82,6920.498535,,88.61111111111111,Risco Alto,🟡 Acima com risco,649.9999999999994
NWT1423,Especial-NWT-apartamento-TOP-1Q,Carteira 5,AL,"Maceió, AL","Maceió, AL, Pajuçara",0,285,4827.19,35,4545.08,2025-11,0.5667,0.472,17,30,336.24,293.0,12,2025-11-03,1.06,0.0,-282.1099999999997,berlinda,12,-0.0,8343.189999999999,6819.7072,,40.0,Risco Baixo,🟡 Acima com risco,171.42857142857127
ILC4112,Especial-ILC-hotel-JR-1Q,Especial,SC,"Florianópolis, SC","Florianópolis, SC, Jurerê Internacional",0,815,7873.74,16,7488.19,2025-11,0.4667,0.4706,14,30,784.14,582.79,14,2025-11-03,1.05,0.0,-385.5500000000002,berlinda,14,-0.0,16032.8,11681.573302,,57.22222222222222,Risco Médio,🟡 Acima com risco,233.33333333333314
NWT0601,Especial-NWT-apartamento-TOP-1Q,Carteira 5,AL,"Maceió, AL","Maceió, AL, Pajuçara",0,215,4525.35,35,4545.08,2025-11,0.6,0.472,18,30,298.78,294.67,12,2025-11-03,1.0,0.0,19.729999999999563,berlinda,12,1.0,8061.39,6646.974,,95.83333333333334,Risco Alto,🟡 Acima com risco,1199.999999999999
ABC0403,Itajai-Praia_Brava-apartamento-SUP-3Q,Carteira 6,SC,"Itajaí, SC","Itajaí, SC, Praia Brava de Itajaí",2,956,2782.17,29,2627.78,2025-11,0.3214,0.2862,9,30,380.11,286.83,18,2025-11-03,1.06,760.22,-154.38999999999987,berlinda,18,-0.0,7945.11,4441.538916,,61.66666666666667,Risco Médio,🟡 Acima com risco,257.1428571428569
ONP1716,Sao_Paulo-Bela_Vista-apartamento-SUP-1Q,Carteira 4,SP,"São Paulo, SP","São Paulo, SP, Paraíso",0,103,3190.93,577,2932.4,2025-11,0.6333,0.4661,19,30,203.11,185.9,10,2025-11-03,1.09,0.0,-258.52999999999975,berlinda,10,-1.0,5049.93,4368.2347,,14.722222222222223,Sem Risco,🟡 Acima com risco,99.99999999999991
BSO0105,Itajai-Praia_Brava-apartamento-SUP-1Q,Carteira 6,SC,"Balneário Camboriú, SC","Balneário Camboriú, SC, Praia dos Amores",0,198,2356.89,50,2244.64,2025-11,0.5,0.3503,15,30,178.47,179.47,15,2025-11-03,1.05,0.0,-112.25,berlinda,15,-0.0,5048.9400000000005,3702.915,,61.111111111111114,Risco Médio,🟡 Acima com risco,249.9999999999998
JBV252,Especial-JBV-hotel-TOP-1Q,Especial,SC,"Florianópolis, SC","Florianópolis, SC, Jurerê",0,1866,10404.15,32,9873.54,2025-11,0.6,0.5651,18,30,718.72,547.1,10,2025-11-03,1.05,0.0,-530.6099999999988,berlinda,10,-0.0,15875.15,13686.75,,36.94444444444444,Risco Baixo,🟡 Acima com risco,166.66666666666654
DAL221,Canela-Geral-apartamento-SUP-2Q,Carteira 4,RS,"Canela, RS","Canela, RS, São José",0,169,4222.6,19,3864.1,2025-11,0.5,0.4102,15,30,332.0,300.08,13,2025-11-03,1.09,0.0,-358.50000000000045,berlinda,13,-1.0,8123.64,6173.120000000001,,23.055555555555557,Risco Baixo,🟡 Acima com risco,129.9999999999999
WSH0208,Curitiba-Batel-apartamento-SUP-1Q,Carteira 4,PR,"Curitiba, PR","Curitiba, PR, Bigorrilho",0,162,1927.34,183,1897.84,2025-11,0.3667,0.3494,11,30,210.09,247.56,18,2025-11-03,1.02,0.0,-29.5,berlinda,18,-0.0,6383.42,3561.384536,,86.66666666666667,Risco Alto,🟡 Acima com risco,599.9999999999995
ILC3403,Especial-ILC-hotel-JR-1Q,Especial,SC,"Florianópolis, SC","Florianópolis, SC, Jurerê Internacional",0,1830,7788.43,16,7488.19,2025-11,0.5333,0.4706,16,30,579.69,511.5,14,2025-11-03,1.04,0.0,-300.2400000000007,berlinda,14,-0.0,14949.43,11607.3913,,66.66666666666666,Risco Médio,🟡 Acima com risco,279.9999999999998
CNA001,Especial-CNA-casa-MASTER-1Q,Especial,SP,"Campos do Jordão, SP","Campos do Jordão, SP, Jardim Europa",0,1016,6987.35,25,6397.17,2025-11,0.4333,0.3129,13,30,622.62,644.18,17,2025-11-03,1.09,0.0,-590.1800000000003,berlinda,17,-0.0,17938.41,11732.444298,,38.88888888888889,Risco Baixo,🟡 Acima com risco,169.99999999999986
HOA0704,Salvador-Ondina_Rio_Vermelho-apartamento-SUP-1Q,Carteira 2,BA,"Salvador, BA","Salvador, BA, Ondina",0,101,2872.7,77,2842.86,2025-11,0.5667,0.4619,17,30,195.94,203.75,12,2025-11-03,1.01,0.0,-29.83999999999969,berlinda,12,-0.0,5317.7,4258.2815,,86.66666666666667,Risco Alto,🟡 Acima com risco,599.9999999999995
JBV214,Especial-JBV-hotel-JR-1Q,Especial,SC,"Florianópolis, SC","Florianópolis, SC, Jurerê",0,1045,8315.84,25,7947.66,2025-11,0.7,0.4701,21,30,479.86,540.88,8,2025-11-03,1.05,0.0,-368.1800000000003,berlinda,8,-0.0,12642.880000000001,11344.768,,24.72222222222222,Risco Baixo,🟡 Acima com risco,133.33333333333323
SPJ0403,Especial-SPJ-apartamento-TOP-1Q,Carteira 5,SC,"Florianópolis, SC","Florianópolis, SC, Jurerê",0,516,5811.53,19,5610.79,2025-11,0.7,0.5559,21,30,341.48,289.44,9,2025-11-03,1.04,0.0,-200.73999999999978,berlinda,9,-0.0,8416.49,7635.0019999999995,,43.888888888888886,Risco Baixo,🟡 Acima com risco,179.99999999999983
NWT0617,Especial-NWT-apartamento-TOP-1Q,Carteira 5,AL,"Maceió, AL","Maceió, AL, Pajuçara",0,215,4585.02,35,4545.08,2025-11,0.6,0.472,18,30,312.33,276.64,11,2025-11-03,1.01,0.0,-39.94000000000051,berlinda,11,-0.0,7628.06,6410.844,,84.44444444444444,Risco Alto,🟡 Acima com risco,549.9999999999995
VAR0302,Ilheus-Sul-apartamento-SUP-2Q,Carteira 2,BA,"Ilhéus, BA","Ilhéus, BA, Nossa Senhora da Vitória",2,248,1587.6,30,1557.2,2025-11,0.3571,0.2303,10,30,172.8,168.59,17,2025-11-03,1.02,345.6,-30.399999999999864,berlinda,17,-0.0,4453.63,2611.0593129999997,,85.27777777777777,Risco Alto,🟡 Acima com risco,566.6666666666662
MLU0306,Gramado-Geral-apartamento-SUP-1Q,Carteira 4,RS,"Gramado, RS","Gramado, RS, Bavaria",0,100,4920.9,78,4890.74,2025-11,0.6667,0.5846,20,30,302.9,324.22,9,2025-11-03,1.01,0.0,-30.159999999999854,berlinda,9,-0.0,7838.88,6866.317266,,81.38888888888889,Risco Alto,🟡 Acima com risco,449.9999999999996
NWT0304,Especial-NWT-apartamento-TOP-1Q,Carteira 5,AL,"Maceió, AL","Maceió, AL, Pajuçara",3,347,4834.75,35,4545.08,2025-11,0.7407,0.472,20,30,284.5,285.0,7,2025-11-03,1.06,853.5,-289.6700000000001,berlinda,7,-1.0,6829.75,6312.4465,,12.222222222222221,Sem Risco,🟡 Acima com risco,99.9999999999999
REK0001,Penha-Beto_Carrero-casa-JR-2Q,Carteira 3,SC,"Penha, SC","Penha, SC, Armação",0,66,2255.5,16,2068.16,2025-11,0.4,0.3839,12,30,188.53,156.14,14,2025-11-03,1.09,0.0,-187.34000000000015,berlinda,14,-1.0,4441.46,3129.884,,27.22222222222222,Risco Baixo,🟡 Acima com risco,139.9999999999999
VST001,Especial-VST-casa-TOP-1Q,Carteira 5,SC,"Anitápolis, SC","Anitápolis, SC, Rio dos Pinheiros",2,123,1566.16,42,1530.85,2025-11,0.25,0.1234,7,30,280.14,191.85,20,2025-11-03,1.02,560.28,-35.31000000000017,berlinda,20,-0.0,5403.16,2525.41,,89.44444444444444,Risco Alto,🟡 Acima com risco,666.6666666666662
BSO0104,Itajai-Praia_Brava-apartamento-SUP-1Q,Carteira 6,SC,"Balneário Camboriú, SC","Balneário Camboriú, SC, Praia dos Amores",0,198,2265.68,50,2244.64,2025-11,0.5667,0.3503,17,30,177.59,188.62,13,2025-11-03,1.01,0.0,-21.039999999999964,berlinda,13,-0.0,4717.74,3655.262402,,88.61111111111111,Risco Alto,🟡 Acima com risco,649.9999999999994
CGB0035,Ubatuba-Praia_Grande-apartamento-SUP-2Q,Carteira 4,SP,"Ubatuba, SP","Ubatuba, SP, Praia Grande",6,60,4543.09,167,4434.53,2025-11,0.6667,0.3583,16,30,316.5,299.5,8,2025-11-03,1.02,1899.0,-108.5600000000004,berlinda,8,-0.0,6939.09,6140.5032,,63.33333333333333,Risco Médio,🟡 Acima com risco,266.66666666666646
DLH0202,Gramado-Centro-apartamento-TOP-2Q,Carteira 4,RS,"Gramado, RS","Gramado, RS, Centro",1,333,10344.17,55,9753.75,2025-11,0.7586,0.6489,22,30,621.59,610.43,7,2025-11-03,1.06,621.59,-590.4200000000001,berlinda,7,-0.0,14617.18,13585.675385999999,,12.222222222222221,Sem Risco,🟡 Acima com risco,99.9999999999999
EPC025,Florianopolis-Jurere_Longe-apartamento-SUP-2Q,Carteira 1,SC,"Florianópolis, SC","Florianópolis, SC, Jurerê Internacional",0,205,5243.5,22,5172.32,2025-11,0.4667,0.4441,14,30,425.71,332.8,15,2025-11-03,1.01,0.0,-71.18000000000029,berlinda,15,-0.0,10235.5,7573.2664,,90.55555555555556,Risco Alto,🟡 Acima com risco,749.9999999999993
LIV1411,Salvador-Graca-apartamento-TOP-1Q,Especial,BA,"Salvador, BA","Salvador, BA, Vitória",0,260,3519.03,10,3417.57,2025-11,0.6,0.3374,18,30,245.33,277.67,12,2025-11-03,1.03,0.0,-101.46000000000004,berlinda,12,-0.0,6851.07,5518.254,,70.0,Risco Médio,🟡 Acima com risco,299.9999999999998
VTR0033,Balneario_Camboriu-Centro-apartamento-JR-2Q,Carteira 6,SC,"Balneário Camboriú, SC","Balneário Camboriú, SC, Centro",0,129,2811.16,38,2659.86,2025-11,0.5333,0.3074,16,30,207.44,188.33,12,2025-11-03,1.06,0.0,-151.29999999999973,berlinda,12,-0.0,5071.12,4016.396668,,40.0,Risco Baixo,🟡 Acima com risco,171.42857142857127
ECH0503,Florianopolis-Centrao-apartamento-TOP-1Q,Carteira 4,SC,"Florianópolis, SC","Florianópolis, SC, Centro",0,115,3280.48,24,3174.01,2025-11,0.4333,0.2825,13,30,293.46,276.71,17,2025-11-03,1.03,0.0,-106.4699999999998,berlinda,17,-0.0,7984.549999999999,5318.753531,,79.72222222222223,Risco Médio,🟡 Acima com risco,424.99999999999966
HFO0208,Salvador-UFBA-apartamento-SUP-1Q,Carteira 2,BA,"Salvador, BA","Salvador, BA, Federação",0,60,2830.84,413,2712.93,2025-11,0.7667,0.4503,23,30,153.61,190.0,5,2025-11-03,1.04,0.0,-117.91000000000031,berlinda,5,-0.0,3780.84,3559.2050000000004,,14.722222222222223,Sem Risco,🟡 Acima com risco,99.99999999999991
NWT1323,Especial-NWT-apartamento-TOP-1Q,Carteira 5,AL,"Maceió, AL","Maceió, AL, Pajuçara",0,284,4629.78,35,4545.08,2025-11,0.6,0.472,18,30,297.94,280.0,12,2025-11-03,1.02,0.0,-84.69999999999982,berlinda,12,-0.0,7989.78,6645.78,,77.77777777777779,Risco Médio,🟡 Acima com risco,399.99999999999966
SOA0602,Salvador-Boca_do_Rio-apartamento-SUP-2Q,Carteira 2,BA,"Salvador, BA","Salvador, BA, Boca do Rio",0,449,2963.32,13,2847.5,2025-11,0.5667,0.4886,17,30,198.29,205.67,12,2025-11-03,1.04,0.0,-115.82000000000016,berlinda,12,-0.0,5431.360000000001,4361.958268,,58.88888888888889,Risco Médio,🟡 Acima com risco,239.99999999999977
TDB0101,Florianopolis-Ingleses_Norte-apartamento-SUP-2Q,Carteira 1,SC,"Florianópolis, SC","Florianópolis, SC, Ingleses Norte",0,288,3416.96,46,3271.44,2025-11,0.4667,0.244,14,30,317.79,252.62,16,2025-11-03,1.04,0.0,-145.51999999999998,berlinda,16,-0.0,7458.88,5303.324064,,72.77777777777777,Risco Médio,🟡 Acima com risco,319.9999999999997
UPP0614,Curitiba-Centro-apartamento-JR-1Q,Carteira 4,PR,"Curitiba, PR","Curitiba, PR, Alto da XV",2,26,1681.22,216,1613.6,2025-11,0.4643,0.3993,13,30,169.23,157.07,15,2025-11-03,1.04,338.46,-67.62000000000012,berlinda,15,-0.0,4037.2699999999995,2775.134015,,68.05555555555556,Risco Médio,🟡 Acima com risco,299.9999999999997
DME025,Florianopolis-Jurere_Internacional-casa-SUP-4Q,Carteira 1,SC,"Florianópolis, SC","Florianópolis, SC, Jurerê Internacional",9,207,14081.49,11,12904.08,2025-11,0.8571,0.327,18,30,1008.06,391.5,2,2025-11-03,1.09,9072.539999999999,-1177.4099999999999,berlinda,2,-3.0,14864.49,14752.5993,,1.3888888888888888,Sem Risco,🟡 Acima com risco,19.999999999999982
CSI1906,Balneario_Picarras-Geral-apartamento-SUP-2Q,Carteira 6,SC,"Balneário Piçarras, SC","Balneário Piçarras, SC, Centro",7,15,1323.13,47,1274.96,2025-11,0.5217,0.1633,12,30,143.11,138.0,2,2025-11-03,1.04,1001.7700000000001,-48.17000000000007,berlinda,2,-0.0,1599.13,1467.1192,,3.3333333333333335,Sem Risco,🟡 Acima com risco,39.999999999999964
NWT1404,Especial-NWT-apartamento-TOP-1Q,Carteira 5,AL,"Maceió, AL","Maceió, AL, Pajuçara",0,257,4698.06,35,4545.08,2025-11,0.6,0.472,18,30,314.61,321.73,11,2025-11-03,1.03,0.0,-152.98000000000047,berlinda,11,-0.0,8237.09,6821.478000000001,,65.27777777777779,Risco Médio,🟡 Acima com risco,274.9999999999998
POR204,Florianopolis-Ingleses_Norte-apartamento-TOP-3Q,Carteira 1,SC,"Florianópolis, SC","Florianópolis, SC, Ingleses do Rio Vermelho",6,1831,4017.09,14,4032.42,2025-11,0.25,0.3184,6,30,569.38,475.17,12,2025-11-03,1.0,3416.2799999999997,15.329999999999927,berlinda,12,1.0,9719.130000000001,5442.6,,95.83333333333334,Risco Alto,🟡 Acima com risco,1199.999999999999
PDAA0611,Camaçari-Jacuipe-casa-SUP-3Q,Carteira 2,BA,"Camaçari, BA","Camaçari, BA, Barra do Jacuípe",7,708,4241.45,12,3949.69,2025-11,0.4348,0.2469,10,30,491.0,455.0,13,2025-11-03,1.07,3437.0,-291.75999999999976,berlinda,13,-0.0,10156.45,6813.2919999999995,,33.88888888888889,Risco Baixo,🟡 Acima com risco,162.49999999999986
STA0305,Gramado-Centro-apartamento-TOP-1Q,Carteira 4,RS,"Gramado, RS","Gramado, RS, Centro",1,78,7923.24,26,7648.51,2025-11,0.8966,0.6409,26,30,418.0,396.0,1,2025-11-03,1.04,418.0,-274.72999999999956,berlinda,1,-0.0,8319.24,8278.293599999999,,1.3888888888888888,Sem Risco,🟡 Acima com risco,19.999999999999982
NOR0102,Brasilia-Asa_Norte-apartamento-SUP-2Q,Carteira 1_sys-price,DF,"Brasília, DF","Brasília, DF, Asa Norte",2,767,3564.57,37,3302.18,2025-11,0.5714,0.5171,16,30,581.37,256.83,12,2025-11-03,1.08,1162.74,-262.3900000000003,berlinda,12,-1.0,6646.530000000001,5325.601944,,24.72222222222222,Risco Baixo,🟡 Acima com risco,133.33333333333323
SPJ0501,Especial-SPJ-apartamento-TOP-1Q,Carteira 5,SC,"Florianópolis, SC","Florianópolis, SC, Jurerê",0,382,6086.06,19,5610.79,2025-11,0.8,0.5559,24,30,326.75,230.83,6,2025-11-03,1.08,0.0,-475.27000000000044,berlinda,6,-2.0,7471.040000000001,7194.044000000001,,5.833333333333333,Sem Risco,🟡 Acima com risco,66.66666666666661
NWT0905,Especial-NWT-apartamento-TOP-1Q,Carteira 5,AL,"Maceió, AL","Maceió, AL, Pajuçara",0,221,4656.99,35,4545.08,2025-11,0.6667,0.472,20,30,291.75,281.33,6,2025-11-03,1.02,0.0,-111.90999999999985,berlinda,6,-0.0,6344.969999999999,5782.366265999999,,49.166666666666664,Risco Baixo,🟡 Acima com risco,199.99999999999983
NWT0914,Especial-NWT-apartamento-TOP-1Q,Carteira 5,AL,"Maceió, AL","Maceió, AL, Pajuçara",0,221,4756.33,35,4545.08,2025-11,0.5667,0.472,17,30,340.12,270.1,10,2025-11-03,1.05,0.0,-211.25,berlinda,10,-0.0,7457.33,6286.9866999999995,,36.94444444444444,Risco Baixo,🟡 Acima com risco,166.66666666666654
TPS212,Florianopolis-Canasvieiras_Meio-apartamento-TOP-1Q,Carteira 1,SC,"Florianópolis, SC","Florianópolis, SC, Canasvieiras",0,1030,3666.48,24,3347.91,2025-11,0.6333,0.437,19,30,245.89,331.82,11,2025-11-03,1.1,0.0,-318.57000000000016,berlinda,11,-0.0,7316.5,5978.037666,,14.722222222222223,Sem Risco,🟡 Acima com risco,99.99999999999991
LOF1405,Sao_Paulo-Pinheiros-apartamento-SUP-1Q,Carteira 4,SP,"São Paulo, SP","São Paulo, SP, Pinheiros",0,166,3377.59,410,3394.21,2025-11,0.5333,0.4927,16,30,261.81,230.86,14,2025-11-03,1.0,0.0,16.61999999999989,berlinda,14,1.0,6609.63,5101.236932,,98.33333333333333,Risco Alto,🟡 Acima com risco,1399.9999999999989
STO2206,Especial-STO-apartamento-MASTER-1Q,Especial,SC,"Florianópolis, SC","Florianópolis, SC, Santinho",22,1971,6205.93,76,5659.43,2025-11,1.0,0.4018,8,30,945.0,,0,2025-11-03,1.1,20790.0,-546.5,berlinda,0,0.0,,,,0.5555555555555556,Sem Risco,🟡 Acima sem ação,0.0
OKA102,Florianopolis-Campeche-apartamento-SUP-1Q,Carteira 1,SC,"Florianópolis, SC","Florianópolis, SC, Campeche",0,1053,2116.3,22,1969.86,2025-11,0.3667,0.3561,11,30,226.18,249.37,19,2025-11-03,1.07,0.0,-146.44000000000028,berlinda,19,-0.0,6854.33,3853.7356010000003,,58.333333333333336,Risco Médio,🟡 Acima com risco,237.4999999999998
IPTR0241,Balneario_Camboriu-Centro-apartamento-MASTER-2Q,Carteira 6,SC,"Balneário Camboriú, SC","Balneário Camboriú, SC, Centro",11,37,7653.48,14,7023.64,2025-11,0.8421,0.4353,16,30,641.13,525.0,3,2025-11-03,1.09,7052.43,-629.8399999999992,berlinda,3,-1.0,9228.48,8979.787499999999,,2.5,Sem Risco,🟡 Acima com risco,29.99999999999997
RLV0206,Florianopolis-Novo_Campeche-apartamento-SUP-3Q,Carteira 1,SC,"Florianópolis, SC","Florianópolis, SC, Campeche",4,317,6421.06,52,5985.49,2025-11,0.6538,0.4199,17,30,515.71,375.13,8,2025-11-03,1.07,2062.84,-435.5700000000006,berlinda,8,-1.0,9422.1,8383.139952000001,,14.722222222222223,Sem Risco,🟡 Acima com risco,99.99999999999991
SSG0102,Florianopolis-UFSC-apartamento-TOP-1Q,Carteira 4,SC,"Florianópolis, SC","Florianópolis, SC, Córrego Grande",0,995,2568.41,13,2547.0,2025-11,0.3667,0.4161,11,30,258.45,269.19,16,2025-11-03,1.01,0.0,-21.409999999999854,berlinda,16,-0.0,6875.45,4147.801568,,91.11111111111111,Risco Alto,🟡 Acima com risco,799.9999999999993
VGZ0003,Imbituba-Praia_do_Rosa-casa-SUP-1Q,Carteira 6,SC,"Imbituba, SC","Imbituba, SC, Ibiraquera",4,620,2502.47,53,2448.43,2025-11,0.5769,0.2451,15,30,208.27,120.9,10,2025-11-03,1.02,833.08,-54.039999999999964,berlinda,10,-0.0,3711.47,3199.9420999999998,,73.33333333333333,Risco Médio,🟡 Acima com risco,333.3333333333331
NWC1510,Curitiba-Centro-apartamento-SUP-1Q,Carteira 4,PR,"Curitiba, PR","Curitiba, PR, Centro",0,80,1907.05,298,1815.18,2025-11,0.4,0.3686,12,30,183.25,186.44,16,2025-11-03,1.05,0.0,-91.86999999999989,berlinda,16,-0.0,4890.09,3100.266,,63.33333333333333,Risco Médio,🟡 Acima com risco,266.66666666666646
AIR1607,Porto_Alegre-Menino_Deus-apartamento-TOP-1Q,Carteira 4,RS,"Porto Alegre, RS","Porto Alegre, RS, Praia de Belas",0,639,1926.61,24,1761.58,2025-11,0.2333,0.2958,7,30,356.29,333.0,20,2025-11-03,1.09,0.0,-165.02999999999997,berlinda,20,-0.0,8586.61,3480.388,,49.166666666666664,Risco Baixo,🟡 Acima com risco,199.99999999999983
GMB0414,Brasilia-Setor_Hoteleiro-apartamento-TOP-1Q,Carteira 1,DF,"Brasília, DF","Brasília, DF, Asa Norte",0,691,5145.57,22,4816.76,2025-11,0.7,0.4701,21,30,310.14,305.56,9,2025-11-03,1.07,0.0,-328.8099999999995,berlinda,9,-1.0,7895.61,7070.598,,17.77777777777778,Sem Risco,🟡 Acima com risco,112.4999999999999
DMS0106,Gramado-Centro-apartamento-TOP-2Q,Carteira 4,RS,"Gramado, RS","Gramado, RS, Bairro Belverede",0,136,10322.24,55,9753.75,2025-11,0.7,0.6489,21,30,620.43,583.75,8,2025-11-03,1.06,0.0,-568.4899999999998,berlinda,8,-0.0,14992.24,13591.24,,18.61111111111111,Sem Risco,🟡 Acima com risco,114.28571428571418
VLR802,Florianopolis-Centrao-apartamento-JR-1Q,Carteira 4,SC,"Florianópolis, SC","Florianópolis, SC, Centro",0,1221,2263.65,67,2150.88,2025-11,0.4667,0.3865,14,30,205.86,221.86,14,2025-11-03,1.05,0.0,-112.76999999999998,berlinda,14,-0.0,5369.6900000000005,3713.2388680000004,,57.22222222222222,Risco Médio,🟡 Acima com risco,233.33333333333314
BFT3207,Goiania-Leste-apartamento-SUP-1Q,Carteira 1_sys-price,GO,"Goiânia, GO","Goiânia, GO, Jardim Goiás",0,772,1064.24,57,1049.75,2025-11,0.2667,0.2168,8,30,161.5,151.4,20,2025-11-03,1.01,0.0,-14.490000000000009,berlinda,20,-0.0,4092.24,1871.8076,,93.33333333333333,Risco Alto,🟡 Acima com risco,999.9999999999991
PSOB1102,Penha-Beto_Carrero-apartamento-SUP-1Q,Carteira 3,SC,"Penha, SC","Penha, SC, Praia de Armação do Itapocoroi",0,129,1867.77,12,1751.85,2025-11,0.3,0.2595,9,30,217.13,185.95,21,2025-11-03,1.07,0.0,-115.92000000000007,berlinda,21,-0.0,5772.719999999999,3039.255,,62.22222222222222,Risco Médio,🟡 Acima com risco,262.4999999999998
PSO0306,Penha-Beto_Carrero-apartamento-SUP-1Q,Carteira 3,SC,"Penha, SC","Penha, SC, Praia de Armação do Itapocoroi",0,152,1809.21,12,1751.85,2025-11,0.3,0.2595,9,30,224.56,180.58,19,2025-11-03,1.03,0.0,-57.36000000000013,berlinda,19,-0.0,5240.2300000000005,2838.516,,82.22222222222221,Risco Alto,🟡 Acima com risco,474.9999999999996
RMI201,Florianopolis-Ingleses_Praia-apartamento-SUP-1Q,Carteira 1,SC,"Florianópolis, SC","Florianópolis, SC, Ingleses Norte",0,1178,3553.09,34,3392.97,2025-11,0.5333,0.4251,16,30,266.09,287.47,19,2025-11-03,1.05,0.0,-160.12000000000035,berlinda,19,-0.0,9015.02,6465.937269,,71.94444444444444,Risco Médio,🟡 Acima com risco,316.6666666666664
SJE0103,Florianopolis-Canajure-apartamento-SUP-1Q,Carteira 1,SC,"Florianópolis, SC","Florianópolis, SC, Canasvieiras",0,375,2930.84,29,2919.75,2025-11,0.5667,0.4078,17,30,198.18,246.31,13,2025-11-03,1.0,0.0,-11.090000000000146,berlinda,13,-0.0,6132.870000000001,4745.430401,,96.94444444444444,Risco Alto,🟡 Acima com risco,1299.9999999999989
CRM0201,Florianopolis-Canto_da_Lagoa-apartamento-SUP-2Q,Carteira 1,SC,"Florianópolis, SC","Florianópolis, SC, Canto da Lagoa",0,229,3694.62,15,3406.37,2025-11,0.5333,0.344,16,30,298.25,292.23,13,2025-11-03,1.08,0.0,-288.25,berlinda,13,-0.0,7493.610000000001,5720.621367,,30.0,Risco Baixo,🟡 Acima com risco,144.44444444444431
IAA1004,Recife-Boa_Viagem-apartamento-TOP-1Q,Carteira 2,PE,"Recife, PE","Recife, PE, Boa Viagem",0,598,3313.41,41,3221.46,2025-11,0.6,0.3848,18,30,221.17,248.0,12,2025-11-03,1.03,0.0,-91.94999999999982,berlinda,12,-0.0,6289.41,5099.01,,70.0,Risco Médio,🟡 Acima com risco,299.9999999999998
PRJ002,Imbituba-Praia_do_Rosa-casa-SIM-1Q,Carteira 6,SC,"Imbituba, SC","Imbituba, SC, Ibiraquera",0,1241,967.12,51,953.78,2025-11,0.3667,0.2278,11,30,0.0,92.59,27,2025-11-03,1.01,0.0,-13.340000000000032,berlinda,27,-0.0,3467.05,1883.844331,,97.77777777777777,Risco Alto,🟡 Acima com risco,1349.9999999999989
SPJ0301,Especial-SPJ-apartamento-TOP-1Q,Carteira 5,SC,"Florianópolis, SC","Florianópolis, SC, Jurerê",0,518,5685.95,19,5610.79,2025-11,0.7,0.5559,21,30,335.33,253.33,9,2025-11-03,1.01,0.0,-75.15999999999985,berlinda,9,-0.0,7965.92,7281.929,,81.38888888888889,Risco Alto,🟡 Acima com risco,449.9999999999996
BHE0405,Brasilia-Setor_Hoteleiro-apartamento-SUP-1Q,Carteira 1,DF,"Brasília, DF","Brasília, DF, Asa Sul",0,39,4413.27,147,4038.01,2025-11,0.6,0.5091,18,30,556.17,280.67,12,2025-11-03,1.09,0.0,-375.2600000000002,berlinda,12,-1.0,7781.31,6434.094,,21.38888888888889,Risco Baixo,🟡 Acima com risco,119.99999999999989
NWT1001,Especial-NWT-apartamento-TOP-1Q,Carteira 5,AL,"Maceió, AL","Maceió, AL, Pajuçara",0,199,4892.71,35,4545.08,2025-11,0.5,0.472,15,30,397.2,299.92,13,2025-11-03,1.08,0.0,-347.6300000000001,berlinda,13,-1.0,8791.67,6842.1900000000005,,30.0,Risco Baixo,🟡 Acima com risco,144.44444444444431
SKL1204,Penha-Praia-apartamento-SUP-2Q,Carteira 6,SC,"Penha, SC","Penha, SC, Armação",0,43,3717.05,48,3553.4,2025-11,0.5,0.3831,15,30,218.2,221.6,10,2025-11-03,1.05,0.0,-163.6500000000001,berlinda,10,-0.0,5933.05,4825.05,,36.94444444444444,Risco Baixo,🟡 Acima com risco,166.66666666666654
SPJ0302,Especial-SPJ-apartamento-TOP-1Q,Carteira 5,SC,"Florianópolis, SC","Florianópolis, SC, Jurerê",0,518,5599.18,19,5610.79,2025-11,0.6333,0.5559,19,30,354.63,254.27,11,2025-11-03,1.0,0.0,11.609999999999673,berlinda,11,1.0,8396.150000000001,7370.501101,,94.72222222222221,Risco Alto,🟡 Acima com risco,1099.999999999999
THK0502,Sao_Paulo-Republica-apartamento-SUP-1Q,Carteira 4,SP,"São Paulo, SP","São Paulo, SP, República",0,82,2467.06,443,2284.22,2025-11,0.5667,0.4426,17,30,176.47,154.31,13,2025-11-03,1.08,0.0,-182.84000000000015,berlinda,13,-1.0,4473.09,3603.8772010000002,,30.0,Risco Baixo,🟡 Acima com risco,144.44444444444431
TCO1216,Porto_Alegre-Centro_Historico-apartamento-SUP-1Q,Carteira 4,RS,"Porto Alegre, RS","Porto Alegre, RS, Centro Histórico",0,499,1368.27,65,1297.34,2025-11,0.4,0.2842,12,30,144.58,130.06,17,2025-11-03,1.05,0.0,-70.93000000000006,berlinda,17,-0.0,3579.29,2252.678,,67.22222222222223,Risco Médio,🟡 Acima com risco,283.3333333333331
CAC0301,Florianopolis-Ingleses_Praia-apartamento-SUP-2Q,Carteira 1,SC,"Florianópolis, SC","Florianópolis, SC, Ingleses do Rio Vermelho",0,354,2952.68,42,2824.61,2025-11,0.4,0.2907,12,30,365.33,256.5,18,2025-11-03,1.05,0.0,-128.0699999999997,berlinda,18,-0.0,7569.68,4799.48,,70.0,Risco Médio,🟡 Acima com risco,299.9999999999998
EOX0705,Florianopolis-Centrao-apartamento-JR-1Q,Carteira 4,SC,"Florianópolis, SC","Florianópolis, SC, Centro",0,50,2306.08,67,2150.88,2025-11,0.5667,0.3865,17,30,153.24,204.31,13,2025-11-03,1.07,0.0,-155.19999999999982,berlinda,13,-0.0,4962.110000000001,3811.252201,,33.88888888888889,Risco Baixo,🟡 Acima com risco,162.49999999999986
NWT0508,Especial-NWT-apartamento-TOP-1Q,Carteira 5,AL,"Maceió, AL","Maceió, AL, Pajuçara",0,260,4981.25,35,4545.08,2025-11,0.6333,0.472,19,30,338.05,298.18,11,2025-11-03,1.1,0.0,-436.1700000000001,berlinda,11,-1.0,8261.23,7058.461334,,14.722222222222223,Sem Risco,🟡 Acima com risco,99.99999999999991
CZZ0502,Urubici-Geral-apartamento-SUP-1Q,Especial,SC,"Urubici, SC","Urubici, SC, Centro",1,22,1609.54,49,1538.22,2025-11,0.2759,0.1338,8,30,230.38,243.81,21,2025-11-03,1.05,230.38,-71.31999999999994,berlinda,21,-0.0,6729.55,3022.150759,,74.72222222222223,Risco Médio,🟡 Acima com risco,349.9999999999997
MRE1101,Porto_Belo-Geral-apartamento-SUP-2Q,Carteira 6,SC,"Porto Belo, SC","Porto Belo, SC, Pereque",0,227,3271.58,23,3094.93,2025-11,0.5,0.2277,15,30,254.19,184.33,12,2025-11-03,1.06,0.0,-176.6500000000001,berlinda,12,-0.0,5483.54,4377.5599999999995,,40.0,Risco Baixo,🟡 Acima com risco,171.42857142857127
NWTA0609,Especial-NWT-apartamento-MASTER-1Q,Carteira 5,AL,"Maceió, AL","Maceió, AL, Pajuçara",0,208,5541.89,26,5361.2,2025-11,0.3667,0.5855,11,30,488.0,431.53,17,2025-11-03,1.03,0.0,-180.6900000000005,berlinda,17,-0.0,12877.9,8232.004867,,79.72222222222223,Risco Médio,🟡 Acima com risco,424.99999999999966
DMS0304,Gramado-Centro-apartamento-TOP-2Q,Carteira 4,RS,"Gramado, RS","Gramado, RS, Bairro Belverede",1,260,10353.66,55,9753.75,2025-11,0.6552,0.6489,19,30,727.74,506.8,10,2025-11-03,1.06,727.74,-599.9099999999999,berlinda,10,-1.0,15421.66,13674.2136,,28.333333333333332,Risco Baixo,🟡 Acima com risco,142.85714285714272
CLE1203,Porto_Belo-Geral-apartamento-SUP-2Q,Carteira 6,SC,"Porto Belo, SC","Porto Belo, SC, Perequê",1,255,3389.09,23,3094.93,2025-11,0.6552,0.2277,19,30,217.42,166.6,10,2025-11-03,1.1,217.42,-294.1600000000003,berlinda,10,-1.0,5055.09,4480.6532,,11.11111111111111,Sem Risco,🟡 Acima com risco,90.90909090909082
MNDA0217,Cabo_Frio-Centro-apartamento-SUP-1Q,Carteira 4,RJ,"Cabo Frio, RJ","Cabo Frio, RJ, Braga",3,68,3235.09,46,3050.9,2025-11,0.5185,0.4756,14,30,270.93,232.38,13,2025-11-03,1.06,812.79,-184.19000000000005,berlinda,13,-0.0,6256.030000000001,4801.447389999999,,45.27777777777778,Risco Baixo,🟡 Acima com risco,185.71428571428555
PDU0033,Cabo_Frio-Foguete-casa-JR-1Q,Carteira 4,RJ,"Cabo Frio, RJ","Cabo Frio, RJ, Braga",4,358,1325.36,35,1249.65,2025-11,0.3077,0.2792,8,30,190.88,185.33,15,2025-11-03,1.06,763.52,-75.70999999999981,berlinda,15,-0.0,4105.31,2180.750615,,52.5,Risco Médio,🟡 Acima com risco,214.28571428571408
ESB0310,Salvador-Barra-apartamento-SUP-1Q,Carteira 2,BA,"Salvador, BA","Salvador, BA, Barra",0,102,2719.36,195,2712.93,2025-11,0.7,0.4447,21,30,185.43,240.0,9,2025-11-03,1.0,0.0,-6.430000000000291,berlinda,9,-0.0,4879.360000000001,4231.360000000001,,91.66666666666666,Risco Alto,🟡 Acima com risco,899.9999999999992
BBC0102,Marau-Barra_Grande-apartamento-SUP-3Q,Carteira 2,BA,"Maraú, BA","Maraú, BA, Barra Grande",4,26,3713.22,13,3700.9,2025-11,0.3846,0.2042,10,30,441.3,444.62,13,2025-11-03,1.0,1765.2,-12.319999999999709,berlinda,13,-0.0,9493.28,5936.231076,,96.94444444444444,Risco Alto,🟡 Acima com risco,1299.9999999999989
SDO206,Florianopolis-Ingleses_Norte-apartamento-SUP-3Q,Carteira 1,SC,"Florianópolis, SC","Florianópolis, SC, Ingleses do Rio Vermelho",4,1874,3254.57,13,3119.27,2025-11,0.5,0.1887,13,30,297.23,303.9,10,2025-11-03,1.04,1188.92,-135.30000000000018,berlinda,10,-0.0,6293.57,4774.07,,49.166666666666664,Risco Baixo,🟡 Acima com risco,199.99999999999983
ENU011,Ubatuba-Praia_Grande-apartamento-JR-2Q,Carteira 4,SP,"Ubatuba, SP","Ubatuba, SP, Praia Grande",9,568,4055.6,180,3958.45,2025-11,0.7619,0.3897,16,30,308.38,265.75,4,2025-11-03,1.02,2775.42,-97.15000000000009,berlinda,4,-0.0,5118.6,4865.4997,,24.72222222222222,Risco Baixo,🟡 Acima com risco,133.33333333333323
ACO803,Balneario_Camboriu-Centro-apartamento-SUP-2Q,Carteira 6,SC,"Balneário Camboriú, SC","Balneário Camboriú, SC, Centro",3,605,4030.65,64,3923.17,2025-11,0.5556,0.3462,15,30,313.47,220.83,12,2025-11-03,1.03,940.4100000000001,-107.48000000000002,berlinda,12,-0.0,6680.610000000001,5502.9677759999995,,70.0,Risco Médio,🟡 Acima com risco,299.9999999999998
SLI0715,Maceio-Ponta_Verde-apartamento-TOP-2Q,Carteira 2,AL,"Maceió, AL","Maceió, AL, Ponta Verde",0,264,5747.36,36,5667.64,2025-11,0.7333,0.6263,22,30,316.0,280.29,7,2025-11-03,1.01,0.0,-79.71999999999935,berlinda,7,-0.0,7709.389999999999,7186.116599,,74.72222222222223,Risco Médio,🟡 Acima com risco,349.9999999999997
VDT0401,Bombinhas-Bombas-apartamento-MASTER-3Q,Carteira 6,SC,"Bombinhas, SC","Bombinhas, SC, Bombas",12,491,6798.4,16,6804.99,2025-11,0.8333,0.3701,15,30,517.73,450.0,3,2025-11-03,1.0,6212.76,6.5900000000001455,berlinda,3,1.0,8148.4,7923.355,,70.0,Risco Médio,🟡 Acima com risco,299.9999999999998
CON1506,Porto_Alegre-PUC_RS-apartamento-SUP-1Q,Carteira 4,RS,"Porto Alegre, RS","Porto Alegre, RS, Partenon",0,894,1082.47,16,1000.02,2025-11,0.2333,0.2054,7,30,181.43,148.55,22,2025-11-03,1.08,0.0,-82.45000000000005,berlinda,22,-0.0,4350.570000000001,1844.9177300000001,,59.44444444444444,Risco Médio,🟡 Acima com risco,244.44444444444423
CCI210,Florianopolis-Ingleses_Norte-apartamento-TOP-2Q,Carteira 1,SC,"Florianópolis, SC","Florianópolis, SC, Ingleses do Rio Vermelho",0,997,3227.53,17,3036.54,2025-11,0.3667,0.3235,11,30,342.73,305.5,16,2025-11-03,1.06,0.0,-190.99000000000024,berlinda,16,-0.0,8115.530000000001,5019.9596,,55.833333333333336,Risco Médio,🟡 Acima com risco,228.57142857142836
ILC3109,Especial-ILC-hotel-TOP-1Q,Especial,SC,"Florianópolis, SC","Florianópolis, SC, Jurerê Internacional",0,1828,10497.8,28,10075.49,2025-11,0.6667,0.5987,20,30,680.9,657.2,10,2025-11-03,1.04,0.0,-422.3099999999995,berlinda,10,-0.0,17069.8,14879.3524,,49.166666666666664,Risco Baixo,🟡 Acima com risco,199.99999999999983
VFI0103,Gramado-Geral-apartamento-JR-2Q,Carteira 4,RS,"Gramado, RS","Gramado, RS, Centro",8,330,4149.56,44,3981.28,2025-11,0.5909,0.4212,13,30,464.38,332.33,9,2025-11-03,1.04,3715.04,-168.2800000000002,berlinda,9,-0.0,7140.530000000001,5916.924173,,43.888888888888886,Risco Baixo,🟡 Acima com risco,179.99999999999983
EME0218,Brasilia-Asa_Norte-apartamento-SUP-1Q,Carteira 1_sys-price,DF,"Brasília, DF","Brasília, DF, Setor Noroeste",0,430,2763.34,92,2693.61,2025-11,0.4333,0.5034,13,30,249.69,171.81,16,2025-11-03,1.03,0.0,-69.73000000000002,berlinda,16,-0.0,5512.3,3954.464368,,77.77777777777779,Risco Médio,🟡 Acima com risco,399.99999999999966
MMD0604,Ilheus-Sul-apartamento-SUP-2Q,Carteira 2,BA,"Ilhéus, BA","Ilhéus, BA, São Francisco",0,162,1687.46,30,1557.2,2025-11,0.3667,0.2303,11,30,177.0,185.68,19,2025-11-03,1.08,0.0,-130.26,berlinda,19,-0.0,5215.38,2981.1482640000004,,51.388888888888886,Risco Médio,🟡 Acima com risco,211.11111111111094
PGO0205,Pocos_de_Caldas-Geral-apartamento-SUP-1Q,Carteira 4,MG,"Poços de Caldas, MG","Poços de Caldas, MG, São Benedito",1,327,1206.35,27,1167.9,2025-11,0.2759,0.2113,8,30,176.82,134.24,17,2025-11-03,1.03,176.82,-38.44999999999982,berlinda,17,-0.0,3488.43,1835.975872,,79.72222222222223,Risco Médio,🟡 Acima com risco,424.99999999999966
CEP093,Balneario_Camboriu-Centro-apartamento-SUP-3Q,Carteira 6,SC,"Balneário Camboriú, SC","Balneário Camboriú, SC, Centro",6,787,3779.26,71,3587.4,2025-11,0.375,0.3532,9,30,485.22,196.17,12,2025-11-03,1.05,2911.32,-191.86000000000013,berlinda,12,-0.0,6133.3,4662.025000000001,,49.166666666666664,Risco Baixo,🟡 Acima com risco,199.99999999999983
TRC0410,Florianopolis-UFSC-apartamento-SUP-1Q,Carteira 4,SC,"Florianópolis, SC","Florianópolis, SC, Carvoeira",0,130,1904.99,37,1897.84,2025-11,0.3,0.3378,9,30,217.22,191.84,19,2025-11-03,1.0,0.0,-7.150000000000091,berlinda,19,-0.0,5549.95,2998.478,,100.0,Risco Alto,🟡 Acima com risco,1899.9999999999984
JBV134,Especial-JBV-hotel-JR-1Q,Especial,SC,"Florianópolis, SC","Florianópolis, SC, Jurerê",4,1971,8125.77,25,7947.66,2025-11,0.5,0.4701,13,30,469.61,408.57,7,2025-11-03,1.02,1878.44,-178.11000000000058,berlinda,7,-0.0,10985.76,9555.765,,57.22222222222222,Risco Médio,🟡 Acima com risco,233.33333333333314
CNA015,Especial-CNA-casa-MASTER-1Q,Especial,SP,"Campos do Jordão, SP","Campos do Jordão, SP, Jardim Europa",0,1016,6635.82,25,6397.17,2025-11,0.5,0.3129,15,30,564.0,668.67,15,2025-11-03,1.04,0.0,-238.64999999999964,berlinda,15,-0.0,16665.87,11650.845,,68.05555555555556,Risco Médio,🟡 Acima com risco,299.9999999999997
SKC0414,Maceio-Jatiuca-apartamento-TOP-1Q,Carteira 2,AL,"Maceió, AL","Maceió, AL, Jatiúca",0,268,3643.8,36,3330.98,2025-11,0.7,0.4725,21,30,225.33,215.33,9,2025-11-03,1.09,0.0,-312.82000000000016,berlinda,9,-1.0,5581.77,5000.379,,10.277777777777777,Sem Risco,🟡 Acima com risco,89.99999999999991
OKA139,Florianopolis-Campeche-apartamento-SUP-1Q,Carteira 1,SC,"Florianópolis, SC","Florianópolis, SC, Campeche",0,779,1988.68,22,1969.86,2025-11,0.3333,0.3561,10,30,240.5,269.7,20,2025-11-03,1.01,0.0,-18.820000000000164,berlinda,20,-0.0,7382.68,3786.5002,,93.33333333333333,Risco Alto,🟡 Acima com risco,999.9999999999991
SPJ0303,Especial-SPJ-apartamento-TOP-1Q,Carteira 5,SC,"Florianópolis, SC","Florianópolis, SC, Jurerê",1,398,6066.81,19,5610.79,2025-11,0.6552,0.5559,19,30,304.17,338.5,6,2025-11-03,1.08,304.17,-456.02000000000044,berlinda,6,-1.0,8097.81,7397.5212,,5.833333333333333,Sem Risco,🟡 Acima com risco,66.66666666666661
BSO0203,Itajai-Praia_Brava-apartamento-SUP-1Q,Carteira 6,SC,"Balneário Camboriú, SC","Balneário Camboriú, SC, Praia dos Amores",0,193,2425.25,50,2244.64,2025-11,0.5667,0.3503,17,30,170.12,143.31,13,2025-11-03,1.08,0.0,-180.61000000000013,berlinda,13,-1.0,4288.28,3481.029101,,30.0,Risco Baixo,🟡 Acima com risco,144.44444444444431
NWT0602,Especial-NWT-apartamento-TOP-1Q,Carteira 5,AL,"Maceió, AL","Maceió, AL, Pajuçara",0,215,4981.88,35,4545.08,2025-11,0.5,0.472,15,30,408.29,282.69,13,2025-11-03,1.1,0.0,-436.8000000000002,berlinda,13,-1.0,8656.85,6819.365,,20.0,Risco Baixo,🟡 Acima com risco,118.18181818181807
FFS0408,Itapema-Meia_Praia-Sul-apartamento-TOP-1Q,Carteira 6,SC,"Itapema, SC","Itapema, SC, Meia Praia",0,5,3829.93,13,3503.7,2025-11,0.7333,0.2442,22,30,251.59,281.0,8,2025-11-03,1.09,0.0,-326.23,berlinda,8,-1.0,6077.93,5478.3884,,7.777777777777778,Sem Risco,🟡 Acima com risco,79.99999999999993
IBY1613,Sao_Paulo-Moema-apartamento-TOP-1Q,Carteira 4,SP,"São Paulo, SP","São Paulo, SP, Indianópolis",0,269,3826.23,102,3578.07,2025-11,0.6,0.4408,18,30,251.39,222.0,12,2025-11-03,1.07,0.0,-248.15999999999985,berlinda,12,-1.0,6490.23,5424.63,,31.944444444444443,Risco Baixo,🟡 Acima com risco,149.9999999999999
MHF1602,Itapema-Canto_Praia-apartamento-TOP-2Q,Carteira 5,SC,"Itapema, SC","Itapema, SC, CEntro",0,444,2475.48,10,2423.39,2025-11,0.3333,0.2478,10,30,300.5,266.11,19,2025-11-03,1.02,0.0,-52.090000000000146,berlinda,19,-0.0,7531.57,4160.674797,,87.77777777777777,Risco Alto,🟡 Acima com risco,633.3333333333328
RFA303,Porto_Alegre-Santana-apartamento-SUP-1Q,Carteira 4,RS,"Porto Alegre, RS","Porto Alegre, RS, Santo Antônio",0,423,1250.08,50,1234.35,2025-11,0.3333,0.2538,10,30,152.8,145.89,19,2025-11-03,1.01,0.0,-15.730000000000018,berlinda,19,-0.0,4021.99,2173.957603,,92.22222222222223,Risco Alto,🟡 Acima com risco,949.9999999999992
SVN0401,Florianopolis-Ingleses_Centro-apartamento-TOP-3Q,Carteira 1,SC,"Florianópolis, SC","Florianópolis, SC, Ingleses do Rio Vermelho",4,683,6205.86,42,5720.54,2025-11,0.5385,0.3375,14,30,516.43,347.9,10,2025-11-03,1.08,2065.72,-485.3199999999997,berlinda,10,-1.0,9684.86,8079.3015,,17.22222222222222,Sem Risco,🟡 Acima com risco,111.11111111111101
AGS0642,Bombinhas-Centro-casa-SUP-4Q,Carteira 6,SC,"Bombinhas, SC","Bombinhas, SC, Centro",9,540,5871.19,26,5576.72,2025-11,0.7619,0.3554,16,30,441.88,296.0,5,2025-11-03,1.05,3976.92,-294.46999999999935,berlinda,5,-0.0,7351.19,6998.802,,8.88888888888889,Sem Risco,🟡 Acima com risco,83.33333333333327
JRR309,Florianopolis-Jurere_Tradicional-apartamento-TOP-3Q,Carteira 1,SC,"Florianópolis, SC","Florianópolis, SC, Jurerê",3,142,9921.12,14,9229.09,2025-11,0.7407,0.3777,20,30,633.95,425.0,7,2025-11-03,1.07,1901.8500000000001,-692.0300000000007,berlinda,7,-1.0,12896.12,12124.702500000001,,9.444444444444445,Sem Risco,🟡 Acima com risco,87.49999999999993
PLN0415,Brasilia-Lago_Norte-apartamento-SUP-1Q,Carteira 1,DF,"Brasília, DF","Guará, DF, Centro",0,761,3032.38,10,3008.8,2025-11,0.4,0.4828,12,30,195.38,196.14,14,2025-11-03,1.01,0.0,-23.579999999999927,berlinda,14,-0.0,5778.34,4130.764,,90.0,Risco Alto,🟡 Acima com risco,699.9999999999994
EMB686,Bombinhas-Mariscal-casa-SUP-3Q,Carteira 6,SC,"Bombinhas, SC","Bombinhas, SC, Mariscal",0,1482,2763.43,13,2719.58,2025-11,0.3667,0.263,11,30,278.09,272.19,16,2025-11-03,1.02,0.0,-43.84999999999991,berlinda,16,-0.0,7118.469999999999,4360.423168,,83.88888888888889,Risco Alto,🟡 Acima com risco,533.3333333333329
NWT0912,Especial-NWT-apartamento-TOP-1Q,Carteira 5,AL,"Maceió, AL","Maceió, AL, Pajuçara",0,215,4671.98,35,4545.08,2025-11,0.6,0.472,18,30,308.22,297.18,11,2025-11-03,1.03,0.0,-126.89999999999964,berlinda,11,-0.0,7940.959999999999,6633.3679999999995,,65.27777777777779,Risco Médio,🟡 Acima com risco,274.9999999999998
NWT1419,Especial-NWT-apartamento-TOP-1Q,Carteira 5,AL,"Maceió, AL","Maceió, AL, Pajuçara",0,309,4876.96,35,4545.08,2025-11,0.5333,0.472,16,30,352.88,330.71,14,2025-11-03,1.07,0.0,-331.8800000000001,berlinda,14,-1.0,9506.9,7346.107002,,41.66666666666667,Risco Baixo,🟡 Acima com risco,174.99999999999986
UPP0316,Curitiba-Centro-apartamento-JR-1Q,Carteira 4,PR,"Curitiba, PR","Curitiba, PR, Alto da XV",0,29,1641.28,216,1613.6,2025-11,0.4333,0.3993,13,30,150.77,165.82,17,2025-11-03,1.02,0.0,-27.680000000000064,berlinda,17,-0.0,4460.22,2862.726702,,85.27777777777777,Risco Alto,🟡 Acima com risco,566.6666666666662
DLH0303,Gramado-Centro-apartamento-TOP-2Q,Carteira 4,RS,"Gramado, RS","Gramado, RS, Centro",0,521,9898.53,55,9753.75,2025-11,0.6667,0.6489,20,30,678.8,615.88,8,2025-11-03,1.01,0.0,-144.78000000000065,berlinda,8,-0.0,14825.57,13183.387568,,77.77777777777779,Risco Médio,🟡 Acima com risco,399.99999999999966
SPJ0203,Especial-SPJ-apartamento-TOP-1Q,Carteira 5,SC,"Florianópolis, SC","Florianópolis, SC, Jurerê",0,518,5844.24,19,5610.79,2025-11,0.6333,0.5559,19,30,364.05,294.45,11,2025-11-03,1.04,0.0,-233.44999999999982,berlinda,11,-0.0,9083.189999999999,7895.467035,,54.44444444444444,Risco Médio,🟡 Acima com risco,219.9999999999998
NWT0923,Especial-NWT-apartamento-TOP-1Q,Carteira 5,AL,"Maceió, AL","Maceió, AL, Pajuçara",0,221,4581.55,35,4545.08,2025-11,0.6333,0.472,19,30,278.21,309.7,10,2025-11-03,1.01,0.0,-36.470000000000255,berlinda,10,-0.0,7678.55,6542.8801,,83.05555555555556,Risco Alto,🟡 Acima com risco,499.99999999999955
VIM0602,Itapema-Praia_Itapema-apartamento-TOP-3Q,Carteira 6,SC,"Itapema, SC","Itapema, SC, Andorinha",5,178,4529.7,9,4492.38,2025-11,0.72,0.2317,18,30,297.56,283.0,7,2025-11-03,1.01,1487.8,-37.31999999999971,berlinda,7,-0.0,6510.7,5956.0199999999995,,74.72222222222223,Risco Médio,🟡 Acima com risco,349.9999999999997
PRY0101,Porto_Seguro-Pataxos-apartamento-SUP-2Q,Carteira 2,BA,"Porto Seguro, BA","Porto Seguro, BA, Taperapuã",0,17,3028.94,27,2773.76,2025-11,0.6,0.3147,18,30,223.11,217.83,12,2025-11-03,1.09,0.0,-255.17999999999984,berlinda,12,-1.0,5642.9,4597.316,,21.38888888888889,Risco Baixo,🟡 Acima com risco,119.99999999999989
