listing,categoria,carteira,estado,cidade,Bairro,dias_bloqueados,dias_ativo,faturamento_mes,n_concorrentes,meta,mes_ano,to_listings,to_concorrentes,dias_ocupados,total_dias,media_preco_ocupado,media_preco_disponivel,ocupacao_ainda_disponivel,dias_pmin,data_da_execucao,atingimento_meta,faturamento_perdido_bloqueio,falta_meta,grupo_criticidade,dias_disponiveis,dias_necessarios,potencial_max,potencial_realista,score_bruto,score_normalizado,faixa_prioridade,status_operacional,score_risco_bruto
BSO0206,Itajai-Praia_Brava-apartamento-SUP-1Q,Carteira 6,SC,"Balneário Camboriú, SC","Balneário Camboriú, SC, Praia dos Amores",0,198,2665.63,10,2960.79,2025-11,0.7,0.5296,21,30,149.48,147.0,5,0,2025-11-17,0.9,0.0,295.15999999999985,berlinda,5,3.0,3400.63,3180.13,4.884790883514194,19.45137157107232,Baixa,🟢 Abaixo viável,
DPR0009,Balneario_Camboriu-Sul-apartamento-JR-1Q,Carteira 6,SC,"Balneário Camboriú, SC","Balneário Camboriú, SC, Barra",0,235,1936.08,36,2019.49,2025-11,0.6333,0.505,19,30,125.11,111.11,9,0,2025-11-17,0.96,0.0,83.41000000000008,berlinda,9,1.0,2936.0699999999997,2569.373667,4.589121560393965,16.458852867830423,Baixa,🟢 Abaixo viável,
PDM005,Porto_Seguro-Pataxos-apartamento-JR-2Q,Carteira 2,BA,"Porto Seguro, BA","Porto Seguro, BA, Taperapuan",0,621,1510.68,42,1757.91,2025-11,0.4,0.2825,12,30,149.19,154.0,1,0,2025-11-17,0.86,0.0,247.23000000000002,berlinda,1,2.0,1664.68,1572.28,10.82917214191853,66.33416458852868,Alta,🟠 Abaixo precisa esforço,
WBU2105,Goiania-Central-apartamento-TOP-1Q,Carteira 1_sys-price,GO,"Goiânia, GO","Goiânia, GO, Setor Bueno",1,757,2264.49,54,2402.71,2025-11,0.4483,0.4607,13,30,209.69,217.54,13,0,2025-11-17,0.94,209.69,138.22000000000025,berlinda,13,1.0,5092.51,3532.2913659999995,12.514360368084398,71.82044887780549,Alta,🟢 Abaixo viável,
EDJ0410,Florianopolis-Ingleses_Praia-apartamento-SUP-1Q,Carteira 1,SC,"Florianópolis, SC","Florianópolis, SC, Ingleses do Rio Vermelho",0,204,3400.03,35,3747.01,2025-11,0.6333,0.5268,19,30,227.32,198.0,3,0,2025-11-17,0.91,0.0,346.98,berlinda,3,2.0,3994.03,3776.2102,9.167581618410413,59.35162094763092,Alta,🟢 Abaixo viável,
GSH0102,Camaçari-Monte_Gordo-apartamento-TOP-2Q,Carteira 2,BA,"Camaçari, BA","Camaçari, BA, Monte Gordo",1,103,4316.98,22,5003.48,2025-11,0.4138,0.4249,12,30,422.25,334.86,7,12,2025-11-17,0.86,422.25,686.5,berlinda,7,3.0,6661.0,5286.935476,15.314766922222137,80.0498753117207,Crítico,🟢 Abaixo viável,
ILC3312,Especial-ILC-hotel-JR-1Q,Especial,SC,"Florianópolis, SC","Florianópolis, SC, Jurerê Internacional",2,1971,9166.68,16,10274.6,2025-11,0.6071,0.614,17,30,727.82,593.57,7,0,2025-11-17,0.89,1455.64,1107.92,berlinda,7,2.0,13321.670000000002,11689.174429,32.00261199462754,95.76059850374065,Crítico,🟢 Abaixo viável,
NWT1004,Especial-NWT-apartamento-TOP-1Q,Carteira 5,AL,"Maceió, AL","Maceió, AL, Pajuçara",1,199,3987.58,41,4882.8,2025-11,0.5517,0.6137,16,30,300.31,292.75,8,0,2025-11-17,0.82,300.31,895.2200000000003,berlinda,8,4.0,6329.58,5279.6614,13.418307886868194,75.56109725685786,Alta,🟢 Abaixo viável,
TRC0507,Florianopolis-UFSC-apartamento-SUP-1Q,Carteira 4,SC,"Florianópolis, SC","Florianópolis, SC, Carvoeira",0,50,3173.05,42,3311.18,2025-11,0.7,0.6012,21,30,206.62,133.89,9,0,2025-11-17,0.96,0.0,138.12999999999965,berlinda,9,2.0,4378.0599999999995,4016.557,2.7926940999885153,4.488778054862843,Baixa,🟢 Abaixo viável,
BSO0201,Itajai-Praia_Brava-apartamento-SUP-1Q,Carteira 6,SC,"Balneário Camboriú, SC","Balneário Camboriú, SC, Praia dos Amores",0,57,2935.16,10,2960.79,2025-11,0.6667,0.5296,20,30,167.5,145.0,7,0,2025-11-17,0.99,0.0,25.63000000000011,berlinda,7,1.0,3950.16,3611.8605,1.2551886489754478,0.7481296758104738,Baixa,🟢 Abaixo viável,
ILC4107,Especial-ILC-hotel-TOP-1Q,Especial,SC,"Florianópolis, SC","Florianópolis, SC, Jurerê Internacional",5,423,9683.14,30,11211.84,2025-11,0.76,0.7268,19,30,633.0,729.0,1,0,2025-11-17,0.86,3165.0,1528.7000000000007,berlinda,1,3.0,10412.14,10237.18,33.132304777806326,96.25935162094763,Crítico,🟠 Abaixo precisa esforço,
ELU0311,Especial-JPR-apartamento-TOP-1Q,Carteira 1,SC,"Florianópolis, SC","Florianópolis, SC, Jurerê",0,598,5363.57,17,6230.75,2025-11,0.5333,0.6533,16,30,423.63,292.2,5,0,2025-11-17,0.86,0.0,867.1800000000003,berlinda,5,3.0,6824.57,6142.721299999999,13.555885246559408,75.81047381546135,Alta,🟠 Abaixo precisa esforço,
JPR211,Especial-JPR-apartamento-TOP-1Q,Carteira 1,SC,"Florianópolis, SC","Florianópolis, SC, Jurerê",0,992,4998.6,17,6230.75,2025-11,0.5333,0.6533,16,30,347.26,298.5,6,0,2025-11-17,0.8,0.0,1232.1499999999996,berlinda,6,5.0,6789.6,5953.7403,11.805858845243346,68.82793017456359,Alta,🟠 Abaixo precisa esforço,
MHFA0503,Itapema-Canto_Praia-apartamento-SUP-1Q,Carteira 5,SC,"Itapema, SC","Itapema, SC, Centro",0,457,3139.92,10,3496.69,2025-11,0.6667,0.3962,20,30,180.05,170.63,8,0,2025-11-17,0.9,0.0,356.77,berlinda,8,3.0,4504.96,4049.9921679999998,5.803170531750501,29.177057356608476,Média,🟢 Abaixo viável,
TSF1302,Balneario_Camboriu-Sul-apartamento-SUP-3Q,Carteira 6,SC,"Balneário Camboriú, SC","Balneário Camboriú, SC, Centro",5,345,4035.35,81,4074.02,2025-11,0.64,0.4473,16,30,306.75,300.5,4,0,2025-11-17,0.99,1533.75,38.67000000000007,berlinda,4,1.0,5237.35,4804.63,2.852301903279814,4.738154613466334,Baixa,🟢 Abaixo viável,
CCU203,Florianopolis-Praia_Brava-apartamento-JR-2Q,Carteira 1,SC,"Florianópolis, SC","Florianópolis, SC, Praia Brava",1,1192,2260.62,16,2476.92,2025-11,0.3103,0.3611,9,30,334.44,258.0,4,0,2025-11-17,0.91,334.44,216.30000000000018,berlinda,4,1.0,3292.62,2580.8496,22.530158422557065,90.02493765586036,Crítico,🟢 Abaixo viável,
MHE213,Florianopolis-Cachoeira_Bom_Jesus-apartamento-MASTER-2Q,Carteira 1,SC,"Florianópolis, SC","Florianópolis, SC, Cachoeira do Bom Jesus",5,617,5773.21,12,7202.05,2025-11,0.44,0.5688,11,30,622.27,461.25,4,0,2025-11-17,0.8,3111.35,1428.8400000000001,berlinda,4,4.0,7618.21,6585.01,22.877251962982765,90.52369077306733,Crítico,🟠 Abaixo precisa esforço,
MHFB0506,Itapema-Canto_Praia-apartamento-SUP-1Q,Carteira 5,SC,"Itapema, SC","Itapema, SC, Centro",0,457,2830.91,10,3496.69,2025-11,0.6,0.3962,18,30,176.67,168.63,8,0,2025-11-17,0.81,0.0,665.7800000000002,berlinda,8,4.0,4179.95,3640.334,8.026911264653146,53.36658354114713,Alta,🟢 Abaixo viável,
NBL0910,Porto_Alegre-Jardim_Botanico-apartamento-SUP-1Q,Carteira 4,RS,"Porto Alegre, RS","Porto Alegre, RS, Santa Cecília",0,702,1791.58,66,1981.77,2025-11,0.5,0.4428,15,30,144.8,130.0,8,0,2025-11-17,0.9,0.0,190.19000000000005,berlinda,8,2.0,2831.58,2311.58,6.23803468616439,32.917705735660846,Média,🟢 Abaixo viável,
ONJ2612,Sao_Paulo-Moema-apartamento-TOP-1Q,Carteira 4,SP,"São Paulo, SP","São Paulo, SP, Indianópolis",2,273,4481.86,105,4848.24,2025-11,0.6786,0.6933,19,30,292.11,209.17,6,0,2025-11-17,0.92,584.22,366.3800000000001,berlinda,6,2.0,5736.879999999999,5333.5165719999995,7.9034561614111505,52.36907730673317,Alta,🟢 Abaixo viável,
PSJ0304,Florianopolis-Jurere_Tradicional-apartamento-SUP-2Q,Carteira 1,SC,"Florianópolis, SC","Florianópolis, SC, Jurerê",3,316,4998.61,15,6071.78,2025-11,0.6296,0.5168,17,30,383.41,268.0,5,0,2025-11-17,0.82,1150.23,1073.17,berlinda,5,5.0,6338.61,5842.273999999999,9.473648913498184,60.84788029925187,Alta,🟠 Abaixo precisa esforço,
TCO0709,Porto_Alegre-Centro_Historico-apartamento-SUP-1Q,Carteira 4,RS,"Porto Alegre, RS","Porto Alegre, RS, Centro Histórico",0,274,2046.5,77,2102.22,2025-11,0.5333,0.5111,16,30,128.83,125.0,6,0,2025-11-17,0.97,0.0,55.7199999999998,berlinda,6,1.0,2796.5,2446.475,3.3131641788204735,7.4812967581047385,Baixa,🟢 Abaixo viável,
TVT1009,Florianopolis-Centrao-apartamento-MASTER-1Q,Carteira 4,SC,"Florianópolis, SC","Florianópolis, SC, Centro",0,589,4580.22,33,5457.01,2025-11,0.5333,0.5244,16,30,384.88,253.17,6,0,2025-11-17,0.84,0.0,876.79,berlinda,6,4.0,6099.24,5390.313366,10.169347513565116,63.591022443890274,Alta,🟠 Abaixo precisa esforço,
DPR0006,Balneario_Camboriu-Sul-apartamento-JR-1Q,Carteira 6,SC,"Balneário Camboriú, SC","Balneário Camboriú, SC, Barra",6,235,1966.95,36,2019.49,2025-11,0.7917,0.505,19,30,122.95,111.67,3,0,2025-11-17,0.97,737.7,52.539999999999964,berlinda,3,1.0,2301.96,2232.177417,2.9052591495872697,5.7356608478802995,Baixa,🟢 Abaixo viável,
ILC2415,Especial-ILC-hotel-TOP-1Q,Especial,SC,"Florianópolis, SC","Florianópolis, SC, Jurerê Internacional",2,827,10921.71,30,11211.84,2025-11,0.7143,0.7268,20,30,672.4,528.0,2,0,2025-11-17,0.97,1344.8,290.130000000001,berlinda,2,1.0,11977.71,11676.0108,13.663113280246645,76.55860349127181,Alta,🟢 Abaixo viável,
PSO0306,Penha-Beto_Carrero-apartamento-SUP-1Q,Carteira 3,SC,"Penha, SC","Penha, SC, Praia de Armação do Itapocoroi",0,152,2050.65,17,2238.48,2025-11,0.5,0.4378,15,30,210.27,164.75,8,12,2025-11-17,0.92,0.0,187.82999999999993,berlinda,8,2.0,3368.65,2709.65,6.912054720167254,43.391521197007485,Média,🟢 Abaixo viável,
SDR007,Florianopolis-Lagoa-apartamento-JR-1Q,Carteira 1,SC,"Florianópolis, SC","Florianópolis, SC, Lagoa da Conceição",0,1571,3061.44,24,3347.98,2025-11,0.8,0.6861,24,30,158.17,100.0,1,0,2025-11-17,0.91,0.0,286.53999999999996,berlinda,1,3.0,3161.44,3141.44,2.8528645133284343,4.987531172069826,Baixa,🟠 Abaixo precisa esforço,
SGA202,Florianopolis-Jurere_Longe-apartamento-JR-2Q,Carteira 1,SC,"Florianópolis, SC","Florianópolis, SC, Jurerê Internacional",2,1874,2947.64,17,3322.23,2025-11,0.5357,0.431,15,30,230.47,178.25,4,0,2025-11-17,0.89,460.94,374.59000000000015,berlinda,4,3.0,3660.64,3329.5941,6.699382392750253,40.14962593516209,Média,🟢 Abaixo viável,
TCO0612,Porto_Alegre-Centro_Historico-apartamento-SUP-1Q,Carteira 4,RS,"Porto Alegre, RS","Porto Alegre, RS, Centro Histórico",1,564,1844.34,77,2102.22,2025-11,0.6207,0.5111,18,30,120.0,120.0,7,0,2025-11-17,0.88,120.0,257.8799999999999,berlinda,7,3.0,2684.34,2365.728,4.906812797899363,20.199501246882793,Média,🟢 Abaixo viável,
VPD0605,Florianopolis-Beira_Mar-apartamento-TOP-1Q,Carteira 4,SC,"Florianópolis, SC","Florianópolis, SC, Agronômica",0,200,5930.08,18,6198.91,2025-11,0.9,0.6096,27,30,287.33,191.0,1,0,2025-11-17,0.96,0.0,268.8299999999999,berlinda,1,2.0,6121.08,6101.98,4.141577309559261,13.216957605985039,Baixa,🟠 Abaixo precisa esforço,
ATB2014,Sao_Paulo-Brooklin-apartamento-JR-1Q,Carteira 4,SP,"São Paulo, SP","São Paulo, SP, Jardim das Acacias",0,213,3286.58,46,3752.85,2025-11,0.8,0.6305,24,30,181.17,156.0,5,0,2025-11-17,0.88,0.0,466.27,berlinda,5,3.0,4066.58,3910.58,6.460700534260628,35.910224438902745,Média,🟢 Abaixo viável,
DBH0804,Guarapari-Praia_do_Morro-apartamento-JR-3Q,Carteira 4,ES,"Guarapari, ES","Guarapari, ES, Praia do Morro",0,61,1662.09,41,1912.5,2025-11,0.3667,0.3381,11,30,183.91,165.0,8,0,2025-11-17,0.87,0.0,250.41000000000008,berlinda,8,2.0,2982.09,2146.134,10.802000000000005,66.08478802992519,Alta,🟢 Abaixo viável,
DLH0303,Gramado-Centro-apartamento-TOP-2Q,Carteira 4,RS,"Gramado, RS","Gramado, RS, Centro",0,521,9370.83,55,11072.1,2025-11,0.6667,0.7122,20,30,648.0,446.5,2,0,2025-11-17,0.85,0.0,1701.2700000000004,berlinda,2,4.0,10263.83,9966.1931,17.151603015688085,83.0423940149626,Crítico,🟠 Abaixo precisa esforço,
IPC0902,Balneario_Camboriu-Centro-apartamento-TOP-3Q,Carteira 6,SC,"Balneário Camboriú, SC","Balneário Camboriú, SC, Centro",10,67,5630.44,48,6228.8,2025-11,0.8,0.5099,16,30,0.0,,3,0,2025-11-17,0.9,0.0,598.3600000000006,berlinda,3,0.0,,,,,Baixa,🟠 Abaixo precisa esforço,
NWT0703,Especial-NWT-apartamento-TOP-1Q,Carteira 5,AL,"Maceió, AL","Maceió, AL, Pajuçara",0,185,4791.91,41,4882.8,2025-11,0.6333,0.6137,19,30,310.53,280.0,4,0,2025-11-17,0.98,0.0,90.89000000000033,berlinda,4,1.0,5911.91,5501.206,5.212009502744345,24.688279301745634,Média,🟢 Abaixo viável,
SPJ0102,Especial-SPJ-apartamento-TOP-1Q,Carteira 5,SC,"Florianópolis, SC","Florianópolis, SC, Jurerê",0,210,5418.97,16,5903.8,2025-11,0.7,0.6696,21,30,335.52,246.6,5,0,2025-11-17,0.92,0.0,484.8299999999999,berlinda,5,2.0,6651.97,6282.070000000001,10.125603678986414,63.092269326683294,Alta,🟢 Abaixo viável,
SPJ0404,Especial-SPJ-apartamento-TOP-1Q,Carteira 5,SC,"Florianópolis, SC","Florianópolis, SC, Jurerê",4,516,4789.3,16,5903.8,2025-11,0.6923,0.6696,18,30,321.39,205.0,3,0,2025-11-17,0.81,1285.56,1114.5,berlinda,3,6.0,5404.3,5215.0645,6.4498712693519415,35.66084788029925,Média,🟠 Abaixo precisa esforço,
TCO1210,Porto_Alegre-Centro_Historico-apartamento-SUP-1Q,Carteira 4,RS,"Porto Alegre, RS","Porto Alegre, RS, Centro Histórico",0,509,1886.95,77,2102.22,2025-11,0.6,0.5111,18,30,131.33,120.0,4,0,2025-11-17,0.9,0.0,215.26999999999975,berlinda,4,2.0,2366.95,2174.95,6.144076262237054,31.67082294264339,Média,🟢 Abaixo viável,
WSH0801,Curitiba-Batel-apartamento-SUP-1Q,Carteira 4,PR,"Curitiba, PR","Curitiba, PR, Bigorrilho",2,213,2661.69,195,3205.35,2025-11,0.5357,0.5844,15,30,202.93,135.14,7,0,2025-11-17,0.83,405.86,543.6599999999999,berlinda,7,5.0,3607.67,3168.451486,4.584224025457437,16.209476309226932,Baixa,🟠 Abaixo precisa esforço,
BLB1306,Salvador-Barra-apartamento-SUP-1Q,Carteira 2,BA,"Salvador, BA","Salvador, BA, Barra",0,428,3055.18,206,3756.26,2025-11,0.6333,0.6252,19,30,199.16,207.0,5,0,2025-11-17,0.81,0.0,701.0800000000004,berlinda,5,4.0,4090.18,3710.6454999999996,9.658780276125727,61.84538653366584,Alta,🟠 Abaixo precisa esforço,
DMS0106,Gramado-Centro-apartamento-TOP-2Q,Carteira 4,RS,"Gramado, RS","Gramado, RS, Bairro Belverede",0,136,10160.51,55,11072.1,2025-11,0.7333,0.7122,22,30,585.0,334.2,5,0,2025-11-17,0.92,0.0,911.5900000000001,berlinda,5,3.0,11831.51,11385.854299999999,9.171803542236795,59.85037406483791,Alta,🟢 Abaixo viável,
RCP202,Florianopolis-Canasvieiras_Meio-apartamento-JR-2Q,Carteira 1,SC,"Florianópolis, SC","Florianópolis, SC, Canasvieiras",0,759,2785.22,21,2868.75,2025-11,0.4333,0.3803,13,30,280.31,244.33,6,1,2025-11-17,0.97,0.0,83.5300000000002,berlinda,6,1.0,4251.2,3420.429134,7.114208244008731,45.137157107231914,Média,🟢 Abaixo viável,
VLR802,Florianopolis-Centrao-apartamento-JR-1Q,Carteira 4,SC,"Florianópolis, SC","Florianópolis, SC, Centro",0,1221,2762.17,71,3047.73,2025-11,0.6,0.5608,18,30,184.1,156.88,8,0,2025-11-17,0.91,0.0,285.55999999999995,berlinda,8,2.0,4017.21,3515.194,7.349511406850343,47.13216957605985,Média,🟢 Abaixo viável,
CRI0301,Florianopolis-Ribeirao-apartamento-TOP-1Q,Carteira 4,SC,"Florianópolis, SC","Florianópolis, SC, Ribeirão da Ilha",1,527,2825.31,38,3433.63,2025-11,0.5172,0.5099,15,30,220.33,149.0,6,0,2025-11-17,0.82,220.33,608.3200000000002,berlinda,6,5.0,3719.31,3287.6868,5.279525167242832,25.43640897755611,Média,🟠 Abaixo precisa esforço,
CNB010,Especial-CNB-casa-TOP-1Q,Especial,SP,"Campos do Jordão, SP","Campos do Jordão, SP, Jardim Europa",1,591,4794.39,16,5403.48,2025-11,0.3103,0.543,9,30,664.67,674.64,11,1,2025-11-17,0.89,664.67,609.0899999999992,berlinda,11,1.0,12215.43,7097.138712,76.04663616780289,99.75062344139651,Crítico,🟢 Abaixo viável,
CNT303,Florianopolis-UFSC-apartamento-SUP-1Q,Carteira 4,SC,"Florianópolis, SC","Florianópolis, SC, Trindade",0,639,3191.53,42,3311.18,2025-11,0.7667,0.6012,23,30,192.87,137.0,6,0,2025-11-17,0.96,0.0,119.64999999999964,berlinda,6,1.0,4013.53,3821.7574000000004,4.9505161302013025,20.698254364089774,Média,🟢 Abaixo viável,
ELS0402,Porto_Alegre-Centro_Historico-apartamento-JR-1Q,Carteira 4,RS,"Porto Alegre, RS","Porto Alegre, RS, Centro Histórico",0,15,1526.95,76,1685.67,2025-11,0.6,0.5729,18,30,103.61,100.0,4,0,2025-11-17,0.91,0.0,158.72000000000003,berlinda,4,2.0,1926.95,1766.95,4.707920292821253,18.453865336658353,Baixa,🟢 Abaixo viável,
RGP208,Florianopolis-Jurere_Tradicional-apartamento-JR-2Q,Carteira 1,SC,"Florianópolis, SC","Florianópolis, SC, Jurerê",0,1484,4540.34,23,5552.62,2025-11,0.5,0.6119,15,30,362.8,230.0,3,0,2025-11-17,0.82,0.0,1012.2799999999997,berlinda,3,5.0,5230.34,4885.34,8.386109620323378,55.36159600997507,Alta,🟠 Abaixo precisa esforço,
TPS306,Florianopolis-Canasvieiras_Meio-apartamento-TOP-1Q,Carteira 1,SC,"Florianópolis, SC","Florianópolis, SC, Canasvieiras",0,995,3586.44,22,4192.76,2025-11,0.6,0.6,18,30,263.67,261.9,10,0,2025-11-17,0.86,0.0,606.3200000000002,berlinda,10,3.0,6205.4400000000005,5157.84,12.624556616643932,73.06733167082294,Alta,🟢 Abaixo viável,
WSH0407,Curitiba-Batel-apartamento-SUP-1Q,Carteira 4,PR,"Curitiba, PR","Curitiba, PR, Bigorrilho",0,18,3030.6,195,3205.35,2025-11,0.7667,0.5844,23,30,173.04,142.83,6,0,2025-11-17,0.95,0.0,174.75,berlinda,6,2.0,3887.58,3687.646566,3.893419205390987,10.723192019950124,Baixa,🟢 Abaixo viável,
CRM0212,Florianopolis-Canto_da_Lagoa-apartamento-SUP-2Q,Carteira 1,SC,"Florianópolis, SC","Florianópolis, SC, Canto da Lagoa",0,298,2970.63,15,3699.2,2025-11,0.4333,0.4031,13,30,284.85,262.8,10,0,2025-11-17,0.8,0.0,728.5699999999997,berlinda,10,3.0,5598.63,4109.3424,17.253117430795843,84.03990024937656,Crítico,🟢 Abaixo viável,
MHF1601,Itapema-Canto_Praia-apartamento-TOP-1Q,Carteira 5,SC,"Itapema, SC","Itapema, SC, Centro",1,480,3120.01,17,3496.4,2025-11,0.6207,0.5558,18,30,206.67,218.63,8,0,2025-11-17,0.89,206.67,376.3899999999999,berlinda,8,2.0,4869.05,4205.639128000001,11.767839163139225,68.3291770573566,Alta,🟢 Abaixo viável,
ROI009,Imbituba-Praia_do_Rosa-casa-MASTER-3Q,Carteira 6,SC,"Garopaba, SC","Garopaba, SC, Ouvidor",6,400,9168.5,11,9635.17,2025-11,0.4583,0.5225,11,30,1084.73,1000.0,2,22,2025-11-17,0.95,6508.38,466.6700000000001,berlinda,2,1.0,11168.5,10085.1,48.43401828924659,98.50374064837905,Crítico,🟢 Abaixo viável,
SRO0002,Florianopolis-Lagoa-apartamento-SUP-2Q,Carteira 1,SC,"Florianópolis, SC","Florianópolis, SC, Lagoa da Conceição",8,353,4218.34,37,4250.18,2025-11,0.8636,0.5636,19,30,276.58,192.0,2,0,2025-11-17,0.99,2212.64,31.840000000000146,berlinda,2,1.0,4602.34,4549.9624,1.4383579048416837,0.997506234413965,Baixa,🟢 Abaixo viável,
ELF0607,Bombinhas-Bombas-apartamento-SUP-1Q,Especial,SC,"Bombinhas, SC","Bombinhas, SC, José Amândio",3,164,2847.82,38,3068.74,2025-11,0.4815,0.4868,13,30,248.38,361.25,8,24,2025-11-17,0.93,745.14,220.91999999999962,berlinda,8,1.0,5737.82,4239.355,26.006553178177317,92.26932668329178,Crítico,🟢 Abaixo viável,
ISM0619,Sao_Paulo-Moema-apartamento-SUP-1Q,Carteira 4_sys-price,SP,"São Paulo, SP","São Paulo, SP, Indianópolis",0,152,3358.16,606,3824.94,2025-11,0.6,0.6107,18,30,225.44,161.5,8,0,2025-11-17,0.88,0.0,466.7800000000002,berlinda,8,3.0,4650.16,4133.36,6.569599348835103,36.907730673316706,Média,🟢 Abaixo viável,
NWT1217,Especial-NWT-apartamento-TOP-1Q,Carteira 5,AL,"Maceió, AL","Maceió, AL, Pajuçara",3,150,4061.69,41,4882.8,2025-11,0.6296,0.6137,17,30,297.65,281.33,3,0,2025-11-17,0.83,892.9499999999999,821.1100000000001,berlinda,3,3.0,4905.68,4593.066104,15.769836726195358,81.29675810473816,Crítico,🟠 Abaixo precisa esforço,
NWT1407,Especial-NWT-apartamento-TOP-1Q,Carteira 5,AL,"Maceió, AL","Maceió, AL, Pajuçara",0,78,4283.13,41,4882.8,2025-11,0.5333,0.6137,16,30,330.0,300.83,6,0,2025-11-17,0.88,0.0,599.6700000000001,berlinda,6,2.0,6088.110000000001,5245.725834,18.472876843204723,85.53615960099751,Crítico,🟢 Abaixo viável,
SPJ0502,Especial-SPJ-apartamento-TOP-1Q,Carteira 5,SC,"Florianópolis, SC","Florianópolis, SC, Jurerê",0,383,5530.69,16,5903.8,2025-11,0.7667,0.6696,23,30,301.35,197.5,4,0,2025-11-17,0.94,0.0,373.1100000000006,berlinda,4,2.0,6320.69,6136.383,6.240830058606331,33.416458852867834,Média,🟢 Abaixo viável,
VST027,Especial-VST-casa-TOP-1Q,Carteira 5,SC,"Anitápolis, SC","Anitápolis, SC, Rio dos Pinheiros",1,67,3471.3,51,3596.78,2025-11,0.6207,0.2412,18,30,237.44,171.29,7,0,2025-11-17,0.97,237.44,125.48000000000002,berlinda,7,1.0,4670.33,4215.537921,5.975753090264069,30.423940149625935,Média,🟢 Abaixo viável,
COB0710,Sao_Paulo-Brooklin-apartamento-SUP-1Q,Carteira 4,SP,"São Paulo, SP","São Paulo, SP, Santo Amaro",0,32,3799.85,297,4078.3,2025-11,0.5667,0.634,17,30,228.31,168.0,4,0,2025-11-17,0.93,0.0,278.4500000000003,berlinda,4,2.0,4471.85,4180.6723999999995,5.735183777554383,28.428927680798004,Média,🟢 Abaixo viável,
ISC1511,Sao_Paulo-Republica-apartamento-TOP-1Q,Carteira 4,SP,"São Paulo, SP","São Paulo, SP, Vila Buarque",0,499,3892.13,105,4584.01,2025-11,0.7333,0.6841,22,30,220.18,142.75,4,0,2025-11-17,0.85,0.0,691.8800000000001,berlinda,4,5.0,4463.13,4310.8443,4.309147231354208,14.214463840399002,Baixa,🟠 Abaixo precisa esforço,
JBV173,Especial-JBV-hotel-JR-1Q,Especial,SC,"Florianópolis, SC","Florianópolis, SC, Jurerê",0,1698,8826.69,25,9382.13,2025-11,0.7667,0.6404,23,30,491.0,446.5,4,0,2025-11-17,0.94,0.0,555.4399999999987,berlinda,4,2.0,10612.69,10196.0162,13.216826029910022,74.81296758104739,Alta,🟢 Abaixo viável,
MHFA1204,Itapema-Canto_Praia-apartamento-SUP-1Q,Carteira 5,SC,"Itapema, SC","Itapema, SC, Centro",0,479,3122.94,10,3496.69,2025-11,0.6667,0.3962,20,30,185.35,206.89,9,1,2025-11-17,0.89,0.0,373.75,berlinda,9,2.0,4984.95,4364.342067,11.056904887193316,67.08229426433915,Alta,🟢 Abaixo viável,
PRY0101,Porto_Seguro-Pataxos-apartamento-SUP-2Q,Carteira 2,BA,"Porto Seguro, BA","Porto Seguro, BA, Taperapuã",0,17,3783.66,38,3825.79,2025-11,0.7333,0.4272,22,30,224.27,313.0,6,6,2025-11-17,0.99,0.0,42.13000000000011,berlinda,6,1.0,5661.66,5160.7973999999995,3.446788767810056,8.478802992518704,Baixa,🟢 Abaixo viável,
AST0103,Porto_Seguro-Pataxos-apartamento-JR-2Q,Carteira 2,BA,"Porto Seguro, BA","Porto Seguro, BA, Taperapuan",0,316,1744.48,42,1757.91,2025-11,0.3333,0.2825,10,30,194.8,136.11,9,0,2025-11-17,0.99,0.0,13.430000000000064,berlinda,9,1.0,2969.4700000000003,2152.769167,1.0398469204908152,0.24937655860349126,Baixa,🟢 Abaixo viável,
DNAB1503,Goiania-Central-apartamento-SUP-1Q,Carteira 1_sys-price,GO,"Goiânia, GO","Goiânia, GO, Setor Bueno",1,772,2011.1,150,2169.41,2025-11,0.4483,0.4376,13,30,188.31,190.8,10,30,2025-11-17,0.93,188.31,158.30999999999995,berlinda,10,1.0,3919.1,2866.4564,13.923392996252435,77.0573566084788,Alta,🟢 Abaixo viável,
EDF1303,Salvador-Ondina_Rio_Vermelho-apartamento-TOP-1Q,Carteira 2,BA,"Salvador, BA","Salvador, BA, Rio Vermelho",1,8,3236.07,34,3908.09,2025-11,0.5862,0.6272,17,30,196.95,192.0,8,0,2025-11-17,0.83,196.95,672.02,berlinda,8,4.0,4772.07,4136.4732,8.253893845842851,54.613466334164585,Alta,🟢 Abaixo viável,
EUB1006,Salvador-Barra-apartamento-SUP-1Q,Carteira 2,BA,"Salvador, BA","Salvador, BA, Barra",0,262,3269.04,206,3756.26,2025-11,0.6333,0.6252,19,30,213.63,181.0,8,0,2025-11-17,0.87,0.0,487.22000000000025,berlinda,8,3.0,4717.04,4186.0584,7.825764634680954,50.87281795511222,Alta,🟢 Abaixo viável,
IFT1108,Itapema-Meia_Praia-Norte-apartamento-TOP-1Q,Carteira 6,SC,"Itapema, SC","Itapema, SC, Meia Praia",0,248,2590.07,21,3163.06,2025-11,0.5667,0.3937,17,30,180.71,140.9,10,3,2025-11-17,0.82,0.0,572.9899999999998,berlinda,10,5.0,3999.07,3388.5503000000003,5.1048219761876155,22.194513715710723,Média,🟢 Abaixo viável,
TSO0311,Balneario_Camboriu-Longe-apartamento-MASTER-2Q,Carteira 6,SC,"Balneário Camboriú, SC","Balneário Camboriú, SC, Estados",1,108,4884.77,34,5228.14,2025-11,0.5172,0.5631,15,30,400.8,255.63,8,0,2025-11-17,0.93,400.8,343.3699999999999,berlinda,8,2.0,6929.81,5942.464688,8.39454118481907,55.86034912718204,Alta,🟢 Abaixo viável,
MBI022,Pocos_de_Caldas-Geral-apartamento-SUP-3Q,Carteira 4,MG,"Poços de Caldas, MG","Poços de Caldas, MG, Jardim Bandeirantes",0,764,1632.5,13,1956.23,2025-11,0.2667,0.3285,8,30,240.13,207.5,8,0,2025-11-17,0.83,0.0,323.73,berlinda,8,2.0,3292.5,2075.2219999999998,17.169242624844728,83.54114713216958,Crítico,🟢 Abaixo viável,
VST021,Especial-VST-casa-TOP-1Q,Carteira 5,SC,"Anitápolis, SC","Anitápolis, SC, Rio dos Pinheiros",2,485,3176.52,51,3596.78,2025-11,0.4643,0.2412,13,30,304.85,170.5,8,0,2025-11-17,0.88,609.7,420.2600000000002,berlinda,8,3.0,4540.52,3809.8252,6.640599832813429,37.905236907730675,Média,🟢 Abaixo viável,
ABY40012,Sao_Paulo-Pompeia-apartamento-SUP-1Q,Carteira 4,SP,"São Paulo, SP","São Paulo, SP, Perdizes",1,31,2852.91,71,3052.11,2025-11,0.7586,0.4722,22,30,165.41,167.0,5,0,2025-11-17,0.93,165.41,199.20000000000027,berlinda,5,2.0,3687.91,3486.341,5.449738050070287,26.683291770573565,Média,🟢 Abaixo viável,
RSA025,Florianopolis-Canasvieiras_Perto-apartamento-JR-1Q,Carteira 1,SC,"Florianópolis, SC","Florianópolis, SC, Canasvieiras",0,208,1955.17,37,1982.19,2025-11,0.4,0.4315,12,30,194.33,166.5,6,0,2025-11-17,0.99,0.0,27.019999999999982,berlinda,6,1.0,2954.17,2354.77,2.2696260197054756,2.9925187032418954,Baixa,🟢 Abaixo viável,
SPJ0101,Especial-SPJ-apartamento-TOP-1Q,Carteira 5,SC,"Florianópolis, SC","Florianópolis, SC, Jurerê",0,211,4936.27,16,5903.8,2025-11,0.6,0.6696,18,30,331.67,239.83,6,0,2025-11-17,0.84,0.0,967.5299999999997,berlinda,6,5.0,6375.25,5799.658,7.860792028862761,51.6209476309227,Alta,🟠 Abaixo precisa esforço,
IBI307,Florianopolis-Jurere_Internacional-apartamento-TOP-1Q,Carteira 1,SC,"Florianópolis, SC","Florianópolis, SC, Jurerê Internacional",0,1452,5484.08,48,6151.26,2025-11,0.6333,0.5685,19,30,342.95,264.5,4,0,2025-11-17,0.89,0.0,667.1800000000003,berlinda,4,3.0,6542.08,6154.1114,9.562762209151732,61.09725685785536,Alta,🟢 Abaixo viável,
ILC2505,Especial-ILC-hotel-TOP-1Q,Especial,SC,"Florianópolis, SC","Florianópolis, SC, Jurerê Internacional",7,1282,9743.28,30,11211.84,2025-11,0.7826,0.7268,18,30,722.94,689.8,5,0,2025-11-17,0.87,5060.58,1468.5599999999995,berlinda,5,3.0,13192.28,12442.467400000001,30.11734880269428,95.26184538653366,Crítico,🟢 Abaixo viável,
MHFA0506,Itapema-Canto_Praia-apartamento-SUP-1Q,Carteira 5,SC,"Itapema, SC","Itapema, SC, Centro",0,456,3214.43,10,3496.69,2025-11,0.7333,0.3962,22,30,179.5,186.17,6,0,2025-11-17,0.92,0.0,282.2600000000002,berlinda,6,2.0,4331.45,4033.5407659999996,7.514012423177354,48.87780548628429,Média,🟢 Abaixo viável,
NWT1113,Especial-NWT-apartamento-TOP-1Q,Carteira 5,AL,"Maceió, AL","Maceió, AL, Pajuçara",1,288,4631.44,41,4882.8,2025-11,0.6207,0.6137,18,30,313.33,311.83,6,0,2025-11-17,0.95,313.33,251.36000000000058,berlinda,6,1.0,6502.42,5792.757286,16.05259048087167,82.29426433915212,Crítico,🟢 Abaixo viável,
TPS209,Florianopolis-Canasvieiras_Meio-apartamento-TOP-1Q,Carteira 1,SC,"Florianópolis, SC","Florianópolis, SC, Canasvieiras",0,997,3949.23,22,4192.76,2025-11,0.7333,0.6,22,30,245.64,229.5,8,0,2025-11-17,0.94,0.0,243.5300000000002,berlinda,8,2.0,5785.23,5295.5688,6.665076822904248,39.40149625935162,Média,🟢 Abaixo viável,
ELG0071,Barra_Velha-Centro-apartamento-JR-3Q,Carteira 3,SC,"Barra Velha, SC","Barra Velha, SC, Centro",1,246,1752.83,16,2066.77,2025-11,0.3793,0.3244,11,30,191.91,165.67,9,0,2025-11-17,0.85,191.91,313.94000000000005,berlinda,9,2.0,3243.8599999999997,2318.377679,12.582541792265227,72.31920199501248,Alta,🟢 Abaixo viável,
LIN1106,Florianopolis-Centrao-apartamento-SUP-1Q,Carteira 4,SC,"Florianópolis, SC","Florianópolis, SC, Centro",0,11,3261.08,125,3496.05,2025-11,0.9,0.5003,27,30,141.63,196.0,2,0,2025-11-17,0.93,0.0,234.97000000000025,berlinda,2,2.0,3653.08,3613.88,6.5865934411693265,37.1571072319202,Média,🟢 Abaixo viável,
MHFA0705,Itapema-Canto_Praia-apartamento-SUP-1Q,Carteira 5,SC,"Itapema, SC","Itapema, SC, Centro",0,284,3405.12,10,3496.69,2025-11,0.7,0.3962,21,30,183.1,179.4,5,0,2025-11-17,0.97,0.0,91.57000000000016,berlinda,5,1.0,4302.12,4033.02,4.6980595935012905,17.955112219451372,Baixa,🟢 Abaixo viável,
LIV1104,Salvador-Graca-apartamento-TOP-1Q,Especial,BA,"Salvador, BA","Salvador, BA, Vitória",0,152,3118.58,15,3581.56,2025-11,0.5,0.6352,15,30,254.0,205.3,10,0,2025-11-17,0.87,0.0,462.98,berlinda,10,3.0,5171.58,4145.08,8.846219152175776,58.104738154613464,Alta,🟢 Abaixo viável,
MUT0034,Santa_Cruz_Cabralia-Coroa_Vermelha-apartamento-TOP-3Q,Carteira 2,BA,"Santa Cruz Cabrália, BA","Santa Cruz Cabrália, BA, Coroa Vermelha",4,232,5405.52,10,6171.48,2025-11,0.6923,0.6749,18,30,423.67,450.0,2,0,2025-11-17,0.88,1694.68,765.9599999999991,berlinda,2,2.0,6305.52,6028.59,27.925392288397568,93.76558603491272,Crítico,🟠 Abaixo precisa esforço,
MHFA0507,Itapema-Canto_Praia-apartamento-SUP-1Q,Carteira 5,SC,"Itapema, SC","Itapema, SC, Centro",0,457,3252.04,10,3496.69,2025-11,0.7333,0.3962,22,30,179.86,168.63,8,0,2025-11-17,0.93,0.0,244.6500000000001,berlinda,8,2.0,4601.08,4241.291032,5.899197455307736,30.174563591022448,Média,🟢 Abaixo viável,
NWT0815,Especial-NWT-apartamento-TOP-1Q,Carteira 5,AL,"Maceió, AL","Maceió, AL, Pajuçara",0,186,4326.43,41,4882.8,2025-11,0.5333,0.6137,16,30,313.75,294.0,6,0,2025-11-17,0.89,0.0,556.3699999999999,berlinda,6,2.0,6090.43,5267.171200000001,16.749895551732607,82.54364089775561,Crítico,🟢 Abaixo viável,
NWT1022,Especial-NWT-apartamento-TOP-1Q,Carteira 5,AL,"Maceió, AL","Maceió, AL, Pajuçara",1,199,4253.83,41,4882.8,2025-11,0.5862,0.6137,17,30,305.06,288.4,10,0,2025-11-17,0.87,305.06,628.9700000000003,berlinda,10,3.0,7137.83,5944.4308,12.383260151279327,71.571072319202,Alta,🟢 Abaixo viável,
UPP0604,Curitiba-Centro-apartamento-JR-1Q,Carteira 4,PR,"Curitiba, PR","Curitiba, PR, Alto da XV",0,26,2058.56,286,2306.12,2025-11,0.5667,0.612,17,30,140.94,130.0,5,0,2025-11-17,0.89,0.0,247.55999999999995,berlinda,5,2.0,2708.56,2426.915,6.977694135604392,44.13965087281795,Média,🟢 Abaixo viável,
CZZ0502,Urubici-Geral-apartamento-SUP-1Q,Especial,SC,"Urubici, SC","Urubici, SC, Centro",1,22,1609.54,48,1711.38,2025-11,0.2759,0.2081,8,30,230.38,238.8,10,0,2025-11-17,0.94,230.38,101.84000000000015,berlinda,10,1.0,3997.54,2268.3892,14.210398625670532,77.80548628428927,Alta,🟢 Abaixo viável,
MHF2001,Itapema-Canto_Praia-apartamento-TOP-1Q,Carteira 5,SC,"Itapema, SC","Itapema, SC, Centro",0,326,3298.86,17,3496.4,2025-11,0.5,0.5558,15,30,228.24,214.75,4,0,2025-11-17,0.94,0.0,197.53999999999996,berlinda,4,1.0,4157.860000000001,3728.36,12.13296962590093,69.32668329177058,Alta,🟢 Abaixo viável,
RDD657,Florianopolis-Daniela-casa-JR-3Q,Carteira 1,SC,"Florianópolis, SC","Florianópolis, SC, Daniela",3,857,4299.35,7,4475.33,2025-11,0.4815,0.5641,13,30,496.92,443.38,8,0,2025-11-17,0.96,1490.76,175.97999999999956,berlinda,8,1.0,7846.39,6007.249760000001,17.434694737594725,84.53865336658353,Crítico,🟢 Abaixo viável,
UPP0517,Curitiba-Centro-apartamento-JR-1Q,Carteira 4,PR,"Curitiba, PR","Curitiba, PR, Alto da XV",0,29,1974.01,286,2306.12,2025-11,0.5,0.612,15,30,146.33,130.0,6,0,2025-11-17,0.86,0.0,332.1099999999999,berlinda,6,3.0,2754.01,2364.01,6.240539665469851,33.16708229426434,Média,🟢 Abaixo viável,
WSH0506,Curitiba-Batel-apartamento-SUP-1Q,Carteira 4,PR,"Curitiba, PR","Curitiba, PR, Bigorrilho",0,18,2577.43,195,3205.35,2025-11,0.4667,0.5844,14,30,175.29,136.14,7,0,2025-11-17,0.8,0.0,627.9200000000001,berlinda,7,5.0,3530.41,3022.1857659999996,5.333896691468951,25.6857855361596,Média,🟠 Abaixo precisa esforço,
NLUG0001,São_Miguel_dos_Milagres-Geral-casa-TOP-3Q,Carteira 2,AL,"Passo de Camaragibe, AL","Passo de Camaragibe, AL, Praia do Marceneiro",3,274,6756.99,21,7931.5,2025-11,0.4074,0.5116,11,30,692.27,3200.0,9,19,2025-11-17,0.85,2076.81,1174.5100000000002,berlinda,9,1.0,35556.99,18490.11,473.8614385677363,100.0,Crítico,🟢 Abaixo viável,
NWT0913,Especial-NWT-apartamento-TOP-1Q,Carteira 5,AL,"Maceió, AL","Maceió, AL, Pajuçara",1,214,4208.7,41,4882.8,2025-11,0.5862,0.6137,17,30,325.65,277.71,7,0,2025-11-17,0.86,325.65,674.1000000000004,berlinda,7,3.0,6152.67,5348.255214,12.779847014008363,73.31670822942642,Alta,🟢 Abaixo viável,
VTL0302,Ilheus-Sul-apartamento-SUP-2Q,Carteira 2,BA,"Ilhéus, BA","Ilhéus, BA, Nossa Senhora da Vitória",0,330,2100.91,38,2291.07,2025-11,0.5667,0.3456,17,30,151.12,154.0,3,0,2025-11-17,0.92,0.0,190.1600000000003,berlinda,3,2.0,2562.91,2362.7254,6.3910399944131004,34.91271820448878,Média,🟢 Abaixo viável,
CMT0404,Florianopolis-UFSC-apartamento-SUP-3Q,Carteira 4,SC,"Florianópolis, SC","Florianópolis, SC, Córrego Grande",1,260,4095.08,15,4504.2,2025-11,0.4828,0.4921,14,30,382.36,277.17,6,0,2025-11-17,0.91,382.36,409.1199999999999,berlinda,6,2.0,5758.1,4897.986056,12.587783668575995,72.81795511221945,Alta,🟢 Abaixo viável,
EDA0001,Curitiba-Centro-apartamento-SUP-1Q,Carteira 4,PR,"Curitiba, PR","Curitiba, PR, Centro",0,107,2419.44,506,2541.48,2025-11,0.5333,0.5906,16,30,177.94,143.82,11,0,2025-11-17,0.95,0.0,122.03999999999996,berlinda,11,1.0,4001.46,3263.131266,6.906130601067093,43.14214463840399,Média,🟢 Abaixo viável,
ILC4104,Especial-ILC-hotel-JR-1Q,Especial,SC,"Florianópolis, SC","Florianópolis, SC, Jurerê Internacional",3,1005,9810.43,16,10274.6,2025-11,0.7037,0.614,19,30,595.63,390.5,2,0,2025-11-17,0.95,1786.8899999999999,464.1700000000001,berlinda,2,2.0,10591.43,10360.0197,8.820702752418587,57.85536159600998,Alta,🟢 Abaixo viável,
SPJ0405,Especial-SPJ-apartamento-TOP-1Q,Carteira 5,SC,"Florianópolis, SC","Florianópolis, SC, Jurerê",2,335,5539.07,16,5903.8,2025-11,0.7857,0.6696,22,30,312.0,271.5,4,0,2025-11-17,0.94,624.0,364.7300000000005,berlinda,4,2.0,6625.07,6392.3402,8.386479470849295,55.61097256857855,Alta,🟢 Abaixo viável,
TSO0501,Balneario_Camboriu-Longe-apartamento-MASTER-2Q,Carteira 6,SC,"Balneário Camboriú, SC","Balneário Camboriú, SC, Estados",10,52,4547.27,34,5228.14,2025-11,0.9,0.5631,18,30,315.5,250.0,2,0,2025-11-17,0.87,3155.0,680.8699999999999,berlinda,2,3.0,5047.27,4997.27,10.852648679390116,66.58354114713218,Alta,🟠 Abaixo precisa esforço,
VLRY705,Florianopolis-Centrao-apartamento-SUP-1Q,Carteira 4,SC,"Florianópolis, SC","Florianópolis, SC, Centro",0,275,2942.05,125,3496.05,2025-11,0.6333,0.5003,19,30,185.95,165.38,8,0,2025-11-17,0.84,0.0,554.0,berlinda,8,4.0,4265.09,3779.931232,6.551716937686818,36.65835411471321,Média,🟢 Abaixo viável,
CVE402,Guarapari-Praia_do_Morro-apartamento-JR-3Q,Carteira 4,ES,"Guarapari, ES","Guarapari, ES, Praia do Morro",4,620,1733.19,41,1912.5,2025-11,0.3462,0.3381,9,30,219.56,157.67,6,0,2025-11-17,0.91,878.24,179.30999999999995,berlinda,6,2.0,2679.21,2060.702124,7.3913222745098,47.381546134663346,Média,🟢 Abaixo viável,
IBY1613,Sao_Paulo-Moema-apartamento-TOP-1Q,Carteira 4,SP,"São Paulo, SP","São Paulo, SP, Indianópolis",0,269,4547.43,105,4848.24,2025-11,0.7,0.6933,21,30,247.68,209.0,6,0,2025-11-17,0.94,0.0,300.8099999999995,berlinda,6,2.0,5801.43,5425.2300000000005,6.483722959259432,36.15960099750624,Média,🟢 Abaixo viável,
NXO0603,Sao_Paulo-Bela_Vista-apartamento-SUP-1Q,Carteira 4,SP,"São Paulo, SP","São Paulo, SP, Consolação",0,444,3507.06,604,3844.97,2025-11,0.7333,0.6616,22,30,201.27,150.0,4,0,2025-11-17,0.91,0.0,337.90999999999985,berlinda,4,3.0,4107.0599999999995,3947.04,4.3941825293825385,14.962593516209477,Baixa,🟢 Abaixo viável,
ERE418,Maceio-Cruz_das_Almas-apartamento-SUP-1Q,Carteira 2,AL,"Maceió, AL","Maceió, AL, Cruz das Almas",0,551,2918.74,103,3256.01,2025-11,0.7333,0.6601,22,30,181.95,148.0,1,0,2025-11-17,0.9,0.0,337.27000000000044,berlinda,1,3.0,3066.74,3027.2684,5.1101358206311875,22.443890274314214,Média,🟠 Abaixo precisa esforço,
PAR0003,Urubici-Geral-casa-TOP-1Q,Carteira 3,SC,"Urubici, SC","Urubici, SC, Arroio do Engenho",1,729,2882.31,96,3206.86,2025-11,0.4138,0.2397,12,30,264.17,234.78,9,0,2025-11-17,0.9,264.17,324.5500000000002,berlinda,9,2.0,4995.33,3756.6776760000002,11.880445201848543,69.07730673316709,Alta,🟢 Abaixo viável,
WBU2405,Goiania-Central-apartamento-TOP-1Q,Carteira 1_sys-price,GO,"Goiânia, GO","Goiânia, GO, Setor Bueno",0,772,2240.05,54,2402.71,2025-11,0.5,0.4607,15,30,177.27,179.5,10,0,2025-11-17,0.93,0.0,162.65999999999985,berlinda,10,1.0,4035.05,3137.55,12.151890989757389,69.57605985037407,Alta,🟢 Abaixo viável,
ETD0101,Florianopolis-Ingleses_Centro-apartamento-JR-2Q,Carteira 1,SC,"Florianópolis, SC","Florianópolis, SC, Ingleses do Rio Vermelho",0,169,2171.84,16,2442.05,2025-11,0.5333,0.3789,16,30,164.06,174.14,7,0,2025-11-17,0.89,0.0,270.21000000000004,berlinda,7,2.0,3390.82,2821.922034,9.634194508711943,61.59600997506235,Alta,🟢 Abaixo viável,
MBR0108,Maceio-Jatiuca-apartamento-JR-2Q,Carteira 2,AL,"Maceió, AL","Maceió, AL, Ponta Verde",0,26,2856.62,32,3273.16,2025-11,0.7,0.5873,21,30,184.1,157.63,8,0,2025-11-17,0.87,0.0,416.53999999999996,berlinda,8,3.0,4117.66,3739.348,6.686627010798942,39.900249376558605,Média,🟢 Abaixo viável,
BCL402,Ilheus-Pontal-apartamento-TOP-1Q,Carteira 2,BA,"Ilhéus, BA","Ilhéus, BA, Pontal",0,661,2147.4,46,2263.13,2025-11,0.4,0.3519,12,30,206.25,175.2,10,0,2025-11-17,0.95,0.0,115.73000000000002,berlinda,10,1.0,3899.4,2848.2,8.959227264894198,58.60349127182045,Alta,🟢 Abaixo viável,
IAA1004,Recife-Boa_Viagem-apartamento-TOP-1Q,Carteira 2,PE,"Recife, PE","Recife, PE, Boa Viagem",0,598,4170.65,40,4502.5,2025-11,0.7333,0.7299,22,30,227.32,183.13,8,0,2025-11-17,0.93,0.0,331.85000000000036,berlinda,8,2.0,5635.69,5244.9638319999995,6.74866079955581,40.89775561097257,Média,🟢 Abaixo viável,
PLA0311,Curitiba-Boa_Vista-apartamento-SUP-1Q,Carteira 4,PR,"Curitiba, PR","Curitiba, PR, Boa Vista",5,2,2365.2,23,2424.37,2025-11,0.8,0.6346,20,30,159.8,130.0,5,0,2025-11-17,0.98,799.0,59.17000000000007,berlinda,5,1.0,3015.2,2885.2,3.172824280122263,6.733167082294264,Baixa,🟢 Abaixo viável,
TPS307,Florianopolis-Canasvieiras_Meio-apartamento-TOP-1Q,Carteira 1,SC,"Florianópolis, SC","Florianópolis, SC, Canasvieiras",0,1030,3624.1,22,4192.76,2025-11,0.6667,0.6,20,30,235.25,270.0,5,0,2025-11-17,0.86,0.0,568.6600000000003,berlinda,5,3.0,4974.1,4524.1449999999995,12.206613304839781,70.32418952618454,Alta,🟢 Abaixo viável,
MMD0403,Ilheus-Sul-apartamento-TOP-2Q,Carteira 2,BA,"Ilhéus, BA","Ilhéus, BA, São Francisco",3,187,1832.53,18,2210.01,2025-11,0.3704,0.3752,10,30,223.3,273.0,13,17,2025-11-17,0.83,669.9000000000001,377.48000000000025,berlinda,13,2.0,5381.53,3147.0796,23.314835679476577,90.77306733167082,Crítico,🟢 Abaixo viável,
SOA0510,Salvador-Boca_do_Rio-apartamento-TOP-1Q,Carteira 2,BA,"Salvador, BA","Salvador, BA, Boca do Rio",0,274,3295.31,16,3552.83,2025-11,0.6333,0.6429,19,30,203.89,213.38,8,0,2025-11-17,0.93,0.0,257.52,berlinda,8,2.0,5002.35,4376.3784319999995,7.733217969900053,49.62593516209476,Média,🟢 Abaixo viável,
SYH334,Joao_Pessoa-Cabo_Branco-apartamento-TOP-1Q,Carteira 2,PB,"João Pessoa, PB","João Pessoa, PB, Cabo Branco",0,303,4520.75,48,4610.48,2025-11,0.6667,0.6721,20,30,268.65,238.86,7,0,2025-11-17,0.98,0.0,89.72999999999956,berlinda,7,1.0,6192.77,5635.485734,4.648736747583744,17.70573566084788,Baixa,🟢 Abaixo viável,
MHFA0604,Itapema-Canto_Praia-apartamento-SUP-1Q,Carteira 5,SC,"Itapema, SC","Itapema, SC, Centro",0,457,3081.62,10,3496.69,2025-11,0.7,0.3962,21,30,166.33,178.88,8,0,2025-11-17,0.88,0.0,415.07000000000016,berlinda,8,3.0,4512.66,4083.348,7.077905257066924,44.88778054862843,Média,🟢 Abaixo viável,
TCO0312,Porto_Alegre-Centro_Historico-apartamento-SUP-1Q,Carteira 4,RS,"Porto Alegre, RS","Porto Alegre, RS, Centro Histórico",0,366,1774.9,77,2102.22,2025-11,0.6,0.5111,18,30,126.56,128.0,6,0,2025-11-17,0.84,0.0,327.3199999999997,berlinda,6,3.0,2542.9,2235.7,6.643288206435731,38.15461346633416,Média,🟢 Abaixo viável,
VST013,Especial-VST-casa-TOP-1Q,Carteira 5,SC,"Anitápolis, SC","Anitápolis, SC, Rio dos Pinheiros",2,487,3255.14,51,3596.78,2025-11,0.5,0.2412,14,30,259.75,247.0,4,0,2025-11-17,0.91,519.5,341.6400000000003,berlinda,4,2.0,4243.139999999999,3749.14,11.730642407931544,67.83042394014963,Alta,🟢 Abaixo viável,
EDT0010,Porto_Seguro-Pataxos-apartamento-SUP-2Q,Carteira 2,BA,"Porto Seguro, BA","Porto Seguro, BA, Taperapuan",2,723,3672.1,38,3825.79,2025-11,0.7143,0.4272,20,30,204.45,,0,0,2025-11-17,0.96,408.9,153.69000000000005,berlinda,0,0.0,,,,,Baixa,🔴 Abaixo inviável,
LIV1310,Salvador-Graca-apartamento-TOP-1Q,Especial,BA,"Salvador, BA","Salvador, BA, Vitória",0,44,2893.5,15,3581.56,2025-11,0.3667,0.6352,11,30,300.91,320.0,13,27,2025-11-17,0.81,0.0,688.06,berlinda,13,3.0,7053.5,4418.972,20.4919271676774,88.5286783042394,Crítico,🟢 Abaixo viável,
STCY202,Florianopolis-Cachoeira_Bom_Jesus-apartamento-SUP-1Q,Carteira 1,SC,"Florianópolis, SC","Florianópolis, SC, Cachoeira do Bom Jesus",0,561,2390.08,17,2844.32,2025-11,0.6333,0.3982,19,30,177.74,175.5,4,0,2025-11-17,0.84,0.0,454.24000000000024,berlinda,4,3.0,3092.08,2834.6566,9.342493109073526,60.099750623441395,Alta,🟠 Abaixo precisa esforço,
VBV0616,Sao_Paulo-Vila_Olimpia-apartamento-SUP-1Q,Carteira 4,SP,"São Paulo, SP","São Paulo, SP, Vila Olímpia",0,31,5078.87,305,6065.17,2025-11,0.7333,0.6434,22,30,279.95,238.0,3,0,2025-11-17,0.84,0.0,986.3000000000002,berlinda,3,5.0,5792.87,5602.4462,7.74057116288579,49.87531172069826,Média,🟠 Abaixo precisa esforço,
MHB0302,Florianopolis-Novo_Campeche-apartamento-SUP-3Q,Carteira 1,SC,"Florianópolis, SC","Florianópolis, SC, Campeche",5,128,6054.36,62,6895.48,2025-11,0.64,0.6063,16,30,380.0,308.0,3,0,2025-11-17,0.88,1900.0,841.1199999999999,berlinda,3,3.0,6978.36,6645.719999999999,12.523419206011278,72.06982543640898,Alta,🟠 Abaixo precisa esforço,
RAL204,Florianopolis-Ingleses_Centro-apartamento-JR-2Q,Carteira 1,SC,"Florianópolis, SC","Florianópolis, SC, Ingleses do Rio Vermelho",0,514,2369.35,16,2442.05,2025-11,0.5667,0.3789,17,30,195.24,164.25,8,0,2025-11-17,0.97,0.0,72.70000000000027,berlinda,8,1.0,3683.35,3113.9937999999997,4.889734034929687,19.950124688279303,Baixa,🟢 Abaixo viável,
SJS0004,Florianopolis-Ingleses_Centro-apartamento-JR-1Q,Carteira 1,SC,"Florianópolis, SC","Florianópolis, SC, Ingleses do Rio Vermelho",0,317,2469.21,16,2729.84,2025-11,0.7333,0.591,22,30,145.5,142.0,7,0,2025-11-17,0.9,0.0,260.6300000000001,berlinda,7,2.0,3463.21,3198.1102,6.778686662954608,41.39650872817955,Média,🟢 Abaixo viável,
SKL1107,Penha-Praia-apartamento-SUP-3Q,Carteira 6,SC,"Penha, SC","Penha, SC, Armação",0,37,4097.46,20,4193.09,2025-11,0.5,0.3409,15,30,322.93,180.0,2,0,2025-11-17,0.98,0.0,95.63000000000011,berlinda,2,1.0,4457.46,4277.46,4.105182574187537,12.718204488778055,Baixa,🟢 Abaixo viável,
TXP0311,Goiania-Central-apartamento-SUP-2Q,Carteira 1_sys-price,GO,"Goiânia, GO","Goiânia, GO, Setor Bueno",3,772,2560.85,52,2921.27,2025-11,0.4815,0.4303,13,30,232.62,231.5,10,16,2025-11-17,0.88,697.86,360.4200000000001,berlinda,10,2.0,4875.85,3675.5225,14.280985667192699,78.30423940149626,Alta,🟢 Abaixo viável,
UPP0408,Curitiba-Centro-apartamento-JR-1Q,Carteira 4,PR,"Curitiba, PR","Curitiba, PR, Alto da XV",0,10,2220.3,286,2306.12,2025-11,0.6333,0.612,19,30,138.95,130.0,9,0,2025-11-17,0.96,0.0,85.81999999999971,berlinda,9,1.0,3390.3,2961.2610000000004,4.837822836626005,18.952618453865338,Baixa,🟢 Abaixo viável,
ELU207,Florianopolis-Jurere_Tradicional-apartamento-TOP-1Q,Carteira 1,SC,"Florianópolis, SC","Florianópolis, SC, Jurerê",0,892,5960.02,19,6624.43,2025-11,0.7333,0.6573,22,30,370.82,368.67,3,0,2025-11-17,0.9,0.0,664.4099999999999,berlinda,3,2.0,7066.030000000001,6771.057133,18.48823481416514,85.785536159601,Crítico,🟢 Abaixo viável,
JBV167,Especial-JBV-hotel-TOP-1Q,Especial,SC,"Florianópolis, SC","Florianópolis, SC, Jurerê",0,1121,9984.36,34,11132.4,2025-11,0.7,0.6934,21,30,560.29,499.0,3,0,2025-11-17,0.9,0.0,1148.039999999999,berlinda,3,3.0,11481.36,11032.26,17.1532930904387,83.29177057356608,Crítico,🟠 Abaixo precisa esforço,
JFM0101,Florianopolis-Beira_Mar-apartamento-JR-2Q,Carteira 4,SC,"Florianópolis, SC","Florianópolis, SC, Centro",0,117,4646.23,30,4818.15,2025-11,0.7,0.6221,21,30,266.9,235.0,6,0,2025-11-17,0.96,0.0,171.92000000000007,berlinda,6,1.0,6056.23,5633.23,8.385210091010038,55.11221945137157,Alta,🟢 Abaixo viável,
NWT0304,Especial-NWT-apartamento-TOP-1Q,Carteira 5,AL,"Maceió, AL","Maceió, AL, Pajuçara",3,347,4834.75,41,4882.8,2025-11,0.7407,0.6137,20,30,284.5,280.67,6,0,2025-11-17,0.99,853.5,48.05000000000018,berlinda,6,1.0,6518.77,6082.103614,2.7619794994675297,4.239401496259352,Baixa,🟢 Abaixo viável,
REK0001,Penha-Beto_Carrero-casa-JR-2Q,Carteira 3,SC,"Penha, SC","Penha, SC, Armação",0,66,2255.5,16,2318.28,2025-11,0.5,0.5237,15,30,183.63,148.14,7,0,2025-11-17,0.97,0.0,62.7800000000002,berlinda,7,1.0,3292.48,2773.99,4.0116936694446,11.471321695760599,Baixa,🟢 Abaixo viável,
VHB1104,Balneario_Picarras-Geral-apartamento-TOP-2Q,Carteira 6,SC,"Balneário Piçarras, SC","Balneário Piçarras, SC, Itacolomi",10,562,2366.22,34,2780.81,2025-11,0.7,0.3964,14,30,198.64,140.0,2,0,2025-11-17,0.85,1986.3999999999999,414.59000000000015,berlinda,2,3.0,2646.22,2562.22,6.957517174252588,43.89027431421446,Média,🟠 Abaixo precisa esforço,
CZZ0402,Urubici-Geral-apartamento-SUP-1Q,Especial,SC,"Urubici, SC","Urubici, SC, Centro",0,207,1505.82,48,1711.38,2025-11,0.2667,0.2081,8,30,235.5,240.92,12,0,2025-11-17,0.88,0.0,205.56000000000017,berlinda,12,1.0,4396.86,2276.8603679999997,28.937766714581233,94.51371571072319,Crítico,🟢 Abaixo viável,
ILC1211,Especial-ILC-hotel-JR-1Q,Especial,SC,"Florianópolis, SC","Florianópolis, SC, Jurerê Internacional",0,1971,8928.49,16,10274.6,2025-11,0.6,0.614,18,30,605.33,615.83,6,0,2025-11-17,0.87,0.0,1346.1100000000006,berlinda,6,3.0,12623.470000000001,11145.478,26.893988453727335,93.26683291770573,Crítico,🟢 Abaixo viável,
TCO1215,Porto_Alegre-Centro_Historico-apartamento-SUP-1Q,Carteira 4,RS,"Porto Alegre, RS","Porto Alegre, RS, Centro Histórico",1,562,1740.51,77,2102.22,2025-11,0.4483,0.5111,13,30,120.56,120.4,5,0,2025-11-17,0.83,120.56,361.7099999999998,berlinda,5,4.0,2342.51,2010.3866,5.179035020121585,23.19201995012469,Média,🟠 Abaixo precisa esforço,
CED0107,Brasilia-Asa_Sul-apartamento-SUP-1Q,Carteira 1_sys-price,DF,"Brasília, DF","Brasília, DF, Setor Sudoeste",0,65,3893.11,140,3951.4,2025-11,0.8,0.7845,24,30,208.29,196.0,2,0,2025-11-17,0.99,0.0,58.289999999999964,berlinda,2,1.0,4285.110000000001,4206.71,2.8913397783064245,5.486284289276807,Baixa,🟢 Abaixo viável,
EBI0603,Curitiba-Jardim_Botanico-apartamento-SUP-1Q,Carteira 4,PR,"Curitiba, PR","Curitiba, PR, Prado Velho",0,170,3071.97,15,3133.1,2025-11,0.8667,0.6928,26,30,141.08,110.0,1,0,2025-11-17,0.98,0.0,61.13000000000011,berlinda,1,1.0,3181.97,3167.307,2.1462130158628874,2.7431421446384037,Baixa,🟢 Abaixo viável,
IAA0503,Recife-Boa_Viagem-apartamento-TOP-1Q,Carteira 2,PE,"Recife, PE","Recife, PE, Boa Viagem",0,598,4397.83,40,4502.5,2025-11,0.7667,0.7299,23,30,225.65,205.67,6,0,2025-11-17,0.98,0.0,104.67000000000007,berlinda,6,1.0,5631.85,5343.953133999999,4.781227962243203,18.703241895261847,Baixa,🟢 Abaixo viável,
SLI0715,Maceio-Ponta_Verde-apartamento-TOP-2Q,Carteira 2,AL,"Maceió, AL","Maceió, AL, Ponta Verde",0,264,5747.36,40,6406.19,2025-11,0.7333,0.7573,22,30,316.0,259.5,4,0,2025-11-17,0.9,0.0,658.8299999999999,berlinda,4,3.0,6785.36,6508.5253999999995,8.895895220091816,58.35411471321695,Alta,🟢 Abaixo viável,
SMT0505,Salvador-Boca_do_Rio-apartamento-TOP-1Q,Carteira 2,BA,"Salvador, BA","Salvador, BA, Jardim Armação",0,87,3141.64,16,3552.83,2025-11,0.5667,0.6429,17,30,207.79,239.5,6,0,2025-11-17,0.88,0.0,411.19000000000005,berlinda,6,2.0,4578.639999999999,3955.9879,13.859374780104872,76.80798004987531,Alta,🟢 Abaixo viável,
TXP0314,Goiania-Central-apartamento-TOP-2Q,Carteira 1_sys-price,GO,"Goiânia, GO","Goiânia, GO, Setor Bueno",2,753,2827.38,15,2903.2,2025-11,0.3571,0.3492,10,30,309.0,309.36,11,29,2025-11-17,0.97,618.0,75.81999999999971,berlinda,11,1.0,6230.34,4042.577016,8.07924882887845,53.61596009975062,Alta,🟢 Abaixo viável,
PDAA0611,Camaçari-Jacuipe-casa-SUP-3Q,Carteira 2,BA,"Camaçari, BA","Camaçari, BA, Barra do Jacuípe",7,708,4241.45,14,4519.94,2025-11,0.4348,0.3681,10,30,491.0,455.0,7,26,2025-11-17,0.94,3437.0,278.4899999999998,berlinda,7,1.0,7426.45,5626.288,28.03421063111455,94.0149625935162,Crítico,🟢 Abaixo viável,
TCO0914,Porto_Alegre-Centro_Historico-apartamento-SUP-1Q,Carteira 4,RS,"Porto Alegre, RS","Porto Alegre, RS, Centro Histórico",1,491,1983.9,77,2102.22,2025-11,0.6552,0.5111,19,30,125.63,120.44,9,0,2025-11-17,0.94,125.63,118.31999999999971,berlinda,9,1.0,3067.86,2694.110592,6.778767588549231,41.64588528678304,Média,🟢 Abaixo viável,
TPS211,Florianopolis-Canasvieiras_Meio-apartamento-TOP-1Q,Carteira 1,SC,"Florianópolis, SC","Florianópolis, SC, Canasvieiras",0,809,3724.11,22,4192.76,2025-11,0.6333,0.6,19,30,872.21,252.0,3,0,2025-11-17,0.89,0.0,468.6500000000001,berlinda,3,2.0,4480.110000000001,4202.8848,14.08377775021705,77.55610972568579,Alta,🟢 Abaixo viável,
JBV134,Especial-JBV-hotel-JR-1Q,Especial,SC,"Florianópolis, SC","Florianópolis, SC, Jurerê",4,1971,8317.91,25,9382.13,2025-11,0.8077,0.6404,21,30,477.48,377.0,3,0,2025-11-17,0.89,1909.92,1064.2199999999993,berlinda,3,3.0,9448.91,9231.4187,14.254436892262195,78.05486284289277,Alta,🟠 Abaixo precisa esforço,
JBV108,Especial-JBV-hotel-TOP-1Q,Especial,SC,"Florianópolis, SC","Florianópolis, SC, Jurerê",0,1704,8932.83,34,11132.4,2025-11,0.6,0.6934,18,30,639.28,475.5,6,0,2025-11-17,0.8,0.0,2199.5699999999997,berlinda,6,5.0,11785.83,10644.63,18.790117764363476,86.53366583541147,Crítico,🟠 Abaixo precisa esforço,
CGB0035,Ubatuba-Praia_Grande-apartamento-SUP-2Q,Carteira 4,SP,"Ubatuba, SP","Ubatuba, SP, Praia Grande",6,60,4543.09,164,4793.85,2025-11,0.6667,0.4378,16,30,316.5,252.0,3,0,2025-11-17,0.95,1899.0,250.76000000000022,berlinda,3,1.0,5299.09,5047.1152,13.181789167370704,74.56359102244389,Alta,🟢 Abaixo viável,
DPR0001,Balneario_Camboriu-Sul-apartamento-JR-1Q,Carteira 6,SC,"Balneário Camboriú, SC","Balneário Camboriú, SC, Barra",0,267,1863.08,36,2019.49,2025-11,0.6,0.505,18,30,120.17,111.25,8,0,2025-11-17,0.92,0.0,156.41000000000008,berlinda,8,2.0,2753.08,2397.08,4.308170008269417,13.96508728179551,Baixa,🟢 Abaixo viável,
DSH1702,Itapema-Praia_Itapema-apartamento-TOP-2Q,Carteira 6,SC,"Itapema, SC","Itapema, SC, Morretes",3,320,2998.75,17,3309.05,2025-11,0.5926,0.3175,16,30,232.75,150.5,8,0,2025-11-17,0.91,698.25,310.3000000000002,berlinda,8,3.0,4202.75,3712.2404,4.704285721480991,18.204488778054863,Baixa,🟢 Abaixo viável,
EPC025,Florianopolis-Jurere_Longe-apartamento-SUP-2Q,Carteira 1,SC,"Florianópolis, SC","Florianópolis, SC, Jurerê Internacional",0,205,5797.08,26,5996.54,2025-11,0.5333,0.5697,16,30,405.29,233.5,2,0,2025-11-17,0.97,0.0,199.46000000000004,berlinda,2,1.0,6264.08,6046.1311,7.766797186377479,50.12468827930174,Alta,🟢 Abaixo viável,
ILC2314,Especial-ILC-hotel-JR-1Q,Especial,SC,"Florianópolis, SC","Florianópolis, SC, Jurerê Internacional",0,1522,8752.49,16,10274.6,2025-11,0.5,0.614,15,30,732.67,563.0,6,13,2025-11-17,0.85,0.0,1522.1100000000006,berlinda,6,3.0,12130.49,10441.49,27.801501761625765,93.51620947630923,Crítico,🟢 Abaixo viável,
LVR0003,Campos_do_Jordao-Capivari_Centro-apartamento-SUP-2Q,Carteira 4,SP,"Campos do Jordão, SP","Campos do Jordão, SP, V Iara",0,199,2966.71,39,3148.46,2025-11,0.3333,0.2995,10,30,334.3,298.4,10,0,2025-11-17,0.94,0.0,181.75,berlinda,10,1.0,5950.71,3961.2772,17.225627767225884,83.79052369077307,Crítico,🟢 Abaixo viável,
STU309,Florianopolis-UFSC-apartamento-TOP-1Q,Carteira 4,SC,"Florianópolis, SC","Florianópolis, SC, Trindade",0,859,3267.2,15,3753.83,2025-11,0.6,0.6156,18,30,213.89,202.67,6,0,2025-11-17,0.87,0.0,486.6300000000001,berlinda,6,3.0,4483.219999999999,3996.812,8.757748939083546,57.356608478803,Alta,🟢 Abaixo viável,
ILC4115,Especial-ILC-hotel-TOP-1Q,Especial,SC,"Florianópolis, SC","Florianópolis, SC, Jurerê Internacional",0,1657,9674.75,30,11211.84,2025-11,0.6667,0.7268,20,30,616.5,642.6,5,0,2025-11-17,0.86,0.0,1537.0900000000001,berlinda,5,3.0,12887.75,11816.857100000001,29.365802401746727,95.01246882793018,Crítico,🟢 Abaixo viável,
MUT0056,Santa_Cruz_Cabralia-Coroa_Vermelha-apartamento-TOP-3Q,Carteira 2,BA,"Santa Cruz Cabrália, BA","Santa Cruz Cabrália, BA, Coroa Vermelha",7,248,5111.91,10,6171.48,2025-11,0.6957,0.6749,16,30,437.13,308.5,2,0,2025-11-17,0.83,3059.91,1059.5699999999997,berlinda,2,4.0,5728.91,5541.1569,13.24144876917692,75.06234413965088,Alta,🟠 Abaixo precisa esforço,
RGOB701,Itapema-Meia_Praia-Sul-apartamento-SUP-1Q,Carteira 6,SC,"Itapema, SC","Itapema, SC, Castelo Branco",0,110,2729.95,16,2829.97,2025-11,0.7333,0.5339,22,30,162.11,175.67,3,0,2025-11-17,0.96,0.0,100.01999999999998,berlinda,3,1.0,3256.96,3116.4064329999997,6.208727795701017,32.418952618453865,Média,🟢 Abaixo viável,
RNE0301,Porto_Belo-Geral-apartamento-JR-3Q,Carteira 6,SC,"Porto Belo, SC","PORTO BELO, SC, PEREQUÊ",11,373,2017.62,23,2153.15,2025-11,0.6316,0.3172,12,30,219.5,149.33,6,0,2025-11-17,0.94,2414.5,135.5300000000002,berlinda,6,1.0,2913.6,2583.520968,9.39957499477511,60.59850374064838,Alta,🟢 Abaixo viável,
RUC0003,Bombinhas-Mariscal-casa-JR-2Q,Carteira 6,SC,"Bombinhas, SC","Bombinhas, SC, Canto Grande",0,332,1741.95,16,1968.24,2025-11,0.4667,0.3824,14,30,139.56,100.0,7,0,2025-11-17,0.89,0.0,226.28999999999996,berlinda,7,3.0,2441.95,2068.64,3.832357842539526,9.975062344139651,Baixa,🟢 Abaixo viável,
JBV152,Especial-JBV-hotel-TOP-1Q,Especial,SC,"Florianópolis, SC","Florianópolis, SC, Jurerê",0,1121,9036.72,34,11132.4,2025-11,0.6,0.6934,18,30,719.17,889.67,3,0,2025-11-17,0.81,0.0,2095.6800000000003,berlinda,3,3.0,11705.73,10638.125999999998,55.826944342639514,99.25187032418953,Crítico,🟠 Abaixo precisa esforço,
MHFA0605,Itapema-Canto_Praia-apartamento-SUP-1Q,Carteira 5,SC,"Itapema, SC","Itapema, SC, Centro",0,374,3418.52,10,3496.69,2025-11,0.7,0.3962,21,30,191.19,220.25,8,0,2025-11-17,0.98,0.0,78.17000000000007,berlinda,8,1.0,5180.52,4651.92,4.923782920419031,20.448877805486283,Média,🟢 Abaixo viável,
VIM0602,Itapema-Praia_Itapema-apartamento-TOP-3Q,Carteira 6,SC,"Itapema, SC","Itapema, SC, Andorinha",5,178,4529.7,9,5645.68,2025-11,0.72,0.4297,18,30,297.56,211.8,5,0,2025-11-17,0.8,1487.8,1115.9800000000005,berlinda,5,6.0,5588.7,5292.18,6.9777412109790165,44.38902743142145,Média,🟠 Abaixo precisa esforço,
CNB005,Especial-CNB-casa-TOP-1Q,Especial,SP,"Campos do Jordão, SP","Campos do Jordão, SP, Jardim Europa",1,596,4799.51,16,5403.48,2025-11,0.2759,0.543,8,30,700.75,608.0,6,3,2025-11-17,0.89,700.75,603.9699999999993,berlinda,6,1.0,8447.51,5805.9932,67.95875250764315,99.50124688279301,Crítico,🟢 Abaixo viável,
CLC0104,Florianopolis-Rio_Tavares-apartamento-SUP-2Q,Carteira 1,SC,"Florianópolis, SC","Florianópolis, SC, Campeche Central",0,19,3625.17,9,3666.72,2025-11,0.6667,0.4109,20,30,207.75,212.88,8,0,2025-11-17,0.99,0.0,41.54999999999973,berlinda,8,1.0,5328.21,4760.586768,2.4122823668019215,3.2418952618453867,Baixa,🟢 Abaixo viável,
CST0905,Itajai-Centro-apartamento-JR-1Q,Carteira 6,SC,"Itajaí, SC","Itajaí, SC, Centro",3,116,1737.14,11,2094.43,2025-11,0.5556,0.5448,15,30,136.53,119.5,8,0,2025-11-17,0.83,409.59000000000003,357.28999999999974,berlinda,8,3.0,2693.1400000000003,2268.2936,6.79519089521572,41.895261845386536,Média,🟢 Abaixo viável,
DNAG1701,Goiania-Central-apartamento-TOP-1Q,Carteira 1_sys-price,GO,"Goiânia, GO","Goiânia, GO, Setor Bueno",0,747,2383.34,54,2402.71,2025-11,0.5,0.4607,15,30,189.4,181.5,10,10,2025-11-17,0.99,0.0,19.36999999999989,berlinda,10,1.0,4198.34,3290.84,1.4632040487615985,1.2468827930174564,Baixa,🟢 Abaixo viável,
DNAG1702,Goiania-Central-apartamento-TOP-1Q,Carteira 1_sys-price,GO,"Goiânia, GO","Goiânia, GO, Setor Bueno",0,107,2219.64,54,2402.71,2025-11,0.5,0.4607,15,30,178.47,183.9,10,6,2025-11-17,0.92,0.0,183.07000000000016,berlinda,10,1.0,4058.64,3139.14,14.01191696043219,77.3067331670823,Alta,🟢 Abaixo viável,
JRR303,Florianopolis-Jurere_Tradicional-apartamento-TOP-2Q,Carteira 1,SC,"Florianópolis, SC","Florianópolis, SC, Jurerê",1,1431,7974.52,20,9043.7,2025-11,0.6897,0.6419,20,30,561.7,559.63,8,0,2025-11-17,0.88,561.7,1069.1800000000003,berlinda,8,2.0,12451.560000000001,11062.334488,33.0807746497562,96.00997506234414,Crítico,🟢 Abaixo viável,
NWT0920,Especial-NWT-apartamento-TOP-1Q,Carteira 5,AL,"Maceió, AL","Maceió, AL, Pajuçara",2,214,3924.91,41,4882.8,2025-11,0.5714,0.6137,16,30,297.56,266.0,8,0,2025-11-17,0.8,595.12,957.8900000000003,berlinda,8,4.0,6052.91,5140.8492,13.04572888506595,73.81546134663341,Alta,🟢 Abaixo viável,
SOA0608,Salvador-Boca_do_Rio-apartamento-SUP-1Q,Carteira 2,BA,"Salvador, BA","Salvador, BA, Boca do Rio",0,330,2353.76,34,2612.22,2025-11,0.6667,0.5685,20,30,146.65,155.56,9,0,2025-11-17,0.9,0.0,258.4599999999996,berlinda,9,2.0,3753.8,3287.166668,7.695760234589724,49.37655860349127,Média,🟢 Abaixo viável,
DIO1602,Sao_Paulo-Pompeia-apartamento-SUP-1Q,Carteira 4,SP,"São Paulo, SP","São Paulo, SP, Pompeia",2,145,2608.63,71,3052.11,2025-11,0.6429,0.4722,18,30,168.61,175.5,4,0,2025-11-17,0.85,337.22,443.48,berlinda,4,3.0,3310.63,3059.9458,8.500211329211595,56.60847880299252,Alta,🟢 Abaixo viável,
SPA309,Florianopolis-UFSC-apartamento-SUP-1Q,Carteira 4,SC,"Florianópolis, SC","Florianópolis, SC, Trindade",1,767,2770.15,42,3311.18,2025-11,0.5517,0.6012,16,30,233.75,160.0,3,0,2025-11-17,0.84,233.75,541.0299999999997,berlinda,3,4.0,3250.15,3034.9660000000003,6.535796906238861,36.408977556109726,Média,🟠 Abaixo precisa esforço,
NOH1302,Itapema-Meia_Praia-Sul-apartamento-TOP-3Q,Carteira 6,SC,"Itapema, SC","Itapema, SC, Castelo Branco",0,89,4283.01,10,4693.25,2025-11,0.5333,0.3031,16,30,308.75,600.0,8,13,2025-11-17,0.91,0.0,410.2399999999998,berlinda,8,1.0,9083.01,6842.85,52.4463857667927,99.00249376558602,Crítico,🟢 Abaixo viável,
NWT1120,Especial-NWT-apartamento-TOP-1Q,Carteira 5,AL,"Maceió, AL","Maceió, AL, Pajuçara",2,4,4513.96,41,4882.8,2025-11,0.6786,0.6137,19,30,288.42,299.4,5,0,2025-11-17,0.92,576.84,368.84000000000015,berlinda,5,2.0,6010.96,5529.8242,11.308132219218486,67.33167082294264,Alta,🟢 Abaixo viável,
PDC301,Ilheus-Sul-apartamento-JR-2Q,Carteira 2,BA,"Ilhéus, BA","Ilhéus, BA, São Francisco",0,766,1445.6,15,1516.32,2025-11,0.4333,0.2819,13,30,133.15,117.0,1,0,2025-11-17,0.95,0.0,70.72000000000003,berlinda,1,1.0,1562.6,1496.2961,5.456790123456793,26.932668329177055,Média,🟠 Abaixo precisa esforço,
ADC0205,Florianopolis-Cachoeira_Bom_Jesus-apartamento-TOP-2Q,Carteira 1,SC,"Florianópolis, SC","Florianópolis, SC, Cachoeira do Bom Jesus",0,260,5531.98,27,5562.4,2025-11,0.5,0.4904,15,30,455.67,324.0,4,0,2025-11-17,0.99,0.0,30.420000000000073,berlinda,4,1.0,6827.98,6179.98,1.7719114051488611,1.4962593516209477,Baixa,🟢 Abaixo viável,
EBI0303,Curitiba-Jardim_Botanico-apartamento-SUP-1Q,Carteira 4,PR,"Curitiba, PR","Curitiba, PR, Prado Velho",0,299,2828.84,15,3133.1,2025-11,0.7,0.6928,21,30,160.71,120.0,7,0,2025-11-17,0.9,0.0,304.25999999999976,berlinda,7,3.0,3668.84,3416.84,3.8844594810251794,10.473815461346634,Baixa,🟢 Abaixo viável,
ILC3105,Especial-ILC-hotel-JR-1Q,Especial,SC,"Florianópolis, SC","Florianópolis, SC, Jurerê Internacional",0,1916,9111.72,16,10274.6,2025-11,0.6333,0.614,19,30,597.58,561.0,5,0,2025-11-17,0.89,0.0,1162.880000000001,berlinda,5,3.0,11916.72,10888.126499999998,21.164674050571328,89.02743142144638,Crítico,🟢 Abaixo viável,
LIV1509,Salvador-Graca-apartamento-TOP-1Q,Especial,BA,"Salvador, BA","Salvador, BA, Vitória",3,22,3350.59,15,3581.56,2025-11,0.6667,0.6352,18,30,231.42,242.63,8,0,2025-11-17,0.94,694.26,230.9699999999998,berlinda,8,1.0,5291.63,4644.681368,15.646883229654104,80.54862842892769,Crítico,🟢 Abaixo viável,
NWT0423,Especial-NWT-apartamento-TOP-1Q,Carteira 5,AL,"Maceió, AL","Maceió, AL, Pajuçara",2,337,4429.19,41,4882.8,2025-11,0.5714,0.6137,16,30,308.06,292.75,8,0,2025-11-17,0.91,616.12,453.6100000000006,berlinda,8,2.0,6771.19,5767.408799999999,13.598173947325321,76.05985037406484,Alta,🟢 Abaixo viável,
OKA233,Florianopolis-Campeche-apartamento-TOP-1Q,Carteira 1,SC,"Florianópolis, SC","Florianópolis, SC, Campeche",0,1039,3559.78,24,3705.54,2025-11,0.5667,0.5882,17,30,263.0,269.7,10,0,2025-11-17,0.96,0.0,145.75999999999976,berlinda,10,1.0,6256.780000000001,5088.1699,10.60883757832865,65.08728179551122,Alta,🟢 Abaixo viável,
CSF0202,Salvador-Barra-apartamento-SUP-2Q,Carteira 2,BA,"Salvador, BA","Salvador, BA, Barra",0,213,4102.88,30,4493.01,2025-11,0.6333,0.6594,19,30,255.42,236.33,6,0,2025-11-17,0.91,0.0,390.1300000000001,berlinda,6,2.0,5520.860000000001,5000.886734,10.260318016207403,64.08977556109726,Alta,🟢 Abaixo viável,
CSF0303,Salvador-Barra-apartamento-JR-1Q,Carteira 2,BA,"Salvador, BA","Salvador, BA, Barra",0,29,2905.83,119,3062.17,2025-11,0.7333,0.6382,22,30,172.68,115.0,2,0,2025-11-17,0.95,0.0,156.34000000000015,berlinda,2,2.0,3135.83,3074.489,2.9356795997609564,5.985037406483791,Baixa,🟢 Abaixo viável,
ILC3412,Especial-ILC-hotel-JR-1Q,Especial,SC,"Florianópolis, SC","Florianópolis, SC, Jurerê Internacional",0,340,8471.72,16,10274.6,2025-11,0.3667,0.614,11,30,912.0,792.5,8,23,2025-11-17,0.82,0.0,1802.880000000001,berlinda,8,3.0,14811.72,10796.598,46.35322056333096,98.25436408977556,Crítico,🟢 Abaixo viável,
MHF1207,Itapema-Canto_Praia-apartamento-TOP-1Q,Carteira 5,SC,"Itapema, SC","Itapema, SC, Centro",4,302,3435.96,17,3496.4,2025-11,0.5,0.5558,13,30,310.38,300.0,4,23,2025-11-17,0.98,1241.52,60.440000000000055,berlinda,4,1.0,4635.96,4035.96,5.185905502802887,23.940149625935163,Média,🟢 Abaixo viável,
MPB0034,Itajai-Praia_Brava-apartamento-SUP-2Q,Carteira 6,SC,"Itajaí, SC","Itajaí, SC, Praia Brava",3,193,3111.22,19,3617.89,2025-11,0.5556,0.4547,15,30,238.67,145.25,8,0,2025-11-17,0.86,716.01,506.6700000000001,berlinda,8,4.0,4273.219999999999,3756.8271999999997,5.085410107825278,21.695760598503743,Média,🟢 Abaixo viável,
RFT505,Balneario_Camboriu-Intermediario-apartamento-JR-2Q,Carteira 6,SC,"Balneário Camboriú, SC","Balneário Camboriú, SC, Centro",13,1440,2821.97,38,3112.21,2025-11,0.8824,0.4641,15,30,235.87,115.0,1,0,2025-11-17,0.91,3066.31,290.24000000000024,berlinda,1,3.0,2936.97,2923.446,3.574908719741494,9.226932668329177,Baixa,🟠 Abaixo precisa esforço,
RRA0205,Florianopolis-Praia_Brava-apartamento-JR-2Q,Carteira 1,SC,"Florianópolis, SC","Florianópolis, SC, Praia Brava",0,436,2208.0,16,2476.92,2025-11,0.2667,0.3611,8,30,315.0,269.56,9,0,2025-11-17,0.89,0.0,268.9200000000001,berlinda,9,1.0,4634.04,2855.024868,29.26621578411899,94.76309226932669,Crítico,🟢 Abaixo viável,
RSL0502,Itapema-Praia_Itapema-apartamento-TOP-3Q,Carteira 6,SC,"Itapema, SC","Itapema, SC, Centro",8,694,5188.6,9,5645.68,2025-11,0.8636,0.4297,19,30,350.32,416.0,2,7,2025-11-17,0.92,2802.56,457.0799999999999,berlinda,2,2.0,6020.6,5907.1152,16.839891740233238,82.7930174563591,Crítico,🟢 Abaixo viável,
TBS1105,Florianopolis-Novo_Campeche-apartamento-MASTER-1Q,Carteira 1,SC,"Florianópolis, SC","Florianópolis, SC, Campeche",0,876,6182.29,58,6836.11,2025-11,0.5667,0.6239,17,30,435.82,450.0,4,0,2025-11-17,0.9,0.0,653.8199999999997,berlinda,4,2.0,7982.29,7202.35,21.519475257127215,89.27680798004988,Crítico,🟢 Abaixo viável,
VIC0203,Florianopolis-Novo_Campeche-apartamento-TOP-2Q,Carteira 1,SC,"Florianópolis, SC","Florianópolis, SC, Campeche",0,731,6040.67,52,6836.11,2025-11,0.6667,0.6116,20,30,397.5,427.5,4,0,2025-11-17,0.88,0.0,795.4399999999996,berlinda,4,2.0,7750.67,7180.727,24.871644838950797,91.77057356608479,Crítico,🟢 Abaixo viável,
VIL0001,Penha-Longe-apartamento-JR-1Q,Carteira 6,SC,"Penha, SC","Penha, SC, Santa Lidia",0,71,1045.22,17,1090.04,2025-11,0.3333,0.3287,10,30,113.7,93.56,9,0,2025-11-17,0.96,0.0,44.819999999999936,berlinda,9,1.0,1887.26,1325.871932,3.8469773586290352,10.224438902743142,Baixa,🟢 Abaixo viável,
BBC0102,Marau-Barra_Grande-apartamento-SUP-3Q,Carteira 2,BA,"Maraú, BA","Maraú, BA, Barra Grande",4,26,3713.22,11,3802.97,2025-11,0.3846,0.2705,10,30,441.3,421.43,7,0,2025-11-17,0.98,1765.2,89.75,berlinda,7,1.0,6663.23,4847.793846,9.94573780492615,62.593516209476306,Alta,🟢 Abaixo viável,
EJO0401,Florianopolis-Centrao-apartamento-JR-1Q,Carteira 4,SC,"Florianópolis, SC","Florianópolis, SC, Centro",0,200,3003.44,71,3047.73,2025-11,0.5333,0.5608,16,30,220.19,127.75,8,0,2025-11-17,0.99,0.0,44.289999999999964,berlinda,8,1.0,4025.44,3548.4726,1.8564792484898582,1.7456359102244388,Baixa,🟢 Abaixo viável,
NDE0002,Florianopolis-Campeche-apartamento-JR-1Q,Carteira 1,SC,"Florianópolis, SC","Florianópolis, SC, Ribeirão da Ilha",0,185,1912.52,23,2255.51,2025-11,0.5,0.5609,15,30,156.33,179.18,11,0,2025-11-17,0.85,0.0,342.99000000000024,berlinda,11,2.0,3883.5,2898.01,13.623736582857099,76.30922693266832,Alta,🟢 Abaixo viável,
NWT0910,Especial-NWT-apartamento-MASTER-1Q,Carteira 5,AL,"Maceió, AL","Maceió, AL, Pajuçara",0,221,5745.96,30,6349.7,2025-11,0.3667,0.7184,11,30,600.0,600.0,9,30,2025-11-17,0.9,0.0,603.7399999999998,berlinda,9,2.0,11145.96,7726.14,28.5244972203411,94.2643391521197,Crítico,🟢 Abaixo viável,
OBP0303,Penha-Beto_Carrero-apartamento-MASTER-2Q,Carteira 3,SC,"Penha, SC","Penha, SC, Armação",0,352,4889.96,26,5172.87,2025-11,0.6,0.3543,18,30,322.83,317.5,6,0,2025-11-17,0.95,0.0,282.90999999999985,berlinda,6,1.0,6794.96,6032.96,17.364427290846272,84.28927680798004,Crítico,🟢 Abaixo viável,
BDR523,Florianopolis-Lagoa-apartamento-SUP-1Q,Carteira 1,SC,"Florianópolis, SC","Florianópolis, SC, Lagoa da Conceição",3,1284,3562.34,26,3632.62,2025-11,0.8148,0.6853,22,30,193.18,,0,0,2025-11-17,0.98,579.54,70.27999999999975,berlinda,0,0.0,,,,,Baixa,🔴 Abaixo inviável,
CAV0411,Recife-Boa_Viagem-Bairro-apartamento-JR-1Q,Carteira 2,PE,"Recife, PE","Recife, PE, Boa Viagem",0,227,2429.29,35,2759.16,2025-11,0.8,0.6508,24,30,121.38,116.5,6,0,2025-11-17,0.88,0.0,329.8699999999999,berlinda,6,3.0,3128.29,2988.49,4.642699831349637,17.45635910224439,Baixa,🟢 Abaixo viável,
JBV165,Especial-JBV-hotel-JR-1Q,Especial,SC,"Florianópolis, SC","Florianópolis, SC, Jurerê",0,464,8341.52,25,9382.13,2025-11,0.7,0.6404,21,30,510.71,687.0,2,0,2025-11-17,0.89,0.0,1040.6099999999988,berlinda,2,2.0,9715.52,9303.32,38.09897485965337,97.0074812967581,Crítico,🟠 Abaixo precisa esforço,
SQS0108,Brasilia-Asa_Sul-apartamento-SUP-2Q,Carteira 1_sys-price,DF,"Brasília, DF","Brasília, DF, Asa Sul",0,38,5627.44,16,5705.41,2025-11,0.8,0.8169,24,30,311.92,379.0,2,0,2025-11-17,0.99,0.0,77.97000000000025,berlinda,2,1.0,6385.44,6233.839999999999,5.179405161066444,23.44139650872818,Média,🟢 Abaixo viável,
ACL0303,Florianopolis-Ingleses_Centro-apartamento-JR-2Q,Carteira 1,SC,"Florianópolis, SC","Florianópolis, SC, Ingleses do Rio Vermelho",0,313,2109.43,16,2442.05,2025-11,0.4333,0.3789,13,30,209.77,171.0,5,0,2025-11-17,0.86,0.0,332.62000000000035,berlinda,5,2.0,2964.43,2479.9015,11.645547797956645,67.58104738154613,Alta,🟢 Abaixo viável,
NWTB0607,Especial-NWT-apartamento-MASTER-1Q,Carteira 5,AL,"Maceió, AL","Maceió, AL, Pajuçara",0,206,5592.23,30,6349.7,2025-11,0.5333,0.7184,16,30,442.65,412.37,8,0,2025-11-17,0.88,0.0,757.4700000000003,berlinda,8,2.0,8891.189999999999,7351.565368,24.596272571932534,91.52119700748129,Crítico,🟢 Abaixo viável,
PSD202,Florianopolis-Jurere_Tradicional-apartamento-JR-1Q,Carteira 1,SC,"Florianópolis, SC","Florianópolis, SC, Jurerê",0,1990,2646.01,16,3094.45,2025-11,0.4333,0.5256,13,30,283.92,168.5,4,0,2025-11-17,0.86,0.0,448.4399999999996,berlinda,4,3.0,3320.01,2938.0542,8.13953368126807,54.11471321695761,Alta,🟠 Abaixo precisa esforço,
BPM1309,Salvador-Barra-apartamento-SUP-1Q,Carteira 2,BA,"Salvador, BA","Salvador, BA, Barra",0,571,3533.34,206,3756.26,2025-11,0.7,0.6252,21,30,230.24,187.88,8,0,2025-11-17,0.94,0.0,222.92000000000007,berlinda,8,2.0,5036.38,4585.468,5.574988099865292,27.93017456359102,Média,🟢 Abaixo viável,
ETE0304,Maceio-Ponta_Verde-apartamento-TOP-1Q,Carteira 2,AL,"Maceió, AL","Maceió, AL, Pajuçara",0,522,4347.25,124,4836.26,2025-11,0.7667,0.7175,23,30,272.48,222.43,7,0,2025-11-17,0.9,0.0,489.0100000000002,berlinda,7,3.0,5904.26,5541.009567,7.496873913588879,48.37905236907731,Média,🟢 Abaixo viável,
JBN0043,Sao_Paulo-Brooklin-apartamento-SUP-1Q,Carteira 4,SP,"São Paulo, SP","São Paulo, SP, Brooklin",0,316,3983.11,297,4078.3,2025-11,0.7333,0.634,22,30,213.09,186.67,3,0,2025-11-17,0.98,0.0,95.19000000000005,berlinda,3,1.0,4543.12,4393.765333,4.356991221832627,14.713216957605985,Baixa,🟢 Abaixo viável,
MHFA0804,Itapema-Canto_Praia-apartamento-SUP-1Q,Carteira 5,SC,"Itapema, SC","Itapema, SC, Centro",0,9,3265.21,10,3496.69,2025-11,0.7667,0.3962,23,30,187.26,201.33,6,0,2025-11-17,0.93,0.0,231.48000000000002,berlinda,6,2.0,4473.1900000000005,4191.368266,6.663997723561428,39.15211970074813,Média,🟢 Abaixo viável,
SAT0012,Sao_Paulo-Vila_Olimpia-apartamento-SUP-1Q,Carteira 4,SP,"São Paulo, SP","São Paulo, SP, Itaim Bibi",5,201,5705.31,305,6065.17,2025-11,0.84,0.6434,21,30,350.52,212.0,2,0,2025-11-17,0.94,1752.6,359.8599999999997,berlinda,2,2.0,6129.31,6061.47,6.2892153064134995,34.1645885286783,Média,🟠 Abaixo precisa esforço,
SLC0204,Florianopolis-Rio_Vermelho-apartamento-JR-1Q,Carteira 1,SC,"Florianópolis, SC","Florianópolis, SC, Ingleses do Rio Vermelho",0,318,2584.84,18,2729.84,2025-11,0.8,0.5375,24,30,110.29,159.0,6,0,2025-11-17,0.95,0.0,145.0,berlinda,6,1.0,3538.84,3348.0400000000004,8.445549922339769,56.10972568578554,Alta,🟢 Abaixo viável,
URB1110,Porto_Alegre-Jardim_Botanico-apartamento-JR-1Q,Carteira 4,RS,"Porto Alegre, RS","Porto Alegre, RS, Petrópolis",0,799,1802.04,8,1835.05,2025-11,0.5333,0.3797,16,30,142.56,148.62,13,0,2025-11-17,0.98,0.0,33.00999999999999,berlinda,13,1.0,3734.1,2832.407598,2.67346731696684,3.4912718204488775,Baixa,🟢 Abaixo viável,
SJS0003,Florianopolis-Ingleses_Centro-apartamento-JR-1Q,Carteira 1,SC,"Florianópolis, SC","Florianópolis, SC, Ingleses do Rio Vermelho",0,306,2309.97,16,2729.84,2025-11,0.7,0.591,21,30,140.95,148.43,7,0,2025-11-17,0.85,0.0,419.87000000000035,berlinda,7,3.0,3348.9799999999996,3037.2769999999996,7.6098848406255835,49.12718204488778,Média,🟢 Abaixo viável,
SWR1502,Goiania-Central-2-apartamento-TOP-2Q,Carteira 1_sys-price,GO,"Goiânia, GO","Goiânia, GO, Setor Oeste",4,116,2907.0,11,3503.7,2025-11,0.4615,0.5101,12,30,293.83,278.89,9,0,2025-11-17,0.83,1175.32,596.6999999999998,berlinda,9,3.0,5417.01,4065.369615,15.832183406113533,81.54613466334165,Crítico,🟢 Abaixo viável,
CIA2313,Sao_Paulo-Vila_Olimpia-apartamento-TOP-1Q,Carteira 4,SP,"São Paulo, SP","São Paulo, SP, Vila Olímpia",0,284,8221.17,98,9384.21,2025-11,0.8333,0.6622,25,30,403.92,327.67,3,0,2025-11-17,0.88,0.0,1163.039999999999,berlinda,3,4.0,9204.18,9040.312233,10.152514617639625,63.34164588528678,Alta,🟠 Abaixo precisa esforço,
EVA806,Florianopolis-Centrao-apartamento-SUP-1Q,Carteira 4,SC,"Florianópolis, SC","Florianópolis, SC, Centro",0,505,3099.84,125,3496.05,2025-11,0.5667,0.5003,17,30,207.53,178.8,10,0,2025-11-17,0.89,0.0,396.21000000000004,berlinda,10,3.0,4887.84,4113.0996000000005,6.754513236366757,41.14713216957606,Média,🟢 Abaixo viável,
ILC3405,Especial-ILC-hotel-JR-1Q,Especial,SC,"Florianópolis, SC","Florianópolis, SC, Jurerê Internacional",0,1832,8570.65,16,10274.6,2025-11,0.6,0.614,18,30,561.89,548.33,3,0,2025-11-17,0.83,0.0,1703.9500000000007,berlinda,3,4.0,10215.64,9557.644,22.733899701691552,90.27431421446383,Crítico,🟠 Abaixo precisa esforço,
MHFB1307,Itapema-Canto_Praia-apartamento-SUP-1Q,Carteira 5,SC,"Itapema, SC","Itapema, SC, Centro",0,425,3406.06,10,3496.69,2025-11,0.6,0.3962,18,30,240.83,193.57,7,0,2025-11-17,0.97,0.0,90.63000000000011,berlinda,7,1.0,4761.05,4219.054,5.017101630399041,21.197007481296758,Média,🟢 Abaixo viável,
NIK0504,Sao_Paulo-Bela_Vista-apartamento-SUP-1Q,Carteira 4,SP,"São Paulo, SP","São Paulo, SP, Bela Vista",0,53,3398.93,604,3844.97,2025-11,0.7,0.6616,21,30,183.62,150.0,5,0,2025-11-17,0.88,0.0,446.03999999999996,berlinda,5,3.0,4148.93,3923.93,5.800305333981802,28.92768079800499,Média,🟢 Abaixo viável,
RIT206,Florianopolis-Praia_Brava-apartamento-SUP-4Q,Carteira 1,SC,"Florianópolis, SC","Florianópolis, SC, Praia Brava",6,555,4959.69,12,5276.23,2025-11,0.5,0.4793,12,30,507.42,442.14,7,0,2025-11-17,0.94,3044.52,316.53999999999996,berlinda,7,1.0,8054.67,6507.179999999999,26.525567611722764,92.76807980049875,Crítico,🟢 Abaixo viável,
CRJ101,Florianopolis-Jurere_Tradicional-apartamento-SUP-2Q,Carteira 1,SC,"Florianópolis, SC","Florianópolis, SC, Jurerê",0,1023,5187.03,15,6071.78,2025-11,0.4333,0.5168,13,30,427.38,303.0,4,0,2025-11-17,0.85,0.0,884.75,berlinda,4,3.0,6399.03,5712.1896,14.717224602999448,79.55112219451371,Alta,🟠 Abaixo precisa esforço,
FFS1306,Itapema-Meia_Praia-Sul-apartamento-SUP-1Q,Carteira 6,SC,"Itapema, SC","Itapema, SC, Meia Praia",0,10,2635.27,16,2829.97,2025-11,0.7,0.5339,21,30,146.52,153.4,5,0,2025-11-17,0.93,0.0,194.69999999999982,berlinda,5,2.0,3402.27,3172.17,5.276907529055074,25.187032418952622,Média,🟢 Abaixo viável,
ILC2316,Especial-ILC-hotel-TOP-1Q,Especial,SC,"Florianópolis, SC","Florianópolis, SC, Jurerê Internacional",0,1522,11128.84,30,11211.84,2025-11,0.6667,0.7268,20,30,736.2,554.0,2,9,2025-11-17,0.99,0.0,83.0,berlinda,2,1.0,12236.84,11867.5436,4.101200159831036,12.468827930174564,Baixa,🟢 Abaixo viável,
NWT0504,Especial-NWT-apartamento-TOP-1Q,Carteira 5,AL,"Maceió, AL","Maceió, AL, Pajuçara",0,225,3993.04,41,4882.8,2025-11,0.5,0.6137,15,30,309.47,292.0,7,0,2025-11-17,0.82,0.0,889.7600000000002,berlinda,7,4.0,6037.04,5015.04,13.302301957893015,75.31172069825436,Alta,🟢 Abaixo viável,
VIF0011,Porto_Seguro-Pataxos-apartamento-SUP-3Q,Carteira 2,BA,"Porto Seguro, BA","Porto Seguro, BA, Taperapuã",4,22,2440.56,18,2841.89,2025-11,0.4615,0.2839,12,30,297.83,204.88,8,0,2025-11-17,0.86,1191.32,401.3299999999999,berlinda,8,2.0,4079.6,3196.97696,14.466515311993073,78.55361596009975,Alta,🟢 Abaixo viável,
BHE0405,Brasilia-Setor_Hoteleiro-apartamento-SUP-1Q,Carteira 1_sys-price,DF,"Brasília, DF","Brasília, DF, Asa Sul",3,39,4978.17,147,5985.49,2025-11,0.7778,0.6864,21,30,501.41,312.67,3,0,2025-11-17,0.83,1504.23,1007.3199999999997,berlinda,3,4.0,5916.18,5707.754178,13.155094420005712,74.3142144638404,Alta,🟠 Abaixo precisa esforço,
ESR1912,Curitiba-Batel-apartamento-TOP-1Q,Carteira 4,PR,"Curitiba, PR","Curitiba, PR, Centro",0,656,3125.47,28,3711.1,2025-11,0.6,0.518,18,30,263.0,310.0,9,0,2025-11-17,0.84,0.0,585.6300000000001,berlinda,9,2.0,5915.469999999999,4799.469999999999,24.459769340626767,91.2718204488778,Crítico,🟢 Abaixo viável,
IHD0101,Florianopolis-Jurere_Longe-apartamento-TOP-2Q,Carteira 1,SC,"Florianópolis, SC","Florianópolis, SC, Jurerê Internacional",0,39,7240.62,16,7417.61,2025-11,0.5667,0.6304,17,30,494.65,430.75,4,0,2025-11-17,0.98,0.0,176.98999999999978,berlinda,4,1.0,8963.619999999999,8217.0441,10.278033288350274,64.58852867830423,Alta,🟢 Abaixo viável,
NWT1123,Especial-NWT-apartamento-TOP-1Q,Carteira 5,AL,"Maceió, AL","Maceió, AL, Pajuçara",0,121,4459.13,41,4882.8,2025-11,0.5667,0.6137,17,30,301.06,280.67,6,0,2025-11-17,0.91,0.0,423.6700000000001,berlinda,6,2.0,6143.15,5413.464134,12.17656456336528,69.82543640897757,Alta,🟢 Abaixo viável,
OAG0507,Sao_Paulo-Pinheiros-apartamento-TOP-1Q,Carteira 4_sys-price,SP,"São Paulo, SP","São Paulo, SP, Cerqueira César",5,155,5012.21,277,5221.27,2025-11,0.8,0.6683,20,30,304.65,201.33,3,0,2025-11-17,0.96,1523.25,209.0600000000004,berlinda,3,2.0,5616.2,5495.402,4.030633332503401,11.72069825436409,Baixa,🟢 Abaixo viável,
SKL1204,Penha-Praia-apartamento-SUP-2Q,Carteira 6,SC,"Penha, SC","Penha, SC, Armação",0,43,3860.27,51,4068.18,2025-11,0.7,0.4896,21,30,216.38,191.2,5,0,2025-11-17,0.95,0.0,207.90999999999985,berlinda,5,2.0,4816.27,4529.47,4.885771032746829,19.70074812967581,Baixa,🟢 Abaixo viável,
SPJ0201,Especial-SPJ-apartamento-TOP-1Q,Carteira 5,SC,"Florianópolis, SC","Florianópolis, SC, Jurerê",0,516,5853.26,16,5903.8,2025-11,0.6333,0.6696,19,30,339.48,230.2,5,0,2025-11-17,0.99,0.0,50.539999999999964,berlinda,5,1.0,7004.26,6582.1883,1.970647379653781,1.99501246882793,Baixa,🟢 Abaixo viável,
ERM0102,Balneario_Camboriu-Centro-apartamento-SUP-3Q,Carteira 6,SC,"Balneário Camboriú, SC","Balneário Camboriú, SC, Centro",5,25,3882.51,80,4092.52,2025-11,0.8,0.4612,20,30,232.95,160.0,2,0,2025-11-17,0.95,1164.75,210.00999999999976,berlinda,2,2.0,4202.51,4138.51,4.105245667705956,12.967581047381547,Baixa,🟢 Abaixo viável,
JBM201,Florianopolis-Jurere_Tradicional-apartamento-TOP-1Q,Carteira 1,SC,"Florianópolis, SC","Florianópolis, SC, Jurerê",0,1971,5890.07,19,6624.43,2025-11,0.6,0.6573,18,30,412.94,438.6,10,0,2025-11-17,0.89,0.0,734.3600000000006,berlinda,10,2.0,10276.07,8521.67,24.31079323051193,91.02244389027432,Crítico,🟢 Abaixo viável,
MADB1005,Aguas_Claras-Geral-apartamento-JR-1Q,Carteira 1_sys-price,DF,"Águas Claras, DF","Brasília, DF, Águas Claras",0,767,2094.86,88,2578.58,2025-11,0.5333,0.6604,16,30,154.13,150.9,10,0,2025-11-17,0.81,0.0,483.7199999999998,berlinda,10,4.0,3603.86,2899.6097,7.076893871820923,44.63840399002494,Média,🟢 Abaixo viável,
MHFB0903,Itapema-Canto_Praia-apartamento-SUP-1Q,Carteira 5,SC,"Itapema, SC","Itapema, SC, Centro",0,360,3315.35,10,3496.69,2025-11,0.6667,0.3962,20,30,187.5,191.0,8,0,2025-11-17,0.95,0.0,181.34000000000015,berlinda,8,1.0,4843.35,4334.0676,9.905350488604949,62.094763092269325,Alta,🟢 Abaixo viável,
NOA0616,Sao_Paulo-Santo_Amaro-apartamento-SUP-1Q,Carteira 4,SP,"São Paulo, SP","São Paulo, SP, Santo Amaro",0,281,3443.72,157,3552.36,2025-11,0.8,0.5869,24,30,183.94,151.5,10,0,2025-11-17,0.97,0.0,108.64000000000033,berlinda,10,1.0,4958.719999999999,4655.719999999999,4.633246630409093,17.206982543640898,Baixa,🟢 Abaixo viável,
NWT1115,Especial-NWT-apartamento-TOP-1Q,Carteira 5,AL,"Maceió, AL","Maceió, AL, Pajuçara",2,150,4311.83,41,4882.8,2025-11,0.5,0.6137,14,30,368.21,313.83,6,0,2025-11-17,0.88,736.42,570.9700000000003,berlinda,6,2.0,6194.8099999999995,5253.32,18.34884851929221,85.286783042394,Crítico,🟢 Abaixo viável,
ODM1203,Sao_Paulo-Mariana-apartamento-SUP-1Q,Carteira 4,SP,"São Paulo, SP","São Paulo, SP, Vila Mariana",2,39,2817.93,180,3381.31,2025-11,0.75,0.5989,21,30,159.57,147.67,3,0,2025-11-17,0.83,319.14,563.3800000000001,berlinda,3,4.0,3260.9399999999996,3150.1875,6.151042391854043,31.92019950124688,Média,🟠 Abaixo precisa esforço,
PUQ0208,Sao_Paulo-Pompeia-apartamento-SUP-1Q,Carteira 4,SP,"São Paulo, SP","São Paulo, SP, Perdizes",0,199,2924.64,71,3052.11,2025-11,0.6667,0.4722,20,30,177.35,153.33,9,0,2025-11-17,0.96,0.0,127.47000000000025,berlinda,9,1.0,4304.61,3844.665999,6.4037584163087296,35.41147132169576,Média,🟢 Abaixo viável,
SLI0703,Maceio-Ponta_Verde-apartamento-SUP-1Q,Carteira 2,AL,"Maceió, AL","Maceió, AL, Ponta Verde",3,40,4237.97,206,4284.73,2025-11,0.963,0.7449,26,30,198.27,,0,0,2025-11-17,0.99,594.8100000000001,46.75999999999931,berlinda,0,0.0,,,,,Baixa,🔴 Abaixo inviável,
TPS203,Florianopolis-Canasvieiras_Meio-apartamento-TOP-1Q,Carteira 1,SC,"Florianópolis, SC","Florianópolis, SC, Canasvieiras",0,872,3472.07,22,4192.76,2025-11,0.5667,0.6,17,30,239.47,237.86,7,0,2025-11-17,0.83,0.0,720.69,berlinda,7,4.0,5137.09,4415.636834,10.221388977666262,63.84039900249376,Alta,🟢 Abaixo viável,
VST037,Especial-VST-casa-TOP-1Q,Carteira 5,SC,"Anitápolis, SC","Anitápolis, SC, Rio dos Pinheiros",1,123,3538.82,51,3596.78,2025-11,0.4828,0.2412,14,30,313.0,185.38,8,0,2025-11-17,0.98,313.0,57.960000000000036,berlinda,8,1.0,5021.860000000001,4254.831712,2.987289964913064,6.483790523690773,Baixa,🟢 Abaixo viável,
NWT0802,Especial-NWT-apartamento-TOP-1Q,Carteira 5,AL,"Maceió, AL","Maceió, AL, Pajuçara",0,239,4485.21,41,4882.8,2025-11,0.5333,0.6137,16,30,328.75,303.86,7,0,2025-11-17,0.92,0.0,397.59000000000015,berlinda,7,2.0,6612.23,5619.549766,12.371149483902679,71.3216957605985,Alta,🟢 Abaixo viável,
RRT0098,Penha-Longe-casa-JR-2Q,Carteira 6,SC,"Penha, SC","Penha, SC, Armação",0,423,2441.78,17,2904.18,2025-11,0.6667,0.4376,20,30,146.15,102.67,3,0,2025-11-17,0.84,0.0,462.39999999999964,berlinda,3,5.0,2749.79,2647.130267,3.2693984532639115,7.231920199501247,Baixa,🟠 Abaixo precisa esforço,
RUA0226,Penha-Praia-casa-JR-3Q,Carteira 6,SC,"Penha, SC","Penha, SC, Centro",7,263,2854.15,26,3459.42,2025-11,0.5217,0.4801,12,30,324.17,163.4,5,0,2025-11-17,0.83,2269.19,605.27,berlinda,5,4.0,3671.15,3280.3789,7.14723262859092,45.38653366583541,Média,🟠 Abaixo precisa esforço,
TCO0815,Porto_Alegre-Centro_Historico-apartamento-SUP-1Q,Carteira 4,RS,"Porto Alegre, RS","Porto Alegre, RS, Centro Histórico",0,421,2055.27,77,2102.22,2025-11,0.6333,0.5111,19,30,121.47,120.0,8,0,2025-11-17,0.98,0.0,46.94999999999982,berlinda,8,1.0,3015.27,2663.238,2.6800239746553545,3.7406483790523692,Baixa,🟢 Abaixo viável,
THK1902,Sao_Paulo-Republica-apartamento-SUP-1Q,Carteira 4,SP,"São Paulo, SP","São Paulo, SP, República",0,297,2864.6,466,3255.52,2025-11,0.7333,0.666,22,30,155.45,130.0,2,0,2025-11-17,0.88,0.0,390.9200000000001,berlinda,2,4.0,3124.6,3055.258,3.902571632181649,10.972568578553615,Baixa,🟠 Abaixo precisa esforço,
DAL312,Canela-Geral-apartamento-TOP-1Q,Carteira 4,RS,"Canela, RS","Canela, RS, São José",0,754,4299.37,22,4382.18,2025-11,0.6333,0.5969,19,30,277.84,193.0,4,0,2025-11-17,0.98,0.0,82.8100000000004,berlinda,4,1.0,5071.37,4788.277599999999,3.6471185574303373,9.476309226932669,Baixa,🟢 Abaixo viável,
ETP1002,Porto_Belo-Geral-apartamento-SUP-2Q,Carteira 6,SC,"Porto Belo, SC","Porto Belo, SC, centro",14,323,2114.22,23,2153.15,2025-11,0.875,0.3098,14,30,185.64,152.5,2,0,2025-11-17,0.98,2598.96,38.93000000000029,berlinda,2,1.0,2419.22,2381.095,2.7572742261338243,3.99002493765586,Baixa,🟢 Abaixo viável,
MHF1704,Itapema-Canto_Praia-apartamento-TOP-1Q,Carteira 5,SC,"Itapema, SC","Itapema, SC, Centro",1,474,3268.52,17,3496.4,2025-11,0.5862,0.5558,17,30,231.47,244.75,8,0,2025-11-17,0.93,231.47,227.8800000000001,berlinda,8,1.0,5226.52,4416.2996,15.951730351218409,82.04488778054862,Crítico,🟢 Abaixo viável,
RAN203,Florianopolis-Jurere_Tradicional-apartamento-TOP-3Q,Carteira 1,SC,"Florianópolis, SC","Florianópolis, SC, Jurerê",0,1359,10474.27,15,11454.83,2025-11,0.6333,0.578,19,30,699.68,441.0,4,0,2025-11-17,0.91,0.0,980.5599999999995,berlinda,4,3.0,12238.27,11591.4112,12.58354074220219,72.56857855361596,Alta,🟢 Abaixo viável,
RRI103,Florianopolis-Centrao-apartamento-TOP-2Q,Carteira 4,SC,"Florianópolis, SC","Florianópolis, SC, Centro",7,761,5391.27,24,5634.63,2025-11,0.7391,0.4917,17,30,385.65,253.0,4,0,2025-11-17,0.96,2699.5499999999997,243.35999999999967,berlinda,4,1.0,6403.27,6139.2392,10.927084830769708,66.83291770573567,Alta,🟢 Abaixo viável,
STW0702,Itapema-Praia_Itapema-apartamento-SUP-2Q,Carteira 6,SC,"Itapema, SC","Itapema, SC, Morretes",0,12,2393.41,15,2871.09,2025-11,0.6,0.4734,18,30,153.53,130.0,7,0,2025-11-17,0.83,0.0,477.6800000000003,berlinda,7,4.0,3303.41,2939.41,5.407214681532103,26.184538653366584,Média,🟢 Abaixo viável,
SVN0401,Florianopolis-Ingleses_Centro-apartamento-TOP-3Q,Carteira 1,SC,"Florianópolis, SC","Florianópolis, SC, Ingleses do Rio Vermelho",4,683,6205.86,48,6299.36,2025-11,0.5385,0.4444,14,30,516.43,365.0,1,17,2025-11-17,0.99,2065.72,93.5,berlinda,1,1.0,6570.86,6402.412499999999,5.417613852835844,26.433915211970078,Média,🟢 Abaixo viável,
VRN302,Florianopolis-Jurere_Tradicional-apartamento-TOP-2Q,Carteira 1,SC,"Florianópolis, SC","Florianópolis, SC, Jurerê",5,653,8321.06,20,9043.7,2025-11,0.84,0.6419,21,30,538.67,547.0,3,0,2025-11-17,0.92,2693.35,722.6400000000012,berlinda,3,2.0,9962.06,9699.5,21.854112807811,89.52618453865337,Crítico,🟢 Abaixo viável,
CUR0905,Florianopolis-Itacorubi-apartamento-SUP-1Q,Carteira 4,SC,"Florianópolis, SC","Florianópolis, SC, Itacorubi",4,94,2548.66,14,2716.39,2025-11,0.5385,0.5593,14,30,248.93,291.0,7,19,2025-11-17,0.94,995.72,167.73000000000002,berlinda,7,1.0,4585.66,3645.5845,17.968491269663048,84.78802992518703,Crítico,🟢 Abaixo viável,
ILC3315,Especial-ILC-hotel-TOP-1Q,Especial,SC,"Florianópolis, SC","Florianópolis, SC, Jurerê Internacional",0,1244,10187.91,30,11211.84,2025-11,0.6,0.7268,18,30,797.22,559.0,3,12,2025-11-17,0.91,0.0,1023.9300000000003,berlinda,3,2.0,11864.91,11194.11,25.525554681479584,92.01995012468828,Crítico,🟠 Abaixo precisa esforço,
NWT1104,Especial-NWT-apartamento-TOP-1Q,Carteira 5,AL,"Maceió, AL","Maceió, AL, Pajuçara",7,10,4077.84,41,4882.8,2025-11,0.7391,0.6137,17,30,318.71,280.0,2,0,2025-11-17,0.84,2230.97,804.96,berlinda,2,3.0,4637.84,4491.736,15.386581469648561,80.29925187032418,Crítico,🟠 Abaixo precisa esforço,
RTBB1361,Florianopolis-Canasvieiras_Meio-apartamento-SIM-1Q,Carteira 1,SC,"Florianópolis, SC","Florianópolis, SC, Canasvieiras",0,738,1513.76,30,1674.0,2025-11,0.3667,0.4005,11,30,153.91,150.33,9,12,2025-11-17,0.9,0.0,160.24,berlinda,9,2.0,2866.73,2009.894099,7.195005734767025,45.6359102244389,Média,🟢 Abaixo viável,
SGS0106,Florianopolis-Beira_Mar-apartamento-SUP-1Q,Carteira 4,SC,"Florianópolis, SC","Florianópolis, SC, Centro",0,81,4640.83,24,4818.15,2025-11,0.8333,0.6391,25,30,224.88,186.0,4,0,2025-11-17,0.96,0.0,177.3199999999997,berlinda,4,1.0,5384.83,5260.8052,6.845266336664477,42.643391521197,Média,🟢 Abaixo viável,
TCO0210,Porto_Alegre-Centro_Historico-apartamento-SUP-1Q,Carteira 4,RS,"Porto Alegre, RS","Porto Alegre, RS, Centro Histórico",0,269,1699.47,77,2102.22,2025-11,0.5,0.5111,15,30,127.93,125.0,7,0,2025-11-17,0.81,0.0,402.7499999999998,berlinda,7,4.0,2574.4700000000003,2136.9700000000003,5.986974484116789,30.673316708229425,Média,🟢 Abaixo viável,
AIR1507,Porto_Alegre-Menino_Deus-apartamento-TOP-1Q,Carteira 4,RS,"Porto Alegre, RS","Porto Alegre, RS, Praia de Belas",0,639,2355.3,28,2657.22,2025-11,0.2333,0.5,7,30,383.14,333.0,10,27,2025-11-17,0.89,0.0,301.9199999999996,berlinda,10,1.0,5685.3,3132.1890000000003,37.83629507530422,96.75810473815461,Crítico,🟢 Abaixo viável,
CMP0002,Florianopolis-Campeche-apartamento-JR-1Q,Carteira 1,SC,"Florianópolis, SC","Florianópolis, SC, Campeche",0,162,2108.76,23,2255.51,2025-11,0.5667,0.5609,17,30,158.29,164.8,10,0,2025-11-17,0.93,0.0,146.75,berlinda,10,1.0,3756.76,3042.6816000000003,10.72236434331925,65.5860349127182,Alta,🟢 Abaixo viável,
QSA1405,Sao_Paulo-Moema-apartamento-TOP-1Q,Carteira 4,SP,"São Paulo, SP","São Paulo, SP, Vila Olímpia",0,436,4545.25,105,4848.24,2025-11,0.7667,0.6933,23,30,252.35,212.75,4,0,2025-11-17,0.94,0.0,302.9899999999998,berlinda,4,2.0,5396.25,5197.7117,6.647888976205794,38.403990024937656,Média,🟢 Abaixo viável,
RFO0102,Bombinhas-Centro-apartamento-TOP-2Q,Carteira 6,SC,"Bombinhas, SC","Bombinhas, SC, Centro",0,508,4300.53,24,5054.52,2025-11,0.8,0.4644,24,30,240.12,184.25,4,0,2025-11-17,0.85,0.0,753.9900000000007,berlinda,4,5.0,5037.53,4890.13,5.496967367821281,27.18204488778055,Média,🟠 Abaixo precisa esforço,
VST003,Especial-VST-casa-TOP-1Q,Carteira 5,SC,"Anitápolis, SC","Anitápolis, SC, Rio dos Pinheiros",2,488,3274.91,51,3596.78,2025-11,0.5714,0.2412,16,30,247.0,175.29,7,0,2025-11-17,0.91,494.0,321.87000000000035,berlinda,7,2.0,4501.94,3976.034942,7.843208689438892,51.12219451371571,Alta,🟢 Abaixo viável,
BLV0005,Porto_Seguro-Pataxos-apartamento-JR-2Q,Carteira 2,BA,"Porto Seguro, BA","Porto Seguro, BA, Taperapuan",2,227,1541.37,42,1757.91,2025-11,0.3929,0.2825,11,30,169.73,131.5,2,0,2025-11-17,0.88,339.46,216.5400000000002,berlinda,2,2.0,1804.37,1644.7026999999998,8.09910916941141,53.86533665835411,Alta,🟠 Abaixo precisa esforço,
DNR1402,Sao_Paulo-Republica-apartamento-SUP-1Q,Carteira 4,SP,"São Paulo, SP","São Paulo, SP, República",0,29,3024.72,466,3255.52,2025-11,0.7667,0.666,23,30,155.61,130.0,2,0,2025-11-17,0.93,0.0,230.80000000000018,berlinda,2,2.0,3284.72,3224.062,4.608173195065615,16.708229426433917,Baixa,🟠 Abaixo precisa esforço,
JBV252,Especial-JBV-hotel-TOP-1Q,Especial,SC,"Florianópolis, SC","Florianópolis, SC, Jurerê",0,1866,9067.17,34,11132.4,2025-11,0.5333,0.6934,16,30,684.31,748.67,6,0,2025-11-17,0.81,0.0,2065.2299999999996,berlinda,6,3.0,13559.189999999999,11462.764266,46.296568098523196,98.00498753117208,Crítico,🟢 Abaixo viável,
JBV325,Especial-JBV-hotel-JR-1Q,Especial,SC,"Florianópolis, SC","Florianópolis, SC, Jurerê",3,1820,8835.16,25,9382.13,2025-11,0.8148,0.6404,22,30,508.82,445.33,3,0,2025-11-17,0.94,1526.46,546.9699999999993,berlinda,3,2.0,10171.15,9923.724652,12.98117538874433,73.56608478802993,Alta,🟢 Abaixo viável,
RJT0104,Brasilia-Taguatinga_Norte-apartamento-SUP-1Q,Carteira 1_sys-price,DF,"Brasília, DF","Brasília, DF, Taguatinga Norte",2,380,2172.84,109,2430.57,2025-11,0.6786,0.5829,19,30,137.16,160.29,7,0,2025-11-17,0.89,274.32,257.73,berlinda,7,2.0,3294.87,2934.249558,8.498323788247198,56.35910224438903,Alta,🟢 Abaixo viável,
PNJ0203,Florianopolis-Ingleses_Centro-apartamento-SUP-3Q,Carteira 1,SC,"Florianópolis, SC","Florianópolis, SC, Ingleses do Rio Vermelho",0,169,2669.1,22,2873.76,2025-11,0.4667,0.3041,14,30,247.86,191.63,8,0,2025-11-17,0.93,0.0,204.6600000000003,berlinda,8,2.0,4202.139999999999,3384.569768,6.823637986470694,42.394014962593516,Média,🟢 Abaixo viável,
RGP302,Florianopolis-Jurere_Tradicional-apartamento-SUP-2Q,Carteira 1,SC,"Florianópolis, SC","Florianópolis, SC, Jurerê",0,571,5420.87,15,6071.78,2025-11,0.6333,0.5168,19,30,355.68,242.5,4,0,2025-11-17,0.89,0.0,650.9099999999999,berlinda,4,3.0,6390.87,6035.171,8.66553547724061,57.107231920199496,Alta,🟠 Abaixo precisa esforço,
CMC101,Florianopolis-Ingleses_Norte-apartamento-JR-2Q,Carteira 1,SC,"Florianópolis, SC","Florianópolis, SC, Ingleses do Rio Vermelho",0,1046,2649.46,26,2833.62,2025-11,0.5,0.4384,15,30,220.93,189.29,7,0,2025-11-17,0.94,0.0,184.15999999999985,berlinda,7,1.0,3974.49,3311.975,12.302159922643106,71.07231920199501,Alta,🟢 Abaixo viável,
IAA0504,Recife-Boa_Viagem-apartamento-TOP-1Q,Carteira 2,PE,"Recife, PE","Recife, PE, Boa Viagem",0,598,3814.7,40,4502.5,2025-11,0.6667,0.7299,20,30,223.75,209.11,9,0,2025-11-17,0.85,0.0,687.8000000000002,berlinda,9,4.0,5696.6900000000005,5069.422732999999,7.985888839533597,52.867830423940156,Alta,🟢 Abaixo viável,
NOA0704,Sao_Paulo-Santo_Amaro-apartamento-SUP-1Q,Carteira 4,SP,"São Paulo, SP","São Paulo, SP, Santo Amaro",0,400,3183.04,157,3552.36,2025-11,0.6667,0.5869,20,30,197.15,148.6,5,0,2025-11-17,0.9,0.0,369.32000000000016,berlinda,5,3.0,3926.04,3678.3981,5.149717558655844,22.942643391521198,Média,🟢 Abaixo viável,
PSO0906,Penha-Beto_Carrero-apartamento-SUP-1Q,Carteira 3,SC,"Penha, SC","Penha, SC, Praia de Armação do Itapocoroi",0,101,2021.16,17,2238.48,2025-11,0.4,0.4378,12,30,194.08,137.0,7,0,2025-11-17,0.9,0.0,217.31999999999994,berlinda,7,2.0,2980.16,2404.76,6.6502358743433,38.65336658354115,Média,🟢 Abaixo viável,
QTIB0301,Florianopolis-Ingleses_Norte-apartamento-JR-2Q,Carteira 1,SC,"Florianópolis, SC","Florianópolis, SC, Ingleses do Rio Vermelho",0,113,2756.52,26,2833.62,2025-11,0.5667,0.4384,17,30,214.06,162.25,4,0,2025-11-17,0.97,0.0,77.09999999999991,berlinda,4,1.0,3405.52,3124.3083,4.414662163592855,15.211970074812967,Baixa,🟢 Abaixo viável,
RLN0104,Gramado-Geral-apartamento-JR-2Q,Carteira 4,RS,"Gramado, RS","Gramado, RS, Ipê Amarelo",7,304,4033.59,46,4224.23,2025-11,0.7391,0.5148,17,30,321.35,321.0,5,0,2025-11-17,0.95,2249.4500000000003,190.63999999999942,berlinda,5,1.0,5638.59,5219.8455,14.486768002689205,78.80299251870323,Alta,🟢 Abaixo viável,
SKL1003,Penha-Praia-apartamento-SUP-2Q,Carteira 6,SC,"Penha, SC","Penha, SC, Armação",0,37,4002.91,51,4068.18,2025-11,0.7,0.4896,21,30,290.95,212.0,1,0,2025-11-17,0.98,0.0,65.26999999999998,berlinda,1,1.0,4214.91,4151.3099999999995,3.4013342575795558,7.73067331670823,Baixa,🟢 Abaixo viável,
TXP1405,Goiania-Central-apartamento-SUP-1Q,Carteira 1_sys-price,GO,"Goiânia, GO","Goiânia, GO, Setor Bueno",3,747,1946.6,150,2169.41,2025-11,0.5926,0.4376,16,30,152.63,152.9,10,0,2025-11-17,0.9,457.89,222.80999999999995,berlinda,10,2.0,3475.6,2852.6854,7.85182353727511,51.3715710723192,Alta,🟢 Abaixo viável,
BLB1501,Salvador-Barra-apartamento-SUP-1Q,Carteira 2,BA,"Salvador, BA","Salvador, BA, Barra",3,1,3265.36,206,3756.26,2025-11,0.7037,0.6252,19,30,205.58,155.6,5,0,2025-11-17,0.87,616.74,490.9000000000001,berlinda,5,4.0,4043.36,3812.8386,5.083782805237125,21.44638403990025,Média,🟢 Abaixo viável,
ZIO0201,Florianopolis-Ingleses_Praia-apartamento-JR-1Q,Carteira 1,SC,"Florianópolis, SC","Florianópolis, SC, Ingleses Norte",0,99,1758.62,32,2134.95,2025-11,0.3,0.4834,9,30,212.0,163.89,9,0,2025-11-17,0.82,0.0,376.3299999999999,berlinda,9,3.0,3233.6299999999997,2201.1229999999996,9.629690578233678,61.34663341645885,Alta,🟢 Abaixo viável,
DPR0003,Balneario_Camboriu-Sul-apartamento-JR-1Q,Carteira 6,SC,"Balneário Camboriú, SC","Balneário Camboriú, SC, Barra",0,255,1871.94,36,2019.49,2025-11,0.6,0.505,18,30,117.28,111.0,10,0,2025-11-17,0.93,0.0,147.54999999999995,berlinda,10,2.0,2981.94,2537.94,4.054996558537055,12.219451371571072,Baixa,🟢 Abaixo viável,
LTL0301,Itapema-Praia_Itapema-apartamento-TOP-2Q,Carteira 6,SC,"Itapema, SC","Itapema, SC, Morretes",2,164,3231.51,17,3309.05,2025-11,0.75,0.3175,21,30,186.43,151.29,7,0,2025-11-17,0.98,372.86,77.53999999999996,berlinda,7,1.0,4290.54,4025.7825000000003,3.545134283253499,8.977556109725686,Baixa,🟢 Abaixo viável,
NWT0711,Especial-NWT-apartamento-TOP-1Q,Carteira 5,AL,"Maceió, AL","Maceió, AL, Pajuçara",0,185,4251.96,41,4882.8,2025-11,0.5333,0.6137,16,30,307.13,305.0,5,0,2025-11-17,0.87,0.0,630.8400000000001,berlinda,5,3.0,5776.96,5065.2425,13.134963545506679,74.06483790523691,Alta,🟢 Abaixo viável,
TCR0913,Aguas_Claras-Geral-apartamento-JR-1Q,Carteira 1_sys-price,DF,"Brasília, DF","Brasília, DF, Taguatinga Sul",0,67,2238.61,88,2578.58,2025-11,0.5667,0.6604,17,30,162.71,157.6,5,0,2025-11-17,0.87,0.0,339.9699999999998,berlinda,5,3.0,3026.61,2685.1696,6.9261986571420415,43.64089775561097,Média,🟢 Abaixo viável,
ZNB1401,Salvador-Barra-apartamento-SUP-1Q,Carteira 2,BA,"Salvador, BA","Salvador, BA, Barra",1,1,3708.99,206,3756.26,2025-11,0.8276,0.6252,24,30,212.0,,0,0,2025-11-17,0.99,212.0,47.27000000000044,berlinda,0,0.0,,,,,Baixa,🔴 Abaixo inviável,
ILC3404,Especial-ILC-hotel-JR-1Q,Especial,SC,"Florianópolis, SC","Florianópolis, SC, Jurerê Internacional",0,1688,9020.32,16,10274.6,2025-11,0.5667,0.614,17,30,642.56,488.2,5,0,2025-11-17,0.88,0.0,1254.2800000000007,berlinda,5,3.0,11461.32,10403.634699999999,19.865801620825476,87.78054862842892,Crítico,🟢 Abaixo viável,
MSST1401,Goiania-Leste-apartamento-TOP-1Q,Carteira 1_sys-price,GO,"Goiânia, GO","Goiânia, GO, Jardim Goiás",1,767,2448.42,20,2476.68,2025-11,0.4828,0.5,14,30,198.93,185.4,10,0,2025-11-17,0.99,198.93,28.259999999999764,berlinda,10,1.0,4302.42,3343.5312000000004,2.1154949367701747,2.493765586034913,Baixa,🟢 Abaixo viável,
RVR0506,Florianopolis-UFSC-apartamento-SUP-1Q,Carteira 4,SC,"Florianópolis, SC","Florianópolis, SC, Pantanal",1,723,2665.26,42,3311.18,2025-11,0.4828,0.6012,14,30,201.29,149.75,8,0,2025-11-17,0.8,201.29,645.9199999999996,berlinda,8,5.0,3863.26,3243.6544000000004,5.842419922806972,29.67581047381546,Média,🟠 Abaixo precisa esforço,
SSG0304,Florianopolis-UFSC-apartamento-TOP-1Q,Carteira 4,SC,"Florianópolis, SC","Florianópolis, SC, Córrego Grande",4,737,3672.96,15,3753.83,2025-11,0.8077,0.6156,21,30,218.76,,0,0,2025-11-17,0.98,875.04,80.86999999999989,berlinda,0,0.0,,,,,Baixa,🔴 Abaixo inviável,
HAI406,Salvador-Centro-apartamento-JR-1Q,Carteira 2,BA,"Salvador, BA","Salvador, BA, Centro",0,460,1690.29,28,2055.99,2025-11,0.4333,0.6055,13,30,156.62,122.46,13,0,2025-11-17,0.82,0.0,365.6999999999998,berlinda,13,3.0,3282.27,2380.0949339999997,7.260674419622661,46.633416458852864,Média,🟢 Abaixo viável,
JBV106,Especial-JBV-hotel-JR-1Q,Especial,SC,"Florianópolis, SC","Florianópolis, SC, Jurerê",4,1698,8704.11,25,9382.13,2025-11,0.8462,0.6404,22,30,496.77,419.0,3,0,2025-11-17,0.93,1987.08,678.0199999999986,berlinda,3,2.0,9961.11,9767.7834,15.13997247959682,79.80049875311721,Alta,🟢 Abaixo viável,
MDC0214,Gramado-Geral-apartamento-SUP-1Q,Carteira 4,RS,"Gramado, RS","Gramado, RS, Floresta",0,240,5436.93,81,5715.9,2025-11,0.8667,0.6896,26,30,268.69,178.0,2,0,2025-11-17,0.95,0.0,278.96999999999935,berlinda,2,2.0,5792.93,5745.475200000001,4.343730646092469,14.463840399002494,Baixa,🟢 Abaixo viável,
ELF0407,Bombinhas-Bombas-apartamento-SUP-1Q,Especial,SC,"Bombinhas, SC","Bombinhas, SC, José Amândio",2,172,2918.72,38,3068.74,2025-11,0.5,0.4868,14,30,244.86,380.29,7,28,2025-11-17,0.95,489.72,150.01999999999998,berlinda,7,1.0,5580.75,4249.735,18.59105228856143,86.0349127182045,Crítico,🟢 Abaixo viável,
ERG605,Balneario_Camboriu-Norte-apartamento-SUP-2Q,Carteira 6,SC,"Balneário Camboriú, SC","Balneário Camboriú, SC, Centro",1,1159,3913.65,33,4345.2,2025-11,0.6207,0.5403,18,30,252.33,157.0,9,0,2025-11-17,0.9,252.33,431.5499999999997,berlinda,9,3.0,5326.65,4790.6991,5.197562827948076,24.438902743142144,Média,🟢 Abaixo viável,
MHF1503,Itapema-Canto_Praia-apartamento-TOP-1Q,Carteira 5,SC,"Itapema, SC","Itapema, SC, Centro",1,26,3399.6,17,3496.4,2025-11,0.8276,0.5558,24,30,221.21,226.67,9,0,2025-11-17,0.97,221.21,96.80000000000018,berlinda,9,1.0,5439.63,5087.928828,6.275499370781387,33.915211970074814,Média,🟢 Abaixo viável,
OCB0204,Salvador-Barra-apartamento-SUP-1Q,Carteira 2,BA,"Salvador, BA","Salvador, BA, Barra",0,107,3689.88,206,3756.26,2025-11,0.7333,0.6252,22,30,210.32,192.75,4,0,2025-11-17,0.98,0.0,66.38000000000011,berlinda,4,1.0,4460.88,4255.2543000000005,3.406245840277302,7.98004987531172,Baixa,🟢 Abaixo viável,
PLO0004,Jaguaruna-Camacho-apartamento-SUP-1Q,Carteira 6,SC,"Jaguaruna, SC","Jaguaruna, SC, Centro",0,39,1039.42,9,1182.5,2025-11,0.3333,0.2322,10,30,140.1,95.6,5,0,2025-11-17,0.88,0.0,143.07999999999993,berlinda,5,2.0,1517.42,1198.7374,5.783698942917545,28.6783042394015,Média,🟢 Abaixo viável,
RVG101,Florianopolis-Ingleses_Norte-apartamento-TOP-3Q,Carteira 1,SC,"Florianópolis, SC","Florianópolis, SC, Ingleses do Rio Vermelho",3,550,4579.86,15,5208.35,2025-11,0.6667,0.4356,18,30,331.33,433.89,9,0,2025-11-17,0.88,993.99,628.4900000000007,berlinda,9,2.0,8484.869999999999,7183.330166999999,26.178686733802472,92.51870324189527,Crítico,🟢 Abaixo viável,
NGO0002,Pocos_de_Caldas-Geral-apartamento-SUP-1Q,Carteira 4,MG,"Poços de Caldas, MG","Poços de Caldas, MG, São Benedito",10,150,1298.76,32,1503.42,2025-11,0.5,0.3568,10,30,145.9,120.0,3,0,2025-11-17,0.86,1459.0,204.66000000000008,berlinda,3,2.0,1658.76,1478.76,8.167777467374389,54.3640897755611,Alta,🟠 Abaixo precisa esforço,
OAG0505,Sao_Paulo-Pinheiros-apartamento-SUP-1Q,Carteira 4,SP,"São Paulo, SP","São Paulo, SP, Cerqueira César",8,177,3691.28,422,4414.9,2025-11,0.7273,0.6522,16,30,254.94,170.0,3,0,2025-11-17,0.84,2039.52,723.6199999999994,berlinda,3,5.0,4201.280000000001,4062.203,5.572737774355026,27.680798004987533,Média,🟠 Abaixo precisa esforço,
RJE0980,Gramado-Geral-casa-JR-4Q,Carteira 4,RS,"Gramado, RS","Gramado, RS, Casa Grande",7,394,6360.59,10,7853.4,2025-11,0.6087,0.5039,14,30,606.07,396.14,7,0,2025-11-17,0.81,4242.490000000001,1492.8099999999995,berlinda,7,4.0,9133.57,8048.502926,18.825023346575996,86.78304239401497,Crítico,🟢 Abaixo viável,
SOA0111,Salvador-Boca_do_Rio-apartamento-SUP-2Q,Carteira 2,BA,"Salvador, BA","Salvador, BA, Boca do Rio",1,445,3146.36,16,3552.83,2025-11,0.5862,0.6429,17,30,238.47,206.33,6,0,2025-11-17,0.89,238.47,406.4699999999998,berlinda,6,2.0,4384.34,3872.063876,11.802838174075308,68.5785536159601,Alta,🟢 Abaixo viável,
VJG0102,Ilheus-Sul-apartamento-SUP-2Q,Carteira 2,BA,"Ilhéus, BA","Ilhéus, BA, São Francisco",1,714,1873.95,38,2291.07,2025-11,0.5172,0.3456,15,30,152.2,154.0,3,0,2025-11-17,0.82,152.2,417.1200000000001,berlinda,3,3.0,2335.95,2112.8964,9.345921338064743,60.349127182044896,Alta,🟠 Abaixo precisa esforço,
MHF1202,Itapema-Canto_Praia-apartamento-TOP-2Q,Carteira 5,SC,"Itapema, SC","Itapema, SC, Centro",9,309,2782.22,21,3382.04,2025-11,0.4762,0.3353,10,30,284.0,265.0,5,22,2025-11-17,0.82,2556.0,599.8200000000002,berlinda,5,3.0,4107.219999999999,3413.185,15.666313822426702,80.79800498753117,Crítico,🟢 Abaixo viável,
RUP0203,Blumenau-Central-apartamento-SUP-1Q,Carteira 4,SC,"Blumenau, SC","Blumenau, SC, Escola Agrícola",1,402,1217.34,63,1270.09,2025-11,0.3793,0.3037,11,30,127.91,122.5,12,0,2025-11-17,0.96,127.91,52.75,berlinda,12,1.0,2687.34,1774.911,5.0877300033855875,21.94513715710723,Média,🟢 Abaixo viável,
SEM501,Itapema-Praia_Itapema-apartamento-TOP-2Q,Carteira 6,SC,"Itapema, SC","Itapema, SC, Morretes",0,787,3185.1,17,3309.05,2025-11,0.6333,0.3175,19,30,210.42,149.4,10,0,2025-11-17,0.96,0.0,123.95000000000027,berlinda,10,1.0,4679.1,4131.2502,5.59620737069553,28.179551122194514,Média,🟢 Abaixo viável,
VBM1313,Sao_Paulo-Mariana-apartamento-SUP-1Q,Carteira 4,SP,"São Paulo, SP","São Paulo, SP, Vila Clementino",0,394,3085.35,180,3381.31,2025-11,0.7,0.5989,21,30,189.9,152.25,4,0,2025-11-17,0.91,0.0,295.96000000000004,berlinda,4,2.0,3694.35,3511.6499999999996,6.663084721601984,38.90274314214464,Média,🟢 Abaixo viável,
CSE0102,Florianopolis-Canasvieiras_Meio-apartamento-SUP-3Q,Carteira 1,SC,"Florianópolis, SC","Florianópolis, SC, Canasvieiras",8,423,4870.46,28,5252.3,2025-11,0.6364,0.4621,14,30,403.5,719.0,4,14,2025-11-17,0.93,3228.0,381.84000000000015,berlinda,4,1.0,7746.46,6700.7464,52.27099746777604,98.75311720698254,Crítico,🟢 Abaixo viável,
JBV207,Especial-JBV-hotel-TOP-1Q,Especial,SC,"Florianópolis, SC","Florianópolis, SC, Jurerê",2,422,9961.66,34,11132.4,2025-11,0.6786,0.6934,19,30,671.58,602.0,6,0,2025-11-17,0.89,1343.16,1170.7399999999998,berlinda,6,2.0,13573.66,12412.7632,31.654696202076817,95.51122194513717,Crítico,🟢 Abaixo viável,
OBD2108,Goiania-Central-apartamento-SUP-2Q,Carteira 1_sys-price,GO,"Goiânia, GO","Goiânia, GO, Setor Bueno",3,71,2458.06,52,2921.27,2025-11,0.5185,0.4303,14,30,205.93,230.38,8,0,2025-11-17,0.84,617.79,463.21000000000004,berlinda,8,3.0,4301.1,3413.67624,12.176703944973706,70.07481296758104,Alta,🟢 Abaixo viável,
STI210,Florianopolis-Ingleses_Centro-apartamento-SUP-1Q,Carteira 1,SC,"Florianópolis, SC","Florianópolis, SC, Ingleses do Rio Vermelho",0,1690,2397.4,22,2587.87,2025-11,0.4333,0.3881,13,30,206.38,215.56,9,0,2025-11-17,0.93,0.0,190.4699999999998,berlinda,9,1.0,4337.4400000000005,3238.0193320000003,15.865446564162793,81.79551122194513,Crítico,🟢 Abaixo viável,
VNO1417,Sao_Paulo-Republica-apartamento-SUP-1Q,Carteira 4,SP,"São Paulo, SP","São Paulo, SP, Consolação",0,124,3113.36,466,3255.52,2025-11,0.8333,0.666,25,30,157.6,131.0,2,0,2025-11-17,0.96,0.0,142.15999999999985,berlinda,2,2.0,3375.36,3331.6846,2.8602128077849285,5.236907730673317,Baixa,🟢 Abaixo viável,
BHY0614,Brasilia-Setor_Hoteleiro-apartamento-JR-1Q,Carteira 1_sys-price,DF,"Brasília, DF","Brasília, DF, Asa Norte",0,603,4487.92,95,4850.53,2025-11,0.7333,0.6388,22,30,236.87,214.67,3,0,2025-11-17,0.93,0.0,362.6099999999997,berlinda,3,2.0,5131.93,4960.172533,8.024018890719155,53.11720698254364,Alta,🟢 Abaixo viável,
VVP0027,Cabo_Frio-Pero_Perto-casa-JR-4Q,Carteira 4,RJ,"Cabo Frio, RJ","Cabo Frio, RJ, Ogiva",4,407,3371.64,32,3498.1,2025-11,0.3077,0.335,8,30,544.63,275.67,6,0,2025-11-17,0.96,2178.52,126.46000000000004,berlinda,6,1.0,5025.66,3880.5819539999998,9.965760898773622,62.84289276807981,Alta,🟢 Abaixo viável,
BSO0107,Itajai-Praia_Brava-apartamento-SUP-1Q,Carteira 6,SC,"Balneário Camboriú, SC","Balneário Camboriú, SC, Praia dos Amores",3,198,2682.1,10,2960.79,2025-11,0.7778,0.5296,21,30,150.92,140.0,1,0,2025-11-17,0.91,452.76,278.69000000000005,berlinda,1,2.0,2822.1,2790.9919999999997,6.588883372343194,37.406483790523694,Média,🟠 Abaixo precisa esforço,
CEP0128,Sao_Paulo-Pompeia-apartamento-SUP-1Q,Carteira 4,SP,"São Paulo, SP","São Paulo, SP, Perdizes",0,65,2792.13,71,3052.11,2025-11,0.7,0.4722,21,30,176.05,175.5,4,0,2025-11-17,0.91,0.0,259.98,berlinda,4,2.0,3494.13,3283.53,7.4745815190147145,48.12967581047381,Média,🟢 Abaixo viável,
RMI1101,Florianopolis-Beira_Mar-apartamento-SUP-3Q,Carteira 4,SC,"Florianópolis, SC","Florianópolis, SC, Agronômica",6,24,4209.02,52,5187.58,2025-11,0.6667,0.5262,16,30,324.56,307.67,6,0,2025-11-17,0.81,1947.3600000000001,978.5599999999995,berlinda,6,4.0,6055.040000000001,5439.761534,14.509345166725135,79.05236907730672,Alta,🟢 Abaixo viável,
EDF1501,Salvador-Ondina_Rio_Vermelho-apartamento-TOP-1Q,Carteira 2,BA,"Salvador, BA","Salvador, BA, Rio Vermelho",0,60,3182.72,34,3908.09,2025-11,0.5333,0.6272,16,30,217.13,214.0,10,0,2025-11-17,0.81,0.0,725.3700000000003,berlinda,10,4.0,5322.719999999999,4323.982,9.929990097464492,62.34413965087282,Alta,🟢 Abaixo viável,
RBE0031,Florianopolis-UFSC-apartamento-SUP-2Q,Carteira 4,SC,"Florianópolis, SC","Florianópolis, SC, Trindade",0,436,3368.66,19,4184.97,2025-11,0.6,0.619,18,30,232.0,200.0,6,0,2025-11-17,0.8,0.0,816.3100000000004,berlinda,6,5.0,4568.66,4088.66,7.802302047565458,50.374064837905244,Alta,🟠 Abaixo precisa esforço,
BER0202,Maceio-Jatiuca-apartamento-SUP-1Q,Carteira 2,AL,"Maceió, AL","Maceió, AL, Ponta Verde",0,38,3135.25,95,3241.25,2025-11,0.7,0.6712,21,30,174.76,180.33,3,0,2025-11-17,0.97,0.0,106.0,berlinda,3,1.0,3676.24,3513.943,5.897409949865018,29.925187032418954,Média,🟢 Abaixo viável,
CPN0303,Florianopolis-Centrao-apartamento-TOP-2Q,Carteira 4,SC,"Florianópolis, SC","Florianópolis, SC, Centro",0,176,5298.67,24,5634.63,2025-11,0.5667,0.4917,17,30,406.82,244.89,9,0,2025-11-17,0.94,0.0,335.96000000000004,berlinda,9,2.0,7502.68,6547.682467,7.30067851837654,46.88279301745636,Média,🟢 Abaixo viável,
IFT1405,Itapema-Meia_Praia-Norte-apartamento-TOP-1Q,Carteira 6,SC,"Itapema, SC","Itapema, SC, Meia Praia",0,340,2635.62,21,3163.06,2025-11,0.3667,0.3937,11,30,320.0,320.0,9,30,2025-11-17,0.83,0.0,527.44,berlinda,9,2.0,5515.62,3691.716,26.679987101098305,93.01745635910224,Crítico,🟢 Abaixo viável,
OCN0901,Blumenau-Central-apartamento-SUP-1Q,Carteira 4,SC,"Blumenau, SC","Blumenau, SC, Velha",1,15,1113.98,63,1270.09,2025-11,0.3448,0.3037,10,30,129.5,121.2,10,0,2025-11-17,0.88,129.5,156.1099999999999,berlinda,10,2.0,2325.98,1531.8776,7.448500499964567,47.63092269326683,Média,🟢 Abaixo viável,
OMC1303,Itapema-Praia_Centro-apartamento-SUP-2Q,Carteira 6,SC,"Itapema, SC","Itapema, SC, Tabuleiro dos Oliveiras",0,171,2594.23,17,2868.65,2025-11,0.6333,0.3979,19,30,182.89,132.88,8,0,2025-11-17,0.9,0.0,274.4200000000001,berlinda,8,3.0,3657.27,3267.453232,4.237176558079004,13.715710723192021,Baixa,🟢 Abaixo viável,
RLZ0301,Florianopolis-Itacorubi-apartamento-TOP-2Q,Carteira 4,SC,"Florianópolis, SC","Florianópolis, SC, Itacorubi",6,156,4215.82,16,4377.1,2025-11,0.75,0.4713,18,30,304.61,245.0,2,0,2025-11-17,0.96,1827.66,161.28000000000065,berlinda,2,1.0,4705.82,4583.32,9.027346873500756,58.85286783042394,Alta,🟢 Abaixo viável,
CSI0706,Balneario_Picarras-Geral-apartamento-SUP-2Q,Carteira 6,SC,"Balneário Piçarras, SC","Balneário Piçarras, SC, Centro",9,30,1530.44,70,1815.81,2025-11,0.5714,0.3314,12,30,158.5,125.8,5,0,2025-11-17,0.84,1426.5,285.3699999999999,berlinda,5,3.0,2159.44,1889.8506000000002,6.590180323565422,37.65586034912718,Média,🟢 Abaixo viável,
JMA008,Florianopolis-Jurere_Longe-apartamento-JR-1Q,Carteira 1,SC,"Florianópolis, SC","Florianópolis, SC, Jurerê",11,487,1728.03,39,1815.6,2025-11,0.6316,0.4714,12,30,162.08,139.5,6,0,2025-11-17,0.95,1782.88,87.56999999999994,berlinda,6,1.0,2565.0299999999997,2256.6792,6.728362524785189,40.399002493765586,Média,🟢 Abaixo viável,
ONP1716,Sao_Paulo-Bela_Vista-apartamento-SUP-1Q,Carteira 4,SP,"São Paulo, SP","São Paulo, SP, Paraíso",3,103,3594.99,604,3844.97,2025-11,0.8148,0.6616,22,30,198.77,150.0,2,0,2025-11-17,0.93,596.3100000000001,249.98000000000002,berlinda,2,2.0,3894.99,3839.43,4.87611086692484,19.201995012468828,Baixa,🟠 Abaixo precisa esforço,
RPP0678,Penha-Longe-casa-JR-3Q,Carteira 6,SC,"Penha, SC","Penha, SC, Centro",2,283,2723.39,26,3095.91,2025-11,0.5357,0.4967,15,30,198.07,151.4,5,0,2025-11-17,0.88,396.14,372.52,berlinda,5,3.0,3480.39,3128.9148999999998,6.072477128426429,31.17206982543641,Média,🟢 Abaixo viável,
CFE0503,Florianopolis-Beira_Mar-apartamento-SUP-1Q,Carteira 4,SC,"Florianópolis, SC","Florianópolis, SC, Agronômica",0,36,3950.24,24,4818.15,2025-11,0.7,0.6391,21,30,224.52,176.0,1,0,2025-11-17,0.82,0.0,867.9099999999999,berlinda,1,5.0,4126.24,4073.4399999999996,6.340697570644334,34.413965087281795,Média,🟠 Abaixo precisa esforço,
CNA008,Especial-CNA-casa-MASTER-1Q,Especial,SP,"Campos do Jordão, SP","Campos do Jordão, SP, Jardim Europa",0,1016,8422.02,25,9000.13,2025-11,0.4333,0.4689,13,30,780.77,604.0,9,0,2025-11-17,0.94,0.0,578.1099999999988,berlinda,9,1.0,13858.02,10777.4388,38.79704404269708,97.2568578553616,Crítico,🟢 Abaixo viável,
EJO0403,Florianopolis-Centrao-apartamento-JR-1Q,Carteira 4,SC,"Florianópolis, SC","Florianópolis, SC, Centro",1,393,2635.49,71,3047.73,2025-11,0.6207,0.5608,18,30,182.33,132.56,9,0,2025-11-17,0.86,182.33,412.24000000000024,berlinda,9,4.0,3828.5299999999997,3376.009928,4.482560331787923,15.46134663341646,Baixa,🟢 Abaixo viável,
ESZ0103,Brasilia-Asa_Norte-apartamento-JR-1Q,Carteira 1_sys-price,DF,"Brasília, DF","Brasília, DF, Asa Norte",1,316,2754.92,165,3036.54,2025-11,0.4828,0.7432,14,30,225.52,,0,0,2025-11-17,0.91,225.52,281.6199999999999,berlinda,0,0.0,,,,,Baixa,🔴 Abaixo inviável,
PIC0125,Bombinhas-Centro-apartamento-JR-3Q,Carteira 6,SC,"Bombinhas, SC","Bombinhas, SC, Centro",12,463,2486.93,59,2983.93,2025-11,0.6667,0.3718,12,30,228.5,162.0,5,0,2025-11-17,0.83,2742.0,497.0,berlinda,5,4.0,3296.93,3026.957,6.745634113400785,40.64837905236908,Média,🟢 Abaixo viável,
RTL0302,Itapema-Canto_Praia-apartamento-JR-2Q,Carteira 6,SC,"Itapema, SC","Itapema, SC, Centro",0,409,2989.77,11,3631.2,2025-11,0.7333,0.4412,22,30,208.32,320.0,8,8,2025-11-17,0.82,0.0,641.4299999999998,berlinda,8,3.0,5549.77,4867.018,18.842035690680763,87.03241895261846,Crítico,🟢 Abaixo viável,
AGS0642,Bombinhas-Centro-casa-SUP-4Q,Carteira 6,SC,"Bombinhas, SC","Bombinhas, SC, Centro",9,540,5871.19,30,6011.77,2025-11,0.7619,0.4707,16,30,441.88,220.0,4,0,2025-11-17,0.98,3976.92,140.58000000000084,berlinda,4,1.0,6751.19,6541.661999999999,5.14450818976777,22.693266832917704,Média,🟢 Abaixo viável,
ATC0301,Florianopolis-Cachoeira_Bom_Jesus-apartamento-TOP-1Q,Carteira 1,SC,"Florianópolis, SC","Florianópolis, SC, Cachoeira do Bom Jesus",0,367,4146.82,25,4321.23,2025-11,0.7,0.4315,21,30,243.76,211.0,4,8,2025-11-17,0.96,0.0,174.40999999999985,berlinda,4,1.0,4990.82,4737.62,8.516211819319956,56.85785536159601,Alta,🟢 Abaixo viável,
FFS0809,Itapema-Meia_Praia-Sul-apartamento-TOP-1Q,Carteira 6,SC,"Itapema, SC","Itapema, SC, Meia Praia",0,10,2932.1,18,3438.46,2025-11,0.7,0.3595,21,30,191.43,164.75,4,0,2025-11-17,0.85,0.0,506.3600000000001,berlinda,4,4.0,3591.1,3393.3999999999996,6.065419548286153,30.92269326683292,Média,🟠 Abaixo precisa esforço,
FFS1107,Itapema-Meia_Praia-Sul-apartamento-SUP-1Q,Carteira 6,SC,"Itapema, SC","Itapema, SC, Meia Praia",0,10,2369.77,16,2829.97,2025-11,0.6667,0.5339,20,30,146.6,143.11,9,0,2025-11-17,0.84,0.0,460.1999999999998,berlinda,9,4.0,3657.76,3228.472933,5.818014148559877,29.42643391521197,Média,🟢 Abaixo viável,
PLN0415,Brasilia-Lago_Norte-apartamento-SUP-1Q,Carteira 1_sys-price,DF,"Brasília, DF","Guará, DF, Centro",0,761,3785.83,534,4369.41,2025-11,0.6667,0.7131,20,30,196.36,230.6,5,0,2025-11-17,0.87,0.0,583.5799999999999,berlinda,5,3.0,4938.83,4554.5351,10.266340154238978,64.33915211970074,Alta,🟢 Abaixo viável,
SOA0107,Salvador-Boca_do_Rio-apartamento-SUP-1Q,Carteira 2,BA,"Salvador, BA","Salvador, BA, Boca do Rio",0,318,2431.99,34,2612.22,2025-11,0.6667,0.5685,20,30,148.65,150.2,5,12,2025-11-17,0.93,0.0,180.23000000000002,berlinda,5,2.0,3182.99,2932.6816999999996,5.181521081685311,23.690773067331673,Média,🟢 Abaixo viável,
UPP0505,Curitiba-Centro-apartamento-JR-1Q,Carteira 4,PR,"Curitiba, PR","Curitiba, PR, Alto da XV",0,24,2085.83,286,2306.12,2025-11,0.6333,0.612,19,30,134.95,130.0,8,0,2025-11-17,0.9,0.0,220.28999999999996,berlinda,8,2.0,3125.83,2744.462,6.209065443255337,32.66832917705736,Média,🟢 Abaixo viável,
COI0408,Sao_Paulo-Moema-apartamento-SUP-1Q,Carteira 4_sys-price,SP,"São Paulo, SP","São Paulo, SP, Indianópolis",1,45,3736.61,606,3824.94,2025-11,0.7241,0.6107,21,30,224.76,170.0,1,0,2025-11-17,0.98,224.76,88.32999999999993,berlinda,1,1.0,3906.61,3859.7070000000003,3.92583935957165,11.221945137157107,Baixa,🟢 Abaixo viável,
ILC4415,Especial-ILC-hotel-TOP-1Q,Especial,SC,"Florianópolis, SC","Florianópolis, SC, Jurerê Internacional",0,1800,10517.66,30,11211.84,2025-11,0.6,0.7268,18,30,821.56,725.6,5,0,2025-11-17,0.94,0.0,694.1800000000003,berlinda,5,1.0,14145.66,12694.46,44.925454519507966,97.75561097256858,Crítico,🟢 Abaixo viável,
JBV232,Especial-JBV-hotel-TOP-1Q,Especial,SC,"Florianópolis, SC","Florianópolis, SC, Jurerê",0,1093,9719.1,34,11132.4,2025-11,0.6667,0.6934,20,30,644.85,489.67,3,0,2025-11-17,0.87,0.0,1413.2999999999993,berlinda,3,3.0,11188.11,10698.488967000001,20.721815331824214,88.7780548628429,Crítico,🟠 Abaixo precisa esforço,
JBV464,Especial-JBV-hotel-JR-1Q,Especial,SC,"Florianópolis, SC","Florianópolis, SC, Jurerê",0,793,9233.71,25,9382.13,2025-11,0.7,0.6404,21,30,560.52,525.0,5,0,2025-11-17,0.98,0.0,148.42000000000007,berlinda,5,1.0,11858.71,11071.21,8.30520361581006,54.862842892768086,Alta,🟢 Abaixo viável,
NON0609,Sao_Paulo-Moema-apartamento-SUP-1Q,Carteira 4_sys-price,SP,"São Paulo, SP","São Paulo, SP, Moema",0,172,3206.6,606,3824.94,2025-11,0.6,0.6107,18,30,217.61,168.33,6,0,2025-11-17,0.84,0.0,618.3400000000001,berlinda,6,4.0,4216.58,3812.5879999999997,6.803059146025821,42.14463840399002,Média,🟠 Abaixo precisa esforço,
NWT0817,Especial-NWT-apartamento-TOP-1Q,Carteira 5,AL,"Maceió, AL","Maceió, AL, Pajuçara",0,186,4623.4,41,4882.8,2025-11,0.6333,0.6137,19,30,294.53,296.8,5,0,2025-11-17,0.95,0.0,259.40000000000055,berlinda,5,1.0,6107.4,5563.2172,15.767575980994547,81.04738154613467,Crítico,🟢 Abaixo viável,
OKA139,Florianopolis-Campeche-apartamento-SUP-1Q,Carteira 1,SC,"Florianópolis, SC","Florianópolis, SC, Campeche",0,779,2658.86,30,2674.73,2025-11,0.4667,0.626,14,30,230.93,203.3,10,0,2025-11-17,0.99,0.0,15.86999999999989,berlinda,10,1.0,4691.860000000001,3607.6611000000003,1.2062417515038821,0.4987531172069825,Baixa,🟢 Abaixo viável,
JBV124,Especial-JBV-hotel-JR-1Q,Especial,SC,"Florianópolis, SC","Florianópolis, SC, Jurerê",0,1928,7896.32,25,9382.13,2025-11,0.5333,0.6404,16,30,576.88,639.33,9,0,2025-11-17,0.84,0.0,1485.8099999999995,berlinda,9,3.0,13650.29,10964.912201,33.74936918375677,96.50872817955111,Crítico,🟢 Abaixo viável,
ONE0804,Salvador-Piata-apartamento-SUP-1Q,Carteira 5,BA,"Salvador, BA","Salvador, BA, Piatã",1,3,1836.23,23,1950.39,2025-11,0.5517,0.5436,16,30,144.13,179.83,6,0,2025-11-17,0.94,144.13,114.16000000000008,berlinda,6,1.0,2915.21,2431.503266,10.525788585872576,64.83790523690773,Alta,🟢 Abaixo viável,
TCO0611,Porto_Alegre-Centro_Historico-apartamento-SUP-1Q,Carteira 4,RS,"Porto Alegre, RS","Porto Alegre, RS, Centro Histórico",0,491,1943.81,77,2102.22,2025-11,0.7,0.5111,21,30,124.52,120.0,4,0,2025-11-17,0.92,0.0,158.40999999999985,berlinda,4,2.0,2423.81,2279.81,4.521220424123066,15.96009975062344,Baixa,🟢 Abaixo viável,
BCY2001,Aguas_Claras-Geral-apartamento-MASTER-2Q,Carteira 1,DF,"Brasília, DF","Brasília, DF, Aguas Claras",9,313,5623.38,10,5660.91,2025-11,0.8571,0.6071,18,30,384.5,303.33,3,0,2025-11-17,0.99,3460.5,37.529999999999745,berlinda,3,1.0,6533.37,6403.332429,2.0109796658134327,2.2443890274314215,Baixa,🟢 Abaixo viável,
ENP0607,Sao_Paulo-Republica-apartamento-SUP-1Q,Carteira 4,SP,"São Paulo, SP","São Paulo, SP, Vila Buarque",0,100,2698.59,466,3255.52,2025-11,0.7333,0.666,22,30,145.23,132.0,5,0,2025-11-17,0.83,0.0,556.9299999999998,berlinda,5,5.0,3358.59,3182.568,4.5163144443898355,15.710723192019952,Baixa,🟠 Abaixo precisa esforço,
MHF0601,Itapema-Canto_Praia-apartamento-TOP-1Q,Carteira 5,SC,"Itapema, SC","Itapema, SC, Centro",0,449,3301.21,17,3496.4,2025-11,0.6,0.5558,18,30,218.17,210.25,8,0,2025-11-17,0.94,0.0,195.19000000000005,berlinda,8,1.0,4983.21,4310.41,11.737414912481412,68.07980049875312,Alta,🟢 Abaixo viável,
BLS1253,Goiania-Central-apartamento-TOP-1Q,Carteira 1_sys-price,GO,"Goiânia, GO","Goiânia, GO, Setor Marista",0,772,1976.29,54,2402.71,2025-11,0.4667,0.4607,14,30,172.07,182.5,10,0,2025-11-17,0.82,0.0,426.4200000000001,berlinda,10,3.0,3801.29,2828.0175,10.79637159707164,65.83541147132169,Alta,🟢 Abaixo viável,
CTA022,Florianopolis-Praia_Brava-apartamento-SUP-3Q,Carteira 1,SC,"Florianópolis, SC","Florianópolis, SC, Praia Brava",8,1395,4428.18,32,4999.15,2025-11,0.6364,0.4284,14,30,404.43,390.33,3,0,2025-11-17,0.89,3235.44,570.9699999999993,berlinda,3,2.0,5599.17,5173.3980360000005,22.290461388436004,89.77556109725685,Crítico,🟢 Abaixo viável,
CVI0012,Mata_de_Sao_Joao-Praia_do_Forte-apartamento-JR-1Q,Carteira 2,BA,"Mata de São João, BA","Mata de São João, BA, Praia do Forte",1,165,3871.78,27,3960.57,2025-11,0.6897,0.4273,20,30,235.7,180.0,7,0,2025-11-17,0.98,235.7,88.78999999999996,berlinda,7,1.0,5131.780000000001,4740.802,4.035328248206697,11.970074812967582,Baixa,🟢 Abaixo viável,
EVM1012,Sao_Paulo-Madalena-apartamento-SUP-1Q,Carteira 4,SP,"São Paulo, SP","São Paulo, SP, Sumarezinho",2,288,3309.69,115,3748.47,2025-11,0.6071,0.5716,17,30,207.61,163.43,7,0,2025-11-17,0.88,415.22,438.77999999999975,berlinda,7,3.0,4453.7,4004.218471,6.3768075508140605,34.66334164588529,Média,🟢 Abaixo viável,
ILC2307,Especial-ILC-hotel-TOP-1Q,Especial,SC,"Florianópolis, SC","Florianópolis, SC, Jurerê Internacional",8,1776,10180.5,30,11211.84,2025-11,0.7727,0.7268,17,30,744.53,476.0,2,0,2025-11-17,0.91,5956.24,1031.3400000000001,berlinda,2,3.0,11132.5,10916.1104,14.595220766618148,79.30174563591022,Alta,🟠 Abaixo precisa esforço,
SOL0404,Salvador-Costa_Azul-apartamento-SUP-1Q,Especial,BA,"Salvador, BA","Salvador, BA, Costa Azul",10,166,2244.82,30,2335.8,2025-11,1.0,0.5675,20,30,133.35,,0,0,2025-11-17,0.96,1333.5,90.98000000000002,berlinda,0,0.0,,,,,Baixa,🔴 Abaixo inviável,
VNT1011,Sao_Paulo-Pompeia-apartamento-SUP-1Q,Carteira 4,SP,"São Paulo, SP","São Paulo, SP, Perdizes",4,170,2586.74,71,3052.11,2025-11,0.6923,0.4722,18,30,174.44,131.5,2,0,2025-11-17,0.85,697.76,465.37000000000035,berlinda,2,4.0,2849.74,2768.8149,5.012610538283355,20.947630922693268,Média,🟠 Abaixo precisa esforço,
OGD0401,Florianopolis-Beira_Mar-apartamento-TOP-1Q,Carteira 4,SC,"Florianópolis, SC","Florianópolis, SC, Centro",0,248,5159.76,18,6198.91,2025-11,0.7667,0.6096,23,30,279.13,215.0,4,0,2025-11-17,0.83,0.0,1039.1499999999996,berlinda,4,5.0,6019.76,5819.122,7.208275325823408,45.885286783042396,Média,🟠 Abaixo precisa esforço,
SPJ0106,Especial-SPJ-apartamento-TOP-1Q,Carteira 5,SC,"Florianópolis, SC","Florianópolis, SC, Jurerê",0,310,5476.78,16,5903.8,2025-11,0.7333,0.6696,22,30,308.32,243.0,5,0,2025-11-17,0.93,0.0,427.02000000000044,berlinda,5,2.0,6691.78,6367.7395,8.788056844744073,57.605985037406484,Alta,🟢 Abaixo viável,
ZNB1304,Salvador-Barra-apartamento-SUP-1Q,Carteira 2,BA,"Salvador, BA","Salvador, BA, Barra",2,172,3515.44,206,3756.26,2025-11,0.8214,0.6252,23,30,200.35,214.4,5,0,2025-11-17,0.94,400.7,240.82000000000016,berlinda,5,2.0,4587.4400000000005,4395.9808,6.872768125742103,42.8927680798005,Média,🟢 Abaixo viável,
FFS0905,Itapema-Meia_Praia-Sul-apartamento-SUP-1Q,Carteira 4,SC,"Itapema, SC","Itapema, SC, Meia Praia",1,1,2478.46,16,2829.97,2025-11,0.6897,0.5339,20,30,153.95,147.83,6,0,2025-11-17,0.88,153.95,351.50999999999976,berlinda,6,3.0,3365.44,3090.210106,6.120644777153111,31.421446384039903,Média,🟢 Abaixo viável,
NWT1320,Especial-NWT-apartamento-TOP-1Q,Carteira 5,AL,"Maceió, AL","Maceió, AL, Pajuçara",2,72,4810.01,41,4882.8,2025-11,0.6429,0.6137,18,30,338.06,280.0,5,0,2025-11-17,0.99,676.12,72.78999999999996,berlinda,5,1.0,6210.01,5710.070000000001,4.174080445645939,13.466334164588527,Baixa,🟢 Abaixo viável,
PTS0101,Florianopolis-Ingleses_Norte-apartamento-SUP-2Q,Carteira 1,SC,"Florianópolis, SC","Florianópolis, SC, Ingleses do Rio Vermelho",0,192,2644.38,72,2760.26,2025-11,0.4,0.346,12,30,264.0,178.83,6,0,2025-11-17,0.96,0.0,115.88000000000011,berlinda,6,1.0,3717.36,3073.572,7.507561026859794,48.6284289276808,Média,🟢 Abaixo viável,
BSS0703,Sao_Paulo-Santo_Amaro-apartamento-SUP-1Q,Carteira 4,SP,"São Paulo, SP","São Paulo, SP, Jardim das Acácias",0,428,3484.71,157,3552.36,2025-11,0.7333,0.5869,22,30,192.45,168.0,1,0,2025-11-17,0.98,0.0,67.65000000000009,berlinda,1,1.0,3652.71,3607.9044,3.199337904942071,6.982543640897755,Baixa,🟢 Abaixo viável,
LIV0512,Salvador-Graca-apartamento-TOP-1Q,Especial,BA,"Salvador, BA","Salvador, BA, Vitória",0,120,3292.97,15,3581.56,2025-11,0.5667,0.6352,17,30,247.29,197.11,9,0,2025-11-17,0.92,0.0,288.59000000000015,berlinda,9,2.0,5066.96,4298.2901329999995,7.941228808117138,52.618453865336654,Alta,🟢 Abaixo viável,
SLC0201,Florianopolis-Rio_Vermelho-apartamento-JR-1Q,Carteira 1,SC,"Florianópolis, SC","Florianópolis, SC, Ingleses do Rio Vermelho",0,318,2216.62,18,2729.84,2025-11,0.7333,0.5375,22,30,124.68,168.0,4,0,2025-11-17,0.81,0.0,513.2200000000003,berlinda,4,4.0,2888.62,2709.3976,7.896155086012371,52.119700748129674,Alta,🟠 Abaixo precisa esforço,
ILC3413,Especial-ILC-hotel-JR-1Q,Especial,SC,"Florianópolis, SC","Florianópolis, SC, Jurerê Internacional",0,1971,9623.27,16,10274.6,2025-11,0.6333,0.614,19,30,602.16,576.33,3,12,2025-11-17,0.94,0.0,651.3299999999999,berlinda,3,2.0,11352.26,10718.239367,18.26742738890078,85.03740648379052,Crítico,🟢 Abaixo viável,
OSH,Florianopolis-Jurere_Internacional-apartamento-TOP-2Q,Carteira 1,SC,"Florianópolis, SC","Florianópolis, SC, Jurerê Internacional",0,283,8590.63,23,8652.19,2025-11,0.7333,0.6231,22,30,493.32,414.0,4,0,2025-11-17,0.99,0.0,61.56000000000131,berlinda,4,1.0,10246.63,9804.9748,2.945594121257224,6.234413965087282,Baixa,🟢 Abaixo viável,
SOT0303,Florianopolis-Jurere_Tradicional-apartamento-TOP-1Q,Carteira 1,SC,"Florianópolis, SC","Florianópolis, SC, Jurerê",0,263,5931.74,19,6624.43,2025-11,0.7,0.6573,21,30,341.62,381.0,4,0,2025-11-17,0.9,0.0,692.6900000000005,berlinda,4,2.0,7455.74,6998.54,19.91981876176518,88.02992518703242,Crítico,🟢 Abaixo viável,
MHFA2005,Itapema-Canto_Praia-apartamento-SUP-1Q,Carteira 5,SC,"Itapema, SC","Itapema, SC, Centro",4,474,3159.64,10,3496.69,2025-11,0.6923,0.3962,18,30,211.83,190.29,7,0,2025-11-17,0.9,847.32,337.0500000000002,berlinda,7,2.0,4491.67,4081.804369,9.171136775064424,59.60099750623441,Alta,🟢 Abaixo viável,
RLV0206,Florianopolis-Novo_Campeche-apartamento-SUP-3Q,Carteira 1,SC,"Florianópolis, SC","Florianópolis, SC, Campeche",5,317,6421.06,62,6895.48,2025-11,0.68,0.6063,17,30,515.71,355.5,4,0,2025-11-17,0.93,2578.55,474.41999999999916,berlinda,4,2.0,7843.06,7388.02,12.229482936648335,70.82294264339151,Alta,🟢 Abaixo viável,
SSG0102,Florianopolis-UFSC-apartamento-TOP-1Q,Carteira 4,SC,"Florianópolis, SC","Florianópolis, SC, Córrego Grande",1,995,3534.28,15,3753.83,2025-11,0.5517,0.6156,16,30,250.31,184.67,6,0,2025-11-17,0.94,250.31,219.54999999999973,berlinda,6,2.0,4642.3,4145.5746340000005,5.400390867460692,25.935162094763093,Média,🟢 Abaixo viável,
APC0207,Florianopolis-Itacorubi-apartamento-TOP-1Q,Carteira 4,SC,"Florianópolis, SC","Florianópolis, SC, Itacorubi",4,219,2287.36,21,2433.13,2025-11,0.3077,0.5068,8,30,345.0,333.0,3,26,2025-11-17,0.94,1380.0,145.76999999999998,berlinda,3,1.0,3286.36,2594.7523,19.9501917283499,88.2793017456359,Crítico,🟢 Abaixo viável,
GBA1104,Sao_Paulo-Campo_Belo-apartamento-SUP-1Q,Carteira 4_sys-price,SP,"São Paulo, SP","São Paulo, SP, Campo Belo",0,173,3203.55,64,3477.09,2025-11,0.7333,0.7088,22,30,190.68,130.0,2,0,2025-11-17,0.92,0.0,273.53999999999996,berlinda,2,3.0,3463.55,3394.208,3.4090000546433936,8.229426433915211,Baixa,🟠 Abaixo precisa esforço,
ILC3503,Especial-ILC-hotel-TOP-1Q,Especial,SC,"Florianópolis, SC","Florianópolis, SC, Jurerê Internacional",2,808,9991.05,30,11211.84,2025-11,0.5714,0.7268,16,30,822.75,718.67,6,0,2025-11-17,0.89,1645.5,1220.7900000000009,berlinda,6,2.0,14303.07,12454.938227999999,39.12583257074667,97.50623441396509,Crítico,🟢 Abaixo viável,
PDM0208,Sao_Paulo-Madalena-apartamento-TOP-1Q,Carteira 4,SP,"São Paulo, SP","São Paulo, SP, Vila Madalena",1,137,4917.75,28,5056.84,2025-11,0.8276,0.6144,24,30,246.5,191.75,4,0,2025-11-17,0.97,246.5,139.09000000000015,berlinda,4,1.0,5684.75,5552.5192,5.274145019419247,24.93765586034913,Média,🟢 Abaixo viável,
VLE008,Bombinhas-Mariscal-apartamento-JR-1Q,Carteira 6,SC,"Bombinhas, SC","Bombinhas, SC, mariscal",0,1313,1504.6,16,1661.67,2025-11,0.2333,0.3257,7,30,227.71,198.0,9,25,2025-11-17,0.91,0.0,157.07000000000016,berlinda,9,1.0,3286.6,1920.3406,18.716026647890395,86.28428927680798,Crítico,🟢 Abaixo viável,
CCI210,Florianopolis-Ingleses_Norte-apartamento-TOP-2Q,Carteira 1,SC,"Florianópolis, SC","Florianópolis, SC, Ingleses do Rio Vermelho",0,997,4330.48,15,4438.02,2025-11,0.5333,0.5699,16,30,319.0,258.2,5,0,2025-11-17,0.98,0.0,107.54000000000087,berlinda,5,1.0,5621.48,5018.9703,6.256580186659867,33.66583541147132,Média,🟢 Abaixo viável,
MLO0601,Itapema-Meia_Praia-Norte-apartamento-SUP-2Q,Carteira 6,SC,"Itapema, SC","Itapema, SC, Meia Praia",0,394,2775.22,14,3099.8,2025-11,0.6333,0.4037,19,30,166.53,132.6,10,0,2025-11-17,0.9,0.0,324.5800000000004,berlinda,10,3.0,4101.219999999999,3614.9757999999997,4.6281811729789055,16.957605985037407,Baixa,🟢 Abaixo viável,
ERT0210,Florianopolis-Jurere_Tradicional-apartamento-TOP-1Q,Carteira 1,SC,"Florianópolis, SC","Florianópolis, SC, Jurerê",0,281,5331.11,19,6624.43,2025-11,0.6667,0.6573,20,30,338.25,397.88,8,0,2025-11-17,0.8,0.0,1293.3200000000006,berlinda,8,4.0,8514.15,7453.242768,19.42001657501099,87.53117206982543,Crítico,🟢 Abaixo viável,
ILC3103,Especial-ILC-hotel-JR-1Q,Especial,SC,"Florianópolis, SC","Florianópolis, SC, Jurerê Internacional",0,1494,9884.09,16,10274.6,2025-11,0.6333,0.614,19,30,639.05,501.83,6,0,2025-11-17,0.96,0.0,390.5100000000002,berlinda,6,1.0,12895.07,11790.943634,19.073212903665357,87.28179551122194,Crítico,🟢 Abaixo viável,
RSM0023,Porto_Seguro-Pataxos-casa-JR-3Q,Carteira 2,BA,"Porto Seguro, BA","Porto Seguro, BA, Praia de Taperapuan",13,121,2758.31,24,2991.77,2025-11,0.7647,0.4583,13,30,324.77,200.0,2,0,2025-11-17,0.92,4222.01,233.46000000000004,berlinda,2,2.0,3158.31,3064.19,7.803407347489949,50.62344139650873,Alta,🟢 Abaixo viável,
CEP093,Balneario_Camboriu-Centro-apartamento-SUP-3Q,Carteira 6,SC,"Balneário Camboriú, SC","Balneário Camboriú, SC, Centro",8,787,3484.44,80,4092.52,2025-11,0.4545,0.4612,10,30,388.3,166.8,5,0,2025-11-17,0.85,3106.4,608.0799999999999,berlinda,5,4.0,4318.4400000000005,3863.493,6.195922316812139,32.16957605985037,Média,🟠 Abaixo precisa esforço,
EBA0401,Porto_Alegre-Cidade_Baixa-apartamento-JR-1Q,Carteira 4,RS,"Porto Alegre, RS","Porto Alegre, RS, Cidade Baixa",1,723,1543.53,42,1765.23,2025-11,0.5172,0.595,15,30,128.8,115.0,1,0,2025-11-17,0.87,128.8,221.70000000000005,berlinda,1,2.0,1658.53,1603.008,7.221580190683369,46.13466334164589,Média,🟠 Abaixo precisa esforço,
ECL1902,Curitiba-Centro-apartamento-SUP-1Q,Carteira 4,PR,"Curitiba, PR","Curitiba, PR, Centro",0,142,2065.14,506,2541.48,2025-11,0.5333,0.5906,16,30,157.31,142.6,10,0,2025-11-17,0.81,0.0,476.34000000000015,berlinda,10,4.0,3491.14,2825.6258,6.681744888804951,39.65087281795511,Média,🟢 Abaixo viável,
TRC0410,Florianopolis-UFSC-apartamento-SUP-1Q,Carteira 4,SC,"Florianópolis, SC","Florianópolis, SC, Carvoeira",0,130,2930.85,42,3311.18,2025-11,0.5667,0.6012,17,30,189.12,145.29,7,0,2025-11-17,0.89,0.0,380.3299999999999,berlinda,7,3.0,3947.88,3507.2009009999997,5.56278483803357,27.431421446384043,Média,🟢 Abaixo viável,
POR0017,Brasilia-Asa_Sul-apartamento-SUP-1Q,Carteira 1_sys-price,DF,"Brasília, DF","Brasília, DF, Setor Sudoeste",2,144,3808.06,140,3951.4,2025-11,0.7143,0.7845,20,30,237.75,217.17,6,0,2025-11-17,0.96,475.5,143.34000000000015,berlinda,6,1.0,5111.08,4738.807186,7.878004707192395,51.87032418952619,Alta,🟢 Abaixo viável,
UPP0501,Curitiba-Centro-apartamento-JR-1Q,Carteira 4,PR,"Curitiba, PR","Curitiba, PR, Alto da XV",0,17,1965.39,286,2306.12,2025-11,0.5333,0.612,16,30,140.56,130.0,10,0,2025-11-17,0.85,0.0,340.7299999999998,berlinda,10,3.0,3265.3900000000003,2658.6800000000003,6.402514468746927,35.16209476309227,Média,🟢 Abaixo viável,
ELS0606,Porto_Alegre-Centro_Historico-apartamento-JR-1Q,Carteira 4,RS,"Porto Alegre, RS","Porto Alegre, RS, Centro Histórico",0,60,1557.7,76,1685.67,2025-11,0.5667,0.5729,17,30,108.47,100.0,9,0,2025-11-17,0.92,0.0,127.97000000000003,berlinda,9,2.0,2457.7,2067.73,3.7958200596795333,9.72568578553616,Baixa,🟢 Abaixo viável,
IDC0102,Florianopolis-UFSC-apartamento-SUP-2Q,Carteira 4,SC,"Florianópolis, SC","Florianópolis, SC, Trindade",4,708,3352.69,19,4184.97,2025-11,0.5769,0.619,15,30,298.0,187.4,5,0,2025-11-17,0.8,1192.0,832.2800000000002,berlinda,5,5.0,4289.6900000000005,3893.2453,7.453782082069889,47.880299251870326,Média,🟠 Abaixo precisa esforço,
MHFB0503,Itapema-Canto_Praia-apartamento-SUP-1Q,Carteira 5,SC,"Itapema, SC","Itapema, SC, Centro",0,457,3287.16,10,3496.69,2025-11,0.7,0.3962,21,30,173.43,173.2,5,0,2025-11-17,0.94,0.0,209.5300000000002,berlinda,5,2.0,4153.16,3893.3599999999997,5.189278431888448,24.189526184538654,Média,🟢 Abaixo viável,
MHFB1204,Itapema-Canto_Praia-apartamento-SUP-1Q,Carteira 5,SC,"Itapema, SC","Itapema, SC, Centro",0,479,2967.07,10,3496.69,2025-11,0.6,0.3962,18,30,198.5,180.12,8,1,2025-11-17,0.85,0.0,529.6199999999999,berlinda,8,3.0,4408.030000000001,3831.646,9.093852986681691,59.10224438902743,Alta,🟢 Abaixo viável,
MHR308,Florianopolis-Ingleses_Praia-apartamento-SUP-1Q,Carteira 1,SC,"Florianópolis, SC","Florianópolis, SC, Ingleses do Rio Vermelho",3,1163,3103.96,35,3747.01,2025-11,0.5926,0.5268,16,30,233.56,168.5,6,0,2025-11-17,0.83,700.6800000000001,643.0500000000002,berlinda,6,4.0,4114.96,3703.0786,7.229359209076039,46.38403990024938,Média,🟠 Abaixo precisa esforço,
PSOA1102,Penha-Beto_Carrero-apartamento-SUP-1Q,Carteira 3,SC,"Penha, SC","Penha, SC, Praia de Armação do Itapocoroi",0,129,2184.22,17,2238.48,2025-11,0.3667,0.4378,11,30,208.64,144.29,7,0,2025-11-17,0.98,0.0,54.26000000000022,berlinda,7,1.0,3194.25,2554.598001,3.4975409206247243,8.728179551122196,Baixa,🟢 Abaixo viável,
SHL0105,Brasilia-Lago_Norte-apartamento-TOP-1Q,Carteira 1_sys-price,DF,"Brasília, DF","Brasília, DF, Setor de Habitações Individuais Norte",0,365,3382.56,29,3946.69,2025-11,0.6333,0.7471,19,30,210.53,223.75,8,0,2025-11-17,0.86,0.0,564.1300000000001,berlinda,8,3.0,5172.5599999999995,4516.1669999999995,10.66075517290016,65.33665835411472,Alta,🟢 Abaixo viável,
VAM0504,Goiania-Sul-2-apartamento-JR-2Q,Carteira 1_sys-price,GO,"Goiânia, GO","Goiânia, GO, Setor Faiçalville",8,460,1795.38,294,2097.8,2025-11,0.5455,0.4635,12,30,172.83,169.6,5,0,2025-11-17,0.86,1382.64,302.4200000000001,berlinda,5,2.0,2643.38,2257.964,12.224814567642294,70.57356608478803,Alta,🟢 Abaixo viável,
ILH310,Florianopolis-Canasvieiras_Perto-apartamento-SUP-2Q,Carteira 1,SC,"Florianópolis, SC","Florianópolis, SC, Canasvieiras",0,91,5161.92,20,4783.52,2025-11,0.6667,0.569,20,30,325.1,318.86,7,0,2025-11-17,1.08,0.0,-378.39999999999964,berlinda,7,-1.0,7393.9400000000005,6650.007734000001,,42.77108433734939,Risco Baixo,🟡 Acima com risco,77.77777777777771
STCY101,Florianopolis-Cachoeira_Bom_Jesus-apartamento-SUP-1Q,Carteira 1,SC,"Florianópolis, SC","Florianópolis, SC, Cachoeira do Bom Jesus",0,561,2906.1,17,2844.32,2025-11,0.7667,0.3982,23,30,184.26,202.5,6,0,2025-11-17,1.02,0.0,-61.779999999999745,berlinda,6,-0.0,4121.1,3837.6405,,78.714859437751,Risco Médio,🟡 Acima com risco,199.99999999999983
CNA006,Especial-CNA-casa-MASTER-1Q,Especial,SP,"Campos do Jordão, SP","Campos do Jordão, SP, Jardim Europa",0,1016,9653.43,25,9000.13,2025-11,0.5333,0.4689,16,30,713.38,666.78,9,0,2025-11-17,1.07,0.0,-653.3000000000011,berlinda,9,-0.0,15654.45,12853.773966,,58.23293172690763,Risco Médio,🟡 Acima com risco,112.4999999999999
DPAC0116,Aguas_Claras-Geral-apartamento-SUP-1Q,Carteira 1_sys-price,DF,"Brasília, DF","Brasília, DF, Águas Claras",0,199,2471.0,104,2428.66,2025-11,0.5333,0.5826,16,30,245.15,186.6,5,0,2025-11-17,1.02,0.0,-42.340000000000146,berlinda,5,-0.0,3404.0,2968.5689,,72.89156626506023,Risco Médio,🟡 Acima com risco,166.66666666666654
GRB0917,Porto_Alegre-Auxiliadora-apartamento-SUP-1Q,Carteira 4,RS,"Porto Alegre, RS","Porto Alegre, RS, Rio Branco",0,353,2809.45,102,2670.7,2025-11,0.6,0.5258,18,30,151.78,150.0,6,0,2025-11-17,1.05,0.0,-138.75,berlinda,6,-0.0,3709.45,3349.45,,53.81526104417671,Risco Médio,🟡 Acima com risco,99.99999999999991
NWT0903,Especial-NWT-apartamento-TOP-1Q,Carteira 5,AL,"Maceió, AL","Maceió, AL, Pajuçara",1,219,4944.76,41,4882.8,2025-11,0.7241,0.6137,21,30,271.76,272.4,5,0,2025-11-17,1.01,271.76,-61.960000000000036,berlinda,5,-0.0,6306.76,5930.9842,,84.73895582329317,Risco Alto,🟡 Acima com risco,249.99999999999977
PPE0302,Sao_Paulo-Brooklin-apartamento-SUP-1Q,Carteira 4,SP,"São Paulo, SP","São Paulo, SP, Brooklin Novo",7,85,4446.79,297,4078.3,2025-11,0.8696,0.634,20,30,244.0,184.0,1,0,2025-11-17,1.09,1708.0,-368.4899999999998,berlinda,1,-2.0,4630.79,4606.7964,,7.429718875502007,Sem Risco,🟡 Acima com risco,9.999999999999991
RAA0301,Itapema-Meia_Praia-Norte-apartamento-SUP-3Q,Carteira 6,SC,"Itapema, SC","Itapema, SC, Meia Praia",4,75,2887.45,35,2802.96,2025-11,0.5,0.3613,13,30,256.69,187.88,8,0,2025-11-17,1.03,1026.76,-84.48999999999978,berlinda,8,-0.0,4390.49,3638.97,,78.714859437751,Risco Médio,🟡 Acima com risco,199.99999999999983
RCX1807,Itajai-Praia_Brava-apartamento-MASTER-2Q,Carteira 6,SC,"Itajaí, SC","Itajaí, SC, Praia Brava",0,261,6543.22,14,6330.5,2025-11,0.7667,0.6243,23,30,345.65,270.0,3,7,2025-11-17,1.03,0.0,-212.72000000000025,berlinda,3,-0.0,7353.22,7164.247,,40.76305220883534,Risco Baixo,🟡 Acima com risco,74.99999999999994
UPP0512,Curitiba-Centro-apartamento-JR-1Q,Carteira 4,PR,"Curitiba, PR","Curitiba, PR, Alto da XV",0,17,2471.87,286,2306.12,2025-11,0.7,0.612,21,30,146.62,130.0,4,0,2025-11-17,1.07,0.0,-165.75,berlinda,4,-1.0,2991.87,2835.87,,26.104417670682732,Risco Baixo,🟡 Acima com risco,49.99999999999996
PAN0301,Salvador-Barra-apartamento-SUP-2Q,Carteira 2,BA,"Salvador, BA","Salvador, BA, Barra",5,414,4641.06,30,4493.01,2025-11,0.84,0.6594,21,30,275.29,228.0,4,0,2025-11-17,1.03,1376.45,-148.05000000000018,berlinda,4,-0.0,5553.06,5407.14,,53.81526104417671,Risco Médio,🟡 Acima com risco,99.99999999999991
RSU3842,Penha-Longe-apartamento-SUP-3Q,Carteira 6,SC,"Penha, SC","Penha, SC, Gravatá",0,303,3500.22,18,3378.04,2025-11,0.5333,0.3527,16,30,284.88,,0,0,2025-11-17,1.04,0.0,-122.17999999999984,berlinda,0,0.0,,,,3.0120481927710845,Sem Risco,🟡 Acima sem ação,0.0
TXP1803,Goiania-Central-apartamento-SUP-1Q,Carteira 1_sys-price,GO,"Goiânia, GO","Goiânia, GO, Setor Bueno",0,471,2350.0,150,2169.41,2025-11,0.6,0.4376,18,30,151.44,159.67,6,0,2025-11-17,1.08,0.0,-180.59000000000015,berlinda,6,-1.0,3308.02,2924.812,,35.34136546184739,Risco Baixo,🟡 Acima com risco,66.66666666666661
ETY0024,Balneario_Camboriu-Centro-apartamento-JR-3Q,Carteira 6,SC,"Balneário Camboriú, SC","Balneário Camboriú, SC, Centro",7,323,4759.22,44,4589.68,2025-11,0.8261,0.5099,19,30,304.37,130.0,2,0,2025-11-17,1.04,2130.59,-169.53999999999996,berlinda,2,-1.0,5019.22,4974.006,,21.084337349397593,Risco Baixo,🟡 Acima com risco,39.999999999999964
JPR410,Especial-JPR-apartamento-TOP-3Q,Carteira 1,SC,"Florianópolis, SC","Florianópolis, SC, Jurerê",0,478,9975.6,17,9644.52,2025-11,0.5667,0.5203,17,30,536.58,599.0,3,0,2025-11-17,1.03,0.0,-331.0799999999999,berlinda,3,-0.0,11772.6,10993.9599,,40.76305220883534,Risco Baixo,🟡 Acima com risco,74.99999999999994
TXP0919,Goiania-Central-apartamento-TOP-2Q,Carteira 1_sys-price,GO,"Goiânia, GO","Goiânia, GO, Setor Bueno",1,211,3075.14,15,2903.2,2025-11,0.4483,0.3492,13,30,292.44,260.56,9,0,2025-11-17,1.06,292.44,-171.94000000000005,berlinda,9,-0.0,5420.18,4126.421432,,64.05622489959839,Risco Médio,🟡 Acima com risco,128.57142857142844
AIA2200,Barra_Velha-Tabuleiro-casa-JR-3Q,Carteira 3,SC,"Barra Velha, SC","Barra Velha, SC, Barra Velha",9,638,2299.33,11,2248.21,2025-11,0.5714,0.2225,12,30,277.42,214.6,5,0,2025-11-17,1.02,2496.78,-51.11999999999989,berlinda,5,-0.0,3372.33,2912.4422,,72.89156626506023,Risco Médio,🟡 Acima com risco,166.66666666666654
SPJ0203,Especial-SPJ-apartamento-TOP-1Q,Carteira 5,SC,"Florianópolis, SC","Florianópolis, SC, Jurerê",0,518,6085.35,16,5903.8,2025-11,0.6667,0.6696,20,30,359.25,227.0,4,0,2025-11-17,1.03,0.0,-181.55000000000018,berlinda,4,-0.0,6993.35,6690.7136,,53.81526104417671,Risco Médio,🟡 Acima com risco,99.99999999999991
MHF1703,Itapema-Canto_Praia-apartamento-TOP-1Q,Carteira 5,SC,"Itapema, SC","Itapema, SC, Centro",0,485,3522.08,17,3496.4,2025-11,0.6667,0.5558,20,30,210.55,214.9,10,0,2025-11-17,1.01,0.0,-25.679999999999836,berlinda,10,-0.0,5671.08,4954.8183,,95.78313253012048,Risco Alto,🟡 Acima com risco,499.99999999999955
SMO0202,Balneario_Picarras-Geral-apartamento-SUP-2Q,Carteira 6,SC,"Balneário Piçarras, SC","Balneário Piçarras, SC, Centro",0,64,1830.75,70,1815.81,2025-11,0.4667,0.3314,14,30,159.29,117.25,8,0,2025-11-17,1.01,0.0,-14.940000000000055,berlinda,8,-0.0,2768.75,2268.5146,,93.97590361445783,Risco Alto,🟡 Acima com risco,399.99999999999966
VLE001,Bombinhas-Mariscal-apartamento-JR-2Q,Carteira 6,SC,"Bombinhas, SC","Bombinhas, SC, Mariscal",0,1494,1683.36,12,1619.24,2025-11,0.2667,0.1978,8,30,204.75,198.0,9,24,2025-11-17,1.04,0.0,-64.11999999999989,berlinda,9,-0.0,3465.3599999999997,2158.6194,,75.30120481927712,Risco Médio,🟡 Acima com risco,179.99999999999983
CPJ504,Florianopolis-Jurere_Internacional-apartamento-SUP-2Q,Carteira 1,SC,"Florianópolis, SC","Florianópolis, SC, Jurerê Internacional",0,201,6515.17,26,6528.89,2025-11,0.7,0.5255,21,30,367.1,280.0,2,0,2025-11-17,1.0,0.0,13.720000000000255,berlinda,2,1.0,7075.17,6907.17,,78.714859437751,Risco Médio,🟡 Acima com risco,199.99999999999983
RIT0201,Florianopolis-Praia_Brava-apartamento-TOP-3Q,Carteira 1,SC,"Florianópolis, SC","Florianópolis, SC, Praia Brava",6,257,7363.29,16,7116.08,2025-11,0.5417,0.5774,13,30,721.69,504.0,3,0,2025-11-17,1.03,4330.14,-247.21000000000004,berlinda,3,-0.0,8875.29,8182.3404,,40.76305220883534,Risco Baixo,🟡 Acima com risco,74.99999999999994
RTG101,Florianopolis-Ingleses_Norte-apartamento-TOP-2Q,Carteira 1,SC,"Florianópolis, SC","Florianópolis, SC, Ingleses do Rio Vermelho",0,1173,4742.23,15,4438.02,2025-11,0.7,0.5699,21,30,289.95,268.0,4,0,2025-11-17,1.07,0.0,-304.2099999999991,berlinda,4,-1.0,5814.23,5492.629999999999,,26.104417670682732,Risco Baixo,🟡 Acima com risco,49.99999999999996
ELU0211,Florianopolis-Jurere_Tradicional-apartamento-TOP-1Q,Carteira 1,SC,"Florianópolis, SC","Florianópolis, SC, Jurerê",2,74,6921.03,19,6624.43,2025-11,0.75,0.6573,21,30,334.25,466.55,11,0,2025-11-17,1.04,668.5,-296.59999999999945,berlinda,11,-0.0,12053.08,10770.0675,,82.1285140562249,Risco Alto,🟡 Acima com risco,219.9999999999998
PSO0705,Penha-Beto_Carrero-apartamento-SUP-1Q,Carteira 3,SC,"Penha, SC","Penha, SC, Praia de Armação do Itapocoroi",0,134,2263.2,17,2238.48,2025-11,0.3,0.4378,9,30,251.6,180.0,9,0,2025-11-17,1.01,0.0,-24.7199999999998,berlinda,9,-0.0,3883.2,2749.2,,95.18072289156626,Risco Alto,🟡 Acima com risco,449.9999999999996
RME047,Curitiba-Merces-apartamento-SUP-1Q,Carteira 4,PR,"Curitiba, PR","Curitiba, PR, Mercês",2,201,2247.22,38,2045.29,2025-11,0.6071,0.5317,17,30,154.12,145.33,9,0,2025-11-17,1.1,308.24,-201.92999999999984,berlinda,9,-1.0,3555.1899999999996,3041.288587,,46.3855421686747,Risco Baixo,🟡 Acima com risco,81.81818181818174
SSG0317,Florianopolis-UFSC-apartamento-TOP-1Q,Carteira 4,SC,"Florianópolis, SC","Florianópolis, SC, Córrego Grande",0,319,3786.25,15,3753.83,2025-11,0.6333,0.6156,19,30,227.42,194.67,6,0,2025-11-17,1.01,0.0,-32.42000000000007,berlinda,6,-0.0,4954.27,4525.957066,,88.95582329317268,Risco Alto,🟡 Acima com risco,299.9999999999998
GDI268,Florianopolis-Canasvieiras_Perto-apartamento-SIM-1Q,Carteira 1,SC,"Florianópolis, SC","Florianópolis, SC, Canasvieiras",0,808,1721.88,40,1694.63,2025-11,0.3,0.4273,9,30,223.0,150.0,6,0,2025-11-17,1.02,0.0,-27.25,berlinda,6,-0.0,2621.88,1991.88,,78.714859437751,Risco Médio,🟡 Acima com risco,199.99999999999983
NWT0617,Especial-NWT-apartamento-TOP-1Q,Carteira 5,AL,"Maceió, AL","Maceió, AL, Pajuçara",0,215,5232.04,41,4882.8,2025-11,0.7,0.6137,21,30,308.19,268.67,6,0,2025-11-17,1.07,0.0,-349.2399999999998,berlinda,6,-1.0,6844.0599999999995,6360.454,,40.76305220883534,Risco Baixo,🟡 Acima com risco,74.99999999999994
TXP0608,Goiania-Central-apartamento-SUP-1Q,Carteira 1_sys-price,GO,"Goiânia, GO","Goiânia, GO, Setor Bueno",0,757,2322.24,150,2169.41,2025-11,0.6333,0.4376,19,30,155.63,163.11,9,0,2025-11-17,1.07,0.0,-152.82999999999993,berlinda,9,-0.0,3790.23,3251.9180669999996,,58.23293172690763,Risco Médio,🟡 Acima com risco,112.4999999999999
YOU1203,Sao_Paulo-Pinheiros-apartamento-TOP-1Q,Carteira 4_sys-price,SP,"São Paulo, SP","São Paulo, SP, Jardim Paulistano",0,410,5368.18,277,5221.27,2025-11,0.6333,0.6683,19,30,305.77,213.57,7,0,2025-11-17,1.03,0.0,-146.90999999999985,berlinda,7,-0.0,6863.17,6314.9571670000005,,74.49799196787149,Risco Médio,🟡 Acima com risco,174.99999999999986
JBV179,Especial-JBV-hotel-JR-1Q,Especial,SC,"Florianópolis, SC","Florianópolis, SC, Jurerê",3,789,9344.92,25,9382.13,2025-11,0.7037,0.6404,19,30,704.11,458.0,2,0,2025-11-17,1.0,2112.33,37.20999999999913,berlinda,2,1.0,10260.92,9989.5092,,78.714859437751,Risco Médio,🟡 Acima com risco,199.99999999999983
SPJ0305,Especial-SPJ-apartamento-TOP-1Q,Carteira 5,SC,"Florianópolis, SC","Florianópolis, SC, Jurerê",0,516,6364.12,16,5903.8,2025-11,0.8333,0.6696,25,30,311.27,257.17,6,0,2025-11-17,1.08,0.0,-460.3199999999997,berlinda,6,-1.0,7907.139999999999,7649.918566,,35.34136546184739,Risco Baixo,🟡 Acima com risco,66.66666666666661
LIV0810,Salvador-Graca-apartamento-TOP-1Q,Especial,BA,"Salvador, BA","Salvador, BA, Vitória",0,106,3827.98,15,3581.56,2025-11,0.7,0.6352,21,30,229.24,244.5,8,0,2025-11-17,1.07,0.0,-246.42000000000007,berlinda,8,-1.0,5783.98,5197.18,,53.81526104417671,Risco Médio,🟡 Acima com risco,99.99999999999991
OCB0901,Salvador-Barra-apartamento-TOP-1Q,Carteira 2,BA,"Salvador, BA","Salvador, BA, Barra",0,145,5172.41,130,4966.05,2025-11,0.7,0.6899,21,30,290.0,208.2,5,0,2025-11-17,1.04,0.0,-206.35999999999967,berlinda,5,-0.0,6213.41,5901.11,,53.81526104417671,Risco Médio,🟡 Acima com risco,99.99999999999991
SPJ0301,Especial-SPJ-apartamento-TOP-1Q,Carteira 5,SC,"Florianópolis, SC","Florianópolis, SC, Jurerê",0,518,6421.0,16,5903.8,2025-11,0.8333,0.6696,25,30,324.76,255.6,5,0,2025-11-17,1.09,0.0,-517.1999999999998,berlinda,5,-2.0,7699.0,7485.9574,,26.104417670682732,Risco Baixo,🟡 Acima com risco,49.99999999999996
IAA1002,Recife-Boa_Viagem-apartamento-TOP-1Q,Carteira 2,PE,"Recife, PE","Recife, PE, Boa Viagem",0,598,4618.2,40,4502.5,2025-11,0.8333,0.7299,25,30,230.56,,0,0,2025-11-17,1.03,0.0,-115.69999999999982,berlinda,0,0.0,,,,3.0120481927710845,Sem Risco,🟡 Acima sem ação,0.0
MGI024,Porto_Seguro-Pitinga-casa-TOP-3Q,Carteira 2,BA,"Porto Seguro, BA","Porto Seguro, BA, Arraial D'Ajuda",9,736,5598.76,8,5147.19,2025-11,0.4286,0.285,9,30,884.44,606.75,8,0,2025-11-17,1.09,7959.960000000001,-451.5700000000006,berlinda,8,-0.0,10452.76,7679.1844,,44.57831325301205,Risco Baixo,🟡 Acima com risco,79.99999999999993
OKA105,Florianopolis-Campeche-apartamento-SUP-1Q,Carteira 1,SC,"Florianópolis, SC","Florianópolis, SC, Campeche",1,1041,2921.08,30,2674.73,2025-11,0.5517,0.626,16,30,226.06,210.62,8,0,2025-11-17,1.09,226.06,-246.3499999999999,berlinda,8,-1.0,4606.04,3850.672432,,44.57831325301205,Risco Baixo,🟡 Acima com risco,79.99999999999993
TCO0712,Porto_Alegre-Centro_Historico-apartamento-SUP-1Q,Carteira 4,RS,"Porto Alegre, RS","Porto Alegre, RS, Centro Histórico",0,555,2197.4,77,2102.22,2025-11,0.6667,0.5111,20,30,126.0,120.0,3,0,2025-11-17,1.05,0.0,-95.18000000000029,berlinda,3,-0.0,2557.4,2437.4120000000003,,26.104417670682732,Risco Baixo,🟡 Acima com risco,49.99999999999996
CVAF0220,Mata_de_Sao_Joao-Praia_do_Forte_Longe-apartamento-SUP-1Q,Carteira 2,BA,"Mata de São João, BA","Mata de São João, BA, Praia do Forte",3,232,4496.31,95,4382.06,2025-11,0.6667,0.4737,18,30,291.17,235.5,6,0,2025-11-17,1.03,873.51,-114.25,berlinda,6,-0.0,5909.31,5438.3571,,68.87550200803213,Risco Médio,🟡 Acima com risco,149.9999999999999
CDS0401,Florianopolis-Jurere_Internacional-apartamento-SUP-2Q,Carteira 1,SC,"Florianópolis, SC","Florianópolis, SC, Jurere Internacional",0,145,6597.62,26,6528.89,2025-11,0.7667,0.5255,23,30,362.17,290.17,6,0,2025-11-17,1.01,0.0,-68.72999999999956,berlinda,6,-0.0,8338.64,7932.460034,,88.95582329317268,Risco Alto,🟡 Acima com risco,299.9999999999998
ELO0207,Balneario_Camboriu-Intermediario-apartamento-JR-3Q,Carteira 6,SC,"Balneário Camboriú, SC","Balneário Camboriú, SC, Centro",0,562,3731.66,18,3451.64,2025-11,0.8333,0.4489,25,30,193.12,159.5,4,0,2025-11-17,1.08,0.0,-280.02,berlinda,4,-1.0,4369.66,4263.3054,,23.293172690763054,Risco Baixo,🟡 Acima com risco,44.44444444444441
FFS1401,Itapema-Meia_Praia-Sul-apartamento-SUP-1Q,Carteira 6,SC,"Itapema, SC","Itapema, SC, Meia Praia",0,10,2836.41,16,2829.97,2025-11,0.7333,0.5339,22,30,164.36,137.83,6,0,2025-11-17,1.0,0.0,-6.440000000000055,berlinda,6,-0.0,3663.39,3442.834434,,97.99196787148594,Risco Alto,🟡 Acima com risco,599.9999999999995
ILH106,Florianopolis-Canasvieiras_Perto-apartamento-TOP-3Q,Carteira 1,SC,"Florianópolis, SC","Florianópolis, SC, Canasvieiras",11,799,7375.59,12,7202.05,2025-11,1.0,0.6099,19,30,540.25,580.0,3,0,2025-11-17,1.02,5942.75,-173.53999999999996,berlinda,3,-0.0,9115.59,9115.59,,53.81526104417671,Risco Médio,🟡 Acima com risco,99.99999999999991
DLH0403,Gramado-Centro-apartamento-TOP-2Q,Carteira 4,RS,"Gramado, RS","Gramado, RS, Centro",3,1,11377.73,55,11072.1,2025-11,0.8148,0.7122,22,30,569.14,400.0,2,0,2025-11-17,1.03,1707.42,-305.6299999999992,berlinda,2,-0.0,12177.73,12029.57,,26.104417670682732,Risco Baixo,🟡 Acima com risco,49.99999999999996
NWT1021,Especial-NWT-apartamento-TOP-1Q,Carteira 5,AL,"Maceió, AL","Maceió, AL, Pajuçara",1,199,5094.53,41,4882.8,2025-11,0.6552,0.6137,19,30,301.0,301.25,4,0,2025-11-17,1.04,301.0,-211.72999999999956,berlinda,4,-0.0,6299.53,5884.045999999999,,44.57831325301205,Risco Baixo,🟡 Acima com risco,79.99999999999993
RGOR0025,Itapema-Meia_Praia-Sul-apartamento-SUP-1Q,Carteira 6,SC,"Itapema, SC","Itapema, SC, Castelo Branco",2,201,2826.19,16,2829.97,2025-11,0.7857,0.5339,22,30,145.14,143.0,6,0,2025-11-17,1.0,290.28,3.7799999999997453,berlinda,6,1.0,3684.19,3500.3206,,97.99196787148594,Risco Alto,🟡 Acima com risco,599.9999999999995
ACT029,Brasilia-Vila_Planalto-casa-SUP-3Q,Carteira 1_sys-price,DF,"Brasília, DF","Brasília, DF, Vila Planalto",9,488,8182.16,7,7705.71,2025-11,0.7619,0.5385,16,30,695.5,730.0,3,0,2025-11-17,1.06,6259.5,-476.4499999999998,berlinda,3,-0.0,10372.16,9850.721,,22.289156626506024,Risco Baixo,🟡 Acima com risco,42.85714285714282
DLH0201,Gramado-Centro-apartamento-TOP-2Q,Carteira 4,RS,"Gramado, RS","Gramado, RS, Centro",1,396,11582.11,55,11072.1,2025-11,0.7241,0.7122,21,30,693.86,385.0,3,0,2025-11-17,1.05,693.86,-510.0100000000002,berlinda,3,-1.0,12737.11,12418.4455,,26.104417670682732,Risco Baixo,🟡 Acima com risco,49.99999999999996
NWT0917,Especial-NWT-apartamento-TOP-1Q,Carteira 5,AL,"Maceió, AL","Maceió, AL, Pajuçara",1,221,5013.42,41,4882.8,2025-11,0.6207,0.6137,18,30,277.05,258.67,6,0,2025-11-17,1.03,277.05,-130.6199999999999,berlinda,6,-0.0,6565.4400000000005,5976.758814,,68.87550200803213,Risco Médio,🟡 Acima com risco,149.9999999999999
PNM0202,Florianopolis-Jurere_Internacional-apartamento-SUP-1Q,Carteira 1,SC,"Florianópolis, SC","Florianópolis, SC, Jurerê Internacional",0,282,5386.69,13,5286.69,2025-11,0.7,0.5056,21,30,320.1,294.0,6,0,2025-11-17,1.02,0.0,-100.0,berlinda,6,-0.0,7150.69,6621.49,,78.714859437751,Risco Médio,🟡 Acima com risco,199.99999999999983
RMI201,Florianopolis-Ingleses_Praia-apartamento-SUP-1Q,Carteira 1,SC,"Florianópolis, SC","Florianópolis, SC, Ingleses Norte",0,1178,3798.24,35,3747.01,2025-11,0.5333,0.5268,16,30,266.94,182.0,8,0,2025-11-17,1.01,0.0,-51.22999999999956,berlinda,8,-0.0,5254.24,4574.7248,,93.97590361445783,Risco Alto,🟡 Acima com risco,399.99999999999966
SJE0103,Florianopolis-Canajure-apartamento-SUP-1Q,Carteira 1,SC,"Florianópolis, SC","Florianópolis, SC, Canasvieiras",0,375,2930.84,39,2939.21,2025-11,0.5667,0.4981,17,30,198.18,244.83,6,0,2025-11-17,1.0,0.0,8.36999999999989,berlinda,6,1.0,4399.82,3763.310966,,97.99196787148594,Risco Alto,🟡 Acima com risco,599.9999999999995
NWC1510,Curitiba-Centro-apartamento-SUP-1Q,Carteira 4,PR,"Curitiba, PR","Curitiba, PR, Centro",0,80,2789.77,506,2541.48,2025-11,0.6333,0.5906,19,30,176.16,153.33,6,0,2025-11-17,1.1,0.0,-248.28999999999996,berlinda,6,-1.0,3709.75,3372.393334,,28.915662650602407,Risco Baixo,🟡 Acima com risco,54.5454545454545
PAT0402,Itapema-Meia_Praia-Sul-apartamento-TOP-2Q,Carteira 6,SC,"Itapema, SC","Itapema, SC, Meia Praia",3,8,4184.78,21,3834.61,2025-11,0.4074,0.3849,11,30,436.91,450.0,8,29,2025-11-17,1.09,1310.73,-350.1699999999996,berlinda,8,-0.0,7784.78,5651.42,,44.57831325301205,Risco Baixo,🟡 Acima com risco,79.99999999999993
SMA0107,Salvador-Pituba_Praia-apartamento-SUP-1Q,Carteira 5,BA,"Salvador, BA","Salvador, BA, Amaralina",1,65,2192.79,15,2167.5,2025-11,0.5517,0.5567,16,30,170.56,173.09,11,0,2025-11-17,1.01,170.56,-25.289999999999964,berlinda,11,-0.0,4096.78,3243.221283,,96.3855421686747,Risco Alto,🟡 Acima com risco,549.9999999999995
VLO0514,Florianopolis-Jurere_Longe-apartamento-TOP-2Q,Carteira 1,SC,"Florianópolis, SC","Florianópolis, SC, Jurerê Internacional",3,354,8071.01,16,7417.61,2025-11,0.6667,0.6304,18,30,717.67,512.0,3,0,2025-11-17,1.09,2153.0099999999998,-653.4000000000005,berlinda,3,-1.0,9607.01,9095.0612,,16.867469879518072,Sem Risco,🟡 Acima com risco,29.99999999999997
BSO0205,Itajai-Praia_Brava-apartamento-SUP-1Q,Carteira 6,SC,"Balneário Camboriú, SC","Balneário Camboriú, SC, Praia dos Amores",0,198,3093.69,10,2960.79,2025-11,0.7333,0.5296,22,30,168.59,150.0,7,0,2025-11-17,1.04,0.0,-132.9000000000001,berlinda,7,-0.0,4143.6900000000005,3863.6549999999997,,66.86746987951807,Risco Médio,🟡 Acima com risco,139.9999999999999
DLH0204,Gramado-Centro-apartamento-TOP-2Q,Carteira 4,RS,"Gramado, RS","Gramado, RS, Centro",3,450,11131.45,55,11072.1,2025-11,0.7778,0.7122,21,30,684.48,385.0,2,0,2025-11-17,1.01,2053.44,-59.350000000000364,berlinda,2,-0.0,11901.45,11730.356000000002,,53.81526104417671,Risco Médio,🟡 Acima com risco,99.99999999999991
NWT0916,Especial-NWT-apartamento-TOP-1Q,Carteira 5,AL,"Maceió, AL","Maceió, AL, Pajuçara",0,221,5092.69,41,4882.8,2025-11,0.7,0.6137,21,30,309.14,273.0,5,0,2025-11-17,1.04,0.0,-209.88999999999942,berlinda,5,-0.0,6457.69,6048.19,,53.81526104417671,Risco Médio,🟡 Acima com risco,99.99999999999991
ESD143,Balneario_Camboriu-Sul-apartamento-SUP-2Q,Carteira 6,SC,"Balneário Camboriú, SC","Balneário Camboriú, SC, Barra Sul",0,900,4423.87,83,4343.61,2025-11,0.6,0.523,18,30,272.0,212.17,6,0,2025-11-17,1.02,0.0,-80.26000000000022,berlinda,6,-0.0,5696.889999999999,5187.682,,78.714859437751,Risco Médio,🟡 Acima com risco,199.99999999999983
MHF1106,Itapema-Canto_Praia-apartamento-TOP-1Q,Carteira 5,SC,"Itapema, SC","Itapema, SC, Centro",0,239,3606.33,17,3496.4,2025-11,0.6333,0.5558,19,30,217.89,200.0,5,0,2025-11-17,1.03,0.0,-109.92999999999984,berlinda,5,-0.0,4606.33,4239.63,,62.048192771084345,Risco Médio,🟡 Acima com risco,124.99999999999989
PKS0205,Guara-Geral-apartamento-SUP-1Q,Carteira 1,DF,"Brasília, DF","Brasília, DF, Asa Norte",2,253,4396.59,35,4136.31,2025-11,0.9286,0.7128,26,30,217.92,179.5,2,0,2025-11-17,1.06,435.84,-260.27999999999975,berlinda,2,-1.0,4755.59,4729.9574,,15.863453815261044,Sem Risco,🟡 Acima com risco,28.571428571428545
BSO0203,Itajai-Praia_Brava-apartamento-SUP-1Q,Carteira 6,SC,"Balneário Camboriú, SC","Balneário Camboriú, SC, Praia dos Amores",0,193,2972.49,10,2960.79,2025-11,0.7,0.5296,21,30,167.71,140.0,6,0,2025-11-17,1.0,0.0,-11.699999999999818,berlinda,6,-0.0,3812.49,3560.49,,97.99196787148594,Risco Alto,🟡 Acima com risco,599.9999999999995
ILC3111,Especial-ILC-hotel-JR-1Q,Especial,SC,"Florianópolis, SC","Florianópolis, SC, Jurerê Internacional",0,1898,10373.57,16,10274.6,2025-11,0.6333,0.614,19,30,665.68,403.5,4,0,2025-11-17,1.01,0.0,-98.96999999999935,berlinda,4,-0.0,11987.57,11395.716199999999,,78.714859437751,Risco Médio,🟡 Acima com risco,199.99999999999983
IPS0701,Porto_Alegre-Jardim_Botanico-apartamento-SUP-1Q,Carteira 4,RS,"Porto Alegre, RS","Porto Alegre, RS, Petrópolis",15,43,1987.68,66,1981.77,2025-11,0.9333,0.4428,14,30,167.57,,0,0,2025-11-17,1.0,2513.5499999999997,-5.910000000000082,berlinda,0,0.0,,,,3.0120481927710845,Sem Risco,🟡 Acima sem ação,0.0
SPJ0504,Especial-SPJ-apartamento-TOP-1Q,Carteira 5,SC,"Florianópolis, SC","Florianópolis, SC, Jurerê",0,381,5948.61,16,5903.8,2025-11,0.8667,0.6696,26,30,310.54,278.0,4,0,2025-11-17,1.01,0.0,-44.80999999999949,berlinda,4,-0.0,7060.61,6912.3804,,78.714859437751,Risco Médio,🟡 Acima com risco,199.99999999999983
BLSA1655,Goiania-Central-apartamento-TOP-1Q,Carteira 1_sys-price,GO,"Goiânia, GO","Goiânia, GO, Setor Marista",0,687,2557.85,54,2402.71,2025-11,0.6333,0.4607,19,30,176.33,190.63,8,0,2025-11-17,1.06,0.0,-155.13999999999987,berlinda,8,-0.0,4082.89,3523.657832,,59.036144578313255,Risco Médio,🟡 Acima com risco,114.28571428571418
MAL0105,Florianopolis-Santo_Antonio_de_Lisboa-apartamento-SUP-1Q,Carteira 1,SC,"Florianópolis, SC","Florianópolis, SC, Santo Antonio de Lisboa",3,108,2977.18,14,2716.39,2025-11,0.4815,0.5593,13,30,266.0,232.71,7,0,2025-11-17,1.1,798.0,-260.78999999999996,berlinda,7,-1.0,4606.15,3761.529055,,33.13253012048193,Risco Baixo,🟡 Acima com risco,63.63636363636358
MCP0213,Porto_Alegre-PUC_RS-apartamento-SUP-1Q,Carteira 4,RS,"Porto Alegre, RS","Porto Alegre, RS, Jardim do Salso",0,23,1681.4,19,1623.38,2025-11,0.5,0.4173,15,30,140.47,130.0,8,0,2025-11-17,1.04,0.0,-58.01999999999998,berlinda,8,-0.0,2721.4,2201.4,,71.08433734939759,Risco Médio,🟡 Acima com risco,159.99999999999986
RMM0206,Florianopolis-Ingleses_Centro-apartamento-SUP-2Q,Carteira 1,SC,"Florianópolis, SC","Florianópolis, SC, Ingleses do Rio Vermelho",0,31,2386.4,23,2343.5,2025-11,0.3667,0.3438,11,30,214.33,201.5,8,0,2025-11-17,1.02,0.0,-42.90000000000009,berlinda,8,-0.0,3998.4,2977.5204000000003,,86.34538152610442,Risco Alto,🟡 Acima com risco,266.66666666666646
CEC0801,Salvador-UFBA-apartamento-TOP-1Q,Carteira 2,BA,"Salvador, BA","Salvador, BA, Ondina",0,113,3585.5,16,3521.71,2025-11,0.6667,0.6134,20,30,242.1,167.25,8,0,2025-11-17,1.02,0.0,-63.789999999999964,berlinda,8,-0.0,4923.5,4477.5446,,86.34538152610442,Risco Alto,🟡 Acima com risco,266.66666666666646
AIR1607,Porto_Alegre-Menino_Deus-apartamento-TOP-1Q,Carteira 4,RS,"Porto Alegre, RS","Porto Alegre, RS, Praia de Belas",1,639,2725.51,28,2657.22,2025-11,0.3448,0.5,10,30,349.3,333.0,10,25,2025-11-17,1.03,349.3,-68.29000000000042,berlinda,10,-0.0,6055.51,3873.6940000000004,,84.73895582329317,Risco Alto,🟡 Acima com risco,249.99999999999977
CHR025,Florianopolis-Jurere_Longe-apartamento-JR-2Q,Carteira 1,SC,"Florianópolis, SC","Florianópolis, SC, Jurerê",9,204,3512.46,17,3322.23,2025-11,0.8571,0.431,18,30,229.11,,0,2,2025-11-17,1.06,2061.9900000000002,-190.23000000000002,berlinda,0,0.0,,,,3.0120481927710845,Sem Risco,🟡 Acima sem ação,0.0
CPK0803,Ilheus-Sul-apartamento-SUP-3Q,Carteira 2,BA,"Porto Seguro, BA","Ilhéus, BA, Nossa Senhora da Vitória",0,226,2761.09,23,2520.72,2025-11,0.3,0.3706,9,30,256.56,214.22,9,0,2025-11-17,1.1,0.0,-240.37000000000035,berlinda,9,-1.0,4689.07,3339.484,,46.3855421686747,Risco Baixo,🟡 Acima com risco,81.81818181818174
JBV115,Especial-JBV-hotel-JR-1Q,Especial,SC,"Florianópolis, SC","Florianópolis, SC, Jurerê",0,1727,10060.35,25,9382.13,2025-11,0.8,0.6404,24,30,518.17,564.83,6,0,2025-11-17,1.07,0.0,-678.2200000000012,berlinda,6,-1.0,13449.330000000002,12771.534000000001,,40.76305220883534,Risco Baixo,🟡 Acima com risco,74.99999999999994
JBV242,Especial-JBV-hotel-TOP-1Q,Especial,SC,"Florianópolis, SC","Florianópolis, SC, Jurerê",0,1507,11925.49,34,11132.4,2025-11,0.7,0.6934,21,30,707.43,423.0,1,0,2025-11-17,1.07,0.0,-793.0900000000001,berlinda,1,-1.0,12348.49,12221.59,,10.040160642570282,Sem Risco,🟡 Acima com risco,12.49999999999999
TXP0807,Goiania-Central-apartamento-SUP-1Q,Carteira 1_sys-price,GO,"Goiânia, GO","Goiânia, GO, Setor Bueno",0,759,2218.55,150,2169.41,2025-11,0.5667,0.4376,17,30,156.71,156.0,10,0,2025-11-17,1.02,0.0,-49.14000000000033,berlinda,10,-0.0,3778.55,3102.6020000000003,,91.36546184738957,Risco Alto,🟡 Acima com risco,333.3333333333331
JBV248,Especial-JBV-hotel-TOP-1Q,Especial,SC,"Florianópolis, SC","Florianópolis, SC, Jurerê",2,1299,11159.13,34,11132.4,2025-11,0.8214,0.6934,23,30,593.83,,0,0,2025-11-17,1.0,1187.66,-26.729999999999563,berlinda,0,0.0,,,,3.0120481927710845,Sem Risco,🟡 Acima sem ação,0.0
NWT0509,Especial-NWT-apartamento-TOP-1Q,Carteira 5,AL,"Maceió, AL","Maceió, AL, Pajuçara",2,338,5364.7,41,4882.8,2025-11,0.6786,0.6137,19,30,346.0,297.0,7,0,2025-11-17,1.1,692.0,-481.89999999999964,berlinda,7,-1.0,7443.7,6775.5094,,33.13253012048193,Risco Baixo,🟡 Acima com risco,63.63636363636358
TCO0512,Porto_Alegre-Centro_Historico-apartamento-SUP-1Q,Carteira 4,RS,"Porto Alegre, RS","Porto Alegre, RS, Centro Histórico",0,509,2192.24,77,2102.22,2025-11,0.6333,0.5111,19,30,128.16,120.8,5,0,2025-11-17,1.04,0.0,-90.01999999999998,berlinda,5,-0.0,2796.24,2574.7531999999997,,53.81526104417671,Risco Médio,🟡 Acima com risco,99.99999999999991
HOX1010,Sao_Paulo-Pinheiros-apartamento-SUP-1Q,Carteira 4,SP,"São Paulo, SP","São Paulo, SP, Pinheiros",0,137,4786.34,422,4414.9,2025-11,0.7333,0.6522,22,30,256.68,172.67,3,0,2025-11-17,1.08,0.0,-371.4400000000005,berlinda,3,-2.0,5304.35,5166.196733,,17.8714859437751,Sem Risco,🟡 Acima com risco,33.33333333333331
MLU0306,Gramado-Geral-apartamento-SUP-1Q,Carteira 4,RS,"Gramado, RS","Gramado, RS, Bavaria",0,100,5865.31,81,5715.9,2025-11,0.8333,0.6896,25,30,287.32,137.0,1,0,2025-11-17,1.03,0.0,-149.41000000000076,berlinda,1,-1.0,6002.31,5979.472100000001,,13.052208835341366,Sem Risco,🟡 Acima com risco,24.99999999999998
BSO0207,Itajai-Praia_Brava-apartamento-SUP-1Q,Carteira 6,SC,"Balneário Camboriú, SC","Balneário Camboriú, SC, Praia dos Amores",0,192,3100.54,10,2960.79,2025-11,0.6667,0.5296,20,30,178.17,147.0,5,0,2025-11-17,1.05,0.0,-139.75,berlinda,5,-0.0,3835.54,3590.5645,,47.18875502008032,Risco Baixo,🟡 Acima com risco,83.33333333333327
EAR0411,Florianopolis-Ingleses_Norte-apartamento-TOP-3Q,Carteira 1,SC,"Florianópolis, SC","Florianópolis, SC, Ingleses do Rio Vermelho",6,318,5329.31,15,5208.35,2025-11,0.5417,0.4356,13,30,469.46,413.29,7,0,2025-11-17,1.02,2816.7599999999998,-120.96000000000004,berlinda,7,-0.0,8222.34,6896.4643510000005,,83.33333333333334,Risco Alto,🟡 Acima com risco,233.33333333333314
ENU011,Ubatuba-Praia_Grande-apartamento-JR-2Q,Carteira 4,SP,"Ubatuba, SP","Ubatuba, SP, Praia Grande",9,568,4514.15,183,4170.86,2025-11,0.8571,0.4887,18,30,296.94,232.0,1,0,2025-11-17,1.08,2672.46,-343.28999999999996,berlinda,1,-1.0,4746.15,4712.9972,,9.236947791164658,Sem Risco,🟡 Acima com risco,11.111111111111102
SCO0008,Florianopolis-Campeche-apartamento-JR-2Q,Carteira 1,SC,"Florianópolis, SC","Florianópolis, SC, Campeche",0,172,3039.39,34,2855.77,2025-11,0.6333,0.6094,19,30,207.89,171.33,6,0,2025-11-17,1.06,0.0,-183.6199999999999,berlinda,6,-1.0,4067.37,3690.409734,,48.19277108433735,Risco Baixo,🟡 Acima com risco,85.71428571428564
VLR403,Florianopolis-Centrao-apartamento-SUP-1Q,Carteira 4,SC,"Florianópolis, SC","Florianópolis, SC, Centro",5,590,3729.17,125,3496.05,2025-11,0.76,0.5003,19,30,257.32,,0,0,2025-11-17,1.07,1286.6,-233.1199999999999,berlinda,0,0.0,,,,3.0120481927710845,Sem Risco,🟡 Acima sem ação,0.0
VTD0704,Florianopolis-UFSC-apartamento-SUP-1Q,Carteira 4,SC,"Florianópolis, SC","Florianópolis, SC, Trindade",3,138,3573.24,42,3311.18,2025-11,0.7037,0.6012,19,30,226.9,142.0,2,0,2025-11-17,1.08,680.7,-262.05999999999995,berlinda,2,-1.0,3857.24,3773.0908,,11.244979919678714,Sem Risco,🟡 Acima com risco,22.222222222222204
ACO803,Balneario_Camboriu-Centro-apartamento-SUP-2Q,Carteira 6,SC,"Balneário Camboriú, SC","Balneário Camboriú, SC, Centro",3,605,4529.42,74,4378.56,2025-11,0.6667,0.5199,18,30,284.0,164.29,7,0,2025-11-17,1.03,852.0,-150.85999999999967,berlinda,7,-0.0,5679.45,5296.145001,,74.49799196787149,Risco Médio,🟡 Acima com risco,174.99999999999986
MBCAR1203,Goiania-Leste-apartamento-SUP-2Q,Carteira 1_sys-price,GO,"Goiânia, GO","Goiânia, GO, Jardim Goiás",0,296,2973.61,23,2771.82,2025-11,0.4333,0.449,13,30,273.0,273.0,10,30,2025-11-17,1.07,0.0,-201.78999999999996,berlinda,10,-0.0,5703.610000000001,4156.519,,62.048192771084345,Risco Médio,🟡 Acima com risco,124.99999999999989
MHFA0504,Itapema-Canto_Praia-apartamento-SUP-1Q,Carteira 5,SC,"Itapema, SC","Itapema, SC, Centro",0,456,3686.11,10,3496.69,2025-11,0.8667,0.3962,26,30,166.96,177.5,2,0,2025-11-17,1.05,0.0,-189.42000000000007,berlinda,2,-1.0,4041.11,3993.7885,,17.8714859437751,Sem Risco,🟡 Acima com risco,33.33333333333331
SPJ0503,Especial-SPJ-apartamento-TOP-1Q,Carteira 5,SC,"Florianópolis, SC","Florianópolis, SC, Jurerê",0,382,6182.98,16,5903.8,2025-11,0.8667,0.6696,26,30,306.12,202.0,1,0,2025-11-17,1.05,0.0,-279.1799999999994,berlinda,1,-1.0,6384.98,6358.0534,,10.441767068273093,Sem Risco,🟡 Acima com risco,16.666666666666654
STA0305,Gramado-Centro-apartamento-TOP-1Q,Carteira 4,RS,"Gramado, RS","Gramado, RS, Centro",1,78,7923.24,27,7847.91,2025-11,0.8966,0.686,26,30,418.0,,0,0,2025-11-17,1.01,418.0,-75.32999999999993,berlinda,0,0.0,,,,3.0120481927710845,Sem Risco,🟡 Acima sem ação,0.0
WBU2607,Goiania-Central-apartamento-TOP-1Q,Carteira 1_sys-price,GO,"Goiânia, GO","Goiânia, GO, Setor Marista",0,747,2432.32,54,2402.71,2025-11,0.5,0.4607,15,30,199.47,204.17,6,15,2025-11-17,1.01,0.0,-29.610000000000127,berlinda,6,-0.0,3657.34,3044.83,,88.95582329317268,Risco Alto,🟡 Acima com risco,299.9999999999998
RHE201,Bombinhas-Mariscal-casa-JR-2Q,Carteira 6,SC,"Bombinhas, SC","Bombinhas, SC, Morrinhos",2,575,2113.68,16,1968.24,2025-11,0.6071,0.3824,17,30,156.29,100.0,2,0,2025-11-17,1.07,312.58,-145.43999999999983,berlinda,2,-1.0,2313.68,2235.1,,13.052208835341366,Sem Risco,🟡 Acima com risco,24.99999999999998
TCO1014,Porto_Alegre-Centro_Historico-apartamento-SUP-1Q,Carteira 4,RS,"Porto Alegre, RS","Porto Alegre, RS, Centro Histórico",0,572,2139.69,77,2102.22,2025-11,0.6333,0.5111,19,30,143.58,120.67,6,0,2025-11-17,1.02,0.0,-37.470000000000255,berlinda,6,-0.0,2863.71,2598.211866,,78.714859437751,Risco Médio,🟡 Acima com risco,199.99999999999983
NWT0915,Especial-NWT-apartamento-TOP-1Q,Carteira 5,AL,"Maceió, AL","Maceió, AL, Pajuçara",1,221,5068.91,41,4882.8,2025-11,0.6897,0.6137,20,30,293.6,281.0,5,0,2025-11-17,1.04,293.6,-186.10999999999967,berlinda,5,-0.0,6473.91,6037.9385,,53.81526104417671,Risco Médio,🟡 Acima com risco,99.99999999999991
RVN2003,Itapema-Praia_Centro-apartamento-SUP-2Q,Carteira 6,SC,"Itapema, SC","Itapema, SC, Tabuleiro dos Oliveiras",2,331,3117.72,17,2868.65,2025-11,0.8929,0.3979,25,30,158.54,,0,0,2025-11-17,1.09,317.08,-249.0699999999997,berlinda,0,0.0,,,,3.0120481927710845,Sem Risco,🟡 Acima sem ação,0.0
GLA0037,Sao_Paulo-Pompeia-apartamento-SUP-1Q,Carteira 4,SP,"São Paulo, SP","São Paulo, SP, Perdizes",0,58,3259.83,71,3052.11,2025-11,0.6,0.4722,18,30,197.82,193.0,2,0,2025-11-17,1.07,0.0,-207.7199999999998,berlinda,2,-1.0,3645.83,3491.43,,13.052208835341366,Sem Risco,🟡 Acima com risco,24.99999999999998
NVM0009,Porto_Seguro-Pataxos-apartamento-JR-2Q,Carteira 2,BA,"Porto Seguro, BA","Porto Seguro, BA, Paraíso dos Pataxós",0,201,1797.11,42,1757.91,2025-11,0.3667,0.2825,11,30,190.45,138.2,10,0,2025-11-17,1.02,0.0,-39.19999999999982,berlinda,10,-0.0,3179.1099999999997,2303.8894,,91.36546184738957,Risco Alto,🟡 Acima com risco,333.3333333333331
NWT1006,Especial-NWT-apartamento-TOP-1Q,Carteira 5,AL,"Maceió, AL","Maceió, AL, Pajuçara",0,199,5016.37,41,4882.8,2025-11,0.6667,0.6137,20,30,303.7,280.8,5,0,2025-11-17,1.03,0.0,-133.5699999999997,berlinda,5,-0.0,6420.37,5952.4168,,62.048192771084345,Risco Médio,🟡 Acima com risco,124.99999999999989
SSG0107,Florianopolis-UFSC-apartamento-TOP-1Q,Carteira 4,SC,"Florianópolis, SC","Florianópolis, SC, Córrego Grande",0,758,3850.25,15,3753.83,2025-11,0.8333,0.6156,25,30,299.32,200.0,1,0,2025-11-17,1.03,0.0,-96.42000000000007,berlinda,1,-0.0,4050.25,4016.91,,13.052208835341366,Sem Risco,🟡 Acima com risco,24.99999999999998
TPS212,Florianopolis-Canasvieiras_Meio-apartamento-TOP-1Q,Carteira 1,SC,"Florianópolis, SC","Florianópolis, SC, Canasvieiras",0,1030,4368.21,22,4192.76,2025-11,0.7333,0.6,22,30,250.27,203.33,3,0,2025-11-17,1.04,0.0,-175.44999999999982,berlinda,3,-0.0,4978.2,4815.515667,,31.72690763052209,Risco Baixo,🟡 Acima com risco,59.99999999999994
EKO0008,Camaçari-Itacimirim-apartamento-SUP-2Q,Carteira 2,BA,"Camaçari, BA","Camaçari, BA, Santa Maria",2,71,2954.04,20,2870.28,2025-11,0.5357,0.3063,15,30,247.73,213.56,9,0,2025-11-17,1.03,495.46,-83.75999999999976,berlinda,9,-0.0,4876.08,3983.6768279999997,,82.73092369477911,Risco Alto,🟡 Acima com risco,224.9999999999998
EVA1005,Florianopolis-Centrao-apartamento-JR-1Q,Carteira 4,SC,"Florianópolis, SC","Florianópolis, SC, Centro",6,383,3161.16,71,3047.73,2025-11,0.875,0.5608,21,30,174.0,120.5,2,0,2025-11-17,1.04,1044.0,-113.42999999999984,berlinda,2,-0.0,3402.16,3372.035,,21.084337349397593,Risco Baixo,🟡 Acima com risco,39.999999999999964
JBV265,Especial-JBV-hotel-JR-1Q,Especial,SC,"Florianópolis, SC","Florianópolis, SC, Jurerê",1,1927,9514.15,25,9382.13,2025-11,0.7241,0.6404,21,30,554.9,363.5,2,0,2025-11-17,1.01,554.9,-132.02000000000044,berlinda,2,-0.0,10241.15,10040.5707,,53.81526104417671,Risco Médio,🟡 Acima com risco,99.99999999999991
NWT0923,Especial-NWT-apartamento-TOP-1Q,Carteira 5,AL,"Maceió, AL","Maceió, AL, Pajuçara",1,221,5174.71,41,4882.8,2025-11,0.7241,0.6137,21,30,285.14,280.14,7,0,2025-11-17,1.06,285.14,-291.90999999999985,berlinda,7,-1.0,7135.6900000000005,6594.655618,,50.20080321285141,Risco Médio,🟡 Acima com risco,99.9999999999999
CAG0003,Camaçari-Monte_Gordo-casa-SUP-4Q,Carteira 2,BA,"Camaçari, BA","Camaçari, BA, Guarajuba",7,124,5451.8,11,4987.91,2025-11,0.5217,0.3075,12,30,589.67,460.5,8,0,2025-11-17,1.09,4127.69,-463.8900000000003,berlinda,8,-1.0,9135.8,7373.7428,,44.57831325301205,Risco Baixo,🟡 Acima com risco,79.99999999999993
ILC3208,Especial-ILC-hotel-TOP-1Q,Especial,SC,"Florianópolis, SC","Florianópolis, SC, Jurerê Internacional",0,1458,11611.0,30,11211.84,2025-11,0.6667,0.7268,20,30,739.75,559.0,2,0,2025-11-17,1.04,0.0,-399.15999999999985,berlinda,2,-0.0,12729.0,12356.3706,,21.084337349397593,Risco Baixo,🟡 Acima com risco,39.999999999999964
NWT0803,Especial-NWT-apartamento-TOP-1Q,Carteira 5,AL,"Maceió, AL","Maceió, AL, Pajuçara",0,325,5064.94,41,4882.8,2025-11,0.6667,0.6137,20,30,291.9,291.33,9,0,2025-11-17,1.04,0.0,-182.13999999999942,berlinda,9,-0.0,7686.91,6813.007398999999,,75.30120481927712,Risco Médio,🟡 Acima com risco,179.99999999999983
ONJ2712,Sao_Paulo-Moema-apartamento-SUP-1Q,Carteira 4_sys-price,SP,"São Paulo, SP","São Paulo, SP, Moema",5,267,3901.76,606,3824.94,2025-11,0.76,0.6107,19,30,231.32,,0,0,2025-11-17,1.02,1156.6,-76.82000000000016,berlinda,0,0.0,,,,3.0120481927710845,Sem Risco,🟡 Acima sem ação,0.0
SCO0004,Florianopolis-Campeche-apartamento-JR-1Q,Carteira 1,SC,"Florianópolis, SC","Florianópolis, SC, Campeche",0,207,2332.9,23,2255.51,2025-11,0.5667,0.5609,17,30,176.71,203.17,6,0,2025-11-17,1.03,0.0,-77.38999999999987,berlinda,6,-0.0,3551.92,3023.718634,,68.87550200803213,Risco Médio,🟡 Acima com risco,149.9999999999999
NWT0404,Especial-NWT-apartamento-TOP-1Q,Carteira 5,AL,"Maceió, AL","Maceió, AL, Pajuçara",0,93,5133.15,41,4882.8,2025-11,0.6333,0.6137,19,30,327.05,292.0,7,0,2025-11-17,1.05,0.0,-250.34999999999945,berlinda,7,-0.0,7177.15,6427.615199999999,,59.63855421686747,Risco Médio,🟡 Acima com risco,116.66666666666657
VNVA0801,Itapema-Praia_Centro-apartamento-SUP-2Q,Carteira 6,SC,"Itapema, SC","Itapema, SC, Tabuleiro dos Oliveiras",0,164,3023.29,17,2868.65,2025-11,0.6333,0.3979,19,30,198.63,143.0,8,0,2025-11-17,1.05,0.0,-154.63999999999987,berlinda,8,-1.0,4167.29,3747.7852,,65.06024096385542,Risco Médio,🟡 Acima com risco,133.33333333333323
BLSA1656,Goiania-Central-apartamento-TOP-1Q,Carteira 1_sys-price,GO,"Goiânia, GO","Goiânia, GO, Setor Marista",1,631,2459.6,54,2402.71,2025-11,0.5862,0.4607,17,30,176.0,190.11,9,0,2025-11-17,1.02,176.0,-56.88999999999987,berlinda,9,-0.0,4170.59,3462.582338,,88.95582329317268,Risco Alto,🟡 Acima com risco,299.9999999999998
POR0101,Florianopolis-Ingleses_Norte-apartamento-SUP-4Q,Carteira 1,SC,"Florianópolis, SC","Florianópolis, SC, Ingleses do Rio Vermelho",5,362,6225.1,18,5718.57,2025-11,0.56,0.48,14,30,551.93,543.29,7,0,2025-11-17,1.09,2759.6499999999996,-506.53000000000065,berlinda,7,-0.0,10028.130000000001,8354.7968,,37.55020080321285,Risco Baixo,🟡 Acima com risco,69.99999999999994
SPJ0401,Especial-SPJ-apartamento-TOP-1Q,Carteira 5,SC,"Florianópolis, SC","Florianópolis, SC, Jurerê",0,384,6394.75,16,5903.8,2025-11,0.8333,0.6696,25,30,316.6,227.0,4,0,2025-11-17,1.08,0.0,-490.9499999999998,berlinda,4,-2.0,7302.75,7151.3864,,23.293172690763054,Risco Baixo,🟡 Acima com risco,44.44444444444441
VST023,Especial-VST-casa-TOP-1Q,Carteira 5,SC,"Anitápolis, SC","Anitápolis, SC, Vistas de Anitá",1,793,3825.39,51,3596.78,2025-11,0.5172,0.2412,15,30,288.29,172.0,4,0,2025-11-17,1.06,288.29,-228.60999999999967,berlinda,4,-1.0,4513.389999999999,4181.2236,,30.72289156626506,Risco Baixo,🟡 Acima com risco,57.14285714285709
EAR0401,Florianopolis-Ingleses_Norte-apartamento-TOP-2Q,Carteira 1,SC,"Florianópolis, SC","Florianópolis, SC, Ingleses do Rio Vermelho",0,703,4567.39,15,4438.02,2025-11,0.5,0.5699,15,30,359.33,266.4,5,0,2025-11-17,1.03,0.0,-129.3699999999999,berlinda,5,-0.0,5899.39,5233.39,,62.048192771084345,Risco Médio,🟡 Acima com risco,124.99999999999989
ILC2305,Especial-ILC-hotel-JR-1Q,Especial,SC,"Florianópolis, SC","Florianópolis, SC, Jurerê Internacional",5,568,10760.41,16,10274.6,2025-11,0.8,0.614,20,30,650.45,467.5,4,0,2025-11-17,1.05,3252.25,-485.8099999999995,berlinda,4,-1.0,12630.41,12256.41,,35.34136546184739,Risco Baixo,🟡 Acima com risco,66.66666666666661
SOA0705,Salvador-Boca_do_Rio-apartamento-SUP-1Q,Carteira 2,BA,"Salvador, BA","Salvador, BA, Boca do Rio",0,327,2701.35,34,2612.22,2025-11,0.8333,0.5685,25,30,135.24,178.4,5,0,2025-11-17,1.03,0.0,-89.13000000000011,berlinda,5,-0.0,3593.35,3444.6536,,62.048192771084345,Risco Médio,🟡 Acima com risco,124.99999999999989
CAT0905,Florianopolis-Centrao-apartamento-JR-2Q,Carteira 4,SC,"Florianópolis, SC","Florianópolis, SC, Centro",0,9,2785.0,22,2609.28,2025-11,0.5,0.5306,15,30,274.83,225.78,9,0,2025-11-17,1.07,0.0,-175.7199999999998,berlinda,9,-0.0,4817.02,3801.01,,58.23293172690763,Risco Médio,🟡 Acima com risco,112.4999999999999
VPS111,Guara-Geral-apartamento-JR-1Q,Carteira 1_sys-price,DF,"Brasília, DF","Brasília, DF, Zona Industrial Guará",0,634,3094.12,43,3051.14,2025-11,0.7,0.679,21,30,175.95,170.0,5,4,2025-11-17,1.01,0.0,-42.98000000000002,berlinda,5,-0.0,3944.12,3689.12,,84.73895582329317,Risco Alto,🟡 Acima com risco,249.99999999999977
SHR5231,Florianopolis-Novo_Campeche-apartamento-TOP-3Q,Carteira 1,SC,"Florianópolis, SC","Florianópolis, SC, Campeche",8,109,8279.83,16,7532.49,2025-11,0.8636,0.4787,19,30,551.84,397.0,3,0,2025-11-17,1.1,4414.72,-747.3400000000001,berlinda,3,-1.0,9470.83,9308.3776,,14.859437751004014,Sem Risco,🟡 Acima com risco,27.27272727272725
AYR0202,Florianopolis-Canasvieiras_Perto-apartamento-SUP-2Q,Carteira 1,SC,"Florianópolis, SC","Florianópolis, SC, Canasvieiras",0,297,4879.48,20,4783.52,2025-11,0.6333,0.569,19,30,316.0,307.14,7,0,2025-11-17,1.02,0.0,-95.95999999999913,berlinda,7,-0.0,7029.459999999999,6241.062333999999,,83.33333333333334,Risco Alto,🟡 Acima com risco,233.33333333333314
CNB012,Especial-CNB-casa-TOP-1Q,Especial,SP,"Campos do Jordão, SP","Campos do Jordão, SP, Jardim Europa",0,591,5756.76,16,5403.48,2025-11,0.2667,0.543,8,30,896.63,563.5,10,3,2025-11-17,1.07,0.0,-353.28000000000065,berlinda,10,-0.0,11391.76,7259.6145,,62.048192771084345,Risco Médio,🟡 Acima com risco,124.99999999999989
MHF1507,Itapema-Canto_Praia-apartamento-TOP-1Q,Carteira 5,SC,"Itapema, SC","Itapema, SC, Centro",0,207,3591.79,17,3496.4,2025-11,0.7,0.5558,21,30,223.19,223.0,5,0,2025-11-17,1.03,0.0,-95.38999999999987,berlinda,5,-0.0,4706.79,4372.29,,62.048192771084345,Risco Médio,🟡 Acima com risco,124.99999999999989
LIV1006,Salvador-Graca-apartamento-TOP-1Q,Especial,BA,"Salvador, BA","Salvador, BA, Vitória",9,110,3589.29,15,3581.56,2025-11,0.9048,0.6352,19,30,291.89,206.0,2,0,2025-11-17,1.0,2627.0099999999998,-7.730000000000018,berlinda,2,-0.0,4001.29,3962.0676,,78.714859437751,Risco Médio,🟡 Acima com risco,199.99999999999983
GTR0301,Balneario_Camboriu-Intermediario-apartamento-TOP-3Q,Carteira 6,SC,"Balneário Camboriú, SC","Balneário Camboriú, SC, Centro",8,72,5923.16,26,5948.78,2025-11,0.9091,0.5745,20,30,384.3,170.0,1,0,2025-11-17,1.0,3074.4,25.61999999999989,berlinda,1,1.0,6093.16,6077.706999999999,,53.81526104417671,Risco Médio,🟡 Acima com risco,99.99999999999991
ISM0806,Sao_Paulo-Moema-apartamento-SUP-1Q,Carteira 4_sys-price,SP,"São Paulo, SP","São Paulo, SP, Indianópolis",1,271,3952.82,606,3824.94,2025-11,0.7586,0.6107,22,30,222.05,167.67,3,0,2025-11-17,1.03,222.05,-127.88000000000011,berlinda,3,-0.0,4455.83,4334.403386,,40.76305220883534,Risco Baixo,🟡 Acima com risco,74.99999999999994
JAT0355,Bombinhas-Mariscal-casa-SUP-4Q,Carteira 6,SC,"Bombinhas, SC","Bombinhas, SC, Canto Grande",11,604,5614.95,15,5450.2,2025-11,0.6842,0.4162,13,30,562.54,402.0,6,0,2025-11-17,1.03,6187.94,-164.75,berlinda,6,-0.0,8026.95,7265.2404,,68.87550200803213,Risco Médio,🟡 Acima com risco,149.9999999999999
NWT0315,Especial-NWT-apartamento-TOP-1Q,Carteira 5,AL,"Maceió, AL","Maceió, AL, Pajuçara",0,186,5190.29,41,4882.8,2025-11,0.7,0.6137,21,30,294.19,285.83,6,0,2025-11-17,1.06,0.0,-307.4899999999998,berlinda,6,-1.0,6905.27,6390.776,,48.19277108433735,Risco Baixo,🟡 Acima com risco,85.71428571428564
NWT0419,Especial-NWT-apartamento-TOP-1Q,Carteira 5,AL,"Maceió, AL","Maceió, AL, Pajuçara",0,309,5093.1,41,4882.8,2025-11,0.4667,0.6137,14,30,421.35,307.5,8,0,2025-11-17,1.04,0.0,-210.30000000000018,berlinda,8,-0.0,7553.1,6241.182000000001,,71.08433734939759,Risco Médio,🟡 Acima com risco,159.99999999999986
RGF1406,Salvador-Flamengo-apartamento-TOP-1Q,Carteira 2,BA,"Salvador, BA","Salvador, BA, Itapuã",0,131,2816.15,32,2811.48,2025-11,0.6333,0.5655,19,30,168.58,161.29,7,0,2025-11-17,1.0,0.0,-4.670000000000073,berlinda,7,-0.0,3945.1800000000003,3531.164699,,99.79919678714859,Risco Alto,🟡 Acima com risco,699.9999999999994
DLH0103,Gramado-Centro-apartamento-TOP-2Q,Carteira 4,RS,"Gramado, RS","Gramado, RS, Centro",0,407,12122.14,55,11072.1,2025-11,0.7,0.7122,21,30,681.43,342.0,1,0,2025-11-17,1.09,0.0,-1050.039999999999,berlinda,1,-3.0,12464.14,12361.539999999999,,7.429718875502007,Sem Risco,🟡 Acima com risco,9.999999999999991
BOU0101,Florianopolis-Canasvieiras_Meio-apartamento-JR-1Q,Carteira 1,SC,"Florianópolis, SC","Florianópolis, SC, Canasvieiras",1,444,1965.14,33,1927.04,2025-11,0.6207,0.4911,18,30,172.22,134.11,9,0,2025-11-17,1.02,172.22,-38.100000000000136,berlinda,9,-0.0,3172.13,2714.318693,,88.95582329317268,Risco Alto,🟡 Acima com risco,299.9999999999998
ETL2702,Balneario_Camboriu-Norte-apartamento-MASTER-4Q,Carteira 6,SC,"Balneário Camboriú, SC","Balneário Camboriú, SC, Pioneiros",8,334,14167.07,17,13138.88,2025-11,0.9091,0.4503,20,30,990.3,1500.0,1,3,2025-11-17,1.08,7922.4,-1028.1900000000005,berlinda,1,-0.0,15667.07,15530.72,,9.236947791164658,Sem Risco,🟡 Acima com risco,11.111111111111102
GDP0010,Brasilia-Asa_Sul-apartamento-JR-1Q,Carteira 1_sys-price,DF,"Brasília, DF","Brasília, DF, Asa Sul",0,190,3322.83,228,3251.63,2025-11,0.6333,0.7266,19,30,206.16,170.0,5,0,2025-11-17,1.02,0.0,-71.19999999999982,berlinda,5,-0.0,4172.83,3861.135,,72.89156626506023,Risco Médio,🟡 Acima com risco,166.66666666666654
JCS0004,Penha-Longe-casa-SUP-1Q,Carteira 6,SC,"Penha, SC","Penha, SC, Armação",0,326,2785.96,60,2590.55,2025-11,0.7667,0.4811,23,30,172.17,100.0,1,0,2025-11-17,1.08,0.0,-195.40999999999985,berlinda,1,-1.0,2885.96,2862.63,,9.236947791164658,Sem Risco,🟡 Acima com risco,11.111111111111102
MHF0508,Itapema-Canto_Praia-apartamento-TOP-2Q,Carteira 5,SC,"Itapema, SC","Itapema, SC, Centro",3,388,3634.5,21,3382.04,2025-11,0.6296,0.3353,17,30,241.0,293.14,7,0,2025-11-17,1.07,723.0,-252.46000000000004,berlinda,7,-0.0,5686.48,4926.426608,,48.99598393574297,Risco Baixo,🟡 Acima com risco,87.49999999999993
SKL0905,Penha-Praia-apartamento-SUP-2Q,Carteira 6,SC,"Penha, SC","Penha, SC, Armação",0,52,4347.82,51,4068.18,2025-11,0.8,0.4896,24,30,224.5,170.0,2,0,2025-11-17,1.07,0.0,-279.6399999999999,berlinda,2,-1.0,4687.82,4619.82,,13.052208835341366,Sem Risco,🟡 Acima com risco,24.99999999999998
SPJ0302,Especial-SPJ-apartamento-TOP-1Q,Carteira 5,SC,"Florianópolis, SC","Florianópolis, SC, Jurerê",2,518,5959.34,16,5903.8,2025-11,0.8214,0.6696,23,30,324.79,,0,0,2025-11-17,1.01,649.58,-55.539999999999964,berlinda,0,0.0,,,,3.0120481927710845,Sem Risco,🟡 Acima sem ação,0.0
RJI0046,Ubatuba-Itagua-apartamento-JR-2Q,Carteira 4,SP,"Ubatuba, SP","Ubatuba, SP, Itaguá",1,375,3238.72,140,3040.92,2025-11,0.6207,0.4832,18,30,205.56,167.67,3,0,2025-11-17,1.07,205.56,-197.79999999999973,berlinda,3,-1.0,3741.7299999999996,3550.938307,,19.67871485943775,Sem Risco,🟡 Acima com risco,37.49999999999997
LIV0907,Salvador-Graca-apartamento-TOP-1Q,Especial,BA,"Salvador, BA","Salvador, BA, Vitória",3,120,3881.97,15,3581.56,2025-11,0.7037,0.6352,19,30,248.86,215.67,6,0,2025-11-17,1.08,746.58,-300.40999999999985,berlinda,6,-1.0,5175.99,4792.571873999999,,35.34136546184739,Risco Baixo,🟡 Acima com risco,66.66666666666661
CFA0508,Florianopolis-Centrao-apartamento-JR-1Q,Carteira 4,SC,"Florianópolis, SC","Florianópolis, SC, Centro",0,50,3044.17,71,3047.73,2025-11,0.7667,0.5608,23,30,171.17,137.71,7,0,2025-11-17,1.0,0.0,3.5599999999999454,berlinda,7,1.0,4008.1400000000003,3783.2457990000003,,99.79919678714859,Risco Alto,🟡 Acima com risco,699.9999999999994
NWT0418,Especial-NWT-apartamento-TOP-1Q,Carteira 5,AL,"Maceió, AL","Maceió, AL, Pajuçara",0,310,5335.01,41,4882.8,2025-11,0.6333,0.6137,19,30,362.63,306.67,6,0,2025-11-17,1.09,0.0,-452.21000000000004,berlinda,6,-1.0,7175.030000000001,6500.294666,,31.72690763052209,Risco Baixo,🟡 Acima com risco,59.99999999999994
RFA303,Porto_Alegre-Santana-apartamento-SUP-1Q,Carteira 4,RS,"Porto Alegre, RS","Porto Alegre, RS, Santo Antônio",0,423,2134.77,73,1976.67,2025-11,0.6,0.4413,18,30,144.33,135.33,6,0,2025-11-17,1.08,0.0,-158.0999999999999,berlinda,6,-1.0,2946.75,2621.958,,35.34136546184739,Risco Baixo,🟡 Acima com risco,66.66666666666661
DLH0205,Gramado-Centro-apartamento-TOP-2Q,Carteira 4,RS,"Gramado, RS","Gramado, RS, Centro",0,400,11224.98,55,11072.1,2025-11,0.7,0.7122,21,30,653.14,385.0,5,0,2025-11-17,1.01,0.0,-152.8799999999992,berlinda,5,-0.0,13149.98,12572.48,,84.73895582329317,Risco Alto,🟡 Acima com risco,249.99999999999977
JBV155,Especial-JBV-hotel-JR-1Q,Especial,SC,"Florianópolis, SC","Florianópolis, SC, Jurerê",0,274,9736.01,25,9382.13,2025-11,0.7333,0.6404,22,30,543.91,578.25,4,0,2025-11-17,1.04,0.0,-353.880000000001,berlinda,4,-0.0,12049.01,11432.1329,,44.57831325301205,Risco Baixo,🟡 Acima com risco,79.99999999999993
NWT0612,Especial-NWT-apartamento-TOP-1Q,Carteira 5,AL,"Maceió, AL","Maceió, AL, Pajuçara",1,215,5004.31,41,4882.8,2025-11,0.7241,0.6137,21,30,293.76,251.0,6,0,2025-11-17,1.02,293.76,-121.51000000000022,berlinda,6,-0.0,6510.31,6094.8046,,78.714859437751,Risco Médio,🟡 Acima com risco,199.99999999999983
UPP0513,Curitiba-Centro-apartamento-JR-1Q,Carteira 4,PR,"Curitiba, PR","Curitiba, PR, Alto da XV",0,26,2402.57,286,2306.12,2025-11,0.6667,0.612,20,30,135.0,130.0,5,0,2025-11-17,1.04,0.0,-96.45000000000027,berlinda,5,-0.0,3052.57,2835.925,,53.81526104417671,Risco Médio,🟡 Acima com risco,99.99999999999991
SSG0320,Florianopolis-UFSC-apartamento-TOP-1Q,Carteira 4,SC,"Florianópolis, SC","Florianópolis, SC, Córrego Grande",1,442,4085.46,15,3753.83,2025-11,0.8621,0.6156,25,30,198.12,178.0,1,0,2025-11-17,1.09,198.12,-331.6300000000001,berlinda,1,-1.0,4263.46,4238.9138,,7.429718875502007,Sem Risco,🟡 Acima com risco,9.999999999999991
OLN1702,Sao_Paulo-Mariana-apartamento-SUP-1Q,Carteira 4,SP,"São Paulo, SP","São Paulo, SP, Vila Clementino",2,199,3458.86,180,3381.31,2025-11,0.75,0.5989,21,30,204.33,169.67,3,0,2025-11-17,1.02,408.66,-77.55000000000018,berlinda,3,-0.0,3967.87,3840.6175000000003,,53.81526104417671,Risco Médio,🟡 Acima com risco,99.99999999999991
VST035,Especial-VST-casa-TOP-1Q,Carteira 5,SC,"Anitápolis, SC",VST036,1,66,3820.87,51,3596.78,2025-11,0.6207,0.2412,18,30,288.94,187.5,4,0,2025-11-17,1.06,288.94,-224.0899999999997,berlinda,4,-1.0,4570.87,4286.3949999999995,,30.72289156626506,Risco Baixo,🟡 Acima com risco,57.14285714285709
BPM0909,Salvador-Barra-apartamento-SUP-1Q,Carteira 2,BA,"Salvador, BA","Salvador, BA, Barra",0,12,3794.8,206,3756.26,2025-11,0.7667,0.6252,23,30,198.65,188.29,7,0,2025-11-17,1.01,0.0,-38.539999999999964,berlinda,7,-0.0,5112.83,4805.333601,,92.3694779116466,Risco Alto,🟡 Acima com risco,349.9999999999997
DMS0304,Gramado-Centro-apartamento-TOP-2Q,Carteira 4,RS,"Gramado, RS","Gramado, RS, Bairro Belverede",1,260,11226.13,55,11072.1,2025-11,0.7586,0.7122,22,30,679.77,346.0,4,0,2025-11-17,1.01,679.77,-154.02999999999884,berlinda,4,-0.0,12610.13,12276.0324,,78.714859437751,Risco Médio,🟡 Acima com risco,199.99999999999983
NWT0918,Especial-NWT-apartamento-TOP-1Q,Carteira 5,AL,"Maceió, AL","Maceió, AL, Pajuçara",0,219,5135.98,41,4882.8,2025-11,0.7333,0.6137,22,30,278.32,343.17,6,0,2025-11-17,1.05,0.0,-253.17999999999938,berlinda,6,-0.0,7195.0,6645.859366,,53.81526104417671,Risco Médio,🟡 Acima com risco,99.99999999999991
MOL0502,Sao_Paulo-Liberdade-apartamento-SUP-1Q,Carteira 4,SP,"São Paulo, SP","São Paulo, SP, Liberdade",2,439,3487.27,84,3219.38,2025-11,0.6786,0.6281,19,30,217.68,165.2,5,0,2025-11-17,1.08,435.36,-267.8899999999999,berlinda,5,-1.0,4313.27,4047.7936,,29.919678714859437,Risco Baixo,🟡 Acima com risco,55.55555555555551
OBP0301,Penha-Beto_Carrero-apartamento-MASTER-2Q,Carteira 3,SC,"Penha, SC","Penha, SC, Armação",0,401,5674.77,26,5172.87,2025-11,0.7,0.3543,21,30,328.1,382.5,4,0,2025-11-17,1.1,0.0,-501.90000000000055,berlinda,4,-1.0,7204.77,6745.77,,18.87550200803213,Sem Risco,🟡 Acima com risco,36.36363636363633
JBV276,Especial-JBV-hotel-JR-1Q,Especial,SC,"Florianópolis, SC","Florianópolis, SC, Jurerê",0,1065,10241.82,25,9382.13,2025-11,0.7,0.6404,21,30,676.24,574.5,4,0,2025-11-17,1.09,0.0,-859.6900000000005,berlinda,4,-1.0,12539.82,11850.42,,21.084337349397593,Risco Baixo,🟡 Acima com risco,39.999999999999964
MNDA0217,Cabo_Frio-Centro-apartamento-SUP-1Q,Carteira 4,RJ,"Cabo Frio, RJ","Cabo Frio, RJ, Braga",1,68,3769.05,51,3428.27,2025-11,0.6897,0.625,20,30,235.47,160.83,6,0,2025-11-17,1.1,235.47,-340.7800000000002,berlinda,6,-2.0,4734.030000000001,4434.596706,,28.915662650602407,Risco Baixo,🟡 Acima com risco,54.5454545454545
SFR0511,Bombinhas-Centro-apartamento-SUP-1Q,Carteira 6,SC,"Bombinhas, SC","Bombinhas, SC, Centro",0,37,3804.25,35,3520.7,2025-11,0.8333,0.5944,25,30,188.84,198.25,4,0,2025-11-17,1.08,0.0,-283.5500000000002,berlinda,4,-1.0,4597.25,4465.0569,,23.293172690763054,Risco Baixo,🟡 Acima com risco,44.44444444444441
ECH113,Florianopolis-Centrao-apartamento-TOP-1Q,Carteira 4,SC,"Florianópolis, SC","Florianópolis, SC, Centro",0,638,4919.95,29,4506.98,2025-11,0.8,0.492,24,30,311.25,219.0,5,0,2025-11-17,1.09,0.0,-412.97000000000025,berlinda,5,-1.0,6014.95,5795.95,,26.104417670682732,Risco Baixo,🟡 Acima com risco,49.99999999999996
EHI0401,Itajai-Praia_Brava-apartamento-MASTER-2Q,Carteira 6,SC,"Itajaí, SC","Itajaí, SC, Praia Brava",8,317,6341.12,14,6330.5,2025-11,0.8182,0.6243,18,30,417.89,215.0,3,0,2025-11-17,1.0,3343.12,-10.61999999999989,berlinda,3,-0.0,6986.12,6868.859,,88.95582329317268,Risco Alto,🟡 Acima com risco,299.9999999999998
HMO0410,Sao_Paulo-Butanta-apartamento-SUP-1Q,Carteira 4,SP,"São Paulo, SP","São Paulo, SP, Butantã",0,428,3935.48,30,3880.29,2025-11,0.6,0.6499,18,30,211.14,209.0,5,0,2025-11-17,1.01,0.0,-55.190000000000055,berlinda,5,-0.0,4980.48,4562.48,,84.73895582329317,Risco Alto,🟡 Acima com risco,249.99999999999977
GBA908,Sao_Paulo-Campo_Belo-apartamento-SUP-1Q,Carteira 4_sys-price,SP,"São Paulo, SP","São Paulo, SP, Campo Belo",0,172,3463.97,64,3477.09,2025-11,0.7,0.7088,21,30,187.9,147.5,6,0,2025-11-17,1.0,0.0,13.120000000000346,berlinda,6,1.0,4348.969999999999,4083.47,,97.99196787148594,Risco Alto,🟡 Acima com risco,599.9999999999995
ILC1313,Especial-ILC-hotel-JR-1Q,Especial,SC,"Florianópolis, SC","Florianópolis, SC, Jurerê Internacional",0,1628,10604.9,16,10274.6,2025-11,0.7667,0.614,23,30,581.09,521.67,3,0,2025-11-17,1.03,0.0,-330.2999999999993,berlinda,3,-0.0,12169.91,11804.793167,,40.76305220883534,Risco Baixo,🟡 Acima com risco,74.99999999999994
LOF1405,Sao_Paulo-Pinheiros-apartamento-SUP-1Q,Carteira 4,SP,"São Paulo, SP","São Paulo, SP, Pinheiros",0,166,4723.86,422,4414.9,2025-11,0.8333,0.6522,25,30,239.12,174.67,3,0,2025-11-17,1.07,0.0,-308.96000000000004,berlinda,3,-1.0,5247.87,5160.517532999999,,19.67871485943775,Sem Risco,🟡 Acima com risco,37.49999999999997
ONP2021,Sao_Paulo-Bela_Vista-apartamento-SUP-1Q,Carteira 4,SP,"São Paulo, SP","São Paulo, SP, Paraíso",5,170,3839.81,604,3844.97,2025-11,0.88,0.6616,22,30,207.73,150.0,3,0,2025-11-17,1.0,1038.6499999999999,5.1599999999998545,berlinda,3,1.0,4289.8099999999995,4235.8099999999995,,88.95582329317268,Risco Alto,🟡 Acima com risco,299.9999999999998
RTQ0009,Mata_de_Sao_Joao-Praia_Imbassai-casa-SUP-2Q,Carteira 2,BA,"Mata de São João, BA","Mata de São João, BA, Imbassaí",24,165,2744.52,14,2715.37,2025-11,1.0,0.4061,6,30,561.0,,0,24,2025-11-17,1.01,13464.0,-29.15000000000009,berlinda,0,0.0,,,,3.0120481927710845,Sem Risco,🟡 Acima sem ação,0.0
ACE0201,Florianopolis-Canasvieiras_Meio-apartamento-JR-2Q,Carteira 1,SC,"Florianópolis, SC","Florianópolis, SC, Canasvieiras",0,732,3065.62,21,2868.75,2025-11,0.5,0.3803,15,30,277.27,196.2,5,0,2025-11-17,1.07,0.0,-196.8699999999999,berlinda,5,-1.0,4046.62,3556.12,,32.53012048192771,Risco Baixo,🟡 Acima com risco,62.49999999999994
CCS0205,Florianopolis-Campeche_Praia-apartamento-TOP-1Q,Carteira 1,SC,"Florianópolis, SC","Florianópolis, SC, Campeche",1,617,4434.86,12,4440.91,2025-11,0.8276,0.6306,24,30,214.21,193.67,3,0,2025-11-17,1.0,214.21,6.050000000000182,berlinda,3,1.0,5015.87,4915.703876,,88.95582329317268,Risco Alto,🟡 Acima com risco,299.9999999999998
DLH0105,Gramado-Centro-apartamento-TOP-2Q,Carteira 4,RS,"Gramado, RS","Gramado, RS, Centro",2,451,11047.08,55,11072.1,2025-11,0.8214,0.7122,23,30,606.22,302.0,1,0,2025-11-17,1.0,1212.44,25.020000000000437,berlinda,1,1.0,11349.08,11295.1428,,53.81526104417671,Risco Médio,🟡 Acima com risco,99.99999999999991
MHFB0605,Itapema-Canto_Praia-apartamento-SUP-1Q,Carteira 5,SC,"Itapema, SC","Itapema, SC, Centro",0,374,3529.09,10,3496.69,2025-11,0.7667,0.3962,23,30,212.9,247.57,7,0,2025-11-17,1.01,0.0,-32.40000000000009,berlinda,7,-0.0,5262.08,4857.773433,,92.3694779116466,Risco Alto,🟡 Acima com risco,349.9999999999997
PAI0303,Salvador-Barra-apartamento-JR-1Q,Carteira 2,BA,"Salvador, BA","Salvador, BA, Barra",0,345,3367.41,119,3062.17,2025-11,0.8,0.6382,24,30,153.67,132.0,6,0,2025-11-17,1.1,0.0,-305.2399999999998,berlinda,6,-2.0,4159.41,4001.01,,28.915662650602407,Risco Baixo,🟡 Acima com risco,54.5454545454545
TXP1905,Goiania-Central-apartamento-SUP-1Q,Carteira 1_sys-price,GO,"Goiânia, GO","Goiânia, GO, Setor Bueno",2,753,2372.68,150,2169.41,2025-11,0.6429,0.4376,18,30,163.44,163.14,7,0,2025-11-17,1.09,326.88,-203.26999999999998,berlinda,7,-1.0,3514.66,3106.858942,,37.55020080321285,Risco Baixo,🟡 Acima com risco,69.99999999999994
BLSA1956,Goiania-Central-apartamento-SUP-1Q,Carteira 1_sys-price,GO,"Goiânia, GO","Goiânia, GO, Setor Marista",0,15,2232.81,150,2169.41,2025-11,0.6333,0.4376,19,30,151.0,140.63,8,0,2025-11-17,1.03,0.0,-63.40000000000009,berlinda,8,-0.0,3357.85,2945.2978319999997,,78.714859437751,Risco Médio,🟡 Acima com risco,199.99999999999983
JBV465,Especial-JBV-hotel-JR-1Q,Especial,SC,"Florianópolis, SC","Florianópolis, SC, Jurerê",0,1842,9977.22,25,9382.13,2025-11,0.7667,0.6404,23,30,549.7,564.33,6,0,2025-11-17,1.06,0.0,-595.0900000000001,berlinda,6,-1.0,13363.2,12573.250865999998,,48.19277108433735,Risco Baixo,🟡 Acima com risco,85.71428571428564
OKA101,Florianopolis-Campeche-apartamento-SUP-1Q,Carteira 1,SC,"Florianópolis, SC","Florianópolis, SC, Campeche",0,1053,2795.01,30,2674.73,2025-11,0.4667,0.626,14,30,257.14,226.38,8,0,2025-11-17,1.04,0.0,-120.2800000000002,berlinda,8,-0.0,4606.05,3640.222368,,71.08433734939759,Risco Médio,🟡 Acima com risco,159.99999999999986
EJO0402,Florianopolis-Centrao-apartamento-JR-1Q,Carteira 4,SC,"Florianópolis, SC","Florianópolis, SC, Centro",0,394,3284.6,71,3047.73,2025-11,0.7,0.5608,21,30,193.95,142.71,7,0,2025-11-17,1.08,0.0,-236.8699999999999,berlinda,7,-1.0,4283.57,3983.879,,42.77108433734939,Risco Baixo,🟡 Acima com risco,77.77777777777771
ILC2106,Especial-ILC-hotel-JR-1Q,Especial,SC,"Florianópolis, SC","Florianópolis, SC, Jurerê Internacional",0,1864,11198.37,16,10274.6,2025-11,0.7667,0.614,23,30,661.52,810.0,1,0,2025-11-17,1.09,0.0,-923.7700000000004,berlinda,1,-1.0,12008.37,11819.397,,7.429718875502007,Sem Risco,🟡 Acima com risco,9.999999999999991
JBV157,Especial-JBV-hotel-TOP-1Q,Especial,SC,"Florianópolis, SC","Florianópolis, SC, Jurerê",0,1121,11884.43,34,11132.4,2025-11,0.8,0.6934,24,30,619.0,712.5,2,0,2025-11-17,1.07,0.0,-752.0300000000007,berlinda,2,-1.0,13309.43,13024.43,,13.052208835341366,Sem Risco,🟡 Acima com risco,24.99999999999998
NWT0615,Especial-NWT-apartamento-TOP-1Q,Carteira 5,AL,"Maceió, AL","Maceió, AL, Pajuçara",1,211,5342.99,41,4882.8,2025-11,0.7241,0.6137,21,30,312.14,250.0,2,0,2025-11-17,1.09,312.14,-460.1899999999996,berlinda,2,-1.0,5842.99,5705.04,,10.843373493975903,Sem Risco,🟡 Acima com risco,19.999999999999982
SIP0709,Salvador-Piata-apartamento-SUP-1Q,Carteira 5,BA,"Salvador, BA","Salvador, BA, Itapuã",5,64,2127.5,23,1950.39,2025-11,0.68,0.5436,17,30,146.12,172.2,5,0,2025-11-17,1.09,730.6,-177.1099999999999,berlinda,5,-1.0,2988.5,2712.98,,26.104417670682732,Risco Baixo,🟡 Acima com risco,49.99999999999996
NWT0714,Especial-NWT-apartamento-TOP-1Q,Carteira 5,AL,"Maceió, AL","Maceió, AL, Pajuçara",0,186,4944.25,41,4882.8,2025-11,0.6333,0.6137,19,30,327.58,,0,0,2025-11-17,1.01,0.0,-61.44999999999982,berlinda,0,0.0,,,,3.0120481927710845,Sem Risco,🟡 Acima sem ação,0.0
NWT0812,Especial-NWT-apartamento-TOP-1Q,Carteira 5,AL,"Maceió, AL","Maceió, AL, Pajuçara",0,186,4911.88,41,4882.8,2025-11,0.6,0.6137,18,30,325.94,280.0,3,0,2025-11-17,1.01,0.0,-29.079999999999927,berlinda,3,-0.0,5751.88,5415.88,,68.87550200803213,Risco Médio,🟡 Acima com risco,149.9999999999999
VLPF0103,Mata_de_Sao_Joao-Praia_do_Forte_Longe-apartamento-SUP-2Q,Carteira 2,BA,"Mata de São João, BA","Mata de São João, BA, Centro",4,100,4005.18,107,3800.54,2025-11,0.5385,0.3698,14,30,339.64,256.86,7,0,2025-11-17,1.05,1358.56,-204.63999999999987,berlinda,7,-0.0,5803.2,4973.41377,,59.63855421686747,Risco Médio,🟡 Acima com risco,116.66666666666657
AAR0101,Florianopolis-Campeche_Praia-apartamento-JR-1Q,Carteira 1,SC,"Florianópolis, SC","Florianópolis, SC, Campeche",1,134,1863.88,14,1735.79,2025-11,0.4828,0.5318,14,30,164.29,169.83,6,0,2025-11-17,1.07,164.29,-128.09000000000015,berlinda,6,-0.0,2882.86,2355.8435440000003,,40.76305220883534,Risco Baixo,🟡 Acima com risco,74.99999999999994
PGO209,Pocos_de_Caldas-Geral-apartamento-SUP-1Q,Carteira 4,MG,"Poços de Caldas, MG","Poços de Caldas, MG, São Benedito",3,808,1617.48,32,1503.42,2025-11,0.4074,0.3568,11,30,164.0,120.0,8,0,2025-11-17,1.08,492.0,-114.05999999999995,berlinda,8,-0.0,2577.48,2008.584,,49.39759036144578,Risco Baixo,🟡 Acima com risco,88.88888888888881
EVA704,Florianopolis-Centrao-apartamento-SUP-1Q,Carteira 4,SC,"Florianópolis, SC","Florianópolis, SC, Centro",0,648,3599.35,125,3496.05,2025-11,0.7333,0.5003,22,30,182.14,172.0,6,0,2025-11-17,1.03,0.0,-103.29999999999973,berlinda,6,-0.0,4631.35,4356.1156,,68.87550200803213,Risco Médio,🟡 Acima com risco,149.9999999999999
IAB109,Camaçari-Itacimirim-apartamento-SUP-2Q,Carteira 2,BA,"Camaçari, BA","Camaçari, BA, Itacimirim",1,641,2997.37,20,2870.28,2025-11,0.2414,0.3063,7,30,500.0,500.0,11,30,2025-11-17,1.04,500.0,-127.08999999999969,berlinda,11,-0.0,8497.369999999999,4325.07,,82.1285140562249,Risco Alto,🟡 Acima com risco,219.9999999999998
JBV142,Especial-JBV-hotel-TOP-1Q,Especial,SC,"Florianópolis, SC","Florianópolis, SC, Jurerê",0,1580,11130.1,34,11132.4,2025-11,0.7333,0.6934,22,30,680.45,779.5,4,0,2025-11-17,1.0,0.0,2.2999999999992724,berlinda,4,1.0,14248.1,13416.5294,,93.97590361445783,Risco Alto,🟡 Acima com risco,399.99999999999966
RBF142,Florianopolis-Estreito-casa-JR-2Q,Carteira 4,SC,"Florianópolis, SC","Florianópolis, SC, Capoeiras",0,752,2877.85,14,2625.26,2025-11,0.6,0.4641,18,30,178.67,156.8,10,0,2025-11-17,1.1,0.0,-252.5899999999997,berlinda,10,-1.0,4445.85,3818.65,,49.79919678714859,Risco Baixo,🟡 Acima com risco,90.90909090909082
RGF1201,Salvador-Flamengo-apartamento-TOP-1Q,Carteira 2,BA,"Salvador, BA","Salvador, BA, Itapuã",2,190,2986.23,32,2811.48,2025-11,0.6786,0.5655,19,30,173.5,178.5,2,0,2025-11-17,1.06,347.0,-174.75,berlinda,2,-0.0,3343.23,3228.4902,,15.863453815261044,Sem Risco,🟡 Acima com risco,28.571428571428545
JBM302,Florianopolis-Jurere_Tradicional-apartamento-SUP-1Q,Carteira 1,SC,"Florianópolis, SC","Florianópolis, SC, Jurerê",0,1971,7174.73,18,6818.83,2025-11,0.8,0.6969,24,30,378.63,331.2,5,0,2025-11-17,1.05,0.0,-355.89999999999964,berlinda,5,-1.0,8830.73,8499.529999999999,,47.18875502008032,Risco Baixo,🟡 Acima com risco,83.33333333333327
VLA,Florianopolis-Santinho-apartamento-SUP-2Q,Carteira 1,SC,"Florianópolis, SC","Florianópolis, SC, Ingleses do Rio Vermelho",0,285,3758.74,11,3702.24,2025-11,0.4667,0.4593,14,30,391.29,175.0,9,0,2025-11-17,1.02,0.0,-56.5,berlinda,9,-0.0,5333.74,4493.7925,,88.95582329317268,Risco Alto,🟡 Acima com risco,299.9999999999998
PSO0808,Penha-Beto_Carrero-apartamento-SUP-1Q,Carteira 3,SC,"Penha, SC","Penha, SC, Praia de Armação do Itapocoroi",0,116,2270.64,17,2238.48,2025-11,0.4,0.4378,12,30,221.33,139.2,10,0,2025-11-17,1.01,0.0,-32.159999999999854,berlinda,10,-0.0,3662.64,2827.4399999999996,,95.78313253012048,Risco Alto,🟡 Acima com risco,499.99999999999955
RMC203,Florianopolis-Estreito-apartamento-JR-1Q,Carteira 4,SC,"Florianópolis, SC","Florianópolis, SC, Capoeiras",2,842,2298.49,12,2199.55,2025-11,0.7143,0.5347,20,30,131.75,115.43,7,0,2025-11-17,1.04,263.5,-98.9399999999996,berlinda,7,-0.0,3106.5,2875.651543,,66.86746987951807,Risco Médio,🟡 Acima com risco,139.9999999999999
YVD1301,Balneario_Camboriu-Intermediario-apartamento-SUP-3Q,Carteira 6,SC,"Balneário Camboriú, SC","Balneário Camboriú, SC, Centro",5,640,4207.46,47,4087.65,2025-11,0.68,0.4662,17,30,307.88,225.4,5,0,2025-11-17,1.03,1539.4,-119.80999999999995,berlinda,5,-0.0,5334.46,4973.82,,62.048192771084345,Risco Médio,🟡 Acima com risco,124.99999999999989
MGI025,Porto_Seguro-Pitinga-casa-SUP-2Q,Carteira 2,BA,"Porto Seguro, BA","Porto Seguro, BA, Arraial DAjuda",2,207,4471.46,13,4382.54,2025-11,0.25,0.4246,7,30,642.86,600.0,8,0,2025-11-17,1.02,1285.72,-88.92000000000007,berlinda,8,-0.0,9271.46,5671.46,,86.34538152610442,Risco Alto,🟡 Acima com risco,266.66666666666646
RCI0201,Florianopolis-Ingleses_Norte-apartamento-JR-2Q,Carteira 1,SC,"Florianópolis, SC","Florianópolis, SC, Ingleses do Rio Vermelho",3,331,2975.4,26,2833.62,2025-11,0.6667,0.4384,18,30,220.33,187.0,4,0,2025-11-17,1.05,660.99,-141.7800000000002,berlinda,4,-0.0,3723.4,3474.0916,,35.34136546184739,Risco Baixo,🟡 Acima com risco,66.66666666666661
VLO0504,Florianopolis-Jurere_Longe-apartamento-TOP-2Q,Carteira 1,SC,"Florianópolis, SC","Florianópolis, SC, Jurerê Internacional",5,358,7394.1,16,7417.61,2025-11,0.64,0.6304,16,30,526.12,446.25,4,0,2025-11-17,1.0,2630.6,23.50999999999931,berlinda,4,1.0,9179.1,8536.5,,93.97590361445783,Risco Alto,🟡 Acima com risco,399.99999999999966
VST038,Especial-VST-casa-TOP-1Q,Carteira 5,SC,"Anitápolis, SC","Anitápolis, SC, Rio dos Pinheiros",0,123,3837.85,51,3596.78,2025-11,0.7333,0.2412,22,30,226.5,242.0,2,0,2025-11-17,1.07,0.0,-241.0699999999997,berlinda,2,-0.0,4321.85,4192.7672,,13.052208835341366,Sem Risco,🟡 Acima com risco,24.99999999999998
EDF1707,Salvador-Ondina_Rio_Vermelho-apartamento-SUP-1Q,Carteira 2,BA,"Salvador, BA","Salvador, BA, Rio Vermelho",0,94,3399.08,86,3153.33,2025-11,0.7667,0.615,23,30,183.96,146.2,5,0,2025-11-17,1.08,0.0,-245.75,berlinda,5,-1.0,4130.08,3959.5377,,29.919678714859437,Risco Baixo,🟡 Acima com risco,55.55555555555551
ALT0402,Gramado-Geral-apartamento-TOP-3Q,Carteira 4,RS,"Gramado, RS","Gramado, RS, Tres Pinheiros",6,142,7657.54,17,7441.75,2025-11,0.9167,0.529,22,30,482.18,427.0,2,0,2025-11-17,1.03,2893.08,-215.78999999999996,berlinda,2,-0.0,8511.54,8440.4018,,26.104417670682732,Risco Baixo,🟡 Acima com risco,49.99999999999996
BLI1801,Goiania-Sul-apartamento-TOP-2Q,Carteira 1_sys-price,GO,"Goiânia, GO","Goiânia, GO, Setor Bela Vista",0,361,3694.93,59,3499.81,2025-11,0.5333,0.4066,16,30,317.06,294.67,9,0,2025-11-17,1.06,0.0,-195.1199999999999,berlinda,9,-0.0,6346.96,5109.257599,,64.05622489959839,Risco Médio,🟡 Acima com risco,128.57142857142844
ILC1406,Especial-ILC-hotel-JR-1Q,Especial,SC,"Florianópolis, SC","Florianópolis, SC, Jurerê Internacional",0,1165,10890.74,16,10274.6,2025-11,0.7667,0.614,23,30,701.43,541.8,5,0,2025-11-17,1.06,0.0,-616.1399999999994,berlinda,5,-1.0,13599.74,12967.7303,,38.55421686746988,Risco Baixo,🟡 Acima com risco,71.42857142857136
PRY0003,Porto_Seguro-Pataxos-apartamento-SUP-2Q,Carteira 2,BA,"Porto Seguro, BA","Porto Seguro, BA, Taperapuã",1,43,4142.7,38,3825.79,2025-11,0.7931,0.4272,23,30,218.74,150.0,3,2,2025-11-17,1.08,218.74,-316.90999999999985,berlinda,3,-2.0,4592.7,4499.595,,17.8714859437751,Sem Risco,🟡 Acima com risco,33.33333333333331
EAC404,Balneario_Camboriu-Centro-apartamento-JR-2Q,Carteira 6,SC,"Balneário Camboriú, SC","Balneário Camboriú, SC, Centro",0,733,3317.23,46,3051.03,2025-11,0.5667,0.4638,17,30,194.76,110.0,1,0,2025-11-17,1.09,0.0,-266.1999999999998,berlinda,1,-2.0,3427.23,3379.567,,7.429718875502007,Sem Risco,🟡 Acima com risco,9.999999999999991
EOX0102,Florianopolis-Centrao-apartamento-SUP-2Q,Carteira 4,SC,"Florianópolis, SC","Florianópolis, SC, Centro",0,239,4288.35,44,3947.26,2025-11,0.4667,0.5242,14,30,358.43,266.9,10,0,2025-11-17,1.09,0.0,-341.09000000000015,berlinda,10,-1.0,6957.35,5533.9723,,53.81526104417671,Risco Médio,🟡 Acima com risco,99.99999999999991
JBV344,Especial-JBV-hotel-JR-1Q,Especial,SC,"Florianópolis, SC","Florianópolis, SC, Jurerê",0,1342,9590.15,25,9382.13,2025-11,0.7667,0.6404,23,30,521.08,391.5,2,0,2025-11-17,1.02,0.0,-208.02000000000044,berlinda,2,-0.0,10373.15,10190.4761,,35.34136546184739,Risco Baixo,🟡 Acima com risco,66.66666666666661
SPJ0104,Especial-SPJ-apartamento-TOP-1Q,Carteira 5,SC,"Florianópolis, SC","Florianópolis, SC, Jurerê",1,516,6295.24,16,5903.8,2025-11,0.7586,0.6696,22,30,348.14,,0,0,2025-11-17,1.07,348.14,-391.4399999999996,berlinda,0,0.0,,,,3.0120481927710845,Sem Risco,🟡 Acima sem ação,0.0
ADC105,Florianopolis-Cachoeira_Bom_Jesus-apartamento-TOP-2Q,Carteira 1,SC,"Florianópolis, SC","Florianópolis, SC, Cachoeira do Bom Jesus",6,1083,5911.26,27,5562.4,2025-11,0.625,0.4904,15,30,610.2,350.0,5,0,2025-11-17,1.06,3661.2000000000003,-348.8600000000006,berlinda,5,-0.0,7661.26,7005.01,,38.55421686746988,Risco Baixo,🟡 Acima com risco,71.42857142857136
EPF202,Balneario_Camboriu-Centro-apartamento-JR-2Q,Carteira 6,SC,"Balneário Camboriú, SC","Balneário Camboriú, SC, Centro",0,864,3342.48,46,3051.03,2025-11,0.8667,0.4638,26,30,150.85,153.0,1,0,2025-11-17,1.1,0.0,-291.4499999999998,berlinda,1,-1.0,3495.48,3475.0851000000002,,6.024096385542169,Sem Risco,🟡 Acima com risco,9.090909090909083
LAR0406,Gramado-Centro-apartamento-TOP-2Q,Carteira 4,RS,"Gramado, RS","Gramado, RS, Vila Suiça",5,681,11708.71,55,11072.1,2025-11,0.92,0.7122,23,30,714.26,346.0,2,0,2025-11-17,1.06,3571.3,-636.6099999999988,berlinda,2,-1.0,12400.71,12345.349999999999,,15.863453815261044,Sem Risco,🟡 Acima com risco,28.571428571428545
PEA1301,Florianopolis-Itacorubi-apartamento-SUP-3Q,Carteira 4,SC,"Florianópolis, SC","Florianópolis, SC, Itacorubi",0,555,4468.42,16,4377.1,2025-11,0.3667,0.4713,11,30,414.91,306.2,5,0,2025-11-17,1.02,0.0,-91.31999999999971,berlinda,5,-0.0,5999.42,5029.8377,,72.89156626506023,Risco Médio,🟡 Acima com risco,166.66666666666654
GDP0107,Brasilia-Asa_Sul-apartamento-SUP-1Q,Carteira 1_sys-price,DF,"Brasília, DF","Brasília, DF, Asa Sul",1,645,3965.45,140,3951.4,2025-11,0.6552,0.7845,19,30,264.63,216.25,4,0,2025-11-17,1.0,264.63,-14.049999999999727,berlinda,4,-0.0,4830.45,4532.198,,93.97590361445783,Risco Alto,🟡 Acima com risco,399.99999999999966
RMI0007,Florianopolis-Ingleses_Praia-apartamento-TOP-1Q,Carteira 1,SC,"Florianópolis, SC","Florianópolis, SC, Ingleses do Rio Vermelho",5,680,3172.89,58,3163.7,2025-11,0.68,0.4366,17,30,219.0,224.5,6,0,2025-11-17,1.0,1095.0,-9.190000000000055,berlinda,6,-0.0,4519.889999999999,4088.85,,97.99196787148594,Risco Alto,🟡 Acima com risco,599.9999999999995
SPJ0402,Especial-SPJ-apartamento-TOP-1Q,Carteira 5,SC,"Florianópolis, SC","Florianópolis, SC, Jurerê",0,385,6156.42,16,5903.8,2025-11,0.8333,0.6696,25,30,295.56,295.0,4,0,2025-11-17,1.04,0.0,-252.6199999999999,berlinda,4,-0.0,7336.42,7139.714,,44.57831325301205,Risco Baixo,🟡 Acima com risco,79.99999999999993
LIV1605,Salvador-Graca-apartamento-TOP-1Q,Especial,BA,"Salvador, BA","Salvador, BA, Vitória",0,157,3856.89,15,3581.56,2025-11,0.5667,0.6352,17,30,281.88,228.1,10,0,2025-11-17,1.08,0.0,-275.3299999999999,berlinda,10,-1.0,6137.889999999999,5149.5327,,57.42971887550201,Risco Médio,🟡 Acima com risco,111.11111111111101
NOR0203,Brasilia-Asa_Norte-apartamento-SUP-1Q,Carteira 1_sys-price,DF,"Brasília, DF","Brasília, DF, Asa Norte",0,767,3746.14,109,3630.22,2025-11,0.8,0.7213,24,30,199.42,155.5,2,0,2025-11-17,1.03,0.0,-115.92000000000007,berlinda,2,-0.0,4057.14,3994.94,,26.104417670682732,Risco Baixo,🟡 Acima com risco,49.99999999999996
PSD301,Florianopolis-Jurere_Tradicional-apartamento-SIM-2Q,Carteira 1,SC,"Florianópolis, SC","Florianópolis, SC, Jurerê",0,1990,3132.15,16,3094.45,2025-11,0.5,0.5256,15,30,254.13,221.14,7,0,2025-11-17,1.01,0.0,-37.70000000000027,berlinda,7,-0.0,4680.13,3906.1400000000003,,92.3694779116466,Risco Alto,🟡 Acima com risco,349.9999999999997
SMT0713,Salvador-Boca_do_Rio-apartamento-SUP-1Q,Carteira 2,BA,"Salvador, BA","Salvador, BA, Armação",1,274,2804.54,34,2612.22,2025-11,0.5517,0.5685,16,30,164.57,143.0,4,0,2025-11-17,1.07,164.57,-192.32000000000016,berlinda,4,-1.0,3376.54,3120.1124,,26.104417670682732,Risco Baixo,🟡 Acima com risco,49.99999999999996
CEG0202,Florianopolis-Jurere_Longe-apartamento-SUP-1Q,Carteira 1,SC,"Florianópolis, SC","Florianópolis, SC, Jurerê",8,523,3605.52,17,3322.23,2025-11,0.7727,0.431,17,30,250.65,196.0,1,0,2025-11-17,1.09,2005.2,-283.28999999999996,berlinda,1,-1.0,3801.52,3756.9692,,7.429718875502007,Sem Risco,🟡 Acima com risco,9.999999999999991
NWT0716,Especial-NWT-apartamento-TOP-1Q,Carteira 5,AL,"Maceió, AL","Maceió, AL, Pajuçara",0,38,5112.17,41,4882.8,2025-11,0.6,0.6137,18,30,300.0,298.78,9,0,2025-11-17,1.05,0.0,-229.3699999999999,berlinda,9,-0.0,7801.19,6725.581999999999,,68.87550200803213,Risco Médio,🟡 Acima com risco,149.9999999999999
TXP0609,Goiania-Central-apartamento-SUP-1Q,Carteira 1_sys-price,GO,"Goiânia, GO","Goiânia, GO, Setor Bueno",0,761,2317.25,150,2169.41,2025-11,0.5333,0.4376,16,30,149.25,157.73,11,0,2025-11-17,1.07,0.0,-147.84000000000015,berlinda,11,-0.0,4052.2799999999997,3242.541499,,66.06425702811245,Risco Médio,🟡 Acima com risco,137.4999999999999
ERE0302,Maceio-Cruz_das_Almas-apartamento-JR-1Q,Carteira 2,AL,"Maceió, AL","Maceió, AL, Cruz das Almas",0,65,2527.85,21,2516.82,2025-11,0.7667,0.693,23,30,133.52,98.0,3,0,2025-11-17,1.0,0.0,-11.029999999999745,berlinda,3,-0.0,2821.85,2753.2598,,88.95582329317268,Risco Alto,🟡 Acima com risco,299.9999999999998
IBE104,Florianopolis-Canasvieiras_Meio-apartamento-JR-2Q,Carteira 1,SC,"Florianópolis, SC","Florianópolis, SC, Canasvieiras",8,803,2877.53,21,2868.75,2025-11,0.5909,0.3803,13,30,255.77,178.5,2,0,2025-11-17,1.0,2046.16,-8.7800000000002,berlinda,2,-0.0,3234.53,3088.4813000000004,,78.714859437751,Risco Médio,🟡 Acima com risco,199.99999999999983
NWT0505,Especial-NWT-apartamento-TOP-1Q,Carteira 5,AL,"Maceió, AL","Maceió, AL, Pajuçara",0,366,5319.63,41,4882.8,2025-11,0.5,0.6137,15,30,396.27,304.0,6,0,2025-11-17,1.09,0.0,-436.8299999999999,berlinda,6,-1.0,7143.63,6231.63,,31.72690763052209,Risco Baixo,🟡 Acima com risco,59.99999999999994
VGZ0003,Imbituba-Praia_do_Rosa-casa-SUP-1Q,Carteira 6,SC,"Imbituba, SC","Imbituba, SC, Ibiraquera",2,620,3204.76,58,3026.81,2025-11,0.7857,0.3863,22,30,177.77,110.0,2,0,2025-11-17,1.06,355.54,-177.95000000000027,berlinda,2,-1.0,3424.76,3377.614,,15.863453815261044,Sem Risco,🟡 Acima com risco,28.571428571428545
CCA201,Florianopolis-Canajure-apartamento-SUP-3Q,Carteira 1,SC,"Florianópolis, SC","Florianópolis, SC, Canasvieiras",6,1988,6136.76,17,5836.53,2025-11,0.7917,0.6223,19,30,533.58,291.75,4,0,2025-11-17,1.05,3201.4800000000005,-300.2300000000005,berlinda,4,-1.0,7303.76,7060.6739,,35.34136546184739,Risco Baixo,🟡 Acima com risco,66.66666666666661
NXO0404,Sao_Paulo-Bela_Vista-apartamento-SUP-1Q,Carteira 4,SP,"São Paulo, SP","São Paulo, SP, Consolação",0,229,4096.64,604,3844.97,2025-11,0.7,0.6616,21,30,191.08,178.33,3,0,2025-11-17,1.07,0.0,-251.67000000000053,berlinda,3,-1.0,4631.63,4471.133,,19.67871485943775,Sem Risco,🟡 Acima com risco,37.49999999999997
VTD0126,Florianopolis-UFSC-apartamento-SUP-1Q,Carteira 4,SC,"Florianópolis, SC","Florianópolis, SC, Trindade",2,23,3362.47,42,3311.18,2025-11,0.75,0.6012,21,30,226.33,150.4,5,0,2025-11-17,1.02,452.66,-51.289999999999964,berlinda,5,-0.0,4114.469999999999,3926.47,,72.89156626506023,Risco Médio,🟡 Acima com risco,166.66666666666654
CZZ0404,Urubici-Geral-apartamento-SUP-1Q,Especial,SC,"Urubici, SC","Urubici, SC, Centro",1,221,1789.14,48,1711.38,2025-11,0.2759,0.2081,8,30,266.63,196.89,9,0,2025-11-17,1.05,266.63,-77.75999999999999,berlinda,9,-0.0,3561.1499999999996,2278.037559,,68.87550200803213,Risco Médio,🟡 Acima com risco,149.9999999999999
ILC3109,Especial-ILC-hotel-TOP-1Q,Especial,SC,"Florianópolis, SC","Florianópolis, SC, Jurerê Internacional",0,1828,11161.56,30,11211.84,2025-11,0.7333,0.7268,22,30,669.45,718.67,6,0,2025-11-17,1.0,0.0,50.280000000000655,berlinda,6,1.0,15473.579999999998,14323.564266,,97.99196787148594,Risco Alto,🟡 Acima com risco,599.9999999999995
VFI0103,Gramado-Geral-apartamento-JR-2Q,Carteira 4,RS,"Gramado, RS","Gramado, RS, Centro",9,330,4519.16,46,4224.23,2025-11,0.6667,0.5148,14,30,463.0,231.0,2,0,2025-11-17,1.07,4167.0,-294.9300000000003,berlinda,2,-1.0,4981.16,4827.1754,,13.052208835341366,Sem Risco,🟡 Acima com risco,24.99999999999998
CMM0043,Penha-Central-casa-JR-5Q,Carteira 6,SC,"Penha, SC","Penha, SC, Armação",5,25,4223.22,24,3990.32,2025-11,0.64,0.3865,16,30,310.78,,0,0,2025-11-17,1.06,1553.8999999999999,-232.9000000000001,berlinda,0,0.0,,,,3.0120481927710845,Sem Risco,🟡 Acima sem ação,0.0
SPT0204,Blumenau-Central-apartamento-JR-1Q,Carteira 4,SC,"Blumenau, SC","Blumenau, SC, Itoupava Seca",0,534,786.82,35,734.4,2025-11,0.3,0.2684,9,30,107.22,102.64,11,19,2025-11-17,1.07,0.0,-52.42000000000007,berlinda,11,-0.0,1915.8600000000001,1125.5320000000002,,66.06425702811245,Risco Médio,🟡 Acima com risco,137.4999999999999
JMA006,Florianopolis-Jurere_Longe-apartamento-JR-1Q,Carteira 1,SC,"Florianópolis, SC","Florianópolis, SC, Jurerê",2,779,1924.86,39,1815.6,2025-11,0.4286,0.4714,12,30,189.0,122.4,5,0,2025-11-17,1.06,378.0,-109.25999999999999,berlinda,5,-0.0,2536.8599999999997,2187.1632,,38.55421686746988,Risco Baixo,🟡 Acima com risco,71.42857142857136
JPR201,Especial-JPR-apartamento-TOP-1Q,Carteira 1,SC,"Florianópolis, SC","Florianópolis, SC, Jurerê",0,1270,6606.23,17,6230.75,2025-11,0.6333,0.6533,19,30,397.89,282.0,3,0,2025-11-17,1.06,0.0,-375.47999999999956,berlinda,3,-1.0,7452.23,7142.0018,,22.289156626506024,Risco Baixo,🟡 Acima com risco,42.85714285714282
ILC4202,Especial-ILC-hotel-TOP-1Q,Especial,SC,"Florianópolis, SC","Florianópolis, SC, Jurerê Internacional",0,1347,11609.37,30,11211.84,2025-11,0.7333,0.7268,22,30,668.14,583.5,6,0,2025-11-17,1.04,0.0,-397.53000000000065,berlinda,6,-0.0,15110.37,14176.653300000002,,60.24096385542169,Risco Médio,🟡 Acima com risco,119.99999999999989
ONP0920,Sao_Paulo-Bela_Vista-apartamento-SUP-1Q,Carteira 4,SP,"São Paulo, SP","São Paulo, SP, Paraíso",1,59,3922.68,604,3844.97,2025-11,0.7931,0.6616,23,30,186.52,157.0,2,0,2025-11-17,1.02,186.52,-77.71000000000004,berlinda,2,-0.0,4236.68,4171.7134,,35.34136546184739,Risco Baixo,🟡 Acima com risco,66.66666666666661
ORP0305,Gramado-Geral-apartamento-SUP-2Q,Carteira 4,RS,"Gramado, RS","Gramado, RS, Floresta",0,22,6451.47,153,6131.47,2025-11,0.6,0.576,18,30,394.78,381.25,8,0,2025-11-17,1.05,0.0,-320.0,berlinda,8,-0.0,9501.470000000001,8281.470000000001,,65.06024096385542,Risco Médio,🟡 Acima com risco,133.33333333333323
ROE210,Brasilia-Asa_Norte-apartamento-SUP-1Q,Carteira 1_sys-price,DF,"Brasília, DF","Brasília, DF, Setor de Habitações Individuais Norte",0,570,3691.7,109,3630.22,2025-11,0.7,0.7213,21,30,216.86,141.0,5,0,2025-11-17,1.02,0.0,-61.48000000000002,berlinda,5,-0.0,4396.7,4185.2,,72.89156626506023,Risco Médio,🟡 Acima com risco,166.66666666666654
RTT1905,Florianopolis-Daniela-casa-JR-3Q,Carteira 1,SC,"Florianópolis, SC","Florianópolis, SC, Daniela",8,368,4570.46,7,4475.33,2025-11,0.5909,0.5641,13,30,427.0,377.75,4,0,2025-11-17,1.02,3416.0,-95.13000000000011,berlinda,4,-0.0,6081.46,5463.3099,,65.06024096385542,Risco Médio,🟡 Acima com risco,133.33333333333323
SPJ0204,Especial-SPJ-apartamento-TOP-1Q,Carteira 5,SC,"Florianópolis, SC","Florianópolis, SC, Jurerê",0,367,6364.33,16,5903.8,2025-11,0.8667,0.6696,26,30,297.42,265.0,3,0,2025-11-17,1.08,0.0,-460.52999999999975,berlinda,3,-1.0,7159.33,7053.3565,,17.8714859437751,Sem Risco,🟡 Acima com risco,33.33333333333331
