listing,categoria,carteira,estado,cidade,Bairro,dias_bloqueados,dias_ativo,faturamento_mes,n_concorrentes,meta,mes_ano,to_listings,to_concorrentes,dias_ocupados,total_dias,media_preco_ocupado,media_preco_disponivel,ocupacao_ainda_disponivel,dias_pmin,data_da_execucao,atingimento_meta,faturamento_perdido_bloqueio,falta_meta,grupo_criticidade,dias_disponiveis,dias_necessarios,potencial_max,potencial_realista,score_bruto,score_normalizado,faixa_prioridade,status_operacional,score_risco_bruto
AIR1407,Porto_Alegre-Menino_Deus-apartamento-TOP-1Q,Carteira 4,RS,"Porto Alegre, RS","Porto Alegre, RS, Praia de Belas",1,404,2402.88,32,2539.45,2025-10,0.3,0.576,9,31,333.0,333.0,4,31,2025-10-27,0.95,333.0,136.5699999999997,berlinda,4,1.0,3734.88,2802.48,17.908527437043418,95.30201342281879,Crítico,🟢 Abaixo viável,
RSM0023,Porto_Seguro-Pataxos-casa-JR-3Q,Carteira 2,BA,"Porto Seguro, BA","Porto Seguro, BA, Praia de Taperapuan",8,90,3382.33,24,3661.85,2025-10,0.6957,0.5922,16,31,266.69,,0,0,2025-10-27,0.92,2133.52,279.52,berlinda,0,0.0,,,,,Baixa,🔴 Abaixo inviável,
VNR005,São_Miguel_dos_Milagres-Geral-apartamento-SUP-2Q,Carteira 2,AL,"São Miguel dos Milagres, AL","São Miguel dos Milagres, AL, Riacho",0,385,3263.2,39,4049.69,2025-10,0.4839,0.4982,15,31,258.73,210.0,3,0,2025-10-27,0.81,0.0,786.4900000000002,berlinda,3,4.0,3893.2,3568.057,10.196021176929595,78.18791946308725,Alta,🟠 Abaixo precisa esforço,
BLS0754,Goiania-Central-apartamento-TOP-1Q,Carteira 1,GO,"Goiânia, GO","Goiânia, GO, Setor Marista",0,15,2721.66,53,3116.1,2025-10,0.5806,0.5687,18,31,183.78,150.0,2,0,2025-10-27,0.87,0.0,394.44000000000005,berlinda,2,3.0,3021.66,2895.8399999999997,6.329065177625879,44.29530201342282,Média,🟠 Abaixo precisa esforço,
NWT0815,Especial-NWT-apartamento-TOP-1Q,Carteira 5,AL,"Maceió, AL","Maceió, AL, Pajuçara",1,155,4806.53,34,5613.71,2025-10,0.6667,0.7261,20,31,285.6,280.0,1,0,2025-10-27,0.86,285.6,807.1800000000003,berlinda,1,3.0,5086.53,4993.206,13.420144610248842,90.60402684563759,Crítico,🟠 Abaixo precisa esforço,
NWT1022,Especial-NWT-apartamento-TOP-1Q,Carteira 5,AL,"Maceió, AL","Maceió, AL, Pajuçara",1,168,5424.24,34,5613.71,2025-10,0.7667,0.7261,23,31,277.22,,0,0,2025-10-27,0.97,277.22,189.47000000000025,berlinda,0,0.0,,,,,Baixa,🔴 Abaixo inviável,
ILC2106,Especial-ILC-hotel-JR-1Q,Especial,SC,"Florianópolis, SC","Florianópolis, SC, Jurerê Internacional",7,1833,6924.76,16,7820.79,2025-10,0.75,0.6145,18,31,446.94,300.0,3,0,2025-10-27,0.89,3128.58,896.0299999999997,berlinda,3,3.0,7824.76,7599.76,11.457026719807075,84.22818791946308,Crítico,🟠 Abaixo precisa esforço,
JBV157,Especial-JBV-hotel-TOP-1Q,Especial,SC,"Florianópolis, SC","Florianópolis, SC, Jurerê",0,1090,9668.41,32,10019.61,2025-10,0.9677,0.8219,30,31,404.57,,0,0,2025-10-27,0.96,0.0,351.2000000000007,berlinda,0,0.0,,,,,Baixa,🔴 Abaixo inviável,
NGO0002,Pocos_de_Caldas-Geral-apartamento-SUP-1Q,Carteira 4,MG,"Poços de Caldas, MG","Poços de Caldas, MG, São Benedito",2,119,1690.14,30,1751.93,2025-10,0.4828,0.4614,14,31,145.79,120.0,1,0,2025-10-27,0.96,291.58,61.789999999999964,berlinda,1,1.0,1810.14,1748.076,4.232360881998707,21.140939597315437,Média,🟠 Abaixo precisa esforço,
VLP0105,Mata_de_Sao_Joao-Praia_do_Forte-apartamento-SUP-2Q,Carteira 2,BA,"Mata de São João, BA","Mata de São João, BA, Praia do Forte",2,586,5101.27,33,5559.2,2025-10,0.7241,0.5191,21,31,307.86,250.0,3,0,2025-10-27,0.92,615.72,457.9299999999994,berlinda,3,2.0,5851.27,5644.345,10.296670384227932,78.52348993288591,Alta,🟢 Abaixo viável,
VLPD0223,Mata_de_Sao_Joao-Praia_do_Forte-apartamento-SUP-1Q,Carteira 2,BA,"Mata de São João, BA","Mata de São João, BA, Açu da Torre",5,71,3994.03,37,4087.65,2025-10,0.7692,0.5275,20,31,232.8,234.75,4,0,2025-10-27,0.98,1164.0,93.61999999999989,berlinda,4,1.0,4933.030000000001,4716.308800000001,5.376510953726465,33.89261744966443,Média,🟢 Abaixo viável,
NDE0003,Florianopolis-Campeche-apartamento-SUP-1Q,Carteira 1,SC,"Florianópolis, SC","Florianópolis, SC, Ribeirão da Ilha",0,175,2333.16,25,2756.73,2025-10,0.5161,0.5652,16,31,177.06,180.0,4,0,2025-10-27,0.85,0.0,423.57000000000016,berlinda,4,3.0,3053.16,2704.752,9.218965948787153,71.81208053691275,Alta,🟠 Abaixo precisa esforço,
PRY0002,Porto_Seguro-Pataxos-apartamento-SUP-2Q,Carteira 2,BA,"Porto Seguro, BA","Porto Seguro, BA, Taperapuã",4,12,4295.13,35,5287.85,2025-10,0.7778,0.6403,21,31,267.05,186.0,1,0,2025-10-27,0.81,1068.2,992.7200000000003,berlinda,1,6.0,4481.13,4439.8008,5.819817127944249,38.59060402684564,Média,🟠 Abaixo precisa esforço,
TPS209,Florianopolis-Canasvieiras_Meio-apartamento-TOP-1Q,Carteira 1,SC,"Florianópolis, SC","Florianópolis, SC, Canasvieiras",0,966,2711.75,29,2888.12,2025-10,0.7419,0.6699,23,31,162.13,182.0,2,0,2025-10-27,0.94,0.0,176.3699999999999,berlinda,2,1.0,3075.75,2981.8016,11.114268105203378,83.55704697986577,Crítico,🟢 Abaixo viável,
ILC4202,Especial-ILC-hotel-TOP-1Q,Especial,SC,"Florianópolis, SC","Florianópolis, SC, Jurerê Internacional",0,1316,9358.24,28,10019.61,2025-10,0.8065,0.8614,25,31,483.48,419.0,3,0,2025-10-27,0.93,0.0,661.3700000000008,berlinda,3,2.0,10615.24,10372.0105,13.828583647467333,91.94630872483222,Crítico,🟢 Abaixo viável,
PHA0023,Ubatuba-Tenorio-apartamento-TOP-1Q,Carteira 4,SP,"Ubatuba, SP","Ubatuba, SP, Tenório - Praia Vermelha",1,247,4037.82,503,4878.42,2025-10,0.6333,0.6066,19,31,251.79,183.0,1,0,2025-10-27,0.83,251.79,840.5999999999999,berlinda,1,5.0,4220.82,4153.7139,6.306541872163512,43.624161073825505,Média,🟠 Abaixo precisa esforço,
PDC301,Ilheus-Sul-apartamento-JR-2Q,Carteira 2,BA,"Ilhéus, BA","Ilhéus, BA, São Francisco",0,735,2253.38,31,2401.98,2025-10,0.6452,0.44,20,31,132.2,131.0,1,0,2025-10-27,0.94,0.0,148.5999999999999,berlinda,1,2.0,2384.38,2337.9012000000002,4.052198602819338,18.79194630872483,Baixa,🟠 Abaixo precisa esforço,
ARK0201,Brasilia-Asa_Sul-apartamento-TOP-1Q,Carteira 1,DF,"Brasília, DF","Brasília, DF, Asa Sul",0,106,4246.49,26,4504.12,2025-10,0.7097,0.824,22,31,233.64,,0,0,2025-10-27,0.94,0.0,257.6300000000001,berlinda,0,0.0,,,,,Baixa,🔴 Abaixo inviável,
NWT0907,Especial-NWT-apartamento-TOP-1Q,Carteira 5,AL,"Maceió, AL","Maceió, AL, Pajuçara",1,190,5475.74,34,5613.71,2025-10,0.8333,0.7261,25,31,254.2,250.0,2,0,2025-10-27,0.98,254.2,137.97000000000025,berlinda,2,1.0,5975.74,5892.389999999999,6.144332357745602,41.61073825503356,Média,🟢 Abaixo viável,
RRT0098,Penha-Longe-casa-JR-2Q,Carteira 6,SC,"Penha, SC","Penha, SC, Armação",0,392,2039.76,15,2250.15,2025-10,0.6129,0.3342,19,31,137.79,100.0,1,0,2025-10-27,0.91,0.0,210.3900000000001,berlinda,1,3.0,2139.76,2101.05,3.11668111014822,12.416107382550337,Baixa,🟠 Abaixo precisa esforço,
TCO0815,Porto_Alegre-Centro_Historico-apartamento-SUP-1Q,Carteira 4,RS,"Porto Alegre, RS","Porto Alegre, RS, Centro Histórico",2,390,2067.58,87,2119.74,2025-10,0.6897,0.5817,20,31,122.55,120.0,4,0,2025-10-27,0.98,245.1,52.159999999999854,berlinda,4,1.0,2547.58,2398.636,2.952814967873411,11.74496644295302,Baixa,🟢 Abaixo viável,
THK1902,Sao_Paulo-Republica-apartamento-SUP-1Q,Carteira 4,SP,"São Paulo, SP","São Paulo, SP, República",1,266,2564.33,465,3003.05,2025-10,0.7,0.6661,21,31,139.95,130.0,2,0,2025-10-27,0.85,139.95,438.72000000000025,berlinda,2,4.0,2824.33,2746.33,4.747972894224208,27.85234899328859,Média,🟠 Abaixo precisa esforço,
SPT0303,Blumenau-Central-apartamento-JR-1Q,Carteira 4,SC,"Blumenau, SC","Blumenau, SC, Itoupava Seca",0,391,5564.39,48,6119.8,2025-10,0.4194,0.5972,13,31,474.31,101.25,4,15,2025-10-27,0.91,0.0,555.4099999999999,berlinda,4,6.0,5969.39,5734.247,1.5315114464524977,5.033557046979865,Baixa,🟠 Abaixo precisa esforço,
TPS302,Florianopolis-Canasvieiras_Meio-apartamento-TOP-1Q,Carteira 1,SC,"Florianópolis, SC","Florianópolis, SC, Canasvieiras",0,999,2399.75,29,2888.12,2025-10,0.6129,0.6699,19,31,151.68,162.0,1,0,2025-10-27,0.83,0.0,488.3699999999999,berlinda,1,4.0,2561.75,2499.0398,6.848394457294017,50.33557046979866,Alta,🟠 Abaixo precisa esforço,
VST014,Especial-VST-casa-TOP-1Q,Carteira 5,SC,"Anitápolis, SC","Anitápolis, SC, Rio dos pinheiros",0,426,2399.96,45,2754.3,2025-10,0.3871,0.2088,12,31,264.25,160.0,3,0,2025-10-27,0.87,0.0,354.34000000000015,berlinda,3,3.0,2879.96,2585.768,6.8613198755884754,50.671140939597315,Alta,🟠 Abaixo precisa esforço,
ILC3105,Especial-ILC-hotel-JR-1Q,Especial,SC,"Florianópolis, SC","Florianópolis, SC, Jurerê Internacional",0,1885,7043.45,16,7820.79,2025-10,0.7097,0.6145,22,31,370.64,300.0,3,0,2025-10-27,0.9,0.0,777.3400000000001,berlinda,3,3.0,7943.45,7682.18,9.93940509846192,76.84563758389261,Alta,🟠 Abaixo precisa esforço,
NFE0708,Curitiba-Centro-apartamento-SUP-1Q,Carteira 4,PR,"Curitiba, PR","Curitiba, PR, Centro",0,91,2681.64,324,3147.25,2025-10,0.6129,0.6706,19,31,158.89,155.0,4,0,2025-10-27,0.85,0.0,465.6100000000001,berlinda,4,4.0,3301.64,3061.638,5.732746842481532,36.241610738255034,Média,🟠 Abaixo precisa esforço,
VLP0109,Mata_de_Sao_Joao-Praia_do_Forte-apartamento-SUP-2Q,Carteira 2,BA,"Mata de São João, BA","Mata de São João, BA, Praia do Forte",0,329,5030.81,33,5559.2,2025-10,0.6452,0.5191,20,31,305.65,259.0,2,0,2025-10-27,0.9,0.0,528.3899999999994,berlinda,2,3.0,5548.81,5365.0236,8.205797596776506,64.09395973154362,Alta,🟠 Abaixo precisa esforço,
RUP0804,Blumenau-Central-apartamento-SUP-1Q,Carteira 4,SC,"Blumenau, SC","Blumenau, SC, Escola Agrícola",1,370,7377.64,77,8352.92,2025-10,0.7,0.6104,21,31,402.67,,0,0,2025-10-27,0.88,402.67,975.2799999999997,berlinda,0,0.0,,,,,Baixa,🔴 Abaixo inviável,
TXP0919,Goiania-Central-apartamento-TOP-2Q,Carteira 1,GO,"Goiânia, GO","Goiânia, GO, Setor Bueno",0,180,3670.7,15,4010.02,2025-10,0.5161,0.5109,16,31,265.12,222.0,3,0,2025-10-27,0.92,0.0,339.32000000000016,berlinda,3,2.0,4336.7,4014.4226,9.39260153315944,73.8255033557047,Alta,🟢 Abaixo viável,
VFR504,Bombinhas-Bombas-apartamento-TOP-1Q,Especial,SC,"Bombinhas, SC","Bombinhas, SC, Bombas",7,723,1966.34,70,2408.9,2025-10,0.5,0.4041,12,31,193.25,188.0,2,20,2025-10-27,0.82,1352.75,442.5600000000002,berlinda,2,3.0,2342.34,2154.34,11.51303914649841,85.23489932885906,Crítico,🟠 Abaixo precisa esforço,
VPD0605,Florianopolis-Beira_Mar-apartamento-TOP-1Q,Carteira 4,SC,"Florianópolis, SC","Florianópolis, SC, Agronômica",0,169,4236.91,14,4739.81,2025-10,0.6452,0.6267,20,31,285.1,202.5,2,0,2025-10-27,0.89,0.0,502.90000000000055,berlinda,2,3.0,4641.91,4498.215999999999,7.161837710794321,52.68456375838926,Alta,🟠 Abaixo precisa esforço,
BSO0202,Itajai-Praia_Brava-apartamento-SUP-1Q,Carteira 6,SC,"Balneário Camboriú, SC","Balneário Camboriú, SC, Praia dos Amores",0,161,2529.78,55,2564.51,2025-10,0.6774,0.5263,21,31,136.14,131.75,4,0,2025-10-27,0.99,0.0,34.73000000000002,berlinda,4,1.0,3056.78,2886.7698,1.7842307107400643,6.375838926174497,Baixa,🟢 Abaixo viável,
ERE0302,Maceio-Cruz_das_Almas-apartamento-JR-1Q,Carteira 2,AL,"Maceió, AL","Maceió, AL, Cruz das Almas",0,34,2460.36,24,2710.83,2025-10,0.8387,0.8406,26,31,117.0,94.5,2,0,2025-10-27,0.91,0.0,250.4699999999998,berlinda,2,3.0,2649.36,2618.8743,2.910475758347072,11.073825503355705,Baixa,🟠 Abaixo precisa esforço,
ILC4102,Especial-ILC-hotel-TOP-1Q,Especial,SC,"Florianópolis, SC","Florianópolis, SC, Jurerê Internacional",0,924,9372.64,28,10019.61,2025-10,0.7742,0.8614,24,31,518.04,358.0,1,0,2025-10-27,0.94,0.0,646.9700000000012,berlinda,1,2.0,9730.64,9649.8036,11.558097570663948,85.90604026845638,Crítico,🟠 Abaixo precisa esforço,
IPTR0241,Balneario_Camboriu-Centro-apartamento-MASTER-2Q,Carteira 4,SC,"Balneário Camboriú, SC","Balneário Camboriú, SC, Centro",14,6,6307.92,18,6977.06,2025-10,0.9412,0.6109,16,31,495.0,,0,1,2025-10-27,0.9,6930.0,669.1400000000003,berlinda,0,0.0,,,,,Baixa,🔴 Abaixo inviável,
MHF0908,Itapema-Canto_Praia-apartamento-TOP-2Q,Carteira 5,SC,"Itapema, SC","Itapema, SC, Centro",8,456,2325.33,10,2671.81,2025-10,0.6087,0.2867,14,31,205.14,,0,0,2025-10-27,0.87,1641.12,346.48,berlinda,0,0.0,,,,,Baixa,🔴 Abaixo inviável,
NWT0505,Especial-NWT-apartamento-TOP-1Q,Carteira 5,AL,"Maceió, AL","Maceió, AL, Pajuçara",0,335,4539.66,34,5613.71,2025-10,0.4839,0.7261,15,31,359.87,280.0,3,0,2025-10-27,0.81,0.0,1074.0500000000002,berlinda,3,4.0,5379.66,4946.1359999999995,13.392836466436638,90.26845637583892,Crítico,🟠 Abaixo precisa esforço,
RLV0206,Florianopolis-Novo_Campeche-apartamento-SUP-3Q,Carteira 1,SC,"Florianópolis, SC","Florianópolis, SC, Campeche",9,286,4748.34,56,5802.52,2025-10,0.8636,0.5647,19,31,322.53,,0,0,2025-10-27,0.82,2902.7699999999995,1054.1800000000003,berlinda,0,0.0,,,,,Baixa,🔴 Abaixo inviável,
SSG0102,Florianopolis-UFSC-apartamento-TOP-1Q,Carteira 4,SC,"Florianópolis, SC","Florianópolis, SC, Córrego Grande",1,964,2179.58,15,2661.35,2025-10,0.4667,0.5879,14,31,207.29,172.5,4,0,2025-10-27,0.82,207.29,481.77,berlinda,4,3.0,2869.58,2501.603,10.408918406072106,79.86577181208054,Alta,🟠 Abaixo precisa esforço,
MHB0302,Florianopolis-Novo_Campeche-apartamento-SUP-3Q,Carteira 1,SC,"Florianópolis, SC","Florianópolis, SC, Campeche",8,97,4967.38,56,5802.52,2025-10,0.8696,0.5647,20,31,268.4,,0,0,2025-10-27,0.86,2147.2,835.1400000000003,berlinda,0,0.0,,,,,Baixa,🔴 Abaixo inviável,
VGZ0004,Imbituba-Praia_do_Rosa-casa-SUP-1Q,Carteira 6,SC,"Imbituba, SC","Imbituba, SC, Ibiraquera",0,589,2232.53,50,2553.81,2025-10,0.5806,0.2948,18,31,153.61,138.75,4,0,2025-10-27,0.87,0.0,321.27999999999975,berlinda,4,3.0,2787.53,2554.7630000000004,5.818443815319068,38.25503355704698,Média,🟢 Abaixo viável,
ILH0503,Balneario_Camboriu-Intermediario-apartamento-JR-2Q,Carteira 6,SC,"Balneário Camboriú, SC","Balneário Camboriú, SC, Centro",0,5,2423.96,49,2944.08,2025-10,0.5161,0.5022,16,31,151.56,133.0,1,0,2025-10-27,0.82,0.0,520.1199999999999,berlinda,1,4.0,2556.96,2492.6013000000003,5.874157631586097,39.59731543624161,Média,🟠 Abaixo precisa esforço,
MGI025,Porto_Seguro-Pitinga-casa-SUP-2Q,Carteira 2,BA,"Porto Seguro, BA","Porto Seguro, BA, Arraial DAjuda",6,176,6625.22,10,6763.48,2025-10,0.56,0.5167,14,31,600.0,600.0,4,0,2025-10-27,0.98,3600.0,138.2599999999993,berlinda,4,1.0,9025.220000000001,7969.22,12.26528355225411,88.25503355704699,Crítico,🟢 Abaixo viável,
NWT1223,Especial-NWT-apartamento-TOP-1Q,Carteira 5,AL,"Maceió, AL","Maceió, AL, Pajuçara",4,294,4975.03,34,5613.71,2025-10,0.7407,0.7261,20,31,371.25,280.0,2,7,2025-10-27,0.89,1485.0,638.6800000000003,berlinda,2,3.0,5535.03,5389.822,10.618669887353168,80.53691275167785,Crítico,🟠 Abaixo precisa esforço,
PBR0003,Porto_Seguro-Estrada_da_Balsa-casa-TOP-3Q,Carteira 2,BA,"Porto Seguro, BA","Porto Seguro, BA, Arraial d ajuda",10,275,7360.24,16,9163.88,2025-10,0.8095,0.6616,17,31,529.94,540.0,1,0,2025-10-27,0.8,5299.400000000001,1803.6399999999994,berlinda,1,4.0,7900.24,7797.37,26.570775697630253,98.3221476510067,Crítico,🟠 Abaixo precisa esforço,
PSD102,Florianopolis-Jurere_Tradicional-apartamento-JR-1Q,Carteira 1,SC,"Florianópolis, SC","Florianópolis, SC, Jurerê",6,1959,1733.83,14,1897.84,2025-10,0.6,0.4698,15,31,138.4,143.0,2,0,2025-10-27,0.91,830.4000000000001,164.01,berlinda,2,2.0,2019.83,1905.4299999999998,6.1789797875479495,42.281879194630875,Média,🟢 Abaixo viável,
RUP0603,Blumenau-Central-apartamento-SUP-1Q,Carteira 4,SC,"Blumenau, SC","Blumenau, SC, Escola Agrícola",0,434,7031.55,77,8352.92,2025-10,0.7097,0.6104,22,31,368.17,,0,0,2025-10-27,0.84,0.0,1321.37,berlinda,0,0.0,,,,,Baixa,🔴 Abaixo inviável,
VGZ0006,Imbituba-Praia_do_Rosa-casa-SUP-1Q,Carteira 6,SC,"Imbituba, SC","Imbituba, SC, Ibiraquera",0,589,2148.32,50,2553.81,2025-10,0.5161,0.2948,16,31,157.0,138.75,4,0,2025-10-27,0.84,0.0,405.4899999999998,berlinda,4,3.0,2703.32,2434.7555,7.343503432126896,56.375838926174495,Alta,🟠 Abaixo precisa esforço,
VST038,Especial-VST-casa-TOP-1Q,Carteira 5,SC,"Anitápolis, SC","Anitápolis, SC, Rio dos Pinheiros",0,92,2496.41,45,2754.3,2025-10,0.4839,0.2088,15,31,218.53,160.0,2,0,2025-10-27,0.91,0.0,257.8900000000003,berlinda,2,2.0,2816.41,2651.258,7.49054206150384,57.71812080536913,Alta,🟠 Abaixo precisa esforço,
ENC0307,Salvador-Ondina_Rio_Vermelho-apartamento-TOP-1Q,Carteira 2,BA,"Salvador, BA","Salvador, BA, Rio Vermelho",2,78,3657.59,44,3860.1,2025-10,0.6552,0.6579,19,31,219.47,175.67,3,0,2025-10-27,0.95,438.94,202.50999999999976,berlinda,3,2.0,4184.6,4002.8869520000003,4.608032395533791,26.845637583892618,Média,🟢 Abaixo viável,
MHF0501,Itapema-Canto_Praia-apartamento-TOP-1Q,Carteira 5,SC,"Itapema, SC","Itapema, SC, Centro",1,426,2851.07,15,3459.9,2025-10,0.6667,0.6192,20,31,168.85,175.67,3,0,2025-10-27,0.82,168.85,608.8299999999999,berlinda,3,4.0,3378.08,3202.427567,7.7280532746611135,59.73154362416108,Alta,🟠 Abaixo precisa esforço,
MHF0807,Itapema-Canto_Praia-apartamento-TOP-1Q,Carteira 5,SC,"Itapema, SC","Itapema, SC, Centro",7,341,2890.0,15,3459.9,2025-10,0.8333,0.6192,20,31,176.75,,0,0,2025-10-27,0.84,1237.25,569.9000000000001,berlinda,0,0.0,,,,,Baixa,🔴 Abaixo inviável,
NWT0916,Especial-NWT-apartamento-TOP-1Q,Carteira 5,AL,"Maceió, AL","Maceió, AL, Pajuçara",0,190,4938.31,34,5613.71,2025-10,0.6774,0.7261,21,31,278.1,,0,0,2025-10-27,0.88,0.0,675.3999999999996,berlinda,0,0.0,,,,,Baixa,🔴 Abaixo inviável,
VGZ0002,Imbituba-Praia_do_Rosa-casa-SUP-1Q,Carteira 6,SC,"Imbituba, SC","Imbituba, SC, Ibiraquera",5,589,2305.79,50,2553.81,2025-10,0.6923,0.2948,18,31,148.22,110.0,1,0,2025-10-27,0.9,741.1,248.01999999999998,berlinda,1,3.0,2415.79,2381.9429999999998,3.5609801303412025,15.771812080536913,Baixa,🟠 Abaixo precisa esforço,
VLRY705,Florianopolis-Centrao-apartamento-SUP-1Q,Carteira 5,SC,"Florianópolis, SC","Florianópolis, SC, Centro",2,244,3077.91,122,3775.97,2025-10,0.8276,0.5975,24,31,153.27,136.67,3,0,2025-10-27,0.82,306.54,698.06,berlinda,3,6.0,3487.92,3417.2342759999997,4.211008923976269,20.469798657718123,Média,🟠 Abaixo precisa esforço,
ALI024,Florianopolis-Cachoeira_Bom_Jesus-casa-SUP-4Q,Carteira 1,SC,"Florianópolis, SC","Florianópolis, SC, Cachoeira do Bom Jesus",8,708,5319.47,9,5839.5,2025-10,0.6087,0.369,14,31,415.71,,0,9,2025-10-27,0.91,3325.68,520.0299999999997,berlinda,0,0.0,,,,,Baixa,🔴 Abaixo inviável,
ECF0306,Cabo_Frio-Centro-apartamento-JR-2Q,Carteira 4,RJ,"Cabo Frio, RJ","Cabo Frio, RJ, Centro",2,386,2842.09,163,3448.03,2025-10,0.5517,0.6105,16,31,213.88,163.67,3,0,2025-10-27,0.82,427.76,605.94,berlinda,3,4.0,3333.1000000000004,3112.9802170000003,7.190642178287315,53.691275167785236,Alta,🟠 Abaixo precisa esforço,
MHE213,Florianopolis-Cachoeira_Bom_Jesus-apartamento-MASTER-2Q,Carteira 1,SC,"Florianópolis, SC","Florianópolis, SC, Cachoeira do Bom Jesus",4,586,5900.76,10,7332.31,2025-10,0.7407,0.5438,20,31,371.05,378.0,1,0,2025-10-27,0.8,1484.2,1431.5500000000002,berlinda,1,4.0,6278.76,6180.7446,18.450048484038454,95.63758389261746,Crítico,🟠 Abaixo precisa esforço,
NWT0605,Especial-NWT-apartamento-TOP-1Q,Carteira 5,AL,"Maceió, AL","Maceió, AL, Pajuçara",0,184,5212.6,34,5613.71,2025-10,0.7419,0.7261,23,31,269.83,250.0,2,0,2025-10-27,0.93,0.0,401.1099999999997,berlinda,2,2.0,5712.6,5583.55,8.93148203238143,69.79865771812081,Alta,🟠 Abaixo precisa esforço,
RSU3842,Penha-Longe-apartamento-SUP-3Q,Carteira 6,SC,"Penha, SC","Penha, SC, Gravatá",0,272,3781.01,16,3902.8,2025-10,0.8065,0.3708,25,31,217.52,178.0,2,0,2025-10-27,0.97,0.0,121.78999999999996,berlinda,2,1.0,4137.01,4068.1240000000003,5.554632571487136,34.56375838926174,Média,🟢 Abaixo viável,
TRS0006,Penha-Beto_Carrero-casa-SUP-1Q,Carteira 3,SC,"Penha, SC","Penha, SC, Armação",0,133,2296.24,23,2348.45,2025-10,0.5806,0.6374,18,31,157.78,120.75,4,0,2025-10-27,0.98,0.0,52.210000000000036,berlinda,4,1.0,2779.24,2576.6697999999997,2.684475930933171,10.738255033557047,Baixa,🟢 Abaixo viável,
JBV134,Especial-JBV-hotel-JR-1Q,Especial,SC,"Florianópolis, SC","Florianópolis, SC, Jurerê",1,1940,7234.9,25,7692.08,2025-10,0.8667,0.6447,26,31,340.54,241.5,2,0,2025-10-27,0.94,340.54,457.1800000000003,berlinda,2,2.0,7717.9,7653.5161,7.176795483146305,53.02013422818792,Alta,🟠 Abaixo precisa esforço,
NWT0710,Especial-NWT-apartamento-TOP-1Q,Carteira 5,AL,"Maceió, AL","Maceió, AL, Pajuçara",0,155,5500.27,34,5613.71,2025-10,0.7419,0.7261,23,31,302.09,280.0,4,0,2025-10-27,0.98,0.0,113.4399999999996,berlinda,4,1.0,6620.27,6331.198,5.6581476421118815,35.90604026845637,Média,🟢 Abaixo viável,
ROR0001,Bombinhas-Bombas-apartamento-SUP-2Q,Carteira 6,SC,"Bombinhas, SC","Bombinhas, SC, Bombas",0,754,2161.59,61,2189.81,2025-10,0.6452,0.3675,20,31,129.5,105.0,1,0,2025-10-27,0.99,0.0,28.2199999999998,berlinda,1,1.0,2266.59,2229.3360000000002,1.3531310935651855,3.0201342281879198,Baixa,🟢 Abaixo viável,
AAR0203,Florianopolis-Campeche_Praia-apartamento-SUP-1Q,Carteira 1,SC,"Florianópolis, SC","Florianópolis, SC, Campeche",0,41,3481.86,61,4056.51,2025-10,0.8387,0.6275,26,31,163.62,159.5,2,0,2025-10-27,0.86,0.0,574.6500000000001,berlinda,2,4.0,3800.86,3749.4053000000004,5.648739618539089,35.57046979865772,Média,🟠 Abaixo precisa esforço,
CRM0201,Florianopolis-Canto_da_Lagoa-apartamento-SUP-2Q,Carteira 1,SC,"Florianópolis, SC","Florianópolis, SC, Canto da Lagoa",4,198,3528.3,15,4361.94,2025-10,0.6667,0.4694,18,31,241.33,198.0,3,0,2025-10-27,0.81,965.32,833.6399999999994,berlinda,3,5.0,4122.3,3924.3198,7.568225147526096,59.06040268456376,Alta,🟠 Abaixo precisa esforço,
EAA805,Maceio-Jatiuca-apartamento-SUP-1Q,Carteira 2,AL,"Maceió, AL","Maceió, AL, Ponta Verde",2,555,3195.73,103,3255.52,2025-10,0.7241,0.736,21,31,168.57,144.33,3,0,2025-10-27,0.98,337.14,59.789999999999964,berlinda,3,1.0,3628.7200000000003,3509.258059,2.6507257519536047,10.06711409395973,Baixa,🟢 Abaixo viável,
IAA1004,Recife-Boa_Viagem-apartamento-TOP-1Q,Carteira 2,PE,"Recife, PE","Recife, PE, Boa Viagem",2,567,4685.73,52,5250.68,2025-10,0.8966,0.7529,26,31,212.42,180.0,2,0,2025-10-27,0.89,424.84,564.9500000000007,berlinda,2,4.0,5045.73,5008.505999999999,4.84180144286074,28.859060402684566,Média,🟠 Abaixo precisa esforço,
TPS307,Florianopolis-Canasvieiras_Meio-apartamento-TOP-1Q,Carteira 1,SC,"Florianópolis, SC","Florianópolis, SC, Canasvieiras",0,999,2855.77,29,2888.12,2025-10,0.7097,0.6699,22,31,165.0,,0,0,2025-10-27,0.99,0.0,32.34999999999991,berlinda,0,0.0,,,,,Baixa,🔴 Abaixo inviável,
BEH2209,Goiania-Central-apartamento-SUP-1Q,Carteira 1,GO,"Goiânia, GO","Goiânia, GO, Setor Pedro Ludovico",1,737,2479.64,161,2721.7,2025-10,0.5667,0.6044,17,31,165.88,150.0,1,0,2025-10-27,0.91,165.88,242.05999999999995,berlinda,1,2.0,2629.64,2564.645,6.670279604658853,48.65771812080537,Média,🟠 Abaixo precisa esforço,
DSH1702,Itapema-Praia_Itapema-apartamento-TOP-2Q,Carteira 6,SC,"Itapema, SC","Itapema, SC, Morretes",1,289,3115.14,14,3310.8,2025-10,0.7333,0.3889,22,31,192.64,145.0,3,0,2025-10-27,0.94,192.64,195.6600000000003,berlinda,3,2.0,3550.14,3434.1255,4.284568684305914,21.476510067114095,Média,🟢 Abaixo viável,
EMT203,Cabo_Frio-Centro-apartamento-SUP-1Q,Carteira 4,RJ,"Cabo Frio, RJ","Cabo Frio, RJ, Braga",0,741,3597.81,51,3944.58,2025-10,0.6452,0.7301,20,31,211.75,179.67,3,0,2025-10-27,0.91,0.0,346.77,berlinda,3,2.0,4136.82,3945.579252,7.89743976545031,61.74496644295302,Alta,🟢 Abaixo viável,
SCO0015,Florianopolis-Campeche-apartamento-SUP-1Q,Carteira 2,SC,"Florianópolis, SC","Florianópolis, SC, Campeche",0,12,2699.48,25,2756.73,2025-10,0.9032,0.5652,28,31,142.96,199.33,3,0,2025-10-27,0.98,0.0,57.25,berlinda,3,1.0,3297.4700000000003,3239.584568,4.139557555509609,19.463087248322147,Baixa,🟢 Abaixo viável,
ACO1103,Balneario_Camboriu-Centro-apartamento-TOP-2Q,Carteira 6,SC,"Balneário Camboriú, SC","Balneário Camboriú, SC, Centro",3,76,4588.65,31,4866.25,2025-10,0.8929,0.5648,25,31,235.0,160.0,1,0,2025-10-27,0.94,705.0,277.60000000000036,berlinda,1,2.0,4748.65,4731.513999999999,4.563678397123047,26.174496644295303,Média,🟠 Abaixo precisa esforço,
CTD0101,Penha-Longe-apartamento-JR-2Q,Carteira 6,SC,"Penha, SC","Penha, SC, Centro",0,29,1927.18,23,2352.35,2025-10,0.7419,0.5,23,31,104.61,111.0,2,0,2025-10-27,0.82,0.0,425.16999999999985,berlinda,2,4.0,2149.1800000000003,2091.8818,5.0156088592258845,30.536912751677853,Média,🟠 Abaixo precisa esforço,
ELF0303,Bombinhas-Bombas-apartamento-SUP-1Q,Especial,SC,"Bombinhas, SC","Bombinhas, SC, José Amândio",11,141,1604.39,42,1744.23,2025-10,0.65,0.3583,13,31,136.38,130.0,1,22,2025-10-27,0.92,1500.1799999999998,139.83999999999992,berlinda,1,2.0,1734.39,1688.89,5.211239343435209,32.21476510067114,Média,🟠 Abaixo precisa esforço,
ILC2412,Especial-ILC-hotel-JR-1Q,Especial,SC,"Florianópolis, SC","Florianópolis, SC, Jurerê Internacional",7,1940,6734.41,16,7820.79,2025-10,0.8333,0.6145,20,31,427.4,339.0,2,0,2025-10-27,0.86,2991.7999999999997,1086.38,berlinda,2,4.0,7412.41,7299.3874,11.772558143103192,86.57718120805369,Crítico,🟠 Abaixo precisa esforço,
JBV141,Especial-JBV-hotel-TOP-1Q,Especial,SC,"Florianópolis, SC","Florianópolis, SC, Jurerê",0,1518,9818.37,32,10019.61,2025-10,0.9355,0.8219,29,31,1412.93,,0,0,2025-10-27,0.98,0.0,201.23999999999978,berlinda,0,0.0,,,,,Baixa,🔴 Abaixo inviável,
VEL0102,Guarapari-Centro-apartamento-JR-2Q,Carteira 4,ES,"Guarapari, ES","Guarapari, ES, Centro",0,196,2332.38,14,2483.98,2025-10,0.5806,0.4624,18,31,162.72,125.25,4,0,2025-10-27,0.94,0.0,151.5999999999999,berlinda,4,2.0,2833.38,2623.2606,3.8220718363271824,17.78523489932886,Baixa,🟢 Abaixo viável,
VLR802,Florianopolis-Centrao-apartamento-JR-1Q,Carteira 4,SC,"Florianópolis, SC","Florianópolis, SC, Centro",0,1190,2491.28,68,2759.16,2025-10,0.6129,0.6039,19,31,139.3,90.0,1,0,2025-10-27,0.9,0.0,267.87999999999965,berlinda,1,3.0,2581.28,2546.4410000000003,2.912625581698774,11.409395973154362,Baixa,🟠 Abaixo precisa esforço,
MHF0601,Itapema-Canto_Praia-apartamento-TOP-1Q,Carteira 5,SC,"Itapema, SC","Itapema, SC, Centro",0,418,3416.28,15,3459.9,2025-10,0.7742,0.6192,24,31,170.42,172.0,2,0,2025-10-27,0.99,0.0,43.61999999999989,berlinda,2,1.0,3760.28,3682.6048,2.1684557357149,7.38255033557047,Baixa,🟢 Abaixo viável,
SFR0315,Bombinhas-Centro-apartamento-SUP-1Q,Carteira 6,SC,"Bombinhas, SC","Bombinhas, SC, Centro",0,6,2583.92,32,2630.32,2025-10,0.7742,0.5814,24,31,132.96,138.0,1,0,2025-10-27,0.98,0.0,46.40000000000009,berlinda,1,1.0,2721.92,2690.7596,2.4343806076827197,8.724832214765101,Baixa,🟢 Abaixo viável,
SLC0104,Florianopolis-Rio_Vermelho-apartamento-JR-1Q,Carteira 1,SC,"Florianópolis, SC","Florianópolis, SC, Ingleses do Rio Vermelho",0,253,1830.58,16,2053.66,2025-10,0.871,0.7071,27,31,93.63,97.0,1,0,2025-10-27,0.89,0.0,223.07999999999993,berlinda,1,3.0,1927.58,1915.067,3.5122269509071598,15.100671140939598,Baixa,🟠 Abaixo precisa esforço,
VST007,Especial-VST-casa-TOP-1Q,Carteira 5,SC,"Anitápolis, SC","Anitápolis, SC, Rio dos Pinheiros",1,214,2528.98,45,2754.3,2025-10,0.4,0.2088,12,31,267.0,160.0,2,0,2025-10-27,0.92,267.0,225.32000000000016,berlinda,2,2.0,2848.98,2656.98,6.544530370693103,46.308724832214764,Média,🟠 Abaixo precisa esforço,
DLH0205,Gramado-Centro-apartamento-TOP-2Q,Carteira 4,RS,"Gramado, RS","Gramado, RS, Centro",4,369,5025.03,53,5324.65,2025-10,0.5556,0.5115,15,31,404.87,495.0,1,0,2025-10-27,0.94,1619.48,299.6199999999999,berlinda,1,1.0,5520.03,5300.052,27.8538307682195,98.99328859060402,Crítico,🟠 Abaixo precisa esforço,
JBV155,Especial-JBV-hotel-JR-1Q,Especial,SC,"Florianópolis, SC","Florianópolis, SC, Jurerê",0,243,7632.35,25,7692.08,2025-10,0.8387,0.6447,26,31,358.23,241.5,2,0,2025-10-27,0.99,0.0,59.72999999999956,berlinda,2,1.0,8115.35,8037.4421,1.8752788582541906,6.7114093959731544,Baixa,🟢 Abaixo viável,
LDN201,Cabo_Frio-Centro-apartamento-JR-3Q,Carteira 4,RJ,"Cabo Frio, RJ","Cabo Frio, RJ, Braga",13,602,3176.87,103,3342.34,2025-10,0.7778,0.4987,14,31,294.07,218.67,3,3,2025-10-27,0.95,3822.91,165.47000000000025,berlinda,3,1.0,3832.88,3687.1145779999997,10.825746303487994,82.21476510067114,Crítico,🟢 Abaixo viável,
NWT0612,Especial-NWT-apartamento-TOP-1Q,Carteira 5,AL,"Maceió, AL","Maceió, AL, Pajuçara",0,184,4499.78,34,5613.71,2025-10,0.6774,0.7261,21,31,262.29,250.0,4,0,2025-10-27,0.8,0.0,1113.9300000000003,berlinda,4,5.0,5499.78,5177.179999999999,9.921513580145755,76.1744966442953,Alta,🟠 Abaixo precisa esforço,
OBP0201,Penha-Beto_Carrero-apartamento-TOP-2Q,Carteira 3,SC,"Penha, SC","Penha, SC, Armação",1,21,3193.47,46,3934.12,2025-10,0.5,0.4571,15,31,268.33,179.0,3,0,2025-10-27,0.81,268.33,740.6500000000001,berlinda,3,5.0,3730.47,3461.97,6.73982237450815,49.328859060402685,Média,🟠 Abaixo precisa esforço,
PKS0115,Guara-Geral-apartamento-SUP-1Q,Carteira 1,DF,"Brasília, DF","Brasília, DF, Asa Norte",0,181,3277.31,32,3330.06,2025-10,0.7742,0.6659,24,31,163.92,150.0,2,0,2025-10-27,0.98,0.0,52.75,berlinda,2,1.0,3577.31,3509.5699999999997,2.3760833138141653,8.389261744966444,Baixa,🟢 Abaixo viável,
SGS0106,Florianopolis-Beira_Mar-apartamento-SUP-1Q,Carteira 4,SC,"Florianópolis, SC","Florianópolis, SC, Centro",0,50,3425.34,21,3548.96,2025-10,0.7742,0.4802,24,31,177.25,130.0,1,0,2025-10-27,0.97,0.0,123.61999999999989,berlinda,1,1.0,3555.34,3525.9860000000003,4.528256165186417,25.16778523489933,Média,🟠 Abaixo precisa esforço,
BDR521,Florianopolis-Lagoa-apartamento-SUP-1Q,Carteira 1,SC,"Florianópolis, SC","Florianópolis, SC, Lagoa da Conceição",1,1254,2654.76,23,2810.1,2025-10,0.7333,0.6661,22,31,156.27,148.0,2,0,2025-10-27,0.94,156.27,155.3399999999997,berlinda,2,2.0,2950.76,2871.8168,4.090658695420084,19.12751677852349,Baixa,🟢 Abaixo viável,
ESA0902,Balneario_Camboriu-Norte-apartamento-SUP-3Q,Carteira 6,SC,"Balneário Camboriú, SC","Balneário Camboriú, SC, Centro",9,391,5018.13,26,5441.98,2025-10,0.8636,0.5779,19,31,345.63,,0,4,2025-10-27,0.92,3110.67,423.84999999999945,berlinda,0,0.0,,,,,Baixa,🔴 Abaixo inviável,
OAG0820,Sao_Paulo-Pinheiros-apartamento-TOP-1Q,Carteira 4,SP,"São Paulo, SP","São Paulo, SP, Cerqueira César",2,337,4796.31,262,5251.9,2025-10,0.7241,0.6952,21,31,277.05,201.67,3,0,2025-10-27,0.91,554.1,455.58999999999924,berlinda,3,3.0,5401.320000000001,5234.397741000001,5.831466408982139,38.92617449664429,Média,🟠 Abaixo precisa esforço,
PGL0301,Florianopolis-Canasvieiras_Perto-apartamento-TOP-3Q,Carteira 1,SC,"Florianópolis, SC","Florianópolis, SC, Canasvieiras",8,14,6632.47,11,6910.07,2025-10,0.9565,0.5473,22,31,357.36,,0,0,2025-10-27,0.96,2858.88,277.59999999999945,berlinda,0,0.0,,,,,Baixa,🔴 Abaixo inviável,
STL401,Camboriu-Tabuleiro-apartamento-SUP-2Q,Carteira 6,SC,"Balneário Camboriú, SC","Balneário Camboriú, SC, Vila Real",8,635,2481.64,22,2753.29,2025-10,0.6522,0.5238,15,31,209.87,,0,0,2025-10-27,0.9,1678.96,271.6500000000001,berlinda,0,0.0,,,,,Baixa,🔴 Abaixo inviável,
ECP055,Balneario_Camboriu-Centro-apartamento-SUP-1Q,Carteira 6,SC,"Balneário Camboriú, SC","Balneário Camboriú, SC, Centro",0,889,3172.2,43,3522.82,2025-10,0.7742,0.5967,24,31,182.08,,0,0,2025-10-27,0.9,0.0,350.62000000000035,berlinda,0,0.0,,,,,Baixa,🔴 Abaixo inviável,
ILC4415,Especial-ILC-hotel-TOP-1Q,Especial,SC,"Florianópolis, SC","Florianópolis, SC, Jurerê Internacional",0,1769,8680.98,28,10019.61,2025-10,0.7419,0.8614,23,31,449.17,381.0,3,0,2025-10-27,0.87,0.0,1338.630000000001,berlinda,3,4.0,9823.98,9528.9717,12.725496052241562,88.9261744966443,Crítico,🟠 Abaixo precisa esforço,
JBV232,Especial-JBV-hotel-TOP-1Q,Especial,SC,"Florianópolis, SC","Florianópolis, SC, Jurerê",0,1062,9528.88,32,10019.61,2025-10,0.9355,0.8219,29,31,411.41,288.0,1,0,2025-10-27,0.95,0.0,490.7300000000014,berlinda,1,2.0,9816.88,9798.304,7.05268169120357,52.348993288590606,Alta,🟠 Abaixo precisa esforço,
RVM0203,Florianopolis-Novo_Campeche-apartamento-TOP-1Q,Carteira 1,SC,"Florianópolis, SC","Florianópolis, SC, Campeche",1,126,4867.67,44,5196.56,2025-10,0.8333,0.6872,25,31,234.32,322.0,2,0,2025-10-27,0.94,234.32,328.8900000000003,berlinda,2,2.0,5511.67,5404.3152,10.189681250673532,77.85234899328859,Alta,🟢 Abaixo viável,
SIP0709,Salvador-Piata-apartamento-SUP-1Q,Carteira 5,BA,"Salvador, BA","Salvador, BA, Itapuã",2,33,2615.15,20,3044.46,2025-10,0.6552,0.6481,19,31,171.26,154.0,1,28,2025-10-27,0.86,342.52,429.30999999999995,berlinda,1,3.0,2769.15,2716.0508,7.2386936709082494,54.69798657718121,Alta,🟠 Abaixo precisa esforço,
SPT0407,Blumenau-Central-apartamento-JR-1Q,Carteira 4,SC,"Blumenau, SC","Blumenau, SC, Itoupava Seca",6,420,5099.57,48,6119.8,2025-10,0.72,0.5972,18,31,332.78,,0,14,2025-10-27,0.83,1996.6799999999998,1020.2300000000005,berlinda,0,0.0,,,,,Baixa,🔴 Abaixo inviável,
VBM1313,Sao_Paulo-Mariana-apartamento-SUP-1Q,Carteira 4,SP,"São Paulo, SP","São Paulo, SP, Vila Clementino",0,363,2635.8,173,2959.28,2025-10,0.6452,0.5572,20,31,160.3,130.0,2,0,2025-10-27,0.89,0.0,323.48,berlinda,2,3.0,2895.8,2803.552,4.73678282104656,27.516778523489933,Média,🟠 Abaixo precisa esforço,
VDG114,Florianopolis-Ingleses_Norte-apartamento-JR-1Q,Carteira 1,SC,"Florianópolis, SC","Florianópolis, SC, Ingleses do Rio Vermelho",0,1149,1618.65,52,1857.64,2025-10,0.4194,0.4408,13,31,160.77,117.0,4,0,2025-10-27,0.87,0.0,238.99,berlinda,4,3.0,2086.65,1814.9292,5.017446868069163,30.87248322147651,Média,🟠 Abaixo precisa esforço,
BVA0601,Sao_Paulo-Republica-apartamento-SUP-1Q,Carteira 4,SP,"São Paulo, SP","São Paulo, SP, Bela Vista",0,379,2725.0,465,3003.05,2025-10,0.7097,0.6661,22,31,146.82,,0,0,2025-10-27,0.91,0.0,278.0500000000002,berlinda,0,0.0,,,,,Baixa,🔴 Abaixo inviável,
CAA103,Bombinhas-Centro-apartamento-JR-2Q,Carteira 6,SC,"Bombinhas, SC","Bombinhas, SC, Centro",1,1063,2613.93,26,2650.16,2025-10,0.7333,0.3054,22,31,144.5,90.0,1,0,2025-10-27,0.99,144.5,36.23000000000002,berlinda,1,1.0,2703.93,2679.9269999999997,1.2303785431822991,1.342281879194631,Baixa,🟢 Abaixo viável,
NWT1306,Especial-NWT-apartamento-TOP-1Q,Carteira 5,AL,"Maceió, AL","Maceió, AL, Pajuçara",0,272,5572.8,34,5613.71,2025-10,0.7419,0.7261,23,31,313.43,280.0,2,0,2025-10-27,0.99,0.0,40.909999999999854,berlinda,2,1.0,6132.8,5988.264,2.040504407958366,7.046979865771812,Baixa,🟢 Abaixo viável,
NXO2104,Sao_Paulo-Bela_Vista-apartamento-SUP-1Q,Carteira 4,SP,"São Paulo, SP","São Paulo, SP, Consolação",2,541,3079.05,596,3350.19,2025-10,0.6552,0.6478,19,31,188.32,150.0,1,0,2025-10-27,0.92,376.64,271.1399999999999,berlinda,1,2.0,3229.05,3177.3300000000004,6.0699542414012315,40.939597315436245,Média,🟠 Abaixo precisa esforço,
SPT0104,Blumenau-Central-apartamento-JR-1Q,Carteira 4,SC,"Blumenau, SC","Blumenau, SC, Itoupava Seca",0,560,5175.42,48,6119.8,2025-10,0.4839,0.5972,15,31,493.67,101.25,4,15,2025-10-27,0.85,0.0,944.3800000000001,berlinda,4,10.0,5580.42,5371.3995,1.5624444426288442,5.369127516778524,Baixa,🟠 Abaixo precisa esforço,
AYR0202,Florianopolis-Canasvieiras_Perto-apartamento-SUP-2Q,Carteira 1,SC,"Florianópolis, SC","Florianópolis, SC, Canasvieiras",0,266,3103.81,17,3623.41,2025-10,0.5484,0.4891,17,31,229.82,223.0,2,0,2025-10-27,0.86,0.0,519.5999999999999,berlinda,2,3.0,3549.81,3348.3964,10.659461667324425,80.87248322147651,Crítico,🟠 Abaixo precisa esforço,
IDF105,Florianopolis-Canasvieiras_Perto-apartamento-SUP-1Q,Carteira 1,SC,"Florianópolis, SC","Florianópolis, SC, Canasvieiras",6,741,2392.74,25,2919.75,2025-10,0.84,0.6221,21,31,140.57,125.5,2,0,2025-10-27,0.82,843.42,527.0100000000002,berlinda,2,5.0,2643.74,2603.58,4.530508091446187,25.503355704697988,Média,🟠 Abaixo precisa esforço,
NWT0610,Especial-NWT-apartamento-TOP-1Q,Carteira 5,AL,"Maceió, AL","Maceió, AL, Pajuçara",0,184,4704.29,34,5613.71,2025-10,0.7419,0.7261,23,31,264.26,,0,0,2025-10-27,0.84,0.0,909.4200000000001,berlinda,0,0.0,,,,,Baixa,🔴 Abaixo inviável,
PDL005,Porto_Seguro-Pataxos-apartamento-JR-2Q,Carteira 2,BA,"Porto Seguro, BA","Porto Seguro, BA, Paraíso dos Pataxós",0,513,2949.44,68,3142.14,2025-10,0.5806,0.5275,18,31,223.11,142.5,4,0,2025-10-27,0.94,0.0,192.69999999999982,berlinda,4,2.0,3519.44,3280.382,4.369593652733483,22.483221476510067,Média,🟢 Abaixo viável,
CVE402,Guarapari-Praia_do_Morro-apartamento-JR-3Q,Carteira 4,ES,"Guarapari, ES","Guarapari, ES, Praia do Morro",8,589,3230.29,49,3372.31,2025-10,0.8696,0.5333,20,31,185.6,176.0,2,0,2025-10-27,0.96,1484.8,142.01999999999998,berlinda,2,1.0,3582.29,3536.3892,7.4119876286581,57.38255033557047,Alta,🟢 Abaixo viável,
RAL203,Florianopolis-Ingleses_Centro-apartamento-JR-2Q,Carteira 1,SC,"Florianópolis, SC","Florianópolis, SC, Ingleses do Rio Vermelho",1,648,1342.63,21,1504.5,2025-10,0.4,0.4685,12,31,135.83,133.5,4,0,2025-10-27,0.89,135.83,161.8699999999999,berlinda,4,2.0,1876.63,1556.23,7.1816699900299055,53.355704697986575,Alta,🟢 Abaixo viável,
IAB109,Camaçari-Itacimirim-apartamento-SUP-2Q,Carteira 2,BA,"Camaçari, BA","Camaçari, BA, Itacimirim",1,610,2898.44,25,3503.7,2025-10,0.3,0.4649,9,31,350.0,350.0,4,31,2025-10-27,0.83,350.0,605.2599999999998,berlinda,4,2.0,4298.4400000000005,3318.44,30.23104147044553,99.32885906040269,Crítico,🟠 Abaixo precisa esforço,
RGF1201,Salvador-Flamengo-apartamento-TOP-1Q,Carteira 2,BA,"Salvador, BA","Salvador, BA, Itapuã",1,159,3540.59,29,4009.88,2025-10,0.8333,0.6794,25,31,174.52,150.0,1,0,2025-10-27,0.88,174.52,469.28999999999996,berlinda,1,4.0,3690.59,3665.585,4.388753528783903,22.818791946308725,Média,🟠 Abaixo precisa esforço,
RGOA701,Itapema-Meia_Praia-Sul-apartamento-SUP-2Q,Carteira 6,SC,"Itapema, SC","Itapema, SC, Castelo Branco",0,89,2823.64,11,3466.72,2025-10,0.7419,0.404,23,31,155.61,120.0,3,0,2025-10-27,0.81,0.0,643.0799999999999,berlinda,3,6.0,3183.64,3090.7239999999997,3.7100198458485245,16.44295302013423,Baixa,🟠 Abaixo precisa esforço,
BLSA1656,Goiania-Central-apartamento-TOP-1Q,Carteira 1,GO,"Goiânia, GO","Goiânia, GO, Setor Marista",0,600,2816.13,53,3116.1,2025-10,0.6129,0.5687,19,31,178.53,161.5,2,0,2025-10-27,0.9,0.0,299.9699999999998,berlinda,2,2.0,3139.13,3014.0967,7.773363338788865,60.06711409395973,Alta,🟠 Abaixo precisa esforço,
CCS0205,Florianopolis-Campeche_Praia-apartamento-TOP-1Q,Carteira 1,SC,"Florianópolis, SC","Florianópolis, SC, Campeche",4,586,3449.09,16,3929.65,2025-10,0.9259,0.5969,25,31,181.92,160.0,2,0,2025-10-27,0.88,727.68,480.55999999999995,berlinda,2,4.0,3769.09,3745.378,4.891631570241624,29.194630872483224,Média,🟠 Abaixo precisa esforço,
NWT1019,Especial-NWT-apartamento-TOP-1Q,Carteira 5,AL,"Maceió, AL","Maceió, AL, Pajuçara",1,168,5324.43,34,5613.71,2025-10,0.7333,0.7261,22,31,300.27,280.0,3,0,2025-10-27,0.95,300.27,289.27999999999975,berlinda,3,2.0,6164.43,5940.402,7.214337755245632,54.36241610738255,Alta,🟢 Abaixo viável,
RAP0306,Florianopolis-Campeche_Praia-apartamento-SUP-1Q,Carteira 1,SC,"Florianópolis, SC","Florianópolis, SC, Campeche",2,299,3985.84,61,4056.51,2025-10,0.8966,0.6275,26,31,206.58,154.0,2,0,2025-10-27,0.98,413.16,70.67000000000007,berlinda,2,1.0,4293.84,4261.9928,2.6828924370949436,10.40268456375839,Baixa,🟢 Abaixo viável,
TRS0003,Penha-Beto_Carrero-casa-SUP-1Q,Carteira 3,SC,"Penha, SC","Penha, SC, Armação",0,133,2037.95,23,2348.45,2025-10,0.5484,0.6374,17,31,150.06,120.75,4,0,2025-10-27,0.87,0.0,310.4999999999998,berlinda,4,3.0,2520.95,2302.8272,5.321648321233148,33.557046979865774,Média,🟠 Abaixo precisa esforço,
NWT1004,Especial-NWT-apartamento-TOP-1Q,Carteira 5,AL,"Maceió, AL","Maceió, AL, Pajuçara",0,168,5221.52,34,5613.71,2025-10,0.6774,0.7261,21,31,291.19,280.0,1,0,2025-10-27,0.93,0.0,392.1899999999996,berlinda,1,2.0,5501.52,5411.192,9.780804494710262,75.50335570469798,Alta,🟠 Abaixo precisa esforço,
ESP0301,Florianopolis-Jurere_Internacional-apartamento-SUP-2Q,Carteira 1,SC,"Florianópolis, SC","Florianópolis, SC, Jurerê",0,23,3388.59,17,3601.03,2025-10,0.5806,0.3488,18,31,213.33,180.0,2,0,2025-10-27,0.94,0.0,212.44000000000005,berlinda,2,2.0,3748.59,3597.606,5.309480898520702,33.22147651006711,Média,🟠 Abaixo precisa esforço,
ISC1511,Sao_Paulo-Republica-apartamento-TOP-1Q,Carteira 4,SP,"São Paulo, SP","São Paulo, SP, Vila Buarque",0,468,3719.27,102,4032.47,2025-10,0.8387,0.6525,26,31,168.92,,0,0,2025-10-27,0.92,0.0,313.1999999999998,berlinda,0,0.0,,,,,Baixa,🔴 Abaixo inviável,
JBV173,Especial-JBV-hotel-JR-1Q,Especial,SC,"Florianópolis, SC","Florianópolis, SC, Jurerê",0,1667,6753.45,25,7692.08,2025-10,0.8065,0.6447,25,31,343.8,221.0,1,0,2025-10-27,0.88,0.0,938.6300000000001,berlinda,1,5.0,6974.45,6931.6865,5.393527628417802,34.22818791946309,Média,🟠 Abaixo precisa esforço,
NWT0805,Especial-NWT-apartamento-TOP-1Q,Carteira 5,AL,"Maceió, AL","Maceió, AL, Pajuçara",1,299,5319.91,34,5613.71,2025-10,0.7333,0.7261,22,31,282.0,280.0,1,0,2025-10-27,0.95,282.0,293.8000000000002,berlinda,1,2.0,5599.91,5525.2339999999995,7.327061782671357,56.04026845637584,Alta,🟠 Abaixo precisa esforço,
SOT0202,Florianopolis-Jurere_Tradicional-apartamento-TOP-1Q,Carteira 1,SC,"Florianópolis, SC","Florianópolis, SC, Jurerê",0,246,4075.07,16,4831.55,2025-10,0.8387,0.6121,26,31,211.46,,0,0,2025-10-27,0.84,0.0,756.48,berlinda,0,0.0,,,,,Baixa,🔴 Abaixo inviável,
JBM201,Florianopolis-Jurere_Tradicional-apartamento-TOP-1Q,Carteira 1,SC,"Florianópolis, SC","Florianópolis, SC, Jurerê",3,1940,4764.92,16,4831.55,2025-10,0.9643,0.6121,27,31,227.07,,0,0,2025-10-27,0.99,681.21,66.63000000000011,berlinda,0,0.0,,,,,Baixa,🔴 Abaixo inviável,
RJI0046,Ubatuba-Itagua-apartamento-JR-2Q,Carteira 4,SP,"Ubatuba, SP","Ubatuba, SP, Itaguá",2,344,2292.46,142,2666.95,2025-10,0.5517,0.5265,16,31,186.69,179.0,2,0,2025-10-27,0.86,373.38,374.4899999999998,berlinda,2,3.0,2650.46,2489.9686,8.378323553122476,65.1006711409396,Alta,🟠 Abaixo precisa esforço,
SOT0203,Florianopolis-Jurere_Tradicional-apartamento-TOP-1Q,Carteira 1,SC,"Florianópolis, SC","Florianópolis, SC, Jurerê",0,246,3954.06,16,4831.55,2025-10,0.8065,0.6121,25,31,205.81,,0,0,2025-10-27,0.82,0.0,877.4900000000002,berlinda,0,0.0,,,,,Baixa,🔴 Abaixo inviável,
SPT0205,Blumenau-Central-apartamento-JR-1Q,Carteira 4,SC,"Blumenau, SC","Blumenau, SC, Itoupava Seca",0,478,5410.83,48,6119.8,2025-10,0.5161,0.5972,16,31,405.88,101.25,4,15,2025-10-27,0.88,0.0,708.9700000000003,berlinda,4,8.0,5815.83,5619.8505,1.4662083013333773,4.026845637583892,Baixa,🟠 Abaixo precisa esforço,
ELF0607,Bombinhas-Bombas-apartamento-SUP-1Q,Especial,SC,"Bombinhas, SC","Bombinhas, SC, José Amândio",11,133,1396.28,42,1744.23,2025-10,0.35,0.3583,7,31,228.0,228.0,3,24,2025-10-27,0.8,2508.0,347.95000000000005,berlinda,3,2.0,2080.2799999999997,1635.6799999999998,22.74143891573932,96.97986577181209,Crítico,🟠 Abaixo precisa esforço,
IAA0502,Recife-Boa_Viagem-apartamento-TOP-1Q,Carteira 2,PE,"Recife, PE","Recife, PE, Boa Viagem",2,567,4632.05,52,5250.68,2025-10,0.8966,0.7529,26,31,214.38,,0,0,2025-10-27,0.88,428.76,618.6300000000001,berlinda,0,0.0,,,,,Baixa,🔴 Abaixo inviável,
SBA0401,Maceio-Jatiuca-apartamento-JR-3Q,Carteira 2,AL,"Maceió, AL","Maceió, AL, Jatiúca",9,607,3470.46,18,4275.65,2025-10,0.7273,0.659,16,31,321.13,,0,0,2025-10-27,0.81,2890.17,805.1899999999996,berlinda,0,0.0,,,,,Baixa,🔴 Abaixo inviável,
VLR301,Florianopolis-Centrao-apartamento-SUP-1Q,Carteira 5,SC,"Florianópolis, SC","Florianópolis, SC, Centro",0,957,3750.68,122,3775.97,2025-10,0.9677,0.5975,30,31,148.1,,0,0,2025-10-27,0.99,0.0,25.289999999999964,berlinda,0,0.0,,,,,Baixa,🔴 Abaixo inviável,
EPP0602,Guarapari-Praia_do_Morro-apartamento-JR-3Q,Carteira 4,ES,"Guarapari, ES","Guarapari, ES, Praia do Morro",0,168,3265.49,49,3372.31,2025-10,0.7419,0.5333,23,31,194.04,160.67,3,0,2025-10-27,0.97,0.0,106.82000000000016,berlinda,3,1.0,3747.5,3623.093219,5.089321385044682,31.879194630872483,Média,🟢 Abaixo viável,
ILH106,Florianopolis-Canasvieiras_Perto-apartamento-TOP-3Q,Carteira 1,SC,"Florianópolis, SC","Florianópolis, SC, Canasvieiras",9,768,5822.93,11,6910.07,2025-10,0.9091,0.5473,20,31,381.85,250.0,1,0,2025-10-27,0.84,3436.65,1087.1399999999994,berlinda,1,5.0,6072.93,6050.205,7.866345782314792,61.40939597315436,Alta,🟠 Abaixo precisa esforço,
OKA120,Florianopolis-Campeche-apartamento-SUP-1Q,Carteira 1,SC,"Florianópolis, SC","Florianópolis, SC, Campeche",0,1009,2643.96,25,2756.73,2025-10,0.5484,0.5652,17,31,185.06,201.33,3,0,2025-10-27,0.96,0.0,112.76999999999998,berlinda,3,1.0,3247.95,2975.1881160000003,8.235838874318482,64.42953020134227,Alta,🟢 Abaixo viável,
PRM007,Santa_Cruz_Cabralia-Coroa_Vermelha-apartamento-SUP-2Q,Carteira 2,BA,"Santa Cruz Cabrália, BA","Santa Cruz Cabrália, BA, Coroa Vermelha",3,527,3764.48,45,4511.23,2025-10,0.5357,0.6517,15,31,276.6,216.0,2,0,2025-10-27,0.83,829.8000000000001,746.7499999999995,berlinda,2,4.0,4196.48,3995.9024,8.938692995036817,70.13422818791946,Alta,🟠 Abaixo precisa esforço,
RES201,Florianopolis-Ingleses_Praia-apartamento-SUP-1Q,Carteira 1,SC,"Florianópolis, SC","Florianópolis, SC, Ingleses do Rio Vermelho",0,827,2136.02,37,2408.79,2025-10,0.3226,0.4799,10,31,253.9,,0,26,2025-10-27,0.89,0.0,272.77,berlinda,0,0.0,,,,,Baixa,🔴 Abaixo inviável,
SZT0375,Itapema-Meia_Praia-Norte-apartamento-TOP-3Q,Carteira 6,SC,"Itapema, SC","Itapema, SC, Meia Praia",7,22,3800.03,12,4301.85,2025-10,0.6667,0.2952,16,31,300.37,264.0,4,0,2025-10-27,0.88,2102.59,501.82000000000016,berlinda,4,2.0,4856.030000000001,4504.0652,15.398082220440054,93.6241610738255,Crítico,🟢 Abaixo viável,
VGT025,Ilheus-Sul-apartamento-JR-2Q,Carteira 2,BA,"Ilhéus, BA","Ilhéus, BA, Nossa Senhora da Vitória",0,180,2209.02,31,2401.98,2025-10,0.5806,0.44,18,31,149.67,120.5,2,0,2025-10-27,0.92,0.0,192.96000000000004,berlinda,2,2.0,2450.02,2348.9446,4.8401069117977675,28.523489932885905,Média,🟠 Abaixo precisa esforço,
GDP0107,Brasilia-Asa_Sul-apartamento-SUP-1Q,Carteira 1,DF,"Brasília, DF","Brasília, DF, Asa Sul",3,614,3865.33,121,4038.99,2025-10,0.8214,0.7987,23,31,205.78,168.0,1,0,2025-10-27,0.96,617.34,173.65999999999985,berlinda,1,2.0,4033.33,4003.3251999999998,3.6116553890947958,16.10738255033557,Baixa,🟠 Abaixo precisa esforço,
HAL103,Florianopolis-Novo_Campeche-apartamento-TOP-1Q,Carteira 1,SC,"Florianópolis, SC","Florianópolis, SC, Campeche",3,789,4510.22,44,5196.56,2025-10,0.75,0.6872,21,31,275.95,218.0,2,3,2025-10-27,0.87,827.8499999999999,686.3400000000001,berlinda,2,4.0,4946.22,4837.22,7.1981329956740625,54.0268456375839,Alta,🟠 Abaixo precisa esforço,
OGD0401,Florianopolis-Beira_Mar-apartamento-TOP-1Q,Carteira 4,SC,"Florianópolis, SC","Florianópolis, SC, Centro",0,217,4221.39,14,4739.81,2025-10,0.8065,0.6267,25,31,201.76,225.0,4,0,2025-10-27,0.89,0.0,518.4200000000001,berlinda,4,3.0,5121.39,4947.240000000001,8.203176920593863,63.758389261744966,Alta,🟢 Abaixo viável,
RUP0805,Blumenau-Central-apartamento-SUP-1Q,Carteira 4,SC,"Blumenau, SC","Blumenau, SC, Escola Agrícola",0,371,6731.35,77,8352.92,2025-10,0.5484,0.6104,17,31,420.95,,0,0,2025-10-27,0.81,0.0,1621.5699999999997,berlinda,0,0.0,,,,,Baixa,🔴 Abaixo inviável,
SFR0401,Bombinhas-Centro-apartamento-SUP-1Q,Carteira 6,SC,"Bombinhas, SC","Bombinhas, SC, Centro",0,6,2560.15,32,2630.32,2025-10,0.6452,0.5814,20,31,140.3,167.0,1,0,2025-10-27,0.97,0.0,70.17000000000007,berlinda,1,1.0,2727.15,2667.8984,4.455119529182765,23.154362416107382,Média,🟢 Abaixo viável,
YVD1301,Balneario_Camboriu-Intermediario-apartamento-SUP-3Q,Carteira 6,SC,"Balneário Camboriú, SC","Balneário Camboriú, SC, Centro",7,609,3156.09,41,3723.0,2025-10,0.75,0.4741,18,31,226.39,165.0,1,0,2025-10-27,0.85,1584.73,566.9099999999999,berlinda,1,4.0,3321.09,3279.84,6.2812348912167595,43.288590604026844,Média,🟠 Abaixo precisa esforço,
MRV0001,Imbituba-Praia_do_Rosa-casa-SUP-3Q,Carteira 6,SC,"Imbituba, SC","Imbituba, SC, Praia do Rosa",9,376,2748.24,12,2771.82,2025-10,0.5909,0.3022,13,31,277.15,176.67,3,0,2025-10-27,0.99,2494.35,23.580000000000382,berlinda,3,1.0,3278.25,3061.422909,1.5029398012858226,4.3624161073825505,Baixa,🟢 Abaixo viável,
NWT0903,Especial-NWT-apartamento-TOP-1Q,Carteira 5,AL,"Maceió, AL","Maceió, AL, Pajuçara",1,188,4612.82,34,5613.71,2025-10,0.7333,0.7261,22,31,251.86,250.0,1,0,2025-10-27,0.82,251.86,1000.8900000000003,berlinda,1,5.0,4862.82,4796.1449999999995,8.914692778928734,69.12751677852349,Alta,🟠 Abaixo precisa esforço,
RCX1807,Itajai-Praia_Brava-apartamento-MASTER-2Q,Carteira 6,SC,"Itajaí, SC","Itajaí, SC, Praia Brava",0,230,5136.96,13,5673.75,2025-10,0.7419,0.6364,23,31,242.09,282.0,4,10,2025-10-27,0.91,0.0,536.79,berlinda,4,2.0,6264.96,5973.8232,13.339923331130203,89.59731543624162,Crítico,🟢 Abaixo viável,
STP1106,Guarapari-Centro-apartamento-SUP-1Q,Carteira 4,ES,"Guarapari, ES","Guarapari, ES, Centro",0,183,2654.55,34,2863.3,2025-10,0.6129,0.6846,19,31,171.37,124.0,2,0,2025-10-27,0.93,0.0,208.75,berlinda,2,2.0,2902.55,2806.5492000000004,4.520134110990815,24.496644295302016,Média,🟠 Abaixo precisa esforço,
TPS108,Florianopolis-Canasvieiras_Meio-apartamento-TOP-1Q,Carteira 1,SC,"Florianópolis, SC","Florianópolis, SC, Canasvieiras",0,972,2759.44,29,2888.12,2025-10,0.7419,0.6699,23,31,147.3,208.0,3,0,2025-10-27,0.96,0.0,128.67999999999984,berlinda,3,1.0,3383.44,3222.3856,9.267426561223207,73.15436241610739,Alta,🟢 Abaixo viável,
VST020,Especial-VST-casa-TOP-1Q,Carteira 5,SC,"Anitápolis, SC","Anitápolis, SC, Rio dos Pinheiros",0,92,2318.86,45,2754.3,2025-10,0.4194,0.2088,13,31,227.29,160.0,3,0,2025-10-27,0.84,0.0,435.44000000000005,berlinda,3,3.0,2798.86,2520.172,8.431712836897457,66.10738255033557,Alta,🟠 Abaixo precisa esforço,
DPR0003,Balneario_Camboriu-Sul-apartamento-JR-1Q,Carteira 6,SC,"Balneário Camboriú, SC","Balneário Camboriú, SC, Barra",0,224,1468.28,35,1665.23,2025-10,0.4839,0.5526,15,31,112.6,110.0,1,0,2025-10-27,0.88,0.0,196.95000000000005,berlinda,1,2.0,1578.28,1521.509,6.504957273169473,45.302013422818796,Média,🟠 Abaixo precisa esforço,
LTL0301,Itapema-Praia_Itapema-apartamento-TOP-2Q,Carteira 6,SC,"Itapema, SC","Itapema, SC, Morretes",1,133,2771.13,14,3310.8,2025-10,0.6667,0.3889,20,31,170.15,162.75,4,0,2025-10-27,0.84,170.15,539.6700000000001,berlinda,4,4.0,3422.13,3205.1517,6.632180477528091,47.31543624161073,Média,🟠 Abaixo precisa esforço,
NVI501,Balneario_Camboriu-Sul-apartamento-SUP-2Q,Carteira 6,SC,"Balneário Camboriú, SC","Balneário Camboriú, SC, Barra Sul",0,881,3891.03,82,4251.44,2025-10,0.5806,0.545,18,31,259.0,,0,0,2025-10-27,0.92,0.0,360.4099999999994,berlinda,0,0.0,,,,,Baixa,🔴 Abaixo inviável,
NWT0711,Especial-NWT-apartamento-TOP-1Q,Carteira 5,AL,"Maceió, AL","Maceió, AL, Pajuçara",0,154,5229.46,34,5613.71,2025-10,0.7419,0.7261,23,31,285.57,280.0,4,0,2025-10-27,0.93,0.0,384.25,berlinda,4,2.0,6349.46,6060.388,9.582789278391651,75.16778523489933,Alta,🟢 Abaixo viável,
ORN0101,Florianopolis-Ingleses_Norte-apartamento-JR-2Q,Carteira 1,SC,"Florianópolis, SC","Florianópolis, SC, Ingleses do Rio Vermelho",6,323,1816.46,32,2245.74,2025-10,0.52,0.5091,13,31,196.15,162.0,4,0,2025-10-27,0.81,1176.9,429.27999999999975,berlinda,4,3.0,2464.46,2153.42,10.322263485532602,78.85906040268456,Alta,🟠 Abaixo precisa esforço,
EAN503,Balneario_Camboriu-Centro-apartamento-SUP-2Q,Carteira 6,SC,"Balneário Camboriú, SC","Balneário Camboriú, SC, Centro",0,1034,4107.14,72,4338.54,2025-10,0.8387,0.5488,26,31,177.62,,0,0,2025-10-27,0.95,0.0,231.39999999999964,berlinda,0,0.0,,,,,Baixa,🔴 Abaixo inviável,
ILC2203,Especial-ILC-hotel-JR-1Q,Especial,SC,"Florianópolis, SC","Florianópolis, SC, Jurerê Internacional",7,1940,7414.44,16,7820.79,2025-10,0.75,0.6145,18,31,508.11,338.0,1,0,2025-10-27,0.95,3556.77,406.35000000000036,berlinda,1,2.0,7752.44,7667.94,8.780845669043673,68.12080536912751,Alta,🟠 Abaixo precisa esforço,
LAR0406,Gramado-Centro-apartamento-TOP-2Q,Carteira 4,RS,"Gramado, RS","Gramado, RS, Vila Suiça",7,650,4425.26,53,5324.65,2025-10,0.5417,0.5115,13,31,486.54,388.0,3,0,2025-10-27,0.83,3405.78,899.3899999999994,berlinda,3,3.0,5589.26,5055.7988000000005,21.845775152670427,96.30872483221476,Crítico,🟠 Abaixo precisa esforço,
VNT1011,Sao_Paulo-Pompeia-apartamento-SUP-1Q,Carteira 4,SP,"São Paulo, SP","São Paulo, SP, Perdizes",0,139,2847.91,74,3053.57,2025-10,0.5806,0.5076,18,31,191.28,,0,0,2025-10-27,0.93,0.0,205.6600000000003,berlinda,0,0.0,,,,,Baixa,🔴 Abaixo inviável,
ELS0606,Porto_Alegre-Centro_Historico-apartamento-JR-1Q,Carteira 4,RS,"Porto Alegre, RS","Porto Alegre, RS, Centro Histórico",0,29,1817.77,79,2034.09,2025-10,0.6774,0.6696,21,31,101.43,100.0,1,0,2025-10-27,0.89,0.0,216.31999999999994,berlinda,1,3.0,1917.77,1885.51,3.5449103366452146,15.436241610738255,Baixa,🟠 Abaixo precisa esforço,
ELU106,Florianopolis-Jurere_Tradicional-apartamento-TOP-1Q,Carteira 1,SC,"Florianópolis, SC","Florianópolis, SC, Jurerê",0,1353,4026.35,16,4831.55,2025-10,0.8065,0.6121,25,31,197.88,,0,0,2025-10-27,0.83,0.0,805.2000000000003,berlinda,0,0.0,,,,,Baixa,🔴 Abaixo inviável,
JBV334,Especial-JBV-hotel-JR-1Q,Especial,SC,"Florianópolis, SC","Florianópolis, SC, Jurerê",0,1654,7161.05,25,7692.08,2025-10,0.8065,0.6447,25,31,361.4,276.0,3,0,2025-10-27,0.93,0.0,531.0299999999997,berlinda,3,2.0,7989.05,7828.832,9.526960198021856,74.49664429530202,Alta,🟢 Abaixo viável,
MMD0602,Ilheus-Sul-apartamento-TOP-2Q,Carteira 2,BA,"Ilhéus, BA","Ilhéus, BA, São Francisco",5,268,3210.86,17,3459.9,2025-10,0.6538,0.4935,17,31,303.0,,0,0,2025-10-27,0.93,1515.0,249.03999999999996,berlinda,0,0.0,,,,,Baixa,🔴 Abaixo inviável,
NWT0604,Especial-NWT-apartamento-TOP-1Q,Carteira 5,AL,"Maceió, AL","Maceió, AL, Pajuçara",0,184,4790.37,34,5613.71,2025-10,0.7097,0.7261,22,31,258.55,250.0,3,0,2025-10-27,0.85,0.0,823.3400000000001,berlinda,3,4.0,5540.37,5322.645,9.166620648376922,71.14093959731544,Alta,🟠 Abaixo precisa esforço,
NWT1203,Especial-NWT-apartamento-TOP-1Q,Carteira 5,AL,"Maceió, AL","Maceió, AL, Pajuçara",1,335,4819.75,34,5613.71,2025-10,0.6667,0.7261,20,31,309.25,280.0,2,0,2025-10-27,0.86,309.25,793.96,berlinda,2,3.0,5379.75,5193.102,13.200349382731442,89.26174496644296,Crítico,🟠 Abaixo precisa esforço,
PSOA1102,Penha-Beto_Carrero-apartamento-SUP-1Q,Carteira 3,SC,"Penha, SC","Penha, SC, Praia de Armação do Itapocoroi",0,98,2430.25,18,2566.46,2025-10,0.6129,0.6596,19,31,157.53,153.0,3,0,2025-10-27,0.95,0.0,136.21000000000004,berlinda,3,1.0,2889.25,2711.5711,8.120185001909245,63.08724832214765,Alta,🟢 Abaixo viável,
ROE210,Brasilia-Asa_Norte-apartamento-SUP-1Q,Carteira 1,DF,"Brasília, DF","Brasília, DF, Setor de Habitações Individuais Norte",0,539,3414.04,93,3756.57,2025-10,0.6774,0.7516,21,31,282.19,,0,0,2025-10-27,0.91,0.0,342.5300000000002,berlinda,0,0.0,,,,,Baixa,🔴 Abaixo inviável,
TPS311,Florianopolis-Canasvieiras_Meio-apartamento-TOP-1Q,Carteira 1,SC,"Florianópolis, SC","Florianópolis, SC, Canasvieiras",0,1000,2570.24,29,2888.12,2025-10,0.7097,0.6699,22,31,357.41,,0,0,2025-10-27,0.89,0.0,317.8800000000001,berlinda,0,0.0,,,,,Baixa,🔴 Abaixo inviável,
CIA2313,Sao_Paulo-Vila_Olimpia-apartamento-TOP-1Q,Carteira 4,SP,"São Paulo, SP","São Paulo, SP, Vila Olímpia",0,253,7317.99,100,8974.42,2025-10,0.8387,0.7417,26,31,347.46,,0,0,2025-10-27,0.82,0.0,1656.4300000000003,berlinda,0,0.0,,,,,Baixa,🔴 Abaixo inviável,
ILC3405,Especial-ILC-hotel-JR-1Q,Especial,SC,"Florianópolis, SC","Florianópolis, SC, Jurerê Internacional",1,1801,7449.81,16,7820.79,2025-10,0.8,0.6145,24,31,370.17,262.0,2,0,2025-10-27,0.95,370.17,370.97999999999956,berlinda,2,2.0,7973.81,7869.01,6.213998841549247,42.61744966442953,Média,🟢 Abaixo viável,
MBH0601,Balneario_Camboriu-Intermediario-apartamento-JR-1Q,Carteira 6,SC,"Balneário Camboriú, SC","Balneário Camboriú, SC, Pioneiros",0,286,2134.33,56,2452.67,2025-10,0.4839,0.5785,15,31,149.6,100.0,2,0,2025-10-27,0.87,0.0,318.34000000000015,berlinda,2,4.0,2334.33,2231.11,3.244831143203123,13.422818791946309,Baixa,🟠 Abaixo precisa esforço,
NWT0419,Especial-NWT-apartamento-TOP-1Q,Carteira 5,AL,"Maceió, AL","Maceió, AL, Pajuçara",2,278,5421.33,34,5613.71,2025-10,0.6207,0.7261,18,31,354.0,290.33,3,0,2025-10-27,0.97,708.0,192.3800000000001,berlinda,3,1.0,6292.32,5961.953493,9.949513850911432,77.18120805369128,Alta,🟢 Abaixo viável,
RGF1406,Salvador-Flamengo-apartamento-TOP-1Q,Carteira 2,BA,"Salvador, BA","Salvador, BA, Itapuã",3,100,3677.23,29,4009.88,2025-10,0.9286,0.6794,26,31,170.35,165.0,2,0,2025-10-27,0.92,511.04999999999995,332.6500000000001,berlinda,2,3.0,4007.23,3983.668,4.562667710754438,25.838926174496645,Média,🟠 Abaixo precisa esforço,
CAV0411,Recife-Boa_Viagem-Bairro-apartamento-JR-1Q,Carteira 2,PE,"Recife, PE","Recife, PE, Boa Viagem",3,196,2808.15,38,3128.51,2025-10,0.8214,0.8061,23,31,153.43,110.0,3,0,2025-10-27,0.9,460.29,320.3600000000001,berlinda,3,3.0,3138.15,3079.212,3.754673417484149,17.114093959731544,Baixa,🟠 Abaixo precisa esforço,
JBV165,Especial-JBV-hotel-JR-1Q,Especial,SC,"Florianópolis, SC","Florianópolis, SC, Jurerê",0,433,7371.1,25,7692.08,2025-10,0.871,0.6447,27,31,1385.82,241.5,2,0,2025-10-27,0.96,0.0,320.97999999999956,berlinda,2,2.0,7854.1,7791.793000000001,5.038732696487809,31.20805369127517,Média,🟢 Abaixo viável,
NWT0308,Especial-NWT-apartamento-TOP-1Q,Carteira 5,AL,"Maceió, AL","Maceió, AL, Pajuçara",0,344,5071.24,34,5613.71,2025-10,0.5484,0.7261,17,31,350.0,350.0,4,31,2025-10-27,0.9,0.0,542.4700000000003,berlinda,4,2.0,6471.24,5839.0,16.91078627146754,94.96644295302013,Crítico,🟢 Abaixo viável,
TPS103,Florianopolis-Canasvieiras_Meio-apartamento-TOP-1Q,Carteira 1,SC,"Florianópolis, SC","Florianópolis, SC, Canasvieiras",0,959,2342.88,29,2888.12,2025-10,0.7097,0.6699,22,31,146.82,168.0,3,0,2025-10-27,0.81,0.0,545.2399999999998,berlinda,3,4.0,2846.88,2700.5688,7.929061119344069,62.41610738255034,Alta,🟠 Abaixo precisa esforço,
TPS207,Florianopolis-Canasvieiras_Meio-apartamento-TOP-1Q,Carteira 1,SC,"Florianópolis, SC","Florianópolis, SC, Canasvieiras",0,999,2730.7,29,2888.12,2025-10,0.7097,0.6699,22,31,159.5,152.0,1,0,2025-10-27,0.95,0.0,157.42000000000007,berlinda,1,2.0,2882.7,2838.5744,4.142459454593301,19.798657718120804,Baixa,🟠 Abaixo precisa esforço,
CPN0303,Florianopolis-Centrao-apartamento-TOP-2Q,Carteira 4,SC,"Florianópolis, SC","Florianópolis, SC, Centro",0,145,4900.2,23,5167.96,2025-10,0.6129,0.5696,19,31,367.32,,0,0,2025-10-27,0.95,0.0,267.7600000000002,berlinda,0,0.0,,,,,Baixa,🔴 Abaixo inviável,
RBM207,Cabo_Frio-Centro-apartamento-JR-3Q,Carteira 4,RJ,"Cabo Frio, RJ","Cabo Frio, RJ, Vila Nova",7,828,3294.28,103,3342.34,2025-10,0.375,0.4987,9,31,400.0,400.0,4,31,2025-10-27,0.99,2800.0,48.059999999999945,berlinda,4,1.0,4894.280000000001,3894.28,5.751659017335155,36.91275167785235,Média,🟢 Abaixo viável,
RLZ0301,Florianopolis-Itacorubi-apartamento-TOP-2Q,Carteira 4,SC,"Florianópolis, SC","Florianópolis, SC, Itacorubi",1,125,2302.24,11,2647.24,2025-10,0.3667,0.3854,11,31,263.91,233.0,3,0,2025-10-27,0.87,263.91,345.0,berlinda,3,2.0,3001.24,2558.5633,15.182794155422252,93.28859060402685,Crítico,🟠 Abaixo precisa esforço,
HRE0025,Ubatuba-Toninhas-apartamento-SUP-2Q,Carteira 4,SP,"Ubatuba, SP","Ubatuba, SP, Toninhas",2,324,4699.49,124,5534.63,2025-10,0.7586,0.6401,22,31,270.32,204.5,2,0,2025-10-27,0.85,540.64,835.1400000000003,berlinda,2,5.0,5108.49,5009.7573999999995,6.171546426771079,41.946308724832214,Média,🟠 Abaixo precisa esforço,
MRD0061,Balneario_Camboriu-Centro-apartamento-SUP-3Q,Carteira 6,SC,"Balneário Camboriú, SC","Balneário Camboriú, SC, Centro",0,69,4071.23,79,4235.1,2025-10,0.5161,0.482,16,31,337.94,225.0,3,0,2025-10-27,0.96,0.0,163.87000000000035,berlinda,3,1.0,4746.23,4419.5975,8.70599277466885,67.4496644295302,Alta,🟢 Abaixo viável,
RVL118,Bombinhas-Mariscal-casa-JR-2Q,Carteira 6,SC,"Bombinhas, SC","Bombinhas, SC, canto grande",0,1119,1882.73,13,1921.85,2025-10,0.6129,0.3131,19,31,124.74,,0,0,2025-10-27,0.98,0.0,39.11999999999989,berlinda,0,0.0,,,,,Baixa,🔴 Abaixo inviável,
SPT0109,Blumenau-Central-apartamento-JR-1Q,Carteira 4,SC,"Blumenau, SC","Blumenau, SC, Itoupava Seca",0,565,5717.29,48,6119.8,2025-10,0.5484,0.5972,17,31,428.26,100.0,2,13,2025-10-27,0.93,0.0,402.5100000000002,berlinda,2,5.0,5917.29,5826.97,1.3154351449393777,2.013422818791946,Baixa,🟠 Abaixo precisa esforço,
LLE0204,Itapema-Meia_Praia-Norte-apartamento-TOP-3Q,Carteira 6,SC,"Itapema, SC","Itapema, SC, Meia Praia",3,28,3875.58,12,4301.85,2025-10,0.6429,0.2952,18,31,279.61,,0,0,2025-10-27,0.9,838.83,426.27000000000044,berlinda,0,0.0,,,,,Baixa,🔴 Abaixo inviável,
NWT0613,Especial-NWT-apartamento-TOP-1Q,Carteira 5,AL,"Maceió, AL","Maceió, AL, Pajuçara",0,184,4992.64,34,5613.71,2025-10,0.7097,0.7261,22,31,263.43,,0,0,2025-10-27,0.89,0.0,621.0699999999997,berlinda,0,0.0,,,,,Baixa,🔴 Abaixo inviável,
NWT0713,Especial-NWT-apartamento-TOP-1Q,Carteira 5,AL,"Maceió, AL","Maceió, AL, Pajuçara",0,149,4963.37,34,5613.71,2025-10,0.6452,0.7261,20,31,295.95,280.0,3,0,2025-10-27,0.88,0.0,650.3400000000001,berlinda,3,3.0,5803.37,5505.338,10.812528612984998,81.54362416107382,Crítico,🟠 Abaixo precisa esforço,
PRV1003,Salvador-Barra-apartamento-SUP-1Q,Carteira 2,BA,"Salvador, BA","Salvador, BA, Barra",1,356,3061.46,209,3347.82,2025-10,0.7,0.601,21,31,169.33,176.0,4,0,2025-10-27,0.91,169.33,286.3600000000001,berlinda,4,2.0,3765.46,3554.26,7.527190828658653,58.053691275167786,Alta,🟢 Abaixo viável,
VGA1002,Itapema-Praia_Centro-apartamento-TOP-3Q,Carteira 6,SC,"Itapema, SC","Itapema, SC, Itapema",9,581,3352.31,8,3719.92,2025-10,0.7273,0.2951,16,31,295.13,,0,0,2025-10-27,0.9,2656.17,367.6100000000001,berlinda,0,0.0,,,,,Baixa,🔴 Abaixo inviável,
VTD0302,Florianopolis-UFSC-apartamento-SUP-1Q,Carteira 4,SC,"Florianópolis, SC","Florianópolis, SC, Trindade",1,106,2203.57,44,2740.41,2025-10,0.4667,0.6164,14,31,192.29,,0,17,2025-10-27,0.8,192.29,536.8399999999997,berlinda,0,0.0,,,,,Baixa,🔴 Abaixo inviável,
RFY0025,Florianopolis-Itacorubi-apartamento-SUP-2Q,Carteira 4,SC,"Florianópolis, SC","Florianópolis, SC, Itacorubi",0,173,3636.99,14,4358.35,2025-10,0.6774,0.5169,21,31,206.43,140.0,2,0,2025-10-27,0.83,0.0,721.3600000000006,berlinda,2,6.0,3916.99,3826.662,3.8619508147196404,18.120805369127517,Baixa,🟠 Abaixo precisa esforço,
VIM0602,Itapema-Praia_Itapema-apartamento-TOP-3Q,Carteira 6,SC,"Itapema, SC","Itapema, SC, Andorinha",5,147,3994.21,13,4503.3,2025-10,0.7308,0.5,19,31,268.79,,0,0,2025-10-27,0.89,1343.95,509.09000000000015,berlinda,0,0.0,,,,,Baixa,🔴 Abaixo inviável,
ILC3415,Especial-ILC-hotel-TOP-1Q,Especial,SC,"Florianópolis, SC","Florianópolis, SC, Jurerê Internacional",3,1940,8330.17,28,10019.61,2025-10,0.7857,0.8614,22,31,469.05,500.0,2,6,2025-10-27,0.83,1407.15,1689.4400000000005,berlinda,2,4.0,9330.17,9115.87,21.076668652771918,95.9731543624161,Crítico,🟠 Abaixo precisa esforço,
NWT0420,Especial-NWT-apartamento-TOP-1Q,Carteira 5,AL,"Maceió, AL","Maceió, AL, Pajuçara",0,335,5152.77,34,5613.71,2025-10,0.7097,0.7261,22,31,277.73,280.0,4,0,2025-10-27,0.92,0.0,460.9399999999996,berlinda,4,2.0,6272.77,5947.634,11.495356903010654,84.56375838926175,Crítico,🟢 Abaixo viável,
VGZ0007,Imbituba-Praia_do_Rosa-casa-SUP-1Q,Carteira 6,SC,"Imbituba, SC","Imbituba, SC, Ibiraquera",2,589,2528.97,50,2553.81,2025-10,0.7586,0.2948,22,31,146.41,110.0,3,0,2025-10-27,0.99,292.82,24.840000000000146,berlinda,3,1.0,2858.97,2779.308,1.0699308092614626,1.006711409395973,Baixa,🟢 Abaixo viável,
LFH0306,Blumenau-Central-apartamento-JR-1Q,Carteira 4,SC,"Blumenau, SC","Blumenau, SC, Escola Agrícola",0,37,5501.08,48,6119.8,2025-10,0.6452,0.5972,20,31,322.0,100.0,4,0,2025-10-27,0.9,0.0,618.7200000000003,berlinda,4,7.0,5901.08,5759.16,1.4443049025878534,3.691275167785235,Baixa,🟠 Abaixo precisa esforço,
NLUG0001,São_Miguel_dos_Milagres-Geral-casa-TOP-3Q,Carteira 2,AL,"Passo de Camaragibe, AL","Passo de Camaragibe, AL, Praia do Marceneiro",4,243,8269.94,21,9000.62,2025-10,0.5926,0.6561,16,31,614.06,3200.0,1,5,2025-10-27,0.92,2456.24,730.6800000000003,berlinda,1,1.0,11469.94,10166.26,259.7794374165336,100.0,Crítico,🟢 Abaixo viável,
NWT0917,Especial-NWT-apartamento-TOP-1Q,Carteira 5,AL,"Maceió, AL","Maceió, AL, Pajuçara",0,190,4612.67,34,5613.71,2025-10,0.6452,0.7261,20,31,259.45,250.0,2,0,2025-10-27,0.82,0.0,1001.04,berlinda,2,5.0,5112.67,4935.27,8.916028793792341,69.46308724832215,Alta,🟠 Abaixo precisa esforço,
SPT0301,Blumenau-Central-apartamento-JR-1Q,Carteira 4,SC,"Blumenau, SC","Blumenau, SC, Itoupava Seca",0,503,5451.35,48,6119.8,2025-10,0.5161,0.5972,16,31,401.56,101.25,4,16,2025-10-27,0.89,0.0,668.4499999999998,berlinda,4,7.0,5856.35,5660.3705,1.5798966936361125,5.704697986577181,Baixa,🟠 Abaixo precisa esforço,
VTL0302,Ilheus-Sul-apartamento-SUP-2Q,Carteira 2,BA,"Ilhéus, BA","Ilhéus, BA, Nossa Senhora da Vitória",4,299,2582.78,24,3158.2,2025-10,0.7037,0.5022,19,31,175.79,149.25,4,0,2025-10-27,0.82,703.16,575.4199999999996,berlinda,4,4.0,3179.78,3002.8889000000004,6.798289769488945,49.664429530201346,Média,🟠 Abaixo precisa esforço,
JMA011,Florianopolis-Jurere_Longe-apartamento-JR-1Q,Carteira 1,SC,"Florianópolis, SC","Florianópolis, SC, Jurerê",0,456,1308.66,28,1581.17,2025-10,0.4516,0.4565,14,31,126.86,110.0,3,0,2025-10-27,0.83,0.0,272.51,berlinda,3,3.0,1638.66,1457.688,6.319392180052323,43.95973154362416,Média,🟠 Abaixo precisa esforço,
PSD202,Florianopolis-Jurere_Tradicional-apartamento-JR-1Q,Carteira 1,SC,"Florianópolis, SC","Florianópolis, SC, Jurerê",5,1959,1794.03,14,1897.84,2025-10,0.6154,0.4698,16,31,147.31,286.0,1,0,2025-10-27,0.95,736.55,103.80999999999995,berlinda,1,1.0,2080.0299999999997,1970.0344,15.643921510770118,94.29530201342283,Crítico,🟢 Abaixo viável,
RJI022,Ubatuba-Itagua-apartamento-JR-2Q,Carteira 4,SP,"Ubatuba, SP","Ubatuba, SP, Itaguá",0,723,2611.62,142,2666.95,2025-10,0.5806,0.5265,18,31,189.89,165.5,4,0,2025-10-27,0.98,0.0,55.32999999999993,berlinda,4,1.0,3273.62,2995.9772,3.4335533099608124,14.429530201342283,Baixa,🟢 Abaixo viável,
SHR5231,Florianopolis-Novo_Campeche-apartamento-TOP-3Q,Carteira 1,SC,"Florianópolis, SC","Florianópolis, SC, Campeche",9,78,5427.0,16,6213.71,2025-10,0.9091,0.5449,20,31,328.2,280.0,1,0,2025-10-27,0.87,2953.7999999999997,786.71,berlinda,1,3.0,5707.0,5681.548,11.816815826079214,86.91275167785236,Crítico,🟠 Abaixo precisa esforço,
ATP0006,Porto_Seguro-Pitinga-casa-SUP-4Q,Carteira 2,BA,"Porto Seguro, BA","Porto Seguro, BA, Arraial dAjuda",11,308,7102.41,12,7828.43,2025-10,0.75,0.4583,15,31,685.6,513.0,2,0,2025-10-27,0.91,7541.6,726.0200000000004,berlinda,2,2.0,8128.41,7871.91,23.78818358214867,97.31543624161074,Crítico,🟢 Abaixo viável,
JRE1223,Porto_Alegre-Cidade_Baixa-apartamento-SUP-1Q,Carteira 4,RS,"Porto Alegre, RS","Porto Alegre, RS, Centro Histórico",0,261,2683.3,42,2971.26,2025-10,0.6452,0.6268,20,31,160.8,140.0,1,0,2025-10-27,0.9,0.0,287.96000000000004,berlinda,1,3.0,2823.3,2773.628,4.522705294499079,24.832214765100673,Média,🟠 Abaixo precisa esforço,
JVV303,Florianopolis-Itacorubi-apartamento-SUP-1Q,Carteira 4,SC,"Florianópolis, SC","Florianópolis, SC, Itacorubi",4,559,1856.55,13,1946.5,2025-10,0.5926,0.6135,16,31,146.81,,0,0,2025-10-27,0.95,587.24,89.95000000000005,berlinda,0,0.0,,,,,Baixa,🔴 Abaixo inviável,
NWT1020,Especial-NWT-apartamento-TOP-1Q,Carteira 5,AL,"Maceió, AL","Maceió, AL, Pajuçara",2,149,5564.06,34,5613.71,2025-10,0.7931,0.7261,23,31,277.22,,0,0,2025-10-27,0.99,554.44,49.649999999999636,berlinda,0,0.0,,,,,Baixa,🔴 Abaixo inviável,
TPS0308,Florianopolis-Canasvieiras_Meio-apartamento-TOP-1Q,Carteira 1,SC,"Florianópolis, SC","Florianópolis, SC, Canasvieiras",0,120,2403.16,29,2888.12,2025-10,0.5806,0.6699,18,31,174.0,205.75,4,0,2025-10-27,0.83,0.0,484.96000000000004,berlinda,4,3.0,3226.16,2880.9937999999997,11.516202004533515,85.57046979865773,Crítico,🟠 Abaixo precisa esforço,
NPZ093,Sao_Paulo-Moema-apartamento-TOP-1Q,Carteira 4,SP,"São Paulo, SP","São Paulo, SP, Moema",4,523,3903.31,106,4472.16,2025-10,0.7778,0.6908,21,31,233.85,200.0,3,0,2025-10-27,0.87,935.4,568.8499999999999,berlinda,3,3.0,4503.3099999999995,4369.99,8.479869533588534,66.77852348993288,Alta,🟠 Abaixo precisa esforço,
RJH0101,Camaçari-Itacimirim-apartamento-TOP-2Q,Carteira 2,BA,"Camaçari, BA","Camaçari, BA, Itacimirim",4,244,4724.48,13,5187.42,2025-10,0.8148,0.6,22,31,265.05,,0,0,2025-10-27,0.91,1060.2,462.9400000000005,berlinda,0,0.0,,,,,Baixa,🔴 Abaixo inviável,
SHC0801,Balneario_Picarras-Geral-apartamento-TOP-3Q,Carteira 6,SC,"Balneário Piçarras, SC","Balneário Piçarras, SC, Itacolomi",6,44,2250.56,17,2802.96,2025-10,0.44,0.3613,11,31,239.45,1094.0,4,16,2025-10-27,0.8,1436.6999999999998,552.4000000000001,berlinda,4,1.0,6626.5599999999995,4176.0,215.60264862859265,99.66442953020133,Crítico,🟢 Abaixo viável,
VLR403,Florianopolis-Centrao-apartamento-SUP-1Q,Carteira 5,SC,"Florianópolis, SC","Florianópolis, SC, Centro",1,559,3618.83,122,3775.97,2025-10,0.8667,0.5975,26,31,176.58,142.0,4,0,2025-10-27,0.96,176.58,157.13999999999987,berlinda,4,2.0,4186.83,4111.1156,2.954721568232796,12.080536912751679,Baixa,🟢 Abaixo viável,
ESR1912,Curitiba-Batel-apartamento-TOP-1Q,Carteira 4,PR,"Curitiba, PR","Curitiba, PR, Centro",0,625,5135.23,28,5298.62,2025-10,0.7419,0.7386,23,31,289.7,335.5,2,0,2025-10-27,0.97,0.0,163.39000000000033,berlinda,2,1.0,5806.23,5633.0449,10.345589040165196,79.53020134228188,Alta,🟢 Abaixo viável,
MHF0508,Itapema-Canto_Praia-apartamento-TOP-2Q,Carteira 5,SC,"Itapema, SC","Itapema, SC, Centro",0,357,2349.78,10,2671.81,2025-10,0.3871,0.2867,12,31,236.08,198.75,4,0,2025-10-27,0.88,0.0,322.02999999999975,berlinda,4,2.0,3144.78,2657.5245000000004,11.977547523963148,87.58389261744966,Crítico,🟠 Abaixo precisa esforço,
NWT0603,Especial-NWT-apartamento-TOP-1Q,Carteira 5,AL,"Maceió, AL","Maceió, AL, Pajuçara",1,184,4739.01,34,5613.71,2025-10,0.7,0.7261,21,31,270.48,255.0,4,0,2025-10-27,0.84,270.48,874.6999999999998,berlinda,4,4.0,5759.01,5453.01,9.933203710202342,76.51006711409396,Alta,🟠 Abaixo precisa esforço,
NWT1001,Especial-NWT-apartamento-TOP-1Q,Carteira 5,AL,"Maceió, AL","Maceió, AL, Pajuçara",0,168,5147.95,34,5613.71,2025-10,0.6452,0.7261,20,31,333.6,287.75,4,0,2025-10-27,0.92,0.0,465.7600000000002,berlinda,4,2.0,6298.95,5890.575199999999,11.937064793158184,87.24832214765101,Crítico,🟢 Abaixo viável,
TPS210,Florianopolis-Canasvieiras_Meio-apartamento-TOP-1Q,Carteira 1,SC,"Florianópolis, SC","Florianópolis, SC, Canasvieiras",6,650,2526.73,29,2888.12,2025-10,0.72,0.6699,18,31,175.72,144.0,1,0,2025-10-27,0.87,1054.32,361.3899999999999,berlinda,1,3.0,2670.73,2630.41,6.006232428015455,40.26845637583892,Média,🟠 Abaixo precisa esforço,
EFE0803,Guarapari-Praia_do_Morro-apartamento-SUP-3Q,Carteira 4,ES,"Guarapari, ES","Guarapari, ES, Praia do Morro",7,600,4405.25,72,4978.17,2025-10,0.8333,0.6223,20,31,295.75,150.0,3,0,2025-10-27,0.88,2070.25,572.9200000000001,berlinda,3,4.0,4855.25,4780.235,4.315742531894251,21.812080536912752,Média,🟠 Abaixo precisa esforço,
ERN0503,Ilheus-Sul-apartamento-SUP-2Q,Carteira 2,BA,"Ilhéus, BA","Ilhéus, BA, São Francisco",0,364,3073.4,24,3158.2,2025-10,0.5484,0.5022,17,31,207.47,194.25,4,21,2025-10-27,0.97,0.0,84.79999999999973,berlinda,4,1.0,3850.4,3499.5068,5.2157558102716575,32.5503355704698,Média,🟢 Abaixo viável,
NNG0102,Florianopolis-Novo_Campeche-apartamento-TOP-2Q,Carteira 1,SC,"Florianópolis, SC","Florianópolis, SC, Campeche",0,275,4760.32,49,5936.83,2025-10,0.5484,0.5936,17,31,361.47,284.0,3,0,2025-10-27,0.8,0.0,1176.5100000000002,berlinda,3,5.0,5612.32,5227.556799999999,11.256136355597182,83.89261744966443,Crítico,🟠 Abaixo precisa esforço,
RHL0305,Florianopolis-Ingleses_Centro-apartamento-TOP-3Q,Carteira 1,SC,"Florianópolis, SC","Florianópolis, SC, Ingleses do Rio Vermelho",7,237,5218.1,42,5345.58,2025-10,0.7083,0.5009,17,31,366.12,212.75,4,0,2025-10-27,0.98,2562.84,127.47999999999956,berlinda,4,1.0,6069.1,5820.863300000001,5.073606605831342,31.543624161073826,Média,🟢 Abaixo viável,
AIA2200,Barra_Velha-Tabuleiro-casa-JR-3Q,Carteira 3,SC,"Barra Velha, SC","Barra Velha, SC, Barra Velha",4,607,1549.89,8,1664.26,2025-10,0.4815,0.2212,13,31,155.08,,0,0,2025-10-27,0.93,620.32,114.36999999999989,berlinda,0,0.0,,,,,Baixa,🔴 Abaixo inviável,
RUP0101,Blumenau-Central-apartamento-SUP-1Q,Carteira 4,SC,"Blumenau, SC","Blumenau, SC, Escola Agrícola",0,434,7985.99,77,8352.92,2025-10,0.6774,0.6104,21,31,507.52,120.0,2,0,2025-10-27,0.96,0.0,366.9300000000003,berlinda,2,4.0,8225.99,8148.566,1.3178505241280902,2.348993288590604,Baixa,🟠 Abaixo precisa esforço,
SVO0506,Florianopolis-UFSC-apartamento-SUP-1Q,Carteira 4,SC,"Florianópolis, SC","Florianópolis, SC, PANTANAL",0,282,2708.61,44,2740.41,2025-10,0.7097,0.6164,22,31,139.57,,0,0,2025-10-27,0.99,0.0,31.799999999999727,berlinda,0,0.0,,,,,Baixa,🔴 Abaixo inviável,
WSH0801,Curitiba-Batel-apartamento-SUP-1Q,Carteira 4,PR,"Curitiba, PR","Curitiba, PR, Bigorrilho",2,182,2865.51,205,3416.11,2025-10,0.6552,0.6936,19,31,178.95,171.0,1,0,2025-10-27,0.84,357.9,550.5999999999999,berlinda,1,4.0,3036.51,2977.5492000000004,6.890337254947878,51.006711409395976,Alta,🟠 Abaixo precisa esforço,
EAC1302,Balneario_Camboriu-Centro-apartamento-JR-3Q,Carteira 6,SC,"Balneário Camboriú, SC","Balneário Camboriú, SC, Centro",3,702,2904.37,35,3536.3,2025-10,0.6429,0.4365,18,31,180.44,168.5,2,0,2025-10-27,0.82,541.3199999999999,631.9300000000003,berlinda,2,4.0,3241.37,3121.0272999999997,7.527656378135342,58.38926174496645,Alta,🟠 Abaixo precisa esforço,
HOA0906,Salvador-Ondina_Rio_Vermelho-apartamento-TOP-1Q,Carteira 2,BA,"Salvador, BA","Salvador, BA, Ondina",0,254,3488.25,44,3860.1,2025-10,0.7419,0.6579,23,31,194.65,150.0,1,0,2025-10-27,0.9,0.0,371.8499999999999,berlinda,1,3.0,3638.25,3599.535,4.816585062563145,28.187919463087248,Média,🟠 Abaixo precisa esforço,
NWT1006,Especial-NWT-apartamento-TOP-1Q,Carteira 5,AL,"Maceió, AL","Maceió, AL, Pajuçara",1,168,4980.81,34,5613.71,2025-10,0.6333,0.7261,19,31,308.21,287.75,4,0,2025-10-27,0.89,308.21,632.8999999999996,berlinda,4,3.0,6131.81,5709.7383,10.813821578480772,81.87919463087249,Crítico,🟢 Abaixo viável,
JRR309,Florianopolis-Jurere_Tradicional-apartamento-TOP-3Q,Carteira 1,SC,"Florianópolis, SC","Florianópolis, SC, Jurerê",2,111,5969.29,14,6110.01,2025-10,0.5172,0.4329,15,31,487.67,356.0,2,0,2025-10-27,0.98,975.34,140.72000000000025,berlinda,2,1.0,6681.29,6337.5364,8.199056957353603,63.42281879194631,Alta,🟢 Abaixo viável,
NWT0606,Especial-NWT-apartamento-TOP-1Q,Carteira 5,AL,"Maceió, AL","Maceió, AL, Pajuçara",1,184,5541.18,34,5613.71,2025-10,0.7667,0.7261,23,31,272.87,250.0,2,0,2025-10-27,0.99,272.87,72.52999999999975,berlinda,2,1.0,6041.18,5924.530000000001,3.2300386019227814,13.087248322147651,Baixa,🟢 Abaixo viável,
SPT0304,Blumenau-Central-apartamento-JR-1Q,Carteira 4,SC,"Blumenau, SC","Blumenau, SC, Itoupava Seca",0,502,5612.1,48,6119.8,2025-10,0.5484,0.5972,17,31,353.71,101.25,4,13,2025-10-27,0.92,0.0,507.6999999999998,berlinda,4,6.0,6017.1,5834.202,1.3999538383607302,3.3557046979865772,Baixa,🟠 Abaixo precisa esforço,
EMZ0504,Guarapari-Praia_do_Morro-apartamento-JR-2Q,Carteira 4,ES,"Guarapari, ES","Guarapari, ES, Praia do Morro",0,107,2909.66,91,2960.63,2025-10,0.5484,0.6391,17,31,185.18,135.25,4,0,2025-10-27,0.98,0.0,50.970000000000255,berlinda,4,1.0,3450.66,3206.3444,2.328454585679411,8.053691275167784,Baixa,🟢 Abaixo viável,
ILC3109,Especial-ILC-hotel-TOP-1Q,Especial,SC,"Florianópolis, SC","Florianópolis, SC, Jurerê Internacional",0,1797,8965.08,28,10019.61,2025-10,0.7097,0.8614,22,31,498.14,381.0,3,0,2025-10-27,0.89,0.0,1054.5300000000007,berlinda,3,3.0,10108.08,9776.267100000001,13.3663196471719,89.93288590604027,Crítico,🟠 Abaixo precisa esforço,
JRR205,Florianopolis-Jurere_Tradicional-apartamento-TOP-1Q,Carteira 1,SC,"Florianópolis, SC","Florianópolis, SC, Jurerê",0,1154,4687.54,16,4831.55,2025-10,0.9032,0.6121,28,31,218.14,,0,0,2025-10-27,0.97,0.0,144.01000000000022,berlinda,0,0.0,,,,,Baixa,🔴 Abaixo inviável,
MLO0601,Itapema-Meia_Praia-Norte-apartamento-SUP-2Q,Carteira 6,SC,"Itapema, SC","Itapema, SC, Meia Praia",2,363,3095.5,14,3309.05,2025-10,0.6897,0.6033,20,31,178.55,174.0,3,0,2025-10-27,0.94,357.1,213.55000000000018,berlinda,3,2.0,3617.5,3455.5234,5.614557048095379,34.899328859060404,Média,🟢 Abaixo viável,
RIV101,Florianopolis-Jurere_Tradicional-apartamento-TOP-2Q,Carteira 1,SC,"Florianópolis, SC","Florianópolis, SC, Jurerê",0,558,6868.56,20,7616.02,2025-10,1.0,0.6008,31,31,375.1,,0,0,2025-10-27,0.9,0.0,747.46,berlinda,0,0.0,,,,,Baixa,🔴 Abaixo inviável,
VDM101,Florianopolis-Canajure-apartamento-JR-1Q,Carteira 1,SC,"Florianópolis, SC","Florianópolis, SC, Canasvieiras",12,887,1432.73,35,1703.19,2025-10,0.7895,0.4363,15,31,118.8,,0,0,2025-10-27,0.84,1425.6,270.46000000000004,berlinda,0,0.0,,,,,Baixa,🔴 Abaixo inviável,
VMA101,Florianopolis-Jurere_Tradicional-apartamento-SUP-3Q,Carteira 1,SC,"Florianópolis, SC","Florianópolis, SC, Jurerê",6,650,5596.72,25,6836.97,2025-10,0.8,0.5705,20,31,384.35,,0,0,2025-10-27,0.82,2306.1000000000004,1240.25,berlinda,0,0.0,,,,,Baixa,🔴 Abaixo inviável,
DNAG1701,Goiania-Central-apartamento-TOP-1Q,Carteira 1,GO,"Goiânia, GO","Goiânia, GO, Setor Bueno",2,716,2748.62,53,3116.1,2025-10,0.6207,0.5687,18,31,194.94,166.0,4,6,2025-10-27,0.88,389.88,367.48,berlinda,4,3.0,3412.62,3160.7648,6.525430292138678,45.97315436241611,Média,🟢 Abaixo viável,
EUB1602,Salvador-Barra-apartamento-SUP-1Q,Carteira 2,BA,"Salvador, BA","Salvador, BA, Barra",1,254,3005.09,209,3347.82,2025-10,0.7333,0.601,22,31,151.77,,0,0,2025-10-27,0.9,151.77,342.73,berlinda,0,0.0,,,,,Baixa,🔴 Abaixo inviável,
NWT0404,Especial-NWT-apartamento-TOP-1Q,Carteira 5,AL,"Maceió, AL","Maceió, AL, Pajuçara",1,62,4540.6,34,5613.71,2025-10,0.6,0.7261,18,31,291.11,287.75,4,0,2025-10-27,0.81,291.11,1073.1099999999997,berlinda,4,4.0,5691.6,5231.200000000001,13.751485314524615,91.61073825503355,Crítico,🟠 Abaixo precisa esforço,
NWT0920,Especial-NWT-apartamento-TOP-1Q,Carteira 5,AL,"Maceió, AL","Maceió, AL, Pajuçara",1,183,4968.5,34,5613.71,2025-10,0.7,0.7261,21,31,279.52,250.0,3,0,2025-10-27,0.89,279.52,645.21,berlinda,3,3.0,5718.5,5493.5,9.577890557225079,74.83221476510067,Alta,🟠 Abaixo precisa esforço,
PRN0003,Imbituba-Praia_do_Rosa-casa-JR-2Q,Carteira 6,SC,"Imbituba, SC","Imbituba, SC, Ibiraquera",1,145,1190.98,49,1352.82,2025-10,0.3333,0.253,10,31,139.8,110.0,3,0,2025-10-27,0.88,139.8,161.83999999999992,berlinda,3,2.0,1520.98,1300.969,6.579737141674425,46.644295302013425,Média,🟠 Abaixo precisa esforço,
SOA0602,Salvador-Boca_do_Rio-apartamento-SUP-2Q,Carteira 2,BA,"Salvador, BA","Salvador, BA, Boca do Rio",1,418,4073.86,12,4206.32,2025-10,0.7,0.7674,21,31,229.95,,0,0,2025-10-27,0.97,229.95,132.45999999999958,berlinda,0,0.0,,,,,Baixa,🔴 Abaixo inviável,
VNVA0801,Itapema-Praia_Centro-apartamento-SUP-2Q,Carteira 6,SC,"Itapema, SC","Itapema, SC, Tabuleiro dos Oliveiras",0,133,2290.58,19,2550.0,2025-10,0.5806,0.5336,18,31,164.33,130.0,2,0,2025-10-27,0.9,0.0,259.4200000000001,berlinda,2,2.0,2550.58,2441.536,6.6126666666666685,46.97986577181208,Média,🟠 Abaixo precisa esforço,
CFA0508,Florianopolis-Centrao-apartamento-JR-1Q,Carteira 4,SC,"Florianópolis, SC","Florianópolis, SC, Centro",1,19,2516.08,68,2759.16,2025-10,0.8667,0.6039,26,31,122.31,,0,0,2025-10-27,0.91,122.31,243.07999999999993,berlinda,0,0.0,,,,,Baixa,🔴 Abaixo inviável,
CMH0202,Florianopolis-Jurere_Internacional-apartamento-SUP-3Q,Carteira 1,SC,"Florianópolis, SC","Florianópolis, SC, Jurerê Internacional",6,222,6387.04,24,7132.99,2025-10,0.88,0.5835,22,31,335.09,,0,0,2025-10-27,0.9,2010.54,745.9499999999998,berlinda,0,0.0,,,,,Baixa,🔴 Abaixo inviável,
NWT0503,Especial-NWT-apartamento-TOP-1Q,Carteira 5,AL,"Maceió, AL","Maceió, AL, Pajuçara",0,334,5261.42,34,5613.71,2025-10,0.7097,0.7261,22,31,287.73,280.0,3,0,2025-10-27,0.94,0.0,352.28999999999996,berlinda,3,2.0,6101.42,5857.568,8.785740624293023,68.45637583892618,Alta,🟢 Abaixo viável,
RFA303,Porto_Alegre-Santana-apartamento-SUP-1Q,Carteira 4,RS,"Porto Alegre, RS","Porto Alegre, RS, Santo Antônio",11,392,1925.83,70,2225.72,2025-10,0.85,0.5393,17,31,132.06,130.0,3,0,2025-10-27,0.87,1452.66,299.8899999999999,berlinda,3,3.0,2315.83,2257.33,5.838664941382262,39.261744966442954,Média,🟢 Abaixo viável,
BIA035,Sao_Paulo-Moema-apartamento-TOP-2Q,Carteira 4,SP,"São Paulo, SP","São Paulo, SP, Indianópolis",2,399,6543.62,23,6946.2,2025-10,0.7931,0.6657,23,31,342.04,250.0,1,0,2025-10-27,0.94,684.08,402.5799999999999,berlinda,1,2.0,6793.62,6741.8949999999995,7.244608562955284,55.033557046979865,Alta,🟠 Abaixo precisa esforço,
RFO0102,Bombinhas-Centro-apartamento-TOP-2Q,Carteira 6,SC,"Bombinhas, SC","Bombinhas, SC, Centro",2,477,3517.48,27,3801.63,2025-10,0.8966,0.3509,26,31,177.23,,0,0,2025-10-27,0.93,354.46,284.1500000000001,berlinda,0,0.0,,,,,Baixa,🔴 Abaixo inviável,
RTBA1361,Florianopolis-Canasvieiras_Meio-apartamento-SUP-2Q,Carteira 1,SC,"Florianópolis, SC","Florianópolis, SC, Canasvieiras",7,869,2474.18,20,2761.65,2025-10,0.7917,0.6523,19,31,203.16,145.0,1,14,2025-10-27,0.9,1422.12,287.47000000000025,berlinda,1,2.0,2619.18,2588.9764999999998,7.546783625731,58.7248322147651,Alta,🟠 Abaixo precisa esforço,
VST003,Especial-VST-casa-TOP-1Q,Carteira 5,SC,"Anitápolis, SC","Anitápolis, SC, Rio dos Pinheiros",0,457,2427.18,45,2754.3,2025-10,0.4516,0.2088,14,31,218.29,160.0,2,0,2025-10-27,0.88,0.0,327.12000000000035,berlinda,2,3.0,2747.18,2571.692,6.3342410049740465,44.63087248322148,Média,🟠 Abaixo precisa esforço,
PZD0403,Florianopolis-Itacorubi-apartamento-SUP-2Q,Carteira 4,SC,"Florianópolis, SC","Florianópolis, SC, Itacorubi",5,359,3669.52,14,4358.35,2025-10,0.9231,0.5169,24,31,207.42,,0,0,2025-10-27,0.84,1037.1,688.8300000000004,berlinda,0,0.0,,,,,Baixa,🔴 Abaixo inviável,
TPS211,Florianopolis-Canasvieiras_Meio-apartamento-TOP-1Q,Carteira 1,SC,"Florianópolis, SC","Florianópolis, SC, Canasvieiras",0,778,2644.22,29,2888.12,2025-10,0.6129,0.6699,19,31,156.79,144.0,1,0,2025-10-27,0.92,0.0,243.9000000000001,berlinda,1,2.0,2788.22,2732.4775999999997,6.080356771879287,41.2751677852349,Média,🟠 Abaixo precisa esforço,
EFR0104,Cabo_Frio-Centro-apartamento-JR-3Q,Carteira 4,RJ,"Cabo Frio, RJ","Cabo Frio, RJ, Braga",6,631,2931.62,103,3342.34,2025-10,0.56,0.4987,14,31,267.21,196.67,3,0,2025-10-27,0.88,1603.2599999999998,410.72000000000025,berlinda,3,3.0,3521.63,3262.0256,8.05586329737051,62.751677852349,Alta,🟠 Abaixo precisa esforço,
IDI0306,Balneario_Camboriu-Centro-apartamento-SUP-2Q,Carteira 6,SC,"Balneário Camboriú, SC","Balneário Camboriú, SC, Barra Sul",1,146,3829.07,72,4338.54,2025-10,0.7667,0.5488,23,31,227.0,153.0,3,0,2025-10-27,0.88,227.0,509.4699999999998,berlinda,3,4.0,4288.07,4180.9853,4.49165560303696,23.48993288590604,Média,🟠 Abaixo precisa esforço,
NWT0602,Especial-NWT-apartamento-TOP-1Q,Carteira 5,AL,"Maceió, AL","Maceió, AL, Pajuçara",0,184,5351.54,34,5613.71,2025-10,0.7097,0.7261,22,31,270.23,,0,0,2025-10-27,0.95,0.0,262.1700000000001,berlinda,0,0.0,,,,,Baixa,🔴 Abaixo inviável,
OBP0305,Penha-Beto_Carrero-apartamento-TOP-2Q,Carteira 3,SC,"Penha, SC","Penha, SC, Armação",1,287,3417.05,46,3934.12,2025-10,0.6333,0.4571,19,31,217.21,211.5,4,0,2025-10-27,0.87,217.21,517.0699999999997,berlinda,4,3.0,4263.05,3952.8218,9.265969263774357,72.81879194630872,Alta,🟢 Abaixo viável,
VST010,Especial-VST-casa-TOP-1Q,Carteira 5,SC,"Anitápolis, SC","Anitápolis, SC, Rio dos Pinheiros",1,456,2439.84,45,2754.3,2025-10,0.4,0.2088,12,31,248.92,160.0,3,0,2025-10-27,0.89,248.92,314.46000000000004,berlinda,3,2.0,2919.84,2631.84,9.133645572377736,70.46979865771812,Alta,🟠 Abaixo precisa esforço,
WBU2405,Goiania-Central-apartamento-TOP-1Q,Carteira 1,GO,"Goiânia, GO","Goiânia, GO, Setor Bueno",0,741,2936.82,53,3116.1,2025-10,0.5806,0.5687,18,31,194.44,173.0,1,0,2025-10-27,0.94,0.0,179.27999999999975,berlinda,1,2.0,3109.82,3037.2638,4.976643881775289,29.53020134228188,Média,🟠 Abaixo precisa esforço,
AGA0203,Camaçari-Jacuipe-apartamento-SUP-2Q,Carteira 2,BA,"Camaçari, BA","Camaçari, BA, Monte Gordo",3,148,3697.1,114,4284.85,2025-10,0.75,0.4839,21,31,221.43,,0,0,2025-10-27,0.86,664.29,587.7500000000005,berlinda,0,0.0,,,,,Baixa,🔴 Abaixo inviável,
EMM0202,Guarapari-Praia_do_Morro-apartamento-SUP-2Q,Carteira 4,ES,"Guarapari, ES","Guarapari, ES, Praia do Morro",0,387,3903.03,48,4397.63,2025-10,0.6774,0.7448,21,31,196.1,160.67,3,0,2025-10-27,0.89,0.0,494.5999999999999,berlinda,3,4.0,4385.04,4229.543574,4.517625516471369,23.825503355704697,Média,🟠 Abaixo precisa esforço,
MHFB2007,Itapema-Canto_Praia-apartamento-SUP-1Q,Carteira 5,SC,"Itapema, SC","Itapema, SC, Centro",0,350,1427.7,11,1766.45,2025-10,0.2903,0.415,9,31,199.33,288.0,4,25,2025-10-27,0.81,0.0,338.75,berlinda,4,2.0,2579.7,1762.1256,27.61470746412295,98.65771812080537,Crítico,🟠 Abaixo precisa esforço,
SOH1102,Maceio-Ponta_Verde-apartamento-SUP-2Q,Carteira 2,AL,"Maceió, AL","Maceió, AL, Ponta Verde",1,306,4792.79,29,5961.64,2025-10,0.7,0.7652,21,31,272.86,223.25,4,0,2025-10-27,0.8,272.86,1168.8500000000004,berlinda,4,6.0,5685.79,5417.889999999999,7.295133623745593,55.369127516778526,Alta,🟠 Abaixo precisa esforço,
THO2614,Goiania-Leste-apartamento-SUP-1Q,Carteira 1,GO,"Goiânia, GO","Goiânia, GO, Jardim Goiás",0,502,2539.97,76,2650.3,2025-10,0.5484,0.5845,17,31,166.06,156.5,4,13,2025-10-27,0.96,0.0,110.33000000000038,berlinda,4,1.0,3165.97,2883.2684,6.514977549711376,45.63758389261745,Média,🟢 Abaixo viável,
EDG401,Balneario_Camboriu-Centro-apartamento-JR-3Q,Carteira 6,SC,"Balneário Camboriú, SC","Balneário Camboriú, SC, Centro",2,926,3465.11,35,3536.3,2025-10,0.7586,0.4365,22,31,181.41,,0,0,2025-10-27,0.98,362.82,71.19000000000005,berlinda,0,0.0,,,,,Baixa,🔴 Abaixo inviável,
RPV0308,Maceio-Jatiuca-apartamento-SUP-1Q,Carteira 2,AL,"Maceió, AL","Maceió, AL, Ponta Verde",10,105,2790.88,103,3255.52,2025-10,1.0,0.736,21,31,178.95,,0,0,2025-10-27,0.86,1789.5,464.6399999999999,berlinda,0,0.0,,,,,Baixa,🔴 Abaixo inviável,
RVG101,Florianopolis-Ingleses_Norte-apartamento-TOP-3Q,Carteira 1,SC,"Florianópolis, SC","Florianópolis, SC, Ingleses do Rio Vermelho",6,519,5053.17,14,5798.87,2025-10,0.84,0.5458,21,31,325.71,250.0,1,0,2025-10-27,0.87,1954.2599999999998,745.6999999999998,berlinda,1,3.0,5303.17,5263.17,10.716168264966562,81.20805369127517,Crítico,🟠 Abaixo precisa esforço,
VST004,Especial-VST-casa-TOP-1Q,Carteira 5,SC,"Anitápolis, SC","Anitápolis, SC, Rio dos Pinheiros",2,92,2732.52,45,2754.3,2025-10,0.4483,0.2088,13,31,253.38,160.0,1,0,2025-10-27,0.99,506.76,21.7800000000002,berlinda,1,1.0,2892.52,2804.248,1.2652216534146723,1.6778523489932886,Baixa,🟢 Abaixo viável,
HMA0305,Sao_Paulo-Mariana-apartamento-SUP-1Q,Carteira 4,SP,"São Paulo, SP","São Paulo, SP, Centro",0,405,2735.72,173,2959.28,2025-10,0.6774,0.5572,21,31,167.33,,0,0,2025-10-27,0.92,0.0,223.5600000000004,berlinda,0,0.0,,,,,Baixa,🔴 Abaixo inviável,
ILC3401,Especial-ILC-hotel-TOP-1Q,Especial,SC,"Florianópolis, SC","Florianópolis, SC, Jurerê Internacional",3,1315,9278.97,28,10019.61,2025-10,0.8214,0.8614,23,31,464.13,343.0,3,0,2025-10-27,0.93,1392.3899999999999,740.6400000000012,berlinda,3,3.0,10307.97,10124.1906,8.45141078345366,66.44295302013423,Alta,🟢 Abaixo viável,
BSR0203,Ilheus-Sul-apartamento-SUP-1Q,Carteira 2,BA,"Ilhéus, BA","Ilhéus, BA, Nossa Senhora da Vitória",8,218,2230.38,38,2259.16,2025-10,0.8696,0.4591,20,31,147.7,,0,0,2025-10-27,0.99,1181.6,28.779999999999745,berlinda,0,0.0,,,,,Baixa,🔴 Abaixo inviável,
CAR0106,Itajai-Centro-apartamento-JR-1Q,Carteira 6,SC,"Itajaí, SC","Itajaí, SC, Centro",2,79,1946.19,13,2072.05,2025-10,0.6207,0.6563,18,31,135.94,138.0,1,0,2025-10-27,0.94,271.88,125.86000000000013,berlinda,1,1.0,2084.19,2031.8466,8.382365290412885,65.43624161073825,Alta,🟠 Abaixo precisa esforço,
ETHA604,Caldas_Novas-Geral-apartamento-JR-3Q,Carteira 3,GO,"Caldas Novas, GO","Caldas Novas, GO, Bandeirantes",0,728,3809.36,15,3919.76,2025-10,0.6129,0.468,19,31,182.53,154.67,3,0,2025-10-27,0.97,0.0,110.40000000000009,berlinda,3,1.0,4273.37,4093.751729,4.356278955854441,22.14765100671141,Média,🟢 Abaixo viável,
QSPB005,Pirenopolis-Geral-casa-JR-3Q,Carteira 4,GO,"Pirenópolis, GO","Pirenópolis, GO, Vila João Figueredo",9,726,4259.22,24,5124.16,2025-10,0.5,0.4187,11,31,366.73,235.0,4,0,2025-10-27,0.83,3300.57,864.9399999999996,berlinda,4,4.0,5199.22,4729.22,9.916791239930053,75.83892617449665,Alta,🟠 Abaixo precisa esforço,
SRL002,Balneario_Camboriu-Centro-apartamento-JR-2Q,Carteira 6,SC,"Balneário Camboriú, SC","Balneário Camboriú, SC, Centro",0,583,1945.89,43,2111.4,2025-10,0.5806,0.4194,18,31,129.72,127.5,4,0,2025-10-27,0.92,0.0,165.51,berlinda,4,2.0,2455.8900000000003,2241.996,4.997282608695654,29.86577181208054,Média,🟢 Abaixo viável,
CSG305,Florianopolis-Canasvieiras_Perto-apartamento-JR-1Q,Carteira 1,SC,"Florianópolis, SC","Florianópolis, SC, Canasvieiras",0,1318,1420.34,31,1703.19,2025-10,0.3548,0.4168,11,31,147.45,132.0,1,0,2025-10-27,0.83,0.0,282.85000000000014,berlinda,1,3.0,1552.34,1467.1735999999999,7.307111948754987,55.70469798657718,Alta,🟠 Abaixo precisa esforço,
ECH504,Florianopolis-Centrao-apartamento-TOP-1Q,Carteira 4,SC,"Florianópolis, SC","Florianópolis, SC, Centro",0,553,5047.53,23,5318.32,2025-10,0.871,0.5262,27,31,227.33,,0,0,2025-10-27,0.95,0.0,270.78999999999996,berlinda,0,0.0,,,,,Baixa,🔴 Abaixo inviável,
ELU207,Florianopolis-Jurere_Tradicional-apartamento-TOP-1Q,Carteira 1,SC,"Florianópolis, SC","Florianópolis, SC, Jurerê",0,861,4053.29,16,4831.55,2025-10,0.8387,0.6121,26,31,208.92,,0,0,2025-10-27,0.84,0.0,778.2600000000002,berlinda,0,0.0,,,,,Baixa,🔴 Abaixo inviável,
JBV167,Especial-JBV-hotel-TOP-1Q,Especial,SC,"Florianópolis, SC","Florianópolis, SC, Jurerê",0,1090,8438.29,32,10019.61,2025-10,0.9032,0.8219,28,31,366.36,,0,0,2025-10-27,0.84,0.0,1581.3199999999997,berlinda,0,0.0,,,,,Baixa,🔴 Abaixo inviável,
NWT1421,Especial-NWT-apartamento-TOP-1Q,Carteira 5,AL,"Maceió, AL","Maceió, AL, Pajuçara",3,321,5260.98,34,5613.71,2025-10,0.75,0.7261,21,31,321.76,280.0,3,0,2025-10-27,0.94,965.28,352.7300000000005,berlinda,3,2.0,6100.98,5890.98,8.79671375970616,68.79194630872483,Alta,🟢 Abaixo viável,
RNA0303,Bombinhas-Mariscal-apartamento-TOP-3Q,Carteira 6,SC,"Bombinhas, SC","Bombinhas, SC, Canto Grande",9,651,2985.6,21,3576.69,2025-10,0.5455,0.357,12,31,302.5,296.0,4,18,2025-10-27,0.83,2722.5,591.0900000000001,berlinda,4,2.0,4169.6,3631.4719999999998,24.45873698866831,97.98657718120806,Crítico,🟢 Abaixo viável,
TCO0615,Porto_Alegre-Centro_Historico-apartamento-SUP-1Q,Carteira 4,RS,"Porto Alegre, RS","Porto Alegre, RS, Centro Histórico",2,524,1957.58,87,2119.74,2025-10,0.5862,0.5817,17,31,129.76,120.0,4,0,2025-10-27,0.92,259.52,162.15999999999985,berlinda,4,2.0,2437.58,2238.956,4.589996886410594,26.51006711409396,Média,🟢 Abaixo viável,
VAC2205,Barra_Velha-Tabuleiro-apartamento-SUP-2Q,Carteira 3,SC,"Barra Velha, SC","Barra Velha, SC, Itajuba",4,573,1241.73,75,1277.88,2025-10,0.4074,0.273,11,31,137.82,139.5,4,0,2025-10-27,0.97,551.28,36.15000000000009,berlinda,4,1.0,1799.73,1469.0592,3.9463212508216827,18.456375838926174,Baixa,🟢 Abaixo viável,
VST001,Especial-VST-casa-TOP-1Q,Carteira 5,SC,"Anitápolis, SC","Anitápolis, SC, Rio dos Pinheiros",0,92,2581.88,45,2754.3,2025-10,0.4516,0.2088,14,31,231.5,160.0,3,0,2025-10-27,0.94,0.0,172.42000000000007,berlinda,3,2.0,3061.88,2798.648,5.008023817303854,30.201342281879196,Média,🟢 Abaixo viável,
LGR204,Florianopolis-Ingleses_Centro-apartamento-JR-1Q,Carteira 1,SC,"Florianópolis, SC","Florianópolis, SC, Ingleses do Rio Vermelho",0,1013,1856.55,16,2053.66,2025-10,0.6452,0.7071,20,31,114.8,,0,0,2025-10-27,0.9,0.0,197.1099999999999,berlinda,0,0.0,,,,,Baixa,🔴 Abaixo inviável,
NWT0706,Especial-NWT-apartamento-TOP-1Q,Carteira 5,AL,"Maceió, AL","Maceió, AL, Pajuçara",0,154,5046.37,34,5613.71,2025-10,0.7419,0.7261,23,31,287.13,280.0,4,0,2025-10-27,0.9,0.0,567.3400000000001,berlinda,4,3.0,6166.37,5877.298,9.432573704971105,74.16107382550335,Alta,🟢 Abaixo viável,
NWT0906,Especial-NWT-apartamento-TOP-1Q,Carteira 5,AL,"Maceió, AL","Maceió, AL, Pajuçara",1,190,5122.14,34,5613.71,2025-10,0.7667,0.7261,23,31,255.74,250.0,2,0,2025-10-27,0.91,255.74,491.5699999999997,berlinda,2,2.0,5622.14,5505.490000000001,10.94574710841849,83.22147651006712,Crítico,🟠 Abaixo precisa esforço,
BRI0102,Florianopolis-Jurere_Longe-apartamento-SUP-2Q,Carteira 1,SC,"Florianópolis, SC","Florianópolis, SC, Jurerê",7,70,3022.58,20,3712.16,2025-10,0.625,0.5048,15,31,216.41,152.0,1,0,2025-10-27,0.81,1514.87,689.5799999999999,berlinda,1,5.0,3174.58,3117.58,5.647179000905133,35.23489932885906,Média,🟠 Abaixo precisa esforço,
NOR0102,Brasilia-Asa_Norte-apartamento-SUP-2Q,Carteira 1,DF,"Brasília, DF","Brasília, DF, Asa Norte",1,736,4046.82,35,4310.78,2025-10,0.6333,0.7756,19,31,232.26,190.0,1,0,2025-10-27,0.94,232.26,263.9599999999996,berlinda,1,2.0,4236.82,4167.147,5.817091106481867,37.919463087248324,Média,🟠 Abaixo precisa esforço,
NWT0813,Especial-NWT-apartamento-TOP-1Q,Carteira 5,AL,"Maceió, AL","Maceió, AL, Pajuçara",2,155,5367.95,34,5613.71,2025-10,0.7931,0.7261,23,31,301.04,280.0,4,0,2025-10-27,0.96,602.08,245.76000000000022,berlinda,4,1.0,6487.95,6256.222,12.257989814222691,87.91946308724832,Crítico,🟢 Abaixo viável,
PDP0301,Porto_Belo-Geral-apartamento-SUP-2Q,Carteira 6,SC,"Porto Belo, SC","Porto Belo, SC, Perequê",0,113,2402.84,22,2463.78,2025-10,0.5161,0.4086,16,31,162.69,154.25,4,0,2025-10-27,0.98,0.0,60.940000000000055,berlinda,4,1.0,3019.84,2721.2737,3.815273685150463,17.449664429530202,Baixa,🟢 Abaixo viável,
TXP1505,Goiania-Central-apartamento-SUP-1Q,Carteira 1,GO,"Goiânia, GO","Goiânia, GO, Setor Bueno",0,736,2503.83,161,2721.7,2025-10,0.6129,0.6044,19,31,155.26,,0,0,2025-10-27,0.92,0.0,217.8699999999999,berlinda,0,0.0,,,,,Baixa,🔴 Abaixo inviável,
BTI003,Ubatuba-Praia_Grande-apartamento-SIM-2Q,Carteira 4,SP,"Ubatuba, SP","Ubatuba, SP, Praia Grande",0,603,3347.03,43,3394.7,2025-10,0.8065,0.45,25,31,168.36,,0,0,2025-10-27,0.99,0.0,47.66999999999962,berlinda,0,0.0,,,,,Baixa,🔴 Abaixo inviável,
PMN0901,Porto_Alegre-Jardim_Lindoia-apartamento-SUP-2Q,Carteira 4,RS,"Porto Alegre, RS","Porto Alegre, RS, Passo d Areia",0,135,4973.86,11,5430.73,2025-10,0.5161,0.7727,16,31,351.75,351.0,4,29,2025-10-27,0.92,0.0,456.8699999999999,berlinda,4,2.0,6377.86,5698.4644,14.764255450003956,92.61744966442953,Crítico,🟢 Abaixo viável,
MPB0034,Itajai-Praia_Brava-apartamento-SUP-2Q,Carteira 6,SC,"Itajaí, SC","Itajaí, SC, Praia Brava",0,162,2840.7,16,3367.45,2025-10,0.5806,0.5466,18,31,189.5,170.25,4,0,2025-10-27,0.84,0.0,526.75,berlinda,4,4.0,3521.7,3236.0886,6.657796515167263,48.322147651006716,Média,🟠 Abaixo precisa esforço,
RAK0331,Florianopolis-UFSC-apartamento-JR-3Q,Carteira 4,SC,"Florianópolis, SC","Florianópolis, SC, Pantanal",7,271,3363.86,83,3874.3,2025-10,0.625,0.5597,15,31,263.27,,0,0,2025-10-27,0.87,1842.8899999999999,510.44000000000005,berlinda,0,0.0,,,,,Baixa,🔴 Abaixo inviável,
RFM0001,Santa_Cruz_Cabralia-Coroa_Vermelha-apartamento-JR-2Q,Carteira 2,BA,"Santa Cruz Cabrália, BA","Santa Cruz Cabrália, BA, Coroa Vermelha",1,294,2936.66,22,3071.33,2025-10,0.4333,0.562,13,31,218.63,120.0,1,0,2025-10-27,0.96,218.63,134.67000000000007,berlinda,1,2.0,3056.66,2988.656,2.6308472225387716,9.731543624161073,Baixa,🟠 Abaixo precisa esforço,
TBS1105,Florianopolis-Novo_Campeche-apartamento-MASTER-1Q,Carteira 1,SC,"Florianópolis, SC","Florianópolis, SC, Campeche",4,845,5455.33,57,6400.09,2025-10,0.8148,0.6246,22,31,295.18,,0,0,2025-10-27,0.85,1180.72,944.7600000000002,berlinda,0,0.0,,,,,Baixa,🔴 Abaixo inviável,
CHR025,Florianopolis-Jurere_Longe-apartamento-JR-2Q,Carteira 1,SC,"Florianópolis, SC","Florianópolis, SC, Jurerê",7,173,2770.36,16,3040.24,2025-10,0.7083,0.4573,17,31,202.29,,0,22,2025-10-27,0.91,1416.03,269.87999999999965,berlinda,0,0.0,,,,,Baixa,🔴 Abaixo inviável,
GMB0414,Brasilia-Setor_Hoteleiro-apartamento-TOP-1Q,Carteira 1,DF,"Brasília, DF","Brasília, DF, Asa Norte",0,660,5329.53,22,6206.11,2025-10,0.7742,0.7549,24,31,282.46,260.5,2,9,2025-10-27,0.86,0.0,876.5799999999999,berlinda,2,4.0,5850.53,5732.888199999999,9.198559564687057,71.47651006711409,Alta,🟠 Abaixo precisa esforço,
ILC1212,Especial-ILC-hotel-JR-1Q,Especial,SC,"Florianópolis, SC","Florianópolis, SC, Jurerê Internacional",3,650,6301.78,16,7820.79,2025-10,0.6786,0.6145,19,31,404.58,500.0,2,8,2025-10-27,0.81,1213.74,1519.0100000000002,berlinda,2,4.0,7301.78,6980.38,24.27839770662555,97.6510067114094,Crítico,🟠 Abaixo precisa esforço,
MHF0801,Itapema-Canto_Praia-apartamento-TOP-1Q,Carteira 5,SC,"Itapema, SC","Itapema, SC, Centro",0,413,3073.93,15,3459.9,2025-10,0.7097,0.6192,22,31,166.33,171.75,4,0,2025-10-27,0.89,0.0,385.97000000000025,berlinda,4,3.0,3760.93,3561.4939,6.3865379057198215,44.966442953020135,Média,🟢 Abaixo viável,
NWT0921,Especial-NWT-apartamento-TOP-1Q,Carteira 5,AL,"Maceió, AL","Maceió, AL, Pajuçara",0,190,5416.94,34,5613.71,2025-10,0.7419,0.7261,23,31,280.35,250.0,2,0,2025-10-27,0.96,0.0,196.77000000000044,berlinda,2,1.0,5916.94,5787.889999999999,8.762921490422574,67.78523489932886,Alta,🟢 Abaixo viável,
TXP0605,Goiania-Central-apartamento-SUP-1Q,Carteira 1,GO,"Goiânia, GO","Goiânia, GO, Setor Bueno",0,747,2382.29,161,2721.7,2025-10,0.6452,0.6044,20,31,151.9,161.0,1,0,2025-10-27,0.88,0.0,339.40999999999985,berlinda,1,3.0,2543.29,2486.1672,6.692509583471112,48.99328859060403,Média,🟠 Abaixo precisa esforço,
MSSO0902,Goiania-Leste-apartamento-TOP-1Q,Carteira 1,GO,"Goiânia, GO","Goiânia, GO, Jardim Goiás",0,736,2895.53,19,3517.33,2025-10,0.5484,0.5584,17,31,200.76,189.5,4,0,2025-10-27,0.82,0.0,621.7999999999997,berlinda,4,4.0,3653.53,3311.2172,8.37503873676908,64.76510067114094,Alta,🟠 Abaixo precisa esforço,
SMA0107,Salvador-Pituba_Praia-apartamento-SUP-1Q,Carteira 5,BA,"Salvador, BA","Salvador, BA, Amaralina",0,34,2196.53,14,2339.45,2025-10,0.5161,0.5815,16,31,170.13,164.5,2,0,2025-10-27,0.94,0.0,142.91999999999962,berlinda,2,1.0,2525.53,2366.3269,10.049515911859599,77.51677852348993,Alta,🟢 Abaixo viável,
TPS310,Florianopolis-Canasvieiras_Meio-apartamento-TOP-1Q,Carteira 1,SC,"Florianópolis, SC","Florianópolis, SC, Canasvieiras",5,996,2554.63,29,2888.12,2025-10,0.7308,0.6699,19,31,164.05,,0,0,2025-10-27,0.88,820.25,333.4899999999998,berlinda,0,0.0,,,,,Baixa,🔴 Abaixo inviável,
VLO0514,Florianopolis-Jurere_Longe-apartamento-TOP-2Q,Carteira 1,SC,"Florianópolis, SC","Florianópolis, SC, Jurerê Internacional",0,323,4487.02,13,4867.95,2025-10,0.6129,0.5495,19,31,306.95,,0,0,2025-10-27,0.92,0.0,380.9299999999994,berlinda,0,0.0,,,,,Baixa,🔴 Abaixo inviável,
SPT0006,Blumenau-Central-apartamento-JR-1Q,Carteira 4,SC,"Blumenau, SC","Blumenau, SC, Itoupava Seca",6,511,5223.37,48,6119.8,2025-10,0.56,0.5972,14,31,519.64,,0,15,2025-10-27,0.85,3117.84,896.4300000000003,berlinda,0,0.0,,,,,Baixa,🔴 Abaixo inviável,
RPF0605,Porto_Alegre-Menino_Deus-apartamento-SUP-1Q,Carteira 4,RS,"Porto Alegre, RS","Porto Alegre, RS, Azenha",4,190,2288.84,14,2482.9,2025-10,0.5926,0.4901,16,31,170.13,170.0,3,0,2025-10-27,0.92,680.52,194.05999999999995,berlinda,3,2.0,2798.84,2591.0660000000003,6.643481412863987,47.651006711409394,Média,🟢 Abaixo viável,
SCO0008,Florianopolis-Campeche-apartamento-JR-2Q,Carteira 1,SC,"Florianópolis, SC","Florianópolis, SC, Campeche",0,141,2703.28,29,2982.65,2025-10,0.8387,0.5857,26,31,153.12,120.0,3,0,2025-10-27,0.91,0.0,279.3699999999999,berlinda,3,3.0,3063.28,3005.212,3.746601176805859,16.778523489932887,Baixa,🟢 Abaixo viável,
ASK0003,Florianopolis-Itacorubi-apartamento-JR-1Q,Carteira 4,SC,"Florianópolis, SC","Florianópolis, SC, Santa Mônica",0,78,1644.17,12,1844.31,2025-10,0.5806,0.6804,18,31,121.39,96.25,4,0,2025-10-27,0.89,0.0,200.13999999999987,berlinda,4,3.0,2029.17,1867.701,3.4816046832329324,14.76510067114094,Baixa,🟢 Abaixo viável,
SPT0208,Blumenau-Central-apartamento-JR-1Q,Carteira 4,SC,"Blumenau, SC","Blumenau, SC, Itoupava Seca",0,503,4922.72,48,6119.8,2025-10,0.3871,0.5972,12,31,449.25,101.25,4,15,2025-10-27,0.8,0.0,1197.08,berlinda,4,12.0,5327.72,5079.4955,1.650439965358345,6.0402684563758395,Baixa,🟠 Abaixo precisa esforço,
CED0107,Brasilia-Asa_Sul-apartamento-SUP-1Q,Carteira 1,DF,"Brasília, DF","Brasília, DF, Setor Sudoeste",0,34,3703.9,121,4038.99,2025-10,0.6774,0.7987,21,31,206.52,,0,0,2025-10-27,0.92,0.0,335.0899999999997,berlinda,0,0.0,,,,,Baixa,🔴 Abaixo inviável,
EBI0603,Curitiba-Jardim_Botanico-apartamento-SUP-1Q,Carteira 4,PR,"Curitiba, PR","Curitiba, PR, Prado Velho",0,139,2942.1,15,3191.29,2025-10,0.6774,0.7364,21,31,177.24,159.5,4,0,2025-10-27,0.92,0.0,249.19000000000005,berlinda,4,2.0,3580.1,3374.2812,6.227231777745051,42.95302013422819,Média,🟢 Abaixo viável,
IAA0503,Recife-Boa_Viagem-apartamento-TOP-1Q,Carteira 2,PE,"Recife, PE","Recife, PE, Boa Viagem",2,567,4716.44,52,5250.68,2025-10,0.8966,0.7529,26,31,210.63,,0,0,2025-10-27,0.9,421.26,534.2400000000007,berlinda,0,0.0,,,,,Baixa,🔴 Abaixo inviável,
IDO207,Florianopolis-Canajure-apartamento-SUP-2Q,Carteira 1,SC,"Florianópolis, SC","Florianópolis, SC, Jurerê",8,436,3363.35,19,3623.41,2025-10,0.8696,0.4502,20,31,248.1,160.0,1,0,2025-10-27,0.93,1984.8,260.05999999999995,berlinda,1,2.0,3523.35,3502.486,5.741773633124597,36.577181208053695,Média,🟠 Abaixo precisa esforço,
LIV1204,Salvador-Graca-apartamento-TOP-1Q,Especial,BA,"Salvador, BA","Salvador, BA, Vitória",9,40,2460.48,12,2921.78,2025-10,0.2727,0.5466,6,31,466.0,,0,31,2025-10-27,0.84,4194.0,461.3000000000002,berlinda,0,0.0,,,,,Baixa,🔴 Abaixo inviável,
RUP1405,Blumenau-Central-apartamento-SUP-1Q,Carteira 4,SC,"Blumenau, SC","Blumenau, SC, Escola Agrícola",0,442,7724.14,77,8352.92,2025-10,0.6129,0.6104,19,31,499.68,120.0,1,0,2025-10-27,0.92,0.0,628.7799999999997,berlinda,1,6.0,7844.14,7797.688,1.5055333943100129,4.697986577181208,Baixa,🟠 Abaixo precisa esforço,
SLI0715,Maceio-Ponta_Verde-apartamento-TOP-2Q,Carteira 2,AL,"Maceió, AL","Maceió, AL, Ponta Verde",1,233,5905.23,37,7182.59,2025-10,0.8333,0.8174,25,31,278.84,236.5,2,0,2025-10-27,0.82,278.84,1277.3600000000006,berlinda,2,6.0,6378.23,6299.380899999999,7.009904969284528,52.013422818791945,Alta,🟠 Abaixo precisa esforço,
YOU1203,Sao_Paulo-Pinheiros-apartamento-TOP-1Q,Carteira 4,SP,"São Paulo, SP","São Paulo, SP, Jardim Paulistano",0,379,5092.96,262,5251.9,2025-10,0.8387,0.6952,26,31,261.62,200.0,1,0,2025-10-27,0.97,0.0,158.9399999999996,berlinda,1,1.0,5292.96,5260.7,6.0526666539728335,40.604026845637584,Média,🟢 Abaixo viável,
CEV1106,Balneario_Camboriu-Intermediario-apartamento-JR-1Q,Carteira 6,SC,"Balneário Camboriú, SC","Balneário Camboriú, SC, Centro",4,456,2399.23,56,2452.67,2025-10,0.7407,0.5785,20,31,136.4,115.0,1,0,2025-10-27,0.98,545.6,53.440000000000055,berlinda,1,1.0,2514.23,2484.4105,2.5056774861681377,9.060402684563758,Baixa,🟢 Abaixo viável,
CPM0303,Sao_Paulo-Pinheiros-apartamento-SUP-1Q,Carteira 4,SP,"São Paulo, SP","São Paulo, SP, Pinheiros",0,155,3333.67,413,3951.39,2025-10,0.7097,0.6435,22,31,196.05,170.0,3,0,2025-10-27,0.84,0.0,617.7199999999998,berlinda,3,4.0,3843.67,3695.617,6.6440164094154195,47.98657718120805,Média,🟠 Abaixo precisa esforço,
EGI001,Imbituba-Praia_do_Rosa-casa-TOP-3Q,Carteira 6,SC,"Imbituba, SC","Imbituba, SC, Ibiraquera",8,748,4786.6,13,5518.33,2025-10,0.4348,0.4845,10,31,368.8,,0,26,2025-10-27,0.87,2950.4,731.7299999999996,berlinda,0,0.0,,,,,Baixa,🔴 Abaixo inviável,
ELF0407,Bombinhas-Bombas-apartamento-SUP-1Q,Especial,SC,"Bombinhas, SC","Bombinhas, SC, José Amândio",1,141,1655.52,42,1744.23,2025-10,0.3,0.3583,9,31,228.0,228.0,4,31,2025-10-27,0.95,228.0,88.71000000000004,berlinda,4,1.0,2567.52,1929.12,11.59587898384961,86.24161073825503,Crítico,🟢 Abaixo viável,
ERG605,Balneario_Camboriu-Norte-apartamento-SUP-2Q,Carteira 6,SC,"Balneário Camboriú, SC","Balneário Camboriú, SC, Centro",1,1128,3551.2,31,4038.99,2025-10,0.7333,0.5763,22,31,186.32,,0,0,2025-10-27,0.88,186.32,487.78999999999996,berlinda,0,0.0,,,,,Baixa,🔴 Abaixo inviável,
RFM0035,Santa_Cruz_Cabralia-Coroa_Vermelha-apartamento-SUP-2Q,Carteira 2,BA,"Santa Cruz Cabrália, BA","Santa Cruz Cabrália, BA, Coroa Vermelha",0,210,3798.01,45,4511.23,2025-10,0.6129,0.6517,19,31,251.0,234.0,1,0,2025-10-27,0.84,0.0,713.2199999999993,berlinda,1,4.0,4032.01,3941.4286,9.248779157790661,72.14765100671141,Alta,🟠 Abaixo precisa esforço,
EUB0902,Salvador-Barra-apartamento-SUP-1Q,Carteira 2,BA,"Salvador, BA","Salvador, BA, Barra",1,295,3229.28,209,3347.82,2025-10,0.8,0.601,24,31,164.63,,0,0,2025-10-27,0.96,164.63,118.53999999999996,berlinda,0,0.0,,,,,Baixa,🔴 Abaixo inviável,
JBV108,Especial-JBV-hotel-TOP-1Q,Especial,SC,"Florianópolis, SC","Florianópolis, SC, Jurerê",0,1673,9235.64,32,10019.61,2025-10,0.9355,0.8219,29,31,1414.93,303.0,1,0,2025-10-27,0.92,0.0,783.9700000000012,berlinda,1,3.0,9538.64,9519.0965,7.902600001397271,62.08053691275168,Alta,🟠 Abaixo precisa esforço,
JBV328,Especial-JBV-hotel-TOP-1Q,Especial,SC,"Florianópolis, SC","Florianópolis, SC, Jurerê Internacional",0,1169,9040.06,32,10019.61,2025-10,0.8387,0.8219,26,31,432.46,333.0,1,0,2025-10-27,0.9,0.0,979.5500000000011,berlinda,1,3.0,9373.06,9319.347099999999,10.851724767730492,82.5503355704698,Crítico,🟠 Abaixo precisa esforço,
NWT0915,Especial-NWT-apartamento-TOP-1Q,Carteira 5,AL,"Maceió, AL","Maceió, AL, Pajuçara",0,190,5152.07,34,5613.71,2025-10,0.7097,0.7261,22,31,280.14,,0,0,2025-10-27,0.92,0.0,461.6400000000003,berlinda,0,0.0,,,,,Baixa,🔴 Abaixo inviável,
PPB1206,Goiania-Central-apartamento-SUP-2Q,Carteira 1,GO,"Goiânia, GO","Goiânia, GO, Setor Bueno",0,726,2697.26,48,3185.93,2025-10,0.4516,0.4722,14,31,223.93,207.5,4,7,2025-10-27,0.85,0.0,488.6699999999996,berlinda,4,3.0,3527.26,3072.088,10.609045082597538,80.20134228187919,Crítico,🟠 Abaixo precisa esforço,
SCO0016,Florianopolis-Campeche-apartamento-JR-2Q,Carteira 1,SC,"Florianópolis, SC","Florianópolis, SC, Campeche",0,176,2645.7,29,2982.65,2025-10,0.6774,0.5857,21,31,144.35,120.0,1,0,2025-10-27,0.89,0.0,336.9500000000003,berlinda,1,3.0,2765.7,2726.988,4.518800395621346,24.161073825503358,Média,🟠 Abaixo precisa esforço,
DRL0103,Bombinhas-Centro-apartamento-TOP-2Q,Carteira 6,SC,"Bombinhas, SC","Bombinhas, SC, Centro",1,456,3665.69,27,3801.63,2025-10,0.9,0.3509,27,31,171.3,,0,0,2025-10-27,0.96,171.3,135.94000000000005,berlinda,0,0.0,,,,,Baixa,🔴 Abaixo inviável,
ILC3313,Especial-ILC-hotel-JR-1Q,Especial,SC,"Florianópolis, SC","Florianópolis, SC, Jurerê Internacional",3,1584,7573.48,16,7820.79,2025-10,0.7857,0.6145,22,31,405.95,500.0,2,10,2025-10-27,0.97,1217.85,247.3100000000004,berlinda,2,1.0,8573.48,8359.18,15.811062565290745,94.63087248322147,Crítico,🟢 Abaixo viável,
PDC001,Ilheus-Sul-apartamento-JR-2Q,Carteira 2,BA,"Ilhéus, BA","Ilhéus, BA, Nossa Senhora da Vitória",1,436,2383.7,31,2401.98,2025-10,0.5667,0.44,17,31,164.94,115.25,4,0,2025-10-27,0.99,164.94,18.2800000000002,berlinda,4,1.0,2844.7,2644.9487,0.8770972281201438,0.33557046979865773,Baixa,🟢 Abaixo viável,
TSR0501,Ilheus-Sul-apartamento-SUP-2Q,Carteira 2,BA,"Ilhéus, BA","Ilhéus, BA, Nossa Senhora da Vitória",0,44,3139.42,24,3158.2,2025-10,0.5806,0.5022,18,31,212.28,159.0,3,0,2025-10-27,0.99,0.0,18.779999999999745,berlinda,3,1.0,3616.42,3416.3662,0.9454816034449874,0.6711409395973155,Baixa,🟢 Abaixo viável,
VST009,Especial-VST-casa-TOP-1Q,Carteira 5,SC,"Anitápolis, SC","Anitápolis, SC, Rio dos Pinheiros",1,457,2636.69,45,2754.3,2025-10,0.4667,0.2088,14,31,224.07,160.0,3,0,2025-10-27,0.96,224.07,117.61000000000013,berlinda,3,1.0,3116.69,2860.706,6.832080746469165,50.0,Alta,🟢 Abaixo viável,
CVKB0006,São_Miguel_dos_Milagres-Geral-apartamento-SUP-1Q,Carteira 2,AL,"São Miguel dos Milagres, AL","São Miguel dos Milagres, AL, Centro",2,377,4058.58,16,4660.41,2025-10,0.6897,0.5766,20,31,252.0,180.0,2,14,2025-10-27,0.87,504.0,601.8299999999999,berlinda,2,4.0,4418.58,4306.872,5.811151808531867,37.58389261744966,Média,🟠 Abaixo precisa esforço,
NWT0601,Especial-NWT-apartamento-TOP-1Q,Carteira 5,AL,"Maceió, AL","Maceió, AL, Pajuçara",1,184,4799.27,34,5613.71,2025-10,0.6667,0.7261,20,31,273.75,255.0,4,0,2025-10-27,0.85,273.75,814.4399999999996,berlinda,4,4.0,5819.27,5479.304,9.248883536912304,72.48322147651007,Alta,🟠 Abaixo precisa esforço,
NWT1013,Especial-NWT-apartamento-TOP-1Q,Carteira 5,AL,"Maceió, AL","Maceió, AL, Pajuçara",0,154,5247.3,34,5613.71,2025-10,0.6774,0.7261,21,31,310.71,280.0,4,0,2025-10-27,0.93,0.0,366.40999999999985,berlinda,4,2.0,6367.3,6005.988,9.137878515277771,70.80536912751678,Alta,🟢 Abaixo viável,
REH0203,Florianopolis-Barra_da_Lagoa-apartamento-SUP-2Q,Carteira 1,SC,"Florianópolis, SC","Florianópolis, SC, Barra da Lagoa",1,35,3368.53,35,4117.4,2025-10,0.6667,0.5228,20,31,209.7,159.5,2,0,2025-10-27,0.82,209.7,748.8699999999994,berlinda,2,5.0,3687.53,3581.2073,5.801950988487877,37.24832214765101,Média,🟠 Abaixo precisa esforço,
VST015,Especial-VST-casa-TOP-1Q,Carteira 5,SC,"Anitápolis, SC","Anitápolis, SC, Rio dos pinheiros",0,92,2246.93,45,2754.3,2025-10,0.3226,0.2088,10,31,288.09,160.0,3,0,2025-10-27,0.82,0.0,507.37000000000035,berlinda,3,4.0,2726.93,2401.778,7.368405765530265,56.711409395973156,Alta,🟠 Abaixo precisa esforço,
BLSA1455,Goiania-Central-apartamento-TOP-1Q,Carteira 1,GO,"Goiânia, GO","Goiânia, GO, Setor Marista",0,425,2670.81,53,3116.1,2025-10,0.5161,0.5687,16,31,201.25,,0,0,2025-10-27,0.86,0.0,445.28999999999996,berlinda,0,0.0,,,,,Baixa,🔴 Abaixo inviável,
CNB005,Especial-CNB-casa-TOP-1Q,Especial,SP,"Campos do Jordão, SP","Campos do Jordão, SP, Jardim Europa",0,565,5459.55,17,5682.81,2025-10,0.3548,0.6351,11,31,609.0,320.0,3,10,2025-10-27,0.96,0.0,223.26000000000022,berlinda,3,1.0,6419.55,5800.158,12.571808665079436,88.59060402684564,Crítico,🟢 Abaixo viável,
ILC3208,Especial-ILC-hotel-TOP-1Q,Especial,SC,"Florianópolis, SC","Florianópolis, SC, Jurerê Internacional",5,1427,9043.7,28,10019.61,2025-10,0.8462,0.8614,22,31,513.0,423.0,3,0,2025-10-27,0.9,2565.0,975.9099999999999,berlinda,3,3.0,10312.7,10117.5278,13.73339980298634,91.2751677852349,Crítico,🟢 Abaixo viável,
PGR1101,Porto_Alegre-Jardim_Botanico-apartamento-TOP-2Q,Carteira 4,RS,"Porto Alegre, RS","Porto Alegre, RS, Petrópolis",0,190,4485.37,24,5040.39,2025-10,0.6129,0.6197,19,31,284.0,280.0,1,0,2025-10-27,0.89,0.0,555.0200000000004,berlinda,1,2.0,4765.37,4656.982,15.416029315191892,93.95973154362416,Crítico,🟠 Abaixo precisa esforço,
RVP0502,Joao_Pessoa-Aeroclube-apartamento-JR-2Q,Carteira 2,PB,"João Pessoa, PB","João Pessoa, PB, Aeroclube",1,223,2615.36,8,2752.35,2025-10,0.8333,0.5409,25,31,128.76,153.5,2,0,2025-10-27,0.95,128.76,136.98999999999978,berlinda,2,1.0,2922.36,2871.1831,7.640003996584724,59.395973154362416,Alta,🟢 Abaixo viável,
DPR0009,Balneario_Camboriu-Sul-apartamento-JR-1Q,Carteira 6,SC,"Balneário Camboriú, SC","Balneário Camboriú, SC, Barra",0,204,1547.79,35,1665.23,2025-10,0.5161,0.5526,16,31,113.5,,0,0,2025-10-27,0.93,0.0,117.44000000000005,berlinda,0,0.0,,,,,Baixa,🔴 Abaixo inviável,
WBU2105,Goiania-Central-apartamento-TOP-1Q,Carteira 1,GO,"Goiânia, GO","Goiânia, GO, Setor Bueno",3,726,3046.09,53,3116.1,2025-10,0.6071,0.5687,17,31,202.15,185.5,2,0,2025-10-27,0.98,606.45,70.00999999999976,berlinda,2,1.0,3417.09,3271.3241000000003,4.167663104521664,20.13422818791946,Média,🟢 Abaixo viável,
CVPA103,Porto_de_Pedras-Geral-apartamento-SUP-2Q,Carteira 2,AL,"Porto de Pedras, AL","Porto de Pedras, AL, Patacho",0,600,3808.03,39,4049.69,2025-10,0.6452,0.4982,20,31,237.2,234.0,2,0,2025-10-27,0.94,0.0,241.65999999999985,berlinda,2,2.0,4276.030000000001,4109.9836000000005,6.981823300055069,51.67785234899329,Alta,🟢 Abaixo viável,
DNAG2001,Goiania-Central-apartamento-SUP-1Q,Carteira 1,GO,"Goiânia, GO","Goiânia, GO, Setor Bueno",1,92,2706.75,161,2721.7,2025-10,0.7,0.6044,21,31,163.43,,0,7,2025-10-27,0.99,163.43,14.949999999999818,berlinda,0,0.0,,,,,Baixa,🔴 Abaixo inviável,
ENE0218,Brasilia-Asa_Norte-apartamento-TOP-1Q,Carteira 1,DF,"Brasília, DF","Brasília, DF, Setor Noroeste",2,415,3472.84,28,4293.42,2025-10,0.5862,0.8048,17,31,242.06,203.67,3,0,2025-10-27,0.81,484.12,820.5799999999999,berlinda,3,5.0,4083.8500000000004,3831.014062,7.785286722472996,60.40268456375839,Alta,🟠 Abaixo precisa esforço,
ART003,Porto_Seguro-Pataxos-apartamento-JR-2Q,Carteira 2,BA,"Porto Seguro, BA","Porto Seguro, BA, Paraíso dos Pataxós",0,741,2733.44,68,3142.14,2025-10,0.6452,0.5275,20,31,189.0,180.0,1,0,2025-10-27,0.87,0.0,408.6999999999998,berlinda,1,3.0,2913.44,2849.576,7.804235330061673,60.738255033557046,Alta,🟠 Abaixo precisa esforço,
CEL1804,Goiania-Central-apartamento-SUP-1Q,Carteira 1,GO,"Goiânia, GO","Goiânia, GO, Setor Bueno",0,54,2490.54,161,2721.7,2025-10,0.6129,0.6044,19,31,161.42,,0,0,2025-10-27,0.92,0.0,231.15999999999985,berlinda,0,0.0,,,,,Baixa,🔴 Abaixo inviável,
LOF1405,Sao_Paulo-Pinheiros-apartamento-SUP-1Q,Carteira 4,SP,"São Paulo, SP","São Paulo, SP, Pinheiros",0,135,3917.41,413,3951.39,2025-10,0.8065,0.6435,25,31,185.44,,0,0,2025-10-27,0.99,0.0,33.98000000000002,berlinda,0,0.0,,,,,Baixa,🔴 Abaixo inviável,
NEB0103,Blumenau-Central-apartamento-SUP-2Q,Carteira 4,SC,"Blumenau, SC","Blumenau, SC, Velha",4,370,8298.81,58,8463.03,2025-10,0.6667,0.591,18,31,494.17,,0,0,2025-10-27,0.98,1976.68,164.22000000000116,berlinda,0,0.0,,,,,Baixa,🔴 Abaixo inviável,
SSG0304,Florianopolis-UFSC-apartamento-TOP-1Q,Carteira 4,SC,"Florianópolis, SC","Florianópolis, SC, Córrego Grande",2,706,2519.83,15,2661.35,2025-10,0.4828,0.5879,14,31,215.07,194.5,2,0,2025-10-27,0.95,430.14,141.51999999999998,berlinda,2,1.0,2908.83,2707.6392,10.342735829560185,79.19463087248322,Alta,🟢 Abaixo viável,
BLI1801,Goiania-Sul-apartamento-TOP-2Q,Carteira 1,GO,"Goiânia, GO","Goiânia, GO, Setor Bela Vista",0,330,4034.12,63,4075.89,2025-10,0.6774,0.528,21,31,235.38,225.0,4,0,2025-10-27,0.99,0.0,41.76999999999998,berlinda,4,1.0,4934.12,4643.78,2.3058154170009484,7.718120805369128,Baixa,🟢 Abaixo viável,
ECH0205,Florianopolis-Centrao-apartamento-SUP-1Q,Carteira 4,SC,"Florianópolis, SC","Florianópolis, SC, Centro",1,1,3737.11,122,3775.97,2025-10,0.9333,0.5975,28,31,180.0,,0,0,2025-10-27,0.99,180.0,38.85999999999967,berlinda,0,0.0,,,,,Baixa,🔴 Abaixo inviável,
EEP0901,Guarapari-Centro-apartamento-SUP-2Q,Carteira 4,ES,"Guarapari, ES","Guarapari, ES, São Judas Tadeu",0,84,3156.63,21,3225.75,2025-10,0.5484,0.4869,17,31,211.82,197.5,4,0,2025-10-27,0.98,0.0,69.11999999999989,berlinda,4,1.0,3946.63,3589.866,4.2319460590560265,20.80536912751678,Média,🟢 Abaixo viável,
TXP0207,Goiania-Central-apartamento-SUP-1Q,Carteira 1,GO,"Goiânia, GO","Goiânia, GO, Setor Bueno",0,741,2552.1,161,2721.7,2025-10,0.6129,0.6044,19,31,184.58,149.67,3,0,2025-10-27,0.94,0.0,169.5999999999999,berlinda,3,2.0,3001.1099999999997,2827.298229,4.663267810559572,27.181208053691275,Média,🟢 Abaixo viável,
VLPC0103,Mata_de_Sao_Joao-Praia_do_Forte-apartamento-SUP-2Q,Carteira 2,BA,"Mata de São João, BA","Mata de São João, BA, Centro",1,230,4530.7,33,5559.2,2025-10,0.5333,0.5191,16,31,326.91,294.75,4,0,2025-10-27,0.81,326.91,1028.5,berlinda,4,4.0,5709.7,5159.4607,13.632823742624838,90.93959731543623,Crítico,🟠 Abaixo precisa esforço,
EDF0503,Salvador-Ondina_Rio_Vermelho-apartamento-TOP-1Q,Carteira 2,BA,"Salvador, BA","Salvador, BA, Rio Vermelho",2,37,3157.28,44,3860.1,2025-10,0.6897,0.6579,20,31,190.95,,0,0,2025-10-27,0.82,381.9,702.8199999999997,berlinda,0,0.0,,,,,Baixa,🔴 Abaixo inviável,
RBH806,Florianopolis-Centrao-apartamento-SUP-1Q,Carteira 4,SC,"Florianópolis, SC","Florianópolis, SC, Centro",1,848,3312.59,122,3775.97,2025-10,0.8,0.5975,24,31,157.75,,0,0,2025-10-27,0.88,157.75,463.37999999999965,berlinda,0,0.0,,,,,Baixa,🔴 Abaixo inviável,
VLP0111,Mata_de_Sao_Joao-Praia_do_Forte-apartamento-SUP-2Q,Carteira 2,BA,"Mata de São João, BA","Mata de São João, BA, Centro",0,70,4736.11,33,5559.2,2025-10,0.6129,0.5191,19,31,297.89,294.75,4,0,2025-10-27,0.85,0.0,823.0900000000001,berlinda,4,3.0,5915.11,5458.719099999999,14.546803946611025,92.28187919463086,Crítico,🟠 Abaixo precisa esforço,
VST033,Especial-VST-casa-TOP-1Q,Carteira 5,SC,"Anitápolis, SC","Anitápolis, SC, Rio dos Pinheiros",1,457,2514.85,45,2754.3,2025-10,0.4333,0.2088,13,31,260.64,160.0,2,0,2025-10-27,0.91,260.64,239.45000000000027,berlinda,2,2.0,2834.85,2653.506,6.9549431797553,51.34228187919463,Alta,🟠 Abaixo precisa esforço,
VST016,Especial-VST-casa-TOP-1Q,Carteira 5,SC,"Anitápolis, SC","Anitápolis, SC, Rio dos pinheiros",0,92,2465.67,45,2754.3,2025-10,0.3548,0.2088,11,31,273.82,160.0,3,0,2025-10-27,0.9,0.0,288.6300000000001,berlinda,3,2.0,2945.67,2635.974,8.383400501034748,65.77181208053692,Alta,🟠 Abaixo precisa esforço,
IAA0504,Recife-Boa_Viagem-apartamento-TOP-1Q,Carteira 2,PE,"Recife, PE","Recife, PE, Boa Viagem",2,567,4239.35,52,5250.68,2025-10,0.7931,0.7529,23,31,226.48,185.0,2,0,2025-10-27,0.81,452.96,1011.3299999999999,berlinda,2,6.0,4609.35,4532.7970000000005,5.938787928420698,39.93288590604027,Média,🟠 Abaixo precisa esforço,
QTIB0301,Florianopolis-Ingleses_Norte-apartamento-JR-2Q,Carteira 1,SC,"Florianópolis, SC","Florianópolis, SC, Ingleses do Rio Vermelho",1,82,1857.77,32,2245.74,2025-10,0.4667,0.5091,14,31,158.14,162.0,4,0,2025-10-27,0.83,158.14,387.9699999999998,berlinda,4,3.0,2505.77,2160.1916,9.328942798364901,73.48993288590604,Alta,🟠 Abaixo precisa esforço,
SKL1003,Penha-Praia-apartamento-SUP-2Q,Carteira 4,SC,"Penha, SC","Penha, SC, Armação",0,6,3123.55,53,3312.94,2025-10,0.6129,0.4703,19,31,222.21,184.0,2,0,2025-10-27,0.94,0.0,189.38999999999987,berlinda,2,2.0,3491.55,3349.0972,5.259340646072669,32.88590604026846,Média,🟢 Abaixo viável,
TXP1405,Goiania-Central-apartamento-SUP-1Q,Carteira 1,GO,"Goiânia, GO","Goiânia, GO, Setor Bueno",0,716,2678.28,161,2721.7,2025-10,0.6774,0.6044,21,31,155.05,161.0,1,0,2025-10-27,0.98,0.0,43.41999999999962,berlinda,1,1.0,2839.28,2787.3414000000002,2.5684755851122234,9.395973154362416,Baixa,🟢 Abaixo viável,
CSE0102,Florianopolis-Canasvieiras_Meio-apartamento-SUP-3Q,Carteira 1,SC,"Florianópolis, SC","Florianópolis, SC, Canasvieiras",10,392,3584.18,22,4184.34,2025-10,0.7143,0.4137,15,31,290.53,,0,12,2025-10-27,0.86,2905.2999999999997,600.1600000000003,berlinda,0,0.0,,,,,Baixa,🔴 Abaixo inviável,
JBV207,Especial-JBV-hotel-TOP-1Q,Especial,SC,"Florianópolis, SC","Florianópolis, SC, Jurerê",4,391,8790.76,32,10019.61,2025-10,0.8148,0.8219,22,31,515.77,375.0,3,0,2025-10-27,0.88,2063.08,1228.8500000000004,berlinda,3,4.0,9915.76,9707.41,11.49792132627917,84.8993288590604,Crítico,🟠 Abaixo precisa esforço,
NWT0714,Especial-NWT-apartamento-TOP-1Q,Carteira 5,AL,"Maceió, AL","Maceió, AL, Pajuçara",0,155,5046.76,34,5613.71,2025-10,0.7097,0.7261,22,31,286.05,,0,0,2025-10-27,0.9,0.0,566.9499999999998,berlinda,0,0.0,,,,,Baixa,🔴 Abaixo inviável,
NWT0812,Especial-NWT-apartamento-TOP-1Q,Carteira 5,AL,"Maceió, AL","Maceió, AL, Pajuçara",0,155,5298.78,34,5613.71,2025-10,0.6774,0.7261,21,31,299.38,280.0,1,0,2025-10-27,0.94,0.0,314.9300000000003,berlinda,1,2.0,5578.78,5488.451999999999,7.854021671942448,61.07382550335571,Alta,🟠 Abaixo precisa esforço,
VDB0201,Gramado-Centro-apartamento-SUP-2Q,Carteira 4,RS,"Gramado, RS","Gramado, RS, Centro",2,230,4603.33,89,5019.25,2025-10,0.6207,0.4992,18,31,365.56,360.0,1,0,2025-10-27,0.92,731.12,415.9200000000001,berlinda,1,2.0,4963.33,4826.782,14.915694575882853,92.9530201342282,Crítico,🟠 Abaixo precisa esforço,
VIC0401,Florianopolis-Novo_Campeche-apartamento-MASTER-3Q,Carteira 1,SC,"Florianópolis, SC","Florianópolis, SC, Campeche",9,644,7735.21,7,8944.56,2025-10,0.8182,0.3019,18,31,577.83,500.0,2,0,2025-10-27,0.86,5200.47,1209.3499999999995,berlinda,2,3.0,8735.21,8553.41,22.53418092486752,96.64429530201343,Crítico,🟠 Abaixo precisa esforço,
BLB1502,Salvador-Barra-apartamento-SUP-1Q,Carteira 2,BA,"Salvador, BA","Salvador, BA, Barra",0,653,3287.56,209,3347.82,2025-10,0.7742,0.601,24,31,173.29,181.25,4,0,2025-10-27,0.98,0.0,60.26000000000022,berlinda,4,1.0,4012.56,3848.855,3.262458853821304,13.758389261744966,Baixa,🟢 Abaixo viável,
CPN0002,Florianopolis-Centrao-apartamento-JR-2Q,Carteira 4,SC,"Florianópolis, SC","Florianópolis, SC, Centro",5,359,2860.28,14,3346.36,2025-10,0.7692,0.548,20,31,173.6,,0,0,2025-10-27,0.85,868.0,486.0799999999999,berlinda,0,0.0,,,,,Baixa,🔴 Abaixo inviável,
NWT0504,Especial-NWT-apartamento-TOP-1Q,Carteira 5,AL,"Maceió, AL","Maceió, AL, Pajuçara",0,194,4960.46,34,5613.71,2025-10,0.6452,0.7261,20,31,287.9,280.0,4,0,2025-10-27,0.88,0.0,653.25,berlinda,4,3.0,6080.46,5683.084,10.860910164579217,82.88590604026845,Crítico,🟢 Abaixo viável,
RFM0012,Santa_Cruz_Cabralia-Coroa_Vermelha-apartamento-SUP-2Q,Carteira 2,BA,"Santa Cruz Cabrália, BA","Porto Seguro, BA, Mutá",0,264,4267.9,45,4511.23,2025-10,0.6774,0.6517,21,31,240.0,,0,0,2025-10-27,0.95,0.0,243.32999999999993,berlinda,0,0.0,,,,,Baixa,🔴 Abaixo inviável,
SKC0414,Maceio-Jatiuca-apartamento-TOP-1Q,Carteira 2,AL,"Maceió, AL","Maceió, AL, Jatiúca",0,237,4339.35,41,4557.73,2025-10,0.9355,0.746,29,31,190.83,140.0,1,0,2025-10-27,0.95,0.0,218.3799999999992,berlinda,1,2.0,4479.35,4470.320000000001,3.3539942032546786,14.093959731543624,Baixa,🟠 Abaixo precisa esforço,
VST022,Especial-VST-casa-TOP-1Q,Carteira 5,SC,"Anitápolis, SC","Anitápolis, SC, Rio dos Pinheiros",1,457,2699.63,45,2754.3,2025-10,0.5,0.2088,15,31,221.87,160.0,3,0,2025-10-27,0.98,221.87,54.67000000000007,berlinda,3,1.0,3179.63,2939.63,3.175834150237814,12.751677852348994,Baixa,🟢 Abaixo viável,
BLB1004,Salvador-Barra-apartamento-SUP-1Q,Carteira 2,BA,"Salvador, BA","Salvador, BA, Barra",0,324,3321.29,209,3347.82,2025-10,0.7742,0.601,24,31,158.67,168.67,3,0,2025-10-27,0.99,0.0,26.5300000000002,berlinda,3,1.0,3827.3,3713.042942,1.3366355120645779,2.684563758389262,Baixa,🟢 Abaixo viável,
BLSA1655,Goiania-Central-apartamento-TOP-1Q,Carteira 1,GO,"Goiânia, GO","Goiânia, GO, Setor Marista",0,656,2673.37,53,3116.1,2025-10,0.5484,0.5687,17,31,199.29,155.75,4,0,2025-10-27,0.86,0.0,442.73,berlinda,4,3.0,3296.37,3015.0232,7.376228565621557,57.04697986577181,Alta,🟠 Abaixo precisa esforço,
NWT0309,Especial-NWT-apartamento-TOP-1Q,Carteira 5,AL,"Maceió, AL","Maceió, AL, Pajuçara",0,316,5278.84,34,5613.71,2025-10,0.6452,0.7261,20,31,308.0,287.75,4,0,2025-10-27,0.94,0.0,334.8699999999999,berlinda,4,2.0,6429.84,6021.465200000001,8.582456388021466,67.11409395973155,Alta,🟢 Abaixo viável,
CUA001,Urubici-Geral-casa-JR-1Q,Carteira 3,SC,"Urubici, SC","Urubici, SC, Área Rural",0,534,1195.65,23,1119.45,2025-10,0.3226,0.1424,10,31,127.3,114.25,4,0,2025-10-27,1.07,0.0,-76.20000000000005,berlinda,4,-0.0,1652.65,1343.0782000000002,,75.88495575221239,Risco Médio,🟡 Acima com risco,49.99999999999996
ERT0210,Florianopolis-Jurere_Tradicional-apartamento-TOP-1Q,Carteira 1,SC,"Florianópolis, SC","Florianópolis, SC, Jurerê",1,250,4834.14,16,4831.55,2025-10,0.8667,0.6121,26,31,233.31,,0,0,2025-10-27,1.0,233.31,-2.5900000000001455,berlinda,0,0.0,,,,14.823008849557523,Sem Risco,🟡 Acima sem ação,0.0
ILC3103,Especial-ILC-hotel-JR-1Q,Especial,SC,"Florianópolis, SC","Florianópolis, SC, Jurerê Internacional",0,1463,7935.87,16,7820.79,2025-10,0.8065,0.6145,25,31,399.96,300.0,3,0,2025-10-27,1.01,0.0,-115.07999999999993,berlinda,3,-0.0,8835.869999999999,8661.72,,94.91150442477876,Risco Alto,🟡 Acima com risco,149.9999999999999
PSO0309,Penha-Beto_Carrero-apartamento-SUP-1Q,Carteira 3,SC,"Penha, SC","Penha, SC, Praia de Armação do Itapocoroi",0,70,2649.13,18,2566.46,2025-10,0.5484,0.6596,17,31,181.06,148.5,4,0,2025-10-27,1.03,0.0,-82.67000000000007,berlinda,4,-0.0,3243.13,2974.8796,,88.71681415929203,Risco Alto,🟡 Acima com risco,99.99999999999991
BLS1755,Goiania-Central-apartamento-SUP-1Q,Carteira 1,GO,"Goiânia, GO","Goiânia, GO, Setor Marista",0,741,2749.72,161,2721.7,2025-10,0.6774,0.6044,21,31,157.95,140.0,1,18,2025-10-27,1.01,0.0,-28.019999999999982,berlinda,1,-0.0,2889.72,2844.5559999999996,,75.88495575221239,Risco Médio,🟡 Acima com risco,49.99999999999996
EJO0402,Florianopolis-Centrao-apartamento-JR-1Q,Carteira 4,SC,"Florianópolis, SC","Florianópolis, SC, Centro",1,363,2749.85,68,2759.16,2025-10,0.7333,0.6039,22,31,156.5,95.67,3,0,2025-10-27,1.0,156.5,9.309999999999945,berlinda,3,1.0,3036.8599999999997,2960.314433,,98.89380530973452,Risco Alto,🟡 Acima com risco,299.9999999999998
RLI0101,Florianopolis-Ingleses_Norte-apartamento-JR-2Q,Carteira 1,SC,"Florianópolis, SC","Florianópolis, SC, Ingleses do Rio Vermelho",4,306,2412.23,32,2245.74,2025-10,0.5926,0.5091,16,31,195.94,,0,0,2025-10-27,1.07,783.76,-166.49000000000024,berlinda,0,0.0,,,,14.823008849557523,Sem Risco,🟡 Acima sem ação,0.0
TCO0712,Porto_Alegre-Centro_Historico-apartamento-SUP-1Q,Carteira 4,RS,"Porto Alegre, RS","Porto Alegre, RS, Centro Histórico",0,524,2200.35,87,2119.74,2025-10,0.6774,0.5817,21,31,128.9,120.0,1,0,2025-10-27,1.04,0.0,-80.61000000000013,berlinda,1,-0.0,2320.35,2281.638,,44.690265486725664,Risco Baixo,🟡 Acima com risco,19.999999999999982
CTD0401,Penha-Longe-apartamento-JR-2Q,Carteira 6,SC,"Penha, SC","Penha, SC, Centro",0,202,2503.58,23,2352.35,2025-10,0.7419,0.5,23,31,142.09,111.0,2,0,2025-10-27,1.06,0.0,-151.23000000000002,berlinda,2,-1.0,2725.58,2668.2817999999997,,54.20353982300885,Risco Médio,🟡 Acima com risco,28.571428571428545
MHF0806,Itapema-Canto_Praia-apartamento-TOP-1Q,Carteira 5,SC,"Itapema, SC","Itapema, SC, Centro",0,467,3448.16,15,3459.9,2025-10,0.7419,0.6192,23,31,177.17,187.0,1,0,2025-10-27,1.0,0.0,11.740000000000236,berlinda,1,1.0,3635.16,3586.8952999999997,,88.71681415929203,Risco Alto,🟡 Acima com risco,99.99999999999991
MHF1803,Itapema-Canto_Praia-apartamento-TOP-1Q,Carteira 5,SC,"Itapema, SC","Itapema, SC, Centro",0,469,3564.85,15,3459.9,2025-10,0.7419,0.6192,23,31,182.43,160.0,1,0,2025-10-27,1.03,0.0,-104.94999999999982,berlinda,1,-0.0,3724.85,3683.554,,50.22123893805309,Risco Médio,🟡 Acima com risco,24.99999999999998
RGP302,Florianopolis-Jurere_Tradicional-apartamento-SUP-2Q,Carteira 1,SC,"Florianópolis, SC","Florianópolis, SC, Jurerê",0,540,3989.02,27,3777.8,2025-10,0.8065,0.4779,25,31,203.12,,0,0,2025-10-27,1.06,0.0,-211.2199999999998,berlinda,0,0.0,,,,14.823008849557523,Sem Risco,🟡 Acima sem ação,0.0
LHD0706,Goiania-Central-apartamento-SUP-1Q,Carteira 1,GO,"Goiânia, GO","Goiânia, GO, Setor Bueno",0,455,2854.2,161,2721.7,2025-10,0.5806,0.6044,18,31,172.24,,0,0,2025-10-27,1.05,0.0,-132.5,berlinda,0,0.0,,,,14.823008849557523,Sem Risco,🟡 Acima sem ação,0.0
NWT0423,Especial-NWT-apartamento-TOP-1Q,Carteira 5,AL,"Maceió, AL","Maceió, AL, Pajuçara",0,306,5596.44,34,5613.71,2025-10,0.7097,0.7261,22,31,287.36,280.0,4,0,2025-10-27,1.0,0.0,17.270000000000437,berlinda,4,1.0,6716.44,6391.304,,99.77876106194691,Risco Alto,🟡 Acima com risco,399.99999999999966
TBS106,Florianopolis-Novo_Campeche-apartamento-MASTER-1Q,Carteira 1,SC,"Florianópolis, SC","Florianópolis, SC, Campeche",2,918,6730.73,57,6400.09,2025-10,0.7586,0.6246,22,31,353.41,317.0,3,0,2025-10-27,1.05,706.82,-330.6399999999994,berlinda,3,-1.0,7681.73,7452.1586,,75.88495575221239,Risco Médio,🟡 Acima com risco,49.99999999999996
TCO0612,Porto_Alegre-Centro_Historico-apartamento-SUP-1Q,Carteira 4,RS,"Porto Alegre, RS","Porto Alegre, RS, Centro Histórico",0,533,2322.56,87,2119.74,2025-10,0.7097,0.5817,22,31,124.55,120.0,4,0,2025-10-27,1.1,0.0,-202.82000000000016,berlinda,4,-1.0,2802.56,2663.216,,62.38938053097345,Risco Médio,🟡 Acima com risco,36.36363636363633
MMP0137,Itapema-Meia_Praia-Sul-apartamento-SUP-3Q,Carteira 6,SC,"Itapema, SC","Itapema, SC, Meia Praia",4,92,3828.13,17,3503.7,2025-10,0.7778,0.4236,21,31,222.38,186.75,4,0,2025-10-27,1.09,889.52,-324.4300000000003,berlinda,4,-1.0,4575.13,4409.1466,,67.2566371681416,Risco Médio,🟡 Acima com risco,39.999999999999964
NWT1003,Especial-NWT-apartamento-TOP-1Q,Carteira 5,AL,"Maceió, AL","Maceió, AL, Pajuçara",0,168,5754.07,34,5613.71,2025-10,0.6129,0.7261,19,31,381.95,287.75,4,0,2025-10-27,1.03,0.0,-140.35999999999967,berlinda,4,-0.0,6905.07,6459.5179,,88.71681415929203,Risco Alto,🟡 Acima com risco,99.99999999999991
TXP1912,Goiania-Central-apartamento-TOP-2Q,Carteira 1,GO,"Goiânia, GO","Goiânia, GO, Setor Bueno",2,726,4329.26,15,4010.02,2025-10,0.5517,0.5109,16,31,261.68,,0,0,2025-10-27,1.08,523.36,-319.24000000000024,berlinda,0,0.0,,,,14.823008849557523,Sem Risco,🟡 Acima sem ação,0.0
VGZ0003,Imbituba-Praia_do_Rosa-casa-SUP-1Q,Carteira 6,SC,"Imbituba, SC","Imbituba, SC, Ibiraquera",0,589,2662.26,50,2553.81,2025-10,0.7419,0.2948,23,31,140.48,110.0,1,0,2025-10-27,1.04,0.0,-108.45000000000027,berlinda,1,-0.0,2772.26,2743.869,,44.690265486725664,Risco Baixo,🟡 Acima com risco,19.999999999999982
OKA134,Florianopolis-Campeche-apartamento-SUP-1Q,Carteira 1,SC,"Florianópolis, SC","Florianópolis, SC, Campeche",0,1002,2834.82,25,2756.73,2025-10,0.6452,0.5652,20,31,186.55,197.5,2,0,2025-10-27,1.03,0.0,-78.09000000000015,berlinda,2,-0.0,3229.82,3089.674,,75.88495575221239,Risco Médio,🟡 Acima com risco,49.99999999999996
TCO0512,Porto_Alegre-Centro_Historico-apartamento-SUP-1Q,Carteira 4,RS,"Porto Alegre, RS","Porto Alegre, RS, Centro Histórico",0,478,2285.53,87,2119.74,2025-10,0.6774,0.5817,21,31,125.05,120.0,4,0,2025-10-27,1.08,0.0,-165.79000000000042,berlinda,4,-1.0,2765.53,2610.6820000000002,,70.57522123893806,Risco Médio,🟡 Acima com risco,44.44444444444441
ESZ0103,Brasilia-Asa_Norte-apartamento-JR-1Q,Carteira 1,DF,"Brasília, DF","Brasília, DF, Asa Norte",0,285,3345.94,152,3070.12,2025-10,0.7419,0.7888,23,31,187.7,174.0,1,0,2025-10-27,1.09,0.0,-275.82000000000016,berlinda,1,-1.0,3519.94,3475.0306,,31.41592920353982,Risco Baixo,🟡 Acima com risco,9.999999999999991
TSO0403,Balneario_Camboriu-Longe-apartamento-MASTER-2Q,Carteira 6,SC,"Balneário Camboriú, SC","Balneário Camboriú, SC, Estados",0,12,5364.27,33,5211.35,2025-10,0.8387,0.5887,26,31,251.04,259.5,4,0,2025-10-27,1.03,0.0,-152.92000000000007,berlinda,4,-0.0,6402.27,6234.8406,,88.71681415929203,Risco Alto,🟡 Acima com risco,99.99999999999991
VLO0504,Florianopolis-Jurere_Longe-apartamento-TOP-2Q,Carteira 1,SC,"Florianópolis, SC","Florianópolis, SC, Jurerê Internacional",3,327,5189.15,13,4867.95,2025-10,0.5714,0.5495,16,31,480.88,352.0,3,0,2025-10-27,1.07,1442.6399999999999,-321.1999999999998,berlinda,3,-0.0,6245.15,5792.5484,,64.38053097345133,Risco Médio,🟡 Acima com risco,37.49999999999997
HMO0409,Sao_Paulo-Butanta-apartamento-SUP-1Q,Carteira 4,SP,"São Paulo, SP","São Paulo, SP, Butantã",0,404,3671.9,26,3585.86,2025-10,0.7419,0.6606,23,31,181.68,,0,0,2025-10-27,1.02,0.0,-86.03999999999996,berlinda,0,0.0,,,,14.823008849557523,Sem Risco,🟡 Acima sem ação,0.0
NWT1012,Especial-NWT-apartamento-TOP-1Q,Carteira 5,AL,"Maceió, AL","Maceió, AL, Pajuçara",1,154,5908.48,34,5613.71,2025-10,0.8,0.7261,24,31,321.54,,0,0,2025-10-27,1.05,321.54,-294.7699999999995,berlinda,0,0.0,,,,14.823008849557523,Sem Risco,🟡 Acima sem ação,0.0
SMT0930,Salvador-Boca_do_Rio-apartamento-SUP-1Q,Carteira 2,BA,"Salvador, BA","Salvador, BA, Armação",1,236,2400.71,28,2387.44,2025-10,0.5667,0.6706,17,31,160.65,164.0,2,0,2025-10-27,1.01,160.65,-13.269999999999982,berlinda,2,-0.0,2728.71,2586.5876,,88.71681415929203,Risco Alto,🟡 Acima com risco,99.99999999999991
TSO0501,Balneario_Camboriu-Longe-apartamento-MASTER-2Q,Carteira 6,SC,"Balneário Camboriú, SC","Balneário Camboriú, SC, Estados",0,21,5244.52,33,5211.35,2025-10,0.9355,0.5887,29,31,240.38,250.0,1,0,2025-10-27,1.01,0.0,-33.17000000000007,berlinda,1,-0.0,5494.52,5478.395,,75.88495575221239,Risco Médio,🟡 Acima com risco,49.99999999999996
NWT0902,Especial-NWT-apartamento-TOP-1Q,Carteira 5,AL,"Maceió, AL","Maceió, AL, Pajuçara",1,190,5673.21,34,5613.71,2025-10,0.8333,0.7261,25,31,261.28,,0,0,2025-10-27,1.01,261.28,-59.5,berlinda,0,0.0,,,,14.823008849557523,Sem Risco,🟡 Acima sem ação,0.0
ATP0001,Porto_Seguro-Pitinga-casa-SUP-4Q,Carteira 2,BA,"Porto Seguro, BA","Porto Seguro, BA, Arraial D ajuda",4,176,8413.2,12,7828.43,2025-10,0.5556,0.4583,15,31,667.8,490.5,4,0,2025-10-27,1.07,2671.2,-584.7700000000004,berlinda,4,-1.0,10375.2,9503.2872,,75.88495575221239,Risco Médio,🟡 Acima com risco,49.99999999999996
TXP1803,Goiania-Central-apartamento-SUP-1Q,Carteira 1,GO,"Goiânia, GO","Goiânia, GO, Setor Bueno",1,440,2864.87,161,2721.7,2025-10,0.7333,0.6044,22,31,155.91,140.0,1,0,2025-10-27,1.05,155.91,-143.17000000000007,berlinda,1,-1.0,3004.87,2967.5319999999997,,41.5929203539823,Risco Baixo,🟡 Acima com risco,16.666666666666654
CAP0302,Gramado-Carniel-apartamento-TOP-2Q,Carteira 4,RS,"Gramado, RS","Gramado, RS, Carniel",3,659,5307.12,102,5319.73,2025-10,0.6429,0.5187,18,31,394.11,204.0,1,0,2025-10-27,1.0,1182.33,12.609999999999673,berlinda,1,1.0,5511.12,5438.2716,,88.71681415929203,Risco Alto,🟡 Acima com risco,99.99999999999991
EMA0201,Itapema-Meia_Praia-Sul-apartamento-TOP-3Q,Carteira 6,SC,"Itapema, SC","Itapema, SC, Meia Praia",9,201,3430.35,20,3425.84,2025-10,0.7273,0.273,16,31,300.25,,0,0,2025-10-27,1.0,2702.25,-4.5099999999997635,berlinda,0,0.0,,,,14.823008849557523,Sem Risco,🟡 Acima sem ação,0.0
BCL402,Ilheus-Pontal-apartamento-TOP-1Q,Carteira 2,BA,"Ilhéus, BA","Ilhéus, BA, Pontal",0,630,3500.86,29,3347.98,2025-10,0.6774,0.4905,21,31,200.95,216.0,1,0,2025-10-27,1.05,0.0,-152.8800000000001,berlinda,1,-0.0,3716.86,3647.1784000000002,,41.5929203539823,Risco Baixo,🟡 Acima com risco,16.666666666666654
CGB0035,Ubatuba-Praia_Grande-apartamento-SUP-2Q,Carteira 4,SP,"Ubatuba, SP","Ubatuba, SP, Praia Grande",0,29,5548.33,175,5463.34,2025-10,0.8387,0.5599,26,31,261.62,271.0,1,0,2025-10-27,1.02,0.0,-84.98999999999978,berlinda,1,-0.0,5819.33,5775.6177,,58.62831858407079,Risco Médio,🟡 Acima com risco,33.33333333333331
JBV306,Especial-JBV-hotel-JR-1Q,Especial,SC,"Florianópolis, SC","Florianópolis, SC, Jurerê",0,1562,8094.05,25,7692.08,2025-10,0.871,0.6447,27,31,371.93,276.0,3,0,2025-10-27,1.05,0.0,-401.97000000000025,berlinda,3,-1.0,8922.05,8815.238,,75.88495575221239,Risco Médio,🟡 Acima com risco,49.99999999999996
SOA0907,Salvador-Boca_do_Rio-apartamento-SUP-1Q,Carteira 2,BA,"Salvador, BA","Salvador, BA, Boca do Rio",1,390,2429.67,28,2387.44,2025-10,0.6667,0.6706,20,31,159.25,,0,0,2025-10-27,1.02,159.25,-42.23000000000002,berlinda,0,0.0,,,,14.823008849557523,Sem Risco,🟡 Acima sem ação,0.0
BLB1306,Salvador-Barra-apartamento-SUP-1Q,Carteira 2,BA,"Salvador, BA","Salvador, BA, Barra",1,397,3497.32,209,3347.82,2025-10,0.8,0.601,24,31,184.88,,0,0,2025-10-27,1.04,184.88,-149.5,berlinda,0,0.0,,,,14.823008849557523,Sem Risco,🟡 Acima sem ação,0.0
GRI1506,Itapema-Praia_Itapema-apartamento-TOP-2Q,Carteira 6,SC,"Itapema, SC","Itapema, SC, Morretes",5,22,3548.34,14,3310.8,2025-10,0.9615,0.3889,25,31,174.6,,0,0,2025-10-27,1.07,873.0,-237.53999999999996,berlinda,0,0.0,,,,14.823008849557523,Sem Risco,🟡 Acima sem ação,0.0
RAL0303,Florianopolis-Ingleses_Centro-apartamento-SUP-2Q,Carteira 1,SC,"Florianópolis, SC","Florianópolis, SC, Ingleses do Rio Vermelho",0,359,2750.64,25,2607.34,2025-10,0.6774,0.466,21,31,169.62,185.0,3,0,2025-10-27,1.05,0.0,-143.29999999999973,berlinda,3,-0.0,3305.64,3126.5969999999998,,75.88495575221239,Risco Médio,🟡 Acima com risco,49.99999999999996
RCB405,Itapema-Meia_Praia-Sul-apartamento-JR-3Q,Carteira 6,SC,"Itapema, SC","Itapema, SC, Meia Praia",5,460,2550.28,13,2335.8,2025-10,0.7692,0.3975,20,31,157.85,120.0,3,0,2025-10-27,1.09,789.25,-214.48000000000002,berlinda,3,-1.0,2910.28,2827.192,,55.088495575221245,Risco Médio,🟡 Acima com risco,29.99999999999997
OPT504,Florianopolis-Estreito-apartamento-JR-1Q,Carteira 4,SC,"Florianópolis, SC","Florianópolis, SC, Capoeiras",5,482,1528.05,11,1433.6,2025-10,0.5769,0.4072,15,31,163.53,90.0,2,0,2025-10-27,1.07,817.65,-94.45000000000005,berlinda,2,-1.0,1708.05,1631.892,,50.22123893805309,Risco Médio,🟡 Acima com risco,24.99999999999998
SPJ0104,Especial-SPJ-apartamento-TOP-1Q,Carteira 5,SC,"Florianópolis, SC","Florianópolis, SC, Jurerê",0,485,4271.12,19,3903.22,2025-10,0.9677,0.6281,30,31,186.17,320.0,1,0,2025-10-27,1.09,0.0,-367.9000000000001,berlinda,1,-1.0,4591.12,4580.784,,31.41592920353982,Risco Baixo,🟡 Acima com risco,9.999999999999991
MRE801,Porto_Belo-Geral-apartamento-TOP-2Q,Carteira 6,SC,"Porto Belo, SC","Porto Belo, SC, Perequê",15,228,2351.44,13,2335.8,2025-10,0.9375,0.4148,15,31,179.27,,0,0,2025-10-27,1.01,2689.05,-15.639999999999873,berlinda,0,0.0,,,,14.823008849557523,Sem Risco,🟡 Acima sem ação,0.0
POR0017,Brasilia-Asa_Sul-apartamento-SUP-1Q,Carteira 1,DF,"Brasília, DF","Brasília, DF, Setor Sudoeste",3,113,4351.81,121,4038.99,2025-10,0.8571,0.7987,24,31,211.88,,0,0,2025-10-27,1.08,635.64,-312.8200000000006,berlinda,0,0.0,,,,14.823008849557523,Sem Risco,🟡 Acima sem ação,0.0
MZD0308,Cabo_Frio-Centro-apartamento-SUP-2Q,Carteira 4,RJ,"Cabo Frio, RJ","Cabo Frio, RJ, Centro",2,352,5423.87,95,5359.69,2025-10,0.7586,0.6722,22,31,267.88,276.0,1,0,2025-10-27,1.01,535.76,-64.18000000000029,berlinda,1,-0.0,5699.87,5633.2436,,75.88495575221239,Risco Médio,🟡 Acima com risco,49.99999999999996
RAP308,Florianopolis-Campeche_Praia-apartamento-SUP-2Q,Carteira 1,SC,"Florianópolis, SC","Florianópolis, SC, Campeche",3,586,4015.88,18,3954.71,2025-10,0.8571,0.5654,24,31,226.21,168.0,1,0,2025-10-27,1.02,678.63,-61.17000000000007,berlinda,1,-0.0,4183.88,4159.8728,,58.62831858407079,Risco Médio,🟡 Acima com risco,33.33333333333331
JBV279,Especial-JBV-hotel-JR-1Q,Especial,SC,"Florianópolis, SC","Florianópolis, SC, Jurerê",4,1034,7834.08,25,7692.08,2025-10,0.8519,0.6447,23,31,402.04,,0,0,2025-10-27,1.02,1608.16,-142.0,berlinda,0,0.0,,,,14.823008849557523,Sem Risco,🟡 Acima sem ação,0.0
JBV464,Especial-JBV-hotel-JR-1Q,Especial,SC,"Florianópolis, SC","Florianópolis, SC, Jurerê",0,762,8177.88,25,7692.08,2025-10,0.9032,0.6447,28,31,398.07,,0,0,2025-10-27,1.06,0.0,-485.8000000000002,berlinda,0,0.0,,,,14.823008849557523,Sem Risco,🟡 Acima sem ação,0.0
EATNR0205,Sao_Paulo-Bela_Vista-apartamento-SUP-1Q,Carteira 4,SP,"São Paulo, SP","São Paulo, SP, Bela Vista",1,141,3469.98,596,3350.19,2025-10,0.7667,0.6478,23,31,180.13,150.0,3,0,2025-10-27,1.04,180.13,-119.78999999999996,berlinda,3,-0.0,3919.98,3814.995,,81.85840707964603,Risco Alto,🟡 Acima com risco,59.99999999999994
ONP1701,Sao_Paulo-Bela_Vista-apartamento-SUP-1Q,Carteira 4,SP,"São Paulo, SP","São Paulo, SP, Paraíso",0,27,3515.57,596,3350.19,2025-10,0.8387,0.6478,26,31,171.38,,0,0,2025-10-27,1.05,0.0,-165.3800000000001,berlinda,0,0.0,,,,14.823008849557523,Sem Risco,🟡 Acima sem ação,0.0
RAO1520,Sao_Paulo-Pinheiros-apartamento-SUP-1Q,Carteira 4,SP,"São Paulo, SP","São Paulo, SP, Cerqueira César",0,189,4062.44,413,3951.39,2025-10,0.6129,0.6435,19,31,228.29,220.0,1,25,2025-10-27,1.03,0.0,-111.05000000000018,berlinda,1,-0.0,4282.4400000000005,4197.278,,50.22123893805309,Risco Médio,🟡 Acima com risco,24.99999999999998
SEM501,Itapema-Praia_Itapema-apartamento-TOP-2Q,Carteira 6,SC,"Itapema, SC","Itapema, SC, Morretes",2,756,3577.22,14,3310.8,2025-10,0.8276,0.3889,24,31,175.08,145.0,2,0,2025-10-27,1.08,350.16,-266.4199999999996,berlinda,2,-1.0,3867.22,3817.2239999999997,,46.68141592920354,Risco Baixo,🟡 Acima com risco,22.222222222222204
VST002,Especial-VST-casa-TOP-1Q,Carteira 5,SC,"Anitápolis, SC","Anitápolis, SC, Rio dos Pinheiros",0,457,2905.41,45,2754.3,2025-10,0.5484,0.2088,17,31,223.71,163.67,3,6,2025-10-27,1.05,0.0,-151.10999999999967,berlinda,3,-0.0,3396.42,3174.6798839999997,,75.88495575221239,Risco Médio,🟡 Acima com risco,49.99999999999996
WSH0208,Curitiba-Batel-apartamento-SUP-1Q,Carteira 4,PR,"Curitiba, PR","Curitiba, PR, Bigorrilho",2,131,3480.82,205,3416.11,2025-10,0.7586,0.6936,22,31,209.82,,0,0,2025-10-27,1.02,419.64,-64.71000000000004,berlinda,0,0.0,,,,14.823008849557523,Sem Risco,🟡 Acima sem ação,0.0
DON0504,Balneario_Camboriu-Norte-apartamento-SUP-3Q,Carteira 6,SC,"Balneário Camboriú, SC","Balneário Camboriú, SC, Centro",0,77,5427.24,26,5441.98,2025-10,0.8387,0.5779,26,31,268.15,,0,0,2025-10-27,1.0,0.0,14.739999999999782,berlinda,0,0.0,,,,14.823008849557523,Sem Risco,🟡 Acima sem ação,0.0
SMT0713,Salvador-Boca_do_Rio-apartamento-SUP-1Q,Carteira 2,BA,"Salvador, BA","Salvador, BA, Armação",0,243,2575.13,28,2387.44,2025-10,0.6452,0.6706,20,31,178.95,154.0,1,0,2025-10-27,1.08,0.0,-187.69000000000005,berlinda,1,-1.0,2729.13,2674.4908,,34.292035398230084,Risco Baixo,🟡 Acima com risco,11.111111111111102
EPO001,Itapema-Praia_Centro-apartamento-SUP-3Q,Carteira 6,SC,"Itapema, SC","Itapema, SC, Castelo Branco",9,567,2269.94,14,2086.73,2025-10,0.7273,0.3206,16,31,210.37,140.0,1,0,2025-10-27,1.09,1893.33,-183.21000000000004,berlinda,1,-1.0,2409.94,2371.762,,31.41592920353982,Risco Baixo,🟡 Acima com risco,9.999999999999991
MHF1507,Itapema-Canto_Praia-apartamento-TOP-1Q,Carteira 5,SC,"Itapema, SC","Itapema, SC, Centro",0,176,3498.08,15,3459.9,2025-10,0.7742,0.6192,24,31,182.67,183.5,2,0,2025-10-27,1.01,0.0,-38.179999999999836,berlinda,2,-0.0,3865.08,3782.2114,,88.71681415929203,Risco Alto,🟡 Acima com risco,99.99999999999991
NWT1308,Especial-NWT-apartamento-TOP-1Q,Carteira 5,AL,"Maceió, AL","Maceió, AL, Pajuçara",0,299,6004.31,34,5613.71,2025-10,0.7742,0.7261,24,31,317.92,280.0,4,0,2025-10-27,1.07,0.0,-390.60000000000036,berlinda,4,-1.0,7124.31,6871.414000000001,,75.88495575221239,Risco Médio,🟡 Acima com risco,49.99999999999996
IBY1613,Sao_Paulo-Moema-apartamento-TOP-1Q,Carteira 4,SP,"São Paulo, SP","São Paulo, SP, Indianópolis",2,238,4830.72,106,4472.16,2025-10,0.8966,0.6908,26,31,223.3,200.0,1,0,2025-10-27,1.08,446.6,-358.5600000000004,berlinda,1,-1.0,5030.72,5010.04,,34.292035398230084,Risco Baixo,🟡 Acima com risco,11.111111111111102
MHF1106,Itapema-Canto_Praia-apartamento-TOP-1Q,Carteira 5,SC,"Itapema, SC","Itapema, SC, Centro",0,208,3467.66,15,3459.9,2025-10,0.8065,0.6192,25,31,168.64,171.75,4,0,2025-10-27,1.0,0.0,-7.7599999999997635,berlinda,4,-0.0,4154.66,4021.7255,,99.77876106194691,Risco Alto,🟡 Acima com risco,399.99999999999966
MHF1504,Itapema-Canto_Praia-apartamento-TOP-1Q,Carteira 5,SC,"Itapema, SC","Itapema, SC, Centro",0,282,3638.65,15,3459.9,2025-10,0.7419,0.6192,23,31,191.65,160.0,3,0,2025-10-27,1.05,0.0,-178.75,berlinda,3,-1.0,4118.65,3994.762,,75.88495575221239,Risco Médio,🟡 Acima com risco,49.99999999999996
NWT0919,Especial-NWT-apartamento-TOP-1Q,Carteira 5,AL,"Maceió, AL","Maceió, AL, Pajuçara",0,183,5707.63,34,5613.71,2025-10,0.8387,0.7261,26,31,273.62,250.0,2,0,2025-10-27,1.02,0.0,-93.92000000000007,berlinda,2,-0.0,6207.63,6126.9800000000005,,83.8495575221239,Risco Alto,🟡 Acima com risco,66.66666666666661
BSO0107,Itajai-Praia_Brava-apartamento-SUP-1Q,Carteira 6,SC,"Balneário Camboriú, SC","Balneário Camboriú, SC, Praia dos Amores",1,167,2811.34,55,2564.51,2025-10,0.7333,0.5263,22,31,155.95,120.0,3,0,2025-10-27,1.1,155.95,-246.82999999999993,berlinda,3,-2.0,3171.34,3075.328,,53.31858407079646,Risco Médio,🟡 Acima com risco,27.27272727272725
CHE0401,Bombinhas-Centro-casa-TOP-4Q,Carteira 6,SC,"Bombinhas, SC","Bombinhas, SC, Centro",9,343,7658.3,19,7591.35,2025-10,0.5,0.2919,11,31,781.0,781.0,2,30,2025-10-27,1.01,7029.0,-66.94999999999982,berlinda,2,-0.0,9220.3,8439.3,,88.71681415929203,Risco Alto,🟡 Acima com risco,99.99999999999991
RBF142,Florianopolis-Estreito-casa-JR-2Q,Carteira 4,SC,"Florianópolis, SC","Florianópolis, SC, Capoeiras",4,721,2264.75,12,2269.62,2025-10,0.7037,0.4364,19,31,148.26,110.0,1,0,2025-10-27,1.0,593.04,4.869999999999891,berlinda,1,1.0,2374.75,2342.157,,88.71681415929203,Risco Alto,🟡 Acima com risco,99.99999999999991
SFR0311,Bombinhas-Centro-apartamento-SUP-1Q,Carteira 6,SC,"Bombinhas, SC","Bombinhas, SC, Centro",0,6,2799.1,32,2630.32,2025-10,0.6452,0.5814,20,31,130.88,,0,0,2025-10-27,1.06,0.0,-168.77999999999975,berlinda,0,0.0,,,,14.823008849557523,Sem Risco,🟡 Acima sem ação,0.0
SHC1106,Balneario_Picarras-Geral-apartamento-TOP-3Q,Carteira 6,SC,"Balneário Piçarras, SC","Balneário Piçarras, SC, Itacolomi",0,390,2946.0,17,2802.96,2025-10,0.3871,0.3613,12,31,300.0,300.0,1,31,2025-10-27,1.05,0.0,-143.03999999999996,berlinda,1,-0.0,3246.0,3062.13,,41.5929203539823,Risco Baixo,🟡 Acima com risco,16.666666666666654
NWT0922,Especial-NWT-apartamento-TOP-1Q,Carteira 5,AL,"Maceió, AL","Maceió, AL, Pajuçara",1,190,5668.43,34,5613.71,2025-10,0.8667,0.7261,26,31,273.27,,0,0,2025-10-27,1.01,273.27,-54.720000000000255,berlinda,0,0.0,,,,14.823008849557523,Sem Risco,🟡 Acima sem ação,0.0
SOA0301,Salvador-Boca_do_Rio-apartamento-SUP-2Q,Carteira 2,BA,"Salvador, BA","Salvador, BA, Boca do Rio",0,240,4392.38,12,4206.32,2025-10,0.8065,0.7674,25,31,207.8,,0,6,2025-10-27,1.04,0.0,-186.0600000000004,berlinda,0,0.0,,,,14.823008849557523,Sem Risco,🟡 Acima sem ação,0.0
CAR0107,Itajai-Centro-apartamento-JR-1Q,Carteira 6,SC,"Itajaí, SC","Itajaí, SC, Centro",2,132,2172.34,13,2072.05,2025-10,0.7241,0.6563,21,31,131.48,138.0,1,0,2025-10-27,1.05,262.96,-100.28999999999996,berlinda,1,-0.0,2310.34,2272.2658,,41.5929203539823,Risco Baixo,🟡 Acima com risco,16.666666666666654
EIT302,Balneario_Camboriu-Centro-apartamento-SIM-2Q,Carteira 6,SC,"Balneário Camboriú, SC","Balneário Camboriú, SC, Centro",2,600,2054.46,63,1888.11,2025-10,0.6207,0.5234,18,31,160.83,,0,0,2025-10-27,1.09,321.66,-166.35000000000014,berlinda,0,0.0,,,,14.823008849557523,Sem Risco,🟡 Acima sem ação,0.0
HOA0704,Salvador-Ondina_Rio_Vermelho-apartamento-SUP-1Q,Carteira 2,BA,"Salvador, BA","Salvador, BA, Ondina",3,70,2669.92,67,2441.63,2025-10,0.75,0.5897,21,31,167.38,130.0,1,0,2025-10-27,1.09,502.14,-228.28999999999996,berlinda,1,-1.0,2799.92,2767.42,,31.41592920353982,Risco Baixo,🟡 Acima com risco,9.999999999999991
MHF1903,Itapema-Canto_Praia-apartamento-TOP-1Q,Carteira 5,SC,"Itapema, SC","Itapema, SC, Centro",0,449,3688.5,15,3459.9,2025-10,0.6129,0.6192,19,31,220.0,220.0,3,31,2025-10-27,1.07,0.0,-228.5999999999999,berlinda,3,-1.0,4348.5,4093.014,,64.38053097345133,Risco Médio,🟡 Acima com risco,37.49999999999997
OKA216,Florianopolis-Campeche-apartamento-SUP-1Q,Carteira 1,SC,"Florianópolis, SC","Florianópolis, SC, Campeche",1,698,3020.5,25,2756.73,2025-10,0.6333,0.5652,19,31,192.68,199.5,4,15,2025-10-27,1.1,192.68,-263.77,berlinda,4,-1.0,3818.5,3525.8734,,62.38938053097345,Risco Médio,🟡 Acima com risco,36.36363636363633
PSOA0607,Penha-Beto_Carrero-apartamento-SUP-1Q,Carteira 3,SC,"Penha, SC","Penha, SC, Praia de Armação do Itapocoroi",0,62,2796.06,18,2566.46,2025-10,0.6774,0.6596,21,31,157.38,148.5,4,0,2025-10-27,1.09,0.0,-229.5999999999999,berlinda,4,-1.0,3390.06,3198.4356,,67.2566371681416,Risco Médio,🟡 Acima com risco,39.999999999999964
VTD0203,Florianopolis-UFSC-apartamento-SUP-1Q,Carteira 4,SC,"Florianópolis, SC","Florianópolis, SC, Trindade",7,63,2962.14,44,2740.41,2025-10,0.7917,0.6164,19,31,227.79,,0,0,2025-10-27,1.08,1594.53,-221.73000000000002,berlinda,0,0.0,,,,14.823008849557523,Sem Risco,🟡 Acima sem ação,0.0
EHI0401,Itajai-Praia_Brava-apartamento-MASTER-2Q,Carteira 6,SC,"Itajaí, SC","Itajaí, SC, Praia Brava",8,286,6050.49,13,5673.75,2025-10,0.913,0.6364,21,31,360.0,215.0,1,0,2025-10-27,1.07,2880.0,-376.7399999999998,berlinda,1,-1.0,6265.49,6246.785,,36.72566371681416,Risco Baixo,🟡 Acima com risco,12.49999999999999
HMO0410,Sao_Paulo-Butanta-apartamento-SUP-1Q,Carteira 4,SP,"São Paulo, SP","São Paulo, SP, Butantã",0,397,3855.22,26,3585.86,2025-10,0.8065,0.6606,25,31,182.36,150.0,2,0,2025-10-27,1.08,0.0,-269.3599999999997,berlinda,2,-1.0,4155.219999999999,4097.17,,46.68141592920354,Risco Baixo,🟡 Acima com risco,22.222222222222204
LIB203,Florianopolis-Ingleses_Praia-apartamento-JR-2Q,Carteira 1,SC,"Florianópolis, SC","Florianópolis, SC, Ingleses do Rio Vermelho",0,1758,2403.1,38,2290.13,2025-10,0.5161,0.4232,16,31,181.94,132.75,4,0,2025-10-27,1.05,0.0,-112.9699999999998,berlinda,4,-0.0,2934.1,2677.1491,,83.8495575221239,Risco Alto,🟡 Acima com risco,66.66666666666661
SHR103,Florianopolis-Novo_Campeche-apartamento-TOP-1Q,Carteira 1,SC,"Florianópolis, SC","Florianópolis, SC, Campeche",1,930,5533.64,44,5196.56,2025-10,0.8,0.6872,24,31,287.13,,0,0,2025-10-27,1.06,287.13,-337.0799999999999,berlinda,0,0.0,,,,14.823008849557523,Sem Risco,🟡 Acima sem ação,0.0
TCR0913,Aguas_Claras-Geral-apartamento-JR-1Q,Carteira 1,DF,"Brasília, DF","Brasília, DF, Taguatinga Sul",10,36,2469.78,84,2416.38,2025-10,0.9048,0.6231,19,31,143.26,157.0,2,0,2025-10-27,1.02,1432.6,-53.40000000000009,berlinda,2,-0.0,2783.78,2753.8872,,83.8495575221239,Risco Alto,🟡 Acima com risco,66.66666666666661
MHF0904,Itapema-Canto_Praia-apartamento-TOP-1Q,Carteira 5,SC,"Itapema, SC","Itapema, SC, Centro",0,328,3638.8,15,3459.9,2025-10,0.7419,0.6192,23,31,188.17,160.0,1,0,2025-10-27,1.05,0.0,-178.9000000000001,berlinda,1,-1.0,3798.8,3757.5040000000004,,41.5929203539823,Risco Baixo,🟡 Acima com risco,16.666666666666654
NWT0421,Especial-NWT-apartamento-TOP-1Q,Carteira 5,AL,"Maceió, AL","Maceió, AL, Pajuçara",0,272,5986.44,34,5613.71,2025-10,0.7742,0.7261,24,31,331.04,290.33,3,0,2025-10-27,1.07,0.0,-372.72999999999956,berlinda,3,-1.0,6857.429999999999,6660.760458,,64.38053097345133,Risco Médio,🟡 Acima com risco,37.49999999999997
SHL0105,Brasilia-Lago_Norte-apartamento-TOP-1Q,Carteira 1,DF,"Brasília, DF","Brasília, DF, Setor de Habitações Individuais Norte",0,334,4644.32,28,4293.42,2025-10,0.9355,0.8048,29,31,170.24,,0,0,2025-10-27,1.08,0.0,-350.89999999999964,berlinda,0,0.0,,,,14.823008849557523,Sem Risco,🟡 Acima sem ação,0.0
TVT904,Florianopolis-Centrao-apartamento-MASTER-1Q,Carteira 4,SC,"Florianópolis, SC","Florianópolis, SC, Centro",0,810,4502.54,30,4355.89,2025-10,0.5806,0.5881,18,31,308.11,200.0,1,0,2025-10-27,1.03,0.0,-146.64999999999964,berlinda,1,-0.0,4702.54,4618.66,,50.22123893805309,Risco Médio,🟡 Acima com risco,24.99999999999998
BLS1256,Goiania-Central-apartamento-SUP-1Q,Carteira 1,GO,"Goiânia, GO","Goiânia, GO, Setor Marista",3,682,2984.35,161,2721.7,2025-10,0.75,0.6044,21,31,177.71,,0,0,2025-10-27,1.1,533.13,-262.6500000000001,berlinda,0,0.0,,,,14.823008849557523,Sem Risco,🟡 Acima sem ação,0.0
MOP0103,Sao_Paulo-Pinheiros-apartamento-SUP-1Q,Carteira 4,SP,"São Paulo, SP","São Paulo, SP, Jardim Paulista",0,37,4267.47,413,3951.39,2025-10,0.7742,0.6435,24,31,200.71,,0,0,2025-10-27,1.08,0.0,-316.0800000000004,berlinda,0,0.0,,,,14.823008849557523,Sem Risco,🟡 Acima sem ação,0.0
NWT0315,Especial-NWT-apartamento-TOP-1Q,Carteira 5,AL,"Maceió, AL","Maceió, AL, Pajuçara",0,155,6039.16,34,5613.71,2025-10,0.7742,0.7261,24,31,297.46,,0,0,2025-10-27,1.08,0.0,-425.4499999999998,berlinda,0,0.0,,,,14.823008849557523,Sem Risco,🟡 Acima sem ação,0.0
RIT206,Florianopolis-Praia_Brava-apartamento-SUP-4Q,Carteira 1,SC,"Florianópolis, SC","Florianópolis, SC, Praia Brava",4,524,4370.22,10,4341.91,2025-10,0.4444,0.4355,12,31,455.0,398.25,4,0,2025-10-27,1.01,1820.0,-28.3100000000004,berlinda,4,-0.0,5963.22,5078.1492,,97.34513274336283,Risco Alto,🟡 Acima com risco,199.99999999999983
CET1604,Balneario_Camboriu-Centro-apartamento-TOP-2Q,Carteira 6,SC,"Balneário Camboriú, SC","Balneário Camboriú, SC, Centro",8,392,5105.91,31,4866.25,2025-10,0.9565,0.5648,22,31,281.59,160.0,1,0,2025-10-27,1.05,2252.72,-239.65999999999985,berlinda,1,-1.0,5265.91,5258.95,,41.5929203539823,Risco Baixo,🟡 Acima com risco,16.666666666666654
ILC3505,Especial-ILC-hotel-TOP-1Q,Especial,SC,"Florianópolis, SC","Florianópolis, SC, Jurerê Internacional",0,1507,10745.84,28,10019.61,2025-10,0.7419,0.8614,23,31,539.0,419.0,3,0,2025-10-27,1.07,0.0,-726.2299999999996,berlinda,3,-1.0,12002.84,11678.4083,,64.38053097345133,Risco Médio,🟡 Acima com risco,37.49999999999997
BCI1603,Recife-Boa_Viagem-apartamento-SUP-1Q,Carteira 2,PE,"Recife, PE","Recife, PE, Boa Viagem",2,26,4136.23,73,3805.41,2025-10,1.0,0.7983,29,31,162.59,,0,0,2025-10-27,1.09,325.18,-330.8199999999997,berlinda,0,0.0,,,,14.823008849557523,Sem Risco,🟡 Acima sem ação,0.0
HMC0320,Sao_Paulo-Campo_Belo-apartamento-SUP-1Q,Carteira 4,SP,"São Paulo, SP","São Paulo, SP, Campo Belo",0,266,3660.98,59,3594.65,2025-10,0.8387,0.7502,26,31,169.08,130.0,1,0,2025-10-27,1.02,0.0,-66.32999999999993,berlinda,1,-0.0,3790.98,3770.011,,58.62831858407079,Risco Médio,🟡 Acima com risco,33.33333333333331
IRE0022,Ubatuba-Praia_Grande-apartamento-SUP-2Q,Carteira 4,SP,"Ubatuba, SP","Ubatuba, SP, Praia Grande",1,246,5650.54,175,5463.34,2025-10,0.8,0.5599,24,31,259.58,183.5,2,6,2025-10-27,1.03,259.58,-187.19999999999982,berlinda,2,-1.0,6017.54,5944.14,,75.88495575221239,Risco Médio,🟡 Acima com risco,49.99999999999996
JBM302,Florianopolis-Jurere_Tradicional-apartamento-SUP-1Q,Carteira 1,SC,"Florianópolis, SC","Florianópolis, SC, Jurerê",0,1940,4546.63,15,4356.75,2025-10,0.7742,0.5859,24,31,223.71,190.0,2,0,2025-10-27,1.04,0.0,-189.8800000000001,berlinda,2,-0.0,4926.63,4840.826,,67.2566371681416,Risco Médio,🟡 Acima com risco,39.999999999999964
RBE0031,Florianopolis-UFSC-apartamento-SUP-2Q,Carteira 4,SC,"Florianópolis, SC","Florianópolis, SC, Trindade",0,405,2725.39,19,2661.35,2025-10,0.4516,0.581,14,31,244.36,199.5,4,0,2025-10-27,1.02,0.0,-64.03999999999996,berlinda,4,-0.0,3523.39,3085.7668,,92.69911504424779,Risco Alto,🟡 Acima com risco,133.33333333333323
BLS1354,Goiania-Central-apartamento-SUP-1Q,Carteira 1,GO,"Goiânia, GO","Goiânia, GO, Setor Marista",0,173,2988.1,161,2721.7,2025-10,0.6774,0.6044,21,31,163.04,,0,0,2025-10-27,1.1,0.0,-266.4000000000001,berlinda,0,0.0,,,,14.823008849557523,Sem Risco,🟡 Acima sem ação,0.0
CARA0501,Itapema-Praia_Centro-apartamento-SUP-2Q,Carteira 6,SC,"Itapema, SC","Itapema, SC, Tabuleiro dos Oliveiras",0,20,2754.15,19,2550.0,2025-10,0.7097,0.5336,22,31,163.58,180.0,1,0,2025-10-27,1.08,0.0,-204.1500000000001,berlinda,1,-1.0,2934.15,2881.896,,34.292035398230084,Risco Baixo,🟡 Acima com risco,11.111111111111102
LHG1603,Goiania-Central-2-apartamento-SUP-1Q,Carteira 1,GO,"Goiânia, GO","Goiânia, GO, Setor Oeste",2,341,3277.29,40,3067.14,2025-10,0.6552,0.531,19,31,209.47,,0,4,2025-10-27,1.07,418.94,-210.1500000000001,berlinda,0,0.0,,,,14.823008849557523,Sem Risco,🟡 Acima sem ação,0.0
NWT1316,Especial-NWT-apartamento-MASTER-1Q,Carteira 5,AL,"Maceió, AL","Maceió, AL, Pajuçara",0,337,7768.23,28,7169.93,2025-10,0.8387,0.7888,26,31,430.19,405.0,1,0,2025-10-27,1.08,0.0,-598.2999999999993,berlinda,1,-1.0,8173.23,8107.903499999999,,34.292035398230084,Risco Baixo,🟡 Acima com risco,11.111111111111102
RAH1019,Florianopolis-Centrao-apartamento-JR-1Q,Carteira 4,SC,"Florianópolis, SC","Florianópolis, SC, Centro",0,216,2930.17,68,2759.16,2025-10,0.8387,0.6039,26,31,139.69,104.0,1,0,2025-10-27,1.06,0.0,-171.01000000000022,berlinda,1,-1.0,3034.17,3017.3948,,38.716814159292035,Risco Baixo,🟡 Acima com risco,14.285714285714272
JBV152,Especial-JBV-hotel-TOP-1Q,Especial,SC,"Florianópolis, SC","Florianópolis, SC, Jurerê",0,1090,10927.45,32,10019.61,2025-10,0.9677,0.8219,30,31,457.17,,0,0,2025-10-27,1.09,0.0,-907.8400000000001,berlinda,0,0.0,,,,14.823008849557523,Sem Risco,🟡 Acima sem ação,0.0
JBV265,Especial-JBV-hotel-JR-1Q,Especial,SC,"Florianópolis, SC","Florianópolis, SC, Jurerê",0,1896,7910.91,25,7692.08,2025-10,0.9032,0.6447,28,31,343.29,276.0,3,0,2025-10-27,1.03,0.0,-218.82999999999993,berlinda,3,-0.0,8738.91,8658.7596,,85.39823008849558,Risco Alto,🟡 Acima com risco,74.99999999999994
TCO1106,Porto_Alegre-Centro_Historico-apartamento-SUP-1Q,Carteira 4,RS,"Porto Alegre, RS","Porto Alegre, RS, Centro Histórico",4,366,2215.7,87,2119.74,2025-10,0.7778,0.5817,21,31,130.38,120.0,3,0,2025-10-27,1.05,521.52,-95.96000000000004,berlinda,3,-0.0,2575.7,2495.7079999999996,,75.88495575221239,Risco Médio,🟡 Acima com risco,49.99999999999996
CVY0306,Cabo_Frio-Centro-apartamento-JR-3Q,Carteira 4,RJ,"Cabo Frio, RJ","Cabo Frio, RJ, Vila Nova",4,97,3606.43,103,3342.34,2025-10,0.6296,0.4987,17,31,253.47,,0,0,2025-10-27,1.08,1013.88,-264.0899999999997,berlinda,0,0.0,,,,14.823008849557523,Sem Risco,🟡 Acima sem ação,0.0
ILC2505,Especial-ILC-hotel-TOP-1Q,Especial,SC,"Florianópolis, SC","Florianópolis, SC, Jurerê Internacional",0,1251,10488.93,28,10019.61,2025-10,0.7742,0.8614,24,31,518.5,381.0,3,0,2025-10-27,1.05,0.0,-469.3199999999997,berlinda,3,-1.0,11631.93,11373.8406,,75.88495575221239,Risco Médio,🟡 Acima com risco,49.99999999999996
NWT0618,Especial-NWT-apartamento-TOP-1Q,Carteira 5,AL,"Maceió, AL","Maceió, AL, Pajuçara",1,184,6065.42,34,5613.71,2025-10,0.9,0.7261,27,31,267.19,,0,0,2025-10-27,1.08,267.19,-451.71000000000004,berlinda,0,0.0,,,,14.823008849557523,Sem Risco,🟡 Acima sem ação,0.0
BCA0211,Salvador-Ondina_Rio_Vermelho-apartamento-TOP-1Q,Carteira 2,BA,"Salvador, BA","Salvador, BA, Ondina",0,139,4187.54,44,3860.1,2025-10,0.7419,0.6579,23,31,228.83,158.0,1,0,2025-10-27,1.08,0.0,-327.44000000000005,berlinda,1,-2.0,4345.54,4304.7602,,34.292035398230084,Risco Baixo,🟡 Acima com risco,11.111111111111102
NWT0913,Especial-NWT-apartamento-TOP-1Q,Carteira 5,AL,"Maceió, AL","Maceió, AL, Pajuçara",0,183,6105.12,34,5613.71,2025-10,0.871,0.7261,27,31,272.56,250.0,1,0,2025-10-27,1.09,0.0,-491.40999999999985,berlinda,1,-1.0,6355.12,6322.87,,31.41592920353982,Risco Baixo,🟡 Acima com risco,9.999999999999991
NWTB0607,Especial-NWT-apartamento-MASTER-1Q,Carteira 5,AL,"Maceió, AL","Maceió, AL, Pajuçara",1,175,7673.78,28,7169.93,2025-10,0.7333,0.7888,22,31,447.36,401.25,4,0,2025-10-27,1.07,447.36,-503.84999999999945,berlinda,4,-1.0,9278.779999999999,8850.7265,,75.88495575221239,Risco Médio,🟡 Acima com risco,49.99999999999996
SPT0507,Blumenau-Central-apartamento-JR-1Q,Carteira 4,SC,"Blumenau, SC","Blumenau, SC, Itoupava Seca",0,470,6184.05,48,6119.8,2025-10,0.5484,0.5972,17,31,515.82,101.25,4,14,2025-10-27,1.01,0.0,-64.25,berlinda,4,-0.0,6589.05,6406.152,,97.34513274336283,Risco Alto,🟡 Acima com risco,199.99999999999983
BFT3207,Goiania-Leste-apartamento-SUP-1Q,Carteira 1,GO,"Goiânia, GO","Goiânia, GO, Jardim Goiás",1,741,2739.02,76,2650.3,2025-10,0.7,0.5845,21,31,158.33,145.75,4,0,2025-10-27,1.03,158.33,-88.7199999999998,berlinda,4,-0.0,3322.02,3147.12,,88.71681415929203,Risco Alto,🟡 Acima com risco,99.99999999999991
ILC1506,Especial-ILC-hotel-TOP-1Q,Especial,SC,"Florianópolis, SC","Florianópolis, SC, Jurerê Internacional",0,425,10383.21,28,10019.61,2025-10,0.7742,0.8614,24,31,561.04,414.0,1,0,2025-10-27,1.04,0.0,-363.59999999999854,berlinda,1,-0.0,10797.21,10703.728799999999,,44.690265486725664,Risco Baixo,🟡 Acima com risco,19.999999999999982
MHFB1607,Itapema-Canto_Praia-apartamento-SUP-1Q,Carteira 5,SC,"Itapema, SC","Itapema, SC, Centro",1,362,1775.45,11,1766.45,2025-10,0.5,0.415,15,31,164.0,168.0,4,30,2025-10-27,1.01,164.0,-9.0,berlinda,4,-0.0,2447.45,2111.45,,97.34513274336283,Risco Alto,🟡 Acima com risco,199.99999999999983
NWT0908,Especial-NWT-apartamento-TOP-1Q,Carteira 5,AL,"Maceió, AL","Maceió, AL, Pajuçara",1,190,5641.64,34,5613.71,2025-10,0.7667,0.7261,23,31,309.58,250.0,1,0,2025-10-27,1.0,309.58,-27.93000000000029,berlinda,1,-0.0,5891.64,5833.3150000000005,,88.71681415929203,Risco Alto,🟡 Acima com risco,99.99999999999991
RTG101,Florianopolis-Ingleses_Norte-apartamento-TOP-2Q,Carteira 1,SC,"Florianópolis, SC","Florianópolis, SC, Ingleses do Rio Vermelho",0,1142,3251.49,20,3001.73,2025-10,0.5484,0.5171,17,31,236.11,216.0,4,0,2025-10-27,1.08,0.0,-249.75999999999976,berlinda,4,-1.0,4115.49,3725.3075999999996,,70.57522123893806,Risco Médio,🟡 Acima com risco,44.44444444444441
RTO0502,Itapema-Praia_Itapema-apartamento-SUP-4Q,Carteira 6,SC,"Itapema, SC","Itapema, SC, Andorinha",5,469,4886.68,26,4509.68,2025-10,0.6154,0.4088,16,31,308.15,,0,0,2025-10-27,1.08,1540.75,-377.0,berlinda,0,0.0,,,,14.823008849557523,Sem Risco,🟡 Acima sem ação,0.0
TXP1004,Goiania-Central-apartamento-SUP-1Q,Carteira 1,GO,"Goiânia, GO","Goiânia, GO, Setor Bueno",0,190,2993.35,161,2721.7,2025-10,0.7419,0.6044,23,31,152.22,,0,0,2025-10-27,1.1,0.0,-271.6500000000001,berlinda,0,0.0,,,,14.823008849557523,Sem Risco,🟡 Acima sem ação,0.0
IAA1003,Recife-Boa_Viagem-apartamento-TOP-1Q,Carteira 2,PE,"Recife, PE","Recife, PE, Boa Viagem",1,567,5460.64,52,5250.68,2025-10,0.9333,0.7529,28,31,213.18,,0,0,2025-10-27,1.04,213.18,-209.96000000000004,berlinda,0,0.0,,,,14.823008849557523,Sem Risco,🟡 Acima sem ação,0.0
MNDA0217,Cabo_Frio-Centro-apartamento-SUP-1Q,Carteira 4,RJ,"Cabo Frio, RJ","Cabo Frio, RJ, Braga",4,37,4238.99,51,3944.58,2025-10,0.8889,0.7301,24,31,205.33,179.67,3,0,2025-10-27,1.07,821.32,-294.40999999999985,berlinda,3,-1.0,4778.0,4718.115989,,64.38053097345133,Risco Médio,🟡 Acima com risco,37.49999999999997
CGS0002,Brasilia-Asa_Norte-apartamento-SUP-2Q,Carteira 1,DF,"Brasília, DF","Brasília, DF, Asa Norte",0,161,4599.14,35,4310.78,2025-10,0.6774,0.7756,21,31,250.24,219.0,1,0,2025-10-27,1.07,0.0,-288.3600000000006,berlinda,1,-1.0,4818.14,4747.4906,,36.72566371681416,Risco Baixo,🟡 Acima com risco,12.49999999999999
ZUC0703,Balneario_Camboriu-Longe-apartamento-SUP-2Q,Carteira 6,SC,"Balneário Camboriú, SC","Balneário Camboriú, SC, Nações",2,134,2964.0,14,2753.29,2025-10,0.5862,0.5345,17,31,256.06,320.0,2,14,2025-10-27,1.08,512.12,-210.71000000000004,berlinda,2,-0.0,3604.0,3339.168,,46.68141592920354,Risco Baixo,🟡 Acima com risco,22.222222222222204
NWT1123,Especial-NWT-apartamento-TOP-1Q,Carteira 5,AL,"Maceió, AL","Maceió, AL, Pajuçara",1,90,5730.0,34,5613.71,2025-10,0.7333,0.7261,22,31,291.45,,0,0,2025-10-27,1.02,291.45,-116.28999999999996,berlinda,0,0.0,,,,14.823008849557523,Sem Risco,🟡 Acima sem ação,0.0
SKL1204,Penha-Praia-apartamento-SUP-2Q,Carteira 4,SC,"Penha, SC","Penha, SC, Armação",0,12,3410.2,53,3312.94,2025-10,0.6774,0.4703,21,31,201.29,170.0,1,0,2025-10-27,1.03,0.0,-97.25999999999976,berlinda,1,-0.0,3580.2,3525.3579999999997,,50.22123893805309,Risco Médio,🟡 Acima com risco,24.99999999999998
CSD0403,Bombinhas-Bombas-apartamento-SUP-3Q,Carteira 6,SC,"Bombinhas, SC","Bombinhas, SC, Bombas",7,439,2612.37,14,2550.13,2025-10,0.9167,0.3358,22,31,165.55,,0,0,2025-10-27,1.02,1158.8500000000001,-62.23999999999978,berlinda,0,0.0,,,,14.823008849557523,Sem Risco,🟡 Acima sem ação,0.0
IBC0205,Florianopolis-Campeche_Praia-apartamento-TOP-2Q,Carteira 1,SC,"Florianópolis, SC","Florianópolis, SC, Morro das Pedras",9,278,5808.86,68,5619.38,2025-10,0.9091,0.5509,20,31,414.6,270.0,1,0,2025-10-27,1.03,3731.4,-189.47999999999956,berlinda,1,-0.0,6078.86,6054.317,,50.22123893805309,Risco Médio,🟡 Acima com risco,24.99999999999998
VST017,Especial-VST-casa-TOP-1Q,Carteira 5,SC,"Anitápolis, SC","Anitápolis, SC, Rio dos pinheiros",0,92,2921.52,45,2754.3,2025-10,0.5161,0.2088,16,31,236.12,160.0,3,0,2025-10-27,1.06,0.0,-167.2199999999998,berlinda,3,-1.0,3401.52,3169.248,,69.24778761061947,Risco Médio,🟡 Acima com risco,42.85714285714282
SPJ0102,Especial-SPJ-apartamento-TOP-1Q,Carteira 5,SC,"Florianópolis, SC","Florianópolis, SC, Jurerê",0,179,3953.11,19,3903.22,2025-10,0.7742,0.6281,24,31,200.83,162.0,3,0,2025-10-27,1.01,0.0,-49.89000000000033,berlinda,3,-0.0,4439.110000000001,4329.3712000000005,,94.91150442477876,Risco Alto,🟡 Acima com risco,149.9999999999999
MHF0902,Itapema-Canto_Praia-apartamento-TOP-2Q,Carteira 5,SC,"Itapema, SC","Itapema, SC, Centro",5,376,2728.81,10,2671.81,2025-10,0.5769,0.2867,15,31,223.6,200.0,1,13,2025-10-27,1.02,1118.0,-57.0,berlinda,1,-0.0,2928.81,2844.19,,58.62831858407079,Risco Médio,🟡 Acima com risco,33.33333333333331
TPS204,Florianopolis-Canasvieiras_Meio-apartamento-TOP-1Q,Carteira 1,SC,"Florianópolis, SC","Florianópolis, SC, Canasvieiras",0,866,2968.39,29,2888.12,2025-10,0.7097,0.6699,22,31,161.18,,0,0,2025-10-27,1.03,0.0,-80.26999999999998,berlinda,0,0.0,,,,14.823008849557523,Sem Risco,🟡 Acima sem ação,0.0
AGS0642,Bombinhas-Centro-casa-SUP-4Q,Carteira 6,SC,"Bombinhas, SC","Bombinhas, SC, Centro",14,509,4686.31,26,4700.8,2025-10,0.8824,0.3847,15,31,416.73,,0,0,2025-10-27,1.0,5834.22,14.489999999999782,berlinda,0,0.0,,,,14.823008849557523,Sem Risco,🟡 Acima sem ação,0.0
ELF0412,Bombinhas-Bombas-apartamento-SUP-1Q,Especial,SC,"Bombinhas, SC","Bombinhas, SC, José Amândio",1,161,1824.73,42,1744.23,2025-10,0.5333,0.3583,16,31,134.94,130.0,2,28,2025-10-27,1.05,134.94,-80.5,berlinda,2,-0.0,2084.73,1963.388,,58.62831858407079,Risco Médio,🟡 Acima com risco,33.33333333333331
MHF1901,Itapema-Canto_Praia-apartamento-TOP-1Q,Carteira 5,SC,"Itapema, SC","Itapema, SC, Centro",0,6,3628.32,15,3459.9,2025-10,0.8387,0.6192,26,31,169.0,228.0,1,0,2025-10-27,1.05,0.0,-168.42000000000007,berlinda,1,-0.0,3856.32,3819.5436,,41.5929203539823,Risco Baixo,🟡 Acima com risco,16.666666666666654
MTS1503,Itapema-Praia_Itapema-apartamento-SUP-2Q,Carteira 6,SC,"Itapema, SC","Itapema, SC, Morretes",0,182,2736.35,14,2560.18,2025-10,0.6774,0.5723,21,31,155.14,130.0,2,0,2025-10-27,1.07,0.0,-176.17000000000007,berlinda,2,-1.0,2996.35,2912.4739999999997,,50.22123893805309,Risco Médio,🟡 Acima com risco,24.99999999999998
DLH0302,Gramado-Centro-apartamento-TOP-2Q,Carteira 4,RS,"Gramado, RS","Gramado, RS, Centro",3,448,5575.71,53,5324.65,2025-10,0.5714,0.5115,16,31,440.83,,0,0,2025-10-27,1.05,1322.49,-251.0600000000004,berlinda,0,0.0,,,,14.823008849557523,Sem Risco,🟡 Acima sem ação,0.0
NWT1323,Especial-NWT-apartamento-TOP-1Q,Carteira 5,AL,"Maceió, AL","Maceió, AL, Pajuçara",1,253,5590.71,34,5613.71,2025-10,0.7667,0.7261,23,31,291.78,280.0,1,0,2025-10-27,1.0,291.78,23.0,berlinda,1,1.0,5870.71,5805.386,,88.71681415929203,Risco Alto,🟡 Acima com risco,99.99999999999991
DAL312,Canela-Geral-apartamento-TOP-1Q,Carteira 4,RS,"Canela, RS","Canela, RS, São José",0,723,3567.66,16,3319.03,2025-10,0.6129,0.3562,19,31,234.32,157.0,1,0,2025-10-27,1.07,0.0,-248.62999999999965,berlinda,1,-1.0,3724.66,3663.8853,,36.72566371681416,Risco Baixo,🟡 Acima com risco,12.49999999999999
EDT0011,Porto_Seguro-Pataxos-apartamento-SUP-2Q,Carteira 2,BA,"Porto Seguro, BA","Porto Seguro, BA, Taperapuan",0,692,5380.64,35,5287.85,2025-10,0.6774,0.6403,21,31,334.62,202.0,2,0,2025-10-27,1.02,0.0,-92.78999999999996,berlinda,2,-0.0,5784.64,5654.3096000000005,,83.8495575221239,Risco Alto,🟡 Acima com risco,66.66666666666661
MDR102,Florianopolis-Ingleses_Norte-apartamento-TOP-3Q,Carteira 1,SC,"Florianópolis, SC","Florianópolis, SC, Ingleses do Rio Vermelho",2,1092,5859.28,14,5798.87,2025-10,0.6552,0.5458,19,31,384.42,250.0,3,0,2025-10-27,1.01,768.84,-60.409999999999854,berlinda,3,-0.0,6609.28,6350.679999999999,,94.91150442477876,Risco Alto,🟡 Acima com risco,149.9999999999999
NWT0418,Especial-NWT-apartamento-TOP-1Q,Carteira 5,AL,"Maceió, AL","Maceió, AL, Pajuçara",1,279,6100.36,34,5613.71,2025-10,0.7667,0.7261,23,31,309.35,,0,0,2025-10-27,1.09,309.35,-486.64999999999964,berlinda,0,0.0,,,,14.823008849557523,Sem Risco,🟡 Acima sem ação,0.0
OKA0221,Florianopolis-Campeche-apartamento-SUP-1Q,Carteira 1,SC,"Florianópolis, SC","Florianópolis, SC, Campeche",1,169,2974.26,25,2756.73,2025-10,0.5667,0.5652,17,31,220.82,191.0,2,0,2025-10-27,1.08,220.82,-217.5300000000002,berlinda,2,-1.0,3356.26,3190.7394000000004,,46.68141592920354,Risco Baixo,🟡 Acima com risco,22.222222222222204
SFR0412,Bombinhas-Centro-apartamento-SUP-1Q,Carteira 6,SC,"Bombinhas, SC","Bombinhas, SC, Centro",0,6,2852.5,32,2630.32,2025-10,0.8065,0.5814,25,31,137.8,120.0,3,0,2025-10-27,1.08,0.0,-222.17999999999984,berlinda,3,-1.0,3212.5,3142.84,,58.62831858407079,Risco Médio,🟡 Acima com risco,33.33333333333331
VST031,Especial-VST-casa-TOP-1Q,Carteira 5,SC,"Anitápolis, SC","Anitápolis, SC, Rio dos Pinheiros",2,92,2785.01,45,2754.3,2025-10,0.4483,0.2088,13,31,270.31,160.0,2,0,2025-10-27,1.01,540.62,-30.710000000000036,berlinda,2,-0.0,3105.01,2928.4660000000003,,88.71681415929203,Risco Alto,🟡 Acima com risco,99.99999999999991
WBU2607,Goiania-Central-apartamento-TOP-1Q,Carteira 1,GO,"Goiânia, GO","Goiânia, GO, Setor Marista",0,716,3420.01,53,3116.1,2025-10,0.6452,0.5687,20,31,215.95,191.0,1,11,2025-10-27,1.1,0.0,-303.9100000000003,berlinda,1,-1.0,3611.01,3543.2432000000003,,29.646017699115045,Risco Baixo,🟡 Acima com risco,9.090909090909083
BSO0203,Itajai-Praia_Brava-apartamento-SUP-1Q,Carteira 6,SC,"Balneário Camboriú, SC","Balneário Camboriú, SC, Praia dos Amores",0,162,2766.46,55,2564.51,2025-10,0.7097,0.5263,22,31,147.82,127.5,4,0,2025-10-27,1.08,0.0,-201.94999999999982,berlinda,4,-1.0,3276.46,3128.407,,70.57522123893806,Risco Médio,🟡 Acima com risco,44.44444444444441
CAU0199,Itapema-Meia_Praia-Norte-apartamento-JR-3Q,Carteira 6,SC,"Itapema, SC","Itapema, SC, Andorinha",0,13,2333.46,10,2160.62,2025-10,0.6129,0.3649,19,31,146.26,162.0,4,0,2025-10-27,1.08,0.0,-172.84000000000015,berlinda,4,-1.0,2981.46,2730.6192,,70.57522123893806,Risco Médio,🟡 Acima com risco,44.44444444444441
ERE418,Maceio-Cruz_das_Almas-apartamento-SUP-1Q,Carteira 2,AL,"Maceió, AL","Maceió, AL, Cruz das Almas",0,520,3302.28,111,3255.52,2025-10,0.7419,0.7198,23,31,158.87,144.33,3,0,2025-10-27,1.01,0.0,-46.76000000000022,berlinda,3,-0.0,3735.2700000000004,3623.515281,,94.91150442477876,Risco Alto,🟡 Acima com risco,149.9999999999999
VDI0401,Guarapari-Nova_Guarapari-apartamento-SUP-4Q,Carteira 4,ES,"Guarapari, ES","Guarapari, ES, Meaípe",7,107,5834.13,54,5582.64,2025-10,0.6667,0.591,16,31,427.69,276.25,4,0,2025-10-27,1.05,2993.83,-251.48999999999978,berlinda,4,-0.0,6939.13,6570.8335,,83.8495575221239,Risco Alto,🟡 Acima com risco,66.66666666666661
CLR0211,Brasilia-Vila_Planalto-apartamento-SUP-1Q,Carteira 1,DF,"Brasília, DF","Brasília, DF, Asa Norte",0,97,4939.02,71,4913.85,2025-10,0.7742,0.6534,24,31,233.29,,0,0,2025-10-27,1.01,0.0,-25.170000000000073,berlinda,0,0.0,,,,14.823008849557523,Sem Risco,🟡 Acima sem ação,0.0
JMA006,Florianopolis-Jurere_Longe-apartamento-JR-1Q,Carteira 1,SC,"Florianópolis, SC","Florianópolis, SC, Jurerê",0,748,1599.29,28,1581.17,2025-10,0.5484,0.4565,17,31,125.29,110.0,3,0,2025-10-27,1.01,0.0,-18.11999999999989,berlinda,3,-0.0,1929.29,1780.262,,94.91150442477876,Risco Alto,🟡 Acima com risco,149.9999999999999
JBV465,Especial-JBV-hotel-JR-1Q,Especial,SC,"Florianópolis, SC","Florianópolis, SC, Jurerê",0,1811,7776.19,25,7692.08,2025-10,0.8387,0.6447,26,31,371.38,303.0,3,0,2025-10-27,1.01,0.0,-84.10999999999967,berlinda,3,-0.0,8685.189999999999,8538.568299999999,,94.91150442477876,Risco Alto,🟡 Acima com risco,149.9999999999999
ACG302,Florianopolis-Canasvieiras_Perto-apartamento-JR-1Q,Carteira 1,SC,"Florianópolis, SC","Florianópolis, SC, Canasvieiras",0,581,1850.15,31,1703.19,2025-10,0.4516,0.4168,14,31,140.06,132.0,2,0,2025-10-27,1.09,0.0,-146.96000000000004,berlinda,2,-1.0,2114.15,1969.3724000000002,,44.690265486725664,Risco Baixo,🟡 Acima com risco,19.999999999999982
NWT0611,Especial-NWT-apartamento-TOP-1Q,Carteira 5,AL,"Maceió, AL","Maceió, AL, Pajuçara",1,184,5588.79,34,5613.71,2025-10,0.8333,0.7261,25,31,259.44,,0,0,2025-10-27,1.0,259.44,24.920000000000073,berlinda,0,0.0,,,,14.823008849557523,Sem Risco,🟡 Acima sem ação,0.0
NFE1544,Curitiba-Centro-apartamento-SUP-1Q,Carteira 4,PR,"Curitiba, PR","Curitiba, PR, Centro",0,154,3290.1,324,3147.25,2025-10,0.6129,0.6706,19,31,156.5,,0,0,2025-10-27,1.05,0.0,-142.8499999999999,berlinda,0,0.0,,,,14.823008849557523,Sem Risco,🟡 Acima sem ação,0.0
TPS202,Florianopolis-Canasvieiras_Meio-apartamento-TOP-1Q,Carteira 1,SC,"Florianópolis, SC","Florianópolis, SC, Canasvieiras",0,806,3103.13,29,2888.12,2025-10,0.8065,0.6699,25,31,158.0,205.0,3,0,2025-10-27,1.07,0.0,-215.01000000000022,berlinda,3,-1.0,3718.13,3599.1275,,64.38053097345133,Risco Médio,🟡 Acima com risco,37.49999999999997
CNA003,Especial-CNA-casa-MASTER-1Q,Especial,SP,"Campos do Jordão, SP","Campos do Jordão, SP, Jardim Europa",0,985,9991.25,25,9245.88,2025-10,0.6452,0.485,20,31,619.1,473.33,3,6,2025-10-27,1.08,0.0,-745.3700000000008,berlinda,3,-1.0,11411.24,10907.427548,,58.62831858407079,Risco Médio,🟡 Acima com risco,33.33333333333331
CRR201,Florianopolis-Ribeirao-apartamento-SUP-2Q,Carteira 4,SC,"Florianópolis, SC","Florianópolis, SC, Ribeirão da Ilha",2,828,3141.93,40,2948.95,2025-10,0.7586,0.5271,22,31,178.18,161.5,2,0,2025-10-27,1.07,356.36,-192.98000000000002,berlinda,2,-1.0,3464.93,3386.9577999999997,,50.22123893805309,Risco Médio,🟡 Acima com risco,24.99999999999998
ECM204,Florianopolis-Lagoa-apartamento-SUP-1Q,Carteira 1,SC,"Florianópolis, SC","Florianópolis, SC, Lagoa da Conceição",2,1093,3056.94,23,2810.1,2025-10,0.8276,0.6661,24,31,158.63,,0,0,2025-10-27,1.09,317.26,-246.84000000000015,berlinda,0,0.0,,,,14.823008849557523,Sem Risco,🟡 Acima sem ação,0.0
MBCA0302,Goiania-Leste-apartamento-TOP-1Q,Carteira 1,GO,"Goiânia, GO","Goiânia, GO, Jardim Goiás",0,176,3750.42,19,3517.33,2025-10,0.8065,0.5584,25,31,223.72,,0,0,2025-10-27,1.07,0.0,-233.09000000000015,berlinda,0,0.0,,,,14.823008849557523,Sem Risco,🟡 Acima sem ação,0.0
MHF1108,Itapema-Canto_Praia-apartamento-TOP-2Q,Carteira 5,SC,"Itapema, SC","Itapema, SC, Centro",3,425,2910.74,10,2671.81,2025-10,0.6071,0.2867,17,31,204.88,190.0,3,0,2025-10-27,1.09,614.64,-238.92999999999984,berlinda,3,-1.0,3480.74,3256.787,,55.088495575221245,Risco Médio,🟡 Acima com risco,29.99999999999997
VST021,Especial-VST-casa-TOP-1Q,Carteira 5,SC,"Anitápolis, SC","Anitápolis, SC, Rio dos Pinheiros",0,454,2929.71,45,2754.3,2025-10,0.5484,0.2088,17,31,218.41,160.0,1,0,2025-10-27,1.06,0.0,-175.40999999999985,berlinda,1,-1.0,3089.71,3017.454,,38.716814159292035,Risco Baixo,🟡 Acima com risco,14.285714285714272
RRA0205,Florianopolis-Praia_Brava-apartamento-JR-2Q,Carteira 1,SC,"Florianópolis, SC","Florianópolis, SC, Praia Brava",1,405,2369.99,13,2277.41,2025-10,0.6333,0.3911,19,31,214.21,206.5,2,0,2025-10-27,1.04,214.21,-92.57999999999993,berlinda,2,-0.0,2782.99,2631.5429,,67.2566371681416,Risco Médio,🟡 Acima com risco,39.999999999999964
RUL0035,Ubatuba-Toninhas-casa-JR-3Q,Carteira 4,SP,"Ubatuba, SP","Ubatuba, SP, Toninhas",8,135,4992.61,13,4914.91,2025-10,0.6957,0.3227,16,31,401.69,238.0,2,0,2025-10-27,1.02,3213.52,-77.69999999999982,berlinda,2,-0.0,5468.61,5323.763199999999,,83.8495575221239,Risco Alto,🟡 Acima com risco,66.66666666666661
JBV115,Especial-JBV-hotel-JR-1Q,Especial,SC,"Florianópolis, SC","Florianópolis, SC, Jurerê",0,1696,8110.61,25,7692.08,2025-10,0.9355,0.6447,29,31,360.28,259.0,1,0,2025-10-27,1.05,0.0,-418.52999999999975,berlinda,1,-1.0,8369.61,8352.9045,,41.5929203539823,Risco Baixo,🟡 Acima com risco,16.666666666666654
NWC1510,Curitiba-Centro-apartamento-SUP-1Q,Carteira 4,PR,"Curitiba, PR","Curitiba, PR, Centro",0,49,3249.81,324,3147.25,2025-10,0.6452,0.6706,20,31,166.91,144.0,1,0,2025-10-27,1.03,0.0,-102.55999999999995,berlinda,1,-0.0,3393.81,3342.7188,,50.22123893805309,Risco Médio,🟡 Acima com risco,24.99999999999998
PGO0406,Pocos_de_Caldas-Geral-apartamento-SUP-1Q,Carteira 4,MG,"Poços de Caldas, MG","Poços de Caldas, MG, São Benedito",0,384,1792.63,30,1751.93,2025-10,0.4516,0.4614,14,31,149.71,124.5,4,0,2025-10-27,1.02,0.0,-40.700000000000045,berlinda,4,-0.0,2290.63,2017.5268,,92.69911504424779,Risco Alto,🟡 Acima com risco,133.33333333333323
TPS101,Florianopolis-Canasvieiras_Meio-apartamento-TOP-1Q,Carteira 1,SC,"Florianópolis, SC","Florianópolis, SC, Canasvieiras",0,986,3104.27,29,2888.12,2025-10,0.8065,0.6699,25,31,159.0,161.0,2,0,2025-10-27,1.07,0.0,-216.1500000000001,berlinda,2,-1.0,3426.27,3363.9629999999997,,50.22123893805309,Risco Médio,🟡 Acima com risco,24.99999999999998
RGF0711,Salvador-Flamengo-apartamento-TOP-1Q,Carteira 2,BA,"Salvador, BA","Salvador, BA, Itapuã",2,62,4080.23,29,4009.88,2025-10,0.8966,0.6794,26,31,183.96,,0,0,2025-10-27,1.02,367.92,-70.34999999999991,berlinda,0,0.0,,,,14.823008849557523,Sem Risco,🟡 Acima sem ação,0.0
ADS0103,Cabo_Frio-Centro-apartamento-JR-2Q,Carteira 4,RJ,"Cabo Frio, RJ","Cabo Frio, RJ, Passagem",5,330,3570.78,163,3448.03,2025-10,0.7308,0.6105,19,31,232.63,191.5,2,0,2025-10-27,1.04,1163.15,-122.75,berlinda,2,-0.0,3953.78,3850.6764000000003,,67.2566371681416,Risco Médio,🟡 Acima com risco,39.999999999999964
BLS1355,Goiania-Central-apartamento-SUP-1Q,Carteira 1,GO,"Goiânia, GO","Goiânia, GO, Setor Marista",0,741,2976.64,161,2721.7,2025-10,0.7419,0.6044,23,31,166.6,140.0,1,6,2025-10-27,1.09,0.0,-254.94000000000005,berlinda,1,-1.0,3116.64,3080.506,,31.41592920353982,Risco Baixo,🟡 Acima com risco,9.999999999999991
EJO0401,Florianopolis-Centrao-apartamento-JR-1Q,Carteira 4,SC,"Florianópolis, SC","Florianópolis, SC, Centro",1,169,2861.12,68,2759.16,2025-10,0.7333,0.6039,22,31,154.09,95.67,3,0,2025-10-27,1.04,154.09,-101.96000000000004,berlinda,3,-1.0,3148.13,3071.584433,,81.85840707964603,Risco Alto,🟡 Acima com risco,59.99999999999994
CTS0203,Florianopolis-Itacorubi-apartamento-SUP-2Q,Carteira 4,SC,"Florianópolis, SC","Florianópolis, SC, Itacorubi",1,76,4624.97,14,4358.35,2025-10,0.8,0.5169,24,31,222.67,180.0,1,0,2025-10-27,1.06,222.67,-266.6199999999999,berlinda,1,-1.0,4804.97,4768.97,,38.716814159292035,Risco Baixo,🟡 Acima com risco,14.285714285714272
JMA009,Florianopolis-Jurere_Longe-apartamento-JR-1Q,Carteira 1,SC,"Florianópolis, SC","Florianópolis, SC, Jurerê",0,456,1702.14,28,1581.17,2025-10,0.5806,0.4565,18,31,120.83,110.0,3,0,2025-10-27,1.08,0.0,-120.97000000000003,berlinda,3,-1.0,2032.14,1893.738,,58.62831858407079,Risco Médio,🟡 Acima com risco,33.33333333333331
NOR0201,Brasilia-Asa_Norte-apartamento-JR-1Q,Carteira 1,DF,"Brasília, DF","Brasília, DF, Asa Norte",0,736,3343.23,152,3070.12,2025-10,0.6774,0.7888,21,31,190.1,174.0,1,0,2025-10-27,1.09,0.0,-273.1100000000001,berlinda,1,-1.0,3517.23,3461.0976,,31.41592920353982,Risco Baixo,🟡 Acima com risco,9.999999999999991
TXP0608,Goiania-Central-apartamento-SUP-1Q,Carteira 1,GO,"Goiânia, GO","Goiânia, GO, Setor Bueno",0,726,2761.85,161,2721.7,2025-10,0.6452,0.6044,20,31,155.75,,0,3,2025-10-27,1.01,0.0,-40.15000000000009,berlinda,0,0.0,,,,14.823008849557523,Sem Risco,🟡 Acima sem ação,0.0
CPK1009,Ilheus-Sul-apartamento-TOP-2Q,Carteira 2,BA,"Ilhéus, BA","Ilhéus, BA, Nossa Senhora da Vitória",6,285,3532.42,17,3459.9,2025-10,0.6,0.4935,15,31,270.8,211.25,4,0,2025-10-27,1.02,1624.8000000000002,-72.51999999999998,berlinda,4,-0.0,4377.42,4039.42,,92.69911504424779,Risco Alto,🟡 Acima com risco,133.33333333333323
MDO201,Florianopolis-Jurere_Tradicional-apartamento-JR-3Q,Carteira 1,SC,"Florianópolis, SC","Florianópolis, SC, Jurerê Internacional",3,910,3664.01,22,3640.93,2025-10,0.7143,0.3041,20,31,251.85,175.0,1,0,2025-10-27,1.01,755.55,-23.080000000000382,berlinda,1,-0.0,3839.01,3789.0125000000003,,75.88495575221239,Risco Médio,🟡 Acima com risco,49.99999999999996
TFL002,Florianopolis-UFSC-casa-JR-1Q,Carteira 4,SC,"Florianópolis, SC","Florianópolis, SC, Carvoeira",0,365,2062.42,16,1959.65,2025-10,0.6774,0.7278,21,31,108.48,94.0,1,0,2025-10-27,1.05,0.0,-102.76999999999998,berlinda,1,-1.0,2156.42,2126.0956,,41.5929203539823,Risco Baixo,🟡 Acima com risco,16.666666666666654
NWT1404,Especial-NWT-apartamento-TOP-1Q,Carteira 5,AL,"Maceió, AL","Maceió, AL, Pajuçara",0,226,5636.28,34,5613.71,2025-10,0.7097,0.7261,22,31,306.09,295.5,2,0,2025-10-27,1.0,0.0,-22.56999999999971,berlinda,2,-0.0,6227.28,6055.7127,,97.34513274336283,Risco Alto,🟡 Acima com risco,199.99999999999983
POR204,Florianopolis-Ingleses_Norte-apartamento-TOP-3Q,Carteira 1,SC,"Florianópolis, SC","Florianópolis, SC, Ingleses do Rio Vermelho",8,1800,6259.68,14,5798.87,2025-10,0.8261,0.5458,19,31,456.53,,0,0,2025-10-27,1.08,3652.24,-460.8100000000004,berlinda,0,0.0,,,,14.823008849557523,Sem Risco,🟡 Acima sem ação,0.0
PSOB1103,Penha-Beto_Carrero-apartamento-SUP-1Q,Carteira 3,SC,"Penha, SC","Penha, SC, Praia de Armação do Itapocoroi",0,68,2578.53,18,2566.46,2025-10,0.5806,0.6596,18,31,158.67,162.0,2,0,2025-10-27,1.0,0.0,-12.070000000000164,berlinda,2,-0.0,2902.53,2766.6444,,97.34513274336283,Risco Alto,🟡 Acima com risco,199.99999999999983
NOR0101,Brasilia-Asa_Norte-apartamento-JR-2Q,Carteira 1,DF,"Brasília, DF","Brasília, DF, Asa Norte",1,736,4423.2,14,4192.75,2025-10,0.7667,0.7037,23,31,228.74,174.0,2,0,2025-10-27,1.05,228.74,-230.44999999999982,berlinda,2,-1.0,4771.2,4690.0116,,58.62831858407079,Risco Médio,🟡 Acima com risco,33.33333333333331
TSO0311,Balneario_Camboriu-Longe-apartamento-MASTER-2Q,Carteira 6,SC,"Balneário Camboriú, SC","Balneário Camboriú, SC, Estados",0,77,5637.81,33,5211.35,2025-10,0.7742,0.5887,24,31,288.21,,0,0,2025-10-27,1.08,0.0,-426.46000000000004,berlinda,0,0.0,,,,14.823008849557523,Sem Risco,🟡 Acima sem ação,0.0
CAG0003,Camaçari-Monte_Gordo-casa-SUP-4Q,Carteira 2,BA,"Camaçari, BA","Camaçari, BA, Guarajuba",7,93,5408.81,14,5328.19,2025-10,0.5833,0.5631,14,31,535.36,345.0,1,0,2025-10-27,1.02,3747.52,-80.6200000000008,berlinda,1,-0.0,5753.81,5610.048500000001,,58.62831858407079,Risco Médio,🟡 Acima com risco,33.33333333333331
CEV2304,Balneario_Camboriu-Intermediario-apartamento-JR-1Q,Carteira 6,SC,"Balneário Camboriú, SC","Balneário Camboriú, SC, Centro",3,275,2687.78,56,2452.67,2025-10,0.7857,0.5785,22,31,144.68,,0,0,2025-10-27,1.1,434.04,-235.11000000000013,berlinda,0,0.0,,,,14.823008849557523,Sem Risco,🟡 Acima sem ação,0.0
CII0601,Porto_Belo-Geral-apartamento-SUP-2Q,Carteira 6,SC,"Porto Belo, SC","Porto Belo, SC, Perequê",0,404,2609.36,22,2463.78,2025-10,0.8387,0.4086,26,31,179.77,154.25,4,0,2025-10-27,1.06,0.0,-145.57999999999993,berlinda,4,-0.0,3226.36,3126.8379,,80.75221238938053,Risco Alto,🟡 Acima com risco,57.14285714285709
JBV214,Especial-JBV-hotel-JR-1Q,Especial,SC,"Florianópolis, SC","Florianópolis, SC, Jurerê",0,1014,7881.24,25,7692.08,2025-10,0.9355,0.6447,29,31,1357.86,,0,0,2025-10-27,1.02,0.0,-189.15999999999985,berlinda,0,0.0,,,,14.823008849557523,Sem Risco,🟡 Acima sem ação,0.0
JBV462,Especial-JBV-hotel-TOP-1Q,Especial,SC,"Florianópolis, SC","Florianópolis, SC, Jurerê",0,1345,10832.46,32,10019.61,2025-10,0.7742,0.8219,24,31,589.13,416.0,3,1,2025-10-27,1.08,0.0,-812.8499999999985,berlinda,3,-1.0,12080.46,11798.6616,,58.62831858407079,Risco Médio,🟡 Acima com risco,33.33333333333331
MHF0704,Itapema-Canto_Praia-apartamento-TOP-1Q,Carteira 5,SC,"Itapema, SC","Itapema, SC, Centro",2,440,3647.37,15,3459.9,2025-10,0.8276,0.6192,24,31,177.63,175.67,3,0,2025-10-27,1.05,355.26,-187.4699999999998,berlinda,3,-1.0,4174.38,4083.523476,,75.88495575221239,Risco Médio,🟡 Acima com risco,49.99999999999996
SPJ0403,Especial-SPJ-apartamento-TOP-1Q,Carteira 5,SC,"Florianópolis, SC","Florianópolis, SC, Jurerê",0,485,4194.81,19,3903.22,2025-10,0.9032,0.6281,28,31,207.04,137.0,1,0,2025-10-27,1.07,0.0,-291.5900000000006,berlinda,1,-2.0,4331.81,4318.548400000001,,36.72566371681416,Risco Baixo,🟡 Acima com risco,12.49999999999999
BLV0005,Porto_Seguro-Pataxos-apartamento-JR-2Q,Carteira 2,BA,"Porto Seguro, BA","Porto Seguro, BA, Taperapuan",7,196,3381.2,68,3142.14,2025-10,0.8333,0.5275,20,31,197.0,,0,0,2025-10-27,1.08,1379.0,-239.05999999999995,berlinda,0,0.0,,,,14.823008849557523,Sem Risco,🟡 Acima sem ação,0.0
COT0081,Sao_Paulo-Pinheiros-apartamento-SUP-1Q,Carteira 4,SP,"São Paulo, SP","São Paulo, SP, Pinheiros",1,188,4172.22,413,3951.39,2025-10,0.8667,0.6435,26,31,199.04,,0,0,2025-10-27,1.06,199.04,-220.83000000000038,berlinda,0,0.0,,,,14.823008849557523,Sem Risco,🟡 Acima sem ação,0.0
ESE0102,Balneario_Camboriu-Norte-apartamento-TOP-2Q,Carteira 6,SC,"Balneário Camboriú, SC","Balneário Camboriú, SC, Centro",0,237,5521.5,13,5545.97,2025-10,0.8387,0.5766,26,31,269.27,240.67,3,0,2025-10-27,1.0,0.0,24.470000000000255,berlinda,3,1.0,6243.51,6127.049787,,98.89380530973452,Risco Alto,🟡 Acima com risco,299.9999999999998
BRJ143,Sao_Paulo-Republica-apartamento-TOP-1Q,Carteira 4,SP,"São Paulo, SP","São Paulo, SP, Centro",0,401,4355.4,102,4032.47,2025-10,0.9032,0.6525,28,31,161.43,150.0,3,12,2025-10-27,1.08,0.0,-322.92999999999984,berlinda,3,-2.0,4805.4,4761.839999999999,,58.62831858407079,Risco Médio,🟡 Acima com risco,33.33333333333331
ECI0201,Guarapari-Nova_Guarapari-apartamento-JR-2Q,Carteira 4,ES,"Guarapari, ES","Guarapari, ES, Enseada Verde",0,421,2812.5,40,2664.27,2025-10,0.7097,0.462,22,31,156.82,137.33,3,0,2025-10-27,1.06,0.0,-148.23000000000002,berlinda,3,-1.0,3224.49,3104.889303,,69.24778761061947,Risco Médio,🟡 Acima com risco,42.85714285714282
SEO0702,Itapema-Meia_Praia-Norte-apartamento-TOP-3Q,Carteira 6,SC,"Itapema, SC","Itapema, SC, Meia Praia",7,412,4488.6,12,4301.85,2025-10,0.5417,0.2952,13,31,485.23,,0,0,2025-10-27,1.04,3396.61,-186.75,berlinda,0,0.0,,,,14.823008849557523,Sem Risco,🟡 Acima sem ação,0.0
WBU2615,Goiania-Central-apartamento-TOP-1Q,Carteira 1,GO,"Goiânia, GO","Goiânia, GO, Setor Bueno",0,107,3418.05,53,3116.1,2025-10,0.5806,0.5687,18,31,230.33,173.0,4,0,2025-10-27,1.1,0.0,-301.9500000000003,berlinda,4,-1.0,4110.05,3819.8252,,62.38938053097345,Risco Médio,🟡 Acima com risco,36.36363636363633
AAL0204,Florianopolis-Canasvieiras_Perto-apartamento-JR-2Q,Carteira 1,SC,"Florianópolis, SC","Florianópolis, SC, Canasvieiras",1,581,2244.1,13,2180.08,2025-10,0.7,0.5225,21,31,138.38,120.0,2,0,2025-10-27,1.03,138.38,-64.01999999999998,berlinda,2,-0.0,2484.1,2412.1,,75.88495575221239,Risco Médio,🟡 Acima com risco,49.99999999999996
NWT0417,Especial-NWT-apartamento-TOP-1Q,Carteira 5,AL,"Maceió, AL","Maceió, AL, Pajuçara",0,307,5654.34,34,5613.71,2025-10,0.7097,0.7261,22,31,307.73,,0,0,2025-10-27,1.01,0.0,-40.63000000000011,berlinda,0,0.0,,,,14.823008849557523,Sem Risco,🟡 Acima sem ação,0.0
SYH334,Joao_Pessoa-Cabo_Branco-apartamento-TOP-1Q,Carteira 2,PB,"João Pessoa, PB","João Pessoa, PB, Cabo Branco",0,272,5943.0,27,5695.85,2025-10,0.871,0.7368,27,31,300.22,194.5,2,0,2025-10-27,1.04,0.0,-247.14999999999964,berlinda,2,-1.0,6332.0,6281.819,,67.2566371681416,Risco Médio,🟡 Acima com risco,39.999999999999964
VST005,Especial-VST-casa-TOP-1Q,Carteira 5,SC,"Anitápolis, SC","Anitápolis, SC, Rio dos Pinheiros",0,457,2760.33,45,2754.3,2025-10,0.5806,0.2088,18,31,194.83,171.0,1,7,2025-10-27,1.0,0.0,-6.029999999999745,berlinda,1,-0.0,2931.33,2859.6126,,88.71681415929203,Risco Alto,🟡 Acima com risco,99.99999999999991
CTD0302,Penha-Longe-apartamento-JR-2Q,Carteira 6,SC,"Penha, SC","Penha, SC, Centro",0,145,2443.55,23,2352.35,2025-10,0.7419,0.5,23,31,130.48,107.33,3,0,2025-10-27,1.04,0.0,-91.20000000000027,berlinda,3,-0.0,2765.54,2682.434381,,81.85840707964603,Risco Alto,🟡 Acima com risco,59.99999999999994
ILC1313,Especial-ILC-hotel-JR-1Q,Especial,SC,"Florianópolis, SC","Florianópolis, SC, Jurerê Internacional",0,1597,8015.94,16,7820.79,2025-10,0.9032,0.6145,28,31,357.13,,0,0,2025-10-27,1.02,0.0,-195.14999999999964,berlinda,0,0.0,,,,14.823008849557523,Sem Risco,🟡 Acima sem ação,0.0
ILC3404,Especial-ILC-hotel-JR-1Q,Especial,SC,"Florianópolis, SC","Florianópolis, SC, Jurerê Internacional",5,1657,8391.55,16,7820.79,2025-10,0.8846,0.6145,23,31,456.7,,0,0,2025-10-27,1.07,2283.5,-570.7599999999993,berlinda,0,0.0,,,,14.823008849557523,Sem Risco,🟡 Acima sem ação,0.0
MSST1401,Goiania-Leste-apartamento-TOP-1Q,Carteira 1,GO,"Goiânia, GO","Goiânia, GO, Jardim Goiás",0,736,3734.99,19,3517.33,2025-10,0.7419,0.5584,23,31,196.61,190.0,1,0,2025-10-27,1.06,0.0,-217.65999999999985,berlinda,1,-1.0,3924.99,3875.951,,38.716814159292035,Risco Baixo,🟡 Acima com risco,14.285714285714272
RVR0506,Florianopolis-UFSC-apartamento-SUP-1Q,Carteira 4,SC,"Florianópolis, SC","Florianópolis, SC, Pantanal",0,692,2798.74,44,2740.41,2025-10,0.5161,0.6164,16,31,227.12,133.0,1,0,2025-10-27,1.02,0.0,-58.32999999999993,berlinda,1,-0.0,2931.74,2867.3813,,58.62831858407079,Risco Médio,🟡 Acima com risco,33.33333333333331
TPS105,Florianopolis-Canasvieiras_Meio-apartamento-TOP-1Q,Carteira 1,SC,"Florianópolis, SC","Florianópolis, SC, Canasvieiras",0,1000,3063.56,29,2888.12,2025-10,0.7742,0.6699,24,31,164.67,165.5,2,0,2025-10-27,1.06,0.0,-175.44000000000005,berlinda,2,-1.0,3394.56,3319.8202,,54.20353982300885,Risco Médio,🟡 Acima com risco,28.571428571428545
JBV124,Especial-JBV-hotel-JR-1Q,Especial,SC,"Florianópolis, SC","Florianópolis, SC, Jurerê",0,1897,8304.46,25,7692.08,2025-10,0.8065,0.6447,25,31,427.56,282.0,1,0,2025-10-27,1.08,0.0,-612.3799999999992,berlinda,1,-2.0,8586.46,8531.893,,34.292035398230084,Risco Baixo,🟡 Acima com risco,11.111111111111102
ELU0211,Florianopolis-Jurere_Tradicional-apartamento-TOP-1Q,Carteira 1,SC,"Florianópolis, SC","Florianópolis, SC, Jurerê",3,43,5094.15,16,4831.55,2025-10,1.0,0.6121,28,31,204.71,,0,0,2025-10-27,1.05,614.13,-262.59999999999945,berlinda,0,0.0,,,,14.823008849557523,Sem Risco,🟡 Acima sem ação,0.0
IPC0901,Balneario_Camboriu-Centro-apartamento-TOP-3Q,Carteira 6,SC,"Balneário Camboriú, SC","Balneário Camboriú, SC, Centro",9,36,6901.27,34,6587.28,2025-10,1.0,0.5267,22,31,392.14,,0,0,2025-10-27,1.05,3529.2599999999998,-313.9900000000007,berlinda,0,0.0,,,,14.823008849557523,Sem Risco,🟡 Acima sem ação,0.0
CPM1110,Sao_Paulo-Pinheiros-apartamento-SUP-1Q,Carteira 4,SP,"São Paulo, SP","São Paulo, SP, Pinheiros",0,72,3947.24,413,3951.39,2025-10,0.8387,0.6435,26,31,181.65,,0,0,2025-10-27,1.0,0.0,4.150000000000091,berlinda,0,0.0,,,,14.823008849557523,Sem Risco,🟡 Acima sem ação,0.0
EMP2201,Florianopolis-Canasvieiras_Perto-apartamento-SUP-2Q,Carteira 1,SC,"Florianópolis, SC","Florianópolis, SC, Canasvieiras",4,803,3963.1,17,3623.41,2025-10,0.8889,0.4891,24,31,217.04,160.0,2,0,2025-10-27,1.09,868.16,-339.69000000000005,berlinda,2,-2.0,4283.1,4247.548,,44.690265486725664,Risco Baixo,🟡 Acima com risco,19.999999999999982
ILC3308,Especial-ILC-hotel-TOP-1Q,Especial,SC,"Florianópolis, SC","Florianópolis, SC, Jurerê Internacional",0,1007,11007.11,28,10019.61,2025-10,0.9032,0.8614,28,31,509.57,,0,0,2025-10-27,1.1,0.0,-987.5,berlinda,0,0.0,,,,14.823008849557523,Sem Risco,🟡 Acima sem ação,0.0
MOL0502,Sao_Paulo-Liberdade-apartamento-SUP-1Q,Carteira 4,SP,"São Paulo, SP","São Paulo, SP, Liberdade",1,408,3578.12,69,3365.5,2025-10,0.7,0.6282,21,31,198.48,150.5,4,0,2025-10-27,1.06,198.48,-212.6199999999999,berlinda,4,-1.0,4180.12,3999.52,,80.75221238938053,Risco Alto,🟡 Acima com risco,57.14285714285709
PSO0906,Penha-Beto_Carrero-apartamento-SUP-1Q,Carteira 3,SC,"Penha, SC","Penha, SC, Praia de Armação do Itapocoroi",0,70,2800.25,18,2566.46,2025-10,0.6452,0.6596,20,31,163.95,148.5,4,0,2025-10-27,1.09,0.0,-233.78999999999996,berlinda,4,-1.0,3394.25,3183.4988,,67.2566371681416,Risco Médio,🟡 Acima com risco,39.999999999999964
HRE0035,Ubatuba-Toninhas-apartamento-TOP-2Q,Carteira 4,SP,"Ubatuba, SP","Ubatuba, SP, Toninhas",1,365,7087.63,25,6889.15,2025-10,0.8333,0.6398,25,31,362.08,269.0,1,0,2025-10-27,1.03,362.08,-198.48000000000047,berlinda,1,-0.0,7356.63,7311.7877,,50.22123893805309,Risco Médio,🟡 Acima com risco,24.99999999999998
TSO0602,Balneario_Camboriu-Longe-apartamento-MASTER-2Q,Carteira 6,SC,"Balneário Camboriú, SC","Balneário Camboriú, SC, Estados",4,180,5727.51,33,5211.35,2025-10,0.8889,0.5887,24,31,311.71,250.0,3,0,2025-10-27,1.1,1246.84,-516.1599999999999,berlinda,3,-2.0,6477.51,6394.185,,53.31858407079646,Risco Médio,🟡 Acima com risco,27.27272727272725
BMR0004,Porto_Seguro-Pataxos-casa-JR-2Q,Carteira 2,BA,"Porto Seguro, BA","Porto Seguro, BA, Loteamento Village I",0,351,2958.86,17,2902.23,2025-10,0.4516,0.586,14,31,261.64,168.75,4,0,2025-10-27,1.02,0.0,-56.63000000000011,berlinda,4,-0.0,3633.86,3263.69,,92.69911504424779,Risco Alto,🟡 Acima com risco,133.33333333333323
CAS0031,Florianopolis-Estreito-apartamento-SUP-2Q,Carteira 4,SC,"Florianópolis, SC","Florianópolis, SC, Coqueiros",4,223,2996.57,13,2919.75,2025-10,0.8148,0.4985,22,31,162.59,148.5,2,0,2025-10-27,1.03,650.36,-76.82000000000016,berlinda,2,-0.0,3293.57,3238.5656000000004,,75.88495575221239,Risco Médio,🟡 Acima com risco,49.99999999999996
TPS104,Florianopolis-Canasvieiras_Meio-apartamento-TOP-1Q,Carteira 1,SC,"Florianópolis, SC","Florianópolis, SC, Canasvieiras",0,974,3021.82,29,2888.12,2025-10,0.871,0.6699,27,31,153.41,,0,0,2025-10-27,1.05,0.0,-133.70000000000027,berlinda,0,0.0,,,,14.823008849557523,Sem Risco,🟡 Acima sem ação,0.0
VEC114,Bombinhas-Centro-apartamento-SUP-1Q,Carteira 6,SC,"Bombinhas, SC","Bombinhas, SC, Centro",0,1009,2817.12,32,2630.32,2025-10,0.7419,0.5814,23,31,161.87,120.0,1,0,2025-10-27,1.07,0.0,-186.79999999999973,berlinda,1,-1.0,2937.12,2906.1479999999997,,36.72566371681416,Risco Baixo,🟡 Acima com risco,12.49999999999999
GET0706,Guara-Geral-apartamento-MASTER-2Q,Especial,DF,"Brasília, DF","Brasília, DF, Zona Industrial",0,57,6348.9,10,5958.24,2025-10,0.7742,0.5593,24,31,343.75,293.5,2,0,2025-10-27,1.07,0.0,-390.65999999999985,berlinda,2,-1.0,6935.9,6803.3553999999995,,50.22123893805309,Risco Médio,🟡 Acima com risco,24.99999999999998
SJS0002,Florianopolis-Ingleses_Centro-apartamento-JR-1Q,Carteira 1,SC,"Florianópolis, SC","Florianópolis, SC, Ingleses do Rio Vermelho",0,342,2089.92,16,2053.66,2025-10,0.6774,0.7071,21,31,122.29,98.0,1,0,2025-10-27,1.02,0.0,-36.26000000000022,berlinda,1,-0.0,2187.92,2156.3052000000002,,58.62831858407079,Risco Médio,🟡 Acima com risco,33.33333333333331
