listing,categoria,carteira,estado,cidade,Bairro,dias_bloqueados,dias_ativo,faturamento_mes,n_concorrentes,meta,mes_ano,to_listings,to_concorrentes,dias_ocupados,total_dias,media_preco_ocupado,media_preco_disponivel,ocupacao_ainda_disponivel,dias_pmin,data_da_execucao,atingimento_meta,faturamento_perdido_bloqueio,falta_meta,grupo_criticidade,dias_disponiveis,dias_necessarios,potencial_max,potencial_realista,score_bruto,score_normalizado,faixa_prioridade,status_operacional,score_risco_bruto
BSS0703,Sao_Paulo-Santo_Amaro-apartamento-SUP-1Q,Carteira 4,SP,"São Paulo, SP","São Paulo, SP, Jardim das Acácias",0,428,3484.71,157,3988.2,2025-11,0.7333,0.6596,22,30,192.45,134.0,1,0,2025-11-24,0.87,0.0,503.4899999999998,berlinda,1,4.0,3618.71,3582.9722,4.22920490446818,17.46987951807229,Baixa,🟠 Abaixo precisa esforço,
FFS0909,Itapema-Meia_Praia-Sul-apartamento-SUP-1Q,Carteira 6,SC,"Itapema, SC","Itapema, SC, Meia Praia",10,2,1823.78,19,2238.48,2025-11,0.65,0.5187,13,30,178.15,126.0,3,0,2025-11-24,0.81,1781.5,414.70000000000005,berlinda,3,4.0,2201.7799999999997,2069.48,5.83567867481505,37.04819277108434,Média,🟠 Abaixo precisa esforço,
SLC0201,Florianopolis-Rio_Vermelho-apartamento-JR-1Q,Carteira 1,SC,"Florianópolis, SC","Florianópolis, SC, Ingleses do Rio Vermelho",0,318,2216.62,21,2656.73,2025-11,0.7333,0.5306,22,30,124.68,165.5,4,0,2025-11-24,0.83,0.0,440.1100000000001,berlinda,4,3.0,2878.62,2702.0645999999997,9.138829187259025,62.65060240963856,Alta,🟢 Abaixo viável,
SMT0713,Salvador-Boca_do_Rio-apartamento-SUP-1Q,Carteira 2,BA,"Salvador, BA","Salvador, BA, Armação",1,274,2804.54,34,3140.34,2025-11,0.7241,0.6738,21,30,164.57,126.0,1,0,2025-11-24,0.89,164.57,335.8000000000002,berlinda,1,3.0,2930.54,2895.7766,4.491106058579646,19.879518072289155,Baixa,🟠 Abaixo precisa esforço,
SPT0104,Blumenau-Central-apartamento-JR-1Q,Carteira 4,SC,"Blumenau, SC","Blumenau, SC, Itoupava Seca",0,591,757.89,42,910.58,2025-11,0.3,0.3663,9,30,101.0,100.0,6,24,2025-11-24,0.83,0.0,152.69000000000005,berlinda,6,2.0,1357.8899999999999,937.89,8.384216653122186,56.62650602409639,Alta,🟢 Abaixo viável,
IBI307,Florianopolis-Jurere_Internacional-apartamento-TOP-1Q,Carteira 1,SC,"Florianópolis, SC","Florianópolis, SC, Jurerê Internacional",0,1452,5484.08,50,6417.62,2025-11,0.6333,0.6175,19,30,342.95,282.0,2,0,2025-11-24,0.85,0.0,933.54,berlinda,2,4.0,6048.08,5841.2612,10.255292460444837,68.97590361445783,Alta,🟠 Abaixo precisa esforço,
ILC2505,Especial-ILC-hotel-TOP-1Q,Especial,SC,"Florianópolis, SC","Florianópolis, SC, Jurerê Internacional",7,1282,10618.12,30,11771.46,2025-11,0.8696,0.7857,20,30,705.35,516.67,3,0,2025-11-24,0.9,4937.45,1153.3399999999983,berlinda,3,3.0,12168.130000000001,11966.008696,16.87403765265026,87.04819277108435,Crítico,🟢 Abaixo viável,
ILC3209,Especial-ILC-hotel-TOP-1Q,Especial,SC,"Florianópolis, SC","Florianópolis, SC, Jurerê Internacional",0,1445,9887.43,30,11771.46,2025-11,0.6,0.7857,18,30,700.0,465.0,1,0,2025-11-24,0.84,0.0,1884.0299999999988,berlinda,1,5.0,10352.43,10166.43,14.88471183693441,82.53012048192771,Crítico,🟠 Abaixo precisa esforço,
NWT0618,Especial-NWT-apartamento-TOP-1Q,Carteira 5,AL,"Maceió, AL","Maceió, AL, Pajuçara",1,215,4369.35,43,5085.72,2025-11,0.6207,0.6637,18,30,279.56,250.0,3,0,2025-11-24,0.86,279.56,716.3699999999999,berlinda,3,3.0,5119.35,4834.875,11.738259282854735,73.79518072289156,Alta,🟠 Abaixo precisa esforço,
VGZ0007,Imbituba-Praia_do_Rosa-casa-SUP-1Q,Carteira 6,SC,"Imbituba, SC","Imbituba, SC, Ibiraquera",9,620,2297.18,44,2841.89,2025-11,0.8095,0.4208,17,30,167.29,110.0,2,0,2025-11-24,0.81,1505.61,544.71,berlinda,2,5.0,2517.18,2475.27,4.216778270798659,17.16867469879518,Baixa,🟠 Abaixo precisa esforço,
NOR0203,Brasilia-Asa_Norte-apartamento-SUP-1Q,Carteira 1_sys-price,DF,"Brasília, DF","Brasília, DF, Asa Norte",1,767,3883.84,142,4078.89,2025-11,0.8621,0.8171,25,30,199.24,,0,0,2025-11-24,0.95,199.24,195.04999999999973,berlinda,0,0.0,,,,,Baixa,🔴 Abaixo inviável,
PRV1003,Salvador-Barra-apartamento-SUP-1Q,Carteira 2,BA,"Salvador, BA","Salvador, BA, Barra",0,387,3577.8,212,4248.24,2025-11,0.7333,0.7112,22,30,187.91,130.0,1,0,2025-11-24,0.84,0.0,670.4399999999996,berlinda,1,6.0,3707.8,3673.1290000000004,3.419345423045777,9.939759036144578,Baixa,🟠 Abaixo precisa esforço,
VLR801,Florianopolis-Centrao-apartamento-JR-1Q,Carteira 4,SC,"Florianópolis, SC","Florianópolis, SC, Centro",0,1230,3254.69,72,3484.62,2025-11,0.8667,0.6339,26,30,146.5,,0,0,2025-11-24,0.93,0.0,229.92999999999984,berlinda,0,0.0,,,,,Baixa,🔴 Abaixo inviável,
CCS0205,Florianopolis-Campeche_Praia-apartamento-TOP-1Q,Carteira 1,SC,"Florianópolis, SC","Florianópolis, SC, Campeche",1,617,4434.86,12,5066.98,2025-11,0.8276,0.7226,24,30,214.21,213.0,1,0,2025-11-24,0.88,214.21,632.1199999999999,berlinda,1,3.0,4647.86,4611.1388,8.85744960509021,60.54216867469879,Alta,🟠 Abaixo precisa esforço,
DLH0105,Gramado-Centro-apartamento-TOP-2Q,Carteira 4,RS,"Gramado, RS","Gramado, RS, Centro",1,451,11047.08,55,11231.9,2025-11,0.7931,0.7261,23,30,606.22,,0,0,2025-11-24,0.98,606.22,184.8199999999997,berlinda,0,0.0,,,,,Baixa,🔴 Abaixo inviável,
HAI406,Salvador-Centro-apartamento-JR-1Q,Carteira 2,BA,"Salvador, BA","Salvador, BA, Centro",0,460,1997.61,28,2355.51,2025-11,0.5333,0.7039,16,30,150.0,111.0,3,0,2025-11-24,0.85,0.0,357.9000000000003,berlinda,3,4.0,2330.6099999999997,2175.1989,4.216379892252633,16.867469879518072,Baixa,🟠 Abaixo precisa esforço,
JBV106,Especial-JBV-hotel-JR-1Q,Especial,SC,"Florianópolis, SC","Florianópolis, SC, Jurerê",4,1698,9497.75,27,10333.97,2025-11,0.9231,0.693,24,30,502.96,,0,0,2025-11-24,0.92,2011.84,836.2199999999993,berlinda,0,0.0,,,,,Baixa,🔴 Abaixo inviável,
JFM0062,Florianopolis-Beira_Mar-apartamento-JR-3Q,Carteira 4,SC,"Florianópolis, SC","Florianópolis, SC, Centro",0,235,4564.91,16,4817.34,2025-11,0.6333,0.5958,19,30,300.16,201.0,3,0,2025-11-24,0.95,0.0,252.4300000000003,berlinda,3,2.0,5167.91,4946.7899,5.266228873195587,31.626506024096386,Média,🟢 Abaixo viável,
RAP0306,Florianopolis-Campeche_Praia-apartamento-SUP-1Q,Carteira 1,SC,"Florianópolis, SC","Florianópolis, SC, Campeche",8,330,2837.36,11,3052.35,2025-11,0.6818,0.7176,15,30,230.27,234.2,5,0,2025-11-24,0.93,1842.16,214.98999999999978,berlinda,5,1.0,4008.36,3635.7478,16.495702655331122,85.54216867469879,Crítico,🟢 Abaixo viável,
SCO0003,Florianopolis-Campeche-apartamento-JR-1Q,Carteira 1,SC,"Florianópolis, SC","Florianópolis, SC, Campeche",9,207,1793.04,28,2204.41,2025-11,0.619,0.6439,13,30,164.31,136.0,1,0,2025-11-24,0.81,1478.79,411.3699999999999,berlinda,1,4.0,1929.04,1877.224,6.344817887779495,40.963855421686745,Média,🟠 Abaixo precisa esforço,
COB0710,Sao_Paulo-Brooklin-apartamento-SUP-1Q,Carteira 4,SP,"São Paulo, SP","São Paulo, SP, Santo Amaro",0,32,3799.85,299,4501.61,2025-11,0.5667,0.7158,17,30,223.64,150.0,2,0,2025-11-24,0.84,0.0,701.7599999999998,berlinda,2,5.0,4099.85,3969.8599999999997,4.676726771088573,22.590361445783135,Média,🟠 Abaixo precisa esforço,
ISC1511,Sao_Paulo-Republica-apartamento-TOP-1Q,Carteira 4,SP,"São Paulo, SP","São Paulo, SP, Vila Buarque",0,499,4125.21,105,4584.01,2025-11,0.7667,0.7373,23,30,214.29,,0,0,2025-11-24,0.9,0.0,458.8000000000002,berlinda,0,0.0,,,,,Baixa,🔴 Abaixo inviável,
JBV173,Especial-JBV-hotel-JR-1Q,Especial,SC,"Florianópolis, SC","Florianópolis, SC, Jurerê",0,1698,9527.68,27,10333.97,2025-11,0.8333,0.693,25,30,487.04,,0,0,2025-11-24,0.92,0.0,806.289999999999,berlinda,0,0.0,,,,,Baixa,🔴 Abaixo inviável,
JBV179,Especial-JBV-hotel-JR-1Q,Especial,SC,"Florianópolis, SC","Florianópolis, SC, Jurerê",3,789,9344.92,27,10333.97,2025-11,0.7037,0.693,19,30,704.11,370.0,1,0,2025-11-24,0.9,2112.33,989.0499999999993,berlinda,1,3.0,9714.92,9605.289,11.804063039986882,74.09638554216868,Alta,🟠 Abaixo precisa esforço,
ROT1001,Itapema-Meia_Praia-Sul-apartamento-JR-2Q,Carteira 6,SC,"Itapema, SC","Itapema, SC, Meia Praia",9,676,1876.79,19,2238.48,2025-11,0.5714,0.5187,12,30,169.0,110.0,1,0,2025-11-24,0.84,1521.0,361.69000000000005,berlinda,1,4.0,1986.79,1939.644,4.443405793216827,19.27710843373494,Baixa,🟠 Abaixo precisa esforço,
BLB1501,Salvador-Barra-apartamento-SUP-1Q,Carteira 2,BA,"Salvador, BA","Salvador, BA, Barra",3,1,3702.96,212,4248.24,2025-11,0.8519,0.7112,23,30,194.87,,0,0,2025-11-24,0.87,584.61,545.2799999999997,berlinda,0,0.0,,,,,Baixa,🔴 Abaixo inviável,
EJF0702,Balneario_Camboriu-Intermediario-apartamento-SUP-2Q,Carteira 6,SC,"Balneário Camboriú, SC","Balneário Camboriú, SC, Centro",8,689,3394.9,93,3620.15,2025-11,0.9091,0.5008,20,30,221.95,,0,0,2025-11-24,0.94,1775.6,225.25,berlinda,0,0.0,,,,,Baixa,🔴 Abaixo inviável,
ETE0304,Maceio-Ponta_Verde-apartamento-TOP-1Q,Carteira 2,AL,"Maceió, AL","Maceió, AL, Pajuçara",0,522,4347.25,126,4914.91,2025-11,0.7667,0.7641,23,30,272.48,216.0,5,0,2025-11-24,0.88,0.0,567.6599999999999,berlinda,5,3.0,5427.25,5175.286,8.315822670201488,56.024096385542165,Alta,🟢 Abaixo viável,
JBN0043,Sao_Paulo-Brooklin-apartamento-SUP-1Q,Carteira 4,SP,"São Paulo, SP","São Paulo, SP, Brooklin",0,316,4126.34,299,4501.61,2025-11,0.7667,0.7158,23,30,211.22,155.5,2,0,2025-11-24,0.92,0.0,375.2699999999995,berlinda,2,3.0,4437.34,4364.7837,4.321008483631406,18.67469879518072,Baixa,🟠 Abaixo precisa esforço,
RUD0047,Porto_Seguro-Pataxos-casa-TOP-3Q,Carteira 2,BA,"Porto Seguro, BA","Porto Seguro, BA, Taperapuan",10,348,3404.01,10,3821.84,2025-11,0.45,0.296,9,30,446.67,,0,0,2025-11-24,0.89,4466.7,417.8299999999999,berlinda,0,0.0,,,,,Baixa,🔴 Abaixo inviável,
SAT0012,Sao_Paulo-Vila_Olimpia-apartamento-SUP-1Q,Carteira 4,SP,"São Paulo, SP","São Paulo, SP, Itaim Bibi",5,201,5502.9,308,6486.71,2025-11,0.88,0.7113,22,30,324.23,,0,0,2025-11-24,0.85,1621.15,983.8100000000004,berlinda,0,0.0,,,,,Baixa,🔴 Abaixo inviável,
SLC0204,Florianopolis-Rio_Vermelho-apartamento-JR-1Q,Carteira 1,SC,"Florianópolis, SC","Florianópolis, SC, Ingleses do Rio Vermelho",0,318,2364.6,21,2656.73,2025-11,0.8,0.5306,24,30,110.29,157.33,6,0,2025-11-24,0.89,0.0,292.1300000000001,berlinda,6,2.0,3308.58,3119.784,8.649884049188291,59.63855421686747,Alta,🟢 Abaixo viável,
ABY40012,Sao_Paulo-Pompeia-apartamento-SUP-1Q,Carteira 4,SP,"São Paulo, SP","São Paulo, SP, Perdizes",1,31,3263.19,71,3769.75,2025-11,0.8621,0.5545,25,30,165.52,142.0,1,0,2025-11-24,0.87,165.52,506.55999999999995,berlinda,1,4.0,3405.19,3385.6082,4.770311028582796,23.795180722891565,Média,🟠 Abaixo precisa esforço,
MCA0609,Balneario_Picarras-Geral-casa-JR-2Q,Carteira 6,SC,"Balneário Piçarras, SC","Balneário Piçarras, SC, Itacolomi",0,345,2128.71,12,2152.64,2025-11,0.6333,0.363,19,30,143.68,,0,0,2025-11-24,0.99,0.0,23.929999999999836,berlinda,0,0.0,,,,,Baixa,🔴 Abaixo inviável,
PLO0010,Jaguaruna-Camacho-apartamento-SUP-1Q,Carteira 6,SC,"Jaguaruna, SC","Jaguaruna, SC, Centro",0,22,862.65,14,1077.87,2025-11,0.3333,0.2759,10,30,108.7,93.5,4,0,2025-11-24,0.8,0.0,215.2199999999999,berlinda,4,3.0,1236.65,987.3041999999999,6.223097405067401,40.06024096385542,Média,🟠 Abaixo precisa esforço,
RGP208,Florianopolis-Jurere_Tradicional-apartamento-JR-2Q,Carteira 1,SC,"Florianópolis, SC","Florianópolis, SC, Jurerê",0,1484,3743.45,28,4499.33,2025-11,0.4,0.636,12,30,366.17,263.67,6,0,2025-11-24,0.83,0.0,755.8800000000001,berlinda,6,3.0,5325.469999999999,4376.258,14.765374666894845,81.92771084337349,Crítico,🟠 Abaixo precisa esforço,
WSH0407,Curitiba-Batel-apartamento-SUP-1Q,Carteira 4,PR,"Curitiba, PR","Curitiba, PR, Bigorrilho",0,18,3605.25,200,3688.58,2025-11,0.9333,0.6794,28,30,166.86,130.0,1,0,2025-11-24,0.98,0.0,83.32999999999993,berlinda,1,1.0,3735.25,3726.579,2.936875437160097,5.120481927710843,Baixa,🟢 Abaixo viável,
ATB2014,Sao_Paulo-Brooklin-apartamento-JR-1Q,Carteira 4,SP,"São Paulo, SP","São Paulo, SP, Jardim das Acacias",0,213,3447.43,46,4249.57,2025-11,0.8333,0.6984,25,30,180.0,174.67,3,0,2025-11-24,0.81,0.0,802.1399999999999,berlinda,3,5.0,3971.4399999999996,3884.087533,6.594069225827551,43.674698795180724,Média,🟠 Abaixo precisa esforço,
DBH0804,Guarapari-Praia_do_Morro-apartamento-JR-3Q,Carteira 4,ES,"Guarapari, ES","Guarapari, ES, Praia do Morro",0,61,1662.09,54,1948.64,2025-11,0.3667,0.3935,11,30,183.91,151.8,5,0,2025-11-24,0.85,0.0,286.5500000000002,berlinda,5,2.0,2421.09,1940.4153,11.161191908202655,71.08433734939759,Alta,🟠 Abaixo precisa esforço,
DLH0303,Gramado-Centro-apartamento-TOP-2Q,Carteira 4,RS,"Gramado, RS","Gramado, RS, Centro",0,521,10062.55,55,11231.9,2025-11,0.7333,0.7261,22,30,632.0,,0,0,2025-11-24,0.9,0.0,1169.3500000000004,berlinda,0,0.0,,,,,Baixa,🔴 Abaixo inviável,
NWT0703,Especial-NWT-apartamento-TOP-1Q,Carteira 5,AL,"Maceió, AL","Maceió, AL, Pajuçara",0,185,4791.91,43,5085.72,2025-11,0.6333,0.6637,19,30,310.53,280.0,2,0,2025-11-24,0.94,0.0,293.8100000000004,berlinda,2,2.0,5351.91,5146.558,8.08801900222585,54.51807228915663,Alta,🟢 Abaixo viável,
RUP0101,Blumenau-Central-apartamento-SUP-1Q,Carteira 4,SC,"Blumenau, SC","Blumenau, SC, Escola Agrícola",1,465,1335.7,67,1442.36,2025-11,0.4483,0.3663,13,30,121.54,122.67,6,0,2025-11-24,0.93,121.54,106.65999999999985,berlinda,6,1.0,2071.7200000000003,1665.657766,9.071232008652476,62.048192771084345,Alta,🟢 Abaixo viável,
SPJ0102,Especial-SPJ-apartamento-TOP-1Q,Carteira 5,SC,"Florianópolis, SC","Florianópolis, SC, Jurerê",0,210,5418.97,16,6452.9,2025-11,0.7,0.7069,21,30,335.52,233.5,2,0,2025-11-24,0.84,0.0,1033.9299999999994,berlinda,2,5.0,5885.97,5745.87,7.482609524399878,51.204819277108435,Alta,🟠 Abaixo precisa esforço,
SPJ0203,Especial-SPJ-apartamento-TOP-1Q,Carteira 5,SC,"Florianópolis, SC","Florianópolis, SC, Jurerê",0,518,6085.35,16,6452.9,2025-11,0.6667,0.7069,20,30,359.25,227.0,3,0,2025-11-24,0.94,0.0,367.5499999999993,berlinda,3,2.0,6766.35,6539.3727,6.46483364068867,42.77108433734939,Média,🟢 Abaixo viável,
SPJ0404,Especial-SPJ-apartamento-TOP-1Q,Carteira 5,SC,"Florianópolis, SC","Florianópolis, SC, Jurerê",4,516,5271.44,16,6452.9,2025-11,0.7308,0.7069,19,30,304.67,,0,0,2025-11-24,0.82,1218.68,1181.46,berlinda,0,0.0,,,,,Baixa,🔴 Abaixo inviável,
TCO1210,Porto_Alegre-Centro_Historico-apartamento-SUP-1Q,Carteira 4,RS,"Porto Alegre, RS","Porto Alegre, RS, Centro Histórico",0,509,2170.72,77,2393.45,2025-11,0.7,0.6126,21,30,129.71,,0,0,2025-11-24,0.91,0.0,222.73000000000002,berlinda,0,0.0,,,,,Baixa,🔴 Abaixo inviável,
MHE213,Florianopolis-Cachoeira_Bom_Jesus-apartamento-MASTER-2Q,Carteira 1,SC,"Florianópolis, SC","Florianópolis, SC, Cachoeira do Bom Jesus",5,617,5773.21,14,6029.28,2025-11,0.44,0.659,11,30,622.27,333.0,2,0,2025-11-24,0.96,3111.35,256.0699999999997,berlinda,2,1.0,6439.21,6066.25,14.142867805111042,81.32530120481928,Crítico,🟢 Abaixo viável,
NBL0910,Porto_Alegre-Jardim_Botanico-apartamento-SUP-1Q,Carteira 4,RS,"Porto Alegre, RS","Porto Alegre, RS, Santa Cecília",0,702,2033.84,68,2372.5,2025-11,0.5667,0.5342,17,30,143.06,131.33,3,0,2025-11-24,0.86,0.0,338.6600000000001,berlinda,3,3.0,2427.83,2257.114133,6.248853923428172,40.36144578313253,Média,🟠 Abaixo precisa esforço,
ONJ2612,Sao_Paulo-Moema-apartamento-TOP-1Q,Carteira 4,SP,"São Paulo, SP","São Paulo, SP, Indianópolis",2,273,4481.86,107,5536.9,2025-11,0.6786,0.7669,19,30,292.11,208.8,5,0,2025-11-24,0.81,584.22,1055.04,berlinda,5,6.0,5525.86,5190.3184,6.631037584207771,44.57831325301205,Média,🟠 Abaixo precisa esforço,
PSJ0304,Florianopolis-Jurere_Tradicional-apartamento-SUP-2Q,Carteira 1,SC,"Florianópolis, SC","Florianópolis, SC, Jurerê",3,316,5186.46,17,5832.42,2025-11,0.6667,0.5256,18,30,374.5,282.0,1,0,2025-11-24,0.89,1123.5,645.96,berlinda,1,3.0,5468.46,5374.4694,10.410814036026213,69.57831325301204,Alta,🟠 Abaixo precisa esforço,
RSU3842,Penha-Longe-apartamento-SUP-3Q,Carteira 6,SC,"Penha, SC","Penha, SC, Gravatá",0,303,3500.22,18,3726.01,2025-11,0.5333,0.3771,16,30,284.88,,0,0,2025-11-24,0.94,0.0,225.79000000000042,berlinda,0,0.0,,,,,Baixa,🔴 Abaixo inviável,
TCO0811,Porto_Alegre-Centro_Historico-apartamento-SUP-1Q,Carteira 4,RS,"Porto Alegre, RS","Porto Alegre, RS, Centro Histórico",1,499,2362.11,77,2393.45,2025-11,0.8276,0.6126,24,30,124.17,120.0,2,0,2025-11-24,0.99,124.17,31.33999999999969,berlinda,2,1.0,2602.11,2560.734,1.5712883076730089,1.5060240963855422,Baixa,🟢 Abaixo viável,
TXP1803,Goiania-Central-apartamento-SUP-1Q,Carteira 1_sys-price,GO,"Goiânia, GO","Goiânia, GO, Setor Bueno",1,471,2350.0,162,2535.55,2025-11,0.6207,0.5616,18,30,151.44,147.0,4,0,2025-11-24,0.93,151.44,185.55000000000018,berlinda,4,2.0,2938.0,2714.9716,5.3786850979077565,33.433734939759034,Média,🟢 Abaixo viável,
ETE0308,Maceio-Ponta_Verde-apartamento-TOP-1Q,Carteira 2,AL,"Maceió, AL","Maceió, AL, Pajuçara",2,395,4130.74,126,4914.91,2025-11,0.8571,0.7641,24,30,209.33,195.0,1,0,2025-11-24,0.84,418.66,784.1700000000001,berlinda,1,5.0,4325.74,4297.8745,6.222419128732776,39.75903614457831,Média,🟠 Abaixo precisa esforço,
GDP0107,Brasilia-Asa_Sul-apartamento-SUP-1Q,Carteira 1_sys-price,DF,"Brasília, DF","Brasília, DF, Asa Sul",1,645,4125.95,142,4188.45,2025-11,0.6897,0.8532,20,30,260.95,196.0,1,0,2025-11-24,0.99,260.95,62.5,berlinda,1,1.0,4321.95,4261.1312,2.924709618116487,4.819277108433735,Baixa,🟢 Abaixo viável,
OGD0401,Florianopolis-Beira_Mar-apartamento-TOP-1Q,Carteira 4,SC,"Florianópolis, SC","Florianópolis, SC, Centro",0,248,5159.76,19,6378.82,2025-11,0.7667,0.7167,23,30,279.13,180.0,3,0,2025-11-24,0.81,0.0,1219.0599999999995,berlinda,3,7.0,5699.76,5573.778,4.914272097795066,25.903614457831324,Média,🟠 Abaixo precisa esforço,
SPJ0106,Especial-SPJ-apartamento-TOP-1Q,Carteira 5,SC,"Florianópolis, SC","Florianópolis, SC, Jurerê",0,310,5476.78,16,6452.9,2025-11,0.7333,0.7069,22,30,308.32,252.0,3,0,2025-11-24,0.85,0.0,976.1199999999999,berlinda,3,4.0,6232.78,6031.154799999999,9.529910582838724,66.26506024096386,Alta,🟠 Abaixo precisa esforço,
ZNB1304,Salvador-Barra-apartamento-SUP-1Q,Carteira 2,BA,"Salvador, BA","Salvador, BA, Barra",7,172,3515.44,212,4248.24,2025-11,1.0,0.7112,23,30,200.35,,0,0,2025-11-24,0.83,1402.45,732.7999999999997,berlinda,0,0.0,,,,,Baixa,🔴 Abaixo inviável,
ILC1211,Especial-ILC-hotel-JR-1Q,Especial,SC,"Florianópolis, SC","Florianópolis, SC, Jurerê Internacional",0,1971,8928.49,17,10796.7,2025-11,0.6,0.6721,18,30,605.33,469.5,4,0,2025-11-24,0.83,0.0,1868.210000000001,berlinda,4,4.0,10806.49,10055.289999999999,20.310015907638455,90.66265060240963,Crítico,🟠 Abaixo precisa esforço,
VLR403,Florianopolis-Centrao-apartamento-SUP-1Q,Carteira 4,SC,"Florianópolis, SC","Florianópolis, SC, Centro",5,590,3729.17,127,3977.15,2025-11,0.88,0.5706,22,30,257.32,,0,0,2025-11-24,0.94,1286.6,247.98000000000002,berlinda,0,0.0,,,,,Baixa,🔴 Abaixo inviável,
CMT0404,Florianopolis-UFSC-apartamento-SUP-3Q,Carteira 4,SC,"Florianópolis, SC","Florianópolis, SC, Córrego Grande",1,260,4326.59,16,4535.03,2025-11,0.5172,0.5522,15,30,374.27,218.0,3,0,2025-11-24,0.95,374.27,208.4399999999996,berlinda,3,1.0,4980.59,4664.8388,10.019761721532142,68.07228915662651,Alta,🟢 Abaixo viável,
DPR0007,Balneario_Camboriu-Sul-apartamento-JR-2Q,Carteira 6,SC,"Balneário Camboriú, SC","Balneário Camboriú, SC, Barra",6,249,2592.78,200,3226.57,2025-11,0.7917,0.5683,19,30,158.74,132.33,3,0,2025-11-24,0.8,952.44,633.79,berlinda,3,5.0,2989.7700000000004,2907.0769830000004,5.198674177222253,30.72289156626506,Média,🟠 Abaixo precisa esforço,
EDA0001,Curitiba-Centro-apartamento-SUP-1Q,Carteira 4,PR,"Curitiba, PR","Curitiba, PR, Centro",0,107,2636.22,513,2873.2,2025-11,0.6,0.6692,18,30,172.89,130.0,4,0,2025-11-24,0.92,0.0,236.98000000000002,berlinda,4,2.0,3156.22,2948.22,5.361165251287764,32.831325301204814,Média,🟢 Abaixo viável,
ILC4104,Especial-ILC-hotel-JR-1Q,Especial,SC,"Florianópolis, SC","Florianópolis, SC, Jurerê Internacional",3,1005,10168.91,17,10796.7,2025-11,0.7407,0.6721,20,30,585.7,,0,0,2025-11-24,0.94,1757.1000000000001,627.7900000000009,berlinda,0,0.0,,,,,Baixa,🔴 Abaixo inviável,
PRB0405,Florianopolis-Jurere_Tradicional-apartamento-TOP-2Q,Carteira 1,SC,"Florianópolis, SC","Florianópolis, SC, Jurerê",0,261,10163.04,20,10464.65,2025-11,0.7667,0.6843,23,30,630.74,,0,0,2025-11-24,0.97,0.0,301.60999999999876,berlinda,0,0.0,,,,,Baixa,🔴 Abaixo inviável,
NGO0002,Pocos_de_Caldas-Geral-apartamento-SUP-1Q,Carteira 4,MG,"Poços de Caldas, MG","Poços de Caldas, MG, São Benedito",7,150,1517.06,32,1790.89,2025-11,0.5217,0.4244,12,30,143.67,,0,0,2025-11-24,0.85,1005.6899999999999,273.83000000000015,berlinda,0,0.0,,,,,Baixa,🔴 Abaixo inviável,
RJE0980,Gramado-Geral-casa-JR-4Q,Carteira 4,RS,"Gramado, RS","Gramado, RS, Casa Grande",7,394,6360.59,10,7882.6,2025-11,0.6087,0.5221,14,30,606.07,358.33,6,0,2025-11-24,0.81,4242.490000000001,1522.0100000000002,berlinda,6,5.0,8510.57,7669.282826000001,13.837613054068454,80.42168674698796,Crítico,🟠 Abaixo precisa esforço,
CVE402,Guarapari-Praia_do_Morro-apartamento-JR-3Q,Carteira 4,ES,"Guarapari, ES","Guarapari, ES, Praia do Morro",4,620,1733.19,54,1948.64,2025-11,0.3462,0.3935,9,30,219.56,156.0,4,0,2025-11-24,0.89,878.24,215.45000000000005,berlinda,4,2.0,2357.19,1949.2188,8.624014697430004,58.734939759036145,Alta,🟢 Abaixo viável,
IBY1613,Sao_Paulo-Moema-apartamento-TOP-1Q,Carteira 4,SP,"São Paulo, SP","São Paulo, SP, Indianópolis",0,269,5209.25,107,5536.9,2025-11,0.8667,0.7669,26,30,240.69,,0,0,2025-11-24,0.94,0.0,327.64999999999964,berlinda,0,0.0,,,,,Baixa,🔴 Abaixo inviável,
NXO0603,Sao_Paulo-Bela_Vista-apartamento-SUP-1Q,Carteira 4_sys-price,SP,"São Paulo, SP","São Paulo, SP, Consolação",0,444,3897.84,605,4142.47,2025-11,0.8333,0.7186,25,30,197.76,,0,0,2025-11-24,0.94,0.0,244.6300000000001,berlinda,0,0.0,,,,,Baixa,🔴 Abaixo inviável,
CTD0302,Penha-Longe-apartamento-JR-2Q,Carteira 6,SC,"Penha, SC","Penha, SC, Centro",0,176,2217.68,25,2369.86,2025-11,0.7333,0.5,22,30,125.77,144.0,2,0,2025-11-24,0.94,0.0,152.1800000000003,berlinda,2,2.0,2505.68,2428.8704,4.623462989374908,21.385542168674696,Média,🟢 Abaixo viável,
ONP2021,Sao_Paulo-Bela_Vista-apartamento-SUP-1Q,Carteira 4_sys-price,SP,"São Paulo, SP","São Paulo, SP, Paraíso",5,170,3839.81,605,4142.47,2025-11,0.88,0.7186,22,30,207.73,150.0,3,0,2025-11-24,0.93,1038.6499999999999,302.6600000000003,berlinda,3,3.0,4289.8099999999995,4235.8099999999995,3.6531344825671637,11.44578313253012,Baixa,🟢 Abaixo viável,
RTQ0009,Mata_de_Sao_Joao-Praia_Imbassai-casa-SUP-2Q,Carteira 2,BA,"Mata de São João, BA","Mata de São João, BA, Imbassaí",24,165,2744.52,14,3078.88,2025-11,1.0,0.4813,6,30,561.0,,0,24,2025-11-24,0.89,13464.0,334.3600000000001,berlinda,0,0.0,,,,,Baixa,🔴 Abaixo inviável,
RVR0506,Florianopolis-UFSC-apartamento-SUP-1Q,Carteira 4,SC,"Florianópolis, SC","Florianópolis, SC, Pantanal",1,723,3443.28,45,3461.85,2025-11,0.6897,0.6721,20,30,188.35,160.5,2,0,2025-11-24,0.99,188.35,18.56999999999971,berlinda,2,1.0,3764.28,3664.6737000000003,0.8609515143636939,0.30120481927710846,Baixa,🟢 Abaixo viável,
SDR008,Florianopolis-Lagoa-apartamento-SUP-1Q,Carteira 1,SC,"Florianópolis, SC","Florianópolis, SC, Lagoa da Conceição",0,1522,3170.82,27,3747.01,2025-11,0.7333,0.7398,22,30,182.5,161.0,3,0,2025-11-24,0.85,0.0,576.19,berlinda,3,4.0,3653.82,3525.0039,6.189374327797364,39.45783132530121,Média,🟠 Abaixo precisa esforço,
VST008,Especial-VST-casa-TOP-1Q,Carteira 5,SC,"Anitápolis, SC","Anitápolis, SC, Rio dos Pinheiros",1,488,3187.34,54,3890.57,2025-11,0.6552,0.3016,19,30,214.16,254.25,4,0,2025-11-24,0.82,214.16,703.23,berlinda,4,3.0,4204.34,3853.6784000000002,15.318768843639877,83.73493975903614,Crítico,🟠 Abaixo precisa esforço,
ACI0320,Salvador-Ondina_Rio_Vermelho-apartamento-JR-1Q,Carteira 2,BA,"Salvador, BA","Salvador, BA, Ondina",2,54,2584.88,64,2833.13,2025-11,0.7143,0.7084,20,30,161.7,,0,0,2025-11-24,0.91,323.4,248.25,berlinda,0,0.0,,,,,Baixa,🔴 Abaixo inviável,
CGB0035,Ubatuba-Praia_Grande-apartamento-SUP-2Q,Carteira 4,SP,"Ubatuba, SP","Ubatuba, SP, Praia Grande",6,60,4543.09,172,4694.97,2025-11,0.6667,0.4756,16,30,316.5,240.0,2,0,2025-11-24,0.97,1899.0,151.8800000000001,berlinda,2,1.0,5023.09,4863.106,7.763883475293777,53.6144578313253,Alta,🟢 Abaixo viável,
ILC2314,Especial-ILC-hotel-JR-1Q,Especial,SC,"Florianópolis, SC","Florianópolis, SC, Jurerê Internacional",0,1522,8752.49,17,10796.7,2025-11,0.5,0.6721,15,30,732.67,554.0,2,12,2025-11-24,0.81,0.0,2044.210000000001,berlinda,2,4.0,9860.49,9306.49,26.22311308084879,96.3855421686747,Crítico,🟠 Abaixo precisa esforço,
LVR0003,Campos_do_Jordao-Capivari_Centro-apartamento-SUP-2Q,Carteira 4,SP,"Campos do Jordão, SP","Campos do Jordão, SP, V Iara",0,199,3296.71,45,3750.48,2025-11,0.3667,0.3475,11,30,338.0,323.2,5,0,2025-11-24,0.88,0.0,453.77,berlinda,5,2.0,4912.71,3889.2972,19.551959215887035,89.45783132530121,Crítico,🟢 Abaixo viável,
STU309,Florianopolis-UFSC-apartamento-TOP-1Q,Carteira 4,SC,"Florianópolis, SC","Florianópolis, SC, Trindade",0,859,3585.32,17,3684.75,2025-11,0.6667,0.6764,20,30,213.5,177.33,3,0,2025-11-24,0.97,0.0,99.42999999999984,berlinda,3,1.0,4117.31,3939.997733,4.785106696519432,24.096385542168676,Média,🟢 Abaixo viável,
EJO0403,Florianopolis-Centrao-apartamento-JR-1Q,Carteira 4,SC,"Florianópolis, SC","Florianópolis, SC, Centro",1,393,3253.63,72,3484.62,2025-11,0.6552,0.6339,19,30,167.39,118.0,3,0,2025-11-24,0.93,167.39,230.98999999999978,berlinda,3,2.0,3607.63,3485.5708,3.9110175571511343,13.253012048192772,Baixa,🟢 Abaixo viável,
EMR302,Florianopolis-Jurere_Internacional-apartamento-SUP-2Q,Carteira 1,SC,"Florianópolis, SC","Florianópolis, SC, Jurerê Internacional",1,947,5144.92,29,6050.7,2025-11,0.6207,0.5818,18,30,325.61,241.0,1,0,2025-11-24,0.85,325.61,905.7799999999997,berlinda,1,4.0,5385.92,5294.5087,9.019327515824612,61.44578313253012,Alta,🟠 Abaixo precisa esforço,
VLO0504,Florianopolis-Jurere_Longe-apartamento-TOP-2Q,Carteira 1,SC,"Florianópolis, SC","Florianópolis, SC, Jurerê Internacional",5,358,7394.1,16,8083.58,2025-11,0.64,0.6861,16,30,526.12,495.0,2,0,2025-11-24,0.91,2630.6,689.4799999999996,berlinda,2,2.0,8384.1,8027.700000000001,21.1102382855121,91.26506024096386,Crítico,🟠 Abaixo precisa esforço,
ILC4202,Especial-ILC-hotel-TOP-1Q,Especial,SC,"Florianópolis, SC","Florianópolis, SC, Jurerê Internacional",0,1347,11609.37,30,11771.46,2025-11,0.7333,0.7857,22,30,668.14,497.0,3,0,2025-11-24,0.99,0.0,162.08999999999833,berlinda,3,1.0,13100.37,12702.7203,6.84356316038955,45.78313253012048,Média,🟢 Abaixo viável,
CED0107,Brasilia-Asa_Sul-apartamento-SUP-1Q,Carteira 1_sys-price,DF,"Brasília, DF","Brasília, DF, Setor Sudoeste",0,65,4005.24,142,4188.45,2025-11,0.8333,0.8532,25,30,206.84,197.0,1,0,2025-11-24,0.96,0.0,183.21000000000004,berlinda,1,1.0,4202.24,4169.4001,8.617118504458691,58.43373493975904,Alta,🟠 Abaixo precisa esforço,
EBI0603,Curitiba-Jardim_Botanico-apartamento-SUP-1Q,Carteira 4,PR,"Curitiba, PR","Curitiba, PR, Prado Velho",0,170,3071.97,18,3398.73,2025-11,0.8667,0.7619,26,30,141.08,126.0,1,0,2025-11-24,0.9,0.0,326.7600000000002,berlinda,1,3.0,3197.97,3181.1742,4.03795535391161,15.060240963855422,Baixa,🟠 Abaixo precisa esforço,
IAA0503,Recife-Boa_Viagem-apartamento-TOP-1Q,Carteira 2,PE,"Recife, PE","Recife, PE, Boa Viagem",0,598,4397.83,40,4981.09,2025-11,0.7667,0.8137,23,30,225.65,213.33,3,0,2025-11-24,0.88,0.0,583.2600000000002,berlinda,3,3.0,5037.82,4888.510333,8.326614977846212,56.325301204819276,Alta,🟠 Abaixo precisa esforço,
SLI0715,Maceio-Ponta_Verde-apartamento-TOP-2Q,Carteira 2,AL,"Maceió, AL","Maceió, AL, Ponta Verde",0,264,5915.05,41,6602.53,2025-11,0.7667,0.7855,23,30,312.43,,0,0,2025-11-24,0.9,0.0,687.4799999999996,berlinda,0,0.0,,,,,Baixa,🔴 Abaixo inviável,
SMT0505,Salvador-Boca_do_Rio-apartamento-TOP-1Q,Carteira 2,BA,"Salvador, BA","Salvador, BA, Jardim Armação",0,87,3464.08,17,3548.18,2025-11,0.7,0.6989,21,30,206.24,166.0,2,0,2025-11-24,0.98,0.0,84.09999999999991,berlinda,2,1.0,3796.08,3696.48,3.9345805455191067,13.855421686746988,Baixa,🟢 Abaixo viável,
VGT0004,Ilheus-Sul-apartamento-JR-2Q,Carteira 2,BA,"Ilhéus, BA","Ilhéus, BA, São Francisco",4,459,1354.69,17,1516.32,2025-11,0.5385,0.3782,14,30,117.21,120.0,2,5,2025-11-24,0.89,468.84,161.62999999999988,berlinda,2,2.0,1594.69,1483.93,6.395615701171252,41.86746987951807,Média,🟠 Abaixo precisa esforço,
DNAB1503,Goiania-Central-apartamento-SUP-1Q,Carteira 1_sys-price,GO,"Goiânia, GO","Goiânia, GO, Setor Bueno",1,772,2189.23,162,2535.55,2025-11,0.4828,0.5616,14,30,189.64,189.0,6,30,2025-11-24,0.86,189.64,346.32000000000016,berlinda,6,2.0,3323.23,2736.7252,12.907353434166163,76.80722891566265,Alta,🟢 Abaixo viável,
EDF1303,Salvador-Ondina_Rio_Vermelho-apartamento-TOP-1Q,Carteira 2,BA,"Salvador, BA","Salvador, BA, Rio Vermelho",1,8,3946.45,35,4613.2,2025-11,0.8621,0.7196,25,30,194.12,150.0,2,0,2025-11-24,0.86,194.12,666.75,berlinda,2,5.0,4246.45,4205.08,4.335927338940432,18.97590361445783,Baixa,🟠 Abaixo precisa esforço,
EUB1006,Salvador-Barra-apartamento-SUP-1Q,Carteira 2,BA,"Salvador, BA","Salvador, BA, Barra",0,262,3749.15,212,4248.24,2025-11,0.7,0.7112,21,30,198.15,,0,0,2025-11-24,0.88,0.0,499.0899999999997,berlinda,0,0.0,,,,,Baixa,🔴 Abaixo inviável,
CIA2313,Sao_Paulo-Vila_Olimpia-apartamento-TOP-1Q,Carteira 4_sys-price,SP,"São Paulo, SP","São Paulo, SP, Vila Olímpia",0,284,8535.0,99,10475.4,2025-11,0.8667,0.7628,26,30,403.46,407.0,1,0,2025-11-24,0.81,0.0,1940.3999999999996,berlinda,1,5.0,8942.0,8887.7469,15.078045707085167,83.43373493975903,Crítico,🟠 Abaixo precisa esforço,
ISM0806,Sao_Paulo-Moema-apartamento-SUP-1Q,Carteira 4_sys-price,SP,"São Paulo, SP","São Paulo, SP, Indianópolis",1,271,3541.31,611,4212.23,2025-11,0.6552,0.6801,19,30,226.63,158.25,4,0,2025-11-24,0.84,226.63,670.9199999999996,berlinda,4,5.0,4174.3099999999995,3956.0516,5.041181986738611,27.40963855421687,Média,🟠 Abaixo precisa esforço,
NIK0504,Sao_Paulo-Bela_Vista-apartamento-SUP-1Q,Carteira 4_sys-price,SP,"São Paulo, SP","São Paulo, SP, Bela Vista",0,53,3398.93,605,4142.47,2025-11,0.7,0.7186,21,30,183.62,152.0,2,0,2025-11-24,0.82,0.0,743.5400000000004,berlinda,2,5.0,3702.93,3611.73,5.456555147049952,34.036144578313255,Média,🟠 Abaixo precisa esforço,
RGF1406,Salvador-Flamengo-apartamento-TOP-1Q,Carteira 2,BA,"Salvador, BA","Salvador, BA, Itapuã",0,131,3279.97,32,3308.7,2025-11,0.7333,0.6487,22,30,169.59,157.5,4,0,2025-11-24,0.99,0.0,28.730000000000018,berlinda,4,1.0,3909.97,3741.9489999999996,1.3675990570314636,1.2048192771084338,Baixa,🟢 Abaixo viável,
ILH106,Florianopolis-Canasvieiras_Perto-apartamento-TOP-3Q,Carteira 1,SC,"Florianópolis, SC","Florianópolis, SC, Canasvieiras",11,799,5858.67,14,6923.46,2025-11,0.8421,0.6825,16,30,540.25,486.0,3,0,2025-11-24,0.85,5942.75,1064.79,berlinda,3,3.0,7316.67,7086.4518,24.914707386191296,95.18072289156626,Crítico,🟢 Abaixo viável,
MUT0034,Santa_Cruz_Cabralia-Coroa_Vermelha-apartamento-TOP-3Q,Carteira 2,BA,"Santa Cruz Cabrália, BA","Santa Cruz Cabrália, BA, Coroa Vermelha",4,232,5405.52,10,6171.48,2025-11,0.6923,0.6708,18,30,423.67,451.0,2,0,2025-11-24,0.88,1694.68,765.9599999999991,berlinda,2,2.0,6307.52,6029.9746000000005,27.987448715705117,96.98795180722891,Crítico,🟠 Abaixo precisa esforço,
BLB1306,Salvador-Barra-apartamento-SUP-1Q,Carteira 2,BA,"Salvador, BA","Salvador, BA, Barra",0,428,3607.66,212,4248.24,2025-11,0.6333,0.7112,19,30,192.7,130.0,1,0,2025-11-24,0.85,0.0,640.5799999999999,berlinda,1,5.0,3737.66,3689.989,3.920465887049696,13.55421686746988,Baixa,🟠 Abaixo precisa esforço,
CLF0204,Salvador-Flamengo-apartamento-SUP-1Q,Carteira 2,BA,"Salvador, BA","Salvador, BA, Stella Maris",3,16,2015.54,27,2248.21,2025-11,0.4074,0.4798,11,30,222.73,220.0,3,30,2025-11-24,0.9,668.1899999999999,232.67000000000007,berlinda,3,2.0,2675.54,2284.424,11.384034409596971,72.89156626506023,Alta,🟢 Abaixo viável,
DMS0106,Gramado-Centro-apartamento-TOP-2Q,Carteira 4,RS,"Gramado, RS","Gramado, RS, Bairro Belverede",1,136,10605.57,55,11231.9,2025-11,0.8276,0.7261,24,30,558.0,324.0,2,0,2025-11-24,0.94,558.0,626.3299999999999,berlinda,2,2.0,11253.57,11141.8548,9.033686197348622,61.74698795180723,Alta,🟠 Abaixo precisa esforço,
ERJ101,Balneario_Camboriu-Norte-apartamento-SIM-4Q,Carteira 6,SC,"Balneário Camboriú, SC","Balneário Camboriú, SC, Centro",13,772,3447.29,71,3659.42,2025-11,0.6471,0.4903,11,30,384.45,,0,0,2025-11-24,0.94,4997.849999999999,212.1300000000001,berlinda,0,0.0,,,,,Baixa,🔴 Abaixo inviável,
VLE001,Bombinhas-Mariscal-apartamento-JR-2Q,Carteira 6,SC,"Bombinhas, SC","Bombinhas, SC, Mariscal",0,1494,1683.36,12,1868.64,2025-11,0.2667,0.2244,8,30,204.75,198.0,6,24,2025-11-24,0.9,0.0,185.2800000000002,berlinda,6,1.0,2871.3599999999997,2000.1996,19.63216028769588,89.7590361445783,Crítico,🟢 Abaixo viável,
NWT0711,Especial-NWT-apartamento-TOP-1Q,Carteira 5,AL,"Maceió, AL","Maceió, AL, Pajuçara",0,185,4528.2,43,5085.72,2025-11,0.5667,0.6637,17,30,312.88,280.0,2,0,2025-11-24,0.89,0.0,557.5200000000004,berlinda,2,2.0,5088.2,4845.552,15.347443429838853,84.03614457831326,Crítico,🟠 Abaixo precisa esforço,
OKA124,Florianopolis-Campeche-apartamento-SUP-1Q,Carteira 1,SC,"Florianópolis, SC","Florianópolis, SC, Campeche",0,317,2987.52,28,3106.87,2025-11,0.5,0.6807,15,30,254.87,262.83,6,0,2025-11-24,0.96,0.0,119.34999999999991,berlinda,6,1.0,4564.5,3776.01,10.096579676652057,68.37349397590361,Alta,🟢 Abaixo viável,
TCR0913,Aguas_Claras-Geral-apartamento-JR-1Q,Carteira 1_sys-price,DF,"Brasília, DF","Brasília, DF, Taguatinga Sul",0,67,2540.89,100,2763.17,2025-11,0.6667,0.7487,20,30,157.05,173.0,2,0,2025-11-24,0.92,0.0,222.2800000000002,berlinda,2,2.0,2886.89,2771.5681999999997,6.958391991806518,46.68674698795181,Média,🟢 Abaixo viável,
ZNB1401,Salvador-Barra-apartamento-SUP-1Q,Carteira 2,BA,"Salvador, BA","Salvador, BA, Barra",1,1,3708.99,212,4248.24,2025-11,0.8276,0.7112,24,30,212.0,,0,0,2025-11-24,0.87,212.0,539.25,berlinda,0,0.0,,,,,Baixa,🔴 Abaixo inviável,
SPJ0305,Especial-SPJ-apartamento-TOP-1Q,Carteira 5,SC,"Florianópolis, SC","Florianópolis, SC, Jurerê",0,516,5485.15,16,6452.9,2025-11,0.7333,0.7069,22,30,311.27,252.0,3,0,2025-11-24,0.85,0.0,967.75,berlinda,3,4.0,6241.15,6039.524799999999,9.448193835329851,65.36144578313254,Alta,🟠 Abaixo precisa esforço,
TCO1115,Porto_Alegre-Centro_Historico-apartamento-SUP-1Q,Carteira 4,RS,"Porto Alegre, RS","Porto Alegre, RS, Centro Histórico",1,80,2329.66,77,2393.45,2025-11,0.6897,0.6126,20,30,132.4,125.0,1,0,2025-11-24,0.97,132.4,63.789999999999964,berlinda,1,1.0,2454.66,2415.8725,3.33148801938624,8.132530120481928,Baixa,🟢 Abaixo viável,
VST006,Especial-VST-casa-TOP-1Q,Carteira 5,SC,"Anitápolis, SC","Anitápolis, SC, Rio dos Pinheiros",2,488,3572.87,54,3890.57,2025-11,0.6429,0.3016,18,30,259.89,180.0,2,0,2025-11-24,0.92,519.78,317.7000000000003,berlinda,2,2.0,3932.87,3804.314,7.349308713119164,49.096385542168676,Média,🟠 Abaixo precisa esforço,
VST021,Especial-VST-casa-TOP-1Q,Carteira 5,SC,"Anitápolis, SC","Anitápolis, SC, Rio dos Pinheiros",2,485,3176.52,54,3890.57,2025-11,0.4643,0.3016,13,30,304.85,180.0,1,0,2025-11-24,0.82,609.7,714.0500000000002,berlinda,1,4.0,3356.52,3260.094,8.25900832011762,55.42168674698795,Alta,🟠 Abaixo precisa esforço,
BHE0405,Brasilia-Setor_Hoteleiro-apartamento-SUP-1Q,Carteira 1_sys-price,DF,"Brasília, DF","Brasília, DF, Asa Sul",3,39,5335.01,150,6578.15,2025-11,0.8519,0.7828,23,30,492.87,354.0,2,0,2025-11-24,0.81,1478.6100000000001,1243.1399999999994,berlinda,2,4.0,6043.01,5938.1552,16.724746319253885,86.14457831325302,Crítico,🟠 Abaixo precisa esforço,
NWT1123,Especial-NWT-apartamento-TOP-1Q,Carteira 5,AL,"Maceió, AL","Maceió, AL, Pajuçara",0,121,4459.13,43,5085.72,2025-11,0.5667,0.6637,17,30,301.06,280.0,2,0,2025-11-24,0.88,0.0,626.5900000000001,berlinda,2,3.0,5019.13,4776.482,11.499204308010142,73.49397590361446,Alta,🟠 Abaixo precisa esforço,
OAG0507,Sao_Paulo-Pinheiros-apartamento-TOP-1Q,Carteira 4_sys-price,SP,"São Paulo, SP","São Paulo, SP, Cerqueira César",4,155,5062.02,280,5571.86,2025-11,0.8077,0.7295,21,30,297.05,202.0,1,0,2025-11-24,0.91,1188.2,509.83999999999924,berlinda,1,3.0,5264.02,5225.1754,6.161178971953103,39.1566265060241,Média,🟠 Abaixo precisa esforço,
SPJ0302,Especial-SPJ-apartamento-TOP-1Q,Carteira 5,SC,"Florianópolis, SC","Florianópolis, SC, Jurerê",2,518,5959.34,16,6452.9,2025-11,0.8571,0.7069,24,30,324.79,,0,0,2025-11-24,0.92,649.58,493.5599999999995,berlinda,0,0.0,,,,,Baixa,🔴 Abaixo inviável,
THK0502,Sao_Paulo-Republica-apartamento-SUP-1Q,Carteira 4_sys-price,SP,"São Paulo, SP","São Paulo, SP, República",0,82,3193.04,470,3552.85,2025-11,0.8,0.7444,24,30,156.92,138.0,1,0,2025-11-24,0.9,0.0,359.80999999999995,berlinda,1,3.0,3331.04,3303.44,4.658586768369055,21.987951807228914,Média,🟠 Abaixo precisa esforço,
RGP302,Florianopolis-Jurere_Tradicional-apartamento-SUP-2Q,Carteira 1,SC,"Florianópolis, SC","Florianópolis, SC, Jurerê",0,571,5626.35,17,5832.42,2025-11,0.6667,0.5256,20,30,360.4,268.0,2,0,2025-11-24,0.96,0.0,206.0699999999997,berlinda,2,1.0,6162.35,5983.7012,9.468927134877104,65.66265060240963,Alta,🟢 Abaixo viável,
ZNB1604,Salvador-Barra-apartamento-SUP-1Q,Carteira 2,BA,"Salvador, BA","Salvador, BA, Barra",1,1,3467.4,212,4248.24,2025-11,0.7586,0.7112,22,30,207.91,130.0,2,0,2025-11-24,0.82,207.91,780.8399999999997,berlinda,2,7.0,3727.4,3664.636,3.413487535006092,9.63855421686747,Baixa,🟠 Abaixo precisa esforço,
ETI0724,Maceio-Ponta_Verde-apartamento-TOP-1Q,Carteira 2,AL,"Maceió, AL","Maceió, AL, Ponta Verde",0,310,4869.39,126,4914.91,2025-11,0.9333,0.7641,28,30,234.64,,0,0,2025-11-24,0.99,0.0,45.51999999999953,berlinda,0,0.0,,,,,Baixa,🔴 Abaixo inviável,
JPR201,Especial-JPR-apartamento-TOP-1Q,Carteira 1,SC,"Florianópolis, SC","Florianópolis, SC, Jurerê",0,1270,6606.23,17,6675.05,2025-11,0.6333,0.7015,19,30,397.89,383.0,1,0,2025-11-24,0.99,0.0,68.82000000000062,berlinda,1,1.0,6989.23,6848.783899999999,3.9487434551052405,14.156626506024098,Baixa,🟢 Abaixo viável,
POR0017,Brasilia-Asa_Sul-apartamento-SUP-1Q,Carteira 1_sys-price,DF,"Brasília, DF","Brasília, DF, Setor Sudoeste",2,144,4123.0,142,4188.45,2025-11,0.7857,0.8532,22,30,233.73,250.0,1,0,2025-11-24,0.98,467.46,65.44999999999982,berlinda,1,1.0,4373.0,4319.425,3.906576418484154,12.650602409638553,Baixa,🟢 Abaixo viável,
NWT0815,Especial-NWT-apartamento-TOP-1Q,Carteira 5,AL,"Maceió, AL","Maceió, AL, Pajuçara",0,186,4824.35,43,5085.72,2025-11,0.6,0.6637,18,30,312.33,290.5,4,0,2025-11-24,0.95,0.0,261.3699999999999,berlinda,4,1.0,5986.35,5521.55,14.929643197030108,82.83132530120481,Crítico,🟢 Abaixo viável,
UPP0604,Curitiba-Centro-apartamento-JR-1Q,Carteira 4,PR,"Curitiba, PR","Curitiba, PR, Alto da XV",0,26,2058.56,289,2479.88,2025-11,0.5667,0.6885,17,30,140.94,130.0,5,0,2025-11-24,0.83,0.0,421.32000000000016,berlinda,5,4.0,2708.56,2426.915,5.521597819249322,34.63855421686747,Média,🟠 Abaixo precisa esforço,
CRI0301,Florianopolis-Ribeirao-apartamento-TOP-1Q,Carteira 4,SC,"Florianópolis, SC","Florianópolis, SC, Ribeirão da Ilha",3,527,3192.36,38,3573.53,2025-11,0.6667,0.5471,18,30,208.22,142.0,2,0,2025-11-24,0.89,624.66,381.1700000000001,berlinda,2,3.0,3476.36,3381.7028,5.0488023513631255,28.012048192771083,Média,🟠 Abaixo precisa esforço,
NWT1020,Especial-NWT-apartamento-TOP-1Q,Carteira 5,AL,"Maceió, AL","Maceió, AL, Pajuçara",2,180,4566.11,43,5085.72,2025-11,0.6429,0.6637,18,30,305.44,290.5,4,0,2025-11-24,0.9,610.88,519.6100000000006,berlinda,4,2.0,5728.11,5313.159799999999,14.840249266573874,82.2289156626506,Crítico,🟢 Abaixo viável,
RTG101,Florianopolis-Ingleses_Norte-apartamento-TOP-2Q,Carteira 1,SC,"Florianópolis, SC","Florianópolis, SC, Ingleses do Rio Vermelho",0,1173,4742.23,21,5532.65,2025-11,0.7,0.6262,21,30,289.95,261.0,1,0,2025-11-24,0.86,0.0,790.4200000000001,berlinda,1,4.0,5003.23,4924.929999999999,9.321917164469108,63.55421686746988,Alta,🟠 Abaixo precisa esforço,
CEP093,Balneario_Camboriu-Centro-apartamento-SUP-3Q,Carteira 6,SC,"Balneário Camboriú, SC","Balneário Camboriú, SC, Centro",8,787,3484.44,89,4292.03,2025-11,0.4545,0.4983,10,30,388.3,171.5,4,0,2025-11-24,0.81,3106.4,807.5899999999997,berlinda,4,5.0,4170.4400000000005,3796.227,6.4539010677930975,42.46987951807229,Média,🟠 Abaixo precisa esforço,
ECL1902,Curitiba-Centro-apartamento-SUP-1Q,Carteira 4,PR,"Curitiba, PR","Curitiba, PR, Centro",0,142,2724.94,513,2873.2,2025-11,0.7333,0.6692,22,30,150.23,130.0,1,0,2025-11-24,0.95,0.0,148.25999999999976,berlinda,1,2.0,2854.94,2820.2690000000002,3.35406515383544,8.734939759036145,Baixa,🟠 Abaixo precisa esforço,
JMA006,Florianopolis-Jurere_Longe-apartamento-JR-1Q,Carteira 1,SC,"Florianópolis, SC","Florianópolis, SC, Jurerê",2,779,1924.86,47,1965.96,2025-11,0.4286,0.4896,12,30,189.0,125.5,2,0,2025-11-24,0.98,378.0,41.100000000000136,berlinda,2,1.0,2175.8599999999997,2032.4386,2.62368003418178,3.614457831325301,Baixa,🟢 Abaixo viável,
THO2614,Goiania-Leste-apartamento-SUP-1Q,Carteira 1_sys-price,GO,"Goiânia, GO","Goiânia, GO, Jardim Goiás",2,533,2243.04,82,2407.54,2025-11,0.5714,0.5448,16,30,149.37,150.5,4,19,2025-11-24,0.93,298.74,164.5,berlinda,4,2.0,2845.04,2587.0227999999997,5.1416072007111,28.915662650602407,Média,🟢 Abaixo viável,
TRC0410,Florianopolis-UFSC-apartamento-SUP-1Q,Carteira 4,SC,"Florianópolis, SC","Florianópolis, SC, Carvoeira",0,130,3181.31,45,3461.85,2025-11,0.6333,0.6721,19,30,184.89,124.5,2,0,2025-11-24,0.92,0.0,280.53999999999996,berlinda,2,3.0,3430.31,3339.0017,3.3630602134696765,9.036144578313253,Baixa,🟠 Abaixo precisa esforço,
PDAA0611,Camaçari-Jacuipe-casa-SUP-3Q,Carteira 2,BA,"Camaçari, BA","Camaçari, BA, Barra do Jacuípe",7,708,4241.45,14,4644.84,2025-11,0.4348,0.4565,10,30,491.0,455.0,6,26,2025-11-24,0.91,3437.0,403.3900000000003,berlinda,6,1.0,6971.45,5428.454,39.51534390850925,98.49397590361446,Crítico,🟢 Abaixo viável,
SPJ0503,Especial-SPJ-apartamento-TOP-1Q,Carteira 5,SC,"Florianópolis, SC","Florianópolis, SC, Jurerê",0,382,5502.85,16,6452.9,2025-11,0.7667,0.7069,23,30,313.17,252.0,3,0,2025-11-24,0.85,0.0,950.0499999999993,berlinda,3,4.0,6258.85,6082.475200000001,9.275387810131871,63.25301204819277,Alta,🟠 Abaixo precisa esforço,
STA0305,Gramado-Centro-apartamento-TOP-1Q,Carteira 4,RS,"Gramado, RS","Gramado, RS, Centro",1,78,7923.24,27,8121.75,2025-11,0.8966,0.7321,26,30,418.0,,0,0,2025-11-24,0.98,418.0,198.51000000000022,berlinda,0,0.0,,,,,Baixa,🔴 Abaixo inviável,
TPS211,Florianopolis-Canasvieiras_Meio-apartamento-TOP-1Q,Carteira 1,SC,"Florianópolis, SC","Florianópolis, SC, Canasvieiras",0,809,4051.73,26,4125.61,2025-11,0.7,0.558,21,30,809.24,221.0,1,0,2025-11-24,0.98,0.0,73.87999999999965,berlinda,1,1.0,4272.73,4206.43,3.9575917258296083,14.457831325301203,Baixa,🟢 Abaixo viável,
WBU2607,Goiania-Central-apartamento-TOP-1Q,Carteira 1_sys-price,GO,"Goiânia, GO","Goiânia, GO, Setor Marista",0,747,3052.1,54,3159.15,2025-11,0.6333,0.5673,19,30,196.11,218.0,1,18,2025-11-24,0.97,0.0,107.05000000000018,berlinda,1,1.0,3270.1,3190.1594,7.387081968250966,49.6987951807229,Média,🟢 Abaixo viável,
DPR0006,Balneario_Camboriu-Sul-apartamento-JR-1Q,Carteira 6,SC,"Balneário Camboriú, SC","Balneário Camboriú, SC, Barra",6,235,1966.95,39,1985.43,2025-11,0.7917,0.5453,19,30,122.95,112.5,4,0,2025-11-24,0.99,737.7,18.480000000000018,berlinda,4,1.0,2416.95,2323.215,1.0471283298831995,0.6024096385542169,Baixa,🟢 Abaixo viável,
ILC2415,Especial-ILC-hotel-TOP-1Q,Especial,SC,"Florianópolis, SC","Florianópolis, SC, Jurerê Internacional",2,827,10921.71,30,11771.46,2025-11,0.7143,0.7857,20,30,672.4,391.5,2,0,2025-11-24,0.93,1344.8,849.75,berlinda,2,3.0,11704.71,11481.006899999998,9.420443598330198,64.7590361445783,Alta,🟠 Abaixo precisa esforço,
PSO0306,Penha-Beto_Carrero-apartamento-SUP-1Q,Carteira 3,SC,"Penha, SC","Penha, SC, Praia de Armação do Itapocoroi",0,152,1809.21,18,2190.5,2025-11,0.3,0.486,9,30,224.56,172.5,6,13,2025-11-24,0.83,0.0,381.28999999999996,berlinda,6,3.0,2844.21,2119.71,10.00875370919881,67.7710843373494,Alta,🟠 Abaixo precisa esforço,
SGA202,Florianopolis-Jurere_Longe-apartamento-JR-2Q,Carteira 1,SC,"Florianópolis, SC","Florianópolis, SC, Jurerê Internacional",2,1874,3108.83,21,3322.23,2025-11,0.5714,0.4815,16,30,229.56,180.0,2,0,2025-11-24,0.94,459.12,213.4000000000001,berlinda,2,2.0,3468.83,3314.534,5.781056699867261,36.44578313253012,Média,🟠 Abaixo precisa esforço,
VPD0605,Florianopolis-Beira_Mar-apartamento-TOP-1Q,Carteira 4,SC,"Florianópolis, SC","Florianópolis, SC, Agronômica",0,200,5930.08,19,6378.82,2025-11,0.9,0.7167,27,30,287.33,,0,0,2025-11-24,0.93,0.0,448.7399999999998,berlinda,0,0.0,,,,,Baixa,🔴 Abaixo inviável,
CRM0212,Florianopolis-Canto_da_Lagoa-apartamento-SUP-2Q,Carteira 1,SC,"Florianópolis, SC","Florianópolis, SC, Canto da Lagoa",0,298,3435.27,16,3815.33,2025-11,0.5,0.456,15,30,284.0,261.0,6,0,2025-11-24,0.9,0.0,380.05999999999995,berlinda,6,2.0,5001.27,4218.27,12.999617333231988,77.40963855421687,Alta,🟢 Abaixo viável,
EVA1005,Florianopolis-Centrao-apartamento-JR-1Q,Carteira 4,SC,"Florianópolis, SC","Florianópolis, SC, Centro",6,383,3229.8,72,3484.62,2025-11,0.9167,0.6339,22,30,170.41,,0,0,2025-11-24,0.93,1022.46,254.8199999999997,berlinda,0,0.0,,,,,Baixa,🔴 Abaixo inviável,
JBV265,Especial-JBV-hotel-JR-1Q,Especial,SC,"Florianópolis, SC","Florianópolis, SC, Jurerê",1,1927,9793.04,27,10333.97,2025-11,0.7586,0.693,22,30,547.27,,0,0,2025-11-24,0.95,547.27,540.9299999999985,berlinda,0,0.0,,,,,Baixa,🔴 Abaixo inviável,
PRJ003,Imbituba-Praia_do_Rosa-casa-SIM-1Q,Carteira 6,SC,"Imbituba, SC","Imbituba, SC, Ibiraquera",0,1241,917.69,52,1039.43,2025-11,0.3667,0.3751,11,30,94.55,90.0,1,0,2025-11-24,0.88,0.0,121.74000000000001,berlinda,1,2.0,1007.69,950.6930000000001,5.270484784930202,31.92771084337349,Média,🟠 Abaixo precisa esforço,
TPS201,Florianopolis-Canasvieiras_Meio-apartamento-TOP-1Q,Carteira 1,SC,"Florianópolis, SC","Florianópolis, SC, Canasvieiras",0,926,4028.65,26,4125.61,2025-11,0.7667,0.558,23,30,222.35,,0,0,2025-11-24,0.98,0.0,96.95999999999958,berlinda,0,0.0,,,,,Baixa,🔴 Abaixo inviável,
CLC0104,Florianopolis-Rio_Tavares-apartamento-SUP-2Q,Carteira 1,SC,"Florianópolis, SC","Florianópolis, SC, Campeche Central",0,19,3625.17,10,3938.99,2025-11,0.6667,0.5042,20,30,207.75,214.75,4,0,2025-11-24,0.92,0.0,313.8199999999997,berlinda,4,2.0,4484.17,4197.8653,8.554584423925924,57.831325301204814,Alta,🟢 Abaixo viável,
DNAG1701,Goiania-Central-apartamento-TOP-1Q,Carteira 1_sys-price,GO,"Goiânia, GO","Goiânia, GO, Setor Bueno",0,747,3136.96,54,3159.15,2025-11,0.6667,0.5673,20,30,188.15,172.33,3,14,2025-11-24,0.99,0.0,22.190000000000055,berlinda,3,1.0,3653.95,3481.637233,1.2104530332526178,0.9036144578313252,Baixa,🟢 Abaixo viável,
NWT0920,Especial-NWT-apartamento-TOP-1Q,Carteira 5,AL,"Maceió, AL","Maceió, AL, Pajuçara",2,214,4592.56,43,5085.72,2025-11,0.6786,0.6637,19,30,293.11,250.0,2,0,2025-11-24,0.9,586.22,493.15999999999985,berlinda,2,2.0,5092.56,4931.860000000001,12.121194245849157,75.30120481927712,Alta,🟠 Abaixo precisa esforço,
NWT1007,Especial-NWT-apartamento-TOP-1Q,Carteira 5,AL,"Maceió, AL","Maceió, AL, Pajuçara",0,199,4293.38,43,5085.72,2025-11,0.5667,0.6637,17,30,313.18,296.8,5,0,2025-11-24,0.84,0.0,792.3400000000001,berlinda,5,3.0,5777.38,5134.3628,15.413518112151936,84.33734939759037,Crítico,🟢 Abaixo viável,
SOA0608,Salvador-Boca_do_Rio-apartamento-SUP-1Q,Carteira 2,BA,"Salvador, BA","Salvador, BA, Boca do Rio",0,330,2897.92,34,3140.34,2025-11,0.8,0.6738,24,30,149.58,114.5,2,0,2025-11-24,0.92,0.0,242.42000000000007,berlinda,2,3.0,3126.92,3081.12,2.946293501128329,5.421686746987952,Baixa,🟠 Abaixo precisa esforço,
AAP1405,Salvador-Caminho_Das_Arvores-apartamento-SUP-1Q,Carteira 2,BA,"Salvador, BA","Salvador, BA, Caminho das Árvores",2,225,2869.43,43,3338.25,2025-11,0.7857,0.7164,22,30,155.09,158.0,1,0,2025-11-24,0.86,310.18,468.82000000000016,berlinda,1,3.0,3027.43,2993.5706,7.396446241793357,50.0,Alta,🟠 Abaixo precisa esforço,
ILC4107,Especial-ILC-hotel-TOP-1Q,Especial,SC,"Florianópolis, SC","Florianópolis, SC, Jurerê Internacional",5,423,9683.14,30,11771.46,2025-11,0.76,0.7857,19,30,633.0,547.0,1,0,2025-11-24,0.82,3165.0,2088.3199999999997,berlinda,1,4.0,10230.14,10098.859999999999,24.26018182961162,94.87951807228916,Crítico,🟠 Abaixo precisa esforço,
PRJ001,Imbituba-Praia_do_Rosa-casa-SIM-1Q,Carteira 6,SC,"Imbituba, SC","Imbituba, SC, Ibiraquera",0,1241,940.09,52,1039.43,2025-11,0.3667,0.3751,11,30,100.91,90.0,5,0,2025-11-24,0.9,0.0,99.34000000000003,berlinda,5,2.0,1390.0900000000001,1105.105,4.30072251137643,18.373493975903614,Baixa,🟢 Abaixo viável,
SEM0012,Barra_Velha-Centro-apartamento-SUP-1Q,Carteira 3,SC,"Barra Velha, SC","Barra Velha, SC, Tabuleiro",2,31,1463.87,16,1516.64,2025-11,0.4643,0.3143,13,30,144.69,133.83,6,0,2025-11-24,0.97,289.38,52.77000000000021,berlinda,6,1.0,2266.85,1836.6936139999998,4.656483476632574,21.686746987951807,Média,🟢 Abaixo viável,
BER0202,Maceio-Jatiuca-apartamento-SUP-1Q,Carteira 2,AL,"Maceió, AL","Maceió, AL, Ponta Verde",0,38,3279.19,102,3602.73,2025-11,0.7333,0.7251,22,30,174.59,176.0,2,0,2025-11-24,0.91,0.0,323.53999999999996,berlinda,2,2.0,3631.19,3537.3116,7.902762627229906,53.915662650602414,Alta,🟠 Abaixo precisa esforço,
IFT1405,Itapema-Meia_Praia-Norte-apartamento-TOP-1Q,Carteira 6,SC,"Itapema, SC","Itapema, SC, Meia Praia",0,340,2635.62,32,3277.09,2025-11,0.3667,0.4396,11,30,320.0,320.0,6,30,2025-11-24,0.8,0.0,641.4700000000003,berlinda,6,3.0,4555.62,3339.684,20.879337054114067,90.96385542168674,Crítico,🟢 Abaixo viável,
RLZ0301,Florianopolis-Itacorubi-apartamento-TOP-2Q,Carteira 4,SC,"Florianópolis, SC","Florianópolis, SC, Itacorubi",6,156,4215.82,18,4487.69,2025-11,0.75,0.5569,18,30,304.61,188.0,2,0,2025-11-24,0.94,1827.66,271.8699999999999,berlinda,2,2.0,4591.82,4497.82,5.694640226931894,35.8433734939759,Média,🟢 Abaixo viável,
OBP0303,Penha-Beto_Carrero-apartamento-MASTER-2Q,Carteira 3,SC,"Penha, SC","Penha, SC, Armação",0,352,4889.96,27,5080.45,2025-11,0.6,0.3811,18,30,322.83,302.67,3,0,2025-11-24,0.96,0.0,190.48999999999978,berlinda,3,1.0,5797.97,5434.766,11.348523910283527,71.98795180722891,Alta,🟢 Abaixo viável,
CFA0508,Florianopolis-Centrao-apartamento-JR-1Q,Carteira 4,SC,"Florianópolis, SC","Florianópolis, SC, Centro",0,50,3396.28,72,3484.62,2025-11,0.8667,0.6339,26,30,169.08,107.0,3,0,2025-11-24,0.97,0.0,88.33999999999969,berlinda,3,1.0,3717.28,3674.4907000000003,2.712599939161219,4.216867469879518,Baixa,🟢 Abaixo viável,
DAL312,Canela-Geral-apartamento-TOP-1Q,Carteira 4,RS,"Canela, RS","Canela, RS, São José",0,754,4299.37,22,4623.86,2025-11,0.6333,0.6458,19,30,277.84,188.0,2,0,2025-11-24,0.93,0.0,324.4899999999998,berlinda,2,2.0,4675.37,4537.4908,6.596665989022155,43.97590361445783,Média,🟠 Abaixo precisa esforço,
NWT0312,Especial-NWT-apartamento-TOP-1Q,Carteira 5,AL,"Maceió, AL","Maceió, AL, Pajuçara",2,320,4123.69,43,5085.72,2025-11,0.5357,0.6637,15,30,311.94,280.0,1,0,2025-11-24,0.81,623.88,962.0300000000007,berlinda,1,4.0,4403.69,4273.686,13.241409279315425,78.01204819277109,Alta,🟠 Abaixo precisa esforço,
STW0702,Itapema-Praia_Itapema-apartamento-SUP-2Q,Carteira 6,SC,"Itapema, SC","Itapema, SC, Morretes",0,12,2831.01,16,3455.04,2025-11,0.7333,0.5108,22,30,148.58,130.0,1,0,2025-11-24,0.82,0.0,624.0299999999997,berlinda,1,5.0,2961.01,2926.3390000000004,4.695974576271185,23.19277108433735,Média,🟠 Abaixo precisa esforço,
SVN0401,Florianopolis-Ingleses_Centro-apartamento-TOP-3Q,Carteira 1,SC,"Florianópolis, SC","Florianópolis, SC, Ingleses do Rio Vermelho",4,683,6205.86,48,6389.39,2025-11,0.5385,0.4898,14,30,516.43,334.0,1,18,2025-11-24,0.97,2065.72,183.53000000000065,berlinda,1,1.0,6539.86,6385.719,9.593876723756136,67.16867469879519,Alta,🟠 Abaixo precisa esforço,
TCO1005,Porto_Alegre-Centro_Historico-apartamento-SUP-1Q,Carteira 4,RS,"Porto Alegre, RS","Porto Alegre, RS, Centro Histórico",0,86,2340.28,77,2393.45,2025-11,0.7,0.6126,21,30,122.57,120.0,2,0,2025-11-24,0.98,0.0,53.16999999999962,berlinda,2,1.0,2580.28,2508.28,2.6657753452129582,3.91566265060241,Baixa,🟢 Abaixo viável,
EDJ0410,Florianopolis-Ingleses_Praia-apartamento-SUP-1Q,Carteira 1,SC,"Florianópolis, SC","Florianópolis, SC, Ingleses do Rio Vermelho",0,204,3400.03,40,3764.53,2025-11,0.6333,0.55,19,30,221.09,,0,0,2025-11-24,0.9,0.0,364.5,berlinda,0,0.0,,,,,Baixa,🔴 Abaixo inviável,
GSH0102,Camaçari-Monte_Gordo-apartamento-TOP-2Q,Carteira 2,BA,"Camaçari, BA","Camaçari, BA, Monte Gordo",1,103,4976.88,23,5904.52,2025-11,0.4828,0.5067,14,30,417.21,314.33,3,13,2025-11-24,0.84,417.21,927.6400000000003,berlinda,3,3.0,5919.87,5432.155572,16.46112250727691,84.93975903614458,Crítico,🟠 Abaixo precisa esforço,
ILC3312,Especial-ILC-hotel-JR-1Q,Especial,SC,"Florianópolis, SC","Florianópolis, SC, Jurerê Internacional",2,1971,9166.68,17,10796.7,2025-11,0.6071,0.6721,17,30,727.82,487.0,3,0,2025-11-24,0.85,1455.64,1630.0200000000004,berlinda,3,4.0,10627.68,10053.6531,18.38107338353386,88.55421686746988,Crítico,🟠 Abaixo precisa esforço,
MHFB2005,Itapema-Canto_Praia-apartamento-SUP-1Q,Carteira 5,SC,"Itapema, SC","Itapema, SC, Centro",8,474,2305.04,14,2356.68,2025-11,0.6818,0.4102,15,30,186.2,161.75,4,0,2025-11-24,0.98,1489.6,51.63999999999987,berlinda,4,1.0,2952.04,2746.1646,3.5442953646655377,11.144578313253012,Baixa,🟢 Abaixo viável,
JBV248,Especial-JBV-hotel-TOP-1Q,Especial,SC,"Florianópolis, SC","Florianópolis, SC, Jurerê",2,1299,11159.13,34,11467.8,2025-11,0.8214,0.7407,23,30,593.83,,0,0,2025-11-24,0.97,1187.66,308.6700000000001,berlinda,0,0.0,,,,,Baixa,🔴 Abaixo inviável,
MHB0302,Florianopolis-Novo_Campeche-apartamento-SUP-3Q,Carteira 1,SC,"Florianópolis, SC","Florianópolis, SC, Campeche",6,128,6054.36,67,6778.69,2025-11,0.75,0.6286,18,30,380.0,316.5,2,0,2025-11-24,0.89,2280.0,724.3299999999999,berlinda,2,3.0,6687.36,6529.11,11.273094801502944,71.6867469879518,Alta,🟠 Abaixo precisa esforço,
SJS0004,Florianopolis-Ingleses_Centro-apartamento-JR-1Q,Carteira 1,SC,"Florianópolis, SC","Florianópolis, SC, Ingleses do Rio Vermelho",0,317,2469.21,18,2729.84,2025-11,0.7333,0.5952,22,30,145.5,109.67,3,0,2025-11-24,0.9,0.0,260.6300000000001,berlinda,3,3.0,2798.2200000000003,2710.473033,3.490228010921278,10.542168674698797,Baixa,🟠 Abaixo precisa esforço,
TXP0311,Goiania-Central-apartamento-SUP-2Q,Carteira 1_sys-price,GO,"Goiânia, GO","Goiânia, GO, Setor Bueno",4,772,3170.81,57,3485.85,2025-11,0.6154,0.5275,16,30,231.38,236.67,3,22,2025-11-24,0.91,925.52,315.03999999999996,berlinda,3,2.0,3880.8199999999997,3607.750154,10.694739704806569,69.87951807228916,Alta,🟢 Abaixo viável,
UPP0408,Curitiba-Centro-apartamento-JR-1Q,Carteira 4,PR,"Curitiba, PR","Curitiba, PR, Alto da XV",0,10,2220.3,289,2479.88,2025-11,0.6333,0.6885,19,30,138.95,130.0,5,0,2025-11-24,0.9,0.0,259.5799999999999,berlinda,5,2.0,2870.3,2631.945,6.803837282449148,45.48192771084337,Média,🟢 Abaixo viável,
ELG0071,Barra_Velha-Centro-apartamento-JR-3Q,Carteira 3,SC,"Barra Velha, SC","Barra Velha, SC, Centro",1,246,1752.83,20,1947.55,2025-11,0.3793,0.3584,11,30,191.91,178.33,6,0,2025-11-24,0.9,191.91,194.72000000000003,berlinda,6,2.0,2822.81,2158.673414,8.914897589278837,60.8433734939759,Alta,🟢 Abaixo viável,
STL401,Camboriu-Tabuleiro-apartamento-SUP-2Q,Carteira 6,SC,"Balneário Camboriú, SC","Balneário Camboriú, SC, Vila Real",20,1,2351.52,29,2929.53,2025-11,0.9,0.5028,9,30,281.89,173.0,1,0,2025-11-24,0.8,5637.799999999999,578.0100000000002,berlinda,1,4.0,2524.52,2507.22,8.533427717074073,57.53012048192772,Alta,🟠 Abaixo precisa esforço,
VDP0027,Cabo_Frio-Palmeiras-casa-SUP-2Q,Carteira 4,RJ,"Cabo Frio, RJ","Cabo Frio, RJ, Parque Burle",5,191,2234.68,66,2674.98,2025-11,0.4,0.4287,10,30,262.9,153.0,3,0,2025-11-24,0.84,1314.5,440.3000000000002,berlinda,3,3.0,2693.68,2418.2799999999997,8.394567436018216,56.92771084337349,Alta,🟠 Abaixo precisa esforço,
CSE0102,Florianopolis-Canasvieiras_Meio-apartamento-SUP-3Q,Carteira 1,SC,"Florianópolis, SC","Florianópolis, SC, Canasvieiras",11,423,4870.46,30,5335.02,2025-11,0.7368,0.4396,14,30,403.5,719.0,1,14,2025-11-24,0.91,4438.5,464.5600000000004,berlinda,1,1.0,5589.46,5400.2192,62.60869500020623,99.69879518072288,Crítico,🟢 Abaixo viável,
JBV207,Especial-JBV-hotel-TOP-1Q,Especial,SC,"Florianópolis, SC","Florianópolis, SC, Jurerê",3,422,10311.44,34,11467.8,2025-11,0.7407,0.7407,20,30,662.4,552.33,3,0,2025-11-24,0.9,1987.1999999999998,1156.3599999999988,berlinda,3,3.0,11968.43,11538.772493,18.56480228116986,88.85542168674698,Crítico,🟢 Abaixo viável,
NWT0714,Especial-NWT-apartamento-TOP-1Q,Carteira 5,AL,"Maceió, AL","Maceió, AL, Pajuçara",0,186,4944.25,43,5085.72,2025-11,0.6333,0.6637,19,30,327.58,,0,0,2025-11-24,0.97,0.0,141.47000000000025,berlinda,0,0.0,,,,,Baixa,🔴 Abaixo inviável,
NWT0812,Especial-NWT-apartamento-TOP-1Q,Carteira 5,AL,"Maceió, AL","Maceió, AL, Pajuçara",0,186,4911.88,43,5085.72,2025-11,0.6,0.6637,18,30,325.94,280.0,3,0,2025-11-24,0.97,0.0,173.84000000000015,berlinda,3,1.0,5751.88,5415.88,9.570955538252212,66.86746987951807,Alta,🟢 Abaixo viável,
VNO1417,Sao_Paulo-Republica-apartamento-SUP-1Q,Carteira 4_sys-price,SP,"São Paulo, SP","São Paulo, SP, Consolação",2,124,3113.36,470,3552.85,2025-11,0.8929,0.7444,25,30,157.6,,0,0,2025-11-24,0.88,315.2,439.4899999999998,berlinda,0,0.0,,,,,Baixa,🔴 Abaixo inviável,
EAR0401,Florianopolis-Ingleses_Norte-apartamento-TOP-2Q,Carteira 1,SC,"Florianópolis, SC","Florianópolis, SC, Ingleses do Rio Vermelho",0,703,4954.59,21,5532.65,2025-11,0.5667,0.6262,17,30,344.12,218.33,3,0,2025-11-24,0.9,0.0,578.0599999999995,berlinda,3,3.0,5609.58,5325.772833,7.603820941742795,52.108433734939766,Alta,🟠 Abaixo precisa esforço,
JZZ702,Itapema-Praia_Itapema-apartamento-SUP-2Q,Carteira 6,SC,"Itapema, SC","Itapema, SC, Morretes",1,598,2847.21,16,3455.04,2025-11,0.7931,0.5108,23,30,151.57,172.67,3,0,2025-11-24,0.82,151.57,607.8299999999999,berlinda,3,4.0,3365.2200000000003,3258.043731,7.594268525111144,51.80722891566265,Alta,🟠 Abaixo precisa esforço,
NWT1120,Especial-NWT-apartamento-TOP-1Q,Carteira 5,AL,"Maceió, AL","Maceió, AL, Pajuçara",2,4,4780.68,43,5085.72,2025-11,0.7143,0.6637,20,30,294.25,280.0,2,0,2025-11-24,0.94,588.5,305.03999999999996,berlinda,2,2.0,5340.68,5180.688,8.397159104315612,57.22891566265061,Alta,🟢 Abaixo viável,
PDC301,Ilheus-Sul-apartamento-JR-2Q,Carteira 2,BA,"Ilhéus, BA","Ilhéus, BA, São Francisco",0,766,1445.6,17,1516.32,2025-11,0.4333,0.3782,13,30,133.15,111.0,1,0,2025-11-24,0.95,0.0,70.72000000000003,berlinda,1,1.0,1556.6,1493.6962999999998,5.17695473251029,29.819277108433734,Média,🟠 Abaixo precisa esforço,
RBR0003,Salvador-Flamengo-apartamento-JR-2Q,Carteira 2,BA,"Salvador, BA","Salvador, BA, Praia do Flamengo",5,45,2564.49,13,2695.9,2025-11,0.76,0.5484,19,30,157.47,133.5,2,0,2025-11-24,0.95,787.35,131.4100000000003,berlinda,2,1.0,2831.49,2767.41,6.507376015430855,43.07228915662651,Média,🟢 Abaixo viável,
ERE418,Maceio-Cruz_das_Almas-apartamento-SUP-1Q,Carteira 2,AL,"Maceió, AL","Maceió, AL, Cruz das Almas",0,551,2918.74,111,3620.98,2025-11,0.7333,0.7139,22,30,181.95,116.0,1,0,2025-11-24,0.81,0.0,702.2400000000002,berlinda,1,7.0,3034.74,3003.8028,3.213803997812748,7.228915662650602,Baixa,🟠 Abaixo precisa esforço,
IPS0701,Porto_Alegre-Jardim_Botanico-apartamento-SUP-1Q,Carteira 4,RS,"Porto Alegre, RS","Porto Alegre, RS, Petrópolis",15,43,1987.68,68,2372.5,2025-11,0.9333,0.5342,14,30,167.57,,0,0,2025-11-24,0.84,2513.5499999999997,384.81999999999994,berlinda,0,0.0,,,,,Baixa,🔴 Abaixo inviável,
PAR0003,Urubici-Geral-casa-TOP-1Q,Carteira 3,SC,"Urubici, SC","Urubici, SC, Arroio do Engenho",1,729,3116.59,100,3484.64,2025-11,0.4483,0.2886,13,30,266.0,227.5,6,0,2025-11-24,0.89,266.0,368.0499999999997,berlinda,6,2.0,4481.59,3728.5195000000003,12.014350836815272,74.69879518072288,Alta,🟢 Abaixo viável,
SPJ0504,Especial-SPJ-apartamento-TOP-1Q,Carteira 5,SC,"Florianópolis, SC","Florianópolis, SC, Jurerê",0,381,5948.61,16,6452.9,2025-11,0.8667,0.7069,26,30,310.54,278.0,3,0,2025-11-24,0.92,0.0,504.28999999999996,berlinda,3,2.0,6782.61,6671.4378,10.862760929194625,70.18072289156626,Alta,🟢 Abaixo viável,
SSG0207,Florianopolis-UFSC-apartamento-TOP-1Q,Carteira 4,SC,"Florianópolis, SC","Florianópolis, SC, Córrego Grande",2,920,3346.53,17,3684.75,2025-11,0.7143,0.6764,20,30,209.65,200.5,2,0,2025-11-24,0.91,419.3,338.2199999999998,berlinda,2,2.0,3747.53,3632.9643,9.20186037044575,62.951807228915655,Alta,🟠 Abaixo precisa esforço,
VST010,Especial-VST-casa-TOP-1Q,Carteira 5,SC,"Anitápolis, SC","Anitápolis, SC, Rio dos Pinheiros",2,487,3484.55,54,3890.57,2025-11,0.6786,0.3016,19,30,244.26,180.0,1,0,2025-11-24,0.9,488.52,406.02,berlinda,1,3.0,3664.55,3606.6980000000003,6.261601770434666,40.66265060240964,Média,🟠 Abaixo precisa esforço,
WBU2405,Goiania-Central-apartamento-TOP-1Q,Carteira 1_sys-price,GO,"Goiânia, GO","Goiânia, GO, Setor Bueno",0,772,2778.58,54,3159.15,2025-11,0.6333,0.5673,19,30,175.16,185.0,3,0,2025-11-24,0.88,0.0,380.57000000000016,berlinda,3,3.0,3333.58,3130.0615,7.428733467335626,50.30120481927711,Alta,🟠 Abaixo precisa esforço,
WSH0502,Curitiba-Batel-apartamento-SUP-1Q,Carteira 4,PR,"Curitiba, PR","Curitiba, PR, Bigorrilho",0,18,3569.62,200,3688.58,2025-11,0.9,0.6794,27,30,161.56,144.5,2,0,2025-11-24,0.97,0.0,118.96000000000004,berlinda,2,1.0,3858.62,3829.72,4.660254081516466,22.289156626506024,Média,🟢 Abaixo viável,
CCI003,Florianopolis-Ingleses_Norte-apartamento-TOP-2Q,Carteira 1,SC,"Florianópolis, SC","Florianópolis, SC, Ingleses do Rio Vermelho",0,1041,5352.75,21,5532.65,2025-11,0.6667,0.6262,20,30,360.8,,0,0,2025-11-24,0.97,0.0,179.89999999999964,berlinda,0,0.0,,,,,Baixa,🔴 Abaixo inviável,
CMV004,Marau-Barra_Grande-casa-TOP-4Q,Carteira 2,BA,"Maraú, BA","Maraú, BA, Barra Grande",6,477,7738.15,7,8070.68,2025-11,0.5833,0.5,14,30,704.64,613.0,6,0,2025-11-24,0.96,4227.84,332.53000000000065,berlinda,6,1.0,11416.15,9883.527399999999,25.256965955780725,95.48192771084338,Crítico,🟢 Abaixo viável,
IAA0504,Recife-Boa_Viagem-apartamento-TOP-1Q,Carteira 2,PE,"Recife, PE","Recife, PE, Boa Viagem",0,598,4509.98,40,4981.09,2025-11,0.8,0.8137,24,30,225.33,180.0,1,0,2025-11-24,0.91,0.0,471.1100000000006,berlinda,1,3.0,4689.98,4653.98,5.674782025620904,35.54216867469879,Média,🟠 Abaixo precisa esforço,
MOL0502,Sao_Paulo-Liberdade-apartamento-SUP-1Q,Carteira 4_sys-price,SP,"São Paulo, SP","São Paulo, SP, Liberdade",2,439,3487.27,85,3581.56,2025-11,0.6786,0.7173,19,30,217.68,169.5,2,0,2025-11-24,0.97,435.36,94.28999999999996,berlinda,2,1.0,3826.27,3717.3154,4.462344620779771,19.57831325301205,Baixa,🟢 Abaixo viável,
NOA0704,Sao_Paulo-Santo_Amaro-apartamento-SUP-1Q,Carteira 4,SP,"São Paulo, SP","São Paulo, SP, Santo Amaro",0,400,3288.31,157,3988.2,2025-11,0.7,0.6596,21,30,194.0,135.5,2,0,2025-11-24,0.82,0.0,699.8899999999999,berlinda,2,6.0,3559.31,3478.0099999999998,3.9631535947712413,14.759036144578314,Baixa,🟠 Abaixo precisa esforço,
PSO0906,Penha-Beto_Carrero-apartamento-SUP-1Q,Carteira 3,SC,"Penha, SC","Penha, SC, Praia de Armação do Itapocoroi",0,101,2119.67,18,2190.5,2025-11,0.4333,0.486,13,30,188.54,153.33,3,0,2025-11-24,0.97,0.0,70.82999999999993,berlinda,3,1.0,2579.66,2318.983667,4.95793832458342,26.506024096385545,Média,🟢 Abaixo viável,
ELF0412,Bombinhas-Bombas-apartamento-SUP-1Q,Especial,SC,"Bombinhas, SC","Bombinhas, SC, José Amândio",13,192,2460.82,45,3072.04,2025-11,0.9412,0.4924,16,30,181.25,,0,7,2025-11-24,0.8,2356.25,611.2199999999998,berlinda,0,0.0,,,,,Baixa,🔴 Abaixo inviável,
SOA0107,Salvador-Boca_do_Rio-apartamento-SUP-1Q,Carteira 2,BA,"Salvador, BA","Salvador, BA, Boca do Rio",0,318,2648.99,34,3140.34,2025-11,0.7333,0.6738,22,30,147.05,131.0,2,17,2025-11-24,0.84,0.0,491.35000000000036,berlinda,2,4.0,2910.99,2841.1146,5.1241943547514,28.614457831325304,Média,🟠 Abaixo precisa esforço,
UPP0505,Curitiba-Centro-apartamento-JR-1Q,Carteira 4,PR,"Curitiba, PR","Curitiba, PR, Alto da XV",0,24,2085.83,289,2479.88,2025-11,0.6333,0.6885,19,30,134.95,130.0,6,0,2025-11-24,0.84,0.0,394.0500000000002,berlinda,6,4.0,2865.83,2579.804,5.164211574753619,29.518072289156628,Média,🟢 Abaixo viável,
JBV134,Especial-JBV-hotel-JR-1Q,Especial,SC,"Florianópolis, SC","Florianópolis, SC, Jurerê",4,1971,9054.22,27,10333.97,2025-11,0.9231,0.693,24,30,459.83,,0,0,2025-11-24,0.88,1839.32,1279.75,berlinda,0,0.0,,,,,Baixa,🔴 Abaixo inviável,
EAC1302,Balneario_Camboriu-Centro-apartamento-JR-3Q,Carteira 6,SC,"Balneário Camboriú, SC","Balneário Camboriú, SC, Centro",7,733,3365.14,50,3982.05,2025-11,0.7826,0.4873,18,30,215.67,,0,0,2025-11-24,0.85,1509.6899999999998,616.9100000000003,berlinda,0,0.0,,,,,Baixa,🔴 Abaixo inviável,
HOA0906,Salvador-Ondina_Rio_Vermelho-apartamento-TOP-1Q,Carteira 2,BA,"Salvador, BA","Salvador, BA, Ondina",0,285,4322.67,35,4613.2,2025-11,0.8,0.7196,24,30,206.42,220.0,3,0,2025-11-24,0.94,0.0,290.52999999999975,berlinda,3,2.0,4982.67,4850.67,6.927577386629665,46.3855421686747,Média,🟢 Abaixo viável,
ILC4115,Especial-ILC-hotel-TOP-1Q,Especial,SC,"Florianópolis, SC","Florianópolis, SC, Jurerê Internacional",0,1657,9674.75,30,11771.46,2025-11,0.6667,0.7857,20,30,616.5,489.0,3,0,2025-11-24,0.82,0.0,2096.709999999999,berlinda,3,5.0,11141.75,10652.7989,17.419949437028198,87.95180722891565,Crítico,🟠 Abaixo precisa esforço,
MUT0056,Santa_Cruz_Cabralia-Coroa_Vermelha-apartamento-TOP-3Q,Carteira 2,BA,"Santa Cruz Cabrália, BA","Santa Cruz Cabrália, BA, Coroa Vermelha",7,248,5111.91,10,6171.48,2025-11,0.6957,0.6708,16,30,437.13,,0,0,2025-11-24,0.83,3059.91,1059.5699999999997,berlinda,0,0.0,,,,,Baixa,🔴 Abaixo inviável,
UNI0402,Cabedelo-Intermares-apartamento-SUP-1Q,Carteira 2,PB,"Cabedelo, PB","Cabedelo, PB, Intermares",1,149,1887.89,100,2182.06,2025-11,0.5517,0.6211,16,30,146.75,100.0,3,0,2025-11-24,0.87,146.75,294.16999999999985,berlinda,3,3.0,2187.8900000000003,2053.4,4.493765829842749,20.180722891566266,Média,🟠 Abaixo precisa esforço,
BSO0206,Itajai-Praia_Brava-apartamento-SUP-1Q,Carteira 6,SC,"Balneário Camboriú, SC","Balneário Camboriú, SC, Praia dos Amores",0,198,2665.63,12,2794.44,2025-11,0.7,0.5466,21,30,149.48,138.25,4,0,2025-11-24,0.95,0.0,128.80999999999995,berlinda,4,1.0,3218.63,3052.73,6.372648008187684,41.265060240963855,Média,🟢 Abaixo viável,
CCP0207,Florianopolis-Canasvieiras_Meio-apartamento-SUP-2Q,Carteira 1,SC,"Florianópolis, SC","Florianópolis, SC, Canasvieiras",0,267,2819.13,16,3041.41,2025-11,0.4667,0.4709,14,30,261.71,205.0,3,0,2025-11-24,0.93,0.0,222.27999999999975,berlinda,3,2.0,3434.13,3106.1505,7.491163637917931,51.50602409638554,Alta,🟢 Abaixo viável,
BVE101,Florianopolis-Campeche-apartamento-SUP-2Q,Carteira 1,SC,"Florianópolis, SC","Florianópolis, SC, Campeche",4,558,2432.59,14,2652.64,2025-11,0.3462,0.4532,9,30,370.44,219.0,3,0,2025-11-24,0.92,1481.76,220.04999999999973,berlinda,3,2.0,3089.59,2660.0434,9.083582770372146,62.34939759036144,Alta,🟢 Abaixo viável,
ILC3403,Especial-ILC-hotel-JR-1Q,Especial,SC,"Florianópolis, SC","Florianópolis, SC, Jurerê Internacional",0,1830,9075.23,17,10796.7,2025-11,0.6667,0.6721,20,30,543.14,547.0,1,0,2025-11-24,0.84,0.0,1721.4700000000012,berlinda,1,4.0,9622.23,9439.9149,21.803979225133617,91.86746987951807,Crítico,🟠 Abaixo precisa esforço,
LIV1006,Salvador-Graca-apartamento-TOP-1Q,Especial,BA,"Salvador, BA","Salvador, BA, Vitória",9,110,3589.29,15,3658.61,2025-11,0.9048,0.6726,19,30,291.89,172.0,1,0,2025-11-24,0.98,2627.0099999999998,69.32000000000016,berlinda,1,1.0,3761.29,3744.9156,3.2588988714293206,7.530120481927711,Baixa,🟢 Abaixo viável,
SJS0003,Florianopolis-Ingleses_Centro-apartamento-JR-1Q,Carteira 1,SC,"Florianópolis, SC","Florianópolis, SC, Ingleses do Rio Vermelho",0,306,2309.97,18,2729.84,2025-11,0.7,0.5952,21,30,140.95,118.8,5,0,2025-11-24,0.85,0.0,419.87000000000035,berlinda,5,4.0,2903.97,2725.77,4.5680842100635966,20.481927710843372,Média,🟠 Abaixo precisa esforço,
AIR1607,Porto_Alegre-Menino_Deus-apartamento-TOP-1Q,Carteira 4,RS,"Porto Alegre, RS","Porto Alegre, RS, Praia de Belas",1,639,2725.51,29,3365.01,2025-11,0.3448,0.6109,10,30,349.3,333.0,1,25,2025-11-24,0.81,349.3,639.5,berlinda,1,2.0,3058.51,2840.3284000000003,31.64232795742063,97.89156626506023,Crítico,🟠 Abaixo precisa esforço,
CPK0803,Ilheus-Sul-apartamento-SUP-3Q,Carteira 2,BA,"Porto Seguro, BA","Ilhéus, BA, Nossa Senhora da Vitória",0,226,3064.81,25,3473.69,2025-11,0.3667,0.4728,11,30,242.64,205.2,5,0,2025-11-24,0.88,0.0,408.8800000000001,berlinda,5,2.0,4090.81,3441.0442,12.076808235622641,75.0,Alta,🟠 Abaixo precisa esforço,
JBV115,Especial-JBV-hotel-JR-1Q,Especial,SC,"Florianópolis, SC","Florianópolis, SC, Jurerê",0,1727,10060.35,27,10333.97,2025-11,0.8,0.693,24,30,518.17,458.25,4,0,2025-11-24,0.97,0.0,273.619999999999,berlinda,4,1.0,11893.35,11526.75,12.133416779804813,75.6024096385542,Alta,🟢 Abaixo viável,
STCY202,Florianopolis-Cachoeira_Bom_Jesus-apartamento-SUP-1Q,Carteira 1,SC,"Florianópolis, SC","Florianópolis, SC, Cachoeira do Bom Jesus",0,561,2487.62,14,2579.11,2025-11,0.6667,0.4414,20,30,174.67,142.0,2,0,2025-11-24,0.96,0.0,91.49000000000024,berlinda,2,1.0,2771.62,2676.9628,5.037233774441584,27.10843373493976,Média,🟢 Abaixo viável,
VBV0616,Sao_Paulo-Vila_Olimpia-apartamento-SUP-1Q,Carteira 4,SP,"São Paulo, SP","São Paulo, SP, Vila Olímpia",0,31,5483.74,308,6486.71,2025-11,0.8,0.7113,24,30,276.54,213.0,1,0,2025-11-24,0.85,0.0,1002.9700000000003,berlinda,1,5.0,5696.74,5654.139999999999,6.586778505590664,43.373493975903614,Média,🟠 Abaixo precisa esforço,
SPA309,Florianopolis-UFSC-apartamento-SUP-1Q,Carteira 4,SC,"Florianópolis, SC","Florianópolis, SC, Trindade",1,767,3047.77,45,3461.85,2025-11,0.6207,0.6721,18,30,225.67,136.0,1,0,2025-11-24,0.88,225.67,414.0799999999999,berlinda,1,4.0,3183.77,3132.1852,4.066819763999018,15.963855421686745,Baixa,🟠 Abaixo precisa esforço,
STCY102,Florianopolis-Cachoeira_Bom_Jesus-apartamento-SUP-1Q,Carteira 1,SC,"Florianópolis, SC","Florianópolis, SC, Cachoeira do Bom Jesus",0,562,2176.32,14,2579.11,2025-11,0.5,0.4414,15,30,164.53,156.0,6,0,2025-11-24,0.84,0.0,402.78999999999996,berlinda,6,3.0,3112.32,2644.32,8.121049509326859,54.81927710843374,Alta,🟢 Abaixo viável,
VST023,Especial-VST-casa-TOP-1Q,Carteira 5,SC,"Anitápolis, SC","Anitápolis, SC, Vistas de Anitá",1,793,3825.39,54,3890.57,2025-11,0.5862,0.3016,17,30,288.29,180.0,2,0,2025-11-24,0.98,288.29,65.18000000000029,berlinda,2,1.0,4185.389999999999,4036.422,3.0155992566642,5.72289156626506,Baixa,🟢 Abaixo viável,
CSF0303,Salvador-Barra-apartamento-JR-1Q,Carteira 2,BA,"Salvador, BA","Salvador, BA, Barra",0,29,2905.83,121,3106.13,2025-11,0.7333,0.7082,22,30,172.68,,0,0,2025-11-24,0.94,0.0,200.30000000000018,berlinda,0,0.0,,,,,Baixa,🔴 Abaixo inviável,
ILC3412,Especial-ILC-hotel-JR-1Q,Especial,SC,"Florianópolis, SC","Florianópolis, SC, Jurerê Internacional",0,340,9119.46,17,10796.7,2025-11,0.4,0.6721,12,30,903.5,790.0,3,23,2025-11-24,0.84,0.0,1677.2400000000016,berlinda,3,3.0,11489.46,10067.46,40.90816638417297,98.79518072289156,Crítico,🟠 Abaixo precisa esforço,
MHF1207,Itapema-Canto_Praia-apartamento-TOP-1Q,Carteira 5,SC,"Itapema, SC","Itapema, SC, Centro",4,302,3435.96,19,3496.4,2025-11,0.5,0.5702,13,30,310.38,300.0,4,23,2025-11-24,0.98,1241.52,60.440000000000055,berlinda,4,1.0,4635.96,4035.96,5.185905502802887,30.120481927710845,Média,🟢 Abaixo viável,
MPB0034,Itajai-Praia_Brava-apartamento-SUP-2Q,Carteira 6,SC,"Itajaí, SC","Itajaí, SC, Praia Brava",4,193,3604.96,23,3948.48,2025-11,0.7308,0.5183,19,30,219.0,140.0,2,0,2025-11-24,0.91,876.0,343.52,berlinda,2,3.0,3884.96,3809.584,4.060026474322608,15.66265060240964,Baixa,🟠 Abaixo precisa esforço,
SOA0910,Salvador-Boca_do_Rio-apartamento-TOP-1Q,Carteira 2,BA,"Salvador, BA","Salvador, BA, Boca do Rio",0,221,3145.06,17,3548.18,2025-11,0.6667,0.6989,20,30,179.55,132.0,3,0,2025-11-24,0.89,0.0,403.1199999999999,berlinda,3,4.0,3541.06,3409.0732,3.749234818977616,11.74698795180723,Baixa,🟠 Abaixo precisa esforço,
VIC0203,Florianopolis-Novo_Campeche-apartamento-TOP-2Q,Carteira 1,SC,"Florianópolis, SC","Florianópolis, SC, Campeche",1,731,6040.67,57,6778.69,2025-11,0.6897,0.6371,20,30,397.5,441.67,3,0,2025-11-24,0.89,397.5,738.0199999999995,berlinda,3,2.0,7365.68,6954.529397,24.043088959666235,94.57831325301204,Crítico,🟢 Abaixo viável,
JBV465,Especial-JBV-hotel-JR-1Q,Especial,SC,"Florianópolis, SC","Florianópolis, SC, Jurerê",0,1842,9977.22,27,10333.97,2025-11,0.7667,0.693,23,30,549.7,486.5,4,0,2025-11-24,0.97,0.0,356.75,berlinda,4,1.0,11923.22,11469.2182,16.79498537348183,86.44578313253012,Crítico,🟢 Abaixo viável,
LVL001,Porto_Seguro-Ajuda_Intermediario-casa-TOP-4Q,Carteira 2,BA,"Porto Seguro, BA","Porto Seguro, BA, Arraial DAjuda",3,492,4224.3,14,4580.97,2025-11,0.2222,0.5039,6,30,876.0,583.33,6,16,2025-11-24,0.92,2628.0,356.6700000000001,berlinda,6,1.0,7724.280000000001,5001.995556,45.41752316649095,99.09638554216868,Crítico,🟢 Abaixo viável,
OKA101,Florianopolis-Campeche-apartamento-SUP-1Q,Carteira 1,SC,"Florianópolis, SC","Florianópolis, SC, Campeche",0,1053,2795.01,28,3106.87,2025-11,0.4667,0.6807,14,30,257.14,228.83,6,0,2025-11-24,0.9,0.0,311.8599999999997,berlinda,6,2.0,4167.99,3435.7797660000006,11.48469742860176,73.19277108433735,Alta,🟢 Abaixo viável,
ERT0210,Florianopolis-Jurere_Tradicional-apartamento-TOP-1Q,Carteira 1,SC,"Florianópolis, SC","Florianópolis, SC, Jurerê",0,281,6401.0,19,6996.21,2025-11,0.6667,0.704,20,30,354.09,387.0,3,0,2025-11-24,0.91,0.0,595.21,berlinda,3,2.0,7562.0,7175.0387,16.462218115236677,85.2409638554217,Crítico,🟢 Abaixo viável,
RSM0023,Porto_Seguro-Pataxos-casa-JR-3Q,Carteira 2,BA,"Porto Seguro, BA","Porto Seguro, BA, Praia de Taperapuan",13,121,2758.31,26,2947.67,2025-11,0.7647,0.5061,13,30,324.77,208.0,2,0,2025-11-24,0.94,4222.01,189.36000000000013,berlinda,2,1.0,3174.31,3076.4252,13.362038491418655,78.3132530120482,Alta,🟢 Abaixo viável,
ELU0311,Especial-JPR-apartamento-TOP-1Q,Carteira 1,SC,"Florianópolis, SC","Florianópolis, SC, Jurerê",0,598,5363.57,17,6675.05,2025-11,0.5333,0.7015,16,30,423.63,277.5,4,0,2025-11-24,0.8,0.0,1311.4800000000005,berlinda,4,5.0,6473.57,5955.532999999999,10.904358768848178,70.48192771084338,Alta,🟠 Abaixo precisa esforço,
GRB0917,Porto_Alegre-Auxiliadora-apartamento-SUP-1Q,Carteira 4,RS,"Porto Alegre, RS","Porto Alegre, RS, Rio Branco",0,353,2943.75,104,3183.97,2025-11,0.7667,0.6365,23,30,151.78,150.0,3,0,2025-11-24,0.92,0.0,240.2199999999998,berlinda,3,2.0,3393.75,3288.765,5.6585018074919,35.24096385542169,Média,🟢 Abaixo viável,
JPR211,Especial-JPR-apartamento-TOP-1Q,Carteira 1,SC,"Florianópolis, SC","Florianópolis, SC, Jurerê",0,992,6206.7,17,6675.05,2025-11,0.7333,0.7015,22,30,342.59,295.67,3,0,2025-11-24,0.93,0.0,468.35000000000036,berlinda,3,2.0,7093.71,6857.1444329999995,10.372734623710693,69.27710843373494,Alta,🟢 Abaixo viável,
PPE0302,Sao_Paulo-Brooklin-apartamento-SUP-1Q,Carteira 4,SP,"São Paulo, SP","São Paulo, SP, Brooklin Novo",7,85,4210.43,299,4501.61,2025-11,0.8261,0.7158,19,30,243.25,161.0,1,0,2025-11-24,0.94,1702.75,291.1799999999994,berlinda,1,2.0,4371.43,4343.4321,5.207023709295108,31.024096385542173,Média,🟠 Abaixo precisa esforço,
TSF1302,Balneario_Camboriu-Sul-apartamento-SUP-3Q,Carteira 6,SC,"Balneário Camboriú, SC","Balneário Camboriú, SC, Centro",5,345,4035.35,91,4292.03,2025-11,0.64,0.4907,16,30,306.75,300.5,4,0,2025-11-24,0.94,1533.75,256.67999999999984,berlinda,4,1.0,5237.35,4804.63,17.97106264401693,88.25301204819277,Crítico,🟢 Abaixo viável,
ELU207,Florianopolis-Jurere_Tradicional-apartamento-TOP-1Q,Carteira 1,SC,"Florianópolis, SC","Florianópolis, SC, Jurerê",0,892,5960.02,19,6996.21,2025-11,0.7333,0.704,22,30,370.82,451.0,1,0,2025-11-24,0.85,0.0,1036.1899999999996,berlinda,1,3.0,6411.02,6290.738300000001,22.265468970580727,93.07228915662651,Crítico,🟠 Abaixo precisa esforço,
JBV167,Especial-JBV-hotel-TOP-1Q,Especial,SC,"Florianópolis, SC","Florianópolis, SC, Jurerê",0,1121,10969.74,34,11467.8,2025-11,0.8,0.7407,24,30,540.13,,0,0,2025-11-24,0.96,0.0,498.0599999999995,berlinda,0,0.0,,,,,Baixa,🔴 Abaixo inviável,
NWT0304,Especial-NWT-apartamento-TOP-1Q,Carteira 5,AL,"Maceió, AL","Maceió, AL, Pajuçara",3,347,4834.75,43,5085.72,2025-11,0.7407,0.6637,20,30,284.5,280.0,2,0,2025-11-24,0.95,853.5,250.97000000000025,berlinda,2,1.0,5394.75,5249.542,13.817433912995616,80.12048192771084,Crítico,🟢 Abaixo viável,
REK0001,Penha-Beto_Carrero-casa-JR-2Q,Carteira 3,SC,"Penha, SC","Penha, SC, Armação",0,66,2441.22,16,2648.75,2025-11,0.5667,0.5614,17,30,179.82,153.0,4,0,2025-11-24,0.92,0.0,207.5300000000002,berlinda,4,2.0,3053.22,2788.0404,5.993787635677212,37.95180722891566,Média,🟢 Abaixo viável,
BRI0102,Florianopolis-Jurere_Longe-apartamento-SUP-2Q,Carteira 1,SC,"Florianópolis, SC","Florianópolis, SC, Jurerê",0,101,4971.39,30,5331.22,2025-11,0.5667,0.6054,17,30,386.18,256.0,3,0,2025-11-24,0.93,0.0,359.8299999999999,berlinda,3,2.0,5739.39,5406.6156,8.639343339798392,59.036144578313255,Alta,🟢 Abaixo viável,
TCO0312,Porto_Alegre-Centro_Historico-apartamento-SUP-1Q,Carteira 4,RS,"Porto Alegre, RS","Porto Alegre, RS, Centro Histórico",0,366,2208.9,77,2393.45,2025-11,0.7333,0.6126,22,30,127.36,125.0,2,0,2025-11-24,0.92,0.0,184.54999999999973,berlinda,2,2.0,2458.9,2392.225,4.8191418245628626,24.69879518072289,Média,🟠 Abaixo precisa esforço,
VST013,Especial-VST-casa-TOP-1Q,Carteira 5,SC,"Anitápolis, SC","Anitápolis, SC, Rio dos Pinheiros",2,487,3728.96,54,3890.57,2025-11,0.6429,0.3016,18,30,267.39,180.0,1,0,2025-11-24,0.96,534.78,161.61000000000013,berlinda,1,1.0,3908.96,3844.6820000000002,7.477002084527466,50.903614457831324,Alta,🟠 Abaixo precisa esforço,
CEP0128,Sao_Paulo-Pompeia-apartamento-SUP-1Q,Carteira 4,SP,"São Paulo, SP","São Paulo, SP, Perdizes",0,65,3175.71,71,3769.75,2025-11,0.8,0.5545,24,30,175.21,,0,0,2025-11-24,0.84,0.0,594.04,berlinda,0,0.0,,,,,Baixa,🔴 Abaixo inviável,
EVA704,Florianopolis-Centrao-apartamento-SUP-1Q,Carteira 4,SC,"Florianópolis, SC","Florianópolis, SC, Centro",0,648,3599.35,127,3977.15,2025-11,0.7333,0.5706,22,30,182.14,153.0,3,0,2025-11-24,0.91,0.0,377.8000000000002,berlinda,3,3.0,4058.35,3935.9347,4.844624919854671,25.0,Média,🟠 Abaixo precisa esforço,
ILC3104,Especial-ILC-hotel-JR-1Q,Especial,SC,"Florianópolis, SC","Florianópolis, SC, Jurerê Internacional",0,1971,9932.95,17,10796.7,2025-11,0.7333,0.6721,22,30,585.82,,0,0,2025-11-24,0.92,0.0,863.75,berlinda,0,0.0,,,,,Baixa,🔴 Abaixo inviável,
JBV142,Especial-JBV-hotel-TOP-1Q,Especial,SC,"Florianópolis, SC","Florianópolis, SC, Jurerê",0,1580,11130.1,34,11467.8,2025-11,0.7333,0.7407,22,30,680.45,761.5,2,0,2025-11-24,0.97,0.0,337.6999999999989,berlinda,2,1.0,12653.1,12246.9159,22.42440136730665,93.37349397590361,Crítico,🟢 Abaixo viável,
RGF1201,Salvador-Flamengo-apartamento-TOP-1Q,Carteira 2,BA,"Salvador, BA","Salvador, BA, Itapuã",0,190,3135.12,32,3308.7,2025-11,0.6667,0.6487,20,30,173.5,180.0,1,0,2025-11-24,0.95,0.0,173.57999999999993,berlinda,1,1.0,3315.12,3255.1259999999997,9.443104542569586,65.06024096385542,Alta,🟠 Abaixo precisa esforço,
RMI1101,Florianopolis-Beira_Mar-apartamento-SUP-3Q,Carteira 4,SC,"Florianópolis, SC","Florianópolis, SC, Agronômica",8,24,4664.6,52,4883.74,2025-11,0.8636,0.5746,19,30,304.26,214.0,1,0,2025-11-24,0.96,2434.08,219.13999999999942,berlinda,1,2.0,4878.6,4849.410400000001,4.801234299942244,24.397590361445783,Média,🟠 Abaixo precisa esforço,
ILC3109,Especial-ILC-hotel-TOP-1Q,Especial,SC,"Florianópolis, SC","Florianópolis, SC, Jurerê Internacional",0,1828,11161.56,30,11771.46,2025-11,0.7333,0.7857,22,30,669.45,577.5,4,0,2025-11-24,0.95,0.0,609.8999999999996,berlinda,4,2.0,13471.56,12855.483,14.960644219153775,83.13253012048193,Crítico,🟢 Abaixo viável,
MTS1503,Itapema-Praia_Itapema-apartamento-SUP-2Q,Carteira 6,SC,"Itapema, SC","Itapema, SC, Morretes",0,213,3381.76,16,3455.04,2025-11,0.7,0.5108,21,30,206.52,164.25,4,0,2025-11-24,0.98,0.0,73.27999999999975,berlinda,4,1.0,4038.76,3841.6600000000003,3.4836760211169646,10.240963855421686,Baixa,🟢 Abaixo viável,
MHF1202,Itapema-Canto_Praia-apartamento-TOP-2Q,Carteira 5,SC,"Itapema, SC","Itapema, SC, Centro",14,309,2782.22,14,3147.32,2025-11,0.625,0.4145,10,30,284.0,,0,22,2025-11-24,0.88,3976.0,365.10000000000036,berlinda,0,0.0,,,,,Baixa,🔴 Abaixo inviável,
PGO402,Pocos_de_Caldas-Geral-apartamento-SUP-1Q,Carteira 4,MG,"Poços de Caldas, MG","Poços de Caldas, MG, São Benedito",0,808,1706.15,32,1790.89,2025-11,0.4,0.4244,12,30,165.25,123.6,5,0,2025-11-24,0.95,0.0,84.74000000000001,berlinda,5,1.0,2324.15,1953.3500000000001,5.8484128003394975,37.34939759036144,Média,🟢 Abaixo viável,
RFL203,Florianopolis-Jurere_Longe-apartamento-JR-2Q,Carteira 1,SC,"Florianópolis, SC","Florianópolis, SC, Jurerê",0,1011,3146.24,21,3322.23,2025-11,0.5333,0.4815,16,30,259.63,191.0,3,0,2025-11-24,0.95,0.0,175.99000000000024,berlinda,3,1.0,3719.24,3451.8208999999997,10.11792982424457,68.67469879518072,Alta,🟢 Abaixo viável,
VBM1313,Sao_Paulo-Mariana-apartamento-SUP-1Q,Carteira 4,SP,"São Paulo, SP","São Paulo, SP, Vila Clementino",0,394,3331.83,181,3634.6,2025-11,0.7667,0.6538,23,30,188.13,,0,0,2025-11-24,0.92,0.0,302.77,berlinda,0,0.0,,,,,Baixa,🔴 Abaixo inviável,
WSH0208,Curitiba-Batel-apartamento-SUP-1Q,Carteira 4,PR,"Curitiba, PR","Curitiba, PR, Bigorrilho",0,162,3175.39,200,3688.58,2025-11,0.7333,0.6794,22,30,178.32,,0,0,2025-11-24,0.86,0.0,513.19,berlinda,0,0.0,,,,,Baixa,🔴 Abaixo inviável,
BCL402,Ilheus-Pontal-apartamento-TOP-1Q,Carteira 2,BA,"Ilhéus, BA","Ilhéus, BA, Pontal",0,661,2147.4,46,2554.78,2025-11,0.4,0.3787,12,30,206.25,178.67,6,0,2025-11-24,0.84,0.0,407.3800000000001,berlinda,6,3.0,3219.42,2576.208,9.496784406746048,65.96385542168674,Alta,🟢 Abaixo viável,
GSS0488,Florianopolis-Santo_Antonio_de_Lisboa-casa-SUP-3Q,Carteira 1,SC,"Florianópolis, SC","Florianópolis, SC, Sambaqui",6,75,3842.83,7,4671.6,2025-11,0.625,0.4968,15,30,316.93,371.83,6,0,2025-11-24,0.82,1901.58,828.7700000000004,berlinda,6,3.0,6073.8099999999995,5237.1925,21.98829445300683,92.7710843373494,Crítico,🟢 Abaixo viável,
PLA0311,Curitiba-Boa_Vista-apartamento-SUP-1Q,Carteira 4,PR,"Curitiba, PR","Curitiba, PR, Boa Vista",5,2,2564.1,23,2663.54,2025-11,0.88,0.6719,22,30,157.09,130.0,1,0,2025-11-24,0.96,785.45,99.44000000000005,berlinda,1,1.0,2694.1,2678.5,4.853390600479065,25.602409638554217,Média,🟢 Abaixo viável,
TPS307,Florianopolis-Canasvieiras_Meio-apartamento-TOP-1Q,Carteira 1,SC,"Florianópolis, SC","Florianópolis, SC, Canasvieiras",0,1030,3624.1,26,4125.61,2025-11,0.6667,0.558,20,30,235.25,214.0,5,0,2025-11-24,0.88,0.0,501.50999999999976,berlinda,5,3.0,4694.1,4337.469,8.671294669151957,59.93975903614458,Alta,🟢 Abaixo viável,
ILC3208,Especial-ILC-hotel-TOP-1Q,Especial,SC,"Florianópolis, SC","Florianópolis, SC, Jurerê Internacional",0,1458,11611.0,30,11771.46,2025-11,0.6667,0.7857,20,30,739.75,448.0,2,0,2025-11-24,0.99,0.0,160.45999999999913,berlinda,2,1.0,12507.0,12208.3632,6.106810879873832,38.55421686746988,Média,🟢 Abaixo viável,
JPR212,Florianopolis-Jurere_Tradicional-apartamento-MASTER-1Q,Carteira 1,SC,"Florianópolis, SC","Florianópolis, SC, Jurerê",0,1278,11034.9,26,11379.24,2025-11,0.9333,0.7041,28,30,506.14,447.0,1,0,2025-11-24,0.97,0.0,344.34000000000015,berlinda,1,1.0,11481.9,11452.0851,13.526384890379328,78.91566265060241,Alta,🟢 Abaixo viável,
ONJ2712,Sao_Paulo-Moema-apartamento-SUP-1Q,Carteira 4_sys-price,SP,"São Paulo, SP","São Paulo, SP, Moema",5,267,3883.77,611,4212.23,2025-11,0.76,0.6801,19,30,230.37,,0,0,2025-11-24,0.92,1151.85,328.4599999999996,berlinda,0,0.0,,,,,Baixa,🔴 Abaixo inviável,
CZZ0502,Urubici-Geral-apartamento-SUP-1Q,Especial,SC,"Urubici, SC","Urubici, SC, Centro",1,22,1609.54,55,1722.65,2025-11,0.2759,0.2319,8,30,230.38,196.17,6,0,2025-11-24,0.93,230.38,113.11000000000013,berlinda,6,1.0,2786.56,1934.279818,12.880613415377484,76.50602409638554,Alta,🟢 Abaixo viável,
LGR204,Florianopolis-Ingleses_Centro-apartamento-JR-1Q,Carteira 1,SC,"Florianópolis, SC","Florianópolis, SC, Ingleses do Rio Vermelho",0,1044,2377.34,18,2729.84,2025-11,0.6333,0.5952,19,30,145.95,128.25,4,0,2025-11-24,0.87,0.0,352.5,berlinda,4,3.0,2890.34,2702.2229,5.520241113032265,34.33734939759036,Média,🟠 Abaixo precisa esforço,
MHF2001,Itapema-Canto_Praia-apartamento-TOP-1Q,Carteira 5,SC,"Itapema, SC","Itapema, SC, Centro",1,326,3468.86,19,3496.4,2025-11,0.6207,0.5702,18,30,226.67,235.0,2,0,2025-11-24,0.99,226.67,27.539999999999964,berlinda,2,1.0,3938.86,3760.589,1.8510181901384257,2.4096385542168677,Baixa,🟢 Abaixo viável,
RDD657,Florianopolis-Daniela-casa-JR-3Q,Carteira 1,SC,"Florianópolis, SC","Florianópolis, SC, Daniela",3,857,4299.35,8,5368.28,2025-11,0.4815,0.6419,13,30,496.92,383.0,6,0,2025-11-24,0.8,1490.76,1068.9299999999994,berlinda,6,3.0,6597.35,5405.837,25.420941158061783,95.78313253012048,Crítico,🟢 Abaixo viável,
ROY0401,Porto_Alegre-Jardim_Botanico-apartamento-SUP-2Q,Carteira 4,RS,"Porto Alegre, RS","Porto Alegre, RS, Chácara das Pedras",1,44,2311.16,38,2850.43,2025-11,0.4828,0.5151,14,30,186.57,180.0,2,0,2025-11-24,0.81,186.57,539.27,berlinda,2,3.0,2671.16,2484.968,11.35133997326719,72.28915662650603,Alta,🟠 Abaixo precisa esforço,
UPP0517,Curitiba-Centro-apartamento-JR-1Q,Carteira 4,PR,"Curitiba, PR","Curitiba, PR, Alto da XV",0,29,2216.27,289,2479.88,2025-11,0.5667,0.6885,17,30,144.41,130.0,3,0,2025-11-24,0.89,0.0,263.6100000000001,berlinda,3,3.0,2606.27,2437.283,4.606311595722375,21.084337349397593,Média,🟠 Abaixo precisa esforço,
CEC0404,Guarapari-Centro-apartamento-SUP-1Q,Carteira 4,ES,"Guarapari, ES","Guarapari, ES, Centro",0,8,1912.44,33,2316.33,2025-11,0.6,0.5365,18,30,130.06,119.5,2,0,2025-11-24,0.83,0.0,403.8899999999999,berlinda,2,4.0,2151.44,2055.84,5.209194609576354,31.32530120481928,Média,🟠 Abaixo precisa esforço,
ELF0607,Bombinhas-Bombas-apartamento-SUP-1Q,Especial,SC,"Bombinhas, SC","Bombinhas, SC, José Amândio",2,164,2847.82,45,3072.04,2025-11,0.4643,0.4924,13,30,248.38,385.33,6,24,2025-11-24,0.93,496.76,224.2199999999998,berlinda,6,1.0,5159.8,3921.272314,28.12420821343469,97.28915662650603,Crítico,🟢 Abaixo viável,
ISM0619,Sao_Paulo-Moema-apartamento-SUP-1Q,Carteira 4_sys-price,SP,"São Paulo, SP","São Paulo, SP, Indianópolis",0,152,3999.85,611,4212.23,2025-11,0.7667,0.6801,23,30,211.96,155.0,2,0,2025-11-24,0.95,0.0,212.37999999999965,berlinda,2,2.0,4309.85,4237.527,3.907538287320493,12.951807228915662,Baixa,🟢 Abaixo viável,
NOR0204,Brasilia-Asa_Norte-apartamento-SUP-1Q,Carteira 1_sys-price,DF,"Brasília, DF","Brasília, DF, Asa Norte",2,767,3985.34,142,4078.89,2025-11,0.8929,0.8171,25,30,183.76,,0,0,2025-11-24,0.98,367.52,93.54999999999973,berlinda,0,0.0,,,,,Baixa,🔴 Abaixo inviável,
NWT1407,Especial-NWT-apartamento-TOP-1Q,Carteira 5,AL,"Maceió, AL","Maceió, AL, Pajuçara",0,78,4991.34,43,5085.72,2025-11,0.6333,0.6637,19,30,322.11,280.0,3,0,2025-11-24,0.98,0.0,94.38000000000011,berlinda,3,1.0,5831.34,5523.312,5.196196408768086,30.42168674698795,Média,🟢 Abaixo viável,
SCO0005,Florianopolis-Campeche-apartamento-JR-1Q,Carteira 1,SC,"Florianópolis, SC","Florianópolis, SC, Campeche",0,127,1987.76,28,2204.41,2025-11,0.5667,0.6439,17,30,138.41,144.0,2,0,2025-11-24,0.9,0.0,216.64999999999986,berlinda,2,2.0,2275.76,2150.9696,7.07617911368575,47.59036144578313,Média,🟠 Abaixo precisa esforço,
SPJ0502,Especial-SPJ-apartamento-TOP-1Q,Carteira 5,SC,"Florianópolis, SC","Florianópolis, SC, Jurerê",0,383,5530.69,16,6452.9,2025-11,0.7667,0.7069,23,30,294.08,,0,0,2025-11-24,0.86,0.0,922.21,berlinda,0,0.0,,,,,Baixa,🔴 Abaixo inviável,
BHY0614,Brasilia-Setor_Hoteleiro-apartamento-JR-1Q,Carteira 1_sys-price,DF,"Brasília, DF","Brasília, DF, Asa Norte",0,603,4976.57,103,5418.75,2025-11,0.8333,0.7375,25,30,237.92,172.0,1,0,2025-11-24,0.92,0.0,442.1800000000003,berlinda,1,3.0,5148.57,5119.897599999999,4.678505805459442,22.89156626506024,Média,🟠 Abaixo precisa esforço,
PGO209,Pocos_de_Caldas-Geral-apartamento-SUP-1Q,Carteira 4,MG,"Poços de Caldas, MG","Poços de Caldas, MG, São Benedito",3,808,1617.48,32,1790.89,2025-11,0.4074,0.4244,11,30,164.0,120.0,4,0,2025-11-24,0.9,492.0,173.41000000000008,berlinda,4,2.0,2097.48,1813.032,5.809737058110774,36.74698795180723,Média,🟢 Abaixo viável,
STE0312,Salvador-Ondina_Rio_Vermelho-apartamento-SUP-1Q,Carteira 2,BA,"Salvador, BA","Salvador, BA, Ondina",0,75,3498.5,86,3539.22,2025-11,0.8333,0.693,25,30,168.84,,0,0,2025-11-24,0.99,0.0,40.7199999999998,berlinda,0,0.0,,,,,Baixa,🔴 Abaixo inviável,
VVP0027,Cabo_Frio-Pero_Perto-casa-JR-4Q,Carteira 4,RJ,"Cabo Frio, RJ","Cabo Frio, RJ, Ogiva",4,407,3371.64,36,3601.51,2025-11,0.3077,0.3632,8,30,544.63,292.33,6,0,2025-11-24,0.94,2178.52,229.87000000000035,berlinda,6,1.0,5125.62,3911.339646,18.658256425776994,89.1566265060241,Crítico,🟢 Abaixo viável,
EGI001,Imbituba-Praia_do_Rosa-casa-TOP-3Q,Carteira 6,SC,"Imbituba, SC","Imbituba, SC, Ibiraquera",8,779,3287.74,15,3502.73,2025-11,0.4091,0.2774,9,30,467.67,351.0,6,21,2025-11-24,0.94,3741.36,214.99000000000024,berlinda,6,1.0,5393.74,4149.3045999999995,21.54362168936803,91.56626506024097,Crítico,🟢 Abaixo viável,
OCB0204,Salvador-Barra-apartamento-SUP-1Q,Carteira 2,BA,"Salvador, BA","Salvador, BA, Barra",0,107,3947.52,212,4248.24,2025-11,0.8,0.7112,24,30,206.29,130.0,2,0,2025-11-24,0.93,0.0,300.7199999999998,berlinda,2,3.0,4207.52,4155.52,3.0674349848407845,6.024096385542169,Baixa,🟠 Abaixo precisa esforço,
PLO0004,Jaguaruna-Camacho-apartamento-SUP-1Q,Carteira 6,SC,"Jaguaruna, SC","Jaguaruna, SC, Centro",2,39,1039.42,14,1077.87,2025-11,0.3571,0.2759,10,30,140.1,90.0,1,0,2025-11-24,0.96,280.2,38.44999999999982,berlinda,1,1.0,1129.42,1071.559,3.210498483119471,6.927710843373494,Baixa,🟠 Abaixo precisa esforço,
ILC4112,Especial-ILC-hotel-JR-1Q,Especial,SC,"Florianópolis, SC","Florianópolis, SC, Jurerê Internacional",0,815,10118.65,17,10796.7,2025-11,0.7,0.6721,21,30,677.76,,0,0,2025-11-24,0.94,0.0,678.0500000000011,berlinda,0,0.0,,,,,Baixa,🔴 Abaixo inviável,
MMD0403,Ilheus-Sul-apartamento-TOP-2Q,Carteira 2,BA,"Ilhéus, BA","Ilhéus, BA, São Francisco",6,187,2521.31,21,3087.96,2025-11,0.5417,0.4991,13,30,234.77,273.0,6,17,2025-11-24,0.82,1408.6200000000001,566.6500000000001,berlinda,6,3.0,4159.3099999999995,3408.6146,16.69877524320263,85.8433734939759,Crítico,🟢 Abaixo viável,
SOA0510,Salvador-Boca_do_Rio-apartamento-TOP-1Q,Carteira 2,BA,"Salvador, BA","Salvador, BA, Boca do Rio",0,274,3295.31,17,3548.18,2025-11,0.6333,0.6989,19,30,203.89,136.0,1,0,2025-11-24,0.93,0.0,252.8699999999999,berlinda,1,2.0,3431.31,3381.4388,4.846191568635186,25.301204819277107,Média,🟠 Abaixo precisa esforço,
SPJ0405,Especial-SPJ-apartamento-TOP-1Q,Carteira 5,SC,"Florianópolis, SC","Florianópolis, SC, Jurerê",2,335,5816.76,16,6452.9,2025-11,0.8214,0.7069,23,30,316.04,227.0,3,0,2025-11-24,0.9,632.08,636.1399999999994,berlinda,3,3.0,6497.76,6376.133400000001,7.459373821589251,50.602409638554214,Alta,🟠 Abaixo precisa esforço,
VLRY705,Florianopolis-Centrao-apartamento-SUP-1Q,Carteira 4,SC,"Florianópolis, SC","Florianópolis, SC, Centro",0,275,3245.77,127,3977.15,2025-11,0.7,0.5706,21,30,184.9,134.5,4,0,2025-11-24,0.82,0.0,731.3800000000001,berlinda,4,6.0,3783.77,3622.37,4.122324193622736,16.265060240963855,Baixa,🟠 Abaixo precisa esforço,
BDR523,Florianopolis-Lagoa-apartamento-SUP-1Q,Carteira 1,SC,"Florianópolis, SC","Florianópolis, SC, Lagoa da Conceição",3,1284,3562.34,27,3747.01,2025-11,0.8148,0.7398,22,30,193.18,,0,0,2025-11-24,0.95,579.54,184.67000000000007,berlinda,0,0.0,,,,,Baixa,🔴 Abaixo inviável,
ESB0310,Salvador-Barra-apartamento-SUP-1Q,Carteira 2,BA,"Salvador, BA","Salvador, BA, Barra",0,102,3439.06,212,4248.24,2025-11,0.8,0.7112,24,30,201.58,130.0,1,0,2025-11-24,0.81,0.0,809.1799999999998,berlinda,1,7.0,3569.06,3543.06,3.537377495487206,10.843373493975903,Baixa,🟠 Abaixo precisa esforço,
JBV165,Especial-JBV-hotel-JR-1Q,Especial,SC,"Florianópolis, SC","Florianópolis, SC, Jurerê",0,464,8890.9,27,10333.97,2025-11,0.7333,0.693,22,30,518.73,464.0,1,0,2025-11-24,0.86,0.0,1443.0699999999997,berlinda,1,4.0,9354.9,9231.1512,16.198626471723838,84.63855421686746,Crítico,🟠 Abaixo precisa esforço,
SQS0108,Brasilia-Asa_Sul-apartamento-SUP-2Q,Carteira 1_sys-price,DF,"Brasília, DF","Brasília, DF, Asa Sul",1,38,5627.44,16,6915.58,2025-11,0.8276,0.8629,24,30,311.92,,0,0,2025-11-24,0.81,311.92,1288.1400000000003,berlinda,0,0.0,,,,,Baixa,🔴 Abaixo inviável,
IDC0102,Florianopolis-UFSC-apartamento-SUP-2Q,Carteira 4,SC,"Florianópolis, SC","Florianópolis, SC, Trindade",3,708,3716.83,21,3753.83,2025-11,0.5926,0.7025,16,30,292.5,196.0,3,0,2025-11-24,0.99,877.5,37.0,berlinda,3,1.0,4304.83,4065.2788,1.9318935593780215,2.710843373493976,Baixa,🟢 Abaixo viável,
MHR308,Florianopolis-Ingleses_Praia-apartamento-SUP-1Q,Carteira 1,SC,"Florianópolis, SC","Florianópolis, SC, Ingleses do Rio Vermelho",4,1163,3103.96,40,3764.53,2025-11,0.6154,0.55,16,30,233.56,152.0,2,0,2025-11-24,0.82,934.24,660.5700000000002,berlinda,2,5.0,3407.96,3291.0416,5.334351964255831,32.53012048192771,Média,🟠 Abaixo precisa esforço,
RTT1905,Florianopolis-Daniela-casa-JR-3Q,Carteira 1,SC,"Florianópolis, SC","Florianópolis, SC, Daniela",8,368,4570.46,8,5368.28,2025-11,0.5909,0.6419,13,30,427.0,275.5,2,0,2025-11-24,0.85,3416.0,797.8199999999997,berlinda,2,3.0,5121.46,4896.0459,13.648034379726838,79.51807228915662,Alta,🟠 Abaixo precisa esforço,
APC2200,Bombinhas-Mariscal-casa-TOP-3Q,Carteira 6,SC,"Bombinhas, SC","Bombinhas, SC, Canto Grande",9,956,5907.66,15,7055.0,2025-11,0.7143,0.4266,15,30,492.67,404.0,2,0,2025-11-24,0.84,4434.03,1147.3400000000001,berlinda,2,3.0,6715.66,6484.8144,21.900560359083393,92.46987951807229,Crítico,🟠 Abaixo precisa esforço,
BLB1502,Salvador-Barra-apartamento-SUP-1Q,Carteira 2,BA,"Salvador, BA","Salvador, BA, Barra",0,684,3873.41,212,4248.24,2025-11,0.8333,0.7112,25,30,197.36,130.0,1,0,2025-11-24,0.91,0.0,374.8299999999999,berlinda,1,3.0,4003.41,3981.739,3.8233794073153424,12.048192771084338,Baixa,🟠 Abaixo precisa esforço,
CRJ101,Florianopolis-Jurere_Tradicional-apartamento-SUP-2Q,Carteira 1,SC,"Florianópolis, SC","Florianópolis, SC, Jurerê",0,1023,5187.03,17,5832.42,2025-11,0.4333,0.5256,13,30,427.38,308.0,3,0,2025-11-24,0.89,0.0,645.3900000000003,berlinda,3,3.0,6111.03,5587.3992,11.360642752065186,72.59036144578313,Alta,🟠 Abaixo precisa esforço,
DLH0103,Gramado-Centro-apartamento-TOP-2Q,Carteira 4,RS,"Gramado, RS","Gramado, RS, Centro",1,407,10649.52,55,11231.9,2025-11,0.6552,0.7261,19,30,691.26,289.0,3,0,2025-11-24,0.95,691.26,582.3799999999992,berlinda,3,3.0,11516.52,11217.5784,4.994934665254016,26.80722891566265,Média,🟠 Abaixo precisa esforço,
ILC2316,Especial-ILC-hotel-TOP-1Q,Especial,SC,"Florianópolis, SC","Florianópolis, SC, Jurerê Internacional",0,1522,11128.84,30,11771.46,2025-11,0.6667,0.7857,20,30,736.2,500.0,1,10,2025-11-24,0.95,0.0,642.619999999999,berlinda,1,2.0,11628.84,11462.19,13.647839775185044,79.21686746987952,Alta,🟠 Abaixo precisa esforço,
NWT0504,Especial-NWT-apartamento-TOP-1Q,Carteira 5,AL,"Maceió, AL","Maceió, AL, Pajuçara",0,225,4211.66,43,5085.72,2025-11,0.5333,0.6637,16,30,307.63,296.8,5,0,2025-11-24,0.83,0.0,874.0600000000004,berlinda,5,3.0,5695.66,5003.0772,17.003230483261635,87.65060240963855,Crítico,🟠 Abaixo precisa esforço,
SKC0414,Maceio-Jatiuca-apartamento-TOP-1Q,Carteira 2,AL,"Maceió, AL","Maceió, AL, Jatiúca",5,268,4001.9,39,4952.95,2025-11,0.92,0.7116,23,30,226.61,173.0,1,0,2025-11-24,0.81,1133.0500000000002,951.0499999999997,berlinda,1,6.0,4174.9,4161.06,5.536486672925546,34.93975903614458,Média,🟠 Abaixo precisa esforço,
VIF0011,Porto_Seguro-Pataxos-apartamento-SUP-3Q,Carteira 2,BA,"Porto Seguro, BA","Porto Seguro, BA, Taperapuã",5,22,2618.85,20,2841.89,2025-11,0.52,0.3177,13,30,291.54,203.25,4,0,2025-11-24,0.92,1457.7,223.03999999999996,berlinda,4,2.0,3431.85,3041.6099999999997,7.975832984387149,54.21686746987952,Alta,🟢 Abaixo viável,
VST022,Especial-VST-casa-TOP-1Q,Carteira 5,SC,"Anitápolis, SC","Anitápolis, SC, Rio dos Pinheiros",7,488,3242.18,54,3890.57,2025-11,0.6957,0.3016,16,30,265.0,198.0,2,0,2025-11-24,0.83,1855.0,648.3900000000003,berlinda,2,4.0,3638.18,3517.6772,8.249512282261986,55.12048192771084,Alta,🟠 Abaixo precisa esforço,
EAC404,Balneario_Camboriu-Centro-apartamento-JR-2Q,Carteira 6,SC,"Balneário Camboriú, SC","Balneário Camboriú, SC, Centro",0,733,3317.23,49,3454.39,2025-11,0.7,0.5285,21,30,194.76,110.0,1,0,2025-11-24,0.96,0.0,137.15999999999985,berlinda,1,2.0,3427.23,3394.23,2.183829851290674,3.0120481927710845,Baixa,🟠 Abaixo precisa esforço,
MHF0601,Itapema-Canto_Praia-apartamento-TOP-1Q,Carteira 5,SC,"Itapema, SC","Itapema, SC, Centro",0,449,3301.21,19,3496.4,2025-11,0.6,0.5702,18,30,218.17,219.83,6,0,2025-11-24,0.94,0.0,195.19000000000005,berlinda,6,1.0,4620.1900000000005,4092.598,12.272227920146442,75.90361445783132,Alta,🟢 Abaixo viável,
SPJ0104,Especial-SPJ-apartamento-TOP-1Q,Carteira 5,SC,"Florianópolis, SC","Florianópolis, SC, Jurerê",1,516,5495.47,16,6452.9,2025-11,0.6552,0.7069,19,30,368.79,242.5,2,0,2025-11-24,0.85,368.79,957.4299999999994,berlinda,2,4.0,5980.47,5813.242,8.995055517674219,61.14457831325302,Alta,🟠 Abaixo precisa esforço,
EDF0503,Salvador-Ondina_Rio_Vermelho-apartamento-TOP-1Q,Carteira 2,BA,"Salvador, BA","Salvador, BA, Rio Vermelho",5,68,3941.71,35,4613.2,2025-11,0.88,0.7196,22,30,213.18,,0,0,2025-11-24,0.85,1065.9,671.4899999999998,berlinda,0,0.0,,,,,Baixa,🔴 Abaixo inviável,
SRO0002,Florianopolis-Lagoa-apartamento-SUP-2Q,Carteira 1,SC,"Florianópolis, SC","Florianópolis, SC, Lagoa da Conceição",8,353,4218.34,40,4446.03,2025-11,0.8636,0.5825,19,30,276.58,197.0,2,0,2025-11-24,0.95,2212.64,227.6899999999996,berlinda,2,2.0,4612.34,4558.5984,5.044380042419858,27.710843373493976,Média,🟢 Abaixo viável,
CNB009,Especial-CNB-casa-TOP-1Q,Especial,SP,"Campos do Jordão, SP","Campos do Jordão, SP, Jardim Europa",1,591,5618.18,18,5690.11,2025-11,0.3448,0.6166,10,30,701.0,425.0,4,8,2025-11-24,0.99,701.0,71.92999999999938,berlinda,4,1.0,7318.18,6204.34,5.3725235540261504,33.13253012048193,Média,🟢 Abaixo viável,
ERM0102,Balneario_Camboriu-Centro-apartamento-SUP-3Q,Carteira 6,SC,"Balneário Camboriú, SC","Balneário Camboriú, SC, Centro",5,25,3882.51,89,4292.03,2025-11,0.8,0.4983,20,30,232.95,160.0,1,0,2025-11-24,0.9,1164.75,409.5199999999995,berlinda,1,3.0,4042.51,4010.51,5.0887497679808025,28.313253012048197,Média,🟠 Abaixo precisa esforço,
JBM201,Florianopolis-Jurere_Tradicional-apartamento-TOP-1Q,Carteira 1,SC,"Florianópolis, SC","Florianópolis, SC, Jurerê",0,1971,5890.07,19,6996.21,2025-11,0.6,0.704,18,30,412.94,497.5,6,0,2025-11-24,0.84,0.0,1106.1400000000003,berlinda,6,3.0,8875.07,7681.07,26.21917914604241,96.08433734939759,Crítico,🟢 Abaixo viável,
MADB1005,Aguas_Claras-Geral-apartamento-JR-1Q,Carteira 1_sys-price,DF,"Águas Claras, DF","Brasília, DF, Águas Claras",0,767,2544.6,100,2763.17,2025-11,0.6667,0.7487,20,30,150.35,161.25,4,0,2025-11-24,0.92,0.0,218.57000000000016,berlinda,4,2.0,3189.6,2974.6214999999997,6.377532417477033,41.566265060240966,Média,🟢 Abaixo viável,
NWT1115,Especial-NWT-apartamento-TOP-1Q,Carteira 5,AL,"Maceió, AL","Maceió, AL, Pajuçara",2,150,4586.37,43,5085.72,2025-11,0.5357,0.6637,15,30,369.73,280.0,2,0,2025-11-24,0.9,739.46,499.35000000000036,berlinda,2,2.0,5146.37,4886.362,13.746136240296368,79.81927710843374,Alta,🟠 Abaixo precisa esforço,
ODM1203,Sao_Paulo-Mariana-apartamento-SUP-1Q,Carteira 4,SP,"São Paulo, SP","São Paulo, SP, Vila Mariana",2,39,2944.16,181,3634.6,2025-11,0.7857,0.6538,22,30,159.86,,0,0,2025-11-24,0.81,319.72,690.44,berlinda,0,0.0,,,,,Baixa,🔴 Abaixo inviável,
PUQ0208,Sao_Paulo-Pompeia-apartamento-SUP-1Q,Carteira 4,SP,"São Paulo, SP","São Paulo, SP, Perdizes",0,199,3588.89,71,3769.75,2025-11,0.8333,0.5545,25,30,175.8,142.0,1,0,2025-11-24,0.95,0.0,180.86000000000013,berlinda,1,2.0,3730.89,3707.2185999999997,3.406342595662845,9.33734939759036,Baixa,🟠 Abaixo precisa esforço,
SLI0703,Maceio-Ponta_Verde-apartamento-SUP-1Q,Carteira 2,AL,"Maceió, AL","Maceió, AL, Ponta Verde",3,40,4237.97,212,4400.2,2025-11,0.963,0.7724,26,30,198.27,,0,0,2025-11-24,0.96,594.8100000000001,162.22999999999956,berlinda,0,0.0,,,,,Baixa,🔴 Abaixo inviável,
TPS203,Florianopolis-Canasvieiras_Meio-apartamento-TOP-1Q,Carteira 1,SC,"Florianópolis, SC","Florianópolis, SC, Canasvieiras",0,872,3603.78,26,4125.61,2025-11,0.6,0.558,18,30,237.0,209.5,4,0,2025-11-24,0.87,0.0,521.8299999999995,berlinda,4,3.0,4441.780000000001,4106.58,8.832906729752285,60.24096385542169,Alta,🟠 Abaixo precisa esforço,
BLSA1655,Goiania-Central-apartamento-TOP-1Q,Carteira 1_sys-price,GO,"Goiânia, GO","Goiânia, GO, Setor Marista",0,687,2880.73,54,3159.15,2025-11,0.7,0.5673,21,30,174.71,195.33,3,0,2025-11-24,0.91,0.0,278.4200000000001,berlinda,3,2.0,3466.7200000000003,3290.923,8.60734352594844,58.13253012048193,Alta,🟢 Abaixo viável,
MAL0105,Florianopolis-Santo_Antonio_de_Lisboa-apartamento-SUP-1Q,Carteira 1,SC,"Florianópolis, SC","Florianópolis, SC, Santo Antonio de Lisboa",3,108,2757.94,15,3153.33,2025-11,0.4444,0.6431,12,30,269.42,234.0,6,0,2025-11-24,0.87,808.26,395.3899999999999,berlinda,6,2.0,4161.9400000000005,3381.8776000000003,14.670405571253246,81.62650602409639,Crítico,🟢 Abaixo viável,
MCB0706,Balneario_Picarras-Geral-apartamento-SUP-2Q,Carteira 6,SC,"Balneário Piçarras, SC","Balneário Piçarras, SC, Itacolomi",9,382,1533.3,85,1751.85,2025-11,0.619,0.3621,13,30,140.15,115.0,1,0,2025-11-24,0.88,1261.3500000000001,218.54999999999995,berlinda,1,2.0,1648.3,1604.485,7.173345320661014,48.493975903614455,Média,🟠 Abaixo precisa esforço,
NLUG0001,São_Miguel_dos_Milagres-Geral-casa-TOP-3Q,Carteira 2,AL,"Passo de Camaragibe, AL","Passo de Camaragibe, AL, Praia do Marceneiro",3,274,6756.99,24,7279.08,2025-11,0.4074,0.5345,11,30,692.27,3200.0,6,19,2025-11-24,0.93,2076.81,522.0900000000001,berlinda,6,1.0,25956.989999999998,14579.07,229.5191150530013,100.0,Crítico,🟢 Abaixo viável,
APC0207,Florianopolis-Itacorubi-apartamento-TOP-1Q,Carteira 4,SC,"Florianópolis, SC","Florianópolis, SC, Itacorubi",7,219,2287.36,26,2725.59,2025-11,0.3478,0.5829,8,30,345.0,333.0,3,26,2025-11-24,0.84,2415.0,438.23,berlinda,3,2.0,3286.36,2634.8122000000003,26.770458873124714,96.6867469879518,Crítico,🟠 Abaixo precisa esforço,
GBA1104,Sao_Paulo-Campo_Belo-apartamento-SUP-1Q,Carteira 4_sys-price,SP,"São Paulo, SP","São Paulo, SP, Campo Belo",0,173,3203.55,65,3686.45,2025-11,0.7333,0.8045,22,30,190.68,,0,0,2025-11-24,0.87,0.0,482.89999999999964,berlinda,0,0.0,,,,,Baixa,🔴 Abaixo inviável,
HMA0305,Sao_Paulo-Mariana-apartamento-SUP-1Q,Carteira 4,SP,"São Paulo, SP","São Paulo, SP, Centro",3,436,3076.0,181,3634.6,2025-11,0.7407,0.6538,20,30,199.65,138.75,4,0,2025-11-24,0.85,598.95,558.5999999999999,berlinda,4,5.0,3631.0,3487.0885,4.264884719088758,18.072289156626507,Baixa,🟠 Abaixo precisa esforço,
ILC3503,Especial-ILC-hotel-TOP-1Q,Especial,SC,"Florianópolis, SC","Florianópolis, SC, Jurerê Internacional",2,808,9991.05,30,11771.46,2025-11,0.5714,0.7857,16,30,822.75,577.5,4,0,2025-11-24,0.85,1645.5,1780.4099999999999,berlinda,4,4.0,12301.05,11310.983999999999,21.836432672752576,92.16867469879519,Crítico,🟠 Abaixo precisa esforço,
NXO0404,Sao_Paulo-Bela_Vista-apartamento-SUP-1Q,Carteira 4_sys-price,SP,"São Paulo, SP","São Paulo, SP, Consolação",0,229,4046.38,605,4142.47,2025-11,0.8667,0.7186,26,30,193.19,,0,0,2025-11-24,0.98,0.0,96.09000000000015,berlinda,0,0.0,,,,,Baixa,🔴 Abaixo inviável,
PDM0208,Sao_Paulo-Madalena-apartamento-TOP-1Q,Carteira 4,SP,"São Paulo, SP","São Paulo, SP, Vila Madalena",1,137,5331.93,28,5524.04,2025-11,0.931,0.6658,27,30,240.33,192.0,1,0,2025-11-24,0.97,240.33,192.10999999999967,berlinda,1,2.0,5523.93,5510.682000000001,3.338600010137502,8.433734939759036,Baixa,🟠 Abaixo precisa esforço,
TCR0113,Aguas_Claras-Geral-apartamento-JR-1Q,Carteira 1_sys-price,DF,"Brasília, DF","Brasília, DF, Taguatinga Sul",0,444,2610.52,100,2763.17,2025-11,0.7,0.7487,21,30,149.52,173.0,2,0,2025-11-24,0.94,0.0,152.6500000000001,berlinda,2,1.0,2956.52,2852.72,9.557301939439128,66.56626506024097,Alta,🟢 Abaixo viável,
VLE008,Bombinhas-Mariscal-apartamento-JR-1Q,Carteira 6,SC,"Bombinhas, SC","Bombinhas, SC, mariscal",0,1313,1694.15,19,1852.09,2025-11,0.2667,0.4008,8,30,224.0,198.0,6,25,2025-11-24,0.91,0.0,157.93999999999983,berlinda,6,1.0,2882.15,2010.9896,16.88477341813841,87.34939759036145,Crítico,🟢 Abaixo viável,
SCO0008,Florianopolis-Campeche-apartamento-JR-2Q,Carteira 1,SC,"Florianópolis, SC","Florianópolis, SC, Campeche",0,172,3039.39,35,3311.0,2025-11,0.6333,0.6799,19,30,207.89,180.0,3,0,2025-11-24,0.92,0.0,271.6100000000001,berlinda,3,2.0,3579.39,3381.372,7.382935668982183,49.39759036144578,Média,🟢 Abaixo viável,
JBV108,Especial-JBV-hotel-TOP-1Q,Especial,SC,"Florianópolis, SC","Florianópolis, SC, Jurerê",1,1704,10335.7,34,11467.8,2025-11,0.7586,0.7407,22,30,592.26,,0,0,2025-11-24,0.9,592.26,1132.0999999999985,berlinda,0,0.0,,,,,Baixa,🔴 Abaixo inviável,
POR204,Florianopolis-Ingleses_Norte-apartamento-TOP-3Q,Carteira 1,SC,"Florianópolis, SC","Florianópolis, SC, Ingleses do Rio Vermelho",7,1831,4221.94,15,5208.35,2025-11,0.3913,0.4932,9,30,553.0,378.83,6,0,2025-11-24,0.81,3871.0,986.4100000000008,berlinda,6,3.0,6494.92,5111.357074,23.915552289432696,94.27710843373494,Crítico,🟠 Abaixo precisa esforço,
SCO0016,Florianopolis-Campeche-apartamento-JR-2Q,Carteira 1,SC,"Florianópolis, SC","Florianópolis, SC, Campeche",0,207,3169.57,35,3311.0,2025-11,0.7,0.6799,21,30,202.67,180.0,3,0,2025-11-24,0.96,0.0,141.42999999999984,berlinda,3,1.0,3709.57,3547.57,7.688734521292653,53.01204819277109,Alta,🟢 Abaixo viável,
COI0408,Sao_Paulo-Moema-apartamento-SUP-1Q,Carteira 4_sys-price,SP,"São Paulo, SP","São Paulo, SP, Indianópolis",1,45,3736.61,611,4212.23,2025-11,0.7241,0.6801,21,30,224.76,151.0,1,0,2025-11-24,0.89,224.76,475.61999999999944,berlinda,1,4.0,3887.61,3845.9491000000003,4.262505846072028,17.771084337349397,Baixa,🟠 Abaixo precisa esforço,
EDF1707,Salvador-Ondina_Rio_Vermelho-apartamento-SUP-1Q,Carteira 2,BA,"Salvador, BA","Salvador, BA, Rio Vermelho",0,94,3399.08,86,3539.22,2025-11,0.7667,0.693,23,30,183.96,154.5,2,0,2025-11-24,0.96,0.0,140.13999999999987,berlinda,2,1.0,3708.08,3635.9903,6.117627612863846,38.855421686746986,Média,🟢 Abaixo viável,
ILC4415,Especial-ILC-hotel-TOP-1Q,Especial,SC,"Florianópolis, SC","Florianópolis, SC, Jurerê Internacional",0,1800,10517.66,30,11771.46,2025-11,0.6,0.7857,18,30,821.56,560.33,3,0,2025-11-24,0.89,0.0,1253.7999999999993,berlinda,3,3.0,12198.65,11526.253999999999,19.893928592261837,90.36144578313254,Crítico,🟠 Abaixo precisa esforço,
JBV232,Especial-JBV-hotel-TOP-1Q,Especial,SC,"Florianópolis, SC","Florianópolis, SC, Jurerê",0,1093,9719.1,34,11467.8,2025-11,0.6667,0.7407,20,30,644.85,387.5,2,0,2025-11-24,0.85,0.0,1748.699999999999,berlinda,2,5.0,10494.1,10235.7925,11.817807251608848,74.3975903614458,Alta,🟠 Abaixo precisa esforço,
NWT0817,Especial-NWT-apartamento-TOP-1Q,Carteira 5,AL,"Maceió, AL","Maceió, AL, Pajuçara",0,186,4623.4,43,5085.72,2025-11,0.6333,0.6637,19,30,294.53,296.8,5,0,2025-11-24,0.91,0.0,462.3200000000006,berlinda,5,2.0,6107.4,5563.2172,13.49037855013648,78.6144578313253,Alta,🟢 Abaixo viável,
OKA139,Florianopolis-Campeche-apartamento-SUP-1Q,Carteira 1,SC,"Florianópolis, SC","Florianópolis, SC, Campeche",0,779,2932.36,28,3106.87,2025-11,0.5333,0.6807,16,30,228.06,231.17,6,0,2025-11-24,0.94,0.0,174.50999999999976,berlinda,6,1.0,4319.38,3672.057766,12.984604022698068,77.10843373493977,Alta,🟢 Abaixo viável,
ADC0205,Florianopolis-Cachoeira_Bom_Jesus-apartamento-TOP-2Q,Carteira 1,SC,"Florianópolis, SC","Florianópolis, SC, Cachoeira do Bom Jesus",0,260,5531.98,29,5562.4,2025-11,0.5,0.4609,15,30,455.67,288.0,3,0,2025-11-24,0.99,0.0,30.420000000000073,berlinda,3,1.0,6395.98,5963.98,1.5750323601323208,1.8072289156626504,Baixa,🟢 Abaixo viável,
ATT0602,Itapema-Meia_Praia-Sul-apartamento-TOP-3Q,Carteira 6,SC,"Itapema, SC","Itapema, SC, Meia Praia",15,340,3203.83,16,3464.04,2025-11,0.8,0.3,12,30,312.5,,0,0,2025-11-24,0.92,4687.5,260.21000000000004,berlinda,0,0.0,,,,,Baixa,🔴 Abaixo inviável,
EBI0303,Curitiba-Jardim_Botanico-apartamento-SUP-1Q,Carteira 4,PR,"Curitiba, PR","Curitiba, PR, Prado Velho",1,299,3033.42,18,3398.73,2025-11,0.8276,0.7619,24,30,150.71,152.0,1,0,2025-11-24,0.89,150.71,365.30999999999995,berlinda,1,3.0,3185.42,3159.2152,5.445869486543502,33.734939759036145,Média,🟠 Abaixo precisa esforço,
ECU102,Ubatuba-Itagua-apartamento-JR-2Q,Carteira 4,SP,"Ubatuba, SP","Ubatuba, SP, Itaguá",2,795,2156.62,170,2679.48,2025-11,0.3929,0.4959,11,30,221.82,145.0,3,0,2025-11-24,0.8,443.64,522.8600000000001,berlinda,3,4.0,2591.62,2327.5315,7.073639288220104,47.28915662650602,Média,🟠 Abaixo precisa esforço,
ILC3105,Especial-ILC-hotel-JR-1Q,Especial,SC,"Florianópolis, SC","Florianópolis, SC, Jurerê Internacional",0,1916,10712.79,17,10796.7,2025-11,0.7333,0.6721,22,30,594.59,423.0,2,0,2025-11-24,0.99,0.0,83.90999999999985,berlinda,2,1.0,11558.79,11333.161800000002,3.287479507627325,7.83132530120482,Baixa,🟢 Abaixo viável,
SOA0705,Salvador-Boca_do_Rio-apartamento-SUP-1Q,Carteira 2,BA,"Salvador, BA","Salvador, BA, Boca do Rio",0,327,2701.35,34,3140.34,2025-11,0.8333,0.6738,25,30,135.24,118.0,1,0,2025-11-24,0.86,0.0,438.99000000000024,berlinda,1,4.0,2819.35,2799.6794,4.123822579720669,16.566265060240966,Baixa,🟠 Abaixo precisa esforço,
VLP0109,Mata_de_Sao_Joao-Praia_do_Forte-apartamento-SUP-2Q,Carteira 2,BA,"Mata de São João, BA","Mata de São João, BA, Praia do Forte",5,360,5081.84,27,6226.37,2025-11,0.68,0.5545,17,30,363.26,305.0,4,0,2025-11-24,0.82,1816.3,1144.5299999999997,berlinda,4,4.0,6301.84,5911.4400000000005,14.016258670782493,81.02409638554217,Crítico,🟠 Abaixo precisa esforço,
CSI0706,Balneario_Picarras-Geral-apartamento-SUP-2Q,Carteira 6,SC,"Balneário Piçarras, SC","Balneário Piçarras, SC, Centro",9,30,1654.36,85,1751.85,2025-11,0.619,0.3621,13,30,156.54,130.5,4,0,2025-11-24,0.94,1408.86,97.49000000000001,berlinda,4,1.0,2176.3599999999997,1977.4779999999998,7.262291292062675,48.795180722891565,Média,🟢 Abaixo viável,
NWT0814,Especial-NWT-apartamento-TOP-1Q,Carteira 5,AL,"Maceió, AL","Maceió, AL, Pajuçara",0,186,4137.85,43,5085.72,2025-11,0.5667,0.6637,17,30,309.35,280.0,3,0,2025-11-24,0.81,0.0,947.8699999999999,berlinda,3,4.0,4977.85,4613.878000000001,13.046510621898177,77.71084337349397,Alta,🟠 Abaixo precisa esforço,
ONP1716,Sao_Paulo-Bela_Vista-apartamento-SUP-1Q,Carteira 4_sys-price,SP,"São Paulo, SP","São Paulo, SP, Paraíso",3,103,3721.66,605,4142.47,2025-11,0.8519,0.7186,23,30,196.65,,0,0,2025-11-24,0.9,589.95,420.8100000000004,berlinda,0,0.0,,,,,Baixa,🔴 Abaixo inviável,
PSOA0807,Penha-Beto_Carrero-apartamento-SUP-1Q,Carteira 3,SC,"Penha, SC","Penha, SC, Praia de Armação do Itapocoroi",0,100,1770.94,18,2190.5,2025-11,0.4,0.486,12,30,179.83,147.25,4,0,2025-11-24,0.81,0.0,419.55999999999995,berlinda,4,3.0,2359.94,2006.54,9.401234117020465,64.45783132530121,Alta,🟠 Abaixo precisa esforço,
RPP0678,Penha-Longe-casa-JR-3Q,Carteira 6,SC,"Penha, SC","Penha, SC, Centro",2,283,2723.39,28,3107.1,2025-11,0.5357,0.5083,15,30,198.07,172.67,3,0,2025-11-24,0.88,396.14,383.71000000000004,berlinda,3,3.0,3241.3999999999996,3000.887957,7.107936199886279,47.89156626506024,Média,🟠 Abaixo precisa esforço,
BBC0102,Marau-Barra_Grande-apartamento-SUP-3Q,Carteira 2,BA,"Maraú, BA","Maraú, BA, Barra Grande",4,26,3713.22,12,3732.33,2025-11,0.3846,0.3009,10,30,441.3,430.5,6,0,2025-11-24,0.99,1765.2,19.110000000000127,berlinda,6,1.0,6296.219999999999,4706.641799999999,2.2042142575817394,3.313253012048193,Baixa,🟢 Abaixo viável,
EJO0401,Florianopolis-Centrao-apartamento-JR-1Q,Carteira 4,SC,"Florianópolis, SC","Florianópolis, SC, Centro",0,200,3003.44,72,3484.62,2025-11,0.5333,0.6339,16,30,220.19,116.0,6,0,2025-11-24,0.86,0.0,481.17999999999984,berlinda,6,5.0,3699.44,3374.6168,3.2036135934477787,6.626506024096386,Baixa,🟠 Abaixo precisa esforço,
NWT0910,Especial-NWT-apartamento-MASTER-1Q,Carteira 5,AL,"Maceió, AL","Maceió, AL, Pajuçara",1,221,5745.96,31,6339.75,2025-11,0.3793,0.7564,11,30,600.0,600.0,6,30,2025-11-24,0.91,600.0,593.79,berlinda,6,1.0,9345.96,7111.4400000000005,56.19685318821718,99.3975903614458,Crítico,🟢 Abaixo viável,
DRL0207,Bombinhas-Centro-apartamento-TOP-2Q,Carteira 6,SC,"Bombinhas, SC","Bombinhas, SC, Centro",9,487,3779.51,28,4548.14,2025-11,0.9048,0.5079,19,30,243.63,,0,0,2025-11-24,0.83,2192.67,768.6300000000001,berlinda,0,0.0,,,,,Baixa,🔴 Abaixo inviável,
PSD202,Florianopolis-Jurere_Tradicional-apartamento-JR-1Q,Carteira 1,SC,"Florianópolis, SC","Florianópolis, SC, Jurerê",0,1990,2646.01,23,3139.05,2025-11,0.4333,0.5172,13,30,283.92,179.0,3,0,2025-11-24,0.84,0.0,493.03999999999996,berlinda,3,3.0,3183.01,2878.6921,9.37164216349957,63.85542168674698,Alta,🟠 Abaixo precisa esforço,
SPT0507,Blumenau-Central-apartamento-JR-1Q,Carteira 4,SC,"Blumenau, SC","Blumenau, SC, Itoupava Seca",0,501,793.9,42,910.58,2025-11,0.3,0.3663,9,30,101.0,100.0,6,26,2025-11-24,0.87,0.0,116.68000000000006,berlinda,6,2.0,1393.9,973.9,6.406905488809334,42.168674698795186,Média,🟢 Abaixo viável,
BLI1801,Goiania-Sul-apartamento-TOP-2Q,Carteira 1_sys-price,GO,"Goiânia, GO","Goiânia, GO, Setor Bela Vista",0,361,3877.02,59,4150.69,2025-11,0.5667,0.4735,17,30,311.12,233.17,6,0,2025-11-24,0.93,0.0,273.6699999999996,berlinda,6,2.0,5276.04,4669.844634,7.686870604646447,52.71084337349398,Alta,🟢 Abaixo viável,
HAI0702,Salvador-Centro-apartamento-JR-1Q,Carteira 2,BA,"Salvador, BA","Salvador, BA, Centro",2,366,2218.35,28,2355.51,2025-11,0.75,0.7039,21,30,137.24,,0,0,2025-11-24,0.94,274.48,137.1600000000003,berlinda,0,0.0,,,,,Baixa,🔴 Abaixo inviável,
JBV124,Especial-JBV-hotel-JR-1Q,Especial,SC,"Florianópolis, SC","Florianópolis, SC, Jurerê",0,1928,9792.17,27,10333.97,2025-11,0.6333,0.693,19,30,616.68,483.0,3,0,2025-11-24,0.95,0.0,541.7999999999993,berlinda,3,2.0,11241.17,10709.8217,12.661610204016446,76.20481927710844,Alta,🟢 Abaixo viável,
TCO0611,Porto_Alegre-Centro_Historico-apartamento-SUP-1Q,Carteira 4,RS,"Porto Alegre, RS","Porto Alegre, RS, Centro Histórico",0,491,2118.99,77,2393.45,2025-11,0.7667,0.6126,23,30,124.13,120.0,1,0,2025-11-24,0.89,0.0,274.46000000000004,berlinda,1,3.0,2238.99,2210.9939999999997,4.586851615868308,20.783132530120483,Média,🟠 Abaixo precisa esforço,
UPP0214,Curitiba-Centro-apartamento-JR-1Q,Carteira 4,PR,"Curitiba, PR","Curitiba, PR, Alto da XV",0,8,2087.42,289,2479.88,2025-11,0.5667,0.6885,17,30,136.18,130.0,5,0,2025-11-24,0.84,0.0,392.46000000000004,berlinda,5,4.0,2737.42,2455.775,5.143373872929336,29.21686746987952,Média,🟠 Abaixo precisa esforço,
VLPC0103,Mata_de_Sao_Joao-Praia_do_Forte-apartamento-SUP-2Q,Carteira 2,BA,"Mata de São João, BA","Mata de São João, BA, Centro",4,261,5236.8,27,6226.37,2025-11,0.7692,0.5545,20,30,320.05,281.0,1,0,2025-11-24,0.84,1280.2,989.5699999999997,berlinda,1,4.0,5517.8,5452.9452,11.164979353941378,71.3855421686747,Alta,🟠 Abaixo precisa esforço,
ERE0302,Maceio-Cruz_das_Almas-apartamento-JR-1Q,Carteira 2,AL,"Maceió, AL","Maceió, AL, Cruz das Almas",0,65,2527.85,24,2578.06,2025-11,0.7667,0.7241,23,30,133.52,90.0,2,0,2025-11-24,0.98,0.0,50.210000000000036,berlinda,2,1.0,2707.85,2665.8559999999998,1.7528296470989826,2.108433734939759,Baixa,🟢 Abaixo viável,
RLV0206,Florianopolis-Novo_Campeche-apartamento-SUP-3Q,Carteira 1,SC,"Florianópolis, SC","Florianópolis, SC, Campeche",5,317,6421.06,67,6778.69,2025-11,0.68,0.6286,17,30,515.71,355.5,4,0,2025-11-24,0.95,2578.55,357.6299999999992,berlinda,4,2.0,7843.06,7388.02,9.377731169296702,64.1566265060241,Alta,🟢 Abaixo viável,
SSG0102,Florianopolis-UFSC-apartamento-TOP-1Q,Carteira 4,SC,"Florianópolis, SC","Florianópolis, SC, Córrego Grande",1,995,3534.28,17,3684.75,2025-11,0.5517,0.6764,16,30,250.31,175.0,3,0,2025-11-24,0.96,250.31,150.4699999999998,berlinda,3,1.0,4059.28,3823.9225,7.146278580636397,48.19277108433735,Média,🟢 Abaixo viável,
ILC3413,Especial-ILC-hotel-JR-1Q,Especial,SC,"Florianópolis, SC","Florianópolis, SC, Jurerê Internacional",0,1971,9623.27,17,10796.7,2025-11,0.6333,0.6721,19,30,602.16,547.0,1,11,2025-11-24,0.89,0.0,1173.4300000000003,berlinda,1,3.0,10170.27,9969.6851,19.81674060901325,90.06024096385542,Crítico,🟠 Abaixo precisa esforço,
SOT0303,Florianopolis-Jurere_Tradicional-apartamento-TOP-1Q,Carteira 1,SC,"Florianópolis, SC","Florianópolis, SC, Jurerê",0,263,5931.74,19,6996.21,2025-11,0.7,0.704,21,30,341.62,449.0,2,0,2025-11-24,0.85,0.0,1064.4700000000003,berlinda,2,3.0,6829.74,6560.34,22.771711636252583,93.97590361445783,Crítico,🟠 Abaixo precisa esforço,
VTD0302,Florianopolis-UFSC-apartamento-SUP-1Q,Carteira 4,SC,"Florianópolis, SC","Florianópolis, SC, Trindade",2,137,2867.46,45,3461.85,2025-11,0.4643,0.6721,13,30,271.31,350.0,5,20,2025-11-24,0.83,542.62,594.3899999999999,berlinda,5,2.0,4617.46,3679.985,30.047012435547465,97.59036144578313,Crítico,🟢 Abaixo viável,
BRR0097,Porto_Belo-Geral-casa-JR-3Q,Carteira 6,SC,"Porto Belo, SC","Porto Belo, SC, Perequê",10,675,1904.46,41,2335.8,2025-11,0.55,0.4822,11,30,211.64,125.0,1,0,2025-11-24,0.82,2116.3999999999996,431.34000000000015,berlinda,1,4.0,2029.46,1973.21,5.770774466992038,36.144578313253014,Média,🟠 Abaixo precisa esforço,
CMP0002,Florianopolis-Campeche-apartamento-JR-1Q,Carteira 1,SC,"Florianópolis, SC","Florianópolis, SC, Campeche",0,162,2108.76,28,2204.41,2025-11,0.5667,0.6439,17,30,158.29,152.5,6,0,2025-11-24,0.96,0.0,95.64999999999964,berlinda,6,1.0,3023.76,2627.2905,6.617019973598352,44.27710843373494,Média,🟢 Abaixo viável,
QSA1405,Sao_Paulo-Moema-apartamento-TOP-1Q,Carteira 4,SP,"São Paulo, SP","São Paulo, SP, Vila Olímpia",0,436,5025.22,107,5536.9,2025-11,0.8667,0.7669,26,30,246.31,224.0,1,0,2025-11-24,0.91,0.0,511.6799999999994,berlinda,1,3.0,5249.22,5219.3608,6.900149903375526,46.08433734939759,Média,🟠 Abaixo precisa esforço,
VST003,Especial-VST-casa-TOP-1Q,Carteira 5,SC,"Anitápolis, SC","Anitápolis, SC, Rio dos Pinheiros",2,488,3274.91,54,3890.57,2025-11,0.5714,0.3016,16,30,247.0,194.4,5,0,2025-11-24,0.84,494.0,615.6600000000003,berlinda,5,4.0,4246.91,3830.3107999999997,7.690666406207834,53.31325301204819,Alta,🟠 Abaixo precisa esforço,
BLS1253,Goiania-Central-apartamento-TOP-1Q,Carteira 1_sys-price,GO,"Goiânia, GO","Goiânia, GO, Setor Marista",0,772,2614.94,54,3159.15,2025-11,0.6333,0.5673,19,30,170.68,176.75,4,0,2025-11-24,0.83,0.0,544.21,berlinda,4,4.0,3321.94,3062.6831,7.611946053527057,52.40963855421686,Alta,🟠 Abaixo precisa esforço,
CTA022,Florianopolis-Praia_Brava-apartamento-SUP-3Q,Carteira 1,SC,"Florianópolis, SC","Florianópolis, SC, Praia Brava",8,1395,4428.18,35,4626.83,2025-11,0.6364,0.415,14,30,404.43,,0,0,2025-11-24,0.96,3235.44,198.64999999999964,berlinda,0,0.0,,,,,Baixa,🔴 Abaixo inviável,
EPF202,Balneario_Camboriu-Centro-apartamento-JR-2Q,Carteira 6,SC,"Balneário Camboriú, SC","Balneário Camboriú, SC, Centro",0,864,3342.48,49,3454.39,2025-11,0.8667,0.5285,26,30,150.85,145.0,1,0,2025-11-24,0.97,0.0,111.90999999999985,berlinda,1,1.0,3487.48,3468.1515,4.6974863868874035,23.49397590361446,Média,🟢 Abaixo viável,
EVM1012,Sao_Paulo-Madalena-apartamento-SUP-1Q,Carteira 4,SP,"São Paulo, SP","São Paulo, SP, Sumarezinho",2,288,3704.09,117,4136.31,2025-11,0.6786,0.6341,19,30,204.58,173.25,4,0,2025-11-24,0.9,409.16,432.22000000000025,berlinda,4,3.0,4397.09,4174.3598,6.034534403852712,38.25301204819277,Média,🟢 Abaixo viável,
ILC2307,Especial-ILC-hotel-TOP-1Q,Especial,SC,"Florianópolis, SC","Florianópolis, SC, Jurerê Internacional",8,1776,10180.5,30,11771.46,2025-11,0.7727,0.7857,17,30,744.53,358.0,1,0,2025-11-24,0.86,5956.24,1590.9599999999991,berlinda,1,5.0,10538.5,10457.1266,9.677026978811462,67.46987951807229,Alta,🟠 Abaixo precisa esforço,
DNR1402,Sao_Paulo-Republica-apartamento-SUP-1Q,Carteira 4_sys-price,SP,"São Paulo, SP","São Paulo, SP, República",0,29,3024.72,470,3552.85,2025-11,0.7667,0.7444,23,30,155.61,130.0,2,0,2025-11-24,0.85,0.0,528.1300000000001,berlinda,2,5.0,3284.72,3224.062,3.864891565925948,12.349397590361445,Baixa,🟠 Abaixo precisa esforço,
JBV252,Especial-JBV-hotel-TOP-1Q,Especial,SC,"Florianópolis, SC","Florianópolis, SC, Jurerê",0,1866,10330.3,34,11467.8,2025-11,0.6333,0.7407,19,30,655.21,773.0,2,0,2025-11-24,0.9,0.0,1137.5,berlinda,2,2.0,11876.3,11309.3818,38.337235563926825,98.19277108433735,Crítico,🟠 Abaixo precisa esforço,
JBV325,Especial-JBV-hotel-JR-1Q,Especial,SC,"Florianópolis, SC","Florianópolis, SC, Jurerê",3,1820,9453.42,27,10333.97,2025-11,0.8889,0.693,24,30,503.33,,0,0,2025-11-24,0.91,1509.99,880.5499999999993,berlinda,0,0.0,,,,,Baixa,🔴 Abaixo inviável,
RJT0104,Brasilia-Taguatinga_Norte-apartamento-SUP-1Q,Carteira 1_sys-price,DF,"Brasília, DF","Brasília, DF, Taguatinga Norte",2,380,2583.72,115,3036.54,2025-11,0.8214,0.7369,23,30,136.61,166.67,3,0,2025-11-24,0.85,273.22,452.82000000000016,berlinda,3,3.0,3083.7299999999996,2994.4282139999996,8.284814229353143,55.72289156626506,Alta,🟠 Abaixo precisa esforço,
VST035,Especial-VST-casa-TOP-1Q,Carteira 5,SC,"Anitápolis, SC",VST036,1,66,3384.81,54,3890.57,2025-11,0.5517,0.3016,16,30,289.44,199.6,5,0,2025-11-24,0.87,289.44,505.7600000000002,berlinda,5,3.0,4382.8099999999995,3935.4066,8.649092206711783,59.337349397590366,Alta,🟢 Abaixo viável,
GET0302,Guara-Geral-apartamento-SUP-2Q,Carteira 1_sys-price,DF,"Brasília, DF","Brasília, DF, Zona Industrial",0,215,3948.83,15,4398.33,2025-11,0.5333,0.5835,16,30,305.56,445.2,5,0,2025-11-24,0.9,0.0,449.5,berlinda,5,2.0,6174.83,5135.9558,22.749248010040176,93.67469879518072,Crítico,🟢 Abaixo viável,
ILC3315,Especial-ILC-hotel-TOP-1Q,Especial,SC,"Florianópolis, SC","Florianópolis, SC, Jurerê Internacional",0,1244,10187.91,30,11771.46,2025-11,0.6,0.7857,18,30,797.22,500.0,1,15,2025-11-24,0.87,0.0,1583.5499999999993,berlinda,1,4.0,10687.91,10487.91,16.815564934171288,86.74698795180723,Crítico,🟠 Abaixo precisa esforço,
MHF1603,Itapema-Canto_Praia-apartamento-TOP-1Q,Carteira 5,SC,"Itapema, SC","Itapema, SC, Centro",4,386,3392.98,19,3496.4,2025-11,0.7308,0.5702,19,30,214.53,200.0,1,0,2025-11-24,0.97,858.12,103.42000000000007,berlinda,1,1.0,3592.98,3539.14,5.91579910765359,37.65060240963856,Média,🟢 Abaixo viável,
MZD0308,Cabo_Frio-Centro-apartamento-SUP-2Q,Carteira 4,RJ,"Cabo Frio, RJ","Cabo Frio, RJ, Centro",2,383,3359.85,105,4175.24,2025-11,0.5357,0.5803,15,30,265.07,174.0,2,0,2025-11-24,0.8,530.14,815.3899999999999,berlinda,2,5.0,3707.85,3546.2736,6.7961535145285055,45.18072289156627,Média,🟠 Abaixo precisa esforço,
NWT1104,Especial-NWT-apartamento-TOP-1Q,Carteira 5,AL,"Maceió, AL","Maceió, AL, Pajuçara",7,10,4077.84,43,5085.72,2025-11,0.7391,0.6637,17,30,318.71,280.0,2,0,2025-11-24,0.8,2230.97,1007.8800000000001,berlinda,2,4.0,4637.84,4491.736,13.872490030910079,80.72289156626506,Crítico,🟠 Abaixo precisa esforço,
OBP0201,Penha-Beto_Carrero-apartamento-TOP-2Q,Carteira 3,SC,"Penha, SC","Penha, SC, Armação",2,52,3328.41,49,4153.95,2025-11,0.6071,0.4412,17,30,226.06,160.0,2,0,2025-11-24,0.8,452.12,825.54,berlinda,2,6.0,3648.41,3522.682,5.299630472201157,32.22891566265061,Média,🟠 Abaixo precisa esforço,
PKS0115,Guara-Geral-apartamento-SUP-1Q,Carteira 1,DF,"Brasília, DF","Brasília, DF, Asa Norte",0,212,3701.53,34,4348.81,2025-11,0.8,0.7917,24,30,199.08,,0,0,2025-11-24,0.85,0.0,647.2800000000002,berlinda,0,0.0,,,,,Baixa,🔴 Abaixo inviável,
SGS0106,Florianopolis-Beira_Mar-apartamento-SUP-1Q,Carteira 4,SC,"Florianópolis, SC","Florianópolis, SC, Centro",1,81,4640.83,25,5229.55,2025-11,0.8621,0.7213,25,30,224.88,137.0,1,0,2025-11-24,0.89,224.88,588.7200000000003,berlinda,1,5.0,4777.83,4758.9376999999995,3.0845728599975155,6.325301204819277,Baixa,🟠 Abaixo precisa esforço,
UPP0513,Curitiba-Centro-apartamento-JR-1Q,Carteira 4,PR,"Curitiba, PR","Curitiba, PR, Alto da XV",0,26,2402.57,289,2479.88,2025-11,0.6667,0.6885,20,30,135.0,130.0,5,0,2025-11-24,0.97,0.0,77.30999999999995,berlinda,5,1.0,3052.57,2835.925,4.0527364227301295,15.36144578313253,Baixa,🟢 Abaixo viável,
MOC0210,Petropolis-Quitandinha-apartamento-JR-1Q,Carteira 4,RJ,"Petrópolis, RJ","Petrópolis, RJ, Independência",0,347,2169.72,12,2544.81,2025-11,0.4667,0.5047,14,30,204.14,,0,0,2025-11-24,0.85,0.0,375.09000000000015,berlinda,0,0.0,,,,,Baixa,🔴 Abaixo inviável,
NWT0802,Especial-NWT-apartamento-TOP-1Q,Carteira 5,AL,"Maceió, AL","Maceió, AL, Pajuçara",0,239,4703.83,43,5085.72,2025-11,0.5667,0.6637,17,30,325.88,294.0,3,0,2025-11-24,0.92,0.0,381.8900000000003,berlinda,3,2.0,5585.83,5203.6594,11.038324956938258,70.78313253012048,Alta,🟢 Abaixo viável,
RRT0098,Penha-Longe-casa-JR-2Q,Carteira 6,SC,"Penha, SC","Penha, SC, Armação",0,423,2525.98,17,2955.76,2025-11,0.7,0.458,21,30,145.52,100.0,1,0,2025-11-24,0.85,0.0,429.7800000000002,berlinda,1,5.0,2625.98,2595.98,2.9080845535496804,4.518072289156627,Baixa,🟠 Abaixo precisa esforço,
RUA0226,Penha-Praia-casa-JR-3Q,Carteira 6,SC,"Penha, SC","Penha, SC, Centro",7,263,2854.15,28,3102.15,2025-11,0.5217,0.5377,12,30,324.17,169.25,4,0,2025-11-24,0.92,2269.19,248.0,berlinda,4,2.0,3531.15,3207.3409,6.765307931595829,44.87951807228915,Média,🟢 Abaixo viável,
IAA1002,Recife-Boa_Viagem-apartamento-TOP-1Q,Carteira 2,PE,"Recife, PE","Recife, PE, Boa Viagem",0,598,4618.2,40,4981.09,2025-11,0.8333,0.8137,25,30,230.56,,0,0,2025-11-24,0.93,0.0,362.8900000000003,berlinda,0,0.0,,,,,Baixa,🔴 Abaixo inviável,
NWT1113,Especial-NWT-apartamento-TOP-1Q,Carteira 5,AL,"Maceió, AL","Maceió, AL, Pajuçara",1,288,4966.34,43,5085.72,2025-11,0.6552,0.6637,19,30,324.11,298.0,4,0,2025-11-24,0.98,324.11,119.38000000000011,berlinda,4,1.0,6158.34,5747.338400000001,6.995123600984724,46.98795180722892,Média,🟢 Abaixo viável,
TCO0712,Porto_Alegre-Centro_Historico-apartamento-SUP-1Q,Carteira 4,RS,"Porto Alegre, RS","Porto Alegre, RS, Centro Histórico",0,555,2295.3,77,2393.45,2025-11,0.7,0.6126,21,30,125.71,120.0,1,0,2025-11-24,0.96,0.0,98.14999999999964,berlinda,1,1.0,2415.3,2379.3,4.920930038229317,26.20481927710843,Média,🟠 Abaixo precisa esforço,
VLE003,Bombinhas-Mariscal-apartamento-JR-2Q,Carteira 6,SC,"Bombinhas, SC","Bombinhas, SC, Mariscal",0,1494,1968.8,12,1868.64,2025-11,0.2333,0.2244,7,30,262.71,198.0,6,26,2025-11-24,1.05,0.0,-100.15999999999985,berlinda,6,-0.0,3156.8,2245.9604,,87.38532110091744,Risco Alto,🟡 Acima com risco,99.99999999999991
NWT0613,Especial-NWT-apartamento-TOP-1Q,Carteira 5,AL,"Maceió, AL","Maceió, AL, Pajuçara",1,215,5547.55,43,5085.72,2025-11,0.7586,0.6637,22,30,292.68,323.5,2,0,2025-11-24,1.09,292.68,-461.8299999999999,berlinda,2,-1.0,6194.55,6038.3642,,48.39449541284404,Risco Baixo,🟡 Acima com risco,19.999999999999982
NWT1320,Especial-NWT-apartamento-TOP-1Q,Carteira 5,AL,"Maceió, AL","Maceió, AL, Pajuçara",3,72,5282.15,43,5085.72,2025-11,0.7407,0.6637,20,30,338.5,280.0,2,0,2025-11-24,1.04,1015.5,-196.42999999999938,berlinda,2,-0.0,5842.15,5696.942,,66.05504587155964,Risco Médio,🟡 Acima com risco,39.999999999999964
PSD301,Florianopolis-Jurere_Tradicional-apartamento-SIM-2Q,Carteira 1,SC,"Florianópolis, SC","Florianópolis, SC, Jurerê",1,1990,3132.15,23,3139.05,2025-11,0.5172,0.5172,15,30,254.13,234.0,3,0,2025-11-24,1.0,254.13,6.900000000000091,berlinda,3,1.0,3834.15,3495.2244,,97.70642201834863,Risco Alto,🟡 Acima com risco,299.9999999999998
PTS0101,Florianopolis-Ingleses_Norte-apartamento-SUP-2Q,Carteira 1,SC,"Florianópolis, SC","Florianópolis, SC, Ingleses do Rio Vermelho",0,192,2644.38,86,2552.46,2025-11,0.4,0.3604,12,30,238.5,,0,0,2025-11-24,1.04,0.0,-91.92000000000007,berlinda,0,0.0,,,,15.825688073394495,Sem Risco,🟡 Acima sem ação,0.0
SCE114,Brasilia-Asa_Norte-apartamento-SUP-1Q,Carteira 1_sys-price,DF,"Brasília, DF","Brasília, DF, Asa Norte",0,596,4448.69,142,4078.89,2025-11,0.9667,0.8171,29,30,180.24,198.0,1,0,2025-11-24,1.09,0.0,-369.7999999999997,berlinda,1,-1.0,4646.69,4640.0966,,34.174311926605505,Risco Baixo,🟡 Acima com risco,9.999999999999991
FRE1007,Sao_Paulo-Pinheiros-apartamento-SUP-1Q,Carteira 4,SP,"São Paulo, SP","São Paulo, SP, Pinheiros",0,22,4884.76,429,4667.71,2025-11,0.8667,0.7106,26,30,229.65,,0,0,2025-11-24,1.05,0.0,-217.05000000000018,berlinda,0,0.0,,,,15.825688073394495,Sem Risco,🟡 Acima sem ação,0.0
MDC0214,Gramado-Geral-apartamento-SUP-1Q,Carteira 4,RS,"Gramado, RS","Gramado, RS, Floresta",0,240,5670.51,83,5551.49,2025-11,0.9333,0.7112,28,30,259.79,,0,0,2025-11-24,1.02,0.0,-119.02000000000044,berlinda,0,0.0,,,,15.825688073394495,Sem Risco,🟡 Acima sem ação,0.0
BPM0807,Salvador-Barra-apartamento-SUP-1Q,Carteira 2,BA,"Salvador, BA","Salvador, BA, Barra",0,610,4639.3,212,4248.24,2025-11,0.8667,0.7112,26,30,208.08,151.67,3,0,2025-11-24,1.09,0.0,-391.0600000000004,berlinda,3,-2.0,5094.31,5033.657167,,57.798165137614674,Risco Médio,🟡 Acima com risco,29.99999999999997
PRY0101,Porto_Seguro-Pataxos-apartamento-SUP-2Q,Carteira 2,BA,"Porto Seguro, BA","Porto Seguro, BA, Taperapuã",0,17,3783.66,44,3643.3,2025-11,0.7333,0.5205,22,30,224.27,313.0,6,6,2025-11-24,1.04,0.0,-140.35999999999967,berlinda,6,-0.0,5661.66,5160.7973999999995,,90.82568807339449,Risco Alto,🟡 Acima com risco,119.99999999999989
AYR0202,Florianopolis-Canasvieiras_Perto-apartamento-SUP-2Q,Carteira 1,SC,"Florianópolis, SC","Florianópolis, SC, Canasvieiras",0,297,4879.48,26,4627.36,2025-11,0.6333,0.5521,19,30,316.0,246.0,3,0,2025-11-24,1.05,0.0,-252.1199999999999,berlinda,3,-1.0,5617.48,5346.8553999999995,,75.22935779816514,Risco Médio,🟡 Acima com risco,49.99999999999996
BPM1309,Salvador-Barra-apartamento-SUP-1Q,Carteira 2,BA,"Salvador, BA","Salvador, BA, Barra",0,571,4602.14,212,4248.24,2025-11,0.9333,0.7112,28,30,226.82,130.0,1,0,2025-11-24,1.08,0.0,-353.90000000000055,berlinda,1,-2.0,4732.14,4723.469,,36.92660550458716,Risco Baixo,🟡 Acima com risco,11.111111111111102
OCB0901,Salvador-Barra-apartamento-TOP-1Q,Carteira 2,BA,"Salvador, BA","Salvador, BA, Barra",0,145,5454.13,132,5462.82,2025-11,0.8333,0.7565,25,30,276.32,,0,0,2025-11-24,1.0,0.0,8.6899999999996,berlinda,0,0.0,,,,15.825688073394495,Sem Risco,🟡 Acima sem ação,0.0
SPJ0301,Especial-SPJ-apartamento-TOP-1Q,Carteira 5,SC,"Florianópolis, SC","Florianópolis, SC, Jurerê",0,518,6845.66,16,6452.9,2025-11,0.9,0.7069,27,30,319.37,227.0,3,0,2025-11-24,1.06,0.0,-392.7600000000002,berlinda,3,-1.0,7526.66,7458.5599999999995,,69.4954128440367,Risco Médio,🟡 Acima com risco,42.85714285714282
CNT303,Florianopolis-UFSC-apartamento-SUP-1Q,Carteira 4,SC,"Florianópolis, SC","Florianópolis, SC, Trindade",0,639,3707.46,45,3461.85,2025-11,0.8333,0.6721,25,30,181.29,110.0,1,0,2025-11-24,1.07,0.0,-245.61000000000013,berlinda,1,-2.0,3817.46,3799.123,,38.76146788990826,Risco Baixo,🟡 Acima com risco,12.49999999999999
TPS306,Florianopolis-Canasvieiras_Meio-apartamento-TOP-1Q,Carteira 1,SC,"Florianópolis, SC","Florianópolis, SC, Canasvieiras",0,995,4497.01,26,4125.61,2025-11,0.7667,0.558,23,30,253.39,195.0,3,0,2025-11-24,1.09,0.0,-371.40000000000055,berlinda,3,-1.0,5082.01,4945.529500000001,,57.798165137614674,Risco Médio,🟡 Acima com risco,29.99999999999997
IPC0902,Balneario_Camboriu-Centro-apartamento-TOP-3Q,Carteira 6,SC,"Balneário Camboriú, SC","Balneário Camboriú, SC, Centro",10,67,6678.28,53,6326.12,2025-11,0.95,0.5568,19,30,0.0,,0,0,2025-11-24,1.06,0.0,-352.15999999999985,berlinda,0,0.0,,,,15.825688073394495,Sem Risco,🟡 Acima sem ação,0.0
ALI024,Florianopolis-Cachoeira_Bom_Jesus-casa-SUP-4Q,Carteira 1,SC,"Florianópolis, SC","Florianópolis, SC, Cachoeira do Bom Jesus",5,739,8677.98,7,8125.34,2025-11,0.48,0.4591,12,30,953.42,,0,0,2025-11-24,1.07,4767.099999999999,-552.6399999999994,berlinda,0,0.0,,,,15.825688073394495,Sem Risco,🟡 Acima sem ação,0.0
PAN0301,Salvador-Barra-apartamento-SUP-2Q,Carteira 2,BA,"Salvador, BA","Salvador, BA, Barra",6,414,5217.57,29,4906.63,2025-11,1.0,0.7352,24,30,269.38,,0,0,2025-11-24,1.06,1616.28,-310.9399999999996,berlinda,0,0.0,,,,15.825688073394495,Sem Risco,🟡 Acima sem ação,0.0
TCO0709,Porto_Alegre-Centro_Historico-apartamento-SUP-1Q,Carteira 4,RS,"Porto Alegre, RS","Porto Alegre, RS, Centro Histórico",0,274,2579.4,77,2393.45,2025-11,0.7667,0.6126,23,30,128.0,,0,0,2025-11-24,1.08,0.0,-185.95000000000027,berlinda,0,0.0,,,,15.825688073394495,Sem Risco,🟡 Acima sem ação,0.0
HAL103,Florianopolis-Novo_Campeche-apartamento-TOP-1Q,Carteira 1,SC,"Florianópolis, SC","Florianópolis, SC, Campeche",3,820,6007.76,52,5653.12,2025-11,0.8148,0.7115,22,30,329.95,259.33,3,2,2025-11-24,1.06,989.8499999999999,-354.6400000000003,berlinda,3,-1.0,6785.75,6641.666252,,69.4954128440367,Risco Médio,🟡 Acima com risco,42.85714285714282
SPJ0202,Especial-SPJ-apartamento-TOP-1Q,Carteira 5,SC,"Florianópolis, SC","Florianópolis, SC, Jurerê",0,516,6495.51,16,6452.9,2025-11,0.9,0.7069,27,30,344.63,,0,0,2025-11-24,1.01,0.0,-42.61000000000058,berlinda,0,0.0,,,,15.825688073394495,Sem Risco,🟡 Acima sem ação,0.0
SPJ0402,Especial-SPJ-apartamento-TOP-1Q,Carteira 5,SC,"Florianópolis, SC","Florianópolis, SC, Jurerê",0,385,6780.42,16,6452.9,2025-11,0.9,0.7069,27,30,307.07,236.0,1,0,2025-11-24,1.05,0.0,-327.52000000000044,berlinda,1,-1.0,7016.42,6992.82,,43.57798165137615,Risco Baixo,🟡 Acima com risco,16.666666666666654
VTD0704,Florianopolis-UFSC-apartamento-SUP-1Q,Carteira 4,SC,"Florianópolis, SC","Florianópolis, SC, Trindade",3,138,3773.6,45,3461.85,2025-11,0.8519,0.6721,23,30,220.13,,0,0,2025-11-24,1.09,660.39,-311.75,berlinda,0,0.0,,,,15.825688073394495,Sem Risco,🟡 Acima sem ação,0.0
MSSO0902,Goiania-Leste-apartamento-TOP-1Q,Carteira 1_sys-price,GO,"Goiânia, GO","Goiânia, GO, Jardim Goiás",0,767,4029.11,20,3827.79,2025-11,0.8667,0.6222,26,30,183.46,206.0,1,0,2025-11-24,1.05,0.0,-201.32000000000016,berlinda,1,-0.0,4235.110000000001,4207.6502,,43.57798165137615,Risco Baixo,🟡 Acima com risco,16.666666666666654
NWC1510,Curitiba-Centro-apartamento-SUP-1Q,Carteira 4,PR,"Curitiba, PR","Curitiba, PR, Centro",0,80,2899.17,513,2873.2,2025-11,0.6667,0.6692,20,30,171.76,,0,0,2025-11-24,1.01,0.0,-25.970000000000255,berlinda,0,0.0,,,,15.825688073394495,Sem Risco,🟡 Acima sem ação,0.0
VLO0514,Florianopolis-Jurere_Longe-apartamento-TOP-2Q,Carteira 1,SC,"Florianópolis, SC","Florianópolis, SC, Jurerê Internacional",3,354,8071.01,16,8083.58,2025-11,0.6667,0.6861,18,30,717.67,570.0,1,0,2025-11-24,1.0,2153.0099999999998,12.569999999999709,berlinda,1,1.0,8641.01,8451.029,,87.38532110091744,Risco Alto,🟡 Acima com risco,99.99999999999991
ILC2106,Especial-ILC-hotel-JR-1Q,Especial,SC,"Florianópolis, SC","Florianópolis, SC, Jurerê Internacional",0,1864,11198.37,17,10796.7,2025-11,0.7667,0.6721,23,30,661.52,608.0,1,0,2025-11-24,1.04,0.0,-401.6700000000001,berlinda,1,-0.0,11806.37,11664.5236,,48.39449541284404,Risco Baixo,🟡 Acima com risco,19.999999999999982
JBV157,Especial-JBV-hotel-TOP-1Q,Especial,SC,"Florianópolis, SC","Florianópolis, SC, Jurerê",0,1121,11884.43,34,11467.8,2025-11,0.8,0.7407,24,30,619.0,752.0,1,0,2025-11-24,1.04,0.0,-416.630000000001,berlinda,1,-0.0,12636.43,12486.03,,48.39449541284404,Risco Baixo,🟡 Acima com risco,19.999999999999982
SOA0111,Salvador-Boca_do_Rio-apartamento-SUP-2Q,Carteira 2,BA,"Salvador, BA","Salvador, BA, Boca do Rio",3,445,3558.77,17,3548.18,2025-11,0.7407,0.6989,20,30,229.3,130.0,1,0,2025-11-24,1.0,687.9000000000001,-10.590000000000146,berlinda,1,-0.0,3688.77,3655.061,,87.38532110091744,Risco Alto,🟡 Acima com risco,99.99999999999991
EGC001,Urubici-Geral-casa-SUP-1Q,Carteira 3,SC,"Urubici, SC","Urubici, SC, Centro",0,772,1890.22,52,1725.09,2025-11,0.4,0.2337,12,30,176.5,137.5,2,0,2025-11-24,1.1,0.0,-165.1300000000001,berlinda,2,-1.0,2165.2200000000003,2000.22,,45.642201834862384,Risco Baixo,🟡 Acima com risco,18.181818181818166
MHF1106,Itapema-Canto_Praia-apartamento-TOP-1Q,Carteira 5,SC,"Itapema, SC","Itapema, SC, Centro",0,239,3606.33,19,3496.4,2025-11,0.6333,0.5702,19,30,217.89,200.0,2,0,2025-11-24,1.03,0.0,-109.92999999999984,berlinda,2,-0.0,4006.33,3859.65,,75.22935779816514,Risco Médio,🟡 Acima com risco,49.99999999999996
PKS0205,Guara-Geral-apartamento-SUP-1Q,Carteira 1,DF,"Brasília, DF","Brasília, DF, Asa Norte",0,253,4510.11,34,4348.81,2025-11,0.9,0.7917,27,30,216.74,,0,0,2025-11-24,1.04,0.0,-161.29999999999927,berlinda,0,0.0,,,,15.825688073394495,Sem Risco,🟡 Acima sem ação,0.0
CEL1804,Goiania-Central-apartamento-SUP-1Q,Carteira 1_sys-price,GO,"Goiânia, GO","Goiânia, GO, Setor Bueno",0,85,2663.9,162,2535.55,2025-11,0.6667,0.5616,20,30,155.95,164.0,1,0,2025-11-24,1.05,0.0,-128.3499999999999,berlinda,1,-0.0,2827.9,2773.2388,,43.57798165137615,Risco Baixo,🟡 Acima com risco,16.666666666666654
EAL0704,Balneario_Camboriu-Centro-apartamento-JR-2Q,Carteira 6,SC,"Balneário Camboriú, SC","Balneário Camboriú, SC, Centro",0,577,3793.28,49,3454.39,2025-11,0.9333,0.5285,28,30,163.11,123.0,2,0,2025-11-24,1.1,0.0,-338.8900000000003,berlinda,2,-2.0,4039.28,4022.8718000000003,,45.642201834862384,Risco Baixo,🟡 Acima com risco,18.181818181818166
GBA908,Sao_Paulo-Campo_Belo-apartamento-SUP-1Q,Carteira 4_sys-price,SP,"São Paulo, SP","São Paulo, SP, Campo Belo",0,172,3788.06,65,3686.45,2025-11,0.8,0.8045,24,30,182.17,130.0,2,0,2025-11-24,1.03,0.0,-101.61000000000013,berlinda,2,-0.0,4048.06,3996.06,,75.22935779816514,Risco Médio,🟡 Acima com risco,49.99999999999996
ILC1313,Especial-ILC-hotel-JR-1Q,Especial,SC,"Florianópolis, SC","Florianópolis, SC, Jurerê Internacional",0,1628,11330.44,17,10796.7,2025-11,0.8333,0.6721,25,30,569.64,,0,0,2025-11-24,1.05,0.0,-533.7399999999998,berlinda,0,0.0,,,,15.825688073394495,Sem Risco,🟡 Acima sem ação,0.0
ILC3404,Especial-ILC-hotel-JR-1Q,Especial,SC,"Florianópolis, SC","Florianópolis, SC, Jurerê Internacional",0,1688,10885.12,17,10796.7,2025-11,0.7333,0.6721,22,30,623.23,296.0,1,0,2025-11-24,1.01,0.0,-88.42000000000007,berlinda,1,-0.0,11181.12,11102.176800000001,,75.22935779816514,Risco Médio,🟡 Acima com risco,49.99999999999996
SSG0304,Florianopolis-UFSC-apartamento-TOP-1Q,Carteira 4,SC,"Florianópolis, SC","Florianópolis, SC, Córrego Grande",4,737,3672.96,17,3684.75,2025-11,0.8077,0.6764,21,30,218.76,,0,0,2025-11-24,1.0,875.04,11.789999999999964,berlinda,0,0.0,,,,15.825688073394495,Sem Risco,🟡 Acima sem ação,0.0
VAC0704,Barra_Velha-Tabuleiro-apartamento-TOP-2Q,Carteira 3,SC,"Barra Velha, SC","Barra Velha, SC, Itajubá",0,29,1993.97,57,1928.98,2025-11,0.3333,0.3592,10,30,216.1,175.5,6,0,2025-11-24,1.03,0.0,-64.99000000000001,berlinda,6,-0.0,3046.9700000000003,2344.9349,,93.34862385321101,Risco Alto,🟡 Acima com risco,149.9999999999999
GLA0037,Sao_Paulo-Pompeia-apartamento-SUP-1Q,Carteira 4,SP,"São Paulo, SP","São Paulo, SP, Perdizes",1,58,3906.13,71,3769.75,2025-11,0.7931,0.5545,23,30,201.0,,0,0,2025-11-24,1.04,201.0,-136.3800000000001,berlinda,0,0.0,,,,15.825688073394495,Sem Risco,🟡 Acima sem ação,0.0
SOA0907,Salvador-Boca_do_Rio-apartamento-SUP-1Q,Carteira 2,BA,"Salvador, BA","Salvador, BA, Boca do Rio",1,421,3399.2,34,3140.34,2025-11,0.7931,0.6738,23,30,162.65,,0,0,2025-11-24,1.08,162.65,-258.8599999999997,berlinda,0,0.0,,,,15.825688073394495,Sem Risco,🟡 Acima sem ação,0.0
MGI025,Porto_Seguro-Pitinga-casa-SUP-2Q,Carteira 2,BA,"Porto Seguro, BA","Porto Seguro, BA, Arraial DAjuda",2,207,4471.46,11,4379.63,2025-11,0.25,0.493,7,30,642.86,600.0,6,0,2025-11-24,1.02,1285.72,-91.82999999999993,berlinda,6,-0.0,8071.46,5371.46,,95.87155963302753,Risco Alto,🟡 Acima com risco,199.99999999999983
VST038,Especial-VST-casa-TOP-1Q,Carteira 5,SC,"Anitápolis, SC","Anitápolis, SC, Rio dos Pinheiros",0,123,4113.25,54,3890.57,2025-11,0.7667,0.3016,23,30,234.26,,0,0,2025-11-24,1.06,0.0,-222.67999999999984,berlinda,0,0.0,,,,15.825688073394495,Sem Risco,🟡 Acima sem ação,0.0
FRE2112,Sao_Paulo-Pinheiros-apartamento-SUP-1Q,Carteira 4,SP,"São Paulo, SP","São Paulo, SP, Pinheiros",0,45,5027.96,429,4667.71,2025-11,0.7333,0.7106,22,30,259.0,187.0,1,0,2025-11-24,1.08,0.0,-360.25,berlinda,1,-1.0,5214.96,5165.0871,,36.92660550458716,Risco Baixo,🟡 Acima com risco,11.111111111111102
ONP0920,Sao_Paulo-Bela_Vista-apartamento-SUP-1Q,Carteira 4_sys-price,SP,"São Paulo, SP","São Paulo, SP, Paraíso",1,59,4225.7,605,4142.47,2025-11,0.931,0.7186,27,30,184.19,,0,0,2025-11-24,1.02,184.19,-83.22999999999956,berlinda,0,0.0,,,,15.825688073394495,Sem Risco,🟡 Acima sem ação,0.0
SOA0506,Salvador-Boca_do_Rio-apartamento-SUP-1Q,Carteira 2,BA,"Salvador, BA","Salvador, BA, Boca do Rio",0,445,3208.98,34,3140.34,2025-11,0.9,0.6738,27,30,143.11,110.0,1,0,2025-11-24,1.02,0.0,-68.63999999999987,berlinda,1,-0.0,3318.98,3307.98,,61.23853211009175,Risco Médio,🟡 Acima com risco,33.33333333333331
IFT1108,Itapema-Meia_Praia-Norte-apartamento-TOP-1Q,Carteira 6,SC,"Itapema, SC","Itapema, SC, Meia Praia",0,248,3379.89,32,3277.09,2025-11,0.8,0.4396,24,30,169.25,159.0,1,3,2025-11-24,1.03,0.0,-102.79999999999973,berlinda,1,-0.0,3538.89,3507.0899999999997,,54.81651376146789,Risco Médio,🟡 Acima com risco,24.99999999999998
SPJ0205,Especial-SPJ-apartamento-TOP-1Q,Carteira 5,SC,"Florianópolis, SC","Florianópolis, SC, Jurerê",1,517,6619.4,16,6452.9,2025-11,0.8276,0.7069,24,30,345.33,396.0,1,0,2025-11-24,1.03,345.33,-166.5,berlinda,1,-0.0,7015.4,6947.129599999999,,54.81651376146789,Risco Médio,🟡 Acima com risco,24.99999999999998
TSO0311,Balneario_Camboriu-Longe-apartamento-MASTER-2Q,Carteira 6,SC,"Balneário Camboriú, SC","Balneário Camboriú, SC, Estados",9,108,5760.29,40,5765.39,2025-11,0.7619,0.5816,16,30,353.1,,0,0,2025-11-24,1.0,3177.9,5.100000000000364,berlinda,0,0.0,,,,15.825688073394495,Sem Risco,🟡 Acima sem ação,0.0
GTR0301,Balneario_Camboriu-Intermediario-apartamento-TOP-3Q,Carteira 6,SC,"Balneário Camboriú, SC","Balneário Camboriú, SC, Centro",8,72,5923.16,32,5765.39,2025-11,0.9091,0.5667,20,30,384.3,,0,0,2025-11-24,1.03,3074.4,-157.76999999999953,berlinda,0,0.0,,,,15.825688073394495,Sem Risco,🟡 Acima sem ação,0.0
MOP0103,Sao_Paulo-Pinheiros-apartamento-SUP-1Q,Carteira 4,SP,"São Paulo, SP","São Paulo, SP, Jardim Paulista",0,68,5047.43,429,4667.71,2025-11,0.8,0.7106,24,30,278.25,170.0,2,0,2025-11-24,1.08,0.0,-379.72000000000025,berlinda,2,-2.0,5387.43,5319.43,,52.06422018348624,Risco Médio,🟡 Acima com risco,22.222222222222204
NWT0315,Especial-NWT-apartamento-TOP-1Q,Carteira 5,AL,"Maceió, AL","Maceió, AL, Pajuçara",0,186,5442.19,43,5085.72,2025-11,0.7333,0.6637,22,30,300.27,280.0,2,0,2025-11-24,1.07,0.0,-356.46999999999935,berlinda,2,-1.0,6002.19,5852.838,,54.81651376146789,Risco Médio,🟡 Acima com risco,24.99999999999998
THK0202,Sao_Paulo-Republica-apartamento-SUP-1Q,Carteira 4_sys-price,SP,"São Paulo, SP","São Paulo, SP, República",0,556,3868.08,470,3552.85,2025-11,0.9333,0.7444,28,30,191.79,130.0,1,0,2025-11-24,1.09,0.0,-315.23,berlinda,1,-2.0,3998.08,3989.409,,34.174311926605505,Risco Baixo,🟡 Acima com risco,9.999999999999991
VFR505,Bombinhas-Bombas-apartamento-TOP-1Q,Especial,SC,"Bombinhas, SC","Bombinhas, SC, Bombas",8,754,2849.11,90,2594.34,2025-11,0.5909,0.4047,13,30,244.77,,0,14,2025-11-24,1.1,1958.16,-254.76999999999998,berlinda,0,0.0,,,,15.825688073394495,Sem Risco,🟡 Acima sem ação,0.0
ELO0207,Balneario_Camboriu-Intermediario-apartamento-JR-3Q,Carteira 6,SC,"Balneário Camboriú, SC","Balneário Camboriú, SC, Centro",0,562,3731.66,20,3423.89,2025-11,0.8333,0.5354,25,30,193.12,157.25,4,0,2025-11-24,1.09,0.0,-307.77,berlinda,4,-1.0,4360.66,4255.8057,,66.05504587155964,Risco Médio,🟡 Acima com risco,39.999999999999964
HOA0704,Salvador-Ondina_Rio_Vermelho-apartamento-SUP-1Q,Carteira 2,BA,"Salvador, BA","Salvador, BA, Ondina",0,101,3607.56,86,3539.22,2025-11,0.7333,0.693,22,30,191.05,167.4,5,0,2025-11-24,1.02,0.0,-68.34000000000015,berlinda,5,-0.0,4444.5599999999995,4221.3321,,94.72477064220183,Risco Alto,🟡 Acima com risco,166.66666666666654
OKA120,Florianopolis-Campeche-apartamento-SUP-1Q,Carteira 1,SC,"Florianópolis, SC","Florianópolis, SC, Campeche",0,1040,3324.97,28,3106.87,2025-11,0.6333,0.6807,19,30,216.11,262.83,6,0,2025-11-24,1.07,0.0,-218.0999999999999,berlinda,6,-0.0,4901.95,4323.671434,,81.65137614678899,Risco Alto,🟡 Acima com risco,74.99999999999994
RAL0303,Florianopolis-Ingleses_Centro-apartamento-SUP-2Q,Carteira 1,SC,"Florianópolis, SC","Florianópolis, SC, Ingleses do Rio Vermelho",0,390,2294.56,30,2233.61,2025-11,0.4667,0.4151,14,30,213.43,207.5,2,0,2025-11-24,1.03,0.0,-60.94999999999982,berlinda,2,-0.0,2709.56,2488.2405,,75.22935779816514,Risco Médio,🟡 Acima com risco,49.99999999999996
CAT406,Florianopolis-Centrao-apartamento-JR-1Q,Carteira 4,SC,"Florianópolis, SC","Florianópolis, SC, Centro",0,1520,3791.98,72,3484.62,2025-11,0.7667,0.6339,23,30,205.0,109.0,3,0,2025-11-24,1.09,0.0,-307.3600000000001,berlinda,3,-2.0,4118.98,4042.6909,,57.798165137614674,Risco Médio,🟡 Acima com risco,29.99999999999997
EHI0401,Itajai-Praia_Brava-apartamento-MASTER-2Q,Carteira 6,SC,"Itajaí, SC","Itajaí, SC, Praia Brava",10,317,6773.77,14,6801.07,2025-11,0.95,0.6597,19,30,422.68,,0,0,2025-11-24,1.0,4226.8,27.299999999999272,berlinda,0,0.0,,,,15.825688073394495,Sem Risco,🟡 Acima sem ação,0.0
HMO0410,Sao_Paulo-Butanta-apartamento-SUP-1Q,Carteira 4,SP,"São Paulo, SP","São Paulo, SP, Butantã",0,428,4319.48,32,3965.99,2025-11,0.8333,0.716,25,30,204.68,150.0,1,0,2025-11-24,1.09,0.0,-353.4899999999998,berlinda,1,-2.0,4469.48,4444.474999999999,,34.174311926605505,Risco Baixo,🟡 Acima com risco,9.999999999999991
SHR103,Florianopolis-Novo_Campeche-apartamento-TOP-1Q,Carteira 1,SC,"Florianópolis, SC","Florianópolis, SC, Campeche",4,961,5973.22,52,5653.12,2025-11,0.7308,0.7115,19,30,417.53,206.0,1,0,2025-11-24,1.06,1670.12,-320.10000000000036,berlinda,1,-1.0,6179.22,6123.7648,,40.825688073394495,Risco Baixo,🟡 Acima com risco,14.285714285714272
ESR1912,Curitiba-Batel-apartamento-TOP-1Q,Carteira 4,PR,"Curitiba, PR","Curitiba, PR, Centro",0,656,4572.6,28,4436.15,2025-11,0.7667,0.5622,23,30,224.3,,0,0,2025-11-24,1.03,0.0,-136.45000000000073,berlinda,0,0.0,,,,15.825688073394495,Sem Risco,🟡 Acima sem ação,0.0
ETL2702,Balneario_Camboriu-Norte-apartamento-MASTER-4Q,Carteira 6,SC,"Balneário Camboriú, SC","Balneário Camboriú, SC, Pioneiros",8,334,14167.07,21,13138.88,2025-11,0.9091,0.4972,20,30,990.3,,0,3,2025-11-24,1.08,7922.4,-1028.1900000000005,berlinda,0,0.0,,,,15.825688073394495,Sem Risco,🟡 Acima sem ação,0.0
GDP0010,Brasilia-Asa_Sul-apartamento-JR-1Q,Carteira 1_sys-price,DF,"Brasília, DF","Brasília, DF, Asa Sul",0,190,3744.87,231,3464.77,2025-11,0.7333,0.7954,22,30,203.68,,0,0,2025-11-24,1.08,0.0,-280.0999999999999,berlinda,0,0.0,,,,15.825688073394495,Sem Risco,🟡 Acima sem ação,0.0
IHD0101,Florianopolis-Jurere_Longe-apartamento-TOP-2Q,Carteira 1,SC,"Florianópolis, SC","Florianópolis, SC, Jurerê Internacional",0,39,8890.92,16,8083.58,2025-11,0.7333,0.6861,22,30,476.68,383.0,1,0,2025-11-24,1.1,0.0,-807.3400000000001,berlinda,1,-2.0,9273.92,9171.7739,,31.880733944954127,Risco Baixo,🟡 Acima com risco,9.090909090909083
JCS0004,Penha-Longe-casa-SUP-1Q,Carteira 6,SC,"Penha, SC","Penha, SC, Armação",0,326,2785.96,63,2553.81,2025-11,0.7667,0.4976,23,30,172.17,,0,0,2025-11-24,1.09,0.0,-232.1500000000001,berlinda,0,0.0,,,,15.825688073394495,Sem Risco,🟡 Acima sem ação,0.0
SPJ0201,Especial-SPJ-apartamento-TOP-1Q,Carteira 5,SC,"Florianópolis, SC","Florianópolis, SC, Jurerê",0,516,6589.55,16,6452.9,2025-11,0.8333,0.7069,25,30,320.08,192.0,1,0,2025-11-24,1.02,0.0,-136.65000000000055,berlinda,1,-0.0,6781.55,6749.5436,,61.23853211009175,Risco Médio,🟡 Acima com risco,33.33333333333331
BPM0909,Salvador-Barra-apartamento-SUP-1Q,Carteira 2,BA,"Salvador, BA","Salvador, BA, Barra",0,12,4501.09,212,4248.24,2025-11,0.9333,0.7112,28,30,194.93,130.0,1,0,2025-11-24,1.06,0.0,-252.85000000000036,berlinda,1,-1.0,4631.09,4622.419,,40.825688073394495,Risco Baixo,🟡 Acima com risco,14.285714285714272
DMS0304,Gramado-Centro-apartamento-TOP-2Q,Carteira 4,RS,"Gramado, RS","Gramado, RS, Bairro Belverede",1,260,12202.09,55,11231.9,2025-11,0.8966,0.7261,26,30,624.27,,0,0,2025-11-24,1.09,624.27,-970.1900000000005,berlinda,0,0.0,,,,15.825688073394495,Sem Risco,🟡 Acima sem ação,0.0
VST014,Especial-VST-casa-TOP-1Q,Carteira 5,SC,"Anitápolis, SC","Anitápolis, SC, Rio dos pinheiros",2,457,4230.75,54,3890.57,2025-11,0.8571,0.3016,24,30,243.25,180.0,1,0,2025-11-24,1.09,486.5,-340.17999999999984,berlinda,1,-1.0,4410.75,4385.028,,34.174311926605505,Risco Baixo,🟡 Acima com risco,9.999999999999991
NWT1022,Especial-NWT-apartamento-TOP-1Q,Carteira 5,AL,"Maceió, AL","Maceió, AL, Pajuçara",1,199,5203.95,43,5085.72,2025-11,0.7241,0.6637,21,30,302.29,290.5,4,0,2025-11-24,1.02,302.29,-118.22999999999956,berlinda,4,-0.0,6365.95,6045.3542,,92.20183486238533,Risco Alto,🟡 Acima com risco,133.33333333333323
CPJ504,Florianopolis-Jurere_Internacional-apartamento-SUP-2Q,Carteira 1,SC,"Florianópolis, SC","Florianópolis, SC, Jurerê Internacional",0,201,6515.17,29,6050.7,2025-11,0.7,0.5818,21,30,367.1,252.0,2,0,2025-11-24,1.08,0.0,-464.47000000000025,berlinda,2,-1.0,7019.17,6867.97,,52.06422018348624,Risco Médio,🟡 Acima com risco,22.222222222222204
JVV303,Florianopolis-Itacorubi-apartamento-SUP-1Q,Carteira 4,SC,"Florianópolis, SC","Florianópolis, SC, Itacorubi",2,590,3318.15,15,3153.33,2025-11,0.8571,0.6431,24,30,243.79,141.0,1,0,2025-11-24,1.05,487.58,-164.82000000000016,berlinda,1,-1.0,3459.15,3439.0011,,43.57798165137615,Risco Baixo,🟡 Acima com risco,16.666666666666654
SLV0011,Goiania-Universitario-apartamento-SUP-1Q,Carteira 1_sys-price,GO,"Goiânia, GO","Goiânia, GO, Setor Leste Vila Nova",0,323,2493.31,55,2451.82,2025-11,0.6667,0.4927,20,30,139.67,146.83,6,0,2025-11-24,1.02,0.0,-41.48999999999978,berlinda,6,-0.0,3374.29,3080.659366,,95.87155963302753,Risco Alto,🟡 Acima com risco,199.99999999999983
TCO0914,Porto_Alegre-Centro_Historico-apartamento-SUP-1Q,Carteira 4,RS,"Porto Alegre, RS","Porto Alegre, RS, Centro Histórico",1,491,2602.2,77,2393.45,2025-11,0.8621,0.6126,25,30,124.68,120.0,2,0,2025-11-24,1.09,124.68,-208.75,berlinda,2,-1.0,2842.2,2809.104,,48.39449541284404,Risco Baixo,🟡 Acima com risco,19.999999999999982
IFT0903,Itapema-Meia_Praia-Norte-apartamento-TOP-1Q,Carteira 6,SC,"Itapema, SC","Itapema, SC, Meia Praia",0,4,3555.64,32,3277.09,2025-11,0.8667,0.4396,26,30,182.54,189.67,3,0,2025-11-24,1.08,0.0,-278.5499999999997,berlinda,3,-1.0,4124.65,4048.800967,,61.23853211009175,Risco Médio,🟡 Acima com risco,33.33333333333331
TCO0612,Porto_Alegre-Centro_Historico-apartamento-SUP-1Q,Carteira 4,RS,"Porto Alegre, RS","Porto Alegre, RS, Centro Histórico",1,564,2598.9,77,2393.45,2025-11,0.8966,0.6126,26,30,120.0,,0,0,2025-11-24,1.09,120.0,-205.45000000000027,berlinda,0,0.0,,,,15.825688073394495,Sem Risco,🟡 Acima sem ação,0.0
YOU1203,Sao_Paulo-Pinheiros-apartamento-TOP-1Q,Carteira 4_sys-price,SP,"São Paulo, SP","São Paulo, SP, Jardim Paulistano",0,410,5888.33,280,5571.86,2025-11,0.8333,0.7295,25,30,297.48,205.0,1,0,2025-11-24,1.06,0.0,-316.47000000000025,berlinda,1,-1.0,6093.33,6059.1565,,40.825688073394495,Risco Baixo,🟡 Acima com risco,14.285714285714272
DNAG1702,Goiania-Central-apartamento-TOP-1Q,Carteira 1_sys-price,GO,"Goiânia, GO","Goiânia, GO, Setor Bueno",0,107,3251.29,54,3159.15,2025-11,0.7333,0.5673,22,30,180.77,174.5,2,7,2025-11-24,1.03,0.0,-92.13999999999987,berlinda,2,-0.0,3600.29,3507.2117,,75.22935779816514,Risco Médio,🟡 Acima com risco,49.99999999999996
NWT0404,Especial-NWT-apartamento-TOP-1Q,Carteira 5,AL,"Maceió, AL","Maceió, AL, Pajuçara",0,93,5133.15,43,5085.72,2025-11,0.6333,0.6637,19,30,327.05,294.0,6,0,2025-11-24,1.01,0.0,-47.42999999999938,berlinda,6,-0.0,6897.15,6250.2912,,97.70642201834863,Risco Alto,🟡 Acima com risco,299.9999999999998
UPP0614,Curitiba-Centro-apartamento-JR-1Q,Carteira 4,PR,"Curitiba, PR","Curitiba, PR, Alto da XV",2,26,2573.0,289,2479.88,2025-11,0.75,0.6885,21,30,157.29,,0,0,2025-11-24,1.04,314.58,-93.11999999999989,berlinda,0,0.0,,,,15.825688073394495,Sem Risco,🟡 Acima sem ação,0.0
EME0218,Brasilia-Asa_Norte-apartamento-SUP-1Q,Carteira 1_sys-price,DF,"Brasília, DF","Brasília, DF, Setor Noroeste",0,430,4253.64,142,4078.89,2025-11,0.7667,0.8171,23,30,214.35,216.5,2,0,2025-11-24,1.04,0.0,-174.75000000000045,berlinda,2,-0.0,4686.64,4585.6211,,66.05504587155964,Risco Médio,🟡 Acima com risco,39.999999999999964
MMD0604,Ilheus-Sul-apartamento-SUP-2Q,Carteira 2,BA,"Ilhéus, BA","Ilhéus, BA, São Francisco",0,162,2845.28,39,2676.44,2025-11,0.6333,0.3785,19,30,174.16,160.67,3,0,2025-11-24,1.06,0.0,-168.84000000000015,berlinda,3,-1.0,3327.29,3150.5369330000003,,69.4954128440367,Risco Médio,🟡 Acima com risco,42.85714285714282
VAC0201,Barra_Velha-Tabuleiro-apartamento-SUP-2Q,Carteira 3,SC,"Barra Velha, SC","Barra Velha, SC, Itajuba",5,436,2273.24,14,2189.81,2025-11,0.68,0.448,17,30,173.47,136.0,1,0,2025-11-24,1.04,867.35,-83.42999999999984,berlinda,1,-0.0,2409.24,2365.72,,48.39449541284404,Risco Baixo,🟡 Acima com risco,19.999999999999982
NWT0418,Especial-NWT-apartamento-TOP-1Q,Carteira 5,AL,"Maceió, AL","Maceió, AL, Pajuçara",0,310,5335.01,43,5085.72,2025-11,0.6333,0.6637,19,30,362.63,298.0,4,0,2025-11-24,1.05,0.0,-249.28999999999996,berlinda,4,-0.0,6527.01,6089.903600000001,,79.58715596330275,Risco Médio,🟡 Acima com risco,66.66666666666661
RFA303,Porto_Alegre-Santana-apartamento-SUP-1Q,Carteira 4,RS,"Porto Alegre, RS","Porto Alegre, RS, Santo Antônio",0,423,2449.29,75,2301.8,2025-11,0.7,0.5294,21,30,142.48,130.0,2,0,2025-11-24,1.06,0.0,-147.48999999999978,berlinda,2,-1.0,2709.29,2631.29,,56.65137614678899,Risco Médio,🟡 Acima com risco,28.571428571428545
RRI103,Florianopolis-Centrao-apartamento-TOP-2Q,Carteira 4,SC,"Florianópolis, SC","Florianópolis, SC, Centro",7,761,5391.27,25,5317.6,2025-11,0.7391,0.5668,17,30,385.65,219.0,3,0,2025-11-24,1.01,2699.5499999999997,-73.67000000000007,berlinda,3,-0.0,6048.27,5876.858700000001,,93.34862385321101,Risco Alto,🟡 Acima com risco,149.9999999999999
NWT0922,Especial-NWT-apartamento-TOP-1Q,Carteira 5,AL,"Maceió, AL","Maceió, AL, Pajuçara",1,221,5549.0,43,5085.72,2025-11,0.8276,0.6637,24,30,279.04,250.0,2,0,2025-11-24,1.09,279.04,-463.27999999999975,berlinda,2,-1.0,6049.0,5962.8,,48.39449541284404,Risco Baixo,🟡 Acima com risco,19.999999999999982
NWT1004,Especial-NWT-apartamento-TOP-1Q,Carteira 5,AL,"Maceió, AL","Maceió, AL, Pajuçara",1,199,5398.24,43,5085.72,2025-11,0.7586,0.6637,22,30,298.59,280.0,1,0,2025-11-24,1.06,298.59,-312.5199999999995,berlinda,1,-1.0,5678.24,5610.648,,40.825688073394495,Risco Baixo,🟡 Acima com risco,14.285714285714272
TRC0507,Florianopolis-UFSC-apartamento-SUP-1Q,Carteira 4,SC,"Florianópolis, SC","Florianópolis, SC, Carvoeira",0,50,3742.37,45,3461.85,2025-11,0.8667,0.6721,26,30,192.77,112.0,2,0,2025-11-24,1.08,0.0,-280.52,berlinda,2,-2.0,3966.37,3936.5108,,52.06422018348624,Risco Médio,🟡 Acima com risco,22.222222222222204
PTG0030,Porto_Seguro-Pitinga-casa-TOP-4Q,Carteira 2,BA,"Porto Seguro, BA","Porto Seguro, BA, Arraial DAjuda",7,393,7735.66,11,7223.46,2025-11,0.4348,0.4615,10,30,866.5,800.0,1,17,2025-11-24,1.07,6065.5,-512.1999999999998,berlinda,1,-0.0,8535.66,8083.5,,38.76146788990826,Risco Baixo,🟡 Acima com risco,12.49999999999999
SKL1107,Penha-Praia-apartamento-SUP-3Q,Carteira 6,SC,"Penha, SC","Penha, SC, Armação",0,37,4097.46,21,4103.87,2025-11,0.5,0.3469,15,30,322.93,,0,0,2025-11-24,1.0,0.0,6.4099999999998545,berlinda,0,0.0,,,,15.825688073394495,Sem Risco,🟡 Acima sem ação,0.0
TCO0512,Porto_Alegre-Centro_Historico-apartamento-SUP-1Q,Carteira 4,RS,"Porto Alegre, RS","Porto Alegre, RS, Centro Histórico",0,509,2391.84,77,2393.45,2025-11,0.7,0.6126,21,30,127.48,121.0,2,0,2025-11-24,1.0,0.0,1.6099999999996726,berlinda,2,1.0,2633.84,2561.2400000000002,,95.87155963302753,Risco Alto,🟡 Acima com risco,199.99999999999983
JBV279,Especial-JBV-hotel-JR-1Q,Especial,SC,"Florianópolis, SC","Florianópolis, SC, Jurerê",2,1065,11028.94,27,10333.97,2025-11,0.6786,0.693,19,30,710.63,509.0,1,0,2025-11-24,1.07,1421.26,-694.9700000000012,berlinda,1,-1.0,11537.94,11374.3474,,38.76146788990826,Risco Baixo,🟡 Acima com risco,12.49999999999999
OAG0820,Sao_Paulo-Pinheiros-apartamento-TOP-1Q,Carteira 4_sys-price,SP,"São Paulo, SP","São Paulo, SP, Cerqueira César",3,368,5746.66,280,5571.86,2025-11,0.8148,0.7295,22,30,345.64,,0,0,2025-11-24,1.03,1036.92,-174.80000000000018,berlinda,0,0.0,,,,15.825688073394495,Sem Risco,🟡 Acima sem ação,0.0
EOX0705,Florianopolis-Centrao-apartamento-JR-1Q,Carteira 4,SC,"Florianópolis, SC","Florianópolis, SC, Centro",0,50,3742.17,72,3484.62,2025-11,0.9333,0.6339,28,30,152.86,,0,0,2025-11-24,1.07,0.0,-257.5500000000002,berlinda,0,0.0,,,,15.825688073394495,Sem Risco,🟡 Acima sem ação,0.0
ILC3111,Especial-ILC-hotel-JR-1Q,Especial,SC,"Florianópolis, SC","Florianópolis, SC, Jurerê Internacional",0,1898,10897.54,17,10796.7,2025-11,0.7,0.6721,21,30,635.33,,0,0,2025-11-24,1.01,0.0,-100.84000000000015,berlinda,0,0.0,,,,15.825688073394495,Sem Risco,🟡 Acima sem ação,0.0
RLN0104,Gramado-Geral-apartamento-JR-2Q,Carteira 4,RS,"Gramado, RS","Gramado, RS, Ipê Amarelo",7,304,4033.59,52,4002.49,2025-11,0.7391,0.5359,17,30,321.35,206.0,3,0,2025-11-24,1.01,2249.4500000000003,-31.100000000000364,berlinda,3,-0.0,4651.59,4490.3538,,93.34862385321101,Risco Alto,🟡 Acima com risco,149.9999999999999
SKL1003,Penha-Praia-apartamento-SUP-2Q,Carteira 6,SC,"Penha, SC","Penha, SC, Armação",0,37,4002.91,55,3663.31,2025-11,0.7,0.5039,21,30,290.95,196.0,1,0,2025-11-24,1.09,0.0,-339.5999999999999,berlinda,1,-1.0,4198.91,4140.11,,34.174311926605505,Risco Baixo,🟡 Acima com risco,9.999999999999991
JRR309,Florianopolis-Jurere_Tradicional-apartamento-TOP-3Q,Carteira 1,SC,"Florianópolis, SC","Florianópolis, SC, Jurerê",3,142,9667.08,19,9386.02,2025-11,0.7407,0.5468,20,30,618.9,,0,0,2025-11-24,1.03,1856.6999999999998,-281.0599999999995,berlinda,0,0.0,,,,15.825688073394495,Sem Risco,🟡 Acima sem ação,0.0
CNU202,Florianopolis-Ingleses_Norte-apartamento-JR-2Q,Carteira 1,SC,"Florianópolis, SC","Florianópolis, SC, Ingleses do Rio Vermelho",0,1187,2062.97,37,2023.39,2025-11,0.4,0.4458,12,30,231.42,154.33,3,0,2025-11-24,1.02,0.0,-39.5799999999997,berlinda,3,-0.0,2525.96,2248.1659999999997,,87.38532110091744,Risco Alto,🟡 Acima com risco,99.99999999999991
SDP0206,Florianopolis-Ingleses_Praia-apartamento-SUP-2Q,Carteira 1,SC,"Florianópolis, SC","Florianópolis, SC, Ingleses do Rio Vermelho",2,946,3466.61,57,3264.0,2025-11,0.4643,0.4856,13,30,366.77,252.0,3,0,2025-11-24,1.06,733.54,-202.61000000000013,berlinda,3,-0.0,4222.610000000001,3817.6208,,69.4954128440367,Risco Médio,🟡 Acima com risco,42.85714285714282
SHA0104,Balneario_Picarras-Geral-apartamento-SUP-2Q,Carteira 6,SC,"Balneário Piçarras, SC","Balneário Piçarras, SC, Centro",7,45,1762.85,85,1751.85,2025-11,0.6522,0.3621,15,30,144.2,115.0,1,0,2025-11-24,1.01,1009.3999999999999,-11.0,berlinda,1,-0.0,1877.85,1837.8529999999998,,75.22935779816514,Risco Médio,🟡 Acima com risco,49.99999999999996
TCO1014,Porto_Alegre-Centro_Historico-apartamento-SUP-1Q,Carteira 4,RS,"Porto Alegre, RS","Porto Alegre, RS, Centro Histórico",0,572,2441.16,77,2393.45,2025-11,0.7333,0.6126,22,30,140.55,120.0,3,0,2025-11-24,1.02,0.0,-47.710000000000036,berlinda,3,-0.0,2801.16,2705.1479999999997,,87.38532110091744,Risco Alto,🟡 Acima com risco,99.99999999999991
NWT0914,Especial-NWT-apartamento-TOP-1Q,Carteira 5,AL,"Maceió, AL","Maceió, AL, Pajuçara",2,221,5501.23,43,5085.72,2025-11,0.7143,0.6637,20,30,337.35,250.0,3,0,2025-11-24,1.08,674.7,-415.5099999999993,berlinda,3,-1.0,6251.23,6036.955,,61.23853211009175,Risco Médio,🟡 Acima com risco,33.33333333333331
SSG0107,Florianopolis-UFSC-apartamento-TOP-1Q,Carteira 4,SC,"Florianópolis, SC","Florianópolis, SC, Córrego Grande",0,758,3850.25,17,3684.75,2025-11,0.8333,0.6764,25,30,299.32,184.0,1,0,2025-11-24,1.04,0.0,-165.5,berlinda,1,-0.0,4034.25,4003.5772,,48.39449541284404,Risco Baixo,🟡 Acima com risco,19.999999999999982
TPS212,Florianopolis-Canasvieiras_Meio-apartamento-TOP-1Q,Carteira 1,SC,"Florianópolis, SC","Florianópolis, SC, Canasvieiras",0,1030,4368.21,26,4125.61,2025-11,0.7333,0.558,22,30,250.27,,0,0,2025-11-24,1.06,0.0,-242.60000000000036,berlinda,0,0.0,,,,15.825688073394495,Sem Risco,🟡 Acima sem ação,0.0
NDE0001,Florianopolis-Campeche-apartamento-SUP-1Q,Carteira 1,SC,"Florianópolis, SC","Florianópolis, SC, Ribeirão da Ilha",0,205,3403.67,28,3106.87,2025-11,0.6667,0.6807,20,30,206.7,242.2,5,0,2025-11-24,1.1,0.0,-296.8000000000002,berlinda,5,-1.0,4614.67,4211.0437,,71.55963302752293,Risco Médio,🟡 Acima com risco,45.45454545454541
DNAG0706,Goiania-Central-apartamento-TOP-1Q,Carteira 1_sys-price,GO,"Goiânia, GO","Goiânia, GO, Setor Bueno",3,185,3399.4,54,3159.15,2025-11,0.8148,0.5673,22,30,176.23,188.5,2,0,2025-11-24,1.08,528.6899999999999,-240.25,berlinda,2,-1.0,3776.4,3706.5796,,52.06422018348624,Risco Médio,🟡 Acima com risco,22.222222222222204
JMA010,Florianopolis-Jurere_Longe-apartamento-JR-1Q,Carteira 1,SC,"Florianópolis, SC","Florianópolis, SC, Jurerê",0,487,2093.91,47,1965.96,2025-11,0.5667,0.4896,17,30,154.94,127.33,3,0,2025-11-24,1.07,0.0,-127.94999999999982,berlinda,3,-1.0,2475.8999999999996,2310.3837329999997,,64.22018348623854,Risco Médio,🟡 Acima com risco,37.49999999999997
VLA,Florianopolis-Santinho-apartamento-SUP-2Q,Carteira 1,SC,"Florianópolis, SC","Florianópolis, SC, Ingleses do Rio Vermelho",0,285,3859.5,12,3597.13,2025-11,0.5,0.4777,15,30,324.45,236.5,2,0,2025-11-24,1.07,0.0,-262.3699999999999,berlinda,2,-1.0,4332.5,4096.0,,54.81651376146789,Risco Médio,🟡 Acima com risco,24.99999999999998
COE0406,Sao_Paulo-Pinheiros-apartamento-TOP-1Q,Carteira 4_sys-price,SP,"São Paulo, SP","São Paulo, SP, Pinheiros",0,522,5728.05,280,5571.86,2025-11,0.7,0.7295,21,30,313.38,226.33,3,0,2025-11-24,1.03,0.0,-156.1900000000005,berlinda,3,-0.0,6407.04,6203.343,,81.65137614678899,Risco Alto,🟡 Acima com risco,74.99999999999994
CHR025,Florianopolis-Jurere_Longe-apartamento-JR-2Q,Carteira 1,SC,"Florianópolis, SC","Florianópolis, SC, Jurerê",9,204,3512.46,21,3322.23,2025-11,0.8571,0.4815,18,30,229.11,,0,2,2025-11-24,1.06,2061.9900000000002,-190.23000000000002,berlinda,0,0.0,,,,15.825688073394495,Sem Risco,🟡 Acima sem ação,0.0
CPL025,Canela-Catedral-apartamento-TOP-1Q,Carteira 4,RS,"Canela, RS","Canela, RS, Centro",0,206,5681.96,36,5252.43,2025-11,0.9,0.6361,27,30,263.52,198.5,2,0,2025-11-24,1.08,0.0,-429.52999999999975,berlinda,2,-2.0,6078.96,6039.26,,52.06422018348624,Risco Médio,🟡 Acima com risco,22.222222222222204
EDT0010,Porto_Seguro-Pataxos-apartamento-SUP-2Q,Carteira 2,BA,"Porto Seguro, BA","Porto Seguro, BA, Taperapuan",2,723,3672.1,44,3643.3,2025-11,0.7143,0.5205,20,30,204.45,,0,0,2025-11-24,1.01,408.9,-28.799999999999727,berlinda,0,0.0,,,,15.825688073394495,Sem Risco,🟡 Acima sem ação,0.0
GMB0414,Brasilia-Setor_Hoteleiro-apartamento-TOP-1Q,Carteira 1_sys-price,DF,"Brasília, DF","Brasília, DF, Asa Norte",0,691,6367.43,20,6155.91,2025-11,0.8667,0.7293,26,30,309.65,,0,5,2025-11-24,1.03,0.0,-211.52000000000044,berlinda,0,0.0,,,,15.825688073394495,Sem Risco,🟡 Acima sem ação,0.0
JBV242,Especial-JBV-hotel-TOP-1Q,Especial,SC,"Florianópolis, SC","Florianópolis, SC, Jurerê",0,1507,11925.49,34,11467.8,2025-11,0.7,0.7407,21,30,707.43,,0,0,2025-11-24,1.04,0.0,-457.6900000000005,berlinda,0,0.0,,,,15.825688073394495,Sem Risco,🟡 Acima sem ação,0.0
TCO0501,Porto_Alegre-Centro_Historico-apartamento-SUP-1Q,Carteira 4,RS,"Porto Alegre, RS","Porto Alegre, RS, Centro Histórico",0,521,2523.02,77,2393.45,2025-11,0.7667,0.6126,23,30,142.26,120.67,3,0,2025-11-24,1.05,0.0,-129.57000000000016,berlinda,3,-1.0,2885.0299999999997,2800.573067,,75.22935779816514,Risco Médio,🟡 Acima com risco,49.99999999999996
LGA0201,Bombinhas-Centro-apartamento-TOP-3Q,Carteira 6,SC,"Bombinhas, SC","Bombinhas, SC, Centro",2,463,3695.16,24,3601.79,2025-11,0.25,0.3681,7,30,625.0,625.0,5,30,2025-11-24,1.03,1250.0,-93.36999999999989,berlinda,5,-0.0,6820.16,4476.41,,91.74311926605505,Risco Alto,🟡 Acima com risco,124.99999999999989
SPJ0401,Especial-SPJ-apartamento-TOP-1Q,Carteira 5,SC,"Florianópolis, SC","Florianópolis, SC, Jurerê",0,384,6777.63,16,6452.9,2025-11,0.9,0.7069,27,30,311.81,193.0,1,0,2025-11-24,1.05,0.0,-324.7300000000005,berlinda,1,-1.0,6970.63,6951.33,,43.57798165137615,Risco Baixo,🟡 Acima com risco,16.666666666666654
CSF0202,Salvador-Barra-apartamento-SUP-2Q,Carteira 2,BA,"Salvador, BA","Salvador, BA, Barra",0,213,5149.62,29,4906.63,2025-11,0.8,0.7352,24,30,256.17,160.0,1,0,2025-11-24,1.05,0.0,-242.98999999999978,berlinda,1,-1.0,5309.62,5277.62,,43.57798165137615,Risco Baixo,🟡 Acima com risco,16.666666666666654
TBS1105,Florianopolis-Novo_Campeche-apartamento-MASTER-1Q,Carteira 1,SC,"Florianópolis, SC","Florianópolis, SC, Campeche",1,876,6864.59,63,6703.75,2025-11,0.5862,0.6434,17,30,432.58,,0,0,2025-11-24,1.02,432.58,-160.84000000000015,berlinda,0,0.0,,,,15.825688073394495,Sem Risco,🟡 Acima sem ação,0.0
IDVB2602,Goiania-Central-2-apartamento-SUP-1Q,Carteira 1_sys-price,GO,"Goiânia, GO","Goiânia, GO, Setor Oeste",0,313,2571.79,25,2538.24,2025-11,0.5667,0.468,17,30,174.59,178.6,5,0,2025-11-24,1.01,0.0,-33.55000000000018,berlinda,5,-0.0,3464.79,3077.8531,,96.78899082568807,Risco Alto,🟡 Acima com risco,249.99999999999977
BLB1206,Salvador-Barra-apartamento-SUP-1Q,Carteira 2,BA,"Salvador, BA","Salvador, BA, Barra",0,355,4422.4,212,4248.24,2025-11,0.8667,0.7112,26,30,200.69,,0,0,2025-11-24,1.04,0.0,-174.15999999999985,berlinda,0,0.0,,,,15.825688073394495,Sem Risco,🟡 Acima sem ação,0.0
CMM0043,Penha-Central-casa-JR-5Q,Carteira 6,SC,"Penha, SC","Penha, SC, Armação",6,25,4223.22,27,3893.0,2025-11,0.75,0.4295,18,30,310.78,,0,0,2025-11-24,1.08,1864.6799999999998,-330.22000000000025,berlinda,0,0.0,,,,15.825688073394495,Sem Risco,🟡 Acima sem ação,0.0
EEC0403,Guarapari-Centro-apartamento-JR-1Q,Carteira 4,ES,"Guarapari, ES","Guarapari, ES, Centro",1,145,1809.04,69,1725.09,2025-11,0.4828,0.5029,14,30,143.43,110.0,2,0,2025-11-24,1.05,143.43,-83.95000000000005,berlinda,2,-0.0,2029.04,1915.2559999999999,,61.23853211009175,Risco Médio,🟡 Acima com risco,33.33333333333331
ILC3103,Especial-ILC-hotel-JR-1Q,Especial,SC,"Florianópolis, SC","Florianópolis, SC, Jurerê Internacional",0,1494,10848.36,17,10796.7,2025-11,0.7333,0.6721,22,30,607.64,547.0,1,0,2025-11-24,1.0,0.0,-51.659999999999854,berlinda,1,-0.0,11395.36,11249.4751,,87.38532110091744,Risco Alto,🟡 Acima com risco,99.99999999999991
OKA142,Florianopolis-Campeche-apartamento-SUP-1Q,Carteira 1,SC,"Florianópolis, SC","Florianópolis, SC, Campeche",6,1053,3341.95,28,3106.87,2025-11,0.7083,0.6807,17,30,267.0,245.0,3,0,2025-11-24,1.08,1602.0,-235.07999999999993,berlinda,3,-0.0,4076.95,3862.5505,,61.23853211009175,Risco Médio,🟡 Acima com risco,33.33333333333331
SPT0204,Blumenau-Central-apartamento-JR-1Q,Carteira 4,SC,"Blumenau, SC","Blumenau, SC, Itoupava Seca",0,534,972.12,42,910.58,2025-11,0.3667,0.3663,11,30,105.91,100.0,6,23,2025-11-24,1.07,0.0,-61.539999999999964,berlinda,6,-0.0,1572.12,1192.14,,81.65137614678899,Risco Alto,🟡 Acima com risco,74.99999999999994
NWT0903,Especial-NWT-apartamento-TOP-1Q,Carteira 5,AL,"Maceió, AL","Maceió, AL, Pajuçara",1,219,5347.34,43,5085.72,2025-11,0.7931,0.6637,23,30,271.57,258.67,3,0,2025-11-24,1.05,271.57,-261.6199999999999,berlinda,3,-1.0,6123.35,5962.793531,,75.22935779816514,Risco Médio,🟡 Acima com risco,49.99999999999996
RCX1807,Itajai-Praia_Brava-apartamento-MASTER-2Q,Carteira 6,SC,"Itajaí, SC","Itajaí, SC, Praia Brava",0,261,6974.58,14,6801.07,2025-11,0.8333,0.6597,25,30,338.0,250.0,1,9,2025-11-24,1.03,0.0,-173.51000000000022,berlinda,1,-0.0,7224.58,7182.905,,54.81651376146789,Risco Médio,🟡 Acima com risco,24.99999999999998
UPP0512,Curitiba-Centro-apartamento-JR-1Q,Carteira 4,PR,"Curitiba, PR","Curitiba, PR, Alto da XV",0,17,2471.87,289,2479.88,2025-11,0.7,0.6885,21,30,146.62,130.0,4,0,2025-11-24,1.0,0.0,8.010000000000218,berlinda,4,1.0,2991.87,2835.87,,99.08256880733946,Risco Alto,🟡 Acima com risco,399.99999999999966
BTR0302,Balneario_Camboriu-Intermediario-apartamento-JR-2Q,Carteira 6,SC,"Balneário Camboriú, SC","Balneário Camboriú, SC, Centro",16,681,2481.33,54,2325.59,2025-11,1.0,0.4655,14,30,241.0,,0,0,2025-11-24,1.07,3856.0,-155.73999999999978,berlinda,0,0.0,,,,15.825688073394495,Sem Risco,🟡 Acima sem ação,0.0
HOX1010,Sao_Paulo-Pinheiros-apartamento-SUP-1Q,Carteira 4,SP,"São Paulo, SP","São Paulo, SP, Pinheiros",0,137,4786.34,429,4667.71,2025-11,0.7333,0.7106,22,30,256.68,178.5,2,0,2025-11-24,1.03,0.0,-118.63000000000011,berlinda,2,-0.0,5143.34,5048.1281,,75.22935779816514,Risco Médio,🟡 Acima com risco,49.99999999999996
JFM0101,Florianopolis-Beira_Mar-apartamento-JR-2Q,Carteira 4,SC,"Florianópolis, SC","Florianópolis, SC, Centro",0,117,5423.81,31,5229.55,2025-11,0.8333,0.687,25,30,256.12,181.0,2,0,2025-11-24,1.04,0.0,-194.26000000000022,berlinda,2,-1.0,5785.81,5725.4646,,66.05504587155964,Risco Médio,🟡 Acima com risco,39.999999999999964
MLU0306,Gramado-Geral-apartamento-SUP-1Q,Carteira 4,RS,"Gramado, RS","Gramado, RS, Bavaria",0,100,5865.31,83,5551.49,2025-11,0.8333,0.7112,25,30,287.32,,0,0,2025-11-24,1.06,0.0,-313.8200000000006,berlinda,0,0.0,,,,15.825688073394495,Sem Risco,🟡 Acima sem ação,0.0
RLA0201,Gramado-Geral-apartamento-TOP-2Q,Carteira 4,RS,"Gramado, RS","Gramado, RS, Tres Pinheiros",0,267,10456.61,94,9525.36,2025-11,1.0,0.6983,30,30,474.17,,0,0,2025-11-24,1.1,0.0,-931.25,berlinda,0,0.0,,,,15.825688073394495,Sem Risco,🟡 Acima sem ação,0.0
SPJ0501,Especial-SPJ-apartamento-TOP-1Q,Carteira 5,SC,"Florianópolis, SC","Florianópolis, SC, Jurerê",0,382,6839.72,16,6452.9,2025-11,0.9333,0.7069,28,30,316.32,245.0,1,0,2025-11-24,1.06,0.0,-386.8200000000006,berlinda,1,-1.0,7084.72,7068.378500000001,,40.825688073394495,Risco Baixo,🟡 Acima com risco,14.285714285714272
IAB109,Camaçari-Itacimirim-apartamento-SUP-2Q,Carteira 2,BA,"Camaçari, BA","Camaçari, BA, Itacimirim",2,641,2997.37,27,2919.75,2025-11,0.25,0.3963,7,30,500.0,500.0,6,30,2025-11-24,1.03,1000.0,-77.61999999999989,berlinda,6,-0.0,5997.37,3747.37,,93.34862385321101,Risco Alto,🟡 Acima com risco,149.9999999999999
MMD0605,Ilheus-Sul-apartamento-SUP-2Q,Carteira 2,BA,"Ilhéus, BA","Ilhéus, BA, São Francisco",0,46,2839.42,39,2676.44,2025-11,0.6333,0.3785,19,30,198.74,161.0,3,0,2025-11-24,1.06,0.0,-162.98000000000002,berlinda,3,-1.0,3322.42,3145.3039,,69.4954128440367,Risco Médio,🟡 Acima com risco,42.85714285714282
CZZ0404,Urubici-Geral-apartamento-SUP-1Q,Especial,SC,"Urubici, SC","Urubici, SC, Centro",1,221,1789.14,55,1722.65,2025-11,0.2759,0.2319,8,30,266.63,166.5,6,0,2025-11-24,1.04,266.63,-66.49000000000001,berlinda,6,-0.0,2788.1400000000003,2064.7641,,90.82568807339449,Risco Alto,🟡 Acima com risco,119.99999999999989
FFS1402,Itapema-Meia_Praia-Sul-apartamento-SUP-1Q,Carteira 6,SC,"Itapema, SC","Itapema, SC, Meia Praia",9,10,2403.42,19,2238.48,2025-11,0.8571,0.5187,18,30,164.72,138.0,1,0,2025-11-24,1.07,1482.48,-164.94000000000005,berlinda,1,-1.0,2541.42,2521.6998,,38.76146788990826,Risco Baixo,🟡 Acima com risco,12.49999999999999
VFI0103,Gramado-Geral-apartamento-JR-2Q,Carteira 4,RS,"Gramado, RS","Gramado, RS, Centro",9,330,4149.56,52,4002.49,2025-11,0.619,0.5359,13,30,464.38,,0,0,2025-11-24,1.04,4179.42,-147.07000000000062,berlinda,0,0.0,,,,15.825688073394495,Sem Risco,🟡 Acima sem ação,0.0
BLB0507,Salvador-Barra-apartamento-SUP-1Q,Carteira 2,BA,"Salvador, BA","Salvador, BA, Barra",1,72,4424.73,212,4248.24,2025-11,0.8966,0.7112,26,30,203.15,150.0,1,0,2025-11-24,1.04,203.15,-176.48999999999978,berlinda,1,-1.0,4574.73,4559.219999999999,,48.39449541284404,Risco Baixo,🟡 Acima com risco,19.999999999999982
DAL221,Canela-Geral-apartamento-SUP-2Q,Carteira 4,RS,"Canela, RS","Canela, RS, São José",1,169,4719.4,25,4533.9,2025-11,0.5862,0.6141,17,30,333.65,201.0,2,0,2025-11-24,1.04,333.65,-185.5,berlinda,2,-0.0,5121.4,4955.0524,,66.05504587155964,Risco Médio,🟡 Acima com risco,39.999999999999964
EATNR0205,Sao_Paulo-Bela_Vista-apartamento-SUP-1Q,Carteira 4_sys-price,SP,"São Paulo, SP","São Paulo, SP, Bela Vista",3,172,4232.92,605,4142.47,2025-11,0.8519,0.7186,23,30,209.17,150.0,1,0,2025-11-24,1.02,627.51,-90.44999999999982,berlinda,1,-0.0,4382.92,4360.705,,61.23853211009175,Risco Médio,🟡 Acima com risco,33.33333333333331
NWT0615,Especial-NWT-apartamento-TOP-1Q,Carteira 5,AL,"Maceió, AL","Maceió, AL, Pajuçara",1,211,5548.79,43,5085.72,2025-11,0.7586,0.6637,22,30,311.86,,0,0,2025-11-24,1.09,311.86,-463.0699999999997,berlinda,0,0.0,,,,15.825688073394495,Sem Risco,🟡 Acima sem ação,0.0
SIP0709,Salvador-Piata-apartamento-SUP-1Q,Carteira 5,BA,"Salvador, BA","Salvador, BA, Itapuã",5,64,2868.0,23,2647.24,2025-11,0.88,0.6092,22,30,152.05,,0,0,2025-11-24,1.08,760.25,-220.76000000000022,berlinda,0,0.0,,,,15.825688073394495,Sem Risco,🟡 Acima sem ação,0.0
IAA1004,Recife-Boa_Viagem-apartamento-TOP-1Q,Carteira 2,PE,"Recife, PE","Recife, PE, Boa Viagem",0,598,5287.57,40,4981.09,2025-11,0.9667,0.8137,29,30,224.52,,0,0,2025-11-24,1.06,0.0,-306.47999999999956,berlinda,0,0.0,,,,15.825688073394495,Sem Risco,🟡 Acima sem ação,0.0
JBV214,Especial-JBV-hotel-JR-1Q,Especial,SC,"Florianópolis, SC","Florianópolis, SC, Jurerê",0,1045,10556.84,27,10333.97,2025-11,0.8333,0.693,25,30,506.32,355.0,1,0,2025-11-24,1.02,0.0,-222.8700000000008,berlinda,1,-0.0,10911.84,10852.6615,,61.23853211009175,Risco Médio,🟡 Acima com risco,33.33333333333331
MPL0215,Brasilia-Asa_Norte-apartamento-SUP-1Q,Carteira 1_sys-price,DF,"Brasília, DF","Brasília, DF, Asa Norte",0,269,4480.65,142,4078.89,2025-11,0.9667,0.8171,29,30,185.28,,0,0,2025-11-24,1.1,0.0,-401.75999999999976,berlinda,0,0.0,,,,15.825688073394495,Sem Risco,🟡 Acima sem ação,0.0
NWT0803,Especial-NWT-apartamento-TOP-1Q,Carteira 5,AL,"Maceió, AL","Maceió, AL, Pajuçara",0,325,5342.44,43,5085.72,2025-11,0.7,0.6637,21,30,292.73,288.4,5,0,2025-11-24,1.05,0.0,-256.71999999999935,berlinda,5,-0.0,6784.44,6351.839999999999,,84.17431192660551,Risco Alto,🟡 Acima com risco,83.33333333333327
DLH0403,Gramado-Centro-apartamento-TOP-2Q,Carteira 4,RS,"Gramado, RS","Gramado, RS, Centro",3,1,11377.73,55,11231.9,2025-11,0.8148,0.7261,22,30,556.17,255.0,1,0,2025-11-24,1.01,1668.5099999999998,-145.82999999999993,berlinda,1,-0.0,11632.73,11585.503999999999,,75.22935779816514,Risco Médio,🟡 Acima com risco,49.99999999999996
MBCA0302,Goiania-Leste-apartamento-TOP-1Q,Carteira 1_sys-price,GO,"Goiânia, GO","Goiânia, GO, Jardim Goiás",0,207,3851.93,20,3827.79,2025-11,0.8667,0.6222,26,30,185.04,,0,0,2025-11-24,1.01,0.0,-24.139999999999873,berlinda,0,0.0,,,,15.825688073394495,Sem Risco,🟡 Acima sem ação,0.0
NWT0616,Especial-NWT-apartamento-TOP-1Q,Carteira 5,AL,"Maceió, AL","Maceió, AL, Pajuçara",1,215,5411.25,43,5085.72,2025-11,0.7586,0.6637,22,30,274.91,,0,0,2025-11-24,1.06,274.91,-325.52999999999975,berlinda,0,0.0,,,,15.825688073394495,Sem Risco,🟡 Acima sem ação,0.0
PSO0301,Penha-Beto_Carrero-apartamento-SUP-1Q,Carteira 3,SC,"Penha, SC","Penha, SC, Praia de Armação do Itapocoroi",9,13,2213.02,18,2190.5,2025-11,0.7619,0.486,16,30,168.13,,0,0,2025-11-24,1.01,1513.17,-22.519999999999982,berlinda,0,0.0,,,,15.825688073394495,Sem Risco,🟡 Acima sem ação,0.0
VST027,Especial-VST-casa-TOP-1Q,Carteira 5,SC,"Anitápolis, SC","Anitápolis, SC, Rio dos Pinheiros",1,67,3943.26,54,3890.57,2025-11,0.7931,0.3016,23,30,217.35,272.5,2,0,2025-11-24,1.01,217.35,-52.690000000000055,berlinda,2,-0.0,4488.26,4375.4995,,87.38532110091744,Risco Alto,🟡 Acima com risco,99.99999999999991
ILC2310,Especial-ILC-hotel-TOP-1Q,Especial,SC,"Florianópolis, SC","Florianópolis, SC, Jurerê Internacional",0,1327,12355.86,30,11771.46,2025-11,0.8,0.7857,24,30,685.42,448.0,3,0,2025-11-24,1.05,0.0,-584.4000000000015,berlinda,3,-1.0,13699.86,13431.060000000001,,75.22935779816514,Risco Médio,🟡 Acima com risco,49.99999999999996
BLSA1956,Goiania-Central-apartamento-SUP-1Q,Carteira 1_sys-price,GO,"Goiânia, GO","Goiânia, GO, Setor Marista",0,15,2679.38,162,2535.55,2025-11,0.7667,0.5616,23,30,149.35,130.0,3,0,2025-11-24,1.06,0.0,-143.82999999999993,berlinda,3,-1.0,3069.38,2978.393,,69.4954128440367,Risco Médio,🟡 Acima com risco,42.85714285714282
ERG605,Balneario_Camboriu-Norte-apartamento-SUP-2Q,Carteira 6,SC,"Balneário Camboriú, SC","Balneário Camboriú, SC, Centro",1,1159,5132.19,36,4747.03,2025-11,0.8966,0.6023,26,30,224.23,,0,0,2025-11-24,1.08,224.23,-385.15999999999985,berlinda,0,0.0,,,,15.825688073394495,Sem Risco,🟡 Acima sem ação,0.0
TCO1216,Porto_Alegre-Centro_Historico-apartamento-SUP-1Q,Carteira 4,RS,"Porto Alegre, RS","Porto Alegre, RS, Centro Histórico",1,499,2597.1,77,2393.45,2025-11,0.8276,0.6126,24,30,135.83,120.0,4,0,2025-11-24,1.09,135.83,-203.6500000000001,berlinda,4,-1.0,3077.1,2994.348,,66.05504587155964,Risco Médio,🟡 Acima com risco,39.999999999999964
CQS0004,Camaçari-Itacimirim-apartamento-SUP-2Q,Carteira 2,BA,"Camaçari, BA","Camaçari, BA, Itacimirim",1,222,2923.79,27,2919.75,2025-11,0.5172,0.3963,15,30,257.38,228.33,6,0,2025-11-24,1.0,257.38,-4.039999999999964,berlinda,6,-0.0,4293.77,3632.343656,,100.0,Risco Alto,🟡 Acima com risco,599.9999999999995
CVB0144,Marau-Barra_Grande-casa-SUP-3Q,Carteira 2,BA,"Maraú, BA","Maraú, BA, Barra Grande",3,477,3235.32,8,3087.15,2025-11,0.2593,0.188,7,30,492.86,400.0,2,1,2025-11-24,1.05,1478.58,-148.17000000000007,berlinda,2,-0.0,4035.32,3442.76,,61.23853211009175,Risco Médio,🟡 Acima com risco,33.33333333333331
RMM0206,Florianopolis-Ingleses_Centro-apartamento-SUP-2Q,Carteira 1,SC,"Florianópolis, SC","Florianópolis, SC, Ingleses do Rio Vermelho",0,31,2386.4,30,2233.61,2025-11,0.3667,0.4151,11,30,214.33,207.0,6,0,2025-11-24,1.07,0.0,-152.78999999999996,berlinda,6,-0.0,3628.4,2841.8414000000002,,81.65137614678899,Risco Alto,🟡 Acima com risco,74.99999999999994
SYH334,Joao_Pessoa-Cabo_Branco-apartamento-TOP-1Q,Carteira 2,PB,"João Pessoa, PB","João Pessoa, PB, Cabo Branco",0,303,5156.27,49,5112.0,2025-11,0.8,0.6995,24,30,256.88,179.0,2,0,2025-11-24,1.01,0.0,-44.27000000000044,berlinda,2,-0.0,5514.27,5442.67,,87.38532110091744,Risco Alto,🟡 Acima com risco,99.99999999999991
DLH0204,Gramado-Centro-apartamento-TOP-2Q,Carteira 4,RS,"Gramado, RS","Gramado, RS, Centro",3,450,11578.41,55,11231.9,2025-11,0.8519,0.7261,23,30,651.48,,0,0,2025-11-24,1.03,1954.44,-346.5100000000002,berlinda,0,0.0,,,,15.825688073394495,Sem Risco,🟡 Acima sem ação,0.0
ENC0307,Salvador-Ondina_Rio_Vermelho-apartamento-TOP-1Q,Carteira 2,BA,"Salvador, BA","Salvador, BA, Rio Vermelho",3,109,4724.98,35,4613.2,2025-11,0.7407,0.7196,20,30,248.36,150.0,2,0,2025-11-24,1.02,745.08,-111.77999999999975,berlinda,2,-0.0,5024.98,4947.19,,79.58715596330275,Risco Médio,🟡 Acima com risco,66.66666666666661
HMO0409,Sao_Paulo-Butanta-apartamento-SUP-1Q,Carteira 4,SP,"São Paulo, SP","São Paulo, SP, Butantã",0,435,4086.27,32,3965.99,2025-11,0.7333,0.716,22,30,218.23,158.5,2,0,2025-11-24,1.03,0.0,-120.2800000000002,berlinda,2,-0.0,4403.27,4318.7261,,75.22935779816514,Risco Médio,🟡 Acima com risco,49.99999999999996
TAN0000,Imbituba-Ibiraquera-casa-JR-2Q,Carteira 6,SC,"Imbituba, SC","Imbituba, SC, Ibiraquera",18,227,1302.58,13,1190.0,2025-11,0.6667,0.3447,8,30,187.0,500.0,2,21,2025-11-24,1.09,3366.0,-112.57999999999993,berlinda,2,-0.0,2302.58,1969.2799999999997,,48.39449541284404,Risco Baixo,🟡 Acima com risco,19.999999999999982
TPS207,Florianopolis-Canasvieiras_Meio-apartamento-TOP-1Q,Carteira 1,SC,"Florianópolis, SC","Florianópolis, SC, Canasvieiras",0,1030,4116.95,26,4125.61,2025-11,0.7667,0.558,23,30,223.61,226.25,4,0,2025-11-24,1.0,0.0,8.659999999999854,berlinda,4,1.0,5021.95,4810.8135,,99.08256880733946,Risco Alto,🟡 Acima com risco,399.99999999999966
VPS111,Guara-Geral-apartamento-JR-1Q,Carteira 1_sys-price,DF,"Brasília, DF","Brasília, DF, Zona Industrial Guará",1,634,3094.12,47,2965.49,2025-11,0.7241,0.7941,21,30,177.38,,0,4,2025-11-24,1.04,177.38,-128.6300000000001,berlinda,0,0.0,,,,15.825688073394495,Sem Risco,🟡 Acima sem ação,0.0
ELS0606,Porto_Alegre-Centro_Historico-apartamento-JR-1Q,Carteira 4,RS,"Porto Alegre, RS","Porto Alegre, RS, Centro Histórico",0,60,2062.0,78,1942.61,2025-11,0.7667,0.6785,23,30,106.26,,0,0,2025-11-24,1.06,0.0,-119.3900000000001,berlinda,0,0.0,,,,15.825688073394495,Sem Risco,🟡 Acima sem ação,0.0
GCO0302,Balneario_Camboriu-Norte-apartamento-SUP-2Q,Carteira 6,SC,"Balneário Camboriú, SC","Balneário Camboriú, SC, Barra Norte",0,64,5189.31,36,4747.03,2025-11,0.8333,0.6023,25,30,262.56,228.0,1,0,2025-11-24,1.09,0.0,-442.28000000000065,berlinda,1,-1.0,5417.31,5379.3024000000005,,34.174311926605505,Risco Baixo,🟡 Acima com risco,9.999999999999991
JBV334,Especial-JBV-hotel-JR-1Q,Especial,SC,"Florianópolis, SC","Florianópolis, SC, Jurerê",0,1685,10531.02,27,10333.97,2025-11,0.7333,0.693,22,30,586.91,,0,0,2025-11-24,1.02,0.0,-197.0500000000011,berlinda,0,0.0,,,,15.825688073394495,Sem Risco,🟡 Acima sem ação,0.0
ORP0305,Gramado-Geral-apartamento-SUP-2Q,Carteira 4,RS,"Gramado, RS","Gramado, RS, Floresta",0,22,6526.14,163,6133.42,2025-11,0.6333,0.6035,19,30,384.37,232.2,5,0,2025-11-24,1.06,0.0,-392.72000000000025,berlinda,5,-1.0,7687.14,7261.4013,,80.27522935779817,Risco Alto,🟡 Acima com risco,71.42857142857136
PSOA1102,Penha-Beto_Carrero-apartamento-SUP-1Q,Carteira 3,SC,"Penha, SC","Penha, SC, Praia de Armação do Itapocoroi",0,129,2325.32,18,2190.5,2025-11,0.4,0.486,12,30,206.17,156.5,2,0,2025-11-24,1.06,0.0,-134.82000000000016,berlinda,2,-0.0,2638.32,2450.52,,56.65137614678899,Risco Médio,🟡 Acima com risco,28.571428571428545
ROE210,Brasilia-Asa_Norte-apartamento-SUP-1Q,Carteira 1_sys-price,DF,"Brasília, DF","Brasília, DF, Setor de Habitações Individuais Norte",0,570,4110.08,142,4078.89,2025-11,0.8,0.8171,24,30,212.38,,0,0,2025-11-24,1.01,0.0,-31.190000000000055,berlinda,0,0.0,,,,15.825688073394495,Sem Risco,🟡 Acima sem ação,0.0
SPJ0204,Especial-SPJ-apartamento-TOP-1Q,Carteira 5,SC,"Florianópolis, SC","Florianópolis, SC, Jurerê",0,367,6727.09,16,6452.9,2025-11,0.9333,0.7069,28,30,294.18,365.0,1,0,2025-11-24,1.04,0.0,-274.1900000000005,berlinda,1,-0.0,7092.09,7067.7445,,48.39449541284404,Risco Baixo,🟡 Acima com risco,19.999999999999982
TPS107,Florianopolis-Canasvieiras_Meio-apartamento-TOP-1Q,Carteira 1,SC,"Florianópolis, SC","Florianópolis, SC, Canasvieiras",1,507,4430.37,26,4125.61,2025-11,0.8276,0.558,24,30,216.75,,0,0,2025-11-24,1.07,216.75,-304.7600000000002,berlinda,0,0.0,,,,15.825688073394495,Sem Risco,🟡 Acima sem ação,0.0
BCY2001,Aguas_Claras-Geral-apartamento-MASTER-2Q,Carteira 1,DF,"Brasília, DF","Brasília, DF, Aguas Claras",10,313,5623.38,11,5158.22,2025-11,0.9,0.6582,18,30,384.5,250.0,1,0,2025-11-24,1.09,3845.0,-465.15999999999985,berlinda,1,-1.0,5873.38,5848.38,,34.174311926605505,Risco Baixo,🟡 Acima com risco,9.999999999999991
EOX0102,Florianopolis-Centrao-apartamento-SUP-2Q,Carteira 4,SC,"Florianópolis, SC","Florianópolis, SC, Centro",0,239,4602.15,43,4509.68,2025-11,0.5333,0.5921,16,30,316.68,186.0,1,0,2025-11-24,1.02,0.0,-92.46999999999935,berlinda,1,-0.0,4788.15,4701.3438,,61.23853211009175,Risco Médio,🟡 Acima com risco,33.33333333333331
JBV344,Especial-JBV-hotel-JR-1Q,Especial,SC,"Florianópolis, SC","Florianópolis, SC, Jurerê",0,1342,10325.71,27,10333.97,2025-11,0.8333,0.693,25,30,520.4,,0,0,2025-11-24,1.0,0.0,8.260000000000218,berlinda,0,0.0,,,,15.825688073394495,Sem Risco,🟡 Acima sem ação,0.0
VST037,Especial-VST-casa-TOP-1Q,Carteira 5,SC,"Anitápolis, SC","Anitápolis, SC, Rio dos Pinheiros",1,123,3876.26,54,3890.57,2025-11,0.5517,0.3016,16,30,298.75,180.0,4,0,2025-11-24,1.0,298.75,14.309999999999945,berlinda,4,1.0,4596.26,4273.484,,99.08256880733946,Risco Alto,🟡 Acima com risco,399.99999999999966
NWT0913,Especial-NWT-apartamento-TOP-1Q,Carteira 5,AL,"Maceió, AL","Maceió, AL, Pajuçara",1,214,5253.22,43,5085.72,2025-11,0.7241,0.6637,21,30,332.67,258.67,3,0,2025-11-24,1.03,332.67,-167.5,berlinda,3,-0.0,6029.2300000000005,5815.128841000001,,81.65137614678899,Risco Alto,🟡 Acima com risco,74.99999999999994
SJE0103,Florianopolis-Canajure-apartamento-SUP-1Q,Carteira 1,SC,"Florianópolis, SC","Florianópolis, SC, Canasvieiras",0,375,3089.18,40,3007.08,2025-11,0.6,0.5239,18,30,200.17,234.0,2,0,2025-11-24,1.03,0.0,-82.09999999999991,berlinda,2,-0.0,3557.18,3369.98,,75.22935779816514,Risco Médio,🟡 Acima com risco,49.99999999999996
CCA201,Florianopolis-Canajure-apartamento-SUP-3Q,Carteira 1,SC,"Florianópolis, SC","Florianópolis, SC, Canasvieiras",6,1988,6136.76,15,5836.53,2025-11,0.7917,0.6578,19,30,533.58,278.0,2,0,2025-11-24,1.05,3201.4800000000005,-300.2300000000005,berlinda,2,-1.0,6692.76,6576.9452,,61.23853211009175,Risco Médio,🟡 Acima com risco,33.33333333333331
NWT0915,Especial-NWT-apartamento-TOP-1Q,Carteira 5,AL,"Maceió, AL","Maceió, AL, Pajuçara",2,221,5484.67,43,5085.72,2025-11,0.7857,0.6637,22,30,296.68,250.0,1,0,2025-11-24,1.08,593.36,-398.9499999999998,berlinda,1,-1.0,5734.67,5681.095,,36.92660550458716,Risco Baixo,🟡 Acima com risco,11.111111111111102
JBV464,Especial-JBV-hotel-JR-1Q,Especial,SC,"Florianópolis, SC","Florianópolis, SC, Jurerê",0,793,10913.06,27,10333.97,2025-11,0.8667,0.693,26,30,533.5,,0,0,2025-11-24,1.06,0.0,-579.0900000000001,berlinda,0,0.0,,,,15.825688073394495,Sem Risco,🟡 Acima sem ação,0.0
SHT1701,Aguas_Claras-Geral-apartamento-JR-1Q,Carteira 1_sys-price,DF,"Brasília, DF","Brasília, DF, Águas Claras",0,344,2901.79,100,2763.17,2025-11,0.6,0.7487,18,30,171.0,154.6,5,0,2025-11-24,1.05,0.0,-138.6199999999999,berlinda,5,-0.0,3674.79,3365.59,,84.17431192660551,Risco Alto,🟡 Acima com risco,83.33333333333327
CZZ0302,Urubici-Geral-apartamento-SUP-1Q,Especial,SC,"Urubici, SC","Urubici, SC, Centro",3,228,1727.43,55,1722.65,2025-11,0.4444,0.2319,12,30,174.5,130.0,3,0,2025-11-24,1.0,523.5,-4.779999999999973,berlinda,3,-0.0,2117.4300000000003,1900.746,,97.70642201834863,Risco Alto,🟡 Acima com risco,299.9999999999998
ILC2305,Especial-ILC-hotel-JR-1Q,Especial,SC,"Florianópolis, SC","Florianópolis, SC, Jurerê Internacional",4,568,11697.59,17,10796.7,2025-11,0.8846,0.6721,23,30,619.61,,0,0,2025-11-24,1.08,2478.44,-900.8899999999994,berlinda,0,0.0,,,,15.825688073394495,Sem Risco,🟡 Acima sem ação,0.0
NFE0708,Curitiba-Centro-apartamento-SUP-1Q,Carteira 4,PR,"Curitiba, PR","Curitiba, PR, Centro",0,122,3024.04,513,2873.2,2025-11,0.7333,0.6692,22,30,161.45,134.33,3,0,2025-11-24,1.05,0.0,-150.84000000000015,berlinda,3,-1.0,3427.0299999999997,3319.552567,,75.22935779816514,Risco Médio,🟡 Acima com risco,49.99999999999996
OKA233,Florianopolis-Campeche-apartamento-TOP-1Q,Carteira 1,SC,"Florianópolis, SC","Florianópolis, SC, Campeche",0,1039,3915.4,25,3776.21,2025-11,0.5667,0.6121,17,30,258.05,249.33,6,0,2025-11-24,1.04,0.0,-139.19000000000005,berlinda,6,-0.0,5411.38,4763.171866000001,,90.82568807339449,Risco Alto,🟡 Acima com risco,119.99999999999989
RGF1308,Salvador-Flamengo-apartamento-TOP-1Q,Carteira 2,BA,"Salvador, BA","Salvador, BA, Itapuã",0,8,3588.44,32,3308.7,2025-11,0.8667,0.6487,26,30,162.96,150.0,2,0,2025-11-24,1.08,0.0,-279.74000000000024,berlinda,2,-1.0,3888.44,3848.45,,52.06422018348624,Risco Médio,🟡 Acima com risco,22.222222222222204
RMC203,Florianopolis-Estreito-apartamento-JR-1Q,Carteira 4,SC,"Florianópolis, SC","Florianópolis, SC, Capoeiras",2,842,2473.39,12,2384.22,2025-11,0.7857,0.6023,22,30,129.18,114.5,4,0,2025-11-24,1.04,258.36,-89.17000000000007,berlinda,4,-0.0,2931.39,2833.2406,,83.25688073394495,Risco Alto,🟡 Acima com risco,79.99999999999993
PLO0009,Jaguaruna-Camacho-apartamento-SUP-1Q,Carteira 6,SC,"Jaguaruna, SC","Jaguaruna, SC, Jaguaruna",0,15,1140.9,14,1077.87,2025-11,0.3,0.2759,9,30,120.67,90.0,3,0,2025-11-24,1.06,0.0,-63.0300000000002,berlinda,3,-0.0,1410.9,1221.9,,69.4954128440367,Risco Médio,🟡 Acima com risco,42.85714285714282
ALT0402,Gramado-Geral-apartamento-TOP-3Q,Carteira 4,RS,"Gramado, RS","Gramado, RS, Tres Pinheiros",6,142,7657.54,18,7575.41,2025-11,0.9167,0.5632,22,30,482.18,320.0,2,0,2025-11-24,1.01,2893.08,-82.13000000000011,berlinda,2,-0.0,8297.54,8244.228,,87.38532110091744,Risco Alto,🟡 Acima com risco,99.99999999999991
EEP0901,Guarapari-Centro-apartamento-SUP-2Q,Carteira 4,ES,"Guarapari, ES","Guarapari, ES, São Judas Tadeu",0,115,2204.57,27,2043.83,2025-11,0.2333,0.4215,7,30,207.08,130.0,1,0,2025-11-24,1.08,0.0,-160.74000000000024,berlinda,1,-1.0,2334.57,2234.8990000000003,,36.92660550458716,Risco Baixo,🟡 Acima com risco,11.111111111111102
NWT0505,Especial-NWT-apartamento-TOP-1Q,Carteira 5,AL,"Maceió, AL","Maceió, AL, Pajuçara",0,366,5319.63,43,5085.72,2025-11,0.5,0.6637,15,30,396.27,304.0,6,0,2025-11-24,1.05,0.0,-233.90999999999985,berlinda,6,-0.0,7143.63,6231.63,,87.38532110091744,Risco Alto,🟡 Acima com risco,99.99999999999991
CEG0202,Florianopolis-Jurere_Longe-apartamento-SUP-1Q,Carteira 1,SC,"Florianópolis, SC","Florianópolis, SC, Jurerê",8,523,3605.52,21,3322.23,2025-11,0.7727,0.4815,17,30,250.65,207.0,1,0,2025-11-24,1.09,2005.2,-283.28999999999996,berlinda,1,-1.0,3812.52,3765.4689,,34.174311926605505,Risco Baixo,🟡 Acima com risco,9.999999999999991
RFO0102,Bombinhas-Centro-apartamento-TOP-2Q,Carteira 6,SC,"Bombinhas, SC","Bombinhas, SC, Centro",1,508,4775.56,28,4548.14,2025-11,0.931,0.5079,27,30,237.89,170.0,1,0,2025-11-24,1.05,237.89,-227.42000000000007,berlinda,1,-1.0,4945.56,4933.830000000001,,43.57798165137615,Risco Baixo,🟡 Acima com risco,16.666666666666654
THO2708,Goiania-Leste-apartamento-TOP-1Q,Carteira 1_sys-price,GO,"Goiânia, GO","Goiânia, GO, Jardim Goiás",0,201,3895.36,20,3827.79,2025-11,0.8333,0.6222,25,30,195.12,190.6,5,0,2025-11-24,1.02,0.0,-67.57000000000016,berlinda,5,-0.0,4848.360000000001,4689.4949,,94.72477064220183,Risco Alto,🟡 Acima com risco,166.66666666666654
ADC105,Florianopolis-Cachoeira_Bom_Jesus-apartamento-TOP-2Q,Carteira 1,SC,"Florianópolis, SC","Florianópolis, SC, Cachoeira do Bom Jesus",6,1083,5911.26,29,5562.4,2025-11,0.625,0.4609,15,30,610.2,312.0,3,0,2025-11-24,1.06,3661.2000000000003,-348.8600000000006,berlinda,3,-1.0,6847.26,6496.26,,69.4954128440367,Risco Médio,🟡 Acima com risco,42.85714285714282
LAR0406,Gramado-Centro-apartamento-TOP-2Q,Carteira 4,RS,"Gramado, RS","Gramado, RS, Vila Suiça",5,681,12153.77,55,11231.9,2025-11,1.0,0.7261,25,30,679.12,,0,0,2025-11-24,1.08,3395.6,-921.8700000000008,berlinda,0,0.0,,,,15.825688073394495,Sem Risco,🟡 Acima sem ação,0.0
PEA1301,Florianopolis-Itacorubi-apartamento-SUP-3Q,Carteira 4,SC,"Florianópolis, SC","Florianópolis, SC, Itacorubi",0,555,4468.42,18,4487.69,2025-11,0.3667,0.5569,11,30,414.91,188.0,1,0,2025-11-24,1.0,0.0,19.269999999999527,berlinda,1,1.0,4656.42,4537.3596,,87.38532110091744,Risco Alto,🟡 Acima com risco,99.99999999999991
ISC0906,Sao_Paulo-Republica-apartamento-SUP-1Q,Carteira 4_sys-price,SP,"São Paulo, SP","São Paulo, SP, Vila Buarque",0,562,3898.05,470,3552.85,2025-11,0.9,0.7444,27,30,177.78,130.0,1,0,2025-11-24,1.1,0.0,-345.2000000000003,berlinda,1,-2.0,4028.05,4015.05,,31.880733944954127,Risco Baixo,🟡 Acima com risco,9.090909090909083
OLN1702,Sao_Paulo-Mariana-apartamento-SUP-1Q,Carteira 4,SP,"São Paulo, SP","São Paulo, SP, Vila Clementino",2,199,3823.3,181,3634.6,2025-11,0.8571,0.6538,24,30,197.79,,0,0,2025-11-24,1.05,395.58,-188.70000000000027,berlinda,0,0.0,,,,15.825688073394495,Sem Risco,🟡 Acima sem ação,0.0
RMO0602,Salvador-Ondina_Rio_Vermelho-apartamento-SUP-1Q,Carteira 2,BA,"Salvador, BA","Salvador, BA, Rio Vermelho",2,339,3684.12,86,3539.22,2025-11,0.8214,0.693,23,30,192.48,154.5,2,0,2025-11-24,1.04,384.96,-144.9000000000001,berlinda,2,-0.0,3993.12,3937.9326,,66.05504587155964,Risco Médio,🟡 Acima com risco,39.999999999999964
VLT0107,Salvador-Graca-apartamento-JR-1Q,Especial,BA,"Salvador, BA","Salvador, BA, Vitória",2,52,3410.46,22,3110.26,2025-11,0.8214,0.6814,23,30,173.0,,0,0,2025-11-24,1.1,346.0,-300.1999999999998,berlinda,0,0.0,,,,15.825688073394495,Sem Risco,🟡 Acima sem ação,0.0
JBV155,Especial-JBV-hotel-JR-1Q,Especial,SC,"Florianópolis, SC","Florianópolis, SC, Jurerê",0,274,10379.44,27,10333.97,2025-11,0.7667,0.693,23,30,553.48,516.0,1,0,2025-11-24,1.0,0.0,-45.470000000001164,berlinda,1,-0.0,10895.44,10775.057200000001,,87.38532110091744,Risco Alto,🟡 Acima com risco,99.99999999999991
RTBB1361,Florianopolis-Canasvieiras_Meio-apartamento-SIM-1Q,Carteira 1,SC,"Florianópolis, SC","Florianópolis, SC, Canasvieiras",2,738,1513.76,51,1401.48,2025-11,0.3929,0.4157,11,30,153.91,127.6,5,15,2025-11-24,1.08,307.82,-112.27999999999997,berlinda,5,-0.0,2151.76,1764.4302,,78.89908256880734,Risco Médio,🟡 Acima com risco,55.55555555555551
TCO0210,Porto_Alegre-Centro_Historico-apartamento-SUP-1Q,Carteira 4,RS,"Porto Alegre, RS","Porto Alegre, RS, Centro Histórico",0,269,2498.11,77,2393.45,2025-11,0.7667,0.6126,23,30,126.91,,0,0,2025-11-24,1.04,0.0,-104.66000000000031,berlinda,0,0.0,,,,15.825688073394495,Sem Risco,🟡 Acima sem ação,0.0
ARK0201,Brasilia-Asa_Sul-apartamento-TOP-1Q,Carteira 1_sys-price,DF,"Brasília, DF","Brasília, DF, Asa Sul",0,137,5735.87,23,5245.82,2025-11,0.9,0.8468,27,30,265.67,,0,0,2025-11-24,1.09,0.0,-490.0500000000002,berlinda,0,0.0,,,,15.825688073394495,Sem Risco,🟡 Acima sem ação,0.0
TCO0815,Porto_Alegre-Centro_Historico-apartamento-SUP-1Q,Carteira 4,RS,"Porto Alegre, RS","Porto Alegre, RS, Centro Histórico",0,421,2452.83,77,2393.45,2025-11,0.7667,0.6126,23,30,121.22,120.0,1,0,2025-11-24,1.02,0.0,-59.38000000000011,berlinda,1,-0.0,2572.83,2544.834,,61.23853211009175,Risco Médio,🟡 Acima com risco,33.33333333333331
PLA0408,Curitiba-Boa_Vista-apartamento-SUP-1Q,Carteira 4,PR,"Curitiba, PR","Curitiba, PR, Boa Vista",0,50,2837.96,23,2663.54,2025-11,0.7667,0.6719,23,30,150.78,130.0,2,0,2025-11-24,1.07,0.0,-174.42000000000007,berlinda,2,-1.0,3097.96,3037.302,,54.81651376146789,Risco Médio,🟡 Acima com risco,24.99999999999998
TPS209,Florianopolis-Canasvieiras_Meio-apartamento-TOP-1Q,Carteira 1,SC,"Florianópolis, SC","Florianópolis, SC, Canasvieiras",0,997,4304.77,26,4125.61,2025-11,0.8,0.558,24,30,242.75,193.25,4,0,2025-11-24,1.04,0.0,-179.16000000000076,berlinda,4,-0.0,5077.77,4923.17,,83.25688073394495,Risco Alto,🟡 Acima com risco,79.99999999999993
