listing,categoria,carteira,estado,cidade,Bairro,dias_bloqueados,dias_ativo,faturamento_mes,n_concorrentes,meta,mes_ano,to_listings,to_concorrentes,dias_ocupados,total_dias,media_preco_ocupado,media_preco_disponivel,ocupacao_ainda_disponivel,dias_pmin,data_da_execucao,atingimento_meta,faturamento_perdido_bloqueio,falta_meta,grupo_criticidade,dias_disponiveis,dias_necessarios,potencial_max,potencial_realista,score_bruto,score_normalizado,faixa_prioridade,status_operacional,score_risco_bruto
EVE0104,Florianopolis-Ingleses_Praia-apartamento-JR-3Q,Carteira 1,SC,"Florianópolis, SC","Florianópolis, SC, Ingleses do Rio Vermelho",5.0,234,6820.76,63,7558.2,2025-12,0.5385,0.3844,14.0,31,582.57,1114.08,12.0,0.0,2025-12-01,0.9,2912.8500000000004,737.4399999999996,berlinda,12,1.0,20189.72,14019.94496,108.69878479002931,94.53781512605042,Crítico,🟢 Abaixo viável,
NWT0903,Especial-NWT-apartamento-TOP-1Q,Carteira 5,AL,"Maceió, AL","Maceió, AL, Pajuçara",0.0,249,4377.85,34,4511.21,2025-12,0.5484,0.3523,17.0,31,296.29,861.14,14.0,0.0,2025-12-01,0.97,0.0,133.35999999999967,berlinda,14,1.0,16433.809999999998,10989.338464,25.456946229503764,52.10084033613446,Alta,🟢 Abaixo viável,
BVE101,Florianopolis-Campeche-apartamento-SUP-2Q,Carteira 1,SC,"Florianópolis, SC","Florianópolis, SC, Campeche",0.0,588,3965.43,13,4383.31,2025-12,0.2258,0.264,7.0,31,639.29,490.78,23.0,0.0,2025-12-01,0.9,0.0,417.88000000000056,berlinda,23,1.0,15253.369999999999,6514.246852,46.788191207101534,75.21008403361344,Alta,🟢 Abaixo viável,
HMC0320,Sao_Paulo-Campo_Belo-apartamento-SUP-1Q,Carteira 4_sys-price,SP,"São Paulo, SP","São Paulo, SP, Campo Belo",0.0,327,1444.3,116,1659.13,2025-12,0.3871,0.3603,12.0,31,150.25,148.84,19.0,0.0,2025-12-01,0.87,0.0,214.83000000000015,berlinda,19,2.0,4272.26,2539.0033160000003,9.636163893124714,10.92436974789916,Baixa,🟢 Abaixo viável,
IRE021,Ubatuba-Praia_Grande-apartamento-SUP-2Q,Carteira 4,SP,"Ubatuba, SP","Ubatuba, SP, Praia Grande",0.0,663,7145.17,160,7282.26,2025-12,0.4516,0.42,14.0,31,716.29,533.53,17.0,27.0,2025-12-01,0.98,0.0,137.09000000000015,berlinda,17,1.0,16215.18,11241.186516,10.043808886252355,13.025210084033615,Baixa,🟢 Abaixo viável,
JBM302,Florianopolis-Jurere_Tradicional-apartamento-SUP-1Q,Carteira 1,SC,"Florianópolis, SC","Florianópolis, SC, Jurerê",1.0,2001,7351.88,20,8832.52,2025-12,0.6,0.5077,18.0,31,576.61,1398.83,12.0,0.0,2025-12-01,0.83,576.61,1480.6400000000003,berlinda,12,2.0,24137.84,17423.456,117.24647389420007,96.21848739495799,Crítico,🟢 Abaixo viável,
RBE0031,Florianopolis-UFSC-apartamento-SUP-2Q,Carteira 4,SC,"Florianópolis, SC","Florianópolis, SC, Trindade",0.0,466,4109.44,20,4727.12,2025-12,0.3548,0.4322,11.0,31,457.64,346.95,20.0,0.0,2025-12-01,0.87,0.0,617.6800000000003,berlinda,20,2.0,11048.439999999999,6571.397199999999,22.667509604156454,46.63865546218487,Média,🟢 Abaixo viável,
VDM303,Florianopolis-Canajure-apartamento-SUP-1Q,Carteira 1,SC,"Florianópolis, SC","Florianópolis, SC, Canasvieiras",0.0,232,5166.94,43,5985.49,2025-12,0.6129,0.4595,19.0,31,356.37,788.5,12.0,0.0,2025-12-01,0.86,0.0,818.5500000000002,berlinda,12,2.0,14628.939999999999,10966.199799999999,53.915942972087514,80.25210084033614,Crítico,🟢 Abaixo viável,
VLA,Florianopolis-Santinho-apartamento-SUP-2Q,Carteira 1,SC,"Florianópolis, SC","Florianópolis, SC, Ingleses do Rio Vermelho",0.0,315,8371.25,12,9380.18,2025-12,0.4839,0.3985,15.0,31,714.8,383.27,15.0,0.0,2025-12-01,0.89,0.0,1008.9300000000003,berlinda,15,3.0,14120.3,11153.215295,13.7414776368897,22.268907563025213,Média,🟢 Abaixo viável,
ELF0402,Bombinhas-Bombas-apartamento-SUP-1Q,Especial,SC,"Bombinhas, SC","Bombinhas, SC, José Amândio",2.0,217,4041.92,33,4887.09,2025-12,0.5172,0.3346,15.0,31,320.13,899.14,14.0,23.0,2025-12-01,0.83,640.26,845.1700000000001,berlinda,14,1.0,16629.879999999997,10552.412912,155.49665625147068,99.15966386554622,Crítico,🟢 Abaixo viável,
ELS0606,Porto_Alegre-Centro_Historico-apartamento-JR-1Q,Carteira 4,RS,"Porto Alegre, RS","Porto Alegre, RS, Centro Histórico",0.0,90,932.12,86,1046.05,2025-12,0.3548,0.2806,11.0,31,100.0,146.15,20.0,0.0,2025-12-01,0.89,0.0,113.92999999999995,berlinda,20,1.0,3855.12,1969.2004000000002,15.917852397112943,29.411764705882355,Média,🟢 Abaixo viável,
NWT0618,Especial-NWT-apartamento-TOP-1Q,Carteira 5,AL,"Maceió, AL","Maceió, AL, Pajuçara",0.0,245,4265.6,34,4511.21,2025-12,0.6129,0.3523,19.0,31,275.05,958.33,12.0,0.0,2025-12-01,0.95,0.0,245.60999999999967,berlinda,12,1.0,15765.560000000001,11313.925484,52.17567599380203,78.57142857142857,Alta,🟢 Abaixo viável,
NWT0705,Especial-NWT-apartamento-TOP-1Q,Carteira 5,AL,"Maceió, AL","Maceió, AL, Pajuçara",0.0,179,3774.32,34,4511.21,2025-12,0.5161,0.3523,16.0,31,307.5,657.6,15.0,0.0,2025-12-01,0.84,0.0,736.8899999999999,berlinda,15,2.0,13638.32,8865.1304,53.70830265050839,79.83193277310924,Alta,🟢 Abaixo viável,
VLE003,Bombinhas-Mariscal-apartamento-JR-2Q,Carteira 6,SC,"Bombinhas, SC","Bombinhas, SC, Mariscal",0.0,1524,5786.08,7,6321.26,2025-12,0.2581,0.2547,8.0,31,823.75,414.64,22.0,26.0,2025-12-01,0.92,0.0,535.1800000000003,berlinda,22,2.0,14908.16,8140.488848,17.552436950861072,33.61344537815126,Média,🟢 Abaixo viável,
AAV0306,Florianopolis-Jurere_Internacional-apartamento-JR-1Q,Carteira 1,SC,"Florianópolis, SC","Florianópolis, SC, Jurerê",1.0,12,6047.0,15,7213.1,2025-12,0.5,0.3915,15.0,31,488.93,757.73,15.0,0.0,2025-12-01,0.84,488.93,1166.1000000000004,berlinda,15,2.0,17412.95,11729.975,61.24890497844203,84.87394957983193,Crítico,🟢 Abaixo viável,
DAC0202,Florianopolis-Estreito-apartamento-SUP-1Q,Carteira 4,SC,"Florianópolis, SC","Florianópolis, SC, Estreito",0.0,131,2935.48,21,3004.91,2025-12,0.1613,0.425,5.0,31,190.0,325.21,28.0,0.0,2025-12-01,0.98,0.0,69.42999999999984,berlinda,28,1.0,12041.359999999999,4404.258444,7.514145282221412,7.563025210084033,Baixa,🟢 Abaixo viável,
NWT1023,Especial-NWT-apartamento-TOP-1Q,Carteira 5,AL,"Maceió, AL","Maceió, AL, Pajuçara",0.0,229,4199.85,34,4511.21,2025-12,0.4194,0.3523,13.0,31,382.69,614.44,18.0,0.0,2025-12-01,0.93,0.0,311.3599999999997,berlinda,18,1.0,15259.770000000002,8838.380448,42.40814291509369,72.26890756302521,Alta,🟢 Abaixo viável,
PRJ001,Imbituba-Praia_do_Rosa-casa-SIM-1Q,Carteira 6,SC,"Imbituba, SC","Imbituba, SC, Ibiraquera",0.0,1271,2403.75,50,2822.42,2025-12,0.2258,0.3355,7.0,31,427.14,144.21,24.0,0.0,2025-12-01,0.85,0.0,418.6700000000001,berlinda,24,3.0,5864.79,3185.252832,7.1305712473692795,7.142857142857142,Baixa,🟢 Abaixo viável,
ELF0502,Bombinhas-Bombas-apartamento-SUP-1Q,Especial,SC,"Bombinhas, SC","Bombinhas, SC, José Amândio",3.0,217,4571.95,33,4887.09,2025-12,0.5,0.3346,14.0,31,380.29,924.62,13.0,14.0,2025-12-01,0.94,1140.8700000000001,315.1400000000003,berlinda,13,1.0,16592.01,10581.98,59.62336416967976,83.61344537815127,Crítico,🟢 Abaixo viável,
MCA0609,Balneario_Picarras-Geral-casa-JR-2Q,Carteira 6,SC,"Balneário Piçarras, SC","Balneário Piçarras, SC, Itacolomi",7.0,375,4637.42,8,5402.51,2025-12,0.4583,0.2326,11.0,31,506.64,187.23,13.0,0.0,2025-12-01,0.86,3546.48,765.0900000000001,berlinda,13,5.0,7071.41,5752.917617,5.3030091827687516,4.201680672268908,Baixa,🟢 Abaixo viável,
NVM0010,Porto_Seguro-Pataxos-apartamento-JR-2Q,Carteira 2,BA,"Porto Seguro, BA","Porto Seguro, BA, Paraíso dos Pataxós",0.0,231,4377.93,46,4892.37,2025-12,0.5161,0.319,16.0,31,309.56,550.73,15.0,0.0,2025-12-01,0.89,0.0,514.4399999999996,berlinda,15,1.0,12638.880000000001,8641.406295,57.910080635765446,82.35294117647058,Crítico,🟢 Abaixo viável,
RGP208,Florianopolis-Jurere_Tradicional-apartamento-JR-2Q,Carteira 1,SC,"Florianópolis, SC","Florianópolis, SC, Jurerê",0.0,1514,5111.42,28,6226.08,2025-12,0.2903,0.4447,9.0,31,727.56,651.48,21.0,0.0,2025-12-01,0.82,0.0,1114.6599999999999,berlinda,21,2.0,18792.5,9083.037524,58.31748843574126,82.77310924369748,Crítico,🟢 Abaixo viável,
RVL1183,Bombinhas-Mariscal-casa-JR-2Q,Carteira 6,SC,"Bombinhas, SC","Bombinhas, SC, Canto Grande",0.0,906,3339.14,24,3733.63,2025-12,0.5161,0.2535,16.0,31,254.75,693.87,15.0,0.0,2025-12-01,0.89,0.0,394.49000000000024,berlinda,15,1.0,13747.189999999999,8710.734605,73.31331071905896,90.75630252100841,Crítico,🟢 Abaixo viável,
VVC0202,Florianopolis-Jurere_Longe-apartamento-TOP-2Q,Carteira 1,SC,"Florianópolis, SC","Florianópolis, SC, Jurerê Internacional",4.0,67,13051.15,12,15340.25,2025-12,0.4815,0.5153,13.0,31,1441.62,798.69,13.0,0.0,2025-12-01,0.85,5766.48,2289.1000000000004,berlinda,13,3.0,23434.120000000003,18050.550055,39.727324717654554,68.4873949579832,Alta,🟢 Abaixo viável,
ELY0201,Florianopolis-Beira_Mar-apartamento-JR-2Q,Carteira 4,SC,"Florianópolis, SC","Florianópolis, SC, Centro",0.0,740,3294.59,26,3962.95,2025-12,0.2903,0.3364,9.0,31,453.89,350.27,22.0,0.0,2025-12-01,0.83,0.0,668.3599999999997,berlinda,22,2.0,11000.529999999999,5531.624382,29.53689261787303,58.40336134453782,Alta,🟢 Abaixo viável,
NWT1414,Especial-NWT-apartamento-TOP-1Q,Carteira 5,AL,"Maceió, AL","Maceió, AL, Pajuçara",0.0,339,3659.73,34,4511.21,2025-12,0.4516,0.3523,14.0,31,311.0,632.5,16.0,0.0,2025-12-01,0.81,0.0,851.48,berlinda,16,2.0,13779.73,8229.922,59.69142425202995,84.03361344537815,Crítico,🟢 Abaixo viável,
PDU0033,Cabo_Frio-Foguete-casa-JR-1Q,Carteira 4,RJ,"Cabo Frio, RJ","Cabo Frio, RJ, Braga",9.0,388,2515.64,44,2860.87,2025-12,0.4545,0.2875,10.0,31,249.73,203.33,6.0,25.0,2025-12-01,0.88,2247.5699999999997,345.23,berlinda,6,2.0,3735.62,3070.12091,12.268228877928742,19.327731092436977,Baixa,🟢 Abaixo viável,
ACE0201,Florianopolis-Canasvieiras_Meio-apartamento-JR-2Q,Carteira 1,SC,"Florianópolis, SC","Florianópolis, SC, Canasvieiras",0.0,762,3993.44,18,4685.41,2025-12,0.4194,0.3236,13.0,31,376.15,744.76,17.0,0.0,2025-12-01,0.85,0.0,691.9699999999998,berlinda,17,1.0,16654.36,9303.429848,109.99071099434198,94.9579831932773,Crítico,🟢 Abaixo viável,
SFR0415,Bombinhas-Centro-apartamento-SUP-1Q,Carteira 6,SC,"Bombinhas, SC","Bombinhas, SC, Centro",0.0,67,5004.31,37,5567.5,2025-12,0.5484,0.4579,17.0,31,356.24,716.93,14.0,0.0,2025-12-01,0.9,0.0,563.1899999999996,berlinda,14,1.0,15041.329999999998,10508.611767999999,72.52228229905694,90.33613445378151,Crítico,🟢 Abaixo viável,
JBM202,Florianopolis-Jurere_Tradicional-apartamento-TOP-1Q,Carteira 1,SC,"Florianópolis, SC","Florianópolis, SC, Jurerê",0.0,2001,9761.97,17,10221.67,2025-12,0.6129,0.5494,19.0,31,676.37,1193.27,11.0,0.0,2025-12-01,0.96,0.0,459.7000000000007,berlinda,11,1.0,22887.94,17806.877012999998,53.66502919777305,79.41176470588235,Alta,🟢 Abaixo viável,
OKA213,Florianopolis-Campeche-apartamento-SUP-1Q,Carteira 1,SC,"Florianópolis, SC","Florianópolis, SC, Campeche",0.0,714,2259.4,21,2822.43,2025-12,0.2581,0.2776,8.0,31,364.13,585.23,22.0,0.0,2025-12-01,0.8,0.0,563.0299999999997,berlinda,22,1.0,15134.460000000001,5582.452986,116.74409884390398,95.7983193277311,Crítico,🟢 Abaixo viável,
SPJ0301,Especial-SPJ-apartamento-TOP-1Q,Carteira 5,SC,"Florianópolis, SC","Florianópolis, SC, Jurerê",0.0,548,8886.45,15,9882.1,2025-12,0.7742,0.5496,24.0,31,516.38,1642.57,7.0,0.0,2025-12-01,0.9,0.0,995.6499999999996,berlinda,7,1.0,20384.440000000002,17788.193858,165.49365220955053,99.57983193277312,Crítico,🟢 Abaixo viável,
SRL002,Balneario_Camboriu-Centro-apartamento-SIM-2Q,Carteira 6,SC,"Balneário Camboriú, SC","Balneário Camboriú, SC, Centro",0.0,644,3116.13,60,3303.1,2025-12,0.4839,0.3049,15.0,31,246.8,710.13,16.0,0.0,2025-12-01,0.94,0.0,186.9699999999998,berlinda,16,1.0,14478.21,8614.240512,40.196483939329674,68.90756302521008,Alta,🟢 Abaixo viável,
HMA0305,Sao_Paulo-Mariana-apartamento-SUP-1Q,Carteira 4_sys-price,SP,"São Paulo, SP","São Paulo, SP, Centro",0.0,466,1381.87,223,1659.39,2025-12,0.3548,0.2904,11.0,31,156.09,178.4,20.0,0.0,2025-12-01,0.83,0.0,277.5200000000002,berlinda,20,2.0,4949.87,2647.7964,14.918002398471737,24.789915966386555,Média,🟢 Abaixo viável,
NXO0404,Sao_Paulo-Bela_Vista-apartamento-SUP-1Q,Carteira 4_sys-price,SP,"São Paulo, SP","São Paulo, SP, Consolação",0.0,259,1788.9,718,2096.87,2025-12,0.4194,0.3298,13.0,31,188.46,190.0,18.0,0.0,2025-12-01,0.85,0.0,307.9699999999998,berlinda,18,2.0,5208.9,3223.248,13.952772465627328,22.689075630252102,Média,🟢 Abaixo viável,
CGS0002,Brasilia-Asa_Norte-apartamento-SUP-2Q,Carteira 1_sys-price,DF,"Brasília, DF","Brasília, DF, Asa Norte",0.0,222,2854.8,13,2958.68,2025-12,0.3871,0.3415,12.0,31,311.58,350.32,19.0,0.0,2025-12-01,0.96,0.0,103.87999999999965,berlinda,19,1.0,9510.880000000001,5431.368568,12.299823434774927,19.747899159663866,Baixa,🟢 Abaixo viável,
ESD143,Balneario_Camboriu-Sul-apartamento-SUP-2Q,Carteira 6,SC,"Balneário Camboriú, SC","Balneário Camboriú, SC, Barra Sul",0.0,930,6545.16,84,7980.16,2025-12,0.4839,0.3985,15.0,31,498.6,883.19,16.0,0.0,2025-12-01,0.82,0.0,1435.0,berlinda,16,2.0,20676.2,13383.170256000001,79.40803505192879,92.43697478991596,Crítico,🟢 Abaixo viável,
LIV1612,Salvador-Graca-apartamento-TOP-1Q,Especial,BA,"Salvador, BA","Salvador, BA, Vitória",1.0,66,2689.61,15,3185.45,2025-12,0.2667,0.3946,8.0,31,401.25,279.86,22.0,0.0,2025-12-01,0.84,401.25,495.8399999999997,berlinda,22,2.0,8846.53,4331.660564,21.78118984758824,43.27731092436975,Média,🟢 Abaixo viável,
MHF1602,Itapema-Canto_Praia-apartamento-TOP-2Q,Carteira 5,SC,"Itapema, SC","Itapema, SC, CEntro",0.0,474,4436.16,14,4620.28,2025-12,0.4516,0.2821,14.0,31,365.71,840.0,17.0,0.0,2025-12-01,0.96,0.0,184.1199999999999,berlinda,17,1.0,18716.16,10885.008,33.4743348887946,61.76470588235294,Alta,🟢 Abaixo viável,
NWT0919,Especial-NWT-apartamento-TOP-1Q,Carteira 5,AL,"Maceió, AL","Maceió, AL, Pajuçara",0.0,244,4304.8,34,4511.21,2025-12,0.5806,0.3523,18.0,31,285.39,916.15,13.0,0.0,2025-12-01,0.95,0.0,206.40999999999985,berlinda,13,1.0,16214.75,11219.716970000001,41.918359265030865,71.00840336134453,Alta,🟢 Abaixo viável,
PKS0205,Guara-Geral-apartamento-SUP-1Q,Carteira 1_sys-price,DF,"Brasília, DF","Brasília, DF, Asa Norte",0.0,283,1680.07,31,2080.81,2025-12,0.3548,0.3408,11.0,31,197.27,218.15,20.0,0.0,2025-12-01,0.81,0.0,400.74,berlinda,20,2.0,6043.07,3228.0624,21.006586617711374,41.17647058823529,Média,🟢 Abaixo viável,
AYR0202,Florianopolis-Canasvieiras_Perto-apartamento-SUP-2Q,Carteira 1,SC,"Florianópolis, SC","Florianópolis, SC, Canasvieiras",0.0,327,7689.03,23,8029.31,2025-12,0.4516,0.3783,14.0,31,652.86,799.18,17.0,0.0,2025-12-01,0.96,0.0,340.28000000000065,berlinda,17,1.0,21275.09,13824.494696,33.869033628045315,63.02521008403361,Alta,🟢 Abaixo viável,
CNB012,Especial-CNB-casa-TOP-1Q,Especial,SP,"Campos do Jordão, SP","Campos do Jordão, SP, Jardim Europa",0.0,621,4225.82,15,4612.23,2025-12,0.2581,0.291,8.0,31,720.0,853.39,23.0,7.0,2025-12-01,0.92,0.0,386.40999999999985,berlinda,23,1.0,23853.79,9291.799057,71.49652768834163,89.49579831932773,Crítico,🟢 Abaixo viável,
MHFA0804,Itapema-Canto_Praia-apartamento-SUP-1Q,Carteira 5,SC,"Itapema, SC","Itapema, SC, Centro",0.0,39,5060.96,16,5616.63,2025-12,0.5806,0.3721,18.0,31,333.3,536.91,11.0,0.0,2025-12-01,0.9,0.0,555.6700000000001,berlinda,11,2.0,10966.97,8489.989406,26.559055848435808,54.20168067226891,Alta,🟢 Abaixo viável,
NWT0610,Especial-NWT-apartamento-TOP-1Q,Carteira 5,AL,"Maceió, AL","Maceió, AL, Pajuçara",0.0,245,4434.32,34,4511.21,2025-12,0.6129,0.3523,19.0,31,287.11,960.83,12.0,0.0,2025-12-01,0.98,0.0,76.89000000000033,berlinda,12,1.0,15964.28,11501.032484,16.376586037892345,31.092436974789916,Média,🟢 Abaixo viável,
AIA2200,Barra_Velha-Tabuleiro-casa-JR-3Q,Carteira 3,SC,"Barra Velha, SC","Barra Velha, SC, Barra Velha",11.0,668,5539.64,19,5714.92,2025-12,0.5,0.3006,10.0,31,682.6,224.0,9.0,0.0,2025-12-01,0.97,7508.6,175.27999999999975,berlinda,9,1.0,7555.64,6547.64,6.870213406311889,5.042016806722689,Baixa,🟢 Abaixo viável,
MHF1402,Itapema-Canto_Praia-apartamento-TOP-2Q,Carteira 5,SC,"Itapema, SC","Itapema, SC, Centro",0.0,468,4217.44,14,4620.28,2025-12,0.4516,0.2821,14.0,31,412.0,789.38,16.0,0.0,2025-12-01,0.91,0.0,402.84000000000015,berlinda,16,1.0,16847.52,9921.184128,68.82566407230735,88.65546218487394,Crítico,🟢 Abaixo viável,
NOR0202,Brasilia-Asa_Norte-apartamento-SUP-1Q,Carteira 1_sys-price,DF,"Brasília, DF","Brasília, DF, Asa Norte",0.0,797,1636.5,139,1842.36,2025-12,0.3226,0.3729,10.0,31,212.0,159.24,21.0,0.0,2025-12-01,0.89,0.0,205.8599999999999,berlinda,21,2.0,4980.54,2715.287304,8.89650947697518,9.663865546218489,Baixa,🟢 Abaixo viável,
JBV279,Especial-JBV-hotel-JR-1Q,Especial,SC,"Florianópolis, SC","Florianópolis, SC, Jurerê",10.0,1095,9827.17,23,10939.33,2025-12,0.7619,0.5584,16.0,31,696.19,610.6,5.0,0.0,2025-12-01,0.9,6961.900000000001,1112.1599999999999,berlinda,5,2.0,12880.17,12153.2507,31.038687744130577,59.66386554621849,Alta,🟢 Abaixo viável,
PGL0301,Florianopolis-Canasvieiras_Perto-apartamento-TOP-3Q,Carteira 1,SC,"Florianópolis, SC","Florianópolis, SC, Canasvieiras",15.0,75,14137.2,14,15208.2,2025-12,0.9375,0.3791,15.0,31,1188.0,578.0,1.0,0.0,2025-12-01,0.93,17820.0,1071.0,berlinda,1,2.0,14715.2,14679.075,20.35211267605634,39.49579831932773,Média,🟠 Abaixo precisa esforço,
NWT0907,Especial-NWT-apartamento-TOP-1Q,Carteira 5,AL,"Maceió, AL","Maceió, AL, Pajuçara",0.0,251,3863.5,34,4511.21,2025-12,0.6129,0.3523,19.0,31,317.84,965.67,12.0,0.0,2025-12-01,0.86,0.0,647.71,berlinda,12,1.0,15451.539999999999,10965.809716,138.64885822207344,97.05882352941177,Crítico,🟢 Abaixo viável,
GPL1305,Porto_Alegre-Jardim_Lindoia-apartamento-SUP-2Q,Carteira 4,RS,"Porto Alegre, RS","Porto Alegre, RS, São Sebastião",3.0,215,4106.33,10,4338.75,2025-12,0.5357,0.5714,15.0,31,350.0,283.08,13.0,0.0,2025-12-01,0.95,1050.0,232.42000000000007,berlinda,13,1.0,7786.37,6077.727428,15.164149490060508,26.47058823529412,Média,🟢 Abaixo viável,
CEG0202,Florianopolis-Jurere_Longe-apartamento-SUP-1Q,Carteira 1,SC,"Florianópolis, SC","Florianópolis, SC, Jurerê",3.0,553,4761.78,23,5623.11,2025-12,0.25,0.3516,7.0,31,935.0,489.8,20.0,0.0,2025-12-01,0.85,2805.0,861.3299999999999,berlinda,20,2.0,14557.779999999999,7210.78,37.51299850082961,66.38655462184873,Alta,🟢 Abaixo viável,
CNA001,Especial-CNA-casa-MASTER-1Q,Especial,SP,"Campos do Jordão, SP","Campos do Jordão, SP, Jardim Europa",0.0,1046,6204.6,25,6822.48,2025-12,0.3548,0.3355,11.0,31,692.27,824.89,19.0,0.0,2025-12-01,0.91,0.0,617.8799999999992,berlinda,19,1.0,21877.510000000002,11765.348468,74.70641661096836,91.59663865546219,Crítico,🟢 Abaixo viável,
ELO0207,Balneario_Camboriu-Intermediario-apartamento-JR-3Q,Carteira 6,SC,"Balneário Camboriú, SC","Balneário Camboriú, SC, Centro",10.0,592,4213.84,19,5167.96,2025-12,0.4286,0.3259,9.0,31,551.56,256.18,11.0,0.0,2025-12-01,0.82,5515.599999999999,954.1199999999999,berlinda,11,4.0,7031.82,5421.626228,11.824127005626973,17.22689075630252,Baixa,🟢 Abaixo viável,
ILH106,Florianopolis-Canasvieiras_Perto-apartamento-TOP-3Q,Carteira 1,SC,"Florianópolis, SC","Florianópolis, SC, Canasvieiras",8.0,829,13220.12,14,15208.2,2025-12,0.6957,0.3791,16.0,31,1097.0,944.71,7.0,0.0,2025-12-01,0.87,8776.0,1988.08,berlinda,7,3.0,19833.09,17820.763229,41.16549091498884,70.58823529411765,Alta,🟢 Abaixo viável,
JTL002,Florianopolis-Jurere_Longe-apartamento-JR-1Q,Carteira 1,SC,"Florianópolis, SC","Florianópolis, SC, Jurerê",0.0,525,3619.84,42,3939.68,2025-12,0.4839,0.3823,15.0,31,333.2,453.13,16.0,0.0,2025-12-01,0.92,0.0,319.8399999999997,berlinda,16,1.0,10869.92,7128.153712,36.78702310847578,64.70588235294117,Alta,🟢 Abaixo viável,
PRM007,Santa_Cruz_Cabralia-Coroa_Vermelha-apartamento-SUP-2Q,Carteira 2,BA,"Santa Cruz Cabrália, BA","Santa Cruz Cabrália, BA, Coroa Vermelha",0.0,588,4992.68,60,5857.86,2025-12,0.5484,0.4238,17.0,31,470.53,586.07,14.0,0.0,2025-12-01,0.85,0.0,865.1799999999994,berlinda,14,2.0,13197.660000000002,9492.291032000001,43.279972771626475,73.10924369747899,Alta,🟢 Abaixo viável,
PLA0408,Curitiba-Boa_Vista-apartamento-SUP-1Q,Carteira 4,PR,"Curitiba, PR","Curitiba, PR, Boa Vista",0.0,80,2621.16,19,2711.96,2025-12,0.6129,0.5843,19.0,31,162.95,229.08,12.0,0.0,2025-12-01,0.97,0.0,90.80000000000018,berlinda,12,1.0,5370.12,4305.997584,7.669900735999072,7.9831932773109235,Baixa,🟢 Abaixo viável,
RLU0302,Gramado-Carniel-apartamento-TOP-3Q,Carteira 4,RS,"Gramado, RS","Gramado, RS, Jardim Bela Vista",8.0,137,15306.76,19,16311.92,2025-12,0.8696,0.5768,20.0,31,1033.8,817.67,3.0,0.0,2025-12-01,0.94,8270.4,1005.1599999999999,berlinda,3,2.0,17759.77,17439.897496,25.1929011790151,50.42016806722689,Alta,🟢 Abaixo viável,
NWT0612,Especial-NWT-apartamento-TOP-1Q,Carteira 5,AL,"Maceió, AL","Maceió, AL, Pajuçara",0.0,245,3824.57,34,4511.21,2025-12,0.5484,0.3523,17.0,31,274.59,867.86,14.0,0.0,2025-12-01,0.85,0.0,686.6399999999999,berlinda,14,1.0,15974.61,10487.651936,132.09480170508576,96.63865546218487,Crítico,🟢 Abaixo viável,
PTG0030,Porto_Seguro-Pitinga-casa-TOP-4Q,Carteira 2,BA,"Porto Seguro, BA","Porto Seguro, BA, Arraial DAjuda",8.0,423,19527.44,12,19831.7,2025-12,0.4348,0.4892,10.0,31,2838.0,814.08,13.0,17.0,2025-12-01,0.98,22704.0,304.26000000000204,berlinda,13,1.0,30110.48,24128.945792,12.489699864358661,20.168067226890756,Média,🟢 Abaixo viável,
RAL204,Florianopolis-Ingleses_Centro-apartamento-JR-2Q,Carteira 1,SC,"Florianópolis, SC","Florianópolis, SC, Ingleses do Rio Vermelho",0.0,544,4390.25,27,4428.29,2025-12,0.1613,0.3909,5.0,31,1051.0,385.36,25.0,0.0,2025-12-01,0.99,0.0,38.039999999999964,berlinda,25,1.0,14024.25,5944.2142,3.3103284563567397,2.100840336134454,Baixa,🟢 Abaixo viável,
ROR0002,Bombinhas-Bombas-apartamento-JR-3Q,Carteira 6,SC,"Bombinhas, SC","Bombinhas, SC, Bombas",7.0,320,5108.44,23,6228.8,2025-12,0.7917,0.3355,19.0,31,367.58,610.0,4.0,0.0,2025-12-01,0.82,2573.06,1120.3600000000006,berlinda,4,2.0,7548.44,7040.187999999999,54.8596519393784,81.09243697478992,Crítico,🟢 Abaixo viável,
BMR0004,Porto_Seguro-Pataxos-casa-JR-2Q,Carteira 2,BA,"Porto Seguro, BA","Porto Seguro, BA, Loteamento Village I",0.0,412,4280.39,10,4497.06,2025-12,0.3548,0.3285,11.0,31,461.36,354.6,20.0,0.0,2025-12-01,0.95,0.0,216.67000000000007,berlinda,20,1.0,11372.39,6796.631600000001,17.084758041920725,32.773109243697476,Média,🟢 Abaixo viável,
GCH0201,Camaçari-Jacuipe-apartamento-JR-3Q,Carteira 2,BA,"Camaçari, BA","Camaçari, BA, Guarajuba Monte Gordo",13.0,462,6127.76,122,7299.38,2025-12,0.5556,0.3245,10.0,31,707.9,386.88,8.0,0.0,2025-12-01,0.84,9202.699999999999,1171.62,berlinda,8,4.0,9222.8,7847.364224,15.52448103811556,27.310924369747898,Média,🟢 Abaixo viável,
RFM0012,Santa_Cruz_Cabralia-Coroa_Vermelha-apartamento-SUP-2Q,Carteira 2,BA,"Santa Cruz Cabrália, BA","Porto Seguro, BA, Mutá",0.0,325,5490.54,60,5857.86,2025-12,0.1935,0.4238,6.0,31,788.78,289.14,21.0,0.0,2025-12-01,0.94,0.0,367.3199999999997,berlinda,21,2.0,11562.48,6665.46039,9.065333142137224,10.504201680672269,Baixa,🟢 Abaixo viável,
IPTR0082,Balneario_Camboriu-Centro-apartamento-JR-2Q,Carteira 6,SC,"Balneário Camboriú, SC","Balneário Camboriú, SC, Centro",7.0,122,5529.2,45,5810.63,2025-12,0.75,0.4112,18.0,31,393.11,523.33,6.0,0.0,2025-12-01,0.95,2751.77,281.4300000000003,berlinda,6,1.0,8669.18,7884.1849999999995,25.34678028027945,51.26050420168067,Alta,🟢 Abaixo viável,
OLN1702,Sao_Paulo-Mariana-apartamento-SUP-1Q,Carteira 4_sys-price,SP,"São Paulo, SP","São Paulo, SP, Vila Clementino",0.0,229,1522.85,223,1659.39,2025-12,0.3226,0.2904,10.0,31,193.6,184.1,21.0,0.0,2025-12-01,0.92,0.0,136.5400000000002,berlinda,21,1.0,5388.95,2770.05386,15.148346078980849,26.05042016806723,Média,🟢 Abaixo viável,
RMO0602,Salvador-Ondina_Rio_Vermelho-apartamento-SUP-1Q,Carteira 2,BA,"Salvador, BA","Salvador, BA, Rio Vermelho",0.0,369,2145.01,93,2433.12,2025-12,0.2903,0.3565,9.0,31,294.33,255.0,22.0,0.0,2025-12-01,0.88,0.0,288.1099999999997,berlinda,22,2.0,7755.01,3773.593,15.09749827382125,25.630252100840334,Média,🟢 Abaixo viável,
IPTR0241,Balneario_Camboriu-Centro-apartamento-MASTER-2Q,Carteira 6,SC,"Balneário Camboriú, SC","Balneário Camboriú, SC, Centro",13.0,67,9639.25,18,10348.0,2025-12,0.7222,0.4247,13.0,31,935.46,630.0,4.0,0.0,2025-12-01,0.93,12160.98,708.75,berlinda,4,2.0,12159.25,11459.194,21.574821221492073,42.857142857142854,Média,🟢 Abaixo viável,
MHFA2005,Itapema-Canto_Praia-apartamento-SUP-1Q,Carteira 5,SC,"Itapema, SC","Itapema, SC, Centro",0.0,504,5473.56,16,5616.63,2025-12,0.5161,0.3721,16.0,31,441.31,413.0,15.0,0.0,2025-12-01,0.97,0.0,143.0699999999997,berlinda,15,1.0,11668.560000000001,8670.799500000001,10.520171348299582,15.126050420168067,Baixa,🟢 Abaixo viável,
VGZ0003,Imbituba-Praia_do_Rosa-casa-SUP-1Q,Carteira 6,SC,"Imbituba, SC","Imbituba, SC, Ibiraquera",12.0,650,3387.1,42,3671.42,2025-12,0.8947,0.3229,17.0,31,353.0,259.0,2.0,0.0,2025-12-01,0.92,4236.0,284.32000000000016,berlinda,2,2.0,3905.1,3850.5546,10.028664658361077,12.605042016806722,Baixa,🟢 Abaixo viável,
BPM0808,Salvador-Barra-apartamento-SUP-1Q,Carteira 2,BA,"Salvador, BA","Salvador, BA, Barra",0.0,52,2574.34,227,2961.11,2025-12,0.4194,0.3641,13.0,31,262.77,319.44,18.0,0.0,2025-12-01,0.87,0.0,386.77,berlinda,18,2.0,8324.26,4985.8564480000005,20.862076856314015,40.7563025210084,Média,🟢 Abaixo viável,
CTM0000,Garopaba-Centro-casa-SUP-2Q,Carteira 6,SC,"Garopaba, SC","Garopaba, SC, Costa Macacu",1.0,206,6554.08,16,7119.57,2025-12,0.3,0.3586,9.0,31,912.78,449.9,21.0,0.0,2025-12-01,0.92,912.78,565.4899999999998,berlinda,21,2.0,16001.98,9388.45,17.867227304457987,34.87394957983193,Média,🟢 Abaixo viável,
EVA105,Florianopolis-Centrao-apartamento-SUP-1Q,Carteira 4,SC,"Florianópolis, SC","Florianópolis, SC, Centro",0.0,802,2552.64,124,3186.58,2025-12,0.3871,0.3292,12.0,31,275.42,407.32,19.0,0.0,2025-12-01,0.8,0.0,633.94,berlinda,19,2.0,10291.72,5548.437867999999,40.5162338306272,69.74789915966386,Alta,🟢 Abaixo viável,
ODM1203,Sao_Paulo-Mariana-apartamento-SUP-1Q,Carteira 4_sys-price,SP,"São Paulo, SP","São Paulo, SP, Vila Mariana",0.0,69,1645.71,223,1659.39,2025-12,0.4516,0.2904,14.0,31,162.33,189.56,16.0,0.0,2025-12-01,0.99,0.0,13.680000000000064,berlinda,16,1.0,4678.67,3015.394736,1.5627313651402093,0.42016806722689076,Baixa,🟢 Abaixo viável,
PUQ0208,Sao_Paulo-Pompeia-apartamento-SUP-1Q,Carteira 4_sys-price,SP,"São Paulo, SP","São Paulo, SP, Perdizes",0.0,229,1185.12,60,1367.42,2025-12,0.2581,0.2372,8.0,31,179.63,183.23,22.0,0.0,2025-12-01,0.87,0.0,182.30000000000018,berlinda,22,1.0,5216.18,2225.536586,24.42762940427962,48.319327731092436,Média,🟢 Abaixo viável,
SLI0703,Maceio-Ponta_Verde-apartamento-SUP-1Q,Carteira 2,AL,"Maceió, AL","Maceió, AL, Ponta Verde",1.0,70,3482.15,204,4251.06,2025-12,0.6333,0.4918,19.0,31,239.53,697.64,11.0,0.0,2025-12-01,0.82,239.53,768.9100000000003,berlinda,11,2.0,11156.19,8342.119531999999,63.092778318819335,85.71428571428571,Crítico,🟢 Abaixo viável,
ERU032,Bombinhas-Bombas-apartamento-SUP-2Q,Carteira 6,SC,"Bombinhas, SC","Bombinhas, SC, Bombas",0.0,1265,4750.62,70,5557.26,2025-12,0.3871,0.3202,12.0,31,472.0,617.53,19.0,0.0,2025-12-01,0.85,0.0,806.6400000000003,berlinda,19,2.0,16483.69,9292.491397,44.817445935586974,73.94957983193278,Alta,🟢 Abaixo viável,
VDB0201,Gramado-Centro-apartamento-SUP-2Q,Carteira 4,RS,"Gramado, RS","Gramado, RS, Centro",8.0,291,8200.82,97,9644.91,2025-12,0.8696,0.6583,20.0,31,535.85,900.0,3.0,0.0,2025-12-01,0.85,4286.8,1444.0900000000001,berlinda,3,2.0,10900.82,10548.74,67.3765229535579,88.23529411764706,Crítico,🟢 Abaixo viável,
CEO0104,Itapema-Meia_Praia-Norte-apartamento-JR-3Q,Carteira 6,SC,"Itapema, SC","Itapema, SC, Meia Praia",13.0,592,4318.58,23,5226.35,2025-12,0.6667,0.2829,12.0,31,394.42,467.17,6.0,0.0,2025-12-01,0.83,5127.46,907.7700000000004,berlinda,6,2.0,7121.6,6187.353434,40.571614118840124,70.16806722689076,Alta,🟢 Abaixo viável,
SJE0103,Florianopolis-Canajure-apartamento-SUP-1Q,Carteira 1,SC,"Florianópolis, SC","Florianópolis, SC, Canasvieiras",0.0,405,5089.41,43,5985.49,2025-12,0.3226,0.4595,10.0,31,782.2,326.5,20.0,0.0,2025-12-01,0.85,0.0,896.0799999999999,berlinda,20,3.0,11619.41,7195.987999999999,16.293298181658198,30.252100840336134,Média,🟢 Abaixo viável,
SHC0703,Balneario_Picarras-Geral-apartamento-TOP-2Q,Carteira 6,SC,"Balneário Piçarras, SC","Balneário Piçarras, SC, Itajubá II",2.0,308,7440.12,36,9156.13,2025-12,0.6207,0.4149,18.0,31,559.83,946.09,11.0,0.0,2025-12-01,0.81,1119.66,1716.0099999999993,berlinda,11,2.0,17847.11,13899.738693,88.65644660462442,93.27731092436974,Crítico,🟢 Abaixo viável,
VST002,Especial-VST-casa-TOP-1Q,Carteira 5,SC,"Anitápolis, SC","Anitápolis, SC, Rio dos Pinheiros",0.0,518,2963.22,47,2992.0,2025-12,0.4194,0.1608,13.0,31,313.46,241.56,18.0,11.0,2025-12-01,0.99,0.0,28.7800000000002,berlinda,18,1.0,7311.299999999999,4786.804752,2.323561764705899,0.8403361344537815,Baixa,🟢 Abaixo viável,
JRR309,Florianopolis-Jurere_Tradicional-apartamento-TOP-3Q,Carteira 1,SC,"Florianópolis, SC","Florianópolis, SC, Jurerê",7.0,172,16206.12,18,17809.66,2025-12,0.5417,0.4425,13.0,31,1612.0,1106.2,10.0,0.0,2025-12-01,0.91,11284.0,1603.539999999999,berlinda,10,2.0,27268.120000000003,22198.4054,49.79982627405575,77.73109243697479,Alta,🟢 Abaixo viável,
RRA0103,Florianopolis-Praia_Brava-apartamento-TOP-3Q,Carteira 1,SC,"Florianópolis, SC","Florianópolis, SC, Praia Brava",4.0,453,11891.78,18,12403.32,2025-12,0.2222,0.3598,6.0,31,2327.17,926.57,21.0,0.0,2025-12-01,0.96,9308.68,511.53999999999905,berlinda,21,1.0,31349.75,16215.340934,38.21377000674006,67.64705882352942,Alta,🟢 Abaixo viável,
BRI0102,Florianopolis-Jurere_Longe-apartamento-SUP-2Q,Carteira 1,SC,"Florianópolis, SC","Florianópolis, SC, Jurerê",0.0,131,9149.36,27,9683.84,2025-12,0.3871,0.5368,12.0,31,919.67,609.67,18.0,0.0,2025-12-01,0.94,0.0,534.4799999999996,berlinda,18,1.0,20123.42,13397.418626,33.649504907144234,62.18487394957983,Alta,🟢 Abaixo viável,
MHFA0604,Itapema-Canto_Praia-apartamento-SUP-1Q,Carteira 5,SC,"Itapema, SC","Itapema, SC, Centro",0.0,487,4640.16,16,5616.63,2025-12,0.2903,0.3721,9.0,31,676.89,424.29,21.0,0.0,2025-12-01,0.83,0.0,976.4700000000003,berlinda,21,3.0,13550.25,7226.759127,24.5880807708537,48.739495798319325,Média,🟢 Abaixo viável,
OKA0135,Florianopolis-Campeche-apartamento-SUP-1Q,Carteira 1,SC,"Florianópolis, SC","Florianópolis, SC, Campeche",0.0,76,2504.48,21,2822.43,2025-12,0.2258,0.2776,7.0,31,454.86,550.58,24.0,0.0,2025-12-01,0.89,0.0,317.9499999999998,berlinda,24,1.0,15718.400000000001,5488.183136,62.02347303564656,85.29411764705883,Crítico,🟢 Abaixo viável,
RLA0201,Gramado-Geral-apartamento-TOP-2Q,Carteira 4,RS,"Gramado, RS","Gramado, RS, Tres Pinheiros",4.0,297,12193.24,93,14212.14,2025-12,0.8519,0.6529,23.0,31,618.13,976.5,4.0,0.0,2025-12-01,0.86,2472.52,2018.8999999999996,berlinda,4,3.0,16099.24,15520.7614,46.23877544127766,74.78991596638656,Alta,🟢 Abaixo viável,
LOF1405,Sao_Paulo-Pinheiros-apartamento-SUP-1Q,Carteira 4_sys-price,SP,"São Paulo, SP","São Paulo, SP, Pinheiros",0.0,196,2215.54,375,2368.89,2025-12,0.3871,0.3215,12.0,31,241.17,221.53,19.0,0.0,2025-12-01,0.94,0.0,153.3499999999999,berlinda,19,1.0,6424.61,3844.870997,14.340735745433506,23.52941176470588,Média,🟢 Abaixo viável,
MSST1401,Goiania-Leste-apartamento-TOP-1Q,Carteira 1_sys-price,GO,"Goiânia, GO","Goiânia, GO, Jardim Goiás",0.0,797,1173.56,14,1246.73,2025-12,0.2258,0.1875,7.0,31,210.86,202.78,23.0,0.0,2025-12-01,0.94,0.0,73.17000000000007,berlinda,23,1.0,5837.5,2226.6776520000003,11.901063261492077,18.067226890756302,Baixa,🟢 Abaixo viável,
ONP2021,Sao_Paulo-Bela_Vista-apartamento-SUP-1Q,Carteira 4_sys-price,SP,"São Paulo, SP","São Paulo, SP, Paraíso",0.0,200,1739.67,718,2096.87,2025-12,0.3871,0.3298,12.0,31,170.33,197.05,19.0,0.0,2025-12-01,0.83,0.0,357.1999999999998,berlinda,19,2.0,5483.620000000001,3188.953045,16.783648962501246,31.932773109243694,Média,🟢 Abaixo viável,
RPN0101,Florianopolis-Canajure-apartamento-SUP-3Q,Carteira 1,SC,"Florianópolis, SC","Florianópolis, SC, Jurere",4.0,108,7839.57,17,9352.93,2025-12,0.3704,0.6044,10.0,31,925.2,729.71,17.0,0.0,2025-12-01,0.84,3700.8,1513.3600000000006,berlinda,17,3.0,20244.64,12434.407928,39.3571471043477,68.0672268907563,Alta,🟢 Abaixo viável,
VAC0704,Barra_Velha-Tabuleiro-apartamento-TOP-2Q,Carteira 3,SC,"Barra Velha, SC","Barra Velha, SC, Itajubá",0.0,59,4842.1,54,5693.67,2025-12,0.4194,0.3328,13.0,31,446.54,509.56,18.0,0.0,2025-12-01,0.85,0.0,851.5699999999997,berlinda,18,2.0,14014.18,8688.870352,38.10600273637213,67.22689075630252,Alta,🟢 Abaixo viável,
NWT0918,Especial-NWT-apartamento-TOP-1Q,Carteira 5,AL,"Maceió, AL","Maceió, AL, Pajuçara",0.0,249,4234.37,34,4511.21,2025-12,0.5484,0.3523,17.0,31,306.76,862.79,14.0,0.0,2025-12-01,0.94,0.0,276.84000000000015,berlinda,14,1.0,16313.43,10858.526504,52.9469440793047,78.99159663865547,Alta,🟢 Abaixo viável,
RGP302,Florianopolis-Jurere_Tradicional-apartamento-SUP-2Q,Carteira 1,SC,"Florianópolis, SC","Florianópolis, SC, Jurerê",0.0,601,9020.08,17,9189.8,2025-12,0.2581,0.4718,8.0,31,1518.75,536.5,22.0,0.0,2025-12-01,0.98,0.0,169.71999999999935,berlinda,22,1.0,20823.08,12066.4343,9.908243922609815,12.184873949579831,Baixa,🟢 Abaixo viável,
BER0202,Maceio-Jatiuca-apartamento-SUP-1Q,Carteira 2,AL,"Maceió, AL","Maceió, AL, Ponta Verde",0.0,68,3447.57,110,3659.98,2025-12,0.2903,0.4649,9.0,31,424.0,268.05,21.0,0.0,2025-12-01,0.94,0.0,212.40999999999985,berlinda,21,1.0,9076.62,5081.683215,15.556505909868353,27.73109243697479,Média,🟢 Abaixo viável,
MMD0604,Ilheus-Sul-apartamento-SUP-2Q,Carteira 2,BA,"Ilhéus, BA","Ilhéus, BA, São Francisco",0.0,192,3263.07,40,3567.45,2025-12,0.4839,0.3513,15.0,31,306.0,432.13,16.0,0.0,2025-12-01,0.91,0.0,304.37999999999965,berlinda,16,1.0,10177.15,6608.793312,36.86995736450402,65.12605042016807,Alta,🟢 Abaixo viável,
OMC1303,Itapema-Praia_Centro-apartamento-SUP-2Q,Carteira 6,SC,"Itapema, SC","Itapema, SC, Tabuleiro dos Oliveiras",0.0,201,6984.14,16,7647.8,2025-12,0.5484,0.3714,17.0,31,500.82,361.36,14.0,0.0,2025-12-01,0.91,0.0,663.6599999999999,berlinda,14,2.0,12043.18,9758.517536,15.679030413975257,28.15126050420168,Média,🟢 Abaixo viável,
RLZ0301,Florianopolis-Itacorubi-apartamento-TOP-2Q,Carteira 4,SC,"Florianópolis, SC","Florianópolis, SC, Itacorubi",0.0,186,3165.86,13,3333.7,2025-12,0.3871,0.281,12.0,31,358.83,649.06,18.0,0.0,2025-12-01,0.95,0.0,167.8399999999997,berlinda,18,1.0,14848.939999999999,7688.380268000001,32.677874553799015,60.50420168067227,Alta,🟢 Abaixo viável,
GSH2101,Camaçari-Monte_Gordo-apartamento-JR-3Q,Carteira 2,BA,"Camaçari, BA","Camaçari, BA, Centro",10.0,109,7687.47,12,8109.61,2025-12,0.9048,0.3535,19.0,31,497.68,558.0,2.0,0.0,2025-12-01,0.95,4976.8,422.1399999999994,berlinda,2,1.0,8803.470000000001,8697.2268,29.046294458056536,57.56302521008403,Alta,🟢 Abaixo viável,
SHT1701,Aguas_Claras-Geral-apartamento-JR-1Q,Carteira 1_sys-price,DF,"Brasília, DF","Brasília, DF, Águas Claras",0.0,374,1143.92,65,1178.61,2025-12,0.3226,0.2364,10.0,31,149.2,160.9,20.0,0.0,2025-12-01,0.97,0.0,34.68999999999983,berlinda,20,1.0,4361.92,2182.0468,4.735765859783959,3.7815126050420167,Baixa,🟢 Abaixo viável,
IFT1108,Itapema-Meia_Praia-Norte-apartamento-TOP-1Q,Carteira 6,SC,"Itapema, SC","Itapema, SC, Meia Praia",0.0,278,7665.48,34,8039.05,2025-12,0.7419,0.47,23.0,31,370.09,1050.25,8.0,3.0,2025-12-01,0.95,0.0,373.5700000000006,berlinda,8,1.0,16067.48,13898.9238,48.80450955025788,76.47058823529412,Alta,🟢 Abaixo viável,
NWT0601,Especial-NWT-apartamento-TOP-1Q,Carteira 5,AL,"Maceió, AL","Maceió, AL, Pajuçara",0.0,245,4122.4,34,4511.21,2025-12,0.5161,0.3523,16.0,31,289.81,822.8,15.0,0.0,2025-12-01,0.91,0.0,388.8100000000004,berlinda,15,1.0,16464.4,10492.106199999998,70.9150910731268,89.07563025210085,Crítico,🟢 Abaixo viável,
PSOB0807,Penha-Beto_Carrero-apartamento-SUP-1Q,Carteira 3,SC,"Penha, SC","Penha, SC, Praia de Armação do Itapocoroi",0.0,132,2111.59,15,2337.5,2025-12,0.4839,0.234,15.0,31,219.91,505.05,19.0,0.0,2025-12-01,0.9,0.0,225.90999999999985,berlinda,19,1.0,11707.54,6755.070205000001,48.8110568983957,76.89075630252101,Alta,🟢 Abaixo viável,
MHFB0705,Itapema-Canto_Praia-apartamento-SUP-1Q,Carteira 5,SC,"Itapema, SC","Itapema, SC, Centro",0.0,285,4573.04,16,5616.63,2025-12,0.4194,0.3721,13.0,31,419.85,415.29,17.0,0.0,2025-12-01,0.81,0.0,1043.5900000000001,berlinda,17,3.0,11632.970000000001,7533.974641999999,25.720790527415915,52.94117647058824,Alta,🟢 Abaixo viável,
VDT0401,Bombinhas-Bombas-apartamento-MASTER-3Q,Carteira 6,SC,"Bombinhas, SC","Bombinhas, SC, Bombas",7.0,521,13709.76,19,14575.88,2025-12,0.5,0.4038,12.0,31,1341.67,1642.0,12.0,10.0,2025-12-01,0.94,9391.69,866.119999999999,berlinda,12,1.0,33413.76,23561.760000000002,97.57002939102122,94.11764705882352,Crítico,🟢 Abaixo viável,
ODI0487,Florianopolis-Rio_Vermelho-casa-JR-3Q,Carteira 1,SC,"Florianópolis, SC","Florianópolis, SC, Ingleses do Rio Vermelho",6.0,10,3911.2,14,4768.92,2025-12,0.2,0.2713,5.0,31,1021.0,354.53,19.0,0.0,2025-12-01,0.82,6126.0,857.7200000000003,berlinda,19,3.0,10647.27,5258.414,21.254810425281477,42.016806722689076,Média,🟢 Abaixo viável,
THO2614,Goiania-Leste-apartamento-SUP-1Q,Carteira 1_sys-price,GO,"Goiânia, GO","Goiânia, GO, Jardim Goiás",0.0,563,1247.24,61,1550.4,2025-12,0.2258,0.2292,7.0,31,188.29,166.74,23.0,22.0,2025-12-01,0.8,0.0,303.1600000000001,berlinda,23,2.0,5082.26,2113.187516,16.30188931888545,30.672268907563026,Média,🟢 Abaixo viável,
CCS201,Florianopolis-Campeche_Praia-apartamento-SUP-1Q,Carteira 1,SC,"Florianópolis, SC","Florianópolis, SC, Campeche",0.0,1041,3975.55,12,4642.4,2025-12,0.1613,0.4373,5.0,31,952.0,394.8,25.0,0.0,2025-12-01,0.86,0.0,666.8499999999995,berlinda,25,2.0,13845.55,5567.581,28.355202050663426,56.72268907563025,Alta,🟢 Abaixo viável,
EDG402,Balneario_Camboriu-Centro-apartamento-SUP-2Q,Carteira 6,SC,"Balneário Camboriú, SC","Balneário Camboriú, SC, Centro",0.0,990,8414.82,73,8692.36,2025-12,0.3226,0.4059,10.0,31,928.8,534.9,21.0,0.0,2025-12-01,0.97,0.0,277.5400000000009,berlinda,21,1.0,19647.72,12038.553539999999,17.07892287019871,32.35294117647059,Média,🟢 Abaixo viável,
TCO1216,Porto_Alegre-Centro_Historico-apartamento-SUP-1Q,Carteira 4,RS,"Porto Alegre, RS","Porto Alegre, RS, Centro Histórico",0.0,529,1003.68,85,1152.33,2025-12,0.2903,0.2626,9.0,31,124.89,164.41,22.0,0.0,2025-12-01,0.87,0.0,148.64999999999998,berlinda,22,1.0,4620.7,2053.700906,21.208808674598423,41.596638655462186,Média,🟢 Abaixo viável,
CEP0128,Sao_Paulo-Pompeia-apartamento-SUP-1Q,Carteira 4_sys-price,SP,"São Paulo, SP","São Paulo, SP, Perdizes",0.0,95,1097.62,60,1367.42,2025-12,0.2581,0.2372,8.0,31,180.0,179.77,22.0,0.0,2025-12-01,0.8,0.0,269.8000000000002,berlinda,22,2.0,5052.5599999999995,2118.390014,17.734838601161318,34.45378151260504,Média,🟢 Abaixo viável,
TCO0213,Porto_Alegre-Centro_Historico-apartamento-SUP-1Q,Carteira 4,RS,"Porto Alegre, RS","Porto Alegre, RS, Centro Histórico",0.0,418,1076.91,85,1152.33,2025-12,0.3548,0.2626,11.0,31,122.27,169.25,20.0,0.0,2025-12-01,0.93,0.0,75.41999999999985,berlinda,20,1.0,4461.91,2277.9080000000004,11.077412720314472,15.966386554621847,Baixa,🟢 Abaixo viável,
EFR203,Cabo_Frio-Centro-apartamento-TOP-3Q,Carteira 4,RJ,"Cabo Frio, RJ","Cabo Frio, RJ, Braga",3.0,1082,7013.36,20,7249.66,2025-12,0.2857,0.34,8.0,31,1037.5,444.89,19.0,0.0,2025-12-01,0.97,3112.5,236.30000000000018,berlinda,19,1.0,15466.27,9428.356387,14.501025841211874,23.949579831932773,Média,🟢 Abaixo viável,
EDF1605,Salvador-Ondina_Rio_Vermelho-apartamento-TOP-1Q,Carteira 2,BA,"Salvador, BA","Salvador, BA, Rio Vermelho",0.0,105,2692.38,45,3276.93,2025-12,0.3548,0.354,11.0,31,321.91,339.4,20.0,0.0,2025-12-01,0.82,0.0,584.5499999999997,berlinda,20,2.0,9480.380000000001,5100.7624,30.271667383801294,59.2436974789916,Alta,🟢 Abaixo viável,
NWT1007,Especial-NWT-apartamento-TOP-1Q,Carteira 5,AL,"Maceió, AL","Maceió, AL, Pajuçara",0.0,229,4387.7,34,4511.21,2025-12,0.5806,0.3523,18.0,31,311.0,710.62,13.0,0.0,2025-12-01,0.97,0.0,123.51000000000022,berlinda,13,1.0,13625.759999999998,9751.317636,19.45568399608977,38.655462184873954,Média,🟢 Abaixo viável,
ZAH0811,Sao_Paulo-Bela_Vista-apartamento-TOP-1Q,Carteira 4_sys-price,SP,"São Paulo, SP","São Paulo, SP, Paraíso",0.0,150,2115.65,198,2582.94,2025-12,0.2258,0.3786,7.0,31,307.43,249.63,24.0,0.0,2025-12-01,0.82,0.0,467.28999999999996,berlinda,24,2.0,8106.77,3468.444896,22.580780564008453,45.79831932773109,Média,🟢 Abaixo viável,
BBH1003,Balneario_Picarras-Geral-apartamento-TOP-2Q,Carteira 6,SC,"Balneário Piçarras, SC","Balneário Piçarras, SC, Itacolomi",0.0,439,8803.19,36,9156.13,2025-12,0.5806,0.4149,18.0,31,578.5,877.46,13.0,0.0,2025-12-01,0.96,0.0,352.9399999999987,berlinda,13,1.0,20210.17,15426.082588000001,33.82332190565215,62.60504201680672,Alta,🟢 Abaixo viável,
MCG0006,Porto_Seguro-Pitinga-casa-JR-3Q,Carteira 2,BA,"Porto Seguro, BA","Porto Seguro, BA, Arraial DAjuda",0.0,360,8026.37,11,9112.05,2025-12,0.2581,0.2866,8.0,31,1543.12,711.27,22.0,30.0,2025-12-01,0.88,0.0,1085.6799999999994,berlinda,22,2.0,23674.309999999998,12065.103314,42.3731001037088,71.84873949579831,Alta,🟢 Abaixo viável,
SKL0905,Penha-Praia-apartamento-SUP-2Q,Carteira 6,SC,"Penha, SC","Penha, SC, Armação",9.0,82,6611.76,52,6758.12,2025-12,0.5909,0.3902,13.0,31,623.15,476.44,9.0,0.0,2025-12-01,0.98,5608.349999999999,146.35999999999967,berlinda,9,1.0,10899.720000000001,9145.515564,10.318218439447636,13.865546218487395,Baixa,🟢 Abaixo viável,
NWT0304,Especial-NWT-apartamento-TOP-1Q,Carteira 5,AL,"Maceió, AL","Maceió, AL, Pajuçara",1.0,377,4349.41,34,4511.21,2025-12,0.5667,0.3523,17.0,31,306.65,697.54,13.0,0.0,2025-12-01,0.96,306.65,161.80000000000018,berlinda,13,1.0,13417.43,9488.256934,25.018115317176573,50.0,Alta,🟢 Abaixo viável,
PPB1206,Goiania-Central-apartamento-SUP-2Q,Carteira 1_sys-price,GO,"Goiânia, GO","Goiânia, GO, Setor Bueno",0.0,787,1669.21,45,1792.24,2025-12,0.2903,0.2432,9.0,31,256.67,283.86,22.0,12.0,2025-12-01,0.93,0.0,123.02999999999997,berlinda,22,1.0,7914.13,3482.1102760000003,19.485836606704456,39.075630252100844,Média,🟢 Abaixo viável,
RVG101,Florianopolis-Ingleses_Norte-apartamento-TOP-3Q,Carteira 1,SC,"Florianópolis, SC","Florianópolis, SC, Ingleses do Rio Vermelho",15.0,580,9301.95,16,10428.23,2025-12,0.9375,0.3849,15.0,31,819.67,1370.0,1.0,0.0,2025-12-01,0.89,12295.05,1126.2799999999988,berlinda,1,1.0,10671.95,10586.325,147.96409361895533,98.31932773109243,Crítico,🟢 Abaixo viável,
VST004,Especial-VST-casa-TOP-1Q,Carteira 5,SC,"Anitápolis, SC","Anitápolis, SC, Rio dos Pinheiros",0.0,153,2530.41,47,2992.0,2025-12,0.3548,0.1608,11.0,31,294.15,319.5,18.0,0.0,2025-12-01,0.85,0.0,461.59000000000015,berlinda,18,2.0,8281.41,4570.864799999999,24.645388536096267,49.57983193277311,Média,🟢 Abaixo viável,
BDR523,Florianopolis-Lagoa-apartamento-SUP-1Q,Carteira 1,SC,"Florianópolis, SC","Florianópolis, SC, Lagoa da Conceição",0.0,1314,4708.84,29,4977.73,2025-12,0.3226,0.5714,10.0,31,808.8,304.48,21.0,0.0,2025-12-01,0.95,0.0,268.8899999999994,berlinda,21,1.0,11102.92,6771.570208,16.447582974568697,31.512605042016805,Média,🟢 Abaixo viável,
MHE0114,Florianopolis-Cachoeira_Bom_Jesus-apartamento-MASTER-2Q,Carteira 1,SC,"Florianópolis, SC","Florianópolis, SC, Cachoeira do Bom Jesus",0.0,308,16109.71,11,16498.92,2025-12,0.6774,0.375,21.0,31,987.29,1888.7,10.0,0.0,2025-12-01,0.98,0.0,389.2099999999991,berlinda,10,1.0,34996.71,28903.7638,44.55448762706883,73.52941176470588,Alta,🟢 Abaixo viável,
MHF1909,Itapema-Canto_Praia-apartamento-TOP-2Q,Carteira 5,SC,"Itapema, SC","Itapema, SC, Centro",0.0,30,4195.43,14,4620.28,2025-12,0.4194,0.2821,13.0,31,432.15,780.83,18.0,0.0,2025-12-01,0.91,0.0,424.84999999999945,berlinda,18,1.0,18250.370000000003,10090.071836,71.79989643484802,89.91596638655463,Crítico,🟢 Abaixo viável,
NWT0308,Especial-NWT-apartamento-TOP-1Q,Carteira 5,AL,"Maceió, AL","Maceió, AL, Pajuçara",0.0,405,3942.71,34,4511.21,2025-12,0.4194,0.3523,13.0,31,380.77,623.53,17.0,30.0,2025-12-01,0.87,0.0,568.5,berlinda,17,1.0,14542.720000000001,8388.354194,78.57687959549655,92.01680672268907,Crítico,🟢 Abaixo viável,
SQS0108,Brasilia-Asa_Sul-apartamento-SUP-2Q,Carteira 1_sys-price,DF,"Brasília, DF","Brasília, DF, Asa Sul",0.0,68,3560.49,16,3856.28,2025-12,0.4194,0.4846,13.0,31,330.92,274.5,18.0,0.0,2025-12-01,0.92,0.0,295.7900000000004,berlinda,18,2.0,8501.49,5632.7454,10.527549218417763,15.546218487394958,Baixa,🟢 Abaixo viável,
CNU202,Florianopolis-Ingleses_Norte-apartamento-JR-2Q,Carteira 1,SC,"Florianópolis, SC","Florianópolis, SC, Ingleses do Rio Vermelho",0.0,1217,4660.5,42,5378.27,2025-12,0.1935,0.3688,6.0,31,962.5,443.17,24.0,0.0,2025-12-01,0.87,0.0,717.7700000000004,berlinda,24,2.0,15296.58,6718.581480000001,29.57216083424597,58.82352941176471,Alta,🟢 Abaixo viável,
CUA001,Urubici-Geral-casa-JR-1Q,Carteira 3,SC,"Urubici, SC","Urubici, SC, Área Rural",6.0,595,1398.72,31,1508.54,2025-12,0.24,0.1619,6.0,31,293.0,116.5,18.0,0.0,2025-12-01,0.93,1758.0,109.81999999999994,berlinda,18,1.0,3495.7200000000003,1902.0,8.481067787397082,9.243697478991598,Baixa,🟢 Abaixo viável,
MDE0406,Canela-Catedral-apartamento-TOP-2Q,Carteira 4,RS,"Canela, RS","Canela, RS, Centro",0.0,321,6098.23,34,6200.49,2025-12,0.2903,0.3679,9.0,31,804.44,470.24,21.0,0.0,2025-12-01,0.98,0.0,102.26000000000022,berlinda,21,1.0,15973.27,8964.954112,7.755313273628392,8.403361344537815,Baixa,🟢 Abaixo viável,
RSM0023,Porto_Seguro-Pataxos-casa-JR-3Q,Carteira 2,BA,"Porto Seguro, BA","Porto Seguro, BA, Praia de Taperapuan",9.0,151,6926.02,29,7030.11,2025-12,0.5909,0.4058,13.0,31,599.0,471.0,8.0,0.0,2025-12-01,0.99,5391.0,104.08999999999924,berlinda,8,1.0,10694.02,9152.531200000001,6.973772814365585,5.88235294117647,Baixa,🟢 Abaixo viável,
CNA010,Especial-CNA-casa-MASTER-1Q,Especial,SP,"Campos do Jordão, SP","Campos do Jordão, SP, Jardim Europa",0.0,1046,5480.93,25,6822.48,2025-12,0.2903,0.3355,9.0,31,725.89,867.05,22.0,0.0,2025-12-01,0.8,0.0,1341.5499999999993,berlinda,22,2.0,24556.03,11018.43153,85.24692835303286,92.85714285714286,Crítico,🟢 Abaixo viável,
COA0314,Brasilia-Setor_Hoteleiro-apartamento-SUP-1Q,Carteira 1_sys-price,DF,"Brasília, DF","Brasília, DF, Asa Norte",0.0,791,2847.84,132,3062.69,2025-12,0.3871,0.3791,12.0,31,306.92,252.42,19.0,0.0,2025-12-01,0.93,0.0,214.8499999999999,berlinda,19,1.0,7643.82,4704.363858,17.707452272348803,34.03361344537815,Média,🟢 Abaixo viável,
ESZ0103,Brasilia-Asa_Norte-apartamento-JR-1Q,Carteira 1_sys-price,DF,"Brasília, DF","Brasília, DF, Asa Norte",0.0,346,1085.6,164,1318.14,2025-12,0.0645,0.3341,2.0,31,230.0,179.86,29.0,0.0,2025-12-01,0.82,0.0,232.5400000000002,berlinda,29,2.0,6301.540000000001,1422.02813,15.865023593851957,28.57142857142857,Média,🟢 Abaixo viável,
NWT0508,Especial-NWT-apartamento-TOP-1Q,Carteira 5,AL,"Maceió, AL","Maceió, AL, Pajuçara",0.0,290,3832.89,34,4511.21,2025-12,0.4839,0.3523,15.0,31,298.27,635.31,16.0,0.0,2025-12-01,0.85,0.0,678.3200000000002,berlinda,16,2.0,13997.849999999999,8751.714144,47.76362430478741,76.05042016806722,Alta,🟢 Abaixo viável,
TSO0403,Balneario_Camboriu-Longe-apartamento-MASTER-2Q,Carteira 6,SC,"Balneário Camboriú, SC","Balneário Camboriú, SC, Estados",10.0,73,7781.09,41,9451.62,2025-12,0.7619,0.416,16.0,31,586.88,636.0,4.0,0.0,2025-12-01,0.82,5868.8,1670.5300000000007,berlinda,4,3.0,10325.09,9719.3636,37.47001678019218,65.96638655462185,Alta,🟢 Abaixo viável,
VST038,Especial-VST-casa-TOP-1Q,Carteira 5,SC,"Anitápolis, SC","Anitápolis, SC, Rio dos Pinheiros",0.0,153,2712.94,47,2992.0,2025-12,0.3871,0.1608,12.0,31,288.58,285.16,19.0,0.0,2025-12-01,0.91,0.0,279.05999999999995,berlinda,19,1.0,8130.980000000001,4810.263284000001,26.596507219251333,54.621848739495796,Alta,🟢 Abaixo viável,
ACI0320,Salvador-Ondina_Rio_Vermelho-apartamento-JR-1Q,Carteira 2,BA,"Salvador, BA","Salvador, BA, Ondina",0.0,84,1697.67,66,1977.03,2025-12,0.3226,0.3634,10.0,31,202.0,207.86,21.0,0.0,2025-12-01,0.86,0.0,279.3599999999999,berlinda,21,2.0,6062.7300000000005,3105.838356,14.685606591705735,24.369747899159663,Média,🟢 Abaixo viável,
LIV1411,Salvador-Graca-apartamento-TOP-1Q,Especial,BA,"Salvador, BA","Salvador, BA, Vitória",0.0,290,2893.67,15,3185.45,2025-12,0.4194,0.3946,13.0,31,268.0,407.06,18.0,0.0,2025-12-01,0.91,0.0,291.77999999999975,berlinda,18,1.0,10220.75,5966.647352,37.28577337581814,65.54621848739495,Alta,🟢 Abaixo viável,
LVR0003,Campos_do_Jordao-Capivari_Centro-apartamento-SUP-2Q,Carteira 4,SP,"Campos do Jordão, SP","Campos do Jordão, SP, V Iara",0.0,229,6856.94,48,7945.61,2025-12,0.3548,0.3297,11.0,31,727.45,513.68,19.0,0.0,2025-12-01,0.86,0.0,1088.67,berlinda,19,3.0,16616.859999999997,10319.759616,23.460670131053494,47.47899159663865,Média,🟢 Abaixo viável,
NVM0009,Porto_Seguro-Pataxos-apartamento-JR-2Q,Carteira 2,BA,"Porto Seguro, BA","Porto Seguro, BA, Paraíso dos Pataxós",0.0,231,4335.9,46,4892.37,2025-12,0.4839,0.319,15.0,31,319.8,508.88,16.0,0.0,2025-12-01,0.89,0.0,556.4700000000003,berlinda,16,2.0,12477.98,8275.852512,28.94062117133415,57.14285714285714,Alta,🟢 Abaixo viável,
SOA0907,Salvador-Boca_do_Rio-apartamento-SUP-1Q,Carteira 2,BA,"Salvador, BA","Salvador, BA, Boca do Rio",0.0,451,2094.38,31,2116.82,2025-12,0.3548,0.3383,11.0,31,225.36,270.9,20.0,0.0,2025-12-01,0.99,0.0,22.440000000000055,berlinda,20,1.0,7512.38,4016.6864,2.8717585812681357,1.2605042016806722,Baixa,🟢 Abaixo viável,
NWT0905,Especial-NWT-apartamento-TOP-1Q,Carteira 5,AL,"Maceió, AL","Maceió, AL, Pajuçara",0.0,251,4268.4,34,4511.21,2025-12,0.5806,0.3523,18.0,31,277.17,915.38,13.0,0.0,2025-12-01,0.95,0.0,242.8100000000004,berlinda,13,1.0,16168.34,11177.505164,49.269135730768554,77.31092436974791,Alta,🟢 Abaixo viável,
NWT1103,Especial-NWT-apartamento-TOP-1Q,Carteira 5,AL,"Maceió, AL","Maceió, AL, Pajuçara",0.0,357,4125.29,34,4511.21,2025-12,0.6129,0.3523,19.0,31,624.93,409.06,17.0,0.0,2025-12-01,0.91,0.0,385.9200000000001,berlinda,17,1.0,11079.310000000001,8387.408857999999,34.99381212579331,63.86554621848739,Alta,🟢 Abaixo viável,
RGP0107,Florianopolis-Jurere_Tradicional-apartamento-JR-1Q,Carteira 1,SC,"Florianópolis, SC","Florianópolis, SC, Jurerê",0.0,440,5919.07,20,6586.14,2025-12,0.4194,0.4577,13.0,31,591.46,430.29,17.0,0.0,2025-12-01,0.9,0.0,667.0700000000006,berlinda,17,2.0,13234.0,8986.951642,21.7907264573787,43.69747899159664,Média,🟢 Abaixo viável,
RSL0502,Itapema-Praia_Itapema-apartamento-TOP-3Q,Carteira 6,SC,"Itapema, SC","Itapema, SC, Centro",7.0,724,9842.58,32,10262.92,2025-12,0.5833,0.4555,14.0,31,906.36,459.78,9.0,8.0,2025-12-01,0.96,6344.52,420.34000000000015,berlinda,9,1.0,13980.599999999999,12256.287066,18.831280493270917,36.97478991596639,Média,🟢 Abaixo viável,
VLE006,Bombinhas-Mariscal-apartamento-JR-2Q,Carteira 6,SC,"Bombinhas, SC","Bombinhas, SC, Mariscal",0.0,1524,5242.81,7,6321.26,2025-12,0.3226,0.2547,10.0,31,650.8,420.85,20.0,28.0,2025-12-01,0.83,0.0,1078.4499999999998,berlinda,20,3.0,13659.810000000001,7958.1342,23.93329191226643,47.89915966386555,Média,🟢 Abaixo viável,
EPM0803,Guarapari-Muquicaba-apartamento-SIM-1Q,Carteira 4,ES,"Guarapari, ES","Guarapari, ES, Muquiçaba",0.0,207,1351.99,22,1624.6,2025-12,0.2903,0.2993,9.0,31,195.33,221.0,22.0,0.0,2025-12-01,0.83,0.0,272.6099999999999,berlinda,22,2.0,6213.99,2763.4286,18.54204419549427,36.134453781512605,Média,🟢 Abaixo viável,
LRM0226,Itapema-Longe-casa-JR-2Q,Carteira 6,SC,"Itapema, SC","Itapema, SC, Morretes",0.0,111,6559.95,23,7148.52,2025-12,0.5484,0.3838,17.0,31,512.59,251.43,14.0,0.0,2025-12-01,0.92,0.0,588.5700000000006,berlinda,14,3.0,10079.97,8490.328968,6.900456556042375,5.46218487394958,Baixa,🟢 Abaixo viável,
NXO2104,Sao_Paulo-Bela_Vista-apartamento-SUP-1Q,Carteira 4_sys-price,SP,"São Paulo, SP","São Paulo, SP, Consolação",1.0,602,1965.31,718,2096.87,2025-12,0.3667,0.3298,11.0,31,215.0,187.89,19.0,0.0,2025-12-01,0.94,215.0,131.55999999999995,berlinda,19,1.0,5535.219999999999,3274.395997,11.7884315193598,16.80672268907563,Baixa,🟢 Abaixo viável,
SMT0713,Salvador-Boca_do_Rio-apartamento-SUP-1Q,Carteira 2,BA,"Salvador, BA","Salvador, BA, Armação",0.0,304,1708.16,31,2116.82,2025-12,0.3871,0.3383,12.0,31,196.33,290.83,18.0,0.0,2025-12-01,0.81,0.0,408.6600000000001,berlinda,18,2.0,6943.099999999999,3734.605274,28.07290837199195,56.30252100840336,Alta,🟢 Abaixo viável,
VAC5604,Barra_Velha-Tabuleiro-apartamento-TOP-2Q,Carteira 3,SC,"Barra Velha, SC","Barra Velha, SC, Itajuba",4.0,200,5141.98,54,5693.67,2025-12,0.2963,0.3328,8.0,31,755.75,464.33,18.0,27.0,2025-12-01,0.9,3023.0,551.6900000000005,berlinda,18,2.0,13499.92,7618.4376219999995,22.495702920963126,44.957983193277315,Média,🟢 Abaixo viável,
JPR212,Florianopolis-Jurere_Tradicional-apartamento-MASTER-1Q,Carteira 1,SC,"Florianópolis, SC","Florianópolis, SC, Jurerê",0.0,1308,12954.84,26,15586.68,2025-12,0.5161,0.6068,16.0,31,1051.0,792.57,14.0,0.0,2025-12-01,0.83,0.0,2631.84,berlinda,14,4.0,24050.82,18681.475278,33.45673082401127,61.34453781512605,Alta,🟢 Abaixo viável,
LVR010,Campos_do_Jordao-Capivari_Centro-apartamento-SUP-2Q,Carteira 4,SP,"Campos do Jordão, SP","Campos do Jordão, SP, Vila Iara",0.0,971,6599.17,48,7945.61,2025-12,0.4194,0.3297,13.0,31,665.38,614.24,17.0,0.0,2025-12-01,0.83,0.0,1346.4399999999996,berlinda,17,3.0,17041.25,10978.578352,34.695775637951854,63.4453781512605,Alta,🟢 Abaixo viável,
NWT0803,Especial-NWT-apartamento-TOP-1Q,Carteira 5,AL,"Maceió, AL","Maceió, AL, Pajuçara",4.0,355,4037.16,34,4511.21,2025-12,0.6667,0.3523,18.0,31,314.44,393.33,9.0,0.0,2025-12-01,0.89,1257.76,474.0500000000002,berlinda,9,2.0,7577.129999999999,6397.2579989999995,20.666083656047935,39.91596638655462,Média,🟢 Abaixo viável,
SMA0407,Salvador-Pituba_Praia-apartamento-SUP-1Q,Carteira 5,BA,"Salvador, BA","Salvador, BA, Amaralina",3.0,54,1330.83,13,1623.08,2025-12,0.3571,0.3478,10.0,31,158.2,301.06,18.0,0.0,2025-12-01,0.82,474.59999999999997,292.25,berlinda,18,1.0,6749.91,3265.983468,54.20853254306627,80.67226890756302,Crítico,🟢 Abaixo viável,
YHE0104,Sao_Paulo-Madalena-apartamento-SUP-1Q,Carteira 4_sys-price,SP,"São Paulo, SP","São Paulo, SP, Sumarezinho",1.0,17,1691.64,84,1948.63,2025-12,0.4,0.2551,12.0,31,235.42,182.33,18.0,0.0,2025-12-01,0.87,235.42,256.99,berlinda,18,2.0,4973.58,3004.416,12.02305894397602,18.487394957983195,Baixa,🟢 Abaixo viável,
PSD204,Florianopolis-Jurere_Tradicional-apartamento-JR-1Q,Carteira 1,SC,"Florianópolis, SC","Florianópolis, SC, Jurerê",0.0,2020,5557.64,20,6586.14,2025-12,0.4839,0.4577,15.0,31,545.13,422.53,15.0,0.0,2025-12-01,0.84,0.0,1028.5,berlinda,15,3.0,11895.59,8624.574005,21.99427408669316,44.11764705882353,Média,🟢 Abaixo viável,
RLI0101,Florianopolis-Ingleses_Norte-apartamento-JR-2Q,Carteira 1,SC,"Florianópolis, SC","Florianópolis, SC, Ingleses do Rio Vermelho",0.0,367,4930.71,42,5378.27,2025-12,0.3548,0.3688,11.0,31,545.91,572.25,20.0,0.0,2025-12-01,0.92,0.0,447.5600000000004,berlinda,20,1.0,16375.71,8991.396,47.620556424277744,75.63025210084034,Alta,🟢 Abaixo viável,
ATP0003,Porto_Seguro-Pitinga-casa-SUP-4Q,Carteira 2,BA,"Porto Seguro, BA","Porto Seguro, BA, Arraial D Ajuda",1.0,294,10806.7,9,12489.72,2025-12,0.1667,0.2921,5.0,31,2500.0,591.25,24.0,0.0,2025-12-01,0.87,2500.0,1683.0199999999986,berlinda,24,3.0,24996.7,13172.173,26.5574561853001,53.78151260504202,Alta,🟢 Abaixo viável,
MBCA1704,Goiania-Leste-apartamento-SUP-1Q,Carteira 1_sys-price,GO,"Goiânia, GO","Goiânia, GO, Jardim Goiás",0.0,802,1489.83,61,1550.4,2025-12,0.3226,0.2292,10.0,31,190.31,182.11,18.0,0.0,2025-12-01,0.96,0.0,60.570000000000164,berlinda,18,1.0,4767.81,2547.306348,7.114552825077419,6.302521008403361,Baixa,🟢 Abaixo viável,
NWT0906,Especial-NWT-apartamento-TOP-1Q,Carteira 5,AL,"Maceió, AL","Maceió, AL, Pajuçara",0.0,251,4415.16,34,4511.21,2025-12,0.5806,0.3523,18.0,31,326.56,903.85,13.0,0.0,2025-12-01,0.98,0.0,96.05000000000018,berlinda,13,1.0,16165.210000000001,11237.23903,19.244236579543,38.23529411764706,Média,🟢 Abaixo viável,
NWTA0609,Especial-NWT-apartamento-MASTER-1Q,Carteira 5,AL,"Maceió, AL","Maceió, AL, Pajuçara",0.0,238,8580.1,31,9341.25,2025-12,0.4516,0.6444,14.0,31,1132.93,552.53,17.0,0.0,2025-12-01,0.92,0.0,761.1499999999996,berlinda,17,2.0,17973.11,12821.983316,22.510810089656086,45.378151260504204,Média,🟢 Abaixo viável,
BSO0206,Itajai-Praia_Brava-apartamento-SUP-1Q,Carteira 6,SC,"Balneário Camboriú, SC","Balneário Camboriú, SC, Praia dos Amores",2.0,228,3089.64,15,3309.05,2025-12,0.5172,0.4188,15.0,31,225.0,687.86,14.0,0.0,2025-12-01,0.93,450.0,219.4100000000003,berlinda,14,1.0,12719.68,8070.296688,45.60927232891623,74.36974789915966,Alta,🟢 Abaixo viável,
CSI0302,Balneario_Picarras-Geral-apartamento-SUP-2Q,Carteira 6,SC,"Balneário Piçarras, SC","Balneário Piçarras, SC, Centro",0.0,475,5098.88,77,6230.07,2025-12,0.5484,0.3874,17.0,31,381.76,620.14,14.0,0.0,2025-12-01,0.82,0.0,1131.1899999999996,berlinda,14,2.0,13780.84,9860.066864,56.29922028163406,81.9327731092437,Crítico,🟢 Abaixo viável,
ECI0201,Guarapari-Nova_Guarapari-apartamento-JR-2Q,Carteira 4,ES,"Guarapari, ES","Guarapari, ES, Enseada Verde",0.0,482,4088.84,37,4349.45,2025-12,0.2581,0.344,8.0,31,612.5,309.27,22.0,0.0,2025-12-01,0.94,0.0,260.6099999999997,berlinda,22,1.0,10892.779999999999,5844.936914,18.5308153214774,35.714285714285715,Média,🟢 Abaixo viável,
SMT1029,Salvador-Boca_do_Rio-apartamento-TOP-1Q,Carteira 2,BA,"Salvador, BA","Salvador, BA, Armação",0.0,333,1941.25,16,2424.25,2025-12,0.3871,0.3299,12.0,31,215.25,332.68,19.0,0.0,2025-12-01,0.8,0.0,483.0,berlinda,19,2.0,8262.17,4388.078132000001,33.14106218418067,60.924369747899156,Alta,🟢 Abaixo viável,
NWT0816,Especial-NWT-apartamento-TOP-1Q,Carteira 5,AL,"Maceió, AL","Maceió, AL, Pajuçara",0.0,216,3643.22,34,4511.21,2025-12,0.4839,0.3523,15.0,31,311.0,619.25,16.0,0.0,2025-12-01,0.81,0.0,867.9900000000002,berlinda,16,2.0,13551.22,8437.7012,59.574128393490895,83.19327731092437,Crítico,🟢 Abaixo viável,
EMB686,Bombinhas-Mariscal-casa-SUP-3Q,Carteira 6,SC,"Bombinhas, SC","Bombinhas, SC, Mariscal",1.0,1512,9020.97,9,10855.77,2025-12,0.4,0.3087,12.0,31,895.75,444.89,18.0,28.0,2025-12-01,0.83,895.75,1834.800000000001,berlinda,18,5.0,17028.989999999998,12224.178,15.038715300711056,25.210084033613445,Média,🟢 Abaixo viável,
SOV0103,Mata_de_Sao_Joao-Praia_Imbassai-casa-SUP-2Q,Carteira 2,BA,"Mata de São João, BA","Mata de São João, BA, Imbassaí",2.0,304,5229.36,14,5390.59,2025-12,0.3448,0.3679,10.0,31,606.0,395.94,18.0,0.0,2025-12-01,0.97,1212.0,161.23000000000047,berlinda,18,1.0,12356.279999999999,7686.722016,11.84237832964484,17.647058823529413,Baixa,🟢 Abaixo viável,
BVA0303,Sao_Paulo-Republica-apartamento-SUP-2Q,Carteira 4_sys-price,SP,"São Paulo, SP",Sao_Paulo-Republica,0.0,87,3862.01,40,4040.69,2025-12,0.5484,0.5495,17.0,31,286.59,256.0,14.0,0.0,2025-12-01,0.96,0.0,178.67999999999984,berlinda,14,1.0,7446.01,5827.4756,11.32036360126611,16.386554621848738,Baixa,🟢 Abaixo viável,
ERZ0502,Balneario_Camboriu-Intermediario-apartamento-SUP-2Q,Carteira 6,SC,"Balneário Camboriú, SC","Balneário Camboriú, SC, Centro",0.0,655,5400.08,91,5990.35,2025-12,0.3871,0.3694,12.0,31,534.08,513.95,19.0,22.0,2025-12-01,0.9,0.0,590.2700000000004,berlinda,19,2.0,15165.130000000001,9180.130855,25.321497617000695,50.84033613445378,Alta,🟢 Abaixo viável,
JRE1223,Porto_Alegre-Cidade_Baixa-apartamento-SUP-1Q,Carteira 4,RS,"Porto Alegre, RS","Porto Alegre, RS, Centro Histórico",0.0,322,1456.31,84,1645.6,2025-12,0.2903,0.3211,9.0,31,204.22,202.09,22.0,0.0,2025-12-01,0.88,0.0,189.28999999999996,berlinda,22,1.0,5902.290000000001,2746.977994,23.245999088478374,47.05882352941176,Média,🟢 Abaixo viável,
NWT0908,Especial-NWT-apartamento-TOP-1Q,Carteira 5,AL,"Maceió, AL","Maceió, AL, Pajuçara",0.0,251,3974.27,34,4511.21,2025-12,0.3548,0.3523,11.0,31,439.64,622.42,19.0,0.0,2025-12-01,0.88,0.0,536.94,berlinda,19,1.0,15800.25,8170.127704,74.0826063960667,91.17647058823529,Crítico,🟢 Abaixo viável,
RTO0502,Itapema-Praia_Itapema-apartamento-SUP-4Q,Carteira 6,SC,"Itapema, SC","Itapema, SC, Andorinha",5.0,530,10050.59,36,10629.93,2025-12,0.6154,0.454,16.0,31,797.44,1213.33,9.0,0.0,2025-12-01,0.95,3987.2000000000003,579.3400000000001,berlinda,9,1.0,20970.559999999998,16770.739538,66.12749116880354,87.81512605042016,Crítico,🟢 Abaixo viável,
EFR0104,Cabo_Frio-Centro-apartamento-JR-3Q,Carteira 4,RJ,"Cabo Frio, RJ","Cabo Frio, RJ, Braga",3.0,692,4656.05,121,4697.07,2025-12,0.3571,0.3249,10.0,31,630.0,490.89,18.0,0.0,2025-12-01,0.99,1890.0,41.01999999999953,berlinda,18,1.0,13492.07,7811.392742,4.286993338400272,3.361344537815126,Baixa,🟢 Abaixo viável,
LEC0228,Brasilia-Asa_Sul-apartamento-SUP-1Q,Carteira 1_sys-price,DF,"Brasília, DF","Brasília, DF, Setor Sudoeste",0.0,283,1651.8,131,1856.96,2025-12,0.2581,0.381,8.0,31,251.5,250.48,23.0,0.0,2025-12-01,0.89,0.0,205.16000000000008,berlinda,23,1.0,7412.84,3138.724424,27.673443046699994,55.46218487394958,Alta,🟢 Abaixo viável,
NWT0602,Especial-NWT-apartamento-TOP-1Q,Carteira 5,AL,"Maceió, AL","Maceió, AL, Pajuçara",0.0,245,3742.89,34,4511.21,2025-12,0.4516,0.3523,14.0,31,320.29,760.41,17.0,0.0,2025-12-01,0.83,0.0,768.3200000000002,berlinda,17,2.0,16669.86,9580.709652,64.75404727334798,86.97478991596638,Crítico,🟢 Abaixo viável,
FFS1402,Itapema-Meia_Praia-Sul-apartamento-SUP-1Q,Carteira 6,SC,"Itapema, SC","Itapema, SC, Meia Praia",0.0,40,5336.49,13,5440.47,2025-12,0.5161,0.3096,16.0,31,402.75,540.27,15.0,0.0,2025-12-01,0.98,0.0,103.98000000000047,berlinda,15,1.0,13440.539999999999,9518.990205,10.32581276985265,14.285714285714285,Baixa,🟢 Abaixo viável,
IDA105,Florianopolis-Ingleses_Norte-apartamento-SUP-1Q,Carteira 1,SC,"Florianópolis, SC","Florianópolis, SC, Ingleses",0.0,906,4422.23,51,5324.68,2025-12,0.4194,0.4112,13.0,31,431.08,747.53,17.0,0.0,2025-12-01,0.83,0.0,902.4500000000007,berlinda,17,2.0,17130.239999999998,9751.969394,63.34732307857002,86.5546218487395,Crítico,🟢 Abaixo viável,
MOL0502,Sao_Paulo-Liberdade-apartamento-SUP-1Q,Carteira 4_sys-price,SP,"São Paulo, SP","São Paulo, SP, Liberdade",0.0,469,1752.82,70,1869.54,2025-12,0.3226,0.3455,10.0,31,212.2,192.9,21.0,0.0,2025-12-01,0.94,0.0,116.72000000000003,berlinda,21,1.0,5803.72,3059.64034,12.043223466735137,18.907563025210084,Baixa,🟢 Abaixo viável,
NOA0704,Sao_Paulo-Santo_Amaro-apartamento-SUP-1Q,Carteira 4_sys-price,SP,"São Paulo, SP","São Paulo, SP, Santo Amaro",0.0,430,986.91,105,1138.7,2025-12,0.1935,0.1877,6.0,31,197.33,200.5,24.0,0.0,2025-12-01,0.87,0.0,151.79000000000008,berlinda,24,1.0,5798.91,1918.0320000000002,26.72687714059894,55.04201680672269,Alta,🟢 Abaixo viável,
NWT1423,Especial-NWT-apartamento-TOP-1Q,Carteira 5,AL,"Maceió, AL","Maceió, AL, Pajuçara",0.0,315,3915.86,34,4511.21,2025-12,0.4194,0.3523,13.0,31,343.46,572.0,18.0,0.0,2025-12-01,0.87,0.0,595.3499999999999,berlinda,18,2.0,14211.86,8234.0024,37.74377606008144,66.80672268907563,Alta,🟢 Abaixo viável,
STI105,Florianopolis-Ingleses_Centro-apartamento-TOP-1Q,Carteira 1,SC,"Florianópolis, SC","Florianópolis, SC, Ingleses do Rio Vermelho",0.0,1056,4120.03,34,5109.56,2025-12,0.1935,0.4208,6.0,31,811.0,428.75,24.0,0.0,2025-12-01,0.81,0.0,989.5300000000007,berlinda,24,3.0,14410.029999999999,6111.1449999999995,27.677594385165595,55.88235294117647,Alta,🟢 Abaixo viável,
BLS1251,Goiania-Central-apartamento-SUP-1Q,Carteira 1_sys-price,GO,"Goiânia, GO","Goiânia, GO, Setor Marista",0.0,802,762.79,106,915.87,2025-12,0.1613,0.1609,5.0,31,189.6,157.27,26.0,9.0,2025-12-01,0.83,0.0,153.08000000000004,berlinda,26,1.0,4851.81,1422.348926,26.286363348510168,53.36134453781513,Alta,🟢 Abaixo viável,
EDT0009,Porto_Seguro-Pataxos-apartamento-SUP-2Q,Carteira 2,BA,"Porto Seguro, BA","Porto Seguro, BA, Taperapuan",0.0,598,6038.46,50,6175.67,2025-12,0.6452,0.4331,20.0,31,410.25,715.18,11.0,0.0,2025-12-01,0.98,0.0,137.21000000000004,berlinda,11,1.0,13905.439999999999,11114.235496,15.88974925797525,28.991596638655466,Média,🟢 Abaixo viável,
EJO0305,Florianopolis-Centrao-apartamento-JR-2Q,Carteira 4,SC,"Florianópolis, SC","Florianópolis, SC, Centro",0.0,140,3671.08,16,3762.91,2025-12,0.3548,0.4468,11.0,31,378.27,419.7,20.0,0.0,2025-12-01,0.98,0.0,91.82999999999993,berlinda,20,1.0,12065.08,6649.271199999999,10.242352594135914,13.445378151260504,Baixa,🟢 Abaixo viável,
MHF1704,Itapema-Canto_Praia-apartamento-TOP-1Q,Carteira 5,SC,"Itapema, SC","Itapema, SC, Centro",0.0,504,5990.57,14,6337.8,2025-12,0.6129,0.3918,19.0,31,369.42,770.83,12.0,0.0,2025-12-01,0.95,0.0,347.2300000000005,berlinda,12,1.0,15240.53,11659.870484,42.23157892328574,71.42857142857143,Alta,🟢 Abaixo viável,
OKA206,Florianopolis-Campeche-apartamento-TOP-1Q,Carteira 1,SC,"Florianópolis, SC","Florianópolis, SC, Campeche",27.0,65,4386.39,34,4428.75,2025-12,1.0,0.4949,4.0,31,700.0,,0.0,0.0,2025-12-01,0.99,18900.0,42.35999999999967,berlinda,0,0.0,,,,,Baixa,🔴 Abaixo inviável,
PGO210,Pocos_de_Caldas-Geral-apartamento-SUP-1Q,Carteira 4,MG,"Poços de Caldas, MG","Poços de Caldas, MG, São Benedito",0.0,838,1888.43,42,1996.38,2025-12,0.2581,0.3303,8.0,31,277.0,250.14,22.0,0.0,2025-12-01,0.95,0.0,107.95000000000005,berlinda,22,1.0,7391.51,3308.774948,13.525788176599649,21.84873949579832,Média,🟢 Abaixo viável,
RRI103,Florianopolis-Centrao-apartamento-TOP-2Q,Carteira 4,SC,"Florianópolis, SC","Florianópolis, SC, Centro",7.0,791,6647.22,23,7447.71,2025-12,0.7917,0.3704,19.0,31,432.53,1074.2,5.0,0.0,2025-12-01,0.89,3027.71,800.4899999999998,berlinda,5,1.0,12018.220000000001,10899.4407,115.45647695734661,95.37815126050421,Crítico,🟢 Abaixo viável,
STW0702,Itapema-Praia_Itapema-apartamento-SUP-2Q,Carteira 6,SC,"Itapema, SC","Itapema, SC, Morretes",0.0,42,6933.77,14,7221.39,2025-12,0.5484,0.4062,17.0,31,258.57,404.85,13.0,0.0,2025-12-01,0.96,0.0,287.6199999999999,berlinda,13,1.0,12196.82,9820.02662,16.124729034161003,29.831932773109244,Média,🟢 Abaixo viável,
FMI0218,Cabo_Frio-Centro-apartamento-SUP-1Q,Carteira 4,RJ,"Cabo Frio, RJ","Cabo Frio, RJ, Braga",0.0,479,5171.26,60,5241.6,2025-12,0.7097,0.5466,22.0,31,365.55,278.11,9.0,0.0,2025-12-01,0.99,0.0,70.34000000000015,berlinda,9,1.0,7674.25,6947.632003000001,3.7321156517094085,2.941176470588235,Baixa,🟢 Abaixo viável,
PSO0503,Penha-Beto_Carrero-apartamento-SUP-1Q,Carteira 3,SC,"Penha, SC","Penha, SC, Praia de Armação do Itapocoroi",9.0,123,2046.51,15,2337.5,2025-12,0.5,0.234,11.0,31,213.27,401.5,10.0,0.0,2025-12-01,0.88,1919.43,290.99,berlinda,10,1.0,6061.51,4054.01,49.98181176470589,78.15126050420169,Alta,🟢 Abaixo viável,
JSR112,Florianopolis-Jurere_Tradicional-apartamento-SUP-1Q,Carteira 1,SC,"Florianópolis, SC","Florianópolis, SC, Jurerê",8.0,1827,8066.24,20,8832.52,2025-12,0.6522,0.5077,15.0,31,683.2,428.0,7.0,0.0,2025-12-01,0.91,5465.6,766.2800000000007,berlinda,7,2.0,11062.24,10020.2312,18.565926824960503,36.554621848739494,Média,🟢 Abaixo viável,
MHF1804,Itapema-Canto_Praia-apartamento-TOP-1Q,Carteira 5,SC,"Itapema, SC","Itapema, SC, Centro",5.0,483,5253.51,14,6337.8,2025-12,0.6538,0.3918,17.0,31,453.71,300.0,9.0,28.0,2025-12-01,0.83,2268.5499999999997,1084.29,berlinda,9,4.0,7953.51,7018.77,12.831226924169268,21.428571428571427,Média,🟢 Abaixo viável,
CNB001,Especial-CNB-casa-TOP-1Q,Especial,SP,"Campos do Jordão, SP","Campos do Jordão, SP, Jardim Europa",0.0,628,3772.42,15,4612.23,2025-12,0.2581,0.291,8.0,31,547.75,853.17,23.0,7.0,2025-12-01,0.82,0.0,839.8099999999995,berlinda,23,1.0,23395.33,8837.093071,155.347998191764,98.73949579831933,Crítico,🟢 Abaixo viável,
EOB0701,Balneario_Camboriu-Norte-apartamento-TOP-3Q,Carteira 6,SC,"Balneário Camboriú, SC","Balneário Camboriú, SC, Centro",8.0,39,10820.45,27,12809.43,2025-12,0.2174,0.5053,5.0,31,3015.0,829.06,17.0,30.0,2025-12-01,0.84,24120.0,1988.9799999999996,berlinda,17,3.0,24914.47,13884.489948,42.910672288566566,72.68907563025209,Alta,🟢 Abaixo viável,
QSA1405,Sao_Paulo-Moema-apartamento-TOP-1Q,Carteira 4_sys-price,SP,"São Paulo, SP","São Paulo, SP, Vila Olímpia",2.0,466,2679.14,97,2876.93,2025-12,0.4483,0.3593,13.0,31,228.15,250.94,16.0,0.0,2025-12-01,0.93,456.3,197.78999999999996,berlinda,16,1.0,6694.18,4479.082431999999,17.252217676481525,33.193277310924366,Média,🟢 Abaixo viável,
RTBA1361,Florianopolis-Canasvieiras_Meio-apartamento-SUP-2Q,Carteira 1,SC,"Florianópolis, SC","Florianópolis, SC, Canasvieiras",4.0,930,5251.13,15,5839.5,2025-12,0.3333,0.4418,9.0,31,953.11,655.39,18.0,1.0,2025-12-01,0.9,3812.44,588.3699999999999,berlinda,18,1.0,17048.15,9183.076766,66.03507394468703,87.39495798319328,Crítico,🟢 Abaixo viável,
NWT0708,Especial-NWT-apartamento-MASTER-1Q,Carteira 5,AL,"Maceió, AL","Maceió, AL, Pajuçara",0.0,215,8726.51,31,9341.25,2025-12,0.2258,0.6444,7.0,31,1545.71,834.78,23.0,0.0,2025-12-01,0.93,0.0,614.7399999999998,berlinda,23,1.0,27926.449999999997,13061.856452,54.936187041348816,81.5126050420168,Crítico,🟢 Abaixo viável,
ONP0920,Sao_Paulo-Bela_Vista-apartamento-SUP-1Q,Carteira 4_sys-price,SP,"São Paulo, SP","São Paulo, SP, Paraíso",0.0,89,1984.54,718,2096.87,2025-12,0.4194,0.3298,13.0,31,183.92,196.0,18.0,0.0,2025-12-01,0.95,0.0,112.32999999999993,berlinda,18,1.0,5512.54,3464.1832,10.49978300991477,14.705882352941178,Baixa,🟢 Abaixo viável,
UPP0412,Curitiba-Centro-apartamento-JR-1Q,Carteira 6_sys-price,PR,"Curitiba, PR","Curitiba, PR, Alto da XV",0.0,13,1525.8,227,1822.41,2025-12,0.4839,0.3741,15.0,31,138.67,175.93,15.0,0.0,2025-12-01,0.84,0.0,296.6100000000001,berlinda,15,2.0,4164.75,2802.787905,14.316920259436685,23.10924369747899,Média,🟢 Abaixo viável,
BLS1553,Goiania-Central-apartamento-SUP-1Q,Carteira 1_sys-price,GO,"Goiânia, GO","Goiânia, GO, Setor Marista",0.0,797,772.6,106,915.87,2025-12,0.1613,0.1609,5.0,31,175.2,157.27,26.0,7.0,2025-12-01,0.84,0.0,143.26999999999998,berlinda,26,1.0,4861.620000000001,1432.158926,24.601824385556906,49.159663865546214,Média,🟢 Abaixo viável,
SFR0412,Bombinhas-Centro-apartamento-SUP-1Q,Carteira 6,SC,"Bombinhas, SC","Bombinhas, SC, Centro",0.0,67,5522.09,37,5567.5,2025-12,0.6129,0.4579,19.0,31,366.58,816.17,12.0,0.0,2025-12-01,0.99,0.0,45.409999999999854,berlinda,12,1.0,15316.13,11524.857116,6.656898015267153,4.621848739495799,Baixa,🟢 Abaixo viável,
WBU2607,Goiania-Central-apartamento-TOP-1Q,Carteira 1_sys-price,GO,"Goiânia, GO","Goiânia, GO, Setor Marista",0.0,777,1465.45,33,1517.3,2025-12,0.2581,0.1649,8.0,31,218.5,245.23,22.0,19.0,2025-12-01,0.97,0.0,51.84999999999991,berlinda,22,1.0,6860.509999999999,2857.9149859999998,8.380132801687193,8.823529411764707,Baixa,🟢 Abaixo viável,
NOR0201,Brasilia-Asa_Norte-apartamento-JR-1Q,Carteira 1_sys-price,DF,"Brasília, DF","Brasília, DF, Asa Norte",0.0,797,1055.65,164,1318.14,2025-12,0.2258,0.3341,7.0,31,186.43,180.0,24.0,0.0,2025-12-01,0.8,0.0,262.49,berlinda,24,2.0,5375.65,2031.1060000000002,17.922299603987433,35.294117647058826,Média,🟢 Abaixo viável,
NWT0617,Especial-NWT-apartamento-TOP-1Q,Carteira 5,AL,"Maceió, AL","Maceió, AL, Pajuçara",0.0,245,3741.51,34,4511.21,2025-12,0.5161,0.3523,16.0,31,276.56,828.27,15.0,0.0,2025-12-01,0.83,0.0,769.6999999999998,berlinda,15,1.0,16165.56,10153.562205,141.31894081632197,97.47899159663865,Crítico,🟢 Abaixo viável,
SSG0413,Florianopolis-UFSC-apartamento-TOP-1Q,Carteira 4,SC,"Florianópolis, SC","Florianópolis, SC, Córrego Grande",0.0,60,3557.37,16,4429.31,2025-12,0.6129,0.3939,19.0,31,284.89,641.5,12.0,0.0,2025-12-01,0.8,0.0,871.9400000000005,berlinda,12,2.0,11255.369999999999,8275.4742,63.141833603879626,86.1344537815126,Crítico,🟢 Abaixo viável,
ATP0008,Porto_Seguro-Pitinga-casa-SUP-4Q,Carteira 2,BA,"Porto Seguro, BA","Porto Seguro, BA, Arraial D ajuda",1.0,48,12140.0,9,12489.72,2025-12,0.1667,0.2921,5.0,31,2880.0,1136.0,24.0,30.0,2025-12-01,0.97,2880.0,349.71999999999935,berlinda,24,1.0,39404.0,16684.9088,31.808713085641575,60.08403361344538,Alta,🟢 Abaixo viável,
PRB0405,Florianopolis-Jurere_Tradicional-apartamento-TOP-2Q,Carteira 1,SC,"Florianópolis, SC","Florianópolis, SC, Jurerê",0.0,291,13441.7,19,16085.6,2025-12,0.4194,0.5638,13.0,31,1577.08,714.56,18.0,0.0,2025-12-01,0.84,0.0,2643.8999999999996,berlinda,18,4.0,26303.78,18836.056352,29.362056497737093,57.98319327731093,Alta,🟢 Abaixo viável,
LAR0406,Gramado-Centro-apartamento-TOP-2Q,Carteira 4,RS,"Gramado, RS","Gramado, RS, Vila Suiça",10.0,711,12331.15,57,13003.3,2025-12,0.7619,0.6323,16.0,31,923.25,377.4,5.0,0.0,2025-12-01,0.95,9232.5,672.1499999999996,berlinda,5,2.0,14218.15,13768.8553,9.75403974375735,11.344537815126051,Baixa,🟢 Abaixo viável,
MHF0904,Itapema-Canto_Praia-apartamento-TOP-1Q,Carteira 5,SC,"Itapema, SC","Itapema, SC, Centro",0.0,389,6245.42,14,6337.8,2025-12,0.5484,0.3918,17.0,31,598.76,610.79,14.0,0.0,2025-12-01,0.99,0.0,92.38000000000011,berlinda,14,1.0,14796.48,10934.821304000001,8.902896935845256,10.084033613445378,Baixa,🟢 Abaixo viável,
PEA1301,Florianopolis-Itacorubi-apartamento-SUP-3Q,Carteira 4,SC,"Florianópolis, SC","Florianópolis, SC, Itacorubi",5.0,585,2745.48,13,3333.7,2025-12,0.4231,0.281,11.0,31,357.09,458.29,14.0,0.0,2025-12-01,0.82,1785.4499999999998,588.2199999999998,berlinda,14,2.0,9161.54,5460.1149860000005,40.43185406605272,69.32773109243698,Alta,🟢 Abaixo viável,
PST1409,Florianopolis-Itacorubi-apartamento-TOP-1Q,Carteira 4,SC,"Florianópolis, SC","Florianópolis, SC, Itacorubi",0.0,73,5429.09,18,5468.61,2025-12,0.5161,0.4269,16.0,31,393.37,420.67,15.0,0.0,2025-12-01,0.99,0.0,39.51999999999953,berlinda,15,1.0,11739.14,8685.706805,3.0400555899944957,1.680672268907563,Baixa,🟢 Abaixo viável,
VGZ0002,Imbituba-Praia_do_Rosa-casa-SUP-1Q,Carteira 6,SC,"Imbituba, SC","Imbituba, SC, Ibiraquera",10.0,650,3649.42,42,3671.42,2025-12,0.7143,0.3229,15.0,31,299.8,587.33,6.0,0.0,2025-12-01,0.99,2998.0,22.0,berlinda,6,1.0,7173.400000000001,6166.598914,3.5194175550604405,2.5210084033613445,Baixa,🟢 Abaixo viável,
CMS0202,Florianopolis-Cachoeira_Bom_Jesus-apartamento-SUP-2Q,Carteira 1,SC,"Florianópolis, SC","Florianópolis, SC, Cachoeira do Bom Jesus",1.0,33,8392.02,21,9668.59,2025-12,0.4333,0.3955,13.0,31,771.0,484.06,17.0,0.0,2025-12-01,0.87,771.0,1276.5699999999997,berlinda,17,3.0,16621.04,11957.654366,21.30391553818429,42.436974789915965,Média,🟢 Abaixo viável,
MHFA0507,Itapema-Canto_Praia-apartamento-SUP-1Q,Carteira 5,SC,"Itapema, SC","Itapema, SC, Centro",0.0,487,4981.85,16,5616.63,2025-12,0.2581,0.3721,8.0,31,722.63,400.95,22.0,0.0,2025-12-01,0.89,0.0,634.7799999999997,berlinda,22,2.0,13802.75,7258.52429,22.657273222555155,46.21848739495798,Média,🟢 Abaixo viável,
BCL402,Ilheus-Pontal-apartamento-TOP-1Q,Carteira 2,BA,"Ilhéus, BA","Ilhéus, BA, Pontal",0.0,691,3212.72,50,3957.96,2025-12,0.1935,0.3739,6.0,31,694.5,302.5,24.0,0.0,2025-12-01,0.81,0.0,745.2400000000002,berlinda,24,3.0,10472.72,4617.53,18.98579908168181,37.81512605042017,Média,🟢 Abaixo viável,
ELF0401,Bombinhas-Bombas-apartamento-SUP-1Q,Especial,SC,"Bombinhas, SC","Bombinhas, SC, José Amândio",1.0,194,4137.71,33,4887.09,2025-12,0.5333,0.3346,16.0,31,293.31,922.64,14.0,18.0,2025-12-01,0.85,293.31,749.3800000000001,berlinda,14,1.0,17054.67,11026.324767999999,141.47641299832827,97.89915966386555,Crítico,🟢 Abaixo viável,
MHF0509,Itapema-Canto_Praia-apartamento-TOP-2Q,Carteira 5,SC,"Itapema, SC","Itapema, SC, Centro",0.0,479,4248.58,14,4620.28,2025-12,0.4194,0.2821,13.0,31,419.15,751.67,18.0,0.0,2025-12-01,0.92,0.0,371.6999999999998,berlinda,18,1.0,17778.64,9923.087164,60.471603236167475,84.45378151260505,Crítico,🟢 Abaixo viável,
SPJ0502,Especial-SPJ-apartamento-TOP-1Q,Carteira 5,SC,"Florianópolis, SC","Florianópolis, SC, Jurerê",0.0,413,8604.17,15,9882.1,2025-12,0.7742,0.5496,24.0,31,443.46,1620.86,7.0,0.0,2025-12-01,0.87,0.0,1277.9300000000003,berlinda,7,1.0,19950.19,17388.258684,209.60581453334817,100.0,Crítico,🟢 Abaixo viável,
EHI0401,Itajai-Praia_Brava-apartamento-MASTER-2Q,Carteira 6,SC,"Itajaí, SC","Itajaí, SC, Praia Brava",8.0,347,11801.4,12,13897.47,2025-12,0.913,0.4595,21.0,31,790.62,421.5,2.0,0.0,2025-12-01,0.85,6324.96,2096.0699999999997,berlinda,2,5.0,12644.4,12571.059,12.71445097560923,21.008403361344538,Média,🟠 Abaixo precisa esforço,
MHFA0903,Itapema-Canto_Praia-apartamento-SUP-1Q,Carteira 5,SC,"Itapema, SC","Itapema, SC, Centro",0.0,390,5234.55,16,5616.63,2025-12,0.6452,0.3721,20.0,31,352.6,535.45,11.0,0.0,2025-12-01,0.93,0.0,382.0799999999999,berlinda,11,1.0,11124.5,9034.74574,36.42481986529288,64.28571428571429,Alta,🟢 Abaixo viável,
ALI024,Florianopolis-Cachoeira_Bom_Jesus-casa-SUP-4Q,Carteira 1,SC,"Florianópolis, SC","Florianópolis, SC, Cachoeira do Bom Jesus",5.0,769,18748.55,9,23017.36,2025-12,0.5385,0.3816,14.0,31,1745.57,1570.67,12.0,0.0,2025-12-01,0.81,8727.85,4268.810000000001,berlinda,12,3.0,37596.59,28898.21954,97.09905628765998,93.69747899159664,Crítico,🟢 Abaixo viável,
RSU3842,Penha-Longe-apartamento-SUP-3Q,Carteira 6,SC,"Penha, SC","Penha, SC, Gravatá",0.0,333,6609.49,17,7650.42,2025-12,0.3226,0.381,10.0,31,767.0,415.76,21.0,0.0,2025-12-01,0.86,0.0,1040.9300000000003,berlinda,21,3.0,15340.449999999999,9426.097695999999,18.85635284511613,37.39495798319328,Média,🟢 Abaixo viável,
TCO0709,Porto_Alegre-Centro_Historico-apartamento-SUP-1Q,Carteira 4,RS,"Porto Alegre, RS","Porto Alegre, RS, Centro Histórico",0.0,304,1084.6,85,1152.33,2025-12,0.3226,0.2626,10.0,31,129.1,166.62,21.0,0.0,2025-12-01,0.94,0.0,67.73000000000002,berlinda,21,1.0,4583.62,2213.383852,9.793351383718209,11.76470588235294,Baixa,🟢 Abaixo viável,
TCO0811,Porto_Alegre-Centro_Historico-apartamento-SUP-1Q,Carteira 4,RS,"Porto Alegre, RS","Porto Alegre, RS, Centro Histórico",0.0,529,998.09,85,1152.33,2025-12,0.3226,0.2626,10.0,31,121.9,154.95,21.0,0.0,2025-12-01,0.87,0.0,154.2399999999999,berlinda,21,1.0,4252.04,2047.8142699999999,20.740142146780855,40.33613445378151,Média,🟢 Abaixo viável,
IFT1308,Itapema-Meia_Praia-Norte-apartamento-TOP-1Q,Carteira 6,SC,"Itapema, SC","Itapema, SC, Meia Praia",0.0,216,6557.69,34,8039.05,2025-12,0.3871,0.47,12.0,31,645.58,486.42,19.0,0.0,2025-12-01,0.82,0.0,1481.3600000000006,berlinda,19,4.0,15799.669999999998,10135.260458,22.408217737170443,44.537815126050425,Média,🟢 Abaixo viável,
VLE002,Bombinhas-Mariscal-apartamento-JR-2Q,Carteira 6,SC,"Bombinhas, SC","Bombinhas, SC, Mariscal",0.0,1524,5558.45,7,6321.26,2025-12,0.3548,0.2547,11.0,31,645.64,425.95,19.0,22.0,2025-12-01,0.88,0.0,762.8100000000004,berlinda,19,2.0,13651.5,8429.86414,25.700486888689927,52.52100840336135,Alta,🟢 Abaixo viável,
BHY0614,Brasilia-Setor_Hoteleiro-apartamento-JR-1Q,Carteira 1_sys-price,DF,"Brasília, DF","Brasília, DF, Asa Norte",0.0,633,2213.39,98,2338.23,2025-12,0.3548,0.3318,11.0,31,257.45,235.6,20.0,0.0,2025-12-01,0.95,0.0,124.84000000000015,berlinda,20,1.0,6925.389999999999,3885.2075999999997,12.578875474183478,20.588235294117645,Média,🟢 Abaixo viável,
ISC1511,Sao_Paulo-Republica-apartamento-TOP-1Q,Carteira 4,SP,"São Paulo, SP","São Paulo, SP, Vila Buarque",0.0,529,1838.34,91,2294.92,2025-12,0.4194,0.363,13.0,31,178.54,254.89,18.0,0.0,2025-12-01,0.8,0.0,456.58000000000015,berlinda,18,2.0,6426.36,3762.5555879999997,25.355497402959585,51.68067226890757,Alta,🟢 Abaixo viável,
ROT1001,Itapema-Meia_Praia-Sul-apartamento-JR-2Q,Carteira 6,SC,"Itapema, SC","Itapema, SC, Meia Praia",10.0,706,4700.46,13,5440.47,2025-12,0.7619,0.3096,16.0,31,336.25,209.6,5.0,0.0,2025-12-01,0.86,3362.5,740.0100000000002,berlinda,5,4.0,5748.46,5498.9312,7.127421711727115,6.722689075630252,Baixa,🟢 Abaixo viável,
VLP0222,Mata_de_Sao_Joao-Praia_do_Forte_Longe-apartamento-SUP-1Q,Carteira 2,BA,"Mata de São João, BA","Mata de São João, BA, Açu da Torre",0.0,710,5824.64,100,6410.55,2025-12,0.2903,0.3825,9.0,31,748.0,335.81,21.0,0.0,2025-12-01,0.91,0.0,585.9099999999999,berlinda,21,2.0,12876.650000000001,7871.838503000001,15.346143240439584,26.89075630252101,Média,🟢 Abaixo viável,
BLS0358,Goiania-Central-apartamento-SUP-1Q,Carteira 1_sys-price,GO,"Goiânia, GO","Goiânia, GO, Setor Marista",0.0,808,930.88,106,915.87,2025-12,0.1935,0.1609,6.0,31,186.17,171.28,25.0,8.0,2025-12-01,1.02,0.0,-15.009999999999991,berlinda,25,-0.0,5212.88,1759.4470000000001,,85.71428571428571,Risco Alto,🟡 Acima com risco,833.3333333333327
VLI0103,Ubatuba-Tenorio-apartamento-JR-3Q,Carteira 4,SP,"Ubatuba, SP","Ubatuba, SP, Tenório",6.0,19,7733.4,522,7131.78,2025-12,0.44,0.4196,11.0,31,880.0,448.57,14.0,0.0,2025-12-01,1.08,5280.0,-601.6199999999999,berlinda,14,-1.0,14013.38,10496.591199999999,,14.705882352941178,Sem Risco,🟡 Acima com risco,155.55555555555543
CSI0706,Balneario_Picarras-Geral-apartamento-SUP-2Q,Carteira 6,SC,"Balneário Piçarras, SC","Balneário Piçarras, SC, Centro",7.0,60,6792.05,77,6230.07,2025-12,0.5417,0.3874,13.0,31,585.92,395.55,11.0,0.0,2025-12-01,1.09,4101.44,-561.9800000000005,berlinda,11,-1.0,11143.1,9149.013785,,7.142857142857142,Sem Risco,🟡 Acima com risco,109.9999999999999
PPE0302,Sao_Paulo-Brooklin-apartamento-SUP-1Q,Carteira 4_sys-price,SP,"São Paulo, SP","São Paulo, SP, Brooklin Novo",14.0,115,2054.69,229,2017.05,2025-12,0.5882,0.2708,10.0,31,236.0,198.57,7.0,0.0,2025-12-01,1.02,3304.0,-37.6400000000001,berlinda,7,-0.0,3444.6800000000003,2872.282118,,35.714285714285715,Risco Baixo,🟡 Acima com risco,233.33333333333314
EDF0503,Salvador-Ondina_Rio_Vermelho-apartamento-TOP-1Q,Carteira 2,BA,"Salvador, BA","Salvador, BA, Rio Vermelho",3.0,98,3336.12,45,3276.93,2025-12,0.4286,0.354,12.0,31,304.25,364.12,16.0,0.0,2025-12-01,1.02,912.75,-59.190000000000055,berlinda,16,-0.0,9162.04,5833.109312,,72.26890756302521,Risco Médio,🟡 Acima com risco,533.3333333333329
EOS0203,Florianopolis-UFSC-apartamento-JR-1Q,Carteira 4,SC,"Florianópolis, SC","Florianópolis, SC, Córrego Grande",0.0,24,2561.19,47,2413.66,2025-12,0.4194,0.5055,13.0,31,245.85,322.78,18.0,0.0,2025-12-01,1.06,0.0,-147.5300000000002,berlinda,18,-0.0,8371.23,4997.920776,,40.33613445378151,Risco Baixo,🟡 Acima com risco,257.1428571428569
MMD0602,Ilheus-Sul-apartamento-TOP-2Q,Carteira 2,BA,"Ilhéus, BA","Ilhéus, BA, São Francisco",0.0,329,3070.6,16,2952.6,2025-12,0.2581,0.2362,8.0,31,475.75,440.96,23.0,0.0,2025-12-01,1.04,0.0,-118.0,berlinda,23,-0.0,13212.68,5688.270848,,63.86554621848739,Risco Médio,🟡 Acima com risco,459.9999999999996
NWT0604,Especial-NWT-apartamento-TOP-1Q,Carteira 5,AL,"Maceió, AL","Maceió, AL, Pajuçara",0.0,245,4636.66,34,4511.21,2025-12,0.6129,0.3523,19.0,31,295.0,958.33,12.0,0.0,2025-12-01,1.03,0.0,-125.44999999999982,berlinda,12,-0.0,16136.62,11684.985484,,49.159663865546214,Risco Baixo,🟡 Acima com risco,299.9999999999998
TVT904,Florianopolis-Centrao-apartamento-MASTER-1Q,Carteira 4,SC,"Florianópolis, SC","Florianópolis, SC, Centro",0.0,871,6117.38,25,5865.0,2025-12,0.4516,0.3642,14.0,31,537.0,634.24,17.0,0.0,2025-12-01,1.04,0.0,-252.3800000000001,berlinda,17,-0.0,16899.46,10986.567328000001,,54.621848739495796,Risco Médio,🟡 Acima com risco,339.9999999999997
FFS1202,Itapema-Meia_Praia-Sul-apartamento-SUP-1Q,Carteira 6,SC,"Itapema, SC","Itapema, SC, Meia Praia",6.0,20,5610.49,13,5440.47,2025-12,0.64,0.3096,16.0,31,418.38,269.67,9.0,0.0,2025-12-01,1.03,2510.2799999999997,-170.01999999999953,berlinda,9,-0.0,8037.52,7163.789199999999,,33.193277310924366,Risco Baixo,🟡 Acima com risco,224.9999999999998
REK0002,Penha-Beto_Carrero-casa-JR-1Q,Carteira 3,SC,"Penha, SC","Penha, SC, Armação",0.0,96,3193.02,12,3000.47,2025-12,0.7097,0.3844,22.0,31,163.09,450.0,9.0,0.0,2025-12-01,1.06,0.0,-192.55000000000018,berlinda,9,-0.0,7243.02,6067.305,,10.92436974789916,Sem Risco,🟡 Acima com risco,128.57142857142844
CCS0205,Florianopolis-Campeche_Praia-apartamento-TOP-1Q,Carteira 1,SC,"Florianópolis, SC","Florianópolis, SC, Campeche",0.0,647,6094.45,15,5871.13,2025-12,0.1613,0.3728,5.0,31,1466.0,434.36,25.0,0.0,2025-12-01,1.04,0.0,-223.3199999999997,berlinda,25,-0.0,16953.45,7846.0067,,67.64705882352942,Risco Médio,🟡 Acima com risco,499.99999999999955
JFM0062,Florianopolis-Beira_Mar-apartamento-JR-3Q,Carteira 4,SC,"Florianópolis, SC","Florianópolis, SC, Centro",3.0,265,4676.34,14,4494.47,2025-12,0.4286,0.3684,12.0,31,499.5,490.94,16.0,0.0,2025-12-01,1.04,1498.5,-181.8699999999999,berlinda,16,-0.0,12531.380000000001,8043.010144,,51.26050420168067,Risco Médio,🟡 Acima com risco,319.9999999999997
BOU201,Florianopolis-Canasvieiras_Meio-apartamento-SIM-1Q,Carteira 1,SC,"Florianópolis, SC","Florianópolis, SC, Canasvieiras",5.0,1728,2066.81,48,2039.22,2025-12,0.3462,0.2537,9.0,31,273.33,216.59,17.0,0.0,2025-12-01,1.01,1366.6499999999999,-27.589999999999918,berlinda,17,-0.0,5748.84,3341.528786,,86.97478991596638,Risco Alto,🟡 Acima com risco,849.9999999999993
CLR314,Brasilia-Vila_Planalto-apartamento-SUP-1Q,Carteira 1_sys-price,DF,"Brasília, DF","Brasília, DF, Asa Norte",1.0,671,2288.08,62,2237.12,2025-12,0.4333,0.2624,13.0,31,252.08,335.24,17.0,0.0,2025-12-01,1.02,252.08,-50.960000000000036,berlinda,17,-0.0,7987.16,4757.4913639999995,,75.21008403361344,Risco Médio,🟡 Acima com risco,566.6666666666662
ELM701,Balneario_Camboriu-Intermediario-apartamento-JR-3Q,Carteira 6,SC,"Balneário Camboriú, SC","Balneário Camboriú, SC, Centro",12.0,824,5295.99,19,5167.96,2025-12,0.4737,0.3259,9.0,31,769.11,283.8,10.0,0.0,2025-12-01,1.02,9229.32,-128.02999999999975,berlinda,10,-0.0,8133.99,6640.3506,,53.78151260504202,Risco Médio,🟡 Acima com risco,333.3333333333331
SMA0616,Salvador-Pituba_Praia-apartamento-SUP-1Q,Carteira 5,BA,"Salvador, BA","Salvador, BA, Amaralina",19.0,3,1633.8,13,1623.08,2025-12,1.0,0.3478,12.0,31,182.92,,0.0,0.0,2025-12-01,1.01,3475.4799999999996,-10.720000000000027,berlinda,0,0.0,,,,0.8403361344537815,Sem Risco,🟡 Acima sem ação,0.0
TRC0507,Florianopolis-UFSC-apartamento-SUP-1Q,Carteira 4,SC,"Florianópolis, SC","Florianópolis, SC, Carvoeira",0.0,80,3278.8,50,3127.35,2025-12,0.4194,0.4234,13.0,31,303.62,283.0,18.0,0.0,2025-12-01,1.05,0.0,-151.45000000000027,berlinda,18,-0.0,8372.8,5415.2236,,49.159663865546214,Risco Baixo,🟡 Acima com risco,299.9999999999998
NWT0707,Especial-NWT-apartamento-MASTER-1Q,Carteira 5,AL,"Maceió, AL","Maceió, AL, Pajuçara",0.0,216,9874.47,31,9341.25,2025-12,0.2903,0.6444,9.0,31,1357.78,857.14,21.0,0.0,2025-12-01,1.06,0.0,-533.2199999999993,berlinda,21,-0.0,27874.409999999996,15099.852582,,47.05882352941176,Risco Baixo,🟡 Acima com risco,299.9999999999997
MHF1903,Itapema-Canto_Praia-apartamento-TOP-1Q,Carteira 5,SC,"Itapema, SC","Itapema, SC, Centro",0.0,510,6466.28,14,6337.8,2025-12,0.5484,0.3918,17.0,31,442.18,690.43,14.0,22.0,2025-12-01,1.02,0.0,-128.47999999999956,berlinda,14,-0.0,16132.3,11767.125367999999,,65.12605042016807,Risco Médio,🟡 Acima com risco,466.6666666666663
SFR0401,Bombinhas-Centro-apartamento-SUP-1Q,Carteira 6,SC,"Bombinhas, SC","Bombinhas, SC, Centro",0.0,67,5600.24,37,5567.5,2025-12,0.6129,0.4579,19.0,31,377.89,719.83,12.0,0.0,2025-12-01,1.01,0.0,-32.73999999999978,berlinda,12,-0.0,14238.2,10894.445684,,78.57142857142857,Risco Médio,🟡 Acima com risco,599.9999999999995
VLE008,Bombinhas-Mariscal-apartamento-JR-1Q,Carteira 6,SC,"Bombinhas, SC","Bombinhas, SC, mariscal",0.0,1343,4783.2,19,4437.43,2025-12,0.2581,0.4682,8.0,31,738.75,335.86,22.0,25.0,2025-12-01,1.08,0.0,-345.7699999999995,berlinda,22,-1.0,12172.119999999999,6690.2802520000005,,38.23529411764706,Risco Baixo,🟡 Acima com risco,244.44444444444423
PVE0302,Guarapari-Nova_Guarapari-apartamento-JR-2Q,Carteira 4,ES,"Guarapari, ES","Guarapari, ES, Enseada Verde",0.0,313,4529.45,37,4349.45,2025-12,0.1613,0.344,5.0,31,970.0,301.92,25.0,0.0,2025-12-01,1.04,0.0,-180.0,berlinda,25,-0.0,12077.45,5746.9424,,67.64705882352942,Risco Médio,🟡 Acima com risco,499.99999999999955
ZUC0703,Balneario_Camboriu-Longe-apartamento-SUP-2Q,Carteira 6,SC,"Balneário Camboriú, SC","Balneário Camboriú, SC, Nações",0.0,195,5039.97,13,4993.26,2025-12,0.4839,0.207,15.0,31,436.07,1046.33,15.0,22.0,2025-12-01,1.01,0.0,-46.710000000000036,berlinda,15,-0.0,20734.92,12634.756304999999,,84.03361344537815,Risco Alto,🟡 Acima com risco,749.9999999999993
MHF1504,Itapema-Canto_Praia-apartamento-TOP-1Q,Carteira 5,SC,"Itapema, SC","Itapema, SC, Centro",0.0,343,6500.53,14,6337.8,2025-12,0.5484,0.3918,17.0,31,457.47,663.36,14.0,0.0,2025-12-01,1.03,0.0,-162.72999999999956,berlinda,14,-0.0,15787.57,11593.542736,,55.88235294117647,Risco Médio,🟡 Acima com risco,349.9999999999997
ONI0002,Barra_Velha-Tabuleiro-casa-JR-2Q,Carteira 3,SC,"Barra Velha, SC","Barra Velha, SC, Tabuleiro",0.0,34,3882.45,15,3764.6,2025-12,0.2903,0.2604,9.0,31,551.78,311.36,22.0,0.0,2025-12-01,1.03,0.0,-117.84999999999991,berlinda,22,-0.0,10732.369999999999,5870.981776,,73.94957983193278,Risco Médio,🟡 Acima com risco,549.9999999999995
ETE0304,Maceio-Ponta_Verde-apartamento-TOP-1Q,Carteira 2,AL,"Maceió, AL","Maceió, AL, Pajuçara",0.0,552,4768.69,111,4474.52,2025-12,0.5484,0.4818,17.0,31,345.18,514.5,14.0,0.0,2025-12-01,1.07,0.0,-294.16999999999916,berlinda,14,-0.0,11971.689999999999,8718.8152,,18.487394957983195,Sem Risco,🟡 Acima com risco,174.99999999999986
MDT016,São_Miguel_dos_Milagres-Geral-apartamento-SUP-3Q,Carteira 2,AL,"São Miguel dos Milagres, AL","São Miguel dos Milagres, AL, Centro",7.0,704,7118.32,34,6912.11,2025-12,0.2083,0.4119,5.0,31,1700.0,553.89,18.0,27.0,2025-12-01,1.03,11900.0,-206.21000000000004,berlinda,18,-0.0,17088.34,9195.075165999999,,62.60504201680672,Risco Médio,🟡 Acima com risco,449.9999999999996
NOR0203,Brasilia-Asa_Norte-apartamento-SUP-1Q,Carteira 1_sys-price,DF,"Brasília, DF","Brasília, DF, Asa Norte",0.0,797,1883.33,139,1842.36,2025-12,0.4194,0.3729,13.0,31,185.54,158.94,18.0,0.0,2025-12-01,1.02,0.0,-40.97000000000003,berlinda,18,-0.0,4744.25,3083.199848,,78.57142857142857,Risco Médio,🟡 Acima com risco,599.9999999999995
NWT0713,Especial-NWT-apartamento-TOP-1Q,Carteira 5,AL,"Maceió, AL","Maceió, AL, Pajuçara",0.0,210,4558.14,34,4511.21,2025-12,0.5806,0.3523,18.0,31,312.33,712.46,13.0,0.0,2025-12-01,1.01,0.0,-46.93000000000029,berlinda,13,-0.0,13820.119999999999,9935.645588000001,,81.9327731092437,Risco Alto,🟡 Acima com risco,649.9999999999994
VGA1002,Itapema-Praia_Centro-apartamento-TOP-3Q,Carteira 6,SC,"Itapema, SC","Itapema, SC, Itapema",17.0,642,4390.32,13,4379.63,2025-12,0.8571,0.2835,12.0,31,437.5,180.0,2.0,0.0,2025-12-01,1.0,7437.5,-10.6899999999996,berlinda,2,-0.0,4750.32,4698.875999999999,,28.15126050420168,Risco Baixo,🟡 Acima com risco,199.99999999999983
VGZ0005,Imbituba-Praia_do_Rosa-casa-SUP-1Q,Carteira 6,SC,"Imbituba, SC","Imbituba, SC, Ibiraquera",7.0,650,4003.14,42,3671.42,2025-12,0.625,0.3229,15.0,31,332.6,593.89,9.0,0.0,2025-12-01,1.09,2328.2000000000003,-331.7199999999998,berlinda,9,-0.0,9348.15,7343.77125,,5.88235294117647,Sem Risco,🟡 Acima com risco,89.99999999999991
MUT0034,Santa_Cruz_Cabralia-Coroa_Vermelha-apartamento-TOP-3Q,Carteira 2,BA,"Santa Cruz Cabrália, BA","Santa Cruz Cabrália, BA, Coroa Vermelha",4.0,262,9298.85,9,8904.6,2025-12,0.5185,0.492,14.0,31,918.93,573.85,13.0,0.0,2025-12-01,1.04,3675.72,-394.25,berlinda,13,-0.0,16758.9,13166.885925,,42.016806722689076,Risco Baixo,🟡 Acima com risco,259.9999999999998
RES201,Florianopolis-Ingleses_Praia-apartamento-SUP-1Q,Carteira 1,SC,"Florianópolis, SC","Florianópolis, SC, Ingleses do Rio Vermelho",0.0,888,5150.84,42,4753.73,2025-12,0.2581,0.4957,8.0,31,786.88,400.05,22.0,21.0,2025-12-01,1.08,0.0,-397.1100000000006,berlinda,22,-0.0,13951.94,7422.403910000001,,38.23529411764706,Risco Baixo,🟡 Acima com risco,244.44444444444423
PDD0572,Balneario_Picarras-Geral-casa-SUP-2Q,Carteira 6,SC,"Balneário Piçarras, SC","Balneário Piçarras, SC, Itacolomi",0.0,49,5798.5,19,5714.92,2025-12,0.4194,0.3006,13.0,31,585.62,307.39,18.0,0.0,2025-12-01,1.01,0.0,-83.57999999999993,berlinda,18,-0.0,11331.52,8119.048588,,89.49579831932773,Risco Alto,🟡 Acima com risco,899.9999999999992
SGS0106,Florianopolis-Beira_Mar-apartamento-SUP-1Q,Carteira 4,SC,"Florianópolis, SC","Florianópolis, SC, Centro",0.0,111,4309.89,21,4035.66,2025-12,0.4194,0.3356,13.0,31,417.38,392.72,18.0,0.0,2025-12-01,1.07,0.0,-274.2300000000005,berlinda,18,-0.0,11378.850000000002,7274.6118240000005,,33.193277310924366,Risco Baixo,🟡 Acima com risco,224.9999999999998
ILH0107,Florianopolis-Canasvieiras_Perto-apartamento-SUP-2Q,Carteira 1,SC,"Florianópolis, SC","Florianópolis, SC, Canasvieiras",0.0,783,8130.02,23,8029.31,2025-12,0.4194,0.3783,13.0,31,753.0,650.22,18.0,0.0,2025-12-01,1.01,0.0,-100.71000000000004,berlinda,18,-0.0,19833.980000000003,13038.660824,,89.49579831932773,Risco Alto,🟡 Acima com risco,899.9999999999992
WPE0304,Penha-Longe-casa-TOP-2Q,Carteira 6,SC,"Penha, SC","Penha, SC, Gravatá",3.0,143,8259.22,21,7740.26,2025-12,0.3571,0.5247,10.0,31,1099.4,2344.0,17.0,5.0,2025-12-01,1.07,3298.2000000000003,-518.9599999999991,berlinda,17,-0.0,48107.22,22488.940799999997,,31.092436974789916,Risco Baixo,🟡 Acima com risco,212.49999999999983
NWT0505,Especial-NWT-apartamento-TOP-1Q,Carteira 5,AL,"Maceió, AL","Maceió, AL, Pajuçara",0.0,396,4816.38,34,4511.21,2025-12,0.5806,0.3523,18.0,31,356.56,784.75,12.0,0.0,2025-12-01,1.07,0.0,-305.1700000000001,berlinda,12,-0.0,14233.380000000001,10283.8902,,12.605042016806722,Sem Risco,🟡 Acima com risco,149.9999999999999
MADB1005,Aguas_Claras-Geral-apartamento-JR-1Q,Carteira 1_sys-price,DF,"Águas Claras, DF","Brasília, DF, Águas Claras",0.0,797,1291.64,65,1178.61,2025-12,0.3548,0.2364,11.0,31,147.27,154.45,20.0,0.0,2025-12-01,1.1,0.0,-113.0300000000002,berlinda,20,-0.0,4380.64,2387.6172,,21.008403361344538,Risco Baixo,🟡 Acima com risco,181.81818181818164
SHC0606,Balneario_Picarras-Geral-apartamento-TOP-3Q,Carteira 6,SC,"Balneário Piçarras, SC","Balneário Piçarras, SC, Itacolomi",0.0,360,9243.5,19,9051.23,2025-12,0.5161,0.3781,16.0,31,1119.44,564.79,14.0,0.0,2025-12-01,1.02,0.0,-192.27000000000044,berlinda,14,-0.0,17150.559999999998,13324.333666,,65.12605042016807,Risco Médio,🟡 Acima com risco,466.6666666666663
FFS0706,Itapema-Meia_Praia-Sul-apartamento-SUP-1Q,Carteira 6,SC,"Itapema, SC","Itapema, SC, Meia Praia",0.0,40,5790.06,13,5440.47,2025-12,0.5806,0.3096,18.0,31,452.89,547.23,13.0,0.0,2025-12-01,1.06,0.0,-349.59000000000015,berlinda,13,-0.0,12904.05,9920.442594,,22.689075630252102,Risco Baixo,🟡 Acima com risco,185.71428571428555
TSO0602,Balneario_Camboriu-Longe-apartamento-MASTER-2Q,Carteira 6,SC,"Balneário Camboriú, SC","Balneário Camboriú, SC, Estados",4.0,241,9563.68,41,9451.62,2025-12,0.5185,0.416,14.0,31,842.0,677.54,13.0,0.0,2025-12-01,1.01,3368.0,-112.05999999999949,berlinda,13,-0.0,18371.7,14130.63837,,81.9327731092437,Risco Alto,🟡 Acima com risco,649.9999999999994
PSO0302,Penha-Beto_Carrero-apartamento-SUP-1Q,Carteira 3,SC,"Penha, SC","Penha, SC, Praia de Armação do Itapocoroi",0.0,150,2418.73,15,2337.5,2025-12,0.1613,0.234,5.0,31,563.6,374.12,25.0,0.0,2025-12-01,1.03,0.0,-81.23000000000002,berlinda,25,-0.0,11771.73,3927.3689,,80.67226890756302,Risco Alto,🟡 Acima com risco,624.9999999999994
UPP0409,Curitiba-Centro-apartamento-JR-1Q,Carteira 4_sys-price,PR,"Curitiba, PR","Curitiba, PR, Alto da XV",0.0,49,1925.96,227,1822.41,2025-12,0.3871,0.3741,12.0,31,176.83,163.11,18.0,0.0,2025-12-01,1.06,0.0,-103.54999999999995,berlinda,18,-0.0,4861.9400000000005,3062.477858,,40.33613445378151,Risco Baixo,🟡 Acima com risco,257.1428571428569
EATNR0205,Sao_Paulo-Bela_Vista-apartamento-SUP-1Q,Carteira 4_sys-price,SP,"São Paulo, SP","São Paulo, SP, Bela Vista",0.0,202,2269.97,718,2096.87,2025-12,0.5161,0.3298,16.0,31,203.0,201.57,14.0,0.0,2025-12-01,1.08,0.0,-173.0999999999999,berlinda,14,-0.0,5091.95,3726.393878,,14.705882352941178,Sem Risco,🟡 Acima com risco,155.55555555555543
PGO402,Pocos_de_Caldas-Geral-apartamento-SUP-1Q,Carteira 4,MG,"Poços de Caldas, MG","Poços de Caldas, MG, São Benedito",5.0,838,2015.63,42,1996.38,2025-12,0.3077,0.3303,8.0,31,307.38,259.67,18.0,0.0,2025-12-01,1.01,1536.9,-19.25,berlinda,18,-0.0,6689.6900000000005,3453.838262,,89.49579831932773,Risco Alto,🟡 Acima com risco,899.9999999999992
RUP0203,Blumenau-Central-apartamento-SUP-1Q,Carteira 4,SC,"Blumenau, SC","Blumenau, SC, Escola Agrícola",0.0,432,2029.23,54,1878.43,2025-12,0.4194,0.269,13.0,31,193.62,208.67,18.0,0.0,2025-12-01,1.08,0.0,-150.79999999999995,berlinda,18,-0.0,5785.29,3604.5215639999997,,28.15126050420168,Risco Baixo,🟡 Acima com risco,199.99999999999983
VDR0202,Florianopolis-Cachoeira_Bom_Jesus-apartamento-TOP-3Q,Carteira 1,SC,"Florianópolis, SC","Florianópolis, SC, Cachoeira do Bom Jesus",14.0,446,15800.36,14,15208.2,2025-12,0.8235,0.3791,14.0,31,1341.0,950.67,3.0,0.0,2025-12-01,1.04,18774.0,-592.1599999999999,berlinda,3,-0.0,18652.37,18148.990235,,3.361344537815126,Sem Risco,🟡 Acima com risco,59.99999999999994
NOR0102,Brasilia-Asa_Norte-apartamento-SUP-2Q,Carteira 1_sys-price,DF,"Brasília, DF","Brasília, DF, Asa Norte",0.0,797,3048.94,13,2958.68,2025-12,0.3548,0.3415,11.0,31,321.91,346.4,20.0,0.0,2025-12-01,1.03,0.0,-90.26000000000022,berlinda,20,-0.0,9976.94,5506.9944,,67.64705882352942,Risco Médio,🟡 Acima com risco,499.99999999999955
TMHB102,Porto_de_Pedras-Tatuamunha-apartamento-TOP-2Q,Carteira 2,AL,"Porto de Pedras, AL","Porto de Pedras, AL, Porto de pedras",0.0,622,7627.92,35,7210.77,2025-12,0.2258,0.4099,7.0,31,1371.43,579.09,23.0,22.0,2025-12-01,1.06,0.0,-417.14999999999964,berlinda,23,-0.0,20946.99,10635.366006,,52.94117647058824,Risco Médio,🟡 Acima com risco,328.57142857142827
MHF1908,Itapema-Canto_Praia-apartamento-TOP-2Q,Carteira 5,SC,"Itapema, SC","Itapema, SC, Centro",8.0,339,5023.67,14,4620.28,2025-12,0.5217,0.2821,12.0,31,478.33,447.73,11.0,0.0,2025-12-01,1.09,3826.64,-403.3900000000003,berlinda,11,-0.0,9948.7,7593.058151000001,,7.142857142857142,Sem Risco,🟡 Acima com risco,109.9999999999999
PSOA0407,Penha-Beto_Carrero-apartamento-SUP-1Q,Carteira 3,SC,"Penha, SC","Penha, SC, Praia de Armação do Itapocoroi",0.0,144,2469.14,15,2337.5,2025-12,0.3548,0.234,11.0,31,243.73,490.21,19.0,0.0,2025-12-01,1.06,0.0,-131.63999999999987,berlinda,19,-0.0,11783.13,5773.743651999999,,43.27731092436975,Risco Baixo,🟡 Acima com risco,271.42857142857116
RIG0102,Florianopolis-Ingleses_Praia-apartamento-TOP-3Q,Carteira 1,SC,"Florianópolis, SC","Florianópolis, SC, Ingleses do Rio Vermelho",7.0,735,19074.66,18,18154.52,2025-12,0.625,0.3809,15.0,31,1714.67,760.0,9.0,0.0,2025-12-01,1.05,12002.69,-920.1399999999994,berlinda,9,-1.0,25914.66,23349.66,,12.605042016806722,Sem Risco,🟡 Acima com risco,149.9999999999999
MHF0801,Itapema-Canto_Praia-apartamento-TOP-1Q,Carteira 5,SC,"Itapema, SC","Itapema, SC, Centro",0.0,474,6638.67,14,6337.8,2025-12,0.6774,0.3918,21.0,31,384.24,789.4,10.0,0.0,2025-12-01,1.05,0.0,-300.8699999999999,berlinda,10,-0.0,14532.67,11986.0656,,17.647058823529413,Sem Risco,🟡 Acima com risco,166.66666666666654
TXP0605,Goiania-Central-apartamento-SUP-1Q,Carteira 1_sys-price,GO,"Goiânia, GO","Goiânia, GO, Setor Bueno",0.0,808,966.03,106,915.87,2025-12,0.1935,0.1609,6.0,31,196.17,173.6,25.0,0.0,2025-12-01,1.05,0.0,-50.15999999999997,berlinda,25,-0.0,5306.03,1805.8200000000002,,58.82352941176471,Risco Médio,🟡 Acima com risco,416.66666666666634
CTS0203,Florianopolis-Itacorubi-apartamento-SUP-2Q,Carteira 4,SC,"Florianópolis, SC","Florianópolis, SC, Itacorubi",0.0,137,6118.72,10,5591.33,2025-12,0.6129,0.3699,19.0,31,413.89,442.17,12.0,0.0,2025-12-01,1.09,0.0,-527.3900000000003,berlinda,12,-1.0,11424.76,9370.791916,,8.403361344537815,Sem Risco,🟡 Acima com risco,119.99999999999989
VBP1805,Sao_Paulo-Pinheiros-apartamento-TOP-1Q,Carteira 4_sys-price,SP,"São Paulo, SP","São Paulo, SP, Pinheiros",1.0,346,3311.52,231,3147.55,2025-12,0.6333,0.3479,19.0,31,236.32,246.91,11.0,0.0,2025-12-01,1.05,236.32,-163.9699999999998,berlinda,11,-0.0,6027.53,5031.569133,,21.84873949579832,Risco Baixo,🟡 Acima com risco,183.3333333333332
EMM0202,Guarapari-Praia_do_Morro-apartamento-SUP-2Q,Carteira 4,ES,"Guarapari, ES","Guarapari, ES, Praia do Morro",0.0,448,4571.7,59,4159.05,2025-12,0.1613,0.4205,5.0,31,892.0,258.72,25.0,0.0,2025-12-01,1.1,0.0,-412.64999999999964,berlinda,25,-1.0,11039.7,5614.9884,,34.45378151260504,Risco Baixo,🟡 Acima com risco,227.27272727272708
RBF142,Florianopolis-Estreito-casa-JR-2Q,Carteira 4,SC,"Florianópolis, SC","Florianópolis, SC, Capoeiras",0.0,782,3850.77,13,3866.24,2025-12,0.2903,0.4286,9.0,31,492.67,252.48,21.0,0.0,2025-12-01,1.0,0.0,15.4699999999998,berlinda,21,1.0,9152.85,5389.963824,,100.0,Risco Alto,🟡 Acima com risco,2099.999999999998
CQS0004,Camaçari-Itacimirim-apartamento-SUP-2Q,Carteira 2,BA,"Camaçari, BA","Camaçari, BA, Itacimirim",2.0,252,5891.75,25,5847.29,2025-12,0.1724,0.3086,5.0,31,1800.0,998.0,24.0,0.0,2025-12-01,1.01,3600.0,-44.460000000000036,berlinda,24,-0.0,29843.75,10021.0748,,94.11764705882352,Risco Alto,🟡 Acima com risco,1199.999999999999
COL102,Bombinhas-Bombas-apartamento-SUP-3Q,Carteira 6,SC,"Bombinhas, SC","Bombinhas, SC, Bombas",4.0,1124,10328.4,22,9425.37,2025-12,0.6667,0.4566,18.0,31,664.06,1310.22,9.0,0.0,2025-12-01,1.1,2656.24,-903.0299999999988,berlinda,9,-0.0,22120.379999999997,18190.113065999998,,4.201680672268908,Sem Risco,🟡 Acima com risco,81.81818181818174
SMT1121,Salvador-Boca_do_Rio-apartamento-TOP-1Q,Carteira 2,BA,"Salvador, BA","Salvador, BA, Jardim Armação",0.0,62,2518.11,16,2424.25,2025-12,0.2903,0.3299,9.0,31,337.78,301.64,22.0,0.0,2025-12-01,1.04,0.0,-93.86000000000013,berlinda,22,-0.0,9154.19,4444.564024,,60.924369747899156,Risco Médio,🟡 Acima com risco,439.9999999999996
TCO0409,Porto_Alegre-Centro_Historico-apartamento-SUP-1Q,Carteira 4,RS,"Porto Alegre, RS","Porto Alegre, RS, Centro Histórico",0.0,517,1162.08,85,1152.33,2025-12,0.3226,0.2626,10.0,31,129.0,166.29,21.0,0.0,2025-12-01,1.01,0.0,-9.75,berlinda,21,-0.0,4654.17,2288.628234,,91.59663865546219,Risco Alto,🟡 Acima com risco,1049.999999999999
PSO0601,Penha-Beto_Carrero-apartamento-SUP-1Q,Carteira 3,SC,"Penha, SC","Penha, SC, Praia de Armação do Itapocoroi",0.0,119,2488.38,15,2337.5,2025-12,0.3548,0.234,11.0,31,315.64,413.32,19.0,0.0,2025-12-01,1.06,0.0,-150.8800000000001,berlinda,19,-0.0,10341.46,5274.652784,,43.27731092436975,Risco Baixo,🟡 Acima com risco,271.42857142857116
RNA0303,Bombinhas-Mariscal-apartamento-TOP-3Q,Carteira 6,SC,"Bombinhas, SC","Bombinhas, SC, Canto Grande",7.0,712,11265.62,11,11282.34,2025-12,0.7083,0.4206,17.0,31,883.94,1513.0,6.0,12.0,2025-12-01,1.0,6187.58,16.719999999999345,berlinda,6,1.0,20343.620000000003,17695.5674,,78.57142857142857,Risco Médio,🟡 Acima com risco,599.9999999999995
CAC106,Florianopolis-Ingleses_Praia-apartamento-JR-2Q,Carteira 1,SC,"Florianópolis, SC","Florianópolis, SC, Ingleses do Rio Vermelho",6.0,956,5968.46,44,5527.34,2025-12,0.4,0.4155,10.0,31,727.5,682.87,15.0,0.0,2025-12-01,1.08,4365.0,-441.1199999999999,berlinda,15,-0.0,16211.509999999998,10065.68,,16.80672268907563,Sem Risco,🟡 Acima com risco,166.66666666666652
EUB0902,Salvador-Barra-apartamento-SUP-1Q,Carteira 2,BA,"Salvador, BA","Salvador, BA, Barra",0.0,356,3050.14,227,2961.11,2025-12,0.3226,0.3641,10.0,31,356.4,233.38,21.0,0.0,2025-12-01,1.03,0.0,-89.02999999999975,berlinda,21,-0.0,7951.119999999999,4631.196148,,70.58823529411765,Risco Médio,🟡 Acima com risco,524.9999999999995
SCO0016,Florianopolis-Campeche-apartamento-JR-2Q,Carteira 1,SC,"Florianópolis, SC","Florianópolis, SC, Campeche",0.0,237,3158.88,27,2919.75,2025-12,0.0968,0.2878,3.0,31,1250.0,367.63,27.0,0.0,2025-12-01,1.08,0.0,-239.1300000000001,berlinda,27,-0.0,13084.89,4119.717768,,49.159663865546214,Risco Baixo,🟡 Acima com risco,299.9999999999998
EAB0201,Florianopolis-Ingleses_Norte-apartamento-SUP-2Q,Carteira 1,SC,"Florianópolis, SC","Florianópolis, SC, Ingleses do Rio Vermelho",0.0,746,7265.88,81,7270.99,2025-12,0.5161,0.4033,16.0,31,537.25,956.13,15.0,0.0,2025-12-01,1.0,0.0,5.109999999999673,berlinda,15,1.0,21607.83,14667.760395000001,,94.9579831932773,Risco Alto,🟡 Acima com risco,1499.9999999999986
CAP0302,Gramado-Carniel-apartamento-TOP-2Q,Carteira 4,RS,"Gramado, RS","Gramado, RS, Carniel",0.0,720,13922.33,106,13389.07,2025-12,0.6774,0.6291,21.0,31,803.24,322.9,10.0,0.0,2025-12-01,1.04,0.0,-533.2600000000002,berlinda,10,-1.0,17151.33,16109.6546,,28.15126050420168,Risco Baixo,🟡 Acima com risco,199.99999999999983
TCO1014,Porto_Alegre-Centro_Historico-apartamento-SUP-1Q,Carteira 4,RS,"Porto Alegre, RS","Porto Alegre, RS, Centro Histórico",0.0,602,1151.8,85,1152.33,2025-12,0.3226,0.2626,10.0,31,146.5,169.05,20.0,0.0,2025-12-01,1.0,0.0,0.5299999999999727,berlinda,20,1.0,4532.8,2242.5106,,97.89915966386555,Risco Alto,🟡 Acima com risco,1999.9999999999982
TXP1101,Goiania-Central-apartamento-TOP-2Q,Carteira 1_sys-price,GO,"Goiânia, GO","Goiânia, GO, Setor Bueno",1.0,228,3269.15,12,3061.08,2025-12,0.3667,0.339,11.0,31,356.45,317.16,19.0,0.0,2025-12-01,1.07,356.45,-208.07000000000016,berlinda,19,-0.0,9295.19,5478.898868,,36.97478991596639,Risco Baixo,🟡 Acima com risco,237.4999999999998
CSF0303,Salvador-Barra-apartamento-JR-1Q,Carteira 2,BA,"Salvador, BA","Salvador, BA, Barra",2.0,59,2406.28,130,2198.33,2025-12,0.3103,0.4059,9.0,31,327.89,181.8,20.0,0.0,2025-12-01,1.09,655.78,-207.95000000000027,berlinda,20,-1.0,6042.280000000001,3534.5308000000005,,28.15126050420168,Risco Baixo,🟡 Acima com risco,199.99999999999983
CZZ0306,Urubici-Geral-apartamento-SUP-1Q,Especial,SC,"Urubici, SC","Urubici, SC, Centro",0.0,35,1640.16,53,1627.27,2025-12,0.2258,0.1854,7.0,31,269.29,416.74,23.0,0.0,2025-12-01,1.01,0.0,-12.8900000000001,berlinda,23,-0.0,11225.18,3804.4575160000004,,93.27731092436974,Risco Alto,🟡 Acima com risco,1149.999999999999
AMC0202,Florianopolis-Ingleses_Praia-apartamento-JR-1Q,Carteira 1,SC,"Florianópolis, SC","Florianópolis, SC, Ingleses do Rio Vermelho",11.0,531,4210.78,36,3908.47,2025-12,0.6,0.4301,12.0,31,472.25,282.5,8.0,0.0,2025-12-01,1.08,5194.75,-302.30999999999995,berlinda,8,-1.0,6470.78,5566.78,,5.042016806722689,Sem Risco,🟡 Acima com risco,88.88888888888881
VBR0020,Camaçari-Itacimirim-apartamento-SUP-2Q,Carteira 2,BA,"Camaçari, BA","Camaçari, BA, Itacimirim",5.0,26,5838.5,25,5847.29,2025-12,0.1923,0.3086,5.0,31,1500.0,516.0,20.0,28.0,2025-12-01,1.0,7500.0,8.789999999999964,berlinda,20,1.0,16158.5,7823.036,,97.89915966386555,Risco Alto,🟡 Acima com risco,1999.9999999999982
MHC0204,Florianopolis-Ingleses_Praia-apartamento-SUP-3Q,Carteira 1,SC,"Florianópolis, SC","Florianópolis, SC, Ingleses do Rio Vermelho",4.0,367,8014.16,16,7920.27,2025-12,0.4444,0.3102,12.0,31,859.17,1060.29,14.0,0.0,2025-12-01,1.01,3436.68,-93.88999999999942,berlinda,14,-0.0,22858.22,14610.860263999999,,83.19327731092437,Risco Alto,🟡 Acima com risco,699.9999999999994
VIF0104,Porto_Seguro-Pataxos-apartamento-SUP-4Q,Carteira 2,BA,"Porto Seguro, BA","Porto Seguro, BA, Taperapuan",5.0,74,9625.87,10,8992.02,2025-12,0.6154,0.4588,16.0,31,709.06,348.9,10.0,0.0,2025-12-01,1.07,3545.2999999999997,-633.8500000000004,berlinda,10,-1.0,13114.87,11773.000600000001,,9.663865546218489,Sem Risco,🟡 Acima com risco,124.99999999999989
BLS1755,Goiania-Central-apartamento-SUP-1Q,Carteira 1_sys-price,GO,"Goiânia, GO","Goiânia, GO, Setor Marista",0.0,802,956.06,106,915.87,2025-12,0.2903,0.1609,9.0,31,186.33,178.14,22.0,12.0,2025-12-01,1.04,0.0,-40.18999999999994,berlinda,22,-0.0,4875.139999999999,2093.768924,,60.924369747899156,Risco Médio,🟡 Acima com risco,439.9999999999996
RJE0980,Gramado-Geral-casa-JR-4Q,Carteira 4,RS,"Gramado, RS","Gramado, RS, Casa Grande",7.0,424,14381.55,10,14324.13,2025-12,0.7917,0.6034,19.0,31,1173.15,373.6,5.0,0.0,2025-12-01,1.0,8212.050000000001,-57.42000000000007,berlinda,5,-0.0,16249.55,15860.4456,,67.64705882352942,Risco Médio,🟡 Acima com risco,499.99999999999955
SQC0810,Sao_Paulo-Moema-apartamento-SUP-1Q,Carteira 4_sys-price,SP,"São Paulo, SP","São Paulo, SP, Moema",1.0,306,1762.76,481,1716.15,2025-12,0.4,0.2792,12.0,31,181.0,172.94,18.0,0.0,2025-12-01,1.03,181.0,-46.6099999999999,berlinda,18,-0.0,4875.68,3007.928,,62.60504201680672,Risco Médio,🟡 Acima com risco,449.9999999999996
MTA0101,Barra_Velha-Centro-apartamento-SUP-2Q,Carteira 3,SC,"Barra Velha, SC","Barra Velha, SC, Tabuleiro",0.0,39,5494.61,20,5469.66,2025-12,0.4839,0.2876,15.0,31,445.0,218.0,16.0,0.0,2025-12-01,1.0,0.0,-24.949999999999818,berlinda,16,-0.0,8982.61,7182.4532,,95.7983193277311,Risco Alto,🟡 Acima com risco,1599.9999999999986
PSO0509,Penha-Beto_Carrero-apartamento-SUP-1Q,Carteira 3,SC,"Penha, SC","Penha, SC, Praia de Armação do Itapocoroi",0.0,126,2515.31,15,2337.5,2025-12,0.2903,0.234,9.0,31,350.44,397.33,21.0,0.0,2025-12-01,1.08,0.0,-177.80999999999995,berlinda,21,-0.0,10859.24,4937.552879,,35.714285714285715,Risco Baixo,🟡 Acima com risco,233.33333333333314
CGR209,Gramado-Geral-apartamento-JR-1Q,Carteira 4,RS,"Gramado, RS","Gramado, RS, Vila Suiça",4.0,923,5346.74,125,5302.02,2025-12,0.7407,0.5792,20.0,31,372.0,324.57,7.0,0.0,2025-12-01,1.01,1488.0,-44.719999999999345,berlinda,7,-0.0,7618.73,7029.6029929999995,,55.88235294117647,Risco Médio,🟡 Acima com risco,349.9999999999997
EDG0501,Curitiba-Batel-apartamento-JR-1Q,Carteira 4,PR,"Curitiba, PR","Curitiba, PR, Batel",10.0,12,1720.24,51,1659.2,2025-12,0.5714,0.289,12.0,31,191.67,253.67,9.0,0.0,2025-12-01,1.04,1916.6999999999998,-61.039999999999964,berlinda,9,-0.0,4003.2699999999995,3024.763342,,20.168067226890756,Risco Baixo,🟡 Acima com risco,179.99999999999983
RPF0605,Porto_Alegre-Menino_Deus-apartamento-SUP-1Q,Carteira 4,RS,"Porto Alegre, RS","Porto Alegre, RS, Azenha",0.0,251,2091.1,13,1931.9,2025-12,0.4516,0.2882,14.0,31,179.36,197.29,17.0,0.0,2025-12-01,1.08,0.0,-159.19999999999982,berlinda,17,-0.0,5445.03,3605.7347879999998,,24.369747899159663,Risco Baixo,🟡 Acima com risco,188.88888888888874
CNA014,Especial-CNA-casa-MASTER-1Q,Especial,SP,"Campos do Jordão, SP","Campos do Jordão, SP, Jardim Europa",0.0,1046,7359.73,25,6822.48,2025-12,0.4194,0.3355,13.0,31,703.0,850.94,17.0,0.0,2025-12-01,1.08,0.0,-537.25,berlinda,17,-0.0,21825.71,13426.762012,,24.369747899159663,Risco Baixo,🟡 Acima com risco,188.88888888888874
SDR001,Florianopolis-Lagoa-apartamento-SUP-1Q,Carteira 1,SC,"Florianópolis, SC","Florianópolis, SC, Lagoa da Conceição",0.0,1599,4968.12,29,4977.73,2025-12,0.3226,0.5714,10.0,31,636.7,426.9,20.0,0.0,2025-12-01,1.0,0.0,9.609999999999673,berlinda,20,1.0,13506.119999999999,7722.4788,,97.89915966386555,Risco Alto,🟡 Acima com risco,1999.9999999999982
VST025,Especial-VST-casa-TOP-1Q,Carteira 5,SC,"Anitápolis, SC","Anitápolis, SC, Rio dos Pinheiros",0.0,229,3282.15,47,2992.0,2025-12,0.2903,0.1608,9.0,31,443.33,278.27,22.0,0.0,2025-12-01,1.1,0.0,-290.1500000000001,berlinda,22,-1.0,9404.09,5059.349182,,28.15126050420168,Risco Baixo,🟡 Acima com risco,199.99999999999983
BLS0355,Goiania-Central-apartamento-SUP-1Q,Carteira 1_sys-price,GO,"Goiânia, GO","Goiânia, GO, Setor Marista",0.0,615,932.7,106,915.87,2025-12,0.2258,0.1609,7.0,31,185.0,166.09,23.0,0.0,2025-12-01,1.02,0.0,-16.83000000000004,berlinda,23,-0.0,4752.77,1795.2718060000002,,84.87394957983193,Risco Alto,🟡 Acima com risco,766.6666666666661
ATP0005,Porto_Seguro-Pitinga-casa-SUP-4Q,Carteira 2,BA,"Porto Seguro, BA","Porto Seguro, BA, Arraial D ajuda",2.0,33,12862.83,9,12489.72,2025-12,0.3793,0.2921,11.0,31,1527.27,452.35,17.0,0.0,2025-12-01,1.03,3054.54,-373.1100000000006,berlinda,17,-0.0,20552.78,15779.628035,,59.66386554621849,Risco Médio,🟡 Acima com risco,424.99999999999966
IAA0504,Recife-Boa_Viagem-apartamento-TOP-1Q,Carteira 2,PE,"Recife, PE","Recife, PE, Boa Viagem",0.0,628,2858.58,38,2800.53,2025-12,0.5161,0.4015,16.0,31,214.88,416.67,15.0,0.0,2025-12-01,1.02,0.0,-58.04999999999973,berlinda,15,-0.0,9108.630000000001,6084.230805,,69.74789915966386,Risco Médio,🟡 Acima com risco,499.9999999999996
TCO1115,Porto_Alegre-Centro_Historico-apartamento-SUP-1Q,Carteira 4,RS,"Porto Alegre, RS","Porto Alegre, RS, Centro Histórico",0.0,110,1246.92,85,1152.33,2025-12,0.4194,0.2626,13.0,31,129.07,183.35,17.0,0.0,2025-12-01,1.08,0.0,-94.59000000000015,berlinda,17,-0.0,4363.87,2554.1688299999996,,24.369747899159663,Risco Baixo,🟡 Acima com risco,188.88888888888874
COE0406,Sao_Paulo-Pinheiros-apartamento-TOP-1Q,Carteira 4_sys-price,SP,"São Paulo, SP","São Paulo, SP, Pinheiros",0.0,552,3239.59,231,3147.55,2025-12,0.5484,0.3479,17.0,31,253.59,257.62,13.0,0.0,2025-12-01,1.03,0.0,-92.03999999999996,berlinda,13,-0.0,6588.65,5076.2145040000005,,52.10084033613446,Risco Médio,🟡 Acima com risco,324.9999999999997
TPS101,Florianopolis-Canasvieiras_Meio-apartamento-TOP-1Q,Carteira 1,SC,"Florianópolis, SC","Florianópolis, SC, Canasvieiras",0.0,1047,5753.85,25,5708.6,2025-12,0.3871,0.4133,12.0,31,614.25,535.06,18.0,0.0,2025-12-01,1.01,0.0,-45.25,berlinda,18,-0.0,15384.929999999998,9482.041068,,89.49579831932773,Risco Alto,🟡 Acima com risco,899.9999999999992
DRL0207,Bombinhas-Centro-apartamento-TOP-2Q,Carteira 6,SC,"Bombinhas, SC","Bombinhas, SC, Centro",0.0,517,12476.98,29,11747.0,2025-12,0.871,0.5563,27.0,31,534.22,1791.0,4.0,0.0,2025-12-01,1.06,0.0,-729.9799999999996,berlinda,4,-0.0,19640.98,18716.824,,2.5210084033613445,Sem Risco,🟡 Acima com risco,57.14285714285709
RDT1004,Balneario_Camboriu-Centro-apartamento-SUP-2Q,Carteira 6,SC,"Balneário Camboriú, SC","Balneário Camboriú, SC, Centro",0.0,82,9012.6,73,8692.36,2025-12,0.6452,0.4059,20.0,31,500.5,1114.55,11.0,0.0,2025-12-01,1.04,0.0,-320.2399999999998,berlinda,11,-0.0,21272.65,16922.78426,,31.932773109243694,Risco Baixo,🟡 Acima com risco,219.9999999999998
TCO0612,Porto_Alegre-Centro_Historico-apartamento-SUP-1Q,Carteira 4,RS,"Porto Alegre, RS","Porto Alegre, RS, Centro Histórico",0.0,594,1197.26,85,1152.33,2025-12,0.3548,0.2626,11.0,31,122.18,170.11,19.0,0.0,2025-12-01,1.04,0.0,-44.930000000000064,berlinda,19,-0.0,4429.35,2344.005532,,57.98319327731093,Risco Médio,🟡 Acima com risco,379.99999999999966
NWT1218,Especial-NWT-apartamento-TOP-1Q,Carteira 5,AL,"Maceió, AL","Maceió, AL, Pajuçara",0.0,193,4879.69,34,4511.21,2025-12,0.1935,0.3523,6.0,31,1046.83,631.0,25.0,25.0,2025-12-01,1.08,0.0,-368.47999999999956,berlinda,25,-0.0,20654.69,7932.1525,,45.378151260504204,Risco Baixo,🟡 Acima com risco,277.77777777777754
RFO0102,Bombinhas-Centro-apartamento-TOP-2Q,Carteira 6,SC,"Bombinhas, SC","Bombinhas, SC, Centro",0.0,538,12043.72,29,11747.0,2025-12,0.7419,0.5563,23.0,31,648.58,928.0,5.0,0.0,2025-12-01,1.03,0.0,-296.71999999999935,berlinda,5,-0.0,16683.72,15486.135999999999,,9.663865546218489,Sem Risco,🟡 Acima com risco,124.99999999999989
TDC0109,Mata_de_Sao_Joao-Praia_Imbassai-apartamento-TOP-2Q,Carteira 2,BA,"Mata de São João, BA","Mata de São João, BA, Imbassaí",0.0,39,5433.2,12,5428.44,2025-12,0.3548,0.2607,11.0,31,660.18,439.45,20.0,0.0,2025-12-01,1.0,0.0,-4.760000000000218,berlinda,20,-0.0,14222.2,8551.537199999999,,97.89915966386555,Risco Alto,🟡 Acima com risco,1999.9999999999982
HSC0518,Cabo_Frio-Centro-apartamento-SUP-1Q,Carteira 4,RJ,"Cabo Frio, RJ","Cabo Frio, RJ, Passagem",0.0,210,5335.17,60,5241.6,2025-12,0.4839,0.5466,15.0,31,447.53,274.0,16.0,0.0,2025-12-01,1.02,0.0,-93.56999999999971,berlinda,16,-0.0,9719.17,7456.5876,,72.26890756302521,Risco Médio,🟡 Acima com risco,533.3333333333329
BVT0418,Brasilia-Lago_Norte-apartamento-JR-1Q,Carteira 1,DF,"Brasília, DF","Brasília, DF, Lago Norte",0.0,367,1369.47,19,1356.6,2025-12,0.2903,0.255,9.0,31,205.0,181.27,22.0,0.0,2025-12-01,1.01,0.0,-12.870000000000118,berlinda,22,-0.0,5357.41,2527.168982,,92.43697478991596,Risco Alto,🟡 Acima com risco,1099.999999999999
GBL601,Itapema-Praia_Centro-apartamento-SUP-3Q,Carteira 6,SC,"Itapema, SC","Itapema, SC, Centro",8.0,678,5701.5,16,5296.91,2025-12,0.7826,0.2298,18.0,31,517.78,239.6,5.0,0.0,2025-12-01,1.08,4142.24,-404.59000000000015,berlinda,5,-1.0,6899.5,6639.0548,,1.680672268907563,Sem Risco,🟡 Acima com risco,55.55555555555551
CPX0505,Florianopolis-Centrao-apartamento-JR-1Q,Carteira 4,SC,"Florianópolis, SC","Florianópolis, SC, Centro",0.0,21,2468.7,76,2297.2,2025-12,0.6129,0.3438,19.0,31,167.11,477.0,12.0,0.0,2025-12-01,1.07,0.0,-171.5,berlinda,12,-0.0,8192.7,5976.9396,,12.605042016806722,Sem Risco,🟡 Acima com risco,149.9999999999999
RJI011,Ubatuba-Itagua-apartamento-JR-2Q,Carteira 4,SP,"Ubatuba, SP","Ubatuba, SP, Itaguá",0.0,52,4744.3,154,4591.79,2025-12,0.2581,0.3628,8.0,31,705.25,446.96,23.0,0.0,2025-12-01,1.03,0.0,-152.51000000000022,berlinda,23,-0.0,15024.380000000001,7397.588648,,76.47058823529412,Risco Médio,🟡 Acima com risco,574.9999999999995
BFH0101,Balneario_Camboriu-Longe-apartamento-JR-2Q,Carteira 6,SC,"Balneário Camboriú, SC","Balneário Camboriú, SC, Nações",0.0,706,2709.42,28,2564.7,2025-12,0.3226,0.3348,10.0,31,368.7,490.0,20.0,0.0,2025-12-01,1.06,0.0,-144.72000000000025,berlinda,20,-0.0,12509.42,5870.9,,46.21848739495798,Risco Baixo,🟡 Acima com risco,285.71428571428544
HMO0409,Sao_Paulo-Butanta-apartamento-SUP-1Q,Carteira 4_sys-price,SP,"São Paulo, SP","São Paulo, SP, Butantã",0.0,465,2066.18,24,2048.69,2025-12,0.4516,0.3058,14.0,31,194.79,197.41,17.0,0.0,2025-12-01,1.01,0.0,-17.48999999999978,berlinda,17,-0.0,5422.15,3581.7360519999997,,86.97478991596638,Risco Alto,🟡 Acima com risco,849.9999999999993
GSS0488,Florianopolis-Santo_Antonio_de_Lisboa-casa-SUP-3Q,Carteira 1,SC,"Florianópolis, SC","Florianópolis, SC, Sambaqui",2.0,105,6284.52,7,6100.88,2025-12,0.1379,0.4074,4.0,31,2000.0,672.04,24.0,0.0,2025-12-01,1.03,4000.0,-183.64000000000033,berlinda,24,-0.0,22413.48,8508.703583999999,,78.57142857142857,Risco Médio,🟡 Acima com risco,599.9999999999995
TXP1916,Goiania-Central-apartamento-TOP-1Q,Carteira 1_sys-price,GO,"Goiânia, GO","Goiânia, GO, Setor Bueno",0.0,486,1621.99,33,1517.3,2025-12,0.2581,0.1649,8.0,31,247.38,242.59,22.0,0.0,2025-12-01,1.07,0.0,-104.69000000000005,berlinda,22,-0.0,6958.97,2999.464538,,44.537815126050425,Risco Baixo,🟡 Acima com risco,274.9999999999998
HMO0410,Sao_Paulo-Butanta-apartamento-SUP-1Q,Carteira 4_sys-price,SP,"São Paulo, SP","São Paulo, SP, Butantã",0.0,458,2232.45,24,2048.69,2025-12,0.4839,0.3058,15.0,31,202.6,197.31,16.0,0.0,2025-12-01,1.09,0.0,-183.75999999999976,berlinda,16,-0.0,5389.41,3760.1029439999998,,15.966386554621847,Sem Risco,🟡 Acima com risco,159.99999999999986
SHC0905,Balneario_Picarras-Geral-apartamento-TOP-3Q,Carteira 6,SC,"Balneário Piçarras, SC","Balneário Piçarras, SC, Itacolomi",5.0,326,9314.05,19,9051.23,2025-12,0.6923,0.3781,18.0,31,721.11,532.63,8.0,0.0,2025-12-01,1.03,3605.55,-262.8199999999997,berlinda,8,-0.0,13575.09,12263.967992,,28.15126050420168,Risco Baixo,🟡 Acima com risco,199.99999999999983
ATP0001,Porto_Seguro-Pitinga-casa-SUP-4Q,Carteira 2,BA,"Porto Seguro, BA","Porto Seguro, BA, Arraial D ajuda",2.0,237,13177.58,9,12489.72,2025-12,0.3448,0.2921,10.0,31,1741.0,453.61,18.0,0.0,2025-12-01,1.06,3482.0,-687.8600000000006,berlinda,18,-1.0,21342.56,15992.865104,,40.33613445378151,Risco Baixo,🟡 Acima com risco,257.1428571428569
CTD0101,Penha-Longe-apartamento-JR-2Q,Carteira 6,SC,"Penha, SC","Penha, SC, Centro",0.0,90,3861.24,24,3725.43,2025-12,0.3871,0.4466,12.0,31,425.75,308.5,18.0,0.0,2025-12-01,1.04,0.0,-135.80999999999995,berlinda,18,-0.0,9414.24,6010.8063,,57.14285714285714,Risco Médio,🟡 Acima com risco,359.99999999999966
ERJ101,Balneario_Camboriu-Norte-apartamento-SIM-4Q,Carteira 6,SC,"Balneário Camboriú, SC","Balneário Camboriú, SC, Centro",8.0,802,7296.35,64,7127.36,2025-12,0.3043,0.3738,7.0,31,1567.86,452.94,16.0,0.0,2025-12-01,1.02,12542.88,-168.9900000000007,berlinda,16,-0.0,14543.39,9501.624272000001,,72.26890756302521,Risco Médio,🟡 Acima com risco,533.3333333333329
RCP202,Florianopolis-Canasvieiras_Meio-apartamento-JR-2Q,Carteira 1,SC,"Florianópolis, SC","Florianópolis, SC, Canasvieiras",5.0,789,4849.25,18,4685.41,2025-12,0.5,0.3236,13.0,31,480.54,401.75,12.0,1.0,2025-12-01,1.03,2402.7000000000003,-163.84000000000015,berlinda,12,-0.0,9670.25,7259.75,,49.159663865546214,Risco Baixo,🟡 Acima com risco,299.9999999999998
MSSO1208,Goiania-Leste-apartamento-SUP-1Q,Carteira 1_sys-price,GO,"Goiânia, GO","Goiânia, GO, Jardim Goiás",0.0,797,1576.41,61,1550.4,2025-12,0.4194,0.2292,13.0,31,194.38,194.94,17.0,0.0,2025-12-01,1.02,0.0,-26.00999999999999,berlinda,17,-0.0,4890.39,2966.293212,,75.21008403361344,Risco Médio,🟡 Acima com risco,566.6666666666662
BPM0807,Salvador-Barra-apartamento-SUP-1Q,Carteira 2,BA,"Salvador, BA","Salvador, BA, Barra",0.0,640,3206.83,227,2961.11,2025-12,0.4839,0.3641,15.0,31,262.87,320.56,16.0,0.0,2025-12-01,1.08,0.0,-245.7199999999998,berlinda,16,-0.0,8335.79,5688.733744,,19.327731092436977,Sem Risco,🟡 Acima com risco,177.77777777777763
