listing,categoria,carteira,estado,cidade,Bairro,dias_bloqueados,dias_ativo,faturamento_mes,n_concorrentes,meta,mes_ano,to_listings,to_concorrentes,dias_ocupados,total_dias,media_preco_ocupado,media_preco_disponivel,ocupacao_ainda_disponivel,data_da_execucao,atingimento_meta,faturamento_perdido_bloqueio,falta_meta,grupo_criticidade,dias_disponiveis,dias_necessarios,potencial_max,potencial_realista,score_bruto,score_normalizado,faixa_prioridade,status_operacional,score_risco_bruto
DNAB1503,Goiania-Central-apartamento-SUP-1Q,Carteira 1_sys-price,GO,"Goiânia, GO","Goiânia, GO, Setor Bueno",1,772,1393.74,149,1516.4,2025-11,0.3103,0.3335,9,30,186.0,190.8,15,2025-11-11,0.92,186.0,122.66000000000008,berlinda,15,1.0,4255.74,2281.8186,15.433611184384077,76.57430730478589,Alta,🟢 Abaixo viável,
EUB1006,Salvador-Barra-apartamento-SUP-1Q,Carteira 2,BA,"Salvador, BA","Salvador, BA, Barra",0,262,2574.96,203,3119.92,2025-11,0.5333,0.546,16,30,218.81,206.9,10,2025-11-11,0.83,0.0,544.96,berlinda,10,3.0,4643.96,3678.3577,12.046486662051162,63.22418136020151,Alta,🟢 Abaixo viável,
NOH1302,Itapema-Meia_Praia-Sul-apartamento-TOP-3Q,Carteira 6,SC,"Itapema, SC","Itapema, SC, Castelo Branco",0,89,4283.01,27,4379.63,2025-11,0.5333,0.3145,16,30,308.75,600.0,13,2025-11-11,0.98,0.0,96.61999999999989,berlinda,13,1.0,12083.01,8442.75,13.236734610001287,69.77329974811083,Alta,🟢 Abaixo viável,
NWT1120,Especial-NWT-apartamento-TOP-1Q,Carteira 5,AL,"Maceió, AL","Maceió, AL, Pajuçara",1,4,4513.96,40,4657.0,2025-11,0.6552,0.5442,19,30,288.42,280.0,6,2025-11-11,0.97,288.42,143.03999999999996,berlinda,6,1.0,6193.96,5614.696,8.600214730513203,42.56926952141058,Média,🟢 Abaixo viável,
PDC301,Ilheus-Sul-apartamento-JR-2Q,Carteira 2,BA,"Ilhéus, BA","Ilhéus, BA, São Francisco",0,766,1445.6,15,1576.18,2025-11,0.4333,0.2399,13,30,133.15,119.83,6,2025-11-11,0.92,0.0,130.58000000000015,berlinda,6,2.0,2164.58,1757.134034,4.963710172696017,15.869017632241814,Baixa,🟢 Abaixo viável,
EAC404,Balneario_Camboriu-Centro-apartamento-JR-2Q,Carteira 6,SC,"Balneário Camboriú, SC","Balneário Camboriú, SC, Centro",0,733,2732.47,45,2904.87,2025-11,0.5667,0.4181,17,30,202.35,185.0,6,2025-11-11,0.94,0.0,172.4000000000001,berlinda,6,1.0,3842.47,3361.5069999999996,10.979493058209151,59.19395465994962,Alta,🟢 Abaixo viável,
ENP0607,Sao_Paulo-Republica-apartamento-SUP-1Q,Carteira 4,SP,"São Paulo, SP","São Paulo, SP, Vila Buarque",0,100,2260.99,467,2800.75,2025-11,0.6,0.5767,18,30,148.61,130.0,9,2025-11-11,0.81,0.0,539.7600000000002,berlinda,9,5.0,3430.99,2962.99,5.01071498705704,16.120906801007557,Baixa,🟢 Abaixo viável,
JBV344,Especial-JBV-hotel-JR-1Q,Especial,SC,"Florianópolis, SC","Florianópolis, SC, Jurerê",0,1342,7841.23,25,9026.89,2025-11,0.6333,0.58,19,30,526.0,475.57,7,2025-11-11,0.87,0.0,1185.6599999999999,berlinda,7,3.0,11170.22,9949.479367,20.821653459829463,87.1536523929471,Crítico,🟢 Abaixo viável,
JTL001,Florianopolis-Jurere_Longe-apartamento-JR-1Q,Carteira 1,SC,"Florianópolis, SC","Florianópolis, SC, Jurerê",0,495,1847.0,39,1965.96,2025-11,0.4,0.455,12,30,206.75,159.29,14,2025-11-11,0.94,0.0,118.96000000000004,berlinda,14,1.0,4077.06,2739.024,9.63861848664266,50.88161209068011,Alta,🟢 Abaixo viável,
AYR0202,Florianopolis-Canasvieiras_Perto-apartamento-SUP-2Q,Carteira 1,SC,"Florianópolis, SC","Florianópolis, SC, Canasvieiras",0,297,4879.48,25,5283.94,2025-11,0.6333,0.5593,19,30,316.0,328.2,10,2025-11-11,0.92,0.0,404.46000000000004,berlinda,10,2.0,8161.48,6957.9706,12.561059739512563,65.23929471032746,Alta,🟢 Abaixo viável,
BPM1309,Salvador-Barra-apartamento-SUP-1Q,Carteira 2,BA,"Salvador, BA","Salvador, BA, Barra",0,571,2559.66,203,3119.92,2025-11,0.5333,0.546,16,30,235.19,216.54,13,2025-11-11,0.82,0.0,560.2600000000002,berlinda,13,3.0,5374.68,4060.9101659999997,12.961731967486353,68.01007556675063,Alta,🟢 Abaixo viável,
CNB012,Especial-CNB-casa-TOP-1Q,Especial,SP,"Campos do Jordão, SP","Campos do Jordão, SP, Jardim Europa",0,591,4219.0,16,4791.07,2025-11,0.2,0.5074,6,30,880.5,626.06,16,2025-11-11,0.88,0.0,572.0699999999997,berlinda,16,1.0,14235.96,6222.392,74.75368637903429,99.49622166246851,Crítico,🟢 Abaixo viável,
ETE0304,Maceio-Ponta_Verde-apartamento-TOP-1Q,Carteira 2,AL,"Maceió, AL","Maceió, AL, Pajuçara",0,522,4347.25,123,4671.6,2025-11,0.7,0.6591,21,30,272.48,225.29,7,2025-11-11,0.93,0.0,324.35000000000036,berlinda,7,2.0,5924.28,5451.171,7.820961929531645,37.02770780856423,Média,🟢 Abaixo viável,
MHFA0804,Itapema-Canto_Praia-apartamento-SUP-1Q,Carteira 5,SC,"Itapema, SC","Itapema, SC, Centro",0,9,2819.53,9,3362.19,2025-11,0.6667,0.347,20,30,185.7,175.44,9,2025-11-11,0.84,0.0,542.6599999999999,berlinda,9,4.0,4398.49,3872.222632,7.0790370562044345,30.730478589420656,Média,🟢 Abaixo viável,
SLC0204,Florianopolis-Rio_Vermelho-apartamento-JR-1Q,Carteira 1,SC,"Florianópolis, SC","Florianópolis, SC, Ingleses do Rio Vermelho",0,318,2584.84,16,2707.95,2025-11,0.8,0.5031,24,30,110.29,156.67,6,2025-11-11,0.95,0.0,123.10999999999967,berlinda,6,1.0,3524.86,3336.856,7.122599641795436,31.234256926952142,Média,🟢 Abaixo viável,
DNR1402,Sao_Paulo-Republica-apartamento-SUP-1Q,Carteira 4,SP,"São Paulo, SP","São Paulo, SP, República",0,29,2683.56,467,2800.75,2025-11,0.6667,0.5767,20,30,156.7,130.0,5,2025-11-11,0.96,0.0,117.19000000000005,berlinda,5,1.0,3333.56,3116.915,5.4395072748371005,19.64735516372796,Baixa,🟢 Abaixo viável,
ELF0408,Bombinhas-Bombas-apartamento-SUP-1Q,Especial,SC,"Bombinhas, SC","Bombinhas, SC, José Amândio",3,164,2183.72,49,2579.11,2025-11,0.4074,0.44,11,30,228.0,316.83,12,2025-11-11,0.85,684.0,395.3900000000003,berlinda,12,2.0,5985.68,3732.6385039999996,24.28578340978091,90.93198992443325,Crítico,🟢 Abaixo viável,
VAR0302,Ilheus-Sul-apartamento-SUP-2Q,Carteira 2,BA,"Ilhéus, BA","Ilhéus, BA, Nossa Senhora da Vitória",7,248,1587.6,36,1909.53,2025-11,0.4348,0.2911,10,30,172.8,162.11,9,2025-11-11,0.83,1209.6000000000001,321.93000000000006,berlinda,9,2.0,3046.59,2221.968852,13.665161662817555,72.04030226700252,Alta,🟢 Abaixo viável,
JPR211,Especial-JPR-apartamento-TOP-1Q,Carteira 1,SC,"Florianópolis, SC","Florianópolis, SC, Jurerê",0,992,6142.22,16,6427.59,2025-11,0.6,0.5944,18,30,404.56,290.12,8,2025-11-11,0.96,0.0,285.3699999999999,berlinda,8,1.0,8463.18,7534.796,12.88065113051703,66.24685138539043,Alta,🟢 Abaixo viável,
MHFA0503,Itapema-Canto_Praia-apartamento-SUP-1Q,Carteira 5,SC,"Itapema, SC","Itapema, SC, Centro",0,457,2974.31,9,3362.19,2025-11,0.5,0.347,15,30,179.42,174.2,10,2025-11-11,0.88,0.0,387.8800000000001,berlinda,10,3.0,4716.3099999999995,3845.31,6.698877418190723,27.95969773299748,Média,🟢 Abaixo viável,
MRV0001,Imbituba-Praia_do_Rosa-casa-SUP-3Q,Carteira 6,SC,"Imbituba, SC","Imbituba, SC, Praia do Rosa",8,407,3482.73,22,4068.6,2025-11,0.5,0.3148,11,30,389.09,230.33,9,2025-11-11,0.86,3112.72,585.8699999999999,berlinda,9,3.0,5555.700000000001,4519.215,11.055681487489554,59.949622166246854,Alta,🟢 Abaixo viável,
MTR1703,Porto_Belo-Geral-apartamento-TOP-3Q,Carteira 6,SC,"Porto Belo, SC","Porto Belo, SC, Perequê",0,227,4128.72,11,4637.54,2025-11,0.6333,0.2656,19,30,298.05,242.2,10,2025-11-11,0.89,0.0,508.8199999999997,berlinda,10,3.0,6550.72,5662.5726,8.857871773972114,44.584382871536526,Média,🟢 Abaixo viável,
RAA0301,Itapema-Meia_Praia-Norte-apartamento-SUP-3Q,Carteira 6,SC,"Itapema, SC","Itapema, SC, Meia Praia",5,75,2887.45,40,2993.72,2025-11,0.48,0.3654,12,30,256.69,230.89,9,2025-11-11,0.96,1283.45,106.26999999999998,berlinda,9,1.0,4965.459999999999,3884.8948,8.196050499044663,39.54659949622166,Média,🟢 Abaixo viável,
RCX1807,Itajai-Praia_Brava-apartamento-MASTER-2Q,Carteira 6,SC,"Itajaí, SC","Itajaí, SC, Praia Brava",0,261,5325.72,11,6188.9,2025-11,0.6,0.4913,18,30,353.89,347.11,9,2025-11-11,0.86,0.0,863.1799999999994,berlinda,9,3.0,8449.710000000001,7200.114,16.137407821529933,79.59697732997482,Alta,🟢 Abaixo viável,
TSF1302,Balneario_Camboriu-Sul-apartamento-SUP-3Q,Carteira 6,SC,"Balneário Camboriú, SC","Balneário Camboriú, SC, Centro",5,345,3260.95,76,3709.3,2025-11,0.48,0.3914,12,30,324.0,281.88,8,2025-11-11,0.88,1620.0,448.35000000000036,berlinda,8,2.0,5515.99,4343.3692,17.035680317040963,82.36775818639799,Crítico,🟢 Abaixo viável,
NWT0504,Especial-NWT-apartamento-TOP-1Q,Carteira 5,AL,"Maceió, AL","Maceió, AL, Pajuçara",0,225,3993.04,40,4657.0,2025-11,0.5,0.5442,15,30,309.47,300.18,11,2025-11-11,0.86,0.0,663.96,berlinda,11,3.0,7295.02,5644.03,14.265801503113595,73.29974811083123,Alta,🟢 Abaixo viável,
SKC0414,Maceio-Jatiuca-apartamento-TOP-1Q,Carteira 2,AL,"Maceió, AL","Maceió, AL, Jatiúca",5,268,3643.8,36,4207.29,2025-11,0.84,0.6065,21,30,225.33,240.0,3,2025-11-11,0.87,1126.65,563.4899999999998,berlinda,3,3.0,4363.8,4248.6,10.71454546750996,56.92695214105793,Alta,🟢 Abaixo viável,
TCO1104,Porto_Alegre-Centro_Historico-apartamento-SUP-1Q,Carteira 4,RS,"Porto Alegre, RS","Porto Alegre, RS, Centro Histórico",0,411,1729.75,72,1793.66,2025-11,0.5667,0.4337,17,30,130.29,126.08,12,2025-11-11,0.96,0.0,63.91000000000008,berlinda,12,1.0,3242.71,2587.144432,4.49236354716056,12.594458438287154,Baixa,🟢 Abaixo viável,
ONP0920,Sao_Paulo-Bela_Vista-apartamento-SUP-1Q,Carteira 4,SP,"São Paulo, SP","São Paulo, SP, Paraíso",0,59,3441.32,596,3486.42,2025-11,0.7,0.5791,21,30,193.48,155.43,7,2025-11-11,0.99,0.0,45.09999999999991,berlinda,7,1.0,4529.33,4202.927,2.0106278073209722,3.27455919395466,Baixa,🟢 Abaixo viável,
ILC1212,Especial-ILC-hotel-JR-1Q,Especial,SC,"Florianópolis, SC","Florianópolis, SC, Jurerê Internacional",0,681,7752.76,16,9179.91,2025-11,0.5,0.5499,15,30,623.8,595.5,8,2025-11-11,0.84,0.0,1427.1499999999996,berlinda,8,3.0,12516.76,10134.76,30.859700694233375,95.21410579345087,Crítico,🟢 Abaixo viável,
CNB007,Especial-CNB-casa-TOP-1Q,Especial,SP,"Campos do Jordão, SP","Campos do Jordão, SP, Jardim Europa",0,596,3907.96,16,4791.07,2025-11,0.2,0.5074,6,30,734.5,595.94,17,2025-11-11,0.82,0.0,883.1099999999997,berlinda,17,2.0,14038.940000000002,5934.156000000001,54.92307286263821,98.48866498740554,Crítico,🟢 Abaixo viável,
CSE0102,Florianopolis-Canasvieiras_Meio-apartamento-SUP-3Q,Carteira 1,SC,"Florianópolis, SC","Florianópolis, SC, Canasvieiras",8,423,4870.46,29,5317.17,2025-11,0.6364,0.4084,14,30,403.5,719.0,4,2025-11-11,0.92,3228.0,446.71000000000004,berlinda,4,1.0,7746.46,6700.7464,60.405157254705045,98.99244332493703,Crítico,🟢 Abaixo viável,
JBV207,Especial-JBV-hotel-TOP-1Q,Especial,SC,"Florianópolis, SC","Florianópolis, SC, Jurerê",2,422,9961.66,34,10718.98,2025-11,0.6786,0.6611,19,30,671.58,612.14,7,2025-11-11,0.93,1343.16,757.3199999999997,berlinda,7,2.0,14246.64,12869.447428,21.624532595452166,87.90931989924434,Crítico,🟢 Abaixo viável,
UPP0516,Curitiba-Centro-apartamento-JR-1Q,Carteira 4,PR,"Curitiba, PR","Curitiba, PR, Alto da XV",0,26,1871.62,282,1884.7,2025-11,0.5,0.5093,15,30,140.87,141.62,13,2025-11-11,0.99,0.0,13.080000000000155,berlinda,13,1.0,3712.68,2792.1499999999996,0.9828564758317089,0.5037783375314862,Baixa,🟢 Abaixo viável,
VLPF0103,Mata_de_Sao_Joao-Praia_do_Forte_Longe-apartamento-SUP-2Q,Carteira 2,BA,"Mata de São João, BA","Mata de São João, BA, Centro",4,100,3360.99,106,3895.43,2025-11,0.4231,0.3042,11,30,354.91,272.8,10,2025-11-11,0.86,1419.64,534.44,berlinda,10,2.0,6088.99,4515.2068,18.71362493999379,84.38287153652394,Crítico,🟢 Abaixo viável,
CAG0003,Camaçari-Monte_Gordo-casa-SUP-4Q,Carteira 2,BA,"Camaçari, BA","Camaçari, BA, Guarajuba",7,124,5451.8,10,6121.33,2025-11,0.5217,0.2857,12,30,589.67,544.18,11,2025-11-11,0.89,4127.69,669.5299999999997,berlinda,11,2.0,11437.779999999999,8574.685766,29.760267409206804,94.7103274559194,Crítico,🟢 Abaixo viável,
ILC3208,Especial-ILC-hotel-TOP-1Q,Especial,SC,"Florianópolis, SC","Florianópolis, SC, Jurerê Internacional",0,1458,9686.96,30,11132.4,2025-11,0.5333,0.6976,16,30,757.63,712.57,7,2025-11-11,0.87,0.0,1445.4400000000005,berlinda,7,3.0,14674.95,12347.055067,30.840225551842686,94.96221662468514,Crítico,🟢 Abaixo viável,
SMA0407,Salvador-Pituba_Praia-apartamento-SUP-1Q,Carteira 5,BA,"Salvador, BA","Salvador, BA, Amaralina",2,24,1553.6,15,1753.55,2025-11,0.4286,0.4605,12,30,173.17,170.27,15,2025-11-11,0.89,346.34,199.95000000000005,berlinda,15,2.0,4107.65,2648.26583,9.707589318810415,51.13350125944584,Alta,🟢 Abaixo viável,
IAA0502,Recife-Boa_Viagem-apartamento-TOP-1Q,Carteira 2,PE,"Recife, PE","Recife, PE, Boa Viagem",0,598,3430.33,39,3873.53,2025-11,0.6,0.6083,18,30,226.89,206.5,8,2025-11-11,0.89,0.0,443.2000000000003,berlinda,8,3.0,5082.33,4421.53,7.8757446911043285,37.27959697732997,Média,🟢 Abaixo viável,
NWT1217,Especial-NWT-apartamento-TOP-1Q,Carteira 5,AL,"Maceió, AL","Maceió, AL, Pajuçara",1,150,4061.69,40,4657.0,2025-11,0.5862,0.5442,17,30,297.65,280.0,5,2025-11-11,0.87,297.65,595.31,berlinda,5,3.0,5461.6900000000005,4882.37,11.930914036217882,62.97229219143576,Alta,🟢 Abaixo viável,
NWT1407,Especial-NWT-apartamento-TOP-1Q,Carteira 5,AL,"Maceió, AL","Maceió, AL, Pajuçara",0,78,4283.13,40,4657.0,2025-11,0.5333,0.5442,16,30,330.0,313.38,8,2025-11-11,0.92,0.0,373.8699999999999,berlinda,8,2.0,6790.17,5620.134432,12.579276422589647,65.4911838790932,Alta,🟢 Abaixo viável,
SPJ0502,Especial-SPJ-apartamento-TOP-1Q,Carteira 5,SC,"Florianópolis, SC","Florianópolis, SC, Jurerê",0,383,5199.19,15,6230.75,2025-11,0.7333,0.6136,22,30,304.0,210.17,6,2025-11-11,0.83,0.0,1031.5600000000004,berlinda,6,5.0,6460.209999999999,6123.895965999999,6.959129003731494,30.22670025188917,Média,🟠 Abaixo precisa esforço,
PSO0302,Penha-Beto_Carrero-apartamento-TOP-1Q,Carteira 3,SC,"Penha, SC","Penha, SC, Praia de Armação do Itapocoroi",0,120,3857.64,16,4132.99,2025-11,0.6667,0.6017,20,30,214.95,208.43,7,2025-11-11,0.93,0.0,275.3499999999999,berlinda,7,2.0,5316.65,4830.361967,6.943060653425241,29.974811083123427,Média,🟢 Abaixo viável,
STCY201,Florianopolis-Cachoeira_Bom_Jesus-apartamento-JR-1Q,Carteira 1,SC,"Florianópolis, SC","Florianópolis, SC, Cachoeira do Bom Jesus",2,562,1165.72,15,1284.69,2025-11,0.2857,0.2034,8,30,164.0,161.15,13,2025-11-11,0.91,328.0,118.97000000000003,berlinda,13,1.0,3260.67,1764.247215,14.923456631560924,75.06297229219143,Alta,🟢 Abaixo viável,
BLSA1656,Goiania-Central-apartamento-TOP-1Q,Carteira 1_sys-price,GO,"Goiânia, GO","Goiânia, GO, Setor Marista",0,631,1562.38,53,1579.58,2025-11,0.3667,0.3282,11,30,170.0,179.06,16,2025-11-11,0.99,0.0,17.199999999999818,berlinda,16,1.0,4427.34,2612.960832,1.9497790551918661,2.518891687657431,Baixa,🟢 Abaixo viável,
DIO1602,Sao_Paulo-Pompeia-apartamento-SUP-1Q,Carteira 4,SP,"São Paulo, SP","São Paulo, SP, Pompeia",0,145,2608.63,71,2705.63,2025-11,0.6,0.3976,18,30,168.61,141.0,6,2025-11-11,0.96,0.0,97.0,berlinda,6,1.0,3454.63,3116.23,5.055014913347353,16.876574307304786,Baixa,🟢 Abaixo viável,
MHFA0803,Itapema-Canto_Praia-apartamento-SUP-1Q,Carteira 5,SC,"Itapema, SC","Itapema, SC, Centro",0,17,3318.4,9,3362.19,2025-11,0.7,0.347,21,30,187.14,155.71,7,2025-11-11,0.99,0.0,43.789999999999964,berlinda,7,1.0,4408.37,4081.379,2.0280058235852207,3.7783375314861463,Baixa,🟢 Abaixo viável,
SPJ0401,Especial-SPJ-apartamento-TOP-1Q,Carteira 5,SC,"Florianópolis, SC","Florianópolis, SC, Jurerê",0,384,5531.38,15,6230.75,2025-11,0.7,0.6136,21,30,331.24,248.0,8,2025-11-11,0.89,0.0,699.3699999999999,berlinda,8,3.0,7515.38,6920.18,9.278912918455507,48.36272040302267,Média,🟢 Abaixo viável,
ETD0101,Florianopolis-Ingleses_Centro-apartamento-JR-2Q,Carteira 1,SC,"Florianópolis, SC","Florianópolis, SC, Ingleses do Rio Vermelho",0,169,1686.72,17,1938.0,2025-11,0.4,0.3142,12,30,169.25,169.36,11,2025-11-11,0.87,0.0,251.27999999999997,berlinda,11,2.0,3549.6800000000003,2431.904,10.979561609907122,59.44584382871536,Alta,🟢 Abaixo viável,
MBR0108,Maceio-Jatiuca-apartamento-JR-2Q,Carteira 2,AL,"Maceió, AL","Maceió, AL, Ponta Verde",0,26,2856.62,32,3273.16,2025-11,0.7,0.5517,21,30,184.1,157.89,9,2025-11-11,0.87,0.0,416.53999999999996,berlinda,9,3.0,4277.629999999999,3851.3269999999998,6.6976561487980995,27.70780856423174,Média,🟢 Abaixo viável,
MCB0706,Balneario_Picarras-Geral-apartamento-SUP-2Q,Carteira 6,SC,"Balneário Piçarras, SC","Balneário Piçarras, SC, Itacolomi",9,382,1427.05,66,1594.17,2025-11,0.5714,0.2526,12,30,142.25,115.0,2,2025-11-11,0.9,1280.25,167.12000000000012,berlinda,2,2.0,1657.05,1558.472,6.027838938130818,24.68513853904282,Média,🟠 Abaixo precisa esforço,
EDA0001,Curitiba-Centro-apartamento-SUP-1Q,Carteira 4,PR,"Curitiba, PR","Curitiba, PR, Centro",0,107,2134.44,500,2211.28,2025-11,0.4667,0.4953,14,30,179.79,148.19,16,2025-11-11,0.97,0.0,76.84000000000015,berlinda,16,1.0,4505.48,3241.004368,5.149469809341205,18.387909319899247,Baixa,🟢 Abaixo viável,
PAT0402,Itapema-Meia_Praia-Sul-apartamento-TOP-2Q,Carteira 6,SC,"Itapema, SC","Itapema, SC, Meia Praia",2,8,3805.49,23,4030.71,2025-11,0.3571,0.3607,10,30,435.6,450.0,13,2025-11-11,0.94,871.2,225.22000000000025,berlinda,13,1.0,9655.49,5894.525,25.144205363323113,91.93954659949623,Crítico,🟢 Abaixo viável,
LIN1106,Florianopolis-Centrao-apartamento-SUP-1Q,Carteira 4,SC,"Florianópolis, SC","Florianópolis, SC, Centro",0,11,3264.43,126,3394.05,2025-11,0.9,0.4536,27,30,140.19,174.0,2,2025-11-11,0.96,0.0,129.62000000000035,berlinda,2,1.0,3612.43,3577.6299999999997,6.6451230830424,27.455919395465994,Média,🟢 Abaixo viável,
STL401,Camboriu-Tabuleiro-apartamento-SUP-2Q,Carteira 6,SC,"Balneário Camboriú, SC","Balneário Camboriú, SC, Vila Real",20,1,2351.52,22,2789.98,2025-11,0.9,0.3669,9,30,281.89,192.0,1,2025-11-11,0.84,5637.799999999999,438.46000000000004,berlinda,1,3.0,2543.52,2524.32,10.057935899182073,53.14861460957179,Alta,🟠 Abaixo precisa esforço,
VDP0027,Cabo_Frio-Palmeiras-casa-SUP-2Q,Carteira 4,RJ,"Cabo Frio, RJ","Cabo Frio, RJ, Parque Burle",5,191,2234.68,57,2747.0,2025-11,0.4,0.3237,10,30,262.9,207.7,10,2025-11-11,0.81,1314.5,512.3200000000002,berlinda,10,3.0,4311.68,3065.4799999999996,12.912130081300818,67.00251889168766,Alta,🟢 Abaixo viável,
CIA2313,Sao_Paulo-Vila_Olimpia-apartamento-TOP-1Q,Carteira 4,SP,"São Paulo, SP","São Paulo, SP, Vila Olímpia",0,284,7948.39,98,8513.39,2025-11,0.8,0.587,24,30,407.25,289.5,4,2025-11-11,0.93,0.0,564.9999999999991,berlinda,4,2.0,9106.39,8874.79,9.606484608363978,50.62972292191436,Alta,🟢 Abaixo viável,
EMF1003,Balneario_Camboriu-Intermediario-apartamento-SUP-2Q,Carteira 6,SC,"Balneário Camboriú, SC","Balneário Camboriú, SC, Centro",0,698,3572.39,74,3649.28,2025-11,0.6333,0.4021,19,30,232.47,179.64,11,2025-11-11,0.98,0.0,76.89000000000033,berlinda,11,1.0,5548.43,4823.816132,3.7849985750613984,9.319899244332493,Baixa,🟢 Abaixo viável,
EVA806,Florianopolis-Centrao-apartamento-SUP-1Q,Carteira 4,SC,"Florianópolis, SC","Florianópolis, SC, Centro",0,505,2869.28,126,3394.05,2025-11,0.5,0.4536,15,30,217.47,174.83,12,2025-11-11,0.85,0.0,524.77,berlinda,12,4.0,4967.24,3918.26,6.757821710051412,28.967254408060455,Média,🟢 Abaixo viável,
ILC3405,Especial-ILC-hotel-JR-1Q,Especial,SC,"Florianópolis, SC","Florianópolis, SC, Jurerê Internacional",0,1832,8317.21,16,9179.91,2025-11,0.4,0.5499,12,30,578.0,528.5,6,2025-11-11,0.91,0.0,862.7000000000007,berlinda,6,2.0,11488.21,9585.609999999999,24.833410676139547,91.43576826196474,Crítico,🟢 Abaixo viável,
LIV1007,Salvador-Graca-apartamento-TOP-1Q,Especial,BA,"Salvador, BA","Salvador, BA, Vitória",1,94,3398.33,15,3581.56,2025-11,0.5517,0.5526,16,30,242.89,233.0,11,2025-11-11,0.95,242.89,183.23000000000002,berlinda,11,1.0,5961.33,4812.3371,11.920110231295862,62.72040302267003,Alta,🟢 Abaixo viável,
MHFB1307,Itapema-Canto_Praia-apartamento-SUP-1Q,Carteira 5,SC,"Itapema, SC","Itapema, SC, Centro",0,425,3004.46,9,3362.19,2025-11,0.5333,0.347,16,30,238.06,192.2,10,2025-11-11,0.89,0.0,357.73,berlinda,10,2.0,4926.46,4029.4626,10.224839464753629,54.65994962216625,Alta,🟢 Abaixo viável,
NIK0504,Sao_Paulo-Bela_Vista-apartamento-SUP-1Q,Carteira 4,SP,"São Paulo, SP","São Paulo, SP, Bela Vista",0,53,2839.49,596,3486.42,2025-11,0.5667,0.5791,17,30,188.35,153.78,9,2025-11-11,0.81,0.0,646.9300000000003,berlinda,9,5.0,4223.51,3623.8141339999997,5.706994303612306,21.662468513853906,Média,🟢 Abaixo viável,
NWT0315,Especial-NWT-apartamento-TOP-1Q,Carteira 5,AL,"Maceió, AL","Maceió, AL, Pajuçara",0,186,4240.93,40,4657.0,2025-11,0.5667,0.5442,17,30,292.59,288.8,10,2025-11-11,0.91,0.0,416.0699999999997,berlinda,10,2.0,7128.93,5877.5596000000005,12.901118316512767,66.75062972292191,Alta,🟢 Abaixo viável,
UPP0511,Curitiba-Centro-apartamento-JR-1Q,Carteira 4,PR,"Curitiba, PR","Curitiba, PR, Alto da XV",0,25,1747.67,282,1884.7,2025-11,0.2667,0.5093,8,30,139.53,134.6,10,2025-11-11,0.93,0.0,137.02999999999997,berlinda,10,2.0,3093.67,2106.6482,4.89314957287632,14.86146095717884,Baixa,🟢 Abaixo viável,
VFR505,Bombinhas-Bombas-apartamento-TOP-1Q,Especial,SC,"Bombinhas, SC","Bombinhas, SC, Bombas",8,754,2687.17,78,3016.65,2025-11,0.5455,0.4055,12,30,249.5,188.0,3,2025-11-11,0.89,1996.0,329.48,berlinda,3,2.0,3251.17,2994.832,10.266726335504616,55.16372795969773,Alta,🟠 Abaixo precisa esforço,
EDF1501,Salvador-Ondina_Rio_Vermelho-apartamento-TOP-1Q,Carteira 2,BA,"Salvador, BA","Salvador, BA, Rio Vermelho",0,60,3182.72,34,3630.22,2025-11,0.4,0.5369,12,30,217.13,216.0,14,2025-11-11,0.88,0.0,447.5,berlinda,14,3.0,6206.719999999999,4392.32,8.875495149054323,44.83627204030227,Média,🟢 Abaixo viável,
ILC3403,Especial-ILC-hotel-JR-1Q,Especial,SC,"Florianópolis, SC","Florianópolis, SC, Jurerê Internacional",0,1830,7540.21,16,9179.91,2025-11,0.5,0.5499,15,30,587.0,535.91,11,2025-11-11,0.82,0.0,1639.6999999999998,berlinda,11,4.0,13435.22,10487.715,23.93083447985873,90.42821158690177,Crítico,🟢 Abaixo viável,
RHI206,Florianopolis-Canasvieiras_Meio-apartamento-SUP-1Q,Carteira 1,SC,"Florianópolis, SC","Florianópolis, SC, Canasvieiras",1,778,3191.12,38,3287.15,2025-11,0.7241,0.6164,21,30,296.24,220.88,8,2025-11-11,0.97,296.24,96.0300000000002,berlinda,8,1.0,4958.16,4470.633664,6.452734557291284,26.700251889168765,Média,🟢 Abaixo viável,
VLA,Florianopolis-Santinho-apartamento-SUP-2Q,Carteira 1,SC,"Florianópolis, SC","Florianópolis, SC, Ingleses do Rio Vermelho",0,285,3547.14,11,4335.83,2025-11,0.4,0.4627,12,30,432.75,184.91,11,2025-11-11,0.82,0.0,788.69,berlinda,11,5.0,5581.15,4360.744,6.727047319659673,28.463476070528966,Média,🟢 Abaixo viável,
LIV1006,Salvador-Graca-apartamento-TOP-1Q,Especial,BA,"Salvador, BA","Salvador, BA, Vitória",9,110,3270.83,15,3581.56,2025-11,0.8095,0.5526,17,30,290.65,233.5,4,2025-11-11,0.91,2615.85,310.73,berlinda,4,2.0,4204.83,4026.903,10.129029668636013,53.40050377833753,Alta,🟢 Abaixo viável,
SJS0003,Florianopolis-Ingleses_Centro-apartamento-JR-1Q,Carteira 1,SC,"Florianópolis, SC","Florianópolis, SC, Ingleses do Rio Vermelho",0,306,2309.97,14,2707.95,2025-11,0.7,0.5707,21,30,140.95,151.29,7,2025-11-11,0.85,0.0,397.98,berlinda,7,3.0,3369.0,3051.2909999999997,7.411559076053843,33.50125944584383,Média,🟢 Abaixo viável,
BSO0203,Itajai-Praia_Brava-apartamento-SUP-1Q,Carteira 6,SC,"Balneário Camboriú, SC","Balneário Camboriú, SC, Praia dos Amores",0,193,2425.25,10,2766.14,2025-11,0.5667,0.5032,17,30,170.12,136.0,11,2025-11-11,0.88,0.0,340.8899999999999,berlinda,11,3.0,3921.25,3273.0332,5.586730968063798,20.40302267002519,Média,🟢 Abaixo viável,
ERE418,Maceio-Cruz_das_Almas-apartamento-SUP-1Q,Carteira 2,AL,"Maceió, AL","Maceió, AL, Cruz das Almas",0,551,2918.74,103,3048.71,2025-11,0.7333,0.6003,22,30,181.95,176.0,1,2025-11-11,0.96,0.0,129.97000000000025,berlinda,1,1.0,3094.74,3047.8008,7.50308163124733,34.76070528967254,Média,🟠 Abaixo precisa esforço,
SSG0207,Florianopolis-UFSC-apartamento-TOP-1Q,Carteira 4,SC,"Florianópolis, SC","Florianópolis, SC, Córrego Grande",2,920,2283.83,16,2679.84,2025-11,0.4643,0.5048,13,30,214.08,192.92,12,2025-11-11,0.85,428.16,396.0100000000002,berlinda,12,3.0,4598.87,3358.703072,9.502837134555302,49.87405541561713,Média,🟢 Abaixo viável,
VST010,Especial-VST-casa-TOP-1Q,Carteira 5,SC,"Anitápolis, SC","Anitápolis, SC, Rio dos Pinheiros",3,487,1938.39,41,2231.25,2025-11,0.3333,0.1613,9,30,288.56,172.38,13,2025-11-11,0.87,865.6800000000001,292.8599999999999,berlinda,13,2.0,4179.33,2685.295302,11.312763428571422,60.70528967254408,Alta,🟢 Abaixo viável,
IAA1002,Recife-Boa_Viagem-apartamento-TOP-1Q,Carteira 2,PE,"Recife, PE","Recife, PE, Boa Viagem",0,598,3199.35,39,3873.53,2025-11,0.5333,0.6083,16,30,232.37,195.2,10,2025-11-11,0.83,0.0,674.1800000000003,berlinda,10,4.0,5151.35,4240.3516,8.493540517305926,41.56171284634761,Média,🟢 Abaixo viável,
NWT1113,Especial-NWT-apartamento-TOP-1Q,Carteira 5,AL,"Maceió, AL","Maceió, AL, Pajuçara",0,288,3916.48,40,4657.0,2025-11,0.5,0.5442,15,30,314.4,295.45,11,2025-11-11,0.84,0.0,740.52,berlinda,11,3.0,7166.43,5541.455,15.660055400472409,77.58186397984886,Alta,🟢 Abaixo viável,
SOA0205,Salvador-Boca_do_Rio-apartamento-SUP-1Q,Carteira 2,BA,"Salvador, BA","Salvador, BA, Boca do Rio",3,379,2007.25,33,2261.0,2025-11,0.5556,0.4852,15,30,148.67,152.92,12,2025-11-11,0.89,446.01,253.75,berlinda,12,2.0,3842.29,3026.7982239999997,8.581037151702786,42.0654911838791,Média,🟢 Abaixo viável,
TCO0712,Porto_Alegre-Centro_Historico-apartamento-SUP-1Q,Carteira 4,RS,"Porto Alegre, RS","Porto Alegre, RS, Centro Histórico",0,555,1586.9,72,1793.66,2025-11,0.4667,0.4337,14,30,128.29,120.0,12,2025-11-11,0.88,0.0,206.76,berlinda,12,2.0,3026.9,2258.9480000000003,6.916360960271176,29.72292191435768,Média,🟢 Abaixo viável,
BSO0104,Itajai-Praia_Brava-apartamento-SUP-1Q,Carteira 6,SC,"Balneário Camboriú, SC","Balneário Camboriú, SC, Praia dos Amores",0,198,2601.08,10,2766.14,2025-11,0.6333,0.5032,19,30,179.84,142.82,11,2025-11-11,0.94,0.0,165.05999999999995,berlinda,11,2.0,4172.1,3596.006966,4.261148965706725,11.838790931989925,Baixa,🟢 Abaixo viável,
CGB0035,Ubatuba-Praia_Grande-apartamento-SUP-2Q,Carteira 4,SP,"Ubatuba, SP","Ubatuba, SP, Praia Grande",6,60,4543.09,169,4861.87,2025-11,0.6667,0.4121,16,30,316.5,228.0,5,2025-11-11,0.93,1899.0,318.77999999999975,berlinda,5,2.0,5683.09,5303.128000000001,7.474679495749572,34.5088161209068,Média,🟢 Abaixo viável,
DPR0001,Balneario_Camboriu-Sul-apartamento-JR-1Q,Carteira 6,SC,"Balneário Camboriú, SC","Balneário Camboriú, SC, Barra",0,267,1770.21,33,2053.56,2025-11,0.5667,0.4673,17,30,120.76,111.25,12,2025-11-11,0.86,0.0,283.3499999999999,berlinda,12,3.0,3105.21,2526.7545,5.116754562808,17.884130982367758,Baixa,🟢 Abaixo viável,
EPC025,Florianopolis-Jurere_Longe-apartamento-SUP-2Q,Carteira 1,SC,"Florianópolis, SC","Florianópolis, SC, Jurerê Internacional",0,205,5243.5,23,5861.6,2025-11,0.4667,0.5195,14,30,425.71,315.0,9,2025-11-11,0.89,0.0,618.1000000000004,berlinda,9,2.0,8078.5,6566.5945,16.608221304763212,81.36020151133502,Crítico,🟢 Abaixo viável,
ILC2314,Especial-ILC-hotel-JR-1Q,Especial,SC,"Florianópolis, SC","Florianópolis, SC, Jurerê Internacional",0,1522,8752.49,16,9179.91,2025-11,0.5,0.5499,15,30,732.67,570.22,9,2025-11-11,0.95,0.0,427.4200000000001,berlinda,9,1.0,13884.470000000001,11318.48,26.5496537983488,92.9471032745592,Crítico,🟢 Abaixo viável,
PSO0902,Penha-Beto_Carrero-apartamento-TOP-1Q,Carteira 3,SC,"Penha, SC","Penha, SC, Praia de Armação do Itapocoroi",0,121,4075.12,16,4132.99,2025-11,0.8,0.6017,24,30,199.46,204.33,6,2025-11-11,0.99,0.0,57.86999999999989,berlinda,6,1.0,5301.1,5055.904,2.8610224317019837,6.297229219143577,Baixa,🟢 Abaixo viável,
SOA0907,Salvador-Boca_do_Rio-apartamento-SUP-1Q,Carteira 2,BA,"Salvador, BA","Salvador, BA, Boca do Rio",1,421,2161.21,33,2261.0,2025-11,0.5517,0.4852,16,30,161.19,174.0,12,2025-11-11,0.96,161.19,99.78999999999996,berlinda,12,1.0,4249.21,3313.1596,7.6795488721804475,35.768261964735515,Média,🟢 Abaixo viável,
STU309,Florianopolis-UFSC-apartamento-TOP-1Q,Carteira 4,SC,"Florianópolis, SC","Florianópolis, SC, Trindade",0,859,2511.48,16,2679.84,2025-11,0.4333,0.5048,13,30,227.15,202.83,12,2025-11-11,0.94,0.0,168.36000000000013,berlinda,12,1.0,4945.4400000000005,3566.114868,12.742722998387976,65.74307304785894,Alta,🟢 Abaixo viável,
MLO0601,Itapema-Meia_Praia-Norte-apartamento-SUP-2Q,Carteira 6,SC,"Itapema, SC","Itapema, SC, Meia Praia",0,394,2775.22,15,3420.0,2025-11,0.6333,0.4143,19,30,166.53,177.0,10,2025-11-11,0.81,0.0,644.7800000000002,berlinda,10,4.0,4545.219999999999,3896.161,8.342548245614035,40.80604534005038,Média,🟢 Abaixo viável,
GDP0010,Brasilia-Asa_Sul-apartamento-JR-1Q,Carteira 1_sys-price,DF,"Brasília, DF","Brasília, DF, Asa Sul",0,190,2794.71,220,2916.77,2025-11,0.5,0.6292,15,30,211.6,204.0,14,2025-11-11,0.96,0.0,122.05999999999995,berlinda,14,1.0,5650.71,4222.71,8.536922691881768,41.81360201511335,Média,🟢 Abaixo viável,
NWT1123,Especial-NWT-apartamento-TOP-1Q,Carteira 5,AL,"Maceió, AL","Maceió, AL, Pajuçara",0,121,4459.13,40,4657.0,2025-11,0.5667,0.5442,17,30,301.06,288.56,9,2025-11-11,0.96,0.0,197.8699999999999,berlinda,9,1.0,7056.17,5930.872568,12.26054696156323,63.97984886649874,Alta,🟢 Abaixo viável,
PSO0601,Penha-Beto_Carrero-apartamento-TOP-1Q,Carteira 3,SC,"Penha, SC","Penha, SC, Praia de Armação do Itapocoroi",0,89,3706.63,16,4132.99,2025-11,0.6667,0.6017,20,30,214.45,173.78,9,2025-11-11,0.9,0.0,426.3599999999997,berlinda,9,3.0,5270.65,4749.362134,5.975725467518666,24.181360201511335,Média,🟢 Abaixo viável,
SPJ0201,Especial-SPJ-apartamento-TOP-1Q,Carteira 5,SC,"Florianópolis, SC","Florianópolis, SC, Jurerê",0,516,6075.68,15,6230.75,2025-11,0.7333,0.6136,22,30,332.73,273.0,6,2025-11-11,0.98,0.0,155.0699999999997,berlinda,6,1.0,7713.68,7276.8254,6.794384303655245,29.219143576826195,Média,🟢 Abaixo viável,
SPJ0302,Especial-SPJ-apartamento-TOP-1Q,Carteira 5,SC,"Florianópolis, SC","Florianópolis, SC, Jurerê",0,518,5692.68,15,6230.75,2025-11,0.7667,0.6136,23,30,324.43,341.6,5,2025-11-11,0.91,0.0,538.0699999999997,berlinda,5,2.0,7400.68,7002.203600000001,14.749806363599882,74.3073047858942,Alta,🟢 Abaixo viável,
THK0502,Sao_Paulo-Republica-apartamento-SUP-1Q,Carteira 4,SP,"São Paulo, SP","São Paulo, SP, República",0,82,2457.3,467,2800.75,2025-11,0.5667,0.5767,17,30,160.67,130.0,7,2025-11-11,0.88,0.0,343.4499999999998,berlinda,7,3.0,3367.3,2972.9970000000003,5.313874259870865,19.143576826196472,Baixa,🟢 Abaixo viável,
IFT1208,Itapema-Meia_Praia-Norte-apartamento-TOP-1Q,Carteira 6,SC,"Itapema, SC","Itapema, SC, Meia Praia",0,53,3101.0,22,3277.09,2025-11,0.5667,0.375,17,30,215.18,183.27,11,2025-11-11,0.95,0.0,176.09000000000015,berlinda,11,1.0,5116.97,4243.450199,9.847765639637615,51.63727959697732,Alta,🟢 Abaixo viável,
NWT1306,Especial-NWT-apartamento-TOP-1Q,Carteira 5,AL,"Maceió, AL","Maceió, AL, Pajuçara",2,303,4511.84,40,4657.0,2025-11,0.5714,0.5442,16,30,366.13,328.11,9,2025-11-11,0.97,732.26,145.15999999999985,berlinda,9,1.0,7464.83,6199.178486000001,10.22728099634957,54.91183879093199,Alta,🟢 Abaixo viável,
SLC0201,Florianopolis-Rio_Vermelho-apartamento-JR-1Q,Carteira 1,SC,"Florianópolis, SC","Florianópolis, SC, Ingleses do Rio Vermelho",0,318,2216.62,16,2707.95,2025-11,0.7333,0.5031,22,30,124.68,164.5,4,2025-11-11,0.82,0.0,491.3299999999999,berlinda,4,3.0,2874.62,2699.1313999999998,9.9489509284391,52.39294710327456,Alta,🟠 Abaixo precisa esforço,
SMT0713,Salvador-Boca_do_Rio-apartamento-SUP-1Q,Carteira 2,BA,"Salvador, BA","Salvador, BA, Armação",1,274,2142.44,33,2261.0,2025-11,0.5517,0.4852,16,30,164.25,176.9,10,2025-11-11,0.95,164.25,118.55999999999995,berlinda,10,1.0,3911.44,3118.3973,9.276100840336131,48.11083123425693,Média,🟢 Abaixo viável,
ROI009,Imbituba-Praia_do_Rosa-casa-MASTER-3Q,Carteira 6,SC,"Garopaba, SC","Garopaba, SC, Ouvidor",4,400,7446.06,11,8953.9,2025-11,0.3462,0.4502,9,30,1103.56,1000.0,8,2025-11-11,0.83,4414.24,1507.8399999999992,berlinda,8,2.0,15446.060000000001,10215.66,84.20018092674698,99.74811083123426,Crítico,🟢 Abaixo viável,
DPR0003,Balneario_Camboriu-Sul-apartamento-JR-1Q,Carteira 6,SC,"Balneário Camboriú, SC","Balneário Camboriú, SC, Barra",0,255,1871.94,33,2053.56,2025-11,0.6,0.4673,18,30,117.28,111.5,12,2025-11-11,0.91,0.0,181.6199999999999,berlinda,12,2.0,3209.94,2674.74,4.930615613860804,15.365239294710328,Baixa,🟢 Abaixo viável,
EHI0401,Itajai-Praia_Brava-apartamento-MASTER-2Q,Carteira 6,SC,"Itajaí, SC","Itajaí, SC, Praia Brava",7,317,5978.38,11,6188.9,2025-11,0.6957,0.4913,16,30,443.25,215.0,5,2025-11-11,0.97,3102.75,210.51999999999953,berlinda,5,1.0,7053.38,6726.2575,7.3133836384494675,32.99748110831234,Média,🟢 Abaixo viável,
MHFA0903,Itapema-Canto_Praia-apartamento-SUP-1Q,Carteira 5,SC,"Itapema, SC","Itapema, SC, Centro",0,360,2745.34,9,3362.19,2025-11,0.5667,0.347,17,30,180.12,171.73,11,2025-11-11,0.82,0.0,616.8499999999999,berlinda,11,4.0,4634.37,3815.853301,7.876685322661715,37.531486146095716,Média,🟢 Abaixo viável,
TCR0913,Aguas_Claras-Geral-apartamento-JR-1Q,Carteira 1,DF,"Brasília, DF","Brasília, DF, Taguatinga Sul",0,67,2145.82,86,2192.65,2025-11,0.5333,0.563,16,30,165.38,162.0,9,2025-11-11,0.98,0.0,46.82999999999993,berlinda,9,1.0,3603.82,2923.3714,3.459950288463725,7.5566750629722925,Baixa,🟢 Abaixo viável,
CUR0905,Florianopolis-Itacorubi-apartamento-SUP-1Q,Carteira 4,SC,"Florianópolis, SC","Florianópolis, SC, Itacorubi",4,94,2363.15,12,2579.11,2025-11,0.5,0.4605,13,30,245.69,291.0,9,2025-11-11,0.92,982.76,215.96000000000004,berlinda,9,1.0,4982.15,3672.65,24.36668463152017,91.183879093199,Crítico,🟢 Abaixo viável,
GET0302,Guara-Geral-apartamento-SUP-2Q,Carteira 1,DF,"Brasília, DF","Brasília, DF, Zona Industrial",0,215,3274.29,12,3751.69,2025-11,0.4333,0.379,13,30,298.31,332.6,15,2025-11-11,0.87,0.0,477.4000000000001,berlinda,15,2.0,8263.29,5436.0237,21.161561856123516,87.40554156171285,Crítico,🟢 Abaixo viável,
ILC3315,Especial-ILC-hotel-TOP-1Q,Especial,SC,"Florianópolis, SC","Florianópolis, SC, Jurerê Internacional",0,1244,9162.51,30,11132.4,2025-11,0.5333,0.6976,16,30,820.63,501.71,7,2025-11-11,0.82,0.0,1969.8899999999994,berlinda,7,4.0,12674.48,11035.443601,22.194529299611933,88.66498740554157,Crítico,🟠 Abaixo precisa esforço,
NWT1104,Especial-NWT-apartamento-TOP-1Q,Carteira 5,AL,"Maceió, AL","Maceió, AL, Pajuçara",2,10,4077.84,40,4657.0,2025-11,0.6071,0.5442,17,30,318.71,292.0,7,2025-11-11,0.88,637.42,579.1599999999999,berlinda,7,2.0,6121.84,5318.7524,18.15704530813828,83.37531486146096,Crítico,🟢 Abaixo viável,
PSO0809,Penha-Beto_Carrero-apartamento-SUP-1Q,Carteira 3,SC,"Penha, SC","Penha, SC, Praia de Armação do Itapocoroi",0,92,1857.18,16,1970.83,2025-11,0.4333,0.3803,13,30,181.15,162.92,13,2025-11-11,0.94,0.0,113.64999999999986,berlinda,13,1.0,3975.1400000000003,2774.892068,9.394954410070874,49.1183879093199,Média,🟢 Abaixo viável,
RTBB1361,Florianopolis-Canasvieiras_Meio-apartamento-SIM-1Q,Carteira 1,SC,"Florianópolis, SC","Florianópolis, SC, Canasvieiras",0,738,1513.76,37,1865.72,2025-11,0.3667,0.3944,11,30,153.91,147.8,15,2025-11-11,0.81,0.0,351.96000000000004,berlinda,15,3.0,3730.76,2326.7339,9.293943356988187,48.614609571788414,Média,🟢 Abaixo viável,
SGS0106,Florianopolis-Beira_Mar-apartamento-SUP-1Q,Carteira 4,SC,"Florianópolis, SC","Florianópolis, SC, Centro",0,81,3949.9,21,4741.72,2025-11,0.7,0.566,21,30,227.1,236.0,8,2025-11-11,0.83,0.0,791.8200000000002,berlinda,8,4.0,5837.9,5271.5,9.852412204853934,51.88916876574308,Alta,🟢 Abaixo viável,
EGC001,Urubici-Geral-casa-SUP-1Q,Carteira 3,SC,"Urubici, SC","Urubici, SC, Centro",0,772,1279.31,46,1518.27,2025-11,0.2333,0.1598,7,30,196.86,164.5,12,2025-11-11,0.84,0.0,238.96000000000004,berlinda,12,2.0,3253.31,1739.8442,12.945299584395398,67.50629722921914,Alta,🟢 Abaixo viável,
IBY1613,Sao_Paulo-Moema-apartamento-TOP-1Q,Carteira 4,SP,"São Paulo, SP","São Paulo, SP, Indianópolis",0,269,4362.27,105,4638.45,2025-11,0.7,0.6021,21,30,249.95,200.0,9,2025-11-11,0.94,0.0,276.1799999999994,berlinda,9,2.0,6162.27,5622.27,5.954144164537709,23.929471032745592,Média,🟢 Abaixo viável,
MHF1106,Itapema-Canto_Praia-apartamento-TOP-1Q,Carteira 5,SC,"Itapema, SC","Itapema, SC, Centro",0,239,2585.73,17,2947.0,2025-11,0.4333,0.4478,13,30,195.27,222.27,11,2025-11-11,0.88,0.0,361.27,berlinda,11,2.0,5030.700000000001,3645.135501,13.623936698337294,71.78841309823679,Alta,🟢 Abaixo viável,
NXO0603,Sao_Paulo-Bela_Vista-apartamento-SUP-1Q,Carteira 4,SP,"São Paulo, SP","São Paulo, SP, Consolação",0,444,3267.4,596,3486.42,2025-11,0.6667,0.5791,20,30,206.4,155.0,8,2025-11-11,0.94,0.0,219.01999999999998,berlinda,8,2.0,4507.4,4094.108,4.868618812420761,14.357682619647354,Baixa,🟢 Abaixo viável,
ONI0002,Barra_Velha-Tabuleiro-casa-JR-2Q,Carteira 3,SC,"Barra Velha, SC","Barra Velha, SC, Tabuleiro",0,4,1286.22,13,1430.55,2025-11,0.4333,0.2331,13,30,129.23,180.18,17,2025-11-11,0.9,0.0,144.32999999999993,berlinda,17,1.0,4349.28,2613.4438980000004,18.178588235294107,83.6272040302267,Crítico,🟢 Abaixo viável,
PKS0205,Guara-Geral-apartamento-SUP-1Q,Carteira 1,DF,"Brasília, DF","Brasília, DF, Asa Norte",2,253,3063.29,32,3489.78,2025-11,0.6429,0.5911,18,30,223.56,224.8,10,2025-11-11,0.88,447.12,426.49000000000024,berlinda,10,2.0,5311.29,4508.5292,13.736532388861196,72.544080604534,Alta,🟢 Abaixo viável,
PVG0501,Itajai-Praia_Brava-apartamento-SUP-2Q,Carteira 6,SC,"Itajaí, SC","Itajaí, SC, Praia Brava de Itajaí",0,316,2182.48,20,2682.44,2025-11,0.2667,0.3736,8,30,325.5,166.0,11,2025-11-11,0.81,0.0,499.96000000000004,berlinda,11,4.0,4008.48,2669.4742,7.734875710174318,36.272040302267,Média,🟠 Abaixo precisa esforço,
APC0207,Florianopolis-Itacorubi-apartamento-TOP-1Q,Carteira 4,SC,"Florianópolis, SC","Florianópolis, SC, Itacorubi",0,219,2287.36,25,2556.73,2025-11,0.2667,0.5056,8,30,345.0,333.0,7,2025-11-11,0.89,0.0,269.3699999999999,berlinda,7,1.0,4618.360000000001,2909.0377,35.08395880675706,97.22921914357683,Crítico,🟢 Abaixo viável,
CCB103,Florianopolis-Jurere_Internacional-apartamento-SUP-3Q,Carteira 1,SC,"Florianópolis, SC","Florianópolis, SC, Jurerê Internacional",0,1451,6476.58,25,7854.13,2025-11,0.5667,0.5276,17,30,455.82,416.5,8,2025-11-11,0.82,0.0,1377.5500000000002,berlinda,8,4.0,9808.58,8364.8244,18.26267119973823,83.87909319899244,Crítico,🟢 Abaixo viável,
ETPA1103,Porto_Belo-Geral-apartamento-SUP-2Q,Carteira 6,SC,"Porto Belo, SC","Porto Belo, SC, centro",0,246,2618.18,21,3177.66,2025-11,0.4667,0.2879,14,30,153.95,154.43,7,2025-11-11,0.82,0.0,559.48,berlinda,7,4.0,3699.1899999999996,3122.687367,6.797493784734678,29.47103274559194,Média,🟠 Abaixo precisa esforço,
GBA1104,Sao_Paulo-Campo_Belo-apartamento-SUP-1Q,Carteira 4_sys-price,SP,"São Paulo, SP","São Paulo, SP, Campo Belo",0,173,2930.05,63,3187.39,2025-11,0.6667,0.6043,20,30,192.65,157.8,5,2025-11-11,0.92,0.0,257.3399999999997,berlinda,5,2.0,3719.05,3456.0763,6.37014171469446,26.448362720403022,Média,🟢 Abaixo viável,
ILC3503,Especial-ILC-hotel-TOP-1Q,Especial,SC,"Florianópolis, SC","Florianópolis, SC, Jurerê Internacional",0,808,9991.05,30,11132.4,2025-11,0.5333,0.6976,16,30,822.75,676.63,8,2025-11-11,0.9,0.0,1141.3500000000004,berlinda,8,2.0,15404.09,12877.824231999999,34.685766344184565,96.97732997481108,Crítico,🟢 Abaixo viável,
VLE008,Bombinhas-Mariscal-apartamento-JR-1Q,Carteira 6,SC,"Bombinhas, SC","Bombinhas, SC, mariscal",0,1313,1504.6,20,1629.95,2025-11,0.2333,0.3211,7,30,227.71,199.92,12,2025-11-11,0.92,0.0,125.35000000000014,berlinda,12,1.0,3903.64,2064.2960319999997,15.374687567103301,76.32241813602015,Alta,🟢 Abaixo viável,
VTD0310,Florianopolis-UFSC-apartamento-SUP-1Q,Carteira 4,SC,"Florianópolis, SC","Florianópolis, SC, Trindade",12,74,2254.2,40,2727.0,2025-11,0.7778,0.4971,14,30,209.5,155.0,2,2025-11-11,0.83,2514.0,472.8000000000002,berlinda,2,4.0,2564.2,2495.3179999999998,6.718371837183721,28.211586901763226,Média,🟠 Abaixo precisa esforço,
ITFA039,Mata_de_Sao_Joao-Praia_Imbassai-apartamento-SUP-2Q,Carteira 2,BA,"Mata de São João, BA","Mata de São João, BA, Açu da Torre",0,516,3938.83,12,4629.75,2025-11,0.6667,0.4061,20,30,242.0,216.89,9,2025-11-11,0.85,0.0,690.9200000000001,berlinda,9,4.0,5890.84,5240.235067,8.091886106161242,39.042821158690174,Média,🟢 Abaixo viável,
NOA0704,Sao_Paulo-Santo_Amaro-apartamento-SUP-1Q,Carteira 4,SP,"São Paulo, SP","São Paulo, SP, Santo Amaro",0,400,2603.89,158,3146.03,2025-11,0.5,0.5012,15,30,215.27,139.1,10,2025-11-11,0.83,0.0,542.1400000000003,berlinda,10,4.0,3994.89,3299.39,5.992606078136575,24.43324937027708,Média,🟢 Abaixo viável,
RLN0104,Gramado-Geral-apartamento-JR-2Q,Carteira 4,RS,"Gramado, RS","Gramado, RS, Ipê Amarelo",7,304,3720.51,46,4333.51,2025-11,0.6957,0.4798,16,30,317.81,321.14,7,2025-11-11,0.86,2224.67,613.0,berlinda,7,2.0,5968.49,5284.4296859999995,22.713553216676544,89.4206549118388,Crítico,🟢 Abaixo viável,
BCL402,Ilheus-Pontal-apartamento-TOP-1Q,Carteira 2,BA,"Ilhéus, BA","Ilhéus, BA, Pontal",0,661,1616.61,45,1946.5,2025-11,0.3,0.2992,9,30,209.0,180.08,13,2025-11-11,0.83,0.0,329.8900000000001,berlinda,13,2.0,3957.6499999999996,2318.922,15.259848754174163,76.0705289672544,Alta,🟢 Abaixo viável,
BDR523,Florianopolis-Lagoa-apartamento-SUP-1Q,Carteira 1,SC,"Florianópolis, SC","Florianópolis, SC, Lagoa da Conceição",3,1284,3258.62,25,3319.53,2025-11,0.7407,0.584,20,30,189.7,166.5,4,2025-11-11,0.98,569.0999999999999,60.91000000000031,berlinda,4,1.0,3924.62,3751.9262,3.0551056926733757,6.54911838790932,Baixa,🟢 Abaixo viável,
CAV0411,Recife-Boa_Viagem-Bairro-apartamento-JR-1Q,Carteira 2,PE,"Recife, PE","Recife, PE, Boa Viagem",0,227,2469.64,35,2510.99,2025-11,0.8,0.5828,24,30,121.37,116.0,6,2025-11-11,0.98,0.0,41.34999999999991,berlinda,6,1.0,3165.64,3026.44,1.9102425736462467,2.2670025188916876,Baixa,🟢 Abaixo viável,
JBV165,Especial-JBV-hotel-JR-1Q,Especial,SC,"Florianópolis, SC","Florianópolis, SC, Jurerê",0,464,8341.52,25,9026.89,2025-11,0.6667,0.58,20,30,510.71,661.67,3,2025-11-11,0.92,0.0,685.369999999999,berlinda,3,2.0,10326.53,9664.926167,25.118771132693507,91.68765743073047,Crítico,🟢 Abaixo viável,
SQS0108,Brasilia-Asa_Sul-apartamento-SUP-2Q,Carteira 1_sys-price,DF,"Brasília, DF","Brasília, DF, Asa Sul",0,38,4732.93,16,5647.14,2025-11,0.7,0.7211,21,30,292.0,372.2,5,2025-11-11,0.84,0.0,914.21,berlinda,5,3.0,6593.93,6035.63,20.08503195127681,86.14609571788414,Crítico,🟢 Abaixo viável,
QSA1405,Sao_Paulo-Moema-apartamento-TOP-1Q,Carteira 4,SP,"São Paulo, SP","São Paulo, SP, Vila Olímpia",0,436,4545.25,105,4638.45,2025-11,0.7667,0.6021,23,30,252.35,206.25,4,2025-11-11,0.98,0.0,93.19999999999982,berlinda,4,1.0,5370.25,5177.7775,4.144164537722723,11.083123425692696,Baixa,🟢 Abaixo viável,
FFS1401,Itapema-Meia_Praia-Sul-apartamento-SUP-1Q,Carteira 6,SC,"Itapema, SC","Itapema, SC, Meia Praia",0,10,2836.41,15,2851.62,2025-11,0.7333,0.4879,22,30,164.36,145.17,6,2025-11-11,0.99,0.0,15.210000000000036,berlinda,6,1.0,3707.43,3475.1289659999998,0.7743092347507751,0.2518891687657431,Baixa,🟢 Abaixo viável,
ILH106,Florianopolis-Canasvieiras_Perto-apartamento-TOP-3Q,Carteira 1,SC,"Florianópolis, SC","Florianópolis, SC, Canasvieiras",11,799,7375.59,12,7777.73,2025-11,1.0,0.5385,19,30,556.53,,0,2025-11-11,0.95,6121.83,402.1399999999994,berlinda,0,0.0,,,,,Baixa,🔴 Abaixo inviável,
SOA0908,Salvador-Boca_do_Rio-apartamento-TOP-1Q,Carteira 2,BA,"Salvador, BA","Salvador, BA, Boca do Rio",0,172,2631.61,16,3097.97,2025-11,0.6333,0.5778,19,30,178.58,216.45,11,2025-11-11,0.85,0.0,466.3599999999997,berlinda,11,3.0,5012.5599999999995,4139.4656350000005,10.861265280167325,57.68261964735516,Alta,🟢 Abaixo viável,
BER0202,Maceio-Jatiuca-apartamento-SUP-1Q,Carteira 2,AL,"Maceió, AL","Maceió, AL, Ponta Verde",0,38,2497.61,95,3052.92,2025-11,0.5667,0.6196,17,30,174.71,182.63,8,2025-11-11,0.82,0.0,555.31,berlinda,8,4.0,3958.65,3325.581368,8.304857750940082,40.55415617128463,Média,🟢 Abaixo viável,
CPN0303,Florianopolis-Centrao-apartamento-TOP-2Q,Carteira 4,SC,"Florianópolis, SC","Florianópolis, SC, Centro",0,176,4900.67,23,5812.25,2025-11,0.5,0.4569,15,30,429.53,277.77,13,2025-11-11,0.84,0.0,911.5799999999999,berlinda,13,4.0,8511.68,6706.175,10.891202916254464,58.43828715365239,Alta,🟢 Abaixo viável,
OMC1303,Itapema-Praia_Centro-apartamento-SUP-2Q,Carteira 6,SC,"Itapema, SC","Itapema, SC, Tabuleiro dos Oliveiras",0,171,2594.23,17,2868.65,2025-11,0.6333,0.4165,19,30,182.89,182.78,9,2025-11-11,0.9,0.0,274.4200000000001,berlinda,9,2.0,4239.25,3636.021166,8.7425248113224,43.57682619647355,Média,🟢 Abaixo viável,
VAC0201,Barra_Velha-Tabuleiro-apartamento-SUP-2Q,Carteira 3,SC,"Barra Velha, SC","Barra Velha, SC, Itajuba",5,436,2040.62,12,2090.05,2025-11,0.6,0.2928,15,30,178.6,157.0,8,2025-11-11,0.98,893.0,49.43000000000029,berlinda,8,1.0,3296.62,2794.22,3.7130738499079183,8.564231738035264,Baixa,🟢 Abaixo viável,
VST028,Especial-VST-casa-TOP-1Q,Carteira 5,SC,"Anitápolis, SC","Anitápolis, SC, Rio dos Pinheiros",1,176,1945.54,41,2231.25,2025-11,0.3793,0.1613,11,30,208.67,182.0,11,2025-11-11,0.87,208.67,285.71000000000004,berlinda,11,2.0,3947.54,2704.8986,11.652486274509805,61.20906801007556,Alta,🟢 Abaixo viável,
GBA908,Sao_Paulo-Campo_Belo-apartamento-SUP-1Q,Carteira 4_sys-price,SP,"São Paulo, SP","São Paulo, SP, Campo Belo",0,172,2977.81,63,3187.39,2025-11,0.5667,0.6043,17,30,196.35,154.5,10,2025-11-11,0.93,0.0,209.57999999999993,berlinda,10,2.0,4522.8099999999995,3853.3615,5.079408230558542,17.38035264483627,Baixa,🟢 Abaixo viável,
ILC3404,Especial-ILC-hotel-JR-1Q,Especial,SC,"Florianópolis, SC","Florianópolis, SC, Jurerê Internacional",0,1688,8646.34,16,9179.91,2025-11,0.5333,0.5499,16,30,672.94,546.75,8,2025-11-11,0.94,0.0,533.5699999999997,berlinda,8,1.0,13020.34,10978.994200000001,31.77911303051989,96.22166246851386,Crítico,🟢 Abaixo viável,
MSST1401,Goiania-Leste-apartamento-TOP-1Q,Carteira 1_sys-price,GO,"Goiânia, GO","Goiânia, GO, Jardim Goiás",0,767,2036.65,19,2047.72,2025-11,0.3333,0.4339,10,30,208.91,189.33,15,2025-11-11,0.99,0.0,11.069999999999936,berlinda,15,1.0,4876.6,2983.205335,1.0235203543453149,0.7556675062972292,Baixa,🟢 Abaixo viável,
BMC1008,Florianopolis-Beira_Mar-apartamento-TOP-1Q,Carteira 4,SC,"Florianópolis, SC","Florianópolis, SC, Centro",0,66,4895.25,18,5303.36,2025-11,0.7667,0.5814,23,30,277.78,214.6,5,2025-11-11,0.92,0.0,408.1099999999997,berlinda,5,2.0,5968.25,5717.9191,8.257067783442944,40.302267002518896,Média,🟢 Abaixo viável,
NGO0002,Pocos_de_Caldas-Geral-apartamento-SUP-1Q,Carteira 4,MG,"Poços de Caldas, MG","Poços de Caldas, MG, São Benedito",10,150,1298.76,31,1401.48,2025-11,0.5,0.2888,10,30,145.9,120.0,6,2025-11-11,0.93,1459.0,102.72000000000003,berlinda,6,1.0,2018.76,1658.76,8.795273567942463,44.08060453400503,Média,🟢 Abaixo viável,
OAG0505,Sao_Paulo-Pinheiros-apartamento-SUP-1Q,Carteira 4,SP,"São Paulo, SP","São Paulo, SP, Cerqueira César",8,177,3691.28,421,4048.72,2025-11,0.7273,0.5848,16,30,254.94,179.25,4,2025-11-11,0.91,2039.52,357.4399999999996,berlinda,4,2.0,4408.280000000001,4212.7541,7.91251556047343,37.78337531486146,Média,🟢 Abaixo viável,
SOA0111,Salvador-Boca_do_Rio-apartamento-SUP-2Q,Carteira 2,BA,"Salvador, BA","Salvador, BA, Boca do Rio",0,445,2751.94,16,3097.97,2025-11,0.5,0.5778,15,30,239.07,239.92,12,2025-11-11,0.89,0.0,346.02999999999975,berlinda,12,2.0,5630.98,4191.46,13.399018970487113,70.7808564231738,Alta,🟢 Abaixo viável,
VJG0102,Ilheus-Sul-apartamento-SUP-2Q,Carteira 2,BA,"Ilhéus, BA","Ilhéus, BA, São Francisco",0,714,1873.95,36,1909.53,2025-11,0.5,0.2911,15,30,152.2,148.0,4,2025-11-11,0.98,0.0,35.57999999999993,berlinda,4,1.0,2465.95,2169.95,2.7576628803946455,5.793450881612091,Baixa,🟢 Abaixo viável,
NOR0203,Brasilia-Asa_Norte-apartamento-SUP-1Q,Carteira 1_sys-price,DF,"Brasília, DF","Brasília, DF, Asa Norte",0,767,2804.37,109,3139.47,2025-11,0.7333,0.6322,22,30,210.94,165.36,11,2025-11-11,0.89,0.0,335.0999999999999,berlinda,11,3.0,4623.33,4138.213368,5.883385412187406,23.67758186397985,Média,🟢 Abaixo viável,
NWT1320,Especial-NWT-apartamento-TOP-1Q,Carteira 5,AL,"Maceió, AL","Maceió, AL, Pajuçara",0,72,3957.14,40,4657.0,2025-11,0.5,0.5442,15,30,342.6,302.09,11,2025-11-11,0.85,0.0,699.8600000000001,berlinda,11,3.0,7280.129999999999,5618.635,15.13282566745401,75.56675062972292,Alta,🟢 Abaixo viável,
PTS0101,Florianopolis-Ingleses_Norte-apartamento-SUP-2Q,Carteira 1,SC,"Florianópolis, SC","Florianópolis, SC, Ingleses do Rio Vermelho",0,192,2644.38,58,3045.34,2025-11,0.4,0.3095,12,30,264.0,200.75,12,2025-11-11,0.87,0.0,400.96000000000004,berlinda,12,2.0,5053.38,3607.9800000000005,13.215719755429609,69.52141057934509,Alta,🟢 Abaixo viável,
CZZ0403,Urubici-Geral-apartamento-SUP-1Q,Especial,SC,"Urubici, SC","Urubici, SC, Centro",0,221,1285.23,49,1401.48,2025-11,0.2333,0.1601,7,30,223.71,221.63,16,2025-11-11,0.92,0.0,116.25,berlinda,16,1.0,4831.3099999999995,2112.530464,18.38377108485315,84.1309823677582,Crítico,🟢 Abaixo viável,
ELF0402,Bombinhas-Bombas-apartamento-SUP-1Q,Especial,SC,"Bombinhas, SC","Bombinhas, SC, José Amândio",2,187,2445.72,49,2579.11,2025-11,0.4286,0.44,12,30,242.25,324.91,11,2025-11-11,0.95,484.5,133.39000000000033,berlinda,11,1.0,6019.73,3977.540686,16.80414751600362,81.86397984886649,Crítico,🟢 Abaixo viável,
JBV334,Especial-JBV-hotel-JR-1Q,Especial,SC,"Florianópolis, SC","Florianópolis, SC, Jurerê",0,1685,8625.19,25,9026.89,2025-11,0.6,0.58,18,30,596.5,491.86,7,2025-11-11,0.96,0.0,401.6999999999989,berlinda,7,1.0,12068.210000000001,10691.002,21.88795498781967,88.16120906801007,Crítico,🟢 Abaixo viável,
MHFB1204,Itapema-Canto_Praia-apartamento-SUP-1Q,Carteira 5,SC,"Itapema, SC","Itapema, SC, Centro",0,479,2750.31,9,3362.19,2025-11,0.5333,0.347,16,30,203.31,189.73,11,2025-11-11,0.82,0.0,611.8800000000001,berlinda,11,4.0,4837.34,3863.323099,8.63217072800764,42.82115869017632,Média,🟢 Abaixo viável,
PSO0401,Penha-Beto_Carrero-apartamento-TOP-1Q,Carteira 3,SC,"Penha, SC","Penha, SC, Praia de Armação do Itapocoroi",0,141,3694.48,16,4132.99,2025-11,0.6333,0.6017,19,30,231.11,208.0,8,2025-11-11,0.89,0.0,438.50999999999976,berlinda,8,3.0,5358.48,4748.2912,7.356262657301366,33.249370277078086,Média,🟢 Abaixo viável,
SHL0105,Brasilia-Lago_Norte-apartamento-TOP-1Q,Carteira 1_sys-price,DF,"Brasília, DF","Brasília, DF, Setor de Habitações Individuais Norte",0,365,3034.06,29,3683.26,2025-11,0.5667,0.6301,17,30,211.18,224.85,13,2025-11-11,0.82,0.0,649.2000000000003,berlinda,13,3.0,5957.11,4690.552435,13.210454868784723,69.26952141057934,Alta,🟢 Abaixo viável,
VAM0504,Goiania-Sul-2-apartamento-JR-2Q,Carteira 1_sys-price,GO,"Goiânia, GO","Goiânia, GO, Setor Faiçalville",6,460,1411.8,286,1600.53,2025-11,0.375,0.3545,9,30,177.11,165.2,10,2025-11-11,0.88,1062.66,188.73000000000002,berlinda,10,2.0,3063.8,2031.3,9.739959888287009,51.385390428211586,Alta,🟢 Abaixo viável,
CCS0205,Florianopolis-Campeche_Praia-apartamento-TOP-1Q,Carteira 1,SC,"Florianópolis, SC","Florianópolis, SC, Campeche",1,617,3989.36,13,4243.37,2025-11,0.7241,0.5733,21,30,214.43,195.86,7,2025-11-11,0.94,214.43,254.00999999999976,berlinda,7,2.0,5360.38,4982.115582,5.862132998065211,23.425692695214106,Média,🟢 Abaixo viável,
DLH0105,Gramado-Centro-apartamento-TOP-2Q,Carteira 4,RS,"Gramado, RS","Gramado, RS, Centro",2,451,10461.04,55,10638.6,2025-11,0.75,0.6864,21,30,629.62,494.67,3,2025-11-11,0.98,1259.24,177.5599999999995,berlinda,3,1.0,11945.050000000001,11574.0475,8.256124414866594,40.050377833753146,Média,🟢 Abaixo viável,
HAI406,Salvador-Centro-apartamento-JR-1Q,Carteira 2,BA,"Salvador, BA","Salvador, BA, Centro",0,460,1690.29,28,2017.3,2025-11,0.4333,0.5326,13,30,156.62,124.64,14,2025-11-11,0.84,0.0,327.01,berlinda,14,3.0,3435.25,2446.381168,6.73483144136552,28.71536523929471,Média,🟢 Abaixo viável,
MDC0214,Gramado-Geral-apartamento-SUP-1Q,Carteira 4,RS,"Gramado, RS","Gramado, RS, Floresta",0,240,4882.61,81,5210.5,2025-11,0.7333,0.6382,22,30,285.36,269.14,7,2025-11-11,0.94,0.0,327.8900000000003,berlinda,7,2.0,6766.59,6264.132533999999,8.468315382400931,41.30982367758186,Média,🟢 Abaixo viável,
TXP1905,Goiania-Central-apartamento-SUP-1Q,Carteira 1_sys-price,GO,"Goiânia, GO","Goiânia, GO, Setor Bueno",2,753,1272.54,149,1516.4,2025-11,0.3571,0.3335,10,30,159.5,161.07,15,2025-11-11,0.84,319.0,243.86000000000013,berlinda,15,2.0,3688.5899999999997,2135.311455,12.951243141651284,67.75818639798489,Alta,🟢 Abaixo viável,
VST024,Especial-VST-casa-TOP-1Q,Carteira 5,SC,"Anitápolis, SC","Anitápolis, SC, Rio dos Pinheiros",3,123,1893.44,41,2231.25,2025-11,0.3333,0.1613,9,30,271.44,189.0,14,2025-11-11,0.85,814.3199999999999,337.80999999999995,berlinda,14,2.0,4539.4400000000005,2775.3518,14.30724705882353,73.55163727959699,Alta,🟢 Abaixo viável,
ERE0302,Maceio-Cruz_das_Almas-apartamento-JR-1Q,Carteira 2,AL,"Maceió, AL","Maceió, AL, Cruz das Almas",0,65,2099.29,19,2464.27,2025-11,0.6333,0.6022,19,30,135.26,124.57,7,2025-11-11,0.85,0.0,364.98,berlinda,7,3.0,2971.2799999999997,2651.521267,6.149969849083094,24.937027707808564,Média,🟢 Abaixo viável,
ILC1206,Especial-ILC-hotel-JR-1Q,Especial,SC,"Florianópolis, SC","Florianópolis, SC, Jurerê Internacional",0,1971,7370.02,16,9179.91,2025-11,0.4,0.5499,12,30,623.43,566.78,9,2025-11-11,0.8,0.0,1809.8899999999994,berlinda,9,4.0,12471.04,9410.428,27.93626119972853,93.95465994962217,Crítico,🟢 Abaixo viável,
RLV0206,Florianopolis-Novo_Campeche-apartamento-SUP-3Q,Carteira 1,SC,"Florianópolis, SC","Florianópolis, SC, Campeche",4,317,6421.06,59,6978.07,2025-11,0.6538,0.5421,17,30,515.71,414.0,5,2025-11-11,0.92,2062.84,557.0099999999993,berlinda,5,2.0,8491.060000000001,7774.426,16.523346713346232,81.10831234256926,Crítico,🟢 Abaixo viável,
TXP1912,Goiania-Central-apartamento-TOP-2Q,Carteira 1_sys-price,GO,"Goiânia, GO","Goiânia, GO, Setor Bueno",0,757,1964.57,15,2289.08,2025-11,0.3333,0.2738,10,30,269.0,287.6,15,2025-11-11,0.86,0.0,324.51,berlinda,15,2.0,6278.57,3402.4262,20.385717406119486,86.64987405541562,Crítico,🟢 Abaixo viável,
VAC0708,Barra_Velha-Tabuleiro-apartamento-SUP-2Q,Carteira 3,SC,"Barra Velha, SC","Barra Velha, SC, Itajubá",0,191,1886.84,12,2090.05,2025-11,0.4667,0.2928,14,30,160.86,176.83,12,2025-11-11,0.9,0.0,203.21000000000026,berlinda,12,2.0,4008.8,2877.158732,8.59635518289037,42.31738035264483,Média,🟢 Abaixo viável,
MHFA0507,Itapema-Canto_Praia-apartamento-SUP-1Q,Carteira 5,SC,"Itapema, SC","Itapema, SC, Centro",0,457,2759.41,9,3362.19,2025-11,0.6333,0.347,19,30,176.74,179.36,11,2025-11-11,0.82,0.0,602.7800000000002,berlinda,11,4.0,4732.37,4008.8855679999997,8.039002911792613,38.287153652392945,Média,🟢 Abaixo viável,
NWT1022,Especial-NWT-apartamento-TOP-1Q,Carteira 5,AL,"Maceió, AL","Maceió, AL, Pajuçara",1,199,4253.83,40,4657.0,2025-11,0.5862,0.5442,17,30,305.06,294.58,12,2025-11-11,0.91,305.06,403.1700000000001,berlinda,12,2.0,7788.79,6326.023552000001,12.751322589649991,65.99496221662469,Alta,🟢 Abaixo viável,
NWT0716,Especial-NWT-apartamento-TOP-1Q,Carteira 5,AL,"Maceió, AL","Maceió, AL, Pajuçara",0,38,4603.87,40,4657.0,2025-11,0.5333,0.5442,16,30,302.19,303.55,11,2025-11-11,0.99,0.0,53.13000000000011,berlinda,11,1.0,7942.92,6384.585365,3.4630902941808106,7.8085642317380355,Baixa,🟢 Abaixo viável,
OSH,Florianopolis-Jurere_Internacional-apartamento-TOP-2Q,Carteira 1,SC,"Florianópolis, SC","Florianópolis, SC, Jurerê Internacional",0,283,8313.6,23,8652.19,2025-11,0.7,0.5247,21,30,499.67,421.0,6,2025-11-11,0.96,0.0,338.59000000000015,berlinda,6,1.0,10839.6,10081.8,16.47518027227789,80.35264483627203,Crítico,🟢 Abaixo viável,
ALT0402,Gramado-Geral-apartamento-TOP-3Q,Carteira 4,RS,"Gramado, RS","Gramado, RS, Tres Pinheiros",6,142,7657.54,18,7747.54,2025-11,0.9167,0.533,22,30,482.18,391.0,2,2025-11-11,0.99,2893.08,90.0,berlinda,2,1.0,8439.54,8374.3994,4.542086907586155,13.350125944584383,Baixa,🟢 Abaixo viável,
EVR1703,Porto_Belo-Geral-apartamento-TOP-2Q,Carteira 6,SC,"Porto Belo, SC","Porto Belo, SC, Balneário Perequê",0,50,3395.48,13,3503.7,2025-11,0.7333,0.316,22,30,197.95,171.33,6,2025-11-11,0.97,0.0,108.2199999999998,berlinda,6,1.0,4423.46,4149.297734,5.291929274766665,18.89168765743073,Baixa,🟢 Abaixo viável,
JBV124,Especial-JBV-hotel-JR-1Q,Especial,SC,"Florianópolis, SC","Florianópolis, SC, Jurerê",0,1928,7896.32,25,9026.89,2025-11,0.6,0.58,18,30,576.88,692.11,9,2025-11-11,0.87,0.0,1130.5699999999997,berlinda,9,2.0,14125.31,11633.714,43.341549675469615,97.73299748110831,Crítico,🟢 Abaixo viável,
ONE0804,Salvador-Piata-apartamento-SUP-1Q,Carteira 5,BA,"Salvador, BA","Salvador, BA, Piatã",1,3,1239.88,22,1510.83,2025-11,0.3793,0.4147,11,30,144.18,178.33,12,2025-11-11,0.82,144.18,270.9499999999998,berlinda,12,2.0,3379.84,2051.566828,15.99071818139697,79.09319899244332,Alta,🟢 Abaixo viável,
TCO0611,Porto_Alegre-Centro_Historico-apartamento-SUP-1Q,Carteira 4,RS,"Porto Alegre, RS","Porto Alegre, RS, Centro Histórico",0,491,1669.34,72,1793.66,2025-11,0.4,0.4337,12,30,124.44,120.0,10,2025-11-11,0.93,0.0,124.32000000000016,berlinda,10,2.0,2869.34,2149.34,4.158647681277395,11.335012594458437,Baixa,🟢 Abaixo viável,
UPP0214,Curitiba-Centro-apartamento-JR-1Q,Carteira 4,PR,"Curitiba, PR","Curitiba, PR, Alto da XV",0,8,1545.32,282,1884.7,2025-11,0.4,0.5093,12,30,138.75,136.93,15,2025-11-11,0.82,0.0,339.3800000000001,berlinda,15,3.0,3599.2700000000004,2366.9,8.219045188447327,39.79848866498741,Média,🟢 Abaixo viável,
PSOB1102,Penha-Beto_Carrero-apartamento-TOP-1Q,Carteira 3,SC,"Penha, SC","Penha, SC, Praia de Armação do Itapocoroi",0,129,3313.24,16,4132.99,2025-11,0.6333,0.6017,19,30,203.16,195.0,9,2025-11-11,0.8,0.0,819.75,berlinda,9,5.0,5068.24,4424.6815,7.7353804388590355,36.523929471032744,Média,🟢 Abaixo viável,
RIT0201,Florianopolis-Praia_Brava-apartamento-TOP-3Q,Carteira 1,SC,"Florianópolis, SC","Florianópolis, SC, Praia Brava",6,257,7363.29,16,7544.31,2025-11,0.5417,0.4935,13,30,721.69,503.0,5,2025-11-11,0.98,4330.14,181.02000000000044,berlinda,5,1.0,9878.29,8725.6655,12.06910373513287,63.476070528967256,Alta,🟢 Abaixo viável,
RTG101,Florianopolis-Ingleses_Norte-apartamento-TOP-2Q,Carteira 1,SC,"Florianópolis, SC","Florianópolis, SC, Ingleses do Rio Vermelho",0,1173,2930.14,19,3448.22,2025-11,0.3667,0.4098,11,30,310.54,273.5,12,2025-11-11,0.85,0.0,518.0799999999999,berlinda,12,2.0,6212.139999999999,4133.6494,20.546090446665232,86.90176322418137,Crítico,🟢 Abaixo viável,
BSO0205,Itajai-Praia_Brava-apartamento-SUP-1Q,Carteira 6,SC,"Balneário Camboriú, SC","Balneário Camboriú, SC, Praia dos Amores",0,198,2739.57,10,2766.14,2025-11,0.6333,0.5032,19,30,173.11,139.55,11,2025-11-11,0.99,0.0,26.56999999999971,berlinda,11,1.0,4274.620000000001,3711.717165,1.3404395656040407,1.2594458438287155,Baixa,🟢 Abaixo viável,
HMO0409,Sao_Paulo-Butanta-apartamento-SUP-1Q,Carteira 4,SP,"São Paulo, SP","São Paulo, SP, Butantã",1,435,2550.67,30,3029.24,2025-11,0.3793,0.5663,11,30,236.31,197.08,12,2025-11-11,0.84,236.31,478.5699999999997,berlinda,12,3.0,4915.63,3447.699328,10.378464081199677,55.41561712846348,Alta,🟢 Abaixo viável,
MHF0501,Itapema-Canto_Praia-apartamento-TOP-1Q,Carteira 5,SC,"Itapema, SC","Itapema, SC, Centro",0,457,2438.54,17,2947.0,2025-11,0.5,0.4478,15,30,197.33,236.07,15,2025-11-11,0.83,0.0,508.46000000000004,berlinda,15,3.0,5979.59,4209.065,13.576761927383782,71.53652392947103,Alta,🟢 Abaixo viável,
NWT0916,Especial-NWT-apartamento-TOP-1Q,Carteira 5,AL,"Maceió, AL","Maceió, AL, Pajuçara",0,221,4040.84,40,4657.0,2025-11,0.5333,0.5442,16,30,302.44,281.82,11,2025-11-11,0.87,0.0,616.1599999999999,berlinda,11,3.0,7140.860000000001,5694.080666,12.42904668241357,64.98740554156171,Alta,🟢 Abaixo viável,
PSOB1007,Penha-Beto_Carrero-apartamento-SUP-1Q,Carteira 3,SC,"Penha, SC","Penha, SC, Praia de Armação do Itapocoroi",0,129,1585.49,16,1970.83,2025-11,0.2667,0.3803,8,30,218.63,198.4,15,2025-11-11,0.8,0.0,385.3399999999999,berlinda,15,2.0,4561.49,2379.1892,19.39575102875438,85.13853904282117,Crítico,🟢 Abaixo viável,
SPJ0405,Especial-SPJ-apartamento-TOP-1Q,Carteira 5,SC,"Florianópolis, SC","Florianópolis, SC, Jurerê",2,335,5539.07,15,6230.75,2025-11,0.8214,0.6136,23,30,312.0,287.8,5,2025-11-11,0.89,624.0,691.6800000000003,berlinda,5,3.0,6978.07,6721.0646,10.649627733418935,56.67506297229219,Alta,🟢 Abaixo viável,
CTS0203,Florianopolis-Itacorubi-apartamento-SUP-2Q,Carteira 4,SC,"Florianópolis, SC","Florianópolis, SC, Itacorubi",2,107,2070.78,17,2102.22,2025-11,0.3214,0.4887,9,30,300.22,221.85,13,2025-11-11,0.99,600.44,31.4399999999996,berlinda,13,1.0,4954.83,2997.71367,3.3179039301309623,7.052896725440807,Baixa,🟢 Abaixo viável,
SLI0715,Maceio-Ponta_Verde-apartamento-TOP-2Q,Carteira 2,AL,"Maceió, AL","Maceió, AL, Ponta Verde",0,264,5747.36,40,6287.19,2025-11,0.7333,0.7283,22,30,316.0,281.5,6,2025-11-11,0.91,0.0,539.8299999999999,berlinda,6,2.0,7436.36,6985.9037,12.085060655078022,63.72795969773299,Alta,🟢 Abaixo viável,
EUB0902,Salvador-Barra-apartamento-SUP-1Q,Carteira 2,BA,"Salvador, BA","Salvador, BA, Barra",0,326,2692.22,203,3119.92,2025-11,0.5667,0.546,17,30,197.35,232.1,10,2025-11-11,0.86,0.0,427.7000000000003,berlinda,10,2.0,5013.219999999999,4007.5307,15.908928754583458,78.58942065491183,Alta,🟢 Abaixo viável,
JBV108,Especial-JBV-hotel-TOP-1Q,Especial,SC,"Florianópolis, SC","Florianópolis, SC, Jurerê",0,1704,8932.83,34,10718.98,2025-11,0.6,0.6611,18,30,639.28,489.33,6,2025-11-11,0.83,0.0,1786.1499999999996,berlinda,6,4.0,11868.81,10694.418,20.384793597431837,86.39798488664987,Crítico,🟠 Abaixo precisa esforço,
NWT0915,Especial-NWT-apartamento-TOP-1Q,Carteira 5,AL,"Maceió, AL","Maceió, AL, Pajuçara",2,221,3854.51,40,4657.0,2025-11,0.5357,0.5442,15,30,296.87,270.42,12,2025-11-11,0.83,593.74,802.4899999999998,berlinda,12,3.0,7099.55,5592.877928,15.53284273137212,77.07808564231739,Alta,🟢 Abaixo viável,
SCO0016,Florianopolis-Campeche-apartamento-JR-2Q,Carteira 1,SC,"Florianópolis, SC","Florianópolis, SC, Campeche",0,207,2480.44,30,2658.59,2025-11,0.5333,0.5028,16,30,207.87,172.0,12,2025-11-11,0.93,0.0,178.1500000000001,berlinda,12,2.0,4544.4400000000005,3581.1711999999998,5.762791554921973,22.418136020151135,Média,🟢 Abaixo viável,
RSM0023,Porto_Seguro-Pataxos-casa-JR-3Q,Carteira 2,BA,"Porto Seguro, BA","Porto Seguro, BA, Praia de Taperapuan",11,121,2758.31,24,2991.77,2025-11,0.6842,0.4183,13,30,324.77,206.25,4,2025-11-11,0.92,3572.47,233.46000000000004,berlinda,4,2.0,3583.31,3322.775,8.04726382709901,38.539042821158695,Média,🟢 Abaixo viável,
BRI0102,Florianopolis-Jurere_Longe-apartamento-SUP-2Q,Carteira 1,SC,"Florianópolis, SC","Florianópolis, SC, Jurerê",0,101,4779.94,23,5861.6,2025-11,0.5333,0.5195,16,30,390.06,309.1,10,2025-11-11,0.82,0.0,1081.6600000000008,berlinda,10,4.0,7870.94,6428.3703,14.259805599153824,73.04785894206549,Alta,🟢 Abaixo viável,
NOA0705,Sao_Paulo-Santo_Amaro-apartamento-SUP-1Q,Carteira 4,SP,"São Paulo, SP","São Paulo, SP, Santo Amaro",0,466,2628.61,158,3146.03,2025-11,0.4667,0.5012,14,30,231.07,137.58,12,2025-11-11,0.84,0.0,517.4200000000001,berlinda,12,4.0,4279.57,3399.113032,5.656863062335705,21.158690176322416,Média,🟢 Abaixo viável,
PDP0301,Porto_Belo-Geral-apartamento-SUP-2Q,Carteira 6,SC,"Porto Belo, SC","Porto Belo, SC, Perequê",0,144,2898.1,21,3177.66,2025-11,0.6,0.2879,18,30,194.39,144.3,10,2025-11-11,0.91,0.0,279.55999999999995,berlinda,10,2.0,4341.1,3763.9,6.34751798493231,26.19647355163728,Média,🟢 Abaixo viável,
RCX1105,Itajai-Praia_Brava-apartamento-MASTER-1Q,Carteira 6,SC,"Itajaí, SC","Itajaí, SC, Praia Brava",0,100,2026.14,19,2189.81,2025-11,0.4,0.356,12,30,199.17,200.9,10,2025-11-11,0.93,0.0,163.66999999999985,berlinda,10,1.0,4035.1400000000003,2829.7400000000002,15.015596330275217,75.31486146095719,Alta,🟢 Abaixo viável,
TCO0312,Porto_Alegre-Centro_Historico-apartamento-SUP-1Q,Carteira 4,RS,"Porto Alegre, RS","Porto Alegre, RS, Centro Histórico",0,366,1774.9,72,1793.66,2025-11,0.6,0.4337,18,30,126.56,125.0,9,2025-11-11,0.99,0.0,18.75999999999999,berlinda,9,1.0,2899.9,2449.9,1.30738267007125,1.0075566750629723,Baixa,🟢 Abaixo viável,
BLSA1956,Goiania-Central-apartamento-SUP-1Q,Carteira 1_sys-price,GO,"Goiânia, GO","Goiânia, GO, Setor Marista",0,15,1493.89,149,1516.4,2025-11,0.4,0.3335,12,30,151.75,142.81,16,2025-11-11,0.99,0.0,22.50999999999999,berlinda,16,1.0,3778.8500000000004,2407.8740000000003,2.119924228435768,4.282115869017632,Baixa,🟢 Abaixo viável,
ERG605,Balneario_Camboriu-Norte-apartamento-SUP-2Q,Carteira 6,SC,"Balneário Camboriú, SC","Balneário Camboriú, SC, Centro",0,1159,3913.65,33,4024.39,2025-11,0.6,0.4731,18,30,252.33,176.64,11,2025-11-11,0.97,0.0,110.73999999999978,berlinda,11,1.0,5856.6900000000005,5079.474,4.860640643675183,14.105793450881613,Baixa,🟢 Abaixo viável,
SSG0225,Florianopolis-UFSC-apartamento-TOP-1Q,Carteira 4,SC,"Florianópolis, SC","Florianópolis, SC, Córrego Grande",3,921,2360.17,16,2679.84,2025-11,0.4074,0.5048,11,30,265.82,174.5,4,2025-11-11,0.88,797.46,319.6700000000001,berlinda,4,2.0,3058.17,2644.5352000000003,10.40778833810974,55.66750629722922,Alta,🟠 Abaixo precisa esforço,
NLUG0001,São_Miguel_dos_Milagres-Geral-casa-TOP-3Q,Carteira 2,AL,"Passo de Camaragibe, AL","Passo de Camaragibe, AL, Praia do Marceneiro",3,274,6756.99,22,7626.63,2025-11,0.4074,0.4866,11,30,692.27,3200.0,14,2025-11-11,0.89,2076.81,869.6400000000003,berlinda,14,1.0,51556.99,25008.510000000002,364.88567034194665,100.0,Crítico,🟢 Abaixo viável,
NWT0913,Especial-NWT-apartamento-TOP-1Q,Carteira 5,AL,"Maceió, AL","Maceió, AL, Pajuçara",1,214,4208.7,40,4657.0,2025-11,0.5862,0.5442,17,30,325.65,307.57,7,2025-11-11,0.9,325.65,448.3000000000002,berlinda,7,2.0,6361.69,5470.782738,14.803911423663306,74.81108312342569,Alta,🟢 Abaixo viável,
NWT0917,Especial-NWT-apartamento-TOP-1Q,Carteira 5,AL,"Maceió, AL","Maceió, AL, Pajuçara",0,221,4240.98,40,4657.0,2025-11,0.6,0.5442,18,30,277.17,275.27,11,2025-11-11,0.91,0.0,416.02000000000044,berlinda,11,2.0,7268.949999999999,6057.761999999999,12.295235709684356,64.48362720403023,Alta,🟢 Abaixo viável,
PNM0202,Florianopolis-Jurere_Internacional-apartamento-SUP-1Q,Carteira 1,SC,"Florianópolis, SC","Florianópolis, SC, Jurerê Internacional",0,282,5047.54,14,5218.54,2025-11,0.6667,0.4964,20,30,318.1,320.11,9,2025-11-11,0.97,0.0,171.0,berlinda,9,1.0,7928.530000000001,6968.296033,10.489295856695554,55.91939546599496,Alta,🟢 Abaixo viável,
DLH0206,Gramado-Centro-apartamento-TOP-1Q,Carteira 4,RS,"Gramado, RS","Gramado, RS, Centro",3,521,6454.88,27,7724.8,2025-11,0.4815,0.6694,13,30,587.92,473.83,12,2025-11-11,0.84,1763.7599999999998,1269.92,berlinda,12,3.0,12140.84,9192.66974,25.965125034520852,92.69521410579345,Crítico,🟢 Abaixo viável,
ILC2505,Especial-ILC-hotel-TOP-1Q,Especial,SC,"Florianópolis, SC","Florianópolis, SC, Jurerê Internacional",7,1282,9743.28,30,11132.4,2025-11,0.6957,0.6976,16,30,722.94,648.0,5,2025-11-11,0.88,5060.58,1389.119999999999,berlinda,5,3.0,12983.28,11997.348,26.952851137221064,93.19899244332494,Crítico,🟢 Abaixo viável,
ILC3415,Especial-ILC-hotel-TOP-1Q,Especial,SC,"Florianópolis, SC","Florianópolis, SC, Jurerê Internacional",0,1971,9362.71,30,11132.4,2025-11,0.5,0.6976,15,30,754.4,563.33,9,2025-11-11,0.84,0.0,1769.6900000000005,berlinda,9,4.0,14432.68,11897.695,22.387793011839328,88.9168765743073,Crítico,🟢 Abaixo viável,
NWT0420,Especial-NWT-apartamento-TOP-1Q,Carteira 5,AL,"Maceió, AL","Maceió, AL, Pajuçara",2,366,4264.71,40,4657.0,2025-11,0.6071,0.5442,17,30,304.18,361.14,7,2025-11-11,0.92,608.36,392.28999999999996,berlinda,7,2.0,6792.6900000000005,5799.446658,15.210608825424092,75.81863979848866,Alta,🟢 Abaixo viável,
VGZ0007,Imbituba-Praia_do_Rosa-casa-SUP-1Q,Carteira 6,SC,"Imbituba, SC","Imbituba, SC, Ibiraquera",9,620,2111.5,57,2501.25,2025-11,0.5714,0.3146,12,30,174.93,129.4,5,2025-11-11,0.84,1574.3700000000001,389.75,berlinda,5,4.0,2758.5,2481.1958,5.040844577711145,16.624685138539043,Baixa,🟠 Abaixo precisa esforço,
HFO0208,Salvador-UFBA-apartamento-SUP-1Q,Carteira 2,BA,"Salvador, BA","Salvador, BA, Federação",0,60,2830.84,440,3136.93,2025-11,0.7667,0.5502,23,30,153.61,177.6,5,2025-11-11,0.9,0.0,306.0899999999997,berlinda,5,2.0,3718.84,3511.6696,8.664774795739776,43.07304785894207,Média,🟢 Abaixo viável,
JRR303,Florianopolis-Jurere_Tradicional-apartamento-TOP-2Q,Carteira 1,SC,"Florianópolis, SC","Florianópolis, SC, Jurerê",0,1431,7585.22,20,8875.07,2025-11,0.6333,0.5432,19,30,562.89,640.8,10,2025-11-11,0.85,0.0,1289.8499999999995,berlinda,10,3.0,13993.220000000001,11643.4064,31.043356277753293,95.71788413098237,Crítico,🟢 Abaixo viável,
LIV1004,Salvador-Graca-apartamento-TOP-1Q,Especial,BA,"Salvador, BA","Salvador, BA, Vitória",0,157,3189.55,15,3581.56,2025-11,0.4667,0.5526,14,30,247.07,240.46,13,2025-11-11,0.89,0.0,392.00999999999976,berlinda,13,2.0,6315.530000000001,4648.444866,13.159450714213913,68.51385390428212,Alta,🟢 Abaixo viável,
NWT1323,Especial-NWT-apartamento-TOP-1Q,Carteira 5,AL,"Maceió, AL","Maceió, AL, Pajuçara",0,284,4394.51,40,4657.0,2025-11,0.5667,0.5442,17,30,299.0,280.0,10,2025-11-11,0.94,0.0,262.4899999999998,berlinda,10,1.0,7194.51,5981.27,15.782091475198614,78.08564231738035,Alta,🟢 Abaixo viável,
PRN0003,Imbituba-Praia_do_Rosa-casa-JR-2Q,Carteira 6,SC,"Imbituba, SC","Imbituba, SC, Ibiraquera",0,176,1943.21,52,1963.25,2025-11,0.4667,0.2648,14,30,156.5,135.75,8,2025-11-11,0.99,0.0,20.039999999999964,berlinda,8,1.0,3029.21,2450.0462,1.3856768114096498,1.7632241813602016,Baixa,🟢 Abaixo viável,
CQS0004,Camaçari-Itacimirim-apartamento-SUP-2Q,Carteira 2,BA,"Camaçari, BA","Camaçari, BA, Itacimirim",0,222,2923.79,24,3206.86,2025-11,0.4333,0.2785,13,30,257.38,216.45,11,2025-11-11,0.91,0.0,283.07000000000016,berlinda,11,2.0,5304.74,3955.4556350000003,9.553036537298171,50.377833753148614,Alta,🟢 Abaixo viável,
FTM0401,Florianopolis-Ingleses_Norte-apartamento-JR-1Q,Carteira 1,SC,"Florianópolis, SC","Florianópolis, SC, Ingleses Norte",0,213,1988.36,49,2294.44,2025-11,0.3333,0.4456,10,30,249.4,200.83,12,2025-11-11,0.87,0.0,306.08000000000015,berlinda,12,2.0,4398.32,2791.599668,13.395435574693613,70.52896725440806,Alta,🟢 Abaixo viável,
ILC4112,Especial-ILC-hotel-JR-1Q,Especial,SC,"Florianópolis, SC","Florianópolis, SC, Jurerê Internacional",0,815,7873.74,16,9179.91,2025-11,0.4667,0.5499,14,30,784.14,617.56,9,2025-11-11,0.86,0.0,1306.17,berlinda,9,3.0,13431.779999999999,10467.677268,29.289987418177294,94.45843828715365,Crítico,🟢 Abaixo viável,
SOA0510,Salvador-Boca_do_Rio-apartamento-TOP-1Q,Carteira 2,BA,"Salvador, BA","Salvador, BA, Boca do Rio",0,274,2772.68,16,3097.97,2025-11,0.5333,0.5778,16,30,202.69,226.17,12,2025-11-11,0.89,0.0,325.28999999999996,berlinda,12,2.0,5486.719999999999,4220.077531999999,11.874039984247746,62.21662468513854,Alta,🟢 Abaixo viável,
SYH334,Joao_Pessoa-Cabo_Branco-apartamento-TOP-1Q,Carteira 2,PB,"João Pessoa, PB","João Pessoa, PB, Cabo Branco",0,303,4103.3,48,4399.39,2025-11,0.5667,0.6063,17,30,283.12,222.1,10,2025-11-11,0.93,0.0,296.09000000000015,berlinda,10,2.0,6324.3,5361.9407,7.47394400132746,34.25692695214106,Média,🟢 Abaixo viável,
VST005,Especial-VST-casa-TOP-1Q,Carteira 5,SC,"Anitápolis, SC","Anitápolis, SC, Rio dos Pinheiros",2,488,2112.59,41,2231.25,2025-11,0.3929,0.1613,11,30,241.73,169.18,11,2025-11-11,0.95,483.46,118.65999999999985,berlinda,11,1.0,3973.57,2843.7690420000004,8.997153523809514,46.34760705289673,Média,🟢 Abaixo viável,
CZZ0507,Urubici-Geral-apartamento-SUP-1Q,Especial,SC,"Urubici, SC","Urubici, SC, Centro",1,134,1258.58,49,1401.48,2025-11,0.3103,0.1601,9,30,186.0,230.14,14,2025-11-11,0.9,186.0,142.9000000000001,berlinda,14,1.0,4480.54,2258.3541880000002,23.465911750435268,89.92443324937027,Crítico,🟢 Abaixo viável,
HOA0906,Salvador-Ondina_Rio_Vermelho-apartamento-TOP-1Q,Carteira 2,BA,"Salvador, BA","Salvador, BA, Ondina",0,285,2955.01,34,3630.22,2025-11,0.5,0.5369,15,30,227.27,198.0,15,2025-11-11,0.81,0.0,675.2099999999996,berlinda,15,4.0,5925.01,4440.01,9.206851099933331,47.103274559193956,Média,🟢 Abaixo viável,
ILC4115,Especial-ILC-hotel-TOP-1Q,Especial,SC,"Florianópolis, SC","Florianópolis, SC, Jurerê Internacional",0,1657,9674.75,30,11132.4,2025-11,0.6667,0.6976,20,30,616.5,627.14,7,2025-11-11,0.87,0.0,1457.6499999999996,berlinda,7,3.0,14064.73,12601.549665999999,27.37207373672043,93.45088161209067,Crítico,🟢 Abaixo viável,
KPL0806,Florianopolis-Sao_Jose-apartamento-TOP-1Q,Carteira 4,SC,"São José, SC","São José, SC, Campinas",0,80,2693.77,23,2874.7,2025-11,0.3667,0.3654,11,30,293.36,262.37,16,2025-11-11,0.94,0.0,180.92999999999984,berlinda,16,1.0,6891.6900000000005,4233.147264,16.51323759000938,80.60453400503779,Crítico,🟢 Abaixo viável,
LRM0226,Itapema-Longe-casa-JR-2Q,Carteira 6,SC,"Itapema, SC","Itapema, SC, Morretes",0,81,2802.34,13,2924.62,2025-11,0.6333,0.3636,19,30,190.0,112.56,9,2025-11-11,0.96,0.0,122.27999999999975,berlinda,9,2.0,3815.38,3443.898232,2.353098317046312,4.785894206549118,Baixa,🟢 Abaixo viável,
RUC0003,Bombinhas-Mariscal-casa-JR-2Q,Carteira 6,SC,"Bombinhas, SC","Bombinhas, SC, Canto Grande",0,332,1741.95,18,1968.24,2025-11,0.4667,0.3944,14,30,141.5,123.45,11,2025-11-11,0.89,0.0,226.28999999999996,berlinda,11,2.0,3099.9,2375.705265,7.09656863492257,30.982367758186395,Média,🟢 Abaixo viável,
TPS212,Florianopolis-Canasvieiras_Meio-apartamento-TOP-1Q,Carteira 1,SC,"Florianópolis, SC","Florianópolis, SC, Canasvieiras",0,1030,3666.48,25,4223.9,2025-11,0.6333,0.563,19,30,245.89,248.43,7,2025-11-11,0.87,0.0,557.4199999999996,berlinda,7,3.0,5405.49,4767.795033,10.928277231942035,58.94206549118388,Alta,🟢 Abaixo viável,
CZZ0505,Urubici-Geral-apartamento-SUP-1Q,Especial,SC,"Urubici, SC","Urubici, SC, Centro",0,162,1361.03,49,1401.48,2025-11,0.2333,0.1601,7,30,221.0,252.39,18,2025-11-11,0.97,0.0,40.450000000000045,berlinda,18,1.0,5904.049999999999,2420.916566,7.2845673859063345,32.49370277078086,Média,🟢 Abaixo viável,
DRL0103,Bombinhas-Centro-apartamento-TOP-2Q,Carteira 6,SC,"Bombinhas, SC","Bombinhas, SC, Centro",0,487,5714.77,29,5933.71,2025-11,0.9,0.5024,27,30,261.59,218.33,3,2025-11-11,0.96,0.0,218.9399999999996,berlinda,3,2.0,6369.76,6304.261,4.02793279415407,10.579345088161208,Baixa,🟢 Abaixo viável,
VST009,Especial-VST-casa-TOP-1Q,Carteira 5,SC,"Anitápolis, SC","Anitápolis, SC, Rio dos Pinheiros",3,488,2079.0,41,2231.25,2025-11,0.4444,0.1613,12,30,223.25,194.18,11,2025-11-11,0.93,669.75,152.25,berlinda,11,1.0,4214.98,3028.229512,13.249929411764704,70.02518891687657,Alta,🟢 Abaixo viável,
GDP0107,Brasilia-Asa_Sul-apartamento-SUP-1Q,Carteira 1_sys-price,DF,"Brasília, DF","Brasília, DF, Asa Sul",0,645,3603.55,139,3635.09,2025-11,0.5667,0.7138,17,30,260.47,226.27,11,2025-11-11,0.99,0.0,31.539999999999964,berlinda,11,1.0,6092.52,5014.049299,1.9632404699746069,2.770780856423174,Baixa,🟢 Abaixo viável,
OGD0401,Florianopolis-Beira_Mar-apartamento-TOP-1Q,Carteira 4,SC,"Florianópolis, SC","Florianópolis, SC, Centro",0,248,5159.76,18,5303.36,2025-11,0.7667,0.5814,23,30,279.13,199.25,4,2025-11-11,0.97,0.0,143.59999999999945,berlinda,4,1.0,5956.76,5770.8199,5.39512686296987,19.395465994962215,Baixa,🟢 Abaixo viável,
SPJ0106,Especial-SPJ-apartamento-TOP-1Q,Carteira 5,SC,"Florianópolis, SC","Florianópolis, SC, Jurerê",0,310,5145.28,15,6230.75,2025-11,0.7,0.6136,21,30,308.86,273.0,7,2025-11-11,0.83,0.0,1085.4700000000003,berlinda,7,4.0,7056.28,6482.98,11.889953456646474,62.468513853904284,Alta,🟢 Abaixo viável,
SPJ0202,Especial-SPJ-apartamento-TOP-1Q,Carteira 5,SC,"Florianópolis, SC","Florianópolis, SC, Jurerê",0,516,6164.01,15,6230.75,2025-11,0.8667,0.6136,26,30,349.58,210.0,3,2025-11-11,0.99,0.0,66.73999999999978,berlinda,3,1.0,6794.01,6710.031,2.249392127753473,4.534005037783375,Baixa,🟢 Abaixo viável,
SPJ0402,Especial-SPJ-apartamento-TOP-1Q,Carteira 5,SC,"Florianópolis, SC","Florianópolis, SC, Jurerê",0,385,6156.42,15,6230.75,2025-11,0.8333,0.6136,25,30,295.56,283.5,4,2025-11-11,0.99,0.0,74.32999999999993,berlinda,4,1.0,7290.42,7101.3822,3.382025438350115,7.304785894206549,Baixa,🟢 Abaixo viável,
DMS0106,Gramado-Centro-apartamento-TOP-2Q,Carteira 4,RS,"Gramado, RS","Gramado, RS, Bairro Belverede",0,136,10322.24,55,10638.6,2025-11,0.7,0.6864,21,30,620.43,446.29,7,2025-11-11,0.97,0.0,316.3600000000006,berlinda,7,1.0,13446.27,12509.061,13.271323708006719,70.27707808564232,Alta,🟢 Abaixo viável,
ERJ101,Balneario_Camboriu-Norte-apartamento-JR-4Q,Carteira 6,SC,"Balneário Camboriú, SC","Balneário Camboriú, SC, Centro",6,772,3447.29,108,4062.78,2025-11,0.4583,0.4159,11,30,384.45,255.4,10,2025-11-11,0.85,2306.7,615.4900000000002,berlinda,10,3.0,6001.29,4617.7882,12.897256394225963,66.49874055415617,Alta,🟢 Abaixo viável,
RCP202,Florianopolis-Canasvieiras_Meio-apartamento-JR-2Q,Carteira 1,SC,"Florianópolis, SC","Florianópolis, SC, Canasvieiras",0,759,2785.22,18,2836.34,2025-11,0.4333,0.3185,13,30,280.31,238.67,12,2025-11-11,0.98,0.0,51.120000000000346,berlinda,12,1.0,5649.26,4026.2085319999996,4.301603615927598,12.090680100755668,Baixa,🟢 Abaixo viável,
VLR802,Florianopolis-Centrao-apartamento-JR-1Q,Carteira 4,SC,"Florianópolis, SC","Florianópolis, SC, Centro",0,1221,2263.65,71,2585.44,2025-11,0.4667,0.4921,14,30,205.86,172.79,14,2025-11-11,0.88,0.0,321.78999999999996,berlinda,14,2.0,4682.71,3392.6253020000004,10.752926793891946,57.17884130982368,Alta,🟢 Abaixo viável,
DPR0006,Balneario_Camboriu-Sul-apartamento-JR-1Q,Carteira 6,SC,"Balneário Camboriú, SC","Balneário Camboriú, SC, Barra",6,235,1781.27,33,2053.56,2025-11,0.7083,0.4673,17,30,124.47,114.71,7,2025-11-11,0.87,746.8199999999999,272.28999999999996,berlinda,7,3.0,2584.24,2350.013651,5.069957520923013,17.12846347607053,Baixa,🟢 Abaixo viável,
ETY0024,Balneario_Camboriu-Centro-apartamento-JR-3Q,Carteira 6,SC,"Balneário Camboriú, SC","Balneário Camboriú, SC, Centro",7,323,4540.42,37,4704.2,2025-11,0.7391,0.4463,17,30,324.88,147.5,4,2025-11-11,0.97,2274.16,163.77999999999975,berlinda,4,2.0,5130.42,4976.489,2.5676576251009697,5.289672544080604,Baixa,🟢 Abaixo viável,
IFT0903,Itapema-Meia_Praia-Norte-apartamento-TOP-1Q,Carteira 6,SC,"Itapema, SC","Itapema, SC, Meia Praia",0,4,2729.22,22,3277.09,2025-11,0.6667,0.375,20,30,189.45,183.44,9,2025-11-11,0.83,0.0,547.8700000000003,berlinda,9,3.0,4380.18,3829.915032,10.222613436514314,54.40806045340051,Alta,🟢 Abaixo viável,
ILC2415,Especial-ILC-hotel-TOP-1Q,Especial,SC,"Florianópolis, SC","Florianópolis, SC, Jurerê Internacional",2,827,10921.71,30,11132.4,2025-11,0.6786,0.6976,19,30,672.4,587.0,2,2025-11-11,0.98,1344.8,210.6900000000005,berlinda,2,1.0,12095.71,11718.3864,11.109466961302173,60.20151133501259,Alta,🟢 Abaixo viável,
JPR410,Especial-JPR-apartamento-TOP-3Q,Carteira 1,SC,"Florianópolis, SC","Florianópolis, SC, Jurerê",0,478,8921.61,16,9639.85,2025-11,0.6667,0.4772,20,30,544.75,510.37,8,2025-11-11,0.93,0.0,718.2399999999998,berlinda,8,2.0,13004.57,11643.719432,19.013166636410304,84.88664987405542,Crítico,🟢 Abaixo viável,
TCO0612,Porto_Alegre-Centro_Historico-apartamento-SUP-1Q,Carteira 4,RS,"Porto Alegre, RS","Porto Alegre, RS, Centro Histórico",0,564,1648.54,72,1793.66,2025-11,0.5,0.4337,15,30,120.0,120.0,13,2025-11-11,0.92,0.0,145.12000000000012,berlinda,13,2.0,3208.54,2428.54,4.854431720615951,13.85390428211587,Baixa,🟢 Abaixo viável,
VPD0605,Florianopolis-Beira_Mar-apartamento-TOP-1Q,Carteira 4,SC,"Florianópolis, SC","Florianópolis, SC, Agronômica",0,200,4662.64,18,5303.36,2025-11,0.7,0.5814,21,30,290.14,236.43,7,2025-11-11,0.88,0.0,640.7199999999993,berlinda,7,3.0,6317.650000000001,5821.147,9.521349333252873,50.12594458438288,Alta,🟢 Abaixo viável,
ADC0205,Florianopolis-Cachoeira_Bom_Jesus-apartamento-TOP-2Q,Carteira 1,SC,"Florianópolis, SC","Florianópolis, SC, Cachoeira do Bom Jesus",0,260,5531.98,28,5632.31,2025-11,0.5,0.4328,15,30,455.67,318.5,8,2025-11-11,0.98,0.0,100.33000000000084,berlinda,8,1.0,8079.98,6805.98,5.673534482299494,21.41057934508816,Média,🟢 Abaixo viável,
ILC3105,Especial-ILC-hotel-JR-1Q,Especial,SC,"Florianópolis, SC","Florianópolis, SC, Jurerê Internacional",0,1916,9111.72,16,9179.91,2025-11,0.6333,0.5499,19,30,597.58,519.17,6,2025-11-11,0.99,0.0,68.19000000000051,berlinda,6,1.0,12226.739999999998,11084.462166,3.8564868609823244,9.82367758186398,Baixa,🟢 Abaixo viável,
LIV1509,Salvador-Graca-apartamento-TOP-1Q,Especial,BA,"Salvador, BA","Salvador, BA, Vitória",3,22,3350.59,15,3581.56,2025-11,0.6667,0.5526,18,30,234.06,260.11,9,2025-11-11,0.94,702.1800000000001,230.9699999999998,berlinda,9,1.0,5691.58,4911.328033,16.774144981516418,81.61209068010076,Crítico,🟢 Abaixo viável,
NWT0423,Especial-NWT-apartamento-TOP-1Q,Carteira 5,AL,"Maceió, AL","Maceió, AL, Pajuçara",0,337,4457.88,40,4657.0,2025-11,0.5,0.5442,15,30,308.06,288.0,11,2025-11-11,0.96,0.0,199.1199999999999,berlinda,11,1.0,7625.88,6041.88,12.314056259394453,64.73551637279597,Alta,🟢 Abaixo viável,
PSOA0512,Penha-Beto_Carrero-apartamento-TOP-1Q,Carteira 3,SC,"Penha, SC","Penha, SC, Praia de Armação do Itapocoroi",0,99,3535.86,16,4132.99,2025-11,0.7333,0.6017,22,30,194.95,171.71,7,2025-11-11,0.86,0.0,597.1299999999997,berlinda,7,4.0,4737.83,4417.264601,6.202119549043182,25.440806045340054,Média,🟢 Abaixo viável,
SOA0705,Salvador-Boca_do_Rio-apartamento-SUP-1Q,Carteira 2,BA,"Salvador, BA","Salvador, BA, Boca do Rio",0,327,1983.99,33,2261.0,2025-11,0.6,0.4852,18,30,135.94,147.92,12,2025-11-11,0.88,0.0,277.01,berlinda,12,2.0,3759.0299999999997,3049.014,9.061326669615212,46.85138539042821,Média,🟢 Abaixo viável,
BSO0207,Itajai-Praia_Brava-apartamento-SUP-1Q,Carteira 6,SC,"Balneário Camboriú, SC","Balneário Camboriú, SC, Praia dos Amores",0,192,2679.26,10,2766.14,2025-11,0.5667,0.5032,17,30,188.24,139.27,11,2025-11-11,0.97,0.0,86.87999999999965,berlinda,11,1.0,4211.2300000000005,3547.427399,4.37424627820716,12.34256926952141,Baixa,🟢 Abaixo viável,
EAR0411,Florianopolis-Ingleses_Norte-apartamento-TOP-3Q,Carteira 1,SC,"Florianópolis, SC","Florianópolis, SC, Ingleses do Rio Vermelho",6,318,5329.31,16,5500.55,2025-11,0.5417,0.4157,13,30,469.46,521.0,7,2025-11-11,0.97,2816.7599999999998,171.23999999999978,berlinda,7,1.0,8976.310000000001,7304.8899,16.219476234194744,79.84886649874056,Alta,🟢 Abaixo viável,
BLS1253,Goiania-Central-apartamento-TOP-1Q,Carteira 1_sys-price,GO,"Goiânia, GO","Goiânia, GO, Setor Marista",0,772,1511.98,53,1579.58,2025-11,0.3667,0.3282,11,30,167.45,170.25,16,2025-11-11,0.96,0.0,67.59999999999991,berlinda,16,1.0,4235.98,2510.8708,7.286050722343903,32.7455919395466,Média,🟢 Abaixo viável,
ILC2307,Especial-ILC-hotel-TOP-1Q,Especial,SC,"Florianópolis, SC","Florianópolis, SC, Jurerê Internacional",8,1776,10180.5,30,11132.4,2025-11,0.7727,0.6976,17,30,744.53,528.0,2,2025-11-11,0.91,5956.24,951.8999999999996,berlinda,2,2.0,11236.5,10996.4712,22.57389242211921,89.16876574307305,Crítico,🟠 Abaixo precisa esforço,
LTT803,Balneario_Picarras-Geral-apartamento-TOP-3Q,Carteira 6,SC,"Balneário Piçarras, SC","Balneário Piçarras, SC, Itacolomi",0,536,3122.09,16,3174.9,2025-11,0.3333,0.2632,10,30,400.9,214.67,9,2025-11-11,0.98,0.0,52.809999999999945,berlinda,9,1.0,5054.12,3766.035599,3.570733786890921,8.060453400503778,Baixa,🟢 Abaixo viável,
CAP0302,Gramado-Carniel-apartamento-TOP-2Q,Carteira 4,RS,"Gramado, RS","Gramado, RS, Carniel",0,690,7158.23,104,8855.36,2025-11,0.6333,0.6277,19,30,460.5,374.0,5,2025-11-11,0.81,0.0,1697.130000000001,berlinda,5,5.0,9028.23,8342.501,14.335422162396569,73.80352644836272,Alta,🟠 Abaixo precisa esforço,
CNU202,Florianopolis-Ingleses_Norte-apartamento-JR-2Q,Carteira 1,SC,"Florianópolis, SC","Florianópolis, SC, Ingleses do Rio Vermelho",0,1187,2062.97,27,2504.17,2025-11,0.4,0.4002,12,30,231.42,201.83,12,2025-11-11,0.82,0.0,441.2000000000003,berlinda,12,3.0,4484.93,3031.754,11.853214970762112,61.96473551637279,Alta,🟢 Abaixo viável,
JBV134,Especial-JBV-hotel-JR-1Q,Especial,SC,"Florianópolis, SC","Florianópolis, SC, Jurerê",4,1971,7306.55,25,9026.89,2025-11,0.6923,0.58,18,30,482.78,422.83,6,2025-11-11,0.81,1931.12,1720.3399999999992,berlinda,6,5.0,9843.53,9062.901254,16.116544284908752,79.34508816120906,Alta,🟢 Abaixo viável,
PSO0501,Penha-Beto_Carrero-apartamento-TOP-1Q,Carteira 3,SC,"Penha, SC","Penha, SC, Praia de Armação do Itapocoroi",0,92,3866.23,16,4132.99,2025-11,0.7,0.6017,21,30,212.38,174.33,6,2025-11-11,0.94,0.0,266.75999999999976,berlinda,6,2.0,4912.21,4598.416,5.6259839486667,20.65491183879093,Média,🟢 Abaixo viável,
MHF1202,Itapema-Canto_Praia-apartamento-TOP-2Q,Carteira 5,SC,"Itapema, SC","Itapema, SC, Centro",6,309,2782.22,14,3094.94,2025-11,0.4167,0.2903,10,30,284.0,314.22,9,2025-11-11,0.9,1704.0,312.72000000000025,berlinda,9,1.0,5610.200000000001,3960.639266,31.7495261297473,95.96977329974811,Crítico,🟢 Abaixo viável,
NWT0615,Especial-NWT-apartamento-TOP-1Q,Carteira 5,AL,"Maceió, AL","Maceió, AL, Pajuçara",1,211,4322.59,40,4657.0,2025-11,0.5517,0.5442,16,30,325.13,284.63,8,2025-11-11,0.93,325.13,334.40999999999985,berlinda,8,2.0,6599.63,5578.832968000001,10.219359920549705,54.15617128463476,Alta,🟢 Abaixo viável,
SIP0709,Salvador-Piata-apartamento-SUP-1Q,Carteira 5,BA,"Salvador, BA","Salvador, BA, Itapuã",3,64,1475.66,22,1510.83,2025-11,0.4074,0.4147,11,30,150.55,160.43,14,2025-11-11,0.98,451.65000000000003,35.169999999999845,berlinda,14,1.0,3721.6800000000003,2390.688548,3.7345850294208986,9.06801007556675,Baixa,🟢 Abaixo viável,
JMA011,Florianopolis-Jurere_Longe-apartamento-JR-1Q,Carteira 1,SC,"Florianópolis, SC","Florianópolis, SC, Jurerê",0,487,1929.52,39,1965.96,2025-11,0.4667,0.455,14,30,182.86,151.36,14,2025-11-11,0.98,0.0,36.440000000000055,berlinda,14,1.0,4048.56,2918.475968,2.8055293088363995,6.045340050377834,Baixa,🟢 Abaixo viável,
LIV1712,Salvador-Graca-apartamento-TOP-1Q,Especial,BA,"Salvador, BA","Salvador, BA, Vitória",2,46,3056.73,15,3581.56,2025-11,0.4643,0.5526,13,30,282.77,320.0,15,2025-11-11,0.85,565.54,524.8299999999999,berlinda,15,2.0,7856.73,5285.37,23.445872748187934,89.67254408060454,Crítico,🟢 Abaixo viável,
OKA206,Florianopolis-Campeche-apartamento-TOP-1Q,Carteira 1,SC,"Florianópolis, SC","Florianópolis, SC, Campeche",17,35,2934.91,24,3140.19,2025-11,1.0,0.4683,13,30,272.08,,0,2025-11-11,0.93,4625.36,205.2800000000002,berlinda,0,0.0,,,,,Baixa,🔴 Abaixo inviável,
RFA303,Porto_Alegre-Santana-apartamento-SUP-1Q,Carteira 4,RS,"Porto Alegre, RS","Porto Alegre, RS, Santo Antônio",0,423,1250.08,67,1557.2,2025-11,0.3333,0.3515,10,30,152.8,135.25,16,2025-11-11,0.8,0.0,307.1200000000001,berlinda,16,3.0,3414.08,1971.3411999999998,8.891596027057114,45.08816120906801,Média,🟢 Abaixo viável,
RRI103,Florianopolis-Centrao-apartamento-TOP-2Q,Carteira 4,SC,"Florianópolis, SC","Florianópolis, SC, Centro",7,761,5391.27,23,5812.25,2025-11,0.7391,0.4569,17,30,385.65,256.0,4,2025-11-11,0.93,2699.5499999999997,420.97999999999956,berlinda,4,2.0,6415.27,6148.1084,9.271012086541347,47.858942065491185,Média,🟢 Abaixo viável,
STW0702,Itapema-Praia_Itapema-apartamento-SUP-2Q,Carteira 6,SC,"Itapema, SC","Itapema, SC, Morretes",0,12,2598.96,15,3124.13,2025-11,0.6333,0.5139,19,30,166.5,137.0,10,2025-11-11,0.83,0.0,525.1700000000001,berlinda,10,4.0,3968.96,3466.581,5.757466078556272,21.91435768261965,Média,🟢 Abaixo viável,
VRN302,Florianopolis-Jurere_Tradicional-apartamento-TOP-2Q,Carteira 1,SC,"Florianópolis, SC","Florianópolis, SC, Jurerê",4,653,8010.14,20,8875.07,2025-11,0.7692,0.5432,20,30,545.1,530.33,6,2025-11-11,0.9,2180.4,864.9299999999994,berlinda,6,2.0,11192.12,10457.719016000001,25.841955438097937,92.44332493702771,Crítico,🟢 Abaixo viável,
SJS0004,Florianopolis-Ingleses_Centro-apartamento-JR-1Q,Carteira 1,SC,"Florianópolis, SC","Florianópolis, SC, Ingleses do Rio Vermelho",0,317,2469.21,14,2707.95,2025-11,0.7333,0.5707,22,30,145.5,147.0,8,2025-11-11,0.91,0.0,238.73999999999978,berlinda,8,2.0,3645.21,3331.5708,6.4799534703373345,26.952141057934508,Média,🟢 Abaixo viável,
SKL1107,Penha-Praia-apartamento-SUP-3Q,Carteira 6,SC,"Penha, SC","Penha, SC, Armação",0,37,4097.46,22,4285.71,2025-11,0.5,0.3482,15,30,322.93,180.0,4,2025-11-11,0.96,0.0,188.25,berlinda,4,2.0,4817.46,4457.46,3.9532539532539532,10.075566750629724,Baixa,🟢 Abaixo viável,
UPP0408,Curitiba-Centro-apartamento-JR-1Q,Carteira 4,PR,"Curitiba, PR","Curitiba, PR, Alto da XV",0,10,1817.79,282,1884.7,2025-11,0.5333,0.5093,16,30,140.63,137.64,14,2025-11-11,0.96,0.0,66.91000000000008,berlinda,14,1.0,3744.75,2845.437768,4.8864500451000215,14.609571788413097,Baixa,🟢 Abaixo viável,
VGZ0004,Imbituba-Praia_do_Rosa-casa-SUP-1Q,Carteira 6,SC,"Imbituba, SC","Imbituba, SC, Ibiraquera",5,620,2070.37,57,2501.25,2025-11,0.72,0.3146,18,30,142.78,146.33,3,2025-11-11,0.83,713.9,430.8800000000001,berlinda,3,3.0,2509.3599999999997,2386.4428,8.402554775945358,41.05793450881612,Média,🟠 Abaixo precisa esforço,
BPM0909,Salvador-Barra-apartamento-SUP-1Q,Carteira 2,BA,"Salvador, BA","Salvador, BA, Barra",0,12,3100.15,203,3119.92,2025-11,0.6333,0.546,19,30,196.42,218.45,11,2025-11-11,0.99,0.0,19.769999999999982,berlinda,11,1.0,5503.1,4621.938235,1.3842523205723212,1.5113350125944585,Baixa,🟢 Abaixo viável,
PNJ0203,Florianopolis-Ingleses_Centro-apartamento-SUP-3Q,Carteira 1,SC,"Florianópolis, SC","Florianópolis, SC, Ingleses do Rio Vermelho",0,169,2669.1,19,2987.88,2025-11,0.4667,0.2304,14,30,247.86,199.0,8,2025-11-11,0.89,0.0,318.7800000000002,berlinda,8,2.0,4261.1,3412.0864,10.615757660950248,56.42317380352645,Alta,🟢 Abaixo viável,
SPT0303,Blumenau-Central-apartamento-JR-1Q,Carteira 4,SC,"Blumenau, SC","Blumenau, SC, Itoupava Seca",0,422,631.05,31,707.55,2025-11,0.2333,0.2143,7,30,107.0,100.47,19,2025-11-11,0.89,0.0,76.5,berlinda,19,1.0,2539.98,1076.403369,10.862772948908205,57.93450881612091,Alta,🟢 Abaixo viável,
URA0015,Porto_Seguro-Urbano-casa-JR-2Q,Carteira 2,BA,"Porto Seguro, BA","Porto Seguro, BA, Paraíso dos Pataxós",0,702,1963.14,17,2414.85,2025-11,0.4,0.376,12,30,175.75,176.15,13,2025-11-11,0.81,0.0,451.7099999999998,berlinda,13,3.0,4253.09,2879.12,10.983251754767373,59.69773299748111,Alta,🟢 Abaixo viável,
ZNB1604,Salvador-Barra-apartamento-SUP-1Q,Carteira 2,BA,"Salvador, BA","Salvador, BA, Barra",1,1,2579.85,203,3119.92,2025-11,0.5862,0.546,17,30,205.94,168.1,10,2025-11-11,0.83,205.94,540.0700000000002,berlinda,10,4.0,4260.85,3565.2522,7.274687091335679,32.241813602015114,Média,🟢 Abaixo viável,
EDF1707,Salvador-Ondina_Rio_Vermelho-apartamento-SUP-1Q,Carteira 2,BA,"Salvador, BA","Salvador, BA, Rio Vermelho",0,94,2693.65,82,3153.33,2025-11,0.5667,0.5658,17,30,191.82,166.33,12,2025-11-11,0.85,0.0,459.67999999999984,berlinda,12,3.0,4689.610000000001,3824.7605320000002,8.08231027728359,38.79093198992443,Média,🟢 Abaixo viável,
ILC4415,Especial-ILC-hotel-TOP-1Q,Especial,SC,"Florianópolis, SC","Florianópolis, SC, Jurerê Internacional",0,1800,10517.66,30,11132.4,2025-11,0.5333,0.6976,16,30,821.56,613.83,6,2025-11-11,0.94,0.0,614.7399999999998,berlinda,6,2.0,14200.64,12481.793234,16.948090896841645,82.11586901763224,Crítico,🟢 Abaixo viável,
JBV232,Especial-JBV-hotel-TOP-1Q,Especial,SC,"Florianópolis, SC","Florianópolis, SC, Jurerê",0,1093,9719.1,34,10718.98,2025-11,0.6667,0.6611,20,30,644.85,498.4,5,2025-11-11,0.91,0.0,999.8799999999992,berlinda,5,3.0,12211.1,11380.5164,15.497127276413725,76.82619647355163,Alta,🟢 Abaixo viável,
JBV464,Especial-JBV-hotel-JR-1Q,Especial,SC,"Florianópolis, SC","Florianópolis, SC, Jurerê",0,793,8942.21,25,9026.89,2025-11,0.6667,0.58,20,30,566.95,563.43,7,2025-11-11,0.99,0.0,84.68000000000029,berlinda,7,1.0,12886.22,11571.681466999999,5.2854584912411875,18.639798488664987,Baixa,🟢 Abaixo viável,
NWT0817,Especial-NWT-apartamento-TOP-1Q,Carteira 5,AL,"Maceió, AL","Maceió, AL, Pajuçara",0,186,4623.4,40,4657.0,2025-11,0.6333,0.5442,19,30,294.53,292.0,7,2025-11-11,0.99,0.0,33.600000000000364,berlinda,7,1.0,6667.4,5917.865199999999,2.1067640111660095,4.030226700251889,Baixa,🟢 Abaixo viável,
RVM0203,Florianopolis-Novo_Campeche-apartamento-TOP-1Q,Carteira 1,SC,"Florianópolis, SC","Florianópolis, SC, Campeche",0,157,5300.16,45,5541.43,2025-11,0.6667,0.5773,20,30,327.7,357.63,8,2025-11-11,0.96,0.0,241.27000000000044,berlinda,8,1.0,8161.2,7207.615368,15.570960943294448,77.32997481108312,Alta,🟢 Abaixo viável,
SPJ0105,Especial-SPJ-apartamento-TOP-1Q,Carteira 5,SC,"Florianópolis, SC","Florianópolis, SC, Jurerê",0,516,5913.83,15,6230.75,2025-11,0.7333,0.6136,22,30,333.05,248.0,8,2025-11-11,0.95,0.0,316.9200000000001,berlinda,8,2.0,7897.83,7368.6972,6.307118725675081,25.692695214105793,Média,🟢 Abaixo viável,
BSO0206,Itajai-Praia_Brava-apartamento-SUP-1Q,Carteira 6,SC,"Balneário Camboriú, SC","Balneário Camboriú, SC, Praia dos Amores",0,198,2665.63,10,2766.14,2025-11,0.7,0.5032,21,30,149.48,135.5,6,2025-11-11,0.96,0.0,100.50999999999976,berlinda,6,1.0,3478.63,3234.73,4.923505317879778,15.113350125944585,Baixa,🟢 Abaixo viável,
DPR0009,Balneario_Camboriu-Sul-apartamento-JR-1Q,Carteira 6,SC,"Balneário Camboriú, SC","Balneário Camboriú, SC, Barra",0,235,1648.92,33,2053.56,2025-11,0.5333,0.4673,16,30,127.31,111.43,14,2025-11-11,0.8,0.0,404.6399999999999,berlinda,14,4.0,3208.94,2480.878666,5.489130485595744,19.899244332493705,Baixa,🟢 Abaixo viável,
DLH0403,Gramado-Centro-apartamento-TOP-2Q,Carteira 4,RS,"Gramado, RS","Gramado, RS, Centro",3,1,9143.96,55,10638.6,2025-11,0.7037,0.6864,19,30,625.8,448.1,10,2025-11-11,0.86,1877.3999999999999,1494.6400000000012,berlinda,10,4.0,13624.96,12297.239699999998,15.738635346756164,77.83375314861462,Alta,🟢 Abaixo viável,
MHF2001,Itapema-Canto_Praia-apartamento-TOP-1Q,Carteira 5,SC,"Itapema, SC","Itapema, SC, Centro",0,326,2684.22,17,2947.0,2025-11,0.5,0.4478,15,30,210.0,262.71,7,2025-11-11,0.91,0.0,262.7800000000002,berlinda,7,2.0,4523.19,3603.705,11.71274750593825,61.46095717884131,Alta,🟢 Abaixo viável,
NOA0919,Sao_Paulo-Santo_Amaro-apartamento-SUP-1Q,Carteira 4,SP,"São Paulo, SP","São Paulo, SP, Santo Amaro",0,338,3011.74,158,3146.03,2025-11,0.4333,0.5012,13,30,229.0,135.0,10,2025-11-11,0.96,0.0,134.29000000000042,berlinda,10,1.0,4361.74,3596.6949999999997,5.7625483545929495,22.16624685138539,Média,🟢 Abaixo viável,
NWT0706,Especial-NWT-apartamento-TOP-1Q,Carteira 5,AL,"Maceió, AL","Maceió, AL, Pajuçara",0,185,4218.78,40,4657.0,2025-11,0.5667,0.5442,17,30,281.18,337.33,9,2025-11-11,0.91,0.0,438.22000000000025,berlinda,9,2.0,7254.75,5939.264198999999,15.871242495168573,78.33753148614609,Alta,🟢 Abaixo viável,
RGOR0025,Itapema-Meia_Praia-Sul-apartamento-SUP-1Q,Carteira 6,SC,"Itapema, SC","Itapema, SC, Castelo Branco",0,201,2826.19,15,2851.62,2025-11,0.7333,0.4879,22,30,145.14,166.0,6,2025-11-11,0.99,0.0,25.429999999999836,berlinda,6,1.0,3822.19,3556.5568000000003,1.4803445059299531,2.0151133501259446,Baixa,🟢 Abaixo viável,
ILC1211,Especial-ILC-hotel-JR-1Q,Especial,SC,"Florianópolis, SC","Florianópolis, SC, Jurerê Internacional",0,1971,8459.46,16,9179.91,2025-11,0.5667,0.5499,17,30,618.18,496.29,7,2025-11-11,0.92,0.0,720.4500000000007,berlinda,7,2.0,11933.49,10428.192801,19.474707840272966,85.3904282115869,Crítico,🟢 Abaixo viável,
VLR403,Florianopolis-Centrao-apartamento-SUP-1Q,Carteira 4,SC,"Florianópolis, SC","Florianópolis, SC, Centro",5,590,3320.36,126,3394.05,2025-11,0.76,0.4536,19,30,272.37,186.67,3,2025-11-11,0.98,1361.85,73.69000000000005,berlinda,3,1.0,3880.37,3745.9676,4.0528902933074065,10.831234256926953,Baixa,🟢 Abaixo viável,
BLB1501,Salvador-Barra-apartamento-SUP-1Q,Carteira 2,BA,"Salvador, BA","Salvador, BA, Barra",3,1,3031.12,203,3119.92,2025-11,0.6296,0.546,17,30,210.59,158.57,7,2025-11-11,0.97,631.77,88.80000000000018,berlinda,7,1.0,4141.11,3729.969704,4.513261878509714,12.846347607052897,Baixa,🟢 Abaixo viável,
SFR0511,Bombinhas-Centro-apartamento-SUP-1Q,Carteira 6,SC,"Bombinhas, SC","Bombinhas, SC, Centro",0,37,3257.02,34,3528.77,2025-11,0.7333,0.5429,22,30,184.45,232.0,8,2025-11-11,0.92,0.0,271.75,berlinda,8,2.0,5113.02,4618.0248,8.933141009473559,45.34005037783375,Média,🟢 Abaixo viável,
LIV0907,Salvador-Graca-apartamento-TOP-1Q,Especial,BA,"Salvador, BA","Salvador, BA, Vitória",3,120,3172.69,15,3581.56,2025-11,0.5556,0.5526,15,30,253.2,231.25,12,2025-11-11,0.89,759.5999999999999,408.8699999999999,berlinda,12,2.0,5947.6900000000005,4714.48,13.19972128067099,69.0176322418136,Alta,🟢 Abaixo viável,
MOC0210,Petropolis-Quitandinha-apartamento-JR-1Q,Carteira 4,RJ,"Petrópolis, RJ","Petrópolis, RJ, Independência",0,347,1378.14,13,1498.81,2025-11,0.1667,0.3398,5,30,386.6,104.89,19,2025-11-11,0.92,0.0,120.66999999999985,berlinda,19,2.0,3371.05,1710.358097,4.222375184312884,11.586901763224182,Baixa,🟢 Abaixo viável,
NWT0802,Especial-NWT-apartamento-TOP-1Q,Carteira 5,AL,"Maceió, AL","Maceió, AL, Pajuçara",0,239,3840.81,40,4657.0,2025-11,0.4333,0.5442,13,30,334.31,295.64,11,2025-11-11,0.82,0.0,816.19,berlinda,11,3.0,7092.85,5249.9189320000005,17.27137725288097,82.61964735516372,Crítico,🟢 Abaixo viável,
RGO702,Itapema-Meia_Praia-Sul-apartamento-SUP-2Q,Carteira 6,SC,"Itapema, SC","Itapema, SC, Castelo Branco",6,772,2760.63,39,2948.95,2025-11,0.7083,0.3321,17,30,181.53,157.83,6,2025-11-11,0.94,1089.18,188.3199999999997,berlinda,6,2.0,3707.61,3431.375934,5.039513318299726,16.3727959697733,Baixa,🟢 Abaixo viável,
RUA0226,Penha-Praia-casa-JR-3Q,Carteira 6,SC,"Penha, SC","Penha, SC, Centro",7,263,2854.15,23,3102.23,2025-11,0.5217,0.4012,12,30,324.17,180.83,6,2025-11-11,0.92,2269.19,248.07999999999993,berlinda,6,2.0,3939.13,3420.1840660000003,7.230332115929506,31.738035264483628,Média,🟢 Abaixo viável,
TCO0815,Porto_Alegre-Centro_Historico-apartamento-SUP-1Q,Carteira 4,RS,"Porto Alegre, RS","Porto Alegre, RS, Centro Histórico",0,421,1561.3,72,1793.66,2025-11,0.4667,0.4337,14,30,122.0,125.8,15,2025-11-11,0.87,0.0,232.36000000000013,berlinda,15,2.0,3448.3,2441.9629,8.148391556928297,39.29471032745592,Média,🟢 Abaixo viável,
THK1902,Sao_Paulo-Republica-apartamento-SUP-1Q,Carteira 4,SP,"São Paulo, SP","São Paulo, SP, República",0,297,2507.37,467,2800.75,2025-11,0.5667,0.5767,17,30,169.59,130.0,7,2025-11-11,0.9,0.0,293.3800000000001,berlinda,7,3.0,3417.37,3023.067,4.539188907733049,13.09823677581864,Baixa,🟢 Abaixo viável,
LVL001,Porto_Seguro-Ajuda_Intermediario-casa-TOP-4Q,Carteira 2,BA,"Porto Seguro, BA","Porto Seguro, BA, Arraial DAjuda",3,492,4224.3,13,5197.15,2025-11,0.2222,0.3796,6,30,876.0,580.18,11,2025-11-11,0.81,2628.0,972.8499999999995,berlinda,11,2.0,10606.279999999999,5642.375956,54.30169544846691,98.2367758186398,Crítico,🟢 Abaixo viável,
OKA101,Florianopolis-Campeche-apartamento-SUP-1Q,Carteira 1,SC,"Florianópolis, SC","Florianópolis, SC, Campeche",0,1053,2254.8,25,2388.5,2025-11,0.3667,0.4993,11,30,263.45,231.0,12,2025-11-11,0.94,0.0,133.69999999999982,berlinda,12,1.0,5026.8,3271.2924000000003,12.930584048566027,67.2544080604534,Alta,🟢 Abaixo viável,
RVG101,Florianopolis-Ingleses_Norte-apartamento-TOP-3Q,Carteira 1,SC,"Florianópolis, SC","Florianópolis, SC, Ingleses do Rio Vermelho",3,550,4579.86,16,5500.55,2025-11,0.6667,0.4157,18,30,331.33,453.56,9,2025-11-11,0.83,993.99,920.6900000000005,berlinda,9,3.0,8661.9,7301.356067999999,25.305842530898435,92.19143576826197,Crítico,🟢 Abaixo viável,
JBV152,Especial-JBV-hotel-TOP-1Q,Especial,SC,"Florianópolis, SC","Florianópolis, SC, Jurerê",0,1121,8743.24,34,10718.98,2025-11,0.5667,0.6611,17,30,734.47,797.2,5,2025-11-11,0.82,0.0,1975.7399999999998,berlinda,5,3.0,12729.24,11002.1062,48.98040447878436,97.98488664987406,Crítico,🟢 Abaixo viável,
MHFA0605,Itapema-Canto_Praia-apartamento-SUP-1Q,Carteira 5,SC,"Itapema, SC","Itapema, SC, Centro",0,374,2830.54,9,3362.19,2025-11,0.5667,0.347,17,30,195.71,189.08,12,2025-11-11,0.84,0.0,531.6500000000001,berlinda,12,3.0,5099.5,4116.359632,9.966161142985179,52.64483627204031,Alta,🟢 Abaixo viável,
PDAA0611,Camaçari-Jacuipe-casa-SUP-3Q,Carteira 2,BA,"Camaçari, BA","Camaçari, BA, Barra do Jacuípe",7,708,4241.45,13,4455.86,2025-11,0.4348,0.3492,10,30,491.0,455.0,7,2025-11-11,0.95,3437.0,214.40999999999985,berlinda,7,1.0,7426.45,5626.288,21.89398903915292,88.41309823677582,Crítico,🟢 Abaixo viável,
SOA0406,Salvador-Boca_do_Rio-apartamento-SUP-1Q,Carteira 2,BA,"Salvador, BA","Salvador, BA, Boca do Rio",0,148,2024.15,33,2261.0,2025-11,0.5333,0.4852,16,30,153.94,171.5,12,2025-11-11,0.9,0.0,236.8499999999999,berlinda,12,2.0,4082.15,3121.6814,8.98270123839009,45.843828715365234,Média,🟢 Abaixo viável,
SPJ0503,Especial-SPJ-apartamento-TOP-1Q,Carteira 5,SC,"Florianópolis, SC","Florianópolis, SC, Jurerê",0,382,5851.48,15,6230.75,2025-11,0.8333,0.6136,25,30,309.16,202.5,4,2025-11-11,0.94,0.0,379.27000000000044,berlinda,4,2.0,6661.48,6526.4529999999995,6.1631565220880375,25.188916876574307,Média,🟢 Abaixo viável,
TPS211,Florianopolis-Canasvieiras_Meio-apartamento-TOP-1Q,Carteira 1,SC,"Florianópolis, SC","Florianópolis, SC, Canasvieiras",0,809,3724.11,25,4223.9,2025-11,0.6333,0.563,19,30,872.21,278.0,3,2025-11-11,0.88,0.0,499.7899999999995,berlinda,3,2.0,4558.110000000001,4252.2822,16.44707734558109,80.10075566750629,Crítico,🟢 Abaixo viável,
ILC3412,Especial-ILC-hotel-JR-1Q,Especial,SC,"Florianópolis, SC","Florianópolis, SC, Jurerê Internacional",0,340,8471.72,16,9179.91,2025-11,0.3667,0.5499,11,30,912.0,815.3,10,2025-11-11,0.92,0.0,708.1900000000005,berlinda,10,1.0,16624.72,11461.4251,62.89683744176147,99.24433249370277,Crítico,🟢 Abaixo viável,
RHE101,Bombinhas-Mariscal-casa-JR-2Q,Carteira 6,SC,"Bombinhas, SC","Bombinhas, SC, Morrinhos",4,576,1919.48,18,1968.24,2025-11,0.6154,0.3944,16,30,164.69,154.29,7,2025-11-11,0.98,658.76,48.75999999999999,berlinda,7,1.0,2999.51,2584.130462,3.82228813559322,9.571788413098236,Baixa,🟢 Abaixo viável,
RRA0205,Florianopolis-Praia_Brava-apartamento-JR-2Q,Carteira 1,SC,"Florianópolis, SC","Florianópolis, SC, Praia Brava",0,436,2208.0,13,2384.46,2025-11,0.2667,0.3017,8,30,315.0,254.69,13,2025-11-11,0.93,0.0,176.46000000000004,berlinda,13,1.0,5518.969999999999,3091.035699,18.84812385194132,84.63476070528966,Crítico,🟢 Abaixo viável,
VIC0203,Florianopolis-Novo_Campeche-apartamento-TOP-2Q,Carteira 1,SC,"Florianópolis, SC","Florianópolis, SC, Campeche",0,731,6040.67,49,6978.07,2025-11,0.6667,0.5466,20,30,397.5,482.5,4,2025-11-11,0.87,0.0,937.3999999999996,berlinda,4,2.0,7970.67,7327.401,32.40835216614335,96.72544080604534,Crítico,🟢 Abaixo viável,
VIL0001,Penha-Longe-apartamento-JR-1Q,Carteira 6,SC,"Penha, SC","Penha, SC, Santa Lidia",0,71,1045.22,17,1068.14,2025-11,0.3333,0.2822,10,30,113.7,94.5,10,2025-11-11,0.98,0.0,22.920000000000073,berlinda,10,1.0,1990.22,1360.1885,2.027767895594217,3.5264483627204033,Baixa,🟢 Abaixo viável,
BFT3015,Goiania-Leste-apartamento-SUP-1Q,Carteira 1_sys-price,GO,"Goiânia, GO","Goiânia, GO, Jardim Goiás",1,450,1488.06,74,1505.82,2025-11,0.4138,0.3364,12,30,151.75,170.14,14,2025-11-11,0.99,151.75,17.75999999999999,berlinda,14,1.0,3870.02,2473.715048,2.0066717137506465,3.022670025188917,Baixa,🟢 Abaixo viável,
BSO0107,Itajai-Praia_Brava-apartamento-SUP-1Q,Carteira 6,SC,"Balneário Camboriú, SC","Balneário Camboriú, SC, Praia dos Amores",0,198,2353.9,10,2766.14,2025-11,0.6,0.5032,18,30,151.5,136.75,12,2025-11-11,0.85,0.0,412.2399999999998,berlinda,12,4.0,3994.9,3338.5,5.094989769136772,17.632241813602015,Baixa,🟢 Abaixo viável,
RBF142,Florianopolis-Estreito-casa-JR-2Q,Carteira 4,SC,"Florianópolis, SC","Florianópolis, SC, Capoeiras",0,752,2117.2,15,2554.62,2025-11,0.4333,0.4041,13,30,192.46,185.2,15,2025-11-11,0.83,0.0,437.4200000000001,berlinda,15,3.0,4895.2,3320.9074,10.5704154303445,56.17128463476071,Alta,🟢 Abaixo viável,
EDJ0410,Florianopolis-Ingleses_Praia-apartamento-SUP-1Q,Carteira 1,SC,"Florianópolis, SC","Florianópolis, SC, Ingleses do Rio Vermelho",0,204,3400.03,37,3730.47,2025-11,0.6333,0.5144,19,30,227.32,211.5,6,2025-11-11,0.91,0.0,330.4399999999996,berlinda,6,2.0,4669.030000000001,4203.6877,9.367192337694705,48.86649874055416,Média,🟢 Abaixo viável,
ILC4406,Especial-ILC-hotel-JR-1Q,Especial,SC,"Florianópolis, SC","Florianópolis, SC, Jurerê Internacional",14,1971,8976.96,16,9179.91,2025-11,1.0,0.5499,16,30,783.75,,0,2025-11-11,0.98,10972.5,202.95000000000073,berlinda,0,0.0,,,,,Baixa,🔴 Abaixo inviável,
NWT0922,Especial-NWT-apartamento-TOP-1Q,Carteira 5,AL,"Maceió, AL","Maceió, AL, Pajuçara",1,221,4230.57,40,4657.0,2025-11,0.6207,0.5442,18,30,279.28,295.5,10,2025-11-11,0.91,279.28,426.4300000000003,berlinda,10,2.0,7185.57,6064.7384999999995,13.529102963281092,71.28463476070529,Alta,🟢 Abaixo viável,
NWT1004,Especial-NWT-apartamento-TOP-1Q,Carteira 5,AL,"Maceió, AL","Maceió, AL, Pajuçara",0,199,3987.58,40,4657.0,2025-11,0.5333,0.5442,16,30,300.31,291.82,11,2025-11-11,0.86,0.0,669.4200000000001,berlinda,11,3.0,7197.6,5699.483666,13.982545587287959,72.79596977329975,Alta,🟢 Abaixo viável,
AGS0642,Bombinhas-Centro-casa-SUP-4Q,Carteira 6,SC,"Bombinhas, SC","Bombinhas, SC, Centro",9,540,5871.19,31,6184.03,2025-11,0.7619,0.4399,16,30,441.88,220.0,4,2025-11-11,0.95,3976.92,312.84000000000015,berlinda,4,2.0,6751.19,6541.661999999999,5.564720740358636,20.151133501259448,Média,🟢 Abaixo viável,
ELF0412,Bombinhas-Bombas-apartamento-SUP-1Q,Especial,SC,"Bombinhas, SC","Bombinhas, SC, José Amândio",13,192,2072.65,49,2579.11,2025-11,0.7647,0.44,13,30,190.62,146.33,3,2025-11-11,0.8,2478.06,506.46000000000004,berlinda,3,4.0,2511.6400000000003,2408.3456530000003,7.183707926377708,31.48614609571788,Média,🟠 Abaixo precisa esforço,
PLN0415,Brasilia-Lago_Norte-apartamento-SUP-1Q,Carteira 1_sys-price,DF,"Brasília, DF","Guará, DF, Centro",0,761,3589.48,533,3946.55,2025-11,0.6333,0.6467,19,30,196.74,249.36,11,2025-11-11,0.91,0.0,357.07000000000016,berlinda,11,2.0,6332.4400000000005,5326.596568,11.280609038273944,60.45340050377834,Alta,🟢 Abaixo viável,
CCU203,Florianopolis-Praia_Brava-apartamento-JR-2Q,Carteira 1,SC,"Florianópolis, SC","Florianópolis, SC, Praia Brava",1,1192,2260.62,13,2384.46,2025-11,0.3103,0.3017,9,30,334.44,236.2,10,2025-11-11,0.95,334.44,123.84000000000015,berlinda,10,1.0,4622.62,2993.5486,12.267351098361909,64.23173803526448,Alta,🟢 Abaixo viável,
DOV108,Florianopolis-Ingleses_Norte-apartamento-SUP-2Q,Carteira 1,SC,"Florianópolis, SC","Florianópolis, SC, Ingleses",0,845,2824.2,58,3045.34,2025-11,0.4667,0.3095,14,30,266.5,227.42,12,2025-11-11,0.93,0.0,221.14000000000033,berlinda,12,1.0,5553.24,4097.842968,16.514300143826325,80.85642317380352,Crítico,🟢 Abaixo viável,
MHFB0506,Itapema-Canto_Praia-apartamento-SUP-1Q,Carteira 5,SC,"Itapema, SC","Itapema, SC, Centro",0,457,2830.91,9,3362.19,2025-11,0.6,0.347,18,30,176.67,189.6,10,2025-11-11,0.84,0.0,531.2800000000002,berlinda,10,3.0,4726.91,3968.5099999999998,9.986614676743436,52.896725440806044,Alta,🟢 Abaixo viável,
NBL0910,Porto_Alegre-Jardim_Botanico-apartamento-SUP-1Q,Carteira 4,RS,"Porto Alegre, RS","Porto Alegre, RS, Santa Cecília",0,702,1353.98,60,1567.83,2025-11,0.3667,0.3503,11,30,150.18,135.08,13,2025-11-11,0.86,0.0,213.8499999999999,berlinda,13,2.0,3110.0200000000004,1997.919868,9.21236932575598,47.3551637279597,Média,🟢 Abaixo viável,
ONJ2612,Sao_Paulo-Moema-apartamento-TOP-1Q,Carteira 4,SP,"São Paulo, SP","São Paulo, SP, Indianópolis",2,273,4136.56,105,4638.45,2025-11,0.6071,0.6021,17,30,301.06,209.25,8,2025-11-11,0.89,602.12,501.8899999999994,berlinda,8,3.0,5810.56,5152.8454,7.54709601267664,35.012594458438286,Média,🟢 Abaixo viável,
RSU3842,Penha-Longe-apartamento-SUP-3Q,Carteira 6,SC,"Penha, SC","Penha, SC, Gravatá",0,303,3278.85,17,3622.27,2025-11,0.5,0.3194,15,30,290.53,162.25,4,2025-11-11,0.91,0.0,343.4200000000001,berlinda,4,3.0,3927.85,3603.35,5.127530066321212,18.1360201511335,Baixa,🟠 Abaixo precisa esforço,
TCO0811,Porto_Alegre-Centro_Historico-apartamento-SUP-1Q,Carteira 4,RS,"Porto Alegre, RS","Porto Alegre, RS, Centro Histórico",0,499,1620.11,72,1793.66,2025-11,0.5333,0.4337,16,30,126.25,120.0,12,2025-11-11,0.9,0.0,173.55000000000018,berlinda,12,2.0,3060.1099999999997,2388.062,5.805448078231108,22.921914357682617,Média,🟢 Abaixo viável,
TXP1803,Goiania-Central-apartamento-SUP-1Q,Carteira 1_sys-price,GO,"Goiânia, GO","Goiânia, GO, Setor Bueno",0,471,1330.96,149,1516.4,2025-11,0.3333,0.3335,10,30,150.4,147.0,15,2025-11-11,0.88,0.0,185.44000000000005,berlinda,15,2.0,3535.96,2065.8865,8.988288050646268,46.095717884130984,Média,🟢 Abaixo viável,
DLH0303,Gramado-Centro-apartamento-TOP-2Q,Carteira 4,RS,"Gramado, RS","Gramado, RS, Centro",0,521,8530.99,55,10638.6,2025-11,0.6,0.6864,18,30,663.67,564.0,6,2025-11-11,0.8,0.0,2107.6100000000006,berlinda,6,4.0,11914.99,10561.39,27.933469629462525,93.70277078085643,Crítico,🟠 Abaixo precisa esforço,
MHF0703,Itapema-Canto_Praia-apartamento-TOP-1Q,Carteira 5,SC,"Itapema, SC","Itapema, SC, Centro",0,498,2388.05,17,2947.0,2025-11,0.3667,0.4478,11,30,258.73,234.0,11,2025-11-11,0.81,0.0,558.9499999999998,berlinda,11,3.0,4962.05,3331.9358,14.79406175771971,74.55919395465995,Alta,🟢 Abaixo viável,
PSO0504,Penha-Beto_Carrero-apartamento-TOP-1Q,Carteira 3,SC,"Penha, SC","Penha, SC, Praia de Armação do Itapocoroi",0,100,3479.46,16,4132.99,2025-11,0.5667,0.6017,17,30,208.95,201.56,9,2025-11-11,0.84,0.0,653.5299999999997,berlinda,9,4.0,5293.5,4507.476468,7.967930408735561,38.0352644836272,Média,🟢 Abaixo viável,
SPJ0102,Especial-SPJ-apartamento-TOP-1Q,Carteira 5,SC,"Florianópolis, SC","Florianópolis, SC, Jurerê",0,210,5033.17,15,6230.75,2025-11,0.6333,0.6136,19,30,331.58,235.7,10,2025-11-11,0.81,0.0,1197.58,berlinda,10,6.0,7390.17,6525.8581,7.550444863512952,35.26448362720403,Média,🟢 Abaixo viável,
SPJ0203,Especial-SPJ-apartamento-TOP-1Q,Carteira 5,SC,"Florianópolis, SC","Florianópolis, SC, Jurerê",0,518,6085.35,15,6230.75,2025-11,0.6667,0.6136,20,30,359.25,272.0,7,2025-11-11,0.98,0.0,145.39999999999964,berlinda,7,1.0,7989.35,7354.746800000001,6.347357862215608,25.94458438287154,Média,🟢 Abaixo viável,
TCO1210,Porto_Alegre-Centro_Historico-apartamento-SUP-1Q,Carteira 4,RS,"Porto Alegre, RS","Porto Alegre, RS, Centro Histórico",0,509,1585.12,72,1793.66,2025-11,0.5,0.4337,15,30,133.6,120.0,9,2025-11-11,0.88,0.0,208.5400000000002,berlinda,9,2.0,2665.12,2125.12,6.97590401748381,30.478589420654913,Média,🟢 Abaixo viável,
VST036,Especial-VST-casa-TOP-1Q,Carteira 5,SC,"Anitápolis, SC",VST036,1,213,2084.73,41,2231.25,2025-11,0.3103,0.1613,9,30,300.33,204.92,13,2025-11-11,0.93,300.33,146.51999999999998,berlinda,13,1.0,4748.6900000000005,2911.356788,13.456528134453784,71.03274559193954,Alta,🟢 Abaixo viável,
WSH0801,Curitiba-Batel-apartamento-SUP-1Q,Carteira 4,PR,"Curitiba, PR","Curitiba, PR, Bigorrilho",0,213,2285.31,195,2545.75,2025-11,0.3,0.4935,9,30,215.08,171.21,14,2025-11-11,0.9,0.0,260.44000000000005,berlinda,14,2.0,4682.25,3004.392,8.75772020033389,43.8287153652393,Média,🟢 Abaixo viável,
CZZ0503,Urubici-Geral-apartamento-SUP-1Q,Especial,SC,"Urubici, SC","Urubici, SC, Centro",0,246,1301.26,49,1401.48,2025-11,0.2,0.1601,6,30,265.67,248.12,17,2025-11-11,0.93,0.0,100.22000000000003,berlinda,17,1.0,5519.3,2144.868,17.743090447241492,83.12342569269522,Crítico,🟢 Abaixo viável,
ELU0211,Florianopolis-Jurere_Tradicional-apartamento-TOP-1Q,Carteira 1,SC,"Florianópolis, SC","Florianópolis, SC, Jurerê",2,74,6671.29,18,6829.73,2025-11,0.7143,0.605,20,30,390.35,427.0,6,2025-11-11,0.98,780.7,158.4399999999996,berlinda,6,1.0,9233.29,8501.3266,9.905791297752598,52.141057934508815,Alta,🟢 Abaixo viável,
MPL0004,Brasilia-Asa_Norte-apartamento-JR-1Q,Carteira 1_sys-price,DF,"Brasília, DF","Brasília, DF, Asa Norte",0,257,2594.26,163,2728.02,2025-11,0.4333,0.6523,13,30,204.0,188.87,15,2025-11-11,0.95,0.0,133.75999999999976,berlinda,15,1.0,5427.31,3821.820565,9.260654687282335,47.607052896725435,Média,🟢 Abaixo viável,
RGP208,Florianopolis-Jurere_Tradicional-apartamento-JR-2Q,Carteira 1,SC,"Florianópolis, SC","Florianópolis, SC, Jurerê",0,1484,4540.34,21,5552.62,2025-11,0.5,0.5808,15,30,362.8,242.0,6,2025-11-11,0.82,0.0,1012.2799999999997,berlinda,6,5.0,5992.34,5266.34,8.823645774427206,44.33249370277078,Média,🟠 Abaixo precisa esforço,
SSG0317,Florianopolis-UFSC-apartamento-TOP-1Q,Carteira 4,SC,"Florianópolis, SC","Florianópolis, SC, Córrego Grande",0,319,2454.33,16,2679.84,2025-11,0.4,0.5048,12,30,251.83,206.71,14,2025-11-11,0.92,0.0,225.51000000000022,berlinda,14,2.0,5348.27,3611.906,8.697379712967948,43.32493702770781,Média,🟢 Abaixo viável,
TPS306,Florianopolis-Canasvieiras_Meio-apartamento-TOP-1Q,Carteira 1,SC,"Florianópolis, SC","Florianópolis, SC, Canasvieiras",0,995,3586.44,25,4223.9,2025-11,0.6,0.563,18,30,263.67,262.33,12,2025-11-11,0.85,0.0,637.4599999999996,berlinda,12,3.0,6734.4,5475.215999999999,13.196720392686055,68.76574307304786,Alta,🟢 Abaixo viável,
BBC0102,Marau-Barra_Grande-apartamento-SUP-3Q,Carteira 2,BA,"Maraú, BA","Maraú, BA, Barra Grande",4,26,3713.22,12,3751.94,2025-11,0.3846,0.2379,10,30,441.3,443.33,9,2025-11-11,0.99,1765.2,38.720000000000255,berlinda,9,1.0,7703.19,5247.762462,4.575163142267763,13.602015113350127,Baixa,🟢 Abaixo viável,
NDE0002,Florianopolis-Campeche-apartamento-JR-1Q,Carteira 1,SC,"Florianópolis, SC","Florianópolis, SC, Ribeirão da Ilha",0,185,1912.52,24,2034.58,2025-11,0.5,0.4717,15,30,156.33,182.15,13,2025-11-11,0.94,0.0,122.05999999999995,berlinda,13,1.0,4280.47,3096.495,10.927674999262743,58.69017632241813,Alta,🟢 Abaixo viável,
NWT0910,Especial-NWT-apartamento-MASTER-1Q,Carteira 5,AL,"Maceió, AL","Maceió, AL, Pajuçara",1,221,5745.96,30,6165.78,2025-11,0.3793,0.6885,11,30,600.0,600.0,11,2025-11-11,0.93,600.0,419.8199999999997,berlinda,11,1.0,12345.96,8249.34,40.853225382676605,97.48110831234257,Crítico,🟢 Abaixo viável,
ISC1511,Sao_Paulo-Republica-apartamento-TOP-1Q,Carteira 4,SP,"São Paulo, SP","São Paulo, SP, Vila Buarque",0,499,3892.13,105,4326.1,2025-11,0.7333,0.6189,22,30,220.18,175.0,6,2025-11-11,0.9,0.0,433.97000000000025,berlinda,6,3.0,4942.13,4662.095,5.851671636500932,23.173803526448363,Média,🟢 Abaixo viável,
JBV173,Especial-JBV-hotel-JR-1Q,Especial,SC,"Florianópolis, SC","Florianópolis, SC, Jurerê",0,1698,8826.69,25,9026.89,2025-11,0.7667,0.58,23,30,491.0,532.17,6,2025-11-11,0.98,0.0,200.1999999999989,berlinda,6,1.0,12019.71,11274.778434,11.802562565844868,61.712846347607055,Alta,🟢 Abaixo viável,
MHFA1204,Itapema-Canto_Praia-apartamento-SUP-1Q,Carteira 5,SC,"Itapema, SC","Itapema, SC, Centro",0,479,3122.94,9,3362.19,2025-11,0.6667,0.347,20,30,185.35,186.56,9,2025-11-11,0.93,0.0,239.25,berlinda,9,2.0,4801.98,4242.355968,6.637709350155699,27.204030226700255,Média,🟢 Abaixo viável,
BTR0302,Balneario_Camboriu-Intermediario-apartamento-JR-2Q,Carteira 6,SC,"Balneário Camboriú, SC","Balneário Camboriú, SC, Centro",16,681,2481.33,36,2763.87,2025-11,1.0,0.4118,14,30,241.0,,0,2025-11-11,0.9,3856.0,282.53999999999996,berlinda,0,0.0,,,,,Baixa,🔴 Abaixo inviável,
ELU207,Florianopolis-Jurere_Tradicional-apartamento-TOP-1Q,Carteira 1,SC,"Florianópolis, SC","Florianópolis, SC, Jurerê",0,892,5960.02,18,6829.73,2025-11,0.7,0.605,21,30,370.82,343.0,4,2025-11-11,0.87,0.0,869.7099999999991,berlinda,4,3.0,7332.02,6920.42,14.559410596514535,74.05541561712846,Alta,🟢 Abaixo viável,
JBV167,Especial-JBV-hotel-TOP-1Q,Especial,SC,"Florianópolis, SC","Florianópolis, SC, Jurerê",0,1121,9682.8,34,10718.98,2025-11,0.6667,0.6611,20,30,570.4,426.25,4,2025-11-11,0.9,0.0,1036.1800000000003,berlinda,4,3.0,11387.8,10819.5235,13.734880402177575,72.29219143576826,Alta,🟢 Abaixo viável,
VHB1104,Balneario_Picarras-Geral-apartamento-TOP-2Q,Carteira 6,SC,"Balneário Piçarras, SC","Balneário Piçarras, SC, Itacolomi",10,562,2366.22,35,2411.71,2025-11,0.7,0.3346,14,30,198.64,145.25,4,2025-11-11,0.98,1986.3999999999999,45.49000000000024,berlinda,4,1.0,2947.22,2772.9199999999996,2.7397251327896113,5.541561712846348,Baixa,🟢 Abaixo viável,
ERM0102,Balneario_Camboriu-Centro-apartamento-SUP-3Q,Carteira 6,SC,"Balneário Camboriú, SC","Balneário Camboriú, SC, Centro",4,25,2977.95,75,3720.25,2025-11,0.6154,0.4048,16,30,232.19,203.5,10,2025-11-11,0.8,928.76,742.3000000000002,berlinda,10,4.0,5012.95,4230.289,10.15106847658088,53.65239294710328,Alta,🟢 Abaixo viável,
JBM201,Florianopolis-Jurere_Tradicional-apartamento-TOP-1Q,Carteira 1,SC,"Florianópolis, SC","Florianópolis, SC, Jurerê",0,1971,5890.07,18,6829.73,2025-11,0.6,0.605,18,30,412.94,470.7,10,2025-11-11,0.86,0.0,939.6599999999999,berlinda,10,2.0,10597.07,8714.27,32.38034021842737,96.4735516372796,Crítico,🟢 Abaixo viável,
LIV1011,Salvador-Graca-apartamento-TOP-1Q,Especial,BA,"Salvador, BA","Salvador, BA, Vitória",0,145,3302.16,15,3581.56,2025-11,0.5667,0.5526,17,30,235.65,260.83,12,2025-11-11,0.92,0.0,279.4000000000001,berlinda,12,2.0,6432.12,5075.908332,10.173765342476464,53.904282115869016,Alta,🟢 Abaixo viável,
MHE0213,Florianopolis-Cachoeira_Bom_Jesus-apartamento-TOP-2Q,Carteira 1,SC,"Florianópolis, SC","Florianópolis, SC, Cachoeira do Bom Jesus",0,283,5326.16,28,5632.31,2025-11,0.5667,0.4328,17,30,357.65,360.75,8,2025-11-11,0.95,0.0,306.15000000000055,berlinda,8,1.0,8212.16,6961.656199999999,19.608937096857275,85.64231738035264,Crítico,🟢 Abaixo viável,
MHF0805,Itapema-Canto_Praia-apartamento-TOP-1Q,Carteira 5,SC,"Itapema, SC","Itapema, SC, Centro",4,417,2484.03,17,2947.0,2025-11,0.4615,0.4478,12,30,256.08,207.8,10,2025-11-11,0.84,1024.32,462.9699999999998,berlinda,10,3.0,4562.030000000001,3443.027,10.881706368057912,58.18639798488665,Alta,🟢 Abaixo viável,
MHFB0903,Itapema-Canto_Praia-apartamento-SUP-1Q,Carteira 5,SC,"Itapema, SC","Itapema, SC, Centro",0,360,3315.35,9,3362.19,2025-11,0.6667,0.347,20,30,187.5,169.63,8,2025-11-11,0.99,0.0,46.840000000000146,berlinda,8,1.0,4672.389999999999,4220.088568,2.3631826874745396,5.037783375314862,Baixa,🟢 Abaixo viável,
NWT1115,Especial-NWT-apartamento-TOP-1Q,Carteira 5,AL,"Maceió, AL","Maceió, AL, Pajuçara",1,150,4311.83,40,4657.0,2025-11,0.4828,0.5442,14,30,368.21,292.38,8,2025-11-11,0.93,368.21,345.1700000000001,berlinda,8,2.0,6650.87,5441.118512,10.835388082456518,57.43073047858942,Alta,🟢 Abaixo viável,
CEP093,Balneario_Camboriu-Centro-apartamento-SUP-3Q,Carteira 6,SC,"Balneário Camboriú, SC","Balneário Camboriú, SC, Centro",8,787,3484.44,75,3720.25,2025-11,0.4545,0.4048,10,30,388.3,177.57,7,2025-11-11,0.94,3106.4,235.80999999999995,berlinda,7,2.0,4727.43,4049.378955,5.627683851891674,20.906801007556673,Média,🟢 Abaixo viável,
CLR0211,Brasilia-Vila_Planalto-apartamento-SUP-1Q,Carteira 1,DF,"Brasília, DF","Brasília, DF, Asa Norte",0,128,3287.76,70,3534.27,2025-11,0.4333,0.5225,13,30,303.08,305.31,16,2025-11-11,0.93,0.0,246.50999999999976,berlinda,16,1.0,8172.72,5404.413168000001,21.294911848840048,87.6574307304786,Crítico,🟢 Abaixo viável,
ECL1902,Curitiba-Centro-apartamento-SUP-1Q,Carteira 4,PR,"Curitiba, PR","Curitiba, PR, Centro",0,142,1790.2,500,2211.28,2025-11,0.4667,0.4953,14,30,156.5,148.67,15,2025-11-11,0.81,0.0,421.08000000000015,berlinda,15,3.0,4020.25,2830.9643349999997,9.43676115191202,49.37027707808564,Média,🟢 Abaixo viável,
ESS1004,Goiania-Leste-apartamento-SUP-1Q,Carteira 1_sys-price,GO,"Goiânia, GO","Goiânia, GO, Setor Alto da Glória",0,250,1220.19,74,1505.82,2025-11,0.2667,0.3364,8,30,185.25,210.0,19,2025-11-11,0.81,0.0,285.6299999999999,berlinda,19,2.0,5210.1900000000005,2284.323,19.91682272781607,85.8942065491184,Crítico,🟢 Abaixo viável,
JMA006,Florianopolis-Jurere_Longe-apartamento-JR-1Q,Carteira 1,SC,"Florianópolis, SC","Florianópolis, SC, Jurerê",2,779,1645.14,39,1965.96,2025-11,0.3571,0.455,10,30,194.4,142.64,11,2025-11-11,0.84,388.8,320.81999999999994,berlinda,11,3.0,3214.1800000000003,2205.444184,7.759019308632933,36.775818639798494,Média,🟢 Abaixo viável,
RMM0318,Florianopolis-Ingleses_Centro-apartamento-SUP-1Q,Carteira 1,SC,"Florianópolis, SC","Florianópolis, SC, Ingleses do Rio Vermelho",0,591,2038.06,23,2074.85,2025-11,0.4333,0.3316,13,30,220.69,204.19,16,2025-11-11,0.98,0.0,36.789999999999964,berlinda,16,1.0,5305.1,3453.668432,3.6205750295202037,8.312342569269521,Baixa,🟢 Abaixo viável,
TRC0410,Florianopolis-UFSC-apartamento-SUP-1Q,Carteira 4,SC,"Florianópolis, SC","Florianópolis, SC, Carvoeira",0,130,2469.51,40,2727.0,2025-11,0.3667,0.4971,11,30,205.77,162.31,13,2025-11-11,0.91,0.0,257.4899999999998,berlinda,13,2.0,4579.540000000001,3243.258001,7.662853300330029,35.51637279596977,Média,🟢 Abaixo viável,
EJO0403,Florianopolis-Centrao-apartamento-JR-1Q,Carteira 4,SC,"Florianópolis, SC","Florianópolis, SC, Centro",1,393,2445.39,71,2585.44,2025-11,0.5517,0.4921,16,30,190.75,137.36,11,2025-11-11,0.95,190.75,140.05000000000018,berlinda,11,2.0,3956.35,3278.986632,3.7203083421003824,8.816120906801007,Baixa,🟢 Abaixo viável,
MGI025,Porto_Seguro-Pitinga-casa-SUP-2Q,Carteira 2,BA,"Porto Seguro, BA","Porto Seguro, BA, Arraial DAjuda",2,207,4471.46,11,5503.73,2025-11,0.25,0.3371,7,30,642.86,600.0,10,2025-11-11,0.81,1285.72,1032.2699999999995,berlinda,10,2.0,10471.46,5971.46,56.26747678392651,98.74055415617129,Crítico,🟢 Abaixo viável,
PIC0125,Bombinhas-Centro-apartamento-JR-3Q,Carteira 6,SC,"Bombinhas, SC","Bombinhas, SC, Centro",12,463,2486.93,62,3033.53,2025-11,0.6667,0.3503,12,30,228.5,189.0,6,2025-11-11,0.82,2742.0,546.6000000000004,berlinda,6,3.0,3620.93,3242.9678,11.351725547464511,60.957178841309826,Alta,🟢 Abaixo viável,
RTL0302,Itapema-Canto_Praia-apartamento-JR-2Q,Carteira 6,SC,"Itapema, SC","Itapema, SC, Centro",0,409,2989.77,10,3496.69,2025-11,0.7333,0.3953,22,30,208.32,332.0,8,2025-11-11,0.86,0.0,506.9200000000001,berlinda,8,2.0,5645.77,4937.4148,24.065250279550096,90.6801007556675,Crítico,🟢 Abaixo viável,
VLO0504,Florianopolis-Jurere_Longe-apartamento-TOP-2Q,Carteira 1,SC,"Florianópolis, SC","Florianópolis, SC, Jurerê Internacional",5,358,6275.98,16,7660.43,2025-11,0.56,0.5989,14,30,524.14,514.0,6,2025-11-11,0.82,2620.7,1384.4500000000007,berlinda,6,3.0,9359.98,8003.0199999999995,30.964636885048677,95.46599496221663,Crítico,🟢 Abaixo viável,
EVE0104,Florianopolis-Ingleses_Praia-apartamento-JR-3Q,Carteira 1,SC,"Florianópolis, SC","Florianópolis, SC, Ingleses do Rio Vermelho",4,204,2360.52,55,2819.88,2025-11,0.3846,0.3727,10,30,260.5,292.38,13,2025-11-11,0.84,1042.0,459.3600000000001,berlinda,13,2.0,6161.46,3822.361524,23.814431252393724,90.17632241813602,Crítico,🟢 Abaixo viável,
JMA025,Florianopolis-Jurere_Longe-apartamento-JR-1Q,Carteira 1,SC,"Florianópolis, SC","Florianópolis, SC, Jurerê",0,214,1605.92,39,1965.96,2025-11,0.4333,0.455,13,30,187.46,155.46,13,2025-11-11,0.82,0.0,360.03999999999996,berlinda,13,3.0,3626.9,2481.610634,9.490158904555534,49.622166246851386,Média,🟢 Abaixo viável,
UPP0501,Curitiba-Centro-apartamento-JR-1Q,Carteira 4,PR,"Curitiba, PR","Curitiba, PR, Alto da XV",0,17,1635.63,282,1884.7,2025-11,0.4333,0.5093,13,30,139.77,136.93,15,2025-11-11,0.87,0.0,249.06999999999994,berlinda,15,2.0,3689.5800000000004,2525.6065350000003,9.047900222847137,46.59949622166247,Média,🟢 Abaixo viável,
VST007,Especial-VST-casa-TOP-1Q,Carteira 5,SC,"Anitápolis, SC","Anitápolis, SC, Rio dos Pinheiros",3,245,2081.09,41,2231.25,2025-11,0.2593,0.1613,7,30,354.71,195.29,14,2025-11-11,0.93,1064.1299999999999,150.15999999999985,berlinda,14,1.0,4815.15,2790.031758,13.14274348459382,68.26196473551637,Alta,🟢 Abaixo viável,
VRE102,Bombinhas-Bombas-apartamento-SUP-2Q,Carteira 6,SC,"Bombinhas, SC","Bombinhas, SC, Bombas",2,564,2801.23,69,2859.41,2025-11,0.6071,0.3852,17,30,183.24,157.13,8,2025-11-11,0.98,366.48,58.179999999999836,berlinda,8,1.0,4058.27,3564.378984,3.197101290126276,6.801007556675064,Baixa,🟢 Abaixo viável,
CSI0706,Balneario_Picarras-Geral-apartamento-SUP-2Q,Carteira 6,SC,"Balneário Piçarras, SC","Balneário Piçarras, SC, Centro",9,30,1530.44,66,1594.17,2025-11,0.5714,0.2526,12,30,158.5,124.0,6,2025-11-11,0.96,1426.5,63.73000000000002,berlinda,6,1.0,2274.44,1955.5616,4.957137570020764,15.617128463476071,Baixa,🟢 Abaixo viável,
RMC203,Florianopolis-Estreito-apartamento-JR-1Q,Carteira 4,SC,"Florianópolis, SC","Florianópolis, SC, Capoeiras",2,842,1755.97,10,1882.27,2025-11,0.5,0.3899,14,30,137.86,119.77,13,2025-11-11,0.93,275.72,126.29999999999995,berlinda,13,2.0,3312.98,2534.475,4.018273414547327,10.327455919395465,Baixa,🟢 Abaixo viável,
ABY40012,Sao_Paulo-Pompeia-apartamento-SUP-1Q,Carteira 4,SP,"São Paulo, SP","São Paulo, SP, Perdizes",1,31,2258.99,71,2705.63,2025-11,0.5172,0.3976,15,30,187.27,139.83,12,2025-11-11,0.83,187.27,446.6400000000003,berlinda,12,4.0,3936.95,3126.830912,5.770714325314255,22.670025188916874,Média,🟢 Abaixo viável,
IPT0141,Balneario_Camboriu-Centro-apartamento-TOP-2Q,Carteira 6,SC,"Balneário Camboriú, SC","Balneário Camboriú, SC, Centro",0,453,4583.35,33,5387.18,2025-11,0.6333,0.5106,19,30,269.42,321.36,11,2025-11-11,0.85,0.0,803.8299999999999,berlinda,11,3.0,8118.31,6822.040168,15.98355161698699,78.84130982367759,Alta,🟢 Abaixo viável,
MHF1808,Itapema-Canto_Praia-apartamento-TOP-2Q,Carteira 5,SC,"Itapema, SC","Itapema, SC, Centro",0,50,2931.42,14,3094.94,2025-11,0.3667,0.2903,11,30,314.55,333.0,14,2025-11-11,0.95,0.0,163.51999999999998,berlinda,14,1.0,7593.42,4640.9754,17.593930738560356,82.87153652392946,Crítico,🟢 Abaixo viável,
RSA025,Florianopolis-Canasvieiras_Perto-apartamento-JR-1Q,Carteira 1,SC,"Florianópolis, SC","Florianópolis, SC, Canasvieiras",0,208,1955.17,49,2189.81,2025-11,0.4,0.4547,12,30,194.33,167.0,9,2025-11-11,0.89,0.0,234.63999999999987,berlinda,9,2.0,3458.17,2556.37,8.947095866764691,45.5919395465995,Média,🟢 Abaixo viável,
SPJ0101,Especial-SPJ-apartamento-TOP-1Q,Carteira 5,SC,"Florianópolis, SC","Florianópolis, SC, Jurerê",0,211,5237.21,15,6230.75,2025-11,0.6333,0.6136,19,30,337.63,233.0,9,2025-11-11,0.84,0.0,993.54,berlinda,9,5.0,7334.21,6565.2401,7.430720860249569,33.75314861460957,Média,🟢 Abaixo viável,
SPJ0301,Especial-SPJ-apartamento-TOP-1Q,Carteira 5,SC,"Florianópolis, SC","Florianópolis, SC, Jurerê",0,518,5861.05,15,6230.75,2025-11,0.7333,0.6136,22,30,331.77,251.5,8,2025-11-11,0.94,0.0,369.6999999999998,berlinda,8,2.0,7873.05,7336.4496,7.461344942422658,34.005037783375315,Média,🟢 Abaixo viável,
DIO0507,Sao_Paulo-Pompeia-apartamento-SUP-1Q,Carteira 4,SP,"São Paulo, SP","São Paulo, SP, Pompeia",2,59,2169.47,71,2705.63,2025-11,0.5714,0.3976,16,30,174.63,146.5,8,2025-11-11,0.8,349.26,536.1600000000003,berlinda,8,4.0,3341.47,2839.1508,7.257777301404853,31.98992443324937,Média,🟢 Abaixo viável,
ILC4107,Especial-ILC-hotel-TOP-1Q,Especial,SC,"Florianópolis, SC","Florianópolis, SC, Jurerê Internacional",5,423,9683.14,30,11132.4,2025-11,0.76,0.6976,19,30,633.0,670.0,2,2025-11-11,0.87,3165.0,1449.2600000000002,berlinda,2,3.0,11023.14,10701.539999999999,29.074419412405835,94.20654911838791,Crítico,🟠 Abaixo precisa esforço,
ILH310,Florianopolis-Canasvieiras_Perto-apartamento-SUP-2Q,Carteira 1,SC,"Florianópolis, SC","Florianópolis, SC, Canasvieiras",0,91,5161.92,25,5283.94,2025-11,0.6667,0.5593,20,30,325.1,333.0,8,2025-11-11,0.98,0.0,122.01999999999953,berlinda,8,1.0,7825.92,6938.0088,7.689841292671726,36.02015113350126,Média,🟢 Abaixo viável,
SPJ0205,Especial-SPJ-apartamento-TOP-1Q,Carteira 5,SC,"Florianópolis, SC","Florianópolis, SC, Jurerê",0,517,6619.4,15,6230.75,2025-11,0.8,0.6136,24,30,345.33,275.0,6,2025-11-11,1.06,0.0,-388.64999999999964,berlinda,6,-1.0,8269.4,7939.4,,29.398148148148145,Risco Baixo,🟡 Acima com risco,85.71428571428564
VST015,Especial-VST-casa-TOP-1Q,Carteira 5,SC,"Anitápolis, SC","Anitápolis, SC, Rio dos pinheiros",6,123,2370.02,41,2231.25,2025-11,0.5,0.1613,12,30,216.67,203.0,10,2025-11-11,1.06,1300.02,-138.76999999999998,berlinda,10,-0.0,4400.02,3385.02,,64.35185185185185,Risco Médio,🟡 Acima com risco,142.85714285714272
BCY2001,Aguas_Claras-Geral-apartamento-MASTER-2Q,Carteira 1,DF,"Brasília, DF","Brasília, DF, Aguas Claras",9,313,5412.5,10,5222.95,2025-11,0.8095,0.53,17,30,392.41,332.0,4,2025-11-11,1.04,3531.69,-189.55000000000018,berlinda,4,-0.0,6740.5,6487.516,,25.694444444444443,Risco Baixo,🟡 Acima com risco,79.99999999999993
MHF0601,Itapema-Canto_Praia-apartamento-TOP-1Q,Carteira 5,SC,"Itapema, SC","Itapema, SC, Centro",0,449,2986.33,17,2947.0,2025-11,0.5333,0.4478,16,30,223.56,251.33,9,2025-11-11,1.01,0.0,-39.32999999999993,berlinda,9,-0.0,5248.3,4192.638601,,88.6574074074074,Risco Alto,🟡 Acima com risco,449.9999999999996
PSD204,Florianopolis-Jurere_Tradicional-apartamento-JR-1Q,Carteira 1,SC,"Florianópolis, SC","Florianópolis, SC, Jurerê",0,1990,3168.56,18,3094.45,2025-11,0.4667,0.531,14,30,249.07,174.0,8,2025-11-11,1.02,0.0,-74.11000000000013,berlinda,8,-0.0,4560.5599999999995,3818.2064,,80.55555555555556,Risco Alto,🟡 Acima com risco,266.66666666666646
SPJ0104,Especial-SPJ-apartamento-TOP-1Q,Carteira 5,SC,"Florianópolis, SC","Florianópolis, SC, Jurerê",0,516,6295.24,15,6230.75,2025-11,0.7333,0.6136,22,30,348.14,221.75,4,2025-11-11,1.01,0.0,-64.48999999999978,berlinda,4,-0.0,7182.24,6945.6771,,73.61111111111111,Risco Médio,🟡 Acima com risco,199.99999999999983
VNV0801,Itapema-Praia_Centro-apartamento-SUP-2Q,Carteira 6,SC,"Itapema, SC","Itapema, SC, Tabuleiro dos Oliveiras",0,60,2916.78,17,2868.65,2025-11,0.6667,0.4165,20,30,167.0,156.4,10,2025-11-11,1.02,0.0,-48.13000000000011,berlinda,10,-0.0,4480.780000000001,3959.4988000000003,,84.95370370370371,Risco Alto,🟡 Acima com risco,333.3333333333331
NWT0610,Especial-NWT-apartamento-TOP-1Q,Carteira 5,AL,"Maceió, AL","Maceió, AL, Pajuçara",0,215,5021.58,40,4657.0,2025-11,0.7,0.5442,21,30,271.67,322.0,7,2025-11-11,1.08,0.0,-364.5799999999999,berlinda,7,-1.0,7275.58,6599.379999999999,,24.074074074074073,Risco Baixo,🟡 Acima com risco,77.77777777777771
SAT0012,Sao_Paulo-Vila_Olimpia-apartamento-SUP-1Q,Carteira 4,SP,"São Paulo, SP","São Paulo, SP, Itaim Bibi",5,201,5705.31,304,5268.6,2025-11,0.84,0.5515,21,30,350.52,270.5,2,2025-11-11,1.08,1752.6,-436.71000000000004,berlinda,2,-1.0,6246.31,6159.75,,4.62962962962963,Sem Risco,🟡 Acima com risco,22.222222222222204
URB1110,Porto_Alegre-Jardim_Botanico-apartamento-JR-1Q,Carteira 4,RS,"Porto Alegre, RS","Porto Alegre, RS, Petrópolis",0,799,1261.16,8,1160.6,2025-11,0.4,0.2979,12,30,131.5,150.56,18,2025-11-11,1.09,0.0,-100.56000000000017,berlinda,18,-0.0,3971.24,2345.192,,71.75925925925925,Risco Médio,🟡 Acima com risco,179.99999999999983
NWT0617,Especial-NWT-apartamento-TOP-1Q,Carteira 5,AL,"Maceió, AL","Maceió, AL, Pajuçara",1,215,4800.7,40,4657.0,2025-11,0.6552,0.5442,19,30,309.05,284.5,8,2025-11-11,1.03,309.05,-143.69999999999982,berlinda,8,-0.0,7076.7,6291.9352,,73.61111111111111,Risco Médio,🟡 Acima com risco,199.99999999999983
VEC121,Bombinhas-Centro-apartamento-SUP-1Q,Carteira 6,SC,"Bombinhas, SC","Bombinhas, SC, Centro",0,1040,3767.06,34,3528.77,2025-11,0.7667,0.5429,23,30,190.7,135.8,5,2025-11-11,1.07,0.0,-238.28999999999996,berlinda,5,-1.0,4446.0599999999995,4287.6493,,16.666666666666664,Sem Risco,🟡 Acima com risco,62.49999999999994
YOU1203,Sao_Paulo-Pinheiros-apartamento-TOP-1Q,Carteira 4_sys-price,SP,"São Paulo, SP","São Paulo, SP, Jardim Paulistano",0,410,5364.13,275,4995.02,2025-11,0.7333,0.591,22,30,309.77,247.63,8,2025-11-11,1.07,0.0,-369.1099999999997,berlinda,8,-1.0,7345.17,6816.826632,,41.66666666666667,Risco Baixo,🟡 Acima com risco,99.99999999999991
NWT0903,Especial-NWT-apartamento-TOP-1Q,Carteira 5,AL,"Maceió, AL","Maceió, AL, Pajuçara",0,219,4944.76,40,4657.0,2025-11,0.7,0.5442,21,30,271.76,314.0,7,2025-11-11,1.06,0.0,-287.7600000000002,berlinda,7,-0.0,7142.76,6483.360000000001,,35.41666666666667,Risco Baixo,🟡 Acima com risco,99.9999999999999
ILC2316,Especial-ILC-hotel-TOP-1Q,Especial,SC,"Florianópolis, SC","Florianópolis, SC, Jurerê Internacional",0,1522,11128.84,30,11132.4,2025-11,0.6667,0.6976,20,30,736.2,514.0,6,2025-11-11,1.0,0.0,3.5599999999994907,berlinda,6,1.0,14212.84,13184.9428,,92.12962962962963,Risco Alto,🟡 Acima com risco,599.9999999999995
FRE2112,Sao_Paulo-Pinheiros-apartamento-SUP-1Q,Carteira 4,SP,"São Paulo, SP","São Paulo, SP, Pinheiros",0,45,4219.07,421,4048.72,2025-11,0.5667,0.5848,17,30,280.82,180.9,10,2025-11-11,1.04,0.0,-170.3499999999999,berlinda,10,-0.0,6028.07,5244.230299999999,,73.61111111111111,Risco Médio,🟡 Acima com risco,199.99999999999983
ILC4202,Especial-ILC-hotel-TOP-1Q,Especial,SC,"Florianópolis, SC","Florianópolis, SC, Jurerê Internacional",0,1347,11609.37,30,11132.4,2025-11,0.7333,0.6976,22,30,668.14,573.71,7,2025-11-11,1.04,0.0,-476.97000000000116,berlinda,7,-0.0,15625.34,14554.280801,,62.5,Risco Médio,🟡 Acima com risco,139.9999999999999
EDT0010,Porto_Seguro-Pataxos-apartamento-SUP-2Q,Carteira 2,BA,"Porto Seguro, BA","Porto Seguro, BA, Taperapuan",2,723,3672.1,27,3632.05,2025-11,0.7143,0.4027,20,30,204.45,259.0,2,2025-11-11,1.01,408.9,-40.04999999999973,berlinda,2,-0.0,4190.1,4042.1074,,41.66666666666667,Risco Baixo,🟡 Acima com risco,99.99999999999991
GMB0414,Brasilia-Setor_Hoteleiro-apartamento-TOP-1Q,Carteira 1_sys-price,DF,"Brasília, DF","Brasília, DF, Asa Norte",0,691,5384.62,22,5182.87,2025-11,0.7333,0.5822,22,30,309.68,295.5,8,2025-11-11,1.04,0.0,-201.75,berlinda,8,-0.0,7748.62,7118.1412,,67.82407407407408,Risco Médio,🟡 Acima com risco,159.99999999999986
SFR0302,Bombinhas-Centro-apartamento-SUP-1Q,Carteira 6,SC,"Bombinhas, SC","Bombinhas, SC, Centro",0,80,3571.61,34,3528.77,2025-11,0.7333,0.5429,22,30,200.82,193.5,8,2025-11-11,1.01,0.0,-42.840000000000146,berlinda,8,-0.0,5119.610000000001,4706.758400000001,,87.03703703703704,Risco Alto,🟡 Acima com risco,399.99999999999966
CAC0301,Florianopolis-Ingleses_Praia-apartamento-SUP-2Q,Carteira 1,SC,"Florianópolis, SC","Florianópolis, SC, Ingleses do Rio Vermelho",5,354,2952.68,51,2819.88,2025-11,0.48,0.3806,12,30,365.33,292.5,10,2025-11-11,1.05,1826.6499999999999,-132.79999999999973,berlinda,10,-0.0,5877.68,4356.68,,69.21296296296296,Risco Médio,🟡 Acima com risco,166.66666666666654
CSD0101,Bombinhas-Bombas-apartamento-SUP-3Q,Carteira 6,SC,"Bombinhas, SC","Bombinhas, SC, Bombas",8,368,2875.18,18,2849.68,2025-11,0.4545,0.4113,10,30,374.3,238.75,8,2025-11-11,1.01,2994.4,-25.5,berlinda,8,-0.0,4785.18,3743.2749999999996,,87.03703703703704,Risco Alto,🟡 Acima com risco,399.99999999999966
NWT0812,Especial-NWT-apartamento-TOP-1Q,Carteira 5,AL,"Maceió, AL","Maceió, AL, Pajuçara",0,186,4639.8,40,4657.0,2025-11,0.5667,0.5442,17,30,321.29,282.0,6,2025-11-11,1.0,0.0,17.199999999999818,berlinda,6,1.0,6331.8,5598.6564,,92.12962962962963,Risco Alto,🟡 Acima com risco,599.9999999999995
OBD2108,Goiania-Central-apartamento-SUP-2Q,Carteira 1_sys-price,GO,"Goiânia, GO","Goiânia, GO, Setor Bueno",0,71,2154.32,49,2058.7,2025-11,0.4,0.3371,12,30,210.25,225.07,14,2025-11-11,1.05,0.0,-95.62000000000035,berlinda,14,-0.0,5305.3,3414.7120000000004,,77.08333333333334,Risco Médio,🟡 Acima com risco,233.33333333333314
RPB038,Florianopolis-Cachoeira_Bom_Jesus-apartamento-JR-2Q,Carteira 1,SC,"Florianópolis, SC","Florianópolis, SC, Cachoeira do Bom Jesus",6,823,2924.53,15,2802.96,2025-11,0.5833,0.3457,14,30,258.14,261.5,6,2025-11-11,1.04,1548.84,-121.57000000000016,berlinda,6,-0.0,4493.530000000001,3839.7277000000004,,52.31481481481482,Risco Médio,🟡 Acima com risco,119.99999999999989
NWT0803,Especial-NWT-apartamento-TOP-1Q,Carteira 5,AL,"Maceió, AL","Maceió, AL, Pajuçara",0,325,5064.94,40,4657.0,2025-11,0.6667,0.5442,20,30,291.9,289.78,9,2025-11-11,1.09,0.0,-407.9399999999996,berlinda,9,-1.0,7672.959999999999,6803.706933999999,,33.56481481481482,Risco Baixo,🟡 Acima com risco,89.99999999999991
SPJ0403,Especial-SPJ-apartamento-TOP-1Q,Carteira 5,SC,"Florianópolis, SC","Florianópolis, SC, Jurerê",0,516,6253.53,15,6230.75,2025-11,0.7333,0.6136,22,30,349.59,248.0,8,2025-11-11,1.0,0.0,-22.779999999999745,berlinda,8,-0.0,8237.529999999999,7708.397199999999,,95.83333333333334,Risco Alto,🟡 Acima com risco,799.9999999999993
ISM0619,Sao_Paulo-Moema-apartamento-SUP-1Q,Carteira 4_sys-price,SP,"São Paulo, SP","São Paulo, SP, Indianópolis",0,152,3358.16,599,3188.07,2025-11,0.6,0.5066,18,30,225.44,174.63,8,2025-11-11,1.05,0.0,-170.0899999999997,berlinda,8,-0.0,4755.2,4196.384,,58.333333333333336,Risco Médio,🟡 Acima com risco,133.33333333333323
NOR0204,Brasilia-Asa_Norte-apartamento-SUP-1Q,Carteira 1_sys-price,DF,"Brasília, DF","Brasília, DF, Asa Norte",2,767,3266.47,109,3139.47,2025-11,0.6429,0.6322,18,30,199.67,150.0,7,2025-11-11,1.04,399.34,-127.0,berlinda,7,-0.0,4316.469999999999,3941.515,,62.5,Risco Médio,🟡 Acima com risco,139.9999999999999
NWT0616,Especial-NWT-apartamento-TOP-1Q,Carteira 5,AL,"Maceió, AL","Maceió, AL, Pajuçara",0,215,4722.15,40,4657.0,2025-11,0.6333,0.5442,19,30,272.95,274.67,6,2025-11-11,1.01,0.0,-65.14999999999964,berlinda,6,-0.0,6370.17,5765.841066,,83.33333333333334,Risco Alto,🟡 Acima com risco,299.9999999999998
CON1506,Porto_Alegre-PUC_RS-apartamento-SUP-1Q,Carteira 4,RS,"Porto Alegre, RS","Porto Alegre, RS, Partenon",0,894,1513.15,18,1426.41,2025-11,0.3667,0.3141,11,30,162.73,137.33,12,2025-11-11,1.06,0.0,-86.74000000000001,berlinda,12,-0.0,3161.11,2117.456932,,69.9074074074074,Risco Médio,🟡 Acima com risco,171.42857142857127
SPA309,Florianopolis-UFSC-apartamento-SUP-1Q,Carteira 4,SC,"Florianópolis, SC","Florianópolis, SC, Trindade",1,767,2770.15,40,2727.0,2025-11,0.5517,0.4971,16,30,233.75,177.25,4,2025-11-11,1.02,233.75,-43.15000000000009,berlinda,4,-0.0,3479.15,3161.3053,,58.333333333333336,Risco Médio,🟡 Acima com risco,133.33333333333323
BLB1004,Salvador-Barra-apartamento-SUP-1Q,Carteira 2,BA,"Salvador, BA","Salvador, BA, Barra",0,355,3151.9,203,3119.92,2025-11,0.5667,0.546,17,30,237.53,224.08,13,2025-11-11,1.01,0.0,-31.980000000000018,berlinda,13,-0.0,6064.9400000000005,4802.719768,,93.05555555555556,Risco Alto,🟡 Acima com risco,649.9999999999994
MAL0105,Florianopolis-Santo_Antonio_de_Lisboa-apartamento-SUP-1Q,Carteira 1,SC,"Florianópolis, SC","Florianópolis, SC, Santo Antonio de Lisboa",3,108,2757.94,12,2579.11,2025-11,0.3704,0.4605,10,30,269.42,255.27,11,2025-11-11,1.07,808.26,-178.82999999999993,berlinda,11,-0.0,5565.91,3798.012088,,60.64814814814815,Risco Médio,🟡 Acima com risco,137.4999999999999
NWT0614,Especial-NWT-apartamento-TOP-1Q,Carteira 5,AL,"Maceió, AL","Maceió, AL, Pajuçara",0,211,5056.9,40,4657.0,2025-11,0.6,0.5442,18,30,389.78,297.08,12,2025-11-11,1.09,0.0,-399.89999999999964,berlinda,12,-1.0,8621.86,7195.875999999999,,52.31481481481482,Risco Médio,🟡 Acima com risco,119.99999999999989
CMT0404,Florianopolis-UFSC-apartamento-SUP-3Q,Carteira 4,SC,"Florianópolis, SC","Florianópolis, SC, Córrego Grande",1,260,4095.08,11,3941.66,2025-11,0.4828,0.3443,14,30,382.36,272.25,8,2025-11-11,1.04,382.36,-153.42000000000007,berlinda,8,-0.0,6273.08,5146.618399999999,,67.82407407407408,Risco Médio,🟡 Acima com risco,159.99999999999986
ILC4104,Especial-ILC-hotel-JR-1Q,Especial,SC,"Florianópolis, SC","Florianópolis, SC, Jurerê Internacional",3,1005,9810.43,16,9179.91,2025-11,0.7037,0.5499,19,30,595.63,580.25,4,2025-11-11,1.07,1786.8899999999999,-630.5200000000004,berlinda,4,-1.0,12131.43,11443.717700000001,,11.342592592592593,Sem Risco,🟡 Acima com risco,49.99999999999996
NWC1510,Curitiba-Centro-apartamento-SUP-1Q,Carteira 4,PR,"Curitiba, PR","Curitiba, PR, Centro",0,80,2217.47,500,2211.28,2025-11,0.4667,0.4953,14,30,184.79,148.0,12,2025-11-11,1.0,0.0,-6.1899999999996,berlinda,12,-0.0,3993.47,3046.3292,,98.61111111111111,Risco Alto,🟡 Acima com risco,1199.999999999999
VLO0514,Florianopolis-Jurere_Longe-apartamento-TOP-2Q,Carteira 1,SC,"Florianópolis, SC","Florianópolis, SC, Jurerê Internacional",3,354,8071.01,16,7660.43,2025-11,0.6667,0.5989,18,30,717.67,533.8,5,2025-11-11,1.05,2153.0099999999998,-410.5799999999999,berlinda,5,-0.0,10740.01,9850.4323,,27.77777777777778,Risco Baixo,🟡 Acima com risco,83.33333333333327
CVAF0220,Mata_de_Sao_Joao-Praia_do_Forte_Longe-apartamento-SUP-1Q,Carteira 2,BA,"Mata de São João, BA","Mata de São João, BA, Praia do Forte",3,232,4612.32,90,4393.98,2025-11,0.6667,0.4448,18,30,296.39,248.0,8,2025-11-11,1.05,889.17,-218.34000000000015,berlinda,8,-0.0,6596.32,5935.0527999999995,,58.333333333333336,Risco Médio,🟡 Acima com risco,133.33333333333323
OAG0820,Sao_Paulo-Pinheiros-apartamento-TOP-1Q,Carteira 4_sys-price,SP,"São Paulo, SP","São Paulo, SP, Cerqueira César",3,368,5211.19,275,4995.02,2025-11,0.7037,0.591,19,30,366.74,245.5,4,2025-11-11,1.04,1100.22,-216.16999999999916,berlinda,4,-0.0,6193.19,5902.2234,,25.694444444444443,Risco Baixo,🟡 Acima com risco,79.99999999999993
PGL0301,Florianopolis-Canasvieiras_Perto-apartamento-TOP-3Q,Carteira 1,SC,"Florianópolis, SC","Florianópolis, SC, Canasvieiras",7,45,8499.78,12,7777.73,2025-11,0.8696,0.5385,20,30,571.25,290.67,3,2025-11-11,1.09,3998.75,-722.0500000000011,berlinda,3,-2.0,9371.79,9258.079896000001,,6.018518518518518,Sem Risco,🟡 Acima com risco,29.99999999999997
GPL1305,Porto_Alegre-Jardim_Lindoia-apartamento-SUP-2Q,Carteira 4,RS,"Porto Alegre, RS","Porto Alegre, RS, São Sebastião",1,185,5014.63,10,4619.04,2025-11,0.6897,0.6124,20,30,280.95,292.56,9,2025-11-11,1.09,280.95,-395.59000000000015,berlinda,9,-1.0,7647.67,6830.637688,,33.56481481481482,Risco Baixo,🟡 Acima com risco,89.99999999999991
ISM0806,Sao_Paulo-Moema-apartamento-SUP-1Q,Carteira 4_sys-price,SP,"São Paulo, SP","São Paulo, SP, Indianópolis",1,271,3257.51,599,3188.07,2025-11,0.5862,0.5066,17,30,229.82,173.0,10,2025-11-11,1.02,229.82,-69.44000000000005,berlinda,10,-0.0,4987.51,4271.636,,84.95370370370371,Risco Alto,🟡 Acima com risco,333.3333333333331
JAT0355,Bombinhas-Mariscal-casa-SUP-4Q,Carteira 6,SC,"Bombinhas, SC","Bombinhas, SC, Canto Grande",11,604,5614.95,16,5551.9,2025-11,0.6842,0.3897,13,30,562.54,493.67,6,2025-11-11,1.01,6187.94,-63.05000000000018,berlinda,6,-0.0,8576.97,7641.564084,,83.33333333333334,Risco Alto,🟡 Acima com risco,299.9999999999998
NWT0419,Especial-NWT-apartamento-TOP-1Q,Carteira 5,AL,"Maceió, AL","Maceió, AL, Pajuçara",0,309,5093.1,40,4657.0,2025-11,0.4667,0.5442,14,30,451.64,302.08,12,2025-11-11,1.09,0.0,-436.10000000000036,berlinda,12,-1.0,8718.060000000001,6784.868832,,52.31481481481482,Risco Médio,🟡 Acima com risco,119.99999999999989
RIT206,Florianopolis-Praia_Brava-apartamento-SUP-4Q,Carteira 1,SC,"Florianópolis, SC","Florianópolis, SC, Praia Brava",6,555,4959.69,12,4566.98,2025-11,0.5,0.4057,12,30,507.42,505.86,7,2025-11-11,1.09,3044.52,-392.71000000000004,berlinda,7,-0.0,8500.71,6730.2,,20.833333333333336,Risco Baixo,🟡 Acima com risco,69.99999999999994
JBM302,Florianopolis-Jurere_Tradicional-apartamento-SUP-1Q,Carteira 1,SC,"Florianópolis, SC","Florianópolis, SC, Jurerê",0,1971,6525.59,17,6292.87,2025-11,0.7333,0.67,22,30,378.32,323.29,7,2025-11-11,1.04,0.0,-232.72000000000025,berlinda,7,-0.0,8788.62,8185.069899,,62.5,Risco Médio,🟡 Acima com risco,139.9999999999999
OGD0704,Florianopolis-Beira_Mar-apartamento-MASTER-1Q,Carteira 4,SC,"Florianópolis, SC","Florianópolis, SC, Centro",0,71,5742.96,28,5466.75,2025-11,0.7333,0.4759,22,30,318.27,246.75,4,2025-11-11,1.05,0.0,-276.21000000000004,berlinda,4,-1.0,6729.96,6466.7271,,19.212962962962962,Sem Risco,🟡 Acima com risco,66.66666666666661
PSOA1007,Penha-Beto_Carrero-apartamento-SUP-1Q,Carteira 3,SC,"Penha, SC","Penha, SC, Armação",0,129,2144.38,16,1970.83,2025-11,0.4,0.3803,12,30,206.17,156.0,14,2025-11-11,1.09,0.0,-173.55000000000018,berlinda,14,-1.0,4328.38,3017.9800000000005,,62.5,Risco Médio,🟡 Acima com risco,139.9999999999999
COE0406,Sao_Paulo-Pinheiros-apartamento-TOP-1Q,Carteira 4_sys-price,SP,"São Paulo, SP","São Paulo, SP, Pinheiros",0,522,5166.66,275,4995.02,2025-11,0.6,0.591,18,30,330.94,242.64,11,2025-11-11,1.03,0.0,-171.63999999999942,berlinda,11,-0.0,7835.7,6768.084,,81.71296296296296,Risco Alto,🟡 Acima com risco,274.9999999999998
SWR1502,Goiania-Central-2-apartamento-TOP-2Q,Carteira 1_sys-price,GO,"Goiânia, GO","Goiânia, GO, Setor Oeste",2,116,2907.0,11,2725.1,2025-11,0.4286,0.3963,12,30,293.83,280.82,11,2025-11-11,1.07,587.66,-181.9000000000001,berlinda,11,-0.0,5996.02,4230.953972,,60.64814814814815,Risco Médio,🟡 Acima com risco,137.4999999999999
CON1206,Porto_Alegre-PUC_RS-apartamento-SUP-1Q,Carteira 4,RS,"Porto Alegre, RS","Porto Alegre, RS, Partenon",4,162,1520.96,18,1426.41,2025-11,0.4615,0.3141,12,30,152.25,134.17,6,2025-11-11,1.07,609.0,-94.54999999999995,berlinda,6,-0.0,2325.98,1892.47673,,22.685185185185187,Risco Baixo,🟡 Acima com risco,74.99999999999994
ILC3111,Especial-ILC-hotel-JR-1Q,Especial,SC,"Florianópolis, SC","Florianópolis, SC, Jurerê Internacional",0,1898,9871.31,16,9179.91,2025-11,0.5333,0.5499,16,30,661.18,541.5,8,2025-11-11,1.08,0.0,-691.3999999999996,berlinda,8,-1.0,14203.31,12181.5656,,31.712962962962965,Risco Baixo,🟡 Acima com risco,88.88888888888881
PAR0003,Urubici-Geral-casa-TOP-1Q,Carteira 3,SC,"Urubici, SC","Urubici, SC, Arroio do Engenho",0,729,2882.31,90,2659.81,2025-11,0.4,0.1969,12,30,264.17,345.0,11,2025-11-11,1.08,0.0,-222.5,berlinda,11,-0.0,6677.3099999999995,4400.31,,53.93518518518518,Risco Médio,🟡 Acima com risco,122.22222222222211
PLA0408,Curitiba-Boa_Vista-apartamento-SUP-1Q,Carteira 4,PR,"Curitiba, PR","Curitiba, PR, Boa Vista",0,50,2139.24,24,2136.77,2025-11,0.5333,0.5727,16,30,158.13,133.77,13,2025-11-11,1.0,0.0,-2.4699999999998,berlinda,13,-0.0,3878.25,3066.654033,,99.07407407407408,Risco Alto,🟡 Acima com risco,1299.9999999999989
LVR0003,Campos_do_Jordao-Capivari_Centro-apartamento-SUP-2Q,Carteira 4,SP,"Campos do Jordão, SP","Campos do Jordão, SP, V Iara",0,199,2966.71,38,2803.77,2025-11,0.3333,0.2482,10,30,334.3,284.92,13,2025-11-11,1.06,0.0,-162.94000000000005,berlinda,13,-0.0,6670.67,4201.239868,,72.22222222222221,Risco Médio,🟡 Acima com risco,185.71428571428555
VTR0033,Balneario_Camboriu-Centro-apartamento-JR-2Q,Carteira 6,SC,"Balneário Camboriú, SC","Balneário Camboriú, SC, Centro",0,129,2996.84,45,2904.87,2025-11,0.5333,0.4181,16,30,196.61,177.0,10,2025-11-11,1.03,0.0,-91.97000000000025,berlinda,10,-0.0,4766.84,3940.781,,79.16666666666666,Risco Médio,🟡 Acima com risco,249.99999999999977
ILC3109,Especial-ILC-hotel-TOP-1Q,Especial,SC,"Florianópolis, SC","Florianópolis, SC, Jurerê Internacional",0,1828,11161.56,30,11132.4,2025-11,0.7333,0.6976,22,30,669.45,633.0,8,2025-11-11,1.0,0.0,-29.159999999999854,berlinda,8,-0.0,16225.56,14874.991199999999,,95.83333333333334,Risco Alto,🟡 Acima com risco,799.9999999999993
MTS1503,Itapema-Praia_Itapema-apartamento-SUP-2Q,Carteira 6,SC,"Itapema, SC","Itapema, SC, Morretes",0,213,3381.76,15,3124.13,2025-11,0.7,0.5139,21,30,206.52,175.0,6,2025-11-11,1.08,0.0,-257.6300000000001,berlinda,6,-1.0,4431.76,4116.76,,19.212962962962962,Sem Risco,🟡 Acima com risco,66.66666666666661
VFI0103,Gramado-Geral-apartamento-JR-2Q,Carteira 4,RS,"Gramado, RS","Gramado, RS, Centro",9,330,4519.16,46,4333.51,2025-11,0.6667,0.4798,14,30,463.0,219.0,5,2025-11-11,1.04,4167.0,-185.64999999999964,berlinda,5,-0.0,5614.16,5249.1965,,41.66666666666667,Risco Baixo,🟡 Acima com risco,99.99999999999991
BHE0405,Brasilia-Setor_Hoteleiro-apartamento-SUP-1Q,Carteira 1_sys-price,DF,"Brasília, DF","Brasília, DF, Asa Sul",0,39,5792.66,147,5421.98,2025-11,0.8,0.6415,24,30,495.62,333.2,5,2025-11-11,1.07,0.0,-370.6800000000003,berlinda,5,-1.0,7458.66,7125.46,,16.666666666666664,Sem Risco,🟡 Acima com risco,62.49999999999994
BOU0101,Florianopolis-Canasvieiras_Meio-apartamento-JR-1Q,Carteira 1,SC,"Florianópolis, SC","Florianópolis, SC, Canasvieiras",1,444,1965.14,33,1965.96,2025-11,0.6207,0.482,18,30,172.22,161.8,10,2025-11-11,1.0,172.22,0.8199999999999363,berlinda,10,1.0,3583.1400000000003,2969.4326,,97.91666666666666,Risco Alto,🟡 Acima com risco,999.9999999999991
OAG0507,Sao_Paulo-Pinheiros-apartamento-TOP-1Q,Carteira 4_sys-price,SP,"São Paulo, SP","São Paulo, SP, Cerqueira César",4,155,5012.21,275,4995.02,2025-11,0.7692,0.591,20,30,304.65,214.6,5,2025-11-11,1.0,1218.6,-17.1899999999996,berlinda,5,-0.0,6085.21,5837.5616,,90.27777777777779,Risco Alto,🟡 Acima com risco,499.99999999999955
SKL1204,Penha-Praia-apartamento-SUP-2Q,Carteira 6,SC,"Penha, SC","Penha, SC, Armação",0,43,3860.27,50,3787.89,2025-11,0.7,0.4691,21,30,216.38,209.71,7,2025-11-11,1.02,0.0,-72.38000000000011,berlinda,7,-0.0,5328.24,4887.849,,77.08333333333334,Risco Médio,🟡 Acima com risco,233.33333333333314
BPA0103,Sao_Paulo-Bela_Vista-apartamento-TOP-1Q,Carteira 4,SP,"São Paulo, SP","São Paulo, SP, Bela Vista",0,177,4278.04,227,4019.93,2025-11,0.6333,0.5944,19,30,266.42,242.5,10,2025-11-11,1.06,0.0,-258.1100000000001,berlinda,10,-1.0,6703.04,5813.7925,,64.35185185185185,Risco Médio,🟡 Acima com risco,142.85714285714272
PRY0004,Porto_Seguro-Pataxos-apartamento-SUP-2Q,Carteira 2,BA,"Porto Seguro, BA","Porto Seguro, BA, Taperapuã",1,23,3800.79,27,3632.05,2025-11,0.7931,0.4027,23,30,206.0,313.0,6,2025-11-11,1.05,206.0,-168.73999999999978,berlinda,6,-0.0,5678.79,5290.2318,,41.66666666666667,Risco Baixo,🟡 Acima com risco,99.99999999999991
NWTB0609,Especial-NWT-apartamento-MASTER-1Q,Carteira 5,AL,"Maceió, AL","Maceió, AL, Pajuçara",0,208,6445.78,30,6165.78,2025-11,0.5,0.6885,15,30,468.88,442.5,14,2025-11-11,1.05,0.0,-280.0,berlinda,14,-0.0,12640.779999999999,9543.279999999999,,77.08333333333334,Risco Médio,🟡 Acima com risco,233.33333333333314
SHR103,Florianopolis-Novo_Campeche-apartamento-TOP-1Q,Carteira 1,SC,"Florianópolis, SC","Florianópolis, SC, Campeche",2,961,5973.22,45,5541.43,2025-11,0.6786,0.5773,19,30,417.53,302.6,5,2025-11-11,1.08,835.06,-431.78999999999996,berlinda,5,-1.0,7486.22,6999.9418000000005,,13.425925925925927,Sem Risco,🟡 Acima com risco,55.55555555555551
DLH0205,Gramado-Centro-apartamento-TOP-2Q,Carteira 4,RS,"Gramado, RS","Gramado, RS, Centro",0,400,11224.98,55,10638.6,2025-11,0.7,0.6864,21,30,653.14,421.86,7,2025-11-11,1.06,0.0,-586.3799999999992,berlinda,7,-1.0,14178.0,13292.094,,35.41666666666667,Risco Baixo,🟡 Acima com risco,99.9999999999999
JBV155,Especial-JBV-hotel-JR-1Q,Especial,SC,"Florianópolis, SC","Florianópolis, SC, Jurerê",0,274,9736.01,25,9026.89,2025-11,0.7333,0.58,22,30,543.91,586.4,5,2025-11-11,1.08,0.0,-709.1200000000008,berlinda,5,-1.0,12668.01,11886.0456,,13.425925925925927,Sem Risco,🟡 Acima com risco,55.55555555555551
NWT0612,Especial-NWT-apartamento-TOP-1Q,Carteira 5,AL,"Maceió, AL","Maceió, AL, Pajuçara",0,215,4797.25,40,4657.0,2025-11,0.6667,0.5442,20,30,293.6,262.22,9,2025-11-11,1.03,0.0,-140.25,berlinda,9,-0.0,7157.2300000000005,6370.648666,,75.0,Risco Médio,🟡 Acima com risco,224.9999999999998
ESD143,Balneario_Camboriu-Sul-apartamento-SUP-2Q,Carteira 6,SC,"Balneário Camboriú, SC","Balneário Camboriú, SC, Barra Sul",0,900,4423.87,76,4215.04,2025-11,0.6,0.4401,18,30,276.11,235.57,7,2025-11-11,1.05,0.0,-208.82999999999993,berlinda,7,-0.0,6072.86,5413.264,,50.46296296296296,Risco Médio,🟡 Acima com risco,116.66666666666657
MHF1504,Itapema-Canto_Praia-apartamento-TOP-1Q,Carteira 5,SC,"Itapema, SC","Itapema, SC, Centro",4,313,3099.89,17,2947.0,2025-11,0.6154,0.4478,16,30,257.25,200.25,8,2025-11-11,1.05,1029.0,-152.88999999999987,berlinda,8,-0.0,4701.889999999999,4085.7608,,58.333333333333336,Risco Médio,🟡 Acima com risco,133.33333333333323
CCA201,Florianopolis-Canajure-apartamento-SUP-3Q,Carteira 1,SC,"Florianópolis, SC","Florianópolis, SC, Canasvieiras",6,1988,6136.76,13,5656.04,2025-11,0.7917,0.4932,19,30,533.58,295.25,4,2025-11-11,1.08,3201.4800000000005,-480.72000000000025,berlinda,4,-1.0,7317.76,7071.7577,,10.185185185185185,Sem Risco,🟡 Acima com risco,44.44444444444441
HMA0305,Sao_Paulo-Mariana-apartamento-SUP-1Q,Carteira 4,SP,"São Paulo, SP","São Paulo, SP, Centro",3,436,2822.1,176,2772.66,2025-11,0.6667,0.5027,18,30,203.89,143.14,7,2025-11-11,1.02,611.67,-49.440000000000055,berlinda,7,-0.0,3824.08,3490.120066,,77.08333333333334,Risco Médio,🟡 Acima com risco,233.33333333333314
NWT0611,Especial-NWT-apartamento-TOP-1Q,Carteira 5,AL,"Maceió, AL","Maceió, AL, Pajuçara",0,215,5118.03,40,4657.0,2025-11,0.6,0.5442,18,30,302.07,282.5,2,2025-11-11,1.1,0.0,-461.02999999999975,berlinda,2,-1.0,5683.03,5457.03,,4.166666666666666,Sem Risco,🟡 Acima com risco,18.181818181818166
CMC101,Florianopolis-Ingleses_Norte-apartamento-JR-2Q,Carteira 1,SC,"Florianópolis, SC","Florianópolis, SC, Ingleses do Rio Vermelho",0,1046,2649.46,27,2504.17,2025-11,0.5,0.4002,15,30,220.93,229.5,8,2025-11-11,1.06,0.0,-145.28999999999996,berlinda,8,-0.0,4485.46,3567.46,,49.074074074074076,Risco Baixo,🟡 Acima com risco,114.28571428571418
EAC403,Balneario_Camboriu-Centro-apartamento-JR-1Q,Carteira 6,SC,"Balneário Camboriú, SC","Balneário Camboriú, SC, Centro",2,733,2220.37,31,2053.56,2025-11,0.5357,0.4666,15,30,183.2,141.4,10,2025-11-11,1.08,366.4,-166.80999999999995,berlinda,10,-1.0,3634.37,2977.8498,,47.68518518518518,Risco Baixo,🟡 Acima com risco,111.11111111111101
SKL1003,Penha-Praia-apartamento-SUP-2Q,Carteira 6,SC,"Penha, SC","Penha, SC, Armação",0,37,4002.91,50,3787.89,2025-11,0.7,0.4691,21,30,290.95,196.33,3,2025-11-11,1.06,0.0,-215.01999999999998,berlinda,3,-1.0,4591.9,4415.2029999999995,,9.49074074074074,Sem Risco,🟡 Acima com risco,42.85714285714282
TVT1008,Florianopolis-Centrao-apartamento-MASTER-1Q,Carteira 4,SC,"Florianópolis, SC","Florianópolis, SC, Centro",0,589,5454.21,28,5466.75,2025-11,0.4333,0.4759,13,30,360.11,236.88,8,2025-11-11,1.0,0.0,12.539999999999964,berlinda,8,1.0,7349.25,6275.330832,,95.83333333333334,Risco Alto,🟡 Acima com risco,799.9999999999993
CRM0201,Florianopolis-Canto_da_Lagoa-apartamento-SUP-2Q,Carteira 1,SC,"Florianópolis, SC","Florianópolis, SC, Canto da Lagoa",0,229,3694.62,15,3406.37,2025-11,0.5333,0.3824,16,30,298.25,257.4,10,2025-11-11,1.08,0.0,-288.25,berlinda,10,-1.0,6268.62,5067.334199999999,,47.68518518518518,Risco Baixo,🟡 Acima com risco,111.11111111111101
IAA1004,Recife-Boa_Viagem-apartamento-TOP-1Q,Carteira 2,PE,"Recife, PE","Recife, PE, Boa Viagem",0,598,4170.65,39,3873.53,2025-11,0.7333,0.6083,22,30,227.32,198.13,8,2025-11-11,1.08,0.0,-297.11999999999944,berlinda,8,-1.0,5755.69,5332.959832,,31.712962962962965,Risco Baixo,🟡 Acima com risco,88.88888888888881
TDC0109,Mata_de_Sao_Joao-Praia_Imbassai-apartamento-TOP-2Q,Carteira 2,BA,"Mata de São João, BA","Mata de São João, BA, Imbassaí",0,9,3560.07,14,3566.83,2025-11,0.5,0.3333,15,30,295.4,299.2,15,2025-11-11,1.0,0.0,6.7599999999997635,berlinda,15,1.0,8048.07,5804.07,,99.76851851851852,Risco Alto,🟡 Acima com risco,1499.9999999999986
CDS0401,Florianopolis-Jurere_Internacional-apartamento-SUP-2Q,Carteira 1,SC,"Florianópolis, SC","Florianópolis, SC, Jurere Internacional",0,145,6597.62,23,6292.55,2025-11,0.7667,0.4589,23,30,362.17,318.67,6,2025-11-11,1.05,0.0,-305.0699999999997,berlinda,6,-0.0,8509.64,8063.565734,,41.66666666666667,Risco Baixo,🟡 Acima com risco,99.99999999999991
HOA0704,Salvador-Ondina_Rio_Vermelho-apartamento-SUP-1Q,Carteira 2,BA,"Salvador, BA","Salvador, BA, Ondina",0,101,3388.76,82,3153.33,2025-11,0.6667,0.5658,20,30,197.15,176.5,8,2025-11-11,1.07,0.0,-235.4300000000003,berlinda,8,-1.0,4800.76,4330.1404,,41.66666666666667,Risco Baixo,🟡 Acima com risco,99.99999999999991
EKD0397,Balneario_Picarras-Geral-casa-TOP-3Q,Carteira 6,SC,"Balneário Piçarras, SC","Balneário Piçarras, SC, Centro",5,101,5303.04,9,5158.22,2025-11,1.0,0.2545,25,30,289.8,,0,2025-11-11,1.03,1449.0,-144.8199999999997,berlinda,0,0.0,,,,1.1574074074074074,Sem Risco,🟡 Acima sem ação,0.0
FDL101,Bombinhas-Bombas-apartamento-JR-2Q,Carteira 6,SC,"Bombinhas, SC","Bombinhas, SC, Bombas",0,873,2537.61,35,2335.8,2025-11,0.5667,0.3055,17,30,143.35,102.5,6,2025-11-11,1.09,0.0,-201.80999999999995,berlinda,6,-1.0,3152.61,2886.1305,,15.277777777777779,Sem Risco,🟡 Acima com risco,59.99999999999994
ILC1313,Especial-ILC-hotel-JR-1Q,Especial,SC,"Florianópolis, SC","Florianópolis, SC, Jurerê Internacional",0,1628,9170.84,16,9179.91,2025-11,0.6667,0.5499,20,30,561.15,574.14,7,2025-11-11,1.0,0.0,9.069999999999709,berlinda,7,1.0,13189.82,11850.293966000001,,93.98148148148148,Risco Alto,🟡 Acima com risco,699.9999999999994
LOF1405,Sao_Paulo-Pinheiros-apartamento-SUP-1Q,Carteira 4,SP,"São Paulo, SP","São Paulo, SP, Pinheiros",0,166,4308.85,421,4048.72,2025-11,0.6333,0.5848,19,30,253.32,194.67,9,2025-11-11,1.06,0.0,-260.13000000000056,berlinda,9,-1.0,6060.88,5418.410599000001,,56.018518518518526,Risco Médio,🟡 Acima com risco,128.57142857142844
ONP2021,Sao_Paulo-Bela_Vista-apartamento-SUP-1Q,Carteira 4,SP,"São Paulo, SP","São Paulo, SP, Paraíso",3,170,3603.33,596,3486.42,2025-11,0.7407,0.5791,20,30,213.5,153.71,7,2025-11-11,1.03,640.5,-116.90999999999985,berlinda,7,-0.0,4679.3,4400.300979,,70.83333333333334,Risco Médio,🟡 Acima com risco,174.99999999999986
SSG0304,Florianopolis-UFSC-apartamento-TOP-1Q,Carteira 4,SC,"Florianópolis, SC","Florianópolis, SC, Córrego Grande",4,737,2686.21,16,2679.84,2025-11,0.5385,0.5048,14,30,233.14,191.88,8,2025-11-11,1.0,932.56,-6.369999999999891,berlinda,8,-0.0,4221.25,3512.82904,,95.83333333333334,Risco Alto,🟡 Acima com risco,799.9999999999993
ILC2106,Especial-ILC-hotel-JR-1Q,Especial,SC,"Florianópolis, SC","Florianópolis, SC, Jurerê Internacional",0,1864,9657.01,16,9179.91,2025-11,0.6333,0.5499,19,30,695.37,570.8,5,2025-11-11,1.05,0.0,-477.10000000000036,berlinda,5,-0.0,12511.01,11464.4482,,27.77777777777778,Risco Baixo,🟡 Acima com risco,83.33333333333327
RJE0980,Gramado-Geral-casa-JR-4Q,Carteira 4,RS,"Gramado, RS","Gramado, RS, Casa Grande",7,394,6360.59,10,5999.72,2025-11,0.6087,0.447,14,30,606.07,533.5,8,2025-11-11,1.06,4242.490000000001,-360.8699999999999,berlinda,8,-0.0,10628.59,8958.5216,,49.074074074074076,Risco Baixo,🟡 Acima com risco,114.28571428571418
LIV1605,Salvador-Graca-apartamento-TOP-1Q,Especial,BA,"Salvador, BA","Salvador, BA, Vitória",0,157,3673.02,15,3581.56,2025-11,0.5333,0.5526,16,30,285.63,257.73,11,2025-11-11,1.03,0.0,-91.46000000000004,berlinda,11,-0.0,6508.05,5184.9414990000005,,81.71296296296296,Risco Alto,🟡 Acima com risco,274.9999999999998
PSD301,Florianopolis-Jurere_Tradicional-apartamento-SIM-2Q,Carteira 1,SC,"Florianópolis, SC","Florianópolis, SC, Jurerê",0,1990,3132.15,18,3094.45,2025-11,0.5,0.531,15,30,254.13,223.9,10,2025-11-11,1.01,0.0,-37.70000000000027,berlinda,10,-0.0,5371.15,4251.65,,90.27777777777779,Risco Alto,🟡 Acima com risco,499.99999999999955
PSO0802,Penha-Beto_Carrero-apartamento-TOP-1Q,Carteira 3,SC,"Penha, SC","Penha, SC, Praia de Armação do Itapocoroi",0,102,4401.58,16,4132.99,2025-11,0.8,0.6017,24,30,224.08,165.67,3,2025-11-11,1.06,0.0,-268.59000000000015,berlinda,3,-1.0,4898.59,4799.188,,9.49074074074074,Sem Risco,🟡 Acima com risco,42.85714285714282
ELS0606,Porto_Alegre-Centro_Historico-apartamento-JR-1Q,Carteira 4,RS,"Porto Alegre, RS","Porto Alegre, RS, Centro Histórico",0,60,1557.7,75,1528.0,2025-11,0.5667,0.4735,17,30,108.47,107.11,9,2025-11-11,1.02,0.0,-29.700000000000045,berlinda,9,-0.0,2521.69,2103.993133,,83.33333333333334,Risco Alto,🟡 Acima com risco,299.9999999999998
IDC0102,Florianopolis-UFSC-apartamento-SUP-2Q,Carteira 4,SC,"Florianópolis, SC","Florianópolis, SC, Trindade",3,708,3234.65,20,2978.14,2025-11,0.5185,0.4933,14,30,307.21,202.0,10,2025-11-11,1.09,921.6299999999999,-256.5100000000002,berlinda,10,-1.0,5254.65,4282.02,,41.66666666666667,Risco Baixo,🟡 Acima com risco,99.99999999999991
MHFB0503,Itapema-Canto_Praia-apartamento-SUP-1Q,Carteira 5,SC,"Itapema, SC","Itapema, SC, Centro",0,457,3365.89,9,3362.19,2025-11,0.7333,0.347,22,30,170.91,156.86,7,2025-11-11,1.0,0.0,-3.699999999999818,berlinda,7,-0.0,4463.91,4171.068066,,93.98148148148148,Risco Alto,🟡 Acima com risco,699.9999999999994
ORP0305,Gramado-Geral-apartamento-SUP-2Q,Carteira 4,RS,"Gramado, RS","Gramado, RS, Floresta",0,22,6371.88,151,6021.82,2025-11,0.6,0.5465,18,30,389.56,359.6,10,2025-11-11,1.06,0.0,-350.0600000000004,berlinda,10,-0.0,9967.880000000001,8529.48,,64.35185185185185,Risco Médio,🟡 Acima com risco,142.85714285714272
SPJ0204,Especial-SPJ-apartamento-TOP-1Q,Carteira 5,SC,"Florianópolis, SC","Florianópolis, SC, Jurerê",0,367,6364.33,15,6230.75,2025-11,0.8667,0.6136,26,30,297.42,268.0,3,2025-11-11,1.02,0.0,-133.57999999999993,berlinda,3,-0.0,7168.33,7061.1568,,41.66666666666667,Risco Baixo,🟡 Acima com risco,99.99999999999991
ACE0201,Florianopolis-Canasvieiras_Meio-apartamento-JR-2Q,Carteira 1,SC,"Florianópolis, SC","Florianópolis, SC, Canasvieiras",0,732,3065.62,18,2836.34,2025-11,0.5,0.3185,15,30,277.27,208.0,9,2025-11-11,1.08,0.0,-229.27999999999975,berlinda,9,-1.0,4937.62,4001.62,,41.66666666666667,Risco Baixo,🟡 Acima com risco,99.99999999999991
PAI0303,Salvador-Barra-apartamento-JR-1Q,Carteira 2,BA,"Salvador, BA","Salvador, BA, Barra",0,345,2859.09,119,2773.76,2025-11,0.6667,0.5696,20,30,161.4,133.1,10,2025-11-11,1.03,0.0,-85.32999999999993,berlinda,10,-0.0,4190.09,3746.4677,,79.16666666666666,Risco Médio,🟡 Acima com risco,249.99999999999977
IBE104,Florianopolis-Canasvieiras_Meio-apartamento-JR-2Q,Carteira 1,SC,"Florianópolis, SC","Florianópolis, SC, Canasvieiras",6,803,2877.53,18,2836.34,2025-11,0.5417,0.3185,13,30,255.77,190.0,4,2025-11-11,1.01,1534.6200000000001,-41.190000000000055,berlinda,4,-0.0,3637.53,3289.222,,73.61111111111111,Risco Médio,🟡 Acima com risco,199.99999999999983
IPTR0241,Balneario_Camboriu-Centro-apartamento-MASTER-2Q,Carteira 6,SC,"Balneário Camboriú, SC","Balneário Camboriú, SC, Centro",11,37,7653.48,15,7179.67,2025-11,0.8421,0.5188,16,30,641.13,,0,2025-11-11,1.07,7052.43,-473.8099999999995,berlinda,0,0.0,,,,1.1574074074074074,Sem Risco,🟡 Acima sem ação,0.0
CEG0202,Florianopolis-Jurere_Longe-apartamento-SUP-1Q,Carteira 1,SC,"Florianópolis, SC","Florianópolis, SC, Jurerê",8,523,3605.52,18,3417.68,2025-11,0.7727,0.3678,17,30,250.65,188.33,3,2025-11-11,1.05,2005.2,-187.84000000000015,berlinda,3,-0.0,4170.51,4042.087773,,11.342592592592593,Sem Risco,🟡 Acima com risco,49.99999999999996
ILC3413,Especial-ILC-hotel-JR-1Q,Especial,SC,"Florianópolis, SC","Florianópolis, SC, Jurerê Internacional",0,1971,9623.27,16,9179.91,2025-11,0.6333,0.5499,19,30,602.16,571.29,7,2025-11-11,1.05,0.0,-443.3600000000006,berlinda,7,-0.0,13622.3,12155.855699,,50.46296296296296,Risco Médio,🟡 Acima com risco,116.66666666666657
DME025,Florianopolis-Jurere_Internacional-casa-SUP-4Q,Carteira 1,SC,"Florianópolis, SC","Florianópolis, SC, Jurerê Internacional",9,207,14081.49,15,13023.06,2025-11,0.8571,0.4177,18,30,1008.06,400.0,1,2025-11-11,1.08,9072.539999999999,-1058.4300000000003,berlinda,1,-2.0,14481.49,14424.33,,2.7777777777777777,Sem Risco,🟡 Acima com risco,11.111111111111102
ILC1406,Especial-ILC-hotel-JR-1Q,Especial,SC,"Florianópolis, SC","Florianópolis, SC, Jurerê Internacional",0,1165,10044.95,16,9179.91,2025-11,0.6667,0.5499,20,30,723.3,595.78,9,2025-11-11,1.09,0.0,-865.0400000000009,berlinda,9,-1.0,15406.970000000001,13619.808734,,33.56481481481482,Risco Baixo,🟡 Acima com risco,89.99999999999991
CPJ504,Florianopolis-Jurere_Internacional-apartamento-SUP-2Q,Carteira 1,SC,"Florianópolis, SC","Florianópolis, SC, Jurerê Internacional",0,201,6515.17,23,6292.55,2025-11,0.7,0.4589,21,30,367.1,288.5,4,2025-11-11,1.04,0.0,-222.6199999999999,berlinda,4,-0.0,7669.17,7322.97,,25.694444444444443,Risco Baixo,🟡 Acima com risco,79.99999999999993
MHE003,Florianopolis-Cachoeira_Bom_Jesus-apartamento-MASTER-2Q,Carteira 1,SC,"Florianópolis, SC","Florianópolis, SC, Cachoeira do Bom Jesus",13,1132,8063.62,11,7925.17,2025-11,0.8824,0.5347,15,30,631.73,,0,2025-11-11,1.02,8212.49,-138.44999999999982,berlinda,0,0.0,,,,1.1574074074074074,Sem Risco,🟡 Acima sem ação,0.0
DLH0204,Gramado-Centro-apartamento-TOP-2Q,Carteira 4,RS,"Gramado, RS","Gramado, RS, Centro",2,450,11131.45,55,10638.6,2025-11,0.75,0.6864,21,30,684.48,490.0,4,2025-11-11,1.05,1368.96,-492.85000000000036,berlinda,4,-1.0,13091.45,12601.45,,19.212962962962962,Sem Risco,🟡 Acima com risco,66.66666666666661
ACO803,Balneario_Camboriu-Centro-apartamento-SUP-2Q,Carteira 6,SC,"Balneário Camboriú, SC","Balneário Camboriú, SC, Centro",3,605,4268.52,69,4233.64,2025-11,0.5926,0.4374,16,30,302.0,196.4,10,2025-11-11,1.01,906.0,-34.88000000000011,berlinda,10,-0.0,6232.52,5432.3864,,90.27777777777779,Risco Alto,🟡 Acima com risco,499.99999999999955
FLT0004,Florianopolis-Centrao-apartamento-SIM-1Q,Carteira 4,SC,"Florianópolis, SC","Florianópolis, SC, Centro",0,317,2109.31,12,1918.53,2025-11,0.5667,0.3837,17,30,152.18,108.64,11,2025-11-11,1.1,0.0,-190.77999999999997,berlinda,11,-1.0,3304.35,2786.539168,,41.66666666666667,Risco Baixo,🟡 Acima com risco,99.99999999999991
JBV328,Especial-JBV-hotel-TOP-1Q,Especial,SC,"Florianópolis, SC","Florianópolis, SC, Jurerê Internacional",0,1200,11429.6,34,10718.98,2025-11,0.7333,0.6611,22,30,689.36,676.33,6,2025-11-11,1.07,0.0,-710.6200000000008,berlinda,6,-1.0,15487.580000000002,14405.316734,,22.685185185185187,Risco Baixo,🟡 Acima com risco,74.99999999999994
RVN2003,Itapema-Praia_Centro-apartamento-SUP-2Q,Carteira 6,SC,"Itapema, SC","Itapema, SC, Tabuleiro dos Oliveiras",1,331,3117.72,17,2868.65,2025-11,0.8621,0.4165,25,30,157.92,154.25,4,2025-11-11,1.09,157.92,-249.0699999999997,berlinda,4,-1.0,3734.72,3649.6357,,8.333333333333332,Sem Risco,🟡 Acima com risco,39.999999999999964
AHO1402,Porto_Alegre-Jardim_Botanico-apartamento-TOP-1Q,Carteira 4,RS,"Porto Alegre, RS","Porto Alegre, RS, Petrópolis",0,859,2217.05,29,2211.22,2025-11,0.4333,0.3096,13,30,205.54,218.33,15,2025-11-11,1.0,0.0,-5.830000000000382,berlinda,15,-0.0,5492.0,3636.0858350000003,,99.76851851851852,Risco Alto,🟡 Acima com risco,1499.9999999999986
ILC3103,Especial-ILC-hotel-JR-1Q,Especial,SC,"Florianópolis, SC","Florianópolis, SC, Jurerê Internacional",0,1494,9634.77,16,9179.91,2025-11,0.6,0.5499,18,30,634.17,563.75,8,2025-11-11,1.05,0.0,-454.8600000000006,berlinda,8,-0.0,14144.77,12340.77,,58.333333333333336,Risco Médio,🟡 Acima com risco,133.33333333333323
CEC0801,Salvador-UFBA-apartamento-TOP-1Q,Carteira 2,BA,"Salvador, BA","Salvador, BA, Ondina",0,113,3403.33,16,3201.99,2025-11,0.6333,0.5369,19,30,242.21,192.67,9,2025-11-11,1.06,0.0,-201.34000000000015,berlinda,9,-1.0,5137.36,4501.491199,,56.018518518518526,Risco Médio,🟡 Acima com risco,128.57142857142844
NOR0102,Brasilia-Asa_Norte-apartamento-SUP-2Q,Carteira 1_sys-price,DF,"Brasília, DF","Brasília, DF, Asa Norte",2,767,4312.51,39,4025.17,2025-11,0.7143,0.6356,20,30,512.8,208.67,6,2025-11-11,1.07,1025.6,-287.34000000000015,berlinda,6,-1.0,5564.530000000001,5206.827886,,22.685185185185187,Risco Baixo,🟡 Acima com risco,74.99999999999994
OKA0135,Florianopolis-Campeche-apartamento-SUP-1Q,Carteira 1,SC,"Florianópolis, SC","Florianópolis, SC, Campeche",0,46,2550.1,25,2388.5,2025-11,0.4667,0.4993,14,30,210.5,239.31,13,2025-11-11,1.07,0.0,-161.5999999999999,berlinda,13,-0.0,5661.13,4002.0177009999998,,68.51851851851852,Risco Médio,🟡 Acima com risco,162.49999999999986
RLA0201,Gramado-Geral-apartamento-TOP-2Q,Carteira 4,RS,"Gramado, RS","Gramado, RS, Tres Pinheiros",0,267,10099.61,91,9264.58,2025-11,0.9667,0.6408,29,30,471.55,396.0,1,2025-11-11,1.09,0.0,-835.0300000000007,berlinda,1,-2.0,10495.61,10482.423200000001,,2.314814814814815,Sem Risco,🟡 Acima com risco,9.999999999999991
SPJ0501,Especial-SPJ-apartamento-TOP-1Q,Carteira 5,SC,"Florianópolis, SC","Florianópolis, SC, Jurerê",0,382,6672.02,15,6230.75,2025-11,0.9,0.6136,27,30,317.56,223.0,2,2025-11-11,1.07,0.0,-441.27000000000044,berlinda,2,-1.0,7118.02,7073.42,,5.324074074074074,Sem Risco,🟡 Acima com risco,24.99999999999998
VST013,Especial-VST-casa-TOP-1Q,Carteira 5,SC,"Anitápolis, SC","Anitápolis, SC, Rio dos Pinheiros",2,487,2349.39,41,2231.25,2025-11,0.3929,0.1613,11,30,277.18,224.5,12,2025-11-11,1.05,554.36,-118.13999999999987,berlinda,12,-0.0,5043.389999999999,3407.8626,,73.61111111111111,Risco Médio,🟡 Acima com risco,199.99999999999983
ELF0407,Bombinhas-Bombas-apartamento-SUP-1Q,Especial,SC,"Bombinhas, SC","Bombinhas, SC, José Amândio",1,172,2738.99,49,2579.11,2025-11,0.4483,0.44,13,30,246.15,346.44,9,2025-11-11,1.06,246.15,-159.87999999999965,berlinda,9,-0.0,5856.95,4136.771468,,56.018518518518526,Risco Médio,🟡 Acima com risco,128.57142857142844
VST034,Especial-VST-casa-TOP-1Q,Carteira 5,SC,"Anitápolis, SC","Anitápolis, SC, Rio dos Pinheiros",2,234,2375.58,41,2231.25,2025-11,0.4286,0.1613,12,30,239.83,194.18,11,2025-11-11,1.06,479.66,-144.32999999999993,berlinda,11,-0.0,4511.5599999999995,3291.061028,,66.89814814814815,Risco Médio,🟡 Acima com risco,157.142857142857
DLH0201,Gramado-Centro-apartamento-TOP-2Q,Carteira 4,RS,"Gramado, RS","Gramado, RS, Centro",1,396,11582.11,55,10638.6,2025-11,0.7241,0.6864,21,30,708.57,432.4,5,2025-11-11,1.09,708.57,-943.5100000000002,berlinda,5,-2.0,13744.11,13147.6142,,11.342592592592593,Sem Risco,🟡 Acima com risco,49.99999999999996
RMI201,Florianopolis-Ingleses_Praia-apartamento-SUP-1Q,Carteira 1,SC,"Florianópolis, SC","Florianópolis, SC, Ingleses Norte",0,1178,3798.24,37,3730.47,2025-11,0.5333,0.5144,16,30,266.94,240.0,12,2025-11-11,1.02,0.0,-67.76999999999998,berlinda,12,-0.0,6678.24,5334.144,,87.03703703703704,Risco Alto,🟡 Acima com risco,399.99999999999966
SJE0103,Florianopolis-Canajure-apartamento-SUP-1Q,Carteira 1,SC,"Florianópolis, SC","Florianópolis, SC, Canasvieiras",0,375,2930.84,32,2890.51,2025-11,0.5667,0.4239,17,30,198.18,218.17,12,2025-11-11,1.01,0.0,-40.32999999999993,berlinda,12,-0.0,5548.88,4414.483268,,92.12962962962963,Risco Alto,🟡 Acima com risco,599.9999999999995
DLH0302,Gramado-Centro-apartamento-TOP-2Q,Carteira 4,RS,"Gramado, RS","Gramado, RS, Centro",1,479,11247.23,55,10638.6,2025-11,0.7931,0.6864,23,30,645.13,387.5,6,2025-11-11,1.06,645.13,-608.6299999999992,berlinda,6,-1.0,13572.23,13091.1875,,29.398148148148145,Risco Baixo,🟡 Acima com risco,85.71428571428564
DNAG1702,Goiania-Central-apartamento-TOP-1Q,Carteira 1_sys-price,GO,"Goiânia, GO","Goiânia, GO, Setor Bueno",0,107,1665.58,53,1579.58,2025-11,0.3667,0.3282,11,30,179.55,187.44,16,2025-11-11,1.05,0.0,-86.0,berlinda,16,-0.0,4664.62,2765.327968,,80.55555555555556,Risco Alto,🟡 Acima com risco,266.66666666666646
SOA0608,Salvador-Boca_do_Rio-apartamento-SUP-1Q,Carteira 2,BA,"Salvador, BA","Salvador, BA, Boca do Rio",0,330,2251.27,33,2261.0,2025-11,0.6333,0.4852,19,30,148.58,164.33,9,2025-11-11,1.0,0.0,9.730000000000018,berlinda,9,1.0,3730.24,3187.901701,,97.22222222222221,Risco Alto,🟡 Acima com risco,899.9999999999992
VNVA0801,Itapema-Praia_Centro-apartamento-SUP-2Q,Carteira 6,SC,"Itapema, SC","Itapema, SC, Tabuleiro dos Oliveiras",0,164,3023.29,17,2868.65,2025-11,0.6333,0.4165,19,30,198.63,174.67,9,2025-11-11,1.05,0.0,-154.63999999999987,berlinda,9,-0.0,4595.32,4018.8565989999997,,65.97222222222221,Risco Médio,🟡 Acima com risco,149.9999999999999
RMM0206,Florianopolis-Ingleses_Centro-apartamento-SUP-2Q,Carteira 1,SC,"Florianópolis, SC","Florianópolis, SC, Ingleses do Rio Vermelho",0,31,2386.4,24,2370.27,2025-11,0.3667,0.316,11,30,214.33,209.67,9,2025-11-11,1.01,0.0,-16.13000000000011,berlinda,9,-0.0,4273.43,3078.373901,,88.6574074074074,Risco Alto,🟡 Acima com risco,449.9999999999996
NWT1006,Especial-NWT-apartamento-TOP-1Q,Carteira 5,AL,"Maceió, AL","Maceió, AL, Pajuçara",0,199,5016.37,40,4657.0,2025-11,0.6667,0.5442,20,30,303.7,285.11,9,2025-11-11,1.08,0.0,-359.3699999999999,berlinda,9,-1.0,7582.360000000001,6727.115533,,41.66666666666667,Risco Baixo,🟡 Acima com risco,99.99999999999991
HAL103,Florianopolis-Novo_Campeche-apartamento-TOP-1Q,Carteira 1,SC,"Florianópolis, SC","Florianópolis, SC, Campeche",2,820,6007.76,45,5541.43,2025-11,0.7857,0.5773,22,30,329.95,285.67,3,2025-11-11,1.08,659.9,-466.3299999999999,berlinda,3,-1.0,6864.77,6681.112757,,6.944444444444445,Sem Risco,🟡 Acima com risco,33.33333333333331
PSOA0607,Penha-Beto_Carrero-apartamento-SUP-1Q,Carteira 3,SC,"Penha, SC","Penha, SC, Praia de Armação do Itapocoroi",0,93,2160.42,16,1970.83,2025-11,0.4,0.3803,12,30,202.25,152.75,16,2025-11-11,1.1,0.0,-189.59000000000015,berlinda,16,-1.0,4604.42,3138.02,,65.27777777777779,Risco Médio,🟡 Acima com risco,145.45454545454533
RMI0007,Florianopolis-Ingleses_Praia-apartamento-TOP-1Q,Carteira 1,SC,"Florianópolis, SC","Florianópolis, SC, Ingleses do Rio Vermelho",5,680,3172.89,58,2887.02,2025-11,0.68,0.3954,17,30,219.0,241.86,7,2025-11-11,1.1,1095.0,-285.8699999999999,berlinda,7,-1.0,4865.91,4324.1436,,17.824074074074073,Sem Risco,🟡 Acima com risco,63.63636363636358
ACO1103,Balneario_Camboriu-Centro-apartamento-TOP-2Q,Carteira 6,SC,"Balneário Camboriú, SC","Balneário Camboriú, SC, Centro",3,107,5851.52,33,5387.18,2025-11,0.8519,0.5106,23,30,338.04,222.25,4,2025-11-11,1.09,1014.1200000000001,-464.34000000000015,berlinda,4,-2.0,6740.52,6608.859100000001,,8.333333333333332,Sem Risco,🟡 Acima com risco,39.999999999999964
VLE002,Bombinhas-Mariscal-apartamento-JR-2Q,Carteira 6,SC,"Bombinhas, SC","Bombinhas, SC, Mariscal",0,1494,2576.97,34,2440.91,2025-11,0.3667,0.3343,11,30,258.82,198.0,8,2025-11-11,1.06,0.0,-136.05999999999995,berlinda,8,-0.0,4160.969999999999,3157.8228,,49.074074074074076,Risco Baixo,🟡 Acima com risco,114.28571428571418
TBS106,Florianopolis-Novo_Campeche-apartamento-MASTER-1Q,Carteira 1,SC,"Florianópolis, SC","Florianópolis, SC, Campeche",3,949,7483.69,55,6978.07,2025-11,0.6667,0.5602,18,30,517.56,453.29,7,2025-11-11,1.07,1552.6799999999998,-505.6199999999999,berlinda,7,-1.0,10656.72,9599.149100999999,,30.555555555555557,Risco Baixo,🟡 Acima com risco,87.49999999999993
ENU011,Ubatuba-Praia_Grande-apartamento-JR-2Q,Carteira 4,SP,"Ubatuba, SP","Ubatuba, SP, Praia Grande",9,568,4517.66,188,4235.58,2025-11,0.8571,0.4506,18,30,296.94,272.0,1,2025-11-11,1.07,2672.46,-282.0799999999999,berlinda,1,-1.0,4789.66,4750.7912,,3.4722222222222223,Sem Risco,🟡 Acima com risco,12.49999999999999
RGF0711,Salvador-Flamengo-apartamento-TOP-1Q,Carteira 2,BA,"Salvador, BA","Salvador, BA, Itapuã",0,93,3439.23,30,3310.55,2025-11,0.7667,0.5018,23,30,189.0,168.25,4,2025-11-11,1.04,0.0,-128.67999999999984,berlinda,4,-0.0,4112.23,3955.2191000000003,,25.694444444444443,Risco Baixo,🟡 Acima com risco,79.99999999999993
ADC105,Florianopolis-Cachoeira_Bom_Jesus-apartamento-TOP-2Q,Carteira 1,SC,"Florianópolis, SC","Florianópolis, SC, Cachoeira do Bom Jesus",5,1083,5911.26,28,5632.31,2025-11,0.6,0.4328,15,30,610.2,331.25,8,2025-11-11,1.05,3051.0,-278.9499999999998,berlinda,8,-0.0,8561.26,7501.26,,58.333333333333336,Risco Médio,🟡 Acima com risco,133.33333333333323
RHE201,Bombinhas-Mariscal-casa-JR-2Q,Carteira 6,SC,"Bombinhas, SC","Bombinhas, SC, Morrinhos",3,575,2113.68,18,1968.24,2025-11,0.6296,0.3944,17,30,156.29,108.17,6,2025-11-11,1.07,468.87,-145.43999999999983,berlinda,6,-1.0,2762.7,2522.302992,,22.685185185185187,Risco Baixo,🟡 Acima com risco,74.99999999999994
BLB0507,Salvador-Barra-apartamento-SUP-1Q,Carteira 2,BA,"Salvador, BA","Salvador, BA, Barra",0,72,3362.65,203,3119.92,2025-11,0.6333,0.546,19,30,206.95,218.6,10,2025-11-11,1.08,0.0,-242.73000000000002,berlinda,10,-1.0,5548.65,4747.0438,,47.68518518518518,Risco Baixo,🟡 Acima com risco,111.11111111111101
ACL0303,Florianopolis-Ingleses_Centro-apartamento-JR-2Q,Carteira 1,SC,"Florianópolis, SC","Florianópolis, SC, Ingleses do Rio Vermelho",0,313,2109.43,17,1938.0,2025-11,0.4333,0.3142,13,30,209.77,155.0,7,2025-11-11,1.09,0.0,-171.42999999999984,berlinda,7,-1.0,3194.43,2579.5605,,20.833333333333336,Risco Baixo,🟡 Acima com risco,69.99999999999994
CEV1206,Balneario_Camboriu-Centro-apartamento-JR-1Q,Carteira 6,SC,"Balneário Camboriú, SC","Balneário Camboriú, SC, Centro",2,54,2222.77,31,2053.56,2025-11,0.8214,0.4666,23,30,150.32,146.67,9,2025-11-11,1.08,300.64,-169.21000000000004,berlinda,9,-1.0,3542.8,3307.042642,,41.66666666666667,Risco Baixo,🟡 Acima com risco,99.99999999999991
NWT0619,Especial-NWT-apartamento-TOP-1Q,Carteira 5,AL,"Maceió, AL","Maceió, AL, Pajuçara",1,215,4742.97,40,4657.0,2025-11,0.6897,0.5442,20,30,311.2,371.57,7,2025-11-11,1.02,311.2,-85.97000000000025,berlinda,7,-0.0,7343.96,6536.872803,,77.08333333333334,Risco Médio,🟡 Acima com risco,233.33333333333314
CFA0508,Florianopolis-Centrao-apartamento-JR-1Q,Carteira 4,SC,"Florianópolis, SC","Florianópolis, SC, Centro",0,50,2813.6,71,2585.44,2025-11,0.6667,0.4921,20,30,176.95,120.2,10,2025-11-11,1.09,0.0,-228.15999999999985,berlinda,10,-1.0,4015.6,3614.9734,,41.66666666666667,Risco Baixo,🟡 Acima com risco,99.99999999999991
NWT0418,Especial-NWT-apartamento-TOP-1Q,Carteira 5,AL,"Maceió, AL","Maceió, AL, Pajuçara",0,310,5018.34,40,4657.0,2025-11,0.6,0.5442,18,30,348.28,338.0,8,2025-11-11,1.08,0.0,-361.34000000000015,berlinda,8,-1.0,7722.34,6640.74,,31.712962962962965,Risco Baixo,🟡 Acima com risco,88.88888888888881
RAN203,Florianopolis-Jurere_Tradicional-apartamento-TOP-3Q,Carteira 1,SC,"Florianópolis, SC","Florianópolis, SC, Jurerê",0,1359,10474.27,15,9644.52,2025-11,0.6333,0.5372,19,30,699.68,432.17,6,2025-11-11,1.09,0.0,-829.75,berlinda,6,-1.0,13067.29,12116.429566,,15.277777777777779,Sem Risco,🟡 Acima com risco,59.99999999999994
SVN0401,Florianopolis-Ingleses_Centro-apartamento-TOP-3Q,Carteira 1,SC,"Florianópolis, SC","Florianópolis, SC, Ingleses do Rio Vermelho",4,683,6205.86,47,6120.42,2025-11,0.5385,0.4218,14,30,516.43,338.43,7,2025-11-11,1.01,2065.72,-85.4399999999996,berlinda,7,-0.0,8574.869999999999,7481.571884999999,,85.64814814814815,Risco Alto,🟡 Acima com risco,349.9999999999997
JBV248,Especial-JBV-hotel-TOP-1Q,Especial,SC,"Florianópolis, SC","Florianópolis, SC, Jurerê",2,1299,11159.13,34,10718.98,2025-11,0.7857,0.6611,22,30,593.83,493.5,2,2025-11-11,1.04,1187.66,-440.14999999999964,berlinda,2,-0.0,12146.13,11934.615899999999,,8.333333333333332,Sem Risco,🟡 Acima com risco,39.999999999999964
LGD0201,Florianopolis-Centrao-apartamento-TOP-2Q,Carteira 4,SC,"Florianópolis, SC","Florianópolis, SC, Centro",6,407,6209.43,23,5812.25,2025-11,0.7917,0.4569,19,30,446.37,290.4,5,2025-11-11,1.07,2678.2200000000003,-397.1800000000003,berlinda,5,-1.0,7661.43,7358.9784,,16.666666666666664,Sem Risco,🟡 Acima com risco,62.49999999999994
DMS0304,Gramado-Centro-apartamento-TOP-2Q,Carteira 4,RS,"Gramado, RS","Gramado, RS, Bairro Belverede",1,260,10763.13,55,10638.6,2025-11,0.6897,0.6864,20,30,719.25,424.67,6,2025-11-11,1.01,719.25,-124.52999999999884,berlinda,6,-0.0,13311.15,12520.499393999999,,83.33333333333334,Risco Alto,🟡 Acima com risco,299.9999999999998
NWT0918,Especial-NWT-apartamento-TOP-1Q,Carteira 5,AL,"Maceió, AL","Maceió, AL, Pajuçara",0,219,4771.62,40,4657.0,2025-11,0.7,0.5442,21,30,272.29,356.43,7,2025-11-11,1.02,0.0,-114.61999999999989,berlinda,7,-0.0,7266.63,6518.1269999999995,,77.08333333333334,Risco Médio,🟡 Acima com risco,233.33333333333314
NON0609,Sao_Paulo-Moema-apartamento-SUP-1Q,Carteira 4_sys-price,SP,"São Paulo, SP","São Paulo, SP, Moema",0,172,3206.6,599,3188.07,2025-11,0.6,0.5066,18,30,217.61,177.63,8,2025-11-11,1.01,0.0,-18.529999999999745,berlinda,8,-0.0,4627.639999999999,4059.2239999999997,,87.03703703703704,Risco Alto,🟡 Acima com risco,399.99999999999966
ECH0503,Florianopolis-Centrao-apartamento-TOP-1Q,Carteira 4,SC,"Florianópolis, SC","Florianópolis, SC, Centro",0,115,4634.56,30,4258.39,2025-11,0.6333,0.4441,19,30,284.68,218.13,8,2025-11-11,1.09,0.0,-376.1700000000001,berlinda,8,-1.0,6379.6,5739.693832000001,,25.694444444444443,Risco Baixo,🟡 Acima com risco,79.99999999999993
NWT0906,Especial-NWT-apartamento-TOP-1Q,Carteira 5,AL,"Maceió, AL","Maceió, AL, Pajuçara",0,221,4990.52,40,4657.0,2025-11,0.6667,0.5442,20,30,296.3,287.1,10,2025-11-11,1.07,0.0,-333.52000000000044,berlinda,10,-1.0,7861.52,6904.6157,,54.861111111111114,Risco Médio,🟡 Acima com risco,124.99999999999989
NWT1021,Especial-NWT-apartamento-TOP-1Q,Carteira 5,AL,"Maceió, AL","Maceió, AL, Pajuçara",1,199,5094.53,40,4657.0,2025-11,0.6552,0.5442,19,30,301.0,300.29,7,2025-11-11,1.09,301.0,-437.52999999999975,berlinda,7,-1.0,7196.5599999999995,6471.780056,,20.833333333333336,Risco Baixo,🟡 Acima com risco,69.99999999999994
NWT0907,Especial-NWT-apartamento-TOP-1Q,Carteira 5,AL,"Maceió, AL","Maceió, AL, Pajuçara",0,221,4945.56,40,4657.0,2025-11,0.5333,0.5442,16,30,301.26,295.36,11,2025-11-11,1.06,0.0,-288.5600000000004,berlinda,11,-0.0,8194.52,6678.230368,,66.89814814814815,Risco Médio,🟡 Acima com risco,157.142857142857
EAB0201,Florianopolis-Ingleses_Norte-apartamento-SUP-2Q,Carteira 1,SC,"Florianópolis, SC","Florianópolis, SC, Ingleses do Rio Vermelho",0,716,3083.91,58,3045.34,2025-11,0.4,0.3095,12,30,297.42,248.36,11,2025-11-11,1.01,0.0,-38.56999999999971,berlinda,11,-0.0,5815.87,4176.6939999999995,,91.20370370370371,Risco Alto,🟡 Acima com risco,549.9999999999995
JBV465,Especial-JBV-hotel-JR-1Q,Especial,SC,"Florianópolis, SC","Florianópolis, SC, Jurerê",0,1842,9917.7,25,9026.89,2025-11,0.7667,0.58,23,30,537.13,475.29,7,2025-11-11,1.1,0.0,-890.8100000000013,berlinda,7,-1.0,13244.730000000001,12468.533901,,17.824074074074073,Sem Risco,🟡 Acima com risco,63.63636363636358
RPV0308,Maceio-Jatiuca-apartamento-SUP-1Q,Carteira 2,AL,"Maceió, AL","Maceió, AL, Ponta Verde",0,136,3288.43,95,3052.92,2025-11,0.8,0.6196,24,30,177.92,155.2,5,2025-11-11,1.08,0.0,-235.50999999999976,berlinda,5,-1.0,4064.43,3909.2299999999996,,13.425925925925927,Sem Risco,🟡 Acima com risco,55.55555555555551
EKO0008,Camaçari-Itacimirim-apartamento-SUP-2Q,Carteira 2,BA,"Camaçari, BA","Camaçari, BA, Santa Maria",1,71,3471.84,24,3206.86,2025-11,0.5862,0.2785,17,30,257.24,212.44,9,2025-11-11,1.08,257.24,-264.98,berlinda,9,-1.0,5383.8,4592.630952,,41.66666666666667,Risco Baixo,🟡 Acima com risco,99.99999999999991
JBV265,Especial-JBV-hotel-JR-1Q,Especial,SC,"Florianópolis, SC","Florianópolis, SC, Jurerê",1,1927,9514.15,25,9026.89,2025-11,0.7241,0.58,21,30,554.9,436.0,2,2025-11-11,1.05,554.9,-487.2600000000002,berlinda,2,-1.0,10386.15,10145.5652,,6.944444444444445,Sem Risco,🟡 Acima com risco,33.33333333333331
NWT0923,Especial-NWT-apartamento-TOP-1Q,Carteira 5,AL,"Maceió, AL","Maceió, AL, Pajuçara",1,221,4654.79,40,4657.0,2025-11,0.5862,0.5442,17,30,283.32,278.5,10,2025-11-11,1.0,283.32,2.2100000000000364,berlinda,10,1.0,7439.79,6287.357,,97.91666666666666,Risco Alto,🟡 Acima com risco,999.9999999999991
VIM0602,Itapema-Praia_Itapema-apartamento-TOP-3Q,Carteira 6,SC,"Itapema, SC","Itapema, SC, Andorinha",5,178,4529.7,13,4282.3,2025-11,0.72,0.3387,18,30,297.56,236.83,6,2025-11-11,1.06,1487.8,-247.39999999999964,berlinda,6,-1.0,5950.68,5552.8056,,29.398148148148145,Risco Baixo,🟡 Acima com risco,85.71428571428564
SFR0412,Bombinhas-Centro-apartamento-SUP-1Q,Carteira 6,SC,"Bombinhas, SC","Bombinhas, SC, Centro",0,37,3801.6,34,3528.77,2025-11,0.8,0.5429,24,30,190.08,207.5,6,2025-11-11,1.08,0.0,-272.8299999999999,berlinda,6,-1.0,5046.6,4797.6,,19.212962962962962,Sem Risco,🟡 Acima com risco,66.66666666666661
STA0305,Gramado-Centro-apartamento-TOP-1Q,Carteira 4,RS,"Gramado, RS","Gramado, RS, Centro",1,78,7923.24,27,7724.8,2025-11,0.8966,0.6694,26,30,418.0,304.0,1,2025-11-11,1.03,418.0,-198.4399999999996,berlinda,1,-0.0,8227.24,8195.8064,,5.324074074074074,Sem Risco,🟡 Acima com risco,24.99999999999998
WBU2607,Goiania-Central-apartamento-TOP-1Q,Carteira 1_sys-price,GO,"Goiânia, GO","Goiânia, GO, Setor Marista",0,747,1670.89,53,1579.58,2025-11,0.3333,0.3282,10,30,197.2,191.0,16,2025-11-11,1.06,0.0,-91.31000000000017,berlinda,16,-0.0,4726.89,2689.4548,,75.46296296296296,Risco Médio,🟡 Acima com risco,228.57142857142836
CSF0202,Salvador-Barra-apartamento-SUP-2Q,Carteira 2,BA,"Salvador, BA","Salvador, BA, Barra",0,213,3962.96,29,3912.47,2025-11,0.6,0.5583,18,30,258.61,253.75,8,2025-11-11,1.01,0.0,-50.49000000000024,berlinda,8,-0.0,5992.96,5180.96,,87.03703703703704,Risco Alto,🟡 Acima com risco,399.99999999999966
CSF0303,Salvador-Barra-apartamento-JR-1Q,Carteira 2,BA,"Salvador, BA","Salvador, BA, Barra",0,29,2905.83,119,2773.76,2025-11,0.7333,0.5696,22,30,172.68,115.0,5,2025-11-11,1.05,0.0,-132.0699999999997,berlinda,5,-1.0,3480.83,3327.4775,,27.77777777777778,Risco Baixo,🟡 Acima com risco,83.33333333333327
RAK0331,Florianopolis-UFSC-apartamento-JR-3Q,Carteira 4,SC,"Florianópolis, SC","Florianópolis, SC, Pantanal",5,302,2996.67,14,2845.3,2025-11,0.48,0.4454,12,30,368.5,254.83,6,2025-11-11,1.05,1842.5,-151.3699999999999,berlinda,6,-0.0,4525.65,3730.5804,,41.66666666666667,Risco Baixo,🟡 Acima com risco,99.99999999999991
RFT505,Balneario_Camboriu-Intermediario-apartamento-JR-2Q,Carteira 6,SC,"Balneário Camboriú, SC","Balneário Camboriú, SC, Centro",13,1440,2821.97,36,2763.87,2025-11,0.8824,0.4118,15,30,235.87,115.0,1,2025-11-11,1.02,3066.31,-58.09999999999991,berlinda,1,-0.0,2936.97,2923.446,,6.944444444444445,Sem Risco,🟡 Acima com risco,33.33333333333331
RGP0107,Florianopolis-Jurere_Tradicional-apartamento-JR-1Q,Carteira 1,SC,"Florianópolis, SC","Florianópolis, SC, Jurerê",0,410,3255.59,18,3094.45,2025-11,0.5667,0.531,17,30,258.24,254.6,10,2025-11-11,1.05,0.0,-161.14000000000033,berlinda,10,-0.0,5801.59,4698.4082,,69.21296296296296,Risco Médio,🟡 Acima com risco,166.66666666666654
RUL0035,Ubatuba-Toninhas-casa-JR-3Q,Carteira 4,SP,"Ubatuba, SP","Ubatuba, SP, Toninhas",10,166,4620.66,14,4221.47,2025-11,0.6,0.2937,12,30,502.83,264.0,6,2025-11-11,1.09,5028.3,-399.1899999999996,berlinda,6,-1.0,6204.66,5571.0599999999995,,15.277777777777779,Sem Risco,🟡 Acima com risco,59.99999999999994
EVA704,Florianopolis-Centrao-apartamento-SUP-1Q,Carteira 4,SC,"Florianópolis, SC","Florianópolis, SC, Centro",0,648,3599.35,126,3394.05,2025-11,0.7333,0.4536,22,30,182.14,156.83,6,2025-11-11,1.06,0.0,-205.29999999999973,berlinda,6,-1.0,4540.33,4289.370634,,29.398148148148145,Risco Baixo,🟡 Acima com risco,85.71428571428564
JBV142,Especial-JBV-hotel-TOP-1Q,Especial,SC,"Florianópolis, SC","Florianópolis, SC, Jurerê",0,1580,11130.1,34,10718.98,2025-11,0.7333,0.6611,22,30,680.45,673.83,6,2025-11-11,1.04,0.0,-411.1200000000008,berlinda,6,-0.0,15173.080000000002,14094.817234,,52.31481481481482,Risco Médio,🟡 Acima com risco,119.99999999999989
RGF1201,Salvador-Flamengo-apartamento-TOP-1Q,Carteira 2,BA,"Salvador, BA","Salvador, BA, Itapuã",0,190,3504.0,30,3310.55,2025-11,0.7333,0.5018,22,30,183.91,180.0,4,2025-11-11,1.06,0.0,-193.44999999999982,berlinda,4,-1.0,4224.0,4031.976,,14.351851851851851,Sem Risco,🟡 Acima com risco,57.14285714285709
RGOA701,Itapema-Meia_Praia-Sul-apartamento-SUP-2Q,Carteira 6,SC,"Itapema, SC","Itapema, SC, Castelo Branco",0,120,3191.75,39,2948.95,2025-11,0.6667,0.3321,20,30,192.35,168.89,9,2025-11-11,1.08,0.0,-242.80000000000018,berlinda,9,-1.0,4711.76,4205.140667,,41.66666666666667,Risco Baixo,🟡 Acima com risco,99.99999999999991
ILC3312,Especial-ILC-hotel-JR-1Q,Especial,SC,"Florianópolis, SC","Florianópolis, SC, Jurerê Internacional",2,1971,9166.68,16,9179.91,2025-11,0.6071,0.5499,17,30,727.82,620.5,8,2025-11-11,1.0,1455.64,13.229999999999563,berlinda,8,1.0,14130.68,12180.3244,,95.83333333333334,Risco Alto,🟡 Acima com risco,799.9999999999993
JRR309,Florianopolis-Jurere_Tradicional-apartamento-TOP-3Q,Carteira 1,SC,"Florianópolis, SC","Florianópolis, SC, Jurerê",3,142,9921.12,15,9644.52,2025-11,0.7407,0.5372,20,30,633.95,411.5,4,2025-11-11,1.03,1901.8500000000001,-276.60000000000036,berlinda,4,-0.0,11567.12,11140.3122,,41.66666666666667,Risco Baixo,🟡 Acima com risco,99.99999999999991
ALI024,Florianopolis-Cachoeira_Bom_Jesus-casa-SUP-4Q,Carteira 1,SC,"Florianópolis, SC","Florianópolis, SC, Cachoeira do Bom Jesus",5,739,8677.98,7,8125.34,2025-11,0.48,0.335,12,30,953.42,486.0,6,2025-11-11,1.07,4767.099999999999,-552.6399999999994,berlinda,6,-1.0,11593.98,10077.66,,22.685185185185187,Risco Baixo,🟡 Acima com risco,74.99999999999994
PSO0904,Penha-Beto_Carrero-apartamento-TOP-1Q,Carteira 3,SC,"Penha, SC","Penha, SC, Praia de Armação do Itapocoroi",0,127,4496.35,16,4132.99,2025-11,0.8333,0.6017,25,30,246.64,223.4,5,2025-11-11,1.09,0.0,-363.3600000000006,berlinda,5,-1.0,5613.35,5427.1461,,11.342592592592593,Sem Risco,🟡 Acima com risco,49.99999999999996
SPJ0305,Especial-SPJ-apartamento-TOP-1Q,Carteira 5,SC,"Florianópolis, SC","Florianópolis, SC, Jurerê",0,516,6364.12,15,6230.75,2025-11,0.8333,0.6136,25,30,313.0,241.75,4,2025-11-11,1.02,0.0,-133.3699999999999,berlinda,4,-0.0,7331.12,7169.9211,,58.333333333333336,Risco Médio,🟡 Acima com risco,133.33333333333323
VST006,Especial-VST-casa-TOP-1Q,Carteira 5,SC,"Anitápolis, SC","Anitápolis, SC, Rio dos Pinheiros",2,488,2276.61,41,2231.25,2025-11,0.3571,0.1613,10,30,297.0,195.29,14,2025-11-11,1.02,594.0,-45.36000000000013,berlinda,14,-0.0,5010.67,3252.942826,,89.35185185185185,Risco Alto,🟡 Acima com risco,466.6666666666663
NWT0703,Especial-NWT-apartamento-TOP-1Q,Carteira 5,AL,"Maceió, AL","Maceió, AL, Pajuçara",0,185,4791.91,40,4657.0,2025-11,0.5667,0.5442,17,30,310.53,280.0,7,2025-11-11,1.03,0.0,-134.90999999999985,berlinda,7,-0.0,6751.91,5902.642,,70.83333333333334,Risco Médio,🟡 Acima com risco,174.99999999999986
IPC0901,Balneario_Camboriu-Centro-apartamento-TOP-3Q,Carteira 6,SC,"Balneário Camboriú, SC","Balneário Camboriú, SC, Centro",11,67,6089.61,45,5696.11,2025-11,0.8947,0.4366,17,30,435.88,353.0,1,2025-11-11,1.07,4794.68,-393.5,berlinda,1,-1.0,6442.61,6405.4391,,3.4722222222222223,Sem Risco,🟡 Acima com risco,12.49999999999999
PSO0801,Penha-Beto_Carrero-apartamento-TOP-1Q,Carteira 3,SC,"Penha, SC","Penha, SC, Praia de Armação do Itapocoroi",0,102,4272.29,16,4132.99,2025-11,0.8,0.6017,24,30,212.08,197.8,5,2025-11-11,1.03,0.0,-139.30000000000018,berlinda,5,-0.0,5261.29,5063.49,,54.861111111111114,Risco Médio,🟡 Acima com risco,124.99999999999989
CAT0905,Florianopolis-Centrao-apartamento-JR-2Q,Carteira 4,SC,"Florianópolis, SC","Florianópolis, SC, Centro",0,9,2785.0,21,2579.11,2025-11,0.5,0.4517,15,30,274.83,211.64,11,2025-11-11,1.08,0.0,-205.88999999999987,berlinda,11,-0.0,5113.04,3949.02,,53.93518518518518,Risco Médio,🟡 Acima com risco,122.22222222222211
ESA901,Balneario_Camboriu-Norte-apartamento-JR-3Q,Carteira 6,SC,"Balneário Camboriú, SC","Balneário Camboriú, SC, Centro",5,890,4511.66,19,4226.61,2025-11,0.64,0.4121,16,30,290.38,180.88,8,2025-11-11,1.07,1451.9,-285.0500000000002,berlinda,8,-1.0,5958.7,5437.7656,,41.66666666666667,Risco Baixo,🟡 Acima com risco,99.99999999999991
JBV179,Especial-JBV-hotel-JR-1Q,Especial,SC,"Florianópolis, SC","Florianópolis, SC, Jurerê",3,789,9344.92,25,9026.89,2025-11,0.7037,0.58,19,30,704.11,413.2,5,2025-11-11,1.04,2112.33,-318.03000000000065,berlinda,5,-0.0,11410.92,10798.7642,,41.66666666666667,Risco Baixo,🟡 Acima com risco,99.99999999999991
PRY0101,Porto_Seguro-Pataxos-apartamento-SUP-2Q,Carteira 2,BA,"Porto Seguro, BA","Porto Seguro, BA, Taperapuã",0,17,3783.66,27,3632.05,2025-11,0.7333,0.4027,22,30,224.27,313.0,6,2025-11-11,1.04,0.0,-151.60999999999967,berlinda,6,-0.0,5661.66,5160.7973999999995,,52.31481481481482,Risco Médio,🟡 Acima com risco,119.99999999999989
HOX1010,Sao_Paulo-Pinheiros-apartamento-SUP-1Q,Carteira 4,SP,"São Paulo, SP","São Paulo, SP, Pinheiros",0,137,4310.12,421,4048.72,2025-11,0.6333,0.5848,19,30,263.26,184.0,7,2025-11-11,1.06,0.0,-261.4000000000001,berlinda,7,-1.0,5598.12,5125.8104,,35.41666666666667,Risco Baixo,🟡 Acima com risco,99.9999999999999
MLU0306,Gramado-Geral-apartamento-SUP-1Q,Carteira 4,RS,"Gramado, RS","Gramado, RS, Bavaria",0,100,5241.9,81,5210.5,2025-11,0.7,0.6382,21,30,306.62,263.0,5,2025-11-11,1.01,0.0,-31.399999999999636,berlinda,5,-0.0,6556.9,6162.4,,79.16666666666666,Risco Médio,🟡 Acima com risco,249.99999999999977
NWT0304,Especial-NWT-apartamento-TOP-1Q,Carteira 5,AL,"Maceió, AL","Maceió, AL, Pajuçara",3,347,4834.75,40,4657.0,2025-11,0.7407,0.5442,20,30,284.5,280.0,7,2025-11-11,1.04,853.5,-177.75,berlinda,7,-0.0,6794.75,6286.522,,62.5,Risco Médio,🟡 Acima com risco,139.9999999999999
REK0001,Penha-Beto_Carrero-casa-JR-2Q,Carteira 3,SC,"Penha, SC","Penha, SC, Armação",0,66,2255.5,16,2068.16,2025-11,0.5,0.4522,15,30,188.53,161.56,9,2025-11-11,1.09,0.0,-187.34000000000015,berlinda,9,-1.0,3709.54,2982.52,,33.56481481481482,Risco Baixo,🟡 Acima com risco,89.99999999999991
NOA0616,Sao_Paulo-Santo_Amaro-apartamento-SUP-1Q,Carteira 4,SP,"São Paulo, SP","São Paulo, SP, Santo Amaro",0,281,3233.12,158,3146.03,2025-11,0.7333,0.5012,22,30,196.23,173.0,4,2025-11-11,1.03,0.0,-87.08999999999969,berlinda,4,-0.0,3925.12,3740.5636,,41.66666666666667,Risco Baixo,🟡 Acima com risco,99.99999999999991
ODM1203,Sao_Paulo-Mariana-apartamento-SUP-1Q,Carteira 4,SP,"São Paulo, SP","São Paulo, SP, Vila Mariana",3,39,2817.93,176,2772.66,2025-11,0.7037,0.5027,19,30,159.57,142.33,3,2025-11-11,1.02,478.71,-45.26999999999998,berlinda,3,-0.0,3244.92,3118.402863,,41.66666666666667,Risco Baixo,🟡 Acima com risco,99.99999999999991
PUQ0208,Sao_Paulo-Pompeia-apartamento-SUP-1Q,Carteira 4,SP,"São Paulo, SP","São Paulo, SP, Perdizes",0,199,2906.53,71,2705.63,2025-11,0.6333,0.3976,19,30,183.11,140.73,11,2025-11-11,1.07,0.0,-200.9000000000001,berlinda,11,-1.0,4454.56,3886.897399,,60.64814814814815,Risco Médio,🟡 Acima com risco,137.4999999999999
SLI0703,Maceio-Ponta_Verde-apartamento-SUP-1Q,Carteira 2,AL,"Maceió, AL","Maceió, AL, Ponta Verde",3,40,4237.97,203,4037.5,2025-11,0.963,0.6847,26,30,198.27,,0,2025-11-11,1.05,594.8100000000001,-200.47000000000025,berlinda,0,0.0,,,,1.1574074074074074,Sem Risco,🟡 Acima sem ação,0.0
BCA0601,Salvador-Ondina_Rio_Vermelho-apartamento-SUP-2Q,Carteira 2,BA,"Salvador, BA","Salvador, BA, Barra",1,498,4760.09,40,4484.41,2025-11,0.6897,0.5779,20,30,290.45,222.86,7,2025-11-11,1.06,290.45,-275.6800000000003,berlinda,7,-1.0,6320.110000000001,5836.035794,,35.41666666666667,Risco Baixo,🟡 Acima com risco,99.9999999999999
JPR201,Especial-JPR-apartamento-TOP-1Q,Carteira 1,SC,"Florianópolis, SC","Florianópolis, SC, Jurerê",0,1270,6606.23,16,6427.59,2025-11,0.6333,0.5944,19,30,397.89,257.86,7,2025-11-11,1.03,0.0,-178.63999999999942,berlinda,7,-0.0,8411.25,7749.349166,,70.83333333333334,Risco Médio,🟡 Acima com risco,174.99999999999986
ILC2310,Especial-ILC-hotel-TOP-1Q,Especial,SC,"Florianópolis, SC","Florianópolis, SC, Jurerê Internacional",0,1327,11095.05,30,11132.4,2025-11,0.7,0.6976,21,30,698.1,594.86,7,2025-11-11,1.0,0.0,37.350000000000364,berlinda,7,1.0,15259.07,14009.864,,93.98148148148148,Risco Alto,🟡 Acima com risco,699.9999999999994
NWT0902,Especial-NWT-apartamento-TOP-1Q,Carteira 5,AL,"Maceió, AL","Maceió, AL, Pajuçara",0,221,4891.85,40,4657.0,2025-11,0.6667,0.5442,20,30,306.0,265.14,7,2025-11-11,1.05,0.0,-234.85000000000036,berlinda,7,-0.0,6747.83,6129.231866,,50.46296296296296,Risco Médio,🟡 Acima com risco,116.66666666666657
ONP1716,Sao_Paulo-Bela_Vista-apartamento-SUP-1Q,Carteira 4,SP,"São Paulo, SP","São Paulo, SP, Paraíso",2,103,3594.99,596,3486.42,2025-11,0.7857,0.5791,22,30,198.77,153.5,4,2025-11-11,1.03,397.54,-108.56999999999971,berlinda,4,-0.0,4208.99,4077.4098,,41.66666666666667,Risco Baixo,🟡 Acima com risco,99.99999999999991
PSO1004,Penha-Beto_Carrero-apartamento-TOP-1Q,Carteira 3,SC,"Penha, SC","Penha, SC, Praia de Armação do Itapocoroi",0,85,4280.59,16,4132.99,2025-11,0.8333,0.6017,25,30,206.32,193.25,4,2025-11-11,1.04,0.0,-147.60000000000036,berlinda,4,-0.0,5053.59,4924.7309000000005,,25.694444444444443,Risco Baixo,🟡 Acima com risco,79.99999999999993
RPP0678,Penha-Longe-casa-JR-3Q,Carteira 6,SC,"Penha, SC","Penha, SC, Centro",2,283,2723.39,25,2686.17,2025-11,0.5357,0.4429,15,30,198.07,150.17,6,2025-11-11,1.01,396.14,-37.2199999999998,berlinda,6,-0.0,3624.41,3206.066414,,83.33333333333334,Risco Alto,🟡 Acima com risco,299.9999999999998
LIV0810,Salvador-Graca-apartamento-TOP-1Q,Especial,BA,"Salvador, BA","Salvador, BA, Vitória",0,106,3827.98,15,3581.56,2025-11,0.7,0.5526,21,30,229.24,223.88,8,2025-11-11,1.07,0.0,-246.42000000000007,berlinda,8,-1.0,5619.02,5081.708,,41.66666666666667,Risco Baixo,🟡 Acima com risco,99.99999999999991
OCB0901,Salvador-Barra-apartamento-TOP-1Q,Carteira 2,BA,"Salvador, BA","Salvador, BA, Barra",0,145,4822.61,132,4396.9,2025-11,0.7,0.6139,21,30,290.0,216.83,6,2025-11-11,1.1,0.0,-425.71000000000004,berlinda,6,-1.0,6123.59,5733.295999999999,,12.5,Sem Risco,🟡 Acima com risco,54.5454545454545
SRL002,Balneario_Camboriu-Centro-apartamento-SIM-2Q,Carteira 6,SC,"Balneário Camboriú, SC","Balneário Camboriú, SC, Centro",0,614,2207.67,52,2112.44,2025-11,0.5667,0.4198,17,30,158.35,133.44,9,2025-11-11,1.05,0.0,-95.23000000000002,berlinda,9,-0.0,3408.63,2888.254032,,65.97222222222221,Risco Médio,🟡 Acima com risco,149.9999999999999
BLN0802,Porto_Belo-Geral-apartamento-SUP-2Q,Carteira 6,SC,"Porto Belo, SC","Porto Belo, SC, Perequê",1,697,3446.96,21,3177.66,2025-11,0.7241,0.2879,21,30,194.76,145.13,8,2025-11-11,1.08,194.76,-269.3000000000002,berlinda,8,-1.0,4608.0,4287.669064,,31.712962962962965,Risco Baixo,🟡 Acima com risco,88.88888888888881
BSO0201,Itajai-Praia_Brava-apartamento-SUP-1Q,Carteira 6,SC,"Balneário Camboriú, SC","Balneário Camboriú, SC, Praia dos Amores",0,57,2825.76,10,2766.14,2025-11,0.6333,0.5032,19,30,169.47,134.13,8,2025-11-11,1.02,0.0,-59.620000000000346,berlinda,8,-0.0,3898.8,3505.316232,,80.55555555555556,Risco Alto,🟡 Acima com risco,266.66666666666646
