listing,categoria,carteira,estado,cidade,Bairro,dias_bloqueados,dias_ativo,faturamento_mes,n_concorrentes,meta,mes_ano,to_listings,to_concorrentes,dias_ocupados,total_dias,media_preco_ocupado,media_preco_disponivel,ocupacao_ainda_disponivel,dias_pmin,data_da_execucao,atingimento_meta,faturamento_perdido_bloqueio,falta_meta,grupo_criticidade,dias_disponiveis,dias_necessarios,potencial_max,potencial_realista,score_bruto,score_normalizado,faixa_prioridade,status_operacional,score_risco_bruto
CTD0302,Penha-Longe-apartamento-JR-2Q,Carteira 6,SC,"Penha, SC","Penha, SC, Centro",0,176,2217.68,26,2357.93,2025-11,0.7333,0.5139,22,30,125.77,140.0,2,0,2025-11-26,0.94,0.0,140.25,berlinda,2,2.0,2497.68,2423.004,4.163609606731328,14.344262295081966,Baixa,🟢 Abaixo viável,
ONP2021,Sao_Paulo-Bela_Vista-apartamento-SUP-1Q,Carteira 4_sys-price,SP,"São Paulo, SP","São Paulo, SP, Paraíso",5,170,3839.81,606,4211.74,2025-11,0.88,0.7403,22,30,207.73,150.0,1,0,2025-11-26,0.91,1038.6499999999999,371.92999999999984,berlinda,1,3.0,3989.81,3971.81,4.41539601209951,17.62295081967213,Baixa,🟠 Abaixo precisa esforço,
RTQ0009,Mata_de_Sao_Joao-Praia_Imbassai-casa-SUP-2Q,Carteira 2,BA,"Mata de São João, BA","Mata de São João, BA, Imbassaí",24,165,2744.52,14,3078.88,2025-11,1.0,0.4861,6,30,561.0,,0,24,2025-11-26,0.89,13464.0,334.3600000000001,berlinda,0,0.0,,,,,Baixa,🔴 Abaixo inviável,
RVR0506,Florianopolis-UFSC-apartamento-SUP-1Q,Carteira 4,SC,"Florianópolis, SC","Florianópolis, SC, Pantanal",1,723,3443.28,46,3534.63,2025-11,0.6897,0.7027,20,30,188.35,137.0,2,0,2025-11-26,0.97,188.35,91.34999999999991,berlinda,2,1.0,3717.28,3632.2578000000003,3.5406676229195098,9.01639344262295,Baixa,🟢 Abaixo viável,
SDR008,Florianopolis-Lagoa-apartamento-SUP-1Q,Carteira 1,SC,"Florianópolis, SC","Florianópolis, SC, Lagoa da Conceição",0,1522,3170.82,26,3903.59,2025-11,0.7333,0.7652,22,30,182.5,175.5,2,0,2025-11-26,0.81,0.0,732.77,berlinda,2,5.0,3521.82,3428.2083000000002,6.588864865418755,45.90163934426229,Média,🟠 Abaixo precisa esforço,
VST008,Especial-VST-casa-TOP-1Q,Carteira 5,SC,"Anitápolis, SC","Anitápolis, SC, Rio dos Pinheiros",3,488,3187.34,54,3642.14,2025-11,0.7037,0.2969,19,30,214.16,254.25,4,0,2025-11-26,0.88,642.48,454.7999999999997,berlinda,4,2.0,4204.34,3903.0029000000004,15.874307412674955,84.01639344262296,Crítico,🟢 Abaixo viável,
SCO0008,Florianopolis-Campeche-apartamento-JR-2Q,Carteira 1,SC,"Florianópolis, SC","Florianópolis, SC, Campeche",0,172,3039.39,35,3311.0,2025-11,0.6333,0.6935,19,30,207.89,146.0,1,0,2025-11-26,0.92,0.0,271.6100000000001,berlinda,1,2.0,3185.39,3131.8518,5.988381153729994,40.57377049180328,Média,🟠 Abaixo precisa esforço,
BLB1501,Salvador-Barra-apartamento-SUP-1Q,Carteira 2,BA,"Salvador, BA","Salvador, BA, Barra",3,1,3702.96,213,4282.3,2025-11,0.8519,0.7357,23,30,194.87,,0,0,2025-11-26,0.86,584.61,579.3400000000001,berlinda,0,0.0,,,,,Baixa,🔴 Abaixo inviável,
EJF0702,Balneario_Camboriu-Intermediario-apartamento-SUP-2Q,Carteira 6,SC,"Balneário Camboriú, SC","Balneário Camboriú, SC, Centro",8,689,3394.9,93,3620.15,2025-11,0.9091,0.519,20,30,221.95,,0,0,2025-11-26,0.94,1775.6,225.25,berlinda,0,0.0,,,,,Baixa,🔴 Abaixo inviável,
HAI0702,Salvador-Centro-apartamento-JR-1Q,Carteira 2,BA,"Salvador, BA","Salvador, BA, Centro",2,366,2218.35,28,2558.76,2025-11,0.75,0.7533,21,30,137.24,,0,0,2025-11-26,0.87,274.48,340.4100000000003,berlinda,0,0.0,,,,,Baixa,🔴 Abaixo inviável,
JBV124,Especial-JBV-hotel-JR-1Q,Especial,SC,"Florianópolis, SC","Florianópolis, SC, Jurerê",0,1928,9792.17,26,10509.34,2025-11,0.6333,0.732,19,30,616.68,410.0,1,0,2025-11-26,0.93,0.0,717.1700000000001,berlinda,1,2.0,10202.17,10051.823,13.98944653041961,79.50819672131148,Alta,🟠 Abaixo precisa esforço,
TCO0611,Porto_Alegre-Centro_Historico-apartamento-SUP-1Q,Carteira 4,RS,"Porto Alegre, RS","Porto Alegre, RS, Centro Histórico",0,491,2118.99,79,2397.11,2025-11,0.7667,0.633,23,30,124.13,120.0,1,0,2025-11-26,0.88,0.0,278.12000000000035,berlinda,1,3.0,2238.99,2210.9939999999997,4.6409217766393756,20.901639344262296,Média,🟠 Abaixo precisa esforço,
UPP0214,Curitiba-Centro-apartamento-JR-1Q,Carteira 4,PR,"Curitiba, PR","Curitiba, PR, Alto da XV",0,8,2419.94,291,2530.45,2025-11,0.5667,0.7042,17,30,135.25,130.0,1,0,2025-11-26,0.96,0.0,110.50999999999976,berlinda,1,1.0,2549.94,2493.611,5.677369637811445,36.0655737704918,Média,🟠 Abaixo precisa esforço,
VLPC0103,Mata_de_Sao_Joao-Praia_do_Forte-apartamento-SUP-2Q,Carteira 2,BA,"Mata de São João, BA","Mata de São João, BA, Centro",4,261,5236.8,27,6226.37,2025-11,0.7692,0.5918,20,30,320.05,281.0,1,0,2025-11-26,0.84,1280.2,989.5699999999997,berlinda,1,4.0,5517.8,5452.9452,11.164979353941378,70.90163934426229,Alta,🟠 Abaixo precisa esforço,
EVA806,Florianopolis-Centrao-apartamento-SUP-1Q,Carteira 4,SC,"Florianópolis, SC","Florianópolis, SC, Centro",0,505,3509.37,126,3992.03,2025-11,0.6667,0.5806,20,30,199.55,145.5,2,0,2025-11-26,0.88,0.0,482.6600000000003,berlinda,2,4.0,3800.37,3703.3797,4.397952294947686,17.21311475409836,Baixa,🟠 Abaixo precisa esforço,
ISM0806,Sao_Paulo-Moema-apartamento-SUP-1Q,Carteira 4_sys-price,SP,"São Paulo, SP","São Paulo, SP, Indianópolis",1,271,3942.47,609,4291.44,2025-11,0.6897,0.706,20,30,217.73,,0,0,2025-11-26,0.92,217.73,348.9699999999998,berlinda,0,0.0,,,,,Baixa,🔴 Abaixo inviável,
NIK0504,Sao_Paulo-Bela_Vista-apartamento-SUP-1Q,Carteira 4_sys-price,SP,"São Paulo, SP","São Paulo, SP, Bela Vista",0,53,3398.93,606,4211.74,2025-11,0.7,0.7403,21,30,183.62,,0,0,2025-11-26,0.81,0.0,812.81,berlinda,0,0.0,,,,,Baixa,🔴 Abaixo inviável,
RGF1406,Salvador-Flamengo-apartamento-TOP-1Q,Carteira 2,BA,"Salvador, BA","Salvador, BA, Itapuã",0,131,3279.97,33,3562.1,2025-11,0.7333,0.6897,22,30,169.59,170.0,2,0,2025-11-26,0.92,0.0,282.1300000000001,berlinda,2,2.0,3619.97,3529.292,6.732278711995736,46.72131147540984,Média,🟠 Abaixo precisa esforço,
OBP0303,Penha-Beto_Carrero-apartamento-MASTER-2Q,Carteira 3,SC,"Penha, SC","Penha, SC, Armação",0,352,4889.96,27,5080.45,2025-11,0.6,0.3964,18,30,322.83,302.67,3,0,2025-11-26,0.96,0.0,190.48999999999978,berlinda,3,1.0,5797.97,5434.766,11.348523910283527,72.1311475409836,Alta,🟢 Abaixo viável,
ELU0311,Especial-JPR-apartamento-TOP-1Q,Carteira 1,SC,"Florianópolis, SC","Florianópolis, SC, Jurerê",0,598,5363.57,18,6452.9,2025-11,0.5333,0.7103,16,30,423.63,233.5,2,0,2025-11-26,0.83,0.0,1089.33,berlinda,2,5.0,5830.57,5612.621099999999,7.883542438283563,58.19672131147541,Alta,🟠 Abaixo precisa esforço,
GRB0917,Porto_Alegre-Auxiliadora-apartamento-SUP-1Q,Carteira 4,RS,"Porto Alegre, RS","Porto Alegre, RS, Rio Branco",0,353,2943.75,102,3292.0,2025-11,0.7667,0.662,23,30,151.78,150.0,1,0,2025-11-26,0.89,0.0,348.25,berlinda,1,3.0,3093.75,3058.755,5.289337788578371,31.967213114754102,Média,🟠 Abaixo precisa esforço,
PPE0302,Sao_Paulo-Brooklin-apartamento-SUP-1Q,Carteira 4_sys-price,SP,"São Paulo, SP","São Paulo, SP, Brooklin Novo",7,85,4338.97,296,4541.67,2025-11,0.8696,0.7345,20,30,231.8,,0,0,2025-11-26,0.96,1622.6000000000001,202.69999999999982,berlinda,0,0.0,,,,,Baixa,🔴 Abaixo inviável,
UPP0512,Curitiba-Centro-apartamento-JR-1Q,Carteira 4,PR,"Curitiba, PR","Curitiba, PR, Alto da XV",0,17,2471.87,291,2530.45,2025-11,0.7,0.7042,21,30,146.62,130.0,4,0,2025-11-26,0.98,0.0,58.57999999999993,berlinda,4,1.0,2991.87,2835.87,3.0095042383765698,4.918032786885246,Baixa,🟢 Abaixo viável,
CVE402,Guarapari-Praia_do_Morro-apartamento-JR-3Q,Carteira 4,ES,"Guarapari, ES","Guarapari, ES, Praia do Morro",4,620,1733.19,55,1912.5,2025-11,0.3462,0.4163,9,30,219.56,148.75,4,0,2025-11-26,0.91,878.24,179.30999999999995,berlinda,4,2.0,2328.19,1939.179,6.973166666666664,49.59016393442623,Média,🟢 Abaixo viável,
IBY1613,Sao_Paulo-Moema-apartamento-TOP-1Q,Carteira 4_sys-price,SP,"São Paulo, SP","São Paulo, SP, Indianópolis",1,269,5209.25,109,5740.23,2025-11,0.8966,0.7825,26,30,240.69,,0,0,2025-11-26,0.91,240.69,530.9799999999996,berlinda,0,0.0,,,,,Baixa,🔴 Abaixo inviável,
NXO0603,Sao_Paulo-Bela_Vista-apartamento-SUP-1Q,Carteira 4_sys-price,SP,"São Paulo, SP","São Paulo, SP, Consolação",0,444,3897.84,606,4211.74,2025-11,0.8333,0.7403,25,30,197.76,,0,0,2025-11-26,0.93,0.0,313.89999999999964,berlinda,0,0.0,,,,,Baixa,🔴 Abaixo inviável,
ILC4112,Especial-ILC-hotel-JR-1Q,Especial,SC,"Florianópolis, SC","Florianópolis, SC, Jurerê Internacional",0,815,10118.65,17,10796.7,2025-11,0.7,0.6813,21,30,677.76,,0,0,2025-11-26,0.94,0.0,678.0500000000011,berlinda,0,0.0,,,,,Baixa,🔴 Abaixo inviável,
NWT1313,Especial-NWT-apartamento-TOP-1Q,Carteira 5,AL,"Maceió, AL","Maceió, AL, Pajuçara",0,289,4805.02,43,5085.72,2025-11,0.5333,0.6669,16,30,371.44,330.0,1,9,2025-11-26,0.94,0.0,280.6999999999998,berlinda,1,1.0,5135.02,4981.009,18.213940209055934,88.52459016393442,Crítico,🟠 Abaixo precisa esforço,
SOA0510,Salvador-Boca_do_Rio-apartamento-TOP-1Q,Carteira 2,BA,"Salvador, BA","Salvador, BA, Boca do Rio",0,274,3295.31,17,3694.67,2025-11,0.6333,0.7248,19,30,203.89,144.0,1,0,2025-11-26,0.89,0.0,399.3600000000001,berlinda,1,3.0,3439.31,3386.5052,5.1883605301691365,30.737704918032787,Média,🟠 Abaixo precisa esforço,
JBV108,Especial-JBV-hotel-TOP-1Q,Especial,SC,"Florianópolis, SC","Florianópolis, SC, Jurerê",1,1704,10598.3,34,11660.99,2025-11,0.7931,0.7597,23,30,595.74,,0,0,2025-11-26,0.91,595.74,1062.6900000000005,berlinda,0,0.0,,,,,Baixa,🔴 Abaixo inviável,
SCO0016,Florianopolis-Campeche-apartamento-JR-2Q,Carteira 1,SC,"Florianópolis, SC","Florianópolis, SC, Campeche",0,207,3169.57,35,3311.0,2025-11,0.7,0.6935,21,30,202.67,146.0,1,0,2025-11-26,0.96,0.0,141.42999999999984,berlinda,1,1.0,3315.57,3271.77,6.23641800060404,42.21311475409836,Média,🟠 Abaixo precisa esforço,
PDAA0611,Camaçari-Jacuipe-casa-SUP-3Q,Carteira 2,BA,"Camaçari, BA","Camaçari, BA, Barra do Jacuípe",7,708,4241.45,14,5080.36,2025-11,0.4348,0.4839,10,30,491.0,455.0,4,26,2025-11-26,0.83,3437.0,838.9099999999999,berlinda,4,2.0,6061.45,5032.786,37.566634057429,97.1311475409836,Crítico,🟠 Abaixo precisa esforço,
SOA0406,Salvador-Boca_do_Rio-apartamento-SUP-1Q,Carteira 2,BA,"Salvador, BA","Salvador, BA, Boca do Rio",1,148,2886.65,34,3140.34,2025-11,0.7931,0.6992,23,30,151.3,,0,0,2025-11-26,0.92,151.3,253.69000000000005,berlinda,0,0.0,,,,,Baixa,🔴 Abaixo inviável,
SPJ0503,Especial-SPJ-apartamento-TOP-1Q,Carteira 5,SC,"Florianópolis, SC","Florianópolis, SC, Jurerê",0,382,6088.0,17,6230.75,2025-11,0.8667,0.7162,26,30,307.19,,0,0,2025-11-26,0.98,0.0,142.75,berlinda,0,0.0,,,,,Baixa,🔴 Abaixo inviável,
STA0305,Gramado-Centro-apartamento-TOP-1Q,Carteira 4,RS,"Gramado, RS","Gramado, RS, Centro",1,78,7923.24,27,8121.75,2025-11,0.8966,0.7301,26,30,418.0,,0,0,2025-11-26,0.98,418.0,198.51000000000022,berlinda,0,0.0,,,,,Baixa,🔴 Abaixo inviável,
TPS211,Florianopolis-Canasvieiras_Meio-apartamento-TOP-1Q,Carteira 1,SC,"Florianópolis, SC","Florianópolis, SC, Canasvieiras",0,809,4051.73,28,4125.61,2025-11,0.7,0.596,21,30,809.24,225.0,1,0,2025-11-26,0.98,0.0,73.87999999999965,berlinda,1,1.0,4276.73,4209.23,4.029222345301638,12.704918032786885,Baixa,🟢 Abaixo viável,
WBU2607,Goiania-Central-apartamento-TOP-1Q,Carteira 1_sys-price,GO,"Goiânia, GO","Goiânia, GO, Setor Marista",0,747,3052.1,55,3340.68,2025-11,0.6333,0.5999,19,30,196.11,203.0,1,18,2025-11-26,0.91,0.0,288.5799999999999,berlinda,1,2.0,3255.1,3180.6599,8.767936468024471,61.885245901639344,Alta,🟠 Abaixo precisa esforço,
DAL312,Canela-Geral-apartamento-TOP-1Q,Carteira 4,RS,"Canela, RS","Canela, RS, São José",0,754,4299.37,23,4535.6,2025-11,0.6333,0.6179,19,30,277.84,,0,0,2025-11-26,0.95,0.0,236.23000000000047,berlinda,0,0.0,,,,,Baixa,🔴 Abaixo inviável,
NWT0312,Especial-NWT-apartamento-TOP-1Q,Carteira 5,AL,"Maceió, AL","Maceió, AL, Pajuçara",2,320,4606.57,43,5085.72,2025-11,0.6071,0.6669,17,30,311.94,280.0,1,0,2025-11-26,0.91,623.88,479.15000000000055,berlinda,1,2.0,4886.57,4776.558,13.190069449360184,77.04918032786885,Alta,🟠 Abaixo precisa esforço,
OKA206,Florianopolis-Campeche-apartamento-TOP-1Q,Carteira 1,SC,"Florianópolis, SC","Florianópolis, SC, Campeche",14,35,3586.99,25,4062.35,2025-11,1.0,0.6278,16,30,269.44,,0,0,2025-11-26,0.88,3772.16,475.3600000000001,berlinda,0,0.0,,,,,Baixa,🔴 Abaixo inviável,
TCO1005,Porto_Alegre-Centro_Historico-apartamento-SUP-1Q,Carteira 4,RS,"Porto Alegre, RS","Porto Alegre, RS, Centro Histórico",0,86,2340.28,79,2397.11,2025-11,0.7,0.633,21,30,122.35,,0,0,2025-11-26,0.98,0.0,56.82999999999993,berlinda,0,0.0,,,,,Baixa,🔴 Abaixo inviável,
CSE0102,Florianopolis-Canasvieiras_Meio-apartamento-SUP-3Q,Carteira 1,SC,"Florianópolis, SC","Florianópolis, SC, Canasvieiras",11,423,4870.46,33,5187.42,2025-11,0.7368,0.4398,14,30,403.5,,0,14,2025-11-26,0.94,4438.5,316.96000000000004,berlinda,0,0.0,,,,,Baixa,🔴 Abaixo inviável,
JBV207,Especial-JBV-hotel-TOP-1Q,Especial,SC,"Florianópolis, SC","Florianópolis, SC, Jurerê",3,422,10311.44,34,11660.99,2025-11,0.7407,0.7597,20,30,662.4,621.0,2,0,2025-11-26,0.88,1987.1999999999998,1349.5499999999993,berlinda,2,3.0,11553.44,11231.3894,23.956529419886294,91.80327868852459,Crítico,🟠 Abaixo precisa esforço,
NWT0714,Especial-NWT-apartamento-TOP-1Q,Carteira 5,AL,"Maceió, AL","Maceió, AL, Pajuçara",0,186,4944.25,43,5085.72,2025-11,0.6333,0.6669,19,30,327.58,,0,0,2025-11-26,0.97,0.0,141.47000000000025,berlinda,0,0.0,,,,,Baixa,🔴 Abaixo inviável,
NWT0812,Especial-NWT-apartamento-TOP-1Q,Carteira 5,AL,"Maceió, AL","Maceió, AL, Pajuçara",0,186,4911.88,43,5085.72,2025-11,0.6,0.6669,18,30,325.94,280.0,1,0,2025-11-26,0.97,0.0,173.84000000000015,berlinda,1,1.0,5191.88,5079.88,9.570955538252212,65.1639344262295,Alta,🟠 Abaixo precisa esforço,
VNO1417,Sao_Paulo-Republica-apartamento-SUP-1Q,Carteira 4_sys-price,SP,"São Paulo, SP","São Paulo, SP, Consolação",2,124,3113.36,473,3655.43,2025-11,0.8929,0.773,25,30,157.6,,0,0,2025-11-26,0.85,315.2,542.0699999999997,berlinda,0,0.0,,,,,Baixa,🔴 Abaixo inviável,
JBV134,Especial-JBV-hotel-JR-1Q,Especial,SC,"Florianópolis, SC","Florianópolis, SC, Jurerê",4,1971,9054.22,26,10509.34,2025-11,0.9231,0.732,24,30,459.83,,0,0,2025-11-26,0.86,1839.32,1455.1200000000008,berlinda,0,0.0,,,,,Baixa,🔴 Abaixo inviável,
MGI0068,Porto_Seguro-Pitinga-casa-TOP-3Q,Carteira 2,BA,"Porto Seguro, BA","Porto Seguro, BA, Alto da Pitinga",2,54,2958.48,9,3661.85,2025-11,0.1429,0.3579,4,30,1105.0,800.0,4,25,2025-11-26,0.81,2210.0,703.3699999999999,berlinda,4,1.0,6158.48,3415.76,153.66440460423004,99.59016393442623,Crítico,🟠 Abaixo precisa esforço,
SHA0104,Balneario_Picarras-Geral-apartamento-SUP-2Q,Carteira 6,SC,"Balneário Piçarras, SC","Balneário Piçarras, SC, Centro",7,45,1762.85,86,1780.79,2025-11,0.6522,0.3791,15,30,144.2,115.0,1,0,2025-11-26,0.99,1009.3999999999999,17.940000000000055,berlinda,1,1.0,1877.85,1837.8529999999998,1.1585307644360123,1.2295081967213115,Baixa,🟢 Abaixo viável,
CCI003,Florianopolis-Ingleses_Norte-apartamento-TOP-2Q,Carteira 1,SC,"Florianópolis, SC","Florianópolis, SC, Ingleses do Rio Vermelho",0,1041,5352.75,21,5532.65,2025-11,0.6667,0.6365,20,30,360.8,,0,0,2025-11-26,0.97,0.0,179.89999999999964,berlinda,0,0.0,,,,,Baixa,🔴 Abaixo inviável,
CMV004,Marau-Barra_Grande-casa-TOP-4Q,Carteira 2,BA,"Maraú, BA","Maraú, BA, Barra Grande",6,477,7738.15,7,8070.68,2025-11,0.5833,0.5176,14,30,704.64,619.5,4,0,2025-11-26,0.96,4227.84,332.53000000000065,berlinda,4,1.0,10216.15,9183.5674,25.52478043981429,93.44262295081968,Crítico,🟢 Abaixo viável,
NOA0704,Sao_Paulo-Santo_Amaro-apartamento-SUP-1Q,Carteira 4_sys-price,SP,"São Paulo, SP","São Paulo, SP, Santo Amaro",0,400,3288.31,157,4015.14,2025-11,0.7,0.6758,21,30,194.0,145.0,1,0,2025-11-26,0.82,0.0,726.8299999999999,berlinda,1,6.0,3433.31,3389.81,4.374706319912464,16.39344262295082,Baixa,🟠 Abaixo precisa esforço,
PSO0906,Penha-Beto_Carrero-apartamento-SUP-1Q,Carteira 3,SC,"Penha, SC","Penha, SC, Praia de Armação do Itapocoroi",0,101,2254.98,18,2280.04,2025-11,0.4333,0.4976,13,30,186.57,138.0,1,0,2025-11-26,0.99,0.0,25.059999999999945,berlinda,1,1.0,2392.98,2314.7754,1.5167628638094035,1.639344262295082,Baixa,🟢 Abaixo viável,
IAA1002,Recife-Boa_Viagem-apartamento-TOP-1Q,Carteira 2,PE,"Recife, PE","Recife, PE, Boa Viagem",0,598,4618.2,40,4981.09,2025-11,0.8333,0.8401,25,30,230.56,,0,0,2025-11-26,0.93,0.0,362.8900000000003,berlinda,0,0.0,,,,,Baixa,🔴 Abaixo inviável,
NDE0003,Florianopolis-Campeche-apartamento-SUP-1Q,Carteira 1,SC,"Florianópolis, SC","Florianópolis, SC, Ribeirão da Ilha",1,206,2680.63,28,3106.87,2025-11,0.5172,0.695,15,30,216.27,153.0,1,0,2025-11-26,0.86,216.27,426.2399999999998,berlinda,1,3.0,2833.63,2759.7616000000003,6.996829606645912,50.409836065573764,Alta,🟠 Abaixo precisa esforço,
NWT1113,Especial-NWT-apartamento-TOP-1Q,Carteira 5,AL,"Maceió, AL","Maceió, AL, Pajuçara",2,288,4966.34,43,5085.72,2025-11,0.6786,0.6669,19,30,324.11,307.5,2,0,2025-11-26,0.98,648.22,119.38000000000011,berlinda,2,1.0,5581.34,5383.679,7.218122507727526,53.278688524590166,Alta,🟢 Abaixo viável,
TCO0712,Porto_Alegre-Centro_Historico-apartamento-SUP-1Q,Carteira 4,RS,"Porto Alegre, RS","Porto Alegre, RS, Centro Histórico",0,555,2295.3,79,2397.11,2025-11,0.7,0.633,21,30,125.71,120.0,1,0,2025-11-26,0.96,0.0,101.80999999999995,berlinda,1,1.0,2415.3,2379.3,5.096637200629088,27.459016393442624,Média,🟠 Abaixo precisa esforço,
ERM0102,Balneario_Camboriu-Centro-apartamento-SUP-3Q,Carteira 6,SC,"Balneário Camboriú, SC","Balneário Camboriú, SC, Centro",5,25,3882.51,88,4414.18,2025-11,0.8,0.5257,20,30,232.95,,0,0,2025-11-26,0.88,1164.75,531.6700000000001,berlinda,0,0.0,,,,,Baixa,🔴 Abaixo inviável,
JBM201,Florianopolis-Jurere_Tradicional-apartamento-TOP-1Q,Carteira 1,SC,"Florianópolis, SC","Florianópolis, SC, Jurerê",0,1971,5890.07,20,6835.63,2025-11,0.6,0.7118,18,30,412.94,490.75,4,0,2025-11-26,0.86,0.0,945.5600000000004,berlinda,4,2.0,7853.07,7067.87,33.94226794018987,95.90163934426229,Crítico,🟢 Abaixo viável,
MADB1005,Aguas_Claras-Geral-apartamento-JR-1Q,Carteira 1_sys-price,DF,"Águas Claras, DF","Brasília, DF, Águas Claras",0,767,2544.6,100,2913.42,2025-11,0.6667,0.7918,20,30,150.35,165.25,4,0,2025-11-26,0.87,0.0,368.82000000000016,berlinda,4,3.0,3205.6,2985.2887,6.973191300945283,50.0,Alta,🟢 Abaixo viável,
NWT1115,Especial-NWT-apartamento-TOP-1Q,Carteira 5,AL,"Maceió, AL","Maceió, AL, Pajuçara",2,150,4586.37,43,5085.72,2025-11,0.5357,0.6669,15,30,369.73,280.0,1,0,2025-11-26,0.9,739.46,499.35000000000036,berlinda,1,2.0,4866.37,4736.366,13.746136240296368,77.8688524590164,Alta,🟠 Abaixo precisa esforço,
ODM1203,Sao_Paulo-Mariana-apartamento-SUP-1Q,Carteira 4_sys-price,SP,"São Paulo, SP","São Paulo, SP, Vila Mariana",2,39,2944.16,175,3677.1,2025-11,0.7857,0.6747,22,30,159.86,,0,0,2025-11-26,0.8,319.72,732.94,berlinda,0,0.0,,,,,Baixa,🔴 Abaixo inviável,
PUQ0208,Sao_Paulo-Pompeia-apartamento-SUP-1Q,Carteira 4,SP,"São Paulo, SP","São Paulo, SP, Perdizes",0,199,3588.89,71,3886.2,2025-11,0.8333,0.5906,25,30,175.8,137.0,1,0,2025-11-26,0.92,0.0,297.30999999999995,berlinda,1,3.0,3725.89,3703.0521,3.493684490419089,8.19672131147541,Baixa,🟠 Abaixo precisa esforço,
SLI0703,Maceio-Ponta_Verde-apartamento-SUP-1Q,Carteira 2,AL,"Maceió, AL","Maceió, AL, Ponta Verde",3,40,4237.97,213,4430.72,2025-11,0.963,0.7879,26,30,198.27,,0,0,2025-11-26,0.96,594.8100000000001,192.75,berlinda,0,0.0,,,,,Baixa,🔴 Abaixo inviável,
TPS203,Florianopolis-Canasvieiras_Meio-apartamento-TOP-1Q,Carteira 1,SC,"Florianópolis, SC","Florianópolis, SC, Canasvieiras",0,872,3603.78,28,4125.61,2025-11,0.6,0.596,18,30,237.0,208.5,4,0,2025-11-26,0.87,0.0,521.8299999999995,berlinda,4,3.0,4437.780000000001,4104.18,8.790744883786878,62.295081967213115,Alta,🟠 Abaixo precisa esforço,
ETI0724,Maceio-Ponta_Verde-apartamento-TOP-1Q,Carteira 2,AL,"Maceió, AL","Maceió, AL, Ponta Verde",0,310,4869.39,126,5016.81,2025-11,0.9333,0.7833,28,30,234.64,,0,0,2025-11-26,0.97,0.0,147.42000000000007,berlinda,0,0.0,,,,,Baixa,🔴 Abaixo inviável,
EJO0403,Florianopolis-Centrao-apartamento-JR-1Q,Carteira 4,SC,"Florianópolis, SC","Florianópolis, SC, Centro",1,393,3253.63,73,3552.69,2025-11,0.7931,0.6613,23,30,167.39,110.0,3,0,2025-11-26,0.92,167.39,299.05999999999995,berlinda,3,3.0,3583.63,3515.353,3.0865438114030015,5.737704918032787,Baixa,🟠 Abaixo precisa esforço,
EMR302,Florianopolis-Jurere_Internacional-apartamento-SUP-2Q,Carteira 1,SC,"Florianópolis, SC","Florianópolis, SC, Jurerê Internacional",1,947,5144.92,28,6061.24,2025-11,0.6207,0.5982,18,30,325.61,251.0,1,0,2025-11-26,0.85,325.61,916.3199999999997,berlinda,1,4.0,5395.92,5300.7157,9.486355927170017,64.75409836065575,Alta,🟠 Abaixo precisa esforço,
VLO0504,Florianopolis-Jurere_Longe-apartamento-TOP-2Q,Carteira 1,SC,"Florianópolis, SC","Florianópolis, SC, Jurerê Internacional",5,358,7394.1,15,9077.58,2025-11,0.64,0.7038,16,30,526.12,450.0,1,0,2025-11-26,0.81,2630.6,1683.4799999999996,berlinda,1,4.0,7844.1,7682.1,20.86365529138823,90.98360655737704,Crítico,🟠 Abaixo precisa esforço,
BIA035,Sao_Paulo-Moema-apartamento-TOP-2Q,Carteira 4_sys-price,SP,"São Paulo, SP","São Paulo, SP, Indianópolis",0,430,8360.21,21,9236.14,2025-11,0.8667,0.7753,26,30,394.15,,0,0,2025-11-26,0.91,0.0,875.9300000000003,berlinda,0,0.0,,,,,Baixa,🔴 Abaixo inviável,
BRR0097,Porto_Belo-Geral-casa-JR-3Q,Carteira 6,SC,"Porto Belo, SC","Porto Belo, SC, Perequê",10,675,1904.46,41,2335.8,2025-11,0.55,0.4986,11,30,211.64,,0,0,2025-11-26,0.82,2116.3999999999996,431.34000000000015,berlinda,0,0.0,,,,,Baixa,🔴 Abaixo inviável,
CMP0002,Florianopolis-Campeche-apartamento-JR-1Q,Carteira 1,SC,"Florianópolis, SC","Florianópolis, SC, Campeche",0,162,2108.76,27,2160.61,2025-11,0.5667,0.6529,17,30,158.29,154.0,4,0,2025-11-26,0.98,0.0,51.84999999999991,berlinda,4,1.0,2724.76,2457.8472,3.6956692785833565,10.245901639344263,Baixa,🟢 Abaixo viável,
QSA1405,Sao_Paulo-Moema-apartamento-TOP-1Q,Carteira 4_sys-price,SP,"São Paulo, SP","São Paulo, SP, Vila Olímpia",0,436,5025.22,109,5740.23,2025-11,0.8667,0.7825,26,30,246.31,201.0,1,0,2025-11-26,0.88,0.0,715.0099999999993,berlinda,1,4.0,5226.22,5199.4267,6.259200850836982,42.62295081967213,Média,🟠 Abaixo precisa esforço,
THO2708,Goiania-Leste-apartamento-TOP-1Q,Carteira 1_sys-price,GO,"Goiânia, GO","Goiânia, GO, Jardim Goiás",0,201,3895.36,20,3958.21,2025-11,0.8333,0.6405,25,30,192.59,183.67,3,0,2025-11-26,0.98,0.0,62.84999999999991,berlinda,3,1.0,4446.37,4354.516633,2.9163837946950713,4.098360655737705,Baixa,🟢 Abaixo viável,
VST003,Especial-VST-casa-TOP-1Q,Carteira 5,SC,"Anitápolis, SC","Anitápolis, SC, Rio dos Pinheiros",2,488,3274.91,54,3642.14,2025-11,0.5714,0.2969,16,30,247.0,195.67,3,0,2025-11-26,0.9,494.0,367.23,berlinda,3,2.0,3861.92,3610.3275139999996,9.864515655631033,67.62295081967213,Alta,🟠 Abaixo precisa esforço,
ACM0865,Caldas_Novas-Geral-apartamento-SUP-2Q,Carteira 3,GO,"Caldas Novas, GO","Caldas Novas, GO, Do Turista",8,137,1685.29,33,1986.45,2025-11,0.4545,0.3281,10,30,204.7,,0,0,2025-11-26,0.85,1637.6,301.1600000000001,berlinda,0,0.0,,,,,Baixa,🔴 Abaixo inviável,
ECL1902,Curitiba-Centro-apartamento-SUP-1Q,Carteira 4,PR,"Curitiba, PR","Curitiba, PR, Centro",0,142,2724.94,517,2946.51,2025-11,0.7333,0.69,22,30,150.23,,0,0,2025-11-26,0.92,0.0,221.57000000000016,berlinda,0,0.0,,,,,Baixa,🔴 Abaixo inviável,
JMA006,Florianopolis-Jurere_Longe-apartamento-JR-1Q,Carteira 1,SC,"Florianópolis, SC","Florianópolis, SC, Jurerê",2,779,1924.86,48,1985.67,2025-11,0.4286,0.5076,12,30,189.0,,0,0,2025-11-26,0.97,378.0,60.81000000000017,berlinda,0,0.0,,,,,Baixa,🔴 Abaixo inviável,
THO2614,Goiania-Leste-apartamento-SUP-1Q,Carteira 1_sys-price,GO,"Goiânia, GO","Goiânia, GO, Jardim Goiás",2,533,2243.04,83,2474.49,2025-11,0.5714,0.5633,16,30,148.78,149.0,1,21,2025-11-26,0.91,297.56,231.44999999999982,berlinda,1,2.0,2392.04,2328.1786,6.968314683025588,49.18032786885246,Média,🟠 Abaixo precisa esforço,
TRC0410,Florianopolis-UFSC-apartamento-SUP-1Q,Carteira 4,SC,"Florianópolis, SC","Florianópolis, SC, Carvoeira",0,130,3385.71,46,3534.63,2025-11,0.7,0.7027,21,30,179.1,,0,0,2025-11-26,0.96,0.0,148.92000000000007,berlinda,0,0.0,,,,,Baixa,🔴 Abaixo inviável,
BDR523,Florianopolis-Lagoa-apartamento-SUP-1Q,Carteira 1,SC,"Florianópolis, SC","Florianópolis, SC, Lagoa da Conceição",3,1284,3562.34,26,3903.59,2025-11,0.8148,0.7652,22,30,193.18,,0,0,2025-11-26,0.91,579.54,341.25,berlinda,0,0.0,,,,,Baixa,🔴 Abaixo inviável,
CAV0411,Recife-Boa_Viagem-Bairro-apartamento-JR-1Q,Carteira 2,PE,"Recife, PE","Recife, PE, Boa Viagem",0,227,2731.96,39,3149.76,2025-11,0.9,0.7535,27,30,121.96,,0,0,2025-11-26,0.87,0.0,417.8000000000002,berlinda,0,0.0,,,,,Baixa,🔴 Abaixo inviável,
ESB0310,Salvador-Barra-apartamento-SUP-1Q,Carteira 2,BA,"Salvador, BA","Salvador, BA, Barra",0,102,3439.06,213,4282.3,2025-11,0.8,0.7357,24,30,201.58,130.0,1,0,2025-11-26,0.8,0.0,843.2400000000002,berlinda,1,7.0,3569.06,3543.06,3.6569533728537076,9.836065573770492,Baixa,🟠 Abaixo precisa esforço,
JBV165,Especial-JBV-hotel-JR-1Q,Especial,SC,"Florianópolis, SC","Florianópolis, SC, Jurerê",0,464,8890.9,26,10509.34,2025-11,0.7333,0.732,22,30,518.73,438.0,1,0,2025-11-26,0.85,0.0,1618.4400000000005,berlinda,1,4.0,9328.9,9212.0854,16.86301708765727,86.0655737704918,Crítico,🟠 Abaixo precisa esforço,
SQS0108,Brasilia-Asa_Sul-apartamento-SUP-2Q,Carteira 1_sys-price,DF,"Brasília, DF","Brasília, DF, Asa Sul",1,38,5802.22,17,6633.4,2025-11,0.8621,0.8821,25,30,307.64,,0,0,2025-11-26,0.87,307.64,831.1799999999994,berlinda,0,0.0,,,,,Baixa,🔴 Abaixo inviável,
NOR0203,Brasilia-Asa_Norte-apartamento-SUP-1Q,Carteira 1_sys-price,DF,"Brasília, DF","Brasília, DF, Asa Norte",1,767,3883.84,143,4217.09,2025-11,0.8621,0.831,25,30,199.24,,0,0,2025-11-26,0.92,199.24,333.25,berlinda,0,0.0,,,,,Baixa,🔴 Abaixo inviável,
PRV1003,Salvador-Barra-apartamento-SUP-1Q,Carteira 2,BA,"Salvador, BA","Salvador, BA, Barra",0,387,3577.8,213,4282.3,2025-11,0.7333,0.7357,22,30,187.91,,0,0,2025-11-26,0.84,0.0,704.5,berlinda,0,0.0,,,,,Baixa,🔴 Abaixo inviável,
VLR801,Florianopolis-Centrao-apartamento-JR-1Q,Carteira 4,SC,"Florianópolis, SC","Florianópolis, SC, Centro",0,1230,3254.69,73,3552.69,2025-11,0.8667,0.6613,26,30,146.5,,0,0,2025-11-26,0.92,0.0,298.0,berlinda,0,0.0,,,,,Baixa,🔴 Abaixo inviável,
ABY40012,Sao_Paulo-Pompeia-apartamento-SUP-1Q,Carteira 4,SP,"São Paulo, SP","São Paulo, SP, Perdizes",1,31,3263.19,71,3886.2,2025-11,0.8621,0.5906,25,30,165.52,137.0,1,0,2025-11-26,0.84,165.52,623.0099999999998,berlinda,1,5.0,3400.19,3381.2977,4.392587617724254,16.80327868852459,Baixa,🟠 Abaixo precisa esforço,
OCB0901,Salvador-Barra-apartamento-TOP-1Q,Carteira 2,BA,"Salvador, BA","Salvador, BA, Barra",0,145,5454.13,131,5754.08,2025-11,0.8333,0.7726,25,30,276.32,,0,0,2025-11-26,0.95,0.0,299.9499999999998,berlinda,0,0.0,,,,,Baixa,🔴 Abaixo inviável,
COI0408,Sao_Paulo-Moema-apartamento-SUP-1Q,Carteira 4_sys-price,SP,"São Paulo, SP","São Paulo, SP, Indianópolis",1,45,3736.61,609,4291.44,2025-11,0.7241,0.706,21,30,224.76,150.0,1,0,2025-11-26,0.87,224.76,554.8299999999995,berlinda,1,4.0,3886.61,3845.225,4.84828519098484,25.0,Média,🟠 Abaixo precisa esforço,
EDF1707,Salvador-Ondina_Rio_Vermelho-apartamento-SUP-1Q,Carteira 2,BA,"Salvador, BA","Salvador, BA, Rio Vermelho",0,94,3399.08,83,3577.65,2025-11,0.7667,0.7184,23,30,183.96,140.5,2,0,2025-11-26,0.95,0.0,178.57000000000016,berlinda,2,2.0,3680.08,3614.5227,3.5063638142356046,8.60655737704918,Baixa,🟢 Abaixo viável,
ILC4415,Especial-ILC-hotel-TOP-1Q,Especial,SC,"Florianópolis, SC","Florianópolis, SC, Jurerê Internacional",0,1800,10517.66,30,11941.78,2025-11,0.6,0.8051,18,30,821.56,547.0,1,0,2025-11-26,0.88,0.0,1424.1200000000008,berlinda,1,3.0,11064.66,10845.86,21.744207870741782,91.39344262295081,Crítico,🟠 Abaixo precisa esforço,
JBV232,Especial-JBV-hotel-TOP-1Q,Especial,SC,"Florianópolis, SC","Florianópolis, SC, Jurerê",0,1093,9719.1,34,11660.99,2025-11,0.6667,0.7597,20,30,644.85,,0,0,2025-11-26,0.83,0.0,1941.8899999999994,berlinda,0,0.0,,,,,Baixa,🔴 Abaixo inviável,
NWT0817,Especial-NWT-apartamento-TOP-1Q,Carteira 5,AL,"Maceió, AL","Maceió, AL, Pajuçara",0,186,4842.02,43,5085.72,2025-11,0.6667,0.6669,20,30,293.8,301.0,4,0,2025-11-26,0.95,0.0,243.69999999999982,berlinda,4,1.0,6046.02,5644.7268,14.423464130939168,79.91803278688525,Alta,🟢 Abaixo viável,
APC0207,Florianopolis-Itacorubi-apartamento-TOP-1Q,Carteira 4,SC,"Florianópolis, SC","Florianópolis, SC, Itacorubi",4,219,2287.36,26,2725.59,2025-11,0.3077,0.5956,8,30,345.0,333.0,3,26,2025-11-26,0.84,1380.0,438.23,berlinda,3,2.0,3286.36,2594.7523,26.770458873124714,94.26229508196722,Crítico,🟠 Abaixo precisa esforço,
GBA1104,Sao_Paulo-Campo_Belo-apartamento-SUP-1Q,Carteira 4_sys-price,SP,"São Paulo, SP","São Paulo, SP, Campo Belo",0,173,3203.55,65,3774.75,2025-11,0.7333,0.8271,22,30,190.68,,0,0,2025-11-26,0.85,0.0,571.1999999999998,berlinda,0,0.0,,,,,Baixa,🔴 Abaixo inviável,
HMA0305,Sao_Paulo-Mariana-apartamento-SUP-1Q,Carteira 4_sys-price,SP,"São Paulo, SP","São Paulo, SP, Centro",3,436,3076.0,175,3677.1,2025-11,0.7407,0.6747,20,30,199.65,145.5,2,0,2025-11-26,0.84,598.95,601.0999999999999,berlinda,2,5.0,3367.0,3291.5437,4.7570123194909035,23.770491803278688,Média,🟠 Abaixo precisa esforço,
ILC3503,Especial-ILC-hotel-TOP-1Q,Especial,SC,"Florianópolis, SC","Florianópolis, SC, Jurerê Internacional",2,808,9991.05,30,11941.78,2025-11,0.5714,0.8051,16,30,822.75,464.0,2,0,2025-11-26,0.84,1645.5,1950.7300000000014,berlinda,2,5.0,10919.05,10521.3092,15.159192683167845,81.9672131147541,Crítico,🟠 Abaixo precisa esforço,
NXO0404,Sao_Paulo-Bela_Vista-apartamento-SUP-1Q,Carteira 4_sys-price,SP,"São Paulo, SP","São Paulo, SP, Consolação",0,229,4046.38,606,4211.74,2025-11,0.8667,0.7403,26,30,193.19,,0,0,2025-11-26,0.96,0.0,165.35999999999967,berlinda,0,0.0,,,,,Baixa,🔴 Abaixo inviável,
PDM0208,Sao_Paulo-Madalena-apartamento-TOP-1Q,Carteira 4,SP,"São Paulo, SP","São Paulo, SP, Vila Madalena",1,137,5331.93,27,5771.37,2025-11,0.931,0.6988,27,30,240.33,203.0,1,0,2025-11-26,0.92,240.33,439.4399999999996,berlinda,1,3.0,5534.93,5520.923000000001,5.152232485527695,29.508196721311474,Média,🟠 Abaixo precisa esforço,
TCR0113,Aguas_Claras-Geral-apartamento-JR-1Q,Carteira 1_sys-price,DF,"Brasília, DF","Brasília, DF, Taguatinga Sul",0,444,2610.52,100,2913.42,2025-11,0.7,0.7918,21,30,149.52,177.0,2,0,2025-11-26,0.9,0.0,302.9000000000001,berlinda,2,2.0,2964.52,2858.32,9.20109356014581,63.52459016393443,Alta,🟠 Abaixo precisa esforço,
VLE008,Bombinhas-Mariscal-apartamento-JR-1Q,Carteira 6,SC,"Bombinhas, SC","Bombinhas, SC, mariscal",0,1313,1694.15,20,1934.09,2025-11,0.2667,0.439,8,30,224.0,198.0,4,25,2025-11-26,0.88,0.0,239.93999999999983,berlinda,4,2.0,2486.15,1905.3764,12.281775925629098,73.77049180327869,Alta,🟠 Abaixo precisa esforço,
CAS014,Florianopolis-Estreito-apartamento-JR-2Q,Carteira 4,SC,"Florianópolis, SC","Florianópolis, SC, Coqueiros",0,563,2582.18,14,2685.93,2025-11,0.4667,0.5581,14,30,202.93,120.5,2,0,2025-11-26,0.96,0.0,103.75,berlinda,2,1.0,2823.18,2694.6547,4.6545796055742334,21.311475409836063,Média,🟢 Abaixo viável,
NBL0910,Porto_Alegre-Jardim_Botanico-apartamento-SUP-1Q,Carteira 4,RS,"Porto Alegre, RS","Porto Alegre, RS, Santa Cecília",0,702,2033.84,70,2416.55,2025-11,0.5667,0.5526,17,30,143.06,130.0,3,0,2025-11-26,0.84,0.0,382.71000000000026,berlinda,3,3.0,2423.84,2254.853,6.862717510500514,47.540983606557376,Média,🟠 Abaixo precisa esforço,
PSJ0304,Florianopolis-Jurere_Tradicional-apartamento-SUP-2Q,Carteira 1,SC,"Florianópolis, SC","Florianópolis, SC, Jurerê",3,316,5186.46,16,5747.39,2025-11,0.6667,0.541,18,30,374.5,,0,0,2025-11-26,0.9,1123.5,560.9300000000003,berlinda,0,0.0,,,,,Baixa,🔴 Abaixo inviável,
RSU3842,Penha-Longe-apartamento-SUP-3Q,Carteira 6,SC,"Penha, SC","Penha, SC, Gravatá",0,303,3500.22,19,3622.27,2025-11,0.5333,0.3822,16,30,284.88,,0,0,2025-11-26,0.97,0.0,122.05000000000018,berlinda,0,0.0,,,,,Baixa,🔴 Abaixo inviável,
TCO0811,Porto_Alegre-Centro_Historico-apartamento-SUP-1Q,Carteira 4,RS,"Porto Alegre, RS","Porto Alegre, RS, Centro Histórico",1,499,2362.11,79,2397.11,2025-11,0.8276,0.633,24,30,124.17,,0,0,2025-11-26,0.99,124.17,35.0,berlinda,0,0.0,,,,,Baixa,🔴 Abaixo inviável,
CEP0128,Sao_Paulo-Pompeia-apartamento-SUP-1Q,Carteira 4,SP,"São Paulo, SP","São Paulo, SP, Perdizes",0,65,3175.71,71,3886.2,2025-11,0.8,0.5906,24,30,175.21,,0,0,2025-11-26,0.82,0.0,710.4899999999998,berlinda,0,0.0,,,,,Baixa,🔴 Abaixo inviável,
EVA704,Florianopolis-Centrao-apartamento-SUP-1Q,Carteira 4,SC,"Florianópolis, SC","Florianópolis, SC, Centro",0,648,3599.35,126,3992.03,2025-11,0.7333,0.5806,22,30,182.14,145.5,2,0,2025-11-26,0.9,0.0,392.6800000000003,berlinda,2,3.0,3890.35,3812.7403,4.77075072081122,24.18032786885246,Média,🟠 Abaixo precisa esforço,
ILC3104,Especial-ILC-hotel-JR-1Q,Especial,SC,"Florianópolis, SC","Florianópolis, SC, Jurerê Internacional",0,1971,9932.95,17,10796.7,2025-11,0.7333,0.6813,22,30,585.82,,0,0,2025-11-26,0.92,0.0,863.75,berlinda,0,0.0,,,,,Baixa,🔴 Abaixo inviável,
JBV142,Especial-JBV-hotel-TOP-1Q,Especial,SC,"Florianópolis, SC","Florianópolis, SC, Jurerê",0,1580,11130.1,34,11660.99,2025-11,0.7333,0.7597,22,30,680.45,575.0,2,0,2025-11-26,0.95,0.0,530.8899999999994,berlinda,2,1.0,12280.1,11973.395,26.178030338761946,93.85245901639344,Crítico,🟢 Abaixo viável,
RGF1201,Salvador-Flamengo-apartamento-TOP-1Q,Carteira 2,BA,"Salvador, BA","Salvador, BA, Itapuã",0,190,3135.12,33,3562.1,2025-11,0.6667,0.6897,20,30,173.5,180.0,1,0,2025-11-26,0.88,0.0,426.98,berlinda,1,3.0,3315.12,3255.1259999999997,7.192049633643077,52.86885245901639,Alta,🟠 Abaixo precisa esforço,
RMI1101,Florianopolis-Beira_Mar-apartamento-SUP-3Q,Carteira 4,SC,"Florianópolis, SC","Florianópolis, SC, Agronômica",8,24,4664.6,53,4867.53,2025-11,0.8636,0.5952,19,30,304.26,207.0,1,0,2025-11-26,0.96,2434.08,202.92999999999938,berlinda,1,1.0,4871.6,4843.3652,8.629943729160349,61.47540983606557,Alta,🟠 Abaixo precisa esforço,
ELU0211,Florianopolis-Jurere_Tradicional-apartamento-TOP-1Q,Carteira 1,SC,"Florianópolis, SC","Florianópolis, SC, Jurerê",2,74,6144.59,20,6835.63,2025-11,0.5357,0.7118,15,30,373.25,,0,0,2025-11-26,0.9,746.5,691.04,berlinda,0,0.0,,,,,Baixa,🔴 Abaixo inviável,
PLO0010,Jaguaruna-Camacho-apartamento-SUP-1Q,Carteira 6,SC,"Jaguaruna, SC","Jaguaruna, SC, Centro",0,22,862.65,14,1077.87,2025-11,0.3333,0.2982,10,30,108.7,97.0,2,0,2025-11-26,0.8,0.0,215.2199999999999,berlinda,2,3.0,1056.65,927.3102,6.456047575310568,44.26229508196721,Média,🟠 Abaixo precisa esforço,
WSH0407,Curitiba-Batel-apartamento-SUP-1Q,Carteira 4,PR,"Curitiba, PR","Curitiba, PR, Bigorrilho",0,18,3605.25,211,3745.1,2025-11,0.9333,0.6995,28,30,166.86,,0,0,2025-11-26,0.96,0.0,139.8499999999999,berlinda,0,0.0,,,,,Baixa,🔴 Abaixo inviável,
BSS0703,Sao_Paulo-Santo_Amaro-apartamento-SUP-1Q,Carteira 4_sys-price,SP,"São Paulo, SP","São Paulo, SP, Jardim das Acácias",0,428,3638.56,157,4015.14,2025-11,0.7667,0.6758,23,30,190.04,,0,0,2025-11-26,0.91,0.0,376.5799999999999,berlinda,0,0.0,,,,,Baixa,🔴 Abaixo inviável,
FFS0909,Itapema-Meia_Praia-Sul-apartamento-SUP-1Q,Carteira 6,SC,"Itapema, SC","Itapema, SC, Meia Praia",10,2,2025.32,19,2238.47,2025-11,0.75,0.5403,15,30,170.4,138.0,1,0,2025-11-26,0.9,1704.0,213.14999999999986,berlinda,1,2.0,2163.3199999999997,2128.8199999999997,6.570268978364672,45.49180327868852,Média,🟠 Abaixo precisa esforço,
SLC0201,Florianopolis-Rio_Vermelho-apartamento-JR-1Q,Carteira 1,SC,"Florianópolis, SC","Florianópolis, SC, Ingleses do Rio Vermelho",0,318,2216.62,22,2601.38,2025-11,0.7333,0.5556,22,30,124.68,128.25,4,0,2025-11-26,0.85,0.0,384.7600000000002,berlinda,4,4.0,2729.62,2592.8028999999997,4.742239695853741,23.36065573770492,Média,🟠 Abaixo precisa esforço,
SMT0713,Salvador-Boca_do_Rio-apartamento-SUP-1Q,Carteira 2,BA,"Salvador, BA","Salvador, BA, Armação",1,274,2804.54,34,3140.34,2025-11,0.7241,0.6992,21,30,164.57,126.0,1,0,2025-11-26,0.89,164.57,335.8000000000002,berlinda,1,3.0,2930.54,2895.7766,4.491106058579646,18.442622950819672,Baixa,🟠 Abaixo precisa esforço,
COB0710,Sao_Paulo-Brooklin-apartamento-SUP-1Q,Carteira 4_sys-price,SP,"São Paulo, SP","São Paulo, SP, Santo Amaro",0,32,3916.08,296,4541.67,2025-11,0.6,0.7345,18,30,223.64,,0,0,2025-11-26,0.86,0.0,625.5900000000001,berlinda,0,0.0,,,,,Baixa,🔴 Abaixo inviável,
ISC1511,Sao_Paulo-Republica-apartamento-TOP-1Q,Carteira 4,SP,"São Paulo, SP","São Paulo, SP, Vila Buarque",0,499,4125.21,101,4623.91,2025-11,0.8,0.7764,24,30,214.29,,0,0,2025-11-26,0.89,0.0,498.6999999999998,berlinda,0,0.0,,,,,Baixa,🔴 Abaixo inviável,
JBV173,Especial-JBV-hotel-JR-1Q,Especial,SC,"Florianópolis, SC","Florianópolis, SC, Jurerê",0,1698,9527.68,26,10509.34,2025-11,0.8333,0.732,25,30,487.04,,0,0,2025-11-26,0.91,0.0,981.6599999999999,berlinda,0,0.0,,,,,Baixa,🔴 Abaixo inviável,
JBV179,Especial-JBV-hotel-JR-1Q,Especial,SC,"Florianópolis, SC","Florianópolis, SC, Jurerê",3,789,9344.92,26,10509.34,2025-11,0.7037,0.732,19,30,704.11,,0,0,2025-11-26,0.89,2112.33,1164.42,berlinda,0,0.0,,,,,Baixa,🔴 Abaixo inviável,
PRY0101,Porto_Seguro-Pataxos-apartamento-SUP-2Q,Carteira 2,BA,"Porto Seguro, BA","Porto Seguro, BA, Taperapuã",0,17,3783.66,44,3868.67,2025-11,0.7333,0.5407,22,30,224.27,313.0,4,6,2025-11-26,0.98,0.0,85.01000000000022,berlinda,4,1.0,5035.66,4701.7516,6.877849493495198,47.950819672131146,Média,🟢 Abaixo viável,
ROT1001,Itapema-Meia_Praia-Sul-apartamento-JR-2Q,Carteira 6,SC,"Itapema, SC","Itapema, SC, Meia Praia",9,676,1876.79,19,2238.47,2025-11,0.619,0.5403,13,30,169.0,,0,0,2025-11-26,0.84,1521.0,361.67999999999984,berlinda,0,0.0,,,,,Baixa,🔴 Abaixo inviável,
SOT0202,Florianopolis-Jurere_Tradicional-apartamento-TOP-1Q,Carteira 1,SC,"Florianópolis, SC","Florianópolis, SC, Jurerê",0,277,5567.31,20,6835.63,2025-11,0.6333,0.7118,19,30,420.53,,0,0,2025-11-26,0.81,0.0,1268.3199999999997,berlinda,0,0.0,,,,,Baixa,🔴 Abaixo inviável,
VLP0222,Mata_de_Sao_Joao-Praia_do_Forte_Longe-apartamento-SUP-1Q,Carteira 2,BA,"Mata de São João, BA","Mata de São João, BA, Açu da Torre",4,680,3755.98,113,4330.96,2025-11,0.6538,0.5249,17,30,263.29,239.5,2,0,2025-11-26,0.87,1053.16,574.98,berlinda,2,3.0,4234.98,4069.1502,10.598705598758695,70.08196721311475,Alta,🟠 Abaixo precisa esforço,
BHY0614,Brasilia-Setor_Hoteleiro-apartamento-JR-1Q,Carteira 1_sys-price,DF,"Brasília, DF","Brasília, DF, Asa Norte",0,603,5122.36,106,5468.39,2025-11,0.8333,0.7488,25,30,235.35,,0,0,2025-11-26,0.94,0.0,346.03000000000065,berlinda,0,0.0,,,,,Baixa,🔴 Abaixo inviável,
SRE0201,Florianopolis-UFSC-apartamento-TOP-2Q,Carteira 4,SC,"Florianópolis, SC","Florianópolis, SC, Carvoeira",3,200,4209.28,16,4535.03,2025-11,0.5185,0.5398,14,30,288.41,,0,0,2025-11-26,0.93,865.23,325.75,berlinda,0,0.0,,,,,Baixa,🔴 Abaixo inviável,
STE0312,Salvador-Ondina_Rio_Vermelho-apartamento-SUP-1Q,Carteira 2,BA,"Salvador, BA","Salvador, BA, Ondina",0,75,3498.5,83,3577.65,2025-11,0.8333,0.7184,25,30,168.84,,0,0,2025-11-26,0.98,0.0,79.15000000000009,berlinda,0,0.0,,,,,Baixa,🔴 Abaixo inviável,
RGP302,Florianopolis-Jurere_Tradicional-apartamento-SUP-2Q,Carteira 1,SC,"Florianópolis, SC","Florianópolis, SC, Jurerê",0,571,5626.35,16,5747.39,2025-11,0.6667,0.541,20,30,360.4,245.0,1,0,2025-11-26,0.98,0.0,121.03999999999996,berlinda,1,1.0,5871.35,5789.691500000001,5.159698576223293,29.918032786885245,Média,🟢 Abaixo viável,
ZNB1604,Salvador-Barra-apartamento-SUP-1Q,Carteira 2,BA,"Salvador, BA","Salvador, BA, Barra",3,1,3467.4,213,4282.3,2025-11,0.8148,0.7357,22,30,207.91,,0,0,2025-11-26,0.81,623.73,814.9000000000001,berlinda,0,0.0,,,,,Baixa,🔴 Abaixo inviável,
LVL001,Porto_Seguro-Ajuda_Intermediario-casa-TOP-4Q,Carteira 2,BA,"Porto Seguro, BA","Porto Seguro, BA, Arraial DAjuda",3,492,4224.3,15,4622.94,2025-11,0.2222,0.5363,6,30,876.0,572.5,4,15,2025-11-26,0.91,2628.0,398.6399999999994,berlinda,4,1.0,6514.3,4733.138,49.367155965684105,99.18032786885246,Crítico,🟢 Abaixo viável,
ILC3413,Especial-ILC-hotel-JR-1Q,Especial,SC,"Florianópolis, SC","Florianópolis, SC, Jurerê Internacional",0,1971,9623.27,17,10796.7,2025-11,0.6333,0.6813,19,30,602.16,547.0,1,11,2025-11-26,0.89,0.0,1173.4300000000003,berlinda,1,3.0,10170.27,9969.6851,19.81674060901325,90.1639344262295,Crítico,🟠 Abaixo precisa esforço,
JBA202,Florianopolis-Jurere_Tradicional-apartamento-JR-2Q,Carteira 1,SC,"Florianópolis, SC","Florianópolis, SC, Jurerê Internacional",0,1971,3575.05,29,3893.0,2025-11,0.6,0.6347,18,30,266.72,191.0,1,0,2025-11-26,0.92,0.0,317.9499999999998,berlinda,1,2.0,3766.05,3689.65,7.799698176213712,57.786885245901644,Alta,🟠 Abaixo precisa esforço,
SOT0303,Florianopolis-Jurere_Tradicional-apartamento-TOP-1Q,Carteira 1,SC,"Florianópolis, SC","Florianópolis, SC, Jurerê",0,263,5931.74,20,6835.63,2025-11,0.7,0.7118,21,30,341.62,518.0,1,0,2025-11-26,0.87,0.0,903.8900000000003,berlinda,1,2.0,6449.74,6294.34,34.24812489850974,96.31147540983606,Crítico,🟠 Abaixo precisa esforço,
VTD0302,Florianopolis-UFSC-apartamento-SUP-1Q,Carteira 4,SC,"Florianópolis, SC","Florianópolis, SC, Trindade",2,137,2867.46,46,3534.63,2025-11,0.4643,0.7027,13,30,271.31,350.0,4,20,2025-11-26,0.81,542.62,667.1700000000001,berlinda,4,2.0,4267.46,3517.48,33.031675168263725,95.49180327868852,Crítico,🟠 Abaixo precisa esforço,
EHI0401,Itajai-Praia_Brava-apartamento-MASTER-2Q,Carteira 6,SC,"Itajaí, SC","Itajaí, SC, Praia Brava",10,317,6773.77,14,6922.51,2025-11,0.95,0.6914,19,30,422.68,,0,0,2025-11-26,0.98,4226.8,148.73999999999978,berlinda,0,0.0,,,,,Baixa,🔴 Abaixo inviável,
NWT0711,Especial-NWT-apartamento-TOP-1Q,Carteira 5,AL,"Maceió, AL","Maceió, AL, Pajuçara",0,185,4528.2,43,5085.72,2025-11,0.5667,0.6669,17,30,312.88,,0,0,2025-11-26,0.89,0.0,557.5200000000004,berlinda,0,0.0,,,,,Baixa,🔴 Abaixo inviável,
OKA124,Florianopolis-Campeche-apartamento-SUP-1Q,Carteira 1,SC,"Florianópolis, SC","Florianópolis, SC, Campeche",0,317,2987.52,28,3106.87,2025-11,0.5,0.695,15,30,254.87,251.75,4,0,2025-11-26,0.96,0.0,119.34999999999991,berlinda,4,1.0,3994.52,3491.02,9.67094294257564,65.98360655737704,Alta,🟢 Abaixo viável,
TCR0913,Aguas_Claras-Geral-apartamento-JR-1Q,Carteira 1_sys-price,DF,"Brasília, DF","Brasília, DF, Taguatinga Sul",0,67,2540.89,100,2913.42,2025-11,0.6667,0.7918,20,30,157.05,177.0,2,0,2025-11-26,0.87,0.0,372.5300000000002,berlinda,2,3.0,2894.89,2776.9017999999996,7.54414742810855,55.73770491803278,Alta,🟠 Abaixo precisa esforço,
EDF0503,Salvador-Ondina_Rio_Vermelho-apartamento-TOP-1Q,Carteira 2,BA,"Salvador, BA","Salvador, BA, Rio Vermelho",5,68,3941.71,35,4658.46,2025-11,0.88,0.7409,22,30,213.18,,0,0,2025-11-26,0.85,1065.9,716.75,berlinda,0,0.0,,,,,Baixa,🔴 Abaixo inviável,
SRO0002,Florianopolis-Lagoa-apartamento-SUP-2Q,Carteira 1,SC,"Florianópolis, SC","Florianópolis, SC, Lagoa da Conceição",8,353,4218.34,40,4608.17,2025-11,0.8636,0.5931,19,30,276.58,,0,0,2025-11-26,0.92,2212.64,389.8299999999999,berlinda,0,0.0,,,,,Baixa,🔴 Abaixo inviável,
BLSA1455,Goiania-Central-apartamento-TOP-1Q,Carteira 1_sys-price,GO,"Goiânia, GO","Goiânia, GO, Setor Marista",0,456,3210.09,55,3340.68,2025-11,0.7333,0.5999,22,30,177.77,185.0,3,0,2025-11-26,0.96,0.0,130.5899999999997,berlinda,3,1.0,3765.09,3617.0715,7.231806099357,53.68852459016394,Alta,🟢 Abaixo viável,
ILC3208,Especial-ILC-hotel-TOP-1Q,Especial,SC,"Florianópolis, SC","Florianópolis, SC, Jurerê Internacional",0,1458,11611.0,30,11941.78,2025-11,0.6667,0.8051,20,30,739.75,448.0,1,0,2025-11-26,0.97,0.0,330.78000000000065,berlinda,1,1.0,12059.0,11909.6816,12.409325912887383,74.59016393442623,Alta,🟠 Abaixo precisa esforço,
JPR212,Florianopolis-Jurere_Tradicional-apartamento-MASTER-1Q,Carteira 1,SC,"Florianópolis, SC","Florianópolis, SC, Jurerê",0,1278,11034.9,28,11557.91,2025-11,0.9333,0.725,28,30,506.14,450.0,1,0,2025-11-26,0.95,0.0,523.0100000000002,berlinda,1,2.0,11484.9,11454.885,10.181533685588489,68.44262295081968,Alta,🟠 Abaixo precisa esforço,
ONJ2712,Sao_Paulo-Moema-apartamento-SUP-1Q,Carteira 4_sys-price,SP,"São Paulo, SP","São Paulo, SP, Moema",5,267,3883.77,609,4291.44,2025-11,0.76,0.706,19,30,230.37,,0,0,2025-11-26,0.91,1151.85,407.6699999999996,berlinda,0,0.0,,,,,Baixa,🔴 Abaixo inviável,
DBH0804,Guarapari-Praia_do_Morro-apartamento-JR-3Q,Carteira 4,ES,"Guarapari, ES","Guarapari, ES, Praia do Morro",0,61,1662.09,55,1912.5,2025-11,0.3667,0.4163,11,30,183.91,148.75,4,0,2025-11-26,0.87,0.0,250.41000000000008,berlinda,4,2.0,2257.09,1880.2765,9.738166666666674,66.80327868852459,Alta,🟠 Abaixo precisa esforço,
DLH0303,Gramado-Centro-apartamento-TOP-2Q,Carteira 4,RS,"Gramado, RS","Gramado, RS, Centro",0,521,10062.55,57,11340.27,2025-11,0.7333,0.715,22,30,632.0,,0,0,2025-11-26,0.89,0.0,1277.7200000000012,berlinda,0,0.0,,,,,Baixa,🔴 Abaixo inviável,
NWT0703,Especial-NWT-apartamento-TOP-1Q,Carteira 5,AL,"Maceió, AL","Maceió, AL, Pajuçara",0,185,4791.91,43,5085.72,2025-11,0.6333,0.6669,19,30,310.53,280.0,1,0,2025-11-26,0.94,0.0,293.8100000000004,berlinda,1,2.0,5071.91,4969.2339999999995,8.08801900222585,59.01639344262295,Alta,🟠 Abaixo precisa esforço,
SPJ0102,Especial-SPJ-apartamento-TOP-1Q,Carteira 5,SC,"Florianópolis, SC","Florianópolis, SC, Jurerê",0,210,5418.97,17,6230.75,2025-11,0.7,0.7162,21,30,335.52,,0,0,2025-11-26,0.87,0.0,811.7799999999997,berlinda,0,0.0,,,,,Baixa,🔴 Abaixo inviável,
SPJ0203,Especial-SPJ-apartamento-TOP-1Q,Carteira 5,SC,"Florianópolis, SC","Florianópolis, SC, Jurerê",0,518,6085.35,17,6230.75,2025-11,0.6667,0.7162,20,30,359.25,193.0,1,0,2025-11-26,0.98,0.0,145.39999999999964,berlinda,1,1.0,6278.35,6214.0231,4.503823777233869,18.852459016393443,Baixa,🟠 Abaixo precisa esforço,
SPJ0404,Especial-SPJ-apartamento-TOP-1Q,Carteira 5,SC,"Florianópolis, SC","Florianópolis, SC, Jurerê",4,516,5271.44,17,6230.75,2025-11,0.8077,0.7162,21,30,304.67,,0,0,2025-11-26,0.85,1218.68,959.3100000000004,berlinda,0,0.0,,,,,Baixa,🔴 Abaixo inviável,
TCO1210,Porto_Alegre-Centro_Historico-apartamento-SUP-1Q,Carteira 4,RS,"Porto Alegre, RS","Porto Alegre, RS, Centro Histórico",0,509,2170.72,79,2397.11,2025-11,0.7,0.633,21,30,129.71,,0,0,2025-11-26,0.91,0.0,226.39000000000033,berlinda,0,0.0,,,,,Baixa,🔴 Abaixo inviável,
VST036,Especial-VST-casa-TOP-1Q,Carteira 5,SC,"Anitápolis, SC",VST036,1,213,3088.17,54,3642.14,2025-11,0.4828,0.2969,14,30,286.79,180.0,2,0,2025-11-26,0.85,286.79,553.9699999999998,berlinda,2,4.0,3448.17,3261.978,6.844506251818983,47.13114754098361,Média,🟠 Abaixo precisa esforço,
RJE0980,Gramado-Geral-casa-JR-4Q,Carteira 4,RS,"Gramado, RS","Gramado, RS, Casa Grande",9,394,6697.06,10,7811.67,2025-11,0.7143,0.5306,15,30,593.27,286.0,1,0,2025-11-26,0.86,5339.43,1114.6099999999997,berlinda,1,4.0,6983.06,6901.3498,10.201994579904166,68.85245901639344,Alta,🟠 Abaixo precisa esforço,
SOA0111,Salvador-Boca_do_Rio-apartamento-SUP-2Q,Carteira 2,BA,"Salvador, BA","Salvador, BA, Boca do Rio",3,445,3558.77,17,3694.67,2025-11,0.7407,0.7248,20,30,229.3,130.0,1,0,2025-11-26,0.96,687.9000000000001,135.9000000000001,berlinda,1,2.0,3688.77,3655.061,2.3908765870835573,3.278688524590164,Baixa,🟠 Abaixo precisa esforço,
BER0202,Maceio-Jatiuca-apartamento-SUP-1Q,Carteira 2,AL,"Maceió, AL","Maceió, AL, Ponta Verde",0,38,3279.19,102,3547.5,2025-11,0.7667,0.7428,23,30,174.59,167.0,2,0,2025-11-26,0.92,0.0,268.30999999999995,berlinda,2,2.0,3613.19,3535.2678,6.315400986610287,43.0327868852459,Média,🟠 Abaixo precisa esforço,
RLZ0301,Florianopolis-Itacorubi-apartamento-TOP-2Q,Carteira 4,SC,"Florianópolis, SC","Florianópolis, SC, Itacorubi",6,156,4215.82,18,4487.69,2025-11,0.75,0.5679,18,30,304.61,170.0,1,0,2025-11-26,0.94,1827.66,271.8699999999999,berlinda,1,2.0,4385.82,4343.32,5.14940871584267,28.688524590163933,Média,🟠 Abaixo precisa esforço,
BVE101,Florianopolis-Campeche-apartamento-SUP-2Q,Carteira 1,SC,"Florianópolis, SC","Florianópolis, SC, Campeche",4,558,2432.59,14,2652.64,2025-11,0.3462,0.4618,9,30,370.44,173.0,1,0,2025-11-26,0.92,1481.76,220.04999999999973,berlinda,1,2.0,2605.59,2492.4826000000003,7.175615613125029,52.04918032786885,Alta,🟠 Abaixo precisa esforço,
EDF1501,Salvador-Ondina_Rio_Vermelho-apartamento-TOP-1Q,Carteira 2,BA,"Salvador, BA","Salvador, BA, Rio Vermelho",3,60,4594.9,35,4658.46,2025-11,0.9259,0.7409,25,30,204.72,,0,0,2025-11-26,0.99,614.16,63.5600000000004,berlinda,0,0.0,,,,,Baixa,🔴 Abaixo inviável,
ILC3403,Especial-ILC-hotel-JR-1Q,Especial,SC,"Florianópolis, SC","Florianópolis, SC, Jurerê Internacional",0,1830,9351.04,17,10796.7,2025-11,0.7,0.6813,21,30,547.57,547.0,1,0,2025-11-26,0.87,0.0,1445.6599999999999,berlinda,1,3.0,9898.04,9733.94,24.414127156137205,92.62295081967213,Crítico,🟠 Abaixo precisa esforço,
EVA1005,Florianopolis-Centrao-apartamento-JR-1Q,Carteira 4,SC,"Florianópolis, SC","Florianópolis, SC, Centro",6,383,3229.8,73,3552.69,2025-11,0.9167,0.6613,22,30,170.41,,0,0,2025-11-26,0.91,1022.46,322.8899999999999,berlinda,0,0.0,,,,,Baixa,🔴 Abaixo inviável,
JBV265,Especial-JBV-hotel-JR-1Q,Especial,SC,"Florianópolis, SC","Florianópolis, SC, Jurerê",1,1927,9793.04,26,10509.34,2025-11,0.7586,0.732,22,30,547.27,,0,0,2025-11-26,0.93,547.27,716.2999999999993,berlinda,0,0.0,,,,,Baixa,🔴 Abaixo inviável,
TPS201,Florianopolis-Canasvieiras_Meio-apartamento-TOP-1Q,Carteira 1,SC,"Florianópolis, SC","Florianópolis, SC, Canasvieiras",0,926,4028.65,28,4125.61,2025-11,0.7667,0.596,23,30,222.35,,0,0,2025-11-26,0.98,0.0,96.95999999999958,berlinda,0,0.0,,,,,Baixa,🔴 Abaixo inviável,
CSI0706,Balneario_Picarras-Geral-apartamento-SUP-2Q,Carteira 6,SC,"Balneário Piçarras, SC","Balneário Piçarras, SC, Centro",9,30,1654.36,86,1780.79,2025-11,0.619,0.3791,13,30,156.54,130.5,4,0,2025-11-26,0.93,1408.86,126.43000000000006,berlinda,4,1.0,2176.3599999999997,1977.4779999999998,9.265053712116533,63.934426229508205,Alta,🟢 Abaixo viável,
NWT0814,Especial-NWT-apartamento-TOP-1Q,Carteira 5,AL,"Maceió, AL","Maceió, AL, Pajuçara",0,186,4137.85,43,5085.72,2025-11,0.5667,0.6669,17,30,309.35,280.0,1,0,2025-11-26,0.81,0.0,947.8699999999999,berlinda,1,4.0,4417.85,4296.526000000001,13.046510621898177,76.22950819672131,Alta,🟠 Abaixo precisa esforço,
ONP1716,Sao_Paulo-Bela_Vista-apartamento-SUP-1Q,Carteira 4_sys-price,SP,"São Paulo, SP","São Paulo, SP, Paraíso",3,103,3721.66,606,4211.74,2025-11,0.8519,0.7403,23,30,196.65,,0,0,2025-11-26,0.88,589.95,490.0799999999999,berlinda,0,0.0,,,,,Baixa,🔴 Abaixo inviável,
ETE0304,Maceio-Ponta_Verde-apartamento-TOP-1Q,Carteira 2,AL,"Maceió, AL","Maceió, AL, Pajuçara",0,522,4347.25,126,5016.81,2025-11,0.7667,0.7833,23,30,272.48,225.0,3,0,2025-11-26,0.87,0.0,669.5600000000004,berlinda,3,3.0,5022.25,4864.7725,10.009747229813373,68.0327868852459,Alta,🟠 Abaixo precisa esforço,
JBN0043,Sao_Paulo-Brooklin-apartamento-SUP-1Q,Carteira 4_sys-price,SP,"São Paulo, SP","São Paulo, SP, Brooklin",0,316,4254.32,296,4541.67,2025-11,0.8,0.7345,24,30,208.67,171.0,1,0,2025-11-26,0.94,0.0,287.35000000000036,berlinda,1,2.0,4425.32,4391.12,5.409557497572486,34.42622950819672,Média,🟠 Abaixo precisa esforço,
SAT0012,Sao_Paulo-Vila_Olimpia-apartamento-SUP-1Q,Carteira 4_sys-price,SP,"São Paulo, SP","São Paulo, SP, Itaim Bibi",5,201,5502.9,306,6555.83,2025-11,0.88,0.7329,22,30,324.23,,0,0,2025-11-26,0.84,1621.15,1052.9300000000003,berlinda,0,0.0,,,,,Baixa,🔴 Abaixo inviável,
DRL0207,Bombinhas-Centro-apartamento-TOP-2Q,Carteira 6,SC,"Bombinhas, SC","Bombinhas, SC, Centro",9,487,3779.51,28,4548.14,2025-11,0.9048,0.5167,19,30,243.63,,0,0,2025-11-26,0.83,2192.67,768.6300000000001,berlinda,0,0.0,,,,,Baixa,🔴 Abaixo inviável,
JSR112,Florianopolis-Jurere_Tradicional-apartamento-SUP-1Q,Carteira 1,SC,"Florianópolis, SC","Florianópolis, SC, Jurerê",0,1797,5030.63,20,6105.12,2025-11,0.7667,0.7287,23,30,276.7,308.0,1,0,2025-11-26,0.82,0.0,1074.4899999999998,berlinda,1,4.0,5338.63,5266.7736,13.551859750504493,77.45901639344262,Alta,🟠 Abaixo precisa esforço,
PSD202,Florianopolis-Jurere_Tradicional-apartamento-JR-1Q,Carteira 1,SC,"Florianópolis, SC","Florianópolis, SC, Jurerê",1,1990,2646.01,23,3017.5,2025-11,0.4483,0.502,13,30,283.92,169.0,1,0,2025-11-26,0.88,283.92,371.4899999999998,berlinda,1,3.0,2815.01,2721.7727000000004,6.935300745650368,48.77049180327869,Média,🟠 Abaixo precisa esforço,
ILC3315,Especial-ILC-hotel-TOP-1Q,Especial,SC,"Florianópolis, SC","Florianópolis, SC, Jurerê Internacional",0,1244,10187.91,30,11941.78,2025-11,0.6,0.8051,18,30,797.22,,0,15,2025-11-26,0.85,0.0,1753.8700000000008,berlinda,0,0.0,,,,,Baixa,🔴 Abaixo inviável,
JBV155,Especial-JBV-hotel-JR-1Q,Especial,SC,"Florianópolis, SC","Florianópolis, SC, Jurerê",0,274,10379.44,26,10509.34,2025-11,0.7667,0.732,23,30,553.48,464.0,1,0,2025-11-26,0.99,0.0,129.89999999999964,berlinda,1,1.0,10843.44,10735.1888,5.7352412235211565,37.704918032786885,Média,🟢 Abaixo viável,
MHF1603,Itapema-Canto_Praia-apartamento-TOP-1Q,Carteira 5,SC,"Itapema, SC","Itapema, SC, Centro",4,386,3392.98,19,3496.4,2025-11,0.7308,0.5911,19,30,214.53,200.0,1,0,2025-11-26,0.97,858.12,103.42000000000007,berlinda,1,1.0,3592.98,3539.14,5.91579910765359,39.75409836065574,Média,🟢 Abaixo viável,
MZD0308,Cabo_Frio-Centro-apartamento-SUP-2Q,Carteira 4,RJ,"Cabo Frio, RJ","Cabo Frio, RJ, Centro",2,383,3359.85,106,4194.71,2025-11,0.5357,0.6046,15,30,265.07,205.0,1,0,2025-11-26,0.8,530.14,834.8600000000001,berlinda,1,5.0,3564.85,3469.6684999999998,8.16010165184244,59.42622950819673,Alta,🟠 Abaixo precisa esforço,
NWT1104,Especial-NWT-apartamento-TOP-1Q,Carteira 5,AL,"Maceió, AL","Maceió, AL, Pajuçara",7,10,4077.84,43,5085.72,2025-11,0.7391,0.6669,17,30,318.71,280.0,1,0,2025-11-26,0.8,2230.97,1007.8800000000001,berlinda,1,4.0,4357.84,4284.7880000000005,13.872490030910079,78.68852459016394,Alta,🟠 Abaixo precisa esforço,
OBP0201,Penha-Beto_Carrero-apartamento-TOP-2Q,Carteira 3,SC,"Penha, SC","Penha, SC, Armação",2,52,3328.41,50,4146.72,2025-11,0.6071,0.449,17,30,226.06,160.0,1,0,2025-11-26,0.8,452.12,818.3100000000004,berlinda,1,6.0,3488.41,3425.546,5.262376046610335,31.557377049180328,Média,🟠 Abaixo precisa esforço,
PKS0115,Guara-Geral-apartamento-SUP-1Q,Carteira 1,DF,"Brasília, DF","Brasília, DF, Asa Norte",0,212,3701.53,34,4485.47,2025-11,0.8,0.8221,24,30,199.08,,0,0,2025-11-26,0.83,0.0,783.94,berlinda,0,0.0,,,,,Baixa,🔴 Abaixo inviável,
SGS0106,Florianopolis-Beira_Mar-apartamento-SUP-1Q,Carteira 4,SC,"Florianópolis, SC","Florianópolis, SC, Centro",1,81,4755.98,25,5764.24,2025-11,0.8966,0.7352,26,30,221.81,,0,0,2025-11-26,0.83,221.81,1008.2600000000002,berlinda,0,0.0,,,,,Baixa,🔴 Abaixo inviável,
ETE0308,Maceio-Ponta_Verde-apartamento-TOP-1Q,Carteira 2,AL,"Maceió, AL","Maceió, AL, Pajuçara",2,395,4130.74,126,5016.81,2025-11,0.8571,0.7833,24,30,209.33,206.0,1,0,2025-11-26,0.82,418.66,886.0700000000006,berlinda,1,5.0,4336.74,4307.3026,7.27675235857049,55.32786885245902,Alta,🟠 Abaixo precisa esforço,
GDP0107,Brasilia-Asa_Sul-apartamento-SUP-1Q,Carteira 1_sys-price,DF,"Brasília, DF","Brasília, DF, Asa Sul",1,645,4125.95,141,4282.3,2025-11,0.6897,0.8603,20,30,260.95,193.0,1,0,2025-11-26,0.96,260.95,156.35000000000036,berlinda,1,1.0,4318.95,4259.0621,7.046575438432634,51.229508196721305,Alta,🟠 Abaixo precisa esforço,
OGD0401,Florianopolis-Beira_Mar-apartamento-TOP-1Q,Carteira 4,SC,"Florianópolis, SC","Florianópolis, SC, Centro",0,248,5615.34,19,5822.93,2025-11,0.8667,0.7589,26,30,267.69,180.0,1,0,2025-11-26,0.96,0.0,207.59000000000015,berlinda,1,2.0,5795.34,5771.3460000000005,3.208539343595065,6.557377049180328,Baixa,🟠 Abaixo precisa esforço,
SPJ0106,Especial-SPJ-apartamento-TOP-1Q,Carteira 5,SC,"Florianópolis, SC","Florianópolis, SC, Jurerê",0,310,5476.78,17,6230.75,2025-11,0.7333,0.7162,22,30,308.32,215.0,1,0,2025-11-26,0.88,0.0,753.9700000000003,berlinda,1,4.0,5691.78,5634.4394999999995,6.50417485856438,44.67213114754098,Média,🟠 Abaixo precisa esforço,
ZNB1304,Salvador-Barra-apartamento-SUP-1Q,Carteira 2,BA,"Salvador, BA","Salvador, BA, Barra",7,172,3515.44,213,4282.3,2025-11,1.0,0.7357,23,30,200.35,,0,0,2025-11-26,0.82,1402.45,766.8600000000001,berlinda,0,0.0,,,,,Baixa,🔴 Abaixo inviável,
CLC0104,Florianopolis-Rio_Tavares-apartamento-SUP-2Q,Carteira 1,SC,"Florianópolis, SC","Florianópolis, SC, Campeche Central",0,19,3625.17,11,3829.25,2025-11,0.6667,0.5578,20,30,207.75,202.5,2,0,2025-11-26,0.95,0.0,204.07999999999993,berlinda,2,2.0,4030.17,3895.1835,5.396121955996603,34.01639344262295,Média,🟢 Abaixo viável,
DNAG1702,Goiania-Central-apartamento-TOP-1Q,Carteira 1_sys-price,GO,"Goiânia, GO","Goiânia, GO, Setor Bueno",0,107,3251.29,55,3340.68,2025-11,0.7333,0.5999,22,30,180.77,160.0,1,8,2025-11-26,0.97,0.0,89.38999999999987,berlinda,1,1.0,3411.29,3368.618,4.2812840499538956,15.163934426229508,Baixa,🟢 Abaixo viável,
HFO0208,Salvador-UFBA-apartamento-SUP-1Q,Carteira 2,BA,"Salvador, BA","Salvador, BA, Federação",0,60,3408.49,452,4037.53,2025-11,0.7667,0.7285,23,30,150.79,,0,0,2025-11-26,0.84,0.0,629.0400000000004,berlinda,0,0.0,,,,,Baixa,🔴 Abaixo inviável,
MCB0807,Balneario_Picarras-Geral-apartamento-JR-2Q,Carteira 6,SC,"Balneário Piçarras, SC","Balneário Piçarras, SC, itacolomi",3,130,1220.65,53,1501.1,2025-11,0.4074,0.4119,11,30,136.73,105.0,1,0,2025-11-26,0.81,410.18999999999994,280.4499999999998,berlinda,1,3.0,1325.65,1263.4270000000001,6.5390380387715625,45.08196721311475,Média,🟠 Abaixo precisa esforço,
NWT0920,Especial-NWT-apartamento-TOP-1Q,Carteira 5,AL,"Maceió, AL","Maceió, AL, Pajuçara",2,214,4792.48,43,5085.72,2025-11,0.7143,0.6669,20,30,290.95,,0,0,2025-11-26,0.94,581.9,293.2400000000007,berlinda,0,0.0,,,,,Baixa,🔴 Abaixo inviável,
NWT1007,Especial-NWT-apartamento-TOP-1Q,Carteira 5,AL,"Maceió, AL","Maceió, AL, Pajuçara",0,199,4293.38,43,5085.72,2025-11,0.5667,0.6669,17,30,313.18,308.0,3,0,2025-11-26,0.84,0.0,792.3400000000001,berlinda,3,3.0,5217.38,4817.0108,15.99516030506333,84.42622950819673,Crítico,🟠 Abaixo precisa esforço,
SOA0608,Salvador-Boca_do_Rio-apartamento-SUP-1Q,Carteira 2,BA,"Salvador, BA","Salvador, BA, Boca do Rio",0,330,3061.19,34,3140.34,2025-11,0.8333,0.6992,25,30,148.36,,0,0,2025-11-26,0.97,0.0,79.15000000000009,berlinda,0,0.0,,,,,Baixa,🔴 Abaixo inviável,
SOA0107,Salvador-Boca_do_Rio-apartamento-SUP-1Q,Carteira 2,BA,"Salvador, BA","Salvador, BA, Boca do Rio",0,318,2648.99,34,3140.34,2025-11,0.7333,0.6992,22,30,147.05,131.0,1,17,2025-11-26,0.84,0.0,491.35000000000036,berlinda,1,4.0,2779.99,2745.0523,5.1241943547514,28.278688524590162,Média,🟠 Abaixo precisa esforço,
UPP0505,Curitiba-Centro-apartamento-JR-1Q,Carteira 4,PR,"Curitiba, PR","Curitiba, PR, Alto da XV",0,24,2085.83,291,2530.45,2025-11,0.6333,0.7042,19,30,134.95,130.0,4,0,2025-11-26,0.82,0.0,444.6199999999999,berlinda,4,4.0,2605.83,2415.1459999999997,5.710506036475724,37.295081967213115,Média,🟠 Abaixo precisa esforço,
JBV344,Especial-JBV-hotel-JR-1Q,Especial,SC,"Florianópolis, SC","Florianópolis, SC, Jurerê",0,1342,10325.71,26,10509.34,2025-11,0.8333,0.732,25,30,520.4,,0,0,2025-11-26,0.98,0.0,183.63000000000102,berlinda,0,0.0,,,,,Baixa,🔴 Abaixo inviável,
SPJ0104,Especial-SPJ-apartamento-TOP-1Q,Carteira 5,SC,"Florianópolis, SC","Florianópolis, SC, Jurerê",1,516,5495.47,17,6230.75,2025-11,0.6552,0.7162,19,30,368.79,,0,0,2025-11-26,0.88,368.79,735.2799999999997,berlinda,0,0.0,,,,,Baixa,🔴 Abaixo inviável,
BLSA1655,Goiania-Central-apartamento-TOP-1Q,Carteira 1_sys-price,GO,"Goiânia, GO","Goiânia, GO, Setor Marista",0,687,2880.73,55,3340.68,2025-11,0.7,0.5999,21,30,174.71,195.0,3,0,2025-11-26,0.86,0.0,459.9499999999998,berlinda,3,3.0,3465.73,3290.23,8.949300741166464,62.704918032786885,Alta,🟠 Abaixo precisa esforço,
MAL0105,Florianopolis-Santo_Antonio_de_Lisboa-apartamento-SUP-1Q,Carteira 1,SC,"Florianópolis, SC","Florianópolis, SC, Santo Antonio de Lisboa",3,108,2757.94,15,3153.33,2025-11,0.4444,0.67,12,30,269.42,220.5,4,0,2025-11-26,0.87,808.26,395.3899999999999,berlinda,4,2.0,3639.94,3149.9008,13.824036019065556,78.27868852459017,Alta,🟠 Abaixo precisa esforço,
MCB0706,Balneario_Picarras-Geral-apartamento-SUP-2Q,Carteira 6,SC,"Balneário Piçarras, SC","Balneário Piçarras, SC, Itacolomi",9,382,1533.3,86,1780.79,2025-11,0.619,0.3791,13,30,140.15,115.0,1,0,2025-11-26,0.86,1261.3500000000001,247.49,berlinda,1,3.0,1648.3,1604.485,5.327476382204901,32.78688524590164,Média,🟠 Abaixo precisa esforço,
HSC0518,Cabo_Frio-Centro-apartamento-SUP-1Q,Carteira 4,RJ,"Cabo Frio, RJ","Cabo Frio, RJ, Passagem",4,180,2726.25,59,3316.19,2025-11,0.6154,0.6403,16,30,193.82,,0,0,2025-11-26,0.82,775.28,589.94,berlinda,0,0.0,,,,,Baixa,🔴 Abaixo inviável,
ILC4202,Especial-ILC-hotel-TOP-1Q,Especial,SC,"Florianópolis, SC","Florianópolis, SC, Jurerê Internacional",0,1347,11609.37,30,11941.78,2025-11,0.7333,0.8051,22,30,668.14,423.0,1,0,2025-11-26,0.97,0.0,332.40999999999985,berlinda,1,1.0,12032.37,11919.555900000001,11.77457883163146,72.95081967213115,Alta,🟠 Abaixo precisa esforço,
VTL0103,Ilheus-Sul-apartamento-JR-2Q,Carteira 2,BA,"Ilhéus, BA","Ilhéus, BA, Nossa Senhora da Vitória",1,505,1166.68,16,1366.44,2025-11,0.3448,0.3929,10,30,138.7,151.5,2,0,2025-11-26,0.85,138.7,199.76,berlinda,2,2.0,1469.68,1271.1544000000001,11.07390006147361,70.49180327868852,Alta,🟠 Abaixo precisa esforço,
ERE0302,Maceio-Cruz_das_Almas-apartamento-JR-1Q,Carteira 2,AL,"Maceió, AL","Maceió, AL, Cruz das Almas",0,65,2527.85,24,2578.06,2025-11,0.7667,0.7477,23,30,133.52,,0,0,2025-11-26,0.98,0.0,50.210000000000036,berlinda,0,0.0,,,,,Baixa,🔴 Abaixo inviável,
RLV0206,Florianopolis-Novo_Campeche-apartamento-SUP-3Q,Carteira 1,SC,"Florianópolis, SC","Florianópolis, SC, Campeche",5,317,6421.06,67,6703.75,2025-11,0.68,0.6418,17,30,515.71,329.0,2,0,2025-11-26,0.96,2578.55,282.6899999999996,berlinda,2,1.0,7079.06,6868.5,13.873579712847269,79.09836065573771,Alta,🟢 Abaixo viável,
SSG0102,Florianopolis-UFSC-apartamento-TOP-1Q,Carteira 4,SC,"Florianópolis, SC","Florianópolis, SC, Córrego Grande",1,995,3534.28,17,3684.75,2025-11,0.5517,0.7086,16,30,250.31,175.0,3,0,2025-11-26,0.96,250.31,150.4699999999998,berlinda,3,1.0,4059.28,3823.9225,7.146278580636397,51.63934426229508,Alta,🟢 Abaixo viável,
TXP1912,Goiania-Central-apartamento-TOP-2Q,Carteira 1_sys-price,GO,"Goiânia, GO","Goiânia, GO, Setor Bueno",0,757,2782.64,15,3330.72,2025-11,0.4333,0.4455,13,30,263.0,231.67,3,0,2025-11-26,0.84,0.0,548.0799999999999,berlinda,3,3.0,3477.6499999999996,3083.787833,12.707331908216036,75.40983606557377,Alta,🟠 Abaixo precisa esforço,
BLS1253,Goiania-Central-apartamento-TOP-1Q,Carteira 1_sys-price,GO,"Goiânia, GO","Goiânia, GO, Setor Marista",0,772,3219.98,55,3340.68,2025-11,0.7667,0.5999,23,30,173.22,,0,0,2025-11-26,0.96,0.0,120.69999999999982,berlinda,0,0.0,,,,,Baixa,🔴 Abaixo inviável,
CTA022,Florianopolis-Praia_Brava-apartamento-SUP-3Q,Carteira 1,SC,"Florianópolis, SC","Florianópolis, SC, Praia Brava",8,1395,4428.18,38,4537.78,2025-11,0.6364,0.417,14,30,404.43,,0,0,2025-11-26,0.98,3235.44,109.59999999999945,berlinda,0,0.0,,,,,Baixa,🔴 Abaixo inviável,
EVM1012,Sao_Paulo-Madalena-apartamento-SUP-1Q,Carteira 4,SP,"São Paulo, SP","São Paulo, SP, Sumarezinho",2,288,3704.09,115,4377.5,2025-11,0.6786,0.6522,19,30,204.58,163.67,3,0,2025-11-26,0.85,409.16,673.4099999999999,berlinda,3,5.0,4195.1,4037.2893860000004,5.035614606510566,26.229508196721312,Média,🟠 Abaixo precisa esforço,
ILC2307,Especial-ILC-hotel-TOP-1Q,Especial,SC,"Florianópolis, SC","Florianópolis, SC, Jurerê Internacional",8,1776,10482.06,30,11941.78,2025-11,0.8182,0.8051,18,30,728.06,,0,0,2025-11-26,0.88,5824.48,1459.7200000000012,berlinda,0,0.0,,,,,Baixa,🔴 Abaixo inviável,
EAR0401,Florianopolis-Ingleses_Norte-apartamento-TOP-2Q,Carteira 1,SC,"Florianópolis, SC","Florianópolis, SC, Ingleses do Rio Vermelho",0,703,4954.59,21,5532.65,2025-11,0.5667,0.6365,17,30,344.12,237.0,2,0,2025-11-26,0.9,0.0,578.0599999999995,berlinda,2,3.0,5428.59,5223.2058,8.254044625992961,60.245901639344254,Alta,🟠 Abaixo precisa esforço,
EMB686,Bombinhas-Mariscal-casa-SUP-3Q,Carteira 6,SC,"Bombinhas, SC","Bombinhas, SC, Mariscal",2,1482,2567.44,12,3083.25,2025-11,0.3929,0.3077,11,30,261.0,235.0,4,28,2025-11-26,0.83,522.0,515.81,berlinda,4,3.0,3507.44,2936.766,13.104716343684963,76.63934426229508,Alta,🟠 Abaixo precisa esforço,
NWT1120,Especial-NWT-apartamento-TOP-1Q,Carteira 5,AL,"Maceió, AL","Maceió, AL, Pajuçara",2,4,4780.68,43,5085.72,2025-11,0.7143,0.6669,20,30,294.25,,0,0,2025-11-26,0.94,588.5,305.03999999999996,berlinda,0,0.0,,,,,Baixa,🔴 Abaixo inviável,
RBR0003,Salvador-Flamengo-apartamento-JR-2Q,Carteira 2,BA,"Salvador, BA","Salvador, BA, Praia do Flamengo",5,45,2564.49,13,2695.9,2025-11,0.76,0.5939,19,30,157.47,137.0,1,0,2025-11-26,0.95,787.35,131.4100000000003,berlinda,1,1.0,2701.49,2668.6099999999997,6.677981379131289,46.31147540983606,Média,🟠 Abaixo precisa esforço,
ESA0902,Balneario_Camboriu-Norte-apartamento-SUP-3Q,Carteira 6,SC,"Balneário Camboriú, SC","Balneário Camboriú, SC, Centro",8,422,5180.46,23,6423.45,2025-11,0.8182,0.5733,18,30,364.56,,0,11,2025-11-26,0.81,2916.48,1242.9899999999998,berlinda,0,0.0,,,,,Baixa,🔴 Abaixo inviável,
LIN1106,Florianopolis-Centrao-apartamento-SUP-1Q,Carteira 4,SC,"Florianópolis, SC","Florianópolis, SC, Centro",0,11,3652.78,126,3992.03,2025-11,0.9667,0.5806,29,30,150.1,,0,0,2025-11-26,0.92,0.0,339.25,berlinda,0,0.0,,,,,Baixa,🔴 Abaixo inviável,
STL401,Camboriu-Tabuleiro-apartamento-SUP-2Q,Carteira 6,SC,"Balneário Camboriú, SC","Balneário Camboriú, SC, Vila Real",20,1,2351.52,29,2929.53,2025-11,0.9,0.5214,9,30,281.89,173.0,1,0,2025-11-26,0.8,5637.799999999999,578.0100000000002,berlinda,1,4.0,2524.52,2507.22,8.533427717074073,61.065573770491795,Alta,🟠 Abaixo precisa esforço,
VDP0027,Cabo_Frio-Palmeiras-casa-SUP-2Q,Carteira 4,RJ,"Cabo Frio, RJ","Cabo Frio, RJ, Parque Burle",5,191,2234.68,69,2592.25,2025-11,0.4,0.444,10,30,262.9,153.0,1,0,2025-11-26,0.86,1314.5,357.57000000000016,berlinda,1,3.0,2387.68,2295.8799999999997,7.034842318449226,50.81967213114754,Alta,🟠 Abaixo precisa esforço,
AAP1405,Salvador-Caminho_Das_Arvores-apartamento-SUP-1Q,Carteira 2,BA,"Salvador, BA","Salvador, BA, Caminho das Árvores",2,225,3024.98,44,3534.11,2025-11,0.8214,0.7744,23,30,155.0,158.0,1,0,2025-11-26,0.86,310.0,509.1300000000001,berlinda,1,4.0,3182.98,3154.7612,5.690438328178807,36.885245901639344,Média,🟠 Abaixo precisa esforço,
ILC4107,Especial-ILC-hotel-TOP-1Q,Especial,SC,"Florianópolis, SC","Florianópolis, SC, Jurerê Internacional",5,423,9683.14,30,11941.78,2025-11,0.76,0.8051,19,30,633.0,517.0,1,0,2025-11-26,0.81,3165.0,2258.6400000000012,berlinda,1,5.0,10200.14,10076.06,19.556831226165624,89.34426229508196,Crítico,🟠 Abaixo precisa esforço,
PRJ001,Imbituba-Praia_do_Rosa-casa-SIM-1Q,Carteira 6,SC,"Imbituba, SC","Imbituba, SC, Ibiraquera",0,1241,940.09,53,1158.17,2025-11,0.3667,0.409,11,30,100.91,90.0,3,0,2025-11-26,0.81,0.0,218.08000000000004,berlinda,3,3.0,1210.0900000000001,1039.099,5.648911645095282,35.65573770491803,Média,🟠 Abaixo precisa esforço,
SOV0005,Mata_de_Sao_Joao-Praia_Imbassai-apartamento-TOP-1Q,Carteira 2,BA,"Mata de São João, BA","Mata de São João, BA, Imbassaí",3,254,4196.12,16,4319.28,2025-11,0.7407,0.6188,20,30,248.4,199.5,2,0,2025-11-26,0.97,745.2,123.15999999999985,berlinda,2,1.0,4595.12,4491.6593,5.688545313107734,36.47540983606557,Média,🟢 Abaixo viável,
CZZ0302,Urubici-Geral-apartamento-SUP-1Q,Especial,SC,"Urubici, SC","Urubici, SC, Centro",3,228,1727.43,54,1757.61,2025-11,0.4444,0.2394,12,30,174.5,130.0,1,0,2025-11-26,0.98,523.5,30.179999999999836,berlinda,1,1.0,1857.43,1785.202,2.2322358202331456,2.8688524590163933,Baixa,🟢 Abaixo viável,
EBI0303,Curitiba-Jardim_Botanico-apartamento-SUP-1Q,Carteira 4,PR,"Curitiba, PR","Curitiba, PR, Prado Velho",1,299,3033.42,18,3388.74,2025-11,0.8276,0.7741,24,30,150.71,134.0,1,0,2025-11-26,0.9,150.71,355.3199999999997,berlinda,1,3.0,3167.42,3144.3184,4.683439862603795,22.540983606557376,Média,🟠 Abaixo precisa esforço,
OKA233,Florianopolis-Campeche-apartamento-TOP-1Q,Carteira 1,SC,"Florianópolis, SC","Florianópolis, SC, Campeche",0,1039,3915.4,25,4062.35,2025-11,0.6333,0.6278,19,30,258.05,261.0,4,0,2025-11-26,0.96,0.0,146.94999999999982,berlinda,4,1.0,4959.4,4576.5652,9.441320910310518,64.34426229508196,Alta,🟢 Abaixo viável,
SOA0705,Salvador-Boca_do_Rio-apartamento-SUP-1Q,Carteira 2,BA,"Salvador, BA","Salvador, BA, Boca do Rio",0,327,2701.35,34,3140.34,2025-11,0.8333,0.6992,25,30,135.24,118.0,1,0,2025-11-26,0.86,0.0,438.99000000000024,berlinda,1,4.0,2819.35,2799.6794,4.123822579720669,13.524590163934427,Baixa,🟠 Abaixo precisa esforço,
VLP0109,Mata_de_Sao_Joao-Praia_do_Forte-apartamento-SUP-2Q,Carteira 2,BA,"Mata de São João, BA","Mata de São João, BA, Praia do Forte",5,360,5603.64,27,6226.37,2025-11,0.76,0.5918,19,30,363.26,360.0,2,0,2025-11-26,0.9,1816.3,622.7299999999996,berlinda,2,2.0,6323.64,6150.84,18.00268856492626,88.11475409836066,Crítico,🟠 Abaixo precisa esforço,
AIR1407,Porto_Alegre-Menino_Deus-apartamento-TOP-1Q,Carteira 4,RS,"Porto Alegre, RS","Porto Alegre, RS, Praia de Belas",2,435,2929.3,29,3365.01,2025-11,0.3929,0.623,11,30,333.0,,0,30,2025-11-26,0.87,666.0,435.71000000000004,berlinda,0,0.0,,,,,Baixa,🔴 Abaixo inviável,
ERT0210,Florianopolis-Jurere_Tradicional-apartamento-TOP-1Q,Carteira 1,SC,"Florianópolis, SC","Florianópolis, SC, Jurerê",0,281,6401.0,20,6835.63,2025-11,0.7667,0.7118,23,30,354.09,303.0,1,0,2025-11-26,0.94,0.0,434.6300000000001,berlinda,1,2.0,6704.0,6633.3101,9.632827552105661,65.57377049180327,Alta,🟠 Abaixo precisa esforço,
RSM0023,Porto_Seguro-Pataxos-casa-JR-3Q,Carteira 2,BA,"Porto Seguro, BA","Porto Seguro, BA, Praia de Taperapuan",13,121,2758.31,26,2991.77,2025-11,0.7647,0.5281,13,30,324.77,216.0,1,0,2025-11-26,0.92,4222.01,233.46000000000004,berlinda,1,2.0,2974.31,2923.4852,8.427679935289145,60.65573770491803,Alta,🟠 Abaixo precisa esforço,
EAC1302,Balneario_Camboriu-Centro-apartamento-JR-3Q,Carteira 6,SC,"Balneário Camboriú, SC","Balneário Camboriú, SC, Centro",7,733,3365.14,49,4110.52,2025-11,0.7826,0.519,18,30,215.67,,0,0,2025-11-26,0.82,1509.6899999999998,745.3800000000006,berlinda,0,0.0,,,,,Baixa,🔴 Abaixo inviável,
ILC4115,Especial-ILC-hotel-TOP-1Q,Especial,SC,"Florianópolis, SC","Florianópolis, SC, Jurerê Internacional",0,1657,10013.02,30,11941.78,2025-11,0.7,0.8051,21,30,610.81,465.0,1,0,2025-11-26,0.84,0.0,1928.7600000000002,berlinda,1,5.0,10478.02,10338.52,15.020765748489758,80.73770491803278,Crítico,🟠 Abaixo precisa esforço,
MUT0056,Santa_Cruz_Cabralia-Coroa_Vermelha-apartamento-TOP-3Q,Carteira 2,BA,"Santa Cruz Cabrália, BA","Santa Cruz Cabrália, BA, Coroa Vermelha",7,248,5111.91,10,6171.48,2025-11,0.6957,0.6749,16,30,437.13,,0,0,2025-11-26,0.83,3059.91,1059.5699999999997,berlinda,0,0.0,,,,,Baixa,🔴 Abaixo inviável,
RRV0202,Navegantes-Gravata-apartamento-SUP-2Q,Carteira 6,SC,"Navegantes, SC","Navegantes, SC, Gravatá",0,36,1655.69,22,1977.64,2025-11,0.3667,0.4568,11,30,174.82,140.0,2,0,2025-11-26,0.84,0.0,321.95000000000005,berlinda,2,3.0,1935.69,1758.366,7.597102270045778,56.14754098360656,Alta,🟠 Abaixo precisa esforço,
CPK0803,Ilheus-Sul-apartamento-SUP-3Q,Carteira 2,BA,"Porto Seguro, BA","Ilhéus, BA, Nossa Senhora da Vitória",0,226,3064.81,25,3552.36,2025-11,0.3667,0.4984,11,30,242.64,211.5,4,0,2025-11-26,0.86,0.0,487.5500000000002,berlinda,4,3.0,3910.81,3375.0382,9.675898557578625,66.39344262295081,Alta,🟠 Abaixo precisa esforço,
EDT0010,Porto_Seguro-Pataxos-apartamento-SUP-2Q,Carteira 2,BA,"Porto Seguro, BA","Porto Seguro, BA, Taperapuan",2,723,3672.1,44,3868.67,2025-11,0.7143,0.5407,20,30,204.45,,0,0,2025-11-26,0.95,408.9,196.57000000000016,berlinda,0,0.0,,,,,Baixa,🔴 Abaixo inviável,
GMB0414,Brasilia-Setor_Hoteleiro-apartamento-TOP-1Q,Carteira 1_sys-price,DF,"Brasília, DF","Brasília, DF, Asa Norte",0,691,6367.43,21,6492.3,2025-11,0.8667,0.7599,26,30,309.65,,0,5,2025-11-26,0.98,0.0,124.86999999999989,berlinda,0,0.0,,,,,Baixa,🔴 Abaixo inviável,
JBV115,Especial-JBV-hotel-JR-1Q,Especial,SC,"Florianópolis, SC","Florianópolis, SC, Jurerê",0,1727,10378.48,26,10509.34,2025-11,0.8333,0.732,25,30,508.19,516.0,1,0,2025-11-26,0.99,0.0,130.86000000000058,berlinda,1,1.0,10894.48,10808.4628,6.425118989394224,43.44262295081967,Média,🟢 Abaixo viável,
VBV0616,Sao_Paulo-Vila_Olimpia-apartamento-SUP-1Q,Carteira 4_sys-price,SP,"São Paulo, SP","São Paulo, SP, Vila Olímpia",0,31,5637.21,306,6555.83,2025-11,0.8333,0.7329,25,30,273.72,,0,0,2025-11-26,0.86,0.0,918.6199999999999,berlinda,0,0.0,,,,,Baixa,🔴 Abaixo inviável,
NLUG0001,São_Miguel_dos_Milagres-Geral-casa-TOP-3Q,Carteira 2,AL,"Passo de Camaragibe, AL","Passo de Camaragibe, AL, Praia do Marceneiro",3,274,6756.99,23,7112.8,2025-11,0.4074,0.5343,11,30,692.27,3200.0,4,19,2025-11-26,0.95,2076.81,355.8100000000004,berlinda,4,1.0,19556.989999999998,11971.71,160.0764818355642,100.0,Crítico,🟢 Abaixo viável,
MBI022,Pocos_de_Caldas-Geral-apartamento-SUP-3Q,Carteira 4,MG,"Poços de Caldas, MG","Poços de Caldas, MG, Jardim Bandeirantes",0,764,2028.5,15,2076.55,2025-11,0.3333,0.3325,10,30,238.1,200.0,2,0,2025-11-26,0.98,0.0,48.05000000000018,berlinda,2,1.0,2428.5,2161.82,4.62786833931282,20.491803278688526,Média,🟢 Abaixo viável,
SPJ0305,Especial-SPJ-apartamento-TOP-1Q,Carteira 5,SC,"Florianópolis, SC","Florianópolis, SC, Jurerê",0,516,5485.15,17,6230.75,2025-11,0.7333,0.7162,22,30,311.27,215.0,1,0,2025-11-26,0.88,0.0,745.6000000000004,berlinda,1,4.0,5700.15,5642.809499999999,6.431970469044661,43.85245901639344,Média,🟠 Abaixo precisa esforço,
TCO1115,Porto_Alegre-Centro_Historico-apartamento-SUP-1Q,Carteira 4,RS,"Porto Alegre, RS","Porto Alegre, RS, Centro Histórico",1,80,2329.66,79,2397.11,2025-11,0.6897,0.633,20,30,132.4,,0,0,2025-11-26,0.97,132.4,67.45000000000027,berlinda,0,0.0,,,,,Baixa,🔴 Abaixo inviável,
VST006,Especial-VST-casa-TOP-1Q,Carteira 5,SC,"Anitápolis, SC","Anitápolis, SC, Rio dos Pinheiros",2,488,3572.87,54,3642.14,2025-11,0.6429,0.2969,18,30,259.89,180.0,2,0,2025-11-26,0.98,519.78,69.26999999999998,berlinda,2,1.0,3932.87,3804.314,3.423426886390967,7.786885245901639,Baixa,🟢 Abaixo viável,
VST021,Especial-VST-casa-TOP-1Q,Carteira 5,SC,"Anitápolis, SC","Anitápolis, SC, Rio dos Pinheiros",2,485,3495.27,54,3642.14,2025-11,0.5714,0.2969,16,30,281.44,180.0,1,0,2025-11-26,0.96,562.88,146.8699999999999,berlinda,1,1.0,3675.27,3598.122,7.258534817442488,54.91803278688525,Alta,🟠 Abaixo precisa esforço,
VLRY705,Florianopolis-Centrao-apartamento-SUP-1Q,Carteira 4,SC,"Florianópolis, SC","Florianópolis, SC, Centro",0,275,3245.77,126,3992.03,2025-11,0.7,0.5806,21,30,184.9,130.0,2,0,2025-11-26,0.81,0.0,746.2600000000002,berlinda,2,6.0,3505.77,3427.77,4.050311913153626,13.114754098360656,Baixa,🟠 Abaixo precisa esforço,
DNR1402,Sao_Paulo-Republica-apartamento-SUP-1Q,Carteira 4_sys-price,SP,"São Paulo, SP","São Paulo, SP, República",0,29,3024.72,473,3655.43,2025-11,0.7667,0.773,23,30,155.61,130.0,1,0,2025-11-26,0.83,0.0,630.71,berlinda,1,5.0,3154.72,3124.3909999999996,4.486054992162345,18.0327868852459,Baixa,🟠 Abaixo precisa esforço,
JBV252,Especial-JBV-hotel-TOP-1Q,Especial,SC,"Florianópolis, SC","Florianópolis, SC, Jurerê",0,1866,10330.3,34,11660.99,2025-11,0.6333,0.7597,19,30,655.21,677.0,2,0,2025-11-26,0.89,0.0,1330.6900000000005,berlinda,2,2.0,11684.3,11187.788199999999,38.62781504829351,97.95081967213115,Crítico,🟠 Abaixo precisa esforço,
JBV325,Especial-JBV-hotel-JR-1Q,Especial,SC,"Florianópolis, SC","Florianópolis, SC, Jurerê",3,1820,9453.42,26,10509.34,2025-11,0.8889,0.732,24,30,503.33,,0,0,2025-11-26,0.9,1509.99,1055.92,berlinda,0,0.0,,,,,Baixa,🔴 Abaixo inviável,
RJT0104,Brasilia-Taguatinga_Norte-apartamento-SUP-1Q,Carteira 1_sys-price,DF,"Brasília, DF","Brasília, DF, Taguatinga Norte",2,380,2583.72,119,3129.0,2025-11,0.8214,0.7849,23,30,136.61,166.0,3,0,2025-11-26,0.83,273.22,545.2800000000002,berlinda,3,4.0,3081.72,2992.7771999999995,7.232061361457337,54.09836065573771,Alta,🟠 Abaixo precisa esforço,
VST035,Especial-VST-casa-TOP-1Q,Carteira 5,SC,"Anitápolis, SC",VST036,1,66,3384.81,54,3642.14,2025-11,0.5517,0.2969,16,30,289.44,203.33,3,0,2025-11-26,0.93,289.44,257.3299999999999,berlinda,3,2.0,3994.8,3721.341483,7.182989794461498,52.459016393442624,Alta,🟢 Abaixo viável,
ILC1211,Especial-ILC-hotel-JR-1Q,Especial,SC,"Florianópolis, SC","Florianópolis, SC, Jurerê Internacional",0,1971,9566.23,17,10796.7,2025-11,0.6,0.6813,18,30,583.3,437.0,1,0,2025-11-26,0.89,0.0,1230.4700000000012,berlinda,1,3.0,10003.23,9828.43,16.60122660936522,85.65573770491804,Crítico,🟠 Abaixo precisa esforço,
TCO1215,Porto_Alegre-Centro_Historico-apartamento-SUP-1Q,Carteira 4,RS,"Porto Alegre, RS","Porto Alegre, RS, Centro Histórico",1,562,1926.01,79,2397.11,2025-11,0.6897,0.633,20,30,120.5,,0,0,2025-11-26,0.8,120.5,471.10000000000014,berlinda,0,0.0,,,,,Baixa,🔴 Abaixo inviável,
VLR403,Florianopolis-Centrao-apartamento-SUP-1Q,Carteira 4,SC,"Florianópolis, SC","Florianópolis, SC, Centro",5,590,3729.17,126,3992.03,2025-11,0.88,0.5806,22,30,257.32,,0,0,2025-11-26,0.93,1286.6,262.8600000000001,berlinda,0,0.0,,,,,Baixa,🔴 Abaixo inviável,
CRI0301,Florianopolis-Ribeirao-apartamento-TOP-1Q,Carteira 4,SC,"Florianópolis, SC","Florianópolis, SC, Ribeirão da Ilha",3,527,3192.36,39,3666.72,2025-11,0.6667,0.5659,18,30,208.22,144.0,1,0,2025-11-26,0.87,624.66,474.3599999999997,berlinda,1,4.0,3336.36,3288.3648000000003,4.657284984945671,21.721311475409834,Média,🟠 Abaixo precisa esforço,
NWT1020,Especial-NWT-apartamento-TOP-1Q,Carteira 5,AL,"Maceió, AL","Maceió, AL, Pajuçara",2,180,4566.11,43,5085.72,2025-11,0.6429,0.6669,18,30,305.44,301.0,2,0,2025-11-26,0.9,610.88,519.6100000000006,berlinda,2,2.0,5168.11,4953.1358,15.37664381837775,82.78688524590164,Crítico,🟠 Abaixo precisa esforço,
RTG101,Florianopolis-Ingleses_Norte-apartamento-TOP-2Q,Carteira 1,SC,"Florianópolis, SC","Florianópolis, SC, Ingleses do Rio Vermelho",0,1173,4742.23,21,5532.65,2025-11,0.7,0.6365,21,30,289.95,,0,0,2025-11-26,0.86,0.0,790.4200000000001,berlinda,0,0.0,,,,,Baixa,🔴 Abaixo inviável,
APC2200,Bombinhas-Mariscal-casa-TOP-3Q,Carteira 6,SC,"Bombinhas, SC","Bombinhas, SC, Canto Grande",9,956,5907.66,15,7055.0,2025-11,0.7143,0.4349,15,30,492.67,,0,0,2025-11-26,0.84,4434.03,1147.3400000000001,berlinda,0,0.0,,,,,Baixa,🔴 Abaixo inviável,
BLB1502,Salvador-Barra-apartamento-SUP-1Q,Carteira 2,BA,"Salvador, BA","Salvador, BA, Barra",0,684,3873.41,213,4282.3,2025-11,0.8333,0.7357,25,30,197.36,,0,0,2025-11-26,0.9,0.0,408.8900000000003,berlinda,0,0.0,,,,,Baixa,🔴 Abaixo inviável,
CRJ101,Florianopolis-Jurere_Tradicional-apartamento-SUP-2Q,Carteira 1,SC,"Florianópolis, SC","Florianópolis, SC, Jurerê",0,1023,5187.03,16,5747.39,2025-11,0.4333,0.541,13,30,427.38,315.0,1,0,2025-11-26,0.9,0.0,560.3600000000006,berlinda,1,2.0,5502.03,5323.519499999999,15.355961575602159,82.37704918032787,Crítico,🟠 Abaixo precisa esforço,
DLH0103,Gramado-Centro-apartamento-TOP-2Q,Carteira 4,RS,"Gramado, RS","Gramado, RS, Centro",1,407,11056.9,57,11340.27,2025-11,0.6552,0.715,19,30,649.24,,0,0,2025-11-26,0.98,649.24,283.3700000000008,berlinda,0,0.0,,,,,Baixa,🔴 Abaixo inviável,
ILC2316,Especial-ILC-hotel-TOP-1Q,Especial,SC,"Florianópolis, SC","Florianópolis, SC, Jurerê Internacional",0,1522,11128.84,30,11941.78,2025-11,0.6667,0.8051,20,30,736.2,500.0,1,10,2025-11-26,0.93,0.0,812.9400000000005,berlinda,1,2.0,11628.84,11462.19,17.018819639953183,86.47540983606558,Crítico,🟠 Abaixo precisa esforço,
NWT0504,Especial-NWT-apartamento-TOP-1Q,Carteira 5,AL,"Maceió, AL","Maceió, AL, Pajuçara",1,225,4211.66,43,5085.72,2025-11,0.5517,0.6669,16,30,307.63,308.0,3,0,2025-11-26,0.83,307.63,874.0600000000004,berlinda,3,3.0,5135.66,4721.4308,17.64486182225264,87.70491803278688,Crítico,🟠 Abaixo precisa esforço,
SKC0414,Maceio-Jatiuca-apartamento-TOP-1Q,Carteira 2,AL,"Maceió, AL","Maceió, AL, Jatiúca",5,268,4001.9,39,4952.95,2025-11,0.92,0.7233,23,30,226.61,183.0,1,0,2025-11-26,0.81,1133.0500000000002,951.0499999999997,berlinda,1,6.0,4184.9,4170.26,5.856514804308528,39.34426229508197,Média,🟠 Abaixo precisa esforço,
VIF0011,Porto_Seguro-Pataxos-apartamento-SUP-3Q,Carteira 2,BA,"Porto Seguro, BA","Porto Seguro, BA, Taperapuã",5,22,2618.85,20,3079.55,2025-11,0.52,0.3333,13,30,291.54,210.5,2,0,2025-11-26,0.85,1457.7,460.7000000000003,berlinda,2,3.0,3039.85,2837.77,10.496917839727672,69.67213114754098,Alta,🟠 Abaixo precisa esforço,
VST022,Especial-VST-casa-TOP-1Q,Carteira 5,SC,"Anitápolis, SC","Anitápolis, SC, Rio dos Pinheiros",7,488,3242.18,54,3642.14,2025-11,0.6957,0.2969,16,30,265.0,198.0,2,0,2025-11-26,0.89,1855.0,399.96000000000004,berlinda,2,3.0,3638.18,3517.6772,7.2477609317599,54.50819672131148,Alta,🟠 Abaixo precisa esforço,
AST0103,Porto_Seguro-Pataxos-apartamento-JR-2Q,Carteira 2,BA,"Porto Seguro, BA","Porto Seguro, BA, Taperapuan",0,316,1848.68,46,1988.03,2025-11,0.4,0.3595,12,30,171.42,140.0,2,0,2025-11-26,0.93,0.0,139.3499999999999,berlinda,2,1.0,2128.6800000000003,1960.68,9.813232194685192,67.21311475409836,Alta,🟠 Abaixo precisa esforço,
EDF1303,Salvador-Ondina_Rio_Vermelho-apartamento-TOP-1Q,Carteira 2,BA,"Salvador, BA","Salvador, BA, Rio Vermelho",1,8,3946.45,35,4658.46,2025-11,0.8621,0.7409,25,30,194.12,150.0,1,0,2025-11-26,0.85,194.12,712.0100000000002,berlinda,1,5.0,4096.45,4075.765,4.585270668847647,20.081967213114755,Média,🟠 Abaixo precisa esforço,
EUB1006,Salvador-Barra-apartamento-SUP-1Q,Carteira 2,BA,"Salvador, BA","Salvador, BA, Barra",0,262,3902.15,213,4282.3,2025-11,0.8667,0.7357,26,30,198.15,,0,0,2025-11-26,0.91,0.0,380.1500000000001,berlinda,0,0.0,,,,,Baixa,🔴 Abaixo inviável,
BBC0102,Marau-Barra_Grande-apartamento-SUP-3Q,Carteira 2,BA,"Maraú, BA","Maraú, BA, Barra Grande",4,26,3713.22,12,3732.33,2025-11,0.3846,0.3156,10,30,441.3,420.0,4,0,2025-11-26,0.99,1765.2,19.110000000000127,berlinda,4,1.0,5393.219999999999,4359.348,2.150452934226087,2.459016393442623,Baixa,🟢 Abaixo viável,
EJO0401,Florianopolis-Centrao-apartamento-JR-1Q,Carteira 4,SC,"Florianópolis, SC","Florianópolis, SC, Centro",0,200,3453.29,73,3552.69,2025-11,0.7,0.6613,21,30,193.05,104.0,2,0,2025-11-26,0.97,0.0,99.40000000000009,berlinda,2,1.0,3661.29,3598.89,2.909795112998885,3.6885245901639343,Baixa,🟢 Abaixo viável,
NWT0910,Especial-NWT-apartamento-MASTER-1Q,Carteira 5,AL,"Maceió, AL","Maceió, AL, Pajuçara",1,221,5745.96,31,6602.53,2025-11,0.3793,0.7781,11,30,600.0,600.0,4,30,2025-11-26,0.87,600.0,856.5699999999997,berlinda,4,2.0,8145.96,6656.28,38.920080635756285,98.36065573770492,Crítico,🟢 Abaixo viável,
VLE007,Bombinhas-Mariscal-apartamento-JR-1Q,Carteira 6,SC,"Bombinhas, SC","Bombinhas, SC, mariscal",0,1494,1618.05,20,1934.09,2025-11,0.3,0.439,9,30,202.0,198.0,1,28,2025-11-26,0.84,0.0,316.03999999999996,berlinda,1,2.0,1816.05,1677.45,16.177096205450624,84.8360655737705,Crítico,🟠 Abaixo precisa esforço,
BRI0102,Florianopolis-Jurere_Longe-apartamento-SUP-2Q,Carteira 1,SC,"Florianópolis, SC","Florianópolis, SC, Jurerê",0,101,4971.39,30,5331.22,2025-11,0.5667,0.6212,17,30,386.18,226.0,1,0,2025-11-26,0.93,0.0,359.8299999999999,berlinda,1,2.0,5197.39,5099.4642,7.626920292165768,56.557377049180324,Alta,🟠 Abaixo precisa esforço,
TCO0312,Porto_Alegre-Centro_Historico-apartamento-SUP-1Q,Carteira 4,RS,"Porto Alegre, RS","Porto Alegre, RS, Centro Histórico",0,366,2208.9,79,2397.11,2025-11,0.7333,0.633,22,30,127.36,125.0,1,0,2025-11-26,0.92,0.0,188.21000000000004,berlinda,1,2.0,2333.9,2300.5625,4.907211183466758,25.40983606557377,Média,🟠 Abaixo precisa esforço,
NWT0815,Especial-NWT-apartamento-TOP-1Q,Carteira 5,AL,"Maceió, AL","Maceió, AL, Pajuçara",0,186,4824.35,43,5085.72,2025-11,0.6,0.6669,18,30,312.33,301.0,2,0,2025-11-26,0.95,0.0,261.3699999999999,berlinda,2,1.0,5426.35,5185.55,15.469268854754088,83.19672131147541,Crítico,🟢 Abaixo viável,
UPP0604,Curitiba-Centro-apartamento-JR-1Q,Carteira 4,PR,"Curitiba, PR","Curitiba, PR, Alto da XV",0,26,2058.56,291,2530.45,2025-11,0.5667,0.7042,17,30,140.94,130.0,4,0,2025-11-26,0.81,0.0,471.8899999999999,berlinda,4,4.0,2578.56,2353.2439999999997,6.060750064217825,41.39344262295082,Média,🟠 Abaixo precisa esforço,
AIR1414,Porto_Alegre-Menino_Deus-apartamento-TOP-1Q,Carteira 4,RS,"Porto Alegre, RS","Porto Alegre, RS, Praia de Belas",1,431,2829.4,29,3365.01,2025-11,0.3448,0.623,10,30,333.0,,0,30,2025-11-26,0.84,333.0,535.6100000000001,berlinda,0,0.0,,,,,Baixa,🔴 Abaixo inviável,
BLB1306,Salvador-Barra-apartamento-SUP-1Q,Carteira 2,BA,"Salvador, BA","Salvador, BA, Barra",0,428,3607.66,213,4282.3,2025-11,0.7667,0.7357,23,30,192.7,130.0,1,0,2025-11-26,0.84,0.0,674.6400000000003,berlinda,1,6.0,3737.66,3707.3309999999997,3.4133993414753765,7.377049180327869,Baixa,🟠 Abaixo precisa esforço,
DMS0106,Gramado-Centro-apartamento-TOP-2Q,Carteira 4,RS,"Gramado, RS","Gramado, RS, Bairro Belverede",1,136,10827.42,57,11340.27,2025-11,0.8621,0.715,25,30,545.68,,0,0,2025-11-26,0.95,545.68,512.8500000000004,berlinda,0,0.0,,,,,Baixa,🔴 Abaixo inviável,
ERJ101,Balneario_Camboriu-Norte-apartamento-SIM-4Q,Carteira 6,SC,"Balneário Camboriú, SC","Balneário Camboriú, SC, Centro",13,772,3447.29,71,3978.65,2025-11,0.6471,0.5209,11,30,384.45,,0,0,2025-11-26,0.87,4997.849999999999,531.3600000000001,berlinda,0,0.0,,,,,Baixa,🔴 Abaixo inviável,
ILH106,Florianopolis-Canasvieiras_Perto-apartamento-TOP-3Q,Carteira 1,SC,"Florianópolis, SC","Florianópolis, SC, Canasvieiras",11,799,5858.67,14,6837.49,2025-11,0.8421,0.753,16,30,540.25,495.0,3,0,2025-11-26,0.86,5942.75,978.8199999999997,berlinda,3,2.0,7343.67,7109.1885,35.43083061181807,96.72131147540983,Crítico,🟢 Abaixo viável,
MUT0034,Santa_Cruz_Cabralia-Coroa_Vermelha-apartamento-TOP-3Q,Carteira 2,BA,"Santa Cruz Cabrália, BA","Santa Cruz Cabrália, BA, Coroa Vermelha",4,232,6137.9,10,6171.48,2025-11,0.7692,0.6749,20,30,426.4,,0,0,2025-11-26,0.99,1705.6,33.57999999999993,berlinda,0,0.0,,,,,Baixa,🔴 Abaixo inviável,
SCO0009,Florianopolis-Campeche-apartamento-JR-1Q,Carteira 1,SC,"Florianópolis, SC","Florianópolis, SC, Campeche",0,227,2018.39,27,2160.61,2025-11,0.5667,0.6529,17,30,145.12,,0,0,2025-11-26,0.93,0.0,142.22000000000003,berlinda,0,0.0,,,,,Baixa,🔴 Abaixo inviável,
CSF0303,Salvador-Barra-apartamento-JR-1Q,Carteira 2,BA,"Salvador, BA","Salvador, BA, Barra",0,29,2905.83,122,3131.92,2025-11,0.7333,0.7317,22,30,172.68,,0,0,2025-11-26,0.93,0.0,226.09000000000015,berlinda,0,0.0,,,,,Baixa,🔴 Abaixo inviável,
ILC3412,Especial-ILC-hotel-JR-1Q,Especial,SC,"Florianópolis, SC","Florianópolis, SC, Jurerê Internacional",0,340,9119.46,17,10796.7,2025-11,0.4,0.6813,12,30,903.5,790.0,1,23,2025-11-26,0.84,0.0,1677.2400000000016,berlinda,1,3.0,9909.46,9435.46,40.90816638417297,98.77049180327869,Crítico,🟠 Abaixo precisa esforço,
MHF1207,Itapema-Canto_Praia-apartamento-TOP-1Q,Carteira 5,SC,"Itapema, SC","Itapema, SC, Centro",4,302,3435.96,19,3496.4,2025-11,0.5,0.5911,13,30,310.38,300.0,4,23,2025-11-26,0.98,1241.52,60.440000000000055,berlinda,4,1.0,4635.96,4035.96,5.185905502802887,30.327868852459016,Média,🟢 Abaixo viável,
MPB0034,Itajai-Praia_Brava-apartamento-SUP-2Q,Carteira 6,SC,"Itajaí, SC","Itajaí, SC, Praia Brava",4,193,3604.96,22,3954.8,2025-11,0.7308,0.5108,19,30,219.0,,0,0,2025-11-26,0.91,876.0,349.84000000000015,berlinda,0,0.0,,,,,Baixa,🔴 Abaixo inviável,
SOA0910,Salvador-Boca_do_Rio-apartamento-TOP-1Q,Carteira 2,BA,"Salvador, BA","Salvador, BA, Boca do Rio",0,221,3323.42,17,3694.67,2025-11,0.6667,0.7248,20,30,177.86,130.0,1,0,2025-11-26,0.9,0.0,371.25,berlinda,1,3.0,3453.42,3410.091,4.354245440052832,15.983606557377051,Baixa,🟠 Abaixo precisa esforço,
VIC0203,Florianopolis-Novo_Campeche-apartamento-TOP-2Q,Carteira 1,SC,"Florianópolis, SC","Florianópolis, SC, Campeche",1,731,6040.67,57,6703.75,2025-11,0.6897,0.6556,20,30,397.5,405.0,3,0,2025-11-26,0.9,397.5,663.0799999999999,berlinda,3,2.0,7255.67,6878.6555,20.0296401267947,90.57377049180327,Crítico,🟢 Abaixo viável,
UNI0402,Cabedelo-Intermares-apartamento-SUP-1Q,Carteira 2,PB,"Cabedelo, PB","Cabedelo, PB, Intermares",1,149,1887.89,101,2241.88,2025-11,0.5517,0.6308,16,30,146.75,100.0,1,0,2025-11-26,0.84,146.75,353.99,berlinda,1,4.0,1987.89,1943.0600000000002,3.947468196335219,11.885245901639344,Baixa,🟠 Abaixo precisa esforço,
CRM0212,Florianopolis-Canto_da_Lagoa-apartamento-SUP-2Q,Carteira 1,SC,"Florianópolis, SC","Florianópolis, SC, Canto da Lagoa",0,298,3435.27,16,3815.33,2025-11,0.5,0.475,15,30,284.0,245.25,4,0,2025-11-26,0.9,0.0,380.05999999999995,berlinda,4,2.0,4416.27,3925.77,12.215157666571441,73.36065573770492,Alta,🟢 Abaixo viável,
IDC0102,Florianopolis-UFSC-apartamento-SUP-2Q,Carteira 4,SC,"Florianópolis, SC","Florianópolis, SC, Trindade",3,708,3716.83,21,3753.83,2025-11,0.5926,0.7338,16,30,292.5,158.0,1,0,2025-11-26,0.99,877.5,37.0,berlinda,1,1.0,3874.83,3810.4608,1.5573427672537115,2.0491803278688523,Baixa,🟢 Abaixo viável,
MHR308,Florianopolis-Ingleses_Praia-apartamento-SUP-1Q,Carteira 1,SC,"Florianópolis, SC","Florianópolis, SC, Ingleses do Rio Vermelho",3,1163,3103.96,41,3726.57,2025-11,0.5926,0.57,16,30,233.56,166.0,2,0,2025-11-26,0.83,700.6800000000001,622.6100000000001,berlinda,2,4.0,3435.96,3300.7032,6.933538079252504,48.36065573770492,Média,🟠 Abaixo precisa esforço,
ROE210,Brasilia-Asa_Norte-apartamento-SUP-1Q,Carteira 1_sys-price,DF,"Brasília, DF","Brasília, DF, Setor de Habitações Individuais Norte",0,570,4110.08,143,4217.09,2025-11,0.8,0.831,24,30,212.38,,0,0,2025-11-26,0.97,0.0,107.01000000000022,berlinda,0,0.0,,,,,Baixa,🔴 Abaixo inviável,
ACI0320,Salvador-Ondina_Rio_Vermelho-apartamento-JR-1Q,Carteira 2,BA,"Salvador, BA","Salvador, BA, Ondina",2,54,2584.88,63,2880.82,2025-11,0.7143,0.7319,20,30,161.7,,0,0,2025-11-26,0.9,323.4,295.94000000000005,berlinda,0,0.0,,,,,Baixa,🔴 Abaixo inviável,
ILC2314,Especial-ILC-hotel-JR-1Q,Especial,SC,"Florianópolis, SC","Florianópolis, SC, Jurerê Internacional",0,1522,8752.49,17,10796.7,2025-11,0.5,0.6813,15,30,732.67,517.0,1,12,2025-11-26,0.81,0.0,2044.210000000001,berlinda,1,4.0,9269.49,9010.99,24.471749932849864,93.0327868852459,Crítico,🟠 Abaixo precisa esforço,
LVR0003,Campos_do_Jordao-Capivari_Centro-apartamento-SUP-2Q,Carteira 4,SP,"Campos do Jordão, SP","Campos do Jordão, SP, V Iara",0,199,3296.71,55,3778.64,2025-11,0.3667,0.393,11,30,338.0,310.67,3,0,2025-11-26,0.87,0.0,481.92999999999984,berlinda,3,2.0,4228.72,3638.478067,19.811518575466305,89.75409836065575,Crítico,🟠 Abaixo precisa esforço,
STU309,Florianopolis-UFSC-apartamento-TOP-1Q,Carteira 4,SC,"Florianópolis, SC","Florianópolis, SC, Trindade",1,859,3585.32,17,3684.75,2025-11,0.6897,0.7086,20,30,213.5,,0,0,2025-11-26,0.97,213.5,99.42999999999984,berlinda,0,0.0,,,,,Baixa,🔴 Abaixo inviável,
NWT0802,Especial-NWT-apartamento-TOP-1Q,Carteira 5,AL,"Maceió, AL","Maceió, AL, Pajuçara",0,239,4703.83,43,5085.72,2025-11,0.5667,0.6669,17,30,325.88,301.0,2,0,2025-11-26,0.92,0.0,381.8900000000003,berlinda,2,2.0,5305.83,5044.9834,11.301142217817741,71.72131147540983,Alta,🟠 Abaixo precisa esforço,
RRT0098,Penha-Longe-casa-JR-2Q,Carteira 6,SC,"Penha, SC","Penha, SC, Armação",0,423,2525.98,17,2964.52,2025-11,0.7,0.4667,21,30,145.52,100.0,1,0,2025-11-26,0.85,0.0,438.53999999999996,berlinda,1,5.0,2625.98,2595.98,2.95859026081794,4.508196721311475,Baixa,🟠 Abaixo precisa esforço,
RUA0226,Penha-Praia-casa-JR-3Q,Carteira 6,SC,"Penha, SC","Penha, SC, Centro",9,263,3167.91,28,3208.32,2025-11,0.6667,0.5532,14,30,307.0,,0,0,2025-11-26,0.99,2763.0,40.41000000000031,berlinda,0,0.0,,,,,Baixa,🔴 Abaixo inviável,
ILC3109,Especial-ILC-hotel-TOP-1Q,Especial,SC,"Florianópolis, SC","Florianópolis, SC, Jurerê Internacional",0,1828,11161.56,30,11941.78,2025-11,0.7333,0.8051,22,30,669.45,464.0,2,0,2025-11-26,0.93,0.0,780.2200000000012,berlinda,2,2.0,12089.56,11842.062399999999,15.157793896722286,81.55737704918032,Crítico,🟠 Abaixo precisa esforço,
JBV248,Especial-JBV-hotel-TOP-1Q,Especial,SC,"Florianópolis, SC","Florianópolis, SC, Jurerê",2,1299,11159.13,34,11660.99,2025-11,0.8214,0.7597,23,30,593.83,,0,0,2025-11-26,0.96,1187.66,501.8600000000006,berlinda,0,0.0,,,,,Baixa,🔴 Abaixo inviável,
MHB0302,Florianopolis-Novo_Campeche-apartamento-SUP-3Q,Carteira 1,SC,"Florianópolis, SC","Florianópolis, SC, Campeche",6,128,6054.36,67,6703.75,2025-11,0.75,0.6418,18,30,380.0,,0,0,2025-11-26,0.9,2280.0,649.3900000000003,berlinda,0,0.0,,,,,Baixa,🔴 Abaixo inviável,
TXP0311,Goiania-Central-apartamento-SUP-2Q,Carteira 1_sys-price,GO,"Goiânia, GO","Goiânia, GO, Setor Bueno",4,772,3170.81,57,3485.85,2025-11,0.6154,0.5369,16,30,231.38,231.5,2,23,2025-11-26,0.91,925.52,315.03999999999996,berlinda,2,2.0,3633.81,3455.7401999999997,10.46111565328399,69.26229508196722,Alta,🟠 Abaixo precisa esforço,
UPP0408,Curitiba-Centro-apartamento-JR-1Q,Carteira 4,PR,"Curitiba, PR","Curitiba, PR, Alto da XV",0,10,2220.3,291,2530.45,2025-11,0.6333,0.7042,19,30,138.95,130.0,3,0,2025-11-26,0.88,0.0,310.14999999999964,berlinda,3,3.0,2610.3,2467.2870000000003,5.31124240089048,32.37704918032787,Média,🟠 Abaixo precisa esforço,
GSH0102,Camaçari-Monte_Gordo-apartamento-TOP-2Q,Carteira 2,BA,"Camaçari, BA","Camaçari, BA, Monte Gordo",1,103,4976.88,23,5904.53,2025-11,0.4828,0.5377,14,30,417.21,315.0,2,13,2025-11-26,0.84,417.21,927.6499999999996,berlinda,2,3.0,5606.88,5281.044,16.496359574767162,85.24590163934425,Crítico,🟠 Abaixo precisa esforço,
ILC3312,Especial-ILC-hotel-JR-1Q,Especial,SC,"Florianópolis, SC","Florianópolis, SC, Jurerê Internacional",2,1971,9833.16,17,10796.7,2025-11,0.6786,0.6813,19,30,698.79,547.0,1,0,2025-11-26,0.91,1397.58,963.5400000000009,berlinda,1,2.0,10380.16,10204.3542,24.40821639945541,92.21311475409836,Crítico,🟠 Abaixo precisa esforço,
CMT0404,Florianopolis-UFSC-apartamento-SUP-3Q,Carteira 4,SC,"Florianópolis, SC","Florianópolis, SC, Córrego Grande",1,260,4326.59,16,4535.03,2025-11,0.5172,0.5607,15,30,374.27,180.0,1,0,2025-11-26,0.95,374.27,208.4399999999996,berlinda,1,2.0,4506.59,4419.686,4.1365988758618935,13.934426229508196,Baixa,🟠 Abaixo precisa esforço,
EDA0001,Curitiba-Centro-apartamento-SUP-1Q,Carteira 4,PR,"Curitiba, PR","Curitiba, PR, Centro",0,107,2636.22,517,2946.51,2025-11,0.6,0.69,18,30,172.89,130.0,2,0,2025-11-26,0.89,0.0,310.2900000000004,berlinda,2,3.0,2896.22,2792.22,4.563330855826051,19.262295081967213,Baixa,🟠 Abaixo precisa esforço,
ILC4104,Especial-ILC-hotel-JR-1Q,Especial,SC,"Florianópolis, SC","Florianópolis, SC, Jurerê Internacional",3,1005,10168.91,17,10796.7,2025-11,0.7407,0.6813,20,30,585.7,,0,0,2025-11-26,0.94,1757.1000000000001,627.7900000000009,berlinda,0,0.0,,,,,Baixa,🔴 Abaixo inviável,
PRB0405,Florianopolis-Jurere_Tradicional-apartamento-TOP-2Q,Carteira 1,SC,"Florianópolis, SC","Florianópolis, SC, Jurerê",0,261,10163.04,21,11494.08,2025-11,0.7667,0.6985,23,30,630.74,,0,0,2025-11-26,0.88,0.0,1331.039999999999,berlinda,0,0.0,,,,,Baixa,🔴 Abaixo inviável,
VLO0514,Florianopolis-Jurere_Longe-apartamento-TOP-2Q,Carteira 1,SC,"Florianópolis, SC","Florianópolis, SC, Jurerê Internacional",3,354,8071.01,15,9077.58,2025-11,0.6667,0.7038,18,30,717.67,475.0,1,0,2025-11-26,0.89,2153.0099999999998,1006.5699999999997,berlinda,1,3.0,8546.01,8387.692500000001,17.556835999609287,87.29508196721312,Crítico,🟠 Abaixo precisa esforço,
CCS0205,Florianopolis-Campeche_Praia-apartamento-TOP-1Q,Carteira 1,SC,"Florianópolis, SC","Florianópolis, SC, Campeche",1,617,4434.86,13,5228.77,2025-11,0.8276,0.7676,24,30,214.21,212.0,1,0,2025-11-26,0.85,214.21,793.9100000000008,berlinda,1,4.0,4646.86,4610.3112,8.047252030592288,58.606557377049185,Alta,🟠 Abaixo precisa esforço,
DLH0105,Gramado-Centro-apartamento-TOP-2Q,Carteira 4,RS,"Gramado, RS","Gramado, RS, Centro",1,451,11047.08,57,11340.27,2025-11,0.7931,0.715,23,30,606.22,,0,0,2025-11-26,0.97,606.22,293.1900000000005,berlinda,0,0.0,,,,,Baixa,🔴 Abaixo inviável,
JBV106,Especial-JBV-hotel-JR-1Q,Especial,SC,"Florianópolis, SC","Florianópolis, SC, Jurerê",4,1698,9497.75,26,10509.34,2025-11,0.9231,0.732,24,30,502.96,,0,0,2025-11-26,0.9,2011.84,1011.5900000000001,berlinda,0,0.0,,,,,Baixa,🔴 Abaixo inviável,
JFM0062,Florianopolis-Beira_Mar-apartamento-JR-3Q,Carteira 4,SC,"Florianópolis, SC","Florianópolis, SC, Centro",0,235,4564.91,16,5166.5,2025-11,0.6333,0.6287,19,30,300.16,160.0,1,0,2025-11-26,0.88,0.0,601.5900000000001,berlinda,1,4.0,4724.91,4666.238,4.657621213587536,22.131147540983605,Média,🟠 Abaixo precisa esforço,
RAP0306,Florianopolis-Campeche_Praia-apartamento-SUP-1Q,Carteira 1,SC,"Florianópolis, SC","Florianópolis, SC, Campeche",8,330,2837.36,11,3052.35,2025-11,0.6818,0.7354,15,30,230.27,220.5,4,0,2025-11-26,0.93,1842.16,214.98999999999978,berlinda,4,1.0,3719.36,3438.7076,15.530753353973152,83.60655737704919,Crítico,🟢 Abaixo viável,
SCO0003,Florianopolis-Campeche-apartamento-JR-1Q,Carteira 1,SC,"Florianópolis, SC","Florianópolis, SC, Campeche",9,207,1793.04,27,2160.61,2025-11,0.619,0.6529,13,30,164.31,144.0,1,0,2025-11-26,0.83,1478.79,367.57000000000016,berlinda,1,3.0,1937.04,1882.176,8.165916107025334,59.83606557377049,Alta,🟠 Abaixo precisa esforço,
BLSA1656,Goiania-Central-apartamento-TOP-1Q,Carteira 1_sys-price,GO,"Goiânia, GO","Goiânia, GO, Setor Marista",0,631,3160.25,55,3340.68,2025-11,0.7333,0.5999,22,30,178.41,,0,0,2025-11-26,0.95,0.0,180.42999999999984,berlinda,0,0.0,,,,,Baixa,🔴 Abaixo inviável,
LGA0201,Bombinhas-Centro-apartamento-TOP-3Q,Carteira 6,SC,"Bombinhas, SC","Bombinhas, SC, Centro",2,463,3695.16,25,3931.93,2025-11,0.25,0.4089,7,30,625.0,625.0,4,30,2025-11-26,0.94,1250.0,236.76999999999998,berlinda,4,1.0,6195.16,4320.16,37.63577937552296,97.54098360655738,Crítico,🟢 Abaixo viável,
SPA309,Florianopolis-UFSC-apartamento-SUP-1Q,Carteira 4,SC,"Florianópolis, SC","Florianópolis, SC, Trindade",1,767,3047.77,46,3534.63,2025-11,0.6207,0.7027,18,30,225.67,133.0,1,0,2025-11-26,0.86,225.67,486.8600000000001,berlinda,1,4.0,3180.77,3130.3231,4.579855600161828,19.672131147540984,Baixa,🟠 Abaixo precisa esforço,
STCY102,Florianopolis-Cachoeira_Bom_Jesus-apartamento-SUP-1Q,Carteira 1,SC,"Florianópolis, SC","Florianópolis, SC, Cachoeira do Bom Jesus",0,562,2176.32,14,2579.11,2025-11,0.5,0.4458,15,30,164.53,149.75,4,0,2025-11-26,0.84,0.0,402.78999999999996,berlinda,4,3.0,2775.32,2475.82,7.795686948857033,57.377049180327866,Alta,🟠 Abaixo precisa esforço,
ERE418,Maceio-Cruz_das_Almas-apartamento-SUP-1Q,Carteira 2,AL,"Maceió, AL","Maceió, AL, Cruz das Almas",0,551,2918.74,111,3620.98,2025-11,0.7333,0.7336,22,30,181.95,122.0,1,0,2025-11-26,0.81,0.0,702.2400000000002,berlinda,1,6.0,3040.74,3008.2025999999996,3.9433744455920783,11.475409836065573,Baixa,🟠 Abaixo precisa esforço,
IPS0701,Porto_Alegre-Jardim_Botanico-apartamento-SUP-1Q,Carteira 4,RS,"Porto Alegre, RS","Porto Alegre, RS, Petrópolis",15,43,1987.68,70,2416.55,2025-11,0.9333,0.5526,14,30,167.57,,0,0,2025-11-26,0.82,2513.5499999999997,428.8700000000001,berlinda,0,0.0,,,,,Baixa,🔴 Abaixo inviável,
PAR0003,Urubici-Geral-casa-TOP-1Q,Carteira 3,SC,"Urubici, SC","Urubici, SC, Arroio do Engenho",1,729,3116.59,98,3546.57,2025-11,0.4483,0.2953,13,30,266.0,241.25,4,0,2025-11-26,0.88,266.0,429.98,berlinda,4,2.0,4081.59,3549.1995,14.624365936665566,80.32786885245902,Crítico,🟢 Abaixo viável,
SSG0207,Florianopolis-UFSC-apartamento-TOP-1Q,Carteira 4,SC,"Florianópolis, SC","Florianópolis, SC, Córrego Grande",2,920,3346.53,17,3684.75,2025-11,0.7143,0.7086,20,30,209.65,195.0,2,0,2025-11-26,0.91,419.3,338.2199999999998,berlinda,2,2.0,3736.53,3625.107,8.949440260533274,63.114754098360656,Alta,🟠 Abaixo precisa esforço,
VST010,Especial-VST-casa-TOP-1Q,Carteira 5,SC,"Anitápolis, SC","Anitápolis, SC, Rio dos Pinheiros",2,487,3484.55,54,3642.14,2025-11,0.6786,0.2969,19,30,244.26,180.0,1,0,2025-11-26,0.96,488.52,157.5899999999997,berlinda,1,1.0,3664.55,3606.6980000000003,7.788333232659905,56.9672131147541,Alta,🟠 Abaixo precisa esforço,
WBU2405,Goiania-Central-apartamento-TOP-1Q,Carteira 1_sys-price,GO,"Goiânia, GO","Goiânia, GO, Setor Bueno",0,772,3230.53,55,3340.68,2025-11,0.7333,0.5999,22,30,177.59,,0,0,2025-11-26,0.97,0.0,110.14999999999964,berlinda,0,0.0,,,,,Baixa,🔴 Abaixo inviável,
WSH0502,Curitiba-Batel-apartamento-SUP-1Q,Carteira 4,PR,"Curitiba, PR","Curitiba, PR, Bigorrilho",0,18,3569.62,211,3745.1,2025-11,0.9,0.6995,27,30,161.56,130.0,2,0,2025-11-26,0.95,0.0,175.48000000000002,berlinda,2,2.0,3829.62,3803.62,3.045632960401592,5.327868852459016,Baixa,🟢 Abaixo viável,
MHF1202,Itapema-Canto_Praia-apartamento-TOP-2Q,Carteira 5,SC,"Itapema, SC","Itapema, SC, Centro",14,309,2782.22,14,3147.32,2025-11,0.625,0.4188,10,30,284.0,,0,22,2025-11-26,0.88,3976.0,365.10000000000036,berlinda,0,0.0,,,,,Baixa,🔴 Abaixo inviável,
PGO402,Pocos_de_Caldas-Geral-apartamento-SUP-1Q,Carteira 4,MG,"Poços de Caldas, MG","Poços de Caldas, MG, São Benedito",0,808,2012.72,32,2111.47,2025-11,0.5,0.4434,15,30,157.4,120.0,1,0,2025-11-26,0.95,0.0,98.74999999999977,berlinda,1,1.0,2132.7200000000003,2072.7200000000003,5.612203820087426,35.24590163934426,Média,🟠 Abaixo precisa esforço,
RFL203,Florianopolis-Jurere_Longe-apartamento-JR-2Q,Carteira 1,SC,"Florianópolis, SC","Florianópolis, SC, Jurerê",0,1011,3146.24,21,3322.23,2025-11,0.5333,0.5,16,30,259.63,150.0,1,0,2025-11-26,0.95,0.0,175.99000000000024,berlinda,1,2.0,3296.24,3226.2349999999997,3.973009093289753,12.295081967213115,Baixa,🟠 Abaixo precisa esforço,
VBM1313,Sao_Paulo-Mariana-apartamento-SUP-1Q,Carteira 4_sys-price,SP,"São Paulo, SP","São Paulo, SP, Vila Clementino",0,394,3331.83,175,3677.1,2025-11,0.7667,0.6747,23,30,188.13,,0,0,2025-11-26,0.91,0.0,345.27,berlinda,0,0.0,,,,,Baixa,🔴 Abaixo inviável,
VST002,Especial-VST-casa-TOP-1Q,Carteira 5,SC,"Anitápolis, SC","Anitápolis, SC, Rio dos Pinheiros",2,488,3401.53,54,3642.14,2025-11,0.6429,0.2969,18,30,241.78,182.0,1,11,2025-11-26,0.93,483.56,240.60999999999967,berlinda,1,2.0,3583.53,3518.5378,6.011715639706318,40.98360655737705,Média,🟠 Abaixo precisa esforço,
WSH0208,Curitiba-Batel-apartamento-SUP-1Q,Carteira 4,PR,"Curitiba, PR","Curitiba, PR, Bigorrilho",0,162,3175.39,211,3745.1,2025-11,0.7333,0.6995,22,30,178.32,,0,0,2025-11-26,0.85,0.0,569.71,berlinda,0,0.0,,,,,Baixa,🔴 Abaixo inviável,
CCP0207,Florianopolis-Canasvieiras_Meio-apartamento-SUP-2Q,Carteira 1,SC,"Florianópolis, SC","Florianópolis, SC, Canasvieiras",0,267,2819.13,17,3065.74,2025-11,0.4667,0.5113,14,30,261.71,153.0,1,0,2025-11-26,0.92,0.0,246.60999999999967,berlinda,1,2.0,2972.13,2890.5351,6.153706772263785,41.80327868852459,Média,🟠 Abaixo precisa esforço,
CEC0404,Guarapari-Centro-apartamento-SUP-1Q,Carteira 4,ES,"Guarapari, ES","Guarapari, ES, Centro",0,8,1912.44,33,2316.33,2025-11,0.6,0.5691,18,30,130.06,122.5,2,0,2025-11-26,0.83,0.0,403.8899999999999,berlinda,2,4.0,2157.44,2059.44,5.339969369649401,33.19672131147541,Média,🟠 Abaixo precisa esforço,
ELF0607,Bombinhas-Bombas-apartamento-SUP-1Q,Especial,SC,"Bombinhas, SC","Bombinhas, SC, José Amândio",1,164,2847.82,45,3077.42,2025-11,0.4483,0.4996,13,30,248.38,403.0,4,24,2025-11-26,0.93,248.38,229.5999999999999,berlinda,4,1.0,4459.82,3570.4796,30.067004178825098,95.08196721311475,Crítico,🟢 Abaixo viável,
IAA0502,Recife-Boa_Viagem-apartamento-TOP-1Q,Carteira 2,PE,"Recife, PE","Recife, PE, Boa Viagem",0,598,4208.33,40,4981.09,2025-11,0.7667,0.8401,23,30,219.43,,0,0,2025-11-26,0.84,0.0,772.7600000000002,berlinda,0,0.0,,,,,Baixa,🔴 Abaixo inviável,
ISM0619,Sao_Paulo-Moema-apartamento-SUP-1Q,Carteira 4_sys-price,SP,"São Paulo, SP","São Paulo, SP, Indianópolis",0,152,3999.85,609,4291.44,2025-11,0.7667,0.706,23,30,211.96,160.0,1,0,2025-11-26,0.93,0.0,291.5899999999997,berlinda,1,2.0,4159.85,4122.522,5.435751169770531,34.83606557377049,Média,🟠 Abaixo precisa esforço,
NOR0204,Brasilia-Asa_Norte-apartamento-SUP-1Q,Carteira 1_sys-price,DF,"Brasília, DF","Brasília, DF, Asa Norte",2,767,3985.34,143,4217.09,2025-11,0.8929,0.831,25,30,185.84,,0,0,2025-11-26,0.95,371.68,231.75,berlinda,0,0.0,,,,,Baixa,🔴 Abaixo inviável,
NWT1217,Especial-NWT-apartamento-TOP-1Q,Carteira 5,AL,"Maceió, AL","Maceió, AL, Pajuçara",4,150,4299.69,43,5085.72,2025-11,0.6923,0.6669,18,30,296.67,,0,0,2025-11-26,0.85,1186.68,786.0300000000007,berlinda,0,0.0,,,,,Baixa,🔴 Abaixo inviável,
NWT1407,Especial-NWT-apartamento-TOP-1Q,Carteira 5,AL,"Maceió, AL","Maceió, AL, Pajuçara",0,78,4991.34,43,5085.72,2025-11,0.6333,0.6669,19,30,322.11,280.0,1,0,2025-11-26,0.98,0.0,94.38000000000011,berlinda,1,1.0,5271.34,5168.664,5.1961964087680865,31.147540983606557,Média,🟢 Abaixo viável,
PSO0301,Penha-Beto_Carrero-apartamento-SUP-1Q,Carteira 3,SC,"Penha, SC","Penha, SC, Praia de Armação do Itapocoroi",9,13,2213.02,18,2280.04,2025-11,0.7619,0.4976,16,30,168.13,,0,0,2025-11-26,0.97,1513.17,67.01999999999998,berlinda,0,0.0,,,,,Baixa,🔴 Abaixo inviável,
SCO0005,Florianopolis-Campeche-apartamento-JR-1Q,Carteira 1,SC,"Florianópolis, SC","Florianópolis, SC, Campeche",0,127,1987.76,27,2160.61,2025-11,0.5667,0.6529,17,30,138.41,144.0,2,0,2025-11-26,0.92,0.0,172.85000000000014,berlinda,2,2.0,2275.76,2150.9696,5.760039988706901,38.114754098360656,Média,🟠 Abaixo precisa esforço,
SPJ0502,Especial-SPJ-apartamento-TOP-1Q,Carteira 5,SC,"Florianópolis, SC","Florianópolis, SC, Jurerê",0,383,5854.65,17,6230.75,2025-11,0.8333,0.7162,25,30,296.4,,0,0,2025-11-26,0.94,0.0,376.10000000000036,berlinda,0,0.0,,,,,Baixa,🔴 Abaixo inviável,
ELU207,Florianopolis-Jurere_Tradicional-apartamento-TOP-1Q,Carteira 1,SC,"Florianópolis, SC","Florianópolis, SC, Jurerê",0,892,5960.02,20,6835.63,2025-11,0.7333,0.7118,22,30,370.82,450.0,1,0,2025-11-26,0.87,0.0,875.6099999999997,berlinda,1,2.0,6410.02,6290.005,28.821374182043193,94.67213114754098,Crítico,🟠 Abaixo precisa esforço,
JBV167,Especial-JBV-hotel-TOP-1Q,Especial,SC,"Florianópolis, SC","Florianópolis, SC, Jurerê",0,1121,10969.74,34,11660.99,2025-11,0.8,0.7597,24,30,540.13,,0,0,2025-11-26,0.94,0.0,691.25,berlinda,0,0.0,,,,,Baixa,🔴 Abaixo inviável,
JFM0101,Florianopolis-Beira_Mar-apartamento-JR-2Q,Carteira 4,SC,"Florianópolis, SC","Florianópolis, SC, Centro",0,117,5104.21,31,5466.26,2025-11,0.7667,0.7174,23,30,264.13,176.0,2,0,2025-11-26,0.93,0.0,362.0500000000002,berlinda,2,3.0,5456.21,5374.0884,3.8857036925917683,10.655737704918032,Baixa,🟠 Abaixo precisa esforço,
NWT0304,Especial-NWT-apartamento-TOP-1Q,Carteira 5,AL,"Maceió, AL","Maceió, AL, Pajuçara",3,347,4834.75,43,5085.72,2025-11,0.7407,0.6669,20,30,284.5,,0,0,2025-11-26,0.95,853.5,250.97000000000025,berlinda,0,0.0,,,,,Baixa,🔴 Abaixo inviável,
REK0001,Penha-Beto_Carrero-casa-JR-2Q,Carteira 3,SC,"Penha, SC","Penha, SC, Armação",0,66,2441.22,16,2527.09,2025-11,0.5667,0.5722,17,30,179.82,150.5,2,0,2025-11-26,0.97,0.0,85.87000000000035,berlinda,2,1.0,2742.22,2611.7967,5.113959138772285,27.86885245901639,Média,🟢 Abaixo viável,
ESR1912,Curitiba-Batel-apartamento-TOP-1Q,Carteira 4,PR,"Curitiba, PR","Curitiba, PR, Centro",0,656,4572.6,29,4629.1,2025-11,0.7667,0.5803,23,30,224.3,,0,0,2025-11-26,0.99,0.0,56.5,berlinda,0,0.0,,,,,Baixa,🔴 Abaixo inviável,
IHD0101,Florianopolis-Jurere_Longe-apartamento-TOP-2Q,Carteira 1,SC,"Florianópolis, SC","Florianópolis, SC, Jurerê Internacional",0,39,8890.92,15,9077.58,2025-11,0.7333,0.7038,22,30,476.68,,0,0,2025-11-26,0.98,0.0,186.65999999999985,berlinda,0,0.0,,,,,Baixa,🔴 Abaixo inviável,
NWT1123,Especial-NWT-apartamento-TOP-1Q,Carteira 5,AL,"Maceió, AL","Maceió, AL, Pajuçara",0,121,4459.13,43,5085.72,2025-11,0.5667,0.6669,17,30,301.06,,0,0,2025-11-26,0.88,0.0,626.5900000000001,berlinda,0,0.0,,,,,Baixa,🔴 Abaixo inviável,
OAG0507,Sao_Paulo-Pinheiros-apartamento-TOP-1Q,Carteira 4_sys-price,SP,"São Paulo, SP","São Paulo, SP, Cerqueira César",4,155,5062.02,282,5725.56,2025-11,0.8077,0.7536,21,30,297.05,200.0,1,0,2025-11-26,0.88,1188.2,663.54,berlinda,1,4.0,5262.02,5223.56,5.794542367908116,38.52459016393443,Média,🟠 Abaixo precisa esforço,
SPJ0302,Especial-SPJ-apartamento-TOP-1Q,Carteira 5,SC,"Florianópolis, SC","Florianópolis, SC, Jurerê",2,518,5959.34,17,6230.75,2025-11,0.8571,0.7162,24,30,324.79,,0,0,2025-11-26,0.96,649.58,271.40999999999985,berlinda,0,0.0,,,,,Baixa,🔴 Abaixo inviável,
THK0502,Sao_Paulo-Republica-apartamento-SUP-1Q,Carteira 4_sys-price,SP,"São Paulo, SP","São Paulo, SP, República",0,82,3193.04,473,3655.43,2025-11,0.8,0.773,24,30,156.92,136.0,1,0,2025-11-26,0.87,0.0,462.3899999999999,berlinda,1,4.0,3329.04,3301.84,4.3007963495402715,15.573770491803279,Baixa,🟠 Abaixo precisa esforço,
TRS0005,Penha-Beto_Carrero-casa-JR-1Q,Carteira 3,SC,"Penha, SC","Penha, SC, Armação",0,164,1875.83,29,2301.74,2025-11,0.6333,0.6778,19,30,119.58,126.0,2,0,2025-11-26,0.81,0.0,425.90999999999985,berlinda,2,4.0,2127.83,2035.4216,5.828705674837296,38.9344262295082,Média,🟠 Abaixo precisa esforço,
CED0107,Brasilia-Asa_Sul-apartamento-SUP-1Q,Carteira 1_sys-price,DF,"Brasília, DF","Brasília, DF, Setor Sudoeste",0,65,4005.24,141,4282.3,2025-11,0.8333,0.8603,25,30,206.84,145.0,1,0,2025-11-26,0.94,0.0,277.0600000000004,berlinda,1,2.0,4150.24,4126.068499999999,4.690668565957552,22.950819672131146,Média,🟠 Abaixo precisa esforço,
EBI0603,Curitiba-Jardim_Botanico-apartamento-SUP-1Q,Carteira 4,PR,"Curitiba, PR","Curitiba, PR, Prado Velho",0,170,3071.97,18,3388.74,2025-11,0.8667,0.7741,26,30,141.08,126.0,1,0,2025-11-26,0.91,0.0,316.77,berlinda,1,3.0,3197.97,3181.1742,3.926043308132226,11.065573770491802,Baixa,🟠 Abaixo precisa esforço,
IAA0503,Recife-Boa_Viagem-apartamento-TOP-1Q,Carteira 2,PE,"Recife, PE","Recife, PE, Boa Viagem",0,598,4904.26,40,4981.09,2025-11,0.8667,0.8401,26,30,225.0,,0,0,2025-11-26,0.98,0.0,76.82999999999993,berlinda,0,0.0,,,,,Baixa,🔴 Abaixo inviável,
SLI0715,Maceio-Ponta_Verde-apartamento-TOP-2Q,Carteira 2,AL,"Maceió, AL","Maceió, AL, Ponta Verde",0,264,5915.05,41,6700.13,2025-11,0.7667,0.8046,23,30,312.43,,0,0,2025-11-26,0.88,0.0,785.0799999999999,berlinda,0,0.0,,,,,Baixa,🔴 Abaixo inviável,
SMT0505,Salvador-Boca_do_Rio-apartamento-TOP-1Q,Carteira 2,BA,"Salvador, BA","Salvador, BA, Jardim Armação",0,87,3464.08,17,3694.67,2025-11,0.7,0.7248,21,30,206.24,161.5,2,0,2025-11-26,0.94,0.0,230.59000000000015,berlinda,2,2.0,3787.08,3690.18,5.039730882595742,26.639344262295083,Média,🟠 Abaixo precisa esforço,
VGT0004,Ilheus-Sul-apartamento-JR-2Q,Carteira 2,BA,"Ilhéus, BA","Ilhéus, BA, São Francisco",4,459,1354.69,16,1366.44,2025-11,0.5385,0.3929,14,30,117.21,122.0,2,5,2025-11-26,0.99,468.84,11.75,berlinda,2,1.0,1598.69,1486.084,1.0490764321887533,0.4098360655737705,Baixa,🟢 Abaixo viável,
LIV1006,Salvador-Graca-apartamento-TOP-1Q,Especial,BA,"Salvador, BA","Salvador, BA, Vitória",9,110,3589.29,16,3693.81,2025-11,0.9048,0.7188,19,30,291.89,182.0,1,0,2025-11-26,0.97,2627.0099999999998,104.51999999999998,berlinda,1,1.0,3771.29,3753.9636,5.1498696467874625,29.098360655737704,Média,🟢 Abaixo viável,
SJS0003,Florianopolis-Ingleses_Centro-apartamento-JR-1Q,Carteira 1,SC,"Florianópolis, SC","Florianópolis, SC, Ingleses do Rio Vermelho",0,306,2309.97,19,2656.73,2025-11,0.7,0.6165,21,30,140.95,117.0,3,0,2025-11-26,0.87,0.0,346.7600000000002,berlinda,3,3.0,2660.97,2555.6699999999996,5.090332852792722,27.049180327868854,Média,🟠 Abaixo precisa esforço,
CZZ0502,Urubici-Geral-apartamento-SUP-1Q,Especial,SC,"Urubici, SC","Urubici, SC, Centro",1,22,1609.54,54,1757.61,2025-11,0.2759,0.2394,8,30,230.38,142.0,4,0,2025-11-26,0.92,230.38,148.06999999999994,berlinda,4,2.0,2177.54,1766.2512,5.98140087960355,40.16393442622951,Média,🟢 Abaixo viável,
ECM204,Florianopolis-Lagoa-apartamento-SUP-1Q,Carteira 1,SC,"Florianópolis, SC","Florianópolis, SC, Lagoa da Conceição",2,1124,3138.36,26,3903.59,2025-11,0.75,0.7652,21,30,199.67,228.0,1,0,2025-11-26,0.8,399.34,765.23,berlinda,1,4.0,3366.36,3309.36,11.173845101560358,71.31147540983606,Alta,🟠 Abaixo precisa esforço,
LGR204,Florianopolis-Ingleses_Centro-apartamento-JR-1Q,Carteira 1,SC,"Florianópolis, SC","Florianópolis, SC, Ingleses do Rio Vermelho",0,1044,2377.34,19,2656.73,2025-11,0.6333,0.6165,19,30,145.95,119.25,4,0,2025-11-26,0.89,0.0,279.3899999999999,berlinda,4,3.0,2854.34,2679.4241,4.180233783636272,14.754098360655737,Baixa,🟢 Abaixo viável,
MBCA0302,Goiania-Leste-apartamento-TOP-1Q,Carteira 1_sys-price,GO,"Goiânia, GO","Goiânia, GO, Jardim Goiás",0,207,3851.93,20,3958.21,2025-11,0.8667,0.6405,26,30,185.04,,0,0,2025-11-26,0.97,0.0,106.2800000000002,berlinda,0,0.0,,,,,Baixa,🔴 Abaixo inviável,
NOA0919,Sao_Paulo-Santo_Amaro-apartamento-SUP-1Q,Carteira 4_sys-price,SP,"São Paulo, SP","São Paulo, SP, Santo Amaro",0,338,3530.84,157,4015.14,2025-11,0.5667,0.6758,17,30,256.88,313.0,1,13,2025-11-26,0.88,0.0,484.2999999999997,berlinda,1,2.0,3843.84,3708.2171000000003,18.876788854186895,88.9344262295082,Crítico,🟠 Abaixo precisa esforço,
RDD657,Florianopolis-Daniela-casa-JR-3Q,Carteira 1,SC,"Florianópolis, SC","Florianópolis, SC, Daniela",3,857,4299.35,9,4475.33,2025-11,0.4815,0.5833,13,30,496.92,326.5,4,0,2025-11-26,0.96,1490.76,175.97999999999956,berlinda,4,1.0,5605.35,4928.189,12.838711335253457,75.81967213114754,Alta,🟢 Abaixo viável,
UPP0517,Curitiba-Centro-apartamento-JR-1Q,Carteira 4,PR,"Curitiba, PR","Curitiba, PR, Alto da XV",0,29,2216.27,291,2530.45,2025-11,0.5667,0.7042,17,30,144.41,130.0,1,0,2025-11-26,0.88,0.0,314.17999999999984,berlinda,1,3.0,2346.27,2289.941,5.38025515883209,33.60655737704918,Média,🟠 Abaixo precisa esforço,
ILC2415,Especial-ILC-hotel-TOP-1Q,Especial,SC,"Florianópolis, SC","Florianópolis, SC, Jurerê Internacional",2,827,10921.71,30,11941.78,2025-11,0.7143,0.8051,20,30,672.4,,0,0,2025-11-26,0.91,1344.8,1020.0700000000015,berlinda,0,0.0,,,,,Baixa,🔴 Abaixo inviável,
PSO0306,Penha-Beto_Carrero-apartamento-SUP-1Q,Carteira 3,SC,"Penha, SC","Penha, SC, Praia de Armação do Itapocoroi",0,152,2263.92,18,2280.04,2025-11,0.3,0.4976,9,30,214.17,152.0,1,15,2025-11-26,0.99,0.0,16.11999999999989,berlinda,1,1.0,2415.92,2309.52,1.0746478131962525,0.819672131147541,Baixa,🟢 Abaixo viável,
RHL0302,Florianopolis-Ingleses_Centro-apartamento-TOP-3Q,Carteira 1,SC,"Florianópolis, SC","Florianópolis, SC, Ingleses do Rio Vermelho",8,271,5398.31,48,6473.82,2025-11,1.0,0.5209,22,30,302.05,,0,0,2025-11-26,0.83,2416.4,1075.5099999999993,berlinda,0,0.0,,,,,Baixa,🔴 Abaixo inviável,
SGA202,Florianopolis-Jurere_Longe-apartamento-JR-2Q,Carteira 1,SC,"Florianópolis, SC","Florianópolis, SC, Jurerê Internacional",2,1874,3108.83,21,3322.23,2025-11,0.5714,0.5,16,30,229.56,150.0,1,0,2025-11-26,0.94,459.12,213.4000000000001,berlinda,1,2.0,3258.83,3194.54,4.817547249889383,24.59016393442623,Média,🟠 Abaixo precisa esforço,
IBI307,Florianopolis-Jurere_Internacional-apartamento-TOP-1Q,Carteira 1,SC,"Florianópolis, SC","Florianópolis, SC, Jurerê Internacional",0,1452,5484.08,51,6604.5,2025-11,0.6333,0.6271,19,30,342.95,290.0,1,0,2025-11-26,0.83,0.0,1120.42,berlinda,1,4.0,5774.08,5667.737,12.299258081611024,74.18032786885246,Alta,🟠 Abaixo precisa esforço,
ILC2505,Especial-ILC-hotel-TOP-1Q,Especial,SC,"Florianópolis, SC","Florianópolis, SC, Jurerê Internacional",7,1282,10618.12,30,11941.78,2025-11,0.8696,0.8051,20,30,705.35,462.0,1,0,2025-11-26,0.89,4937.45,1323.6599999999999,berlinda,1,3.0,11080.12,11019.8752,17.06978691618837,86.88524590163934,Crítico,🟠 Abaixo precisa esforço,
ILC3209,Especial-ILC-hotel-TOP-1Q,Especial,SC,"Florianópolis, SC","Florianópolis, SC, Jurerê Internacional",0,1445,9887.43,30,11941.78,2025-11,0.6,0.8051,18,30,700.0,439.0,1,0,2025-11-26,0.83,0.0,2054.3500000000004,berlinda,1,5.0,10326.43,10150.83,15.104275074570126,81.14754098360656,Crítico,🟠 Abaixo precisa esforço,
NWT0618,Especial-NWT-apartamento-TOP-1Q,Carteira 5,AL,"Maceió, AL","Maceió, AL, Pajuçara",1,215,4369.35,43,5085.72,2025-11,0.6207,0.6669,18,30,279.56,250.0,1,0,2025-11-26,0.86,279.56,716.3699999999999,berlinda,1,3.0,4619.35,4524.525000000001,11.738259282854736,72.54098360655738,Alta,🟠 Abaixo precisa esforço,
VGZ0007,Imbituba-Praia_do_Rosa-casa-SUP-1Q,Carteira 6,SC,"Imbituba, SC","Imbituba, SC, Ibiraquera",9,620,2297.18,43,2861.36,2025-11,0.8095,0.4406,17,30,167.29,110.0,2,0,2025-11-26,0.8,1505.61,564.1800000000003,berlinda,2,6.0,2517.18,2475.27,3.614819526379066,9.426229508196721,Baixa,🟠 Abaixo precisa esforço,
VLE003,Bombinhas-Mariscal-apartamento-JR-2Q,Carteira 6,SC,"Bombinhas, SC","Bombinhas, SC, Mariscal",0,1494,1968.8,35,2428.26,2025-11,0.2333,0.385,7,30,262.71,198.0,4,26,2025-11-26,0.81,0.0,459.46000000000026,berlinda,4,3.0,2760.8,2153.5736,12.48810259197945,75.0,Alta,🟠 Abaixo precisa esforço,
OCB0204,Salvador-Barra-apartamento-SUP-1Q,Carteira 2,BA,"Salvador, BA","Salvador, BA, Barra",0,107,4074.6,213,4282.3,2025-11,0.8,0.7357,24,30,203.24,130.0,1,0,2025-11-26,0.95,0.0,207.70000000000027,berlinda,1,2.0,4204.6,4178.6,3.152628260514225,6.147540983606557,Baixa,🟠 Abaixo precisa esforço,
PLO0004,Jaguaruna-Camacho-apartamento-SUP-1Q,Carteira 6,SC,"Jaguaruna, SC","Jaguaruna, SC, Centro",2,39,1039.42,14,1077.87,2025-11,0.3571,0.2982,10,30,140.1,90.0,1,0,2025-11-26,0.96,280.2,38.44999999999982,berlinda,1,1.0,1129.42,1071.559,3.210498483119471,6.967213114754098,Baixa,🟠 Abaixo precisa esforço,
VST034,Especial-VST-casa-TOP-1Q,Carteira 5,SC,"Anitápolis, SC","Anitápolis, SC, Rio dos Pinheiros",2,234,3438.46,54,3642.14,2025-11,0.5357,0.2969,15,30,237.47,180.0,2,0,2025-11-26,0.94,474.94,203.67999999999984,berlinda,2,2.0,3798.46,3631.312,5.033084944565553,25.81967213114754,Média,🟠 Abaixo precisa esforço,
CEL1804,Goiania-Central-apartamento-SUP-1Q,Carteira 1_sys-price,GO,"Goiânia, GO","Goiânia, GO, Setor Bueno",0,85,2663.9,161,2625.65,2025-11,0.6667,0.5935,20,30,155.95,151.0,1,0,2025-11-26,1.01,0.0,-38.25,berlinda,1,-0.0,2814.9,2764.5717,,85.93155893536122,Risco Alto,🟡 Acima com risco,49.99999999999996
GBA908,Sao_Paulo-Campo_Belo-apartamento-SUP-1Q,Carteira 4_sys-price,SP,"São Paulo, SP","São Paulo, SP, Campo Belo",0,172,3788.06,65,3774.75,2025-11,0.8,0.8271,24,30,182.17,130.0,1,0,2025-11-26,1.0,0.0,-13.309999999999945,berlinda,1,-0.0,3918.06,3892.06,,92.77566539923954,Risco Alto,🟡 Acima com risco,99.99999999999991
ILC1313,Especial-ILC-hotel-JR-1Q,Especial,SC,"Florianópolis, SC","Florianópolis, SC, Jurerê Internacional",0,1628,11330.44,17,10796.7,2025-11,0.8333,0.6813,25,30,569.64,,0,0,2025-11-26,1.05,0.0,-533.7399999999998,berlinda,0,0.0,,,,22.813688212927758,Risco Baixo,🟡 Acima sem ação,0.0
ILC3404,Especial-ILC-hotel-JR-1Q,Especial,SC,"Florianópolis, SC","Florianópolis, SC, Jurerê Internacional",0,1688,11100.59,17,10796.7,2025-11,0.7667,0.6813,23,30,611.35,,0,0,2025-11-26,1.03,0.0,-303.8899999999994,berlinda,0,0.0,,,,22.813688212927758,Risco Baixo,🟡 Acima sem ação,0.0
LOF1405,Sao_Paulo-Pinheiros-apartamento-SUP-1Q,Carteira 4_sys-price,SP,"São Paulo, SP","São Paulo, SP, Pinheiros",0,166,5142.99,429,4778.7,2025-11,0.9333,0.7276,28,30,233.29,,0,0,2025-11-26,1.08,0.0,-364.28999999999996,berlinda,0,0.0,,,,22.813688212927758,Risco Baixo,🟡 Acima sem ação,0.0
SPT0501,Blumenau-Central-apartamento-JR-1Q,Carteira 4,SC,"Blumenau, SC","Blumenau, SC, Itoupava Seca",0,521,973.52,42,954.13,2025-11,0.3667,0.3731,11,30,100.0,,0,27,2025-11-26,1.02,0.0,-19.389999999999986,berlinda,0,0.0,,,,22.813688212927758,Risco Baixo,🟡 Acima sem ação,0.0
SSG0304,Florianopolis-UFSC-apartamento-TOP-1Q,Carteira 4,SC,"Florianópolis, SC","Florianópolis, SC, Córrego Grande",4,737,3672.96,17,3684.75,2025-11,0.8077,0.7086,21,30,218.76,,0,0,2025-11-26,1.0,875.04,11.789999999999964,berlinda,0,0.0,,,,22.813688212927758,Risco Baixo,🟡 Acima sem ação,0.0
VAC0704,Barra_Velha-Tabuleiro-apartamento-TOP-2Q,Carteira 3,SC,"Barra Velha, SC","Barra Velha, SC, Itajubá",0,29,1993.97,56,1921.2,2025-11,0.3333,0.3746,10,30,216.1,189.0,4,0,2025-11-26,1.04,0.0,-72.76999999999998,berlinda,4,-0.0,2749.9700000000003,2245.9448,,90.30418250950571,Risco Alto,🟡 Acima com risco,79.99999999999993
RGF0711,Salvador-Flamengo-apartamento-TOP-1Q,Carteira 2,BA,"Salvador, BA","Salvador, BA, Itapuã",0,93,3742.95,33,3562.1,2025-11,0.8333,0.6897,25,30,188.28,,0,0,2025-11-26,1.05,0.0,-180.8499999999999,berlinda,0,0.0,,,,22.813688212927758,Risco Baixo,🟡 Acima sem ação,0.0
JBV276,Especial-JBV-hotel-JR-1Q,Especial,SC,"Florianópolis, SC","Florianópolis, SC, Jurerê",0,1065,11494.14,26,10509.34,2025-11,0.8,0.732,24,30,666.88,,0,0,2025-11-26,1.09,0.0,-984.7999999999993,berlinda,0,0.0,,,,22.813688212927758,Risco Baixo,🟡 Acima sem ação,0.0
ALT0402,Gramado-Geral-apartamento-TOP-3Q,Carteira 4,RS,"Gramado, RS","Gramado, RS, Tres Pinheiros",6,142,7657.54,18,7575.41,2025-11,0.9167,0.5721,22,30,482.18,,0,0,2025-11-26,1.01,2893.08,-82.13000000000011,berlinda,0,0.0,,,,22.813688212927758,Risco Baixo,🟡 Acima sem ação,0.0
BLI1801,Goiania-Sul-apartamento-TOP-2Q,Carteira 1_sys-price,GO,"Goiânia, GO","Goiânia, GO, Setor Bela Vista",0,361,4034.75,58,3986.32,2025-11,0.6,0.4853,18,30,304.11,232.5,4,0,2025-11-26,1.01,0.0,-48.429999999999836,berlinda,4,-0.0,4964.75,4592.75,,97.90874524714829,Risco Alto,🟡 Acima com risco,199.99999999999983
GTR0301,Balneario_Camboriu-Intermediario-apartamento-TOP-3Q,Carteira 6,SC,"Balneário Camboriú, SC","Balneário Camboriú, SC, Centro",8,72,5923.16,32,5765.39,2025-11,0.9091,0.5829,20,30,384.3,,0,0,2025-11-26,1.03,3074.4,-157.76999999999953,berlinda,0,0.0,,,,22.813688212927758,Risco Baixo,🟡 Acima sem ação,0.0
NWT0315,Especial-NWT-apartamento-TOP-1Q,Carteira 5,AL,"Maceió, AL","Maceió, AL, Pajuçara",1,186,5442.19,43,5085.72,2025-11,0.7586,0.6669,22,30,300.27,,0,0,2025-11-26,1.07,300.27,-356.46999999999935,berlinda,0,0.0,,,,22.813688212927758,Risco Baixo,🟡 Acima sem ação,0.0
THK0202,Sao_Paulo-Republica-apartamento-SUP-1Q,Carteira 4_sys-price,SP,"São Paulo, SP","São Paulo, SP, República",0,556,3868.08,473,3655.43,2025-11,0.9333,0.773,28,30,191.79,130.0,1,0,2025-11-26,1.06,0.0,-212.6500000000001,berlinda,1,-1.0,3998.08,3989.409,,56.65399239543726,Risco Médio,🟡 Acima com risco,14.285714285714272
VFR505,Bombinhas-Bombas-apartamento-TOP-1Q,Especial,SC,"Bombinhas, SC","Bombinhas, SC, Bombas",8,754,2849.11,93,2732.89,2025-11,0.5909,0.4215,13,30,244.77,,0,14,2025-11-26,1.04,1958.16,-116.22000000000025,berlinda,0,0.0,,,,22.813688212927758,Risco Baixo,🟡 Acima sem ação,0.0
JPR211,Especial-JPR-apartamento-TOP-1Q,Carteira 1,SC,"Florianópolis, SC","Florianópolis, SC, Jurerê",0,992,6563.7,18,6452.9,2025-11,0.8,0.7103,24,30,335.37,324.0,1,0,2025-11-26,1.02,0.0,-110.80000000000018,berlinda,1,-0.0,6887.7,6822.9,,77.3764258555133,Risco Médio,🟡 Acima com risco,33.33333333333331
MRV0001,Imbituba-Praia_do_Rosa-casa-SUP-3Q,Carteira 6,SC,"Imbituba, SC","Imbituba, SC, Praia do Rosa",10,407,4529.73,22,4269.62,2025-11,0.75,0.3898,15,30,367.2,,0,0,2025-11-26,1.06,3672.0,-260.1099999999997,berlinda,0,0.0,,,,22.813688212927758,Risco Baixo,🟡 Acima sem ação,0.0
NWT0903,Especial-NWT-apartamento-TOP-1Q,Carteira 5,AL,"Maceió, AL","Maceió, AL, Pajuçara",1,219,5347.34,43,5085.72,2025-11,0.7931,0.6669,23,30,271.57,270.5,2,0,2025-11-26,1.05,271.57,-261.6199999999999,berlinda,2,-0.0,5888.34,5776.4071,,77.3764258555133,Risco Médio,🟡 Acima com risco,33.33333333333331
RCX1807,Itajai-Praia_Brava-apartamento-MASTER-2Q,Carteira 6,SC,"Itajaí, SC","Itajaí, SC, Praia Brava",0,261,6974.58,14,6922.51,2025-11,0.8333,0.6914,25,30,338.0,250.0,1,9,2025-11-26,1.01,0.0,-52.06999999999971,berlinda,1,-0.0,7224.58,7182.905,,85.93155893536122,Risco Alto,🟡 Acima com risco,49.99999999999996
TSF1302,Balneario_Camboriu-Sul-apartamento-SUP-3Q,Carteira 6,SC,"Balneário Camboriú, SC","Balneário Camboriú, SC, Centro",5,345,4846.47,90,4414.18,2025-11,0.64,0.5173,16,30,293.55,,0,0,2025-11-26,1.1,1467.75,-432.28999999999996,berlinda,0,0.0,,,,22.813688212927758,Risco Baixo,🟡 Acima sem ação,0.0
EGC001,Urubici-Geral-casa-SUP-1Q,Carteira 3,SC,"Urubici, SC","Urubici, SC, Centro",0,772,1890.22,51,1787.7,2025-11,0.4,0.242,12,30,176.5,153.0,1,0,2025-11-26,1.06,0.0,-102.51999999999998,berlinda,1,-0.0,2043.22,1951.42,,56.65399239543726,Risco Médio,🟡 Acima com risco,14.285714285714272
MHF1106,Itapema-Canto_Praia-apartamento-TOP-1Q,Carteira 5,SC,"Itapema, SC","Itapema, SC, Centro",0,239,3606.33,19,3496.4,2025-11,0.6333,0.5911,19,30,217.89,,0,0,2025-11-26,1.03,0.0,-109.92999999999984,berlinda,0,0.0,,,,22.813688212927758,Risco Baixo,🟡 Acima sem ação,0.0
PKS0205,Guara-Geral-apartamento-SUP-1Q,Carteira 1,DF,"Brasília, DF","Brasília, DF, Asa Norte",1,253,4510.11,34,4485.47,2025-11,0.931,0.8221,27,30,216.74,,0,0,2025-11-26,1.01,216.74,-24.639999999999418,berlinda,0,0.0,,,,22.813688212927758,Risco Baixo,🟡 Acima sem ação,0.0
CQS0004,Camaçari-Itacimirim-apartamento-SUP-2Q,Carteira 2,BA,"Camaçari, BA","Camaçari, BA, Itacimirim",1,222,2923.79,27,2802.96,2025-11,0.4483,0.4255,13,30,257.38,236.75,4,0,2025-11-26,1.04,257.38,-120.82999999999993,berlinda,4,-0.0,3870.79,3348.3301,,90.30418250950571,Risco Alto,🟡 Acima com risco,79.99999999999993
CVB0144,Marau-Barra_Grande-casa-SUP-3Q,Carteira 2,BA,"Maraú, BA","Maraú, BA, Barra Grande",3,477,3235.32,8,3087.15,2025-11,0.2593,0.2045,7,30,492.86,,0,1,2025-11-26,1.05,1478.58,-148.17000000000007,berlinda,0,0.0,,,,22.813688212927758,Risco Baixo,🟡 Acima sem ação,0.0
RMM0206,Florianopolis-Ingleses_Centro-apartamento-SUP-2Q,Carteira 1,SC,"Florianópolis, SC","Florianópolis, SC, Ingleses do Rio Vermelho",0,31,2386.4,30,2233.61,2025-11,0.3667,0.4352,11,30,214.33,204.75,4,0,2025-11-26,1.07,0.0,-152.78999999999996,berlinda,4,-0.0,3205.4,2686.7273,,85.93155893536122,Risco Alto,🟡 Acima com risco,49.99999999999996
SYH334,Joao_Pessoa-Cabo_Branco-apartamento-TOP-1Q,Carteira 2,PB,"João Pessoa, PB","João Pessoa, PB, Cabo Branco",0,303,5290.86,48,5285.3,2025-11,0.8333,0.7159,25,30,254.52,198.0,1,0,2025-11-26,1.0,0.0,-5.559999999999491,berlinda,1,-0.0,5488.86,5455.8534,,92.77566539923954,Risco Alto,🟡 Acima com risco,99.99999999999991
NWT0915,Especial-NWT-apartamento-TOP-1Q,Carteira 5,AL,"Maceió, AL","Maceió, AL, Pajuçara",2,221,5484.67,43,5085.72,2025-11,0.7857,0.6669,22,30,296.68,,0,0,2025-11-26,1.08,593.36,-398.9499999999998,berlinda,0,0.0,,,,22.813688212927758,Risco Baixo,🟡 Acima sem ação,0.0
RVN2003,Itapema-Praia_Centro-apartamento-SUP-2Q,Carteira 6,SC,"Itapema, SC","Itapema, SC, Tabuleiro dos Oliveiras",2,331,3584.16,21,3260.39,2025-11,1.0,0.5051,28,30,160.43,,0,0,2025-11-26,1.1,320.86,-323.77,berlinda,0,0.0,,,,22.813688212927758,Risco Baixo,🟡 Acima sem ação,0.0
TCO0914,Porto_Alegre-Centro_Historico-apartamento-SUP-1Q,Carteira 4,RS,"Porto Alegre, RS","Porto Alegre, RS, Centro Histórico",1,491,2602.2,79,2397.11,2025-11,0.8621,0.633,25,30,124.68,120.0,1,0,2025-11-26,1.09,124.68,-205.0899999999997,berlinda,1,-1.0,2722.2,2705.652,,47.338403041825096,Risco Baixo,🟡 Acima com risco,9.999999999999991
CFA0508,Florianopolis-Centrao-apartamento-JR-1Q,Carteira 4,SC,"Florianópolis, SC","Florianópolis, SC, Centro",0,50,3657.19,73,3552.69,2025-11,0.9667,0.6613,29,30,163.07,113.0,1,0,2025-11-26,1.03,0.0,-104.5,berlinda,1,-0.0,3770.19,3766.4271,,71.10266159695817,Risco Médio,🟡 Acima com risco,24.99999999999998
NWT0418,Especial-NWT-apartamento-TOP-1Q,Carteira 5,AL,"Maceió, AL","Maceió, AL, Pajuçara",0,310,5335.01,43,5085.72,2025-11,0.6333,0.6669,19,30,362.63,301.0,2,0,2025-11-26,1.05,0.0,-249.28999999999996,berlinda,2,-0.0,5937.01,5716.256600000001,,77.3764258555133,Risco Médio,🟡 Acima com risco,33.33333333333331
RFA303,Porto_Alegre-Santana-apartamento-SUP-1Q,Carteira 4,RS,"Porto Alegre, RS","Porto Alegre, RS, Santo Antônio",0,423,2449.29,77,2359.16,2025-11,0.7,0.5456,21,30,142.48,130.0,1,0,2025-11-26,1.04,0.0,-90.13000000000011,berlinda,1,-0.0,2579.29,2540.29,,65.5893536121673,Risco Médio,🟡 Acima com risco,19.999999999999982
RRI103,Florianopolis-Centrao-apartamento-TOP-2Q,Carteira 4,SC,"Florianópolis, SC","Florianópolis, SC, Centro",7,761,5734.67,26,5668.44,2025-11,0.7826,0.5887,18,30,381.28,,0,0,2025-11-26,1.01,2668.96,-66.23000000000047,berlinda,0,0.0,,,,22.813688212927758,Risco Baixo,🟡 Acima sem ação,0.0
SVN0401,Florianopolis-Ingleses_Centro-apartamento-TOP-3Q,Carteira 1,SC,"Florianópolis, SC","Florianópolis, SC, Ingleses do Rio Vermelho",4,683,6533.91,48,6473.82,2025-11,0.5769,0.5209,15,30,504.27,,0,18,2025-11-26,1.01,2017.08,-60.090000000000146,berlinda,0,0.0,,,,22.813688212927758,Risco Baixo,🟡 Acima sem ação,0.0
EOX0705,Florianopolis-Centrao-apartamento-JR-1Q,Carteira 4,SC,"Florianópolis, SC","Florianópolis, SC, Centro",0,50,3742.17,73,3552.69,2025-11,0.9333,0.6613,28,30,152.86,,0,0,2025-11-26,1.05,0.0,-189.48000000000002,berlinda,0,0.0,,,,22.813688212927758,Risco Baixo,🟡 Acima sem ação,0.0
CNU202,Florianopolis-Ingleses_Norte-apartamento-JR-2Q,Carteira 1,SC,"Florianópolis, SC","Florianópolis, SC, Ingleses do Rio Vermelho",0,1187,2062.97,37,1946.5,2025-11,0.4,0.457,12,30,231.42,171.0,1,0,2025-11-26,1.06,0.0,-116.4699999999998,berlinda,1,-0.0,2233.97,2131.37,,56.65399239543726,Risco Médio,🟡 Acima com risco,14.285714285714272
SDP0206,Florianopolis-Ingleses_Praia-apartamento-SUP-2Q,Carteira 1,SC,"Florianópolis, SC","Florianópolis, SC, Ingleses do Rio Vermelho",2,946,3466.61,57,3264.0,2025-11,0.4643,0.4861,13,30,366.77,252.0,1,0,2025-11-26,1.06,733.54,-202.61000000000013,berlinda,1,-0.0,3718.61,3583.6136,,56.65399239543726,Risco Médio,🟡 Acima com risco,14.285714285714272
TCO1014,Porto_Alegre-Centro_Historico-apartamento-SUP-1Q,Carteira 4,RS,"Porto Alegre, RS","Porto Alegre, RS, Centro Histórico",0,572,2548.93,79,2397.11,2025-11,0.6333,0.633,19,30,139.48,,0,0,2025-11-26,1.06,0.0,-151.8199999999997,berlinda,0,0.0,,,,22.813688212927758,Risco Baixo,🟡 Acima sem ação,0.0
IAA0504,Recife-Boa_Viagem-apartamento-TOP-1Q,Carteira 2,PE,"Recife, PE","Recife, PE, Boa Viagem",0,598,5008.4,40,4981.09,2025-11,0.9,0.8401,27,30,224.93,162.0,1,0,2025-11-26,1.01,0.0,-27.30999999999949,berlinda,1,-0.0,5170.4,5154.2,,85.93155893536122,Risco Alto,🟡 Acima com risco,49.99999999999996
ITFA039,Mata_de_Sao_Joao-Praia_Imbassai-apartamento-SUP-2Q,Carteira 2,BA,"Mata de São João, BA","Mata de São João, BA, Açu da Torre",1,516,4705.49,16,4319.28,2025-11,0.8276,0.6188,24,30,240.29,189.0,2,0,2025-11-26,1.09,240.29,-386.21000000000004,berlinda,2,-2.0,5083.49,5018.3228,,65.5893536121673,Risco Médio,🟡 Acima com risco,19.999999999999982
MOL0502,Sao_Paulo-Liberdade-apartamento-SUP-1Q,Carteira 4_sys-price,SP,"São Paulo, SP","São Paulo, SP, Liberdade",2,439,3735.11,83,3625.84,2025-11,0.75,0.7274,21,30,213.52,,0,0,2025-11-26,1.03,427.04,-109.26999999999998,berlinda,0,0.0,,,,22.813688212927758,Risco Baixo,🟡 Acima sem ação,0.0
SKL1003,Penha-Praia-apartamento-SUP-2Q,Carteira 6,SC,"Penha, SC","Penha, SC, Armação",0,37,4002.91,55,3663.31,2025-11,0.7,0.5078,21,30,290.95,196.0,1,0,2025-11-26,1.09,0.0,-339.5999999999999,berlinda,1,-1.0,4198.91,4140.11,,47.338403041825096,Risco Baixo,🟡 Acima com risco,9.999999999999991
CNB009,Especial-CNB-casa-TOP-1Q,Especial,SP,"Campos do Jordão, SP","Campos do Jordão, SP, Jardim Europa",1,591,5878.18,18,5768.45,2025-11,0.3793,0.6372,11,30,666.36,628.0,2,8,2025-11-26,1.02,666.36,-109.73000000000047,berlinda,2,-0.0,7134.18,6354.580800000001,,88.97338403041825,Risco Alto,🟡 Acima com risco,66.66666666666661
VST037,Especial-VST-casa-TOP-1Q,Carteira 5,SC,"Anitápolis, SC","Anitápolis, SC, Rio dos Pinheiros",1,123,3876.26,54,3642.14,2025-11,0.5517,0.2969,16,30,298.75,180.0,2,0,2025-11-26,1.06,298.75,-234.12000000000035,berlinda,2,-1.0,4236.26,4074.8720000000003,,73.19391634980988,Risco Médio,🟡 Acima com risco,28.571428571428545
JPR201,Especial-JPR-apartamento-TOP-1Q,Carteira 1,SC,"Florianópolis, SC","Florianópolis, SC, Jurerê",0,1270,6606.23,18,6452.9,2025-11,0.6333,0.7103,19,30,397.89,324.0,1,0,2025-11-26,1.02,0.0,-153.32999999999993,berlinda,1,-0.0,6930.23,6811.419199999999,,77.3764258555133,Risco Médio,🟡 Acima com risco,33.33333333333331
POR0017,Brasilia-Asa_Sul-apartamento-SUP-1Q,Carteira 1_sys-price,DF,"Brasília, DF","Brasília, DF, Setor Sudoeste",3,144,4336.15,141,4282.3,2025-11,0.8519,0.8603,23,30,234.43,,0,0,2025-11-26,1.01,703.29,-53.849999999999454,berlinda,0,0.0,,,,22.813688212927758,Risco Baixo,🟡 Acima sem ação,0.0
MGI025,Porto_Seguro-Pitinga-casa-SUP-2Q,Carteira 2,BA,"Porto Seguro, BA","Porto Seguro, BA, Arraial DAjuda",2,207,4471.46,11,4379.63,2025-11,0.25,0.4585,7,30,642.86,600.0,4,0,2025-11-26,1.02,1285.72,-91.82999999999993,berlinda,4,-0.0,6871.46,5071.46,,95.62737642585552,Risco Alto,🟡 Acima com risco,133.33333333333323
AIR1507,Porto_Alegre-Menino_Deus-apartamento-TOP-1Q,Carteira 4,RS,"Porto Alegre, RS","Porto Alegre, RS, Praia de Belas",2,639,3686.8,29,3365.01,2025-11,0.4286,0.623,12,30,362.25,,0,27,2025-11-26,1.1,724.5,-321.78999999999996,berlinda,0,0.0,,,,22.813688212927758,Risco Baixo,🟡 Acima sem ação,0.0
RFO0102,Bombinhas-Centro-apartamento-TOP-2Q,Carteira 6,SC,"Bombinhas, SC","Bombinhas, SC, Centro",1,508,4775.56,28,4548.14,2025-11,0.931,0.5167,27,30,237.89,150.0,1,0,2025-11-26,1.05,237.89,-227.42000000000007,berlinda,1,-1.0,4925.56,4915.21,,60.836501901140686,Risco Médio,🟡 Acima com risco,16.666666666666654
NRR128,Balneario_Camboriu-Intermediario-casa-JR-3Q,Carteira 6,SC,"Balneário Camboriú, SC","Balneário Camboriú, SC, Centro",8,890,3082.64,20,3038.95,2025-11,0.9091,0.5312,20,30,177.2,,0,0,2025-11-26,1.01,1417.6,-43.690000000000055,berlinda,0,0.0,,,,22.813688212927758,Risco Baixo,🟡 Acima sem ação,0.0
TPS207,Florianopolis-Canasvieiras_Meio-apartamento-TOP-1Q,Carteira 1,SC,"Florianópolis, SC","Florianópolis, SC, Canasvieiras",0,1030,4116.95,28,4125.61,2025-11,0.7667,0.596,23,30,223.61,225.0,4,0,2025-11-26,1.0,0.0,8.659999999999854,berlinda,4,1.0,5016.95,4806.98,,100.0,Risco Alto,🟡 Acima com risco,399.99999999999966
NWT0613,Especial-NWT-apartamento-TOP-1Q,Carteira 5,AL,"Maceió, AL","Maceió, AL, Pajuçara",1,215,5547.55,43,5085.72,2025-11,0.7586,0.6669,22,30,292.68,313.5,2,0,2025-11-26,1.09,292.68,-461.8299999999999,berlinda,2,-1.0,6174.55,6023.1922,,65.5893536121673,Risco Médio,🟡 Acima com risco,19.999999999999982
NWT1320,Especial-NWT-apartamento-TOP-1Q,Carteira 5,AL,"Maceió, AL","Maceió, AL, Pajuçara",3,72,5282.15,43,5085.72,2025-11,0.7407,0.6669,20,30,338.5,280.0,1,0,2025-11-26,1.04,1015.5,-196.42999999999938,berlinda,1,-0.0,5562.15,5489.545999999999,,65.5893536121673,Risco Médio,🟡 Acima com risco,19.999999999999982
PSD301,Florianopolis-Jurere_Tradicional-apartamento-SIM-2Q,Carteira 1,SC,"Florianópolis, SC","Florianópolis, SC, Jurerê",1,1990,3132.15,23,3017.5,2025-11,0.5172,0.502,15,30,254.13,176.0,1,0,2025-11-26,1.04,254.13,-114.65000000000009,berlinda,1,-0.0,3308.15,3223.1772,,65.5893536121673,Risco Médio,🟡 Acima com risco,19.999999999999982
SCE114,Brasilia-Asa_Norte-apartamento-SUP-1Q,Carteira 1_sys-price,DF,"Brasília, DF","Brasília, DF, Asa Norte",0,596,4448.69,143,4217.09,2025-11,0.9667,0.831,29,30,180.24,204.0,1,0,2025-11-26,1.05,0.0,-231.59999999999945,berlinda,1,-1.0,4652.69,4645.8967999999995,,60.836501901140686,Risco Médio,🟡 Acima com risco,16.666666666666654
NFE1544,Curitiba-Centro-apartamento-SUP-1Q,Carteira 4,PR,"Curitiba, PR","Curitiba, PR, Centro",0,185,3180.61,517,2946.51,2025-11,0.7,0.69,21,30,166.87,,0,0,2025-11-26,1.08,0.0,-234.0999999999999,berlinda,0,0.0,,,,22.813688212927758,Risco Baixo,🟡 Acima sem ação,0.0
JBV464,Especial-JBV-hotel-JR-1Q,Especial,SC,"Florianópolis, SC","Florianópolis, SC, Jurerê",0,793,10913.06,26,10509.34,2025-11,0.8667,0.732,26,30,533.5,,0,0,2025-11-26,1.04,0.0,-403.71999999999935,berlinda,0,0.0,,,,22.813688212927758,Risco Baixo,🟡 Acima sem ação,0.0
OKA139,Florianopolis-Campeche-apartamento-SUP-1Q,Carteira 1,SC,"Florianópolis, SC","Florianópolis, SC, Campeche",0,779,3317.42,28,3106.87,2025-11,0.6,0.695,18,30,228.11,191.0,2,0,2025-11-26,1.07,0.0,-210.55000000000018,berlinda,2,-1.0,3699.42,3546.62,,71.10266159695817,Risco Médio,🟡 Acima com risco,24.99999999999998
SHT1701,Aguas_Claras-Geral-apartamento-JR-1Q,Carteira 1_sys-price,DF,"Brasília, DF","Brasília, DF, Águas Claras",0,344,3110.57,100,2913.42,2025-11,0.6667,0.7918,20,30,167.4,177.0,3,0,2025-11-26,1.07,0.0,-197.1500000000001,berlinda,3,-1.0,3641.57,3464.5877,,81.36882129277566,Risco Alto,🟡 Acima com risco,37.49999999999997
CCA201,Florianopolis-Canajure-apartamento-SUP-3Q,Carteira 1,SC,"Florianópolis, SC","Florianópolis, SC, Canasvieiras",6,1988,6136.76,15,5836.53,2025-11,0.7917,0.6685,19,30,533.58,278.0,1,0,2025-11-26,1.05,3201.4800000000005,-300.2300000000005,berlinda,1,-1.0,6414.76,6356.8526,,60.836501901140686,Risco Médio,🟡 Acima com risco,16.666666666666654
VTD0126,Florianopolis-UFSC-apartamento-SUP-1Q,Carteira 4,SC,"Florianópolis, SC","Florianópolis, SC, Trindade",2,23,3872.03,46,3534.63,2025-11,0.8929,0.7027,25,30,216.68,123.0,1,0,2025-11-26,1.1,433.36,-337.4000000000001,berlinda,1,-2.0,3995.03,3981.8567000000003,,46.00760456273764,Risco Baixo,🟡 Acima com risco,9.090909090909083
PAN0301,Salvador-Barra-apartamento-SUP-2Q,Carteira 2,BA,"Salvador, BA","Salvador, BA, Barra",6,414,5217.57,29,4906.62,2025-11,1.0,0.7745,24,30,269.38,,0,0,2025-11-26,1.06,1616.28,-310.9499999999998,berlinda,0,0.0,,,,22.813688212927758,Risco Baixo,🟡 Acima sem ação,0.0
TCO0709,Porto_Alegre-Centro_Historico-apartamento-SUP-1Q,Carteira 4,RS,"Porto Alegre, RS","Porto Alegre, RS, Centro Histórico",0,274,2579.4,79,2397.11,2025-11,0.7667,0.633,23,30,128.0,,0,0,2025-11-26,1.08,0.0,-182.28999999999996,berlinda,0,0.0,,,,22.813688212927758,Risco Baixo,🟡 Acima sem ação,0.0
TXP1803,Goiania-Central-apartamento-SUP-1Q,Carteira 1_sys-price,GO,"Goiânia, GO","Goiânia, GO, Setor Bueno",1,471,2811.0,161,2625.65,2025-11,0.7586,0.5935,22,30,150.55,162.0,1,0,2025-11-26,1.07,150.55,-185.3499999999999,berlinda,1,-1.0,2973.0,2933.8932,,52.851711026615966,Risco Médio,🟡 Acima com risco,12.49999999999999
IAB109,Camaçari-Itacimirim-apartamento-SUP-2Q,Carteira 2,BA,"Camaçari, BA","Camaçari, BA, Itacimirim",2,641,2997.37,27,2802.96,2025-11,0.25,0.4255,7,30,500.0,500.0,4,30,2025-11-26,1.07,1000.0,-194.40999999999985,berlinda,4,-0.0,4997.37,3497.37,,85.93155893536122,Risco Alto,🟡 Acima com risco,49.99999999999996
MMD0605,Ilheus-Sul-apartamento-SUP-2Q,Carteira 2,BA,"Ilhéus, BA","Ilhéus, BA, São Francisco",0,46,2839.42,39,2778.63,2025-11,0.6333,0.4133,19,30,198.74,169.0,1,0,2025-11-26,1.02,0.0,-60.789999999999964,berlinda,1,-0.0,3008.42,2946.4477,,77.3764258555133,Risco Médio,🟡 Acima com risco,33.33333333333331
CNT303,Florianopolis-UFSC-apartamento-SUP-1Q,Carteira 4,SC,"Florianópolis, SC","Florianópolis, SC, Trindade",0,639,3707.46,46,3534.63,2025-11,0.9333,0.7027,28,30,181.29,,0,0,2025-11-26,1.05,0.0,-172.82999999999993,berlinda,0,0.0,,,,22.813688212927758,Risco Baixo,🟡 Acima sem ação,0.0
RGP208,Florianopolis-Jurere_Tradicional-apartamento-JR-2Q,Carteira 1,SC,"Florianópolis, SC","Florianópolis, SC, Jurerê",0,1484,4002.55,29,3893.0,2025-11,0.4333,0.6347,13,30,361.69,262.67,3,0,2025-11-26,1.03,0.0,-109.55000000000018,berlinda,3,-0.0,4790.56,4343.994733,,89.73384030418251,Risco Alto,🟡 Acima com risco,74.99999999999994
TPS306,Florianopolis-Canasvieiras_Meio-apartamento-TOP-1Q,Carteira 1,SC,"Florianópolis, SC","Florianópolis, SC, Canasvieiras",1,995,4497.01,28,4125.61,2025-11,0.7931,0.596,23,30,250.96,,0,0,2025-11-26,1.09,250.96,-371.40000000000055,berlinda,0,0.0,,,,22.813688212927758,Risco Baixo,🟡 Acima sem ação,0.0
LIV0512,Salvador-Graca-apartamento-TOP-1Q,Especial,BA,"Salvador, BA","Salvador, BA, Vitória",0,120,3919.59,16,3693.81,2025-11,0.8,0.7188,24,30,233.62,227.0,1,0,2025-11-26,1.06,0.0,-225.7800000000002,berlinda,1,-0.0,4146.59,4101.1900000000005,,56.65399239543726,Risco Médio,🟡 Acima com risco,14.285714285714272
AAR0101,Florianopolis-Campeche_Praia-apartamento-JR-1Q,Carteira 1,SC,"Florianópolis, SC","Florianópolis, SC, Campeche",1,134,1863.88,19,1768.4,2025-11,0.4828,0.5592,14,30,164.29,171.0,2,0,2025-11-26,1.05,164.29,-95.48000000000002,berlinda,2,-0.0,2205.88,2028.9976000000001,,77.3764258555133,Risco Médio,🟡 Acima com risco,33.33333333333331
ILC2310,Especial-ILC-hotel-TOP-1Q,Especial,SC,"Florianópolis, SC","Florianópolis, SC, Jurerê Internacional",0,1327,12355.86,30,11941.78,2025-11,0.8,0.8051,24,30,685.42,423.0,1,0,2025-11-26,1.03,0.0,-414.0799999999999,berlinda,1,-0.0,12778.86,12694.26,,71.10266159695817,Risco Médio,🟡 Acima com risco,24.99999999999998
MSSO1208,Goiania-Leste-apartamento-SUP-1Q,Carteira 1_sys-price,GO,"Goiânia, GO","Goiânia, GO, Jardim Goiás",0,767,2665.81,83,2474.49,2025-11,0.6333,0.5633,19,30,165.42,157.0,3,0,2025-11-26,1.08,0.0,-191.32000000000016,berlinda,3,-1.0,3136.81,2964.0942999999997,,77.3764258555133,Risco Médio,🟡 Acima com risco,33.33333333333331
VVP0027,Cabo_Frio-Pero_Perto-casa-JR-4Q,Carteira 4,RJ,"Cabo Frio, RJ","Cabo Frio, RJ, Ogiva",4,407,3371.64,36,3352.12,2025-11,0.3077,0.3899,8,30,544.63,255.5,4,0,2025-11-26,1.01,2178.52,-19.519999999999982,berlinda,4,-0.0,4393.639999999999,3686.1094,,97.90874524714829,Risco Alto,🟡 Acima com risco,199.99999999999983
BPM0909,Salvador-Barra-apartamento-SUP-1Q,Carteira 2,BA,"Salvador, BA","Salvador, BA, Barra",0,12,4473.85,213,4282.3,2025-11,0.9333,0.7357,28,30,194.32,130.0,1,0,2025-11-26,1.04,0.0,-191.55000000000018,berlinda,1,-1.0,4603.85,4595.179,,65.5893536121673,Risco Médio,🟡 Acima com risco,19.999999999999982
DMS0304,Gramado-Centro-apartamento-TOP-2Q,Carteira 4,RS,"Gramado, RS","Gramado, RS, Bairro Belverede",1,260,12202.09,57,11340.27,2025-11,0.8966,0.715,26,30,624.27,,0,0,2025-11-26,1.08,624.27,-861.8199999999997,berlinda,0,0.0,,,,22.813688212927758,Risco Baixo,🟡 Acima sem ação,0.0
JBV465,Especial-JBV-hotel-JR-1Q,Especial,SC,"Florianópolis, SC","Florianópolis, SC, Jurerê",0,1842,11004.57,26,10509.34,2025-11,0.8667,0.732,26,30,534.27,532.0,1,0,2025-11-26,1.05,0.0,-495.22999999999956,berlinda,1,-0.0,11536.57,11465.6544,,60.836501901140686,Risco Médio,🟡 Acima com risco,16.666666666666654
OKA101,Florianopolis-Campeche-apartamento-SUP-1Q,Carteira 1,SC,"Florianópolis, SC","Florianópolis, SC, Campeche",0,1053,3196.19,28,3106.87,2025-11,0.4667,0.695,14,30,253.56,218.0,2,0,2025-11-26,1.03,0.0,-89.32000000000016,berlinda,2,-0.0,3632.19,3399.6712,,85.93155893536122,Risco Alto,🟡 Acima com risco,49.99999999999996
RVG101,Florianopolis-Ingleses_Norte-apartamento-TOP-3Q,Carteira 1,SC,"Florianópolis, SC","Florianópolis, SC, Ingleses do Rio Vermelho",6,550,5810.58,14,5718.57,2025-11,0.875,0.5225,21,30,349.14,306.0,1,0,2025-11-26,1.02,2094.84,-92.01000000000022,berlinda,1,-0.0,6116.58,6078.33,,77.3764258555133,Risco Médio,🟡 Acima com risco,33.33333333333331
CEG0202,Florianopolis-Jurere_Longe-apartamento-SUP-1Q,Carteira 1,SC,"Florianópolis, SC","Florianópolis, SC, Jurerê",8,523,3605.52,21,3322.23,2025-11,0.7727,0.5,17,30,250.65,,0,0,2025-11-26,1.09,2005.2,-283.28999999999996,berlinda,0,0.0,,,,22.813688212927758,Risco Baixo,🟡 Acima sem ação,0.0
CAT406,Florianopolis-Centrao-apartamento-JR-1Q,Carteira 4,SC,"Florianópolis, SC","Florianópolis, SC, Centro",0,1520,3791.98,73,3552.69,2025-11,0.7667,0.6613,23,30,205.0,100.0,1,0,2025-11-26,1.07,0.0,-239.28999999999996,berlinda,1,-2.0,3891.98,3868.65,,52.851711026615966,Risco Médio,🟡 Acima com risco,12.49999999999999
ECH113,Florianopolis-Centrao-apartamento-TOP-1Q,Carteira 4,SC,"Florianópolis, SC","Florianópolis, SC, Centro",0,638,5398.48,31,5372.0,2025-11,0.9,0.5693,27,30,298.56,180.0,1,0,2025-11-26,1.0,0.0,-26.479999999999563,berlinda,1,-0.0,5578.48,5560.48,,92.77566539923954,Risco Alto,🟡 Acima com risco,99.99999999999991
HMO0410,Sao_Paulo-Butanta-apartamento-SUP-1Q,Carteira 4,SP,"São Paulo, SP","São Paulo, SP, Butantã",0,428,4319.48,33,3990.32,2025-11,0.8333,0.7418,25,30,204.68,150.0,1,0,2025-11-26,1.08,0.0,-329.1599999999994,berlinda,1,-2.0,4469.48,4444.474999999999,,49.619771863117876,Risco Baixo,🟡 Acima com risco,11.111111111111102
SHR103,Florianopolis-Novo_Campeche-apartamento-TOP-1Q,Carteira 1,SC,"Florianópolis, SC","Florianópolis, SC, Campeche",4,961,5973.22,54,5486.85,2025-11,0.7308,0.7331,19,30,417.53,,0,0,2025-11-26,1.09,1670.12,-486.3699999999999,berlinda,0,0.0,,,,22.813688212927758,Risco Baixo,🟡 Acima sem ação,0.0
JBV214,Especial-JBV-hotel-JR-1Q,Especial,SC,"Florianópolis, SC","Florianópolis, SC, Jurerê",0,1045,10556.84,26,10509.34,2025-11,0.8333,0.732,25,30,506.32,,0,0,2025-11-26,1.0,0.0,-47.5,berlinda,0,0.0,,,,22.813688212927758,Risco Baixo,🟡 Acima sem ação,0.0
MPL0215,Brasilia-Asa_Norte-apartamento-SUP-1Q,Carteira 1_sys-price,DF,"Brasília, DF","Brasília, DF, Asa Norte",0,269,4480.65,143,4217.09,2025-11,0.9667,0.831,29,30,185.28,,0,0,2025-11-26,1.06,0.0,-263.5599999999995,berlinda,0,0.0,,,,22.813688212927758,Risco Baixo,🟡 Acima sem ação,0.0
NWT0803,Especial-NWT-apartamento-TOP-1Q,Carteira 5,AL,"Maceió, AL","Maceió, AL, Pajuçara",0,325,5561.06,43,5085.72,2025-11,0.7333,0.6669,22,30,292.73,294.0,3,0,2025-11-26,1.09,0.0,-475.34000000000015,berlinda,3,-1.0,6443.06,6207.8306,,74.1444866920152,Risco Médio,🟡 Acima com risco,29.99999999999997
SMA0407,Salvador-Pituba_Praia-apartamento-SUP-1Q,Carteira 5,BA,"Salvador, BA","Salvador, BA, Amaralina",1,24,2962.24,17,2763.38,2025-11,0.7586,0.6934,22,30,175.36,,0,0,2025-11-26,1.07,175.36,-198.85999999999967,berlinda,0,0.0,,,,22.813688212927758,Risco Baixo,🟡 Acima sem ação,0.0
IPC0902,Balneario_Camboriu-Centro-apartamento-TOP-3Q,Carteira 6,SC,"Balneário Camboriú, SC","Balneário Camboriú, SC, Centro",10,67,6678.28,53,6326.12,2025-11,0.95,0.5659,19,30,0.0,,0,0,2025-11-26,1.06,0.0,-352.15999999999985,berlinda,0,0.0,,,,22.813688212927758,Risco Baixo,🟡 Acima sem ação,0.0
RUP0101,Blumenau-Central-apartamento-SUP-1Q,Carteira 4,SC,"Blumenau, SC","Blumenau, SC, Escola Agrícola",1,465,1632.04,67,1513.85,2025-11,0.4483,0.3869,13,30,121.25,120.0,2,0,2025-11-26,1.08,121.25,-118.19000000000005,berlinda,2,-0.0,1872.04,1739.632,,68.8212927756654,Risco Médio,🟡 Acima com risco,22.222222222222204
ILC2106,Especial-ILC-hotel-JR-1Q,Especial,SC,"Florianópolis, SC","Florianópolis, SC, Jurerê Internacional",0,1864,11198.37,17,10796.7,2025-11,0.7667,0.6813,23,30,661.52,699.0,1,0,2025-11-26,1.04,0.0,-401.6700000000001,berlinda,1,-0.0,11897.37,11734.293300000001,,65.5893536121673,Risco Médio,🟡 Acima com risco,19.999999999999982
JBV157,Especial-JBV-hotel-TOP-1Q,Especial,SC,"Florianópolis, SC","Florianópolis, SC, Jurerê",0,1121,12467.72,34,11660.99,2025-11,0.8333,0.7597,25,30,624.32,,0,0,2025-11-26,1.07,0.0,-806.7299999999996,berlinda,0,0.0,,,,22.813688212927758,Risco Baixo,🟡 Acima sem ação,0.0
VLPD0223,Mata_de_Sao_Joao-Praia_do_Forte_Longe-apartamento-SUP-1Q,Carteira 2,BA,"Mata de São João, BA","Mata de São João, BA, Açu da Torre",3,102,4310.1,113,4330.96,2025-11,0.6296,0.5249,17,30,300.76,235.67,3,0,2025-11-26,1.0,902.28,20.859999999999673,berlinda,3,1.0,5017.110000000001,4755.233496000001,,99.42965779467681,Risco Alto,🟡 Acima com risco,299.9999999999998
CPN0303,Florianopolis-Centrao-apartamento-TOP-2Q,Carteira 4,SC,"Florianópolis, SC","Florianópolis, SC, Centro",0,176,6159.79,26,5668.44,2025-11,0.7,0.5887,21,30,375.05,231.5,2,0,2025-11-26,1.09,0.0,-491.35000000000036,berlinda,2,-2.0,6622.79,6483.89,,65.5893536121673,Risco Médio,🟡 Acima com risco,19.999999999999982
EME0218,Brasilia-Asa_Norte-apartamento-SUP-1Q,Carteira 1_sys-price,DF,"Brasília, DF","Brasília, DF, Setor Noroeste",0,430,4253.64,143,4217.09,2025-11,0.7667,0.831,23,30,214.35,217.0,2,0,2025-11-26,1.01,0.0,-36.55000000000018,berlinda,2,-0.0,4687.64,4586.3878,,92.77566539923954,Risco Alto,🟡 Acima com risco,99.99999999999991
MMD0604,Ilheus-Sul-apartamento-SUP-2Q,Carteira 2,BA,"Ilhéus, BA","Ilhéus, BA, São Francisco",0,162,2979.69,39,2778.63,2025-11,0.6667,0.4133,20,30,173.55,150.0,1,0,2025-11-26,1.07,0.0,-201.05999999999995,berlinda,1,-1.0,3129.69,3079.695,,52.851711026615966,Risco Médio,🟡 Acima com risco,12.49999999999999
OMC1303,Itapema-Praia_Centro-apartamento-SUP-2Q,Carteira 6,SC,"Itapema, SC","Itapema, SC, Tabuleiro dos Oliveiras",0,171,3576.46,21,3260.39,2025-11,0.9,0.5051,27,30,172.26,,0,0,2025-11-26,1.1,0.0,-316.07000000000016,berlinda,0,0.0,,,,22.813688212927758,Risco Baixo,🟡 Acima sem ação,0.0
UOY1605,Sao_Paulo-Mariana-apartamento-TOP-1Q,Carteira 4_sys-price,SP,"São Paulo, SP","São Paulo, SP, Vila Mariana",0,29,4771.03,88,4477.25,2025-11,0.8333,0.6824,25,30,219.2,180.0,1,0,2025-11-26,1.07,0.0,-293.77999999999975,berlinda,1,-1.0,4951.03,4921.023999999999,,52.851711026615966,Risco Médio,🟡 Acima com risco,12.49999999999999
VAC0201,Barra_Velha-Tabuleiro-apartamento-SUP-2Q,Carteira 3,SC,"Barra Velha, SC","Barra Velha, SC, Itajuba",5,436,2273.24,14,2189.81,2025-11,0.68,0.4179,17,30,173.47,152.0,1,0,2025-11-26,1.04,867.35,-83.42999999999984,berlinda,1,-0.0,2425.24,2376.6,,65.5893536121673,Risco Médio,🟡 Acima com risco,19.999999999999982
DNAG0706,Goiania-Central-apartamento-TOP-1Q,Carteira 1_sys-price,GO,"Goiânia, GO","Goiânia, GO, Setor Bueno",3,185,3399.4,55,3340.68,2025-11,0.8148,0.5999,22,30,176.23,201.0,1,0,2025-11-26,1.02,528.6899999999999,-58.720000000000255,berlinda,1,-0.0,3600.4,3563.1748000000002,,77.3764258555133,Risco Médio,🟡 Acima com risco,33.33333333333331
HMC0320,Sao_Paulo-Campo_Belo-apartamento-SUP-1Q,Carteira 4_sys-price,SP,"São Paulo, SP","São Paulo, SP, Campo Belo",0,297,4073.95,65,3774.75,2025-11,0.8667,0.8271,26,30,191.04,142.0,2,0,2025-11-26,1.08,0.0,-299.1999999999998,berlinda,2,-2.0,4357.95,4320.092799999999,,68.8212927756654,Risco Médio,🟡 Acima com risco,22.222222222222204
RMC203,Florianopolis-Estreito-apartamento-JR-1Q,Carteira 4,SC,"Florianópolis, SC","Florianópolis, SC, Capoeiras",2,842,2473.39,12,2319.98,2025-11,0.7857,0.6132,22,30,129.18,111.0,2,0,2025-11-26,1.07,258.36,-153.40999999999985,berlinda,2,-1.0,2695.39,2647.8154,,71.10266159695817,Risco Médio,🟡 Acima com risco,24.99999999999998
RPP0678,Penha-Longe-casa-JR-3Q,Carteira 6,SC,"Penha, SC","Penha, SC, Centro",5,283,2723.39,26,2701.74,2025-11,0.6,0.4865,15,30,198.07,,0,0,2025-11-26,1.01,990.3499999999999,-21.65000000000009,berlinda,0,0.0,,,,22.813688212927758,Risco Baixo,🟡 Acima sem ação,0.0
AYR0202,Florianopolis-Canasvieiras_Perto-apartamento-SUP-2Q,Carteira 1,SC,"Florianópolis, SC","Florianópolis, SC, Canasvieiras",0,297,4879.48,26,4627.36,2025-11,0.6333,0.5712,19,30,316.0,304.0,1,0,2025-11-26,1.05,0.0,-252.1199999999999,berlinda,1,-0.0,5183.48,5072.003199999999,,60.836501901140686,Risco Médio,🟡 Acima com risco,16.666666666666654
BPM1309,Salvador-Barra-apartamento-SUP-1Q,Carteira 2,BA,"Salvador, BA","Salvador, BA, Barra",0,571,4602.14,213,4282.3,2025-11,0.9333,0.7357,28,30,226.82,130.0,1,0,2025-11-26,1.07,0.0,-319.84000000000015,berlinda,1,-2.0,4732.14,4723.469,,52.851711026615966,Risco Médio,🟡 Acima com risco,12.49999999999999
URB1110,Porto_Alegre-Jardim_Botanico-apartamento-JR-1Q,Carteira 4,RS,"Porto Alegre, RS","Porto Alegre, RS, Petrópolis",2,799,2331.64,71,2278.0,2025-11,0.75,0.4944,21,30,141.76,120.0,2,0,2025-11-26,1.02,283.52,-53.63999999999987,berlinda,2,-0.0,2571.64,2511.64,,88.97338403041825,Risco Alto,🟡 Acima com risco,66.66666666666661
DLH0205,Gramado-Centro-apartamento-TOP-2Q,Carteira 4,RS,"Gramado, RS","Gramado, RS, Centro",0,400,12421.8,57,11340.27,2025-11,0.8667,0.715,26,30,583.12,,0,0,2025-11-26,1.1,0.0,-1081.5299999999988,berlinda,0,0.0,,,,22.813688212927758,Risco Baixo,🟡 Acima sem ação,0.0
GET0302,Guara-Geral-apartamento-SUP-2Q,Carteira 1_sys-price,DF,"Brasília, DF","Brasília, DF, Zona Industrial",0,215,4828.13,15,4398.33,2025-11,0.6333,0.6483,19,30,311.58,469.0,2,0,2025-11-26,1.1,0.0,-429.8000000000002,berlinda,2,-0.0,5766.13,5422.1654,,63.11787072243346,Risco Médio,🟡 Acima com risco,18.181818181818166
RGF1211,Salvador-Flamengo-apartamento-TOP-1Q,Carteira 2,BA,"Salvador, BA","Salvador, BA, Itapuã",1,72,3912.5,33,3562.1,2025-11,0.8276,0.6897,24,30,204.96,207.0,1,0,2025-11-26,1.1,204.96,-350.4000000000001,berlinda,1,-1.0,4119.5,4083.8132,,46.00760456273764,Risco Baixo,🟡 Acima com risco,9.090909090909083
RTBB1361,Florianopolis-Canasvieiras_Meio-apartamento-SIM-1Q,Carteira 1,SC,"Florianópolis, SC","Florianópolis, SC, Canasvieiras",2,738,1513.76,51,1401.48,2025-11,0.3929,0.4336,11,30,153.91,131.25,4,15,2025-11-26,1.08,307.82,-112.27999999999997,berlinda,4,-0.0,2038.76,1720.0325,,83.26996197718631,Risco Alto,🟡 Acima com risco,44.44444444444441
TCO0210,Porto_Alegre-Centro_Historico-apartamento-SUP-1Q,Carteira 4,RS,"Porto Alegre, RS","Porto Alegre, RS, Centro Histórico",0,269,2498.11,79,2397.11,2025-11,0.7667,0.633,23,30,126.91,,0,0,2025-11-26,1.04,0.0,-101.0,berlinda,0,0.0,,,,22.813688212927758,Risco Baixo,🟡 Acima sem ação,0.0
UPP0513,Curitiba-Centro-apartamento-JR-1Q,Carteira 4,PR,"Curitiba, PR","Curitiba, PR, Alto da XV",0,26,2624.25,291,2530.45,2025-11,0.7333,0.7042,22,30,134.55,130.0,2,0,2025-11-26,1.04,0.0,-93.80000000000018,berlinda,2,-0.0,2884.25,2814.908,,82.31939163498099,Risco Alto,🟡 Acima com risco,39.999999999999964
HAL103,Florianopolis-Novo_Campeche-apartamento-TOP-1Q,Carteira 1,SC,"Florianópolis, SC","Florianópolis, SC, Campeche",3,820,6007.76,54,5486.85,2025-11,0.8148,0.7331,22,30,319.12,378.0,1,2,2025-11-26,1.09,957.36,-520.9099999999999,berlinda,1,-1.0,6385.76,6315.7544,,47.338403041825096,Risco Baixo,🟡 Acima com risco,9.999999999999991
SPJ0202,Especial-SPJ-apartamento-TOP-1Q,Carteira 5,SC,"Florianópolis, SC","Florianópolis, SC, Jurerê",0,516,6495.51,17,6230.75,2025-11,0.9,0.7162,27,30,344.63,,0,0,2025-11-26,1.04,0.0,-264.7600000000002,berlinda,0,0.0,,,,22.813688212927758,Risco Baixo,🟡 Acima sem ação,0.0
SPJ0402,Especial-SPJ-apartamento-TOP-1Q,Carteira 5,SC,"Florianópolis, SC","Florianópolis, SC, Jurerê",0,385,6780.42,17,6230.75,2025-11,0.9,0.7162,27,30,307.07,,0,0,2025-11-26,1.09,0.0,-549.6700000000001,berlinda,0,0.0,,,,22.813688212927758,Risco Baixo,🟡 Acima sem ação,0.0
CST0905,Itajai-Centro-apartamento-JR-1Q,Carteira 6,SC,"Itajaí, SC","Itajaí, SC, Centro",3,116,2335.22,13,2149.91,2025-11,0.7778,0.6215,21,30,131.24,124.0,2,0,2025-11-26,1.09,393.72,-185.30999999999995,berlinda,2,-1.0,2583.22,2528.1144,,65.5893536121673,Risco Médio,🟡 Acima com risco,19.999999999999982
DNAG1701,Goiania-Central-apartamento-TOP-1Q,Carteira 1_sys-price,GO,"Goiânia, GO","Goiânia, GO, Setor Bueno",0,747,3412.26,55,3340.68,2025-11,0.7333,0.5999,22,30,185.59,183.0,1,14,2025-11-26,1.02,0.0,-71.58000000000038,berlinda,1,-0.0,3595.26,3546.4539000000004,,77.3764258555133,Risco Médio,🟡 Acima com risco,33.33333333333331
NWT0404,Especial-NWT-apartamento-TOP-1Q,Carteira 5,AL,"Maceió, AL","Maceió, AL, Pajuçara",0,93,5133.15,43,5085.72,2025-11,0.6333,0.6669,19,30,327.05,301.0,4,0,2025-11-26,1.01,0.0,-47.42999999999938,berlinda,4,-0.0,6337.15,5895.6431999999995,,97.90874524714829,Risco Alto,🟡 Acima com risco,199.99999999999983
UPP0614,Curitiba-Centro-apartamento-JR-1Q,Carteira 4,PR,"Curitiba, PR","Curitiba, PR, Alto da XV",2,26,2573.0,291,2530.45,2025-11,0.75,0.7042,21,30,157.29,,0,0,2025-11-26,1.02,314.58,-42.55000000000018,berlinda,0,0.0,,,,22.813688212927758,Risco Baixo,🟡 Acima sem ação,0.0
JRR309,Florianopolis-Jurere_Tradicional-apartamento-TOP-3Q,Carteira 1,SC,"Florianópolis, SC","Florianópolis, SC, Jurerê",3,142,9667.08,19,9386.02,2025-11,0.7407,0.5668,20,30,618.9,,0,0,2025-11-26,1.03,1856.6999999999998,-281.0599999999995,berlinda,0,0.0,,,,22.813688212927758,Risco Baixo,🟡 Acima sem ação,0.0
BCY2001,Aguas_Claras-Geral-apartamento-MASTER-2Q,Carteira 1,DF,"Brasília, DF","Brasília, DF, Aguas Claras",10,313,5834.26,11,5839.5,2025-11,0.95,0.679,19,30,377.42,,0,0,2025-11-26,1.0,3774.2000000000003,5.239999999999782,berlinda,0,0.0,,,,22.813688212927758,Risco Baixo,🟡 Acima sem ação,0.0
EAC404,Balneario_Camboriu-Centro-apartamento-JR-2Q,Carteira 6,SC,"Balneário Camboriú, SC","Balneário Camboriú, SC, Centro",0,733,3317.23,48,3275.47,2025-11,0.7,0.5339,21,30,194.76,,0,0,2025-11-26,1.01,0.0,-41.76000000000022,berlinda,0,0.0,,,,22.813688212927758,Risco Baixo,🟡 Acima sem ação,0.0
EOX0102,Florianopolis-Centrao-apartamento-SUP-2Q,Carteira 4,SC,"Florianópolis, SC","Florianópolis, SC, Centro",0,239,4817.34,47,4564.5,2025-11,0.5667,0.6204,17,30,333.47,158.0,1,0,2025-11-26,1.06,0.0,-252.84000000000015,berlinda,1,-1.0,4975.34,4906.8786,,56.65399239543726,Risco Médio,🟡 Acima com risco,14.285714285714272
MHF0601,Itapema-Canto_Praia-apartamento-TOP-1Q,Carteira 5,SC,"Itapema, SC","Itapema, SC, Centro",0,449,3692.89,19,3496.4,2025-11,0.6667,0.5911,20,30,221.95,200.0,2,0,2025-11-26,1.06,0.0,-196.48999999999978,berlinda,2,-0.0,4092.89,3959.5699999999997,,73.19391634980988,Risco Médio,🟡 Acima com risco,28.571428571428545
FRE2112,Sao_Paulo-Pinheiros-apartamento-SUP-1Q,Carteira 4_sys-price,SP,"São Paulo, SP","São Paulo, SP, Pinheiros",0,45,5027.96,429,4778.7,2025-11,0.7333,0.7276,22,30,259.0,180.0,1,0,2025-11-26,1.05,0.0,-249.26000000000022,berlinda,1,-1.0,5207.96,5159.954,,60.836501901140686,Risco Médio,🟡 Acima com risco,16.666666666666654
ONP0920,Sao_Paulo-Bela_Vista-apartamento-SUP-1Q,Carteira 4_sys-price,SP,"São Paulo, SP","São Paulo, SP, Paraíso",1,59,4225.7,606,4211.74,2025-11,0.931,0.7403,27,30,184.19,,0,0,2025-11-26,1.0,184.19,-13.960000000000036,berlinda,0,0.0,,,,22.813688212927758,Risco Baixo,🟡 Acima sem ação,0.0
ADC105,Florianopolis-Cachoeira_Bom_Jesus-apartamento-TOP-2Q,Carteira 1,SC,"Florianópolis, SC","Florianópolis, SC, Cachoeira do Bom Jesus",6,1083,5911.26,32,5374.91,2025-11,0.625,0.4602,15,30,610.2,224.0,1,0,2025-11-26,1.1,3661.2000000000003,-536.3500000000004,berlinda,1,-2.0,6135.26,6051.26,,46.00760456273764,Risco Baixo,🟡 Acima com risco,9.090909090909083
EPF202,Balneario_Camboriu-Centro-apartamento-JR-2Q,Carteira 6,SC,"Balneário Camboriú, SC","Balneário Camboriú, SC, Centro",0,864,3342.48,48,3275.47,2025-11,0.8667,0.5339,26,30,150.85,110.0,1,0,2025-11-26,1.02,0.0,-67.01000000000022,berlinda,1,-0.0,3452.48,3437.817,,77.3764258555133,Risco Médio,🟡 Acima com risco,33.33333333333331
LAR0406,Gramado-Centro-apartamento-TOP-2Q,Carteira 4,RS,"Gramado, RS","Gramado, RS, Vila Suiça",5,681,12153.77,57,11340.27,2025-11,1.0,0.715,25,30,679.12,,0,0,2025-11-26,1.07,3395.6,-813.5,berlinda,0,0.0,,,,22.813688212927758,Risco Baixo,🟡 Acima sem ação,0.0
PEA1301,Florianopolis-Itacorubi-apartamento-SUP-3Q,Carteira 4,SC,"Florianópolis, SC","Florianópolis, SC, Itacorubi",0,555,4468.42,18,4487.69,2025-11,0.3667,0.5679,11,30,414.91,,0,0,2025-11-26,1.0,0.0,19.269999999999527,berlinda,0,0.0,,,,22.813688212927758,Risco Baixo,🟡 Acima sem ação,0.0
NOH1302,Itapema-Meia_Praia-Sul-apartamento-TOP-3Q,Carteira 6,SC,"Itapema, SC","Itapema, SC, Castelo Branco",0,89,4283.01,15,4090.57,2025-11,0.5333,0.2977,16,30,308.75,600.0,1,13,2025-11-26,1.05,0.0,-192.44000000000005,berlinda,1,-0.0,4883.01,4602.99,,60.836501901140686,Risco Médio,🟡 Acima com risco,16.666666666666654
PDC301,Ilheus-Sul-apartamento-JR-2Q,Carteira 2,BA,"Ilhéus, BA","Ilhéus, BA, São Francisco",0,766,1445.6,16,1366.44,2025-11,0.4333,0.3929,13,30,133.15,117.0,1,0,2025-11-26,1.06,0.0,-79.15999999999985,berlinda,1,-0.0,1562.6,1496.2961,,56.65399239543726,Risco Médio,🟡 Acima com risco,14.285714285714272
CVAF0220,Mata_de_Sao_Joao-Praia_do_Forte_Longe-apartamento-SUP-1Q,Carteira 2,BA,"Mata de São João, BA","Mata de São João, BA, Praia do Forte",3,232,4684.73,113,4330.96,2025-11,0.7037,0.5249,19,30,287.47,188.0,1,0,2025-11-26,1.08,862.4100000000001,-353.7699999999995,berlinda,1,-1.0,4872.73,4817.0256,,49.619771863117876,Risco Baixo,🟡 Acima com risco,11.111111111111102
ELG0071,Barra_Velha-Centro-apartamento-JR-3Q,Carteira 3,SC,"Barra Velha, SC","Barra Velha, SC, Centro",1,246,2067.45,20,1947.55,2025-11,0.4483,0.3518,13,30,190.77,193.5,2,0,2025-11-26,1.06,190.77,-119.89999999999986,berlinda,2,-0.0,2454.45,2240.9420999999998,,73.19391634980988,Risco Médio,🟡 Acima com risco,28.571428571428545
JBV279,Especial-JBV-hotel-JR-1Q,Especial,SC,"Florianópolis, SC","Florianópolis, SC, Jurerê",2,1065,11028.94,26,10509.34,2025-11,0.6786,0.732,19,30,710.63,484.0,1,0,2025-11-26,1.05,1421.26,-519.6000000000004,berlinda,1,-1.0,11512.94,11357.3824,,60.836501901140686,Risco Médio,🟡 Acima com risco,16.666666666666654
OAG0820,Sao_Paulo-Pinheiros-apartamento-TOP-1Q,Carteira 4_sys-price,SP,"São Paulo, SP","São Paulo, SP, Cerqueira César",3,368,5746.66,282,5725.56,2025-11,0.8148,0.7536,22,30,345.64,,0,0,2025-11-26,1.0,1036.92,-21.099999999999454,berlinda,0,0.0,,,,22.813688212927758,Risco Baixo,🟡 Acima sem ação,0.0
SEM0012,Barra_Velha-Centro-apartamento-SUP-1Q,Carteira 3,SC,"Barra Velha, SC","Barra Velha, SC, Tabuleiro",2,31,1463.87,17,1426.78,2025-11,0.4643,0.3371,13,30,144.69,144.0,4,0,2025-11-26,1.03,289.38,-37.08999999999992,berlinda,4,-0.0,2039.87,1731.3067999999998,,92.77566539923954,Risco Alto,🟡 Acima com risco,99.99999999999991
ADC0205,Florianopolis-Cachoeira_Bom_Jesus-apartamento-TOP-2Q,Carteira 1,SC,"Florianópolis, SC","Florianópolis, SC, Cachoeira do Bom Jesus",0,260,5531.98,32,5374.91,2025-11,0.5,0.4602,15,30,455.67,207.0,1,0,2025-11-26,1.03,0.0,-157.0699999999997,berlinda,1,-0.0,5738.98,5635.48,,71.10266159695817,Risco Médio,🟡 Acima com risco,24.99999999999998
ILC2305,Especial-ILC-hotel-JR-1Q,Especial,SC,"Florianópolis, SC","Florianópolis, SC, Jurerê Internacional",4,568,11697.59,17,10796.7,2025-11,0.8846,0.6813,23,30,619.61,,0,0,2025-11-26,1.08,2478.44,-900.8899999999994,berlinda,0,0.0,,,,22.813688212927758,Risco Baixo,🟡 Acima sem ação,0.0
ILC3105,Especial-ILC-hotel-JR-1Q,Especial,SC,"Florianópolis, SC","Florianópolis, SC, Jurerê Internacional",0,1916,11000.03,17,10796.7,2025-11,0.7667,0.6813,23,30,585.65,465.0,1,0,2025-11-26,1.02,0.0,-203.32999999999993,berlinda,1,-0.0,11465.03,11356.5455,,77.3764258555133,Risco Médio,🟡 Acima com risco,33.33333333333331
NFE0708,Curitiba-Centro-apartamento-SUP-1Q,Carteira 4,PR,"Curitiba, PR","Curitiba, PR, Centro",0,122,3024.04,517,2946.51,2025-11,0.7333,0.69,22,30,161.45,130.0,2,0,2025-11-26,1.03,0.0,-77.52999999999975,berlinda,2,-0.0,3284.04,3214.698,,85.93155893536122,Risco Alto,🟡 Acima com risco,49.99999999999996
PZO0907,Ilheus-Sul-apartamento-SUP-2Q,Carteira 2,BA,"Ilhéus, BA","Ilhéus, BA, Nossa Senhora da Vitória",0,298,2964.43,39,2778.63,2025-11,0.7,0.4133,21,30,166.62,162.33,3,0,2025-11-26,1.07,0.0,-185.79999999999973,berlinda,3,-1.0,3451.42,3305.323,,81.36882129277566,Risco Alto,🟡 Acima com risco,37.49999999999997
RGF1308,Salvador-Flamengo-apartamento-TOP-1Q,Carteira 2,BA,"Salvador, BA","Salvador, BA, Itapuã",0,8,3712.68,33,3562.1,2025-11,0.8667,0.6897,26,30,162.48,150.0,1,0,2025-11-26,1.04,0.0,-150.57999999999993,berlinda,1,-1.0,3862.68,3842.685,,65.5893536121673,Risco Médio,🟡 Acima com risco,19.999999999999982
BLB1206,Salvador-Barra-apartamento-SUP-1Q,Carteira 2,BA,"Salvador, BA","Salvador, BA, Barra",0,355,4422.4,213,4282.3,2025-11,0.8667,0.7357,26,30,200.69,,0,0,2025-11-26,1.03,0.0,-140.09999999999945,berlinda,0,0.0,,,,22.813688212927758,Risco Baixo,🟡 Acima sem ação,0.0
CMM0043,Penha-Central-casa-JR-5Q,Carteira 6,SC,"Penha, SC","Penha, SC, Armação",6,25,4223.22,27,4087.65,2025-11,0.75,0.4396,18,30,310.78,,0,0,2025-11-26,1.03,1864.6799999999998,-135.57000000000016,berlinda,0,0.0,,,,22.813688212927758,Risco Baixo,🟡 Acima sem ação,0.0
EEC0403,Guarapari-Centro-apartamento-JR-1Q,Carteira 4,ES,"Guarapari, ES","Guarapari, ES, Centro",1,145,1809.04,70,1748.69,2025-11,0.4828,0.5301,14,30,143.43,,0,0,2025-11-26,1.03,143.43,-60.34999999999991,berlinda,0,0.0,,,,22.813688212927758,Risco Baixo,🟡 Acima sem ação,0.0
ILC3103,Especial-ILC-hotel-JR-1Q,Especial,SC,"Florianópolis, SC","Florianópolis, SC, Jurerê Internacional",0,1494,10848.36,17,10796.7,2025-11,0.7333,0.6813,22,30,607.64,547.0,1,0,2025-11-26,1.0,0.0,-51.659999999999854,berlinda,1,-0.0,11395.36,11249.4751,,92.77566539923954,Risco Alto,🟡 Acima com risco,99.99999999999991
OKA142,Florianopolis-Campeche-apartamento-SUP-1Q,Carteira 1,SC,"Florianópolis, SC","Florianópolis, SC, Campeche",0,1053,3341.95,28,3106.87,2025-11,0.5667,0.695,17,30,267.0,212.0,1,0,2025-11-26,1.08,0.0,-235.07999999999993,berlinda,1,-1.0,3553.95,3462.0904,,49.619771863117876,Risco Baixo,🟡 Acima com risco,11.111111111111102
SPT0204,Blumenau-Central-apartamento-JR-1Q,Carteira 4,SC,"Blumenau, SC","Blumenau, SC, Itoupava Seca",0,534,972.12,42,954.13,2025-11,0.3667,0.3731,11,30,105.91,101.0,4,22,2025-11-26,1.02,0.0,-17.99000000000001,berlinda,4,-0.0,1376.12,1120.2668,,95.62737642585552,Risco Alto,🟡 Acima com risco,133.33333333333323
CZZ0507,Urubici-Geral-apartamento-SUP-1Q,Especial,SC,"Urubici, SC","Urubici, SC, Centro",2,134,1897.08,54,1757.61,2025-11,0.4643,0.2394,13,30,191.77,150.5,4,0,2025-11-26,1.08,383.54,-139.47000000000003,berlinda,4,-0.0,2499.08,2176.5886,,83.26996197718631,Risco Alto,🟡 Acima com risco,44.44444444444441
HOA0906,Salvador-Ondina_Rio_Vermelho-apartamento-TOP-1Q,Carteira 2,BA,"Salvador, BA","Salvador, BA, Ondina",0,285,4681.37,35,4658.46,2025-11,0.8,0.7409,24,30,206.77,198.0,1,0,2025-11-26,1.0,0.0,-22.909999999999854,berlinda,1,-0.0,4879.37,4839.7699999999995,,92.77566539923954,Risco Alto,🟡 Acima com risco,99.99999999999991
NWT0914,Especial-NWT-apartamento-TOP-1Q,Carteira 5,AL,"Maceió, AL","Maceió, AL, Pajuçara",2,221,5501.23,43,5085.72,2025-11,0.7143,0.6669,20,30,337.35,250.0,1,0,2025-11-26,1.08,674.7,-415.5099999999993,berlinda,1,-1.0,5751.23,5679.804999999999,,49.619771863117876,Risco Baixo,🟡 Acima com risco,11.111111111111102
SSG0107,Florianopolis-UFSC-apartamento-TOP-1Q,Carteira 4,SC,"Florianópolis, SC","Florianópolis, SC, Córrego Grande",0,758,3850.25,17,3684.75,2025-11,0.8333,0.7086,25,30,299.32,195.0,1,0,2025-11-26,1.04,0.0,-165.5,berlinda,1,-0.0,4045.25,4012.7435,,65.5893536121673,Risco Médio,🟡 Acima com risco,19.999999999999982
TPS212,Florianopolis-Canasvieiras_Meio-apartamento-TOP-1Q,Carteira 1,SC,"Florianópolis, SC","Florianópolis, SC, Canasvieiras",0,1030,4368.21,28,4125.61,2025-11,0.7333,0.596,22,30,250.27,,0,0,2025-11-26,1.06,0.0,-242.60000000000036,berlinda,0,0.0,,,,22.813688212927758,Risco Baixo,🟡 Acima sem ação,0.0
AAP1507,Salvador-Caminho_Das_Arvores-apartamento-SUP-1Q,Carteira 2,BA,"Salvador, BA","Salvador, BA, Caminho das Árvores",0,225,3817.43,44,3534.11,2025-11,0.9333,0.7744,28,30,162.46,152.0,1,0,2025-11-26,1.08,0.0,-283.3199999999997,berlinda,1,-1.0,3969.43,3959.2916,,49.619771863117876,Risco Baixo,🟡 Acima com risco,11.111111111111102
CHR025,Florianopolis-Jurere_Longe-apartamento-JR-2Q,Carteira 1,SC,"Florianópolis, SC","Florianópolis, SC, Jurerê",9,204,3512.46,21,3322.23,2025-11,0.8571,0.5,18,30,229.11,,0,2,2025-11-26,1.06,2061.9900000000002,-190.23000000000002,berlinda,0,0.0,,,,22.813688212927758,Risco Baixo,🟡 Acima sem ação,0.0
JBV242,Especial-JBV-hotel-TOP-1Q,Especial,SC,"Florianópolis, SC","Florianópolis, SC, Jurerê",0,1507,11925.49,34,11660.99,2025-11,0.7,0.7597,21,30,707.43,,0,0,2025-11-26,1.02,0.0,-264.5,berlinda,0,0.0,,,,22.813688212927758,Risco Baixo,🟡 Acima sem ação,0.0
RGF0410,Salvador-Flamengo-apartamento-TOP-1Q,Carteira 2,BA,"Salvador, BA","Salvador, BA, Itapuã",0,81,3797.42,33,3562.1,2025-11,0.9,0.6897,27,30,171.52,,0,0,2025-11-26,1.07,0.0,-235.32000000000016,berlinda,0,0.0,,,,22.813688212927758,Risco Baixo,🟡 Acima sem ação,0.0
STCY202,Florianopolis-Cachoeira_Bom_Jesus-apartamento-SUP-1Q,Carteira 1,SC,"Florianópolis, SC","Florianópolis, SC, Cachoeira do Bom Jesus",0,561,2624.47,14,2579.11,2025-11,0.7,0.4458,21,30,175.19,,0,0,2025-11-26,1.02,0.0,-45.35999999999967,berlinda,0,0.0,,,,22.813688212927758,Risco Baixo,🟡 Acima sem ação,0.0
ACT029,Brasilia-Vila_Planalto-casa-SUP-3Q,Carteira 1_sys-price,DF,"Brasília, DF","Brasília, DF, Vila Planalto",12,488,8182.16,7,7836.61,2025-11,0.8889,0.6481,16,30,695.5,,0,0,2025-11-26,1.04,8346.0,-345.5500000000002,berlinda,0,0.0,,,,22.813688212927758,Risco Baixo,🟡 Acima sem ação,0.0
NWT0913,Especial-NWT-apartamento-TOP-1Q,Carteira 5,AL,"Maceió, AL","Maceió, AL, Pajuçara",1,214,5253.22,43,5085.72,2025-11,0.7241,0.6669,21,30,332.67,270.5,2,0,2025-11-26,1.03,332.67,-167.5,berlinda,2,-0.0,5794.22,5644.9581,,85.93155893536122,Risco Alto,🟡 Acima com risco,49.99999999999996
SJE0103,Florianopolis-Canajure-apartamento-SUP-1Q,Carteira 1,SC,"Florianópolis, SC","Florianópolis, SC, Canasvieiras",0,375,3277.04,41,3022.59,2025-11,0.6333,0.5402,19,30,201.0,198.0,2,0,2025-11-26,1.08,0.0,-254.44999999999982,berlinda,2,-1.0,3673.04,3527.8268,,68.8212927756654,Risco Médio,🟡 Acima com risco,22.222222222222204
DLH0204,Gramado-Centro-apartamento-TOP-2Q,Carteira 4,RS,"Gramado, RS","Gramado, RS, Centro",3,450,11578.41,57,11340.27,2025-11,0.8519,0.715,23,30,651.48,,0,0,2025-11-26,1.02,1954.44,-238.13999999999942,berlinda,0,0.0,,,,22.813688212927758,Risco Baixo,🟡 Acima sem ação,0.0
ENC0307,Salvador-Ondina_Rio_Vermelho-apartamento-TOP-1Q,Carteira 2,BA,"Salvador, BA","Salvador, BA, Rio Vermelho",3,109,4724.98,35,4658.46,2025-11,0.8148,0.7409,22,30,248.36,150.0,1,0,2025-11-26,1.01,745.08,-66.51999999999953,berlinda,1,-0.0,4874.98,4847.2,,85.93155893536122,Risco Alto,🟡 Acima com risco,49.99999999999996
HMO0409,Sao_Paulo-Butanta-apartamento-SUP-1Q,Carteira 4,SP,"São Paulo, SP","São Paulo, SP, Butantã",0,435,4223.93,33,3990.32,2025-11,0.7667,0.7418,23,30,216.87,,0,0,2025-11-26,1.06,0.0,-233.61000000000013,berlinda,0,0.0,,,,22.813688212927758,Risco Baixo,🟡 Acima sem ação,0.0
SPJ0405,Especial-SPJ-apartamento-TOP-1Q,Carteira 5,SC,"Florianópolis, SC","Florianópolis, SC, Jurerê",2,335,6391.11,17,6230.75,2025-11,0.9286,0.7162,26,30,305.77,,0,0,2025-11-26,1.03,611.54,-160.35999999999967,berlinda,0,0.0,,,,22.813688212927758,Risco Baixo,🟡 Acima sem ação,0.0
TAN0000,Imbituba-Ibiraquera-casa-JR-2Q,Carteira 6,SC,"Imbituba, SC","Imbituba, SC, Ibiraquera",18,227,1302.58,15,1197.1,2025-11,0.6667,0.4364,8,30,187.0,,0,21,2025-11-26,1.09,3366.0,-105.48000000000002,berlinda,0,0.0,,,,22.813688212927758,Risco Baixo,🟡 Acima sem ação,0.0
ISC0906,Sao_Paulo-Republica-apartamento-SUP-1Q,Carteira 4_sys-price,SP,"São Paulo, SP","São Paulo, SP, Vila Buarque",0,562,3898.05,473,3655.43,2025-11,0.9,0.773,27,30,177.78,,0,0,2025-11-26,1.07,0.0,-242.62000000000035,berlinda,0,0.0,,,,22.813688212927758,Risco Baixo,🟡 Acima sem ação,0.0
OLN1702,Sao_Paulo-Mariana-apartamento-SUP-1Q,Carteira 4_sys-price,SP,"São Paulo, SP","São Paulo, SP, Vila Clementino",2,199,3823.3,175,3677.1,2025-11,0.8571,0.6747,24,30,197.79,,0,0,2025-11-26,1.04,395.58,-146.20000000000027,berlinda,0,0.0,,,,22.813688212927758,Risco Baixo,🟡 Acima sem ação,0.0
RMO0602,Salvador-Ondina_Rio_Vermelho-apartamento-SUP-1Q,Carteira 2,BA,"Salvador, BA","Salvador, BA, Rio Vermelho",2,339,3920.9,83,3577.65,2025-11,0.8929,0.7184,25,30,191.48,,0,0,2025-11-26,1.1,382.96,-343.25,berlinda,0,0.0,,,,22.813688212927758,Risco Baixo,🟡 Acima sem ação,0.0
VLT0107,Salvador-Graca-apartamento-JR-1Q,Especial,BA,"Salvador, BA","Salvador, BA, Vitória",2,52,3410.46,16,3340.68,2025-11,0.8214,0.7094,23,30,173.0,,0,0,2025-11-26,1.02,346.0,-69.7800000000002,berlinda,0,0.0,,,,22.813688212927758,Risco Baixo,🟡 Acima sem ação,0.0
BLS1657,Goiania-Central-apartamento-TOP-1Q,Carteira 1_sys-price,GO,"Goiânia, GO","Goiânia, GO, Setor Marista",0,15,3628.34,55,3340.68,2025-11,0.8667,0.5999,26,30,192.15,182.0,1,0,2025-11-26,1.09,0.0,-287.6600000000003,berlinda,1,-1.0,3810.34,3786.0794,,47.338403041825096,Risco Baixo,🟡 Acima com risco,9.999999999999991
CZZ0402,Urubici-Geral-apartamento-SUP-1Q,Especial,SC,"Urubici, SC","Urubici, SC, Centro",0,207,1898.03,54,1757.61,2025-11,0.3333,0.2394,10,30,234.3,150.5,4,0,2025-11-26,1.08,0.0,-140.42000000000007,berlinda,4,-0.0,2500.0299999999997,2098.6766,,83.26996197718631,Risco Alto,🟡 Acima com risco,44.44444444444441
VTD0704,Florianopolis-UFSC-apartamento-SUP-1Q,Carteira 4,SC,"Florianópolis, SC","Florianópolis, SC, Trindade",3,138,3773.6,46,3534.63,2025-11,0.8519,0.7027,23,30,220.13,,0,0,2025-11-26,1.07,660.39,-238.9699999999998,berlinda,0,0.0,,,,22.813688212927758,Risco Baixo,🟡 Acima sem ação,0.0
CPJ504,Florianopolis-Jurere_Internacional-apartamento-SUP-2Q,Carteira 1,SC,"Florianópolis, SC","Florianópolis, SC, Jurerê Internacional",0,201,6515.17,28,6061.24,2025-11,0.7,0.5982,21,30,367.1,230.0,1,0,2025-11-26,1.07,0.0,-453.9300000000003,berlinda,1,-1.0,6745.17,6676.17,,52.851711026615966,Risco Médio,🟡 Acima com risco,12.49999999999999
JVV303,Florianopolis-Itacorubi-apartamento-SUP-1Q,Carteira 4,SC,"Florianópolis, SC","Florianópolis, SC, Itacorubi",2,590,3318.15,15,3153.33,2025-11,0.8571,0.67,24,30,243.79,134.0,1,0,2025-11-26,1.05,487.58,-164.82000000000016,berlinda,1,-1.0,3452.15,3433.0014,,60.836501901140686,Risco Médio,🟡 Acima com risco,16.666666666666654
SLV0011,Goiania-Universitario-apartamento-SUP-1Q,Carteira 1_sys-price,GO,"Goiânia, GO","Goiânia, GO, Setor Leste Vila Nova",0,323,2595.62,56,2510.69,2025-11,0.7,0.5128,21,30,139.62,143.75,4,0,2025-11-26,1.03,0.0,-84.92999999999984,berlinda,4,-0.0,3170.62,2998.12,,92.77566539923954,Risco Alto,🟡 Acima com risco,99.99999999999991
TPS107,Florianopolis-Canasvieiras_Meio-apartamento-TOP-1Q,Carteira 1,SC,"Florianópolis, SC","Florianópolis, SC, Canasvieiras",2,507,4430.37,28,4125.61,2025-11,0.8571,0.596,24,30,216.75,,0,0,2025-11-26,1.07,433.5,-304.7600000000002,berlinda,0,0.0,,,,22.813688212927758,Risco Baixo,🟡 Acima sem ação,0.0
DNAB1503,Goiania-Central-apartamento-SUP-1Q,Carteira 1_sys-price,GO,"Goiânia, GO","Goiânia, GO, Setor Bueno",1,772,2833.31,161,2625.65,2025-11,0.6207,0.5935,18,30,189.0,193.5,2,30,2025-11-26,1.08,189.0,-207.65999999999985,berlinda,2,-1.0,3220.31,3073.5209,,68.8212927756654,Risco Médio,🟡 Acima com risco,22.222222222222204
IFT1108,Itapema-Meia_Praia-Norte-apartamento-TOP-1Q,Carteira 6,SC,"Itapema, SC","Itapema, SC, Meia Praia",0,248,3379.89,33,3391.13,2025-11,0.8,0.4609,24,30,169.25,120.0,1,3,2025-11-26,1.0,0.0,11.240000000000236,berlinda,1,1.0,3499.89,3475.89,,92.77566539923954,Risco Alto,🟡 Acima com risco,99.99999999999991
SPJ0205,Especial-SPJ-apartamento-TOP-1Q,Carteira 5,SC,"Florianópolis, SC","Florianópolis, SC, Jurerê",1,517,6619.4,17,6230.75,2025-11,0.8276,0.7162,24,30,345.33,396.0,1,0,2025-11-26,1.06,345.33,-388.64999999999964,berlinda,1,-0.0,7015.4,6947.129599999999,,56.65399239543726,Risco Médio,🟡 Acima com risco,14.285714285714272
TSO0311,Balneario_Camboriu-Longe-apartamento-MASTER-2Q,Carteira 6,SC,"Balneário Camboriú, SC","Balneário Camboriú, SC, Estados",9,108,5760.29,40,5765.39,2025-11,0.9524,0.6017,20,30,353.1,,0,0,2025-11-26,1.0,3177.9,5.100000000000364,berlinda,0,0.0,,,,22.813688212927758,Risco Baixo,🟡 Acima sem ação,0.0
IAA1004,Recife-Boa_Viagem-apartamento-TOP-1Q,Carteira 2,PE,"Recife, PE","Recife, PE, Boa Viagem",0,598,5287.57,40,4981.09,2025-11,0.9667,0.8401,29,30,224.52,,0,0,2025-11-26,1.06,0.0,-306.47999999999956,berlinda,0,0.0,,,,22.813688212927758,Risco Baixo,🟡 Acima sem ação,0.0
PLA0311,Curitiba-Boa_Vista-apartamento-SUP-1Q,Carteira 4,PR,"Curitiba, PR","Curitiba, PR, Boa Vista",5,2,2564.1,23,2414.63,2025-11,0.88,0.6874,22,30,157.09,130.0,1,0,2025-11-26,1.06,785.45,-149.4699999999998,berlinda,1,-1.0,2694.1,2678.5,,56.65399239543726,Risco Médio,🟡 Acima com risco,14.285714285714272
TPS307,Florianopolis-Canasvieiras_Meio-apartamento-TOP-1Q,Carteira 1,SC,"Florianópolis, SC","Florianópolis, SC, Canasvieiras",0,1030,4143.73,28,4125.61,2025-11,0.7667,0.596,23,30,232.48,223.0,1,0,2025-11-26,1.0,0.0,-18.11999999999989,berlinda,1,-0.0,4366.73,4314.7041,,92.77566539923954,Risco Alto,🟡 Acima com risco,99.99999999999991
JMAR004,Florianopolis-Jurere_Longe-apartamento-JR-1Q,Carteira 1,SC,"Florianópolis, SC","Florianópolis, SC, Jurerê",0,290,2174.06,48,1985.67,2025-11,0.6,0.5076,18,30,156.22,,0,0,2025-11-26,1.09,0.0,-188.38999999999987,berlinda,0,0.0,,,,22.813688212927758,Risco Baixo,🟡 Acima sem ação,0.0
RLA0201,Gramado-Geral-apartamento-TOP-2Q,Carteira 4,RS,"Gramado, RS","Gramado, RS, Tres Pinheiros",0,267,10456.61,95,9559.1,2025-11,1.0,0.7029,30,30,474.17,,0,0,2025-11-26,1.09,0.0,-897.5100000000002,berlinda,0,0.0,,,,22.813688212927758,Risco Baixo,🟡 Acima sem ação,0.0
SPJ0501,Especial-SPJ-apartamento-TOP-1Q,Carteira 5,SC,"Florianópolis, SC","Florianópolis, SC, Jurerê",0,382,6839.72,17,6230.75,2025-11,0.9333,0.7162,28,30,316.32,,0,0,2025-11-26,1.1,0.0,-608.9700000000003,berlinda,0,0.0,,,,22.813688212927758,Risco Baixo,🟡 Acima sem ação,0.0
VST013,Especial-VST-casa-TOP-1Q,Carteira 5,SC,"Anitápolis, SC","Anitápolis, SC, Rio dos Pinheiros",2,487,3728.96,54,3642.14,2025-11,0.6429,0.2969,18,30,267.39,180.0,1,0,2025-11-26,1.02,534.78,-86.82000000000016,berlinda,1,-0.0,3908.96,3844.6820000000002,,77.3764258555133,Risco Médio,🟡 Acima com risco,33.33333333333331
BLS0754,Goiania-Central-apartamento-TOP-1Q,Carteira 1_sys-price,GO,"Goiânia, GO","Goiânia, GO, Setor Marista",0,46,3572.42,55,3340.68,2025-11,0.8333,0.5999,25,30,174.32,205.67,3,0,2025-11-26,1.07,0.0,-231.74000000000024,berlinda,3,-1.0,4189.43,4086.574433,,81.36882129277566,Risco Alto,🟡 Acima com risco,37.49999999999997
CLF0204,Salvador-Flamengo-apartamento-SUP-1Q,Carteira 2,BA,"Salvador, BA","Salvador, BA, Stella Maris",3,16,2015.54,26,2000.03,2025-11,0.4074,0.4766,11,30,222.73,220.0,3,30,2025-11-26,1.01,668.1899999999999,-15.509999999999991,berlinda,3,-0.0,2675.54,2284.424,,96.57794676806084,Risco Alto,🟡 Acima com risco,149.9999999999999
RAL0303,Florianopolis-Ingleses_Centro-apartamento-SUP-2Q,Carteira 1,SC,"Florianópolis, SC","Florianópolis, SC, Ingleses do Rio Vermelho",0,390,2294.56,30,2233.61,2025-11,0.4667,0.4352,14,30,213.43,176.0,2,0,2025-11-26,1.03,0.0,-60.94999999999982,berlinda,2,-0.0,2646.56,2458.8384,,85.93155893536122,Risco Alto,🟡 Acima com risco,49.99999999999996
VLE002,Bombinhas-Mariscal-apartamento-JR-2Q,Carteira 6,SC,"Bombinhas, SC","Bombinhas, SC, Mariscal",0,1494,2576.97,35,2428.26,2025-11,0.3667,0.385,11,30,258.82,198.0,4,22,2025-11-26,1.06,0.0,-148.70999999999958,berlinda,4,-0.0,3368.97,2867.3963999999996,,88.212927756654,Risco Alto,🟡 Acima com risco,57.14285714285709
VLR802,Florianopolis-Centrao-apartamento-JR-1Q,Carteira 4,SC,"Florianópolis, SC","Florianópolis, SC, Centro",0,1221,3863.37,73,3552.69,2025-11,0.9,0.6613,27,30,177.96,,0,0,2025-11-26,1.09,0.0,-310.67999999999984,berlinda,0,0.0,,,,22.813688212927758,Risco Baixo,🟡 Acima sem ação,0.0
OKA120,Florianopolis-Campeche-apartamento-SUP-1Q,Carteira 1,SC,"Florianópolis, SC","Florianópolis, SC, Campeche",0,1040,3324.97,28,3106.87,2025-11,0.6333,0.695,19,30,216.11,251.75,4,0,2025-11-26,1.07,0.0,-218.0999999999999,berlinda,4,-0.0,4331.969999999999,3962.7030999999997,,85.93155893536122,Risco Alto,🟡 Acima com risco,49.99999999999996
CSF0202,Salvador-Barra-apartamento-SUP-2Q,Carteira 2,BA,"Salvador, BA","Salvador, BA, Barra",0,213,5266.92,29,4906.62,2025-11,0.8333,0.7745,25,30,253.92,,0,0,2025-11-26,1.07,0.0,-360.3000000000002,berlinda,0,0.0,,,,22.813688212927758,Risco Baixo,🟡 Acima sem ação,0.0
TBS1105,Florianopolis-Novo_Campeche-apartamento-MASTER-1Q,Carteira 1,SC,"Florianópolis, SC","Florianópolis, SC, Campeche",1,876,6864.59,63,6462.38,2025-11,0.6552,0.6613,19,30,432.58,,0,0,2025-11-26,1.06,432.58,-402.21000000000004,berlinda,0,0.0,,,,22.813688212927758,Risco Baixo,🟡 Acima sem ação,0.0
NDE0001,Florianopolis-Campeche-apartamento-SUP-1Q,Carteira 1,SC,"Florianópolis, SC","Florianópolis, SC, Ribeirão da Ilha",1,205,3403.67,28,3106.87,2025-11,0.6897,0.695,20,30,206.7,228.5,4,0,2025-11-26,1.1,206.7,-296.8000000000002,berlinda,4,-1.0,4317.67,4034.0558,,80.6083650190114,Risco Alto,🟡 Acima com risco,36.36363636363633
YOU1203,Sao_Paulo-Pinheiros-apartamento-TOP-1Q,Carteira 4_sys-price,SP,"São Paulo, SP","São Paulo, SP, Jardim Paulistano",0,410,5888.33,282,5725.56,2025-11,0.8333,0.7536,25,30,297.48,200.0,1,0,2025-11-26,1.03,0.0,-162.76999999999953,berlinda,1,-0.0,6088.33,6054.99,,71.10266159695817,Risco Médio,🟡 Acima com risco,24.99999999999998
ELS0606,Porto_Alegre-Centro_Historico-apartamento-JR-1Q,Carteira 4,RS,"Porto Alegre, RS","Porto Alegre, RS, Centro Histórico",0,60,2062.0,78,1931.32,2025-11,0.7667,0.7095,23,30,106.26,,0,0,2025-11-26,1.07,0.0,-130.68000000000006,berlinda,0,0.0,,,,22.813688212927758,Risco Baixo,🟡 Acima sem ação,0.0
GCO0302,Balneario_Camboriu-Norte-apartamento-SUP-2Q,Carteira 6,SC,"Balneário Camboriú, SC","Balneário Camboriú, SC, Barra Norte",1,64,5189.31,36,4747.03,2025-11,0.8621,0.614,25,30,262.56,,0,0,2025-11-26,1.09,262.56,-442.28000000000065,berlinda,0,0.0,,,,22.813688212927758,Risco Baixo,🟡 Acima sem ação,0.0
JBV334,Especial-JBV-hotel-JR-1Q,Especial,SC,"Florianópolis, SC","Florianópolis, SC, Jurerê",0,1685,10531.02,26,10509.34,2025-11,0.7333,0.732,22,30,586.91,,0,0,2025-11-26,1.0,0.0,-21.68000000000029,berlinda,0,0.0,,,,22.813688212927758,Risco Baixo,🟡 Acima sem ação,0.0
PSOA1102,Penha-Beto_Carrero-apartamento-SUP-1Q,Carteira 3,SC,"Penha, SC","Penha, SC, Praia de Armação do Itapocoroi",0,129,2325.32,18,2280.04,2025-11,0.4,0.4976,12,30,206.17,152.5,2,0,2025-11-26,1.02,0.0,-45.2800000000002,berlinda,2,-0.0,2630.32,2447.32,,88.97338403041825,Risco Alto,🟡 Acima com risco,66.66666666666661
RTT1905,Florianopolis-Daniela-casa-JR-3Q,Carteira 1,SC,"Florianópolis, SC","Florianópolis, SC, Daniela",8,368,4570.46,9,4475.33,2025-11,0.5909,0.5833,13,30,427.0,,0,0,2025-11-26,1.02,3416.0,-95.13000000000011,berlinda,0,0.0,,,,22.813688212927758,Risco Baixo,🟡 Acima sem ação,0.0
SPJ0204,Especial-SPJ-apartamento-TOP-1Q,Carteira 5,SC,"Florianópolis, SC","Florianópolis, SC, Jurerê",0,367,6727.09,17,6230.75,2025-11,0.9333,0.7162,28,30,294.18,342.0,1,0,2025-11-26,1.08,0.0,-496.34000000000015,berlinda,1,-1.0,7069.09,7046.278600000001,,49.619771863117876,Risco Baixo,🟡 Acima com risco,11.111111111111102
CGB0035,Ubatuba-Praia_Grande-apartamento-SUP-2Q,Carteira 4,SP,"Ubatuba, SP","Ubatuba, SP, Praia Grande",6,60,4932.09,172,4859.24,2025-11,0.75,0.4912,18,30,313.61,,0,0,2025-11-26,1.01,1881.66,-72.85000000000036,berlinda,0,0.0,,,,22.813688212927758,Risco Baixo,🟡 Acima sem ação,0.0
GLA0037,Sao_Paulo-Pompeia-apartamento-SUP-1Q,Carteira 4,SP,"São Paulo, SP","São Paulo, SP, Perdizes",1,58,3906.13,71,3886.2,2025-11,0.7931,0.5906,23,30,201.0,,0,0,2025-11-26,1.01,201.0,-19.93000000000029,berlinda,0,0.0,,,,22.813688212927758,Risco Baixo,🟡 Acima sem ação,0.0
NVM0009,Porto_Seguro-Pataxos-apartamento-JR-2Q,Carteira 2,BA,"Porto Seguro, BA","Porto Seguro, BA, Paraíso dos Pataxós",0,201,2148.62,46,1988.03,2025-11,0.4667,0.3595,14,30,180.5,130.0,1,0,2025-11-26,1.08,0.0,-160.58999999999992,berlinda,1,-1.0,2278.62,2209.2909999999997,,49.619771863117876,Risco Baixo,🟡 Acima com risco,11.111111111111102
SOA0907,Salvador-Boca_do_Rio-apartamento-SUP-1Q,Carteira 2,BA,"Salvador, BA","Salvador, BA, Boca do Rio",1,421,3399.2,34,3140.34,2025-11,0.8966,0.6992,26,30,162.65,,0,0,2025-11-26,1.08,162.65,-258.8599999999997,berlinda,0,0.0,,,,22.813688212927758,Risco Baixo,🟡 Acima sem ação,0.0
ARK0201,Brasilia-Asa_Sul-apartamento-TOP-1Q,Carteira 1_sys-price,DF,"Brasília, DF","Brasília, DF, Asa Sul",0,137,5735.87,23,5352.87,2025-11,0.9,0.8574,27,30,265.67,,0,0,2025-11-26,1.07,0.0,-383.0,berlinda,0,0.0,,,,22.813688212927758,Risco Baixo,🟡 Acima sem ação,0.0
TCO0815,Porto_Alegre-Centro_Historico-apartamento-SUP-1Q,Carteira 4,RS,"Porto Alegre, RS","Porto Alegre, RS, Centro Histórico",0,421,2452.83,79,2397.11,2025-11,0.7667,0.633,23,30,121.22,120.0,1,0,2025-11-26,1.02,0.0,-55.7199999999998,berlinda,1,-0.0,2572.83,2544.834,,77.3764258555133,Risco Médio,🟡 Acima com risco,33.33333333333331
CZZ0404,Urubici-Geral-apartamento-SUP-1Q,Especial,SC,"Urubici, SC","Urubici, SC, Centro",1,221,1789.14,54,1757.61,2025-11,0.2759,0.2394,8,30,266.63,142.0,4,0,2025-11-26,1.02,266.63,-31.5300000000002,berlinda,4,-0.0,2357.1400000000003,1945.8512,,95.62737642585552,Risco Alto,🟡 Acima com risco,133.33333333333323
FFS1402,Itapema-Meia_Praia-Sul-apartamento-SUP-1Q,Carteira 6,SC,"Itapema, SC","Itapema, SC, Meia Praia",9,10,2403.42,19,2238.47,2025-11,0.8571,0.5403,18,30,164.72,138.0,1,0,2025-11-26,1.07,1482.48,-164.95000000000027,berlinda,1,-1.0,2541.42,2521.6998,,52.851711026615966,Risco Médio,🟡 Acima com risco,12.49999999999999
MLO0601,Itapema-Meia_Praia-Norte-apartamento-SUP-2Q,Carteira 6,SC,"Itapema, SC","Itapema, SC, Meia Praia",1,394,3630.85,26,3362.09,2025-11,0.8966,0.4787,26,30,158.38,149.0,1,0,2025-11-26,1.08,158.38,-268.75999999999976,berlinda,1,-1.0,3779.85,3764.4434,,49.619771863117876,Risco Baixo,🟡 Acima com risco,11.111111111111102
MTS1503,Itapema-Praia_Itapema-apartamento-SUP-2Q,Carteira 6,SC,"Itapema, SC","Itapema, SC, Morretes",0,213,3670.12,16,3686.67,2025-11,0.7667,0.5748,23,30,204.43,146.0,2,0,2025-11-26,1.0,0.0,16.550000000000182,berlinda,2,1.0,3962.12,3893.9964,,97.90874524714829,Risco Alto,🟡 Acima com risco,199.99999999999983
VFI0103,Gramado-Geral-apartamento-JR-2Q,Carteira 4,RS,"Gramado, RS","Gramado, RS, Centro",9,330,4149.56,51,4029.0,2025-11,0.619,0.5401,13,30,464.38,,0,0,2025-11-26,1.03,4179.42,-120.5600000000004,berlinda,0,0.0,,,,22.813688212927758,Risco Baixo,🟡 Acima sem ação,0.0
PTG0030,Porto_Seguro-Pitinga-casa-TOP-4Q,Carteira 2,BA,"Porto Seguro, BA","Porto Seguro, BA, Arraial DAjuda",7,393,7735.66,11,7356.61,2025-11,0.4348,0.4793,10,30,866.5,,0,17,2025-11-26,1.05,6065.5,-379.0500000000002,berlinda,0,0.0,,,,22.813688212927758,Risco Baixo,🟡 Acima sem ação,0.0
SKL1107,Penha-Praia-apartamento-SUP-3Q,Carteira 6,SC,"Penha, SC","Penha, SC, Armação",0,37,4097.46,22,3863.07,2025-11,0.5,0.3556,15,30,322.93,,0,0,2025-11-26,1.06,0.0,-234.38999999999987,berlinda,0,0.0,,,,22.813688212927758,Risco Baixo,🟡 Acima sem ação,0.0
TCO0512,Porto_Alegre-Centro_Historico-apartamento-SUP-1Q,Carteira 4,RS,"Porto Alegre, RS","Porto Alegre, RS, Centro Histórico",0,509,2391.84,79,2397.11,2025-11,0.7,0.633,21,30,127.48,120.0,2,0,2025-11-26,1.0,0.0,5.269999999999982,berlinda,2,1.0,2631.84,2559.84,,97.90874524714829,Risco Alto,🟡 Acima com risco,199.99999999999983
EDJ0410,Florianopolis-Ingleses_Praia-apartamento-SUP-1Q,Carteira 1,SC,"Florianópolis, SC","Florianópolis, SC, Ingleses do Rio Vermelho",0,204,3858.49,41,3726.57,2025-11,0.7333,0.57,22,30,224.86,,0,0,2025-11-26,1.04,0.0,-131.91999999999962,berlinda,0,0.0,,,,22.813688212927758,Risco Baixo,🟡 Acima sem ação,0.0
NWT0922,Especial-NWT-apartamento-TOP-1Q,Carteira 5,AL,"Maceió, AL","Maceió, AL, Pajuçara",1,221,5549.0,43,5085.72,2025-11,0.8276,0.6669,24,30,279.04,,0,0,2025-11-26,1.09,279.04,-463.27999999999975,berlinda,0,0.0,,,,22.813688212927758,Risco Baixo,🟡 Acima sem ação,0.0
NWT1004,Especial-NWT-apartamento-TOP-1Q,Carteira 5,AL,"Maceió, AL","Maceió, AL, Pajuçara",1,199,5398.24,43,5085.72,2025-11,0.7586,0.6669,22,30,298.59,280.0,1,0,2025-11-26,1.06,298.59,-312.5199999999995,berlinda,1,-1.0,5678.24,5610.648,,56.65399239543726,Risco Médio,🟡 Acima com risco,14.285714285714272
TRC0507,Florianopolis-UFSC-apartamento-SUP-1Q,Carteira 4,SC,"Florianópolis, SC","Florianópolis, SC, Carvoeira",0,50,3742.37,46,3534.63,2025-11,0.8667,0.7027,26,30,192.77,114.0,2,0,2025-11-26,1.06,0.0,-207.73999999999978,berlinda,2,-1.0,3970.37,3939.9775999999997,,73.19391634980988,Risco Médio,🟡 Acima com risco,28.571428571428545
MSSO0902,Goiania-Leste-apartamento-TOP-1Q,Carteira 1_sys-price,GO,"Goiânia, GO","Goiânia, GO, Jardim Goiás",0,767,4029.11,20,3958.21,2025-11,0.8667,0.6405,26,30,183.46,192.0,1,0,2025-11-26,1.02,0.0,-70.90000000000009,berlinda,1,-0.0,4221.110000000001,4195.5164,,77.3764258555133,Risco Médio,🟡 Acima com risco,33.33333333333331
NWC1510,Curitiba-Centro-apartamento-SUP-1Q,Carteira 4,PR,"Curitiba, PR","Curitiba, PR, Centro",0,80,3010.01,517,2946.51,2025-11,0.7,0.69,21,30,171.76,,0,0,2025-11-26,1.02,0.0,-63.5,berlinda,0,0.0,,,,22.813688212927758,Risco Baixo,🟡 Acima sem ação,0.0
SMA0107,Salvador-Pituba_Praia-apartamento-SUP-1Q,Carteira 5,BA,"Salvador, BA","Salvador, BA, Amaralina",2,65,2879.99,17,2763.38,2025-11,0.75,0.6934,21,30,171.29,168.0,2,0,2025-11-26,1.04,342.58,-116.60999999999967,berlinda,2,-0.0,3215.99,3131.99,,82.31939163498099,Risco Alto,🟡 Acima com risco,39.999999999999964
ACE0201,Florianopolis-Canasvieiras_Meio-apartamento-JR-2Q,Carteira 1,SC,"Florianópolis, SC","Florianópolis, SC, Canasvieiras",0,732,2550.52,25,2383.33,2025-11,0.4667,0.4004,14,30,272.43,241.0,1,0,2025-11-26,1.07,0.0,-167.19000000000005,berlinda,1,-0.0,2791.52,2662.9947,,52.851711026615966,Risco Médio,🟡 Acima com risco,12.49999999999999
FRE1007,Sao_Paulo-Pinheiros-apartamento-SUP-1Q,Carteira 4_sys-price,SP,"São Paulo, SP","São Paulo, SP, Pinheiros",0,22,4884.76,429,4778.7,2025-11,0.8667,0.7276,26,30,229.65,,0,0,2025-11-26,1.02,0.0,-106.0600000000004,berlinda,0,0.0,,,,22.813688212927758,Risco Baixo,🟡 Acima sem ação,0.0
MDC0214,Gramado-Geral-apartamento-SUP-1Q,Carteira 4,RS,"Gramado, RS","Gramado, RS, Floresta",0,240,5670.51,81,5551.49,2025-11,0.9333,0.727,28,30,259.79,,0,0,2025-11-26,1.02,0.0,-119.02000000000044,berlinda,0,0.0,,,,22.813688212927758,Risco Baixo,🟡 Acima sem ação,0.0
RVC0703,Itajai-Praia_Brava-apartamento-TOP-2Q,Carteira 6,SC,"Itajaí, SC","Itajaí, SC, Praia Brava",2,274,3834.69,19,3644.82,2025-11,0.6429,0.5872,18,30,253.61,,0,21,2025-11-26,1.05,507.22,-189.8699999999999,berlinda,0,0.0,,,,22.813688212927758,Risco Baixo,🟡 Acima sem ação,0.0
SPJ0401,Especial-SPJ-apartamento-TOP-1Q,Carteira 5,SC,"Florianópolis, SC","Florianópolis, SC, Jurerê",0,384,6777.63,17,6230.75,2025-11,0.9,0.7162,27,30,311.81,,0,0,2025-11-26,1.09,0.0,-546.8800000000001,berlinda,0,0.0,,,,22.813688212927758,Risco Baixo,🟡 Acima sem ação,0.0
VST023,Especial-VST-casa-TOP-1Q,Carteira 5,SC,"Anitápolis, SC","Anitápolis, SC, Vistas de Anitá",1,793,3825.39,54,3642.14,2025-11,0.5862,0.2969,17,30,288.29,180.0,1,0,2025-11-26,1.05,288.29,-183.25,berlinda,1,-1.0,4005.39,3930.906,,60.836501901140686,Risco Médio,🟡 Acima com risco,16.666666666666654
ILC3111,Especial-ILC-hotel-JR-1Q,Especial,SC,"Florianópolis, SC","Florianópolis, SC, Jurerê Internacional",0,1898,10897.54,17,10796.7,2025-11,0.7,0.6813,21,30,635.33,,0,0,2025-11-26,1.01,0.0,-100.84000000000015,berlinda,0,0.0,,,,22.813688212927758,Risco Baixo,🟡 Acima sem ação,0.0
RSN301,Itapema-Longe-apartamento-JR-2Q,Carteira 6,SC,"Itapema, SC","Itapema, SC, Morretes",2,711,2171.51,43,2141.15,2025-11,0.7143,0.4646,20,30,120.95,,0,0,2025-11-26,1.01,241.9,-30.360000000000127,berlinda,0,0.0,,,,22.813688212927758,Risco Baixo,🟡 Acima sem ação,0.0
SPJ0504,Especial-SPJ-apartamento-TOP-1Q,Carteira 5,SC,"Florianópolis, SC","Florianópolis, SC, Jurerê",0,381,6650.34,17,6230.75,2025-11,0.9667,0.7162,29,30,307.17,,0,0,2025-11-26,1.07,0.0,-419.59000000000015,berlinda,0,0.0,,,,22.813688212927758,Risco Baixo,🟡 Acima sem ação,0.0
BLB0507,Salvador-Barra-apartamento-SUP-1Q,Carteira 2,BA,"Salvador, BA","Salvador, BA, Barra",1,72,4424.73,213,4282.3,2025-11,0.8966,0.7357,26,30,203.15,134.0,1,0,2025-11-26,1.03,203.15,-142.42999999999938,berlinda,1,-1.0,4558.73,4544.8744,,71.10266159695817,Risco Médio,🟡 Acima com risco,24.99999999999998
EATNR0205,Sao_Paulo-Bela_Vista-apartamento-SUP-1Q,Carteira 4_sys-price,SP,"São Paulo, SP","São Paulo, SP, Bela Vista",3,172,4232.92,606,4211.74,2025-11,0.8519,0.7403,23,30,209.17,,0,0,2025-11-26,1.01,627.51,-21.18000000000029,berlinda,0,0.0,,,,22.813688212927758,Risco Baixo,🟡 Acima sem ação,0.0
NWT0615,Especial-NWT-apartamento-TOP-1Q,Carteira 5,AL,"Maceió, AL","Maceió, AL, Pajuçara",1,211,5548.79,43,5085.72,2025-11,0.7586,0.6669,22,30,311.86,,0,0,2025-11-26,1.09,311.86,-463.0699999999997,berlinda,0,0.0,,,,22.813688212927758,Risco Baixo,🟡 Acima sem ação,0.0
SIP0709,Salvador-Piata-apartamento-SUP-1Q,Carteira 5,BA,"Salvador, BA","Salvador, BA, Itapuã",5,64,2868.0,23,2647.24,2025-11,0.88,0.6158,22,30,152.05,,0,0,2025-11-26,1.08,760.25,-220.76000000000022,berlinda,0,0.0,,,,22.813688212927758,Risco Baixo,🟡 Acima sem ação,0.0
BSO0206,Itajai-Praia_Brava-apartamento-SUP-1Q,Carteira 6,SC,"Balneário Camboriú, SC","Balneário Camboriú, SC, Praia dos Amores",0,198,2884.43,13,2734.83,2025-11,0.7333,0.571,22,30,147.78,146.5,2,0,2025-11-26,1.05,0.0,-149.5999999999999,berlinda,2,-1.0,3177.43,3099.2869,,77.3764258555133,Risco Médio,🟡 Acima com risco,33.33333333333331
ECH0503,Florianopolis-Centrao-apartamento-TOP-1Q,Carteira 4,SC,"Florianópolis, SC","Florianópolis, SC, Centro",0,115,5743.04,31,5372.0,2025-11,0.8333,0.5693,25,30,273.48,168.0,1,4,2025-11-26,1.07,0.0,-371.03999999999996,berlinda,1,-2.0,5911.04,5883.0344,,52.851711026615966,Risco Médio,🟡 Acima com risco,12.49999999999999
NWT0616,Especial-NWT-apartamento-TOP-1Q,Carteira 5,AL,"Maceió, AL","Maceió, AL, Pajuçara",1,215,5411.25,43,5085.72,2025-11,0.7586,0.6669,22,30,274.91,,0,0,2025-11-26,1.06,274.91,-325.52999999999975,berlinda,0,0.0,,,,22.813688212927758,Risco Baixo,🟡 Acima sem ação,0.0
VST027,Especial-VST-casa-TOP-1Q,Carteira 5,SC,"Anitápolis, SC","Anitápolis, SC, Rio dos Pinheiros",3,67,3943.26,54,3642.14,2025-11,0.8519,0.2969,23,30,217.35,,0,0,2025-11-26,1.08,652.05,-301.12000000000035,berlinda,0,0.0,,,,22.813688212927758,Risco Baixo,🟡 Acima sem ação,0.0
ASR204,Florianopolis-Santinho-apartamento-TOP-2Q,Carteira 1,SC,"Florianópolis, SC","Florianópolis, SC, Ingleses do Rio Vermelho",0,1444,7292.8,17,7122.24,2025-11,0.5667,0.6074,17,30,544.76,,0,18,2025-11-26,1.02,0.0,-170.5600000000004,berlinda,0,0.0,,,,22.813688212927758,Risco Baixo,🟡 Acima sem ação,0.0
BTR0302,Balneario_Camboriu-Intermediario-apartamento-JR-2Q,Carteira 6,SC,"Balneário Camboriú, SC","Balneário Camboriú, SC, Centro",16,681,2481.33,54,2325.59,2025-11,1.0,0.4826,14,30,241.0,,0,0,2025-11-26,1.07,3856.0,-155.73999999999978,berlinda,0,0.0,,,,22.813688212927758,Risco Baixo,🟡 Acima sem ação,0.0
HOX1010,Sao_Paulo-Pinheiros-apartamento-SUP-1Q,Carteira 4_sys-price,SP,"São Paulo, SP","São Paulo, SP, Pinheiros",0,137,4786.34,429,4778.7,2025-11,0.7333,0.7276,22,30,256.68,170.5,2,0,2025-11-26,1.0,0.0,-7.640000000000327,berlinda,2,-0.0,5127.34,5036.3953,,97.90874524714829,Risco Alto,🟡 Acima com risco,199.99999999999983
MLU0306,Gramado-Geral-apartamento-SUP-1Q,Carteira 4,RS,"Gramado, RS","Gramado, RS, Bavaria",0,100,5865.31,81,5551.49,2025-11,0.8333,0.727,25,30,287.32,,0,0,2025-11-26,1.06,0.0,-313.8200000000006,berlinda,0,0.0,,,,22.813688212927758,Risco Baixo,🟡 Acima sem ação,0.0
BOU0101,Florianopolis-Canasvieiras_Meio-apartamento-JR-1Q,Carteira 1,SC,"Florianópolis, SC","Florianópolis, SC, Canasvieiras",1,444,1965.14,41,1927.04,2025-11,0.6207,0.5123,18,30,172.22,153.0,4,0,2025-11-26,1.02,172.22,-38.100000000000136,berlinda,4,-0.0,2577.1400000000003,2345.0084,,95.62737642585552,Risco Alto,🟡 Acima com risco,133.33333333333323
ETL2702,Balneario_Camboriu-Norte-apartamento-MASTER-4Q,Carteira 6,SC,"Balneário Camboriú, SC","Balneário Camboriú, SC, Pioneiros",8,334,14167.07,21,13138.88,2025-11,0.9091,0.5038,20,30,990.3,,0,3,2025-11-26,1.08,7922.4,-1028.1900000000005,berlinda,0,0.0,,,,22.813688212927758,Risco Baixo,🟡 Acima sem ação,0.0
GDP0010,Brasilia-Asa_Sul-apartamento-JR-1Q,Carteira 1_sys-price,DF,"Brasília, DF","Brasília, DF, Asa Sul",0,190,3744.87,232,3467.2,2025-11,0.7333,0.8106,22,30,203.68,,0,0,2025-11-26,1.08,0.0,-277.6700000000001,berlinda,0,0.0,,,,22.813688212927758,Risco Baixo,🟡 Acima sem ação,0.0
JCS0004,Penha-Longe-casa-SUP-1Q,Carteira 6,SC,"Penha, SC","Penha, SC, Armação",0,326,2785.96,63,2627.29,2025-11,0.7667,0.505,23,30,172.17,,0,0,2025-11-26,1.06,0.0,-158.67000000000007,berlinda,0,0.0,,,,22.813688212927758,Risco Baixo,🟡 Acima sem ação,0.0
SPJ0201,Especial-SPJ-apartamento-TOP-1Q,Carteira 5,SC,"Florianópolis, SC","Florianópolis, SC, Jurerê",0,516,6589.55,17,6230.75,2025-11,0.8333,0.7162,25,30,320.08,182.0,1,0,2025-11-26,1.06,0.0,-358.8000000000002,berlinda,1,-1.0,6771.55,6741.2106,,56.65399239543726,Risco Médio,🟡 Acima com risco,14.285714285714272
SOA0506,Salvador-Boca_do_Rio-apartamento-SUP-1Q,Carteira 2,BA,"Salvador, BA","Salvador, BA, Boca do Rio",0,445,3208.98,34,3140.34,2025-11,0.9,0.6992,27,30,143.11,,0,0,2025-11-26,1.02,0.0,-68.63999999999987,berlinda,0,0.0,,,,22.813688212927758,Risco Baixo,🟡 Acima sem ação,0.0
COE0406,Sao_Paulo-Pinheiros-apartamento-TOP-1Q,Carteira 4_sys-price,SP,"São Paulo, SP","São Paulo, SP, Pinheiros",0,522,5728.05,282,5725.56,2025-11,0.7,0.7536,21,30,313.38,223.67,3,0,2025-11-26,1.0,0.0,-2.4899999999997817,berlinda,3,-0.0,6399.06,6197.757,,99.42965779467681,Risco Alto,🟡 Acima com risco,299.9999999999998
PGO0406,Pocos_de_Caldas-Geral-apartamento-SUP-1Q,Carteira 4,MG,"Poços de Caldas, MG","Poços de Caldas, MG, São Benedito",0,415,2106.7,32,2111.47,2025-11,0.5667,0.4434,17,30,147.41,120.0,1,0,2025-11-26,1.0,0.0,4.769999999999982,berlinda,1,1.0,2226.7,2174.7039999999997,,92.77566539923954,Risco Alto,🟡 Acima com risco,99.99999999999991
DLH0403,Gramado-Centro-apartamento-TOP-2Q,Carteira 4,RS,"Gramado, RS","Gramado, RS, Centro",3,1,11721.83,57,11340.27,2025-11,0.8889,0.715,24,30,546.21,,0,0,2025-11-26,1.03,1638.63,-381.5599999999995,berlinda,0,0.0,,,,22.813688212927758,Risco Baixo,🟡 Acima sem ação,0.0
DPR0006,Balneario_Camboriu-Sul-apartamento-JR-1Q,Carteira 6,SC,"Balneário Camboriú, SC","Balneário Camboriú, SC, Barra",3,235,2161.27,39,2053.56,2025-11,0.7778,0.5623,21,30,122.19,110.0,1,0,2025-11-26,1.05,366.57,-107.71000000000004,berlinda,1,-0.0,2271.27,2246.828,,60.836501901140686,Risco Médio,🟡 Acima com risco,16.666666666666654
TCO0612,Porto_Alegre-Centro_Historico-apartamento-SUP-1Q,Carteira 4,RS,"Porto Alegre, RS","Porto Alegre, RS, Centro Histórico",1,564,2598.9,79,2397.11,2025-11,0.8966,0.633,26,30,120.0,,0,0,2025-11-26,1.08,120.0,-201.78999999999996,berlinda,0,0.0,,,,22.813688212927758,Risco Baixo,🟡 Acima sem ação,0.0
VPD0605,Florianopolis-Beira_Mar-apartamento-TOP-1Q,Carteira 4,SC,"Florianópolis, SC","Florianópolis, SC, Agronômica",0,200,5930.08,19,5822.93,2025-11,0.9,0.7589,27,30,287.33,,0,0,2025-11-26,1.02,0.0,-107.14999999999964,berlinda,0,0.0,,,,22.813688212927758,Risco Baixo,🟡 Acima sem ação,0.0
ERG605,Balneario_Camboriu-Norte-apartamento-SUP-2Q,Carteira 6,SC,"Balneário Camboriú, SC","Balneário Camboriú, SC, Centro",1,1159,5132.19,36,4747.03,2025-11,0.8966,0.614,26,30,224.23,,0,0,2025-11-26,1.08,224.23,-385.15999999999985,berlinda,0,0.0,,,,22.813688212927758,Risco Baixo,🟡 Acima sem ação,0.0
TCO1216,Porto_Alegre-Centro_Historico-apartamento-SUP-1Q,Carteira 4,RS,"Porto Alegre, RS","Porto Alegre, RS, Centro Histórico",1,499,2597.1,79,2397.11,2025-11,0.8276,0.633,24,30,135.83,120.0,2,0,2025-11-26,1.08,135.83,-199.98999999999978,berlinda,2,-1.0,2837.1,2795.7239999999997,,68.8212927756654,Risco Médio,🟡 Acima com risco,22.222222222222204
