listing,categoria,carteira,estado,cidade,Bairro,dias_bloqueados,dias_ativo,faturamento_mes,n_concorrentes,meta,mes_ano,to_listings,to_concorrentes,dias_ocupados,total_dias,media_preco_ocupado,media_preco_disponivel,ocupacao_ainda_disponivel,dias_pmin,data_da_execucao,atingimento_meta,faturamento_perdido_bloqueio,falta_meta,grupo_criticidade
BPA0103,Sao_Paulo-Bela_Vista-apartamento-TOP-1Q,Carteira 4_sys-price,SP,"São Paulo, SP","São Paulo, SP, Bela Vista",1,177,6238.96,230,4695.93,2025-11,0.9655,0.7432,28,30,268.14,,0,0,2025-11-24,1.33,268.14,-1543.0299999999997,ok
BSS0703,Sao_Paulo-Santo_Amaro-apartamento-SUP-1Q,Carteira 4,SP,"São Paulo, SP","São Paulo, SP, Jardim das Acácias",0,428,3484.71,157,3988.2,2025-11,0.7333,0.6596,22,30,192.45,134.0,1,0,2025-11-24,0.87,0.0,503.4899999999998,berlinda
BVA0601,Sao_Paulo-Republica-apartamento-SUP-1Q,Carteira 4_sys-price,SP,"São Paulo, SP","São Paulo, SP, Bela Vista",2,410,2799.12,470,3552.85,2025-11,0.8214,0.7444,23,30,164.26,,0,0,2025-11-24,0.79,328.52,753.73,atenção
CAA103,Bombinhas-Centro-apartamento-JR-2Q,Carteira 6,SC,"Bombinhas, SC","Bombinhas, SC, Centro",0,1094,4243.61,57,1557.2,2025-11,0.9,0.2626,27,30,199.11,115.0,1,0,2025-11-24,2.73,0.0,-2686.41,meta_subestimada
DAC0402,Florianopolis-Estreito-apartamento-SUP-1Q,Carteira 4,SC,"Florianópolis, SC","Florianópolis, SC, Estreito",2,198,1188.87,24,2685.93,2025-11,0.4286,0.6316,12,30,129.75,,0,0,2025-11-24,0.44,259.5,1497.06,crítico
DON0504,Balneario_Camboriu-Norte-apartamento-SUP-3Q,Carteira 6,SC,"Balneário Camboriú, SC","Balneário Camboriú, SC, Centro",1,108,7235.57,23,6569.44,2025-11,0.931,0.5601,27,30,352.41,180.0,1,0,2025-11-24,1.1,352.41,-666.1300000000001,ok
ECM0206,Florianopolis-Lagoa-apartamento-SUP-1Q,Carteira 1,SC,"Florianópolis, SC","Florianópolis, SC, Lagoa da Conceição",2,40,2873.41,27,3747.01,2025-11,0.6071,0.7398,17,30,204.82,191.25,4,0,2025-11-24,0.77,409.64,873.6000000000004,atenção
EII0304,Maceio-Ponta_Verde-apartamento-SUP-1Q,Carteira 2,AL,"Maceió, AL","Maceió, AL, Ponta Verde",0,96,2983.62,212,4400.2,2025-11,0.6333,0.7724,19,30,189.37,184.4,5,0,2025-11-24,0.68,0.0,1416.58,atenção
FFS0909,Itapema-Meia_Praia-Sul-apartamento-SUP-1Q,Carteira 6,SC,"Itapema, SC","Itapema, SC, Meia Praia",10,2,1823.78,19,2238.48,2025-11,0.65,0.5187,13,30,178.15,126.0,3,0,2025-11-24,0.81,1781.5,414.70000000000005,berlinda
IFT1208,Itapema-Meia_Praia-Norte-apartamento-TOP-1Q,Carteira 6,SC,"Itapema, SC","Itapema, SC, Meia Praia",0,53,3962.54,32,3277.09,2025-11,0.8,0.4396,24,30,198.44,,0,0,2025-11-24,1.21,0.0,-685.4499999999998,ok
LGD0205,Florianopolis-Centrao-apartamento-TOP-1Q,Carteira 4,SC,"Florianópolis, SC","Florianópolis, SC, Centro",1,436,3312.08,31,4642.4,2025-11,0.5517,0.549,16,30,252.69,173.0,1,0,2025-11-24,0.71,252.69,1330.3199999999997,atenção
LIV0512,Salvador-Graca-apartamento-TOP-1Q,Especial,BA,"Salvador, BA","Salvador, BA, Vitória",0,120,4089.77,15,3658.61,2025-11,0.7333,0.6726,22,30,234.82,200.33,3,0,2025-11-24,1.12,0.0,-431.15999999999985,ok
NWT1306,Especial-NWT-apartamento-TOP-1Q,Carteira 5,AL,"Maceió, AL","Maceió, AL, Pajuçara",2,303,6733.23,43,5085.72,2025-11,0.8929,0.6637,25,30,341.0,,0,0,2025-11-24,1.32,682.0,-1647.5099999999993,ok
NXO2104,Sao_Paulo-Bela_Vista-apartamento-SUP-1Q,Carteira 4_sys-price,SP,"São Paulo, SP","São Paulo, SP, Consolação",4,572,1675.97,605,4142.47,2025-11,0.5,0.7186,13,30,222.67,150.0,3,0,2025-11-24,0.4,890.68,2466.5,crítico
PAR0001,Urubici-Geral-casa-TOP-1Q,Carteira 3,SC,"Urubici, SC","Urubici, SC, Arroio do Engenho",5,729,2128.99,100,3484.64,2025-11,0.4,0.2886,10,30,246.9,225.5,6,0,2025-11-24,0.61,1234.5,1355.65,atenção
PRY0004,Porto_Seguro-Pataxos-apartamento-SUP-2Q,Carteira 2,BA,"Porto Seguro, BA","Porto Seguro, BA, Taperapuã",2,23,4318.98,44,3643.3,2025-11,0.9286,0.5205,26,30,208.08,204.0,2,1,2025-11-24,1.19,416.16,-675.6799999999994,ok
PSD206,Florianopolis-Jurere_Tradicional-apartamento-JR-1Q,Carteira 1,SC,"Florianópolis, SC","Florianópolis, SC, Jurerê",9,199,1829.17,23,3139.05,2025-11,0.4762,0.5172,10,30,273.0,230.33,3,0,2025-11-24,0.58,2457.0,1309.88,atenção
PSO0305,Penha-Beto_Carrero-apartamento-SUP-1Q,Carteira 3,SC,"Penha, SC","Penha, SC, Praia de Armação do Itapocoroi",0,89,4790.43,18,2190.5,2025-11,0.9333,0.486,28,30,224.68,166.0,1,0,2025-11-24,2.19,0.0,-2599.9300000000003,meta_subestimada
PTZ0166,Ilheus-Boa_Vista-apartamento-JR-2Q,Carteira 2,BA,"Ilhéus, BA","Ilhéus, BA, Conquista",0,297,2102.92,32,1546.25,2025-11,0.6,0.3876,18,30,135.06,129.33,3,0,2025-11-24,1.36,0.0,-556.6700000000001,ok
SLC0201,Florianopolis-Rio_Vermelho-apartamento-JR-1Q,Carteira 1,SC,"Florianópolis, SC","Florianópolis, SC, Ingleses do Rio Vermelho",0,318,2216.62,21,2656.73,2025-11,0.7333,0.5306,22,30,124.68,165.5,4,0,2025-11-24,0.83,0.0,440.1100000000001,berlinda
SMT0713,Salvador-Boca_do_Rio-apartamento-SUP-1Q,Carteira 2,BA,"Salvador, BA","Salvador, BA, Armação",1,274,2804.54,34,3140.34,2025-11,0.7241,0.6738,21,30,164.57,126.0,1,0,2025-11-24,0.89,164.57,335.8000000000002,berlinda
SPJ0304,Especial-SPJ-apartamento-TOP-1Q,Carteira 5,SC,"Florianópolis, SC","Florianópolis, SC, Jurerê",0,515,7628.19,16,6452.9,2025-11,0.7667,0.7069,23,30,362.0,278.0,3,0,2025-11-24,1.18,0.0,-1175.29,ok
SPT0104,Blumenau-Central-apartamento-JR-1Q,Carteira 4,SC,"Blumenau, SC","Blumenau, SC, Itoupava Seca",0,591,757.89,42,910.58,2025-11,0.3,0.3663,9,30,101.0,100.0,6,24,2025-11-24,0.83,0.0,152.69000000000005,berlinda
SPT0107,Blumenau-Central-apartamento-JR-1Q,Carteira 4,SC,"Blumenau, SC","Blumenau, SC, Itoupava Seca",0,596,463.92,42,910.58,2025-11,0.2,0.3663,6,30,105.33,100.0,6,23,2025-11-24,0.51,0.0,446.66,atenção
VAC5604,Barra_Velha-Tabuleiro-apartamento-TOP-2Q,Carteira 3,SC,"Barra Velha, SC","Barra Velha, SC, Itajuba",9,170,1058.32,57,1928.98,2025-11,0.1905,0.3592,4,30,276.75,273.0,6,27,2025-11-24,0.55,2490.75,870.6600000000001,atenção
BCL0507,Ilheus-Pontal-apartamento-SUP-2Q,Carteira 2,BA,"Ilhéus, BA","Ilhéus, BA, Pontal",0,423,3540.52,50,2537.59,2025-11,0.6,0.3651,18,30,216.83,178.67,6,0,2025-11-24,1.4,0.0,-1002.9299999999998,ok
CVY0306,Cabo_Frio-Centro-apartamento-JR-3Q,Carteira 4,RJ,"Cabo Frio, RJ","Cabo Frio, RJ, Vila Nova",2,128,959.4,122,2350.4,2025-11,0.1429,0.3697,4,30,284.75,235.0,6,0,2025-11-24,0.41,569.5,1391.0,crítico
DLH0206,Gramado-Centro-apartamento-TOP-1Q,Carteira 4,RS,"Gramado, RS","Gramado, RS, Centro",0,521,10470.47,27,8121.75,2025-11,0.8667,0.7321,26,30,477.0,,0,0,2025-11-24,1.29,0.0,-2348.7199999999993,ok
EAC1304,Balneario_Camboriu-Centro-apartamento-JR-1Q,Carteira 6,SC,"Balneário Camboriú, SC","Balneário Camboriú, SC, Centro",2,733,3130.14,37,1985.43,2025-11,0.9286,0.5369,26,30,139.3,,0,0,2025-11-24,1.58,278.6,-1144.7099999999998,ok
EOO0203,Itapema-Praia_Itapema-apartamento-JR-2Q,Carteira 6,SC,"Itapema, SC","Itapema, SC, Meia Praia",1,5,2578.27,43,2115.85,2025-11,0.7586,0.4213,22,30,145.45,167.0,1,0,2025-11-24,1.22,145.45,-462.4200000000001,ok
IBI307,Florianopolis-Jurere_Internacional-apartamento-TOP-1Q,Carteira 1,SC,"Florianópolis, SC","Florianópolis, SC, Jurerê Internacional",0,1452,5484.08,50,6417.62,2025-11,0.6333,0.6175,19,30,342.95,282.0,2,0,2025-11-24,0.85,0.0,933.54,berlinda
IFT0808,Itapema-Meia_Praia-Norte-apartamento-TOP-1Q,Carteira 6,SC,"Itapema, SC","Itapema, SC, Meia Praia",0,169,5164.4,32,3277.09,2025-11,0.8333,0.4396,25,30,263.32,165.67,3,0,2025-11-24,1.58,0.0,-1887.3099999999995,ok
ILC2505,Especial-ILC-hotel-TOP-1Q,Especial,SC,"Florianópolis, SC","Florianópolis, SC, Jurerê Internacional",7,1282,10618.12,30,11771.46,2025-11,0.8696,0.7857,20,30,705.35,516.67,3,0,2025-11-24,0.9,4937.45,1153.3399999999983,berlinda
ILC3209,Especial-ILC-hotel-TOP-1Q,Especial,SC,"Florianópolis, SC","Florianópolis, SC, Jurerê Internacional",0,1445,9887.43,30,11771.46,2025-11,0.6,0.7857,18,30,700.0,465.0,1,0,2025-11-24,0.84,0.0,1884.0299999999988,berlinda
ILC3415,Especial-ILC-hotel-TOP-1Q,Especial,SC,"Florianópolis, SC","Florianópolis, SC, Jurerê Internacional",2,1971,6942.2,30,11771.46,2025-11,0.3929,0.7857,11,30,789.18,527.0,4,15,2025-11-24,0.59,1578.36,4829.259999999999,atenção
MHFA0506,Itapema-Canto_Praia-apartamento-SUP-1Q,Carteira 5,SC,"Itapema, SC","Itapema, SC, Centro",0,456,4168.38,14,2356.68,2025-11,0.9333,0.4102,28,30,181.21,,0,0,2025-11-24,1.77,0.0,-1811.7000000000003,ok
MUT0054,Santa_Cruz_Cabralia-Coroa_Vermelha-apartamento-SUP-3Q,Carteira 2,BA,"Santa Cruz Cabrália, BA","Santa Cruz Cabrália, BA, Coroa Vermelha",0,158,5198.1,21,2676.44,2025-11,0.6333,0.3046,19,30,327.16,225.17,6,0,2025-11-24,1.94,0.0,-2521.6600000000003,ok
NWT0420,Especial-NWT-apartamento-TOP-1Q,Carteira 5,AL,"Maceió, AL","Maceió, AL, Pajuçara",4,366,5598.3,43,5085.72,2025-11,0.7692,0.6637,20,30,343.95,280.0,1,0,2025-11-24,1.1,1375.8,-512.5799999999999,ok
NWT0618,Especial-NWT-apartamento-TOP-1Q,Carteira 5,AL,"Maceió, AL","Maceió, AL, Pajuçara",1,215,4369.35,43,5085.72,2025-11,0.6207,0.6637,18,30,279.56,250.0,3,0,2025-11-24,0.86,279.56,716.3699999999999,berlinda
NWT0705,Especial-NWT-apartamento-TOP-1Q,Carteira 5,AL,"Maceió, AL","Maceió, AL, Pajuçara",0,149,3817.04,43,5085.72,2025-11,0.5,0.6637,15,30,302.75,294.0,6,0,2025-11-24,0.75,0.0,1268.6800000000003,atenção
ONI0001,Barra_Velha-Tabuleiro-casa-JR-2Q,Carteira 3,SC,"Barra Velha, SC","Barra Velha, SC, Tabuleiro",0,1,1012.2,19,1892.97,2025-11,0.2667,0.4275,8,30,171.0,151.5,6,0,2025-11-24,0.53,0.0,880.77,atenção
ONX1411,Goiania-Central-apartamento-JR-1Q,Carteira 1_sys-price,GO,"Goiânia, GO","Goiânia, GO, Setor Bueno",0,478,3380.72,75,2592.5,2025-11,0.9333,0.5388,28,30,158.93,,0,0,2025-11-24,1.3,0.0,-788.2199999999998,ok
PTA0104,Cabedelo-Intermares-apartamento-SUP-2Q,Carteira 2,PB,"Cabedelo, PB","Cabedelo, PB, Intermares",0,362,2698.99,52,3528.42,2025-11,0.6667,0.6124,20,30,155.65,172.5,6,0,2025-11-24,0.76,0.0,829.4300000000003,atenção
RRB0202,Florianopolis-Canasvieiras_Perto-apartamento-JR-1Q,Carteira 1,SC,"Florianópolis, SC","Florianópolis, SC, Canasvieiras",0,402,2622.68,59,1537.73,2025-11,0.5667,0.4046,17,30,217.12,151.5,6,0,2025-11-24,1.71,0.0,-1084.9499999999998,ok
SCO0012,Florianopolis-Campeche-apartamento-JR-1Q,Carteira 1,SC,"Florianópolis, SC","Florianópolis, SC, Campeche",0,219,1440.74,28,2204.41,2025-11,0.3667,0.6439,11,30,144.91,,0,0,2025-11-24,0.65,0.0,763.6699999999998,atenção
VGZ0007,Imbituba-Praia_do_Rosa-casa-SUP-1Q,Carteira 6,SC,"Imbituba, SC","Imbituba, SC, Ibiraquera",9,620,2297.18,44,2841.89,2025-11,0.8095,0.4208,17,30,167.29,110.0,2,0,2025-11-24,0.81,1505.61,544.71,berlinda
VLE003,Bombinhas-Mariscal-apartamento-JR-2Q,Carteira 6,SC,"Bombinhas, SC","Bombinhas, SC, Mariscal",0,1494,1968.8,12,1868.64,2025-11,0.2333,0.2244,7,30,262.71,198.0,6,26,2025-11-24,1.05,0.0,-100.15999999999985,berlinda
AQT0604,Itapema-Praia_Itapema-apartamento-TOP-3Q,Carteira 6,SC,"Itapema, SC","Itapema, SC, Morretes",6,122,4380.71,32,3812.15,2025-11,0.875,0.386,21,30,241.67,180.0,1,0,2025-11-24,1.15,1450.02,-568.56,ok
FFS0905,Itapema-Meia_Praia-Sul-apartamento-SUP-1Q,Carteira 4,SC,"Itapema, SC","Itapema, SC, Meia Praia",1,1,2764.9,19,2238.48,2025-11,0.7586,0.5187,22,30,156.32,130.5,2,0,2025-11-24,1.24,156.32,-526.4200000000001,ok
LIV1605,Salvador-Graca-apartamento-TOP-1Q,Especial,BA,"Salvador, BA","Salvador, BA, Vitória",0,157,5169.95,15,3658.61,2025-11,0.8333,0.6726,25,30,264.96,235.5,2,0,2025-11-24,1.41,0.0,-1511.3399999999997,ok
LLE0204,Itapema-Meia_Praia-Norte-apartamento-TOP-3Q,Carteira 6,SC,"Itapema, SC","Itapema, SC, Meia Praia",4,59,5533.17,22,3495.11,2025-11,0.9231,0.3624,24,30,312.67,250.0,1,0,2025-11-24,1.58,1250.68,-2038.06,ok
MAB0203,Florianopolis-Ingleses_Norte-apartamento-JR-1Q,Carteira 1,SC,"Florianópolis, SC","Florianópolis, SC, Ingleses do Rio Vermelho",0,113,518.88,60,2205.66,2025-11,0.1333,0.4962,4,30,169.25,229.0,6,0,2025-11-24,0.24,0.0,1686.7799999999997,crítico
NBL0402,Porto_Alegre-Jardim_Botanico-apartamento-SUP-1Q,Carteira 4,RS,"Porto Alegre, RS","Porto Alegre, RS, Santa Cecília",0,702,1003.85,68,2372.5,2025-11,0.3,0.5342,9,30,130.33,130.67,6,0,2025-11-24,0.42,0.0,1368.65,crítico
NOR0203,Brasilia-Asa_Norte-apartamento-SUP-1Q,Carteira 1_sys-price,DF,"Brasília, DF","Brasília, DF, Asa Norte",1,767,3883.84,142,4078.89,2025-11,0.8621,0.8171,25,30,199.24,,0,0,2025-11-24,0.95,199.24,195.04999999999973,berlinda
NWT0613,Especial-NWT-apartamento-TOP-1Q,Carteira 5,AL,"Maceió, AL","Maceió, AL, Pajuçara",1,215,5547.55,43,5085.72,2025-11,0.7586,0.6637,22,30,292.68,323.5,2,0,2025-11-24,1.09,292.68,-461.8299999999999,berlinda
NWT0713,Especial-NWT-apartamento-TOP-1Q,Carteira 5,AL,"Maceió, AL","Maceió, AL, Pajuçara",0,180,7063.25,43,5085.72,2025-11,0.9,0.6637,27,30,323.7,,0,0,2025-11-24,1.39,0.0,-1977.5299999999997,ok
NWT1320,Especial-NWT-apartamento-TOP-1Q,Carteira 5,AL,"Maceió, AL","Maceió, AL, Pajuçara",3,72,5282.15,43,5085.72,2025-11,0.7407,0.6637,20,30,338.5,280.0,2,0,2025-11-24,1.04,1015.5,-196.42999999999938,berlinda
PRV1003,Salvador-Barra-apartamento-SUP-1Q,Carteira 2,BA,"Salvador, BA","Salvador, BA, Barra",0,387,3577.8,212,4248.24,2025-11,0.7333,0.7112,22,30,187.91,130.0,1,0,2025-11-24,0.84,0.0,670.4399999999996,berlinda
PSD301,Florianopolis-Jurere_Tradicional-apartamento-SIM-2Q,Carteira 1,SC,"Florianópolis, SC","Florianópolis, SC, Jurerê",1,1990,3132.15,23,3139.05,2025-11,0.5172,0.5172,15,30,254.13,234.0,3,0,2025-11-24,1.0,254.13,6.900000000000091,berlinda
PSO0802,Penha-Beto_Carrero-apartamento-SUP-1Q,Carteira 3,SC,"Penha, SC","Penha, SC, Praia de Armação do Itapocoroi",0,102,4401.58,18,2190.5,2025-11,0.8,0.486,24,30,224.08,,0,0,2025-11-24,2.01,0.0,-2211.08,meta_subestimada
PTS0101,Florianopolis-Ingleses_Norte-apartamento-SUP-2Q,Carteira 1,SC,"Florianópolis, SC","Florianópolis, SC, Ingleses do Rio Vermelho",0,192,2644.38,86,2552.46,2025-11,0.4,0.3604,12,30,238.5,,0,0,2025-11-24,1.04,0.0,-91.92000000000007,berlinda
SCE114,Brasilia-Asa_Norte-apartamento-SUP-1Q,Carteira 1_sys-price,DF,"Brasília, DF","Brasília, DF, Asa Norte",0,596,4448.69,142,4078.89,2025-11,0.9667,0.8171,29,30,180.24,198.0,1,0,2025-11-24,1.09,0.0,-369.7999999999997,berlinda
VGA1002,Itapema-Praia_Centro-apartamento-TOP-3Q,Carteira 6,SC,"Itapema, SC","Itapema, SC, Itapema",13,612,5029.58,13,2869.14,2025-11,1.0,0.3591,17,30,409.0,,0,0,2025-11-24,1.75,5317.0,-2160.44,ok
VGZ0005,Imbituba-Praia_do_Rosa-casa-SUP-1Q,Carteira 6,SC,"Imbituba, SC","Imbituba, SC, Ibiraquera",2,620,4021.5,44,2841.89,2025-11,0.8929,0.4208,25,30,179.76,110.0,1,0,2025-11-24,1.42,359.52,-1179.6100000000001,ok
VLR801,Florianopolis-Centrao-apartamento-JR-1Q,Carteira 4,SC,"Florianópolis, SC","Florianópolis, SC, Centro",0,1230,3254.69,72,3484.62,2025-11,0.8667,0.6339,26,30,146.5,,0,0,2025-11-24,0.93,0.0,229.92999999999984,berlinda
WBU2407,Goiania-Central-apartamento-TOP-1Q,Carteira 1_sys-price,GO,"Goiânia, GO","Goiânia, GO, Setor Bueno",0,359,4691.0,54,3159.15,2025-11,0.9,0.5673,27,30,218.48,175.0,1,0,2025-11-24,1.48,0.0,-1531.85,ok
ACE0201,Florianopolis-Canasvieiras_Meio-apartamento-JR-2Q,Carteira 1,SC,"Florianópolis, SC","Florianópolis, SC, Canasvieiras",0,732,3065.62,26,2377.33,2025-11,0.5,0.3829,15,30,277.27,158.5,2,0,2025-11-24,1.29,0.0,-688.29,ok
ASK001,Florianopolis-Itacorubi-apartamento-JR-1Q,Carteira 4,SC,"Florianópolis, SC","Florianópolis, SC, Santa Mônica",0,1101,1508.99,16,2133.36,2025-11,0.4667,0.7361,14,30,140.29,127.0,4,0,2025-11-24,0.71,0.0,624.3700000000001,atenção
CCS0205,Florianopolis-Campeche_Praia-apartamento-TOP-1Q,Carteira 1,SC,"Florianópolis, SC","Florianópolis, SC, Campeche",1,617,4434.86,12,5066.98,2025-11,0.8276,0.7226,24,30,214.21,213.0,1,0,2025-11-24,0.88,214.21,632.1199999999999,berlinda
DLH0105,Gramado-Centro-apartamento-TOP-2Q,Carteira 4,RS,"Gramado, RS","Gramado, RS, Centro",1,451,11047.08,55,11231.9,2025-11,0.7931,0.7261,23,30,606.22,,0,0,2025-11-24,0.98,606.22,184.8199999999997,berlinda
FRE1007,Sao_Paulo-Pinheiros-apartamento-SUP-1Q,Carteira 4,SP,"São Paulo, SP","São Paulo, SP, Pinheiros",0,22,4884.76,429,4667.71,2025-11,0.8667,0.7106,26,30,229.65,,0,0,2025-11-24,1.05,0.0,-217.05000000000018,berlinda
HAI406,Salvador-Centro-apartamento-JR-1Q,Carteira 2,BA,"Salvador, BA","Salvador, BA, Centro",0,460,1997.61,28,2355.51,2025-11,0.5333,0.7039,16,30,150.0,111.0,3,0,2025-11-24,0.85,0.0,357.9000000000003,berlinda
ILC2108,Especial-ILC-hotel-TOP-1Q,Especial,SC,"Florianópolis, SC","Florianópolis, SC, Jurerê Internacional",0,1800,16952.2,30,11771.46,2025-11,0.8667,0.7857,26,30,835.12,,0,0,2025-11-24,1.44,0.0,-5180.740000000002,ok
JBV106,Especial-JBV-hotel-JR-1Q,Especial,SC,"Florianópolis, SC","Florianópolis, SC, Jurerê",4,1698,9497.75,27,10333.97,2025-11,0.9231,0.693,24,30,502.96,,0,0,2025-11-24,0.92,2011.84,836.2199999999993,berlinda
JFM0062,Florianopolis-Beira_Mar-apartamento-JR-3Q,Carteira 4,SC,"Florianópolis, SC","Florianópolis, SC, Centro",0,235,4564.91,16,4817.34,2025-11,0.6333,0.5958,19,30,300.16,201.0,3,0,2025-11-24,0.95,0.0,252.4300000000003,berlinda
JQP0521,Sao_Paulo-Republica-apartamento-JR-1Q,Carteira 4,SP,"São Paulo, SP","São Paulo, SP, Centro Histórico de São Paulo",13,89,1327.4,312,2823.4,2025-11,0.7059,0.7487,12,30,135.42,107.0,2,0,2025-11-24,0.47,1760.4599999999998,1496.0,crítico
MDC0214,Gramado-Geral-apartamento-SUP-1Q,Carteira 4,RS,"Gramado, RS","Gramado, RS, Floresta",0,240,5670.51,83,5551.49,2025-11,0.9333,0.7112,28,30,259.79,,0,0,2025-11-24,1.02,0.0,-119.02000000000044,berlinda
MHFB0605,Itapema-Canto_Praia-apartamento-SUP-1Q,Carteira 5,SC,"Itapema, SC","Itapema, SC, Centro",0,374,4318.63,14,2356.68,2025-11,0.7667,0.4102,23,30,230.43,184.0,2,0,2025-11-24,1.83,0.0,-1961.9500000000003,ok
NWT1019,Especial-NWT-apartamento-TOP-1Q,Carteira 5,AL,"Maceió, AL","Maceió, AL, Pajuçara",0,199,6148.85,43,5085.72,2025-11,0.6667,0.6637,20,30,393.1,,0,0,2025-11-24,1.21,0.0,-1063.13,ok
PAI0303,Salvador-Barra-apartamento-JR-1Q,Carteira 2,BA,"Salvador, BA","Salvador, BA, Barra",0,345,3658.89,121,3106.13,2025-11,0.9,0.7082,27,30,149.56,,0,0,2025-11-24,1.18,0.0,-552.7599999999998,ok
PAR0002,Urubici-Geral-casa-TOP-1Q,Carteira 3,SC,"Urubici, SC","Urubici, SC, Arroio do Engenho",1,729,1348.73,100,3484.64,2025-11,0.1379,0.2886,4,30,361.25,225.5,6,0,2025-11-24,0.39,361.25,2135.91,crítico
PSO0304,Penha-Beto_Carrero-apartamento-SUP-1Q,Carteira 3,SC,"Penha, SC","Penha, SC, Praia de Armação do Itapocoroi",0,114,3295.62,18,2190.5,2025-11,0.6,0.486,18,30,216.33,162.0,1,0,2025-11-24,1.5,0.0,-1105.12,ok
PSV000,Garopaba-Centro-casa-TOP-3Q,Carteira 6,SC,"Garopaba, SC","Garopaba, SC, Garopaba",30,638,0.0,18,7296.86,2025-11,,0.5178,0,30,0.0,,0,26,2025-11-24,0.0,0.0,7296.86,crítico
RAP0306,Florianopolis-Campeche_Praia-apartamento-SUP-1Q,Carteira 1,SC,"Florianópolis, SC","Florianópolis, SC, Campeche",8,330,2837.36,11,3052.35,2025-11,0.6818,0.7176,15,30,230.27,234.2,5,0,2025-11-24,0.93,1842.16,214.98999999999978,berlinda
RFM0039,Santa_Cruz_Cabralia-Coroa_Vermelha-apartamento-SUP-2Q,Carteira 2,BA,"Santa Cruz Cabrália, BA","Santa Cruz Cabrália, BA, Coroa Vermelha",0,353,0.0,51,3298.0,2025-11,0.0,0.5248,0,30,0.0,234.0,6,30,2025-11-24,0.0,0.0,3298.0,crítico
SCO0003,Florianopolis-Campeche-apartamento-JR-1Q,Carteira 1,SC,"Florianópolis, SC","Florianópolis, SC, Campeche",9,207,1793.04,28,2204.41,2025-11,0.619,0.6439,13,30,164.31,136.0,1,0,2025-11-24,0.81,1478.79,411.3699999999999,berlinda
SFR0415,Bombinhas-Centro-apartamento-SUP-1Q,Carteira 6,SC,"Bombinhas, SC","Bombinhas, SC, Centro",0,37,4661.87,35,3520.7,2025-11,0.9,0.6125,27,30,212.26,,0,0,2025-11-24,1.32,0.0,-1141.17,ok
TRS0003,Penha-Beto_Carrero-casa-SUP-1Q,Carteira 3,SC,"Penha, SC","Penha, SC, Armação",0,164,1587.28,25,2335.8,2025-11,0.4,0.6365,12,30,152.42,132.4,5,0,2025-11-24,0.68,0.0,748.5200000000002,atenção
TXP1007,Goiania-Central-apartamento-SUP-1Q,Carteira 1_sys-price,GO,"Goiânia, GO","Goiânia, GO, Setor Bueno",0,772,4185.48,162,2535.55,2025-11,1.0,0.5616,30,30,268.83,,0,0,2025-11-24,1.65,0.0,-1649.9299999999994,ok
TXP1905,Goiania-Central-apartamento-SUP-1Q,Carteira 1_sys-price,GO,"Goiânia, GO","Goiânia, GO, Setor Bueno",2,753,2963.74,162,2535.55,2025-11,0.8214,0.5616,23,30,161.96,172.5,2,0,2025-11-24,1.17,323.92,-428.1899999999996,ok
TZS210,Penha-Longe-casa-SUP-2Q,Carteira 6,SC,"Penha, SC","Penha, SC, Praia de Armação do Itaporocói",3,564,1849.47,27,3031.67,2025-11,0.2593,0.4909,7,30,334.0,268.0,2,23,2025-11-24,0.61,1002.0,1182.2,atenção
VST024,Especial-VST-casa-TOP-1Q,Carteira 5,SC,"Anitápolis, SC","Anitápolis, SC, Rio dos Pinheiros",3,123,2203.26,54,3890.57,2025-11,0.3704,0.3016,10,30,284.8,218.67,6,0,2025-11-24,0.57,854.4000000000001,1687.31,atenção
BPM0807,Salvador-Barra-apartamento-SUP-1Q,Carteira 2,BA,"Salvador, BA","Salvador, BA, Barra",0,610,4639.3,212,4248.24,2025-11,0.8667,0.7112,26,30,208.08,151.67,3,0,2025-11-24,1.09,0.0,-391.0600000000004,berlinda
CAC025,Florianopolis-Ingleses_Praia-apartamento-SUP-2Q,Carteira 1,SC,"Florianópolis, SC","Florianópolis, SC, Ingleses do Rio Vermelho",0,205,2193.65,57,3264.0,2025-11,0.4,0.4856,12,30,239.5,280.67,6,0,2025-11-24,0.67,0.0,1070.35,atenção
CNB003,Especial-CNB-casa-TOP-1Q,Especial,SP,"Campos do Jordão, SP","Campos do Jordão, SP, Jardim Europa",0,598,11428.87,18,5690.11,2025-11,0.7333,0.6166,22,30,603.0,330.0,2,7,2025-11-24,2.01,0.0,-5738.760000000001,meta_subestimada
COB0710,Sao_Paulo-Brooklin-apartamento-SUP-1Q,Carteira 4,SP,"São Paulo, SP","São Paulo, SP, Santo Amaro",0,32,3799.85,299,4501.61,2025-11,0.5667,0.7158,17,30,223.64,150.0,2,0,2025-11-24,0.84,0.0,701.7599999999998,berlinda
EGF000,Garopaba-Centro-casa-JR-3Q,Carteira 6,SC,"Garopaba, SC","Garopaba, SC, Ferrugem",8,579,4528.65,26,2184.78,2025-11,0.5909,0.2807,13,30,392.77,390.0,2,26,2025-11-24,2.07,3142.16,-2343.8699999999994,meta_subestimada
EMA101,Cabo_Frio-Centro-apartamento-SUP-2Q,Carteira 4,RJ,"Cabo Frio, RJ","Cabo Frio, RJ, Centro",2,1096,2334.22,105,4175.24,2025-11,0.3929,0.5803,11,30,245.0,183.5,2,8,2025-11-24,0.56,490.0,1841.02,atenção
ESA901,Balneario_Camboriu-Norte-apartamento-JR-3Q,Carteira 6,SC,"Balneário Camboriú, SC","Balneário Camboriú, SC, Centro",7,890,4954.55,63,3978.65,2025-11,0.8261,0.4955,19,30,272.84,130.0,1,0,2025-11-24,1.25,1909.8799999999999,-975.9000000000001,ok
ESP0301,Florianopolis-Jurere_Internacional-apartamento-SUP-2Q,Carteira 1,SC,"Florianópolis, SC","Florianópolis, SC, Jurerê",0,54,4380.71,29,6050.7,2025-11,0.5,0.5818,15,30,343.93,290.5,4,0,2025-11-24,0.72,0.0,1669.9899999999998,atenção
ISC1511,Sao_Paulo-Republica-apartamento-TOP-1Q,Carteira 4,SP,"São Paulo, SP","São Paulo, SP, Vila Buarque",0,499,4125.21,105,4584.01,2025-11,0.7667,0.7373,23,30,214.29,,0,0,2025-11-24,0.9,0.0,458.8000000000002,berlinda
JBV173,Especial-JBV-hotel-JR-1Q,Especial,SC,"Florianópolis, SC","Florianópolis, SC, Jurerê",0,1698,9527.68,27,10333.97,2025-11,0.8333,0.693,25,30,487.04,,0,0,2025-11-24,0.92,0.0,806.289999999999,berlinda
JBV179,Especial-JBV-hotel-JR-1Q,Especial,SC,"Florianópolis, SC","Florianópolis, SC, Jurerê",3,789,9344.92,27,10333.97,2025-11,0.7037,0.693,19,30,704.11,370.0,1,0,2025-11-24,0.9,2112.33,989.0499999999993,berlinda
MHFA1204,Itapema-Canto_Praia-apartamento-SUP-1Q,Carteira 5,SC,"Itapema, SC","Itapema, SC, Centro",0,479,3729.28,14,2356.68,2025-11,0.8,0.4102,24,30,191.67,185.0,4,1,2025-11-24,1.58,0.0,-1372.6000000000004,ok
NWT0805,Especial-NWT-apartamento-TOP-1Q,Carteira 5,AL,"Maceió, AL","Maceió, AL, Pajuçara",0,330,6514.85,43,5085.72,2025-11,0.6667,0.6637,20,30,377.55,280.0,3,0,2025-11-24,1.28,0.0,-1429.13,ok
NWT1222,Especial-NWT-apartamento-TOP-1Q,Carteira 5,AL,"Maceió, AL","Maceió, AL, Pajuçara",4,326,7495.25,43,5085.72,2025-11,0.8846,0.6637,23,30,439.61,280.0,2,0,2025-11-24,1.47,1758.44,-2409.5299999999997,ok
POL406,Balneario_Camboriu-Centro-apartamento-SUP-3Q,Carteira 6,SC,"Balneário Camboriú, SC","Balneário Camboriú, SC, Centro",0,415,6059.33,89,4292.03,2025-11,0.7,0.4983,21,30,346.05,161.0,2,0,2025-11-24,1.41,0.0,-1767.3000000000002,ok
PRY0101,Porto_Seguro-Pataxos-apartamento-SUP-2Q,Carteira 2,BA,"Porto Seguro, BA","Porto Seguro, BA, Taperapuã",0,17,3783.66,44,3643.3,2025-11,0.7333,0.5205,22,30,224.27,313.0,6,6,2025-11-24,1.04,0.0,-140.35999999999967,berlinda
PSMC003,Camaçari-Monte_Gordo-apartamento-SUP-2Q,Carteira 2,BA,"Camaçari, BA","Camaçari, BA, Guarajuba",10,107,1681.24,22,3472.56,2025-11,0.3,0.3932,6,30,324.67,313.0,6,24,2025-11-24,0.48,3246.7000000000003,1791.32,crítico
RFM0019,Santa_Cruz_Cabralia-Coroa_Vermelha-apartamento-SUP-2Q,Carteira 2,BA,"Santa Cruz Cabrália, BA","Santa Cruz Cabrália, BA, Coroa Vermelha",0,367,0.0,51,3298.0,2025-11,0.0,0.5248,0,30,0.0,250.0,6,30,2025-11-24,0.0,0.0,3298.0,crítico
ROT1001,Itapema-Meia_Praia-Sul-apartamento-JR-2Q,Carteira 6,SC,"Itapema, SC","Itapema, SC, Meia Praia",9,676,1876.79,19,2238.48,2025-11,0.5714,0.5187,12,30,169.0,110.0,1,0,2025-11-24,0.84,1521.0,361.69000000000005,berlinda
RTG208,Florianopolis-Ingleses_Norte-apartamento-SUP-2Q,Carteira 1,SC,"Florianópolis, SC","Florianópolis, SC, Ingleses do Rio Vermelho",1,1761,4011.41,86,2552.46,2025-11,0.7586,0.3604,22,30,249.09,180.0,3,0,2025-11-24,1.57,249.09,-1458.9499999999998,ok
SOT0202,Florianopolis-Jurere_Tradicional-apartamento-TOP-1Q,Carteira 1,SC,"Florianópolis, SC","Florianópolis, SC, Jurerê",0,277,5567.31,19,6996.21,2025-11,0.6333,0.704,19,30,420.53,,0,0,2025-11-24,0.8,0.0,1428.8999999999996,atenção
VEC120,Bombinhas-Centro-apartamento-SUP-1Q,Carteira 6,SC,"Bombinhas, SC","Bombinhas, SC, Centro",1,1040,5156.78,35,3520.7,2025-11,0.9655,0.6125,28,30,250.14,,0,0,2025-11-24,1.46,250.14,-1636.08,ok
VENB504,Porto_Alegre-Cidade_Baixa-apartamento-SUP-1Q,Carteira 4,RS,"Porto Alegre, RS","Porto Alegre, RS, Azenha",4,778,1494.46,46,2896.8,2025-11,0.4231,0.6357,11,30,152.91,140.0,6,0,2025-11-24,0.52,611.64,1402.3400000000001,atenção
VLP0222,Mata_de_Sao_Joao-Praia_do_Forte_Longe-apartamento-SUP-1Q,Carteira 2,BA,"Mata de São João, BA","Mata de São João, BA, Açu da Torre",4,680,3332.49,14,1925.6,2025-11,0.5769,0.3598,15,30,264.47,247.83,6,0,2025-11-24,1.73,1057.88,-1406.8899999999999,ok
WBU3015,Goiania-Central-apartamento-TOP-1Q,Carteira 1_sys-price,GO,"Goiânia, GO","Goiânia, GO, Setor Bueno",10,232,1916.98,54,3159.15,2025-11,0.65,0.5673,13,30,170.93,178.5,2,0,2025-11-24,0.61,1709.3000000000002,1242.17,atenção
BFT2905,Goiania-Leste-apartamento-SUP-1Q,Carteira 1_sys-price,GO,"Goiânia, GO","Goiânia, GO, Jardim Goiás",0,268,2758.08,82,2407.54,2025-11,0.7667,0.5448,23,30,154.96,176.33,3,0,2025-11-24,1.15,0.0,-350.53999999999996,ok
BLB1501,Salvador-Barra-apartamento-SUP-1Q,Carteira 2,BA,"Salvador, BA","Salvador, BA, Barra",3,1,3702.96,212,4248.24,2025-11,0.8519,0.7112,23,30,194.87,,0,0,2025-11-24,0.87,584.61,545.2799999999997,berlinda
CLE1203,Porto_Belo-Geral-apartamento-SUP-2Q,Carteira 6,SC,"Porto Belo, SC","Porto Belo, SC, Perequê",2,255,4342.01,36,1884.19,2025-11,0.9643,0.3871,27,30,197.44,158.0,1,0,2025-11-24,2.3,394.88,-2457.82,meta_subestimada
CSC0212,Florianopolis-Ingleses_Norte-apartamento-SUP-1Q,Carteira 1,SC,"Florianópolis, SC","Florianópolis, SC, Ingleses Norte",0,93,5102.64,57,2409.04,2025-11,0.8333,0.5502,25,30,243.96,243.0,1,7,2025-11-24,2.12,0.0,-2693.6000000000004,meta_subestimada
DVM0202,Florianopolis-Itacorubi-apartamento-JR-2Q,Carteira 4,SC,"Florianópolis, SC","Florianópolis, SC, Itacorubi",30,316,0.0,26,2943.11,2025-11,,0.6297,0,30,0.0,,0,24,2025-11-24,0.0,0.0,2943.11,crítico
EIO203,Itapema-Meia_Praia-Norte-apartamento-JR-3Q,Carteira 6,SC,"Itapema, SC","Itapema, SC, Meia Praia",8,876,3252.26,28,1912.44,2025-11,0.7727,0.3958,17,30,240.76,120.0,1,0,2025-11-24,1.7,1926.08,-1339.8200000000002,ok
EJF0702,Balneario_Camboriu-Intermediario-apartamento-SUP-2Q,Carteira 6,SC,"Balneário Camboriú, SC","Balneário Camboriú, SC, Centro",8,689,3394.9,93,3620.15,2025-11,0.9091,0.5008,20,30,221.95,,0,0,2025-11-24,0.94,1775.6,225.25,berlinda
ELY0201,Florianopolis-Beira_Mar-apartamento-JR-2Q,Carteira 4,SC,"Florianópolis, SC","Florianópolis, SC, Centro",0,710,6902.09,31,5229.55,2025-11,0.9333,0.687,28,30,327.54,168.5,2,0,2025-11-24,1.32,0.0,-1672.54,ok
IAA1003,Recife-Boa_Viagem-apartamento-TOP-1Q,Carteira 2,PE,"Recife, PE","Recife, PE, Boa Viagem",0,598,3332.86,40,4981.09,2025-11,0.6,0.8137,18,30,223.5,197.8,5,0,2025-11-24,0.67,0.0,1648.23,atenção
IDP104,Florianopolis-Ingleses_Norte-apartamento-SUP-3Q,Carteira 1,SC,"Florianópolis, SC","Florianópolis, SC, Ingleses do Rio Vermelho",8,1852,4604.97,21,2360.78,2025-11,0.7727,0.3526,17,30,343.47,250.0,2,0,2025-11-24,1.95,2747.76,-2244.19,ok
JBV276,Especial-JBV-hotel-JR-1Q,Especial,SC,"Florianópolis, SC","Florianópolis, SC, Jurerê",0,1065,11494.14,27,10333.97,2025-11,0.8,0.693,24,30,666.88,,0,0,2025-11-24,1.11,0.0,-1160.17,ok
MNDA0217,Cabo_Frio-Centro-apartamento-SUP-1Q,Carteira 4,RJ,"Cabo Frio, RJ","Cabo Frio, RJ, Braga",2,68,4202.34,51,3428.27,2025-11,0.7857,0.6485,22,30,227.0,120.0,3,0,2025-11-24,1.23,454.0,-774.0700000000002,ok
NWT1414,Especial-NWT-apartamento-TOP-1Q,Carteira 5,AL,"Maceió, AL","Maceió, AL, Pajuçara",1,309,7465.44,43,5085.72,2025-11,0.931,0.6637,27,30,345.26,,0,0,2025-11-24,1.47,345.26,-2379.7199999999993,ok
PDU0033,Cabo_Frio-Foguete-casa-JR-1Q,Carteira 4,RJ,"Cabo Frio, RJ","Cabo Frio, RJ, Braga",1,358,2419.34,50,1537.09,2025-11,0.5172,0.4063,15,30,185.8,180.0,4,25,2025-11-24,1.57,185.8,-882.2500000000002,ok
PSOB0912,Penha-Beto_Carrero-apartamento-SUP-1Q,Carteira 3,SC,"Penha, SC","Penha, SC, Praia de Armação do Itapocoroi",0,113,3122.64,18,2190.5,2025-11,0.5333,0.486,16,30,222.31,136.33,3,0,2025-11-24,1.43,0.0,-932.1399999999999,ok
RFM0024,Santa_Cruz_Cabralia-Coroa_Vermelha-apartamento-SUP-2Q,Carteira 2,BA,"Santa Cruz Cabrália, BA","Santa Cruz Cabrália, BA, Coroa Vermelha",0,282,1671.52,51,3298.0,2025-11,0.3667,0.5248,11,30,200.82,166.0,1,0,2025-11-24,0.51,0.0,1626.48,atenção
SDR0003,Florianopolis-Lagoa-apartamento-SUP-1Q,Carteira 1,SC,"Florianópolis, SC","Florianópolis, SC, Lagoa da Conceição",0,298,2278.64,27,3747.01,2025-11,0.5667,0.7398,17,30,165.88,199.67,3,0,2025-11-24,0.61,0.0,1468.3700000000003,atenção
SFR0511,Bombinhas-Centro-apartamento-SUP-1Q,Carteira 6,SC,"Bombinhas, SC","Bombinhas, SC, Centro",0,37,4177.07,35,3520.7,2025-11,0.9,0.6125,27,30,191.22,184.0,1,0,2025-11-24,1.19,0.0,-656.3699999999999,ok
VLD1002,Balneario_Camboriu-Centro-apartamento-MASTER-3Q,Carteira 6,SC,"Balneário Camboriú, SC","Balneário Camboriú, SC, Centro",5,569,6467.81,20,12584.37,2025-11,0.28,0.6876,7,30,1091.0,1091.0,2,30,2025-11-24,0.51,5455.0,6116.56,atenção
ZIO0201,Florianopolis-Ingleses_Praia-apartamento-JR-1Q,Carteira 1,SC,"Florianópolis, SC","Florianópolis, SC, Ingleses Norte",0,99,1758.62,35,2337.26,2025-11,0.3,0.5119,9,30,212.0,167.83,6,0,2025-11-24,0.75,0.0,578.6400000000003,atenção
AYR0202,Florianopolis-Canasvieiras_Perto-apartamento-SUP-2Q,Carteira 1,SC,"Florianópolis, SC","Florianópolis, SC, Canasvieiras",0,297,4879.48,26,4627.36,2025-11,0.6333,0.5521,19,30,316.0,246.0,3,0,2025-11-24,1.05,0.0,-252.1199999999999,berlinda
BDS0111,Bombinhas-Centro-apartamento-JR-2Q,Carteira 6,SC,"Bombinhas, SC","Bombinhas, SC, Centro",1,12,3717.84,57,1557.2,2025-11,0.8276,0.2626,24,30,200.88,,0,0,2025-11-24,2.39,200.88,-2160.6400000000003,meta_subestimada
BPM1309,Salvador-Barra-apartamento-SUP-1Q,Carteira 2,BA,"Salvador, BA","Salvador, BA, Barra",0,571,4602.14,212,4248.24,2025-11,0.9333,0.7112,28,30,226.82,130.0,1,0,2025-11-24,1.08,0.0,-353.90000000000055,berlinda
CCL0004,Camaçari-Jacuipe-casa-SUP-5Q,Carteira 2,BA,"Camaçari, BA","Camaçari, BA, Barra de Jacuípe",0,143,0.0,8,6107.14,2025-11,0.0,0.3825,0,30,0.0,1000.0,6,30,2025-11-24,0.0,0.0,6107.14,crítico
CNB012,Especial-CNB-casa-TOP-1Q,Especial,SP,"Campos do Jordão, SP","Campos do Jordão, SP, Jardim Europa",0,591,7728.13,18,5690.11,2025-11,0.3333,0.6166,10,30,736.38,333.33,3,8,2025-11-24,1.36,0.0,-2038.0200000000004,ok
EPO001,Itapema-Praia_Centro-apartamento-SUP-3Q,Carteira 6,SC,"Itapema, SC","Itapema, SC, Castelo Branco",7,598,3766.5,20,2259.89,2025-11,0.8261,0.3489,19,30,257.05,130.0,2,0,2025-11-24,1.67,1799.3500000000001,-1506.6100000000001,ok
ETC0028,Florianopolis-Centrao-apartamento-SUP-3Q,Carteira 4,SC,"Florianópolis, SC","Florianópolis, SC, Centro",0,180,7525.87,20,5387.31,2025-11,0.6667,0.5773,20,30,434.0,215.5,2,0,2025-11-24,1.4,0.0,-2138.5599999999995,ok
ETE0304,Maceio-Ponta_Verde-apartamento-TOP-1Q,Carteira 2,AL,"Maceió, AL","Maceió, AL, Pajuçara",0,522,4347.25,126,4914.91,2025-11,0.7667,0.7641,23,30,272.48,216.0,5,0,2025-11-24,0.88,0.0,567.6599999999999,berlinda
IDF105,Florianopolis-Canasvieiras_Perto-apartamento-SUP-1Q,Carteira 1,SC,"Florianópolis, SC","Florianópolis, SC, Canasvieiras",0,772,4529.03,37,3013.67,2025-11,0.8667,0.5637,26,30,209.73,,0,0,2025-11-24,1.5,0.0,-1515.3599999999997,ok
IVT1301,Itapema-Meia_Praia-Norte-apartamento-SUP-3Q,Carteira 6,SC,"Itapema, SC","Itapema, SC, Andorinha",13,701,3948.9,46,2624.86,2025-11,0.7647,0.3796,13,30,364.31,,0,0,2025-11-24,1.5,4736.03,-1324.04,ok
JBN0043,Sao_Paulo-Brooklin-apartamento-SUP-1Q,Carteira 4,SP,"São Paulo, SP","São Paulo, SP, Brooklin",0,316,4126.34,299,4501.61,2025-11,0.7667,0.7158,23,30,211.22,155.5,2,0,2025-11-24,0.92,0.0,375.2699999999995,berlinda
MHF1409,Itapema-Canto_Praia-apartamento-TOP-2Q,Carteira 5,SC,"Itapema, SC","Itapema, SC, Centro",4,444,2244.15,14,3147.32,2025-11,0.3077,0.4145,8,30,314.0,260.25,4,0,2025-11-24,0.71,1256.0,903.1700000000001,atenção
MHF1507,Itapema-Canto_Praia-apartamento-TOP-1Q,Carteira 5,SC,"Itapema, SC","Itapema, SC, Centro",0,207,4565.32,19,3496.4,2025-11,0.7333,0.5702,22,30,223.04,200.0,1,0,2025-11-24,1.31,0.0,-1068.9199999999996,ok
MHFA0804,Itapema-Canto_Praia-apartamento-SUP-1Q,Carteira 5,SC,"Itapema, SC","Itapema, SC, Centro",0,9,3265.21,14,2356.68,2025-11,0.7667,0.4102,23,30,187.26,217.0,4,0,2025-11-24,1.39,0.0,-908.5300000000002,ok
NWT0412,Especial-NWT-apartamento-TOP-1Q,Carteira 5,AL,"Maceió, AL","Maceió, AL, Pajuçara",0,152,1125.96,43,5085.72,2025-11,0.0667,0.6637,2,30,704.0,704.0,6,30,2025-11-24,0.22,0.0,3959.76,crítico
NWT0610,Especial-NWT-apartamento-TOP-1Q,Carteira 5,AL,"Maceió, AL","Maceió, AL, Pajuçara",0,215,6288.58,43,5085.72,2025-11,0.8333,0.6637,25,30,293.92,250.0,1,0,2025-11-24,1.24,0.0,-1202.8599999999997,ok
NWT1308,Especial-NWT-apartamento-TOP-1Q,Carteira 5,AL,"Maceió, AL","Maceió, AL, Pajuçara",2,330,6583.72,43,5085.72,2025-11,0.8571,0.6637,24,30,337.08,280.0,1,0,2025-11-24,1.29,674.16,-1498.0,ok
PDL005,Porto_Seguro-Pataxos-apartamento-JR-2Q,Carteira 2,BA,"Porto Seguro, BA","Porto Seguro, BA, Paraíso dos Pataxós",6,544,738.42,45,1927.04,2025-11,0.25,0.3383,6,30,146.0,139.67,6,0,2025-11-24,0.38,876.0,1188.62,crítico
RUD0047,Porto_Seguro-Pataxos-casa-TOP-3Q,Carteira 2,BA,"Porto Seguro, BA","Porto Seguro, BA, Taperapuan",10,348,3404.01,10,3821.84,2025-11,0.45,0.296,9,30,446.67,,0,0,2025-11-24,0.89,4466.7,417.8299999999999,berlinda
SAT0012,Sao_Paulo-Vila_Olimpia-apartamento-SUP-1Q,Carteira 4,SP,"São Paulo, SP","São Paulo, SP, Itaim Bibi",5,201,5502.9,308,6486.71,2025-11,0.88,0.7113,22,30,324.23,,0,0,2025-11-24,0.85,1621.15,983.8100000000004,berlinda
SLC0204,Florianopolis-Rio_Vermelho-apartamento-JR-1Q,Carteira 1,SC,"Florianópolis, SC","Florianópolis, SC, Ingleses do Rio Vermelho",0,318,2364.6,21,2656.73,2025-11,0.8,0.5306,24,30,110.29,157.33,6,0,2025-11-24,0.89,0.0,292.1300000000001,berlinda
TXP1406,Goiania-Central-apartamento-SUP-1Q,Carteira 1_sys-price,GO,"Goiânia, GO","Goiânia, GO, Setor Bueno",0,779,3926.92,162,2535.55,2025-11,0.8333,0.5616,25,30,177.24,,0,28,2025-11-24,1.55,0.0,-1391.37,ok
UML0104,Bombinhas-Mariscal-apartamento-TOP-2Q,Carteira 6,SC,"Bombinhas, SC","Bombinhas, SC, Mariscal",1,485,6121.36,13,2287.14,2025-11,0.8966,0.3531,26,30,265.69,200.0,2,0,2025-11-24,2.68,265.69,-3834.22,meta_subestimada
URB1110,Porto_Alegre-Jardim_Botanico-apartamento-JR-1Q,Carteira 4,RS,"Porto Alegre, RS","Porto Alegre, RS, Petrópolis",2,799,2230.88,71,1997.5,2025-11,0.7143,0.4719,20,30,142.85,153.33,3,0,2025-11-24,1.12,285.7,-233.3800000000001,ok
VTD0606,Florianopolis-UFSC-apartamento-SUP-1Q,Carteira 4,SC,"Florianópolis, SC","Florianópolis, SC, Trindade",1,54,4166.39,45,3461.85,2025-11,0.931,0.6721,27,30,193.7,132.0,1,0,2025-11-24,1.2,193.7,-704.5400000000004,ok
ABY40012,Sao_Paulo-Pompeia-apartamento-SUP-1Q,Carteira 4,SP,"São Paulo, SP","São Paulo, SP, Perdizes",1,31,3263.19,71,3769.75,2025-11,0.8621,0.5545,25,30,165.52,142.0,1,0,2025-11-24,0.87,165.52,506.55999999999995,berlinda
BSR0203,Ilheus-Sul-apartamento-SUP-1Q,Carteira 2,BA,"Ilhéus, BA","Ilhéus, BA, Nossa Senhora da Vitória",2,249,2114.2,24,1458.9,2025-11,0.7143,0.4024,20,30,133.55,121.0,6,0,2025-11-24,1.45,267.1,-655.2999999999997,ok
CAR0106,Itajai-Centro-apartamento-JR-1Q,Carteira 6,SC,"Itajaí, SC","Itajaí, SC, Centro",1,110,3941.46,13,2094.43,2025-11,0.931,0.5748,27,30,204.0,115.0,1,0,2025-11-24,1.88,204.0,-1847.0300000000002,ok
CLE1202,Porto_Belo-Geral-apartamento-TOP-3Q,Carteira 6,SC,"Porto Belo, SC","Porto Belo, SC, Perequê",3,431,5680.61,21,2919.75,2025-11,0.9259,0.2742,25,30,303.84,328.0,1,0,2025-11-24,1.95,911.52,-2760.8599999999997,ok
CNB002,Especial-CNB-casa-TOP-1Q,Especial,SP,"Campos do Jordão, SP","Campos do Jordão, SP, Jardim Europa",0,598,9736.32,18,5690.11,2025-11,0.6667,0.6166,20,30,618.05,333.33,3,8,2025-11-24,1.71,0.0,-4046.21,ok
ETHA604,Caldas_Novas-Geral-apartamento-JR-3Q,Carteira 3,GO,"Caldas Novas, GO","Caldas Novas, GO, Bandeirantes",0,759,4552.34,15,3172.8,2025-11,0.5,0.4208,15,30,314.33,146.67,3,0,2025-11-24,1.43,0.0,-1379.54,ok
IPT0141,Balneario_Camboriu-Centro-apartamento-TOP-2Q,Carteira 6,SC,"Balneário Camboriú, SC","Balneário Camboriú, SC, Centro",0,453,6380.49,38,5425.02,2025-11,0.9333,0.5832,28,30,258.46,288.0,1,0,2025-11-24,1.18,0.0,-955.4699999999993,ok
LBO203,Porto_Alegre-Auxiliadora-apartamento-TOP-1Q,Carteira 4,RS,"Porto Alegre, RS","Porto Alegre, RS, Mont Serrat",6,474,2317.51,27,3893.0,2025-11,0.5833,0.6631,14,30,200.0,200.0,1,0,2025-11-24,0.6,1200.0,1575.4899999999998,atenção
LIV0810,Salvador-Graca-apartamento-TOP-1Q,Especial,BA,"Salvador, BA","Salvador, BA, Vitória",0,106,4141.06,15,3658.61,2025-11,0.7667,0.6726,23,30,225.74,214.17,6,0,2025-11-24,1.13,0.0,-482.4500000000003,ok
MHF1808,Itapema-Canto_Praia-apartamento-TOP-2Q,Carteira 5,SC,"Itapema, SC","Itapema, SC, Centro",0,50,4519.83,14,3147.32,2025-11,0.5333,0.4145,16,30,360.62,300.0,3,25,2025-11-24,1.44,0.0,-1372.5099999999998,ok
NFE1544,Curitiba-Centro-apartamento-SUP-1Q,Carteira 4,PR,"Curitiba, PR","Curitiba, PR, Centro",0,185,3180.61,513,2873.2,2025-11,0.7,0.6692,21,30,170.38,131.25,4,0,2025-11-24,1.11,0.0,-307.4100000000003,ok
NWT0707,Especial-NWT-apartamento-MASTER-1Q,Carteira 5,AL,"Maceió, AL","Maceió, AL, Pajuçara",0,186,11301.06,31,6339.75,2025-11,0.8333,0.7564,25,30,565.4,405.0,2,0,2025-11-24,1.78,0.0,-4961.3099999999995,ok
OCB0901,Salvador-Barra-apartamento-TOP-1Q,Carteira 2,BA,"Salvador, BA","Salvador, BA, Barra",0,145,5454.13,132,5462.82,2025-11,0.8333,0.7565,25,30,276.32,,0,0,2025-11-24,1.0,0.0,8.6899999999996,berlinda
OKA213,Florianopolis-Campeche-apartamento-SUP-1Q,Carteira 1,SC,"Florianópolis, SC","Florianópolis, SC, Campeche",0,684,3428.55,28,3106.87,2025-11,0.7333,0.6807,22,30,202.27,238.67,6,0,2025-11-24,1.1,0.0,-321.6800000000003,ok
OKA224,Florianopolis-Campeche-apartamento-SUP-1Q,Carteira 1,SC,"Florianópolis, SC","Florianópolis, SC, Campeche",0,1058,4733.16,28,3106.87,2025-11,0.8667,0.6807,26,30,248.81,247.0,1,0,2025-11-24,1.52,0.0,-1626.29,ok
PRJ002,Imbituba-Praia_do_Rosa-casa-SIM-1Q,Carteira 6,SC,"Imbituba, SC","Imbituba, SC, Ibiraquera",0,1241,246.63,52,1039.43,2025-11,0.1,0.3751,3,30,90.0,90.0,6,0,2025-11-24,0.24,0.0,792.8000000000001,crítico
QSPB005,Pirenopolis-Geral-casa-JR-3Q,Carteira 4,GO,"Pirenópolis, GO","Pirenópolis, GO, Vila João Figueredo",8,757,1844.41,21,3812.71,2025-11,0.2727,0.2947,6,30,351.83,237.5,4,0,2025-11-24,0.48,2814.64,1968.3,crítico
RFM0007,Santa_Cruz_Cabralia-Coroa_Vermelha-apartamento-SUP-2Q,Carteira 2,BA,"Santa Cruz Cabrália, BA","Santa Cruz Cabrália, BA, Coroa Vermelha",1,276,672.75,51,3298.0,2025-11,0.1724,0.5248,5,30,144.4,171.67,6,0,2025-11-24,0.2,144.4,2625.25,crítico
RSA025,Florianopolis-Canasvieiras_Perto-apartamento-JR-1Q,Carteira 1,SC,"Florianópolis, SC","Florianópolis, SC, Canasvieiras",0,208,1955.17,59,1537.73,2025-11,0.4,0.4046,12,30,194.33,130.0,2,0,2025-11-24,1.27,0.0,-417.44000000000005,ok
RUC0001,Bombinhas-Mariscal-casa-JR-2Q,Carteira 6,SC,"Bombinhas, SC","Bombinhas, SC, Canto Grande",0,332,3020.79,27,1459.87,2025-11,0.7667,0.3243,23,30,160.48,113.0,3,0,2025-11-24,2.07,0.0,-1560.92,meta_subestimada
SLC0102,Florianopolis-Rio_Vermelho-apartamento-JR-1Q,Carteira 1,SC,"Florianópolis, SC","Florianópolis, SC, Ingleses do Rio Vermelho",0,264,2006.18,21,2656.73,2025-11,0.7,0.5306,21,30,125.57,157.33,6,0,2025-11-24,0.76,0.0,650.55,atenção
SPJ0101,Especial-SPJ-apartamento-TOP-1Q,Carteira 5,SC,"Florianópolis, SC","Florianópolis, SC, Jurerê",0,211,4936.27,16,6452.9,2025-11,0.6,0.7069,18,30,331.67,250.0,3,0,2025-11-24,0.76,0.0,1516.6299999999992,atenção
SPJ0301,Especial-SPJ-apartamento-TOP-1Q,Carteira 5,SC,"Florianópolis, SC","Florianópolis, SC, Jurerê",0,518,6845.66,16,6452.9,2025-11,0.9,0.7069,27,30,319.37,227.0,3,0,2025-11-24,1.06,0.0,-392.7600000000002,berlinda
SRL002,Balneario_Camboriu-Centro-apartamento-SIM-2Q,Carteira 6,SC,"Balneário Camboriú, SC","Balneário Camboriú, SC, Centro",0,614,2560.29,73,1873.51,2025-11,0.6667,0.5098,20,30,153.9,105.0,3,0,2025-11-24,1.37,0.0,-686.78,ok
TPS202,Florianopolis-Canasvieiras_Meio-apartamento-TOP-1Q,Carteira 1,SC,"Florianópolis, SC","Florianópolis, SC, Canasvieiras",0,837,2534.6,26,4125.61,2025-11,0.4667,0.558,14,30,222.79,222.83,6,0,2025-11-24,0.61,0.0,1591.0099999999998,atenção
CNB010,Especial-CNB-casa-TOP-1Q,Especial,SP,"Campos do Jordão, SP","Campos do Jordão, SP, Jardim Europa",1,591,7324.45,18,5690.11,2025-11,0.4483,0.6166,13,30,611.44,,0,5,2025-11-24,1.29,611.44,-1634.3400000000001,ok
CNT303,Florianopolis-UFSC-apartamento-SUP-1Q,Carteira 4,SC,"Florianópolis, SC","Florianópolis, SC, Trindade",0,639,3707.46,45,3461.85,2025-11,0.8333,0.6721,25,30,181.29,110.0,1,0,2025-11-24,1.07,0.0,-245.61000000000013,berlinda
CZZ0503,Urubici-Geral-apartamento-SUP-1Q,Especial,SC,"Urubici, SC","Urubici, SC, Centro",0,246,1301.26,55,1722.65,2025-11,0.2,0.2319,6,30,265.67,178.0,6,0,2025-11-24,0.76,0.0,421.3900000000001,atenção
ELF0304,Bombinhas-Bombas-apartamento-SUP-1Q,Especial,SC,"Bombinhas, SC","Bombinhas, SC, José Amândio",1,172,4668.28,45,3072.04,2025-11,0.931,0.4924,27,30,209.48,,0,3,2025-11-24,1.52,209.48,-1596.2399999999998,ok
ELF0405,Bombinhas-Bombas-apartamento-SUP-1Q,Especial,SC,"Bombinhas, SC","Bombinhas, SC, José Amândio",0,185,4865.13,45,3072.04,2025-11,1.0,0.4924,30,30,189.37,,0,0,2025-11-24,1.58,0.0,-1793.0900000000001,ok
ELF0502,Bombinhas-Bombas-apartamento-SUP-1Q,Especial,SC,"Bombinhas, SC","Bombinhas, SC, José Amândio",1,187,3655.91,45,3072.04,2025-11,0.6207,0.4924,18,30,282.33,371.2,5,14,2025-11-24,1.19,282.33,-583.8699999999999,ok
ELS0402,Porto_Alegre-Centro_Historico-apartamento-JR-1Q,Carteira 4,RS,"Porto Alegre, RS","Porto Alegre, RS, Centro Histórico",0,15,1526.95,78,1942.61,2025-11,0.6,0.6785,18,30,103.61,,0,0,2025-11-24,0.79,0.0,415.65999999999985,atenção
ELU0211,Florianopolis-Jurere_Tradicional-apartamento-TOP-1Q,Carteira 1,SC,"Florianópolis, SC","Florianópolis, SC, Jurerê",2,74,4447.14,19,6996.21,2025-11,0.5357,0.704,15,30,360.2,427.67,6,0,2025-11-24,0.64,720.4,2549.0699999999997,atenção
MCA0609,Balneario_Picarras-Geral-casa-JR-2Q,Carteira 6,SC,"Balneário Piçarras, SC","Balneário Piçarras, SC, Itacolomi",0,345,2128.71,12,2152.64,2025-11,0.6333,0.363,19,30,143.68,,0,0,2025-11-24,0.99,0.0,23.929999999999836,berlinda
MHF1201,Itapema-Canto_Praia-apartamento-TOP-1Q,Carteira 5,SC,"Itapema, SC","Itapema, SC, Centro",0,309,4436.36,19,3496.4,2025-11,0.8,0.5702,24,30,214.71,284.0,3,0,2025-11-24,1.27,0.0,-939.9599999999996,ok
NRA0490,Balneario_Picarras-Geral-apartamento-JR-3Q,Carteira 6,SC,"Balneário Piçarras, SC","Balneário Piçarras, SC, Piçarras",0,340,3188.72,94,1741.65,2025-11,0.7667,0.3626,23,30,157.35,166.33,3,0,2025-11-24,1.83,0.0,-1447.0699999999997,ok
NVM0010,Porto_Seguro-Pataxos-apartamento-JR-2Q,Carteira 2,BA,"Porto Seguro, BA","Porto Seguro, BA, Paraíso dos Pataxós",3,201,631.92,45,1927.04,2025-11,0.1481,0.3383,4,30,198.75,137.0,6,0,2025-11-24,0.33,596.25,1295.12,crítico
ONE0407,Salvador-Piata-apartamento-SUP-1Q,Carteira 5,BA,"Salvador, BA","Salvador, BA, Piatã",1,66,1567.57,23,2647.24,2025-11,0.4483,0.6092,13,30,146.23,146.0,5,0,2025-11-24,0.59,146.23,1079.6699999999998,atenção
PLO0010,Jaguaruna-Camacho-apartamento-SUP-1Q,Carteira 6,SC,"Jaguaruna, SC","Jaguaruna, SC, Centro",0,22,862.65,14,1077.87,2025-11,0.3333,0.2759,10,30,108.7,93.5,4,0,2025-11-24,0.8,0.0,215.2199999999999,berlinda
PSO0705,Penha-Beto_Carrero-apartamento-SUP-1Q,Carteira 3,SC,"Penha, SC","Penha, SC, Praia de Armação do Itapocoroi",0,134,3601.17,18,2190.5,2025-11,0.6333,0.486,19,30,219.47,,0,0,2025-11-24,1.64,0.0,-1410.67,ok
PSO0801,Penha-Beto_Carrero-apartamento-SUP-1Q,Carteira 3,SC,"Penha, SC","Penha, SC, Praia de Armação do Itapocoroi",0,102,5050.03,18,2190.5,2025-11,0.9667,0.486,29,30,210.21,,0,0,2025-11-24,2.31,0.0,-2859.5299999999997,meta_subestimada
PSOB0707,Penha-Beto_Carrero-apartamento-SUP-1Q,Carteira 3,SC,"Penha, SC","Penha, SC, Armação",0,142,4197.72,18,2190.5,2025-11,0.7667,0.486,23,30,208.17,,0,0,2025-11-24,1.92,0.0,-2007.2200000000003,ok
REK0002,Penha-Beto_Carrero-casa-JR-1Q,Carteira 3,SC,"Penha, SC","Penha, SC, Armação",0,66,1247.43,29,2301.74,2025-11,0.4333,0.657,13,30,117.38,117.5,6,0,2025-11-24,0.54,0.0,1054.3099999999997,atenção
RGP208,Florianopolis-Jurere_Tradicional-apartamento-JR-2Q,Carteira 1,SC,"Florianópolis, SC","Florianópolis, SC, Jurerê",0,1484,3743.45,28,4499.33,2025-11,0.4,0.636,12,30,366.17,263.67,6,0,2025-11-24,0.83,0.0,755.8800000000001,berlinda
RME047,Curitiba-Merces-apartamento-SUP-1Q,Carteira 4,PR,"Curitiba, PR","Curitiba, PR, Mercês",3,201,2947.15,31,2089.57,2025-11,0.8889,0.6034,24,30,143.33,104.0,1,0,2025-11-24,1.41,429.99,-857.5799999999999,ok
RRC0206,Florianopolis-Ribeirao-apartamento-SUP-1Q,Carteira 4,SC,"Florianópolis, SC","Florianópolis, SC, Ribeirão da Ilha",3,409,1184.68,39,2808.4,2025-11,0.3333,0.6118,9,30,156.33,,0,0,2025-11-24,0.42,468.99,1623.72,crítico
RVL1183,Bombinhas-Mariscal-casa-JR-2Q,Carteira 6,SC,"Bombinhas, SC","Bombinhas, SC, Canto Grande",1,876,2834.42,27,1459.87,2025-11,0.7241,0.3243,21,30,161.19,133.0,1,0,2025-11-24,1.94,161.19,-1374.5500000000002,ok
SDS104,Gramado-Geral-apartamento-SUP-2Q,Carteira 4,RS,"Gramado, RS","Gramado, RS, Centro",0,492,7435.06,163,6133.42,2025-11,0.8,0.6035,24,30,424.29,,0,0,2025-11-24,1.21,0.0,-1301.6400000000003,ok
SHC0506,Balneario_Picarras-Geral-apartamento-TOP-3Q,Carteira 6,SC,"Balneário Piçarras, SC","Balneário Piçarras, SC, Itacolomi",0,156,5611.8,19,3248.13,2025-11,0.7667,0.3341,23,30,298.35,343.0,2,0,2025-11-24,1.73,0.0,-2363.67,ok
SSG0317,Florianopolis-UFSC-apartamento-TOP-1Q,Carteira 4,SC,"Florianópolis, SC","Florianópolis, SC, Córrego Grande",0,319,4095.61,17,3684.75,2025-11,0.7,0.6764,21,30,224.9,196.5,2,0,2025-11-24,1.11,0.0,-410.8600000000001,ok
TDE0587,Florianopolis-Campeche-apartamento-SUP-2Q,Carteira 1,SC,"Florianópolis, SC","Florianópolis, SC, Campeche",5,423,4496.84,14,2652.64,2025-11,0.76,0.4532,19,30,326.0,,0,0,2025-11-24,1.7,1630.0,-1844.2000000000003,ok
TPS306,Florianopolis-Canasvieiras_Meio-apartamento-TOP-1Q,Carteira 1,SC,"Florianópolis, SC","Florianópolis, SC, Canasvieiras",0,995,4497.01,26,4125.61,2025-11,0.7667,0.558,23,30,253.39,195.0,3,0,2025-11-24,1.09,0.0,-371.40000000000055,berlinda
TRA0014,Camaçari-Monte_Gordo-apartamento-TOP-2Q,Carteira 2,BA,"Camaçari, BA","Camaçari, BA, Guarajuba Monte Gordo",2,382,2368.51,23,5904.52,2025-11,0.2857,0.5067,8,30,377.13,301.83,6,0,2025-11-24,0.4,754.26,3536.01,crítico
VST016,Especial-VST-casa-TOP-1Q,Carteira 5,SC,"Anitápolis, SC","Anitápolis, SC, Rio dos pinheiros",3,123,2693.37,54,3890.57,2025-11,0.4444,0.3016,12,30,279.58,180.0,4,0,2025-11-24,0.69,838.74,1197.2000000000003,atenção
VVC0202,Florianopolis-Jurere_Longe-apartamento-TOP-2Q,Carteira 1,SC,"Florianópolis, SC","Florianópolis, SC, Jurerê Internacional",4,37,4668.01,16,8083.58,2025-11,0.4231,0.6861,11,30,510.55,452.25,4,0,2025-11-24,0.58,2042.2,3415.5699999999997,atenção
WSH0407,Curitiba-Batel-apartamento-SUP-1Q,Carteira 4,PR,"Curitiba, PR","Curitiba, PR, Bigorrilho",0,18,3605.25,200,3688.58,2025-11,0.9333,0.6794,28,30,166.86,130.0,1,0,2025-11-24,0.98,0.0,83.32999999999993,berlinda
ZNB0706,Salvador-Barra-apartamento-SUP-1Q,Carteira 2,BA,"Salvador, BA","Salvador, BA, Barra",0,33,3384.88,212,4248.24,2025-11,0.7667,0.7112,23,30,193.74,130.0,2,0,2025-11-24,0.8,0.0,863.3599999999997,atenção
AIA2200,Barra_Velha-Tabuleiro-casa-JR-3Q,Carteira 3,SC,"Barra Velha, SC","Barra Velha, SC, Barra Velha",7,638,2299.33,17,1480.8,2025-11,0.5217,0.2389,12,30,277.42,227.4,5,0,2025-11-24,1.55,1941.94,-818.53,ok
ATB2014,Sao_Paulo-Brooklin-apartamento-JR-1Q,Carteira 4,SP,"São Paulo, SP","São Paulo, SP, Jardim das Acacias",0,213,3447.43,46,4249.57,2025-11,0.8333,0.6984,25,30,180.0,174.67,3,0,2025-11-24,0.81,0.0,802.1399999999999,berlinda
CMR204,Florianopolis-Itacorubi-apartamento-TOP-1Q,Carteira 4,SC,"Florianópolis, SC","Florianópolis, SC, Itacorubi",1,600,4029.66,26,2725.59,2025-11,0.6897,0.5829,20,30,236.55,171.5,2,0,2025-11-24,1.48,236.55,-1304.0699999999997,ok
DBH0804,Guarapari-Praia_do_Morro-apartamento-JR-3Q,Carteira 4,ES,"Guarapari, ES","Guarapari, ES, Praia do Morro",0,61,1662.09,54,1948.64,2025-11,0.3667,0.3935,11,30,183.91,151.8,5,0,2025-11-24,0.85,0.0,286.5500000000002,berlinda
DLH0303,Gramado-Centro-apartamento-TOP-2Q,Carteira 4,RS,"Gramado, RS","Gramado, RS, Centro",0,521,10062.55,55,11231.9,2025-11,0.7333,0.7261,22,30,632.0,,0,0,2025-11-24,0.9,0.0,1169.3500000000004,berlinda
ELK0101,Florianopolis-UFSC-apartamento-JR-3Q,Carteira 4,SC,"Florianópolis, SC","Florianópolis, SC, Córrego Grande",9,334,5067.85,15,3753.83,2025-11,0.9524,0.7057,20,30,308.9,,0,0,2025-11-24,1.35,2780.1,-1314.0200000000004,ok
ILC2309,Especial-ILC-hotel-TOP-1Q,Especial,SC,"Florianópolis, SC","Florianópolis, SC, Jurerê Internacional",0,822,14573.0,30,11771.46,2025-11,0.9,0.7857,27,30,662.74,,0,0,2025-11-24,1.24,0.0,-2801.540000000001,ok
IPC0902,Balneario_Camboriu-Centro-apartamento-TOP-3Q,Carteira 6,SC,"Balneário Camboriú, SC","Balneário Camboriú, SC, Centro",10,67,6678.28,53,6326.12,2025-11,0.95,0.5568,19,30,0.0,,0,0,2025-11-24,1.06,0.0,-352.15999999999985,berlinda
MDT016,São_Miguel_dos_Milagres-Geral-apartamento-SUP-3Q,Carteira 2,AL,"São Miguel dos Milagres, AL","São Miguel dos Milagres, AL, Centro",2,674,2860.9,35,5495.68,2025-11,0.1786,0.5191,5,30,636.0,500.0,6,27,2025-11-24,0.52,1272.0,2634.78,atenção
MHF0703,Itapema-Canto_Praia-apartamento-TOP-1Q,Carteira 5,SC,"Itapema, SC","Itapema, SC, Centro",0,498,3915.66,19,3496.4,2025-11,0.4333,0.5702,13,30,250.78,220.0,1,22,2025-11-24,1.12,0.0,-419.25999999999976,ok
MHF1402,Itapema-Canto_Praia-apartamento-TOP-2Q,Carteira 5,SC,"Itapema, SC","Itapema, SC, Centro",0,438,4155.24,14,3147.32,2025-11,0.6,0.4145,18,30,275.94,251.5,4,0,2025-11-24,1.32,0.0,-1007.9199999999996,ok
NOR0202,Brasilia-Asa_Norte-apartamento-SUP-1Q,Carteira 1_sys-price,DF,"Brasília, DF","Brasília, DF, Asa Norte",0,767,4848.2,142,4078.89,2025-11,0.9333,0.8171,28,30,241.54,,0,0,2025-11-24,1.19,0.0,-769.31,ok
NWT0703,Especial-NWT-apartamento-TOP-1Q,Carteira 5,AL,"Maceió, AL","Maceió, AL, Pajuçara",0,185,4791.91,43,5085.72,2025-11,0.6333,0.6637,19,30,310.53,280.0,2,0,2025-11-24,0.94,0.0,293.8100000000004,berlinda
OKA128,Florianopolis-Campeche-apartamento-TOP-1Q,Carteira 1,SC,"Florianópolis, SC","Florianópolis, SC, Campeche",0,780,5629.21,25,3776.21,2025-11,0.7333,0.6121,22,30,274.36,244.5,2,0,2025-11-24,1.49,0.0,-1853.0,ok
PGO309,Pocos_de_Caldas-Geral-apartamento-SUP-1Q,Carteira 4,MG,"Poços de Caldas, MG","Poços de Caldas, MG, São Benedito",0,808,2821.9,32,1790.89,2025-11,0.8,0.4244,24,30,183.46,120.0,3,0,2025-11-24,1.58,0.0,-1031.01,ok
PSO0504,Penha-Beto_Carrero-apartamento-SUP-1Q,Carteira 3,SC,"Penha, SC","Penha, SC, Praia de Armação do Itapocoroi",0,100,4420.05,18,2190.5,2025-11,0.8333,0.486,25,30,207.96,,0,0,2025-11-24,2.02,0.0,-2229.55,meta_subestimada
RUP0101,Blumenau-Central-apartamento-SUP-1Q,Carteira 4,SC,"Blumenau, SC","Blumenau, SC, Escola Agrícola",1,465,1335.7,67,1442.36,2025-11,0.4483,0.3663,13,30,121.54,122.67,6,0,2025-11-24,0.93,121.54,106.65999999999985,berlinda
SPJ0102,Especial-SPJ-apartamento-TOP-1Q,Carteira 5,SC,"Florianópolis, SC","Florianópolis, SC, Jurerê",0,210,5418.97,16,6452.9,2025-11,0.7,0.7069,21,30,335.52,233.5,2,0,2025-11-24,0.84,0.0,1033.9299999999994,berlinda
SPJ0203,Especial-SPJ-apartamento-TOP-1Q,Carteira 5,SC,"Florianópolis, SC","Florianópolis, SC, Jurerê",0,518,6085.35,16,6452.9,2025-11,0.6667,0.7069,20,30,359.25,227.0,3,0,2025-11-24,0.94,0.0,367.5499999999993,berlinda
SPJ0404,Especial-SPJ-apartamento-TOP-1Q,Carteira 5,SC,"Florianópolis, SC","Florianópolis, SC, Jurerê",4,516,5271.44,16,6452.9,2025-11,0.7308,0.7069,19,30,304.67,,0,0,2025-11-24,0.82,1218.68,1181.46,berlinda
STI0205,Florianopolis-Ingleses_Centro-apartamento-SUP-1Q,Carteira 1,SC,"Florianópolis, SC","Florianópolis, SC, Ingleses Norte",2,19,3290.15,31,1842.38,2025-11,0.7143,0.4456,20,30,203.7,187.2,5,0,2025-11-24,1.79,407.4,-1447.77,ok
SVE508,Florianopolis-UFSC-apartamento-TOP-1Q,Carteira 4,SC,"Florianópolis, SC","Florianópolis, SC, Pantanal",0,772,2316.04,17,3684.75,2025-11,0.5333,0.6764,16,30,185.69,,0,0,2025-11-24,0.63,0.0,1368.71,atenção
SVO0506,Florianopolis-UFSC-apartamento-SUP-1Q,Carteira 4,SC,"Florianópolis, SC","Florianópolis, SC, PANTANAL",0,313,2750.14,45,3461.85,2025-11,0.6667,0.6721,20,30,154.0,124.5,2,0,2025-11-24,0.79,0.0,711.71,atenção
TCO1210,Porto_Alegre-Centro_Historico-apartamento-SUP-1Q,Carteira 4,RS,"Porto Alegre, RS","Porto Alegre, RS, Centro Histórico",0,509,2170.72,77,2393.45,2025-11,0.7,0.6126,21,30,129.71,,0,0,2025-11-24,0.91,0.0,222.73000000000002,berlinda
VST019,Especial-VST-casa-TOP-1Q,Carteira 5,SC,"Anitápolis, SC","Anitápolis, SC, Rio dos Pinheiros",3,488,1935.97,54,3890.57,2025-11,0.3704,0.3016,10,30,248.6,191.75,4,0,2025-11-24,0.5,745.8,1954.6000000000001,crítico
VST036,Especial-VST-casa-TOP-1Q,Carteira 5,SC,"Anitápolis, SC",VST036,1,213,2660.45,54,3890.57,2025-11,0.4138,0.3016,12,30,285.25,218.67,6,0,2025-11-24,0.68,285.25,1230.1200000000003,atenção
WSH0801,Curitiba-Batel-apartamento-SUP-1Q,Carteira 4,PR,"Curitiba, PR","Curitiba, PR, Bigorrilho",2,213,2661.69,200,3688.58,2025-11,0.5357,0.6794,15,30,202.93,130.0,3,0,2025-11-24,0.72,405.86,1026.8899999999999,atenção
ALI024,Florianopolis-Cachoeira_Bom_Jesus-casa-SUP-4Q,Carteira 1,SC,"Florianópolis, SC","Florianópolis, SC, Cachoeira do Bom Jesus",5,739,8677.98,7,8125.34,2025-11,0.48,0.4591,12,30,953.42,,0,0,2025-11-24,1.07,4767.099999999999,-552.6399999999994,berlinda
ATP0001,Porto_Seguro-Pitinga-casa-SUP-4Q,Carteira 2,BA,"Porto Seguro, BA","Porto Seguro, BA, Arraial D ajuda",2,207,1679.85,9,3906.63,2025-11,0.1071,0.3498,3,30,665.0,442.33,6,0,2025-11-24,0.43,1330.0,2226.78,crítico
BSO0101,Itajai-Praia_Brava-apartamento-SUP-1Q,Carteira 6,SC,"Balneário Camboriú, SC","Balneário Camboriú, SC, Praia dos Amores",0,57,3299.38,12,2794.44,2025-11,0.8667,0.5466,26,30,153.22,131.0,2,0,2025-11-24,1.18,0.0,-504.94000000000005,ok
CAS014,Florianopolis-Estreito-apartamento-JR-2Q,Carteira 4,SC,"Florianópolis, SC","Florianópolis, SC, Coqueiros",0,563,1952.43,14,2650.4,2025-11,0.3333,0.525,10,30,236.2,148.5,6,0,2025-11-24,0.74,0.0,697.97,atenção
CCU203,Florianopolis-Praia_Brava-apartamento-JR-2Q,Carteira 1,SC,"Florianópolis, SC","Florianópolis, SC, Praia Brava",1,1192,2554.13,18,1316.81,2025-11,0.3448,0.2146,10,30,332.5,298.0,1,0,2025-11-24,1.94,332.5,-1237.3200000000002,ok
DOV108,Florianopolis-Ingleses_Norte-apartamento-SUP-2Q,Carteira 1,SC,"Florianópolis, SC","Florianópolis, SC, Ingleses",0,845,3470.13,86,2552.46,2025-11,0.5667,0.3604,17,30,272.06,180.0,3,0,2025-11-24,1.36,0.0,-917.6700000000001,ok
ECF0306,Cabo_Frio-Centro-apartamento-JR-2Q,Carteira 4,RJ,"Cabo Frio, RJ","Cabo Frio, RJ, Centro",4,417,1145.42,186,2797.12,2025-11,0.3077,0.5236,8,30,179.25,120.0,3,0,2025-11-24,0.41,717.0,1651.6999999999998,crítico
EIO6031,Itapema-Meia_Praia-Norte-apartamento-JR-3Q,Carteira 6,SC,"Itapema, SC","Itapema, SC, Meia Praia",5,759,3405.89,28,1912.44,2025-11,0.72,0.3958,18,30,220.44,,0,0,2025-11-24,1.78,1102.2,-1493.4499999999998,ok
LIV1704,Salvador-Graca-apartamento-SUP-1Q,Especial,BA,"Salvador, BA","Salvador, BA, Vitória",0,121,5068.76,39,4017.09,2025-11,0.9333,0.6891,28,30,248.93,211.5,2,0,2025-11-24,1.26,0.0,-1051.67,ok
MHE213,Florianopolis-Cachoeira_Bom_Jesus-apartamento-MASTER-2Q,Carteira 1,SC,"Florianópolis, SC","Florianópolis, SC, Cachoeira do Bom Jesus",5,617,5773.21,14,6029.28,2025-11,0.44,0.659,11,30,622.27,333.0,2,0,2025-11-24,0.96,3111.35,256.0699999999997,berlinda
MHFB0506,Itapema-Canto_Praia-apartamento-SUP-1Q,Carteira 5,SC,"Itapema, SC","Itapema, SC, Centro",0,457,3986.74,14,2356.68,2025-11,0.8667,0.4102,26,30,176.73,,0,0,2025-11-24,1.69,0.0,-1630.06,ok
NBL0910,Porto_Alegre-Jardim_Botanico-apartamento-SUP-1Q,Carteira 4,RS,"Porto Alegre, RS","Porto Alegre, RS, Santa Cecília",0,702,2033.84,68,2372.5,2025-11,0.5667,0.5342,17,30,143.06,131.33,3,0,2025-11-24,0.86,0.0,338.6600000000001,berlinda
NWT0605,Especial-NWT-apartamento-TOP-1Q,Carteira 5,AL,"Maceió, AL","Maceió, AL, Pajuçara",0,215,6203.52,43,5085.72,2025-11,0.8333,0.6637,25,30,294.62,250.0,1,0,2025-11-24,1.22,0.0,-1117.8000000000002,ok
ONJ2612,Sao_Paulo-Moema-apartamento-TOP-1Q,Carteira 4,SP,"São Paulo, SP","São Paulo, SP, Indianópolis",2,273,4481.86,107,5536.9,2025-11,0.6786,0.7669,19,30,292.11,208.8,5,0,2025-11-24,0.81,584.22,1055.04,berlinda
PAN0301,Salvador-Barra-apartamento-SUP-2Q,Carteira 2,BA,"Salvador, BA","Salvador, BA, Barra",6,414,5217.57,29,4906.63,2025-11,1.0,0.7352,24,30,269.38,,0,0,2025-11-24,1.06,1616.28,-310.9399999999996,berlinda
PSJ0304,Florianopolis-Jurere_Tradicional-apartamento-SUP-2Q,Carteira 1,SC,"Florianópolis, SC","Florianópolis, SC, Jurerê",3,316,5186.46,17,5832.42,2025-11,0.6667,0.5256,18,30,374.5,282.0,1,0,2025-11-24,0.89,1123.5,645.96,berlinda
RSU3842,Penha-Longe-apartamento-SUP-3Q,Carteira 6,SC,"Penha, SC","Penha, SC, Gravatá",0,303,3500.22,18,3726.01,2025-11,0.5333,0.3771,16,30,284.88,,0,0,2025-11-24,0.94,0.0,225.79000000000042,berlinda
SJS0001,Florianopolis-Ingleses_Centro-apartamento-JR-1Q,Carteira 1,SC,"Florianópolis, SC","Florianópolis, SC, Ingleses do Rio Vermelho",0,373,2014.25,18,2729.84,2025-11,0.6333,0.5952,19,30,136.53,121.5,6,0,2025-11-24,0.74,0.0,715.5900000000001,atenção
SLC0103,Florianopolis-Rio_Vermelho-apartamento-JR-1Q,Carteira 1,SC,"Florianópolis, SC","Florianópolis, SC, Ingleses do Rio Vermelho",0,285,1347.23,21,2656.73,2025-11,0.6333,0.5306,19,30,125.68,157.33,6,0,2025-11-24,0.51,0.0,1309.5,atenção
TCO0709,Porto_Alegre-Centro_Historico-apartamento-SUP-1Q,Carteira 4,RS,"Porto Alegre, RS","Porto Alegre, RS, Centro Histórico",0,274,2579.4,77,2393.45,2025-11,0.7667,0.6126,23,30,128.0,,0,0,2025-11-24,1.08,0.0,-185.95000000000027,berlinda
TCO0811,Porto_Alegre-Centro_Historico-apartamento-SUP-1Q,Carteira 4,RS,"Porto Alegre, RS","Porto Alegre, RS, Centro Histórico",1,499,2362.11,77,2393.45,2025-11,0.8276,0.6126,24,30,124.17,120.0,2,0,2025-11-24,0.99,124.17,31.33999999999969,berlinda
TRS0006,Penha-Beto_Carrero-casa-SUP-1Q,Carteira 3,SC,"Penha, SC","Penha, SC, Armação",0,164,1699.82,25,2335.8,2025-11,0.4667,0.6365,14,30,145.57,133.75,4,0,2025-11-24,0.73,0.0,635.9800000000002,atenção
TVT1009,Florianopolis-Centrao-apartamento-MASTER-1Q,Carteira 4,SC,"Florianópolis, SC","Florianópolis, SC, Centro",0,589,5345.98,31,4552.17,2025-11,0.6667,0.5762,20,30,354.3,238.0,1,0,2025-11-24,1.17,0.0,-793.8099999999995,ok
TXP1803,Goiania-Central-apartamento-SUP-1Q,Carteira 1_sys-price,GO,"Goiânia, GO","Goiânia, GO, Setor Bueno",1,471,2350.0,162,2535.55,2025-11,0.6207,0.5616,18,30,151.44,147.0,4,0,2025-11-24,0.93,151.44,185.55000000000018,berlinda
VIL0003,Penha-Longe-apartamento-JR-1Q,Carteira 6,SC,"Penha, SC","Penha, SC, Santa Lidia",0,38,2062.61,20,1317.54,2025-11,0.7667,0.3497,23,30,108.7,99.0,1,0,2025-11-24,1.57,0.0,-745.0700000000002,ok
EON0402,Goiania-Central-2-apartamento-SUP-3Q,Carteira 1_sys-price,GO,"Goiânia, GO","Goiânia, GO, Setor Oeste",0,3,6237.52,21,4354.98,2025-11,0.9333,0.4626,28,30,278.89,330.0,1,0,2025-11-24,1.43,0.0,-1882.5400000000009,ok
ETE0308,Maceio-Ponta_Verde-apartamento-TOP-1Q,Carteira 2,AL,"Maceió, AL","Maceió, AL, Pajuçara",2,395,4130.74,126,4914.91,2025-11,0.8571,0.7641,24,30,209.33,195.0,1,0,2025-11-24,0.84,418.66,784.1700000000001,berlinda
GDP0107,Brasilia-Asa_Sul-apartamento-SUP-1Q,Carteira 1_sys-price,DF,"Brasília, DF","Brasília, DF, Asa Sul",1,645,4125.95,142,4188.45,2025-11,0.6897,0.8532,20,30,260.95,196.0,1,0,2025-11-24,0.99,260.95,62.5,berlinda
HAL103,Florianopolis-Novo_Campeche-apartamento-TOP-1Q,Carteira 1,SC,"Florianópolis, SC","Florianópolis, SC, Campeche",3,820,6007.76,52,5653.12,2025-11,0.8148,0.7115,22,30,329.95,259.33,3,2,2025-11-24,1.06,989.8499999999999,-354.6400000000003,berlinda
IFT1003,Itapema-Meia_Praia-Norte-apartamento-TOP-1Q,Carteira 6,SC,"Itapema, SC","Itapema, SC, Meia Praia",0,171,4671.37,32,3277.09,2025-11,0.9,0.4396,27,30,212.74,189.67,3,0,2025-11-24,1.43,0.0,-1394.2799999999997,ok
MHF1903,Itapema-Canto_Praia-apartamento-TOP-1Q,Carteira 5,SC,"Itapema, SC","Itapema, SC, Centro",0,480,4644.43,19,3496.4,2025-11,0.7333,0.5702,22,30,242.0,220.0,2,22,2025-11-24,1.33,0.0,-1148.0300000000002,ok
NBL0911,Porto_Alegre-Jardim_Botanico-apartamento-SUP-1Q,Carteira 4,RS,"Porto Alegre, RS","Porto Alegre, RS, Santa Cecília",0,702,1070.05,68,2372.5,2025-11,0.3,0.5342,9,30,138.78,130.67,6,0,2025-11-24,0.45,0.0,1302.45,crítico
NWT1011,Especial-NWT-apartamento-MASTER-1Q,Carteira 5,AL,"Maceió, AL","Maceió, AL, Pajuçara",6,177,7360.05,31,6339.75,2025-11,0.75,0.7564,18,30,542.94,,0,0,2025-11-24,1.16,3257.6400000000003,-1020.3000000000002,ok
OBS0101,Itapema-Meia_Praia-Sul-apartamento-JR-2Q,Carteira 6,SC,"Itapema, SC","Itapema, SC, Meia Praia",17,123,806.1,19,2238.48,2025-11,0.4615,0.5187,6,30,168.33,,0,0,2025-11-24,0.36,2861.61,1432.38,crítico
OGD0401,Florianopolis-Beira_Mar-apartamento-TOP-1Q,Carteira 4,SC,"Florianópolis, SC","Florianópolis, SC, Centro",0,248,5159.76,19,6378.82,2025-11,0.7667,0.7167,23,30,279.13,180.0,3,0,2025-11-24,0.81,0.0,1219.0599999999995,berlinda
OKA216,Florianopolis-Campeche-apartamento-SUP-1Q,Carteira 1,SC,"Florianópolis, SC","Florianópolis, SC, Campeche",0,729,3422.5,28,3106.87,2025-11,0.6667,0.6807,20,30,226.85,238.67,6,3,2025-11-24,1.1,0.0,-315.6300000000001,ok
PSOA0607,Penha-Beto_Carrero-apartamento-SUP-1Q,Carteira 3,SC,"Penha, SC","Penha, SC, Praia de Armação do Itapocoroi",0,93,3562.05,18,2190.5,2025-11,0.7667,0.486,23,30,182.26,,0,0,2025-11-24,1.63,0.0,-1371.5500000000002,ok
RFM0005,Santa_Cruz_Cabralia-Coroa_Vermelha-apartamento-SUP-2Q,Carteira 2,BA,"Santa Cruz Cabrália, BA","Santa Cruz Cabrália, BA, Coroa Vermelha",30,86,0.0,51,3298.0,2025-11,,0.5248,0,30,0.0,,0,30,2025-11-24,0.0,0.0,3298.0,crítico
RMI0007,Florianopolis-Ingleses_Praia-apartamento-TOP-1Q,Carteira 1,SC,"Florianópolis, SC","Florianópolis, SC, Ingleses do Rio Vermelho",5,680,3633.29,63,3264.0,2025-11,0.76,0.4871,19,30,224.37,197.67,3,0,2025-11-24,1.11,1121.85,-369.28999999999996,ok
RUP0805,Blumenau-Central-apartamento-SUP-1Q,Carteira 4,SC,"Blumenau, SC","Blumenau, SC, Escola Agrícola",3,402,1728.8,67,1442.36,2025-11,0.5926,0.3663,16,30,124.75,126.0,3,0,2025-11-24,1.2,374.25,-286.44000000000005,ok
SFR0401,Bombinhas-Centro-apartamento-SUP-1Q,Carteira 6,SC,"Bombinhas, SC","Bombinhas, SC, Centro",0,37,5237.25,35,3520.7,2025-11,0.9333,0.6125,28,30,210.04,,0,0,2025-11-24,1.49,0.0,-1716.5500000000002,ok
SHC1103,Balneario_Picarras-Geral-apartamento-TOP-2Q,Carteira 6,SC,"Balneário Piçarras, SC","Balneário Piçarras, SC, Itacolomi",5,320,3550.66,41,2627.78,2025-11,0.6,0.3938,15,30,329.4,300.0,1,10,2025-11-24,1.35,1647.0,-922.8799999999997,ok
SPJ0106,Especial-SPJ-apartamento-TOP-1Q,Carteira 5,SC,"Florianópolis, SC","Florianópolis, SC, Jurerê",0,310,5476.78,16,6452.9,2025-11,0.7333,0.7069,22,30,308.32,252.0,3,0,2025-11-24,0.85,0.0,976.1199999999999,berlinda
SPJ0202,Especial-SPJ-apartamento-TOP-1Q,Carteira 5,SC,"Florianópolis, SC","Florianópolis, SC, Jurerê",0,516,6495.51,16,6452.9,2025-11,0.9,0.7069,27,30,344.63,,0,0,2025-11-24,1.01,0.0,-42.61000000000058,berlinda
SPJ0402,Especial-SPJ-apartamento-TOP-1Q,Carteira 5,SC,"Florianópolis, SC","Florianópolis, SC, Jurerê",0,385,6780.42,16,6452.9,2025-11,0.9,0.7069,27,30,307.07,236.0,1,0,2025-11-24,1.05,0.0,-327.52000000000044,berlinda
VDI208,Florianopolis-Jurere_Longe-apartamento-SUP-2Q,Carteira 1,SC,"Florianópolis, SC","Florianópolis, SC, Jurerê Internacional",30,1983,0.0,30,5331.22,2025-11,,0.6054,0,30,0.0,,0,0,2025-11-24,0.0,0.0,5331.22,crítico
ZNB1304,Salvador-Barra-apartamento-SUP-1Q,Carteira 2,BA,"Salvador, BA","Salvador, BA, Barra",7,172,3515.44,212,4248.24,2025-11,1.0,0.7112,23,30,200.35,,0,0,2025-11-24,0.83,1402.45,732.7999999999997,berlinda
BAB0202,Florianopolis-Ingleses_Praia-apartamento-SUP-1Q,Carteira 1,SC,"Florianópolis, SC","Florianópolis, SC, Ingleses do Rio Vermelho",0,368,4906.17,40,3764.53,2025-11,0.5333,0.55,16,30,383.44,191.25,4,0,2025-11-24,1.3,0.0,-1141.6399999999999,ok
BLS1657,Goiania-Central-apartamento-TOP-1Q,Carteira 1_sys-price,GO,"Goiânia, GO","Goiânia, GO, Setor Marista",0,15,3628.34,54,3159.15,2025-11,0.8667,0.5673,26,30,192.15,175.0,1,0,2025-11-24,1.15,0.0,-469.19000000000005,ok
CGS0002,Brasilia-Asa_Norte-apartamento-SUP-2Q,Carteira 1_sys-price,DF,"Brasília, DF","Brasília, DF, Asa Norte",0,192,5507.11,13,7287.21,2025-11,0.8333,0.8154,25,30,290.8,,0,0,2025-11-24,0.76,0.0,1780.1000000000004,atenção
CZZ0402,Urubici-Geral-apartamento-SUP-1Q,Especial,SC,"Urubici, SC","Urubici, SC, Centro",0,207,1898.03,55,1722.65,2025-11,0.3333,0.2319,10,30,234.3,178.0,6,0,2025-11-24,1.1,0.0,-175.37999999999988,ok
ILC1211,Especial-ILC-hotel-JR-1Q,Especial,SC,"Florianópolis, SC","Florianópolis, SC, Jurerê Internacional",0,1971,8928.49,17,10796.7,2025-11,0.6,0.6721,18,30,605.33,469.5,4,0,2025-11-24,0.83,0.0,1868.210000000001,berlinda
JAS0001,Florianopolis-Lagoa-apartamento-JR-1Q,Carteira 1,SC,"Florianópolis, SC","Florianópolis, SC, Lagoa da Conceição",0,171,1246.78,24,3922.68,2025-11,0.3,0.7427,9,30,151.22,234.0,6,20,2025-11-24,0.32,0.0,2675.8999999999996,crítico
NPZ093,Sao_Paulo-Moema-apartamento-TOP-1Q,Carteira 4,SP,"São Paulo, SP","São Paulo, SP, Moema",0,554,6554.75,107,5536.9,2025-11,0.9667,0.7669,29,30,272.9,,0,0,2025-11-24,1.18,0.0,-1017.8500000000004,ok
PVE0302,Guarapari-Nova_Guarapari-apartamento-JR-2Q,Carteira 4,ES,"Guarapari, ES","Guarapari, ES, Enseada Verde",0,283,1045.42,38,2084.38,2025-11,0.2333,0.3741,7,30,185.57,177.83,6,0,2025-11-24,0.5,0.0,1038.96,atenção
RJH0101,Camaçari-Itacimirim-apartamento-TOP-2Q,Carteira 2,BA,"Camaçari, BA","Camaçari, BA, Itacimirim",4,275,2909.02,13,4733.93,2025-11,0.4231,0.4231,11,30,331.0,276.5,6,0,2025-11-24,0.61,1324.0,1824.9100000000003,atenção
SHC0801,Balneario_Picarras-Geral-apartamento-TOP-3Q,Carteira 6,SC,"Balneário Piçarras, SC","Balneário Piçarras, SC, Itacolomi",2,75,4779.33,19,3248.13,2025-11,0.1071,0.3341,3,30,1875.0,1875.0,6,30,2025-11-24,1.47,3750.0,-1531.1999999999998,ok
TCO1215,Porto_Alegre-Centro_Historico-apartamento-SUP-1Q,Carteira 4,RS,"Porto Alegre, RS","Porto Alegre, RS, Centro Histórico",1,562,1740.51,77,2393.45,2025-11,0.6207,0.6126,18,30,120.56,120.5,4,0,2025-11-24,0.73,120.56,652.9399999999998,atenção
VDO102,Florianopolis-Rio_Tavares-casa-JR-2Q,Carteira 1,SC,"Florianópolis, SC","Florianópolis, SC, Campeche",27,676,0.0,12,2857.22,2025-11,0.0,0.4429,0,30,0.0,339.67,3,0,2025-11-24,0.0,0.0,2857.22,crítico
VLR403,Florianopolis-Centrao-apartamento-SUP-1Q,Carteira 4,SC,"Florianópolis, SC","Florianópolis, SC, Centro",5,590,3729.17,127,3977.15,2025-11,0.88,0.5706,22,30,257.32,,0,0,2025-11-24,0.94,1286.6,247.98000000000002,berlinda
VTD0704,Florianopolis-UFSC-apartamento-SUP-1Q,Carteira 4,SC,"Florianópolis, SC","Florianópolis, SC, Trindade",3,138,3773.6,45,3461.85,2025-11,0.8519,0.6721,23,30,220.13,,0,0,2025-11-24,1.09,660.39,-311.75,berlinda
ZUC0703,Balneario_Camboriu-Longe-apartamento-SUP-2Q,Carteira 6,SC,"Balneário Camboriú, SC","Balneário Camboriú, SC, Nações",5,165,1767.18,18,3317.28,2025-11,0.32,0.5208,8,30,340.75,400.0,5,22,2025-11-24,0.53,1703.75,1550.1000000000001,atenção
ATP0008,Porto_Seguro-Pitinga-casa-SUP-4Q,Carteira 2,BA,"Porto Seguro, BA","Porto Seguro, BA, Arraial D ajuda",4,18,0.0,9,3906.63,2025-11,0.0,0.3498,0,30,0.0,1136.0,6,30,2025-11-24,0.0,0.0,3906.63,crítico
CMT0404,Florianopolis-UFSC-apartamento-SUP-3Q,Carteira 4,SC,"Florianópolis, SC","Florianópolis, SC, Córrego Grande",1,260,4326.59,16,4535.03,2025-11,0.5172,0.5522,15,30,374.27,218.0,3,0,2025-11-24,0.95,374.27,208.4399999999996,berlinda
DPR0007,Balneario_Camboriu-Sul-apartamento-JR-2Q,Carteira 6,SC,"Balneário Camboriú, SC","Balneário Camboriú, SC, Barra",6,249,2592.78,200,3226.57,2025-11,0.7917,0.5683,19,30,158.74,132.33,3,0,2025-11-24,0.8,952.44,633.79,berlinda
EDA0001,Curitiba-Centro-apartamento-SUP-1Q,Carteira 4,PR,"Curitiba, PR","Curitiba, PR, Centro",0,107,2636.22,513,2873.2,2025-11,0.6,0.6692,18,30,172.89,130.0,4,0,2025-11-24,0.92,0.0,236.98000000000002,berlinda
FUA0004,Ubatuba-Praia_do_Lazaro-apartamento-JR-1Q,Carteira 4,SP,"Ubatuba, SP","Ubatuba, SP, Lázaro Praia Domingos Dias",0,33,1273.56,27,2895.42,2025-11,0.3,0.5069,9,30,189.33,180.17,6,0,2025-11-24,0.44,0.0,1621.8600000000001,crítico
GBL601,Itapema-Praia_Centro-apartamento-SUP-3Q,Carteira 6,SC,"Itapema, SC","Itapema, SC, Centro",4,648,3385.62,20,2259.89,2025-11,0.7692,0.3489,20,30,250.2,,0,0,2025-11-24,1.5,1000.8,-1125.73,ok
GOS1007,Porto_Alegre-Auxiliadora-apartamento-TOP-1Q,Carteira 4,RS,"Porto Alegre, RS","Porto Alegre, RS, Auxiliadora",0,830,1979.19,27,3893.0,2025-11,0.4,0.6631,12,30,200.0,204.0,2,0,2025-11-24,0.51,0.0,1913.81,atenção
GRI1305,Itapema-Praia_Itapema-apartamento-TOP-2Q,Carteira 6,SC,"Itapema, SC","Itapema, SC, Morretes",0,152,1777.12,20,2637.51,2025-11,0.1333,0.3676,4,30,513.25,350.0,6,30,2025-11-24,0.67,0.0,860.3900000000003,atenção
HIN0117,Brasilia-Asa_Norte-apartamento-JR-1Q,Carteira 1_sys-price,DF,"Brasília, DF","Brasília, DF, Asa Norte",0,296,4822.98,175,3156.74,2025-11,0.9667,0.8025,29,30,198.03,,0,0,2025-11-24,1.53,0.0,-1666.2399999999998,ok
ILC4104,Especial-ILC-hotel-JR-1Q,Especial,SC,"Florianópolis, SC","Florianópolis, SC, Jurerê Internacional",3,1005,10168.91,17,10796.7,2025-11,0.7407,0.6721,20,30,585.7,,0,0,2025-11-24,0.94,1757.1000000000001,627.7900000000009,berlinda
MHF1609,Itapema-Canto_Praia-apartamento-TOP-2Q,Carteira 5,SC,"Itapema, SC","Itapema, SC, Centro",0,417,1888.68,14,3147.32,2025-11,0.1667,0.4145,5,30,440.8,293.0,6,23,2025-11-24,0.6,0.0,1258.64,atenção
MSSO0902,Goiania-Leste-apartamento-TOP-1Q,Carteira 1_sys-price,GO,"Goiânia, GO","Goiânia, GO, Jardim Goiás",0,767,4029.11,20,3827.79,2025-11,0.8667,0.6222,26,30,183.46,206.0,1,0,2025-11-24,1.05,0.0,-201.32000000000016,berlinda
NWC1510,Curitiba-Centro-apartamento-SUP-1Q,Carteira 4,PR,"Curitiba, PR","Curitiba, PR, Centro",0,80,2899.17,513,2873.2,2025-11,0.6667,0.6692,20,30,171.76,,0,0,2025-11-24,1.01,0.0,-25.970000000000255,berlinda
OKA204,Florianopolis-Campeche-apartamento-TOP-1Q,Carteira 1,SC,"Florianópolis, SC","Florianópolis, SC, Campeche",4,1073,2636.41,25,3776.21,2025-11,0.5385,0.6121,14,30,242.57,282.67,3,0,2025-11-24,0.7,970.28,1139.8000000000002,atenção
PAT0402,Itapema-Meia_Praia-Sul-apartamento-TOP-2Q,Carteira 6,SC,"Itapema, SC","Itapema, SC, Meia Praia",4,8,4184.78,28,3584.48,2025-11,0.4231,0.4102,11,30,436.91,450.0,5,29,2025-11-24,1.17,1747.64,-600.2999999999997,ok
PRB0405,Florianopolis-Jurere_Tradicional-apartamento-TOP-2Q,Carteira 1,SC,"Florianópolis, SC","Florianópolis, SC, Jurerê",0,261,10163.04,20,10464.65,2025-11,0.7667,0.6843,23,30,630.74,,0,0,2025-11-24,0.97,0.0,301.60999999999876,berlinda
PSO0708,Penha-Beto_Carrero-apartamento-SUP-1Q,Carteira 3,SC,"Penha, SC","Penha, SC, Praia de Armação do Itapocoroi",0,136,3258.41,18,2190.5,2025-11,0.7,0.486,21,30,192.43,144.0,1,0,2025-11-24,1.49,0.0,-1067.9099999999999,ok
QUI0090,Pocos_de_Caldas-Geral-apartamento-SUP-1Q,Carteira 4,MG,"Poços de Caldas, MG","Poços de Caldas, MG, Centro",0,274,2715.85,32,1790.89,2025-11,0.7333,0.4244,22,30,155.45,120.0,2,0,2025-11-24,1.52,0.0,-924.9599999999998,ok
SMA0107,Salvador-Pituba_Praia-apartamento-SUP-1Q,Carteira 5,BA,"Salvador, BA","Salvador, BA, Amaralina",2,65,2879.99,17,2408.79,2025-11,0.75,0.6483,21,30,171.29,165.0,2,0,2025-11-24,1.2,342.58,-471.1999999999998,ok
TPS310,Florianopolis-Canasvieiras_Meio-apartamento-TOP-1Q,Carteira 1,SC,"Florianópolis, SC","Florianópolis, SC, Canasvieiras",1,1027,2843.27,26,4125.61,2025-11,0.4828,0.558,14,30,252.57,222.83,6,0,2025-11-24,0.69,252.57,1282.3399999999997,atenção
VLO0514,Florianopolis-Jurere_Longe-apartamento-TOP-2Q,Carteira 1,SC,"Florianópolis, SC","Florianópolis, SC, Jurerê Internacional",3,354,8071.01,16,8083.58,2025-11,0.6667,0.6861,18,30,717.67,570.0,1,0,2025-11-24,1.0,2153.0099999999998,12.569999999999709,berlinda
BFC301,Cabo_Frio-Centro-apartamento-JR-3Q,Carteira 4,RJ,"Cabo Frio, RJ","Cabo Frio, RJ, Braga",2,878,776.16,122,2350.4,2025-11,0.1071,0.3697,3,30,312.0,235.0,6,0,2025-11-24,0.33,624.0,1574.2400000000002,crítico
BLS1755,Goiania-Central-apartamento-SUP-1Q,Carteira 1_sys-price,GO,"Goiânia, GO","Goiânia, GO, Setor Marista",0,772,3544.19,162,2535.55,2025-11,0.9333,0.5616,28,30,160.86,,0,12,2025-11-24,1.4,0.0,-1008.6399999999999,ok
BMC1008,Florianopolis-Beira_Mar-apartamento-TOP-1Q,Carteira 4,SC,"Florianópolis, SC","Florianópolis, SC, Centro",0,66,4895.25,19,6378.82,2025-11,0.7667,0.7167,23,30,277.78,180.0,3,0,2025-11-24,0.77,0.0,1483.5699999999997,atenção
EJO0402,Florianopolis-Centrao-apartamento-JR-1Q,Carteira 4,SC,"Florianópolis, SC","Florianópolis, SC, Centro",0,394,3939.56,72,3484.62,2025-11,0.9,0.6339,27,30,182.19,,0,0,2025-11-24,1.13,0.0,-454.94000000000005,ok
GSH0101,Camaçari-Monte_Gordo-apartamento-TOP-2Q,Carteira 2,BA,"Camaçari, BA","Camaçari, BA, Monte Gordo",3,226,2369.71,23,5904.52,2025-11,0.1852,0.5067,5,30,600.0,600.0,4,30,2025-11-24,0.4,1800.0,3534.8100000000004,crítico
ILC2106,Especial-ILC-hotel-JR-1Q,Especial,SC,"Florianópolis, SC","Florianópolis, SC, Jurerê Internacional",0,1864,11198.37,17,10796.7,2025-11,0.7667,0.6721,23,30,661.52,608.0,1,0,2025-11-24,1.04,0.0,-401.6700000000001,berlinda
JBV157,Especial-JBV-hotel-TOP-1Q,Especial,SC,"Florianópolis, SC","Florianópolis, SC, Jurerê",0,1121,11884.43,34,11467.8,2025-11,0.8,0.7407,24,30,619.0,752.0,1,0,2025-11-24,1.04,0.0,-416.630000000001,berlinda
JPA102,Gramado-Geral-apartamento-JR-2Q,Carteira 4,RS,"Gramado, RS","Gramado, RS, Vila Jardim",0,527,5799.36,52,4002.49,2025-11,0.7333,0.5359,22,30,356.77,247.33,3,0,2025-11-24,1.45,0.0,-1796.87,ok
JSO0007,Porto_Seguro-Pataxos-apartamento-JR-1Q,Carteira 2,BA,"Porto Seguro, BA","Porto Seguro, BA, PRAIA DE MUNDAÍ",11,372,0.0,34,2441.73,2025-11,0.0,0.5445,0,30,0.0,359.0,6,30,2025-11-24,0.0,0.0,2441.73,crítico
NGO0002,Pocos_de_Caldas-Geral-apartamento-SUP-1Q,Carteira 4,MG,"Poços de Caldas, MG","Poços de Caldas, MG, São Benedito",7,150,1517.06,32,1790.89,2025-11,0.5217,0.4244,12,30,143.67,,0,0,2025-11-24,0.85,1005.6899999999999,273.83000000000015,berlinda
NWT0323,Especial-NWT-apartamento-TOP-1Q,Carteira 5,AL,"Maceió, AL","Maceió, AL, Pajuçara",0,345,6577.18,43,5085.72,2025-11,0.8,0.6637,24,30,313.88,301.0,2,0,2025-11-24,1.29,0.0,-1491.46,ok
NWT1302,Especial-NWT-apartamento-TOP-1Q,Carteira 5,AL,"Maceió, AL","Maceió, AL, Pajuçara",0,352,6845.53,43,5085.72,2025-11,0.8333,0.6637,25,30,352.4,308.8,5,0,2025-11-24,1.35,0.0,-1759.8099999999995,ok
OAG0505,Sao_Paulo-Pinheiros-apartamento-SUP-1Q,Carteira 4,SP,"São Paulo, SP","São Paulo, SP, Cerqueira César",8,177,3691.28,429,4667.71,2025-11,0.7273,0.7106,16,30,254.94,170.0,2,0,2025-11-24,0.79,2039.52,976.4299999999998,atenção
OPR0303,Salvador-Ondina_Rio_Vermelho-apartamento-SUP-1Q,Carteira 2,BA,"Salvador, BA","Salvador, BA, Ondina",17,73,1724.6,86,3539.22,2025-11,0.7692,0.693,10,30,199.6,333.0,3,12,2025-11-24,0.49,3393.2,1814.62,crítico
PSD201,Florianopolis-Jurere_Tradicional-apartamento-SIM-2Q,Carteira 1,SC,"Florianópolis, SC","Florianópolis, SC, Jurerê",2,1990,5518.25,23,3139.05,2025-11,0.8214,0.5172,23,30,279.04,216.0,2,0,2025-11-24,1.76,558.08,-2379.2,ok
PSO1003,Penha-Beto_Carrero-apartamento-SUP-1Q,Carteira 3,SC,"Penha, SC","Penha, SC, Praia de Armação do Itapocoroi",0,120,5094.14,18,2190.5,2025-11,0.9333,0.486,28,30,229.75,,0,0,2025-11-24,2.33,0.0,-2903.6400000000003,meta_subestimada
PSOA1101,Penha-Beto_Carrero-apartamento-SUP-1Q,Carteira 3,SC,"Penha, SC","Penha, SC, Praia de Armação do Itapocoroi",0,116,3605.28,18,2190.5,2025-11,0.7333,0.486,22,30,198.82,162.0,1,0,2025-11-24,1.65,0.0,-1414.7800000000002,ok
RJE0980,Gramado-Geral-casa-JR-4Q,Carteira 4,RS,"Gramado, RS","Gramado, RS, Casa Grande",7,394,6360.59,10,7882.6,2025-11,0.6087,0.5221,14,30,606.07,358.33,6,0,2025-11-24,0.81,4242.490000000001,1522.0100000000002,berlinda
RLI0101,Florianopolis-Ingleses_Norte-apartamento-JR-2Q,Carteira 1,SC,"Florianópolis, SC","Florianópolis, SC, Ingleses do Rio Vermelho",2,337,3996.4,37,2023.39,2025-11,0.8214,0.4458,23,30,202.52,165.0,3,0,2025-11-24,1.98,405.04,-1973.01,ok
RMH1511,Aguas_Claras-Geral-apartamento-SUP-1Q,Carteira 1_sys-price,DF,"Brasília, DF","Brasília, DF, Águas Claras",2,202,4204.3,110,3017.08,2025-11,0.8214,0.7394,23,30,209.7,,0,0,2025-11-24,1.39,419.4,-1187.2200000000003,ok
SOA0111,Salvador-Boca_do_Rio-apartamento-SUP-2Q,Carteira 2,BA,"Salvador, BA","Salvador, BA, Boca do Rio",3,445,3558.77,17,3548.18,2025-11,0.7407,0.6989,20,30,229.3,130.0,1,0,2025-11-24,1.0,687.9000000000001,-10.590000000000146,berlinda
SPT0105,Blumenau-Central-apartamento-JR-1Q,Carteira 4,SC,"Blumenau, SC","Blumenau, SC, Itoupava Seca",0,596,168.42,42,910.58,2025-11,0.0667,0.3663,2,30,100.0,100.0,6,27,2025-11-24,0.18,0.0,742.1600000000001,crítico
SSN0304,Salvador-Costa_Azul-apartamento-SUP-1Q,Especial,BA,"Salvador, BA","Salvador, BA, Costa Azul",21,306,500.92,30,2810.75,2025-11,0.5556,0.6855,5,30,119.2,,0,0,2025-11-24,0.18,2503.2000000000003,2309.83,crítico
UCR0505,Porto_Alegre-Jardim_Botanico-apartamento-SUP-1Q,Carteira 4,RS,"Porto Alegre, RS","Porto Alegre, RS, Três Figueiras",0,39,3276.0,68,2372.5,2025-11,0.6667,0.5342,20,30,200.0,200.0,4,30,2025-11-24,1.38,0.0,-903.5,ok
VJG0102,Ilheus-Sul-apartamento-SUP-2Q,Carteira 2,BA,"Ilhéus, BA","Ilhéus, BA, São Francisco",1,714,1873.95,39,2676.44,2025-11,0.5172,0.3785,15,30,152.2,156.67,3,0,2025-11-24,0.7,152.2,802.49,atenção
VLP0105,Mata_de_Sao_Joao-Praia_do_Forte-apartamento-SUP-2Q,Carteira 2,BA,"Mata de São João, BA","Mata de São João, BA, Praia do Forte",3,617,4561.8,27,6226.37,2025-11,0.5556,0.5545,15,30,372.33,250.0,1,0,2025-11-24,0.73,1116.99,1664.5699999999997,atenção
VLPD0223,Mata_de_Sao_Joao-Praia_do_Forte_Longe-apartamento-SUP-1Q,Carteira 2,BA,"Mata de São João, BA","Mata de São João, BA, Açu da Torre",3,102,4310.1,14,1925.6,2025-11,0.6296,0.3598,17,30,300.76,239.8,5,0,2025-11-24,2.24,902.28,-2384.5000000000005,meta_subestimada
ATE0302,Goiania-Universitario-apartamento-JR-1Q,Carteira 1_sys-price,GO,"Goiânia, GO","Goiânia, GO, Setor Leste Vila Nova",3,100,2331.96,112,2007.69,2025-11,0.7407,0.5601,20,30,132.4,,0,5,2025-11-24,1.16,397.20000000000005,-324.27,ok
CIE0101,Florianopolis-Jurere_Longe-apartamento-JR-1Q,Carteira 1,SC,"Florianópolis, SC","Florianópolis, SC, Jurerê",10,365,2472.84,47,1965.96,2025-11,0.85,0.4896,17,30,173.29,,0,0,2025-11-24,1.26,1732.8999999999999,-506.8800000000001,ok
CVE402,Guarapari-Praia_do_Morro-apartamento-JR-3Q,Carteira 4,ES,"Guarapari, ES","Guarapari, ES, Praia do Morro",4,620,1733.19,54,1948.64,2025-11,0.3462,0.3935,9,30,219.56,156.0,4,0,2025-11-24,0.89,878.24,215.45000000000005,berlinda
EGC001,Urubici-Geral-casa-SUP-1Q,Carteira 3,SC,"Urubici, SC","Urubici, SC, Centro",0,772,1890.22,52,1725.09,2025-11,0.4,0.2337,12,30,176.5,137.5,2,0,2025-11-24,1.1,0.0,-165.1300000000001,berlinda
ESD143,Balneario_Camboriu-Sul-apartamento-SUP-2Q,Carteira 6,SC,"Balneário Camboriú, SC","Balneário Camboriú, SC, Barra Sul",0,900,5490.33,95,4343.61,2025-11,0.7333,0.5558,22,30,269.14,198.0,3,0,2025-11-24,1.26,0.0,-1146.7200000000003,ok
FFS0408,Itapema-Meia_Praia-Sul-apartamento-TOP-1Q,Carteira 6,SC,"Itapema, SC","Itapema, SC, Meia Praia",0,5,4609.93,29,2569.38,2025-11,0.9333,0.4078,28,30,231.21,186.0,2,0,2025-11-24,1.79,0.0,-2040.5500000000002,ok
FLT0011,Florianopolis-Centrao-apartamento-SIM-1Q,Carteira 4,SC,"Florianópolis, SC","Florianópolis, SC, Centro",0,211,2792.24,13,1998.08,2025-11,0.7,0.4988,21,30,161.43,103.75,4,0,2025-11-24,1.4,0.0,-794.1599999999999,ok
GGE203,Florianopolis-Ingleses_Norte-apartamento-TOP-2Q,Carteira 1,SC,"Florianópolis, SC","Florianópolis, SC, Ingleses do Rio Vermelho",7,605,6217.94,21,5532.65,2025-11,0.913,0.6262,21,30,395.95,275.0,2,0,2025-11-24,1.12,2771.65,-685.29,ok
IBY1613,Sao_Paulo-Moema-apartamento-TOP-1Q,Carteira 4,SP,"São Paulo, SP","São Paulo, SP, Indianópolis",0,269,5209.25,107,5536.9,2025-11,0.8667,0.7669,26,30,240.69,,0,0,2025-11-24,0.94,0.0,327.64999999999964,berlinda
IDA0108,Florianopolis-Ingleses_Norte-apartamento-SUP-1Q,Carteira 1,SC,"Florianópolis, SC","Florianópolis, SC, Ingleses Norte",1,3,3238.0,57,2409.04,2025-11,0.6552,0.5502,19,30,205.47,195.0,1,0,2025-11-24,1.34,205.47,-828.96,ok
LIV1612,Salvador-Graca-apartamento-TOP-1Q,Especial,BA,"Salvador, BA","Salvador, BA, Vitória",0,36,4186.36,15,3658.61,2025-11,0.7667,0.6726,23,30,217.61,193.0,1,0,2025-11-24,1.14,0.0,-527.7499999999995,ok
MHF1106,Itapema-Canto_Praia-apartamento-TOP-1Q,Carteira 5,SC,"Itapema, SC","Itapema, SC, Centro",0,239,3606.33,19,3496.4,2025-11,0.6333,0.5702,19,30,217.89,200.0,2,0,2025-11-24,1.03,0.0,-109.92999999999984,berlinda
MHF1504,Itapema-Canto_Praia-apartamento-TOP-1Q,Carteira 5,SC,"Itapema, SC","Itapema, SC, Centro",1,313,4655.24,19,3496.4,2025-11,0.8276,0.5702,24,30,249.71,200.0,1,0,2025-11-24,1.33,249.71,-1158.8399999999997,ok
MHF1602,Itapema-Canto_Praia-apartamento-TOP-2Q,Carteira 5,SC,"Itapema, SC","Itapema, SC, CEntro",0,444,4488.45,14,3147.32,2025-11,0.6,0.4145,18,30,312.78,278.4,5,0,2025-11-24,1.43,0.0,-1341.1299999999997,ok
NWT0919,Especial-NWT-apartamento-TOP-1Q,Carteira 5,AL,"Maceió, AL","Maceió, AL, Pajuçara",2,214,6309.19,43,5085.72,2025-11,0.9286,0.6637,26,30,303.46,,0,0,2025-11-24,1.24,606.92,-1223.4699999999993,ok
NXO0603,Sao_Paulo-Bela_Vista-apartamento-SUP-1Q,Carteira 4_sys-price,SP,"São Paulo, SP","São Paulo, SP, Consolação",0,444,3897.84,605,4142.47,2025-11,0.8333,0.7186,25,30,197.76,,0,0,2025-11-24,0.94,0.0,244.6300000000001,berlinda
OKA131,Florianopolis-Campeche-apartamento-SUP-1Q,Carteira 1,SC,"Florianópolis, SC","Florianópolis, SC, Campeche",0,1073,3643.89,28,3106.87,2025-11,0.6,0.6807,18,30,244.72,243.0,3,0,2025-11-24,1.17,0.0,-537.02,ok
ONI0002,Barra_Velha-Tabuleiro-casa-JR-2Q,Carteira 3,SC,"Barra Velha, SC","Barra Velha, SC, Tabuleiro",0,4,3044.54,19,1892.97,2025-11,0.8,0.4275,24,30,161.79,126.0,3,0,2025-11-24,1.61,0.0,-1151.57,ok
PKS0205,Guara-Geral-apartamento-SUP-1Q,Carteira 1,DF,"Brasília, DF","Brasília, DF, Asa Norte",0,253,4510.11,34,4348.81,2025-11,0.9,0.7917,27,30,216.74,,0,0,2025-11-24,1.04,0.0,-161.29999999999927,berlinda
PVG0501,Itajai-Praia_Brava-apartamento-SUP-2Q,Carteira 6,SC,"Itajaí, SC","Itajaí, SC, Praia Brava de Itajaí",2,316,2590.15,23,3948.48,2025-11,0.3929,0.5183,11,30,280.18,147.0,3,0,2025-11-24,0.66,560.36,1358.33,atenção
RAL203,Florianopolis-Ingleses_Centro-apartamento-JR-2Q,Carteira 1,SC,"Florianópolis, SC","Florianópolis, SC, Ingleses do Rio Vermelho",0,679,3618.07,21,1761.58,2025-11,0.8,0.4366,24,30,179.38,240.5,2,0,2025-11-24,2.05,0.0,-1856.4900000000002,meta_subestimada
RNC0202,Florianopolis-Campeche-apartamento-SUP-1Q,Carteira 1,SC,"Florianópolis, SC","Florianópolis, SC, Campeche",0,171,676.9,28,3106.87,2025-11,0.1667,0.6807,5,30,179.0,214.83,6,0,2025-11-24,0.22,0.0,2429.97,crítico
ART003,Porto_Seguro-Pataxos-apartamento-JR-2Q,Carteira 2,BA,"Porto Seguro, BA","Porto Seguro, BA, Paraíso dos Pataxós",0,772,546.56,45,1927.04,2025-11,0.1333,0.3383,4,30,154.0,139.67,6,0,2025-11-24,0.28,0.0,1380.48,crítico
CEL1804,Goiania-Central-apartamento-SUP-1Q,Carteira 1_sys-price,GO,"Goiânia, GO","Goiânia, GO, Setor Bueno",0,85,2663.9,162,2535.55,2025-11,0.6667,0.5616,20,30,155.95,164.0,1,0,2025-11-24,1.05,0.0,-128.3499999999999,berlinda
CTD0302,Penha-Longe-apartamento-JR-2Q,Carteira 6,SC,"Penha, SC","Penha, SC, Centro",0,176,2217.68,25,2369.86,2025-11,0.7333,0.5,22,30,125.77,144.0,2,0,2025-11-24,0.94,0.0,152.1800000000003,berlinda
CVA305,Bombinhas-Bombas-apartamento-TOP-3Q,Carteira 6,SC,"Bombinhas, SC","Bombinhas, SC, Bombas",1,1094,5823.55,15,4379.63,2025-11,0.6897,0.4551,20,30,370.3,360.0,2,0,2025-11-24,1.33,370.3,-1443.92,ok
EAL0704,Balneario_Camboriu-Centro-apartamento-JR-2Q,Carteira 6,SC,"Balneário Camboriú, SC","Balneário Camboriú, SC, Centro",0,577,3793.28,49,3454.39,2025-11,0.9333,0.5285,28,30,163.11,123.0,2,0,2025-11-24,1.1,0.0,-338.8900000000003,berlinda
FDL101,Bombinhas-Bombas-apartamento-JR-2Q,Carteira 6,SC,"Bombinhas, SC","Bombinhas, SC, Bombas",1,873,2675.31,44,1984.33,2025-11,0.7586,0.3406,22,30,138.5,97.0,2,3,2025-11-24,1.35,138.5,-690.98,ok
GBA908,Sao_Paulo-Campo_Belo-apartamento-SUP-1Q,Carteira 4_sys-price,SP,"São Paulo, SP","São Paulo, SP, Campo Belo",0,172,3788.06,65,3686.45,2025-11,0.8,0.8045,24,30,182.17,130.0,2,0,2025-11-24,1.03,0.0,-101.61000000000013,berlinda
ILC1313,Especial-ILC-hotel-JR-1Q,Especial,SC,"Florianópolis, SC","Florianópolis, SC, Jurerê Internacional",0,1628,11330.44,17,10796.7,2025-11,0.8333,0.6721,25,30,569.64,,0,0,2025-11-24,1.05,0.0,-533.7399999999998,berlinda
ILC3404,Especial-ILC-hotel-JR-1Q,Especial,SC,"Florianópolis, SC","Florianópolis, SC, Jurerê Internacional",0,1688,10885.12,17,10796.7,2025-11,0.7333,0.6721,22,30,623.23,296.0,1,0,2025-11-24,1.01,0.0,-88.42000000000007,berlinda
IRB205,Florianopolis-Novo_Campeche-apartamento-TOP-1Q,Carteira 1,SC,"Florianópolis, SC","Florianópolis, SC, Campeche",0,876,7619.17,52,5653.12,2025-11,0.9,0.7115,27,30,378.44,,0,0,2025-11-24,1.35,0.0,-1966.0500000000002,ok
JBV166,Especial-JBV-hotel-JR-1Q,Especial,SC,"Florianópolis, SC","Florianópolis, SC, Jurerê",0,102,12021.1,27,10333.97,2025-11,0.7667,0.693,23,30,618.78,,0,0,2025-11-24,1.16,0.0,-1687.130000000001,ok
LOF1405,Sao_Paulo-Pinheiros-apartamento-SUP-1Q,Carteira 4,SP,"São Paulo, SP","São Paulo, SP, Pinheiros",0,166,5142.99,429,4667.71,2025-11,0.9333,0.7106,28,30,233.29,,0,0,2025-11-24,1.1,0.0,-475.27999999999975,ok
MHF1908,Itapema-Canto_Praia-apartamento-TOP-2Q,Carteira 5,SC,"Itapema, SC","Itapema, SC, Centro",2,309,4088.99,14,3147.32,2025-11,0.5357,0.4145,15,30,311.27,297.33,6,0,2025-11-24,1.3,622.54,-941.6699999999996,ok
MSST1401,Goiania-Leste-apartamento-TOP-1Q,Carteira 1_sys-price,GO,"Goiânia, GO","Goiânia, GO, Jardim Goiás",1,767,2713.44,20,3827.79,2025-11,0.5517,0.6222,16,30,195.13,184.0,4,0,2025-11-24,0.71,195.13,1114.35,atenção
NEB0103,Blumenau-Central-apartamento-SUP-2Q,Carteira 4,SC,"Blumenau, SC","Blumenau, SC, Velha",2,401,2761.1,43,2153.8,2025-11,0.6429,0.4494,18,30,175.39,179.0,6,0,2025-11-24,1.28,350.78,-607.2999999999997,ok
NWT0318,Especial-NWT-apartamento-TOP-1Q,Carteira 5,AL,"Maceió, AL","Maceió, AL, Pajuçara",0,225,7068.93,43,5085.72,2025-11,0.7667,0.6637,23,30,380.3,307.5,2,0,2025-11-24,1.39,0.0,-1983.21,ok
NWT0704,Especial-NWT-apartamento-TOP-1Q,Carteira 5,AL,"Maceió, AL","Maceió, AL, Pajuçara",0,186,7511.2,43,5085.72,2025-11,0.9333,0.6637,28,30,338.43,,0,0,2025-11-24,1.48,0.0,-2425.4799999999996,ok
ONP2021,Sao_Paulo-Bela_Vista-apartamento-SUP-1Q,Carteira 4_sys-price,SP,"São Paulo, SP","São Paulo, SP, Paraíso",5,170,3839.81,605,4142.47,2025-11,0.88,0.7186,22,30,207.73,150.0,3,0,2025-11-24,0.93,1038.6499999999999,302.6600000000003,berlinda
PTR0003,Porto_Seguro-Pataxos-apartamento-JR-3Q,Carteira 2,BA,"Porto Seguro, BA","Porto Seguro, BA, Paraíso dos Pataxós",3,332,1017.38,9,2778.65,2025-11,0.1852,0.252,5,30,233.2,160.0,6,0,2025-11-24,0.37,699.5999999999999,1761.27,crítico
RPN0101,Florianopolis-Canajure-apartamento-SUP-3Q,Carteira 1,SC,"Florianópolis, SC","Florianópolis, SC, Jurere",5,78,4060.16,15,5836.53,2025-11,0.56,0.6578,14,30,355.36,,0,0,2025-11-24,0.7,1776.8000000000002,1776.37,atenção
RTQ0009,Mata_de_Sao_Joao-Praia_Imbassai-casa-SUP-2Q,Carteira 2,BA,"Mata de São João, BA","Mata de São João, BA, Imbassaí",24,165,2744.52,14,3078.88,2025-11,1.0,0.4813,6,30,561.0,,0,24,2025-11-24,0.89,13464.0,334.3600000000001,berlinda
RVR0506,Florianopolis-UFSC-apartamento-SUP-1Q,Carteira 4,SC,"Florianópolis, SC","Florianópolis, SC, Pantanal",1,723,3443.28,45,3461.85,2025-11,0.6897,0.6721,20,30,188.35,160.5,2,0,2025-11-24,0.99,188.35,18.56999999999971,berlinda
SDR008,Florianopolis-Lagoa-apartamento-SUP-1Q,Carteira 1,SC,"Florianópolis, SC","Florianópolis, SC, Lagoa da Conceição",0,1522,3170.82,27,3747.01,2025-11,0.7333,0.7398,22,30,182.5,161.0,3,0,2025-11-24,0.85,0.0,576.19,berlinda
SOA0610,Salvador-Boca_do_Rio-apartamento-TOP-1Q,Carteira 2,BA,"Salvador, BA","Salvador, BA, Boca do Rio",1,310,2580.51,17,3548.18,2025-11,0.6207,0.6989,18,30,186.22,136.0,1,0,2025-11-24,0.73,186.22,967.6699999999996,atenção
SPT0501,Blumenau-Central-apartamento-JR-1Q,Carteira 4,SC,"Blumenau, SC","Blumenau, SC, Itoupava Seca",0,521,520.42,42,910.58,2025-11,0.2,0.3663,6,30,100.0,100.0,6,27,2025-11-24,0.57,0.0,390.1600000000001,atenção
SSG0304,Florianopolis-UFSC-apartamento-TOP-1Q,Carteira 4,SC,"Florianópolis, SC","Florianópolis, SC, Córrego Grande",4,737,3672.96,17,3684.75,2025-11,0.8077,0.6764,21,30,218.76,,0,0,2025-11-24,1.0,875.04,11.789999999999964,berlinda
TPS105,Florianopolis-Canasvieiras_Meio-apartamento-TOP-1Q,Carteira 1,SC,"Florianópolis, SC","Florianópolis, SC, Canasvieiras",0,1031,2839.99,26,4125.61,2025-11,0.5667,0.558,17,30,222.0,222.83,6,0,2025-11-24,0.69,0.0,1285.62,atenção
VAC0704,Barra_Velha-Tabuleiro-apartamento-TOP-2Q,Carteira 3,SC,"Barra Velha, SC","Barra Velha, SC, Itajubá",0,29,1993.97,57,1928.98,2025-11,0.3333,0.3592,10,30,216.1,175.5,6,0,2025-11-24,1.03,0.0,-64.99000000000001,berlinda
VST008,Especial-VST-casa-TOP-1Q,Carteira 5,SC,"Anitápolis, SC","Anitápolis, SC, Rio dos Pinheiros",1,488,3187.34,54,3890.57,2025-11,0.6552,0.3016,19,30,214.16,254.25,4,0,2025-11-24,0.82,214.16,703.23,berlinda
VVA0490,Porto_Seguro-Pitinga-casa-MASTER-3Q,Carteira 2,BA,"Porto Seguro, BA","Porto Seguro, BA, Arraial DAjuda",16,444,4948.53,8,7290.03,2025-11,0.4286,0.4586,6,30,1000.0,,0,21,2025-11-24,0.68,16000.0,2341.5,atenção
ACI0320,Salvador-Ondina_Rio_Vermelho-apartamento-JR-1Q,Carteira 2,BA,"Salvador, BA","Salvador, BA, Ondina",2,54,2584.88,64,2833.13,2025-11,0.7143,0.7084,20,30,161.7,,0,0,2025-11-24,0.91,323.4,248.25,berlinda
BEH2209,Goiania-Central-apartamento-SUP-1Q,Carteira 1_sys-price,GO,"Goiânia, GO","Goiânia, GO, Setor Pedro Ludovico",1,768,3118.79,162,2535.55,2025-11,0.931,0.5616,27,30,146.2,148.33,3,0,2025-11-24,1.23,146.2,-583.2399999999998,ok
BSO0104,Itajai-Praia_Brava-apartamento-SUP-1Q,Carteira 6,SC,"Balneário Camboriú, SC","Balneário Camboriú, SC, Praia dos Amores",4,198,3410.25,12,2794.44,2025-11,0.9615,0.5466,25,30,175.84,130.0,1,0,2025-11-24,1.22,703.36,-615.81,ok
CGB0035,Ubatuba-Praia_Grande-apartamento-SUP-2Q,Carteira 4,SP,"Ubatuba, SP","Ubatuba, SP, Praia Grande",6,60,4543.09,172,4694.97,2025-11,0.6667,0.4756,16,30,316.5,240.0,2,0,2025-11-24,0.97,1899.0,151.8800000000001,berlinda
DBR0805,Itapema-Praia_Itapema-apartamento-TOP-2Q,Carteira 6,SC,"Itapema, SC","Itapema, SC, Morretes",3,668,4118.37,20,2637.51,2025-11,0.7778,0.3676,21,30,235.33,168.0,1,0,2025-11-24,1.56,705.99,-1480.8599999999997,ok
DLH0202,Gramado-Centro-apartamento-TOP-2Q,Carteira 4,RS,"Gramado, RS","Gramado, RS, Centro",0,333,13144.17,55,11231.9,2025-11,0.9333,0.7261,28,30,604.11,,0,0,2025-11-24,1.17,0.0,-1912.2700000000004,ok
DPR0001,Balneario_Camboriu-Sul-apartamento-JR-1Q,Carteira 6,SC,"Balneário Camboriú, SC","Balneário Camboriú, SC, Barra",0,267,2587.2,39,1985.43,2025-11,0.8667,0.5453,26,30,117.42,,0,0,2025-11-24,1.3,0.0,-601.7699999999998,ok
DSH1702,Itapema-Praia_Itapema-apartamento-TOP-2Q,Carteira 6,SC,"Itapema, SC","Itapema, SC, Morretes",3,320,3524.15,20,2637.51,2025-11,0.7407,0.3676,20,30,218.0,145.0,2,0,2025-11-24,1.34,654.0,-886.6399999999999,ok
EMT203,Cabo_Frio-Centro-apartamento-SUP-1Q,Carteira 4,RJ,"Cabo Frio, RJ","Cabo Frio, RJ, Braga",7,772,531.15,51,3428.27,2025-11,0.1304,0.6485,3,30,178.63,120.0,1,0,2025-11-24,0.15,1250.4099999999999,2897.12,crítico
EPC025,Florianopolis-Jurere_Longe-apartamento-SUP-2Q,Carteira 1,SC,"Florianópolis, SC","Florianópolis, SC, Jurerê Internacional",0,205,6109.5,30,5331.22,2025-11,0.5667,0.6054,17,30,407.41,227.0,1,0,2025-11-24,1.15,0.0,-778.2799999999997,ok
EVA0301,Florianopolis-Centrao-apartamento-SUP-1Q,Carteira 4,SC,"Florianópolis, SC","Florianópolis, SC, Centro",0,400,5025.53,127,3977.15,2025-11,0.9333,0.5706,28,30,215.04,,0,0,2025-11-24,1.26,0.0,-1048.3799999999997,ok
GLA0037,Sao_Paulo-Pompeia-apartamento-SUP-1Q,Carteira 4,SP,"São Paulo, SP","São Paulo, SP, Perdizes",1,58,3906.13,71,3769.75,2025-11,0.7931,0.5545,23,30,201.0,,0,0,2025-11-24,1.04,201.0,-136.3800000000001,berlinda
ILC2314,Especial-ILC-hotel-JR-1Q,Especial,SC,"Florianópolis, SC","Florianópolis, SC, Jurerê Internacional",0,1522,8752.49,17,10796.7,2025-11,0.5,0.6721,15,30,732.67,554.0,2,12,2025-11-24,0.81,0.0,2044.210000000001,berlinda
JBV306,Especial-JBV-hotel-JR-1Q,Especial,SC,"Florianópolis, SC","Florianópolis, SC, Jurerê",0,1593,12159.62,27,10333.97,2025-11,0.9,0.693,27,30,545.85,630.0,1,0,2025-11-24,1.18,0.0,-1825.6500000000015,ok
JBV327,Especial-JBV-hotel-TOP-1Q,Especial,SC,"Florianópolis, SC","Florianópolis, SC, Jurerê",0,1820,14493.68,34,11467.8,2025-11,0.9,0.7407,27,30,654.37,827.0,1,0,2025-11-24,1.26,0.0,-3025.880000000001,ok
LES106,Florianopolis-Jurere_Longe-apartamento-SUP-3Q,Carteira 1,SC,"Florianópolis, SC","Florianópolis, SC, Jurerê Internacional",10,451,8626.76,20,6841.22,2025-11,0.95,0.5944,19,30,617.0,510.0,1,0,2025-11-24,1.26,6170.0,-1785.54,ok
LIV1411,Salvador-Graca-apartamento-TOP-1Q,Especial,BA,"Salvador, BA","Salvador, BA, Vitória",0,260,5650.91,15,3658.61,2025-11,0.9333,0.6726,28,30,247.89,259.5,2,0,2025-11-24,1.54,0.0,-1992.2999999999997,ok
LVR0003,Campos_do_Jordao-Capivari_Centro-apartamento-SUP-2Q,Carteira 4,SP,"Campos do Jordão, SP","Campos do Jordão, SP, V Iara",0,199,3296.71,45,3750.48,2025-11,0.3667,0.3475,11,30,338.0,323.2,5,0,2025-11-24,0.88,0.0,453.77,berlinda
MHF1508,Itapema-Canto_Praia-apartamento-TOP-2Q,Carteira 5,SC,"Itapema, SC","Itapema, SC, Centro",1,16,3820.49,14,3147.32,2025-11,0.5517,0.4145,16,30,294.76,230.0,1,0,2025-11-24,1.21,294.76,-673.1699999999996,ok
NVM0009,Porto_Seguro-Pataxos-apartamento-JR-2Q,Carteira 2,BA,"Porto Seguro, BA","Porto Seguro, BA, Paraíso dos Pataxós",0,201,2148.62,45,1927.04,2025-11,0.4667,0.3383,14,30,180.5,130.0,3,0,2025-11-24,1.11,0.0,-221.57999999999993,ok
PRV0404,Salvador-Barra-apartamento-JR-1Q,Carteira 2,BA,"Salvador, BA","Salvador, BA, Barra",0,206,4031.91,121,3106.13,2025-11,0.9667,0.7082,29,30,164.76,115.0,1,0,2025-11-24,1.3,0.0,-925.7799999999997,ok
PSO0902,Penha-Beto_Carrero-apartamento-SUP-1Q,Carteira 3,SC,"Penha, SC","Penha, SC, Praia de Armação do Itapocoroi",0,121,4717.01,18,2190.5,2025-11,0.9667,0.486,29,30,192.86,160.0,1,0,2025-11-24,2.15,0.0,-2526.51,meta_subestimada
SCO0015,Florianopolis-Campeche-apartamento-SUP-1Q,Carteira 1,SC,"Florianópolis, SC","Florianópolis, SC, Campeche",0,43,1259.97,28,3106.87,2025-11,0.3,0.6807,9,30,171.89,214.83,6,0,2025-11-24,0.41,0.0,1846.8999999999999,crítico
SOA0907,Salvador-Boca_do_Rio-apartamento-SUP-1Q,Carteira 2,BA,"Salvador, BA","Salvador, BA, Boca do Rio",1,421,3399.2,34,3140.34,2025-11,0.7931,0.6738,23,30,162.65,,0,0,2025-11-24,1.08,162.65,-258.8599999999997,berlinda
SSL0211,Florianopolis-UFSC-apartamento-TOP-2Q,Carteira 4,SC,"Florianópolis, SC","Florianópolis, SC, Córrego Grande",11,190,905.4,16,4535.03,2025-11,0.1579,0.5319,3,30,350.0,350.0,2,18,2025-11-24,0.2,3850.0,3629.6299999999997,crítico
STU309,Florianopolis-UFSC-apartamento-TOP-1Q,Carteira 4,SC,"Florianópolis, SC","Florianópolis, SC, Trindade",0,859,3585.32,17,3684.75,2025-11,0.6667,0.6764,20,30,213.5,177.33,3,0,2025-11-24,0.97,0.0,99.42999999999984,berlinda
TRS0002,Penha-Beto_Carrero-casa-JR-1Q,Carteira 3,SC,"Penha, SC","Penha, SC, Armação",0,164,1160.8,29,2301.74,2025-11,0.3667,0.657,11,30,125.45,113.0,5,0,2025-11-24,0.5,0.0,1140.9399999999998,atenção
TXP0304,Goiania-Central-apartamento-SUP-1Q,Carteira 1_sys-price,GO,"Goiânia, GO","Goiânia, GO, Setor Bueno",0,757,3814.08,162,2535.55,2025-11,1.0,0.5616,30,30,161.1,,0,5,2025-11-24,1.5,0.0,-1278.5299999999997,ok
TXP1305,Goiania-Central-apartamento-SUP-1Q,Carteira 1_sys-price,GO,"Goiânia, GO","Goiânia, GO, Setor Bueno",7,745,2890.02,162,2535.55,2025-11,0.913,0.5616,21,30,162.9,,0,0,2025-11-24,1.14,1140.3,-354.4699999999998,ok
VTR0033,Balneario_Camboriu-Centro-apartamento-JR-2Q,Carteira 6,SC,"Balneário Camboriú, SC","Balneário Camboriú, SC, Centro",0,129,3846.86,49,3454.39,2025-11,0.8333,0.5285,25,30,185.24,168.0,1,0,2025-11-24,1.11,0.0,-392.47000000000025,ok
CBU203,Florianopolis-Novo_Campeche-apartamento-SUP-2Q,Carteira 1,SC,"Florianópolis, SC","Florianópolis, SC, Campeche",18,395,2802.6,47,5117.93,2025-11,1.0,0.6139,12,30,303.5,,0,0,2025-11-24,0.55,5463.0,2315.3300000000004,atenção
CFE0503,Florianopolis-Beira_Mar-apartamento-SUP-1Q,Carteira 4,SC,"Florianópolis, SC","Florianópolis, SC, Agronômica",0,36,3950.24,25,5229.55,2025-11,0.7,0.7213,21,30,224.52,147.0,1,0,2025-11-24,0.76,0.0,1279.3100000000004,atenção
CNA005,Especial-CNA-casa-MASTER-1Q,Especial,SP,"Campos do Jordão, SP","Campos do Jordão, SP, Jardim Europa",0,1016,11129.09,26,9055.36,2025-11,0.6333,0.5061,19,30,693.42,425.0,1,0,2025-11-24,1.23,0.0,-2073.7299999999996,ok
CNA008,Especial-CNA-casa-MASTER-1Q,Especial,SP,"Campos do Jordão, SP","Campos do Jordão, SP, Jardim Europa",0,1016,11422.72,26,9055.36,2025-11,0.6333,0.5061,19,30,737.37,387.5,2,0,2025-11-24,1.26,0.0,-2367.3599999999988,ok
CNA010,Especial-CNA-casa-MASTER-1Q,Especial,SP,"Campos do Jordão, SP","Campos do Jordão, SP, Jardim Europa",0,1016,12829.4,26,9055.36,2025-11,0.6667,0.5061,20,30,692.3,,0,0,2025-11-24,1.42,0.0,-3774.039999999999,ok
CNA011,Especial-CNA-casa-MASTER-1Q,Especial,SP,"Campos do Jordão, SP","Campos do Jordão, SP, Jardim Europa",0,1016,13888.19,26,9055.36,2025-11,0.9,0.5061,27,30,627.15,,0,0,2025-11-24,1.53,0.0,-4832.83,ok
COA0314,Brasilia-Setor_Hoteleiro-apartamento-SUP-1Q,Carteira 1_sys-price,DF,"Brasília, DF","Brasília, DF, Asa Norte",0,761,4658.65,150,6578.15,2025-11,0.6667,0.7828,20,30,275.35,358.0,1,0,2025-11-24,0.71,0.0,1919.5,atenção
EJO0403,Florianopolis-Centrao-apartamento-JR-1Q,Carteira 4,SC,"Florianópolis, SC","Florianópolis, SC, Centro",1,393,3253.63,72,3484.62,2025-11,0.6552,0.6339,19,30,167.39,118.0,3,0,2025-11-24,0.93,167.39,230.98999999999978,berlinda
EMR302,Florianopolis-Jurere_Internacional-apartamento-SUP-2Q,Carteira 1,SC,"Florianópolis, SC","Florianópolis, SC, Jurerê Internacional",1,947,5144.92,29,6050.7,2025-11,0.6207,0.5818,18,30,325.61,241.0,1,0,2025-11-24,0.85,325.61,905.7799999999997,berlinda
ESZ0103,Brasilia-Asa_Norte-apartamento-JR-1Q,Carteira 1_sys-price,DF,"Brasília, DF","Brasília, DF, Asa Norte",1,316,3760.47,175,3156.74,2025-11,0.7241,0.8025,21,30,227.19,,0,0,2025-11-24,1.19,227.19,-603.73,ok
ILH0503,Balneario_Camboriu-Intermediario-apartamento-JR-2Q,Carteira 6,SC,"Balneário Camboriú, SC","Balneário Camboriú, SC, Centro",0,36,4591.21,54,2325.59,2025-11,0.9333,0.4655,28,30,188.07,115.0,1,0,2025-11-24,1.97,0.0,-2265.62,ok
LIV0803,Salvador-Graca-apartamento-TOP-1Q,Especial,BA,"Salvador, BA","Salvador, BA, Vitória",0,256,4841.88,15,3658.61,2025-11,0.8333,0.6726,25,30,249.16,160.0,2,0,2025-11-24,1.32,0.0,-1183.27,ok
MGI025,Porto_Seguro-Pitinga-casa-SUP-2Q,Carteira 2,BA,"Porto Seguro, BA","Porto Seguro, BA, Arraial DAjuda",2,207,4471.46,11,4379.63,2025-11,0.25,0.493,7,30,642.86,600.0,6,0,2025-11-24,1.02,1285.72,-91.82999999999993,berlinda
MHE0111,Florianopolis-Cachoeira_Bom_Jesus-apartamento-MASTER-1Q,Carteira 1,SC,"Florianópolis, SC","Florianópolis, SC, Cachoeira do Bom Jesus",0,226,7948.6,16,5632.31,2025-11,0.7667,0.4924,23,30,469.96,291.0,1,0,2025-11-24,1.41,0.0,-2316.29,ok
NWT0508,Especial-NWT-apartamento-TOP-1Q,Carteira 5,AL,"Maceió, AL","Maceió, AL, Pajuçara",0,260,6036.84,43,5085.72,2025-11,0.7667,0.6637,23,30,332.35,322.0,1,0,2025-11-24,1.19,0.0,-951.1199999999999,ok
NWT1223,Especial-NWT-apartamento-TOP-1Q,Carteira 5,AL,"Maceió, AL","Maceió, AL, Pajuçara",0,325,6650.1,43,5085.72,2025-11,0.8,0.6637,24,30,310.0,301.0,2,7,2025-11-24,1.31,0.0,-1564.38,ok
PBR0003,Porto_Seguro-Estrada_da_Balsa-casa-TOP-3Q,Carteira 2,BA,"Porto Seguro, BA","Porto Seguro, BA, Arraial d ajuda",3,306,2389.72,18,4438.02,2025-11,0.2593,0.4203,7,30,373.71,387.83,6,0,2025-11-24,0.54,1121.1299999999999,2048.3000000000006,atenção
PIC0125,Bombinhas-Centro-apartamento-JR-3Q,Carteira 6,SC,"Bombinhas, SC","Bombinhas, SC, Centro",12,463,2486.93,12,1506.59,2025-11,0.6667,0.1691,12,30,228.5,162.0,4,0,2025-11-24,1.65,2742.0,-980.3399999999999,ok
PRY0110,Porto_Seguro-Pataxos-apartamento-SUP-2Q,Carteira 2,BA,"Porto Seguro, BA","Porto Seguro, BA, Paraiso dos Pataxós",0,31,5129.73,44,3643.3,2025-11,0.9333,0.5205,28,30,218.43,,0,0,2025-11-24,1.41,0.0,-1486.4299999999994,ok
PSD102,Florianopolis-Jurere_Tradicional-apartamento-JR-1Q,Carteira 1,SC,"Florianópolis, SC","Florianópolis, SC, Jurerê",1,1990,2226.19,23,3139.05,2025-11,0.4138,0.5172,12,30,229.92,276.33,6,0,2025-11-24,0.71,229.92,912.8600000000001,atenção
RCI0201,Florianopolis-Ingleses_Norte-apartamento-JR-2Q,Carteira 1,SC,"Florianópolis, SC","Florianópolis, SC, Ingleses do Rio Vermelho",3,331,2975.4,37,2023.39,2025-11,0.6667,0.4458,18,30,220.33,153.0,3,0,2025-11-24,1.47,660.99,-952.01,ok
RTL0302,Itapema-Canto_Praia-apartamento-JR-2Q,Carteira 6,SC,"Itapema, SC","Itapema, SC, Centro",3,409,3485.69,15,2803.35,2025-11,0.8519,0.4475,23,30,207.3,320.0,4,7,2025-11-24,1.24,621.9000000000001,-682.3400000000001,ok
RUP0603,Blumenau-Central-apartamento-SUP-1Q,Carteira 4,SC,"Blumenau, SC","Blumenau, SC, Escola Agrícola",2,465,3212.28,67,1442.36,2025-11,0.7857,0.3663,22,30,165.77,,0,0,2025-11-24,2.23,331.54,-1769.9200000000003,meta_subestimada
SKL0507,Penha-Praia-apartamento-SUP-3Q,Carteira 6,SC,"Penha, SC","Penha, SC, Armação",7,134,2859.65,21,4103.87,2025-11,0.5652,0.3469,13,30,314.92,275.5,2,0,2025-11-24,0.7,2204.44,1244.2199999999998,atenção
SMB0307,Florianopolis-Canasvieiras_Perto-apartamento-JR-1Q,Carteira 1,SC,"Florianópolis, SC","Florianópolis, SC, Canasvieiras",0,359,3200.43,59,1537.73,2025-11,0.6667,0.4046,20,30,193.8,152.0,3,0,2025-11-24,2.08,0.0,-1662.6999999999998,meta_subestimada
TSO0403,Balneario_Camboriu-Longe-apartamento-MASTER-2Q,Carteira 6,SC,"Balneário Camboriú, SC","Balneário Camboriú, SC, Estados",4,43,6575.11,40,5765.39,2025-11,0.9231,0.5816,24,30,318.75,280.0,1,0,2025-11-24,1.14,1275.0,-809.7199999999993,ok
TXP1101,Goiania-Central-apartamento-TOP-2Q,Carteira 1_sys-price,GO,"Goiânia, GO","Goiânia, GO, Setor Bueno",0,198,6807.05,15,3249.98,2025-11,0.8667,0.4187,26,30,310.77,293.0,1,0,2025-11-24,2.09,0.0,-3557.07,meta_subestimada
VGZ0006,Imbituba-Praia_do_Rosa-casa-SUP-1Q,Carteira 6,SC,"Imbituba, SC","Imbituba, SC, Ibiraquera",2,620,3778.88,44,2841.89,2025-11,0.8929,0.4208,25,30,195.08,110.0,1,0,2025-11-24,1.33,390.16,-936.9900000000002,ok
VLO0504,Florianopolis-Jurere_Longe-apartamento-TOP-2Q,Carteira 1,SC,"Florianópolis, SC","Florianópolis, SC, Jurerê Internacional",5,358,7394.1,16,8083.58,2025-11,0.64,0.6861,16,30,526.12,495.0,2,0,2025-11-24,0.91,2630.6,689.4799999999996,berlinda
VST038,Especial-VST-casa-TOP-1Q,Carteira 5,SC,"Anitápolis, SC","Anitápolis, SC, Rio dos Pinheiros",0,123,4113.25,54,3890.57,2025-11,0.7667,0.3016,23,30,234.26,,0,0,2025-11-24,1.06,0.0,-222.67999999999984,berlinda
WAL0714,Sao_Paulo-Butanta-apartamento-SUP-1Q,Carteira 4,SP,"São Paulo, SP","São Paulo, SP, Butantã",0,110,4781.16,32,3965.99,2025-11,0.8333,0.716,25,30,244.68,167.0,1,0,2025-11-24,1.21,0.0,-815.1700000000001,ok
BSD1501,Balneario_Camboriu-Norte-apartamento-MASTER-3Q,Carteira 6,SC,"Balneário Camboriú, SC","Balneário Camboriú, SC, Pioneiros",30,199,0.0,59,8674.25,2025-11,,0.539,0,30,0.0,,0,0,2025-11-24,0.0,0.0,8674.25,crítico
CCC0302,Florianopolis-Ingleses_Praia-apartamento-JR-2Q,Carteira 1,SC,"Florianópolis, SC","Florianópolis, SC, Ingleses Norte",0,65,1426.47,34,3058.3,2025-11,0.3,0.4378,9,30,192.0,224.0,4,0,2025-11-24,0.47,0.0,1631.8300000000002,crítico
CEN0035,Porto_Alegre-Auxiliadora-apartamento-SUP-1Q,Carteira 4,RS,"Porto Alegre, RS","Porto Alegre, RS, Auxiliadora",0,296,1612.14,104,3183.97,2025-11,0.4333,0.6365,13,30,150.0,150.0,2,0,2025-11-24,0.51,0.0,1571.8299999999997,atenção
CTD0401,Penha-Longe-apartamento-JR-2Q,Carteira 6,SC,"Penha, SC","Penha, SC, Centro",0,233,2791.2,25,2369.86,2025-11,0.8,0.5,24,30,141.0,131.0,1,0,2025-11-24,1.18,0.0,-421.3399999999997,ok
FRE2112,Sao_Paulo-Pinheiros-apartamento-SUP-1Q,Carteira 4,SP,"São Paulo, SP","São Paulo, SP, Pinheiros",0,45,5027.96,429,4667.71,2025-11,0.7333,0.7106,22,30,259.0,187.0,1,0,2025-11-24,1.08,0.0,-360.25,berlinda
HSC0518,Cabo_Frio-Centro-apartamento-SUP-1Q,Carteira 4,RJ,"Cabo Frio, RJ","Cabo Frio, RJ, Passagem",4,180,2624.25,51,3428.27,2025-11,0.5769,0.6485,15,30,198.44,120.0,1,0,2025-11-24,0.77,793.76,804.02,atenção
IHO264,Florianopolis-Ingleses_Norte-apartamento-JR-1Q,Carteira 1,SC,"Florianópolis, SC","Florianópolis, SC, Ingleses do Rio Vermelho",0,837,4861.94,60,2205.66,2025-11,0.8667,0.4962,26,30,226.54,277.5,2,0,2025-11-24,2.2,0.0,-2656.2799999999997,meta_subestimada
ILC4202,Especial-ILC-hotel-TOP-1Q,Especial,SC,"Florianópolis, SC","Florianópolis, SC, Jurerê Internacional",0,1347,11609.37,30,11771.46,2025-11,0.7333,0.7857,22,30,668.14,497.0,3,0,2025-11-24,0.99,0.0,162.08999999999833,berlinda
MCB1001,Balneario_Picarras-Geral-apartamento-SUP-2Q,Carteira 6,SC,"Balneário Piçarras, SC","Balneário Piçarras, SC, Itacolomi",0,129,3412.82,85,1751.85,2025-11,0.9333,0.3621,28,30,145.14,,0,0,2025-11-24,1.95,0.0,-1660.9700000000003,ok
MCD001,Campos_do_Jordao-Capivari_Centro-casa-JR-2Q,Carteira 4,SP,"Campos do Jordão, SP","Campos do Jordão, SP, V Dubieux",0,542,1525.91,37,2619.02,2025-11,0.1667,0.3943,5,30,303.33,244.8,5,0,2025-11-24,0.58,0.0,1093.11,atenção
MHF0806,Itapema-Canto_Praia-apartamento-TOP-1Q,Carteira 5,SC,"Itapema, SC","Itapema, SC, Centro",0,498,4800.31,19,3496.4,2025-11,0.8,0.5702,24,30,246.67,,0,0,2025-11-24,1.37,0.0,-1303.9100000000003,ok
MHFA1307,Itapema-Canto_Praia-apartamento-SUP-1Q,Carteira 5,SC,"Itapema, SC","Itapema, SC, Centro",0,425,5251.27,14,2356.68,2025-11,0.9,0.4102,27,30,237.93,197.0,2,0,2025-11-24,2.23,0.0,-2894.5900000000006,meta_subestimada
MHFB0504,Itapema-Canto_Praia-apartamento-SUP-1Q,Carteira 5,SC,"Itapema, SC","Itapema, SC, Centro",0,457,3321.37,14,2356.68,2025-11,0.7667,0.4102,23,30,170.04,160.0,1,0,2025-11-24,1.41,0.0,-964.69,ok
NWT0708,Especial-NWT-apartamento-MASTER-1Q,Carteira 5,AL,"Maceió, AL","Maceió, AL, Pajuçara",0,185,9463.22,31,6339.75,2025-11,0.7667,0.7564,23,30,511.17,375.0,3,0,2025-11-24,1.49,0.0,-3123.4699999999993,ok
ONP0920,Sao_Paulo-Bela_Vista-apartamento-SUP-1Q,Carteira 4_sys-price,SP,"São Paulo, SP","São Paulo, SP, Paraíso",1,59,4225.7,605,4142.47,2025-11,0.931,0.7186,27,30,184.19,,0,0,2025-11-24,1.02,184.19,-83.22999999999956,berlinda
PHA0023,Ubatuba-Tenorio-apartamento-TOP-1Q,Carteira 4,SP,"Ubatuba, SP","Ubatuba, SP, Tenório - Praia Vermelha",0,278,1383.16,487,4424.25,2025-11,0.2,0.5302,6,30,295.83,247.0,6,0,2025-11-24,0.31,0.0,3041.09,crítico
TCO1003,Porto_Alegre-Centro_Historico-apartamento-SUP-1Q,Carteira 4,RS,"Porto Alegre, RS","Porto Alegre, RS, Centro Histórico",0,86,3084.76,77,2393.45,2025-11,0.9333,0.6126,28,30,134.79,,0,0,2025-11-24,1.29,0.0,-691.3100000000004,ok
TPZ0426,Santa_Cruz_Cabralia-Coroa_Vermelha-apartamento-SUP-2Q,Carteira 2,BA,"Santa Cruz Cabrália, BA","Santa Cruz Cabrália, BA, Coroa Vermelha",0,687,1018.4,51,3298.0,2025-11,0.1667,0.5248,5,30,226.4,189.33,6,0,2025-11-24,0.31,0.0,2279.6,crítico
VTL0103,Ilheus-Sul-apartamento-JR-2Q,Carteira 2,BA,"Ilhéus, BA","Ilhéus, BA, Nossa Senhora da Vitória",1,505,1166.68,17,1516.32,2025-11,0.3448,0.3782,10,30,138.7,152.0,2,0,2025-11-24,0.77,138.7,349.6399999999999,atenção
ACO803,Balneario_Camboriu-Centro-apartamento-SUP-2Q,Carteira 6,SC,"Balneário Camboriú, SC","Balneário Camboriú, SC, Centro",0,605,5609.28,84,4487.49,2025-11,0.8333,0.5505,25,30,254.64,220.5,2,0,2025-11-24,1.25,0.0,-1121.79,ok
CED0107,Brasilia-Asa_Sul-apartamento-SUP-1Q,Carteira 1_sys-price,DF,"Brasília, DF","Brasília, DF, Setor Sudoeste",0,65,4005.24,142,4188.45,2025-11,0.8333,0.8532,25,30,206.84,197.0,1,0,2025-11-24,0.96,0.0,183.21000000000004,berlinda
CNB004,Especial-CNB-casa-TOP-1Q,Especial,SP,"Campos do Jordão, SP","Campos do Jordão, SP, Jardim Europa",1,596,10237.3,18,5690.11,2025-11,0.7241,0.6166,21,30,582.86,540.0,2,5,2025-11-24,1.8,582.86,-4547.19,ok
CNB006,Especial-CNB-casa-TOP-1Q,Especial,SP,"Campos do Jordão, SP","Campos do Jordão, SP, Jardim Europa",1,596,7487.03,18,5690.11,2025-11,0.3793,0.6166,11,30,666.38,320.0,2,7,2025-11-24,1.32,666.38,-1796.92,ok
CTS0203,Florianopolis-Itacorubi-apartamento-SUP-2Q,Carteira 4,SC,"Florianópolis, SC","Florianópolis, SC, Itacorubi",3,107,3577.2,18,2498.33,2025-11,0.6667,0.5604,18,30,241.78,154.0,2,0,2025-11-24,1.43,725.34,-1078.87,ok
CZZ0504,Urubici-Geral-apartamento-SUP-1Q,Especial,SC,"Urubici, SC","Urubici, SC, Centro",0,226,2330.83,55,1722.65,2025-11,0.4333,0.2319,13,30,194.31,180.0,6,0,2025-11-24,1.35,0.0,-608.1799999999998,ok
EBI0603,Curitiba-Jardim_Botanico-apartamento-SUP-1Q,Carteira 4,PR,"Curitiba, PR","Curitiba, PR, Prado Velho",0,170,3071.97,18,3398.73,2025-11,0.8667,0.7619,26,30,141.08,126.0,1,0,2025-11-24,0.9,0.0,326.7600000000002,berlinda
FLT0004,Florianopolis-Centrao-apartamento-SIM-1Q,Carteira 4,SC,"Florianópolis, SC","Florianópolis, SC, Centro",0,317,3021.28,13,1998.08,2025-11,0.9,0.4988,27,30,133.67,85.0,1,0,2025-11-24,1.51,0.0,-1023.2000000000003,ok
IAA0503,Recife-Boa_Viagem-apartamento-TOP-1Q,Carteira 2,PE,"Recife, PE","Recife, PE, Boa Viagem",0,598,4397.83,40,4981.09,2025-11,0.7667,0.8137,23,30,225.65,213.33,3,0,2025-11-24,0.88,0.0,583.2600000000002,berlinda
IDO207,Florianopolis-Canajure-apartamento-SUP-2Q,Carteira 1,SC,"Florianópolis, SC","Florianópolis, SC, Jurerê",7,467,5901.37,29,4546.62,2025-11,0.9565,0.5444,22,30,358.91,402.0,1,0,2025-11-24,1.3,2512.3700000000003,-1354.75,ok
JMA009,Florianopolis-Jurere_Longe-apartamento-JR-1Q,Carteira 1,SC,"Florianópolis, SC","Florianópolis, SC, Jurerê",0,487,2244.14,47,1965.96,2025-11,0.5667,0.4896,17,30,151.71,135.0,3,0,2025-11-24,1.14,0.0,-278.17999999999984,ok
MBCAR1203,Goiania-Leste-apartamento-SUP-2Q,Carteira 1_sys-price,GO,"Goiânia, GO","Goiânia, GO, Jardim Goiás",1,296,4273.77,23,2919.75,2025-11,0.6552,0.5254,19,30,273.0,,0,30,2025-11-24,1.46,273.0,-1354.0200000000004,ok
MHF1209,Itapema-Canto_Praia-apartamento-TOP-2Q,Carteira 5,SC,"Itapema, SC","Itapema, SC, Centro",0,185,5824.68,14,3147.32,2025-11,0.7,0.4145,21,30,299.14,239.67,3,0,2025-11-24,1.85,0.0,-2677.36,ok
MHFA0504,Itapema-Canto_Praia-apartamento-SUP-1Q,Carteira 5,SC,"Itapema, SC","Itapema, SC, Centro",0,456,3744.58,14,2356.68,2025-11,0.9,0.4102,27,30,165.33,,0,0,2025-11-24,1.59,0.0,-1387.9,ok
MHFB0705,Itapema-Canto_Praia-apartamento-SUP-1Q,Carteira 5,SC,"Itapema, SC","Itapema, SC, Centro",0,255,2860.53,14,2356.68,2025-11,0.6333,0.4102,19,30,173.95,187.4,5,0,2025-11-24,1.21,0.0,-503.85000000000036,ok
RBA201,Florianopolis-Canasvieiras_Meio-apartamento-SUP-1Q,Carteira 1,SC,"Florianópolis, SC","Florianópolis, SC, Canasvieiras",0,787,3867.81,37,3281.8,2025-11,0.7,0.7172,21,30,252.67,229.83,6,0,2025-11-24,1.18,0.0,-586.0099999999998,ok
RRI0106,Florianopolis-Centrao-apartamento-SUP-1Q,Carteira 4,SC,"Florianópolis, SC","Florianópolis, SC, Centro",0,15,4694.36,127,3977.15,2025-11,1.0,0.5706,30,30,191.07,,0,0,2025-11-24,1.18,0.0,-717.2099999999996,ok
RUP1405,Blumenau-Central-apartamento-SUP-1Q,Carteira 4,SC,"Blumenau, SC","Blumenau, SC, Escola Agrícola",0,473,1903.46,67,1442.36,2025-11,0.5667,0.3663,17,30,127.53,126.0,3,0,2025-11-24,1.32,0.0,-461.10000000000014,ok
SLI0715,Maceio-Ponta_Verde-apartamento-TOP-2Q,Carteira 2,AL,"Maceió, AL","Maceió, AL, Ponta Verde",0,264,5915.05,41,6602.53,2025-11,0.7667,0.7855,23,30,312.43,,0,0,2025-11-24,0.9,0.0,687.4799999999996,berlinda
SMT0505,Salvador-Boca_do_Rio-apartamento-TOP-1Q,Carteira 2,BA,"Salvador, BA","Salvador, BA, Jardim Armação",0,87,3464.08,17,3548.18,2025-11,0.7,0.6989,21,30,206.24,166.0,2,0,2025-11-24,0.98,0.0,84.09999999999991,berlinda
SOA0506,Salvador-Boca_do_Rio-apartamento-SUP-1Q,Carteira 2,BA,"Salvador, BA","Salvador, BA, Boca do Rio",0,445,3208.98,34,3140.34,2025-11,0.9,0.6738,27,30,143.11,110.0,1,0,2025-11-24,1.02,0.0,-68.63999999999987,berlinda
TXP0314,Goiania-Central-apartamento-TOP-2Q,Carteira 1_sys-price,GO,"Goiânia, GO","Goiânia, GO, Setor Bueno",0,753,4682.02,15,3249.98,2025-11,0.5667,0.4187,17,30,310.59,330.0,3,30,2025-11-24,1.44,0.0,-1432.0400000000004,ok
VBP1805,Sao_Paulo-Pinheiros-apartamento-TOP-1Q,Carteira 4_sys-price,SP,"São Paulo, SP","São Paulo, SP, Pinheiros",30,316,0.0,280,5571.86,2025-11,,0.7295,0,30,0.0,,0,0,2025-11-24,0.0,0.0,5571.86,crítico
VDT0401,Bombinhas-Bombas-apartamento-MASTER-3Q,Carteira 6,SC,"Bombinhas, SC","Bombinhas, SC, Bombas",11,491,7668.46,18,5280.63,2025-11,0.8947,0.4249,17,30,525.65,,0,10,2025-11-24,1.45,5782.15,-2387.83,ok
VGT0004,Ilheus-Sul-apartamento-JR-2Q,Carteira 2,BA,"Ilhéus, BA","Ilhéus, BA, São Francisco",4,459,1354.69,17,1516.32,2025-11,0.5385,0.3782,14,30,117.21,120.0,2,5,2025-11-24,0.89,468.84,161.62999999999988,berlinda
AST0103,Porto_Seguro-Pataxos-apartamento-JR-2Q,Carteira 2,BA,"Porto Seguro, BA","Porto Seguro, BA, Taperapuan",0,316,1537.84,45,1927.04,2025-11,0.3333,0.3383,10,30,175.2,137.0,6,0,2025-11-24,0.8,0.0,389.20000000000005,atenção
CVKB0006,São_Miguel_dos_Milagres-Geral-apartamento-SUP-1Q,Carteira 2,AL,"São Miguel dos Milagres, AL","São Miguel dos Milagres, AL, Centro",0,408,5839.61,16,3969.89,2025-11,0.7,0.5803,21,30,314.95,243.5,2,0,2025-11-24,1.47,0.0,-1869.7199999999998,ok
DNAB1503,Goiania-Central-apartamento-SUP-1Q,Carteira 1_sys-price,GO,"Goiânia, GO","Goiânia, GO, Setor Bueno",1,772,2189.23,162,2535.55,2025-11,0.4828,0.5616,14,30,189.64,189.0,6,30,2025-11-24,0.86,189.64,346.32000000000016,berlinda
EDF1303,Salvador-Ondina_Rio_Vermelho-apartamento-TOP-1Q,Carteira 2,BA,"Salvador, BA","Salvador, BA, Rio Vermelho",1,8,3946.45,35,4613.2,2025-11,0.8621,0.7196,25,30,194.12,150.0,2,0,2025-11-24,0.86,194.12,666.75,berlinda
EUB1006,Salvador-Barra-apartamento-SUP-1Q,Carteira 2,BA,"Salvador, BA","Salvador, BA, Barra",0,262,3749.15,212,4248.24,2025-11,0.7,0.7112,21,30,198.15,,0,0,2025-11-24,0.88,0.0,499.0899999999997,berlinda
IFT1108,Itapema-Meia_Praia-Norte-apartamento-TOP-1Q,Carteira 6,SC,"Itapema, SC","Itapema, SC, Meia Praia",0,248,3379.89,32,3277.09,2025-11,0.8,0.4396,24,30,169.25,159.0,1,3,2025-11-24,1.03,0.0,-102.79999999999973,berlinda
MHF0607,Itapema-Canto_Praia-apartamento-TOP-1Q,Carteira 5,SC,"Itapema, SC","Itapema, SC, Centro",0,494,1616.31,19,3496.4,2025-11,0.1667,0.5702,5,30,383.0,350.0,6,27,2025-11-24,0.46,0.0,1880.0900000000001,crítico
MHF0802,Itapema-Canto_Praia-apartamento-TOP-2Q,Carteira 5,SC,"Itapema, SC","Itapema, SC, Centro",1,27,5437.41,14,3147.32,2025-11,0.6897,0.4145,20,30,292.3,230.0,2,0,2025-11-24,1.73,292.3,-2290.0899999999997,ok
NAT0202,Cabo_Frio-Pero_Longe-casa-JR-4Q,Carteira 4,RJ,"Cabo Frio, RJ","Cabo Frio, RJ, Praia do Peró",2,64,1473.15,36,3601.51,2025-11,0.1071,0.3632,3,30,675.0,300.0,6,0,2025-11-24,0.41,1350.0,2128.36,crítico
NWT0601,Especial-NWT-apartamento-TOP-1Q,Carteira 5,AL,"Maceió, AL","Maceió, AL, Pajuçara",0,215,6974.57,43,5085.72,2025-11,0.9333,0.6637,28,30,300.64,288.0,2,0,2025-11-24,1.37,0.0,-1888.8499999999995,ok
NWT0904,Especial-NWT-apartamento-TOP-1Q,Carteira 5,AL,"Maceió, AL","Maceió, AL, Pajuçara",1,221,5789.92,43,5085.72,2025-11,0.8276,0.6637,24,30,298.83,305.8,5,0,2025-11-24,1.14,298.83,-704.1999999999998,ok
NWT1013,Especial-NWT-apartamento-TOP-1Q,Carteira 5,AL,"Maceió, AL","Maceió, AL, Pajuçara",11,185,3863.45,43,5085.72,2025-11,0.8421,0.6637,16,30,301.5,280.0,1,0,2025-11-24,0.76,3316.5,1222.2700000000004,atenção
PLO0007,Jaguaruna-Camacho-apartamento-SUP-1Q,Carteira 6,SC,"Jaguaruna, SC","Jaguaruna, SC, Centro",0,32,788.92,14,1077.87,2025-11,0.2667,0.2759,8,30,133.38,93.5,4,0,2025-11-24,0.73,0.0,288.94999999999993,atenção
PSO0905,Penha-Beto_Carrero-apartamento-SUP-1Q,Carteira 3,SC,"Penha, SC","Penha, SC, Praia de Armação do Itapocoroi",0,93,4558.4,18,2190.5,2025-11,0.8667,0.486,26,30,214.42,224.0,2,0,2025-11-24,2.08,0.0,-2367.8999999999996,meta_subestimada
REH0203,Florianopolis-Barra_da_Lagoa-apartamento-SUP-2Q,Carteira 1,SC,"Florianópolis, SC","Florianópolis, SC, Barra da Lagoa",10,66,2770.34,40,4446.03,2025-11,0.6,0.5825,12,30,299.75,265.5,4,0,2025-11-24,0.62,2997.5,1675.6899999999996,atenção
RIG0102,Florianopolis-Ingleses_Praia-apartamento-TOP-3Q,Carteira 1,SC,"Florianópolis, SC","Florianópolis, SC, Ingleses do Rio Vermelho",10,705,9624.57,20,6389.39,2025-11,0.95,0.4473,19,30,772.63,500.0,1,0,2025-11-24,1.51,7726.3,-3235.1799999999994,ok
SPJ0205,Especial-SPJ-apartamento-TOP-1Q,Carteira 5,SC,"Florianópolis, SC","Florianópolis, SC, Jurerê",1,517,6619.4,16,6452.9,2025-11,0.8276,0.7069,24,30,345.33,396.0,1,0,2025-11-24,1.03,345.33,-166.5,berlinda
STG2085,Imbituba-Praia_do_Rosa-casa-SUP-5Q,Carteira 6,SC,"Garopaba, SC","Garopaba, SC, Grama",12,1200,4409.72,11,7202.05,2025-11,0.2778,0.3452,5,30,990.0,320.0,2,0,2025-11-24,0.61,11880.0,2792.33,atenção
TSO0311,Balneario_Camboriu-Longe-apartamento-MASTER-2Q,Carteira 6,SC,"Balneário Camboriú, SC","Balneário Camboriú, SC, Estados",9,108,5760.29,40,5765.39,2025-11,0.7619,0.5816,16,30,353.1,,0,0,2025-11-24,1.0,3177.9,5.100000000000364,berlinda
VST015,Especial-VST-casa-TOP-1Q,Carteira 5,SC,"Anitápolis, SC","Anitápolis, SC, Rio dos pinheiros",6,123,2858.98,54,3890.57,2025-11,0.5833,0.3016,14,30,231.86,180.0,4,0,2025-11-24,0.73,1391.16,1031.5900000000001,atenção
BLS1256,Goiania-Central-apartamento-SUP-1Q,Carteira 1_sys-price,GO,"Goiânia, GO","Goiânia, GO, Setor Marista",30,713,0.0,162,2535.55,2025-11,,0.5616,0,30,0.0,,0,0,2025-11-24,0.0,0.0,2535.55,crítico
BSO0103,Itajai-Praia_Brava-apartamento-SUP-1Q,Carteira 6,SC,"Balneário Camboriú, SC","Balneário Camboriú, SC, Praia dos Amores",0,198,3997.3,12,2794.44,2025-11,0.9333,0.5466,28,30,174.54,130.0,2,0,2025-11-24,1.43,0.0,-1202.8600000000001,ok
CEI0304,Porto_Alegre-Auxiliadora-apartamento-SUP-1Q,Carteira 4,RS,"Porto Alegre, RS","Porto Alegre, RS, Independência",6,467,798.82,104,3183.97,2025-11,0.25,0.6365,6,30,153.67,,0,0,2025-11-24,0.25,922.02,2385.1499999999996,crítico
CIA2313,Sao_Paulo-Vila_Olimpia-apartamento-TOP-1Q,Carteira 4_sys-price,SP,"São Paulo, SP","São Paulo, SP, Vila Olímpia",0,284,8535.0,99,10475.4,2025-11,0.8667,0.7628,26,30,403.46,407.0,1,0,2025-11-24,0.81,0.0,1940.3999999999996,berlinda
CTP1103,Itajai-Centro-apartamento-SUP-2Q,Carteira 6,SC,"Itajaí, SC","Itajaí, SC, São João",0,158,5379.08,7,2362.56,2025-11,0.9333,0.6111,28,30,280.5,188.5,2,0,2025-11-24,2.28,0.0,-3016.52,meta_subestimada
EMF1003,Balneario_Camboriu-Intermediario-apartamento-SUP-2Q,Carteira 6,SC,"Balneário Camboriú, SC","Balneário Camboriú, SC, Centro",0,698,4775.76,93,3620.15,2025-11,1.0,0.5008,30,30,194.97,,0,0,2025-11-24,1.32,0.0,-1155.6100000000001,ok
EVA806,Florianopolis-Centrao-apartamento-SUP-1Q,Carteira 4,SC,"Florianópolis, SC","Florianópolis, SC, Centro",0,505,3099.84,127,3977.15,2025-11,0.5667,0.5706,17,30,200.75,182.33,3,0,2025-11-24,0.78,0.0,877.31,atenção
GPL1305,Porto_Alegre-Jardim_Lindoia-apartamento-SUP-2Q,Carteira 4,RS,"Porto Alegre, RS","Porto Alegre, RS, São Sebastião",1,185,6308.56,11,5366.5,2025-11,0.8966,0.76,26,30,284.31,296.5,2,0,2025-11-24,1.18,284.31,-942.0600000000004,ok
GTR0301,Balneario_Camboriu-Intermediario-apartamento-TOP-3Q,Carteira 6,SC,"Balneário Camboriú, SC","Balneário Camboriú, SC, Centro",8,72,5923.16,32,5765.39,2025-11,0.9091,0.5667,20,30,384.3,,0,0,2025-11-24,1.03,3074.4,-157.76999999999953,berlinda
ILC3405,Especial-ILC-hotel-JR-1Q,Especial,SC,"Florianópolis, SC","Florianópolis, SC, Jurerê Internacional",0,1832,8570.65,17,10796.7,2025-11,0.6,0.6721,18,30,561.89,569.0,1,0,2025-11-24,0.79,0.0,2226.050000000001,atenção
ISM0806,Sao_Paulo-Moema-apartamento-SUP-1Q,Carteira 4_sys-price,SP,"São Paulo, SP","São Paulo, SP, Indianópolis",1,271,3541.31,611,4212.23,2025-11,0.6552,0.6801,19,30,226.63,158.25,4,0,2025-11-24,0.84,226.63,670.9199999999996,berlinda
JAT0355,Bombinhas-Mariscal-casa-SUP-4Q,Carteira 6,SC,"Bombinhas, SC","Bombinhas, SC, Canto Grande",12,604,6297.25,27,4890.58,2025-11,0.8333,0.4769,15,30,541.53,250.0,2,0,2025-11-24,1.29,6498.36,-1406.67,ok
LIV1007,Salvador-Graca-apartamento-TOP-1Q,Especial,BA,"Salvador, BA","Salvador, BA, Vitória",1,94,5537.18,15,3658.61,2025-11,0.931,0.6726,27,30,245.44,262.0,1,0,2025-11-24,1.51,245.44,-1878.5700000000002,ok
MBH0601,Balneario_Camboriu-Intermediario-apartamento-JR-1Q,Carteira 6,SC,"Balneário Camboriú, SC","Balneário Camboriú, SC, Pioneiros",0,317,2845.58,67,2180.08,2025-11,0.7667,0.547,23,30,140.87,,0,0,2025-11-24,1.31,0.0,-665.5,ok
MHFB1307,Itapema-Canto_Praia-apartamento-SUP-1Q,Carteira 5,SC,"Itapema, SC","Itapema, SC, Centro",0,425,3406.06,14,2356.68,2025-11,0.6,0.4102,18,30,240.83,207.5,4,0,2025-11-24,1.45,0.0,-1049.38,ok
MOP0103,Sao_Paulo-Pinheiros-apartamento-SUP-1Q,Carteira 4,SP,"São Paulo, SP","São Paulo, SP, Jardim Paulista",0,68,5047.43,429,4667.71,2025-11,0.8,0.7106,24,30,278.25,170.0,2,0,2025-11-24,1.08,0.0,-379.72000000000025,berlinda
NIK0504,Sao_Paulo-Bela_Vista-apartamento-SUP-1Q,Carteira 4_sys-price,SP,"São Paulo, SP","São Paulo, SP, Bela Vista",0,53,3398.93,605,4142.47,2025-11,0.7,0.7186,21,30,183.62,152.0,2,0,2025-11-24,0.82,0.0,743.5400000000004,berlinda
NWT0315,Especial-NWT-apartamento-TOP-1Q,Carteira 5,AL,"Maceió, AL","Maceió, AL, Pajuçara",0,186,5442.19,43,5085.72,2025-11,0.7333,0.6637,22,30,300.27,280.0,2,0,2025-11-24,1.07,0.0,-356.46999999999935,berlinda
NWT0419,Especial-NWT-apartamento-TOP-1Q,Carteira 5,AL,"Maceió, AL","Maceió, AL, Pajuçara",0,309,6165.85,43,5085.72,2025-11,0.6,0.6637,18,30,419.5,304.0,6,0,2025-11-24,1.21,0.0,-1080.13,ok
RAE0126,Bombinhas-Mariscal-casa-JR-3Q,Carteira 6,SC,"Bombinhas, SC","Bombinhas, SC, Morrinhos",1,324,4298.03,15,2627.78,2025-11,0.8621,0.3245,25,30,248.92,,0,0,2025-11-24,1.64,248.92,-1670.2499999999995,ok
RGF1406,Salvador-Flamengo-apartamento-TOP-1Q,Carteira 2,BA,"Salvador, BA","Salvador, BA, Itapuã",0,131,3279.97,32,3308.7,2025-11,0.7333,0.6487,22,30,169.59,157.5,4,0,2025-11-24,0.99,0.0,28.730000000000018,berlinda
RIT206,Florianopolis-Praia_Brava-apartamento-SUP-4Q,Carteira 1,SC,"Florianópolis, SC","Florianópolis, SC, Praia Brava",6,555,4959.69,15,3824.87,2025-11,0.5,0.5039,12,30,507.42,484.0,6,0,2025-11-24,1.3,3044.52,-1134.8199999999997,ok
THK0202,Sao_Paulo-Republica-apartamento-SUP-1Q,Carteira 4_sys-price,SP,"São Paulo, SP","São Paulo, SP, República",0,556,3868.08,470,3552.85,2025-11,0.9333,0.7444,28,30,191.79,130.0,1,0,2025-11-24,1.09,0.0,-315.23,berlinda
UPP0511,Curitiba-Centro-apartamento-JR-1Q,Carteira 4,PR,"Curitiba, PR","Curitiba, PR, Alto da XV",0,25,1747.67,289,2479.88,2025-11,0.5,0.6885,15,30,143.07,130.0,6,0,2025-11-24,0.7,0.0,732.21,atenção
VFR505,Bombinhas-Bombas-apartamento-TOP-1Q,Especial,SC,"Bombinhas, SC","Bombinhas, SC, Bombas",8,754,2849.11,90,2594.34,2025-11,0.5909,0.4047,13,30,244.77,,0,14,2025-11-24,1.1,1958.16,-254.76999999999998,berlinda
CDS0401,Florianopolis-Jurere_Internacional-apartamento-SUP-2Q,Carteira 1,SC,"Florianópolis, SC","Florianópolis, SC, Jurere Internacional",0,145,7346.87,29,6050.7,2025-11,0.8667,0.5818,26,30,355.88,,0,0,2025-11-24,1.21,0.0,-1296.17,ok
CNA001,Especial-CNA-casa-MASTER-1Q,Especial,SP,"Campos do Jordão, SP","Campos do Jordão, SP, Jardim Europa",0,1016,11560.08,26,9055.36,2025-11,0.6333,0.5061,19,30,700.26,383.33,3,0,2025-11-24,1.28,0.0,-2504.7199999999993,ok
COI203,Florianopolis-Praia_Brava-apartamento-JR-2Q,Carteira 1,SC,"Florianópolis, SC","Florianópolis, SC, Praia Brava",30,1265,0.0,18,1316.81,2025-11,,0.2146,0,30,0.0,,0,0,2025-11-24,0.0,0.0,1316.81,crítico
CZZ0406,Urubici-Geral-apartamento-SUP-1Q,Especial,SC,"Urubici, SC","Urubici, SC, Centro",1,130,2304.14,55,1722.65,2025-11,0.4138,0.2319,12,30,223.33,178.0,6,0,2025-11-24,1.34,223.33,-581.4899999999998,ok
ELO0207,Balneario_Camboriu-Intermediario-apartamento-JR-3Q,Carteira 6,SC,"Balneário Camboriú, SC","Balneário Camboriú, SC, Centro",0,562,3731.66,20,3423.89,2025-11,0.8333,0.5354,25,30,193.12,157.25,4,0,2025-11-24,1.09,0.0,-307.77,berlinda
EPP0602,Guarapari-Praia_do_Morro-apartamento-JR-3Q,Carteira 4,ES,"Guarapari, ES","Guarapari, ES, Praia do Morro",0,199,1401.36,54,1948.64,2025-11,0.3,0.3935,9,30,181.67,147.0,1,0,2025-11-24,0.72,0.0,547.2800000000002,atenção
FFS1401,Itapema-Meia_Praia-Sul-apartamento-SUP-1Q,Carteira 6,SC,"Itapema, SC","Itapema, SC, Meia Praia",0,10,2836.41,19,2238.48,2025-11,0.7333,0.5187,22,30,164.36,150.33,3,0,2025-11-24,1.27,0.0,-597.9299999999998,ok
HOA0704,Salvador-Ondina_Rio_Vermelho-apartamento-SUP-1Q,Carteira 2,BA,"Salvador, BA","Salvador, BA, Ondina",0,101,3607.56,86,3539.22,2025-11,0.7333,0.693,22,30,191.05,167.4,5,0,2025-11-24,1.02,0.0,-68.34000000000015,berlinda
ILH106,Florianopolis-Canasvieiras_Perto-apartamento-TOP-3Q,Carteira 1,SC,"Florianópolis, SC","Florianópolis, SC, Canasvieiras",11,799,5858.67,14,6923.46,2025-11,0.8421,0.6825,16,30,540.25,486.0,3,0,2025-11-24,0.85,5942.75,1064.79,berlinda
JTL002,Florianopolis-Jurere_Longe-apartamento-JR-1Q,Carteira 1,SC,"Florianópolis, SC","Florianópolis, SC, Jurerê",0,495,2232.36,47,1965.96,2025-11,0.5667,0.4896,17,30,196.76,,0,0,2025-11-24,1.14,0.0,-266.4000000000001,ok
LIV1104,Salvador-Graca-apartamento-TOP-1Q,Especial,BA,"Salvador, BA","Salvador, BA, Vitória",0,152,5042.18,15,3658.61,2025-11,0.8333,0.6726,25,30,241.88,,0,0,2025-11-24,1.38,0.0,-1383.5700000000002,ok
MUT0034,Santa_Cruz_Cabralia-Coroa_Vermelha-apartamento-TOP-3Q,Carteira 2,BA,"Santa Cruz Cabrália, BA","Santa Cruz Cabrália, BA, Coroa Vermelha",4,232,5405.52,10,6171.48,2025-11,0.6923,0.6708,18,30,423.67,451.0,2,0,2025-11-24,0.88,1694.68,765.9599999999991,berlinda
OKA120,Florianopolis-Campeche-apartamento-SUP-1Q,Carteira 1,SC,"Florianópolis, SC","Florianópolis, SC, Campeche",0,1040,3324.97,28,3106.87,2025-11,0.6333,0.6807,19,30,216.11,262.83,6,0,2025-11-24,1.07,0.0,-218.0999999999999,berlinda
PRM007,Santa_Cruz_Cabralia-Coroa_Vermelha-apartamento-SUP-2Q,Carteira 2,BA,"Santa Cruz Cabrália, BA","Santa Cruz Cabrália, BA, Coroa Vermelha",0,558,2140.39,51,3298.0,2025-11,0.3333,0.5248,10,30,246.1,199.4,5,0,2025-11-24,0.65,0.0,1157.6100000000001,atenção
PSD205,Florianopolis-Jurere_Tradicional-apartamento-JR-1Q,Carteira 1,SC,"Florianópolis, SC","Florianópolis, SC, Jurerê",11,1990,1284.36,23,3139.05,2025-11,0.3158,0.5172,6,30,291.83,168.0,1,0,2025-11-24,0.41,3210.1299999999997,1854.6900000000003,crítico
PSO0704,Penha-Beto_Carrero-apartamento-SUP-1Q,Carteira 3,SC,"Penha, SC","Penha, SC, Praia de Armação do Itapocoroi",0,136,4794.93,18,2190.5,2025-11,0.8,0.486,24,30,223.04,193.0,1,0,2025-11-24,2.19,0.0,-2604.4300000000003,meta_subestimada
PTB0105,Cabo_Frio-Pero_Longe-casa-JR-2Q,Carteira 4,RJ,"Cabo Frio, RJ","Cabo Frio, RJ, OGIVA",7,290,757.86,16,1538.06,2025-11,0.2609,0.4665,6,30,150.0,138.25,4,0,2025-11-24,0.49,1050.0,780.1999999999999,crítico
RAG0406,Balneario_Picarras-Geral-apartamento-SUP-2Q,Carteira 6,SC,"Balneário Piçarras, SC","Balneário Piçarras, SC, Itacolomi",0,250,2289.79,85,1751.85,2025-11,0.6,0.3621,18,30,152.56,130.67,6,0,2025-11-24,1.31,0.0,-537.94,ok
RES201,Florianopolis-Ingleses_Praia-apartamento-SUP-1Q,Carteira 1,SC,"Florianópolis, SC","Florianópolis, SC, Ingleses do Rio Vermelho",0,858,762.6,40,3764.53,2025-11,0.1333,0.55,4,30,221.5,196.67,6,22,2025-11-24,0.2,0.0,3001.9300000000003,crítico
SCO0009,Florianopolis-Campeche-apartamento-JR-1Q,Carteira 1,SC,"Florianópolis, SC","Florianópolis, SC, Campeche",0,227,1444.04,28,2204.41,2025-11,0.4,0.6439,12,30,143.42,138.17,6,0,2025-11-24,0.66,0.0,760.3699999999999,atenção
SOA0908,Salvador-Boca_do_Rio-apartamento-TOP-1Q,Carteira 2,BA,"Salvador, BA","Salvador, BA, Boca do Rio",0,172,2631.61,17,3548.18,2025-11,0.6333,0.6989,19,30,178.58,136.0,1,0,2025-11-24,0.74,0.0,916.5699999999997,atenção
SZT0375,Itapema-Meia_Praia-Norte-apartamento-TOP-3Q,Carteira 6,SC,"Itapema, SC","Itapema, SC, Meia Praia",8,53,4241.65,22,3495.11,2025-11,0.9091,0.3624,20,30,288.6,250.0,1,0,2025-11-24,1.21,2308.8,-746.5399999999995,ok
VGT025,Ilheus-Sul-apartamento-JR-2Q,Carteira 2,BA,"Ilhéus, BA","Ilhéus, BA, Nossa Senhora da Vitória",0,211,1728.32,17,1516.32,2025-11,0.4333,0.3782,13,30,121.06,132.0,3,0,2025-11-24,1.14,0.0,-212.0,ok
VJGM0102,Ilheus-Sul-apartamento-JR-2Q,Carteira 2,BA,"Ilhéus, BA","Ilhéus, BA, Nossa Senhora da Vitória",6,361,793.84,17,1516.32,2025-11,0.3333,0.3782,8,30,119.38,126.5,4,0,2025-11-24,0.52,716.28,722.4799999999999,atenção
ACO1103,Balneario_Camboriu-Centro-apartamento-TOP-2Q,Carteira 6,SC,"Balneário Camboriú, SC","Balneário Camboriú, SC, Centro",3,107,6194.1,38,5425.02,2025-11,0.9259,0.5832,25,30,329.0,,0,0,2025-11-24,1.14,987.0,-769.0799999999999,ok
AIR1414,Porto_Alegre-Menino_Deus-apartamento-TOP-1Q,Carteira 4,RS,"Porto Alegre, RS","Porto Alegre, RS, Praia de Belas",1,431,1497.9,29,3365.01,2025-11,0.1724,0.6109,5,30,333.0,333.0,6,30,2025-11-24,0.45,333.0,1867.1100000000001,crítico
BLB1306,Salvador-Barra-apartamento-SUP-1Q,Carteira 2,BA,"Salvador, BA","Salvador, BA, Barra",0,428,3607.66,212,4248.24,2025-11,0.6333,0.7112,19,30,192.7,130.0,1,0,2025-11-24,0.85,0.0,640.5799999999999,berlinda
CLF0204,Salvador-Flamengo-apartamento-SUP-1Q,Carteira 2,BA,"Salvador, BA","Salvador, BA, Stella Maris",3,16,2015.54,27,2248.21,2025-11,0.4074,0.4798,11,30,222.73,220.0,3,30,2025-11-24,0.9,668.1899999999999,232.67000000000007,berlinda
CTD0101,Penha-Longe-apartamento-JR-2Q,Carteira 6,SC,"Penha, SC","Penha, SC, Centro",0,60,2814.81,25,2369.86,2025-11,0.9,0.5,27,30,123.93,124.0,1,0,2025-11-24,1.19,0.0,-444.9499999999998,ok
DMS0106,Gramado-Centro-apartamento-TOP-2Q,Carteira 4,RS,"Gramado, RS","Gramado, RS, Bairro Belverede",1,136,10605.57,55,11231.9,2025-11,0.8276,0.7261,24,30,558.0,324.0,2,0,2025-11-24,0.94,558.0,626.3299999999999,berlinda
EDE,Florianopolis-Cachoeira_Bom_Jesus-apartamento-JR-2Q,Carteira 1,SC,"Florianópolis, SC","Florianópolis, SC, Cachoeira do Bom Jesus",3,281,4040.05,14,1211.7,2025-11,0.7778,0.207,21,30,259.14,,0,0,2025-11-24,3.33,777.42,-2828.3500000000004,meta_subestimada
ELF0303,Bombinhas-Bombas-apartamento-SUP-1Q,Especial,SC,"Bombinhas, SC","Bombinhas, SC, José Amândio",1,172,4561.42,45,3072.04,2025-11,0.931,0.4924,27,30,218.7,,0,5,2025-11-24,1.48,218.7,-1489.38,ok
ERJ101,Balneario_Camboriu-Norte-apartamento-SIM-4Q,Carteira 6,SC,"Balneário Camboriú, SC","Balneário Camboriú, SC, Centro",13,772,3447.29,71,3659.42,2025-11,0.6471,0.4903,11,30,384.45,,0,0,2025-11-24,0.94,4997.849999999999,212.1300000000001,berlinda
ERV0101,Balneario_Camboriu-Centro-apartamento-SUP-3Q,Carteira 6,SC,"Balneário Camboriú, SC","Balneário Camboriú, SC, Centro",10,432,5442.98,89,4292.03,2025-11,0.9,0.4983,18,30,350.67,,0,0,2025-11-24,1.27,3506.7000000000003,-1150.9499999999998,ok
IFT1308,Itapema-Meia_Praia-Norte-apartamento-TOP-1Q,Carteira 6,SC,"Itapema, SC","Itapema, SC, Meia Praia",0,186,4684.31,32,3277.09,2025-11,0.9333,0.4396,28,30,205.54,,0,0,2025-11-24,1.43,0.0,-1407.2200000000003,ok
ILC2412,Especial-ILC-hotel-JR-1Q,Especial,SC,"Florianópolis, SC","Florianópolis, SC, Jurerê Internacional",0,1971,13430.43,17,10796.7,2025-11,0.8667,0.6721,26,30,670.04,,0,0,2025-11-24,1.24,0.0,-2633.7299999999996,ok
JBV141,Especial-JBV-hotel-TOP-1Q,Especial,SC,"Florianópolis, SC","Florianópolis, SC, Jurerê",10,1549,6274.17,34,11467.8,2025-11,0.75,0.7407,15,30,535.2,,0,0,2025-11-24,0.55,5352.0,5193.629999999999,atenção
MHF1703,Itapema-Canto_Praia-apartamento-TOP-1Q,Carteira 5,SC,"Itapema, SC","Itapema, SC, Centro",0,485,4266.28,19,3496.4,2025-11,0.8,0.5702,24,30,212.29,253.5,2,0,2025-11-24,1.22,0.0,-769.8799999999997,ok
MHF2105,Itapema-Canto_Praia-apartamento-TOP-1Q,Carteira 5,SC,"Itapema, SC","Itapema, SC, Centro",2,17,5364.92,19,3496.4,2025-11,0.9643,0.5702,27,30,288.93,,0,0,2025-11-24,1.53,577.86,-1868.52,ok
RAL0303,Florianopolis-Ingleses_Centro-apartamento-SUP-2Q,Carteira 1,SC,"Florianópolis, SC","Florianópolis, SC, Ingleses do Rio Vermelho",0,390,2294.56,30,2233.61,2025-11,0.4667,0.4151,14,30,213.43,207.5,2,0,2025-11-24,1.03,0.0,-60.94999999999982,berlinda
RCB405,Itapema-Meia_Praia-Sul-apartamento-JR-3Q,Carteira 6,SC,"Itapema, SC","Itapema, SC, Meia Praia",5,491,3714.45,36,1858.91,2025-11,0.92,0.3839,23,30,202.0,,0,0,2025-11-24,2.0,1010.0,-1855.5399999999997,ok
RCP202,Florianopolis-Canasvieiras_Meio-apartamento-JR-2Q,Carteira 1,SC,"Florianópolis, SC","Florianópolis, SC, Canasvieiras",0,759,2785.22,26,2377.33,2025-11,0.4333,0.3829,13,30,280.31,236.0,2,1,2025-11-24,1.17,0.0,-407.8899999999999,ok
SMO0202,Balneario_Picarras-Geral-apartamento-JR-2Q,Carteira 6,SC,"Balneário Piçarras, SC","Balneário Piçarras, SC, Centro",0,64,1830.75,53,1479.34,2025-11,0.4667,0.3864,14,30,159.29,109.0,4,0,2025-11-24,1.24,0.0,-351.4100000000001,ok
SOT0201,Florianopolis-Jurere_Tradicional-apartamento-TOP-1Q,Carteira 1,SC,"Florianópolis, SC","Florianópolis, SC, Jurerê",4,32,3975.89,19,6996.21,2025-11,0.5769,0.704,15,30,318.87,458.0,4,0,2025-11-24,0.57,1275.48,3020.32,atenção
VEL0102,Guarapari-Centro-apartamento-JR-2Q,Carteira 4,ES,"Guarapari, ES","Guarapari, ES, Centro",0,227,2269.2,16,1720.22,2025-11,0.4667,0.422,14,30,181.0,221.0,3,0,2025-11-24,1.32,0.0,-548.9799999999998,ok
VLE001,Bombinhas-Mariscal-apartamento-JR-2Q,Carteira 6,SC,"Bombinhas, SC","Bombinhas, SC, Mariscal",0,1494,1683.36,12,1868.64,2025-11,0.2667,0.2244,8,30,204.75,198.0,6,24,2025-11-24,0.9,0.0,185.2800000000002,berlinda
VLE002,Bombinhas-Mariscal-apartamento-JR-2Q,Carteira 6,SC,"Bombinhas, SC","Bombinhas, SC, Mariscal",0,1494,2576.97,12,1868.64,2025-11,0.3667,0.2244,11,30,258.82,198.0,4,22,2025-11-24,1.38,0.0,-708.3299999999997,ok
VLR802,Florianopolis-Centrao-apartamento-JR-1Q,Carteira 4,SC,"Florianópolis, SC","Florianópolis, SC, Centro",0,1221,3863.37,72,3484.62,2025-11,0.9,0.6339,27,30,177.96,103.0,1,0,2025-11-24,1.11,0.0,-378.75,ok
CAT406,Florianopolis-Centrao-apartamento-JR-1Q,Carteira 4,SC,"Florianópolis, SC","Florianópolis, SC, Centro",0,1520,3791.98,72,3484.62,2025-11,0.7667,0.6339,23,30,205.0,109.0,3,0,2025-11-24,1.09,0.0,-307.3600000000001,berlinda
CBA0902,Itapema-Praia_Itapema-apartamento-SUP-2Q,Carteira 6,SC,"Itapema, SC","Itapema, SC, Morretes",1,204,849.15,16,3455.04,2025-11,0.1034,0.5108,3,30,370.0,370.0,6,30,2025-11-24,0.25,370.0,2605.89,crítico
DPR0003,Balneario_Camboriu-Sul-apartamento-JR-1Q,Carteira 6,SC,"Balneário Camboriú, SC","Balneário Camboriú, SC, Barra",0,255,2369.1,39,1985.43,2025-11,0.8,0.5453,24,30,115.88,110.0,3,0,2025-11-24,1.19,0.0,-383.66999999999985,ok
EAC1303,Balneario_Camboriu-Centro-apartamento-JR-2Q,Carteira 6,SC,"Balneário Camboriú, SC","Balneário Camboriú, SC, Centro",0,733,4474.86,49,3454.39,2025-11,0.8333,0.5285,25,30,220.08,146.0,2,0,2025-11-24,1.3,0.0,-1020.4699999999998,ok
ECH113,Florianopolis-Centrao-apartamento-TOP-1Q,Carteira 4,SC,"Florianópolis, SC","Florianópolis, SC, Centro",0,638,5398.48,31,4642.4,2025-11,0.9,0.549,27,30,298.56,205.0,1,0,2025-11-24,1.16,0.0,-756.0799999999999,ok
EHI0401,Itajai-Praia_Brava-apartamento-MASTER-2Q,Carteira 6,SC,"Itajaí, SC","Itajaí, SC, Praia Brava",10,317,6773.77,14,6801.07,2025-11,0.95,0.6597,19,30,422.68,,0,0,2025-11-24,1.0,4226.8,27.299999999999272,berlinda
HMO0410,Sao_Paulo-Butanta-apartamento-SUP-1Q,Carteira 4,SP,"São Paulo, SP","São Paulo, SP, Butantã",0,428,4319.48,32,3965.99,2025-11,0.8333,0.716,25,30,204.68,150.0,1,0,2025-11-24,1.09,0.0,-353.4899999999998,berlinda
LIB203,Florianopolis-Ingleses_Praia-apartamento-JR-2Q,Carteira 1,SC,"Florianópolis, SC","Florianópolis, SC, Ingleses do Rio Vermelho",0,1789,3726.04,34,3058.3,2025-11,0.7,0.4378,21,30,260.05,144.0,1,0,2025-11-24,1.22,0.0,-667.7399999999998,ok
LTL0301,Itapema-Praia_Itapema-apartamento-TOP-2Q,Carteira 6,SC,"Itapema, SC","Itapema, SC, Morretes",2,164,3634.56,20,2637.51,2025-11,0.8571,0.3676,24,30,183.58,145.0,3,0,2025-11-24,1.38,367.16,-997.0499999999997,ok
MBCA0407,Goiania-Leste-apartamento-SUP-1Q,Carteira 1_sys-price,GO,"Goiânia, GO","Goiânia, GO, Jardim Goiás",0,747,3235.38,82,2407.54,2025-11,0.8,0.5448,24,30,163.12,191.5,2,0,2025-11-24,1.34,0.0,-827.8400000000001,ok
MHFA0903,Itapema-Canto_Praia-apartamento-SUP-1Q,Carteira 5,SC,"Itapema, SC","Itapema, SC, Centro",0,360,2702.39,14,2356.68,2025-11,0.5667,0.4102,17,30,181.24,176.75,4,0,2025-11-24,1.15,0.0,-345.71000000000004,ok
NLV0506,Curitiba-Centro-apartamento-SUP-2Q,Carteira 4,PR,"Curitiba, PR","Curitiba, PR, Centro",0,226,3468.88,35,4622.94,2025-11,0.6667,0.683,20,30,212.7,175.0,1,0,2025-11-24,0.75,0.0,1154.0599999999995,atenção
NVI501,Balneario_Camboriu-Sul-apartamento-SUP-2Q,Carteira 6,SC,"Balneário Camboriú, SC","Balneário Camboriú, SC, Barra Sul",1,912,6929.52,95,4343.61,2025-11,0.8966,0.5558,26,30,355.23,260.0,1,0,2025-11-24,1.6,355.23,-2585.9100000000008,ok
NWT0711,Especial-NWT-apartamento-TOP-1Q,Carteira 5,AL,"Maceió, AL","Maceió, AL, Pajuçara",0,185,4528.2,43,5085.72,2025-11,0.5667,0.6637,17,30,312.88,280.0,2,0,2025-11-24,0.89,0.0,557.5200000000004,berlinda
NWTB0609,Especial-NWT-apartamento-MASTER-1Q,Carteira 5,AL,"Maceió, AL","Maceió, AL, Pajuçara",0,208,7822.24,31,6339.75,2025-11,0.6333,0.7564,19,30,475.37,408.33,6,0,2025-11-24,1.23,0.0,-1482.4899999999998,ok
OKA124,Florianopolis-Campeche-apartamento-SUP-1Q,Carteira 1,SC,"Florianópolis, SC","Florianópolis, SC, Campeche",0,317,2987.52,28,3106.87,2025-11,0.5,0.6807,15,30,254.87,262.83,6,0,2025-11-24,0.96,0.0,119.34999999999991,berlinda
ORN0101,Florianopolis-Ingleses_Norte-apartamento-JR-2Q,Carteira 1,SC,"Florianópolis, SC","Florianópolis, SC, Ingleses do Rio Vermelho",5,354,2760.34,37,2023.39,2025-11,0.68,0.4458,17,30,193.94,,0,0,2025-11-24,1.36,969.7,-736.95,ok
PDP904,Porto_Belo-Geral-apartamento-TOP-3Q,Carteira 6,SC,"Porto Belo, SC","Porto Belo, SC, Perequê",6,236,1927.02,21,2919.75,2025-11,0.25,0.2742,6,30,374.5,353.33,6,25,2025-11-24,0.66,2247.0,992.73,atenção
SDR005,Florianopolis-Lagoa-apartamento-SUP-1Q,Carteira 1,SC,"Florianópolis, SC","Florianópolis, SC, Lagoa da Conceição",0,1569,2782.41,27,3747.01,2025-11,0.6333,0.7398,19,30,172.95,131.0,1,0,2025-11-24,0.74,0.0,964.6000000000004,atenção
SHC0905,Balneario_Picarras-Geral-apartamento-TOP-3Q,Carteira 6,SC,"Balneário Piçarras, SC","Balneário Piçarras, SC, Itacolomi",3,296,5500.34,19,3248.13,2025-11,0.8889,0.3341,24,30,313.46,,0,0,2025-11-24,1.69,940.3799999999999,-2252.21,ok
SHR103,Florianopolis-Novo_Campeche-apartamento-TOP-1Q,Carteira 1,SC,"Florianópolis, SC","Florianópolis, SC, Campeche",4,961,5973.22,52,5653.12,2025-11,0.7308,0.7115,19,30,417.53,206.0,1,0,2025-11-24,1.06,1670.12,-320.10000000000036,berlinda
TCR0913,Aguas_Claras-Geral-apartamento-JR-1Q,Carteira 1_sys-price,DF,"Brasília, DF","Brasília, DF, Taguatinga Sul",0,67,2540.89,100,2763.17,2025-11,0.6667,0.7487,20,30,157.05,173.0,2,0,2025-11-24,0.92,0.0,222.2800000000002,berlinda
ZNB1401,Salvador-Barra-apartamento-SUP-1Q,Carteira 2,BA,"Salvador, BA","Salvador, BA, Barra",1,1,3708.99,212,4248.24,2025-11,0.8276,0.7112,24,30,212.0,,0,0,2025-11-24,0.87,212.0,539.25,berlinda
BTI003,Ubatuba-Praia_Grande-apartamento-SIM-2Q,Carteira 4,SP,"Ubatuba, SP","Ubatuba, SP, Praia Grande",0,634,3823.14,51,3065.74,2025-11,0.6667,0.377,20,30,226.8,212.0,4,0,2025-11-24,1.25,0.0,-757.4000000000001,ok
CET1702,Balneario_Camboriu-Centro-apartamento-TOP-3Q,Carteira 6,SC,"Balneário Camboriú, SC","Balneário Camboriú, SC, Centro",1,1108,10351.7,53,6326.12,2025-11,0.931,0.5568,27,30,450.19,,0,0,2025-11-24,1.64,450.19,-4025.580000000001,ok
CNA007,Especial-CNA-casa-MASTER-1Q,Especial,SP,"Campos do Jordão, SP","Campos do Jordão, SP, Jardim Europa",0,1016,13546.7,26,9055.36,2025-11,0.7,0.5061,21,30,755.76,720.0,1,0,2025-11-24,1.5,0.0,-4491.34,ok
EHI0802,Itajai-Praia_Brava-apartamento-MASTER-2Q,Carteira 6,SC,"Itajaí, SC","Itajaí, SC, Praia Brava",0,155,9475.56,14,6801.07,2025-11,1.0,0.6597,30,30,376.93,,0,0,2025-11-24,1.39,0.0,-2674.49,ok
FLT0002,Florianopolis-Centrao-apartamento-SIM-1Q,Carteira 4,SC,"Florianópolis, SC","Florianópolis, SC, Centro",0,211,2998.9,13,1998.08,2025-11,0.9,0.4988,27,30,119.56,92.0,2,0,2025-11-24,1.5,0.0,-1000.8200000000002,ok
IDA101,Florianopolis-Ingleses_Norte-apartamento-TOP-1Q,Carteira 1,SC,"Florianópolis, SC","Florianópolis, SC, Ingleses do Rio Vermelho",0,682,5460.89,87,2520.07,2025-11,0.6333,0.3591,19,30,340.95,291.0,2,0,2025-11-24,2.17,0.0,-2940.82,meta_subestimada
ILC2414,Especial-ILC-hotel-JR-1Q,Especial,SC,"Florianópolis, SC","Florianópolis, SC, Jurerê Internacional",0,1242,12143.66,17,10796.7,2025-11,0.8333,0.6721,25,30,598.72,594.0,1,4,2025-11-24,1.12,0.0,-1346.9599999999991,ok
MBI022,Pocos_de_Caldas-Geral-apartamento-SUP-3Q,Carteira 4,MG,"Poços de Caldas, MG","Poços de Caldas, MG, Jardim Bandeirantes",0,764,2028.5,15,1761.58,2025-11,0.3333,0.3299,10,30,238.1,200.0,4,0,2025-11-24,1.15,0.0,-266.9200000000001,ok
NWT1005,Especial-NWT-apartamento-TOP-1Q,Carteira 5,AL,"Maceió, AL","Maceió, AL, Pajuçara",1,199,6788.04,43,5085.72,2025-11,0.8276,0.6637,24,30,346.72,294.0,3,0,2025-11-24,1.33,346.72,-1702.3199999999997,ok
NWT1423,Especial-NWT-apartamento-TOP-1Q,Carteira 5,AL,"Maceió, AL","Maceió, AL, Pajuçara",0,285,5750.83,43,5085.72,2025-11,0.7,0.6637,21,30,325.52,296.8,5,0,2025-11-24,1.13,0.0,-665.1099999999997,ok
ONX1410,Goiania-Central-apartamento-JR-1Q,Carteira 1_sys-price,GO,"Goiânia, GO","Goiânia, GO, Setor Bueno",0,479,3246.51,75,2592.5,2025-11,0.8667,0.5388,26,30,149.19,156.33,3,0,2025-11-24,1.25,0.0,-654.0100000000002,ok
PMN0901,Porto_Alegre-Jardim_Lindoia-apartamento-SUP-2Q,Carteira 4,RS,"Porto Alegre, RS","Porto Alegre, RS, Passo d Areia",0,166,8134.75,11,5366.5,2025-11,0.8667,0.76,26,30,356.96,,0,23,2025-11-24,1.52,0.0,-2768.25,ok
PSO0904,Penha-Beto_Carrero-apartamento-SUP-1Q,Carteira 3,SC,"Penha, SC","Penha, SC, Praia de Armação do Itapocoroi",0,127,5425.24,18,2190.5,2025-11,1.0,0.486,30,30,238.97,,0,0,2025-11-24,2.48,0.0,-3234.74,meta_subestimada
PZO0905,Ilheus-Sul-apartamento-SUP-2Q,Carteira 2,BA,"Ilhéus, BA","Ilhéus, BA, Nossa Senhora da Vitória",0,86,1163.01,39,2676.44,2025-11,0.3,0.3785,9,30,159.44,147.5,6,0,2025-11-24,0.43,0.0,1513.43,crítico
RCS701,Porto_Belo-Geral-apartamento-SUP-3Q,Carteira 6,SC,"Porto Belo, SC","Porto Belo, SC, Balneário Perequê",5,568,6055.3,11,2576.68,2025-11,0.88,0.3289,22,30,388.45,,0,0,2025-11-24,2.35,1942.25,-3478.6200000000003,meta_subestimada
RDM0101,Itapema-Meia_Praia-Norte-apartamento-TOP-2Q,Carteira 6,SC,"Itapema, SC","Itapema, SC, Meia Praia",0,59,5638.89,75,2487.38,2025-11,0.8333,0.3824,25,30,272.56,150.0,1,0,2025-11-24,2.27,0.0,-3151.51,meta_subestimada
SIS0005,Florianopolis-Canto_da_Lagoa-apartamento-JR-1Q,Carteira 1,SC,"Florianópolis, SC","Florianópolis, SC, Lagoa da Conceição",2,129,1629.4,16,2741.89,2025-11,0.5,0.5639,14,30,134.43,133.5,6,0,2025-11-24,0.59,268.86,1112.4899999999998,atenção
SKL1307,Penha-Praia-apartamento-SUP-3Q,Carteira 6,SC,"Penha, SC","Penha, SC, Armação",6,158,5098.16,21,4103.87,2025-11,0.6667,0.3469,16,30,396.06,180.0,3,0,2025-11-24,1.24,2376.36,-994.29,ok
SPJ0305,Especial-SPJ-apartamento-TOP-1Q,Carteira 5,SC,"Florianópolis, SC","Florianópolis, SC, Jurerê",0,516,5485.15,16,6452.9,2025-11,0.7333,0.7069,22,30,311.27,252.0,3,0,2025-11-24,0.85,0.0,967.75,berlinda
STI105,Florianopolis-Ingleses_Centro-apartamento-TOP-1Q,Carteira 1,SC,"Florianópolis, SC","Florianópolis, SC, Ingleses do Rio Vermelho",0,1026,4175.35,32,2334.79,2025-11,0.7333,0.4423,22,30,240.55,,0,0,2025-11-24,1.79,0.0,-1840.5600000000004,ok
TCO1115,Porto_Alegre-Centro_Historico-apartamento-SUP-1Q,Carteira 4,RS,"Porto Alegre, RS","Porto Alegre, RS, Centro Histórico",1,80,2329.66,77,2393.45,2025-11,0.6897,0.6126,20,30,132.4,125.0,1,0,2025-11-24,0.97,132.4,63.789999999999964,berlinda
VST006,Especial-VST-casa-TOP-1Q,Carteira 5,SC,"Anitápolis, SC","Anitápolis, SC, Rio dos Pinheiros",2,488,3572.87,54,3890.57,2025-11,0.6429,0.3016,18,30,259.89,180.0,2,0,2025-11-24,0.92,519.78,317.7000000000003,berlinda
VST021,Especial-VST-casa-TOP-1Q,Carteira 5,SC,"Anitápolis, SC","Anitápolis, SC, Rio dos Pinheiros",2,485,3176.52,54,3890.57,2025-11,0.4643,0.3016,13,30,304.85,180.0,1,0,2025-11-24,0.82,609.7,714.0500000000002,berlinda
BBH1003,Balneario_Picarras-Geral-apartamento-TOP-2Q,Carteira 6,SC,"Balneário Piçarras, SC","Balneário Piçarras, SC, Itacolomi",0,409,5874.38,41,2627.78,2025-11,0.9333,0.3938,28,30,285.43,,0,0,2025-11-24,2.24,0.0,-3246.6,meta_subestimada
BHE0405,Brasilia-Setor_Hoteleiro-apartamento-SUP-1Q,Carteira 1_sys-price,DF,"Brasília, DF","Brasília, DF, Asa Sul",3,39,5335.01,150,6578.15,2025-11,0.8519,0.7828,23,30,492.87,354.0,2,0,2025-11-24,0.81,1478.6100000000001,1243.1399999999994,berlinda
BOU0101,Florianopolis-Canasvieiras_Meio-apartamento-JR-1Q,Carteira 1,SC,"Florianópolis, SC","Florianópolis, SC, Canasvieiras",1,444,1965.14,40,1766.45,2025-11,0.6207,0.4943,18,30,172.22,144.0,6,0,2025-11-24,1.11,172.22,-198.69000000000005,ok
ELF0403,Bombinhas-Bombas-apartamento-SUP-1Q,Especial,SC,"Bombinhas, SC","Bombinhas, SC, José Amândio",0,185,4908.68,45,3072.04,2025-11,0.9333,0.4924,28,30,200.5,,0,3,2025-11-24,1.6,0.0,-1836.6400000000003,ok
ELF0609,Bombinhas-Bombas-apartamento-SUP-1Q,Especial,SC,"Bombinhas, SC","Bombinhas, SC, José Amândio",20,156,1001.85,45,3072.04,2025-11,0.8,0.4924,8,30,135.25,153.0,1,14,2025-11-24,0.33,2705.0,2070.19,crítico
ESN0505,Salvador-Ondina_Rio_Vermelho-apartamento-TOP-1Q,Carteira 2,BA,"Salvador, BA","Salvador, BA, Rio Vermelho",0,229,6070.59,35,4613.2,2025-11,0.9667,0.7196,29,30,248.0,202.0,1,0,2025-11-24,1.32,0.0,-1457.3900000000003,ok
ESR1912,Curitiba-Batel-apartamento-TOP-1Q,Carteira 4,PR,"Curitiba, PR","Curitiba, PR, Centro",0,656,4572.6,28,4436.15,2025-11,0.7667,0.5622,23,30,224.3,,0,0,2025-11-24,1.03,0.0,-136.45000000000073,berlinda
ETL2702,Balneario_Camboriu-Norte-apartamento-MASTER-4Q,Carteira 6,SC,"Balneário Camboriú, SC","Balneário Camboriú, SC, Pioneiros",8,334,14167.07,21,13138.88,2025-11,0.9091,0.4972,20,30,990.3,,0,3,2025-11-24,1.08,7922.4,-1028.1900000000005,berlinda
GDP0010,Brasilia-Asa_Sul-apartamento-JR-1Q,Carteira 1_sys-price,DF,"Brasília, DF","Brasília, DF, Asa Sul",0,190,3744.87,231,3464.77,2025-11,0.7333,0.7954,22,30,203.68,,0,0,2025-11-24,1.08,0.0,-280.0999999999999,berlinda
IFT1304,Itapema-Meia_Praia-Norte-apartamento-TOP-1Q,Carteira 6,SC,"Itapema, SC","Itapema, SC, Meia Praia",0,248,4806.48,32,3277.09,2025-11,0.9,0.4396,27,30,216.04,,0,2,2025-11-24,1.47,0.0,-1529.3899999999994,ok
IHD0101,Florianopolis-Jurere_Longe-apartamento-TOP-2Q,Carteira 1,SC,"Florianópolis, SC","Florianópolis, SC, Jurerê Internacional",0,39,8890.92,16,8083.58,2025-11,0.7333,0.6861,22,30,476.68,383.0,1,0,2025-11-24,1.1,0.0,-807.3400000000001,berlinda
JCS0004,Penha-Longe-casa-SUP-1Q,Carteira 6,SC,"Penha, SC","Penha, SC, Armação",0,326,2785.96,63,2553.81,2025-11,0.7667,0.4976,23,30,172.17,,0,0,2025-11-24,1.09,0.0,-232.1500000000001,berlinda
MCG0006,Porto_Seguro-Pitinga-casa-JR-3Q,Carteira 2,BA,"Porto Seguro, BA","Porto Seguro, BA, Arraial DAjuda",12,330,0.0,14,4381.08,2025-11,0.0,0.4615,0,30,0.0,636.0,6,30,2025-11-24,0.0,0.0,4381.08,crítico
MHF0508,Itapema-Canto_Praia-apartamento-TOP-2Q,Carteira 5,SC,"Itapema, SC","Itapema, SC, Centro",4,388,4021.72,14,3147.32,2025-11,0.7308,0.4145,19,30,259.0,239.0,3,0,2025-11-24,1.28,1036.0,-874.3999999999996,ok
MRS0402,Bombinhas-Bombas-apartamento-SUP-3Q,Carteira 6,SC,"Bombinhas, SC","Bombinhas, SC, Bombas",4,3,1765.31,24,2859.23,2025-11,0.4231,0.4288,11,30,219.0,220.5,6,0,2025-11-24,0.62,876.0,1093.92,atenção
NWT0603,Especial-NWT-apartamento-TOP-1Q,Carteira 5,AL,"Maceió, AL","Maceió, AL, Pajuçara",1,215,6699.29,43,5085.72,2025-11,0.8621,0.6637,25,30,298.04,,0,0,2025-11-24,1.32,298.04,-1613.5699999999997,ok
NWT1001,Especial-NWT-apartamento-TOP-1Q,Carteira 5,AL,"Maceió, AL","Maceió, AL, Pajuçara",0,199,6015.32,43,5085.72,2025-11,0.6333,0.6637,19,30,375.32,304.0,6,0,2025-11-24,1.18,0.0,-929.5999999999995,ok
NWT1123,Especial-NWT-apartamento-TOP-1Q,Carteira 5,AL,"Maceió, AL","Maceió, AL, Pajuçara",0,121,4459.13,43,5085.72,2025-11,0.5667,0.6637,17,30,301.06,280.0,2,0,2025-11-24,0.88,0.0,626.5900000000001,berlinda
OAG0507,Sao_Paulo-Pinheiros-apartamento-TOP-1Q,Carteira 4_sys-price,SP,"São Paulo, SP","São Paulo, SP, Cerqueira César",4,155,5062.02,280,5571.86,2025-11,0.8077,0.7295,21,30,297.05,202.0,1,0,2025-11-24,0.91,1188.2,509.83999999999924,berlinda
PSO0601,Penha-Beto_Carrero-apartamento-SUP-1Q,Carteira 3,SC,"Penha, SC","Penha, SC, Praia de Armação do Itapocoroi",0,89,4435.39,18,2190.5,2025-11,0.8333,0.486,25,30,201.3,,0,0,2025-11-24,2.02,0.0,-2244.8900000000003,meta_subestimada
RFM0017,Santa_Cruz_Cabralia-Coroa_Vermelha-apartamento-SUP-2Q,Carteira 2,BA,"Santa Cruz Cabrália, BA","Santa Cruz Cabrália, BA, Coroa Vermelha",0,191,444.81,51,3298.0,2025-11,0.1,0.5248,3,30,187.0,155.0,6,0,2025-11-24,0.13,0.0,2853.19,crítico
SKL0905,Penha-Praia-apartamento-SUP-2Q,Carteira 6,SC,"Penha, SC","Penha, SC, Armação",0,52,4347.82,55,3663.31,2025-11,0.8,0.5039,24,30,224.5,170.0,2,0,2025-11-24,1.19,0.0,-684.5099999999998,ok
SKL1204,Penha-Praia-apartamento-SUP-2Q,Carteira 6,SC,"Penha, SC","Penha, SC, Armação",0,43,4336.73,55,3663.31,2025-11,0.8,0.5039,24,30,212.92,183.0,2,0,2025-11-24,1.18,0.0,-673.4199999999996,ok
SPJ0201,Especial-SPJ-apartamento-TOP-1Q,Carteira 5,SC,"Florianópolis, SC","Florianópolis, SC, Jurerê",0,516,6589.55,16,6452.9,2025-11,0.8333,0.7069,25,30,320.08,192.0,1,0,2025-11-24,1.02,0.0,-136.65000000000055,berlinda
SPJ0302,Especial-SPJ-apartamento-TOP-1Q,Carteira 5,SC,"Florianópolis, SC","Florianópolis, SC, Jurerê",2,518,5959.34,16,6452.9,2025-11,0.8571,0.7069,24,30,324.79,,0,0,2025-11-24,0.92,649.58,493.5599999999995,berlinda
SPT0203,Blumenau-Central-apartamento-JR-1Q,Carteira 4,SC,"Blumenau, SC","Blumenau, SC, Itoupava Seca",0,543,0.0,42,910.58,2025-11,0.0,0.3663,0,30,0.0,100.0,6,27,2025-11-24,0.0,0.0,910.58,crítico
THK0502,Sao_Paulo-Republica-apartamento-SUP-1Q,Carteira 4_sys-price,SP,"São Paulo, SP","São Paulo, SP, República",0,82,3193.04,470,3552.85,2025-11,0.8,0.7444,24,30,156.92,138.0,1,0,2025-11-24,0.9,0.0,359.80999999999995,berlinda
TPS210,Florianopolis-Canasvieiras_Meio-apartamento-TOP-1Q,Carteira 1,SC,"Florianópolis, SC","Florianópolis, SC, Canasvieiras",0,681,1908.86,26,4125.61,2025-11,0.3667,0.558,11,30,197.27,257.0,6,0,2025-11-24,0.46,0.0,2216.75,crítico
TRS0005,Penha-Beto_Carrero-casa-JR-1Q,Carteira 3,SC,"Penha, SC","Penha, SC, Armação",0,164,1399.38,29,2301.74,2025-11,0.4667,0.657,14,30,120.36,117.5,6,0,2025-11-24,0.61,0.0,902.3599999999997,atenção
UPP0515,Curitiba-Centro-apartamento-JR-1Q,Carteira 4,PR,"Curitiba, PR","Curitiba, PR, Alto da XV",0,22,1774.41,289,2479.88,2025-11,0.5,0.6885,15,30,138.6,130.0,6,0,2025-11-24,0.72,0.0,705.47,atenção
VAC0601,Barra_Velha-Tabuleiro-apartamento-TOP-2Q,Carteira 3,SC,"Barra Velha, SC","Barra Velha, SC, Itajuba",6,159,3238.76,57,1928.98,2025-11,0.7917,0.3592,19,30,206.42,137.0,1,0,2025-11-24,1.68,1238.52,-1309.7800000000002,ok
VST032,Especial-VST-casa-TOP-1Q,Carteira 5,SC,"Anitápolis, SC","Anitápolis, SC, Rio dos Pinheiros",1,487,5097.08,54,3890.57,2025-11,0.8621,0.3016,25,30,282.08,180.0,2,0,2025-11-24,1.31,282.08,-1206.5099999999998,ok
AGA0304,Camaçari-Monte_Gordo-apartamento-SUP-2Q,Carteira 2,BA,"Camaçari, BA","Camaçari, BA, Guarajuba",6,30,485.08,22,3472.56,2025-11,0.0833,0.3932,2,30,288.0,260.0,6,0,2025-11-24,0.14,1728.0,2987.48,crítico
BDR522,Florianopolis-Lagoa-apartamento-SUP-1Q,Carteira 1,SC,"Florianópolis, SC","Florianópolis, SC, Lagoa da Conceição",0,1283,1616.23,27,3747.01,2025-11,0.3667,0.7398,11,30,168.27,174.5,6,0,2025-11-24,0.43,0.0,2130.78,crítico
BPM0909,Salvador-Barra-apartamento-SUP-1Q,Carteira 2,BA,"Salvador, BA","Salvador, BA, Barra",0,12,4501.09,212,4248.24,2025-11,0.9333,0.7112,28,30,194.93,130.0,1,0,2025-11-24,1.06,0.0,-252.85000000000036,berlinda
CSN0204,Florianopolis-Centrao-apartamento-JR-2Q,Carteira 4,SC,"Florianópolis, SC","Florianópolis, SC, Centro",17,10,557.46,23,2141.15,2025-11,0.2308,0.6276,3,30,203.4,160.2,5,0,2025-11-24,0.26,3457.8,1583.69,crítico
DMS0304,Gramado-Centro-apartamento-TOP-2Q,Carteira 4,RS,"Gramado, RS","Gramado, RS, Bairro Belverede",1,260,12202.09,55,11231.9,2025-11,0.8966,0.7261,26,30,624.27,,0,0,2025-11-24,1.09,624.27,-970.1900000000005,berlinda
MHF1803,Itapema-Canto_Praia-apartamento-TOP-1Q,Carteira 5,SC,"Itapema, SC","Itapema, SC, Centro",0,500,4032.67,19,3496.4,2025-11,0.7,0.5702,21,30,237.86,201.75,4,0,2025-11-24,1.15,0.0,-536.27,ok
NWT0918,Especial-NWT-apartamento-TOP-1Q,Carteira 5,AL,"Maceió, AL","Maceió, AL, Pajuçara",0,219,6588.73,43,5085.72,2025-11,0.9,0.6637,27,30,296.78,,0,0,2025-11-24,1.3,0.0,-1503.0099999999993,ok
PNJ0203,Florianopolis-Ingleses_Centro-apartamento-SUP-3Q,Carteira 1,SC,"Florianópolis, SC","Florianópolis, SC, Ingleses do Rio Vermelho",0,169,2669.1,27,2360.78,2025-11,0.4667,0.3534,14,30,247.86,196.17,6,0,2025-11-24,1.13,0.0,-308.3199999999997,ok
RGN0205,Florianopolis-Ingleses_Centro-apartamento-SUP-2Q,Carteira 1,SC,"Florianópolis, SC","Florianópolis, SC, Ingleses Centro",1,37,3969.37,30,2233.61,2025-11,0.6897,0.4151,20,30,234.55,248.0,3,0,2025-11-24,1.78,234.55,-1735.7599999999998,ok
RGP302,Florianopolis-Jurere_Tradicional-apartamento-SUP-2Q,Carteira 1,SC,"Florianópolis, SC","Florianópolis, SC, Jurerê",0,571,5626.35,17,5832.42,2025-11,0.6667,0.5256,20,30,360.4,268.0,2,0,2025-11-24,0.96,0.0,206.0699999999997,berlinda
RJF006,Urubici-Geral-casa-TOP-2Q,Carteira 3,SC,"Urubici, SC","Urubici, SC, Aguas Brancas",1,596,2343.69,24,3292.5,2025-11,0.2069,0.2277,6,30,453.5,300.0,3,11,2025-11-24,0.71,453.5,948.81,atenção
SLC0202,Florianopolis-Rio_Vermelho-apartamento-JR-1Q,Carteira 1,SC,"Florianópolis, SC","Florianópolis, SC, Ingleses do Rio Vermelho",0,318,1402.52,21,2656.73,2025-11,0.5,0.5306,15,30,112.07,157.33,6,0,2025-11-24,0.53,0.0,1254.21,atenção
SPT0303,Blumenau-Central-apartamento-JR-1Q,Carteira 4,SC,"Blumenau, SC","Blumenau, SC, Itoupava Seca",0,422,1406.13,42,910.58,2025-11,0.5333,0.3663,16,30,105.13,100.0,6,23,2025-11-24,1.54,0.0,-495.55000000000007,ok
TPS302,Florianopolis-Canasvieiras_Meio-apartamento-TOP-1Q,Carteira 1,SC,"Florianópolis, SC","Florianópolis, SC, Canasvieiras",0,1030,1978.19,26,4125.61,2025-11,0.4,0.558,12,30,194.67,201.0,6,0,2025-11-24,0.48,0.0,2147.4199999999996,crítico
URA0015,Porto_Seguro-Urbano-casa-JR-2Q,Carteira 2,BA,"Porto Seguro, BA","Porto Seguro, BA, Paraíso dos Pataxós",0,702,1963.14,17,2511.75,2025-11,0.4,0.4327,12,30,175.75,177.0,4,0,2025-11-24,0.78,0.0,548.6099999999999,atenção
VST014,Especial-VST-casa-TOP-1Q,Carteira 5,SC,"Anitápolis, SC","Anitápolis, SC, Rio dos pinheiros",2,457,4230.75,54,3890.57,2025-11,0.8571,0.3016,24,30,243.25,180.0,1,0,2025-11-24,1.09,486.5,-340.17999999999984,berlinda
ZNB1604,Salvador-Barra-apartamento-SUP-1Q,Carteira 2,BA,"Salvador, BA","Salvador, BA, Barra",1,1,3467.4,212,4248.24,2025-11,0.7586,0.7112,22,30,207.91,130.0,2,0,2025-11-24,0.82,207.91,780.8399999999997,berlinda
BCA0601,Salvador-Ondina_Rio_Vermelho-apartamento-SUP-2Q,Carteira 2,BA,"Salvador, BA","Salvador, BA, Barra",1,498,5677.05,41,5104.7,2025-11,0.8621,0.7495,25,30,280.76,243.0,1,0,2025-11-24,1.11,280.76,-572.3500000000004,ok
BLS0358,Goiania-Central-apartamento-SUP-1Q,Carteira 1_sys-price,GO,"Goiânia, GO","Goiânia, GO, Setor Marista",0,778,3298.05,162,2535.55,2025-11,0.8,0.5616,24,30,184.08,140.0,1,8,2025-11-24,1.3,0.0,-762.5,ok
CSCA1110,Florianopolis-Ingleses_Norte-apartamento-JR-1Q,Carteira 1,SC,"Florianópolis, SC","Florianópolis, SC, Ingleses do Rio Vermelho",0,1418,4433.62,60,2205.66,2025-11,0.8333,0.4962,25,30,199.56,,0,0,2025-11-24,2.01,0.0,-2227.96,meta_subestimada
ETI0724,Maceio-Ponta_Verde-apartamento-TOP-1Q,Carteira 2,AL,"Maceió, AL","Maceió, AL, Ponta Verde",0,310,4869.39,126,4914.91,2025-11,0.9333,0.7641,28,30,234.64,,0,0,2025-11-24,0.99,0.0,45.51999999999953,berlinda
EVE0104,Florianopolis-Ingleses_Praia-apartamento-JR-3Q,Carteira 1,SC,"Florianópolis, SC","Florianópolis, SC, Ingleses do Rio Vermelho",4,204,2360.52,63,2958.68,2025-11,0.3846,0.4678,10,30,260.5,207.0,6,0,2025-11-24,0.8,1042.0,598.1599999999999,atenção
JMA025,Florianopolis-Jurere_Longe-apartamento-JR-1Q,Carteira 1,SC,"Florianópolis, SC","Florianópolis, SC, Jurerê",0,214,2554.67,47,1965.96,2025-11,0.7333,0.4896,22,30,170.45,,0,0,2025-11-24,1.3,0.0,-588.71,ok
JPR201,Especial-JPR-apartamento-TOP-1Q,Carteira 1,SC,"Florianópolis, SC","Florianópolis, SC, Jurerê",0,1270,6606.23,17,6675.05,2025-11,0.6333,0.7015,19,30,397.89,383.0,1,0,2025-11-24,0.99,0.0,68.82000000000062,berlinda
JRS0130,Penha-Beto_Carrero-casa-JR-4Q,Carteira 3,SC,"Penha, SC","Penha, SC, Armação",5,32,2486.78,16,4056.18,2025-11,0.44,0.5225,11,30,297.0,237.83,6,0,2025-11-24,0.61,1485.0,1569.3999999999996,atenção
MRE801,Porto_Belo-Geral-apartamento-TOP-2Q,Carteira 6,SC,"Porto Belo, SC","Porto Belo, SC, Perequê",21,259,974.55,11,2576.68,2025-11,0.5556,0.3289,5,30,262.4,160.0,1,0,2025-11-24,0.38,5510.4,1602.1299999999999,crítico
PMO0404,Florianopolis-Estreito-apartamento-SUP-1Q,Carteira 4,SC,"Florianópolis, SC","Florianópolis, SC, Coqueiros",11,393,1758.6,24,2685.93,2025-11,0.3684,0.6316,7,30,280.0,280.0,6,30,2025-11-24,0.65,3080.0,927.3299999999999,atenção
POR0017,Brasilia-Asa_Sul-apartamento-SUP-1Q,Carteira 1_sys-price,DF,"Brasília, DF","Brasília, DF, Setor Sudoeste",2,144,4123.0,142,4188.45,2025-11,0.7857,0.8532,22,30,233.73,250.0,1,0,2025-11-24,0.98,467.46,65.44999999999982,berlinda
RDO0025,Balneario_Picarras-Geral-casa-JR-3Q,Carteira 6,SC,"Balneário Piçarras, SC","Balneário Piçarras, SC, Itacolomi",3,204,3314.26,17,1480.8,2025-11,0.8889,0.2389,24,30,168.25,,0,0,2025-11-24,2.24,504.75,-1833.4600000000003,meta_subestimada
SCA0108,Florianopolis-Santo_Antonio_de_Lisboa-apartamento-SUP-1Q,Carteira 1,SC,"Florianópolis, SC","Florianópolis, SC, Cacupé",0,36,4869.21,15,3153.33,2025-11,0.8,0.6431,24,30,247.96,,0,0,2025-11-24,1.54,0.0,-1715.88,ok
SDR010,Florianopolis-Lagoa-apartamento-SUP-1Q,Carteira 1,SC,"Florianópolis, SC","Florianópolis, SC, Lagoa da Conceição",30,1522,0.0,27,3747.01,2025-11,,0.7398,0,30,0.0,,0,0,2025-11-24,0.0,0.0,3747.01,crítico
SFR0315,Bombinhas-Centro-apartamento-SUP-1Q,Carteira 6,SC,"Bombinhas, SC","Bombinhas, SC, Centro",0,37,4610.57,35,3520.7,2025-11,0.9333,0.6125,28,30,199.92,168.0,4,0,2025-11-24,1.31,0.0,-1089.87,ok
SLC0101,Florianopolis-Rio_Vermelho-apartamento-JR-1Q,Carteira 1,SC,"Florianópolis, SC","Florianópolis, SC, Ingleses do Rio Vermelho",1,285,1307.67,21,2656.73,2025-11,0.4828,0.5306,14,30,116.29,157.33,6,0,2025-11-24,0.49,116.29,1349.06,crítico
SLC0104,Florianopolis-Rio_Vermelho-apartamento-JR-1Q,Carteira 1,SC,"Florianópolis, SC","Florianópolis, SC, Ingleses do Rio Vermelho",0,284,1058.77,21,2656.73,2025-11,0.3667,0.5306,11,30,123.64,157.33,6,0,2025-11-24,0.4,0.0,1597.96,crítico
UPP0501,Curitiba-Centro-apartamento-JR-1Q,Carteira 4,PR,"Curitiba, PR","Curitiba, PR, Alto da XV",0,17,1965.39,289,2479.88,2025-11,0.5333,0.6885,16,30,140.56,130.0,6,0,2025-11-24,0.79,0.0,514.49,atenção
VCE1102,Balneario_Picarras-Geral-apartamento-SUP-3Q,Carteira 6,SC,"Balneário Piçarras, SC","Balneário Piçarras, SC, Balneário Piçarras",0,597,5081.68,14,2038.96,2025-11,0.9333,0.3269,28,30,217.43,164.5,2,0,2025-11-24,2.49,0.0,-3042.7200000000003,meta_subestimada
VST007,Especial-VST-casa-TOP-1Q,Carteira 5,SC,"Anitápolis, SC","Anitápolis, SC, Rio dos Pinheiros",3,245,2874.79,54,3890.57,2025-11,0.4074,0.3016,11,30,314.73,180.0,4,0,2025-11-24,0.74,944.19,1015.7800000000002,atenção
ACB0204,Florianopolis-Cachoeira_Bom_Jesus-apartamento-SUP-2Q,Carteira 1,SC,"Florianópolis, SC","Florianópolis, SC, Cachoeira do Bom Jesus",5,212,779.01,23,3893.0,2025-11,0.12,0.5123,3,30,407.33,315.0,3,0,2025-11-24,0.2,2036.6499999999999,3113.99,crítico
BLS0754,Goiania-Central-apartamento-TOP-1Q,Carteira 1_sys-price,GO,"Goiânia, GO","Goiânia, GO, Setor Marista",0,46,3572.42,54,3159.15,2025-11,0.8333,0.5673,25,30,174.32,205.33,3,0,2025-11-24,1.13,0.0,-413.27,ok
CMS0202,Florianopolis-Cachoeira_Bom_Jesus-apartamento-SUP-2Q,Carteira 1,SC,"Florianópolis, SC","Florianópolis, SC, Cachoeira do Bom Jesus",0,3,1752.05,23,3893.0,2025-11,0.2667,0.5123,8,30,309.88,416.25,4,0,2025-11-24,0.45,0.0,2140.95,crítico
FFS1102,Itapema-Meia_Praia-Sul-apartamento-SUP-1Q,Carteira 6,SC,"Itapema, SC","Itapema, SC, Meia Praia",0,10,3204.31,19,2238.48,2025-11,0.7667,0.5187,23,30,164.39,120.0,1,0,2025-11-24,1.43,0.0,-965.8299999999999,ok
IDVA0903,Goiania-Central-2-apartamento-TOP-1Q,Carteira 1_sys-price,GO,"Goiânia, GO","Goiânia, GO, Setor Oeste",0,778,4227.47,37,2871.72,2025-11,0.7667,0.4335,23,30,219.46,169.0,2,0,2025-11-24,1.47,0.0,-1355.7500000000005,ok
JSM0103,Salvador-Flamengo-apartamento-SUP-2Q,Carteira 2,BA,"Salvador, BA","Salvador, BA, Stella Maris",18,60,1529.77,52,3410.02,2025-11,0.8333,0.6207,10,30,177.82,150.0,1,0,2025-11-24,0.45,3200.7599999999998,1880.25,crítico
LIV1408,Salvador-Graca-apartamento-TOP-1Q,Especial,BA,"Salvador, BA","Salvador, BA, Vitória",0,102,4864.16,15,3658.61,2025-11,0.9,0.6726,27,30,245.81,,0,0,2025-11-24,1.33,0.0,-1205.5499999999997,ok
MHFA0507,Itapema-Canto_Praia-apartamento-SUP-1Q,Carteira 5,SC,"Itapema, SC","Itapema, SC, Centro",0,457,4313.6,14,2356.68,2025-11,0.9667,0.4102,29,30,177.66,160.0,1,0,2025-11-24,1.83,0.0,-1956.9200000000005,ok
NOA1014,Sao_Paulo-Santo_Amaro-apartamento-SUP-1Q,Carteira 4,SP,"São Paulo, SP","São Paulo, SP, Santo Amaro",0,480,2487.75,157,3988.2,2025-11,0.6,0.6596,18,30,176.17,159.5,2,0,2025-11-24,0.62,0.0,1500.4499999999998,atenção
NWT0815,Especial-NWT-apartamento-TOP-1Q,Carteira 5,AL,"Maceió, AL","Maceió, AL, Pajuçara",0,186,4824.35,43,5085.72,2025-11,0.6,0.6637,18,30,312.33,290.5,4,0,2025-11-24,0.95,0.0,261.3699999999999,berlinda
NWT1022,Especial-NWT-apartamento-TOP-1Q,Carteira 5,AL,"Maceió, AL","Maceió, AL, Pajuçara",1,199,5203.95,43,5085.72,2025-11,0.7241,0.6637,21,30,302.29,290.5,4,0,2025-11-24,1.02,302.29,-118.22999999999956,berlinda
PEV025,Ubatuba-Tenorio-casa-JR-4Q,Carteira 4,SP,"Ubatuba, SP","Ubatuba, SP, Tenório",2,206,1230.24,57,5717.84,2025-11,0.1071,0.4926,3,30,466.0,416.67,6,0,2025-11-24,0.22,932.0,4487.6,crítico
PSO0309,Penha-Beto_Carrero-apartamento-SUP-1Q,Carteira 3,SC,"Penha, SC","Penha, SC, Praia de Armação do Itapocoroi",0,101,2764.12,18,2190.5,2025-11,0.6333,0.486,19,30,182.53,153.0,1,0,2025-11-24,1.26,0.0,-573.6199999999999,ok
SPI0811,Sao_Paulo-Pinheiros-apartamento-TOP-1Q,Carteira 4_sys-price,SP,"São Paulo, SP","São Paulo, SP, Pinheiros",0,325,9155.18,280,5571.86,2025-11,0.9667,0.7295,29,30,399.41,,0,0,2025-11-24,1.64,0.0,-3583.3200000000006,ok
UPP0604,Curitiba-Centro-apartamento-JR-1Q,Carteira 4,PR,"Curitiba, PR","Curitiba, PR, Alto da XV",0,26,2058.56,289,2479.88,2025-11,0.5667,0.6885,17,30,140.94,130.0,5,0,2025-11-24,0.83,0.0,421.32000000000016,berlinda
VIN202,Florianopolis-Ingleses_Norte-apartamento-SUP-3Q,Carteira 1,SC,"Florianópolis, SC","Florianópolis, SC, Ingleses do Rio Vermelho",8,1591,3879.47,21,2360.78,2025-11,0.6818,0.3526,15,30,406.33,230.0,1,0,2025-11-24,1.64,3250.64,-1518.6899999999996,ok
VNV1301,Itapema-Praia_Centro-apartamento-SUP-2Q,Carteira 6,SC,"Itapema, SC","Itapema, SC, Tabuleiro dos Oliveiras",0,88,4377.33,21,2987.88,2025-11,0.7667,0.4559,23,30,224.91,120.0,2,0,2025-11-24,1.47,0.0,-1389.4499999999998,ok
ATP0006,Porto_Seguro-Pitinga-casa-SUP-4Q,Carteira 2,BA,"Porto Seguro, BA","Porto Seguro, BA, Arraial dAjuda",13,339,0.0,9,3906.63,2025-11,0.0,0.3498,0,30,0.0,,0,0,2025-11-24,0.0,0.0,3906.63,crítico
BCA1409,Salvador-Ondina_Rio_Vermelho-apartamento-TOP-1Q,Carteira 2,BA,"Salvador, BA","Salvador, BA, Ondina",0,327,6177.01,35,4613.2,2025-11,0.8333,0.7196,25,30,307.16,,0,0,2025-11-24,1.34,0.0,-1563.8100000000004,ok
BFT3207,Goiania-Leste-apartamento-SUP-1Q,Carteira 1_sys-price,GO,"Goiânia, GO","Goiânia, GO, Jardim Goiás",0,772,3124.62,82,2407.54,2025-11,0.8,0.5448,24,30,154.71,142.5,2,0,2025-11-24,1.3,0.0,-717.0799999999999,ok
BVA0303,Sao_Paulo-Republica-apartamento-SUP-2Q,Carteira 4,SP,"São Paulo, SP",Sao_Paulo-Republica,0,57,5798.33,45,5121.73,2025-11,0.9667,0.8012,29,30,256.9,180.0,1,0,2025-11-24,1.13,0.0,-676.6000000000004,ok
CET2001,Balneario_Camboriu-Centro-apartamento-SUP-4Q,Carteira 6,SC,"Balneário Camboriú, SC","Balneário Camboriú, SC, Barra Sul",8,9,3563.52,22,6254.3,2025-11,0.9091,0.6028,20,30,222.4,,0,0,2025-11-24,0.57,1779.2,2690.78,atenção
CGF135,Sao_Paulo-Republica-apartamento-TOP-1Q,Carteira 4,SP,"São Paulo, SP","São Paulo, SP, Bela Vista",6,575,3217.99,105,4584.01,2025-11,0.7917,0.7373,19,30,194.89,,0,0,2025-11-24,0.7,1169.34,1366.0200000000004,atenção
CNA014,Especial-CNA-casa-MASTER-1Q,Especial,SP,"Campos do Jordão, SP","Campos do Jordão, SP, Jardim Europa",0,1016,15680.72,26,9055.36,2025-11,0.9667,0.5061,29,30,634.45,350.0,1,0,2025-11-24,1.73,0.0,-6625.359999999999,ok
COS0034,Curitiba-Jardim_Botanico-apartamento-JR-3Q,Carteira 4,PR,"Curitiba, PR","Curitiba, PR, Cristo Rei",11,15,2916.22,7,4452.62,2025-11,0.7895,0.6606,15,30,227.67,230.67,3,0,2025-11-24,0.65,2504.37,1536.4,atenção
CPJ504,Florianopolis-Jurere_Internacional-apartamento-SUP-2Q,Carteira 1,SC,"Florianópolis, SC","Florianópolis, SC, Jurerê Internacional",0,201,6515.17,29,6050.7,2025-11,0.7,0.5818,21,30,367.1,252.0,2,0,2025-11-24,1.08,0.0,-464.47000000000025,berlinda
CRI0301,Florianopolis-Ribeirao-apartamento-TOP-1Q,Carteira 4,SC,"Florianópolis, SC","Florianópolis, SC, Ribeirão da Ilha",3,527,3192.36,38,3573.53,2025-11,0.6667,0.5471,18,30,208.22,142.0,2,0,2025-11-24,0.89,624.66,381.1700000000001,berlinda
CTB2405,Sao_Paulo-Brooklin-apartamento-SUP-1Q,Carteira 4,SP,"São Paulo, SP","São Paulo, SP, Vila Cordeiro",0,100,6324.71,299,4501.61,2025-11,0.9333,0.7158,28,30,286.57,161.0,1,0,2025-11-24,1.4,0.0,-1823.1000000000004,ok
ERZ0502,Balneario_Camboriu-Intermediario-apartamento-SUP-2Q,Carteira 6,SC,"Balneário Camboriú, SC","Balneário Camboriú, SC, Centro",2,625,2833.96,93,3620.15,2025-11,0.3929,0.5008,11,30,345.55,275.0,6,22,2025-11-24,0.78,691.1,786.19,atenção
ILC1506,Especial-ILC-hotel-TOP-1Q,Especial,SC,"Florianópolis, SC","Florianópolis, SC, Jurerê Internacional",4,456,16583.36,30,11771.46,2025-11,0.9615,0.7857,25,30,796.24,,0,0,2025-11-24,1.41,3184.96,-4811.9000000000015,ok
JAS0002,Florianopolis-Lagoa-apartamento-JR-1Q,Carteira 1,SC,"Florianópolis, SC","Florianópolis, SC, Lagoa da Conceição",0,165,1798.52,24,3922.68,2025-11,0.4333,0.7427,13,30,148.62,234.0,6,11,2025-11-24,0.46,0.0,2124.16,crítico
JRE1223,Porto_Alegre-Cidade_Baixa-apartamento-SUP-1Q,Carteira 4,RS,"Porto Alegre, RS","Porto Alegre, RS, Centro Histórico",2,292,2181.14,46,2896.8,2025-11,0.6429,0.6357,18,30,146.06,140.0,1,0,2025-11-24,0.75,292.12,715.6600000000003,atenção
JVV303,Florianopolis-Itacorubi-apartamento-SUP-1Q,Carteira 4,SC,"Florianópolis, SC","Florianópolis, SC, Itacorubi",2,590,3318.15,15,3153.33,2025-11,0.8571,0.6431,24,30,243.79,141.0,1,0,2025-11-24,1.05,487.58,-164.82000000000016,berlinda
LIV1705,Salvador-Graca-apartamento-SUP-1Q,Especial,BA,"Salvador, BA","Salvador, BA, Vitória",0,121,5892.02,39,4017.09,2025-11,1.0,0.6891,30,30,266.63,,0,0,2025-11-24,1.47,0.0,-1874.9300000000003,ok
MHE003,Florianopolis-Cachoeira_Bom_Jesus-apartamento-MASTER-2Q,Carteira 1,SC,"Florianópolis, SC","Florianópolis, SC, Cachoeira do Bom Jesus",13,1132,8063.62,14,6029.28,2025-11,0.8824,0.659,15,30,631.73,,0,0,2025-11-24,1.34,8212.49,-2034.3400000000001,ok
MHFA0905,Itapema-Canto_Praia-apartamento-SUP-1Q,Carteira 5,SC,"Itapema, SC","Itapema, SC, Centro",0,472,3624.69,14,2356.68,2025-11,0.7333,0.4102,22,30,193.14,,0,0,2025-11-24,1.54,0.0,-1268.0100000000002,ok
MHFB1607,Itapema-Canto_Praia-apartamento-SUP-1Q,Carteira 5,SC,"Itapema, SC","Itapema, SC, Centro",1,393,2817.33,14,2356.68,2025-11,0.5862,0.4102,17,30,193.12,164.0,3,18,2025-11-24,1.2,193.12,-460.6500000000001,ok
NWT0908,Especial-NWT-apartamento-TOP-1Q,Carteira 5,AL,"Maceió, AL","Maceió, AL, Pajuçara",0,221,6401.36,43,5085.72,2025-11,0.9,0.6637,27,30,303.67,,0,0,2025-11-24,1.26,0.0,-1315.6399999999994,ok
NWT1020,Especial-NWT-apartamento-TOP-1Q,Carteira 5,AL,"Maceió, AL","Maceió, AL, Pajuçara",2,180,4566.11,43,5085.72,2025-11,0.6429,0.6637,18,30,305.44,290.5,4,0,2025-11-24,0.9,610.88,519.6100000000006,berlinda
PSOB1102,Penha-Beto_Carrero-apartamento-SUP-1Q,Carteira 3,SC,"Penha, SC","Penha, SC, Praia de Armação do Itapocoroi",0,129,3999.44,18,2190.5,2025-11,0.7667,0.486,23,30,198.35,137.5,2,0,2025-11-24,1.83,0.0,-1808.94,ok
RIT0201,Florianopolis-Praia_Brava-apartamento-TOP-3Q,Carteira 1,SC,"Florianópolis, SC","Florianópolis, SC, Praia Brava",6,257,7363.29,19,4428.29,2025-11,0.5417,0.5983,13,30,721.69,518.0,2,0,2025-11-24,1.66,4330.14,-2935.0,ok
RTG101,Florianopolis-Ingleses_Norte-apartamento-TOP-2Q,Carteira 1,SC,"Florianópolis, SC","Florianópolis, SC, Ingleses do Rio Vermelho",0,1173,4742.23,21,5532.65,2025-11,0.7,0.6262,21,30,289.95,261.0,1,0,2025-11-24,0.86,0.0,790.4200000000001,berlinda
RTO0502,Itapema-Praia_Itapema-apartamento-SUP-4Q,Carteira 6,SC,"Itapema, SC","Itapema, SC, Andorinha",6,500,6389.32,36,3495.11,2025-11,0.875,0.3823,21,30,422.24,,0,0,2025-11-24,1.83,2533.44,-2894.2099999999996,ok
SDR001,Florianopolis-Lagoa-apartamento-SUP-1Q,Carteira 1,SC,"Florianópolis, SC","Florianópolis, SC, Lagoa da Conceição",1,1569,2592.22,27,3747.01,2025-11,0.5862,0.7398,17,30,193.71,168.33,3,0,2025-11-24,0.69,193.71,1154.7900000000004,atenção
SLV0011,Goiania-Universitario-apartamento-SUP-1Q,Carteira 1_sys-price,GO,"Goiânia, GO","Goiânia, GO, Setor Leste Vila Nova",0,323,2493.31,55,2451.82,2025-11,0.6667,0.4927,20,30,139.67,146.83,6,0,2025-11-24,1.02,0.0,-41.48999999999978,berlinda
TPS0308,Florianopolis-Canasvieiras_Meio-apartamento-TOP-1Q,Carteira 1,SC,"Florianópolis, SC","Florianópolis, SC, Canasvieiras",0,151,3003.92,26,4125.61,2025-11,0.5,0.558,15,30,245.8,195.0,3,0,2025-11-24,0.73,0.0,1121.6899999999996,atenção
TXP1004,Goiania-Central-apartamento-SUP-1Q,Carteira 1_sys-price,GO,"Goiânia, GO","Goiânia, GO, Setor Bueno",1,221,3056.59,162,2535.55,2025-11,0.8276,0.5616,24,30,151.54,133.0,2,0,2025-11-24,1.21,151.54,-521.04,ok
VRL0002,Camaçari-Itacimirim-apartamento-JR-2Q,Carteira 2,BA,"Camaçari, BA","Camaçari, BA, Centro",1,379,2305.17,26,4603.47,2025-11,0.5172,0.5174,15,30,192.47,175.33,6,0,2025-11-24,0.5,192.47,2298.3,atenção
VST025,Especial-VST-casa-TOP-1Q,Carteira 5,SC,"Anitápolis, SC","Anitápolis, SC, Rio dos Pinheiros",1,199,4569.05,54,3890.57,2025-11,0.6897,0.3016,20,30,286.2,180.0,4,0,2025-11-24,1.17,286.2,-678.48,ok
ACM0865,Caldas_Novas-Geral-apartamento-SUP-2Q,Carteira 3,GO,"Caldas Novas, GO","Caldas Novas, GO, Do Turista",8,137,1685.29,34,2204.01,2025-11,0.4545,0.316,10,30,204.7,,0,0,2025-11-24,0.76,1637.6,518.7200000000003,atenção
CEJ0304,Florianopolis-Jurere_Longe-apartamento-TOP-1Q,Carteira 1,SC,"Florianópolis, SC","Florianópolis, SC, Jurerê",0,47,7358.35,50,5415.65,2025-11,0.9667,0.608,29,30,326.86,,0,0,2025-11-24,1.36,0.0,-1942.7000000000007,ok
CEP093,Balneario_Camboriu-Centro-apartamento-SUP-3Q,Carteira 6,SC,"Balneário Camboriú, SC","Balneário Camboriú, SC, Centro",8,787,3484.44,89,4292.03,2025-11,0.4545,0.4983,10,30,388.3,171.5,4,0,2025-11-24,0.81,3106.4,807.5899999999997,berlinda
CLR0211,Brasilia-Vila_Planalto-apartamento-SUP-1Q,Carteira 1_sys-price,DF,"Brasília, DF","Brasília, DF, Asa Norte",1,128,4067.15,71,5522.88,2025-11,0.6207,0.7333,18,30,265.89,331.5,4,0,2025-11-24,0.74,265.89,1455.73,atenção
DMS0203,Gramado-Centro-apartamento-TOP-2Q,Carteira 4,RS,"Gramado, RS","Gramado, RS, Bairro Belverede",2,262,13481.52,55,11231.9,2025-11,0.9286,0.7261,26,30,658.04,,0,0,2025-11-24,1.2,1316.08,-2249.620000000001,ok
DPR0002,Balneario_Camboriu-Sul-apartamento-JR-1Q,Carteira 6,SC,"Balneário Camboriú, SC","Balneário Camboriú, SC, Barra",0,255,2800.06,39,1985.43,2025-11,0.7333,0.5453,22,30,151.14,110.0,3,0,2025-11-24,1.41,0.0,-814.6299999999999,ok
EBA0401,Porto_Alegre-Cidade_Baixa-apartamento-JR-1Q,Carteira 4,RS,"Porto Alegre, RS","Porto Alegre, RS, Cidade Baixa",1,723,1543.53,45,2046.26,2025-11,0.5172,0.7061,15,30,128.8,,0,0,2025-11-24,0.75,128.8,502.73,atenção
ECL1902,Curitiba-Centro-apartamento-SUP-1Q,Carteira 4,PR,"Curitiba, PR","Curitiba, PR, Centro",0,142,2724.94,513,2873.2,2025-11,0.7333,0.6692,22,30,150.23,130.0,1,0,2025-11-24,0.95,0.0,148.25999999999976,berlinda
EMM0202,Guarapari-Praia_do_Morro-apartamento-SUP-2Q,Carteira 4,ES,"Guarapari, ES","Guarapari, ES, Praia do Morro",0,418,618.3,46,3182.53,2025-11,0.1,0.5995,3,30,227.0,143.17,6,0,2025-11-24,0.19,0.0,2564.2300000000005,crítico
ESS1004,Goiania-Leste-apartamento-SUP-1Q,Carteira 1_sys-price,GO,"Goiânia, GO","Goiânia, GO, Setor Alto da Glória",0,250,2906.38,82,2407.54,2025-11,0.5667,0.5448,17,30,198.35,210.0,6,27,2025-11-24,1.21,0.0,-498.84000000000015,ok
EVZ0601,Balneario_Camboriu-Norte-apartamento-JR-3Q,Carteira 6,SC,"Balneário Camboriú, SC","Balneário Camboriú, SC, Centro",8,235,1620.74,63,3978.65,2025-11,0.3636,0.4955,8,30,215.5,261.0,3,21,2025-11-24,0.41,1724.0,2357.91,crítico
JMA006,Florianopolis-Jurere_Longe-apartamento-JR-1Q,Carteira 1,SC,"Florianópolis, SC","Florianópolis, SC, Jurerê",2,779,1924.86,47,1965.96,2025-11,0.4286,0.4896,12,30,189.0,125.5,2,0,2025-11-24,0.98,378.0,41.100000000000136,berlinda
MHFB2007,Itapema-Canto_Praia-apartamento-SUP-1Q,Carteira 5,SC,"Itapema, SC","Itapema, SC, Centro",6,381,1488.36,14,2356.68,2025-11,0.25,0.4102,6,30,288.0,288.0,6,30,2025-11-24,0.63,1728.0,868.3199999999999,atenção
NRR128,Balneario_Camboriu-Intermediario-casa-JR-3Q,Carteira 6,SC,"Balneário Camboriú, SC","Balneário Camboriú, SC, Centro",8,890,2250.92,20,3423.89,2025-11,0.6364,0.5299,14,30,187.86,152.33,6,0,2025-11-24,0.66,1502.88,1172.9699999999998,atenção
NWT1010,Especial-NWT-apartamento-MASTER-1Q,Carteira 5,AL,"Maceió, AL","Maceió, AL, Pajuçara",0,192,11799.27,31,6339.75,2025-11,0.8333,0.7564,25,30,620.28,420.0,2,0,2025-11-24,1.86,0.0,-5459.52,ok
PSOA1103,Penha-Beto_Carrero-apartamento-SUP-1Q,Carteira 3,SC,"Penha, SC","Penha, SC, Praia de Armação do Itapocoroi",0,101,3390.68,18,2190.5,2025-11,0.8,0.486,24,30,174.92,153.0,1,0,2025-11-24,1.55,0.0,-1200.1799999999998,ok
RDT0124,Florianopolis-Jurere_Internacional-casa-TOP-4Q,Carteira 1,SC,"Florianópolis, SC","Florianópolis, SC, Jurerê Internacional",12,302,10228.25,9,15087.5,2025-11,0.5556,0.5049,10,30,1361.9,939.0,1,0,2025-11-24,0.68,16342.800000000001,4859.25,atenção
RMM0318,Florianopolis-Ingleses_Centro-apartamento-SUP-1Q,Carteira 1,SC,"Florianópolis, SC","Florianópolis, SC, Ingleses do Rio Vermelho",0,591,2755.62,31,1842.38,2025-11,0.6,0.4456,18,30,206.72,181.8,5,0,2025-11-24,1.5,0.0,-913.2399999999998,ok
SOH1102,Maceio-Ponta_Verde-apartamento-SUP-2Q,Carteira 2,AL,"Maceió, AL","Maceió, AL, Ponta Verde",0,337,6976.35,72,5263.34,2025-11,0.8667,0.7564,26,30,307.42,218.0,4,0,2025-11-24,1.33,0.0,-1713.0100000000002,ok
THO2614,Goiania-Leste-apartamento-SUP-1Q,Carteira 1_sys-price,GO,"Goiânia, GO","Goiânia, GO, Jardim Goiás",2,533,2243.04,82,2407.54,2025-11,0.5714,0.5448,16,30,149.37,150.5,4,19,2025-11-24,0.93,298.74,164.5,berlinda
TRC0410,Florianopolis-UFSC-apartamento-SUP-1Q,Carteira 4,SC,"Florianópolis, SC","Florianópolis, SC, Carvoeira",0,130,3181.31,45,3461.85,2025-11,0.6333,0.6721,19,30,184.89,124.5,2,0,2025-11-24,0.92,0.0,280.53999999999996,berlinda
VGL041,Petropolis-Mosela-casa-JR-3Q,Carteira 4,RJ,"Petrópolis, RJ","Petrópolis, RJ, Mosela",20,856,3103.6,13,4204.44,2025-11,0.4,0.5893,4,30,864.5,145.0,2,0,2025-11-24,0.74,17290.0,1100.8399999999997,atenção
BLS1553,Goiania-Central-apartamento-SUP-1Q,Carteira 1_sys-price,GO,"Goiânia, GO","Goiânia, GO, Setor Marista",0,767,3221.57,162,2535.55,2025-11,0.6667,0.5616,20,30,209.45,158.75,4,8,2025-11-24,1.27,0.0,-686.02,ok
DIA0004,Salvador-Flamengo-apartamento-SUP-2Q,Carteira 2,BA,"Salvador, BA","Salvador, BA, Stella Maris",4,163,1519.04,52,3410.02,2025-11,0.3846,0.6207,10,30,172.2,162.0,6,0,2025-11-24,0.45,688.8,1890.98,crítico
MHF1303,Itapema-Canto_Praia-apartamento-TOP-1Q,Carteira 5,SC,"Itapema, SC","Itapema, SC, Centro",5,478,4290.15,19,3496.4,2025-11,0.92,0.5702,23,30,238.0,,0,0,2025-11-24,1.23,1190.0,-793.7499999999995,ok
NWT0807,Especial-NWT-apartamento-TOP-1Q,Carteira 5,AL,"Maceió, AL","Maceió, AL, Pajuçara",0,325,5927.36,43,5085.72,2025-11,0.7333,0.6637,22,30,322.45,322.0,2,0,2025-11-24,1.17,0.0,-841.6399999999994,ok
OKA0221,Florianopolis-Campeche-apartamento-SUP-1Q,Carteira 1,SC,"Florianópolis, SC","Florianópolis, SC, Campeche",0,200,3499.1,28,3106.87,2025-11,0.6,0.6807,18,30,234.78,238.67,6,0,2025-11-24,1.13,0.0,-392.23,ok
PDAA0611,Camaçari-Jacuipe-casa-SUP-3Q,Carteira 2,BA,"Camaçari, BA","Camaçari, BA, Barra do Jacuípe",7,708,4241.45,14,4644.84,2025-11,0.4348,0.4565,10,30,491.0,455.0,6,26,2025-11-24,0.91,3437.0,403.3900000000003,berlinda
PZD0403,Florianopolis-Itacorubi-apartamento-SUP-2Q,Carteira 4,SC,"Florianópolis, SC","Florianópolis, SC, Itacorubi",5,390,4079.43,18,2498.33,2025-11,1.0,0.5604,25,30,205.12,,0,0,2025-11-24,1.63,1025.6,-1581.1,ok
QUI0225,Pocos_de_Caldas-Geral-apartamento-JR-1Q,Carteira 4,MG,"Poços de Caldas, MG","Poços de Caldas, MG, Cascatinha",0,236,2795.24,26,1488.59,2025-11,0.5,0.3781,15,30,200.07,180.0,1,24,2025-11-24,1.88,0.0,-1306.6499999999999,ok
REL0001,Imbituba-Praia_do_Rosa-casa-JR-1Q,Carteira 6,SC,"Imbituba, SC","Imbituba, SC, Ibiraquera",17,4,0.0,39,1541.63,2025-11,0.0,0.3097,0,30,0.0,500.0,6,30,2025-11-24,0.0,0.0,1541.63,crítico
SFR0412,Bombinhas-Centro-apartamento-SUP-1Q,Carteira 6,SC,"Bombinhas, SC","Bombinhas, SC, Centro",0,37,4561.27,35,3520.7,2025-11,0.9667,0.6125,29,30,191.41,,0,0,2025-11-24,1.3,0.0,-1040.5700000000006,ok
SOA0406,Salvador-Boca_do_Rio-apartamento-SUP-1Q,Carteira 2,BA,"Salvador, BA","Salvador, BA, Boca do Rio",1,148,2502.14,34,3140.34,2025-11,0.6552,0.6738,19,30,156.63,113.67,3,0,2025-11-24,0.8,156.63,638.2000000000003,atenção
SPJ0503,Especial-SPJ-apartamento-TOP-1Q,Carteira 5,SC,"Florianópolis, SC","Florianópolis, SC, Jurerê",0,382,5502.85,16,6452.9,2025-11,0.7667,0.7069,23,30,313.17,252.0,3,0,2025-11-24,0.85,0.0,950.0499999999993,berlinda
STA0305,Gramado-Centro-apartamento-TOP-1Q,Carteira 4,RS,"Gramado, RS","Gramado, RS, Centro",1,78,7923.24,27,8121.75,2025-11,0.8966,0.7321,26,30,418.0,,0,0,2025-11-24,0.98,418.0,198.51000000000022,berlinda
TCO0914,Porto_Alegre-Centro_Historico-apartamento-SUP-1Q,Carteira 4,RS,"Porto Alegre, RS","Porto Alegre, RS, Centro Histórico",1,491,2602.2,77,2393.45,2025-11,0.8621,0.6126,25,30,124.68,120.0,2,0,2025-11-24,1.09,124.68,-208.75,berlinda
TPS211,Florianopolis-Canasvieiras_Meio-apartamento-TOP-1Q,Carteira 1,SC,"Florianópolis, SC","Florianópolis, SC, Canasvieiras",0,809,4051.73,26,4125.61,2025-11,0.7,0.558,21,30,809.24,221.0,1,0,2025-11-24,0.98,0.0,73.87999999999965,berlinda
VST031,Especial-VST-casa-TOP-1Q,Carteira 5,SC,"Anitápolis, SC","Anitápolis, SC, Rio dos Pinheiros",1,123,4833.05,54,3890.57,2025-11,0.7586,0.3016,22,30,267.73,180.0,1,0,2025-11-24,1.24,267.73,-942.48,ok
WBU2607,Goiania-Central-apartamento-TOP-1Q,Carteira 1_sys-price,GO,"Goiânia, GO","Goiânia, GO, Setor Marista",0,747,3052.1,54,3159.15,2025-11,0.6333,0.5673,19,30,196.11,218.0,1,18,2025-11-24,0.97,0.0,107.05000000000018,berlinda
ALU0123,Sao_Paulo-Liberdade-apartamento-JR-2Q,Carteira 4_sys-price,SP,"São Paulo, SP","São Paulo, SP, Cambuci",30,362,0.0,13,3360.63,2025-11,,0.7079,0,30,0.0,,0,0,2025-11-24,0.0,0.0,3360.63,crítico
DPR0006,Balneario_Camboriu-Sul-apartamento-JR-1Q,Carteira 6,SC,"Balneário Camboriú, SC","Balneário Camboriú, SC, Barra",6,235,1966.95,39,1985.43,2025-11,0.7917,0.5453,19,30,122.95,112.5,4,0,2025-11-24,0.99,737.7,18.480000000000018,berlinda
EPK0903,Guara-Geral-apartamento-MASTER-2Q,Especial,DF,"Brasília, DF","Brasília, DF, Zona Indistrial",2,179,7032.15,11,5158.22,2025-11,0.8214,0.6582,23,30,384.04,,0,0,2025-11-24,1.36,768.08,-1873.9299999999994,ok
ETY0024,Balneario_Camboriu-Centro-apartamento-JR-3Q,Carteira 6,SC,"Balneário Camboriú, SC","Balneário Camboriú, SC, Centro",7,323,4759.22,50,3982.05,2025-11,0.8261,0.4873,19,30,304.37,130.0,2,0,2025-11-24,1.2,2130.59,-777.1700000000001,ok
IFT0903,Itapema-Meia_Praia-Norte-apartamento-TOP-1Q,Carteira 6,SC,"Itapema, SC","Itapema, SC, Meia Praia",0,4,3555.64,32,3277.09,2025-11,0.8667,0.4396,26,30,182.54,189.67,3,0,2025-11-24,1.08,0.0,-278.5499999999997,berlinda
ILC2415,Especial-ILC-hotel-TOP-1Q,Especial,SC,"Florianópolis, SC","Florianópolis, SC, Jurerê Internacional",2,827,10921.71,30,11771.46,2025-11,0.7143,0.7857,20,30,672.4,391.5,2,0,2025-11-24,0.93,1344.8,849.75,berlinda
JPR410,Especial-JPR-apartamento-TOP-3Q,Carteira 1,SC,"Florianópolis, SC","Florianópolis, SC, Jurerê",0,478,10279.32,22,7940.06,2025-11,0.8,0.512,24,30,536.58,666.0,2,0,2025-11-24,1.29,0.0,-2339.2599999999993,ok
LUP0302,Barra_Velha-Itajuba-apartamento-SUP-3Q,Carteira 3,SC,"Barra Velha, SC","Barra Velha, SC, Itajubá",0,78,830.36,57,1928.98,2025-11,0.1333,0.3592,4,30,227.25,179.67,6,0,2025-11-24,0.43,0.0,1098.62,crítico
MHF1804,Itapema-Canto_Praia-apartamento-TOP-1Q,Carteira 5,SC,"Itapema, SC","Itapema, SC, Centro",2,453,1066.23,19,3496.4,2025-11,0.1429,0.5702,4,30,322.5,300.0,6,28,2025-11-24,0.3,645.0,2430.17,crítico
MUT0036,Santa_Cruz_Cabralia-Coroa_Vermelha-apartamento-SUP-3Q,Carteira 2,BA,"Santa Cruz Cabrália, BA","Santa Cruz Cabrália, BA, Coroa Vermelha",5,444,4420.06,21,2676.44,2025-11,0.8,0.3046,20,30,286.05,,0,0,2025-11-24,1.65,1430.25,-1743.6200000000003,ok
NWTA0608,Especial-NWT-apartamento-MASTER-1Q,Carteira 5,AL,"Maceió, AL","Maceió, AL, Pajuçara",0,208,4598.0,31,6339.75,2025-11,0.4333,0.7564,13,30,431.46,375.0,2,0,2025-11-24,0.73,0.0,1741.75,atenção
PSO0306,Penha-Beto_Carrero-apartamento-SUP-1Q,Carteira 3,SC,"Penha, SC","Penha, SC, Praia de Armação do Itapocoroi",0,152,1809.21,18,2190.5,2025-11,0.3,0.486,9,30,224.56,172.5,6,13,2025-11-24,0.83,0.0,381.28999999999996,berlinda
PSOB1101,Penha-Beto_Carrero-apartamento-SUP-1Q,Carteira 3,SC,"Penha, SC","Penha, SC, Praia de Armação do Itapocoroi",0,116,3823.04,18,2190.5,2025-11,0.7,0.486,21,30,189.0,,0,0,2025-11-24,1.75,0.0,-1632.54,ok
RDT1004,Balneario_Camboriu-Centro-apartamento-SUP-2Q,Carteira 6,SC,"Balneário Camboriú, SC","Balneário Camboriú, SC, Centro",1,52,5287.92,84,4487.49,2025-11,1.0,0.5505,29,30,257.83,,0,0,2025-11-24,1.18,257.83,-800.4300000000003,ok
RHL0302,Florianopolis-Ingleses_Centro-apartamento-TOP-3Q,Carteira 1,SC,"Florianópolis, SC","Florianópolis, SC, Ingleses do Rio Vermelho",7,271,3874.61,48,6389.39,2025-11,0.6957,0.4898,16,30,296.13,300.83,6,0,2025-11-24,0.61,2072.91,2514.78,atenção
RUP0804,Blumenau-Central-apartamento-SUP-1Q,Carteira 4,SC,"Blumenau, SC","Blumenau, SC, Escola Agrícola",0,401,2452.18,67,1442.36,2025-11,0.7667,0.3663,23,30,125.09,124.0,4,0,2025-11-24,1.7,0.0,-1009.8199999999999,ok
SDR007,Florianopolis-Lagoa-apartamento-JR-1Q,Carteira 1,SC,"Florianópolis, SC","Florianópolis, SC, Lagoa da Conceição",0,1571,3061.44,24,3922.68,2025-11,0.8,0.7427,24,30,158.17,,0,0,2025-11-24,0.78,0.0,861.2399999999998,atenção
SGA202,Florianopolis-Jurere_Longe-apartamento-JR-2Q,Carteira 1,SC,"Florianópolis, SC","Florianópolis, SC, Jurerê Internacional",2,1874,3108.83,21,3322.23,2025-11,0.5714,0.4815,16,30,229.56,180.0,2,0,2025-11-24,0.94,459.12,213.4000000000001,berlinda
TBS106,Florianopolis-Novo_Campeche-apartamento-MASTER-1Q,Carteira 1,SC,"Florianópolis, SC","Florianópolis, SC, Campeche",3,949,8376.15,63,6703.75,2025-11,0.7407,0.6434,20,30,515.4,421.0,2,0,2025-11-24,1.25,1546.1999999999998,-1672.3999999999996,ok
TCO0612,Porto_Alegre-Centro_Historico-apartamento-SUP-1Q,Carteira 4,RS,"Porto Alegre, RS","Porto Alegre, RS, Centro Histórico",1,564,2598.9,77,2393.45,2025-11,0.8966,0.6126,26,30,120.0,,0,0,2025-11-24,1.09,120.0,-205.45000000000027,berlinda
TXP0919,Goiania-Central-apartamento-TOP-2Q,Carteira 1_sys-price,GO,"Goiânia, GO","Goiânia, GO, Setor Bueno",0,211,5359.32,15,3249.98,2025-11,0.8,0.4187,24,30,276.04,208.0,1,0,2025-11-24,1.65,0.0,-2109.3399999999997,ok
TXP1804,Goiania-Central-apartamento-SUP-1Q,Carteira 1_sys-price,GO,"Goiânia, GO","Goiânia, GO, Setor Bueno",0,772,3073.38,162,2535.55,2025-11,0.8667,0.5616,26,30,161.13,167.5,4,8,2025-11-24,1.21,0.0,-537.8299999999999,ok
UPP0217,Curitiba-Centro-apartamento-JR-1Q,Carteira 4,PR,"Curitiba, PR","Curitiba, PR, Alto da XV",3,10,1278.05,289,2479.88,2025-11,0.4074,0.6885,11,30,133.36,130.0,6,0,2025-11-24,0.52,400.08000000000004,1201.8300000000002,atenção
VEC117,Bombinhas-Centro-apartamento-SUP-1Q,Carteira 6,SC,"Bombinhas, SC","Bombinhas, SC, Centro",0,535,5148.21,35,3520.7,2025-11,0.9,0.6125,27,30,205.74,205.0,1,0,2025-11-24,1.46,0.0,-1627.5100000000002,ok
VFR504,Bombinhas-Bombas-apartamento-TOP-1Q,Especial,SC,"Bombinhas, SC","Bombinhas, SC, Bombas",0,754,5058.44,90,2594.34,2025-11,0.9,0.4047,27,30,233.22,,0,9,2025-11-24,1.95,0.0,-2464.0999999999995,ok
VPD0605,Florianopolis-Beira_Mar-apartamento-TOP-1Q,Carteira 4,SC,"Florianópolis, SC","Florianópolis, SC, Agronômica",0,200,5930.08,19,6378.82,2025-11,0.9,0.7167,27,30,287.33,,0,0,2025-11-24,0.93,0.0,448.7399999999998,berlinda
BVA0705,Sao_Paulo-Republica-apartamento-SUP-1Q,Carteira 4_sys-price,SP,"São Paulo, SP",Sao_Paulo-Republica,0,387,2191.22,470,3552.85,2025-11,0.6333,0.7444,19,30,143.58,130.5,2,0,2025-11-24,0.62,0.0,1361.63,atenção
BVT0418,Brasilia-Lago_Norte-apartamento-JR-1Q,Carteira 1,DF,"Brasília, DF","Brasília, DF, Lago Norte",1,337,3430.07,25,2728.99,2025-11,0.8276,0.8081,24,30,185.54,147.0,1,0,2025-11-24,1.26,185.54,-701.0800000000004,ok
CNB008,Especial-CNB-casa-TOP-1Q,Especial,SP,"Campos do Jordão, SP","Campos do Jordão, SP, Jardim Europa",1,591,11519.3,18,5690.11,2025-11,0.7241,0.6166,21,30,597.57,320.0,2,7,2025-11-24,2.02,597.57,-5829.19,meta_subestimada
CND0204,Florianopolis-Ponta_Das_Canas-apartamento-JR-3Q,Carteira 1,SC,"Florianópolis, SC","Florianópolis, SC, Ponta das Canas",7,59,2125.61,80,3411.24,2025-11,0.3478,0.482,8,30,358.88,279.0,6,0,2025-11-24,0.62,2512.16,1285.6299999999997,atenção
CRM0212,Florianopolis-Canto_da_Lagoa-apartamento-SUP-2Q,Carteira 1,SC,"Florianópolis, SC","Florianópolis, SC, Canto da Lagoa",0,298,3435.27,16,3815.33,2025-11,0.5,0.456,15,30,284.0,261.0,6,0,2025-11-24,0.9,0.0,380.05999999999995,berlinda
ELF0408,Bombinhas-Bombas-apartamento-SUP-1Q,Especial,SC,"Bombinhas, SC","Bombinhas, SC, José Amândio",3,164,2183.72,45,3072.04,2025-11,0.4074,0.4924,11,30,228.0,385.33,6,30,2025-11-24,0.71,684.0,888.3200000000002,atenção
GDI268,Florianopolis-Canasvieiras_Perto-apartamento-SIM-1Q,Carteira 1,SC,"Florianópolis, SC","Florianópolis, SC, Canasvieiras",0,808,1721.88,13,1419.0,2025-11,0.3,0.414,9,30,223.0,148.67,6,0,2025-11-24,1.21,0.0,-302.8800000000001,ok
ILC2403,Especial-ILC-hotel-JR-1Q,Especial,SC,"Florianópolis, SC","Florianópolis, SC, Jurerê Internacional",0,1779,13032.84,17,10796.7,2025-11,0.6667,0.6721,20,30,717.48,422.5,4,0,2025-11-24,1.21,0.0,-2236.1399999999994,ok
MOR0402,Florianopolis-Jurere_Tradicional-apartamento-TOP-3Q,Carteira 1,SC,"Florianópolis, SC","Florianópolis, SC, Jurerê",16,691,7126.74,19,9386.02,2025-11,0.9286,0.5468,13,30,768.62,,0,0,2025-11-24,0.76,12297.92,2259.2800000000007,atenção
NOR0201,Brasilia-Asa_Norte-apartamento-JR-1Q,Carteira 1_sys-price,DF,"Brasília, DF","Brasília, DF, Asa Norte",0,767,4389.19,175,3156.74,2025-11,0.8,0.8025,24,30,208.88,,0,0,2025-11-24,1.39,0.0,-1232.4499999999998,ok
NWT0617,Especial-NWT-apartamento-TOP-1Q,Carteira 5,AL,"Maceió, AL","Maceió, AL, Pajuçara",0,215,5682.52,43,5085.72,2025-11,0.7667,0.6637,23,30,307.7,264.0,4,0,2025-11-24,1.12,0.0,-596.8000000000002,ok
RPR056,Penha-Praia-casa-JR-3Q,Carteira 6,SC,"Penha, SC","Penha, SC, penha",0,640,1885.51,28,3102.15,2025-11,0.3333,0.5377,10,30,230.5,140.0,3,0,2025-11-24,0.61,0.0,1216.64,atenção
RTS0903,Balneario_Picarras-Geral-apartamento-TOP-2Q,Carteira 6,SC,"Balneário Piçarras, SC","Balneário Piçarras, SC, Centro",0,276,5017.66,41,2627.78,2025-11,0.9,0.3938,27,30,219.52,161.0,1,0,2025-11-24,1.91,0.0,-2389.8799999999997,ok
SOV0002,Mata_de_Sao_Joao-Praia_Imbassai-casa-SUP-2Q,Carteira 2,BA,"Mata de São João, BA","Mata de São João, BA, Imbassaí",6,95,1840.91,14,3078.88,2025-11,0.375,0.4813,9,30,247.11,252.0,6,0,2025-11-24,0.6,1482.66,1237.97,atenção
SSG0413,Florianopolis-UFSC-apartamento-TOP-1Q,Carteira 4,SC,"Florianópolis, SC","Florianópolis, SC, Córrego Grande",0,30,5044.85,17,3684.75,2025-11,0.7667,0.6764,23,30,285.57,,0,0,2025-11-24,1.37,0.0,-1360.1000000000004,ok
TXP0608,Goiania-Central-apartamento-SUP-1Q,Carteira 1_sys-price,GO,"Goiânia, GO","Goiânia, GO, Setor Bueno",0,757,3391.36,162,2535.55,2025-11,0.9,0.5616,27,30,158.26,,0,0,2025-11-24,1.34,0.0,-855.81,ok
VAR0302,Ilheus-Sul-apartamento-SUP-2Q,Carteira 2,BA,"Ilhéus, BA","Ilhéus, BA, Nossa Senhora da Vitória",7,248,1823.68,39,2676.44,2025-11,0.5217,0.3785,12,30,175.5,186.5,4,0,2025-11-24,0.68,1228.5,852.76,atenção
VEC121,Bombinhas-Centro-apartamento-SUP-1Q,Carteira 6,SC,"Bombinhas, SC","Bombinhas, SC, Centro",1,1040,4170.1,35,3520.7,2025-11,0.931,0.6125,27,30,180.22,,0,0,2025-11-24,1.18,180.22,-649.4000000000005,ok
YOU1203,Sao_Paulo-Pinheiros-apartamento-TOP-1Q,Carteira 4_sys-price,SP,"São Paulo, SP","São Paulo, SP, Jardim Paulistano",0,410,5888.33,280,5571.86,2025-11,0.8333,0.7295,25,30,297.48,205.0,1,0,2025-11-24,1.06,0.0,-316.47000000000025,berlinda
BOU201,Florianopolis-Canasvieiras_Meio-apartamento-SIM-1Q,Carteira 1,SC,"Florianópolis, SC","Florianópolis, SC, Canasvieiras",5,1698,789.22,51,1401.48,2025-11,0.32,0.4157,8,30,140.63,121.5,4,0,2025-11-24,0.56,703.15,612.26,atenção
CCM004,Bombinhas-Mariscal-casa-JR-3Q,Carteira 6,SC,"Bombinhas, SC","Bombinhas, SC, Canto Grande",0,1432,4946.78,15,2627.78,2025-11,0.9333,0.3245,28,30,210.75,,0,0,2025-11-24,1.88,0.0,-2318.9999999999995,ok
CDV042,Ubatuba-Estufa-apartamento-JR-2Q,Carteira 4,SP,"Ubatuba, SP","Ubatuba, SP, Estufa II",0,799,2955.14,14,4403.96,2025-11,0.6333,0.5459,19,30,183.95,171.0,1,0,2025-11-24,0.67,0.0,1448.8200000000002,atenção
CLR314,Brasilia-Vila_Planalto-apartamento-SUP-1Q,Carteira 1_sys-price,DF,"Brasília, DF","Brasília, DF, Asa Norte",0,641,6763.02,71,5522.88,2025-11,0.9667,0.7333,29,30,311.45,,0,0,2025-11-24,1.22,0.0,-1240.1400000000003,ok
EKO0008,Camaçari-Itacimirim-apartamento-SUP-2Q,Carteira 2,BA,"Camaçari, BA","Camaçari, BA, Santa Maria",3,71,3561.48,27,2919.75,2025-11,0.6667,0.3963,18,30,250.89,200.0,3,0,2025-11-24,1.22,752.67,-641.73,ok
ELM701,Balneario_Camboriu-Intermediario-apartamento-JR-3Q,Carteira 6,SC,"Balneário Camboriú, SC","Balneário Camboriú, SC, Centro",8,794,4175.56,20,3423.89,2025-11,0.8182,0.5354,18,30,269.89,189.0,3,0,2025-11-24,1.22,2159.12,-751.6700000000005,ok
EVA1005,Florianopolis-Centrao-apartamento-JR-1Q,Carteira 4,SC,"Florianópolis, SC","Florianópolis, SC, Centro",6,383,3229.8,72,3484.62,2025-11,0.9167,0.6339,22,30,170.41,,0,0,2025-11-24,0.93,1022.46,254.8199999999997,berlinda
GEN0102,Balneario_Camboriu-Longe-apartamento-JR-2Q,Carteira 6,SC,"Balneário Camboriú, SC","Balneário Camboriú, SC, Nações",0,131,4191.55,29,1951.37,2025-11,0.9667,0.4913,29,30,172.59,,0,0,2025-11-24,2.15,0.0,-2240.1800000000003,meta_subestimada
JBM202,Florianopolis-Jurere_Tradicional-apartamento-TOP-1Q,Carteira 1,SC,"Florianópolis, SC","Florianópolis, SC, Jurerê",4,1971,4946.52,19,6996.21,2025-11,0.6538,0.704,17,30,372.35,394.5,2,0,2025-11-24,0.71,1489.4,2049.6899999999996,atenção
JBV152,Especial-JBV-hotel-TOP-1Q,Especial,SC,"Florianópolis, SC","Florianópolis, SC, Jurerê",0,1121,9036.72,34,11467.8,2025-11,0.6,0.7407,18,30,719.17,850.0,2,0,2025-11-24,0.79,0.0,2431.08,atenção
JBV265,Especial-JBV-hotel-JR-1Q,Especial,SC,"Florianópolis, SC","Florianópolis, SC, Jurerê",1,1927,9793.04,27,10333.97,2025-11,0.7586,0.693,22,30,547.27,,0,0,2025-11-24,0.95,547.27,540.9299999999985,berlinda
JDE792,Florianopolis-Campeche-casa-SUP-3Q,Carteira 1,SC,"Florianópolis, SC","Florianópolis, SC, Campeche",10,486,7843.06,22,4140.45,2025-11,0.8,0.501,16,30,648.81,,0,15,2025-11-24,1.89,6488.099999999999,-3702.6100000000006,ok
MHFA0605,Itapema-Canto_Praia-apartamento-SUP-1Q,Carteira 5,SC,"Itapema, SC","Itapema, SC, Centro",0,374,3629.4,14,2356.68,2025-11,0.7,0.4102,21,30,193.86,234.2,5,0,2025-11-24,1.54,0.0,-1272.7200000000003,ok
MPK0119,Brasilia-Asa_Sul-apartamento-JR-1Q,Carteira 1_sys-price,DF,"Brasília, DF","Brasília, DF, Asa Sul",0,400,4466.52,231,3464.77,2025-11,0.8667,0.7954,26,30,219.38,,0,0,2025-11-24,1.29,0.0,-1001.7500000000005,ok
NWT0313,Especial-NWT-apartamento-TOP-1Q,Carteira 5,AL,"Maceió, AL","Maceió, AL, Pajuçara",30,379,0.0,43,5085.72,2025-11,,0.6637,0,30,0.0,,0,0,2025-11-24,0.0,0.0,5085.72,crítico
NWT0923,Especial-NWT-apartamento-TOP-1Q,Carteira 5,AL,"Maceió, AL","Maceió, AL, Pajuçara",1,221,5616.47,43,5085.72,2025-11,0.7931,0.6637,23,30,288.83,264.0,4,0,2025-11-24,1.1,288.83,-530.75,ok
PRJ003,Imbituba-Praia_do_Rosa-casa-SIM-1Q,Carteira 6,SC,"Imbituba, SC","Imbituba, SC, Ibiraquera",0,1241,917.69,52,1039.43,2025-11,0.3667,0.3751,11,30,94.55,90.0,1,0,2025-11-24,0.88,0.0,121.74000000000001,berlinda
RFY0025,Florianopolis-Itacorubi-apartamento-SUP-2Q,Carteira 4,SC,"Florianópolis, SC","Florianópolis, SC, Itacorubi",1,204,3589.07,18,2498.33,2025-11,0.5517,0.5604,16,30,272.44,169.33,3,0,2025-11-24,1.44,272.44,-1090.7400000000002,ok
SFR0301,Bombinhas-Centro-apartamento-SUP-1Q,Carteira 6,SC,"Bombinhas, SC","Bombinhas, SC, Centro",0,37,4814.31,35,3520.7,2025-11,0.8667,0.6125,26,30,225.81,,0,0,2025-11-24,1.37,0.0,-1293.6100000000006,ok
TCO1106,Porto_Alegre-Centro_Historico-apartamento-SUP-1Q,Carteira 4,RS,"Porto Alegre, RS","Porto Alegre, RS, Centro Histórico",0,397,2784.06,77,2393.45,2025-11,0.8667,0.6126,26,30,132.88,,0,0,2025-11-24,1.16,0.0,-390.6100000000001,ok
TPS201,Florianopolis-Canasvieiras_Meio-apartamento-TOP-1Q,Carteira 1,SC,"Florianópolis, SC","Florianópolis, SC, Canasvieiras",0,926,4028.65,26,4125.61,2025-11,0.7667,0.558,23,30,222.35,,0,0,2025-11-24,0.98,0.0,96.95999999999958,berlinda
TPS208,Florianopolis-Canasvieiras_Meio-apartamento-TOP-1Q,Carteira 1,SC,"Florianópolis, SC","Florianópolis, SC, Canasvieiras",0,1030,2103.06,26,4125.61,2025-11,0.4333,0.558,13,30,189.85,248.0,6,0,2025-11-24,0.51,0.0,2022.5499999999997,atenção
UML0103,Bombinhas-Mariscal-apartamento-TOP-2Q,Carteira 6,SC,"Bombinhas, SC","Bombinhas, SC, Mariscal",0,485,6357.8,13,2287.14,2025-11,1.0,0.3531,30,30,257.87,,0,0,2025-11-24,2.78,0.0,-4070.6600000000003,meta_subestimada
VGZ0001,Imbituba-Praia_do_Rosa-casa-SUP-1Q,Carteira 6,SC,"Imbituba, SC","Imbituba, SC, Ibiraquera",4,620,3427.49,44,2841.89,2025-11,0.8846,0.4208,23,30,198.17,,0,0,2025-11-24,1.21,792.68,-585.5999999999999,ok
VIM0602,Itapema-Praia_Itapema-apartamento-TOP-3Q,Carteira 6,SC,"Itapema, SC","Itapema, SC, Andorinha",6,178,5086.05,32,3812.15,2025-11,0.875,0.386,21,30,288.33,180.0,1,0,2025-11-24,1.33,1729.98,-1273.9,ok
CLC0104,Florianopolis-Rio_Tavares-apartamento-SUP-2Q,Carteira 1,SC,"Florianópolis, SC","Florianópolis, SC, Campeche Central",0,19,3625.17,10,3938.99,2025-11,0.6667,0.5042,20,30,207.75,214.75,4,0,2025-11-24,0.92,0.0,313.8199999999997,berlinda
COL102,Bombinhas-Bombas-apartamento-SUP-3Q,Carteira 6,SC,"Bombinhas, SC","Bombinhas, SC, Bombas",7,1094,4419.77,24,2859.23,2025-11,0.9565,0.4288,22,30,281.27,228.0,1,0,2025-11-24,1.55,1968.8899999999999,-1560.5400000000004,ok
CON0101,Itapema-Meia_Praia-Norte-apartamento-SUP-3Q,Carteira 6,SC,"Itapema, SC","Itapema, SC, Meia Praia",5,262,6035.92,46,2624.86,2025-11,0.64,0.3796,16,30,427.5,390.0,3,24,2025-11-24,2.3,2137.5,-3411.06,meta_subestimada
CST0905,Itajai-Centro-apartamento-JR-1Q,Carteira 6,SC,"Itajaí, SC","Itajaí, SC, Centro",3,116,2335.22,13,2094.43,2025-11,0.7778,0.5748,21,30,131.24,124.0,2,0,2025-11-24,1.11,393.72,-240.78999999999996,ok
CZZ0304,Urubici-Geral-apartamento-SUP-1Q,Especial,SC,"Urubici, SC","Urubici, SC, Centro",0,213,974.3,55,1722.65,2025-11,0.1667,0.2319,5,30,237.6,164.67,6,0,2025-11-24,0.57,0.0,748.3500000000001,atenção
DLH0302,Gramado-Centro-apartamento-TOP-2Q,Carteira 4,RS,"Gramado, RS","Gramado, RS, Centro",1,479,12656.14,55,11231.9,2025-11,0.9655,0.7261,28,30,591.86,,0,0,2025-11-24,1.13,591.86,-1424.2399999999998,ok
DNAG1701,Goiania-Central-apartamento-TOP-1Q,Carteira 1_sys-price,GO,"Goiânia, GO","Goiânia, GO, Setor Bueno",0,747,3136.96,54,3159.15,2025-11,0.6667,0.5673,20,30,188.15,172.33,3,14,2025-11-24,0.99,0.0,22.190000000000055,berlinda
DNAG1702,Goiania-Central-apartamento-TOP-1Q,Carteira 1_sys-price,GO,"Goiânia, GO","Goiânia, GO, Setor Bueno",0,107,3251.29,54,3159.15,2025-11,0.7333,0.5673,22,30,180.77,174.5,2,7,2025-11-24,1.03,0.0,-92.13999999999987,berlinda
EDF1605,Salvador-Ondina_Rio_Vermelho-apartamento-TOP-1Q,Carteira 2,BA,"Salvador, BA","Salvador, BA, Rio Vermelho",1,75,3084.5,35,4613.2,2025-11,0.5862,0.7196,17,30,235.24,150.0,1,0,2025-11-24,0.67,235.24,1528.6999999999998,atenção
EUB1602,Salvador-Barra-apartamento-SUP-1Q,Carteira 2,BA,"Salvador, BA","Salvador, BA, Barra",9,285,2476.14,212,4248.24,2025-11,0.8095,0.7112,17,30,190.41,,0,0,2025-11-24,0.58,1713.69,1772.1,atenção
FDL103,Bombinhas-Bombas-apartamento-SUP-2Q,Carteira 6,SC,"Bombinhas, SC","Bombinhas, SC, Bombas",0,1243,4263.91,82,2339.42,2025-11,0.9333,0.3831,28,30,189.32,,0,0,2025-11-24,1.82,0.0,-1924.4899999999998,ok
HFO0208,Salvador-UFBA-apartamento-SUP-1Q,Carteira 2,BA,"Salvador, BA","Salvador, BA, Federação",0,60,2830.84,453,3891.05,2025-11,0.7667,0.705,23,30,153.61,140.0,5,0,2025-11-24,0.73,0.0,1060.21,atenção
JMA125,Florianopolis-Jurere_Longe-apartamento-JR-1Q,Carteira 1,SC,"Florianópolis, SC","Florianópolis, SC, Jurerê",0,205,998.43,47,1965.96,2025-11,0.2333,0.4896,7,30,207.43,135.0,3,0,2025-11-24,0.51,0.0,967.5300000000001,atenção
JRR303,Florianopolis-Jurere_Tradicional-apartamento-TOP-2Q,Carteira 1,SC,"Florianópolis, SC","Florianópolis, SC, Jurerê",1,1431,7974.52,20,10464.65,2025-11,0.6897,0.6843,20,30,561.7,570.5,6,0,2025-11-24,0.76,561.7,2490.129999999999,atenção
LIV1004,Salvador-Graca-apartamento-TOP-1Q,Especial,BA,"Salvador, BA","Salvador, BA, Vitória",0,157,4409.71,15,3658.61,2025-11,0.6667,0.6726,20,30,245.8,246.0,2,19,2025-11-24,1.21,0.0,-751.0999999999999,ok
MCB0807,Balneario_Picarras-Geral-apartamento-SUP-2Q,Carteira 6,SC,"Balneário Piçarras, SC","Balneário Piçarras, SC, itacolomi",3,130,1220.65,85,1751.85,2025-11,0.4074,0.3621,11,30,136.73,105.0,3,0,2025-11-24,0.7,410.18999999999994,531.1999999999998,atenção
MHF1002,Itapema-Canto_Praia-apartamento-TOP-2Q,Carteira 5,SC,"Itapema, SC","Itapema, SC, Centro",17,309,1535.88,14,3147.32,2025-11,0.4615,0.4145,6,30,324.0,276.33,6,23,2025-11-24,0.49,5508.0,1611.44,crítico
MHFA2007,Itapema-Canto_Praia-apartamento-SUP-1Q,Carteira 5,SC,"Itapema, SC","Itapema, SC, Centro",6,381,1008.38,14,2356.68,2025-11,0.1667,0.4102,4,30,288.0,288.0,6,30,2025-11-24,0.43,1728.0,1348.2999999999997,crítico
NWT0404,Especial-NWT-apartamento-TOP-1Q,Carteira 5,AL,"Maceió, AL","Maceió, AL, Pajuçara",0,93,5133.15,43,5085.72,2025-11,0.6333,0.6637,19,30,327.05,294.0,6,0,2025-11-24,1.01,0.0,-47.42999999999938,berlinda
NWT0920,Especial-NWT-apartamento-TOP-1Q,Carteira 5,AL,"Maceió, AL","Maceió, AL, Pajuçara",2,214,4592.56,43,5085.72,2025-11,0.6786,0.6637,19,30,293.11,250.0,2,0,2025-11-24,0.9,586.22,493.15999999999985,berlinda
NWT0924,Especial-NWT-apartamento-TOP-1Q,Carteira 5,AL,"Maceió, AL","Maceió, AL, Pajuçara",0,214,5810.04,43,5085.72,2025-11,0.6,0.6637,18,30,469.33,,0,19,2025-11-24,1.14,0.0,-724.3199999999997,ok
NWT1007,Especial-NWT-apartamento-TOP-1Q,Carteira 5,AL,"Maceió, AL","Maceió, AL, Pajuçara",0,199,4293.38,43,5085.72,2025-11,0.5667,0.6637,17,30,313.18,296.8,5,0,2025-11-24,0.84,0.0,792.3400000000001,berlinda
NWT1323,Especial-NWT-apartamento-TOP-1Q,Carteira 5,AL,"Maceió, AL","Maceió, AL, Pajuçara",0,284,3854.73,43,5085.72,2025-11,0.5,0.6637,15,30,298.87,294.0,6,0,2025-11-24,0.76,0.0,1230.9900000000002,atenção
PRN0003,Imbituba-Praia_do_Rosa-casa-JR-2Q,Carteira 6,SC,"Imbituba, SC","Imbituba, SC, Ibiraquera",1,176,2476.91,43,1854.04,2025-11,0.6552,0.3064,19,30,152.32,110.0,1,0,2025-11-24,1.34,152.32,-622.8699999999999,ok
SMT1121,Salvador-Boca_do_Rio-apartamento-TOP-1Q,Carteira 2,BA,"Salvador, BA","Salvador, BA, Jardim Armação",0,32,4623.94,17,3548.18,2025-11,0.8667,0.6989,26,30,223.54,,0,0,2025-11-24,1.3,0.0,-1075.7599999999998,ok
SOA0602,Salvador-Boca_do_Rio-apartamento-SUP-2Q,Carteira 2,BA,"Salvador, BA","Salvador, BA, Boca do Rio",0,449,4359.55,17,3548.18,2025-11,0.8333,0.6989,25,30,216.36,130.0,1,0,2025-11-24,1.23,0.0,-811.3700000000003,ok
SOA0608,Salvador-Boca_do_Rio-apartamento-SUP-1Q,Carteira 2,BA,"Salvador, BA","Salvador, BA, Boca do Rio",0,330,2897.92,34,3140.34,2025-11,0.8,0.6738,24,30,149.58,114.5,2,0,2025-11-24,0.92,0.0,242.42000000000007,berlinda
STP0903,Guarapari-Centro-apartamento-SUP-2Q,Carteira 4,ES,"Guarapari, ES","Guarapari, ES, Centro",1,150,517.5,27,2043.83,2025-11,0.1034,0.4215,3,30,205.0,164.33,6,0,2025-11-24,0.25,205.0,1526.33,crítico
TCO0409,Porto_Alegre-Centro_Historico-apartamento-SUP-1Q,Carteira 4,RS,"Porto Alegre, RS","Porto Alegre, RS, Centro Histórico",0,487,2759.64,77,2393.45,2025-11,0.8667,0.6126,26,30,121.88,,0,0,2025-11-24,1.15,0.0,-366.19000000000005,ok
TDB0101,Florianopolis-Ingleses_Norte-apartamento-SUP-2Q,Carteira 1,SC,"Florianópolis, SC","Florianópolis, SC, Ingleses Norte",2,288,3717.81,86,2552.46,2025-11,0.5714,0.3604,16,30,303.37,260.0,6,0,2025-11-24,1.46,606.74,-1165.35,ok
TPS106,Florianopolis-Canasvieiras_Meio-apartamento-TOP-1Q,Carteira 1,SC,"Florianópolis, SC","Florianópolis, SC, Canasvieiras",1,1017,2724.13,26,4125.61,2025-11,0.6207,0.558,18,30,220.22,,0,0,2025-11-24,0.66,220.22,1401.4799999999996,atenção
UPP0614,Curitiba-Centro-apartamento-JR-1Q,Carteira 4,PR,"Curitiba, PR","Curitiba, PR, Alto da XV",2,26,2573.0,289,2479.88,2025-11,0.75,0.6885,21,30,157.29,,0,0,2025-11-24,1.04,314.58,-93.11999999999989,berlinda
VNVA0801,Itapema-Praia_Centro-apartamento-SUP-2Q,Carteira 6,SC,"Itapema, SC","Itapema, SC, Tabuleiro dos Oliveiras",0,164,3889.38,21,2987.88,2025-11,0.8667,0.4559,26,30,184.96,,0,0,2025-11-24,1.3,0.0,-901.5,ok
ZAH0811,Sao_Paulo-Bela_Vista-apartamento-TOP-1Q,Carteira 4_sys-price,SP,"São Paulo, SP","São Paulo, SP, Paraíso",4,120,6056.31,230,4695.93,2025-11,0.9615,0.7432,25,30,303.6,,0,0,2025-11-24,1.29,1214.4,-1360.38,ok
AAP1405,Salvador-Caminho_Das_Arvores-apartamento-SUP-1Q,Carteira 2,BA,"Salvador, BA","Salvador, BA, Caminho das Árvores",2,225,2869.43,43,3338.25,2025-11,0.7857,0.7164,22,30,155.09,158.0,1,0,2025-11-24,0.86,310.18,468.82000000000016,berlinda
BLN0802,Porto_Belo-Geral-apartamento-SUP-2Q,Carteira 6,SC,"Porto Belo, SC","Porto Belo, SC, Perequê",2,697,3993.42,36,1884.19,2025-11,0.9286,0.3871,26,30,182.12,158.0,1,0,2025-11-24,2.12,364.24,-2109.23,meta_subestimada
BSO0201,Itajai-Praia_Brava-apartamento-SUP-1Q,Carteira 6,SC,"Balneário Camboriú, SC","Balneário Camboriú, SC, Praia dos Amores",0,57,3550.51,12,2794.44,2025-11,0.8333,0.5466,25,30,165.16,,0,0,2025-11-24,1.27,0.0,-756.0700000000002,ok
CPR0108,Marau-Barra_Grande-apartamento-SUP-1Q,Carteira 2,BA,"Maraú, BA","Maraú, BA, Barra Grande",2,528,0.0,14,1598.56,2025-11,0.0,0.2925,0,30,0.0,300.0,6,20,2025-11-24,0.0,0.0,1598.56,crítico
CSD0403,Bombinhas-Bombas-apartamento-SUP-3Q,Carteira 6,SC,"Bombinhas, SC","Bombinhas, SC, Bombas",8,470,5522.64,24,2859.23,2025-11,0.9091,0.4288,20,30,370.3,152.0,1,0,2025-11-24,1.93,2962.4,-2663.4100000000003,ok
DAC0202,Florianopolis-Estreito-apartamento-SUP-1Q,Carteira 4,SC,"Florianópolis, SC","Florianópolis, SC, Estreito",2,101,1595.14,24,2685.93,2025-11,0.4643,0.6316,13,30,149.46,110.0,1,0,2025-11-24,0.59,298.92,1090.7899999999997,atenção
DIO0507,Sao_Paulo-Pompeia-apartamento-SUP-1Q,Carteira 4,SP,"São Paulo, SP","São Paulo, SP, Pompeia",2,59,2169.47,71,3769.75,2025-11,0.5714,0.5545,16,30,174.63,148.33,6,0,2025-11-24,0.58,349.26,1600.2800000000002,atenção
EFE0803,Guarapari-Praia_do_Morro-apartamento-SUP-3Q,Carteira 4,ES,"Guarapari, ES","Guarapari, ES, Praia do Morro",17,631,1417.03,96,3182.45,2025-11,0.3846,0.4683,5,30,343.2,325.0,5,0,2025-11-24,0.45,5834.4,1765.4199999999998,crítico
HBA0309,Salvador-Barra-apartamento-TOP-1Q,Carteira 2,BA,"Salvador, BA","Salvador, BA, Barra",0,435,3652.58,132,5462.82,2025-11,0.6667,0.7565,20,30,252.1,,0,0,2025-11-24,0.67,0.0,1810.2399999999998,atenção
IBC0205,Florianopolis-Campeche_Praia-apartamento-TOP-2Q,Carteira 1,SC,"Florianópolis, SC","Florianópolis, SC, Morro das Pedras",9,309,8886.0,84,5921.74,2025-11,0.9524,0.6122,20,30,519.95,,0,0,2025-11-24,1.5,4679.55,-2964.26,ok
ILC1306,Especial-ILC-hotel-JR-1Q,Especial,SC,"Florianópolis, SC","Florianópolis, SC, Jurerê Internacional",0,1011,12284.11,17,10796.7,2025-11,0.8333,0.6721,25,30,565.81,669.0,1,0,2025-11-24,1.14,0.0,-1487.4099999999999,ok
ILC4107,Especial-ILC-hotel-TOP-1Q,Especial,SC,"Florianópolis, SC","Florianópolis, SC, Jurerê Internacional",5,423,9683.14,30,11771.46,2025-11,0.76,0.7857,19,30,633.0,547.0,1,0,2025-11-24,0.82,3165.0,2088.3199999999997,berlinda
ILH310,Florianopolis-Canasvieiras_Perto-apartamento-SUP-2Q,Carteira 1,SC,"Florianópolis, SC","Florianópolis, SC, Canasvieiras",0,91,5161.92,26,4627.36,2025-11,0.6667,0.5521,20,30,325.1,270.0,3,0,2025-11-24,1.12,0.0,-534.5600000000004,ok
LAM0601,Itapema-Praia_Itapema-apartamento-SUP-3Q,Carteira 6,SC,"Itapema, SC","Itapema, SC, Andorinha",1,3,0.0,19,2442.86,2025-11,0.0,0.3295,0,30,0.0,1200.0,6,30,2025-11-24,0.0,0.0,2442.86,crítico
NNG0102,Florianopolis-Novo_Campeche-apartamento-TOP-2Q,Carteira 1,SC,"Florianópolis, SC","Florianópolis, SC, Campeche",7,306,4472.04,57,6778.69,2025-11,0.6957,0.6371,16,30,350.0,297.0,3,0,2025-11-24,0.66,2450.0,2306.6499999999996,atenção
NWT1023,Especial-NWT-apartamento-TOP-1Q,Carteira 5,AL,"Maceió, AL","Maceió, AL, Pajuçara",0,199,7522.64,43,5085.72,2025-11,0.8333,0.6637,25,30,384.72,,0,0,2025-11-24,1.48,0.0,-2436.92,ok
PRJ001,Imbituba-Praia_do_Rosa-casa-SIM-1Q,Carteira 6,SC,"Imbituba, SC","Imbituba, SC, Ibiraquera",0,1241,940.09,52,1039.43,2025-11,0.3667,0.3751,11,30,100.91,90.0,5,0,2025-11-24,0.9,0.0,99.34000000000003,berlinda
PSO0610,Penha-Beto_Carrero-apartamento-SUP-1Q,Carteira 3,SC,"Penha, SC","Penha, SC, Praia de Armação do Itapocoroi",0,93,4680.5,18,2190.5,2025-11,0.8667,0.486,26,30,221.19,149.0,1,0,2025-11-24,2.14,0.0,-2490.0,meta_subestimada
PTJ203,Florianopolis-Jurere_Tradicional-apartamento-TOP-2Q,Carteira 1,SC,"Florianópolis, SC","Florianópolis, SC, Jurerê",0,611,7290.41,20,10464.65,2025-11,0.5333,0.6843,16,30,684.56,499.5,2,20,2025-11-24,0.7,0.0,3174.24,atenção
RHL0305,Florianopolis-Ingleses_Centro-apartamento-TOP-3Q,Carteira 1,SC,"Florianópolis, SC","Florianópolis, SC, Ingleses do Rio Vermelho",2,268,3790.15,48,6389.39,2025-11,0.3929,0.4898,11,30,506.18,,0,27,2025-11-24,0.59,1012.36,2599.2400000000002,atenção
RPB037,Florianopolis-Cachoeira_Bom_Jesus-apartamento-JR-2Q,Carteira 1,SC,"Florianópolis, SC","Florianópolis, SC, Cachoeira do Bom Jesus",5,845,3735.76,14,1211.7,2025-11,0.64,0.207,16,30,306.25,,0,0,2025-11-24,3.08,1531.25,-2524.0600000000004,meta_subestimada
SEM0012,Barra_Velha-Centro-apartamento-SUP-1Q,Carteira 3,SC,"Barra Velha, SC","Barra Velha, SC, Tabuleiro",2,31,1463.87,16,1516.64,2025-11,0.4643,0.3143,13,30,144.69,133.83,6,0,2025-11-24,0.97,289.38,52.77000000000021,berlinda
SOV0005,Mata_de_Sao_Joao-Praia_Imbassai-apartamento-TOP-1Q,Carteira 2,BA,"Mata de São João, BA","Mata de São João, BA, Imbassaí",3,254,4196.12,16,3756.74,2025-11,0.7407,0.5857,20,30,248.4,189.0,3,0,2025-11-24,1.12,745.2,-439.3800000000001,ok
STCY101,Florianopolis-Cachoeira_Bom_Jesus-apartamento-SUP-1Q,Carteira 1,SC,"Florianópolis, SC","Florianópolis, SC, Cachoeira do Bom Jesus",0,561,3625.82,14,2579.11,2025-11,0.9,0.4414,27,30,184.74,,0,0,2025-11-24,1.41,0.0,-1046.71,ok
VST017,Especial-VST-casa-TOP-1Q,Carteira 5,SC,"Anitápolis, SC","Anitápolis, SC, Rio dos pinheiros",4,123,2219.19,54,3890.57,2025-11,0.5,0.3016,13,30,213.62,226.25,4,0,2025-11-24,0.57,854.48,1671.38,atenção
BER0202,Maceio-Jatiuca-apartamento-SUP-1Q,Carteira 2,AL,"Maceió, AL","Maceió, AL, Ponta Verde",0,38,3279.19,102,3602.73,2025-11,0.7333,0.7251,22,30,174.59,176.0,2,0,2025-11-24,0.91,0.0,323.53999999999996,berlinda
CET1604,Balneario_Camboriu-Centro-apartamento-TOP-2Q,Carteira 6,SC,"Balneário Camboriú, SC","Balneário Camboriú, SC, Centro",0,423,7488.64,38,5425.02,2025-11,0.9667,0.5832,29,30,323.52,,0,0,2025-11-24,1.38,0.0,-2063.62,ok
CPN0303,Florianopolis-Centrao-apartamento-TOP-2Q,Carteira 4,SC,"Florianópolis, SC","Florianópolis, SC, Centro",0,176,6159.79,25,5317.6,2025-11,0.6333,0.5668,19,30,375.05,216.33,3,0,2025-11-24,1.16,0.0,-842.1899999999996,ok
EKD0397,Balneario_Picarras-Geral-casa-TOP-3Q,Carteira 6,SC,"Balneário Piçarras, SC","Balneário Piçarras, SC, Centro",5,101,5303.04,13,3893.0,2025-11,1.0,0.3474,25,30,289.8,,0,0,2025-11-24,1.36,1449.0,-1410.04,ok
EME0218,Brasilia-Asa_Norte-apartamento-SUP-1Q,Carteira 1_sys-price,DF,"Brasília, DF","Brasília, DF, Setor Noroeste",0,430,4253.64,142,4078.89,2025-11,0.7667,0.8171,23,30,214.35,216.5,2,0,2025-11-24,1.04,0.0,-174.75000000000045,berlinda
IFT1405,Itapema-Meia_Praia-Norte-apartamento-TOP-1Q,Carteira 6,SC,"Itapema, SC","Itapema, SC, Meia Praia",0,340,2635.62,32,3277.09,2025-11,0.3667,0.4396,11,30,320.0,320.0,6,30,2025-11-24,0.8,0.0,641.4700000000003,berlinda
ILC3505,Especial-ILC-hotel-TOP-1Q,Especial,SC,"Florianópolis, SC","Florianópolis, SC, Jurerê Internacional",0,1538,15405.25,30,11771.46,2025-11,0.7667,0.7857,23,30,810.39,565.5,2,0,2025-11-24,1.31,0.0,-3633.790000000001,ok
MMD0604,Ilheus-Sul-apartamento-SUP-2Q,Carteira 2,BA,"Ilhéus, BA","Ilhéus, BA, São Francisco",0,162,2845.28,39,2676.44,2025-11,0.6333,0.3785,19,30,174.16,160.67,3,0,2025-11-24,1.06,0.0,-168.84000000000015,berlinda
OCN0901,Blumenau-Central-apartamento-SUP-1Q,Carteira 4,SC,"Blumenau, SC","Blumenau, SC, Velha",1,15,1771.7,67,1442.36,2025-11,0.5517,0.3663,16,30,126.31,128.5,2,0,2025-11-24,1.23,126.31,-329.34000000000015,ok
OMC1303,Itapema-Praia_Centro-apartamento-SUP-2Q,Carteira 6,SC,"Itapema, SC","Itapema, SC, Tabuleiro dos Oliveiras",0,171,3374.94,21,2987.88,2025-11,0.7333,0.4559,22,30,176.44,120.0,2,0,2025-11-24,1.13,0.0,-387.05999999999995,ok
PGO0205,Pocos_de_Caldas-Geral-apartamento-SUP-1Q,Carteira 4,MG,"Poços de Caldas, MG","Poços de Caldas, MG, São Benedito",1,327,2574.2,32,1790.89,2025-11,0.7241,0.4244,21,30,156.62,120.0,1,0,2025-11-24,1.44,156.62,-783.3099999999997,ok
PSO1006,Penha-Beto_Carrero-apartamento-SUP-1Q,Carteira 3,SC,"Penha, SC","Penha, SC, Praia de Armação do Itapocoroi",0,96,3194.77,18,2190.5,2025-11,0.6333,0.486,19,30,203.53,117.0,1,0,2025-11-24,1.46,0.0,-1004.27,ok
PSOB0512,Penha-Beto_Carrero-apartamento-SUP-1Q,Carteira 3,SC,"Penha, SC","Penha, SC, Praia de Armação do Itapocoroi",0,99,3477.23,18,2190.5,2025-11,0.6333,0.486,19,30,203.53,117.0,1,0,2025-11-24,1.59,0.0,-1286.73,ok
RAS175,Campos_do_Jordao-Capivari_Centro-casa-SUP-3Q,Carteira 4,SP,"Campos do Jordão, SP","Campos do Jordão, SP, J Andira",14,835,4730.0,12,3990.32,2025-11,0.5625,0.2715,9,30,603.0,270.0,2,4,2025-11-24,1.19,8442.0,-739.6799999999998,ok
RBM207,Cabo_Frio-Centro-apartamento-JR-3Q,Carteira 4,RJ,"Cabo Frio, RJ","Cabo Frio, RJ, Vila Nova",5,859,3884.34,122,2350.4,2025-11,0.44,0.3697,11,30,419.09,400.0,2,25,2025-11-24,1.65,2095.45,-1533.94,ok
RLZ0301,Florianopolis-Itacorubi-apartamento-TOP-2Q,Carteira 4,SC,"Florianópolis, SC","Florianópolis, SC, Itacorubi",6,156,4215.82,18,4487.69,2025-11,0.75,0.5569,18,30,304.61,188.0,2,0,2025-11-24,0.94,1827.66,271.8699999999999,berlinda
SMT0529,Salvador-Boca_do_Rio-apartamento-TOP-1Q,Carteira 2,BA,"Salvador, BA","Salvador, BA, Armação",0,212,2288.52,17,3548.18,2025-11,0.5,0.6989,15,30,198.0,144.0,1,0,2025-11-24,0.64,0.0,1259.6599999999999,atenção
UOY1605,Sao_Paulo-Mariana-apartamento-TOP-1Q,Carteira 4,SP,"São Paulo, SP","São Paulo, SP, Vila Mariana",0,29,4771.03,82,4074.28,2025-11,0.8333,0.6536,25,30,219.2,180.0,1,0,2025-11-24,1.17,0.0,-696.7499999999995,ok
VAC0201,Barra_Velha-Tabuleiro-apartamento-SUP-2Q,Carteira 3,SC,"Barra Velha, SC","Barra Velha, SC, Itajuba",5,436,2273.24,14,2189.81,2025-11,0.68,0.448,17,30,173.47,136.0,1,0,2025-11-24,1.04,867.35,-83.42999999999984,berlinda
VST028,Especial-VST-casa-TOP-1Q,Carteira 5,SC,"Anitápolis, SC","Anitápolis, SC, Rio dos Pinheiros",1,176,2364.0,54,3890.57,2025-11,0.4828,0.3016,14,30,218.36,180.0,4,0,2025-11-24,0.61,218.36,1526.5700000000002,atenção
CZZ0505,Urubici-Geral-apartamento-SUP-1Q,Especial,SC,"Urubici, SC","Urubici, SC, Centro",0,162,2662.87,55,1722.65,2025-11,0.5333,0.2319,16,30,197.56,197.5,2,0,2025-11-24,1.55,0.0,-940.2199999999998,ok
DRL0103,Bombinhas-Centro-apartamento-TOP-2Q,Carteira 6,SC,"Bombinhas, SC","Bombinhas, SC, Centro",0,487,5714.77,28,4548.14,2025-11,0.9,0.5079,27,30,261.59,171.0,3,0,2025-11-24,1.26,0.0,-1166.63,ok
ILC3313,Especial-ILC-hotel-JR-1Q,Especial,SC,"Florianópolis, SC","Florianópolis, SC, Jurerê Internacional",0,1615,8415.43,17,10796.7,2025-11,0.5667,0.6721,17,30,610.59,547.0,1,17,2025-11-24,0.78,0.0,2381.2700000000004,atenção
NOR0101,Brasilia-Asa_Norte-apartamento-JR-2Q,Carteira 1_sys-price,DF,"Brasília, DF","Brasília, DF, Asa Norte",0,767,6314.77,156,4234.37,2025-11,0.9,0.815,27,30,272.7,,0,0,2025-11-24,1.49,0.0,-2080.4000000000005,ok
OBP0303,Penha-Beto_Carrero-apartamento-MASTER-2Q,Carteira 3,SC,"Penha, SC","Penha, SC, Armação",0,352,4889.96,27,5080.45,2025-11,0.6,0.3811,18,30,322.83,302.67,3,0,2025-11-24,0.96,0.0,190.48999999999978,berlinda
PDC001,Ilheus-Sul-apartamento-JR-2Q,Carteira 2,BA,"Ilhéus, BA","Ilhéus, BA, Nossa Senhora da Vitória",0,467,737.0,17,1516.32,2025-11,0.2333,0.3782,7,30,127.86,120.0,6,0,2025-11-24,0.49,0.0,779.3199999999999,crítico
TOR0407,Imbituba-Centro-apartamento-SUP-1Q,Carteira 6,SC,"Imbituba, SC","Imbituba, SC, Centro",3,3,2613.38,13,1182.5,2025-11,0.8148,0.3144,22,30,140.18,,0,0,2025-11-24,2.21,420.54,-1430.88,meta_subestimada
TPZ0403,Santa_Cruz_Cabralia-Coroa_Vermelha-apartamento-SUP-2Q,Carteira 2,BA,"Santa Cruz Cabrália, BA","Santa Cruz Cabrália, BA, Coroa Vermelha",0,662,1012.82,51,3298.0,2025-11,0.1667,0.5248,5,30,235.8,190.6,5,0,2025-11-24,0.31,0.0,2285.18,crítico
TSR0501,Ilheus-Sul-apartamento-SUP-2Q,Carteira 2,BA,"Ilhéus, BA","Ilhéus, BA, Nossa Senhora da Vitória",0,75,3636.57,39,2676.44,2025-11,0.8333,0.3785,25,30,193.2,177.0,3,0,2025-11-24,1.36,0.0,-960.1300000000001,ok
VST009,Especial-VST-casa-TOP-1Q,Carteira 5,SC,"Anitápolis, SC","Anitápolis, SC, Rio dos Pinheiros",3,488,2533.38,54,3890.57,2025-11,0.4444,0.3016,12,30,217.73,241.67,3,0,2025-11-24,0.65,653.1899999999999,1357.19,atenção
BLS1251,Goiania-Central-apartamento-SUP-1Q,Carteira 1_sys-price,GO,"Goiânia, GO","Goiânia, GO, Setor Marista",0,772,3491.45,162,2535.55,2025-11,0.8333,0.5616,25,30,164.24,,0,9,2025-11-24,1.38,0.0,-955.8999999999996,ok
CFA0508,Florianopolis-Centrao-apartamento-JR-1Q,Carteira 4,SC,"Florianópolis, SC","Florianópolis, SC, Centro",0,50,3396.28,72,3484.62,2025-11,0.8667,0.6339,26,30,169.08,107.0,3,0,2025-11-24,0.97,0.0,88.33999999999969,berlinda
CMH0202,Florianopolis-Jurere_Internacional-apartamento-SUP-3Q,Carteira 1,SC,"Florianópolis, SC","Florianópolis, SC, Jurerê Internacional",7,253,5754.89,25,9435.21,2025-11,0.6087,0.6749,14,30,505.93,333.0,2,0,2025-11-24,0.61,3541.51,3680.319999999999,atenção
COM305,Florianopolis-Santinho-apartamento-SUP-2Q,Carteira 1,SC,"Florianópolis, SC","Florianópolis, SC, Ingleses do Rio Vermelho",0,1529,1568.39,12,3597.13,2025-11,0.2667,0.4777,8,30,279.25,162.0,3,0,2025-11-24,0.44,0.0,2028.74,crítico
CTB2505,Sao_Paulo-Brooklin-apartamento-SUP-1Q,Carteira 4,SP,"São Paulo, SP","São Paulo, SP, Vila Cordeiro",0,52,6464.37,299,4501.61,2025-11,0.9,0.7158,27,30,323.85,168.5,2,0,2025-11-24,1.44,0.0,-1962.7600000000002,ok
DAL312,Canela-Geral-apartamento-TOP-1Q,Carteira 4,RS,"Canela, RS","Canela, RS, São José",0,754,4299.37,22,4623.86,2025-11,0.6333,0.6458,19,30,277.84,188.0,2,0,2025-11-24,0.93,0.0,324.4899999999998,berlinda
DLH0501,Gramado-Centro-apartamento-TOP-2Q,Carteira 4,RS,"Gramado, RS","Gramado, RS, Centro",1,319,14375.78,55,11231.9,2025-11,0.931,0.7261,27,30,697.81,271.0,1,0,2025-11-24,1.28,697.81,-3143.880000000001,ok
EDC402,Florianopolis-Centrao-apartamento-SUP-2Q,Carteira 4,SC,"Florianópolis, SC","Florianópolis, SC, Centro",0,900,6714.35,43,4509.68,2025-11,0.8,0.5921,24,30,342.54,186.0,3,0,2025-11-24,1.49,0.0,-2204.67,ok
EDT0009,Porto_Seguro-Pataxos-apartamento-SUP-2Q,Carteira 2,BA,"Porto Seguro, BA","Porto Seguro, BA, Taperapuan",0,568,2542.14,44,3643.3,2025-11,0.5,0.5205,15,30,185.47,162.0,4,0,2025-11-24,0.7,0.0,1101.1600000000003,atenção
EDT0011,Porto_Seguro-Pataxos-apartamento-SUP-2Q,Carteira 2,BA,"Porto Seguro, BA","Porto Seguro, BA, Taperapuan",1,723,1154.04,44,3643.3,2025-11,0.2069,0.5205,6,30,215.83,195.17,6,0,2025-11-24,0.32,215.83,2489.26,crítico
EJO0305,Florianopolis-Centrao-apartamento-SUP-2Q,Carteira 4,SC,"Florianópolis, SC","Florianópolis, SC, Centro",1,110,2670.15,43,4509.68,2025-11,0.3103,0.5921,9,30,367.11,188.0,6,0,2025-11-24,0.59,367.11,1839.5300000000002,atenção
ETP1002,Porto_Belo-Geral-apartamento-SUP-2Q,Carteira 6,SC,"Porto Belo, SC","Porto Belo, SC, centro",14,323,2114.22,36,1884.19,2025-11,0.875,0.3871,14,30,185.64,190.0,1,0,2025-11-24,1.12,2598.96,-230.02999999999975,ok
MDR102,Florianopolis-Ingleses_Norte-apartamento-TOP-3Q,Carteira 1,SC,"Florianópolis, SC","Florianópolis, SC, Ingleses do Rio Vermelho",4,1123,8694.83,15,5208.35,2025-11,0.7692,0.4932,20,30,571.1,306.0,1,0,2025-11-24,1.67,2284.4,-3486.4799999999996,ok
MHF1704,Itapema-Canto_Praia-apartamento-TOP-1Q,Carteira 5,SC,"Itapema, SC","Itapema, SC, Centro",1,474,4684.81,19,3496.4,2025-11,0.6552,0.5702,19,30,234.38,,0,0,2025-11-24,1.34,234.38,-1188.4100000000003,ok
NWT0312,Especial-NWT-apartamento-TOP-1Q,Carteira 5,AL,"Maceió, AL","Maceió, AL, Pajuçara",2,320,4123.69,43,5085.72,2025-11,0.5357,0.6637,15,30,311.94,280.0,1,0,2025-11-24,0.81,623.88,962.0300000000007,berlinda
NWT0418,Especial-NWT-apartamento-TOP-1Q,Carteira 5,AL,"Maceió, AL","Maceió, AL, Pajuçara",0,310,5335.01,43,5085.72,2025-11,0.6333,0.6637,19,30,362.63,298.0,4,0,2025-11-24,1.05,0.0,-249.28999999999996,berlinda
NWT0503,Especial-NWT-apartamento-TOP-1Q,Carteira 5,AL,"Maceió, AL","Maceió, AL, Pajuçara",0,365,6352.1,43,5085.72,2025-11,0.8,0.6637,24,30,305.21,322.0,1,0,2025-11-24,1.25,0.0,-1266.38,ok
OKA206,Florianopolis-Campeche-apartamento-TOP-1Q,Carteira 1,SC,"Florianópolis, SC","Florianópolis, SC, Campeche",17,35,2934.91,25,3776.21,2025-11,1.0,0.6121,13,30,272.08,,0,0,2025-11-24,0.78,4625.36,841.3000000000002,atenção
PGO210,Pocos_de_Caldas-Geral-apartamento-SUP-1Q,Carteira 4,MG,"Poços de Caldas, MG","Poços de Caldas, MG, São Benedito",0,808,2424.22,32,1790.89,2025-11,0.6,0.4244,18,30,154.61,120.0,3,0,2025-11-24,1.35,0.0,-633.3299999999997,ok
PSO1009,Penha-Beto_Carrero-apartamento-SUP-1Q,Carteira 3,SC,"Penha, SC","Penha, SC, Praia de Armação do Itapocoroi",0,122,4185.0,18,2190.5,2025-11,0.8,0.486,24,30,208.25,138.0,2,0,2025-11-24,1.91,0.0,-1994.5,ok
RAN203,Florianopolis-Jurere_Tradicional-apartamento-TOP-3Q,Carteira 1,SC,"Florianópolis, SC","Florianópolis, SC, Jurerê",0,1359,10474.27,19,9386.02,2025-11,0.6333,0.5468,19,30,699.68,414.0,3,0,2025-11-24,1.12,0.0,-1088.25,ok
RFA303,Porto_Alegre-Santana-apartamento-SUP-1Q,Carteira 4,RS,"Porto Alegre, RS","Porto Alegre, RS, Santo Antônio",0,423,2449.29,75,2301.8,2025-11,0.7,0.5294,21,30,142.48,130.0,2,0,2025-11-24,1.06,0.0,-147.48999999999978,berlinda
RRI103,Florianopolis-Centrao-apartamento-TOP-2Q,Carteira 4,SC,"Florianópolis, SC","Florianópolis, SC, Centro",7,761,5391.27,25,5317.6,2025-11,0.7391,0.5668,17,30,385.65,219.0,3,0,2025-11-24,1.01,2699.5499999999997,-73.67000000000007,berlinda
STW0702,Itapema-Praia_Itapema-apartamento-SUP-2Q,Carteira 6,SC,"Itapema, SC","Itapema, SC, Morretes",0,12,2831.01,16,3455.04,2025-11,0.7333,0.5108,22,30,148.58,130.0,1,0,2025-11-24,0.82,0.0,624.0299999999997,berlinda
SVN0401,Florianopolis-Ingleses_Centro-apartamento-TOP-3Q,Carteira 1,SC,"Florianópolis, SC","Florianópolis, SC, Ingleses do Rio Vermelho",4,683,6205.86,48,6389.39,2025-11,0.5385,0.4898,14,30,516.43,334.0,1,18,2025-11-24,0.97,2065.72,183.53000000000065,berlinda
TCO1005,Porto_Alegre-Centro_Historico-apartamento-SUP-1Q,Carteira 4,RS,"Porto Alegre, RS","Porto Alegre, RS, Centro Histórico",0,86,2340.28,77,2393.45,2025-11,0.7,0.6126,21,30,122.57,120.0,2,0,2025-11-24,0.98,0.0,53.16999999999962,berlinda
VRN302,Florianopolis-Jurere_Tradicional-apartamento-TOP-2Q,Carteira 1,SC,"Florianópolis, SC","Florianópolis, SC, Jurerê",5,653,8321.06,20,10464.65,2025-11,0.84,0.6843,21,30,538.67,562.5,2,0,2025-11-24,0.8,2693.35,2143.59,atenção
BLV0002,Porto_Seguro-Pataxos-apartamento-JR-2Q,Carteira 2,BA,"Porto Seguro, BA","Porto Seguro, BA, Alto do Xamagunga",6,58,253.34,45,1927.04,2025-11,0.0833,0.3383,2,30,150.0,130.5,4,0,2025-11-24,0.13,900.0,1673.7,crítico
CNA002,Especial-CNA-casa-MASTER-1Q,Especial,SP,"Campos do Jordão, SP","Campos do Jordão, SP, Jardim Europa",0,1016,14838.34,26,9055.36,2025-11,0.8,0.5061,24,30,729.58,506.67,3,0,2025-11-24,1.64,0.0,-5782.98,ok
EDJ0410,Florianopolis-Ingleses_Praia-apartamento-SUP-1Q,Carteira 1,SC,"Florianópolis, SC","Florianópolis, SC, Ingleses do Rio Vermelho",0,204,3400.03,40,3764.53,2025-11,0.6333,0.55,19,30,221.09,,0,0,2025-11-24,0.9,0.0,364.5,berlinda
GSH0102,Camaçari-Monte_Gordo-apartamento-TOP-2Q,Carteira 2,BA,"Camaçari, BA","Camaçari, BA, Monte Gordo",1,103,4976.88,23,5904.52,2025-11,0.4828,0.5067,14,30,417.21,314.33,3,13,2025-11-24,0.84,417.21,927.6400000000003,berlinda
ILC3312,Especial-ILC-hotel-JR-1Q,Especial,SC,"Florianópolis, SC","Florianópolis, SC, Jurerê Internacional",2,1971,9166.68,17,10796.7,2025-11,0.6071,0.6721,17,30,727.82,487.0,3,0,2025-11-24,0.85,1455.64,1630.0200000000004,berlinda
MHFB2005,Itapema-Canto_Praia-apartamento-SUP-1Q,Carteira 5,SC,"Itapema, SC","Itapema, SC, Centro",8,474,2305.04,14,2356.68,2025-11,0.6818,0.4102,15,30,186.2,161.75,4,0,2025-11-24,0.98,1489.6,51.63999999999987,berlinda
NWT0922,Especial-NWT-apartamento-TOP-1Q,Carteira 5,AL,"Maceió, AL","Maceió, AL, Pajuçara",1,221,5549.0,43,5085.72,2025-11,0.8276,0.6637,24,30,279.04,250.0,2,0,2025-11-24,1.09,279.04,-463.27999999999975,berlinda
NWT1004,Especial-NWT-apartamento-TOP-1Q,Carteira 5,AL,"Maceió, AL","Maceió, AL, Pajuçara",1,199,5398.24,43,5085.72,2025-11,0.7586,0.6637,22,30,298.59,280.0,1,0,2025-11-24,1.06,298.59,-312.5199999999995,berlinda
PRJ004,Imbituba-Praia_do_Rosa-casa-SIM-1Q,Carteira 6,SC,"Imbituba, SC","Imbituba, SC, Ibiraquera",0,1241,758.37,52,1039.43,2025-11,0.4,0.3751,12,30,99.67,90.0,4,0,2025-11-24,0.73,0.0,281.06000000000006,atenção
SOA0301,Salvador-Boca_do_Rio-apartamento-SUP-2Q,Carteira 2,BA,"Salvador, BA","Salvador, BA, Boca do Rio",1,271,5200.59,17,3548.18,2025-11,0.8966,0.6989,26,30,241.77,,0,0,2025-11-24,1.47,241.77,-1652.4100000000003,ok
SOA1005,Salvador-Boca_do_Rio-apartamento-TOP-1Q,Carteira 2,BA,"Salvador, BA","Salvador, BA, Boca do Rio",1,22,2033.83,17,3548.18,2025-11,0.5172,0.6989,15,30,191.53,180.67,3,0,2025-11-24,0.57,191.53,1514.35,atenção
STN0404,Florianopolis-Ingleses_Norte-apartamento-SUP-2Q,Carteira 1,SC,"Florianópolis, SC","Florianópolis, SC, Ingleses Norte",0,228,6185.54,86,2552.46,2025-11,0.7667,0.3604,23,30,310.52,327.0,3,0,2025-11-24,2.42,0.0,-3633.08,meta_subestimada
TRC0507,Florianopolis-UFSC-apartamento-SUP-1Q,Carteira 4,SC,"Florianópolis, SC","Florianópolis, SC, Carvoeira",0,50,3742.37,45,3461.85,2025-11,0.8667,0.6721,26,30,192.77,112.0,2,0,2025-11-24,1.08,0.0,-280.52,berlinda
UAR301,Itapema-Praia_Centro-apartamento-TOP-3Q,Carteira 6,SC,"Itapema, SC","Itapema, SC, Centro",6,53,5205.57,13,2869.14,2025-11,0.9167,0.3591,22,30,276.59,180.0,1,0,2025-11-24,1.81,1659.54,-2336.43,ok
VAC0203,Barra_Velha-Tabuleiro-apartamento-TOP-2Q,Carteira 3,SC,"Barra Velha, SC","Barra Velha, SC, Itajubá",3,23,1485.85,57,1928.98,2025-11,0.2963,0.3592,8,30,240.75,155.25,4,2,2025-11-24,0.77,722.25,443.1300000000001,atenção
BSL190,Penha-Praia-casa-JR-5Q,Carteira 6,SC,"Penha, SC","Penha, SC, Penha",9,633,8061.89,21,4768.93,2025-11,0.8095,0.4778,17,30,483.59,405.0,1,0,2025-11-24,1.69,4352.3099999999995,-3292.96,ok
CBE0201,Florianopolis-Ingleses_Centro-apartamento-SUP-2Q,Carteira 1,SC,"Florianópolis, SC","Florianópolis, SC, Ingleses Norte",0,166,5940.89,30,2233.61,2025-11,0.8667,0.4151,26,30,272.35,231.5,2,0,2025-11-24,2.66,0.0,-3707.28,meta_subestimada
GIU0001,Porto_Seguro-Pataxos-apartamento-JR-2Q,Carteira 2,BA,"Porto Seguro, BA","Porto Seguro, BA, Paraíso dos Pataxós",0,71,1051.6,45,1927.04,2025-11,0.2667,0.3383,8,30,161.12,139.67,6,0,2025-11-24,0.55,0.0,875.44,atenção
JBV248,Especial-JBV-hotel-TOP-1Q,Especial,SC,"Florianópolis, SC","Florianópolis, SC, Jurerê",2,1299,11159.13,34,11467.8,2025-11,0.8214,0.7407,23,30,593.83,,0,0,2025-11-24,0.97,1187.66,308.6700000000001,berlinda
JSO0008,Porto_Seguro-Pataxos-apartamento-JR-1Q,Carteira 2,BA,"Porto Seguro, BA","Porto Seguro, BA, PRAIA DE MUNDAÍ",4,372,0.0,34,2441.73,2025-11,0.0,0.5445,0,30,0.0,359.0,6,30,2025-11-24,0.0,0.0,2441.73,crítico
LGD0201,Florianopolis-Centrao-apartamento-TOP-2Q,Carteira 4,SC,"Florianópolis, SC","Florianópolis, SC, Centro",6,407,6802.49,25,5317.6,2025-11,0.8333,0.5668,20,30,418.95,214.0,2,0,2025-11-24,1.28,2513.7,-1484.8899999999994,ok
MHB0302,Florianopolis-Novo_Campeche-apartamento-SUP-3Q,Carteira 1,SC,"Florianópolis, SC","Florianópolis, SC, Campeche",6,128,6054.36,67,6778.69,2025-11,0.75,0.6286,18,30,380.0,316.5,2,0,2025-11-24,0.89,2280.0,724.3299999999999,berlinda
NWT0509,Especial-NWT-apartamento-TOP-1Q,Carteira 5,AL,"Maceió, AL","Maceió, AL, Pajuçara",2,338,6782.98,43,5085.72,2025-11,0.8929,0.6637,25,30,332.64,322.0,1,0,2025-11-24,1.33,665.28,-1697.2599999999993,ok
NWT1024,Especial-NWT-apartamento-TOP-1Q,Carteira 5,AL,"Maceió, AL","Maceió, AL, Pajuçara",0,199,7169.51,43,5085.72,2025-11,0.8667,0.6637,26,30,334.12,280.0,2,0,2025-11-24,1.41,0.0,-2083.79,ok
OKA134,Florianopolis-Campeche-apartamento-SUP-1Q,Carteira 1,SC,"Florianópolis, SC","Florianópolis, SC, Campeche",0,1033,4039.62,28,3106.87,2025-11,0.8,0.6807,24,30,192.67,217.0,2,0,2025-11-24,1.3,0.0,-932.75,ok
PTG0030,Porto_Seguro-Pitinga-casa-TOP-4Q,Carteira 2,BA,"Porto Seguro, BA","Porto Seguro, BA, Arraial DAjuda",7,393,7735.66,11,7223.46,2025-11,0.4348,0.4615,10,30,866.5,800.0,1,17,2025-11-24,1.07,6065.5,-512.1999999999998,berlinda
RAL204,Florianopolis-Ingleses_Centro-apartamento-JR-2Q,Carteira 1,SC,"Florianópolis, SC","Florianópolis, SC, Ingleses do Rio Vermelho",0,514,2369.35,21,1761.58,2025-11,0.5667,0.4366,17,30,195.24,154.0,3,0,2025-11-24,1.35,0.0,-607.77,ok
RFM0023,Santa_Cruz_Cabralia-Coroa_Vermelha-apartamento-SUP-3Q,Carteira 2,BA,"Santa Cruz Cabrália, BA","Santa Cruz Cabrália, BA, Coroa Vermelha",0,386,1788.52,21,2676.44,2025-11,0.2667,0.3046,8,30,248.0,179.0,3,0,2025-11-24,0.67,0.0,887.9200000000001,atenção
ROR0002,Bombinhas-Bombas-apartamento-JR-3Q,Carteira 6,SC,"Bombinhas, SC","Bombinhas, SC, Bombas",0,290,3130.9,24,2100.92,2025-11,0.7667,0.3046,23,30,186.13,231.33,3,0,2025-11-24,1.49,0.0,-1029.98,ok
SAA0517,Salvador-Pituba_Praia-apartamento-TOP-1Q,Carteira 5,BA,"Salvador, BA","Salvador, BA, Amaralina",1,22,284.05,17,2739.21,2025-11,0.069,0.6863,2,30,200.5,179.0,6,0,2025-11-24,0.1,200.5,2455.16,crítico
SJS0004,Florianopolis-Ingleses_Centro-apartamento-JR-1Q,Carteira 1,SC,"Florianópolis, SC","Florianópolis, SC, Ingleses do Rio Vermelho",0,317,2469.21,18,2729.84,2025-11,0.7333,0.5952,22,30,145.5,109.67,3,0,2025-11-24,0.9,0.0,260.6300000000001,berlinda
SKL1107,Penha-Praia-apartamento-SUP-3Q,Carteira 6,SC,"Penha, SC","Penha, SC, Armação",0,37,4097.46,21,4103.87,2025-11,0.5,0.3469,15,30,322.93,,0,0,2025-11-24,1.0,0.0,6.4099999999998545,berlinda
SVE407,Florianopolis-UFSC-apartamento-TOP-1Q,Carteira 4,SC,"Florianópolis, SC","Florianópolis, SC, Pantanal",0,745,2391.43,17,3684.75,2025-11,0.5333,0.6764,16,30,167.19,,0,0,2025-11-24,0.65,0.0,1293.3200000000002,atenção
TCO0512,Porto_Alegre-Centro_Historico-apartamento-SUP-1Q,Carteira 4,RS,"Porto Alegre, RS","Porto Alegre, RS, Centro Histórico",0,509,2391.84,77,2393.45,2025-11,0.7,0.6126,21,30,127.48,121.0,2,0,2025-11-24,1.0,0.0,1.6099999999996726,berlinda
TCO0802,Porto_Alegre-Centro_Historico-apartamento-SUP-1Q,Carteira 4,RS,"Porto Alegre, RS","Porto Alegre, RS, Centro Histórico",30,562,0.0,77,2393.45,2025-11,,0.6126,0,30,0.0,,0,0,2025-11-24,0.0,0.0,2393.45,crítico
TXP0311,Goiania-Central-apartamento-SUP-2Q,Carteira 1_sys-price,GO,"Goiânia, GO","Goiânia, GO, Setor Bueno",4,772,3170.81,57,3485.85,2025-11,0.6154,0.5275,16,30,231.38,236.67,3,22,2025-11-24,0.91,925.52,315.03999999999996,berlinda
UPP0408,Curitiba-Centro-apartamento-JR-1Q,Carteira 4,PR,"Curitiba, PR","Curitiba, PR, Alto da XV",0,10,2220.3,289,2479.88,2025-11,0.6333,0.6885,19,30,138.95,130.0,5,0,2025-11-24,0.9,0.0,259.5799999999999,berlinda
VGZ0004,Imbituba-Praia_do_Rosa-casa-SUP-1Q,Carteira 6,SC,"Imbituba, SC","Imbituba, SC, Ibiraquera",5,620,2070.37,44,2841.89,2025-11,0.72,0.4208,18,30,142.78,110.0,1,0,2025-11-24,0.73,713.9,771.52,atenção
APS1005,Sao_Paulo-Liberdade-apartamento-JR-1Q,Carteira 4,SP,"São Paulo, SP","São Paulo, SP, Sé",0,165,2354.13,96,3770.18,2025-11,0.6,0.7001,18,30,156.28,,0,0,2025-11-24,0.62,0.0,1416.0499999999997,atenção
BDR521,Florianopolis-Lagoa-apartamento-SUP-1Q,Carteira 1,SC,"Florianópolis, SC","Florianópolis, SC, Lagoa da Conceição",0,1285,2107.7,27,3747.01,2025-11,0.4333,0.7398,13,30,198.92,191.33,6,0,2025-11-24,0.56,0.0,1639.3100000000004,atenção
CRA304,Bombinhas-Mariscal-apartamento-JR-3Q,Carteira 6,SC,"Bombinhas, SC","Bombinhas, SC, mariscal",2,1219,2970.54,32,1630.19,2025-11,0.75,0.2656,21,30,186.62,179.0,4,0,2025-11-24,1.82,373.24,-1340.35,ok
CVAF0220,Mata_de_Sao_Joao-Praia_do_Forte_Longe-apartamento-SUP-1Q,Carteira 2,BA,"Mata de São João, BA","Mata de São João, BA, Praia do Forte",3,232,4496.31,14,1925.6,2025-11,0.6667,0.3598,18,30,291.17,221.0,3,0,2025-11-24,2.34,873.51,-2570.7100000000005,meta_subestimada
EHS0117,Brasilia-Asa_Norte-apartamento-SUP-1Q,Carteira 1_sys-price,DF,"Brasília, DF","Brasília, DF, SHCNW",0,277,5107.25,142,4078.89,2025-11,0.9667,0.8171,29,30,211.83,198.0,1,0,2025-11-24,1.25,0.0,-1028.3600000000001,ok
ELG0071,Barra_Velha-Centro-apartamento-JR-3Q,Carteira 3,SC,"Barra Velha, SC","Barra Velha, SC, Centro",1,246,1752.83,20,1947.55,2025-11,0.3793,0.3584,11,30,191.91,178.33,6,0,2025-11-24,0.9,191.91,194.72000000000003,berlinda
ESA0902,Balneario_Camboriu-Norte-apartamento-SUP-3Q,Carteira 6,SC,"Balneário Camboriú, SC","Balneário Camboriú, SC, Centro",8,422,5180.46,23,6569.44,2025-11,0.8182,0.5601,18,30,364.56,,0,11,2025-11-24,0.79,2916.48,1388.9799999999996,atenção
ILC3113,Especial-ILC-hotel-JR-1Q,Especial,SC,"Florianópolis, SC","Florianópolis, SC, Jurerê Internacional",10,1619,5424.27,17,10796.7,2025-11,0.65,0.6721,13,30,534.69,438.0,1,0,2025-11-24,0.5,5346.900000000001,5372.43,atenção
JAS0004,Florianopolis-Lagoa-apartamento-JR-1Q,Carteira 1,SC,"Florianópolis, SC","Florianópolis, SC, Lagoa da Conceição",0,165,1188.99,24,3922.68,2025-11,0.3,0.7427,9,30,149.44,234.0,6,17,2025-11-24,0.3,0.0,2733.6899999999996,crítico
JBV279,Especial-JBV-hotel-JR-1Q,Especial,SC,"Florianópolis, SC","Florianópolis, SC, Jurerê",2,1065,11028.94,27,10333.97,2025-11,0.6786,0.693,19,30,710.63,509.0,1,0,2025-11-24,1.07,1421.26,-694.9700000000012,berlinda
LIN1106,Florianopolis-Centrao-apartamento-SUP-1Q,Carteira 4,SC,"Florianópolis, SC","Florianópolis, SC, Centro",0,11,3126.08,127,3977.15,2025-11,0.7333,0.5706,22,30,149.44,164.0,3,0,2025-11-24,0.79,0.0,851.0700000000002,atenção
MHFA0705,Itapema-Canto_Praia-apartamento-SUP-1Q,Carteira 5,SC,"Itapema, SC","Itapema, SC, Centro",0,284,3578.59,14,2356.68,2025-11,0.7333,0.4102,22,30,186.45,167.75,4,0,2025-11-24,1.52,0.0,-1221.9100000000003,ok
OAG0820,Sao_Paulo-Pinheiros-apartamento-TOP-1Q,Carteira 4_sys-price,SP,"São Paulo, SP","São Paulo, SP, Cerqueira César",3,368,5746.66,280,5571.86,2025-11,0.8148,0.7295,22,30,345.64,,0,0,2025-11-24,1.03,1036.92,-174.80000000000018,berlinda
PGL0301,Florianopolis-Canasvieiras_Perto-apartamento-TOP-3Q,Carteira 1,SC,"Florianópolis, SC","Florianópolis, SC, Canasvieiras",7,45,8921.54,14,6923.46,2025-11,0.9565,0.6825,22,30,542.05,,0,0,2025-11-24,1.29,3794.3499999999995,-1998.0800000000008,ok
PSO0903,Penha-Beto_Carrero-apartamento-SUP-1Q,Carteira 3,SC,"Penha, SC","Penha, SC, Praia de Armação do Itapocoroi",0,99,3167.98,18,2190.5,2025-11,0.6,0.486,18,30,215.56,165.5,2,0,2025-11-24,1.45,0.0,-977.48,ok
STL401,Camboriu-Tabuleiro-apartamento-SUP-2Q,Carteira 6,SC,"Balneário Camboriú, SC","Balneário Camboriú, SC, Vila Real",20,1,2351.52,29,2929.53,2025-11,0.9,0.5028,9,30,281.89,173.0,1,0,2025-11-24,0.8,5637.799999999999,578.0100000000002,berlinda
VDP0027,Cabo_Frio-Palmeiras-casa-SUP-2Q,Carteira 4,RJ,"Cabo Frio, RJ","Cabo Frio, RJ, Parque Burle",5,191,2234.68,66,2674.98,2025-11,0.4,0.4287,10,30,262.9,153.0,3,0,2025-11-24,0.84,1314.5,440.3000000000002,berlinda
VTD0605,Florianopolis-UFSC-apartamento-SUP-1Q,Carteira 4,SC,"Florianópolis, SC","Florianópolis, SC, Trindade",1,54,4267.0,45,3461.85,2025-11,0.8966,0.6721,26,30,198.27,,0,0,2025-11-24,1.23,198.27,-805.1500000000001,ok
AGC0304,Florianopolis-Cachoeira_Bom_Jesus-apartamento-SUP-3Q,Carteira 1,SC,"Florianópolis, SC","Florianópolis, SC, Cachoeira do Bom Jesus",4,25,3325.12,30,5335.02,2025-11,0.2308,0.4396,6,30,447.92,,0,0,2025-11-24,0.62,1791.68,2009.9000000000005,atenção
AVB0904,Balneario_Camboriu-Norte-apartamento-TOP-3Q,Carteira 6,SC,"Balneário Camboriú, SC","Balneário Camboriú, SC, Pioneiros",1,2,0.0,29,6880.88,2025-11,0.0,0.6094,0,30,0.0,909.0,6,28,2025-11-24,0.0,0.0,6880.88,crítico
CAC0301,Florianopolis-Ingleses_Praia-apartamento-SUP-2Q,Carteira 1,SC,"Florianópolis, SC","Florianópolis, SC, Ingleses do Rio Vermelho",5,354,3664.49,57,3264.0,2025-11,0.6,0.4856,15,30,348.67,280.67,6,0,2025-11-24,1.12,1743.3500000000001,-400.4899999999998,ok
CLF0417,Salvador-Flamengo-apartamento-SUP-1Q,Carteira 2,BA,"Salvador, BA","Salvador, BA, Stella Maris",2,9,2680.58,27,2248.21,2025-11,0.75,0.4798,21,30,147.33,,0,0,2025-11-24,1.19,294.66,-432.3699999999999,ok
CNB007,Especial-CNB-casa-TOP-1Q,Especial,SP,"Campos do Jordão, SP","Campos do Jordão, SP, Jardim Europa",1,596,10664.11,18,5690.11,2025-11,0.6207,0.6166,18,30,620.85,340.0,1,7,2025-11-24,1.87,620.85,-4974.000000000001,ok
CSD0101,Bombinhas-Bombas-apartamento-SUP-3Q,Carteira 6,SC,"Bombinhas, SC","Bombinhas, SC, Bombas",9,368,3741.08,24,2859.23,2025-11,0.7143,0.4288,15,30,322.87,,0,0,2025-11-24,1.31,2905.83,-881.8499999999999,ok
CSE0102,Florianopolis-Canasvieiras_Meio-apartamento-SUP-3Q,Carteira 1,SC,"Florianópolis, SC","Florianópolis, SC, Canasvieiras",11,423,4870.46,30,5335.02,2025-11,0.7368,0.4396,14,30,403.5,719.0,1,14,2025-11-24,0.91,4438.5,464.5600000000004,berlinda
EOX0705,Florianopolis-Centrao-apartamento-JR-1Q,Carteira 4,SC,"Florianópolis, SC","Florianópolis, SC, Centro",0,50,3742.17,72,3484.62,2025-11,0.9333,0.6339,28,30,152.86,,0,0,2025-11-24,1.07,0.0,-257.5500000000002,berlinda
ERU032,Bombinhas-Bombas-apartamento-SUP-2Q,Carteira 6,SC,"Bombinhas, SC","Bombinhas, SC, Bombas",0,1235,4192.9,82,2339.42,2025-11,0.8333,0.3831,25,30,212.2,144.0,1,0,2025-11-24,1.79,0.0,-1853.4799999999996,ok
EVB0411,Itapema-Meia_Praia-Sul-apartamento-SUP-2Q,Carteira 6,SC,"Itapema, SC","Itapema, SC, Meia Praia",0,11,4291.99,21,2510.66,2025-11,0.9667,0.4178,29,30,134.45,,0,0,2025-11-24,1.71,0.0,-1781.33,ok
EVO0801,Guarapari-Praia_do_Morro-apartamento-TOP-3Q,Carteira 4,ES,"Guarapari, ES","Guarapari, ES, Praia do Morro",3,535,2206.48,38,4025.44,2025-11,0.3333,0.4282,9,30,305.0,222.0,1,0,2025-11-24,0.55,915.0,1818.96,atenção
FFS0706,Itapema-Meia_Praia-Sul-apartamento-SUP-1Q,Carteira 6,SC,"Itapema, SC","Itapema, SC, Meia Praia",0,10,3846.68,19,2238.48,2025-11,0.9667,0.5187,29,30,156.55,,0,0,2025-11-24,1.72,0.0,-1608.1999999999998,ok
GIU0003,Porto_Seguro-Pataxos-apartamento-JR-2Q,Carteira 2,BA,"Porto Seguro, BA","Porto Seguro, BA, Paraíso dos Pataxós",0,365,1097.96,45,1927.04,2025-11,0.2333,0.3383,7,30,181.29,137.0,6,0,2025-11-24,0.57,0.0,829.0799999999999,atenção
HRE0035,Ubatuba-Toninhas-apartamento-TOP-2Q,Carteira 4,SP,"Ubatuba, SP","Ubatuba, SP, Toninhas",0,396,5694.49,34,8350.24,2025-11,0.4667,0.6543,14,30,459.5,316.5,4,0,2025-11-24,0.68,0.0,2655.75,atenção
JBV207,Especial-JBV-hotel-TOP-1Q,Especial,SC,"Florianópolis, SC","Florianópolis, SC, Jurerê",3,422,10311.44,34,11467.8,2025-11,0.7407,0.7407,20,30,662.4,552.33,3,0,2025-11-24,0.9,1987.1999999999998,1156.3599999999988,berlinda
NWT0305,Especial-NWT-apartamento-TOP-1Q,Carteira 5,AL,"Maceió, AL","Maceió, AL, Pajuçara",0,232,6723.27,43,5085.72,2025-11,0.7667,0.6637,23,30,372.48,280.0,2,0,2025-11-24,1.32,0.0,-1637.5500000000002,ok
NWT0714,Especial-NWT-apartamento-TOP-1Q,Carteira 5,AL,"Maceió, AL","Maceió, AL, Pajuçara",0,186,4944.25,43,5085.72,2025-11,0.6333,0.6637,19,30,327.58,,0,0,2025-11-24,0.97,0.0,141.47000000000025,berlinda
NWT0812,Especial-NWT-apartamento-TOP-1Q,Carteira 5,AL,"Maceió, AL","Maceió, AL, Pajuçara",0,186,4911.88,43,5085.72,2025-11,0.6,0.6637,18,30,325.94,280.0,3,0,2025-11-24,0.97,0.0,173.84000000000015,berlinda
OBD2108,Goiania-Central-apartamento-SUP-2Q,Carteira 1_sys-price,GO,"Goiânia, GO","Goiânia, GO, Setor Bueno",3,71,2458.06,57,3485.85,2025-11,0.5185,0.5275,14,30,205.93,214.33,6,0,2025-11-24,0.71,617.79,1027.79,atenção
PLG0012,Florianopolis-Canto_da_Lagoa-apartamento-SUP-1Q,Carteira 1,SC,"Florianópolis, SC","Florianópolis, SC, Lagoa da Conceição",8,214,2597.08,19,3549.44,2025-11,0.6364,0.5481,14,30,239.93,172.0,1,0,2025-11-24,0.73,1919.44,952.3600000000001,atenção
RIH0902,Porto_Belo-Geral-apartamento-SUP-2Q,Carteira 6,SC,"Porto Belo, SC","Porto Belo, SC, Pereque",5,16,2884.44,36,1884.19,2025-11,0.92,0.3871,23,30,160.48,,0,0,2025-11-24,1.53,802.4,-1000.25,ok
RPB038,Florianopolis-Cachoeira_Bom_Jesus-apartamento-JR-2Q,Carteira 1,SC,"Florianópolis, SC","Florianópolis, SC, Cachoeira do Bom Jesus",7,823,3786.04,14,1211.7,2025-11,0.7391,0.207,17,30,272.76,,0,0,2025-11-24,3.12,1909.32,-2574.34,meta_subestimada
RTA042,Balneario_Camboriu-Intermediario-apartamento-SUP-2Q,Carteira 6,SC,"Balneário Camboriú, SC","Balneário Camboriú, SC, Centro",1,989,4363.95,93,3620.15,2025-11,0.7931,0.5008,23,30,238.78,163.4,5,0,2025-11-24,1.21,238.78,-743.7999999999997,ok
STI210,Florianopolis-Ingleses_Centro-apartamento-SUP-1Q,Carteira 1,SC,"Florianópolis, SC","Florianópolis, SC, Ingleses do Rio Vermelho",0,1690,2397.4,31,1842.38,2025-11,0.4333,0.4456,13,30,206.38,182.67,6,0,2025-11-24,1.3,0.0,-555.02,ok
TSO0602,Balneario_Camboriu-Longe-apartamento-MASTER-2Q,Carteira 6,SC,"Balneário Camboriú, SC","Balneário Camboriú, SC, Estados",6,211,6775.09,40,5765.39,2025-11,0.9583,0.5816,23,30,337.74,,0,0,2025-11-24,1.18,2026.44,-1009.6999999999998,ok
UPP0516,Curitiba-Centro-apartamento-JR-1Q,Carteira 4,PR,"Curitiba, PR","Curitiba, PR, Alto da XV",0,26,3149.41,289,2479.88,2025-11,0.8667,0.6885,26,30,136.27,,0,0,2025-11-24,1.27,0.0,-669.5299999999997,ok
VDB0201,Gramado-Centro-apartamento-SUP-2Q,Carteira 4,RS,"Gramado, RS","Gramado, RS, Centro",2,261,5719.85,95,9345.63,2025-11,0.6786,0.7304,19,30,501.58,240.0,2,0,2025-11-24,0.61,1003.16,3625.779999999999,atenção
VLPF0103,Mata_de_Sao_Joao-Praia_do_Forte_Longe-apartamento-SUP-2Q,Carteira 2,BA,"Mata de São João, BA","Mata de São João, BA, Centro",5,100,4217.68,15,2861.36,2025-11,0.6,0.4615,15,30,333.67,274.5,4,0,2025-11-24,1.47,1668.3500000000001,-1356.3200000000002,ok
VNO1417,Sao_Paulo-Republica-apartamento-SUP-1Q,Carteira 4_sys-price,SP,"São Paulo, SP","São Paulo, SP, Consolação",2,124,3113.36,470,3552.85,2025-11,0.8929,0.7444,25,30,157.6,,0,0,2025-11-24,0.88,315.2,439.4899999999998,berlinda
ADC104,Florianopolis-Cachoeira_Bom_Jesus-apartamento-TOP-2Q,Carteira 1,SC,"Florianópolis, SC","Florianópolis, SC, Cachoeira do Bom Jesus",7,488,2599.52,29,5562.4,2025-11,0.3913,0.4609,9,30,331.0,,0,0,2025-11-24,0.47,2317.0,2962.8799999999997,crítico
CBL307,Canela-Geral-apartamento-JR-3Q,Carteira 4,RS,"Canela, RS","Canela, RS, Vila Luiza",7,843,3931.66,34,3037.03,2025-11,0.3913,0.5389,9,30,454.89,210.0,2,0,2025-11-24,1.29,3184.23,-894.6299999999997,ok
EAR0401,Florianopolis-Ingleses_Norte-apartamento-TOP-2Q,Carteira 1,SC,"Florianópolis, SC","Florianópolis, SC, Ingleses do Rio Vermelho",0,703,4954.59,21,5532.65,2025-11,0.5667,0.6262,17,30,344.12,218.33,3,0,2025-11-24,0.9,0.0,578.0599999999995,berlinda
EMB686,Bombinhas-Mariscal-casa-SUP-3Q,Carteira 6,SC,"Bombinhas, SC","Bombinhas, SC, Mariscal",3,1482,2567.44,12,3380.09,2025-11,0.4074,0.3231,11,30,261.0,235.0,6,28,2025-11-24,0.76,783.0,812.6500000000001,atenção
JZZ702,Itapema-Praia_Itapema-apartamento-SUP-2Q,Carteira 6,SC,"Itapema, SC","Itapema, SC, Morretes",1,598,2847.21,16,3455.04,2025-11,0.7931,0.5108,23,30,151.57,172.67,3,0,2025-11-24,0.82,151.57,607.8299999999999,berlinda
MHFA1607,Itapema-Canto_Praia-apartamento-SUP-1Q,Carteira 5,SC,"Itapema, SC","Itapema, SC, Centro",1,393,3830.02,14,2356.68,2025-11,0.7241,0.4102,21,30,197.52,,0,14,2025-11-24,1.63,197.52,-1473.3400000000001,ok
NOH1302,Itapema-Meia_Praia-Sul-apartamento-TOP-3Q,Carteira 6,SC,"Itapema, SC","Itapema, SC, Castelo Branco",0,89,4283.01,16,3464.04,2025-11,0.5333,0.3,16,30,308.75,600.0,3,13,2025-11-24,1.24,0.0,-818.9700000000003,ok
NWT0909,Especial-NWT-apartamento-TOP-1Q,Carteira 5,AL,"Maceió, AL","Maceió, AL, Pajuçara",1,214,6905.33,43,5085.72,2025-11,0.8276,0.6637,24,30,339.5,250.0,1,0,2025-11-24,1.36,339.5,-1819.6099999999997,ok
NWT0912,Especial-NWT-apartamento-TOP-1Q,Carteira 5,AL,"Maceió, AL","Maceió, AL, Pajuçara",1,215,7323.07,43,5085.72,2025-11,0.9655,0.6637,28,30,317.39,,0,0,2025-11-24,1.44,317.39,-2237.3499999999995,ok
NWT1120,Especial-NWT-apartamento-TOP-1Q,Carteira 5,AL,"Maceió, AL","Maceió, AL, Pajuçara",2,4,4780.68,43,5085.72,2025-11,0.7143,0.6637,20,30,294.25,280.0,2,0,2025-11-24,0.94,588.5,305.03999999999996,berlinda
PDA0010,Camaçari-Jacuipe-casa-SUP-3Q,Carteira 2,BA,"Camaçari, BA","Camaçari, BA, Barra do Jacuipe",12,103,2299.79,14,4644.84,2025-11,0.5,0.4565,9,30,308.22,260.0,3,0,2025-11-24,0.5,3698.6400000000003,2345.05,crítico
PDC301,Ilheus-Sul-apartamento-JR-2Q,Carteira 2,BA,"Ilhéus, BA","Ilhéus, BA, São Francisco",0,766,1445.6,17,1516.32,2025-11,0.4333,0.3782,13,30,133.15,111.0,1,0,2025-11-24,0.95,0.0,70.72000000000003,berlinda
PGO301,Pocos_de_Caldas-Geral-apartamento-JR-1Q,Carteira 4,MG,"Poços de Caldas, MG","Poços de Caldas, MG, São Benedito",0,655,2593.48,26,1488.59,2025-11,0.6,0.3781,18,30,159.72,113.75,4,0,2025-11-24,1.74,0.0,-1104.89,ok
RBR0003,Salvador-Flamengo-apartamento-JR-2Q,Carteira 2,BA,"Salvador, BA","Salvador, BA, Praia do Flamengo",5,45,2564.49,13,2695.9,2025-11,0.76,0.5484,19,30,157.47,133.5,2,0,2025-11-24,0.95,787.35,131.4100000000003,berlinda
RCF160,Canela-Geral-casa-JR-3Q,Carteira 4,RS,"Canela, RS","Canela, RS, Vila Suzana",28,933,542.94,17,2948.62,2025-11,1.0,0.4827,2,30,355.0,,0,0,2025-11-24,0.18,9940.0,2405.68,crítico
RGO0502,Itapema-Meia_Praia-Sul-apartamento-SUP-2Q,Carteira 6,SC,"Itapema, SC","Itapema, SC, Castelo Branco",0,698,4755.52,21,2510.66,2025-11,0.9333,0.4178,28,30,217.29,194.5,2,0,2025-11-24,1.89,0.0,-2244.8600000000006,ok
SOV0103,Mata_de_Sao_Joao-Praia_Imbassai-casa-SUP-2Q,Carteira 2,BA,"Mata de São João, BA","Mata de São João, BA, Imbassaí",0,274,1301.94,14,3078.88,2025-11,0.2,0.4813,6,30,265.5,254.5,6,0,2025-11-24,0.42,0.0,1776.94,crítico
VIG0011,Florianopolis-Jurere_Tradicional-apartamento-SUP-2Q,Carteira 1,SC,"Florianópolis, SC","Florianópolis, SC, Jurerê",4,380,4010.22,17,5832.42,2025-11,0.5,0.5256,13,30,384.85,308.0,3,0,2025-11-24,0.69,1539.4,1822.2000000000003,atenção
VLO0414,Florianopolis-Jurere_Longe-apartamento-TOP-2Q,Carteira 1,SC,"Florianópolis, SC","Florianópolis, SC, Jurerê Internacional",3,379,4683.43,16,8083.58,2025-11,0.3333,0.6861,9,30,582.0,450.0,3,6,2025-11-24,0.58,1746.0,3400.1499999999996,atenção
BLS0355,Goiania-Central-apartamento-SUP-1Q,Carteira 1_sys-price,GO,"Goiânia, GO","Goiânia, GO, Setor Marista",0,585,3281.78,162,2535.55,2025-11,0.9,0.5616,27,30,157.26,140.0,1,0,2025-11-24,1.29,0.0,-746.23,ok
BSO0203,Itajai-Praia_Brava-apartamento-SUP-1Q,Carteira 6,SC,"Balneário Camboriú, SC","Balneário Camboriú, SC, Praia dos Amores",0,193,3528.13,12,2794.44,2025-11,0.8667,0.5466,26,30,160.85,,0,0,2025-11-24,1.26,0.0,-733.69,ok
CAU0199,Itapema-Meia_Praia-Norte-apartamento-JR-3Q,Carteira 6,SC,"Itapema, SC","Itapema, SC, Andorinha",0,44,4020.05,28,1912.44,2025-11,0.7,0.3958,21,30,217.62,120.0,2,0,2025-11-24,2.1,0.0,-2107.61,meta_subestimada
CDM0101,Itapema-Praia_Centro-apartamento-JR-3Q,Carteira 6,SC,"Itapema, SC","Itapema, SC, Tabuleiro dos Oliveiras",9,71,1297.81,27,2481.79,2025-11,0.4762,0.4232,10,30,164.0,132.0,3,0,2025-11-24,0.52,1476.0,1183.98,atenção
DMS0104,Gramado-Centro-apartamento-TOP-2Q,Carteira 4,RS,"Gramado, RS","Gramado, RS, Bairro Belverede",0,164,14249.2,55,11231.9,2025-11,0.9,0.7261,27,30,639.26,,0,3,2025-11-24,1.27,0.0,-3017.300000000001,ok
EFR0104,Cabo_Frio-Centro-apartamento-JR-3Q,Carteira 4,RJ,"Cabo Frio, RJ","Cabo Frio, RJ, Braga",7,662,1089.45,122,2350.4,2025-11,0.1304,0.3697,3,30,412.67,235.0,6,0,2025-11-24,0.46,2888.69,1260.95,crítico
ERE418,Maceio-Cruz_das_Almas-apartamento-SUP-1Q,Carteira 2,AL,"Maceió, AL","Maceió, AL, Cruz das Almas",0,551,2918.74,111,3620.98,2025-11,0.7333,0.7139,22,30,181.95,116.0,1,0,2025-11-24,0.81,0.0,702.2400000000002,berlinda
IDI0306,Balneario_Camboriu-Centro-apartamento-JR-2Q,Carteira 6,SC,"Balneário Camboriú, SC","Balneário Camboriú, SC, Barra Sul",0,177,4491.39,49,3454.39,2025-11,0.8,0.5285,24,30,221.33,162.0,3,0,2025-11-24,1.3,0.0,-1037.0000000000005,ok
ILC3111,Especial-ILC-hotel-JR-1Q,Especial,SC,"Florianópolis, SC","Florianópolis, SC, Jurerê Internacional",0,1898,10897.54,17,10796.7,2025-11,0.7,0.6721,21,30,635.33,,0,0,2025-11-24,1.01,0.0,-100.84000000000015,berlinda
IPS0701,Porto_Alegre-Jardim_Botanico-apartamento-SUP-1Q,Carteira 4,RS,"Porto Alegre, RS","Porto Alegre, RS, Petrópolis",15,43,1987.68,68,2372.5,2025-11,0.9333,0.5342,14,30,167.57,,0,0,2025-11-24,0.84,2513.5499999999997,384.81999999999994,berlinda
LEC0228,Brasilia-Asa_Sul-apartamento-SUP-1Q,Carteira 1_sys-price,DF,"Brasília, DF","Brasília, DF, Setor Sudoeste",1,253,5396.82,142,4188.45,2025-11,0.931,0.8532,27,30,239.48,,0,0,2025-11-24,1.29,239.48,-1208.37,ok
LES403,Florianopolis-Jurere_Longe-apartamento-TOP-3Q,Carteira 1,SC,"Florianópolis, SC","Florianópolis, SC, Jurerê Internacional",6,1536,9341.48,16,6711.23,2025-11,0.7917,0.5881,19,30,654.63,383.0,1,0,2025-11-24,1.39,3927.7799999999997,-2630.25,ok
LHE0201,Balneario_Camboriu-Centro-apartamento-SUP-3Q,Carteira 6,SC,"Balneário Camboriú, SC","Balneário Camboriú, SC, Barra Sul",1,44,7834.47,89,4292.03,2025-11,1.0,0.4983,29,30,283.79,,0,0,2025-11-24,1.83,283.79,-3542.4400000000005,ok
MHF1408,Itapema-Canto_Praia-apartamento-TOP-2Q,Carteira 5,SC,"Itapema, SC","Itapema, SC, Centro",5,296,4752.69,14,3147.32,2025-11,0.8,0.4145,20,30,313.45,,0,0,2025-11-24,1.51,1567.25,-1605.3699999999994,ok
NWT0602,Especial-NWT-apartamento-TOP-1Q,Carteira 5,AL,"Maceió, AL","Maceió, AL, Pajuçara",0,215,7622.85,43,5085.72,2025-11,0.8667,0.6637,26,30,371.31,298.0,1,0,2025-11-24,1.5,0.0,-2537.13,ok
OBP0305,Penha-Beto_Carrero-apartamento-TOP-2Q,Carteira 3,SC,"Penha, SC","Penha, SC, Armação",0,318,2216.77,49,4153.95,2025-11,0.3,0.4412,9,30,232.0,160.0,1,0,2025-11-24,0.53,0.0,1937.1799999999998,atenção
PAR0003,Urubici-Geral-casa-TOP-1Q,Carteira 3,SC,"Urubici, SC","Urubici, SC, Arroio do Engenho",1,729,3116.59,100,3484.64,2025-11,0.4483,0.2886,13,30,266.0,227.5,6,0,2025-11-24,0.89,266.0,368.0499999999997,berlinda
RSN301,Itapema-Longe-apartamento-JR-2Q,Carteira 6,SC,"Itapema, SC","Itapema, SC, Morretes",2,711,2171.51,44,1914.38,2025-11,0.7143,0.4283,20,30,120.95,110.0,2,0,2025-11-24,1.13,241.9,-257.1300000000001,ok
SPJ0504,Especial-SPJ-apartamento-TOP-1Q,Carteira 5,SC,"Florianópolis, SC","Florianópolis, SC, Jurerê",0,381,5948.61,16,6452.9,2025-11,0.8667,0.7069,26,30,310.54,278.0,3,0,2025-11-24,0.92,0.0,504.28999999999996,berlinda
SSG0207,Florianopolis-UFSC-apartamento-TOP-1Q,Carteira 4,SC,"Florianópolis, SC","Florianópolis, SC, Córrego Grande",2,920,3346.53,17,3684.75,2025-11,0.7143,0.6764,20,30,209.65,200.5,2,0,2025-11-24,0.91,419.3,338.2199999999998,berlinda
VDI0401,Guarapari-Nova_Guarapari-apartamento-SUP-4Q,Carteira 4,ES,"Guarapari, ES","Guarapari, ES, Meaípe",11,138,6219.7,56,3935.01,2025-11,0.7895,0.4208,15,30,497.13,433.5,2,0,2025-11-24,1.58,5468.43,-2284.6899999999996,ok
VNU1613,Sao_Paulo-Bela_Vista-apartamento-SUP-1Q,Carteira 4_sys-price,SP,"São Paulo, SP","São Paulo, SP, Bela Vista",1,44,2550.19,605,4142.47,2025-11,0.5862,0.7186,17,30,186.06,155.75,4,0,2025-11-24,0.62,186.06,1592.2800000000002,atenção
VST010,Especial-VST-casa-TOP-1Q,Carteira 5,SC,"Anitápolis, SC","Anitápolis, SC, Rio dos Pinheiros",2,487,3484.55,54,3890.57,2025-11,0.6786,0.3016,19,30,244.26,180.0,1,0,2025-11-24,0.9,488.52,406.02,berlinda
WBU2405,Goiania-Central-apartamento-TOP-1Q,Carteira 1_sys-price,GO,"Goiânia, GO","Goiânia, GO, Setor Bueno",0,772,2778.58,54,3159.15,2025-11,0.6333,0.5673,19,30,175.16,185.0,3,0,2025-11-24,0.88,0.0,380.57000000000016,berlinda
WSH0502,Curitiba-Batel-apartamento-SUP-1Q,Carteira 4,PR,"Curitiba, PR","Curitiba, PR, Bigorrilho",0,18,3569.62,200,3688.58,2025-11,0.9,0.6794,27,30,161.56,144.5,2,0,2025-11-24,0.97,0.0,118.96000000000004,berlinda
ATP0005,Porto_Seguro-Pitinga-casa-SUP-4Q,Carteira 2,BA,"Porto Seguro, BA","Porto Seguro, BA, Arraial D ajuda",2,3,1132.59,9,3906.63,2025-11,0.1071,0.3498,3,30,493.0,442.33,6,0,2025-11-24,0.29,986.0,2774.04,crítico
CCI003,Florianopolis-Ingleses_Norte-apartamento-TOP-2Q,Carteira 1,SC,"Florianópolis, SC","Florianópolis, SC, Ingleses do Rio Vermelho",0,1041,5352.75,21,5532.65,2025-11,0.6667,0.6262,20,30,360.8,,0,0,2025-11-24,0.97,0.0,179.89999999999964,berlinda
CMC101,Florianopolis-Ingleses_Norte-apartamento-JR-2Q,Carteira 1,SC,"Florianópolis, SC","Florianópolis, SC, Ingleses do Rio Vermelho",0,1046,2649.46,37,2023.39,2025-11,0.5,0.4458,15,30,220.93,171.0,6,0,2025-11-24,1.31,0.0,-626.0699999999999,ok
CMV004,Marau-Barra_Grande-casa-TOP-4Q,Carteira 2,BA,"Maraú, BA","Maraú, BA, Barra Grande",6,477,7738.15,7,8070.68,2025-11,0.5833,0.5,14,30,704.64,613.0,6,0,2025-11-24,0.96,4227.84,332.53000000000065,berlinda
CPM1110,Sao_Paulo-Pinheiros-apartamento-SUP-1Q,Carteira 4,SP,"São Paulo, SP","São Paulo, SP, Pinheiros",3,103,2758.31,429,4667.71,2025-11,0.5185,0.7106,14,30,246.86,170.33,3,0,2025-11-24,0.59,740.58,1909.4,atenção
CRN0705,Sao_Paulo-Bela_Vista-apartamento-TOP-1Q,Carteira 4_sys-price,SP,"São Paulo, SP","São Paulo, SP, Cerqueira César",1,246,7994.84,230,4695.93,2025-11,0.8966,0.7432,26,30,340.92,243.5,2,3,2025-11-24,1.7,340.92,-3298.91,ok
DBH0807,Guarapari-Praia_do_Morro-apartamento-JR-2Q,Carteira 4,ES,"Guarapari, ES","Guarapari, ES, Praia do Morro",0,68,1604.9,91,2227.12,2025-11,0.4667,0.525,14,30,152.29,135.5,6,0,2025-11-24,0.72,0.0,622.2199999999998,atenção
EAC403,Balneario_Camboriu-Centro-apartamento-JR-1Q,Carteira 6,SC,"Balneário Camboriú, SC","Balneário Camboriú, SC, Centro",2,733,3254.51,37,1985.43,2025-11,0.8929,0.5369,25,30,155.08,,0,0,2025-11-24,1.64,310.16,-1269.0800000000002,ok
EAZ305,Florianopolis-Itacorubi-apartamento-SUP-2Q,Carteira 4,SC,"Florianópolis, SC","Florianópolis, SC, João Paulo",2,597,5138.91,18,2498.33,2025-11,0.6786,0.5604,19,30,312.95,350.0,4,13,2025-11-24,2.06,625.9,-2640.58,meta_subestimada
EMP2201,Florianopolis-Canasvieiras_Perto-apartamento-SUP-2Q,Carteira 1,SC,"Florianópolis, SC","Florianópolis, SC, Canasvieiras",1,834,6820.57,26,4627.36,2025-11,0.7586,0.5521,22,30,406.95,230.0,2,0,2025-11-24,1.47,406.95,-2193.21,ok
HPN0618,Porto_Alegre-Cidade_Baixa-apartamento-JR-1Q,Carteira 4,RS,"Porto Alegre, RS","Porto Alegre, RS, Farroupilha",0,57,1275.24,45,2046.26,2025-11,0.4667,0.7061,14,30,119.43,115.0,5,0,2025-11-24,0.62,0.0,771.02,atenção
IAA0504,Recife-Boa_Viagem-apartamento-TOP-1Q,Carteira 2,PE,"Recife, PE","Recife, PE, Boa Viagem",0,598,4509.98,40,4981.09,2025-11,0.8,0.8137,24,30,225.33,180.0,1,0,2025-11-24,0.91,0.0,471.1100000000006,berlinda
IDA105,Florianopolis-Ingleses_Norte-apartamento-SUP-1Q,Carteira 1,SC,"Florianópolis, SC","Florianópolis, SC, Ingleses",0,876,4929.56,57,2409.04,2025-11,0.8667,0.5502,26,30,245.62,243.0,4,0,2025-11-24,2.05,0.0,-2520.5200000000004,meta_subestimada
ILC3308,Especial-ILC-hotel-TOP-1Q,Especial,SC,"Florianópolis, SC","Florianópolis, SC, Jurerê Internacional",0,1038,8475.49,30,11771.46,2025-11,0.4667,0.7857,14,30,766.57,420.0,1,0,2025-11-24,0.72,0.0,3295.9699999999993,atenção
IML0107,Bombinhas-Mariscal-apartamento-TOP-2Q,Carteira 6,SC,"Bombinhas, SC","Bombinhas, SC, Mariscal",1,487,6265.97,13,2287.14,2025-11,0.931,0.3531,27,30,292.67,,0,0,2025-11-24,2.74,292.67,-3978.8300000000004,meta_subestimada
IPTR0171,Balneario_Camboriu-Centro-apartamento-JR-2Q,Carteira 6,SC,"Balneário Camboriú, SC","Balneário Camboriú, SC, Centro",1,286,4829.18,49,3454.39,2025-11,0.9655,0.5285,28,30,220.46,168.0,1,0,2025-11-24,1.4,220.46,-1374.7900000000004,ok
ITFA039,Mata_de_Sao_Joao-Praia_Imbassai-apartamento-SUP-2Q,Carteira 2,BA,"Mata de São João, BA","Mata de São João, BA, Açu da Torre",1,516,4594.99,16,3756.74,2025-11,0.7931,0.5857,23,30,242.52,184.5,4,0,2025-11-24,1.22,242.52,-838.25,ok
MCD002,Campos_do_Jordao-Capivari_Centro-casa-SUP-3Q,Carteira 4,SP,"Campos do Jordão, SP","Campos do Jordão, SP, V Dubieux",9,542,588.82,12,3990.32,2025-11,0.0952,0.2715,2,30,402.0,359.17,6,0,2025-11-24,0.15,3618.0,3401.5,crítico
MHF2109,Itapema-Canto_Praia-apartamento-TOP-2Q,Carteira 5,SC,"Itapema, SC","Itapema, SC, Centro",0,498,6498.74,14,3147.32,2025-11,0.8333,0.4145,25,30,323.44,,0,0,2025-11-24,2.06,0.0,-3351.4199999999996,meta_subestimada
MOL0502,Sao_Paulo-Liberdade-apartamento-SUP-1Q,Carteira 4_sys-price,SP,"São Paulo, SP","São Paulo, SP, Liberdade",2,439,3487.27,85,3581.56,2025-11,0.6786,0.7173,19,30,217.68,169.5,2,0,2025-11-24,0.97,435.36,94.28999999999996,berlinda
MVC0098,Florianopolis-Cachoeira_Bom_Jesus-apartamento-SUP-3Q,Carteira 1,SC,"Florianópolis, SC","Florianópolis, SC, Ponta das Canas",3,9,1544.16,30,5335.02,2025-11,0.2222,0.4396,6,30,330.0,329.67,6,0,2025-11-24,0.29,990.0,3790.8600000000006,crítico
NOA0704,Sao_Paulo-Santo_Amaro-apartamento-SUP-1Q,Carteira 4,SP,"São Paulo, SP","São Paulo, SP, Santo Amaro",0,400,3288.31,157,3988.2,2025-11,0.7,0.6596,21,30,194.0,135.5,2,0,2025-11-24,0.82,0.0,699.8899999999999,berlinda
OBP0301,Penha-Beto_Carrero-apartamento-MASTER-2Q,Carteira 3,SC,"Penha, SC","Penha, SC, Armação",0,401,5798.87,27,5080.45,2025-11,0.7333,0.3811,22,30,324.64,315.0,4,0,2025-11-24,1.14,0.0,-718.4200000000001,ok
PSO0906,Penha-Beto_Carrero-apartamento-SUP-1Q,Carteira 3,SC,"Penha, SC","Penha, SC, Praia de Armação do Itapocoroi",0,101,2119.67,18,2190.5,2025-11,0.4333,0.486,13,30,188.54,153.33,3,0,2025-11-24,0.97,0.0,70.82999999999993,berlinda
PSOA0707,Penha-Beto_Carrero-apartamento-SUP-1Q,Carteira 3,SC,"Penha, SC","Penha, SC, Armação",0,136,3047.41,18,2190.5,2025-11,0.7333,0.486,22,30,170.27,207.0,1,0,2025-11-24,1.39,0.0,-856.9099999999999,ok
QTIB0301,Florianopolis-Ingleses_Norte-apartamento-JR-2Q,Carteira 1,SC,"Florianópolis, SC","Florianópolis, SC, Ingleses do Rio Vermelho",0,113,2756.52,37,2023.39,2025-11,0.5667,0.4458,17,30,214.06,138.0,3,0,2025-11-24,1.36,0.0,-733.1299999999999,ok
REL0002,Imbituba-Praia_do_Rosa-casa-JR-1Q,Carteira 6,SC,"Imbituba, SC","Imbituba, SC, Ibiraquera",14,4,0.0,39,1541.63,2025-11,0.0,0.3097,0,30,0.0,500.0,6,30,2025-11-24,0.0,0.0,1541.63,crítico
RLN0104,Gramado-Geral-apartamento-JR-2Q,Carteira 4,RS,"Gramado, RS","Gramado, RS, Ipê Amarelo",7,304,4033.59,52,4002.49,2025-11,0.7391,0.5359,17,30,321.35,206.0,3,0,2025-11-24,1.01,2249.4500000000003,-31.100000000000364,berlinda
SDR006,Florianopolis-Lagoa-apartamento-SUP-1Q,Carteira 1,SC,"Florianópolis, SC","Florianópolis, SC, Lagoa da Conceição",0,1569,2821.97,27,3747.01,2025-11,0.6,0.7398,18,30,188.28,158.75,4,0,2025-11-24,0.75,0.0,925.0400000000004,atenção
SKL1003,Penha-Praia-apartamento-SUP-2Q,Carteira 6,SC,"Penha, SC","Penha, SC, Armação",0,37,4002.91,55,3663.31,2025-11,0.7,0.5039,21,30,290.95,196.0,1,0,2025-11-24,1.09,0.0,-339.5999999999999,berlinda
TVT1008,Florianopolis-Centrao-apartamento-MASTER-1Q,Carteira 4,SC,"Florianópolis, SC","Florianópolis, SC, Centro",0,589,6573.35,31,4552.17,2025-11,0.8,0.5762,24,30,331.46,253.0,1,0,2025-11-24,1.44,0.0,-2021.1800000000003,ok
TXP1405,Goiania-Central-apartamento-SUP-1Q,Carteira 1_sys-price,GO,"Goiânia, GO","Goiânia, GO, Setor Bueno",0,747,3093.73,162,2535.55,2025-11,0.8333,0.5616,25,30,153.96,143.0,1,0,2025-11-24,1.22,0.0,-558.1799999999998,ok
AGS0642,Bombinhas-Centro-casa-SUP-4Q,Carteira 6,SC,"Bombinhas, SC","Bombinhas, SC, Centro",10,540,6241.13,27,4890.58,2025-11,0.9,0.4769,18,30,417.22,220.0,1,0,2025-11-24,1.28,4172.200000000001,-1350.5500000000002,ok
ATC0301,Florianopolis-Cachoeira_Bom_Jesus-apartamento-TOP-1Q,Carteira 1,SC,"Florianópolis, SC","Florianópolis, SC, Cachoeira do Bom Jesus",0,367,4146.82,28,3723.28,2025-11,0.7,0.5008,21,30,243.76,203.5,2,9,2025-11-24,1.11,0.0,-423.5399999999995,ok
ELF0412,Bombinhas-Bombas-apartamento-SUP-1Q,Especial,SC,"Bombinhas, SC","Bombinhas, SC, José Amândio",13,192,2460.82,45,3072.04,2025-11,0.9412,0.4924,16,30,181.25,,0,7,2025-11-24,0.8,2356.25,611.2199999999998,berlinda
FFS0809,Itapema-Meia_Praia-Sul-apartamento-TOP-1Q,Carteira 6,SC,"Itapema, SC","Itapema, SC, Meia Praia",0,10,3644.94,29,2569.38,2025-11,0.8333,0.4078,25,30,189.32,154.5,2,0,2025-11-24,1.42,0.0,-1075.56,ok
FFS1107,Itapema-Meia_Praia-Sul-apartamento-SUP-1Q,Carteira 6,SC,"Itapema, SC","Itapema, SC, Meia Praia",0,10,3422.55,19,2238.48,2025-11,0.9667,0.5187,29,30,148.86,,0,0,2025-11-24,1.53,0.0,-1184.0700000000002,ok
FUA0002,Ubatuba-Praia_do_Lazaro-apartamento-JR-1Q,Carteira 4,SP,"Ubatuba, SP","Ubatuba, SP, Lázaro Praia Domingos Dias",0,33,660.48,27,2895.42,2025-11,0.1333,0.5069,4,30,191.25,180.17,6,0,2025-11-24,0.23,0.0,2234.94,crítico
JBV208,Especial-JBV-hotel-TOP-1Q,Especial,SC,"Florianópolis, SC","Florianópolis, SC, Jurerê Internacional",0,1069,16173.65,34,11467.8,2025-11,0.9667,0.7407,29,30,737.76,827.0,1,0,2025-11-24,1.41,0.0,-4705.85,ok
JRR309,Florianopolis-Jurere_Tradicional-apartamento-TOP-3Q,Carteira 1,SC,"Florianópolis, SC","Florianópolis, SC, Jurerê",3,142,9667.08,19,9386.02,2025-11,0.7407,0.5468,20,30,618.9,,0,0,2025-11-24,1.03,1856.6999999999998,-281.0599999999995,berlinda
NWT0606,Especial-NWT-apartamento-TOP-1Q,Carteira 5,AL,"Maceió, AL","Maceió, AL, Pajuçara",0,215,5775.91,43,5085.72,2025-11,0.7667,0.6637,23,30,294.3,250.0,2,0,2025-11-24,1.14,0.0,-690.1899999999996,ok
ODE1710,Sao_Paulo-Pompeia-apartamento-SUP-1Q,Carteira 4,SP,"São Paulo, SP","São Paulo, SP, Perdizes",0,136,1817.6,71,3769.75,2025-11,0.3667,0.5545,11,30,192.86,130.0,3,0,2025-11-24,0.48,0.0,1952.15,crítico
PDM0002,Porto_Seguro-Pataxos-apartamento-JR-2Q,Carteira 2,BA,"Porto Seguro, BA","Porto Seguro, BA, Taperapuan",0,59,1121.91,45,1927.04,2025-11,0.2,0.3383,6,30,194.83,136.67,6,0,2025-11-24,0.58,0.0,805.1299999999999,atenção
PLN0415,Brasilia-Lago_Norte-apartamento-SUP-1Q,Carteira 1_sys-price,DF,"Brasília, DF","Guará, DF, Centro",0,761,4731.25,150,4055.87,2025-11,0.8667,0.8125,26,30,196.65,,0,0,2025-11-24,1.17,0.0,-675.3800000000001,ok
REI0206,Salvador-Piata-apartamento-SUP-2Q,Carteira 5,BA,"Salvador, BA","Salvador, BA, Piatã",0,39,1611.33,52,3410.02,2025-11,0.3333,0.6207,10,30,196.7,,0,0,2025-11-24,0.47,0.0,1798.69,crítico
RRA0103,Florianopolis-Praia_Brava-apartamento-TOP-3Q,Carteira 1,SC,"Florianópolis, SC","Florianópolis, SC, Praia Brava",3,423,2025.06,19,4428.29,2025-11,0.1852,0.5983,5,30,570.8,406.0,2,0,2025-11-24,0.46,1712.3999999999999,2403.23,crítico
SOA0107,Salvador-Boca_do_Rio-apartamento-SUP-1Q,Carteira 2,BA,"Salvador, BA","Salvador, BA, Boca do Rio",0,318,2648.99,34,3140.34,2025-11,0.7333,0.6738,22,30,147.05,131.0,2,17,2025-11-24,0.84,0.0,491.35000000000036,berlinda
SOA0912,Salvador-Boca_do_Rio-apartamento-SUP-2Q,Carteira 2,BA,"Salvador, BA","Salvador, BA, Boca do Rio",1,155,4683.88,17,3548.18,2025-11,0.8276,0.6989,24,30,220.29,130.0,1,0,2025-11-24,1.32,220.29,-1135.7000000000003,ok
SPT0304,Blumenau-Central-apartamento-JR-1Q,Carteira 4,SC,"Blumenau, SC","Blumenau, SC, Itoupava Seca",16,533,186.34,42,910.58,2025-11,0.1429,0.3663,2,30,100.0,100.0,1,19,2025-11-24,0.2,1600.0,724.24,crítico
TXP0903,Goiania-Central-apartamento-SUP-1Q,Carteira 1_sys-price,GO,"Goiânia, GO","Goiânia, GO, Setor Bueno",0,778,3209.28,162,2535.55,2025-11,0.7,0.5616,21,30,160.17,141.5,2,0,2025-11-24,1.27,0.0,-673.73,ok
UPP0505,Curitiba-Centro-apartamento-JR-1Q,Carteira 4,PR,"Curitiba, PR","Curitiba, PR, Alto da XV",0,24,2085.83,289,2479.88,2025-11,0.6333,0.6885,19,30,134.95,130.0,6,0,2025-11-24,0.84,0.0,394.0500000000002,berlinda
VAS1009,Sao_Paulo-Pompeia-apartamento-SUP-1Q,Carteira 4,SP,"São Paulo, SP","São Paulo, SP, Pompeia",0,143,2138.23,71,3769.75,2025-11,0.5333,0.5545,16,30,167.94,157.5,4,0,2025-11-24,0.57,0.0,1631.52,atenção
CAP0302,Gramado-Carniel-apartamento-TOP-2Q,Carteira 4,RS,"Gramado, RS","Gramado, RS, Carniel",0,690,7158.23,107,9099.89,2025-11,0.6667,0.6831,20,30,460.5,212.0,2,0,2025-11-24,0.79,0.0,1941.6599999999999,atenção
CNU202,Florianopolis-Ingleses_Norte-apartamento-JR-2Q,Carteira 1,SC,"Florianópolis, SC","Florianópolis, SC, Ingleses do Rio Vermelho",0,1187,2062.97,37,2023.39,2025-11,0.4,0.4458,12,30,231.42,154.33,3,0,2025-11-24,1.02,0.0,-39.5799999999997,berlinda
EMA0201,Itapema-Meia_Praia-Sul-apartamento-TOP-3Q,Carteira 6,SC,"Itapema, SC","Itapema, SC, Meia Praia",11,232,5832.67,16,3464.04,2025-11,0.8421,0.3,16,30,447.81,200.0,1,0,2025-11-24,1.68,4925.91,-2368.63,ok
GSE0110,Cabedelo-Intermares-apartamento-MASTER-1Q,Carteira 2,PB,"João Pessoa, PB","João Pessoa, PB, Bessa",12,24,1856.39,41,5162.05,2025-11,0.4444,0.7338,8,30,266.87,234.33,6,0,2025-11-24,0.36,3202.44,3305.66,crítico
JBV134,Especial-JBV-hotel-JR-1Q,Especial,SC,"Florianópolis, SC","Florianópolis, SC, Jurerê",4,1971,9054.22,27,10333.97,2025-11,0.9231,0.693,24,30,459.83,,0,0,2025-11-24,0.88,1839.32,1279.75,berlinda
LBH104,São_Miguel_dos_Milagres-Geral-casa-SUP-2Q,Carteira 2,AL,"Passo de Camaragibe, AL","Passo de Camaragibe, AL, Passo de Camaragibe",6,631,1982.31,20,4963.57,2025-11,0.3333,0.5356,8,30,333.13,266.17,6,0,2025-11-24,0.4,1998.78,2981.2599999999998,crítico
MGI0068,Porto_Seguro-Pitinga-casa-TOP-3Q,Carteira 2,BA,"Porto Seguro, BA","Porto Seguro, BA, Alto da Pitinga",2,54,2958.48,9,3906.63,2025-11,0.1429,0.3498,4,30,1105.0,800.0,6,25,2025-11-24,0.76,2210.0,948.1500000000001,atenção
NWT0710,Especial-NWT-apartamento-TOP-1Q,Carteira 5,AL,"Maceió, AL","Maceió, AL, Pajuçara",0,186,5861.22,43,5085.72,2025-11,0.7,0.6637,21,30,359.05,280.0,1,0,2025-11-24,1.15,0.0,-775.5,ok
PSO0501,Penha-Beto_Carrero-apartamento-SUP-1Q,Carteira 3,SC,"Penha, SC","Penha, SC, Praia de Armação do Itapocoroi",0,92,4115.97,18,2190.5,2025-11,0.7667,0.486,23,30,208.0,180.0,1,0,2025-11-24,1.88,0.0,-1925.4700000000003,ok
RHE201,Bombinhas-Mariscal-casa-JR-2Q,Carteira 6,SC,"Bombinhas, SC","Bombinhas, SC, Morrinhos",1,575,2113.68,27,1459.87,2025-11,0.5862,0.3243,17,30,156.29,,0,0,2025-11-24,1.45,156.29,-653.81,ok
ROR0001,Bombinhas-Bombas-apartamento-SUP-2Q,Carteira 6,SC,"Bombinhas, SC","Bombinhas, SC, Bombas",1,785,4094.94,82,2339.42,2025-11,0.9655,0.3831,28,30,193.43,,0,0,2025-11-24,1.75,193.43,-1755.52,ok
RVG0207,Florianopolis-Ingleses_Norte-apartamento-SUP-2Q,Carteira 1,SC,"Florianópolis, SC","Florianópolis, SC, Ingleses Norte",3,201,3430.08,86,2552.46,2025-11,0.5556,0.3604,15,30,281.87,204.5,2,0,2025-11-24,1.34,845.61,-877.6199999999999,ok
SDP0206,Florianopolis-Ingleses_Praia-apartamento-SUP-2Q,Carteira 1,SC,"Florianópolis, SC","Florianópolis, SC, Ingleses do Rio Vermelho",2,946,3466.61,57,3264.0,2025-11,0.4643,0.4856,13,30,366.77,252.0,3,0,2025-11-24,1.06,733.54,-202.61000000000013,berlinda
SHA0104,Balneario_Picarras-Geral-apartamento-SUP-2Q,Carteira 6,SC,"Balneário Piçarras, SC","Balneário Piçarras, SC, Centro",7,45,1762.85,85,1751.85,2025-11,0.6522,0.3621,15,30,144.2,115.0,1,0,2025-11-24,1.01,1009.3999999999999,-11.0,berlinda
TCO1014,Porto_Alegre-Centro_Historico-apartamento-SUP-1Q,Carteira 4,RS,"Porto Alegre, RS","Porto Alegre, RS, Centro Histórico",0,572,2441.16,77,2393.45,2025-11,0.7333,0.6126,22,30,140.55,120.0,3,0,2025-11-24,1.02,0.0,-47.710000000000036,berlinda
CNA004,Especial-CNA-casa-MASTER-1Q,Especial,SP,"Campos do Jordão, SP","Campos do Jordão, SP, Jardim Europa",0,1016,15811.84,26,9055.36,2025-11,0.8667,0.5061,26,30,729.15,,0,0,2025-11-24,1.75,0.0,-6756.48,ok
CNB013,Especial-CNB-casa-TOP-1Q,Especial,SP,"Campos do Jordão, SP","Campos do Jordão, SP, Jardim Europa",0,590,7270.77,18,5690.11,2025-11,0.3333,0.6166,10,30,734.92,325.0,4,7,2025-11-24,1.28,0.0,-1580.6600000000008,ok
CZZ0306,Urubici-Geral-apartamento-SUP-1Q,Especial,SC,"Urubici, SC","Urubici, SC, Centro",1,5,2960.98,55,1722.65,2025-11,0.5862,0.2319,17,30,207.47,167.33,3,0,2025-11-24,1.72,207.47,-1238.33,ok
CZZ0507,Urubici-Geral-apartamento-SUP-1Q,Especial,SC,"Urubici, SC","Urubici, SC, Centro",2,134,1897.08,55,1722.65,2025-11,0.4643,0.2319,13,30,191.77,178.0,6,0,2025-11-24,1.1,383.54,-174.42999999999984,ok
EAC1302,Balneario_Camboriu-Centro-apartamento-JR-3Q,Carteira 6,SC,"Balneário Camboriú, SC","Balneário Camboriú, SC, Centro",7,733,3365.14,50,3982.05,2025-11,0.7826,0.4873,18,30,215.67,,0,0,2025-11-24,0.85,1509.6899999999998,616.9100000000003,berlinda
EDG403,Balneario_Camboriu-Centro-apartamento-JR-1Q,Carteira 6,SC,"Balneário Camboriú, SC","Balneário Camboriú, SC, Centro",0,956,4340.89,37,1985.43,2025-11,0.9333,0.5369,28,30,192.14,126.0,1,0,2025-11-24,2.19,0.0,-2355.46,meta_subestimada
EPM0803,Guarapari-Muquicaba-apartamento-SIM-1Q,Carteira 4,ES,"Guarapari, ES","Guarapari, ES, Muquiçaba",2,177,1880.95,23,1329.46,2025-11,0.3571,0.4296,10,30,196.1,175.33,6,0,2025-11-24,1.41,392.2,-551.49,ok
HOA0906,Salvador-Ondina_Rio_Vermelho-apartamento-TOP-1Q,Carteira 2,BA,"Salvador, BA","Salvador, BA, Ondina",0,285,4322.67,35,4613.2,2025-11,0.8,0.7196,24,30,206.42,220.0,3,0,2025-11-24,0.94,0.0,290.52999999999975,berlinda
ILC4115,Especial-ILC-hotel-TOP-1Q,Especial,SC,"Florianópolis, SC","Florianópolis, SC, Jurerê Internacional",0,1657,9674.75,30,11771.46,2025-11,0.6667,0.7857,20,30,616.5,489.0,3,0,2025-11-24,0.82,0.0,2096.709999999999,berlinda
KPL0806,Florianopolis-Sao_Jose-apartamento-TOP-1Q,Carteira 4,SC,"São José, SC","São José, SC, Campinas",0,80,4735.95,26,3477.24,2025-11,0.7,0.5253,21,30,271.29,200.0,4,0,2025-11-24,1.36,0.0,-1258.71,ok
LRM0226,Itapema-Longe-casa-JR-2Q,Carteira 6,SC,"Itapema, SC","Itapema, SC, Morretes",0,81,3062.44,23,1710.49,2025-11,0.7,0.3581,21,30,183.19,110.0,4,0,2025-11-24,1.79,0.0,-1351.95,ok
MHF0902,Itapema-Canto_Praia-apartamento-TOP-2Q,Carteira 5,SC,"Itapema, SC","Itapema, SC, Centro",0,407,4952.42,14,3147.32,2025-11,0.7333,0.4145,22,30,306.77,270.33,6,0,2025-11-24,1.57,0.0,-1805.1,ok
MUT0056,Santa_Cruz_Cabralia-Coroa_Vermelha-apartamento-TOP-3Q,Carteira 2,BA,"Santa Cruz Cabrália, BA","Santa Cruz Cabrália, BA, Coroa Vermelha",7,248,5111.91,10,6171.48,2025-11,0.6957,0.6708,16,30,437.13,,0,0,2025-11-24,0.83,3059.91,1059.5699999999997,berlinda
NBL0606,Porto_Alegre-Jardim_Botanico-apartamento-SUP-1Q,Carteira 4,RS,"Porto Alegre, RS","Porto Alegre, RS, Santa Cecília",0,666,1247.16,68,2372.5,2025-11,0.4,0.5342,12,30,130.0,130.0,2,0,2025-11-24,0.53,0.0,1125.34,atenção
NWT0319,Especial-NWT-apartamento-TOP-1Q,Carteira 5,AL,"Maceió, AL","Maceió, AL, Pajuçara",0,320,6748.93,43,5085.72,2025-11,0.7667,0.6637,23,30,355.78,280.0,2,0,2025-11-24,1.33,0.0,-1663.21,ok
NWT0914,Especial-NWT-apartamento-TOP-1Q,Carteira 5,AL,"Maceió, AL","Maceió, AL, Pajuçara",2,221,5501.23,43,5085.72,2025-11,0.7143,0.6637,20,30,337.35,250.0,3,0,2025-11-24,1.08,674.7,-415.5099999999993,berlinda
NWT1006,Especial-NWT-apartamento-TOP-1Q,Carteira 5,AL,"Maceió, AL","Maceió, AL, Pajuçara",0,199,5724.58,43,5085.72,2025-11,0.7667,0.6637,23,30,300.61,,0,0,2025-11-24,1.13,0.0,-638.8599999999997,ok
NWT1322,Especial-NWT-apartamento-TOP-1Q,Carteira 5,AL,"Maceió, AL","Maceió, AL, Pajuçara",0,309,7589.65,43,5085.72,2025-11,0.8,0.6637,24,30,392.75,307.25,4,0,2025-11-24,1.49,0.0,-2503.9299999999994,ok
RGOB701,Itapema-Meia_Praia-Sul-apartamento-SUP-1Q,Carteira 6,SC,"Itapema, SC","Itapema, SC, Castelo Branco",0,110,3233.75,19,2238.48,2025-11,0.9,0.5187,27,30,162.11,155.0,3,0,2025-11-24,1.44,0.0,-995.27,ok
RNE0301,Porto_Belo-Geral-apartamento-JR-3Q,Carteira 6,SC,"Porto Belo, SC","PORTO BELO, SC, PEREQUÊ",12,373,2437.94,35,2014.63,2025-11,0.8889,0.3883,16,30,195.88,168.0,1,0,2025-11-24,1.21,2350.56,-423.30999999999995,ok
RRV0202,Navegantes-Gravata-apartamento-SUP-2Q,Carteira 6,SC,"Navegantes, SC","Navegantes, SC, Gravatá",0,36,1655.69,22,2270.84,2025-11,0.3667,0.4569,11,30,174.82,135.75,4,0,2025-11-24,0.73,0.0,615.1500000000001,atenção
RUC0003,Bombinhas-Mariscal-casa-JR-2Q,Carteira 6,SC,"Bombinhas, SC","Bombinhas, SC, Canto Grande",0,332,2360.25,27,1459.87,2025-11,0.7,0.3243,21,30,130.14,,0,0,2025-11-24,1.62,0.0,-900.3800000000001,ok
SFR0411,Bombinhas-Centro-apartamento-SUP-1Q,Carteira 6,SC,"Bombinhas, SC","Bombinhas, SC, Centro",0,37,4813.95,35,3520.7,2025-11,0.9333,0.6125,28,30,202.32,,0,0,2025-11-24,1.37,0.0,-1293.25,ok
SSG0107,Florianopolis-UFSC-apartamento-TOP-1Q,Carteira 4,SC,"Florianópolis, SC","Florianópolis, SC, Córrego Grande",0,758,3850.25,17,3684.75,2025-11,0.8333,0.6764,25,30,299.32,184.0,1,0,2025-11-24,1.04,0.0,-165.5,berlinda
TNP0713,Sao_Paulo-Bela_Vista-apartamento-SUP-1Q,Carteira 4_sys-price,SP,"São Paulo, SP","São Paulo, SP, Cerqueira César",17,22,2138.09,605,4142.47,2025-11,1.0,0.7186,13,30,188.38,,0,0,2025-11-24,0.52,3202.46,2004.38,atenção
TPS204,Florianopolis-Canasvieiras_Meio-apartamento-TOP-1Q,Carteira 1,SC,"Florianópolis, SC","Florianópolis, SC, Canasvieiras",0,897,2607.7,26,4125.61,2025-11,0.5,0.558,15,30,205.47,222.83,6,0,2025-11-24,0.63,0.0,1517.9099999999999,atenção
TPS212,Florianopolis-Canasvieiras_Meio-apartamento-TOP-1Q,Carteira 1,SC,"Florianópolis, SC","Florianópolis, SC, Canasvieiras",0,1030,4368.21,26,4125.61,2025-11,0.7333,0.558,22,30,250.27,,0,0,2025-11-24,1.06,0.0,-242.60000000000036,berlinda
TRO0154,Sao_Paulo-Pompeia-apartamento-SUP-1Q,Carteira 4,SP,"São Paulo, SP","São Paulo, SP, Pompeia",2,100,4322.52,71,3769.75,2025-11,0.8929,0.5545,25,30,213.24,,0,0,2025-11-24,1.15,426.48,-552.7700000000004,ok
VIL0002,Penha-Longe-apartamento-JR-1Q,Carteira 6,SC,"Penha, SC","Penha, SC, Santa Lidia",0,71,2240.0,20,1317.54,2025-11,0.8333,0.3497,25,30,106.6,90.0,3,0,2025-11-24,1.7,0.0,-922.46,ok
CON1506,Porto_Alegre-PUC_RS-apartamento-SUP-1Q,Carteira 4,RS,"Porto Alegre, RS","Porto Alegre, RS, Partenon",0,894,2106.81,22,1514.38,2025-11,0.6667,0.4503,20,30,130.5,,0,0,2025-11-24,1.39,0.0,-592.4299999999998,ok
CSD0302,Bombinhas-Bombas-apartamento-TOP-3Q,Carteira 6,SC,"Bombinhas, SC","Bombinhas, SC, Bombas",0,459,7385.86,15,4379.63,2025-11,0.8667,0.4551,26,30,378.85,,0,0,2025-11-24,1.69,0.0,-3006.2299999999996,ok
LHD2007,Goiania-Central-apartamento-SUP-1Q,Carteira 1_sys-price,GO,"Goiânia, GO","Goiânia, GO, Setor Bueno",0,302,3601.12,162,2535.55,2025-11,0.9,0.5616,27,30,159.7,131.0,2,0,2025-11-24,1.42,0.0,-1065.5699999999997,ok
NDE0001,Florianopolis-Campeche-apartamento-SUP-1Q,Carteira 1,SC,"Florianópolis, SC","Florianópolis, SC, Ribeirão da Ilha",0,205,3403.67,28,3106.87,2025-11,0.6667,0.6807,20,30,206.7,242.2,5,0,2025-11-24,1.1,0.0,-296.8000000000002,berlinda
NWT1418,Especial-NWT-apartamento-TOP-1Q,Carteira 5,AL,"Maceió, AL","Maceió, AL, Pajuçara",0,352,6510.7,43,5085.72,2025-11,0.7667,0.6637,23,30,367.13,372.0,1,0,2025-11-24,1.28,0.0,-1424.9799999999996,ok
ONE0405,Salvador-Piata-apartamento-SUP-1Q,Carteira 5,BA,"Salvador, BA","Salvador, BA, Piatã",2,72,1550.02,23,2647.24,2025-11,0.4643,0.6092,13,30,146.31,120.0,3,0,2025-11-24,0.59,292.62,1097.2199999999998,atenção
PGO310,Pocos_de_Caldas-Geral-apartamento-SUP-1Q,Carteira 4,MG,"Poços de Caldas, MG","Poços de Caldas, MG, São Benedito",0,808,2515.15,32,1790.89,2025-11,0.6,0.4244,18,30,162.72,120.0,4,0,2025-11-24,1.4,0.0,-724.26,ok
PSO0302,Penha-Beto_Carrero-apartamento-SUP-1Q,Carteira 3,SC,"Penha, SC","Penha, SC, Praia de Armação do Itapocoroi",0,120,4172.88,18,2190.5,2025-11,0.7333,0.486,22,30,214.23,189.5,2,0,2025-11-24,1.9,0.0,-1982.38,ok
SPJ0505,Especial-SPJ-apartamento-TOP-1Q,Carteira 5,SC,"Florianópolis, SC","Florianópolis, SC, Jurerê",0,383,7688.18,16,6452.9,2025-11,1.0,0.7069,30,30,339.57,,0,0,2025-11-24,1.19,0.0,-1235.2800000000007,ok
SSG0125,Florianopolis-UFSC-apartamento-SUP-1Q,Carteira 4,SC,"Florianópolis, SC","Florianópolis, SC, Córrego Grande",0,991,4670.44,45,3461.85,2025-11,0.9,0.6721,27,30,247.3,,0,0,2025-11-24,1.35,0.0,-1208.5899999999997,ok
STCY201,Florianopolis-Cachoeira_Bom_Jesus-apartamento-SUP-1Q,Carteira 1,SC,"Florianópolis, SC","Florianópolis, SC, Cachoeira do Bom Jesus",2,562,1466.7,14,2579.11,2025-11,0.3571,0.4414,10,30,165.4,138.0,4,0,2025-11-24,0.57,330.8,1112.41,atenção
UNI0402,Cabedelo-Intermares-apartamento-SUP-1Q,Carteira 2,PB,"Cabedelo, PB","Cabedelo, PB, Intermares",1,149,1887.89,100,2182.06,2025-11,0.5517,0.6211,16,30,146.75,100.0,3,0,2025-11-24,0.87,146.75,294.16999999999985,berlinda
UPP0409,Curitiba-Centro-apartamento-JR-1Q,Carteira 4,PR,"Curitiba, PR","Curitiba, PR, Alto da XV",0,19,3192.5,289,2479.88,2025-11,0.8,0.6885,24,30,154.33,130.0,1,0,2025-11-24,1.29,0.0,-712.6199999999999,ok
ADP001,Cabo_Frio-Pero_Perto-casa-JR-3Q,Carteira 4,RJ,"Cabo Frio, RJ","Cabo Frio, RJ, Peró",21,698,0.0,14,1723.95,2025-11,0.0,0.305,0,30,0.0,341.0,6,0,2025-11-24,0.0,0.0,1723.95,crítico
BRJ143,Sao_Paulo-Republica-apartamento-TOP-1Q,Carteira 4,SP,"São Paulo, SP","São Paulo, SP, Centro",0,432,2862.46,105,4584.01,2025-11,0.6333,0.7373,19,30,178.42,150.0,3,16,2025-11-24,0.62,0.0,1721.5500000000002,atenção
BSO0206,Itajai-Praia_Brava-apartamento-SUP-1Q,Carteira 6,SC,"Balneário Camboriú, SC","Balneário Camboriú, SC, Praia dos Amores",0,198,2665.63,12,2794.44,2025-11,0.7,0.5466,21,30,149.48,138.25,4,0,2025-11-24,0.95,0.0,128.80999999999995,berlinda
CCP0207,Florianopolis-Canasvieiras_Meio-apartamento-SUP-2Q,Carteira 1,SC,"Florianópolis, SC","Florianópolis, SC, Canasvieiras",0,267,2819.13,16,3041.41,2025-11,0.4667,0.4709,14,30,261.71,205.0,3,0,2025-11-24,0.93,0.0,222.27999999999975,berlinda
CSI0302,Balneario_Picarras-Geral-apartamento-SUP-2Q,Carteira 6,SC,"Balneário Piçarras, SC","Balneário Piçarras, SC, Centro",2,445,2273.52,85,1751.85,2025-11,0.5714,0.3621,16,30,164.44,136.33,6,0,2025-11-24,1.3,328.88,-521.6700000000001,ok
DPR0009,Balneario_Camboriu-Sul-apartamento-JR-1Q,Carteira 6,SC,"Balneário Camboriú, SC","Balneário Camboriú, SC, Barra",0,235,2450.58,39,1985.43,2025-11,0.8333,0.5453,25,30,121.88,,0,0,2025-11-24,1.23,0.0,-465.14999999999986,ok
ECH0503,Florianopolis-Centrao-apartamento-TOP-1Q,Carteira 4,SC,"Florianópolis, SC","Florianópolis, SC, Centro",0,115,5743.04,31,4642.4,2025-11,0.8333,0.549,25,30,273.48,168.0,1,4,2025-11-24,1.24,0.0,-1100.6400000000003,ok
ECI0201,Guarapari-Nova_Guarapari-apartamento-JR-2Q,Carteira 4,ES,"Guarapari, ES","Guarapari, ES, Enseada Verde",0,452,1245.28,38,2084.38,2025-11,0.1667,0.3741,5,30,290.2,177.83,6,0,2025-11-24,0.6,0.0,839.1000000000001,atenção
IFT1203,Itapema-Meia_Praia-Norte-apartamento-TOP-1Q,Carteira 6,SC,"Itapema, SC","Itapema, SC, Meia Praia",0,123,5031.58,32,3277.09,2025-11,0.9333,0.4396,28,30,215.5,197.0,1,0,2025-11-24,1.54,0.0,-1754.4899999999998,ok
MLB0402,Florianopolis-Jurere_Internacional-apartamento-SUP-2Q,Carteira 1,SC,"Florianópolis, SC","Florianópolis, SC, Jurerê Internacional",30,359,0.0,29,6050.7,2025-11,,0.5818,0,30,0.0,,0,0,2025-11-24,0.0,0.0,6050.7,crítico
NWT1304,Especial-NWT-apartamento-TOP-1Q,Carteira 5,AL,"Maceió, AL","Maceió, AL, Pajuçara",0,352,6168.32,43,5085.72,2025-11,0.7333,0.6637,22,30,314.55,308.8,5,0,2025-11-24,1.21,0.0,-1082.5999999999995,ok
NWT1309,Especial-NWT-apartamento-TOP-1Q,Carteira 5,AL,"Maceió, AL","Maceió, AL, Pajuçara",1,318,7501.21,43,5085.72,2025-11,0.8276,0.6637,24,30,372.54,280.0,1,0,2025-11-24,1.47,372.54,-2415.49,ok
ONE0404,Salvador-Piata-apartamento-SUP-1Q,Carteira 5,BA,"Salvador, BA","Salvador, BA, Piatã",0,72,1710.18,23,2647.24,2025-11,0.4333,0.6092,13,30,163.08,120.0,2,0,2025-11-24,0.65,0.0,937.0599999999997,atenção
PDM005,Porto_Seguro-Pataxos-apartamento-JR-2Q,Carteira 2,BA,"Porto Seguro, BA","Porto Seguro, BA, Taperapuan",0,621,2536.86,45,1927.04,2025-11,0.7,0.3383,21,30,154.19,,0,0,2025-11-24,1.32,0.0,-609.8200000000002,ok
RLN204,Gramado-Geral-apartamento-JR-2Q,Carteira 4,RS,"Gramado, RS","Gramado, RS, Ipê Amarelo",0,919,5137.5,52,4002.49,2025-11,0.6667,0.5359,20,30,331.95,193.0,1,0,2025-11-24,1.28,0.0,-1135.0100000000002,ok
SEO0702,Itapema-Meia_Praia-Norte-apartamento-TOP-3Q,Carteira 6,SC,"Itapema, SC","Itapema, SC, Meia Praia",6,443,6580.77,22,3495.11,2025-11,0.8333,0.3624,20,30,380.85,,0,0,2025-11-24,1.88,2285.1000000000004,-3085.6600000000003,ok
SMT1029,Salvador-Boca_do_Rio-apartamento-TOP-1Q,Carteira 2,BA,"Salvador, BA","Salvador, BA, Armação",0,303,721.1,17,3548.18,2025-11,0.1667,0.6989,5,30,190.2,173.6,5,0,2025-11-24,0.2,0.0,2827.08,crítico
VEC115,Bombinhas-Centro-apartamento-SUP-1Q,Carteira 6,SC,"Bombinhas, SC","Bombinhas, SC, Centro",0,1040,5403.82,35,3520.7,2025-11,0.9667,0.6125,29,30,255.38,203.0,1,0,2025-11-24,1.53,0.0,-1883.12,ok
WBU2105,Goiania-Central-apartamento-TOP-1Q,Carteira 1_sys-price,GO,"Goiânia, GO","Goiânia, GO, Setor Bueno",0,757,3832.31,54,3159.15,2025-11,0.7667,0.5673,23,30,204.3,226.0,3,0,2025-11-24,1.21,0.0,-673.1599999999999,ok
WBU2615,Goiania-Central-apartamento-TOP-1Q,Carteira 1_sys-price,GO,"Goiânia, GO","Goiânia, GO, Setor Bueno",0,138,4794.81,54,3159.15,2025-11,0.9,0.5673,27,30,213.93,208.5,2,0,2025-11-24,1.52,0.0,-1635.6600000000003,ok
BVE101,Florianopolis-Campeche-apartamento-SUP-2Q,Carteira 1,SC,"Florianópolis, SC","Florianópolis, SC, Campeche",4,558,2432.59,14,2652.64,2025-11,0.3462,0.4532,9,30,370.44,219.0,3,0,2025-11-24,0.92,1481.76,220.04999999999973,berlinda
CET802,Balneario_Camboriu-Centro-apartamento-SUP-3Q,Carteira 6,SC,"Balneário Camboriú, SC","Balneário Camboriú, SC, Centro",0,1366,7284.75,89,4292.03,2025-11,0.8333,0.4983,25,30,324.68,,0,0,2025-11-24,1.7,0.0,-2992.7200000000003,ok
DNAG0706,Goiania-Central-apartamento-TOP-1Q,Carteira 1_sys-price,GO,"Goiânia, GO","Goiânia, GO, Setor Bueno",3,185,3399.4,54,3159.15,2025-11,0.8148,0.5673,22,30,176.23,188.5,2,0,2025-11-24,1.08,528.6899999999999,-240.25,berlinda
EAB203,Florianopolis-Ingleses_Norte-apartamento-SUP-2Q,Carteira 1,SC,"Florianópolis, SC","Florianópolis, SC, Ingleses do Rio Vermelho",30,1727,0.0,86,2552.46,2025-11,,0.3604,0,30,0.0,,0,0,2025-11-24,0.0,0.0,2552.46,crítico
EDF1501,Salvador-Ondina_Rio_Vermelho-apartamento-TOP-1Q,Carteira 2,BA,"Salvador, BA","Salvador, BA, Rio Vermelho",3,60,3486.44,35,4613.2,2025-11,0.6667,0.7196,18,30,215.67,162.0,3,0,2025-11-24,0.76,647.01,1126.7599999999998,atenção
FUA0001,Ubatuba-Praia_do_Lazaro-apartamento-JR-1Q,Carteira 4,SP,"Ubatuba, SP","Ubatuba, SP, Lázaro Praia Domingos Dias",0,33,599.25,27,2895.42,2025-11,0.1,0.5069,3,30,218.67,180.17,6,0,2025-11-24,0.21,0.0,2296.17,crítico
HMC0320,Sao_Paulo-Campo_Belo-apartamento-SUP-1Q,Carteira 4_sys-price,SP,"São Paulo, SP","São Paulo, SP, Campo Belo",0,297,4073.95,65,3686.45,2025-11,0.8333,0.8045,25,30,191.04,146.5,2,0,2025-11-24,1.11,0.0,-387.5,ok
HRE0025,Ubatuba-Toninhas-apartamento-SUP-2Q,Carteira 4,SP,"Ubatuba, SP","Ubatuba, SP, Toninhas",0,355,6924.19,116,5347.2,2025-11,0.8,0.5642,24,30,343.38,264.0,3,0,2025-11-24,1.29,0.0,-1576.9899999999998,ok
IFT1005,Itapema-Meia_Praia-Norte-apartamento-TOP-1Q,Carteira 6,SC,"Itapema, SC","Itapema, SC, Meia Praia",0,198,5152.98,32,3277.09,2025-11,0.9667,0.4396,29,30,212.1,,0,0,2025-11-24,1.57,0.0,-1875.8899999999994,ok
ILC3403,Especial-ILC-hotel-JR-1Q,Especial,SC,"Florianópolis, SC","Florianópolis, SC, Jurerê Internacional",0,1830,9075.23,17,10796.7,2025-11,0.6667,0.6721,20,30,543.14,547.0,1,0,2025-11-24,0.84,0.0,1721.4700000000012,berlinda
IRE0022,Ubatuba-Praia_Grande-apartamento-SUP-2Q,Carteira 4,SP,"Ubatuba, SP","Ubatuba, SP, Praia Grande",7,277,2795.07,172,4694.97,2025-11,0.4348,0.4756,10,30,313.4,228.0,3,3,2025-11-24,0.6,2193.7999999999997,1899.9,atenção
IRE021,Ubatuba-Praia_Grande-apartamento-SUP-2Q,Carteira 4,SP,"Ubatuba, SP","Ubatuba, SP, Praia Grande",0,633,2177.17,172,4694.97,2025-11,0.2333,0.4756,7,30,340.71,318.0,3,27,2025-11-24,0.46,0.0,2517.8,crítico
JBM302,Florianopolis-Jurere_Tradicional-apartamento-SUP-1Q,Carteira 1,SC,"Florianópolis, SC","Florianópolis, SC, Jurerê",0,1971,7832.07,19,6642.75,2025-11,0.8667,0.7307,26,30,381.12,298.0,1,0,2025-11-24,1.18,0.0,-1189.3199999999997,ok
JMA010,Florianopolis-Jurere_Longe-apartamento-JR-1Q,Carteira 1,SC,"Florianópolis, SC","Florianópolis, SC, Jurerê",0,487,2093.91,47,1965.96,2025-11,0.5667,0.4896,17,30,154.94,127.33,3,0,2025-11-24,1.07,0.0,-127.94999999999982,berlinda
MHF0602,Itapema-Canto_Praia-apartamento-TOP-2Q,Carteira 5,SC,"Itapema, SC","Itapema, SC, Centro",0,15,4940.49,14,3147.32,2025-11,0.7667,0.4145,23,30,320.74,287.33,3,0,2025-11-24,1.57,0.0,-1793.1699999999996,ok
MRD0061,Balneario_Camboriu-Centro-apartamento-SUP-3Q,Carteira 6,SC,"Balneário Camboriú, SC","Balneário Camboriú, SC, Centro",6,100,5010.51,89,4292.03,2025-11,0.8333,0.4983,20,30,274.1,184.0,1,0,2025-11-24,1.17,1644.6000000000001,-718.4800000000005,ok
OGD0704,Florianopolis-Beira_Mar-apartamento-MASTER-1Q,Carteira 4,SC,"Florianópolis, SC","Florianópolis, SC, Centro",0,71,6608.08,31,4552.17,2025-11,0.8667,0.5762,26,30,310.77,,0,0,2025-11-24,1.45,0.0,-2055.91,ok
PDA0736,Camaçari-Jacuipe-casa-SUP-5Q,Carteira 2,BA,"Camaçari, BA","Camaçari, BA, Barra do Jacuípe - Monte Gordo",15,694,3473.62,8,6107.14,2025-11,0.6,0.3825,9,30,468.78,,0,0,2025-11-24,0.57,7031.7,2633.5200000000004,atenção
PDN0113,Balneario_Camboriu-Longe-apartamento-TOP-1Q,Carteira 6,SC,"Balneário Camboriú, SC","Balneário Camboriú, SC, Nações",0,247,5792.9,151,3275.47,2025-11,1.0,0.5044,30,30,275.73,,0,0,2025-11-24,1.77,0.0,-2517.43,ok
PSOA1007,Penha-Beto_Carrero-apartamento-SUP-1Q,Carteira 3,SC,"Penha, SC","Penha, SC, Armação",0,129,3398.13,18,2190.5,2025-11,0.7333,0.486,22,30,181.68,117.0,1,0,2025-11-24,1.55,0.0,-1207.63,ok
RBE0031,Florianopolis-UFSC-apartamento-SUP-2Q,Carteira 4,SC,"Florianópolis, SC","Florianópolis, SC, Trindade",0,436,4219.11,21,3753.83,2025-11,0.6,0.7025,18,30,224.04,157.0,1,0,2025-11-24,1.12,0.0,-465.27999999999975,ok
RHI206,Florianopolis-Canasvieiras_Meio-apartamento-SUP-1Q,Carteira 1,SC,"Florianópolis, SC","Florianópolis, SC, Canasvieiras",1,778,4200.74,37,3281.8,2025-11,0.931,0.7172,27,30,279.0,226.0,1,0,2025-11-24,1.28,279.0,-918.9399999999996,ok
RVL118,Bombinhas-Mariscal-casa-JR-2Q,Carteira 6,SC,"Bombinhas, SC","Bombinhas, SC, canto grande",1,1150,2974.91,27,1459.87,2025-11,0.8276,0.3243,24,30,154.75,124.5,2,0,2025-11-24,2.04,154.75,-1515.04,meta_subestimada
SPT0109,Blumenau-Central-apartamento-JR-1Q,Carteira 4,SC,"Blumenau, SC","Blumenau, SC, Itoupava Seca",0,596,0.0,42,910.58,2025-11,0.0,0.3663,0,30,0.0,100.0,6,27,2025-11-24,0.0,0.0,910.58,crítico
SPT0110,Blumenau-Central-apartamento-JR-1Q,Carteira 4,SC,"Blumenau, SC","Blumenau, SC, Itoupava Seca",0,596,0.0,42,910.58,2025-11,0.0,0.3663,0,30,0.0,100.0,6,27,2025-11-24,0.0,0.0,910.58,crítico
TRS0004,Penha-Beto_Carrero-casa-SUP-1Q,Carteira 3,SC,"Penha, SC","Penha, SC, Armação",0,164,2758.47,25,2335.8,2025-11,0.6333,0.6365,19,30,165.26,117.0,3,0,2025-11-24,1.18,0.0,-422.6699999999996,ok
UPP0413,Curitiba-Centro-apartamento-JR-1Q,Carteira 4,PR,"Curitiba, PR","Curitiba, PR, Alto da XV",0,9,1831.56,289,2479.88,2025-11,0.5333,0.6885,16,30,132.38,,0,0,2025-11-24,0.74,0.0,648.3200000000002,atenção
UPP0506,Curitiba-Centro-apartamento-JR-1Q,Carteira 4,PR,"Curitiba, PR","Curitiba, PR, Alto da XV",1,24,1464.45,289,2479.88,2025-11,0.4483,0.6885,13,30,138.08,130.0,6,0,2025-11-24,0.59,138.08,1015.4300000000001,atenção
VDM303,Florianopolis-Canajure-apartamento-SUP-1Q,Carteira 1,SC,"Florianópolis, SC","Florianópolis, SC, Canasvieiras",0,202,3710.75,40,3007.08,2025-11,0.6333,0.5239,19,30,244.58,,0,0,2025-11-24,1.23,0.0,-703.6700000000001,ok
VLA,Florianopolis-Santinho-apartamento-SUP-2Q,Carteira 1,SC,"Florianópolis, SC","Florianópolis, SC, Ingleses do Rio Vermelho",0,285,3859.5,12,3597.13,2025-11,0.5,0.4777,15,30,324.45,236.5,2,0,2025-11-24,1.07,0.0,-262.3699999999999,berlinda
VST011,Especial-VST-casa-TOP-1Q,Carteira 5,SC,"Anitápolis, SC","Anitápolis, SC, Rio dos Pinheiros",1,487,5078.91,54,3890.57,2025-11,0.8276,0.3016,24,30,267.37,201.0,2,0,2025-11-24,1.31,267.37,-1188.3399999999997,ok
CIE0202,Florianopolis-Jurere_Longe-apartamento-JR-1Q,Carteira 1,SC,"Florianópolis, SC","Florianópolis, SC, Jurerê",0,142,4043.55,47,1965.96,2025-11,0.7667,0.4896,23,30,209.78,123.0,1,0,2025-11-24,2.06,0.0,-2077.59,meta_subestimada
CLA0000,Urubici-Geral-apartamento-TOP-1Q,Carteira 3,SC,"Urubici, SC","Urubici, SC, Centro",3,23,2258.68,100,3484.64,2025-11,0.4815,0.2859,13,30,212.85,160.0,3,0,2025-11-24,0.65,638.55,1225.96,atenção
COE0406,Sao_Paulo-Pinheiros-apartamento-TOP-1Q,Carteira 4_sys-price,SP,"São Paulo, SP","São Paulo, SP, Pinheiros",0,522,5728.05,280,5571.86,2025-11,0.7,0.7295,21,30,313.38,226.33,3,0,2025-11-24,1.03,0.0,-156.1900000000005,berlinda
ELU109,Florianopolis-Jurere_Tradicional-apartamento-TOP-1Q,Carteira 1,SC,"Florianópolis, SC","Florianópolis, SC, Jurerê",0,1773,4873.05,19,6996.21,2025-11,0.5667,0.704,17,30,322.0,351.5,2,0,2025-11-24,0.7,0.0,2123.16,atenção
ESF0203,Balneario_Camboriu-Longe-apartamento-SUP-1Q,Carteira 6,SC,"Balneário Camboriú, SC","Balneário Camboriú, SC, Centro",18,5,633.35,24,1900.27,2025-11,0.4167,0.5348,5,30,174.6,,0,0,2025-11-24,0.33,3142.7999999999997,1266.92,crítico
FMI0218,Cabo_Frio-Centro-apartamento-SUP-1Q,Carteira 4,RJ,"Cabo Frio, RJ","Cabo Frio, RJ, Braga",2,449,4553.44,51,3428.27,2025-11,0.8214,0.6485,23,30,222.52,120.0,1,0,2025-11-24,1.33,445.04,-1125.1699999999996,ok
LIV1006,Salvador-Graca-apartamento-TOP-1Q,Especial,BA,"Salvador, BA","Salvador, BA, Vitória",9,110,3589.29,15,3658.61,2025-11,0.9048,0.6726,19,30,291.89,172.0,1,0,2025-11-24,0.98,2627.0099999999998,69.32000000000016,berlinda
MAR202,Florianopolis-Ingleses_Centro-apartamento-SUP-2Q,Carteira 1,SC,"Florianópolis, SC","Florianópolis, SC, Ingleses do Rio Vermelho",0,893,1757.02,30,2233.61,2025-11,0.3333,0.4151,10,30,222.5,190.67,6,0,2025-11-24,0.79,0.0,476.59000000000015,atenção
OBS0301,Itapema-Meia_Praia-Sul-apartamento-SUP-2Q,Carteira 6,SC,"Itapema, SC","Itapema, SC, Itapema",1,635,3978.7,21,2510.66,2025-11,0.8276,0.4178,24,30,209.04,169.0,2,0,2025-11-24,1.58,209.04,-1468.04,ok
PGO0406,Pocos_de_Caldas-Geral-apartamento-SUP-1Q,Carteira 4,MG,"Poços de Caldas, MG","Poços de Caldas, MG, São Benedito",0,415,2106.7,32,1790.89,2025-11,0.5667,0.4244,17,30,147.41,120.0,3,0,2025-11-24,1.18,0.0,-315.8099999999997,ok
PSO0503,Penha-Beto_Carrero-apartamento-SUP-1Q,Carteira 3,SC,"Penha, SC","Penha, SC, Praia de Armação do Itapocoroi",0,93,3006.98,18,2190.5,2025-11,0.5667,0.486,17,30,197.47,117.0,1,0,2025-11-24,1.37,0.0,-816.48,ok
PSO0910,Penha-Beto_Carrero-apartamento-SUP-1Q,Carteira 3,SC,"Penha, SC","Penha, SC, Praia de Armação do Itapocoroi",0,96,4900.1,18,2190.5,2025-11,0.9333,0.486,28,30,213.46,150.0,2,0,2025-11-24,2.24,0.0,-2709.6000000000004,meta_subestimada
RJF001,Urubici-Geral-casa-TOP-2Q,Carteira 3,SC,"Urubici, SC","Urubici, SC, Aguas Brancas",15,596,2500.5,24,3292.5,2025-11,0.4,0.2277,6,30,467.5,300.0,3,15,2025-11-24,0.76,7012.5,792.0,atenção
SDN042,Bombinhas-Centro-casa-SUP-3Q,Carteira 6,SC,"Bombinhas, SC","Bombinhas, SC, Centro",9,359,6301.23,14,2204.41,2025-11,0.9524,0.3723,20,30,469.7,,0,0,2025-11-24,2.86,4227.3,-4096.82,meta_subestimada
SJS0003,Florianopolis-Ingleses_Centro-apartamento-JR-1Q,Carteira 1,SC,"Florianópolis, SC","Florianópolis, SC, Ingleses do Rio Vermelho",0,306,2309.97,18,2729.84,2025-11,0.7,0.5952,21,30,140.95,118.8,5,0,2025-11-24,0.85,0.0,419.87000000000035,berlinda
SWR1502,Goiania-Central-2-apartamento-TOP-2Q,Carteira 1_sys-price,GO,"Goiânia, GO","Goiânia, GO, Setor Oeste",11,116,3269.36,15,4470.14,2025-11,0.7368,0.5164,14,30,279.29,,0,0,2025-11-24,0.73,3072.19,1200.7800000000002,atenção
TPS101,Florianopolis-Canasvieiras_Meio-apartamento-TOP-1Q,Carteira 1,SC,"Florianópolis, SC","Florianópolis, SC, Canasvieiras",0,1017,2679.67,26,4125.61,2025-11,0.5333,0.558,16,30,209.25,170.5,2,0,2025-11-24,0.65,0.0,1445.9399999999996,atenção
AAP1507,Salvador-Caminho_Das_Arvores-apartamento-SUP-1Q,Carteira 2,BA,"Salvador, BA","Salvador, BA, Caminho das Árvores",0,225,3817.43,43,3338.25,2025-11,0.9333,0.7164,28,30,162.46,152.0,1,0,2025-11-24,1.14,0.0,-479.17999999999984,ok
AIR1607,Porto_Alegre-Menino_Deus-apartamento-TOP-1Q,Carteira 4,RS,"Porto Alegre, RS","Porto Alegre, RS, Praia de Belas",1,639,2725.51,29,3365.01,2025-11,0.3448,0.6109,10,30,349.3,333.0,1,25,2025-11-24,0.81,349.3,639.5,berlinda
ATO3091,Petropolis-Centro-casa-JR-1Q,Carteira 4,RJ,"Petrópolis, RJ","Petrópolis, RJ, Centro",0,850,3234.38,14,2009.76,2025-11,0.6333,0.4,19,30,207.68,116.67,3,0,2025-11-24,1.61,0.0,-1224.6200000000001,ok
CAC0109,Florianopolis-Ingleses_Praia-apartamento-SUP-1Q,Carteira 1,SC,"Florianópolis, SC","Florianópolis, SC, Ingleses do Rio Vermelho",2,24,1704.68,40,3764.53,2025-11,0.4286,0.55,12,30,193.25,176.33,6,0,2025-11-24,0.45,386.5,2059.8500000000004,crítico
CHR025,Florianopolis-Jurere_Longe-apartamento-JR-2Q,Carteira 1,SC,"Florianópolis, SC","Florianópolis, SC, Jurerê",9,204,3512.46,21,3322.23,2025-11,0.8571,0.4815,18,30,229.11,,0,2,2025-11-24,1.06,2061.9900000000002,-190.23000000000002,berlinda
CPK0803,Ilheus-Sul-apartamento-SUP-3Q,Carteira 2,BA,"Porto Seguro, BA","Ilhéus, BA, Nossa Senhora da Vitória",0,226,3064.81,25,3473.69,2025-11,0.3667,0.4728,11,30,242.64,205.2,5,0,2025-11-24,0.88,0.0,408.8800000000001,berlinda
CPL025,Canela-Catedral-apartamento-TOP-1Q,Carteira 4,RS,"Canela, RS","Canela, RS, Centro",0,206,5681.96,36,5252.43,2025-11,0.9,0.6361,27,30,263.52,198.5,2,0,2025-11-24,1.08,0.0,-429.52999999999975,berlinda
EDT0010,Porto_Seguro-Pataxos-apartamento-SUP-2Q,Carteira 2,BA,"Porto Seguro, BA","Porto Seguro, BA, Taperapuan",2,723,3672.1,44,3643.3,2025-11,0.7143,0.5205,20,30,204.45,,0,0,2025-11-24,1.01,408.9,-28.799999999999727,berlinda
EIS305,Itapema-Meia_Praia-Norte-apartamento-SUP-3Q,Carteira 6,SC,"Itapema, SC","Itapema, SC, Meia Praia",5,1412,1026.75,46,2624.86,2025-11,0.12,0.3796,3,30,359.0,359.0,1,30,2025-11-24,0.39,1795.0,1598.1100000000001,crítico
GMB0414,Brasilia-Setor_Hoteleiro-apartamento-TOP-1Q,Carteira 1_sys-price,DF,"Brasília, DF","Brasília, DF, Asa Norte",0,691,6367.43,20,6155.91,2025-11,0.8667,0.7293,26,30,309.65,,0,5,2025-11-24,1.03,0.0,-211.52000000000044,berlinda
ICT0104B,Florianopolis-Ingleses_Centro-apartamento-JR-2Q,Carteira 1,SC,"Florianópolis, SC","Florianópolis, SC, Ingleses Norte",0,137,2835.04,21,1761.58,2025-11,0.7,0.4366,21,30,157.24,202.5,6,0,2025-11-24,1.61,0.0,-1073.46,ok
ILC1212,Especial-ILC-hotel-JR-1Q,Especial,SC,"Florianópolis, SC","Florianópolis, SC, Jurerê Internacional",0,681,8173.79,17,10796.7,2025-11,0.5333,0.6721,16,30,611.56,542.25,4,10,2025-11-24,0.76,0.0,2622.9100000000008,atenção
JBV115,Especial-JBV-hotel-JR-1Q,Especial,SC,"Florianópolis, SC","Florianópolis, SC, Jurerê",0,1727,10060.35,27,10333.97,2025-11,0.8,0.693,24,30,518.17,458.25,4,0,2025-11-24,0.97,0.0,273.619999999999,berlinda
JBV242,Especial-JBV-hotel-TOP-1Q,Especial,SC,"Florianópolis, SC","Florianópolis, SC, Jurerê",0,1507,11925.49,34,11467.8,2025-11,0.7,0.7407,21,30,707.43,,0,0,2025-11-24,1.04,0.0,-457.6900000000005,berlinda
JPR217,Especial-JPR-apartamento-TOP-1Q,Carteira 1,SC,"Florianópolis, SC","Florianópolis, SC, Jurerê",2,926,4090.66,17,6675.05,2025-11,0.5714,0.7015,16,30,316.63,405.5,2,0,2025-11-24,0.61,633.26,2584.3900000000003,atenção
LIV1310,Salvador-Graca-apartamento-TOP-1Q,Especial,BA,"Salvador, BA","Salvador, BA, Vitória",0,44,4226.98,15,3658.61,2025-11,0.5333,0.6726,16,30,306.88,320.0,6,27,2025-11-24,1.16,0.0,-568.3699999999994,ok
MHF0801,Itapema-Canto_Praia-apartamento-TOP-1Q,Carteira 5,SC,"Itapema, SC","Itapema, SC, Centro",1,444,4078.92,19,3496.4,2025-11,0.8276,0.5702,24,30,219.04,200.0,1,0,2025-11-24,1.17,219.04,-582.52,ok
NWT0921,Especial-NWT-apartamento-TOP-1Q,Carteira 5,AL,"Maceió, AL","Maceió, AL, Pajuçara",0,221,6333.73,43,5085.72,2025-11,0.8333,0.6637,25,30,325.04,250.0,3,0,2025-11-24,1.25,0.0,-1248.0099999999993,ok
PSOB0807,Penha-Beto_Carrero-apartamento-SUP-1Q,Carteira 3,SC,"Penha, SC","Penha, SC, Praia de Armação do Itapocoroi",0,102,3721.29,18,2190.5,2025-11,0.6667,0.486,20,30,209.4,,0,0,2025-11-24,1.7,0.0,-1530.79,ok
RGF0410,Salvador-Flamengo-apartamento-TOP-1Q,Carteira 2,BA,"Salvador, BA","Salvador, BA, Itapuã",0,81,3797.42,32,3308.7,2025-11,0.9,0.6487,27,30,171.52,,0,0,2025-11-24,1.15,0.0,-488.72000000000025,ok
RJF002,Urubici-Geral-casa-TOP-2Q,Carteira 3,SC,"Urubici, SC","Urubici, SC, Aguas Brancas",1,596,1005.87,24,3292.5,2025-11,0.1034,0.2277,3,30,425.33,365.0,6,11,2025-11-24,0.31,425.33,2286.63,crítico
ROB203,Florianopolis-Ingleses_Norte-apartamento-SUP-2Q,Carteira 1,SC,"Florianópolis, SC","Florianópolis, SC, Ingleses do Rio Vermelho",2,138,776.0,86,2552.46,2025-11,0.1429,0.3604,4,30,239.25,203.0,6,18,2025-11-24,0.3,478.5,1776.46,crítico
SFR0302,Bombinhas-Centro-apartamento-SUP-1Q,Carteira 6,SC,"Bombinhas, SC","Bombinhas, SC, Centro",0,80,4372.65,35,3520.7,2025-11,0.9,0.6125,27,30,200.3,205.0,1,0,2025-11-24,1.24,0.0,-851.9499999999998,ok
STCY202,Florianopolis-Cachoeira_Bom_Jesus-apartamento-SUP-1Q,Carteira 1,SC,"Florianópolis, SC","Florianópolis, SC, Cachoeira do Bom Jesus",0,561,2487.62,14,2579.11,2025-11,0.6667,0.4414,20,30,174.67,142.0,2,0,2025-11-24,0.96,0.0,91.49000000000024,berlinda
TCO0501,Porto_Alegre-Centro_Historico-apartamento-SUP-1Q,Carteira 4,RS,"Porto Alegre, RS","Porto Alegre, RS, Centro Histórico",0,521,2523.02,77,2393.45,2025-11,0.7667,0.6126,23,30,142.26,120.67,3,0,2025-11-24,1.05,0.0,-129.57000000000016,berlinda
TXP0605,Goiania-Central-apartamento-SUP-1Q,Carteira 1_sys-price,GO,"Goiânia, GO","Goiânia, GO, Setor Bueno",0,778,3388.56,162,2535.55,2025-11,0.8667,0.5616,26,30,157.5,168.0,1,0,2025-11-24,1.34,0.0,-853.0099999999998,ok
TXP0807,Goiania-Central-apartamento-SUP-1Q,Carteira 1_sys-price,GO,"Goiânia, GO","Goiânia, GO, Setor Bueno",0,759,3076.2,162,2535.55,2025-11,0.8,0.5616,24,30,158.54,168.0,1,0,2025-11-24,1.21,0.0,-540.6499999999996,ok
VBV0616,Sao_Paulo-Vila_Olimpia-apartamento-SUP-1Q,Carteira 4,SP,"São Paulo, SP","São Paulo, SP, Vila Olímpia",0,31,5483.74,308,6486.71,2025-11,0.8,0.7113,24,30,276.54,213.0,1,0,2025-11-24,0.85,0.0,1002.9700000000003,berlinda
VNVA1305,Itapema-Praia_Centro-apartamento-TOP-2Q,Carteira 6,SC,"Itapema, SC","Itapema, SC, Tabuleiro dos Oliveiras",1,9,3510.92,27,1981.78,2025-11,0.7241,0.3431,21,30,215.76,,0,0,2025-11-24,1.77,215.76,-1529.14,ok
YHD0105,Florianopolis-UFSC-apartamento-TOP-1Q,Carteira 4,SC,"Florianópolis, SC","Florianópolis, SC, Carvoeira",0,291,1801.49,17,3684.75,2025-11,0.4333,0.6764,13,30,170.23,156.67,3,14,2025-11-24,0.49,0.0,1883.26,crítico
BLSA1656,Goiania-Central-apartamento-TOP-1Q,Carteira 1_sys-price,GO,"Goiânia, GO","Goiânia, GO, Setor Marista",0,631,2459.6,54,3159.15,2025-11,0.5667,0.5673,17,30,176.0,176.0,6,0,2025-11-24,0.78,0.0,699.5500000000002,atenção
CNB001,Especial-CNB-casa-TOP-1Q,Especial,SP,"Campos do Jordão, SP","Campos do Jordão, SP, Jardim Europa",0,598,10655.42,18,5690.11,2025-11,0.7,0.6166,21,30,614.81,576.0,1,7,2025-11-24,1.87,0.0,-4965.31,ok
DIO1602,Sao_Paulo-Pompeia-apartamento-SUP-1Q,Carteira 4,SP,"São Paulo, SP","São Paulo, SP, Pompeia",2,145,2608.63,71,3769.75,2025-11,0.6429,0.5545,18,30,168.61,159.5,4,0,2025-11-24,0.69,337.22,1161.12,atenção
EOB0701,Balneario_Camboriu-Norte-apartamento-TOP-3Q,Carteira 6,SC,"Balneário Camboriú, SC","Balneário Camboriú, SC, Centro",0,9,1128.54,29,6880.88,2025-11,0.0667,0.6094,2,30,670.0,670.0,6,30,2025-11-24,0.16,0.0,5752.34,crítico
ESM602,Itapema-Meia_Praia-Norte-apartamento-JR-3Q,Carteira 6,SC,"Itapema, SC","Itapema, SC, Meia Praia",9,788,3858.87,28,1912.44,2025-11,1.0,0.3958,21,30,214.43,,0,0,2025-11-24,2.02,1929.8700000000001,-1946.4299999999998,meta_subestimada
LGA0201,Bombinhas-Centro-apartamento-TOP-3Q,Carteira 6,SC,"Bombinhas, SC","Bombinhas, SC, Centro",2,463,3695.16,24,3601.79,2025-11,0.25,0.3681,7,30,625.0,625.0,5,30,2025-11-24,1.03,1250.0,-93.36999999999989,berlinda
MHFA0803,Itapema-Canto_Praia-apartamento-SUP-1Q,Carteira 5,SC,"Itapema, SC","Itapema, SC, Centro",0,17,3753.34,14,2356.68,2025-11,0.8,0.4102,24,30,182.72,183.33,3,0,2025-11-24,1.59,0.0,-1396.6600000000003,ok
NWT1218,Especial-NWT-apartamento-TOP-1Q,Carteira 5,AL,"Maceió, AL","Maceió, AL, Pajuçara",7,163,428.62,43,5085.72,2025-11,0.087,0.6637,2,30,631.0,631.0,6,25,2025-11-24,0.08,4417.0,4657.1,crítico
POR0101,Florianopolis-Ingleses_Norte-apartamento-SUP-4Q,Carteira 1,SC,"Florianópolis, SC","Florianópolis, SC, Ingleses do Rio Vermelho",6,362,7829.7,18,5718.57,2025-11,0.75,0.5416,18,30,569.11,482.0,1,0,2025-11-24,1.37,3414.66,-2111.13,ok
PSO0603,Penha-Beto_Carrero-apartamento-SUP-1Q,Carteira 3,SC,"Penha, SC","Penha, SC, Praia de Armação do Itapocoroi",0,92,4811.52,18,2190.5,2025-11,0.9333,0.486,28,30,226.39,,0,0,2025-11-24,2.2,0.0,-2621.0200000000004,meta_subestimada
PSO1005,Penha-Beto_Carrero-apartamento-SUP-1Q,Carteira 3,SC,"Penha, SC","Penha, SC, Praia de Armação do Itapocoroi",0,38,4595.02,18,2190.5,2025-11,0.7667,0.486,23,30,224.65,131.0,1,0,2025-11-24,2.1,0.0,-2404.5200000000004,meta_subestimada
RVC0703,Itajai-Praia_Brava-apartamento-TOP-2Q,Carteira 6,SC,"Itajaí, SC","Itajaí, SC, Praia Brava",2,274,3834.69,18,3411.86,2025-11,0.6429,0.5318,18,30,253.61,240.0,2,21,2025-11-24,1.12,507.22,-422.8299999999999,ok
SHC1106,Balneario_Picarras-Geral-apartamento-TOP-3Q,Carteira 6,SC,"Balneário Piçarras, SC","Balneário Piçarras, SC, Itacolomi",0,421,2514.52,19,3248.13,2025-11,0.2667,0.3341,8,30,383.63,344.5,6,21,2025-11-24,0.77,0.0,733.6100000000001,atenção
SPA309,Florianopolis-UFSC-apartamento-SUP-1Q,Carteira 4,SC,"Florianópolis, SC","Florianópolis, SC, Trindade",1,767,3047.77,45,3461.85,2025-11,0.6207,0.6721,18,30,225.67,136.0,1,0,2025-11-24,0.88,225.67,414.0799999999999,berlinda
SPJ0401,Especial-SPJ-apartamento-TOP-1Q,Carteira 5,SC,"Florianópolis, SC","Florianópolis, SC, Jurerê",0,384,6777.63,16,6452.9,2025-11,0.9,0.7069,27,30,311.81,193.0,1,0,2025-11-24,1.05,0.0,-324.7300000000005,berlinda
STCY102,Florianopolis-Cachoeira_Bom_Jesus-apartamento-SUP-1Q,Carteira 1,SC,"Florianópolis, SC","Florianópolis, SC, Cachoeira do Bom Jesus",0,562,2176.32,14,2579.11,2025-11,0.5,0.4414,15,30,164.53,156.0,6,0,2025-11-24,0.84,0.0,402.78999999999996,berlinda
TML501,Guarapari-Praia_do_Morro-apartamento-JR-3Q,Carteira 4,ES,"Guarapari, ES","Guarapari, ES, Praia do Morro",2,610,925.02,54,1948.64,2025-11,0.1071,0.3935,3,30,333.0,333.0,6,30,2025-11-24,0.47,666.0,1023.6200000000001,crítico
VST023,Especial-VST-casa-TOP-1Q,Carteira 5,SC,"Anitápolis, SC","Anitápolis, SC, Vistas de Anitá",1,793,3825.39,54,3890.57,2025-11,0.5862,0.3016,17,30,288.29,180.0,2,0,2025-11-24,0.98,288.29,65.18000000000029,berlinda
BCA2004,Salvador-Ondina_Rio_Vermelho-apartamento-SUP-1Q,Carteira 2,BA,"Salvador, BA","Salvador, BA, Ondina",0,172,4333.01,86,3539.22,2025-11,0.8333,0.693,25,30,209.72,148.0,2,0,2025-11-24,1.22,0.0,-793.7900000000004,ok
CSF0202,Salvador-Barra-apartamento-SUP-2Q,Carteira 2,BA,"Salvador, BA","Salvador, BA, Barra",0,213,5149.62,29,4906.63,2025-11,0.8,0.7352,24,30,256.17,160.0,1,0,2025-11-24,1.05,0.0,-242.98999999999978,berlinda
CSF0303,Salvador-Barra-apartamento-JR-1Q,Carteira 2,BA,"Salvador, BA","Salvador, BA, Barra",0,29,2905.83,121,3106.13,2025-11,0.7333,0.7082,22,30,172.68,,0,0,2025-11-24,0.94,0.0,200.30000000000018,berlinda
FAH0205,Florianopolis-Canasvieiras_Meio-apartamento-SUP-1Q,Carteira 1,SC,"Florianópolis, SC","Florianópolis, SC, Canasvieiras",25,33,1086.05,37,3281.8,2025-11,1.0,0.7172,5,30,255.6,,0,0,2025-11-24,0.33,6390.0,2195.75,crítico
ILC3412,Especial-ILC-hotel-JR-1Q,Especial,SC,"Florianópolis, SC","Florianópolis, SC, Jurerê Internacional",0,340,9119.46,17,10796.7,2025-11,0.4,0.6721,12,30,903.5,790.0,3,23,2025-11-24,0.84,0.0,1677.2400000000016,berlinda
IRB203,Florianopolis-Novo_Campeche-apartamento-MASTER-1Q,Carteira 1,SC,"Florianópolis, SC","Florianópolis, SC, Campeche",4,960,10308.81,63,6703.75,2025-11,0.8846,0.6434,23,30,557.0,446.0,1,0,2025-11-24,1.54,2228.0,-3605.0599999999995,ok
MHF1207,Itapema-Canto_Praia-apartamento-TOP-1Q,Carteira 5,SC,"Itapema, SC","Itapema, SC, Centro",4,302,3435.96,19,3496.4,2025-11,0.5,0.5702,13,30,310.38,300.0,4,23,2025-11-24,0.98,1241.52,60.440000000000055,berlinda
MPB0034,Itajai-Praia_Brava-apartamento-SUP-2Q,Carteira 6,SC,"Itajaí, SC","Itajaí, SC, Praia Brava",4,193,3604.96,23,3948.48,2025-11,0.7308,0.5183,19,30,219.0,140.0,2,0,2025-11-24,0.91,876.0,343.52,berlinda
NWT0905,Especial-NWT-apartamento-TOP-1Q,Carteira 5,AL,"Maceió, AL","Maceió, AL, Pajuçara",0,221,5886.35,43,5085.72,2025-11,0.8,0.6637,24,30,297.88,286.5,2,0,2025-11-24,1.16,0.0,-800.6300000000001,ok
NWT1103,Especial-NWT-apartamento-TOP-1Q,Carteira 5,AL,"Maceió, AL","Maceió, AL, Pajuçara",0,327,7100.5,43,5085.72,2025-11,0.9333,0.6637,28,30,324.39,322.0,1,0,2025-11-24,1.4,0.0,-2014.7799999999997,ok
PAD0103,Florianopolis-Beira_Mar-apartamento-SUP-2Q,Carteira 4,SC,"Florianópolis, SC","Florianópolis, SC, Centro",0,207,6653.49,12,5309.73,2025-11,0.9333,0.596,28,30,296.14,,0,0,2025-11-24,1.25,0.0,-1343.7600000000002,ok
PDG0202,Balneario_Picarras-Geral-apartamento-SUP-2Q,Carteira 6,SC,"Balneário Piçarras, SC","Balneário Piçarras, SC, Itacolomi",0,73,2861.76,85,1751.85,2025-11,0.7667,0.3621,23,30,144.04,115.0,3,0,2025-11-24,1.63,0.0,-1109.9100000000003,ok
PSD103,Florianopolis-Jurere_Tradicional-apartamento-JR-1Q,Carteira 1,SC,"Florianópolis, SC","Florianópolis, SC, Jurerê",0,1990,1163.33,23,3139.05,2025-11,0.1667,0.5172,5,30,333.0,266.83,6,0,2025-11-24,0.37,0.0,1975.7200000000003,crítico
RAK0331,Florianopolis-UFSC-apartamento-JR-3Q,Carteira 4,SC,"Florianópolis, SC","Florianópolis, SC, Pantanal",4,302,2340.0,15,3753.83,2025-11,0.3462,0.7057,9,30,390.0,230.0,6,0,2025-11-24,0.62,1560.0,1413.83,atenção
RDS003,Campos_do_Jordao-Vila_Natal-casa-JR-1Q,Carteira 4,SP,"Campos do Jordão, SP","Campos do Jordão, SP, Vila Natal",8,631,1365.67,23,2474.0,2025-11,0.3636,0.3436,8,30,203.25,170.33,6,0,2025-11-24,0.55,1626.0,1108.33,atenção
RFM0001,Santa_Cruz_Cabralia-Coroa_Vermelha-apartamento-JR-2Q,Carteira 2,BA,"Santa Cruz Cabrália, BA","Santa Cruz Cabrália, BA, Coroa Vermelha",0,325,1612.84,14,1347.61,2025-11,0.3667,0.3562,11,30,165.91,167.5,2,0,2025-11-24,1.2,0.0,-265.23,ok
RFT505,Balneario_Camboriu-Intermediario-apartamento-JR-2Q,Carteira 6,SC,"Balneário Camboriú, SC","Balneário Camboriú, SC, Centro",13,1440,2821.97,54,2325.59,2025-11,0.8824,0.4655,15,30,235.87,,0,0,2025-11-24,1.21,3066.31,-496.37999999999965,ok
RGP0107,Florianopolis-Jurere_Tradicional-apartamento-JR-1Q,Carteira 1,SC,"Florianópolis, SC","Florianópolis, SC, Jurerê",0,410,4076.08,23,3139.05,2025-11,0.6667,0.5172,20,30,272.7,315.5,2,0,2025-11-24,1.3,0.0,-937.0299999999997,ok
RHE101,Bombinhas-Mariscal-casa-JR-2Q,Carteira 6,SC,"Bombinhas, SC","Bombinhas, SC, Morrinhos",2,576,2324.68,27,1459.87,2025-11,0.7143,0.3243,20,30,155.85,,0,0,2025-11-24,1.59,311.7,-864.81,ok
RRA0205,Florianopolis-Praia_Brava-apartamento-JR-2Q,Carteira 1,SC,"Florianópolis, SC","Florianópolis, SC, Praia Brava",0,436,2208.0,18,1316.81,2025-11,0.2667,0.2146,8,30,315.0,286.0,6,0,2025-11-24,1.68,0.0,-891.19,ok
RSL0502,Itapema-Praia_Itapema-apartamento-TOP-3Q,Carteira 6,SC,"Itapema, SC","Itapema, SC, Centro",8,694,5188.6,32,3812.15,2025-11,0.8636,0.386,19,30,350.32,416.0,1,7,2025-11-24,1.36,2802.56,-1376.4500000000003,ok
RUL0035,Ubatuba-Toninhas-casa-JR-3Q,Carteira 4,SP,"Ubatuba, SP","Ubatuba, SP, Toninhas",10,166,4620.66,16,3309.05,2025-11,0.6,0.3038,12,30,502.83,382.5,2,0,2025-11-24,1.4,5028.3,-1311.6099999999997,ok
SLC0203,Florianopolis-Rio_Vermelho-apartamento-JR-1Q,Carteira 1,SC,"Florianópolis, SC","Florianópolis, SC, Ingleses do Rio Vermelho",0,316,1585.73,21,2656.73,2025-11,0.5667,0.5306,17,30,114.65,157.33,6,0,2025-11-24,0.6,0.0,1071.0,atenção
SOA0910,Salvador-Boca_do_Rio-apartamento-TOP-1Q,Carteira 2,BA,"Salvador, BA","Salvador, BA, Boca do Rio",0,221,3145.06,17,3548.18,2025-11,0.6667,0.6989,20,30,179.55,132.0,3,0,2025-11-24,0.89,0.0,403.1199999999999,berlinda
SPT0103,Blumenau-Central-apartamento-JR-1Q,Carteira 4,SC,"Blumenau, SC","Blumenau, SC, Itoupava Seca",0,593,530.36,42,910.58,2025-11,0.2,0.3663,6,30,100.83,100.0,6,27,2025-11-24,0.58,0.0,380.22,atenção
TBS1105,Florianopolis-Novo_Campeche-apartamento-MASTER-1Q,Carteira 1,SC,"Florianópolis, SC","Florianópolis, SC, Campeche",1,876,6864.59,63,6703.75,2025-11,0.5862,0.6434,17,30,432.58,,0,0,2025-11-24,1.02,432.58,-160.84000000000015,berlinda
VEC112,Bombinhas-Centro-apartamento-SUP-1Q,Carteira 6,SC,"Bombinhas, SC","Bombinhas, SC, Centro",0,1040,4770.54,35,3520.7,2025-11,0.9,0.6125,27,30,230.67,166.0,1,0,2025-11-24,1.35,0.0,-1249.8400000000001,ok
VIC0203,Florianopolis-Novo_Campeche-apartamento-TOP-2Q,Carteira 1,SC,"Florianópolis, SC","Florianópolis, SC, Campeche",1,731,6040.67,57,6778.69,2025-11,0.6897,0.6371,20,30,397.5,441.67,3,0,2025-11-24,0.89,397.5,738.0199999999995,berlinda
VIL0001,Penha-Longe-apartamento-JR-1Q,Carteira 6,SC,"Penha, SC","Penha, SC, Santa Lidia",0,71,1045.22,20,1317.54,2025-11,0.3333,0.3497,10,30,113.7,96.67,6,0,2025-11-24,0.79,0.0,272.31999999999994,atenção
VLE006,Bombinhas-Mariscal-apartamento-JR-2Q,Carteira 6,SC,"Bombinhas, SC","Bombinhas, SC, Mariscal",0,1494,630.78,12,1868.64,2025-11,0.1,0.2244,3,30,198.0,198.0,6,28,2025-11-24,0.34,0.0,1237.8600000000001,crítico
CBE105,Florianopolis-Canasvieiras_Perto-apartamento-JR-1Q,Carteira 1,SC,"Florianópolis, SC","Florianópolis, SC, Canasvieiras",0,1514,3259.7,59,1537.73,2025-11,0.6667,0.4046,20,30,217.1,,0,0,2025-11-24,2.12,0.0,-1721.9699999999998,meta_subestimada
EAB0201,Florianopolis-Ingleses_Norte-apartamento-SUP-2Q,Carteira 1,SC,"Florianópolis, SC","Florianópolis, SC, Ingleses do Rio Vermelho",0,716,3659.55,86,2552.46,2025-11,0.5,0.3604,15,30,289.33,180.0,3,0,2025-11-24,1.43,0.0,-1107.0900000000001,ok
EDG401,Balneario_Camboriu-Centro-apartamento-JR-3Q,Carteira 6,SC,"Balneário Camboriú, SC","Balneário Camboriú, SC, Centro",0,957,5861.78,50,3982.05,2025-11,0.9333,0.4873,28,30,224.07,213.0,2,0,2025-11-24,1.47,0.0,-1879.7299999999996,ok
IDVB2602,Goiania-Central-2-apartamento-SUP-1Q,Carteira 1_sys-price,GO,"Goiânia, GO","Goiânia, GO, Setor Oeste",0,313,2571.79,25,2538.24,2025-11,0.5667,0.468,17,30,174.59,178.6,5,0,2025-11-24,1.01,0.0,-33.55000000000018,berlinda
JBV465,Especial-JBV-hotel-JR-1Q,Especial,SC,"Florianópolis, SC","Florianópolis, SC, Jurerê",0,1842,9977.22,27,10333.97,2025-11,0.7667,0.693,23,30,549.7,486.5,4,0,2025-11-24,0.97,0.0,356.75,berlinda
LVL001,Porto_Seguro-Ajuda_Intermediario-casa-TOP-4Q,Carteira 2,BA,"Porto Seguro, BA","Porto Seguro, BA, Arraial DAjuda",3,492,4224.3,14,4580.97,2025-11,0.2222,0.5039,6,30,876.0,583.33,6,16,2025-11-24,0.92,2628.0,356.6700000000001,berlinda
MHF1109,Itapema-Canto_Praia-apartamento-TOP-2Q,Carteira 5,SC,"Itapema, SC","Itapema, SC, Centro",3,185,4294.04,14,3147.32,2025-11,0.5556,0.4145,15,30,351.2,273.67,6,0,2025-11-24,1.36,1053.6,-1146.7199999999998,ok
NWTA0607,Especial-NWT-apartamento-MASTER-1Q,Carteira 5,AL,"Maceió, AL","Maceió, AL, Pajuçara",3,186,8288.62,31,6339.75,2025-11,0.7778,0.7564,21,30,482.0,375.0,2,0,2025-11-24,1.31,1446.0,-1948.8700000000008,ok
OKA101,Florianopolis-Campeche-apartamento-SUP-1Q,Carteira 1,SC,"Florianópolis, SC","Florianópolis, SC, Campeche",0,1053,2795.01,28,3106.87,2025-11,0.4667,0.6807,14,30,257.14,228.83,6,0,2025-11-24,0.9,0.0,311.8599999999997,berlinda
RJU8301,Bombinhas-Mariscal-casa-JR-3Q,Carteira 6,SC,"Bombinhas, SC","Bombinhas, SC, Mariscal",11,990,1678.96,15,2627.78,2025-11,0.6842,0.3245,13,30,142.0,136.0,1,0,2025-11-24,0.64,1562.0,948.8200000000002,atenção
RVG101,Florianopolis-Ingleses_Norte-apartamento-TOP-3Q,Carteira 1,SC,"Florianópolis, SC","Florianópolis, SC, Ingleses do Rio Vermelho",6,550,5810.58,15,5208.35,2025-11,0.875,0.4932,21,30,349.14,324.0,3,0,2025-11-24,1.12,2094.84,-602.2299999999996,ok
STI108,Florianopolis-Ingleses_Centro-apartamento-TOP-1Q,Carteira 1,SC,"Florianópolis, SC","Florianópolis, SC, Ingleses do Rio Vermelho",0,1480,1865.06,32,2334.79,2025-11,0.3,0.4423,9,30,285.78,198.0,3,0,2025-11-24,0.8,0.0,469.73,atenção
VAC0603,Barra_Velha-Tabuleiro-apartamento-TOP-2Q,Carteira 3,SC,"Barra Velha, SC","Barra Velha, SC, Itajuba",0,316,1414.26,57,1928.98,2025-11,0.1,0.3592,3,30,560.0,560.0,6,30,2025-11-24,0.73,0.0,514.72,atenção
VKA0115,Porto_de_Pedras-Tatuamunha-apartamento-TOP-3Q,Carteira 2,AL,"Porto de Pedras, AL","Porto de Pedras, AL, Tatuamunha",4,129,3775.9,7,10488.86,2025-11,0.3846,0.4385,10,30,603.4,800.0,6,16,2025-11-24,0.36,2413.6,6712.960000000001,crítico
VLE004,Bombinhas-Mariscal-apartamento-JR-1Q,Carteira 6,SC,"Bombinhas, SC","Bombinhas, SC, Mariscal",0,1494,550.23,19,1852.09,2025-11,0.1,0.4008,3,30,209.0,198.0,6,27,2025-11-24,0.3,0.0,1301.86,crítico
VST004,Especial-VST-casa-TOP-1Q,Carteira 5,SC,"Anitápolis, SC","Anitápolis, SC, Rio dos Pinheiros",3,123,2732.32,54,3890.57,2025-11,0.4074,0.3016,11,30,298.55,180.0,4,0,2025-11-24,0.7,895.6500000000001,1158.25,atenção
ABL0138,Florianopolis-Cachoeira_Bom_Jesus-apartamento-JR-1Q,Carteira 1,SC,"Florianópolis, SC","Florianópolis, SC, Cachoeira do Bom Jesus",0,612,2656.84,25,1090.04,2025-11,0.6667,0.228,20,30,177.35,172.5,6,0,2025-11-24,2.44,0.0,-1566.8000000000002,meta_subestimada
AHO1402,Porto_Alegre-Jardim_Botanico-apartamento-TOP-1Q,Carteira 4,RS,"Porto Alegre, RS","Porto Alegre, RS, Petrópolis",0,859,4281.56,31,2872.06,2025-11,0.8667,0.4893,26,30,196.31,188.0,2,0,2025-11-24,1.49,0.0,-1409.5000000000005,ok
AIR1407,Porto_Alegre-Menino_Deus-apartamento-TOP-1Q,Carteira 4,RS,"Porto Alegre, RS","Porto Alegre, RS, Praia de Belas",2,435,1597.8,29,3365.01,2025-11,0.2143,0.6109,6,30,333.0,333.0,6,30,2025-11-24,0.47,666.0,1767.2100000000003,crítico
ASK002,Florianopolis-Itacorubi-apartamento-JR-1Q,Carteira 4,SC,"Florianópolis, SC","Florianópolis, SC, Santa Mônica",0,1101,3854.76,16,2133.36,2025-11,0.9333,0.7361,28,30,166.75,,0,0,2025-11-24,1.81,0.0,-1721.4,ok
AVM0011,Salvador-Flamengo-casa-SUP-2Q,Carteira 2,BA,"Salvador, BA","Salvador, BA, Stella Maris",0,281,5206.99,13,2725.1,2025-11,0.7333,0.5512,22,30,271.14,250.0,1,15,2025-11-24,1.91,0.0,-2481.89,ok
BLB1206,Salvador-Barra-apartamento-SUP-1Q,Carteira 2,BA,"Salvador, BA","Salvador, BA, Barra",0,355,4422.4,212,4248.24,2025-11,0.8667,0.7112,26,30,200.69,,0,0,2025-11-24,1.04,0.0,-174.15999999999985,berlinda
CMM0043,Penha-Central-casa-JR-5Q,Carteira 6,SC,"Penha, SC","Penha, SC, Armação",6,25,4223.22,27,3893.0,2025-11,0.75,0.4295,18,30,310.78,,0,0,2025-11-24,1.08,1864.6799999999998,-330.22000000000025,berlinda
CPR0107,Marau-Barra_Grande-apartamento-SUP-1Q,Carteira 2,BA,"Maraú, BA","Maraú, BA, Barra Grande",0,527,1040.4,14,1598.56,2025-11,0.1,0.2925,3,30,408.0,300.0,6,20,2025-11-24,0.65,0.0,558.1599999999999,atenção
CUA001,Urubici-Geral-casa-JR-1Q,Carteira 3,SC,"Urubici, SC","Urubici, SC, Área Rural",0,565,236.66,35,1109.51,2025-11,0.0667,0.1961,2,30,127.0,115.67,6,0,2025-11-24,0.21,0.0,872.85,crítico
EEC0403,Guarapari-Centro-apartamento-JR-1Q,Carteira 4,ES,"Guarapari, ES","Guarapari, ES, Centro",1,145,1809.04,69,1725.09,2025-11,0.4828,0.5029,14,30,143.43,110.0,2,0,2025-11-24,1.05,143.43,-83.95000000000005,berlinda
ERT0210,Florianopolis-Jurere_Tradicional-apartamento-TOP-1Q,Carteira 1,SC,"Florianópolis, SC","Florianópolis, SC, Jurerê",0,281,6401.0,19,6996.21,2025-11,0.6667,0.704,20,30,354.09,387.0,3,0,2025-11-24,0.91,0.0,595.21,berlinda
FNX0101,Cabo_Frio-Pero_Longe-casa-JR-2Q,Carteira 4,RJ,"Cabo Frio, RJ","Cabo Frio, RJ, Ogiva",8,676,642.75,16,1538.06,2025-11,0.1818,0.4665,4,30,190.0,190.0,6,28,2025-11-24,0.42,1520.0,895.31,crítico
ILC3103,Especial-ILC-hotel-JR-1Q,Especial,SC,"Florianópolis, SC","Florianópolis, SC, Jurerê Internacional",0,1494,10848.36,17,10796.7,2025-11,0.7333,0.6721,22,30,607.64,547.0,1,0,2025-11-24,1.0,0.0,-51.659999999999854,berlinda
ILC4506,Especial-ILC-hotel-TOP-1Q,Especial,SC,"Florianópolis, SC","Florianópolis, SC, Jurerê Internacional",13,123,8516.9,30,11771.46,2025-11,0.8235,0.7857,14,30,789.14,503.5,2,0,2025-11-24,0.72,10258.82,3254.5599999999995,atenção
MDE0406,Canela-Catedral-apartamento-TOP-2Q,Carteira 4,RS,"Canela, RS","Canela, RS, Centro",0,291,5097.92,41,4030.7,2025-11,0.6,0.4795,18,30,341.83,252.0,1,0,2025-11-24,1.26,0.0,-1067.2200000000003,ok
MHF2002,Itapema-Canto_Praia-apartamento-TOP-2Q,Carteira 5,SC,"Itapema, SC","Itapema, SC, Centro",6,348,5832.31,14,3147.32,2025-11,0.7917,0.4145,19,30,380.32,324.25,4,0,2025-11-24,1.85,2281.92,-2684.9900000000002,ok
OKA142,Florianopolis-Campeche-apartamento-SUP-1Q,Carteira 1,SC,"Florianópolis, SC","Florianópolis, SC, Campeche",6,1053,3341.95,28,3106.87,2025-11,0.7083,0.6807,17,30,267.0,245.0,3,0,2025-11-24,1.08,1602.0,-235.07999999999993,berlinda
PSO0703,Penha-Beto_Carrero-apartamento-SUP-1Q,Carteira 3,SC,"Penha, SC","Penha, SC, Praia de Armação do Itapocoroi",0,134,4890.28,18,2190.5,2025-11,0.9667,0.486,29,30,220.07,,0,0,2025-11-24,2.23,0.0,-2699.7799999999997,meta_subestimada
RSM0023,Porto_Seguro-Pataxos-casa-JR-3Q,Carteira 2,BA,"Porto Seguro, BA","Porto Seguro, BA, Praia de Taperapuan",13,121,2758.31,26,2947.67,2025-11,0.7647,0.5061,13,30,324.77,208.0,2,0,2025-11-24,0.94,4222.01,189.36000000000013,berlinda
RTS0503,Balneario_Picarras-Geral-apartamento-TOP-2Q,Carteira 6,SC,"Balneário Piçarras, SC","Balneário Piçarras, SC, Centro",0,388,4076.35,41,2627.78,2025-11,0.7667,0.3938,23,30,204.74,204.0,2,0,2025-11-24,1.55,0.0,-1448.5699999999997,ok
SPT0204,Blumenau-Central-apartamento-JR-1Q,Carteira 4,SC,"Blumenau, SC","Blumenau, SC, Itoupava Seca",0,534,972.12,42,910.58,2025-11,0.3667,0.3663,11,30,105.91,100.0,6,23,2025-11-24,1.07,0.0,-61.539999999999964,berlinda
STN205,Florianopolis-Ingleses_Norte-apartamento-TOP-2Q,Carteira 1,SC,"Florianópolis, SC","Florianópolis, SC, Ingleses do Rio Vermelho",9,648,4231.47,21,5532.65,2025-11,0.8095,0.6262,17,30,294.71,,0,4,2025-11-24,0.76,2652.39,1301.1799999999994,atenção
VNR005,São_Miguel_dos_Milagres-Geral-apartamento-SUP-2Q,Carteira 2,AL,"São Miguel dos Milagres, AL","São Miguel dos Milagres, AL, Riacho",0,416,2752.92,32,4216.84,2025-11,0.4333,0.4505,13,30,257.0,239.17,6,0,2025-11-24,0.65,0.0,1463.92,atenção
AMC0204,Florianopolis-Ingleses_Praia-apartamento-JR-1Q,Carteira 1,SC,"Florianópolis, SC","Florianópolis, SC, Ingleses do Rio Vermelho",0,666,3237.0,35,2337.26,2025-11,0.5667,0.5119,17,30,261.71,161.0,2,3,2025-11-24,1.38,0.0,-899.7399999999998,ok
CNA006,Especial-CNA-casa-MASTER-1Q,Especial,SP,"Campos do Jordão, SP","Campos do Jordão, SP, Jardim Europa",0,1016,13853.85,26,9055.36,2025-11,0.7,0.5061,21,30,691.83,,0,0,2025-11-24,1.53,0.0,-4798.49,ok
DPAC0116,Aguas_Claras-Geral-apartamento-SUP-1Q,Carteira 1_sys-price,DF,"Brasília, DF","Brasília, DF, Águas Claras",0,199,3763.03,110,3017.08,2025-11,0.8333,0.7394,25,30,233.88,,0,0,2025-11-24,1.25,0.0,-745.9500000000003,ok
ELU0311,Especial-JPR-apartamento-TOP-1Q,Carteira 1,SC,"Florianópolis, SC","Florianópolis, SC, Jurerê",0,598,5363.57,17,6675.05,2025-11,0.5333,0.7015,16,30,423.63,277.5,4,0,2025-11-24,0.8,0.0,1311.4800000000005,berlinda
GRB0917,Porto_Alegre-Auxiliadora-apartamento-SUP-1Q,Carteira 4,RS,"Porto Alegre, RS","Porto Alegre, RS, Rio Branco",0,353,2943.75,104,3183.97,2025-11,0.7667,0.6365,23,30,151.78,150.0,3,0,2025-11-24,0.92,0.0,240.2199999999998,berlinda
JPR211,Especial-JPR-apartamento-TOP-1Q,Carteira 1,SC,"Florianópolis, SC","Florianópolis, SC, Jurerê",0,992,6206.7,17,6675.05,2025-11,0.7333,0.7015,22,30,342.59,295.67,3,0,2025-11-24,0.93,0.0,468.35000000000036,berlinda
LLR802,Porto_Belo-Geral-apartamento-MASTER-3Q,Carteira 6,SC,"Porto Belo, SC","Porto Belo, SC, Perequê",4,1181,8459.68,10,4028.22,2025-11,0.8077,0.466,21,30,477.1,443.75,4,0,2025-11-24,2.1,1908.4,-4431.460000000001,meta_subestimada
MHF1206,Itapema-Canto_Praia-apartamento-TOP-1Q,Carteira 5,SC,"Itapema, SC","Itapema, SC, Centro",4,313,1771.72,19,3496.4,2025-11,0.2692,0.5702,7,30,310.71,300.0,4,23,2025-11-24,0.51,1242.84,1724.68,atenção
MHFA0503,Itapema-Canto_Praia-apartamento-SUP-1Q,Carteira 5,SC,"Itapema, SC","Itapema, SC, Centro",0,457,4023.68,14,2356.68,2025-11,0.8667,0.4102,26,30,178.62,160.0,2,0,2025-11-24,1.71,0.0,-1667.0,ok
MRV0001,Imbituba-Praia_do_Rosa-casa-SUP-3Q,Carteira 6,SC,"Imbituba, SC","Imbituba, SC, Praia do Rosa",10,407,4529.73,22,3842.92,2025-11,0.75,0.3768,15,30,367.2,250.0,1,0,2025-11-24,1.18,3672.0,-686.8099999999995,ok
MTA0201,Barra_Velha-Centro-apartamento-SUP-2Q,Carteira 3,SC,"Barra Velha, SC","Barra Velha, SC, Tabuleiro",0,101,2205.77,21,1857.93,2025-11,0.5,0.3462,15,30,167.13,,0,0,2025-11-24,1.19,0.0,-347.8399999999999,ok
MTR1703,Porto_Belo-Geral-apartamento-TOP-3Q,Carteira 6,SC,"Porto Belo, SC","Porto Belo, SC, Perequê",2,227,5010.47,21,2919.75,2025-11,0.7857,0.2742,22,30,299.91,235.0,2,0,2025-11-24,1.72,599.82,-2090.7200000000003,ok
NBL0401,Porto_Alegre-Jardim_Botanico-apartamento-SUP-1Q,Carteira 4,RS,"Porto Alegre, RS","Porto Alegre, RS, Santa Cecília",0,702,1601.26,68,2372.5,2025-11,0.4667,0.5342,14,30,140.43,130.67,6,0,2025-11-24,0.67,0.0,771.24,atenção
NWT0811,Especial-NWT-apartamento-MASTER-1Q,Carteira 5,AL,"Maceió, AL","Maceió, AL, Pajuçara",2,177,10349.71,31,6339.75,2025-11,1.0,0.7564,28,30,540.96,,0,0,2025-11-24,1.63,1081.92,-4009.959999999999,ok
NWT0903,Especial-NWT-apartamento-TOP-1Q,Carteira 5,AL,"Maceió, AL","Maceió, AL, Pajuçara",1,219,5347.34,43,5085.72,2025-11,0.7931,0.6637,23,30,271.57,258.67,3,0,2025-11-24,1.05,271.57,-261.6199999999999,berlinda
PPE0302,Sao_Paulo-Brooklin-apartamento-SUP-1Q,Carteira 4,SP,"São Paulo, SP","São Paulo, SP, Brooklin Novo",7,85,4210.43,299,4501.61,2025-11,0.8261,0.7158,19,30,243.25,161.0,1,0,2025-11-24,0.94,1702.75,291.1799999999994,berlinda
RAA0301,Itapema-Meia_Praia-Norte-apartamento-SUP-3Q,Carteira 6,SC,"Itapema, SC","Itapema, SC, Meia Praia",6,75,2887.45,46,2624.86,2025-11,0.5417,0.3796,13,30,256.69,176.75,4,0,2025-11-24,1.1,1540.1399999999999,-262.5899999999997,ok
RCX1807,Itajai-Praia_Brava-apartamento-MASTER-2Q,Carteira 6,SC,"Itajaí, SC","Itajaí, SC, Praia Brava",0,261,6974.58,14,6801.07,2025-11,0.8333,0.6597,25,30,338.0,250.0,1,9,2025-11-24,1.03,0.0,-173.51000000000022,berlinda
STP1106,Guarapari-Centro-apartamento-SUP-1Q,Carteira 4,ES,"Guarapari, ES","Guarapari, ES, Centro",2,214,1176.58,33,2316.33,2025-11,0.3929,0.5365,11,30,131.18,115.67,6,0,2025-11-24,0.51,262.36,1139.75,atenção
TCO1008,Porto_Alegre-Centro_Historico-apartamento-SUP-1Q,Carteira 4,RS,"Porto Alegre, RS","Porto Alegre, RS, Centro Histórico",0,397,2764.09,77,2393.45,2025-11,0.9,0.6126,27,30,132.41,,0,0,2025-11-24,1.15,0.0,-370.6400000000003,ok
TPS108,Florianopolis-Canasvieiras_Meio-apartamento-TOP-1Q,Carteira 1,SC,"Florianópolis, SC","Florianópolis, SC, Canasvieiras",4,1003,2944.75,26,4125.61,2025-11,0.6538,0.558,17,30,205.24,247.2,5,0,2025-11-24,0.71,820.96,1180.8599999999997,atenção
TSF1302,Balneario_Camboriu-Sul-apartamento-SUP-3Q,Carteira 6,SC,"Balneário Camboriú, SC","Balneário Camboriú, SC, Centro",5,345,4035.35,91,4292.03,2025-11,0.64,0.4907,16,30,306.75,300.5,4,0,2025-11-24,0.94,1533.75,256.67999999999984,berlinda
UPP0512,Curitiba-Centro-apartamento-JR-1Q,Carteira 4,PR,"Curitiba, PR","Curitiba, PR, Alto da XV",0,17,2471.87,289,2479.88,2025-11,0.7,0.6885,21,30,146.62,130.0,4,0,2025-11-24,1.0,0.0,8.010000000000218,berlinda
VST020,Especial-VST-casa-TOP-1Q,Carteira 5,SC,"Anitápolis, SC","Anitápolis, SC, Rio dos Pinheiros",3,123,2807.83,54,3890.57,2025-11,0.5556,0.3016,15,30,236.33,180.0,2,0,2025-11-24,0.72,708.99,1082.7400000000002,atenção
ASR204,Florianopolis-Santinho-apartamento-TOP-2Q,Carteira 1,SC,"Florianópolis, SC","Florianópolis, SC, Ingleses do Rio Vermelho",0,1444,7292.8,17,6569.44,2025-11,0.5667,0.5813,17,30,544.76,,0,18,2025-11-24,1.11,0.0,-723.3600000000006,ok
BTR0302,Balneario_Camboriu-Intermediario-apartamento-JR-2Q,Carteira 6,SC,"Balneário Camboriú, SC","Balneário Camboriú, SC, Centro",16,681,2481.33,54,2325.59,2025-11,1.0,0.4655,14,30,241.0,,0,0,2025-11-24,1.07,3856.0,-155.73999999999978,berlinda
CII0602,Porto_Belo-Geral-apartamento-SUP-2Q,Carteira 6,SC,"Porto Belo, SC","Porto Belo, SC, Perequê",4,435,3074.74,36,1884.19,2025-11,0.8077,0.3871,21,30,164.43,134.0,1,0,2025-11-24,1.63,657.72,-1190.5499999999997,ok
CNA003,Especial-CNA-casa-MASTER-1Q,Especial,SP,"Campos do Jordão, SP","Campos do Jordão, SP, Jardim Europa",0,1016,13823.26,26,9055.36,2025-11,0.7667,0.5061,23,30,741.35,450.0,1,0,2025-11-24,1.53,0.0,-4767.9,ok
CRR201,Florianopolis-Ribeirao-apartamento-SUP-2Q,Carteira 4,SC,"Florianópolis, SC","Florianópolis, SC, Ribeirão da Ilha",8,859,2418.01,38,3573.53,2025-11,0.5909,0.5471,13,30,218.77,158.33,6,0,2025-11-24,0.68,1750.16,1155.52,atenção
CSG305,Florianopolis-Canasvieiras_Perto-apartamento-JR-1Q,Carteira 1,SC,"Florianópolis, SC","Florianópolis, SC, Canasvieiras",0,1349,2870.72,59,1537.73,2025-11,0.5667,0.4046,17,30,220.71,159.0,3,0,2025-11-24,1.87,0.0,-1332.9899999999998,ok
ECH504,Florianopolis-Centrao-apartamento-TOP-1Q,Carteira 4,SC,"Florianópolis, SC","Florianópolis, SC, Centro",0,584,3502.23,31,4642.4,2025-11,0.4667,0.549,14,30,291.87,182.25,4,0,2025-11-24,0.75,0.0,1140.1699999999996,atenção
ELF0410,Bombinhas-Bombas-apartamento-SUP-1Q,Especial,SC,"Bombinhas, SC","Bombinhas, SC, José Amândio",1,82,3397.08,45,3072.04,2025-11,0.5862,0.4924,17,30,235.59,385.33,6,26,2025-11-24,1.11,235.59,-325.03999999999996,ok
ELU207,Florianopolis-Jurere_Tradicional-apartamento-TOP-1Q,Carteira 1,SC,"Florianópolis, SC","Florianópolis, SC, Jurerê",0,892,5960.02,19,6996.21,2025-11,0.7333,0.704,22,30,370.82,451.0,1,0,2025-11-24,0.85,0.0,1036.1899999999996,berlinda
HOX1010,Sao_Paulo-Pinheiros-apartamento-SUP-1Q,Carteira 4,SP,"São Paulo, SP","São Paulo, SP, Pinheiros",0,137,4786.34,429,4667.71,2025-11,0.7333,0.7106,22,30,256.68,178.5,2,0,2025-11-24,1.03,0.0,-118.63000000000011,berlinda
IDVB2103,Goiania-Central-2-apartamento-TOP-1Q,Carteira 1_sys-price,GO,"Goiânia, GO","Goiânia, GO, Setor Oeste",0,36,4703.18,37,2871.72,2025-11,0.8667,0.4335,26,30,215.62,,0,0,2025-11-24,1.64,0.0,-1831.4600000000005,ok
JBV167,Especial-JBV-hotel-TOP-1Q,Especial,SC,"Florianópolis, SC","Florianópolis, SC, Jurerê",0,1121,10969.74,34,11467.8,2025-11,0.8,0.7407,24,30,540.13,,0,0,2025-11-24,0.96,0.0,498.0599999999995,berlinda
JFM0101,Florianopolis-Beira_Mar-apartamento-JR-2Q,Carteira 4,SC,"Florianópolis, SC","Florianópolis, SC, Centro",0,117,5423.81,31,5229.55,2025-11,0.8333,0.687,25,30,256.12,181.0,2,0,2025-11-24,1.04,0.0,-194.26000000000022,berlinda
MLU0306,Gramado-Geral-apartamento-SUP-1Q,Carteira 4,RS,"Gramado, RS","Gramado, RS, Bavaria",0,100,5865.31,83,5551.49,2025-11,0.8333,0.7112,25,30,287.32,,0,0,2025-11-24,1.06,0.0,-313.8200000000006,berlinda
NWT0304,Especial-NWT-apartamento-TOP-1Q,Carteira 5,AL,"Maceió, AL","Maceió, AL, Pajuçara",3,347,4834.75,43,5085.72,2025-11,0.7407,0.6637,20,30,284.5,280.0,2,0,2025-11-24,0.95,853.5,250.97000000000025,berlinda
NWT1421,Especial-NWT-apartamento-TOP-1Q,Carteira 5,AL,"Maceió, AL","Maceió, AL, Pajuçara",2,352,5687.81,43,5085.72,2025-11,0.7857,0.6637,22,30,327.64,301.0,4,0,2025-11-24,1.12,655.28,-602.0900000000001,ok
PLA0310,Curitiba-Boa_Vista-apartamento-SUP-1Q,Carteira 4,PR,"Curitiba, PR","Curitiba, PR, Boa Vista",7,2,1913.39,23,2663.54,2025-11,0.7391,0.6719,17,30,137.24,130.0,1,0,2025-11-24,0.72,960.6800000000001,750.1499999999999,atenção
REK0001,Penha-Beto_Carrero-casa-JR-2Q,Carteira 3,SC,"Penha, SC","Penha, SC, Armação",0,66,2441.22,16,2648.75,2025-11,0.5667,0.5614,17,30,179.82,153.0,4,0,2025-11-24,0.92,0.0,207.5300000000002,berlinda
RNA0303,Bombinhas-Mariscal-apartamento-TOP-3Q,Carteira 6,SC,"Bombinhas, SC","Bombinhas, SC, Canto Grande",9,682,5124.07,14,3898.95,2025-11,0.7619,0.4007,16,30,398.37,296.0,2,12,2025-11-24,1.31,3585.33,-1225.12,ok
SMT0322,Salvador-Boca_do_Rio-apartamento-TOP-1Q,Carteira 2,BA,"Salvador, BA","Salvador, BA, Armação",3,18,2059.33,17,3548.18,2025-11,0.5556,0.6989,15,30,169.73,166.33,3,0,2025-11-24,0.58,509.18999999999994,1488.85,atenção
TCO0615,Porto_Alegre-Centro_Historico-apartamento-SUP-1Q,Carteira 4,RS,"Porto Alegre, RS","Porto Alegre, RS, Centro Histórico",0,555,2705.29,77,2393.45,2025-11,0.7667,0.6126,23,30,131.67,,0,0,2025-11-24,1.13,0.0,-311.84000000000015,ok
VAC2205,Barra_Velha-Tabuleiro-apartamento-SUP-2Q,Carteira 3,SC,"Barra Velha, SC","Barra Velha, SC, Itajuba",0,604,1480.19,14,2189.81,2025-11,0.3333,0.448,10,30,170.4,139.6,5,0,2025-11-24,0.68,0.0,709.6199999999999,atenção
VST001,Especial-VST-casa-TOP-1Q,Carteira 5,SC,"Anitápolis, SC","Anitápolis, SC, Rio dos Pinheiros",9,123,2116.89,54,3890.57,2025-11,0.5238,0.3016,11,30,257.36,272.5,2,0,2025-11-24,0.54,2316.2400000000002,1773.6800000000003,atenção
BRI0102,Florianopolis-Jurere_Longe-apartamento-SUP-2Q,Carteira 1,SC,"Florianópolis, SC","Florianópolis, SC, Jurerê",0,101,4971.39,30,5331.22,2025-11,0.5667,0.6054,17,30,386.18,256.0,3,0,2025-11-24,0.93,0.0,359.8299999999999,berlinda
CEC0801,Salvador-UFBA-apartamento-TOP-1Q,Carteira 2,BA,"Salvador, BA","Salvador, BA, Ondina",0,113,4306.6,16,3620.08,2025-11,0.8333,0.6476,25,30,226.8,140.0,1,0,2025-11-24,1.19,0.0,-686.5200000000004,ok
CZZ0602,Urubici-Geral-apartamento-TOP-2Q,Especial,SC,"Urubici, SC","Urubici, SC, Centro",3,228,4707.25,25,3289.59,2025-11,0.4074,0.2215,11,30,537.27,335.75,4,0,2025-11-24,1.43,1611.81,-1417.6599999999999,ok
ELF0411,Bombinhas-Bombas-apartamento-SUP-1Q,Especial,SC,"Bombinhas, SC","Bombinhas, SC, José Amândio",3,171,4526.62,45,3072.04,2025-11,0.963,0.4924,26,30,210.81,,0,0,2025-11-24,1.47,632.4300000000001,-1454.58,ok
JMAR004,Florianopolis-Jurere_Longe-apartamento-JR-1Q,Carteira 1,SC,"Florianópolis, SC","Florianópolis, SC, Jurerê",0,290,2174.06,47,1965.96,2025-11,0.6,0.4896,18,30,156.22,,0,0,2025-11-24,1.11,0.0,-208.0999999999999,ok
MHF1203,Itapema-Canto_Praia-apartamento-TOP-1Q,Carteira 5,SC,"Itapema, SC","Itapema, SC, Centro",9,260,2044.67,19,3496.4,2025-11,0.5714,0.5702,12,30,277.83,265.0,3,27,2025-11-24,0.58,2500.47,1451.73,atenção
MHFA0604,Itapema-Canto_Praia-apartamento-SUP-1Q,Carteira 5,SC,"Itapema, SC","Itapema, SC, Centro",0,457,3791.47,14,2356.68,2025-11,0.8667,0.4102,26,30,171.42,175.0,1,0,2025-11-24,1.61,0.0,-1434.79,ok
NOA0705,Sao_Paulo-Santo_Amaro-apartamento-SUP-1Q,Carteira 4,SP,"São Paulo, SP","São Paulo, SP, Santo Amaro",4,466,2740.16,157,3988.2,2025-11,0.5769,0.6596,15,30,226.0,137.0,1,0,2025-11-24,0.69,904.0,1248.04,atenção
NOR0102,Brasilia-Asa_Norte-apartamento-SUP-2Q,Carteira 1_sys-price,DF,"Brasília, DF","Brasília, DF, Asa Norte",2,767,4771.76,13,7287.21,2025-11,0.8214,0.8154,23,30,465.35,,0,0,2025-11-24,0.65,930.7,2515.45,atenção
NWT0813,Especial-NWT-apartamento-TOP-1Q,Carteira 5,AL,"Maceió, AL","Maceió, AL, Pajuçara",0,186,5623.63,43,5085.72,2025-11,0.7,0.6637,21,30,313.76,280.0,1,0,2025-11-24,1.11,0.0,-537.9099999999999,ok
NWTB0608,Especial-NWT-apartamento-MASTER-1Q,Carteira 5,AL,"Maceió, AL","Maceió, AL, Pajuçara",0,208,4932.6,31,6339.75,2025-11,0.4667,0.7564,14,30,425.5,,0,0,2025-11-24,0.78,0.0,1407.1499999999996,atenção
OKA0135,Florianopolis-Campeche-apartamento-SUP-1Q,Carteira 1,SC,"Florianópolis, SC","Florianópolis, SC, Campeche",0,46,4112.94,28,3106.87,2025-11,0.7667,0.6807,23,30,214.78,276.75,4,0,2025-11-24,1.32,0.0,-1006.0699999999997,ok
PDP0301,Porto_Belo-Geral-apartamento-SUP-2Q,Carteira 6,SC,"Porto Belo, SC","Porto Belo, SC, Perequê",1,144,3470.3,36,1884.19,2025-11,0.7931,0.3871,23,30,182.57,160.0,2,0,2025-11-24,1.84,182.57,-1586.1100000000001,ok
RCX1105,Itajai-Praia_Brava-apartamento-MASTER-1Q,Carteira 6,SC,"Itajaí, SC","Itajaí, SC, Praia Brava",2,100,2494.02,20,3411.86,2025-11,0.5357,0.502,15,30,200.07,185.0,1,0,2025-11-24,0.73,400.14,917.8400000000001,atenção
RLA0201,Gramado-Geral-apartamento-TOP-2Q,Carteira 4,RS,"Gramado, RS","Gramado, RS, Tres Pinheiros",0,267,10456.61,94,9525.36,2025-11,1.0,0.6983,30,30,474.17,,0,0,2025-11-24,1.1,0.0,-931.25,berlinda
SPJ0501,Especial-SPJ-apartamento-TOP-1Q,Carteira 5,SC,"Florianópolis, SC","Florianópolis, SC, Jurerê",0,382,6839.72,16,6452.9,2025-11,0.9333,0.7069,28,30,316.32,245.0,1,0,2025-11-24,1.06,0.0,-386.8200000000006,berlinda
TCO0312,Porto_Alegre-Centro_Historico-apartamento-SUP-1Q,Carteira 4,RS,"Porto Alegre, RS","Porto Alegre, RS, Centro Histórico",0,366,2208.9,77,2393.45,2025-11,0.7333,0.6126,22,30,127.36,125.0,2,0,2025-11-24,0.92,0.0,184.54999999999973,berlinda
TMHB102,Porto_de_Pedras-Tatuamunha-apartamento-TOP-2Q,Carteira 2,AL,"Porto de Pedras, AL","Porto de Pedras, AL, Porto de pedras",0,592,2811.14,37,5525.0,2025-11,0.3333,0.5407,10,30,331.8,282.67,6,20,2025-11-24,0.51,0.0,2713.86,atenção
TPS312,Florianopolis-Canasvieiras_Meio-apartamento-TOP-1Q,Carteira 1,SC,"Florianópolis, SC","Florianópolis, SC, Canasvieiras",0,1031,2236.57,26,4125.61,2025-11,0.3,0.558,9,30,207.23,180.0,2,0,2025-11-24,0.54,0.0,1889.0399999999995,atenção
TXP0606,Goiania-Central-apartamento-SUP-1Q,Carteira 1_sys-price,GO,"Goiânia, GO","Goiânia, GO, Setor Bueno",0,772,3178.5,162,2535.55,2025-11,0.8,0.5616,24,30,161.08,140.0,2,0,2025-11-24,1.25,0.0,-642.9499999999998,ok
TXP1505,Goiania-Central-apartamento-SUP-1Q,Carteira 1_sys-price,GO,"Goiânia, GO","Goiânia, GO, Setor Bueno",0,767,3095.3,162,2535.55,2025-11,0.8,0.5616,24,30,155.75,172.2,5,0,2025-11-24,1.22,0.0,-559.75,ok
VST013,Especial-VST-casa-TOP-1Q,Carteira 5,SC,"Anitápolis, SC","Anitápolis, SC, Rio dos Pinheiros",2,487,3728.96,54,3890.57,2025-11,0.6429,0.3016,18,30,267.39,180.0,1,0,2025-11-24,0.96,534.78,161.61000000000013,berlinda
BSO0107,Itajai-Praia_Brava-apartamento-SUP-1Q,Carteira 6,SC,"Balneário Camboriú, SC","Balneário Camboriú, SC, Praia dos Amores",4,198,3213.26,12,2794.44,2025-11,0.9615,0.5466,25,30,152.12,,0,0,2025-11-24,1.15,608.48,-418.82000000000016,ok
CEC0302,Balneario_Camboriu-Centro-apartamento-JR-2Q,Carteira 6,SC,"Balneário Camboriú, SC","Balneário Camboriú, SC, Centro",0,61,4055.75,49,3454.39,2025-11,0.8333,0.5285,25,30,195.08,144.0,1,0,2025-11-24,1.17,0.0,-601.3600000000001,ok
CEP0128,Sao_Paulo-Pompeia-apartamento-SUP-1Q,Carteira 4,SP,"São Paulo, SP","São Paulo, SP, Perdizes",0,65,3175.71,71,3769.75,2025-11,0.8,0.5545,24,30,175.21,,0,0,2025-11-24,0.84,0.0,594.04,berlinda
CPR0025,Marau-Barra_Grande-apartamento-TOP-2Q,Carteira 2,BA,"Maraú, BA","Maraú, BA, Barra Grande",2,208,0.0,12,3732.33,2025-11,0.0,0.3009,0,30,0.0,546.0,6,30,2025-11-24,0.0,0.0,3732.33,crítico
EVA704,Florianopolis-Centrao-apartamento-SUP-1Q,Carteira 4,SC,"Florianópolis, SC","Florianópolis, SC, Centro",0,648,3599.35,127,3977.15,2025-11,0.7333,0.5706,22,30,182.14,153.0,3,0,2025-11-24,0.91,0.0,377.8000000000002,berlinda
IAB109,Camaçari-Itacimirim-apartamento-SUP-2Q,Carteira 2,BA,"Camaçari, BA","Camaçari, BA, Itacimirim",2,641,2997.37,27,2919.75,2025-11,0.25,0.3963,7,30,500.0,500.0,6,30,2025-11-24,1.03,1000.0,-77.61999999999989,berlinda
ILC3104,Especial-ILC-hotel-JR-1Q,Especial,SC,"Florianópolis, SC","Florianópolis, SC, Jurerê Internacional",0,1971,9932.95,17,10796.7,2025-11,0.7333,0.6721,22,30,585.82,,0,0,2025-11-24,0.92,0.0,863.75,berlinda
JBV142,Especial-JBV-hotel-TOP-1Q,Especial,SC,"Florianópolis, SC","Florianópolis, SC, Jurerê",0,1580,11130.1,34,11467.8,2025-11,0.7333,0.7407,22,30,680.45,761.5,2,0,2025-11-24,0.97,0.0,337.6999999999989,berlinda
MMD0503,Ilheus-Sul-apartamento-SUP-2Q,Carteira 2,BA,"Ilhéus, BA","Ilhéus, BA, São Francisco",0,211,4128.21,39,2676.44,2025-11,0.8667,0.3785,26,30,183.38,161.5,2,0,2025-11-24,1.54,0.0,-1451.77,ok
MMD0605,Ilheus-Sul-apartamento-SUP-2Q,Carteira 2,BA,"Ilhéus, BA","Ilhéus, BA, São Francisco",0,46,2839.42,39,2676.44,2025-11,0.6333,0.3785,19,30,198.74,161.0,3,0,2025-11-24,1.06,0.0,-162.98000000000002,berlinda
MON0099,Barra_Velha-Tabuleiro-casa-SUP-2Q,Carteira 3,SC,"Barra Velha, SC","Barra Velha, SC, Tabuleiro",4,149,831.87,17,1480.8,2025-11,0.2308,0.2389,6,30,174.0,158.4,5,0,2025-11-24,0.56,696.0,648.93,atenção
RBF142,Florianopolis-Estreito-casa-JR-2Q,Carteira 4,SC,"Florianópolis, SC","Florianópolis, SC, Capoeiras",0,752,3485.37,15,2675.95,2025-11,0.7333,0.5439,22,30,172.73,144.0,3,0,2025-11-24,1.3,0.0,-809.4200000000001,ok
RGF1201,Salvador-Flamengo-apartamento-TOP-1Q,Carteira 2,BA,"Salvador, BA","Salvador, BA, Itapuã",0,190,3135.12,32,3308.7,2025-11,0.6667,0.6487,20,30,173.5,180.0,1,0,2025-11-24,0.95,0.0,173.57999999999993,berlinda
RGOA701,Itapema-Meia_Praia-Sul-apartamento-SUP-2Q,Carteira 6,SC,"Itapema, SC","Itapema, SC, Castelo Branco",0,120,4347.51,21,2510.66,2025-11,0.9667,0.4178,29,30,179.41,,0,0,2025-11-24,1.73,0.0,-1836.8500000000004,ok
RMI1101,Florianopolis-Beira_Mar-apartamento-SUP-3Q,Carteira 4,SC,"Florianópolis, SC","Florianópolis, SC, Agronômica",8,24,4664.6,52,4883.74,2025-11,0.8636,0.5746,19,30,304.26,214.0,1,0,2025-11-24,0.96,2434.08,219.13999999999942,berlinda
SFR0311,Bombinhas-Centro-apartamento-SUP-1Q,Carteira 6,SC,"Bombinhas, SC","Bombinhas, SC, Centro",0,37,4392.06,35,3520.7,2025-11,0.9667,0.6125,29,30,243.34,,0,0,2025-11-24,1.25,0.0,-871.3600000000006,ok
SSG0305,Florianopolis-UFSC-apartamento-TOP-1Q,Carteira 4,SC,"Florianópolis, SC","Florianópolis, SC, Córrego Grande",0,631,5057.15,17,3684.75,2025-11,0.9,0.6764,27,30,279.89,,0,0,2025-11-24,1.37,0.0,-1372.3999999999996,ok
STI209,Florianopolis-Ingleses_Centro-apartamento-SUP-1Q,Carteira 1,SC,"Florianópolis, SC","Florianópolis, SC, Ingleses do Rio Vermelho",0,1689,3876.12,31,1842.38,2025-11,0.7,0.4456,21,30,221.19,171.0,3,0,2025-11-24,2.1,0.0,-2033.7399999999998,meta_subestimada
TCO0213,Porto_Alegre-Centro_Historico-apartamento-SUP-1Q,Carteira 4,RS,"Porto Alegre, RS","Porto Alegre, RS, Centro Histórico",0,388,3008.35,77,2393.45,2025-11,0.8667,0.6126,26,30,141.46,,0,0,2025-11-24,1.26,0.0,-614.9000000000001,ok
AYA201,Florianopolis-Jurere_Tradicional-apartamento-JR-3Q,Carteira 1,SC,"Florianópolis, SC","Florianópolis, SC, Jurerê",4,1984,8025.01,19,5832.42,2025-11,0.8077,0.5258,21,30,493.81,310.67,3,0,2025-11-24,1.38,1975.24,-2192.59,ok
CCI210,Florianopolis-Ingleses_Norte-apartamento-TOP-2Q,Carteira 1,SC,"Florianópolis, SC","Florianópolis, SC, Ingleses do Rio Vermelho",1,997,4330.48,21,5532.65,2025-11,0.5517,0.6262,16,30,319.0,241.5,2,0,2025-11-24,0.78,319.0,1202.17,atenção
CZZ0404,Urubici-Geral-apartamento-SUP-1Q,Especial,SC,"Urubici, SC","Urubici, SC, Centro",1,221,1789.14,55,1722.65,2025-11,0.2759,0.2319,8,30,266.63,166.5,6,0,2025-11-24,1.04,266.63,-66.49000000000001,berlinda
EMZ0504,Guarapari-Praia_do_Morro-apartamento-JR-2Q,Carteira 4,ES,"Guarapari, ES","Guarapari, ES, Praia do Morro",1,138,1312.9,91,2227.12,2025-11,0.1379,0.525,4,30,150.55,,0,0,2025-11-24,0.59,150.55,914.2199999999998,atenção
FFS1402,Itapema-Meia_Praia-Sul-apartamento-SUP-1Q,Carteira 6,SC,"Itapema, SC","Itapema, SC, Meia Praia",9,10,2403.42,19,2238.48,2025-11,0.8571,0.5187,18,30,164.72,138.0,1,0,2025-11-24,1.07,1482.48,-164.94000000000005,berlinda
ILC3109,Especial-ILC-hotel-TOP-1Q,Especial,SC,"Florianópolis, SC","Florianópolis, SC, Jurerê Internacional",0,1828,11161.56,30,11771.46,2025-11,0.7333,0.7857,22,30,669.45,577.5,4,0,2025-11-24,0.95,0.0,609.8999999999996,berlinda
ILC4404,Especial-ILC-hotel-JR-1Q,Especial,SC,"Florianópolis, SC","Florianópolis, SC, Jurerê Internacional",0,1971,13799.88,17,10796.7,2025-11,0.9667,0.6721,29,30,645.59,,0,0,2025-11-24,1.28,0.0,-3003.1799999999985,ok
JRR205,Florianopolis-Jurere_Tradicional-apartamento-TOP-1Q,Carteira 1,SC,"Florianópolis, SC","Florianópolis, SC, Jurerê",0,1185,5026.0,19,6996.21,2025-11,0.5,0.704,15,30,422.67,451.0,1,0,2025-11-24,0.72,0.0,1970.21,atenção
MCB0103,Balneario_Picarras-Geral-apartamento-SUP-2Q,Carteira 6,SC,"Balneário Piçarras, SC","Balneário Piçarras, SC, itacolomi",0,383,2682.39,85,1751.85,2025-11,0.7333,0.3621,22,30,139.23,140.6,5,0,2025-11-24,1.53,0.0,-930.54,ok
MHF1901,Itapema-Canto_Praia-apartamento-TOP-1Q,Carteira 5,SC,"Itapema, SC","Itapema, SC, Centro",0,37,4934.23,19,3496.4,2025-11,0.9,0.5702,27,30,244.22,,0,0,2025-11-24,1.41,0.0,-1437.8299999999995,ok
MLO0601,Itapema-Meia_Praia-Norte-apartamento-SUP-2Q,Carteira 6,SC,"Itapema, SC","Itapema, SC, Meia Praia",1,394,3630.85,25,3163.06,2025-11,0.8966,0.456,26,30,158.38,149.0,1,0,2025-11-24,1.15,158.38,-467.78999999999996,ok
MTS1503,Itapema-Praia_Itapema-apartamento-SUP-2Q,Carteira 6,SC,"Itapema, SC","Itapema, SC, Morretes",0,213,3381.76,16,3455.04,2025-11,0.7,0.5108,21,30,206.52,164.25,4,0,2025-11-24,0.98,0.0,73.27999999999975,berlinda
PFN0007,Porto_Seguro-Pataxos-apartamento-JR-2Q,Carteira 2,BA,"Porto Seguro, BA","Porto Seguro, BA, Pataxós",29,218,0.0,45,1927.04,2025-11,0.0,0.3383,0,30,0.0,130.0,1,0,2025-11-24,0.0,0.0,1927.04,crítico
POS0205,Florianopolis-Ingleses_Praia-apartamento-JR-1Q,Carteira 1,SC,"Florianópolis, SC","Florianópolis, SC, Ingleses do Rio Vermelho",1,411,1589.24,35,2337.26,2025-11,0.3793,0.5119,11,30,255.45,184.25,4,0,2025-11-24,0.68,255.45,748.0200000000002,atenção
PSOA0912,Penha-Beto_Carrero-apartamento-SUP-1Q,Carteira 3,SC,"Penha, SC","Penha, SC, Praia de Armação do Itapocoroi",0,113,3624.85,18,2190.5,2025-11,0.7667,0.486,23,30,185.96,,0,0,2025-11-24,1.65,0.0,-1434.35,ok
RIV101,Florianopolis-Jurere_Tradicional-apartamento-TOP-2Q,Carteira 1,SC,"Florianópolis, SC","Florianópolis, SC, Jurerê",0,589,2971.41,20,10464.65,2025-11,0.2,0.6843,6,30,542.17,575.5,6,0,2025-11-24,0.28,0.0,7493.24,crítico
TPS303,Florianopolis-Canasvieiras_Meio-apartamento-TOP-1Q,Carteira 1,SC,"Florianópolis, SC","Florianópolis, SC, Canasvieiras",8,457,1504.91,26,4125.61,2025-11,0.4091,0.558,9,30,202.56,170.5,2,0,2025-11-24,0.36,1620.48,2620.7,crítico
UPP0115,Curitiba-Centro-apartamento-JR-1Q,Carteira 4,PR,"Curitiba, PR","Curitiba, PR, Alto da XV",0,10,1698.7,289,2479.88,2025-11,0.5,0.6885,15,30,136.07,130.0,6,0,2025-11-24,0.68,0.0,781.1800000000001,atenção
UPP0514,Curitiba-Centro-apartamento-JR-1Q,Carteira 4,PR,"Curitiba, PR","Curitiba, PR, Alto da XV",1,9,1616.16,289,2479.88,2025-11,0.4828,0.6885,14,30,138.21,130.0,6,0,2025-11-24,0.65,138.21,863.72,atenção
VDM101,Florianopolis-Canajure-apartamento-JR-1Q,Carteira 1,SC,"Florianópolis, SC","Florianópolis, SC, Canasvieiras",6,918,3348.67,65,1703.19,2025-11,0.8333,0.4142,20,30,217.4,213.5,2,0,2025-11-24,1.97,1304.4,-1645.48,ok
VEC311,Bombinhas-Centro-apartamento-SUP-1Q,Carteira 6,SC,"Bombinhas, SC","Bombinhas, SC, Centro",0,1040,4725.02,35,3520.7,2025-11,0.9333,0.6125,28,30,216.25,166.0,1,0,2025-11-24,1.34,0.0,-1204.3200000000006,ok
VFI0103,Gramado-Geral-apartamento-JR-2Q,Carteira 4,RS,"Gramado, RS","Gramado, RS, Centro",9,330,4149.56,52,4002.49,2025-11,0.619,0.5359,13,30,464.38,,0,0,2025-11-24,1.04,4179.42,-147.07000000000062,berlinda
ALO0201,Barra_Velha-Centro-apartamento-TOP-2Q,Carteira 3,SC,"Barra Velha, SC","Barra Velha, SC, Tabuleiro",8,11,1492.04,60,1921.2,2025-11,0.4091,0.3582,9,30,206.0,193.17,6,0,2025-11-24,0.78,1648.0,429.1600000000001,atenção
BLB0507,Salvador-Barra-apartamento-SUP-1Q,Carteira 2,BA,"Salvador, BA","Salvador, BA, Barra",1,72,4424.73,212,4248.24,2025-11,0.8966,0.7112,26,30,203.15,150.0,1,0,2025-11-24,1.04,203.15,-176.48999999999978,berlinda
DAL221,Canela-Geral-apartamento-SUP-2Q,Carteira 4,RS,"Canela, RS","Canela, RS, São José",1,169,4719.4,25,4533.9,2025-11,0.5862,0.6141,17,30,333.65,201.0,2,0,2025-11-24,1.04,333.65,-185.5,berlinda
EATNR0205,Sao_Paulo-Bela_Vista-apartamento-SUP-1Q,Carteira 4_sys-price,SP,"São Paulo, SP","São Paulo, SP, Bela Vista",3,172,4232.92,605,4142.47,2025-11,0.8519,0.7186,23,30,209.17,150.0,1,0,2025-11-24,1.02,627.51,-90.44999999999982,berlinda
MHF1105,Itapema-Canto_Praia-apartamento-TOP-1Q,Carteira 5,SC,"Itapema, SC","Itapema, SC, Centro",0,479,4974.21,19,3496.4,2025-11,0.8667,0.5702,26,30,240.73,200.0,3,0,2025-11-24,1.42,0.0,-1477.81,ok
MHF1202,Itapema-Canto_Praia-apartamento-TOP-2Q,Carteira 5,SC,"Itapema, SC","Itapema, SC, Centro",14,309,2782.22,14,3147.32,2025-11,0.625,0.4145,10,30,284.0,,0,22,2025-11-24,0.88,3976.0,365.10000000000036,berlinda
NWT0615,Especial-NWT-apartamento-TOP-1Q,Carteira 5,AL,"Maceió, AL","Maceió, AL, Pajuçara",1,211,5548.79,43,5085.72,2025-11,0.7586,0.6637,22,30,311.86,,0,0,2025-11-24,1.09,311.86,-463.0699999999997,berlinda
ONP1701,Sao_Paulo-Bela_Vista-apartamento-SUP-1Q,Carteira 4_sys-price,SP,"São Paulo, SP","São Paulo, SP, Paraíso",1,58,5071.76,605,4142.47,2025-11,0.9655,0.7186,28,30,206.79,150.0,1,0,2025-11-24,1.22,206.79,-929.29,ok
PGO402,Pocos_de_Caldas-Geral-apartamento-SUP-1Q,Carteira 4,MG,"Poços de Caldas, MG","Poços de Caldas, MG, São Benedito",0,808,1706.15,32,1790.89,2025-11,0.4,0.4244,12,30,165.25,123.6,5,0,2025-11-24,0.95,0.0,84.74000000000001,berlinda
RFL203,Florianopolis-Jurere_Longe-apartamento-JR-2Q,Carteira 1,SC,"Florianópolis, SC","Florianópolis, SC, Jurerê",0,1011,3146.24,21,3322.23,2025-11,0.5333,0.4815,16,30,259.63,191.0,3,0,2025-11-24,0.95,0.0,175.99000000000024,berlinda
RIE0315,Florianopolis-Ingleses_Norte-apartamento-JR-3Q,Carteira 1,SC,"Florianópolis, SC","Florianópolis, SC, Ingleses do Rio Vermelho",5,473,3998.87,17,2043.83,2025-11,0.76,0.3626,19,30,285.63,282.8,5,0,2025-11-24,1.96,1428.15,-1955.04,ok
RUP0203,Blumenau-Central-apartamento-SUP-1Q,Carteira 4,SC,"Blumenau, SC","Blumenau, SC, Escola Agrícola",1,402,1740.45,67,1442.36,2025-11,0.5517,0.3663,16,30,125.44,123.2,5,0,2025-11-24,1.21,125.44,-298.09000000000015,ok
SEM501,Itapema-Praia_Itapema-apartamento-TOP-2Q,Carteira 6,SC,"Itapema, SC","Itapema, SC, Morretes",0,787,4088.37,20,2637.51,2025-11,0.8667,0.3676,26,30,197.0,145.0,1,0,2025-11-24,1.55,0.0,-1450.8599999999997,ok
SHC0703,Balneario_Picarras-Geral-apartamento-TOP-2Q,Carteira 6,SC,"Balneário Piçarras, SC","Balneário Piçarras, SC, Itajubá II",1,278,4420.66,41,2627.78,2025-11,0.8276,0.3938,24,30,243.67,176.0,2,0,2025-11-24,1.68,243.67,-1792.8799999999997,ok
SIP0709,Salvador-Piata-apartamento-SUP-1Q,Carteira 5,BA,"Salvador, BA","Salvador, BA, Itapuã",5,64,2868.0,23,2647.24,2025-11,0.88,0.6092,22,30,152.05,,0,0,2025-11-24,1.08,760.25,-220.76000000000022,berlinda
TAB0140,Garopaba-Centro-casa-JR-3Q,Carteira 6,SC,"Garopaba, SC","Garopaba, SC, Praia da Ferrugem",12,103,3216.11,26,2184.78,2025-11,0.6111,0.2807,11,30,344.73,150.0,2,0,2025-11-24,1.47,4136.76,-1031.33,ok
VBM1313,Sao_Paulo-Mariana-apartamento-SUP-1Q,Carteira 4,SP,"São Paulo, SP","São Paulo, SP, Vila Clementino",0,394,3331.83,181,3634.6,2025-11,0.7667,0.6538,23,30,188.13,,0,0,2025-11-24,0.92,0.0,302.77,berlinda
VDG114,Florianopolis-Ingleses_Norte-apartamento-JR-1Q,Carteira 1,SC,"Florianópolis, SC","Florianópolis, SC, Ingleses do Rio Vermelho",0,1180,1057.86,60,2205.66,2025-11,0.2,0.4962,6,30,220.83,249.5,6,0,2025-11-24,0.48,0.0,1147.8,crítico
VDR0202,Florianopolis-Cachoeira_Bom_Jesus-apartamento-TOP-3Q,Carteira 1,SC,"Florianópolis, SC","Florianópolis, SC, Cachoeira do Bom Jesus",9,416,11197.37,14,6923.46,2025-11,0.9048,0.6825,19,30,721.05,,0,0,2025-11-24,1.62,6489.45,-4273.910000000001,ok
VST002,Especial-VST-casa-TOP-1Q,Carteira 5,SC,"Anitápolis, SC","Anitápolis, SC, Rio dos Pinheiros",2,488,3050.31,54,3890.57,2025-11,0.5357,0.3016,15,30,260.67,161.75,4,11,2025-11-24,0.78,521.34,840.2600000000002,atenção
WSH0208,Curitiba-Batel-apartamento-SUP-1Q,Carteira 4,PR,"Curitiba, PR","Curitiba, PR, Bigorrilho",0,162,3175.39,200,3688.58,2025-11,0.7333,0.6794,22,30,178.32,,0,0,2025-11-24,0.86,0.0,513.19,berlinda
AAR0203,Florianopolis-Campeche_Praia-apartamento-SUP-1Q,Carteira 1,SC,"Florianópolis, SC","Florianópolis, SC, Campeche",0,72,3361.67,11,3052.35,2025-11,0.6,0.7176,18,30,227.33,238.67,3,0,2025-11-24,1.1,0.0,-309.32000000000016,ok
BCL402,Ilheus-Pontal-apartamento-TOP-1Q,Carteira 2,BA,"Ilhéus, BA","Ilhéus, BA, Pontal",0,661,2147.4,46,2554.78,2025-11,0.4,0.3787,12,30,206.25,178.67,6,0,2025-11-24,0.84,0.0,407.3800000000001,berlinda
BSO0204,Itajai-Praia_Brava-apartamento-SUP-1Q,Carteira 6,SC,"Balneário Camboriú, SC","Balneário Camboriú, SC, Praia dos Amores",0,198,3594.03,12,2794.44,2025-11,0.8333,0.5466,25,30,175.0,139.0,3,0,2025-11-24,1.29,0.0,-799.5900000000001,ok
CRM0201,Florianopolis-Canto_da_Lagoa-apartamento-SUP-2Q,Carteira 1,SC,"Florianópolis, SC","Florianópolis, SC, Canto da Lagoa",0,229,4890.8,16,3815.33,2025-11,0.7333,0.456,22,30,285.09,270.0,3,0,2025-11-24,1.28,0.0,-1075.4700000000003,ok
EAA805,Maceio-Jatiuca-apartamento-SUP-1Q,Carteira 2,AL,"Maceió, AL","Maceió, AL, Ponta Verde",2,586,2768.01,102,3602.73,2025-11,0.6786,0.7251,19,30,168.11,129.5,2,0,2025-11-24,0.77,336.22,834.7199999999998,atenção
EDN1001,Balneario_Camboriu-Intermediario-apartamento-SUP-2Q,Carteira 6,SC,"Balneário Camboriú, SC","Balneário Camboriú, SC, Centro",3,134,4425.18,93,3620.15,2025-11,0.9259,0.5008,25,30,217.4,,0,0,2025-11-24,1.22,652.2,-805.0300000000002,ok
FFS1508,Itapema-Meia_Praia-Sul-apartamento-SUP-1Q,Carteira 6,SC,"Itapema, SC","Itapema, SC, Meia Praia",1,10,3191.58,19,2238.48,2025-11,0.8621,0.5187,25,30,172.08,149.0,1,0,2025-11-24,1.43,172.08,-953.0999999999999,ok
GSS0488,Florianopolis-Santo_Antonio_de_Lisboa-casa-SUP-3Q,Carteira 1,SC,"Florianópolis, SC","Florianópolis, SC, Sambaqui",6,75,3842.83,7,4671.6,2025-11,0.625,0.4968,15,30,316.93,371.83,6,0,2025-11-24,0.82,1901.58,828.7700000000004,berlinda
IAA1004,Recife-Boa_Viagem-apartamento-TOP-1Q,Carteira 2,PE,"Recife, PE","Recife, PE, Boa Viagem",0,598,5287.57,40,4981.09,2025-11,0.9667,0.8137,29,30,224.52,,0,0,2025-11-24,1.06,0.0,-306.47999999999956,berlinda
ILC2413,Especial-ILC-hotel-JR-1Q,Especial,SC,"Florianópolis, SC","Florianópolis, SC, Jurerê Internacional",16,1139,6283.86,17,10796.7,2025-11,1.0,0.6721,14,30,541.93,547.0,1,0,2025-11-24,0.58,8670.88,4512.840000000001,atenção
MCP0213,Porto_Alegre-PUC_RS-apartamento-SUP-1Q,Carteira 4,RS,"Porto Alegre, RS","Porto Alegre, RS, Jardim do Salso",0,23,1900.2,22,1514.38,2025-11,0.5667,0.4503,17,30,139.24,130.0,2,0,2025-11-24,1.25,0.0,-385.81999999999994,ok
NWT0901,Especial-NWT-apartamento-TOP-1Q,Carteira 5,AL,"Maceió, AL","Maceió, AL, Pajuçara",1,222,3313.0,43,5085.72,2025-11,0.3448,0.6637,10,30,400.0,400.0,6,30,2025-11-24,0.65,400.0,1772.7200000000003,atenção
PLA0311,Curitiba-Boa_Vista-apartamento-SUP-1Q,Carteira 4,PR,"Curitiba, PR","Curitiba, PR, Boa Vista",5,2,2564.1,23,2663.54,2025-11,0.88,0.6719,22,30,157.09,130.0,1,0,2025-11-24,0.96,785.45,99.44000000000005,berlinda
PSO0411,Penha-Beto_Carrero-apartamento-SUP-1Q,Carteira 3,SC,"Penha, SC","Penha, SC, Praia de Armação do Itapocoroi",0,121,5244.23,18,2190.5,2025-11,0.8667,0.486,26,30,262.73,,0,0,2025-11-24,2.39,0.0,-3053.7299999999996,meta_subestimada
RDS002,Campos_do_Jordao-Vila_Natal-casa-JR-1Q,Carteira 4,SP,"Campos do Jordão, SP","Campos do Jordão, SP, Vila Natal",11,631,1087.84,23,2474.0,2025-11,0.2632,0.3436,5,30,244.0,157.25,4,0,2025-11-24,0.44,2684.0,1386.16,crítico
TPS307,Florianopolis-Canasvieiras_Meio-apartamento-TOP-1Q,Carteira 1,SC,"Florianópolis, SC","Florianópolis, SC, Canasvieiras",0,1030,3624.1,26,4125.61,2025-11,0.6667,0.558,20,30,235.25,214.0,5,0,2025-11-24,0.88,0.0,501.50999999999976,berlinda
VLE007,Bombinhas-Mariscal-apartamento-JR-1Q,Carteira 6,SC,"Bombinhas, SC","Bombinhas, SC, mariscal",0,1494,1084.98,19,1852.09,2025-11,0.2,0.4008,6,30,204.0,198.0,6,28,2025-11-24,0.59,0.0,767.1099999999999,atenção
AMC0202,Florianopolis-Ingleses_Praia-apartamento-JR-1Q,Carteira 1,SC,"Florianópolis, SC","Florianópolis, SC, Ingleses do Rio Vermelho",4,501,3289.84,35,2337.26,2025-11,0.6538,0.5119,17,30,233.24,185.0,2,0,2025-11-24,1.41,932.96,-952.5799999999999,ok
BLSA1455,Goiania-Central-apartamento-TOP-1Q,Carteira 1_sys-price,GO,"Goiânia, GO","Goiânia, GO, Setor Marista",0,456,3542.77,54,3159.15,2025-11,0.8,0.5673,24,30,181.21,197.0,1,0,2025-11-24,1.12,0.0,-383.6199999999999,ok
CAG0003,Camaçari-Monte_Gordo-casa-SUP-4Q,Carteira 2,BA,"Camaçari, BA","Camaçari, BA, Guarajuba",7,124,5451.8,11,7254.75,2025-11,0.5217,0.3187,12,30,589.67,510.0,6,0,2025-11-24,0.75,4127.69,1802.9499999999998,atenção
CEV2304,Balneario_Camboriu-Intermediario-apartamento-JR-1Q,Carteira 6,SC,"Balneário Camboriú, SC","Balneário Camboriú, SC, Centro",0,306,3206.16,67,2180.08,2025-11,0.7,0.547,21,30,223.7,100.0,1,0,2025-11-24,1.47,0.0,-1026.08,ok
CII0601,Porto_Belo-Geral-apartamento-SUP-2Q,Carteira 6,SC,"Porto Belo, SC","Porto Belo, SC, Perequê",0,435,4045.55,36,1884.19,2025-11,0.8667,0.3871,26,30,186.75,141.5,2,0,2025-11-24,2.15,0.0,-2161.36,meta_subestimada
CNB005,Especial-CNB-casa-TOP-1Q,Especial,SP,"Campos do Jordão, SP","Campos do Jordão, SP, Jardim Europa",1,596,6459.76,18,5690.11,2025-11,0.3793,0.6166,11,30,682.0,326.67,3,6,2025-11-24,1.14,682.0,-769.6500000000005,ok
DSG1301,Sao_Paulo-Vila_Olimpia-apartamento-SUP-1Q,Carteira 4,SP,"São Paulo, SP","São Paulo, SP, Itaim Bibi",0,191,7642.99,308,6486.71,2025-11,0.9667,0.7113,29,30,321.9,225.0,1,0,2025-11-24,1.18,0.0,-1156.2799999999997,ok
ILC3208,Especial-ILC-hotel-TOP-1Q,Especial,SC,"Florianópolis, SC","Florianópolis, SC, Jurerê Internacional",0,1458,11611.0,30,11771.46,2025-11,0.6667,0.7857,20,30,739.75,448.0,2,0,2025-11-24,0.99,0.0,160.45999999999913,berlinda
JBV214,Especial-JBV-hotel-JR-1Q,Especial,SC,"Florianópolis, SC","Florianópolis, SC, Jurerê",0,1045,10556.84,27,10333.97,2025-11,0.8333,0.693,25,30,506.32,355.0,1,0,2025-11-24,1.02,0.0,-222.8700000000008,berlinda
JBV227,Especial-JBV-hotel-TOP-1Q,Especial,SC,"Florianópolis, SC","Florianópolis, SC, Jurerê",0,22,13659.49,34,11467.8,2025-11,0.9,0.7407,27,30,631.93,,0,0,2025-11-24,1.19,0.0,-2191.6900000000005,ok
JBV462,Especial-JBV-hotel-TOP-1Q,Especial,SC,"Florianópolis, SC","Florianópolis, SC, Jurerê",13,1376,8792.87,34,11467.8,2025-11,0.8824,0.7407,15,30,740.07,602.0,1,0,2025-11-24,0.77,9620.91,2674.9299999999985,atenção
JPR212,Florianopolis-Jurere_Tradicional-apartamento-MASTER-1Q,Carteira 1,SC,"Florianópolis, SC","Florianópolis, SC, Jurerê",0,1278,11034.9,26,11379.24,2025-11,0.9333,0.7041,28,30,506.14,447.0,1,0,2025-11-24,0.97,0.0,344.34000000000015,berlinda
LVR010,Campos_do_Jordao-Capivari_Centro-apartamento-SUP-2Q,Carteira 4,SP,"Campos do Jordão, SP","Campos do Jordão, SP, Vila Iara",0,941,4720.95,45,3750.48,2025-11,0.4667,0.3475,14,30,400.21,355.5,4,0,2025-11-24,1.26,0.0,-970.4699999999998,ok
MHF0704,Itapema-Canto_Praia-apartamento-TOP-1Q,Carteira 5,SC,"Itapema, SC","Itapema, SC, Centro",0,471,4966.31,19,3496.4,2025-11,0.9333,0.5702,28,30,217.54,200.0,1,0,2025-11-24,1.42,0.0,-1469.9100000000003,ok
MHFB0507,Itapema-Canto_Praia-apartamento-SUP-1Q,Carteira 5,SC,"Itapema, SC","Itapema, SC, Centro",0,457,3127.89,14,2356.68,2025-11,0.7,0.4102,21,30,175.0,176.0,2,0,2025-11-24,1.33,0.0,-771.21,ok
MPL0215,Brasilia-Asa_Norte-apartamento-SUP-1Q,Carteira 1_sys-price,DF,"Brasília, DF","Brasília, DF, Asa Norte",0,269,4480.65,142,4078.89,2025-11,0.9667,0.8171,29,30,185.28,,0,0,2025-11-24,1.1,0.0,-401.75999999999976,berlinda
NLUH0008,São_Miguel_dos_Milagres-Geral-casa-TOP-3Q,Carteira 2,AL,"Passo de Camaragibe, AL","Passo de Camaragibe, AL, Praia do Marceneiro",18,388,3416.21,24,7279.08,2025-11,0.5,0.5345,6,30,685.17,616.0,2,0,2025-11-24,0.47,12333.06,3862.87,crítico
NWT0803,Especial-NWT-apartamento-TOP-1Q,Carteira 5,AL,"Maceió, AL","Maceió, AL, Pajuçara",0,325,5342.44,43,5085.72,2025-11,0.7,0.6637,21,30,292.73,288.4,5,0,2025-11-24,1.05,0.0,-256.71999999999935,berlinda
ONJ2712,Sao_Paulo-Moema-apartamento-SUP-1Q,Carteira 4_sys-price,SP,"São Paulo, SP","São Paulo, SP, Moema",5,267,3883.77,611,4212.23,2025-11,0.76,0.6801,19,30,230.37,,0,0,2025-11-24,0.92,1151.85,328.4599999999996,berlinda
PGR1101,Porto_Alegre-Jardim_Botanico-apartamento-TOP-2Q,Carteira 4,RS,"Porto Alegre, RS","Porto Alegre, RS, Petrópolis",22,221,1345.62,22,4396.25,2025-11,0.75,0.6131,6,30,280.0,450.0,1,2,2025-11-24,0.31,6160.0,3050.63,crítico
PPB0603,Goiania-Central-apartamento-SUP-2Q,Carteira 1_sys-price,GO,"Goiânia, GO","Goiânia, GO, Setor Bueno",0,759,3911.18,57,3485.85,2025-11,0.6667,0.5275,20,30,230.75,226.67,6,10,2025-11-24,1.12,0.0,-425.3299999999999,ok
RFM0021,Santa_Cruz_Cabralia-Coroa_Vermelha-apartamento-SUP-2Q,Carteira 2,BA,"Santa Cruz Cabrália, BA","Santa Cruz Cabrália, BA, Coroa Vermelha",0,437,2012.04,51,3298.0,2025-11,0.4,0.5248,12,30,218.5,166.0,1,0,2025-11-24,0.61,0.0,1285.96,atenção
RPC301,Florianopolis-Canasvieiras_Longe-apartamento-SUP-2Q,Carteira 1,SC,"Florianópolis, SC","Florianópolis, SC, Canasvieiras",0,1297,4456.45,24,2758.92,2025-11,0.7,0.4723,21,30,225.76,220.33,6,0,2025-11-24,1.62,0.0,-1697.5299999999997,ok
SCO0004,Florianopolis-Campeche-apartamento-JR-1Q,Carteira 1,SC,"Florianópolis, SC","Florianópolis, SC, Campeche",0,207,3167.78,28,2204.41,2025-11,0.7,0.6439,21,30,191.62,,0,0,2025-11-24,1.44,0.0,-963.3700000000003,ok
SMA0407,Salvador-Pituba_Praia-apartamento-SUP-1Q,Carteira 5,BA,"Salvador, BA","Salvador, BA, Amaralina",1,24,2962.24,17,2408.79,2025-11,0.7586,0.6483,22,30,175.36,,0,0,2025-11-24,1.23,175.36,-553.4499999999998,ok
SPJ0403,Especial-SPJ-apartamento-TOP-1Q,Carteira 5,SC,"Florianópolis, SC","Florianópolis, SC, Jurerê",0,516,7855.08,16,6452.9,2025-11,1.0,0.7069,30,30,322.73,,0,0,2025-11-24,1.22,0.0,-1402.1800000000003,ok
ATP0003,Porto_Seguro-Pitinga-casa-SUP-4Q,Carteira 2,BA,"Porto Seguro, BA","Porto Seguro, BA, Arraial D Ajuda",0,264,0.0,9,3906.63,2025-11,0.0,0.3498,0,30,0.0,442.33,6,0,2025-11-24,0.0,0.0,3906.63,crítico
CNB011,Especial-CNB-casa-TOP-1Q,Especial,SP,"Campos do Jordão, SP","Campos do Jordão, SP, Jardim Europa",0,591,11750.3,18,5690.11,2025-11,0.7667,0.6166,23,30,607.22,330.0,2,6,2025-11-24,2.07,0.0,-6060.19,meta_subestimada
CZZ0502,Urubici-Geral-apartamento-SUP-1Q,Especial,SC,"Urubici, SC","Urubici, SC, Centro",1,22,1609.54,55,1722.65,2025-11,0.2759,0.2319,8,30,230.38,196.17,6,0,2025-11-24,0.93,230.38,113.11000000000013,berlinda
DLH0403,Gramado-Centro-apartamento-TOP-2Q,Carteira 4,RS,"Gramado, RS","Gramado, RS, Centro",3,1,11377.73,55,11231.9,2025-11,0.8148,0.7261,22,30,556.17,255.0,1,0,2025-11-24,1.01,1668.5099999999998,-145.82999999999993,berlinda
ECM204,Florianopolis-Lagoa-apartamento-SUP-1Q,Carteira 1,SC,"Florianópolis, SC","Florianópolis, SC, Lagoa da Conceição",2,1124,2720.94,27,3747.01,2025-11,0.6429,0.7398,18,30,196.0,258.0,1,0,2025-11-24,0.73,392.0,1026.0700000000002,atenção
LGR204,Florianopolis-Ingleses_Centro-apartamento-JR-1Q,Carteira 1,SC,"Florianópolis, SC","Florianópolis, SC, Ingleses do Rio Vermelho",0,1044,2377.34,18,2729.84,2025-11,0.6333,0.5952,19,30,145.95,128.25,4,0,2025-11-24,0.87,0.0,352.5,berlinda
MBCA0302,Goiania-Leste-apartamento-TOP-1Q,Carteira 1_sys-price,GO,"Goiânia, GO","Goiânia, GO, Jardim Goiás",0,207,3851.93,20,3827.79,2025-11,0.8667,0.6222,26,30,185.04,,0,0,2025-11-24,1.01,0.0,-24.139999999999873,berlinda
MBCA1704,Goiania-Leste-apartamento-SUP-1Q,Carteira 1_sys-price,GO,"Goiânia, GO","Goiânia, GO, Jardim Goiás",0,772,3452.99,82,2407.54,2025-11,0.8333,0.5448,25,30,172.12,155.5,2,0,2025-11-24,1.43,0.0,-1045.4499999999998,ok
MHF1108,Itapema-Canto_Praia-apartamento-TOP-2Q,Carteira 5,SC,"Itapema, SC","Itapema, SC, Centro",5,456,5240.0,14,3147.32,2025-11,0.84,0.4145,21,30,296.33,,0,0,2025-11-24,1.66,1481.6499999999999,-2092.68,ok
MHF1509,Itapema-Canto_Praia-apartamento-TOP-2Q,Carteira 5,SC,"Itapema, SC","Itapema, SC, Centro",0,272,6207.46,14,3147.32,2025-11,0.8667,0.4145,26,30,285.73,267.0,1,0,2025-11-24,1.97,0.0,-3060.14,ok
MHF2001,Itapema-Canto_Praia-apartamento-TOP-1Q,Carteira 5,SC,"Itapema, SC","Itapema, SC, Centro",1,326,3468.86,19,3496.4,2025-11,0.6207,0.5702,18,30,226.67,235.0,2,0,2025-11-24,0.99,226.67,27.539999999999964,berlinda
MPA107,Salvador-Pituba_Praia-apartamento-SUP-1Q,Carteira 5,BA,"Salvador, BA","Salvador, BA, Pituba",6,480,3716.99,17,2408.79,2025-11,0.8333,0.6483,20,30,206.2,184.5,2,0,2025-11-24,1.54,1237.1999999999998,-1308.1999999999998,ok
MRE1101,Porto_Belo-Geral-apartamento-SUP-2Q,Carteira 6,SC,"Porto Belo, SC","Porto Belo, SC, Pereque",0,227,4850.31,36,1884.19,2025-11,0.9333,0.3871,28,30,212.25,,0,0,2025-11-24,2.57,0.0,-2966.1200000000003,meta_subestimada
NOA0919,Sao_Paulo-Santo_Amaro-apartamento-SUP-1Q,Carteira 4,SP,"São Paulo, SP","São Paulo, SP, Santo Amaro",0,338,2543.92,157,3988.2,2025-11,0.4333,0.6596,13,30,239.62,313.0,6,13,2025-11-24,0.64,0.0,1444.2799999999997,atenção
NWT0706,Especial-NWT-apartamento-TOP-1Q,Carteira 5,AL,"Maceió, AL","Maceió, AL, Pajuçara",0,185,6061.83,43,5085.72,2025-11,0.7667,0.6637,23,30,313.48,322.0,2,0,2025-11-24,1.19,0.0,-976.1099999999997,ok
NWT0906,Especial-NWT-apartamento-TOP-1Q,Carteira 5,AL,"Maceió, AL","Maceió, AL, Pajuçara",1,221,6731.24,43,5085.72,2025-11,0.9655,0.6637,28,30,293.14,,0,0,2025-11-24,1.32,293.14,-1645.5199999999995,ok
NWT1021,Especial-NWT-apartamento-TOP-1Q,Carteira 5,AL,"Maceió, AL","Maceió, AL, Pajuçara",1,199,5803.13,43,5085.72,2025-11,0.7586,0.6637,22,30,302.0,280.0,1,0,2025-11-24,1.14,302.0,-717.4099999999999,ok
NWTA0609,Especial-NWT-apartamento-MASTER-1Q,Carteira 5,AL,"Maceió, AL","Maceió, AL, Pajuçara",1,208,7701.09,31,6339.75,2025-11,0.6552,0.7564,19,30,476.79,378.0,3,0,2025-11-24,1.21,476.79,-1361.3400000000001,ok
PEM1301,Blumenau-Central-apartamento-JR-1Q,Carteira 4,SC,"Blumenau, SC","Blumenau, SC, Centro",2,220,2004.73,42,910.58,2025-11,0.7143,0.3663,20,30,118.25,95.0,1,0,2025-11-24,2.2,236.5,-1094.15,meta_subestimada
RDD657,Florianopolis-Daniela-casa-JR-3Q,Carteira 1,SC,"Florianópolis, SC","Florianópolis, SC, Daniela",3,857,4299.35,8,5368.28,2025-11,0.4815,0.6419,13,30,496.92,383.0,6,0,2025-11-24,0.8,1490.76,1068.9299999999994,berlinda
RGOR0025,Itapema-Meia_Praia-Sul-apartamento-SUP-1Q,Carteira 6,SC,"Itapema, SC","Itapema, SC, Castelo Branco",2,201,3320.71,19,2238.48,2025-11,0.9286,0.5187,26,30,145.12,130.5,2,0,2025-11-24,1.48,290.24,-1082.23,ok
ROY0401,Porto_Alegre-Jardim_Botanico-apartamento-SUP-2Q,Carteira 4,RS,"Porto Alegre, RS","Porto Alegre, RS, Chácara das Pedras",1,44,2311.16,38,2850.43,2025-11,0.4828,0.5151,14,30,186.57,180.0,2,0,2025-11-24,0.81,186.57,539.27,berlinda
RSR0812,Maceio-Cruz_das_Almas-apartamento-TOP-1Q,Carteira 2,AL,"Maceió, AL","Maceió, AL, Cruz das Almas",0,374,5729.33,57,5051.17,2025-11,0.8333,0.8139,25,30,343.08,176.0,1,0,2025-11-24,1.13,0.0,-678.1599999999999,ok
SQC0810,Sao_Paulo-Moema-apartamento-SUP-1Q,Carteira 4_sys-price,SP,"São Paulo, SP","São Paulo, SP, Moema",0,276,6328.13,611,4212.23,2025-11,1.0,0.6801,30,30,259.9,,0,0,2025-11-24,1.5,0.0,-2115.9000000000005,ok
UPP0517,Curitiba-Centro-apartamento-JR-1Q,Carteira 4,PR,"Curitiba, PR","Curitiba, PR, Alto da XV",0,29,2216.27,289,2479.88,2025-11,0.5667,0.6885,17,30,144.41,130.0,3,0,2025-11-24,0.89,0.0,263.6100000000001,berlinda
WSH0506,Curitiba-Batel-apartamento-SUP-1Q,Carteira 4,PR,"Curitiba, PR","Curitiba, PR, Bigorrilho",0,18,2332.14,200,3688.58,2025-11,0.4667,0.6794,14,30,178.67,138.4,5,0,2025-11-24,0.63,0.0,1356.44,atenção
CEC0404,Guarapari-Centro-apartamento-SUP-1Q,Carteira 4,ES,"Guarapari, ES","Guarapari, ES, Centro",0,8,1912.44,33,2316.33,2025-11,0.6,0.5365,18,30,130.06,119.5,2,0,2025-11-24,0.83,0.0,403.8899999999999,berlinda
DLH0306,Gramado-Centro-apartamento-TOP-1Q,Carteira 4,RS,"Gramado, RS","Gramado, RS, Centro",1,360,10701.15,27,8121.75,2025-11,0.931,0.7321,27,30,473.41,,0,0,2025-11-24,1.32,473.41,-2579.3999999999996,ok
EIT302,Balneario_Camboriu-Centro-apartamento-SIM-2Q,Carteira 6,SC,"Balneário Camboriú, SC","Balneário Camboriú, SC, Centro",1,631,3907.87,73,1873.51,2025-11,0.931,0.5098,27,30,195.0,105.0,1,0,2025-11-24,2.09,195.0,-2034.36,meta_subestimada
ELF0401,Bombinhas-Bombas-apartamento-SUP-1Q,Especial,SC,"Bombinhas, SC","Bombinhas, SC, José Amândio",5,164,3723.06,45,3072.04,2025-11,0.72,0.4924,18,30,235.67,385.33,6,22,2025-11-24,1.21,1178.35,-651.02,ok
ELF0607,Bombinhas-Bombas-apartamento-SUP-1Q,Especial,SC,"Bombinhas, SC","Bombinhas, SC, José Amândio",2,164,2847.82,45,3072.04,2025-11,0.4643,0.4924,13,30,248.38,385.33,6,24,2025-11-24,0.93,496.76,224.2199999999998,berlinda
IAA0502,Recife-Boa_Viagem-apartamento-TOP-1Q,Carteira 2,PE,"Recife, PE","Recife, PE, Boa Viagem",0,598,3735.95,40,4981.09,2025-11,0.6667,0.8137,20,30,222.65,205.0,4,0,2025-11-24,0.75,0.0,1245.1400000000003,atenção
ISM0619,Sao_Paulo-Moema-apartamento-SUP-1Q,Carteira 4_sys-price,SP,"São Paulo, SP","São Paulo, SP, Indianópolis",0,152,3999.85,611,4212.23,2025-11,0.7667,0.6801,23,30,211.96,155.0,2,0,2025-11-24,0.95,0.0,212.37999999999965,berlinda
MHF0509,Itapema-Canto_Praia-apartamento-TOP-2Q,Carteira 5,SC,"Itapema, SC","Itapema, SC, Centro",0,449,4944.2,14,3147.32,2025-11,0.7,0.4145,21,30,278.43,280.25,4,0,2025-11-24,1.57,0.0,-1796.8799999999997,ok
NOR0204,Brasilia-Asa_Norte-apartamento-SUP-1Q,Carteira 1_sys-price,DF,"Brasília, DF","Brasília, DF, Asa Norte",2,767,3985.34,142,4078.89,2025-11,0.8929,0.8171,25,30,183.76,,0,0,2025-11-24,0.98,367.52,93.54999999999973,berlinda
NWT0616,Especial-NWT-apartamento-TOP-1Q,Carteira 5,AL,"Maceió, AL","Maceió, AL, Pajuçara",1,215,5411.25,43,5085.72,2025-11,0.7586,0.6637,22,30,274.91,,0,0,2025-11-24,1.06,274.91,-325.52999999999975,berlinda
NWT1217,Especial-NWT-apartamento-TOP-1Q,Carteira 5,AL,"Maceió, AL","Maceió, AL, Pajuçara",4,150,4061.69,43,5085.72,2025-11,0.6538,0.6637,17,30,296.67,,0,0,2025-11-24,0.8,1186.68,1024.0300000000002,atenção
NWT1407,Especial-NWT-apartamento-TOP-1Q,Carteira 5,AL,"Maceió, AL","Maceió, AL, Pajuçara",0,78,4991.34,43,5085.72,2025-11,0.6333,0.6637,19,30,322.11,280.0,3,0,2025-11-24,0.98,0.0,94.38000000000011,berlinda
OKA102,Florianopolis-Campeche-apartamento-SUP-1Q,Carteira 1,SC,"Florianópolis, SC","Florianópolis, SC, Campeche",0,1053,3965.45,28,3106.87,2025-11,0.7,0.6807,21,30,226.43,288.0,2,0,2025-11-24,1.28,0.0,-858.5799999999999,ok
PSD101,Florianopolis-Jurere_Tradicional-apartamento-SIM-2Q,Carteira 1,SC,"Florianópolis, SC","Florianópolis, SC, Jurerê",0,1990,3492.96,23,3139.05,2025-11,0.6,0.5172,18,30,273.06,211.0,3,0,2025-11-24,1.11,0.0,-353.90999999999985,ok
PSO0301,Penha-Beto_Carrero-apartamento-SUP-1Q,Carteira 3,SC,"Penha, SC","Penha, SC, Praia de Armação do Itapocoroi",9,13,2213.02,18,2190.5,2025-11,0.7619,0.486,16,30,168.13,,0,0,2025-11-24,1.01,1513.17,-22.519999999999982,berlinda
SBA0401,Maceio-Jatiuca-apartamento-JR-3Q,Carteira 2,AL,"Maceió, AL","Maceió, AL, Jatiúca",15,638,2446.28,14,4613.85,2025-11,0.8667,0.6076,13,30,217.0,,0,0,2025-11-24,0.53,3255.0,2167.57,atenção
SCO0005,Florianopolis-Campeche-apartamento-JR-1Q,Carteira 1,SC,"Florianópolis, SC","Florianópolis, SC, Campeche",0,127,1987.76,28,2204.41,2025-11,0.5667,0.6439,17,30,138.41,144.0,2,0,2025-11-24,0.9,0.0,216.64999999999986,berlinda
SPJ0502,Especial-SPJ-apartamento-TOP-1Q,Carteira 5,SC,"Florianópolis, SC","Florianópolis, SC, Jurerê",0,383,5530.69,16,6452.9,2025-11,0.7667,0.7069,23,30,294.08,,0,0,2025-11-24,0.86,0.0,922.21,berlinda
TPS205,Florianopolis-Canasvieiras_Meio-apartamento-TOP-1Q,Carteira 1,SC,"Florianópolis, SC","Florianópolis, SC, Canasvieiras",0,822,2920.74,26,4125.61,2025-11,0.6,0.558,18,30,198.44,247.2,5,0,2025-11-24,0.71,0.0,1204.87,atenção
TXP1916,Goiania-Central-apartamento-TOP-1Q,Carteira 1_sys-price,GO,"Goiânia, GO","Goiânia, GO, Setor Bueno",0,456,4279.75,54,3159.15,2025-11,0.8667,0.5673,26,30,200.46,229.5,2,0,2025-11-24,1.35,0.0,-1120.6,ok
VLR301,Florianopolis-Centrao-apartamento-SUP-1Q,Carteira 4,SC,"Florianópolis, SC","Florianópolis, SC, Centro",0,988,2924.28,127,3977.15,2025-11,0.6,0.5706,18,30,194.72,152.0,6,0,2025-11-24,0.74,0.0,1052.87,atenção
VST027,Especial-VST-casa-TOP-1Q,Carteira 5,SC,"Anitápolis, SC","Anitápolis, SC, Rio dos Pinheiros",1,67,3943.26,54,3890.57,2025-11,0.7931,0.3016,23,30,217.35,272.5,2,0,2025-11-24,1.01,217.35,-52.690000000000055,berlinda
AAR0101,Florianopolis-Campeche_Praia-apartamento-JR-1Q,Carteira 1,SC,"Florianópolis, SC","Florianópolis, SC, Campeche",1,134,1863.88,16,1565.47,2025-11,0.4828,0.504,14,30,164.29,159.33,3,0,2025-11-24,1.19,164.29,-298.4100000000001,ok
ADJ205,Florianopolis-Jurere_Tradicional-apartamento-JR-2Q,Carteira 1,SC,"Florianópolis, SC","Florianópolis, SC, Jurerê Internacional",30,1984,0.0,28,4499.33,2025-11,,0.636,0,30,0.0,,0,0,2025-11-24,0.0,0.0,4499.33,crítico
BHY0614,Brasilia-Setor_Hoteleiro-apartamento-JR-1Q,Carteira 1_sys-price,DF,"Brasília, DF","Brasília, DF, Asa Norte",0,603,4976.57,103,5418.75,2025-11,0.8333,0.7375,25,30,237.92,172.0,1,0,2025-11-24,0.92,0.0,442.1800000000003,berlinda
EPE0304,Canela-Geral-apartamento-SUP-2Q,Carteira 4,RS,"Canela, RS","Canela, RS, Vila Luiza",7,108,2211.3,25,4533.9,2025-11,0.3478,0.6141,8,30,265.13,197.0,2,0,2025-11-24,0.49,1855.9099999999999,2322.5999999999995,crítico
ILC2310,Especial-ILC-hotel-TOP-1Q,Especial,SC,"Florianópolis, SC","Florianópolis, SC, Jurerê Internacional",0,1327,12355.86,30,11771.46,2025-11,0.8,0.7857,24,30,685.42,448.0,3,0,2025-11-24,1.05,0.0,-584.4000000000015,berlinda
MRD0501,Balneario_Camboriu-Centro-apartamento-SUP-3Q,Carteira 6,SC,"Balneário Camboriú, SC","Balneário Camboriú, SC, Centro",4,218,7278.11,89,4292.03,2025-11,0.8077,0.4983,21,30,484.48,161.0,2,0,2025-11-24,1.7,1937.92,-2986.08,ok
MSSO1208,Goiania-Leste-apartamento-SUP-1Q,Carteira 1_sys-price,GO,"Goiânia, GO","Goiânia, GO, Jardim Goiás",0,767,2665.81,82,2407.54,2025-11,0.6333,0.5448,19,30,165.42,158.67,3,0,2025-11-24,1.11,0.0,-258.27,ok
NWT0902,Especial-NWT-apartamento-TOP-1Q,Carteira 5,AL,"Maceió, AL","Maceió, AL, Pajuçara",1,221,5773.93,43,5085.72,2025-11,0.8276,0.6637,24,30,303.54,250.0,1,0,2025-11-24,1.14,303.54,-688.21,ok
PGO209,Pocos_de_Caldas-Geral-apartamento-SUP-1Q,Carteira 4,MG,"Poços de Caldas, MG","Poços de Caldas, MG, São Benedito",3,808,1617.48,32,1790.89,2025-11,0.4074,0.4244,11,30,164.0,120.0,4,0,2025-11-24,0.9,492.0,173.41000000000008,berlinda
SRE0201,Florianopolis-UFSC-apartamento-TOP-2Q,Carteira 4,SC,"Florianópolis, SC","Florianópolis, SC, Carvoeira",3,200,3514.45,16,4535.03,2025-11,0.5185,0.5319,14,30,296.21,243.0,4,0,2025-11-24,0.77,888.6299999999999,1020.5799999999999,atenção
SRR0007,Porto_Seguro-Pataxos-apartamento-JR-2Q,Carteira 2,BA,"Porto Seguro, BA","Porto Seguro, BA, Village",0,65,472.4,45,1927.04,2025-11,0.1333,0.3383,4,30,154.0,139.67,6,0,2025-11-24,0.25,0.0,1454.6399999999999,crítico
STE0312,Salvador-Ondina_Rio_Vermelho-apartamento-SUP-1Q,Carteira 2,BA,"Salvador, BA","Salvador, BA, Ondina",0,75,3498.5,86,3539.22,2025-11,0.8333,0.693,25,30,168.84,,0,0,2025-11-24,0.99,0.0,40.7199999999998,berlinda
UPP0601,Curitiba-Centro-apartamento-JR-1Q,Carteira 4,PR,"Curitiba, PR","Curitiba, PR, Alto da XV",1,9,1103.03,289,2479.88,2025-11,0.3103,0.6885,9,30,138.67,130.0,6,0,2025-11-24,0.44,138.67,1376.8500000000001,crítico
VGN0102,Florianopolis-Ingleses_Praia-apartamento-SUP-2Q,Carteira 1,SC,"Florianópolis, SC","Florianópolis, SC, Ingleses do Rio Vermelho",0,288,4181.43,57,3264.0,2025-11,0.6,0.4856,18,30,275.06,286.4,5,0,2025-11-24,1.28,0.0,-917.4300000000003,ok
VLJ204,Florianopolis-Canajure-apartamento-TOP-1Q,Carteira 1,SC,"Florianópolis, SC","Florianópolis, SC, Jurerê",1,537,2205.31,36,4451.44,2025-11,0.1379,0.5821,4,30,640.0,640.0,6,30,2025-11-24,0.5,640.0,2246.1299999999997,crítico
VRE102,Bombinhas-Bombas-apartamento-SUP-2Q,Carteira 6,SC,"Bombinhas, SC","Bombinhas, SC, Bombas",1,564,3293.51,82,2339.42,2025-11,0.7241,0.3831,21,30,176.14,144.0,2,0,2025-11-24,1.41,176.14,-954.0900000000001,ok
VVP0027,Cabo_Frio-Pero_Perto-casa-JR-4Q,Carteira 4,RJ,"Cabo Frio, RJ","Cabo Frio, RJ, Ogiva",4,407,3371.64,36,3601.51,2025-11,0.3077,0.3632,8,30,544.63,292.33,6,0,2025-11-24,0.94,2178.52,229.87000000000035,berlinda
BLSA1956,Goiania-Central-apartamento-SUP-1Q,Carteira 1_sys-price,GO,"Goiânia, GO","Goiânia, GO, Setor Marista",0,15,2679.38,162,2535.55,2025-11,0.7667,0.5616,23,30,149.35,130.0,3,0,2025-11-24,1.06,0.0,-143.82999999999993,berlinda
CCS201,Florianopolis-Campeche_Praia-apartamento-SUP-1Q,Carteira 1,SC,"Florianópolis, SC","Florianópolis, SC, Campeche",2,1011,1399.03,11,3052.35,2025-11,0.25,0.7176,7,30,225.57,210.83,6,0,2025-11-24,0.46,451.14,1653.32,crítico
CEV1106,Balneario_Camboriu-Intermediario-apartamento-JR-1Q,Carteira 6,SC,"Balneário Camboriú, SC","Balneário Camboriú, SC, Centro",0,487,3426.67,67,2180.08,2025-11,0.9667,0.547,29,30,150.9,,0,0,2025-11-24,1.57,0.0,-1246.5900000000001,ok
COS302,Florianopolis-Jurere_Tradicional-apartamento-SUP-3Q,Carteira 1,SC,"Florianópolis, SC","Florianópolis, SC, Jurerê",7,1587,4087.62,25,7396.7,2025-11,0.4783,0.6359,11,30,480.36,433.5,2,0,2025-11-24,0.55,3362.52,3309.08,atenção
CPK1009,Ilheus-Sul-apartamento-TOP-2Q,Carteira 2,BA,"Ilhéus, BA","Ilhéus, BA, Nossa Senhora da Vitória",0,316,6393.76,21,3087.96,2025-11,0.9667,0.4991,29,30,251.55,,0,0,2025-11-24,2.07,0.0,-3305.8,meta_subestimada
CPM0303,Sao_Paulo-Pinheiros-apartamento-SUP-1Q,Carteira 4,SP,"São Paulo, SP","São Paulo, SP, Pinheiros",0,186,5562.78,429,4667.71,2025-11,0.9,0.7106,27,30,307.7,,0,0,2025-11-24,1.19,0.0,-895.0699999999997,ok
EDG402,Balneario_Camboriu-Centro-apartamento-SUP-2Q,Carteira 6,SC,"Balneário Camboriú, SC","Balneário Camboriú, SC, Centro",0,960,5571.01,84,4487.49,2025-11,0.8667,0.5505,26,30,242.27,183.0,1,0,2025-11-24,1.24,0.0,-1083.5200000000004,ok
EGI001,Imbituba-Praia_do_Rosa-casa-TOP-3Q,Carteira 6,SC,"Imbituba, SC","Imbituba, SC, Ibiraquera",8,779,3287.74,15,3502.73,2025-11,0.4091,0.2774,9,30,467.67,351.0,6,21,2025-11-24,0.94,3741.36,214.99000000000024,berlinda
ELF0407,Bombinhas-Bombas-apartamento-SUP-1Q,Especial,SC,"Bombinhas, SC","Bombinhas, SC, José Amândio",0,172,3664.12,45,3072.04,2025-11,0.6,0.4924,18,30,234.89,200.0,2,28,2025-11-24,1.19,0.0,-592.0799999999999,ok
ERG605,Balneario_Camboriu-Norte-apartamento-SUP-2Q,Carteira 6,SC,"Balneário Camboriú, SC","Balneário Camboriú, SC, Centro",1,1159,5132.19,36,4747.03,2025-11,0.8966,0.6023,26,30,224.23,,0,0,2025-11-24,1.08,224.23,-385.15999999999985,berlinda
EST0301,Itapema-Meia_Praia-Norte-apartamento-SUP-3Q,Carteira 6,SC,"Itapema, SC","Itapema, SC, Meia Praia",0,186,6591.9,46,2624.86,2025-11,0.9,0.3796,27,30,323.89,150.0,1,0,2025-11-24,2.51,0.0,-3967.0399999999995,meta_subestimada
FLT0001,Florianopolis-Centrao-apartamento-SIM-1Q,Carteira 4,SC,"Florianópolis, SC","Florianópolis, SC, Centro",1,211,3033.85,13,1998.08,2025-11,0.931,0.4988,27,30,125.7,,0,0,2025-11-24,1.52,125.7,-1035.77,ok
JAS0003,Florianopolis-Lagoa-apartamento-JR-1Q,Carteira 1,SC,"Florianópolis, SC","Florianópolis, SC, Lagoa da Conceição",0,165,853.6,24,3922.68,2025-11,0.2333,0.7427,7,30,148.29,234.0,6,19,2025-11-24,0.22,0.0,3069.08,crítico
JBV433,Especial-JBV-hotel-JR-1Q,Especial,SC,"Florianópolis, SC","Florianópolis, SC, Jurerê",1,1380,12092.56,27,10333.97,2025-11,0.8966,0.693,26,30,578.04,,0,0,2025-11-24,1.17,578.04,-1758.5900000000001,ok
MDO201,Florianopolis-Jurere_Tradicional-apartamento-JR-3Q,Carteira 1,SC,"Florianópolis, SC","Florianópolis, SC, Jurerê Internacional",0,941,9007.63,19,5832.42,2025-11,0.7333,0.5258,22,30,463.95,320.33,3,0,2025-11-24,1.54,0.0,-3175.209999999999,ok
MHF1503,Itapema-Canto_Praia-apartamento-TOP-1Q,Carteira 5,SC,"Itapema, SC","Itapema, SC, Centro",1,26,4568.58,19,3496.4,2025-11,0.8966,0.5702,26,30,225.19,200.0,1,0,2025-11-24,1.31,225.19,-1072.1799999999998,ok
MHF1702,Itapema-Canto_Praia-apartamento-TOP-2Q,Carteira 5,SC,"Itapema, SC","Itapema, SC, Centro",0,486,5785.62,14,3147.32,2025-11,0.7,0.4145,21,30,342.57,230.0,2,0,2025-11-24,1.84,0.0,-2638.2999999999997,ok
MHF1907,Itapema-Canto_Praia-apartamento-TOP-1Q,Carteira 5,SC,"Itapema, SC","Itapema, SC, Centro",0,359,5541.93,19,3496.4,2025-11,0.8667,0.5702,26,30,253.15,203.0,1,0,2025-11-24,1.59,0.0,-2045.5300000000002,ok
OCB0204,Salvador-Barra-apartamento-SUP-1Q,Carteira 2,BA,"Salvador, BA","Salvador, BA, Barra",0,107,3947.52,212,4248.24,2025-11,0.8,0.7112,24,30,206.29,130.0,2,0,2025-11-24,0.93,0.0,300.7199999999998,berlinda
OKA111,Florianopolis-Campeche-apartamento-SUP-1Q,Carteira 1,SC,"Florianópolis, SC","Florianópolis, SC, Campeche",0,1053,3742.49,28,3106.87,2025-11,0.7333,0.6807,22,30,198.64,212.0,2,0,2025-11-24,1.2,0.0,-635.6199999999999,ok
PLO0004,Jaguaruna-Camacho-apartamento-SUP-1Q,Carteira 6,SC,"Jaguaruna, SC","Jaguaruna, SC, Centro",2,39,1039.42,14,1077.87,2025-11,0.3571,0.2759,10,30,140.1,90.0,1,0,2025-11-24,0.96,280.2,38.44999999999982,berlinda
PTR0012,Porto_Seguro-Pataxos-apartamento-JR-3Q,Carteira 2,BA,"Porto Seguro, BA","Porto Seguro, BA, Paraíso dos Pataxós",2,256,898.1,9,2778.65,2025-11,0.25,0.252,7,30,180.29,161.33,6,0,2025-11-24,0.32,360.58,1880.5500000000002,crítico
RFM0035,Santa_Cruz_Cabralia-Coroa_Vermelha-apartamento-SUP-2Q,Carteira 2,BA,"Santa Cruz Cabrália, BA","Santa Cruz Cabrália, BA, Coroa Vermelha",2,241,1097.4,51,3298.0,2025-11,0.1429,0.5248,4,30,282.75,171.67,6,0,2025-11-24,0.33,565.5,2200.6,crítico
RML605,Imbituba-Centro-apartamento-JR-3Q,Carteira 6,SC,"Imbituba, SC","Imbituba, SC, centro",4,1072,4409.9,10,1374.55,2025-11,0.8462,0.2768,22,30,231.23,,0,26,2025-11-24,3.21,924.92,-3035.3499999999995,meta_subestimada
RUP1005,Blumenau-Central-apartamento-SUP-1Q,Carteira 4,SC,"Blumenau, SC","Blumenau, SC, Escola Agrícola",5,492,1704.86,67,1442.36,2025-11,0.6,0.3663,15,30,132.73,120.0,1,0,2025-11-24,1.18,663.65,-262.5,ok
SSG0225,Florianopolis-UFSC-apartamento-TOP-1Q,Carteira 4,SC,"Florianópolis, SC","Florianópolis, SC, Córrego Grande",0,921,2775.69,17,3684.75,2025-11,0.4667,0.6764,14,30,247.36,,0,0,2025-11-24,0.75,0.0,909.06,atenção
SSL303,Florianopolis-Itacorubi-apartamento-TOP-2Q,Carteira 4,SC,"Florianópolis, SC","Florianópolis, SC, Córrego Grande",2,817,6406.67,18,4487.69,2025-11,0.8929,0.5569,25,30,334.2,,0,0,2025-11-24,1.43,668.4,-1918.9800000000005,ok
TCO1216,Porto_Alegre-Centro_Historico-apartamento-SUP-1Q,Carteira 4,RS,"Porto Alegre, RS","Porto Alegre, RS, Centro Histórico",1,499,2597.1,77,2393.45,2025-11,0.8276,0.6126,24,30,135.83,120.0,4,0,2025-11-24,1.09,135.83,-203.6500000000001,berlinda
TFL002,Florianopolis-UFSC-casa-JR-1Q,Carteira 4,SC,"Florianópolis, SC","Florianópolis, SC, Carvoeira",4,396,821.86,14,1876.43,2025-11,0.3077,0.5926,8,30,129.38,,0,0,2025-11-24,0.44,517.52,1054.5700000000002,crítico
TXP1410,Goiania-Central-apartamento-SUP-1Q,Carteira 1_sys-price,GO,"Goiânia, GO","Goiânia, GO, Setor Bueno",0,779,3712.3,162,2535.55,2025-11,0.8667,0.5616,26,30,176.42,156.0,2,0,2025-11-24,1.46,0.0,-1176.75,ok
UPP0102,Curitiba-Centro-apartamento-JR-1Q,Carteira 4,PR,"Curitiba, PR","Curitiba, PR, Alto da XV",3,17,1311.18,289,2479.88,2025-11,0.4074,0.6885,11,30,139.64,130.0,6,0,2025-11-24,0.53,418.91999999999996,1168.7,atenção
VBX1518,Sao_Paulo-Vila_Olimpia-apartamento-TOP-1Q,Carteira 4_sys-price,SP,"São Paulo, SP","São Paulo, SP, Vila Olímpia",9,352,6117.93,99,10475.4,2025-11,0.7619,0.7628,16,30,422.25,,0,0,2025-11-24,0.58,3800.25,4357.469999999999,atenção
VNU1405,Sao_Paulo-Bela_Vista-apartamento-SUP-1Q,Carteira 4_sys-price,SP,"São Paulo, SP","São Paulo, SP, Bela Vista",0,281,2614.18,605,4142.47,2025-11,0.6,0.7186,18,30,178.06,183.0,1,0,2025-11-24,0.63,0.0,1528.2900000000004,atenção
VST034,Especial-VST-casa-TOP-1Q,Carteira 5,SC,"Anitápolis, SC","Anitápolis, SC, Rio dos Pinheiros",2,234,2930.58,54,3890.57,2025-11,0.5357,0.3016,15,30,225.33,229.5,6,0,2025-11-24,0.75,450.66,959.9900000000002,atenção
VTD0703,Florianopolis-UFSC-apartamento-SUP-1Q,Carteira 4,SC,"Florianópolis, SC","Florianópolis, SC, Trindade",2,137,4912.87,45,3461.85,2025-11,0.9643,0.6721,27,30,222.33,,0,0,2025-11-24,1.42,444.66,-1451.02,ok
AAL0204,Florianopolis-Canasvieiras_Perto-apartamento-JR-2Q,Carteira 1,SC,"Florianópolis, SC","Florianópolis, SC, Canasvieiras",0,612,3654.84,20,2301.74,2025-11,0.6333,0.4483,19,30,239.32,266.0,3,0,2025-11-24,1.59,0.0,-1353.1000000000004,ok
CQS0004,Camaçari-Itacimirim-apartamento-SUP-2Q,Carteira 2,BA,"Camaçari, BA","Camaçari, BA, Itacimirim",1,222,2923.79,27,2919.75,2025-11,0.5172,0.3963,15,30,257.38,228.33,6,0,2025-11-24,1.0,257.38,-4.039999999999964,berlinda
CVB0144,Marau-Barra_Grande-casa-SUP-3Q,Carteira 2,BA,"Maraú, BA","Maraú, BA, Barra Grande",3,477,3235.32,8,3087.15,2025-11,0.2593,0.188,7,30,492.86,400.0,2,1,2025-11-24,1.05,1478.58,-148.17000000000007,berlinda
CVPA103,Porto_de_Pedras-Geral-apartamento-SUP-2Q,Carteira 2,AL,"Porto de Pedras, AL","Porto de Pedras, AL, Patacho",0,631,1805.14,32,4216.84,2025-11,0.3667,0.4505,11,30,191.18,200.5,2,0,2025-11-24,0.43,0.0,2411.7,crítico
DNAG2001,Goiania-Central-apartamento-SUP-1Q,Carteira 1_sys-price,GO,"Goiânia, GO","Goiânia, GO, Setor Bueno",0,123,3820.22,162,2535.55,2025-11,0.9333,0.5616,28,30,186.86,157.0,1,2,2025-11-24,1.51,0.0,-1284.6699999999996,ok
EFR203,Cabo_Frio-Centro-apartamento-TOP-3Q,Carteira 4,RJ,"Cabo Frio, RJ","Cabo Frio, RJ, Braga",5,1052,3042.08,20,4322.69,2025-11,0.32,0.4021,8,30,456.63,373.4,5,0,2025-11-24,0.7,2283.15,1280.6099999999997,atenção
FTM0401,Florianopolis-Ingleses_Norte-apartamento-JR-1Q,Carteira 1,SC,"Florianópolis, SC","Florianópolis, SC, Ingleses Norte",0,213,2443.94,60,2205.66,2025-11,0.4333,0.4962,13,30,235.69,217.0,2,0,2025-11-24,1.11,0.0,-238.2800000000002,ok
GPS0102,Imbituba-Centro-apartamento-JR-2Q,Carteira 6,SC,"Imbituba, SC","Imbituba, SC, Vila Nova",3,214,3132.37,12,1077.87,2025-11,0.963,0.3295,26,30,145.62,,0,0,2025-11-24,2.91,436.86,-2054.5,meta_subestimada
HYP0202,Florianopolis-Canasvieiras_Meio-apartamento-JR-1Q,Carteira 1,SC,"Florianópolis, SC","Florianópolis, SC, Canasvieiras",0,40,2437.56,40,1766.45,2025-11,0.5667,0.4943,17,30,431.29,102.0,1,0,2025-11-24,1.38,0.0,-671.1099999999999,ok
IHO127,Florianopolis-Ingleses_Norte-apartamento-JR-1Q,Carteira 1,SC,"Florianópolis, SC","Florianópolis, SC, Ingleses do Rio Vermelho",0,806,3025.1,60,2205.66,2025-11,0.5667,0.4962,17,30,190.82,249.5,6,0,2025-11-24,1.37,0.0,-819.44,ok
ILC4112,Especial-ILC-hotel-JR-1Q,Especial,SC,"Florianópolis, SC","Florianópolis, SC, Jurerê Internacional",0,815,10118.65,17,10796.7,2025-11,0.7,0.6721,21,30,677.76,,0,0,2025-11-24,0.94,0.0,678.0500000000011,berlinda
MCB0205,Balneario_Picarras-Geral-apartamento-SUP-2Q,Carteira 6,SC,"Balneário Piçarras, SC","Balneário Piçarras, SC, itacolomi",5,298,0.0,85,1751.85,2025-11,0.0,0.3621,0,30,0.0,250.0,6,30,2025-11-24,0.0,0.0,1751.85,crítico
MMD0403,Ilheus-Sul-apartamento-TOP-2Q,Carteira 2,BA,"Ilhéus, BA","Ilhéus, BA, São Francisco",6,187,2521.31,21,3087.96,2025-11,0.5417,0.4991,13,30,234.77,273.0,6,17,2025-11-24,0.82,1408.6200000000001,566.6500000000001,berlinda
NWT0417,Especial-NWT-apartamento-TOP-1Q,Carteira 5,AL,"Maceió, AL","Maceió, AL, Pajuçara",0,338,6544.59,43,5085.72,2025-11,0.8333,0.6637,25,30,361.36,,0,0,2025-11-24,1.29,0.0,-1458.87,ok
NWT1313,Especial-NWT-apartamento-TOP-1Q,Carteira 5,AL,"Maceió, AL","Maceió, AL, Pajuçara",0,289,3990.04,43,5085.72,2025-11,0.4333,0.6637,13,30,381.0,330.0,6,9,2025-11-24,0.78,0.0,1095.6800000000003,atenção
PRJ025,Imbituba-Praia_do_Rosa-casa-SIM-1Q,Carteira 6,SC,"Imbituba, SC","Imbituba, SC, Ibiraquera",0,213,190.0,52,1039.43,2025-11,0.0667,0.3751,2,30,104.0,90.0,6,0,2025-11-24,0.18,0.0,849.4300000000001,crítico
RMM0206,Florianopolis-Ingleses_Centro-apartamento-SUP-2Q,Carteira 1,SC,"Florianópolis, SC","Florianópolis, SC, Ingleses do Rio Vermelho",0,31,2386.4,30,2233.61,2025-11,0.3667,0.4151,11,30,214.33,207.0,6,0,2025-11-24,1.07,0.0,-152.78999999999996,berlinda
RSJ0202,Ilheus-Sul-apartamento-JR-2Q,Carteira 2,BA,"Ilhéus, BA","Ilhéus, BA, Nossa Senhora da Vitória",0,334,182.7,17,1516.32,2025-11,0.0333,0.3782,1,30,200.0,200.0,6,30,2025-11-24,0.12,0.0,1333.62,crítico
SOA0510,Salvador-Boca_do_Rio-apartamento-TOP-1Q,Carteira 2,BA,"Salvador, BA","Salvador, BA, Boca do Rio",0,274,3295.31,17,3548.18,2025-11,0.6333,0.6989,19,30,203.89,136.0,1,0,2025-11-24,0.93,0.0,252.8699999999999,berlinda
SYH334,Joao_Pessoa-Cabo_Branco-apartamento-TOP-1Q,Carteira 2,PB,"João Pessoa, PB","João Pessoa, PB, Cabo Branco",0,303,5156.27,49,5112.0,2025-11,0.8,0.6995,24,30,256.88,179.0,2,0,2025-11-24,1.01,0.0,-44.27000000000044,berlinda
VDV0014,Porto_Seguro-Pataxos-apartamento-JR-1Q,Carteira 2,BA,"Porto Seguro, BA","Porto Seguro, BA, Xamagunga",23,292,839.86,34,2441.73,2025-11,1.0,0.5445,7,30,146.71,,0,0,2025-11-24,0.34,3374.3300000000004,1601.87,crítico
VST005,Especial-VST-casa-TOP-1Q,Carteira 5,SC,"Anitápolis, SC","Anitápolis, SC, Rio dos Pinheiros",2,488,2528.93,54,3890.57,2025-11,0.5,0.3016,14,30,228.21,190.67,3,12,2025-11-24,0.65,456.42,1361.6400000000003,atenção
BFH0101,Balneario_Camboriu-Longe-apartamento-JR-2Q,Carteira 6,SC,"Balneário Camboriú, SC","Balneário Camboriú, SC, Nações",20,676,1164.75,29,1951.37,2025-11,1.0,0.4913,10,30,175.2,,0,0,2025-11-24,0.6,3504.0,786.6199999999999,atenção
BSO0205,Itajai-Praia_Brava-apartamento-SUP-1Q,Carteira 6,SC,"Balneário Camboriú, SC","Balneário Camboriú, SC, Praia dos Amores",0,198,3860.93,12,2794.44,2025-11,0.9333,0.5466,28,30,164.96,,0,0,2025-11-24,1.38,0.0,-1066.4899999999998,ok
CLG0408,Florianopolis-Centrao-apartamento-TOP-1Q,Carteira 4,SC,"Florianópolis, SC","Florianópolis, SC, Centro",0,64,1076.72,31,4642.4,2025-11,0.1333,0.549,4,30,320.0,320.0,6,30,2025-11-24,0.23,0.0,3565.6799999999994,crítico
CRVA0007,Florianopolis-Ponta_Das_Canas-apartamento-JR-2Q,Carteira 1,SC,"Florianópolis, SC","Florianópolis, SC, Canasvieiras",2,344,3295.62,161,2720.85,2025-11,0.5,0.5175,14,30,299.93,192.0,1,0,2025-11-24,1.21,599.86,-574.77,ok
DLH0204,Gramado-Centro-apartamento-TOP-2Q,Carteira 4,RS,"Gramado, RS","Gramado, RS, Centro",3,450,11578.41,55,11231.9,2025-11,0.8519,0.7261,23,30,651.48,,0,0,2025-11-24,1.03,1954.44,-346.5100000000002,berlinda
DNAG2007,Goiania-Central-apartamento-TOP-1Q,Carteira 1_sys-price,GO,"Goiânia, GO","Goiânia, GO, Setor Bueno",1,15,4466.01,54,3159.15,2025-11,0.8621,0.5673,25,30,250.2,185.0,2,5,2025-11-24,1.41,250.2,-1306.8600000000001,ok
ENC0307,Salvador-Ondina_Rio_Vermelho-apartamento-TOP-1Q,Carteira 2,BA,"Salvador, BA","Salvador, BA, Rio Vermelho",3,109,4724.98,35,4613.2,2025-11,0.7407,0.7196,20,30,248.36,150.0,2,0,2025-11-24,1.02,745.08,-111.77999999999975,berlinda
EOA0803,Balneario_Camboriu-Centro-apartamento-SUP-3Q,Carteira 6,SC,"Balneário Camboriú, SC","Balneário Camboriú, SC, Centro",5,241,7504.14,89,4292.03,2025-11,1.0,0.4983,25,30,368.84,,0,0,2025-11-24,1.75,1844.1999999999998,-3212.1100000000006,ok
HMO0409,Sao_Paulo-Butanta-apartamento-SUP-1Q,Carteira 4,SP,"São Paulo, SP","São Paulo, SP, Butantã",0,435,4086.27,32,3965.99,2025-11,0.7333,0.716,22,30,218.23,158.5,2,0,2025-11-24,1.03,0.0,-120.2800000000002,berlinda
MHF0501,Itapema-Canto_Praia-apartamento-TOP-1Q,Carteira 5,SC,"Itapema, SC","Itapema, SC, Centro",0,457,4288.2,19,3496.4,2025-11,0.7667,0.5702,23,30,228.09,237.33,3,0,2025-11-24,1.23,0.0,-791.7999999999997,ok
MHF0807,Itapema-Canto_Praia-apartamento-TOP-1Q,Carteira 5,SC,"Itapema, SC","Itapema, SC, Centro",0,372,3887.53,19,3496.4,2025-11,0.7,0.5702,21,30,223.19,253.5,2,0,2025-11-24,1.11,0.0,-391.1300000000001,ok
NWT0916,Especial-NWT-apartamento-TOP-1Q,Carteira 5,AL,"Maceió, AL","Maceió, AL, Pajuçara",1,221,5898.67,43,5085.72,2025-11,0.8276,0.6637,24,30,306.54,250.0,1,0,2025-11-24,1.16,306.54,-812.9499999999998,ok
NWT1012,Especial-NWT-apartamento-TOP-1Q,Carteira 5,AL,"Maceió, AL","Maceió, AL, Pajuçara",4,185,5822.04,43,5085.72,2025-11,0.8077,0.6637,21,30,319.0,,0,0,2025-11-24,1.14,1276.0,-736.3199999999997,ok
OBP0602,Penha-Beto_Carrero-apartamento-TOP-2Q,Carteira 3,SC,"Penha, SC","Penha, SC, Armação",0,59,2542.54,49,4153.95,2025-11,0.4667,0.4412,14,30,214.93,170.0,1,0,2025-11-24,0.61,0.0,1611.4099999999999,atenção
PNA0402,Balneario_Camboriu-Centro-apartamento-SUP-3Q,Carteira 6,SC,"Balneário Camboriú, SC","Balneário Camboriú, SC, Centro",0,542,6437.06,89,4292.03,2025-11,0.8333,0.4983,25,30,344.36,160.0,1,0,2025-11-24,1.5,0.0,-2145.0300000000007,ok
PSOB1007,Penha-Beto_Carrero-apartamento-SUP-1Q,Carteira 3,SC,"Penha, SC","Penha, SC, Praia de Armação do Itapocoroi",0,129,3128.95,18,2190.5,2025-11,0.5667,0.486,17,30,220.06,135.33,3,0,2025-11-24,1.43,0.0,-938.4499999999998,ok
SKL1203,Penha-Praia-apartamento-SUP-2Q,Carteira 6,SC,"Penha, SC","Penha, SC, Armação",8,4,2688.06,55,3663.31,2025-11,0.6364,0.5039,14,30,226.36,,0,0,2025-11-24,0.73,1810.88,975.25,atenção
SPJ0405,Especial-SPJ-apartamento-TOP-1Q,Carteira 5,SC,"Florianópolis, SC","Florianópolis, SC, Jurerê",2,335,5816.76,16,6452.9,2025-11,0.8214,0.7069,23,30,316.04,227.0,3,0,2025-11-24,0.9,632.08,636.1399999999994,berlinda
TAN0000,Imbituba-Ibiraquera-casa-JR-2Q,Carteira 6,SC,"Imbituba, SC","Imbituba, SC, Ibiraquera",18,227,1302.58,13,1190.0,2025-11,0.6667,0.3447,8,30,187.0,500.0,2,21,2025-11-24,1.09,3366.0,-112.57999999999993,berlinda
TSO0501,Balneario_Camboriu-Longe-apartamento-MASTER-2Q,Carteira 6,SC,"Balneário Camboriú, SC","Balneário Camboriú, SC, Estados",12,52,4547.27,40,5765.39,2025-11,1.0,0.5816,18,30,315.5,,0,0,2025-11-24,0.79,3786.0,1218.12,atenção
VGZ0002,Imbituba-Praia_do_Rosa-casa-SUP-1Q,Carteira 6,SC,"Imbituba, SC","Imbituba, SC, Ibiraquera",4,620,3438.23,44,2841.89,2025-11,0.9231,0.4208,24,30,172.96,,0,0,2025-11-24,1.21,691.84,-596.3400000000001,ok
VLRY705,Florianopolis-Centrao-apartamento-SUP-1Q,Carteira 4,SC,"Florianópolis, SC","Florianópolis, SC, Centro",0,275,3245.77,127,3977.15,2025-11,0.7,0.5706,21,30,184.9,134.5,4,0,2025-11-24,0.82,0.0,731.3800000000001,berlinda
BDR523,Florianopolis-Lagoa-apartamento-SUP-1Q,Carteira 1,SC,"Florianópolis, SC","Florianópolis, SC, Lagoa da Conceição",3,1284,3562.34,27,3747.01,2025-11,0.8148,0.7398,22,30,193.18,,0,0,2025-11-24,0.95,579.54,184.67000000000007,berlinda
CAV0411,Recife-Boa_Viagem-Bairro-apartamento-JR-1Q,Carteira 2,PE,"Recife, PE","Recife, PE, Boa Viagem",0,227,2429.29,38,3131.59,2025-11,0.8,0.7459,24,30,121.38,116.25,4,0,2025-11-24,0.78,0.0,702.3000000000002,atenção
CEE202,Cabo_Frio-Centro-apartamento-JR-3Q,Carteira 4,RJ,"Cabo Frio, RJ","Cabo Frio, RJ, Foguete",17,1299,825.84,122,2350.4,2025-11,0.3077,0.3697,4,30,243.0,235.0,6,0,2025-11-24,0.35,4131.0,1524.56,crítico
CMD0311,Guarapari-Nova_Guarapari-apartamento-SUP-1Q,Carteira 4,ES,"Guarapari, ES","Guarapari, ES, Enseada Azul",3,1,793.43,49,2262.81,2025-11,0.1852,0.434,5,30,209.2,242.0,3,0,2025-11-24,0.35,627.5999999999999,1469.38,crítico
ESB0310,Salvador-Barra-apartamento-SUP-1Q,Carteira 2,BA,"Salvador, BA","Salvador, BA, Barra",0,102,3439.06,212,4248.24,2025-11,0.8,0.7112,24,30,201.58,130.0,1,0,2025-11-24,0.81,0.0,809.1799999999998,berlinda
FUA0003,Ubatuba-Praia_do_Lazaro-apartamento-JR-1Q,Carteira 4,SP,"Ubatuba, SP","Ubatuba, SP, Lázaro Praia Domingos Dias",0,33,1036.59,27,2895.42,2025-11,0.2,0.5069,6,30,217.0,180.17,6,0,2025-11-24,0.36,0.0,1858.8300000000002,crítico
JBV165,Especial-JBV-hotel-JR-1Q,Especial,SC,"Florianópolis, SC","Florianópolis, SC, Jurerê",0,464,8890.9,27,10333.97,2025-11,0.7333,0.693,22,30,518.73,464.0,1,0,2025-11-24,0.86,0.0,1443.0699999999997,berlinda
MHE0114,Florianopolis-Cachoeira_Bom_Jesus-apartamento-MASTER-2Q,Carteira 1,SC,"Florianópolis, SC","Florianópolis, SC, Cachoeira do Bom Jesus",0,278,12124.78,14,6029.28,2025-11,0.8333,0.659,25,30,563.88,414.5,2,0,2025-11-24,2.01,0.0,-6095.500000000001,meta_subestimada
MHFB0604,Itapema-Canto_Praia-apartamento-SUP-1Q,Carteira 5,SC,"Itapema, SC","Itapema, SC, Centro",0,457,2779.47,14,2356.68,2025-11,0.5667,0.4102,17,30,184.11,170.67,3,0,2025-11-24,1.18,0.0,-422.78999999999996,ok
NWT0308,Especial-NWT-apartamento-TOP-1Q,Carteira 5,AL,"Maceió, AL","Maceió, AL, Pajuçara",0,375,3891.76,43,5085.72,2025-11,0.4333,0.6637,13,30,350.0,350.0,6,30,2025-11-24,0.77,0.0,1193.96,atenção
NWT1307,Especial-NWT-apartamento-TOP-1Q,Carteira 5,AL,"Maceió, AL","Maceió, AL, Pajuçara",1,145,6647.09,43,5085.72,2025-11,0.8276,0.6637,24,30,337.67,,0,0,2025-11-24,1.31,337.67,-1561.37,ok
PVE0202,Guarapari-Nova_Guarapari-apartamento-JR-2Q,Carteira 4,ES,"Guarapari, ES","Guarapari, ES, Nova Guarapari",0,23,794.6,38,2084.38,2025-11,0.1333,0.3741,4,30,233.5,177.83,6,0,2025-11-24,0.38,0.0,1289.7800000000002,crítico
RPV102,Florianopolis-Ingleses_Centro-apartamento-JR-3Q,Carteira 1,SC,"Florianópolis, SC","Florianópolis, SC, Ingleses do Rio Vermelho",10,438,1820.81,218,2627.78,2025-11,0.45,0.4099,9,30,265.89,,0,0,2025-11-24,0.69,2658.8999999999996,806.9700000000003,atenção
RST0206,Penha-Praia-casa-SUP-3Q,Carteira 6,SC,"Penha, SC","Penha, SC, Armação",7,268,5538.61,15,3708.08,2025-11,0.8696,0.5114,20,30,361.1,,0,0,2025-11-24,1.49,2527.7000000000003,-1830.5299999999997,ok
SQS0108,Brasilia-Asa_Sul-apartamento-SUP-2Q,Carteira 1_sys-price,DF,"Brasília, DF","Brasília, DF, Asa Sul",1,38,5627.44,16,6915.58,2025-11,0.8276,0.8629,24,30,311.92,,0,0,2025-11-24,0.81,311.92,1288.1400000000003,berlinda
STL0702,Camboriu-Tabuleiro-apartamento-TOP-2Q,Carteira 6,SC,"Balneário Camboriú, SC","Balneário Camboriú, SC, Vila Real",0,681,1815.84,108,3537.52,2025-11,0.2333,0.5419,7,30,345.57,345.0,6,28,2025-11-24,0.51,0.0,1721.68,atenção
TPS103,Florianopolis-Canasvieiras_Meio-apartamento-TOP-1Q,Carteira 1,SC,"Florianópolis, SC","Florianópolis, SC, Canasvieiras",0,990,2891.84,26,4125.61,2025-11,0.6,0.558,18,30,189.17,201.0,6,0,2025-11-24,0.7,0.0,1233.7699999999995,atenção
TPS207,Florianopolis-Canasvieiras_Meio-apartamento-TOP-1Q,Carteira 1,SC,"Florianópolis, SC","Florianópolis, SC, Canasvieiras",0,1030,4116.95,26,4125.61,2025-11,0.7667,0.558,23,30,223.61,226.25,4,0,2025-11-24,1.0,0.0,8.659999999999854,berlinda
VDE101,Florianopolis-Ingleses_Norte-apartamento-JR-2Q,Carteira 1,SC,"Florianópolis, SC","Florianópolis, SC, Ingleses do Rio Vermelho",28,526,0.0,37,2023.39,2025-11,0.0,0.4458,0,30,0.0,179.0,1,0,2025-11-24,0.0,0.0,2023.39,crítico
VPS111,Guara-Geral-apartamento-JR-1Q,Carteira 1_sys-price,DF,"Brasília, DF","Brasília, DF, Zona Industrial Guará",1,634,3094.12,47,2965.49,2025-11,0.7241,0.7941,21,30,177.38,,0,4,2025-11-24,1.04,177.38,-128.6300000000001,berlinda
CPR0207,Marau-Barra_Grande-apartamento-TOP-2Q,Carteira 2,BA,"Maraú, BA","Maraú, BA, Barra Grande",0,480,2358.72,12,3732.33,2025-11,0.2333,0.3009,7,30,409.14,410.67,6,20,2025-11-24,0.63,0.0,1373.6100000000001,atenção
CZZ0403,Urubici-Geral-apartamento-SUP-1Q,Especial,SC,"Urubici, SC","Urubici, SC, Centro",0,221,1285.23,55,1722.65,2025-11,0.2333,0.2319,7,30,223.71,178.0,6,0,2025-11-24,0.75,0.0,437.4200000000001,atenção
CZZ0405,Urubici-Geral-apartamento-SUP-1Q,Especial,SC,"Urubici, SC","Urubici, SC, Centro",1,134,2644.73,55,1722.65,2025-11,0.4828,0.2319,14,30,215.43,170.25,4,0,2025-11-24,1.54,215.43,-922.0799999999999,ok
EBC0603,Balneario_Camboriu-Centro-apartamento-SUP-2Q,Carteira 6,SC,"Balneário Camboriú, SC","Balneário Camboriú, SC, Centro",0,369,5819.31,84,4487.49,2025-11,0.7333,0.5505,22,30,307.82,250.0,4,14,2025-11-24,1.3,0.0,-1331.8200000000006,ok
ELF0402,Bombinhas-Bombas-apartamento-SUP-1Q,Especial,SC,"Bombinhas, SC","Bombinhas, SC, José Amândio",1,187,2445.72,45,3072.04,2025-11,0.4138,0.4924,12,30,242.25,385.33,6,27,2025-11-24,0.8,242.25,626.3200000000002,atenção
ELS0606,Porto_Alegre-Centro_Historico-apartamento-JR-1Q,Carteira 4,RS,"Porto Alegre, RS","Porto Alegre, RS, Centro Histórico",0,60,2062.0,78,1942.61,2025-11,0.7667,0.6785,23,30,106.26,,0,0,2025-11-24,1.06,0.0,-119.3900000000001,berlinda
ELU106,Florianopolis-Jurere_Tradicional-apartamento-TOP-1Q,Carteira 1,SC,"Florianópolis, SC","Florianópolis, SC, Jurerê",3,1384,2982.98,19,6996.21,2025-11,0.3704,0.704,10,30,413.9,349.0,3,0,2025-11-24,0.43,1241.6999999999998,4013.23,crítico
GCO0302,Balneario_Camboriu-Norte-apartamento-SUP-2Q,Carteira 6,SC,"Balneário Camboriú, SC","Balneário Camboriú, SC, Barra Norte",0,64,5189.31,36,4747.03,2025-11,0.8333,0.6023,25,30,262.56,228.0,1,0,2025-11-24,1.09,0.0,-442.28000000000065,berlinda
IDC0102,Florianopolis-UFSC-apartamento-SUP-2Q,Carteira 4,SC,"Florianópolis, SC","Florianópolis, SC, Trindade",3,708,3716.83,21,3753.83,2025-11,0.5926,0.7025,16,30,292.5,196.0,3,0,2025-11-24,0.99,877.5,37.0,berlinda
JBV334,Especial-JBV-hotel-JR-1Q,Especial,SC,"Florianópolis, SC","Florianópolis, SC, Jurerê",0,1685,10531.02,27,10333.97,2025-11,0.7333,0.693,22,30,586.91,,0,0,2025-11-24,1.02,0.0,-197.0500000000011,berlinda
LEA0908,Balneario_Picarras-Geral-apartamento-SUP-2Q,Carteira 6,SC,"Balneário Piçarras, SC","Balneário Piçarras, SC, Itacolomi",3,267,2480.31,85,1751.85,2025-11,0.7037,0.3621,19,30,152.89,115.0,3,0,2025-11-24,1.42,458.66999999999996,-728.46,ok
MCB1106,Balneario_Picarras-Geral-apartamento-SUP-2Q,Carteira 6,SC,"Balneário Piçarras, SC","Balneário Piçarras, SC, Itacolomi",1,317,935.48,85,1751.85,2025-11,0.1379,0.3621,4,30,251.0,251.0,6,30,2025-11-24,0.53,251.0,816.3699999999999,atenção
MHFB0503,Itapema-Canto_Praia-apartamento-SUP-1Q,Carteira 5,SC,"Itapema, SC","Itapema, SC, Centro",0,457,3287.16,14,2356.68,2025-11,0.7,0.4102,21,30,173.43,183.5,2,0,2025-11-24,1.39,0.0,-930.48,ok
MHFB1204,Itapema-Canto_Praia-apartamento-SUP-1Q,Carteira 5,SC,"Itapema, SC","Itapema, SC, Centro",1,479,3184.35,14,2356.68,2025-11,0.7241,0.4102,21,30,195.48,169.33,3,1,2025-11-24,1.35,195.48,-827.6700000000001,ok
MHR308,Florianopolis-Ingleses_Praia-apartamento-SUP-1Q,Carteira 1,SC,"Florianópolis, SC","Florianópolis, SC, Ingleses do Rio Vermelho",4,1163,3103.96,40,3764.53,2025-11,0.6154,0.55,16,30,233.56,152.0,2,0,2025-11-24,0.82,934.24,660.5700000000002,berlinda
MMD0602,Ilheus-Sul-apartamento-TOP-2Q,Carteira 2,BA,"Ilhéus, BA","Ilhéus, BA, São Francisco",23,299,454.38,21,3087.96,2025-11,0.2857,0.4991,2,30,291.5,193.5,4,0,2025-11-24,0.15,6704.5,2633.58,crítico
NWT0421,Especial-NWT-apartamento-TOP-1Q,Carteira 5,AL,"Maceió, AL","Maceió, AL, Pajuçara",0,303,8182.73,43,5085.72,2025-11,0.8333,0.6637,25,30,398.16,298.0,4,0,2025-11-24,1.61,0.0,-3097.0099999999993,ok
NWT0604,Especial-NWT-apartamento-TOP-1Q,Carteira 5,AL,"Maceió, AL","Maceió, AL, Pajuçara",0,215,6272.7,43,5085.72,2025-11,0.9,0.6637,27,30,300.81,259.0,1,0,2025-11-24,1.23,0.0,-1186.9799999999996,ok
NWT1203,Especial-NWT-apartamento-TOP-1Q,Carteira 5,AL,"Maceió, AL","Maceió, AL, Pajuçara",0,366,7888.5,43,5085.72,2025-11,0.9333,0.6637,28,30,353.61,,0,0,2025-11-24,1.55,0.0,-2802.7799999999997,ok
NWT1214,Especial-NWT-apartamento-TOP-1Q,Carteira 5,AL,"Maceió, AL","Maceió, AL, Pajuçara",1,163,6930.46,43,5085.72,2025-11,0.8621,0.6637,25,30,327.64,322.0,1,0,2025-11-24,1.36,327.64,-1844.7399999999998,ok
ORP0305,Gramado-Geral-apartamento-SUP-2Q,Carteira 4,RS,"Gramado, RS","Gramado, RS, Floresta",0,22,6526.14,163,6133.42,2025-11,0.6333,0.6035,19,30,384.37,232.2,5,0,2025-11-24,1.06,0.0,-392.72000000000025,berlinda
PSO0401,Penha-Beto_Carrero-apartamento-SUP-1Q,Carteira 3,SC,"Penha, SC","Penha, SC, Praia de Armação do Itapocoroi",1,141,3791.38,18,2190.5,2025-11,0.6897,0.486,20,30,230.95,176.0,3,0,2025-11-24,1.73,230.95,-1600.88,ok
PSOA1102,Penha-Beto_Carrero-apartamento-SUP-1Q,Carteira 3,SC,"Penha, SC","Penha, SC, Praia de Armação do Itapocoroi",0,129,2325.32,18,2190.5,2025-11,0.4,0.486,12,30,206.17,156.5,2,0,2025-11-24,1.06,0.0,-134.82000000000016,berlinda
RGV115,Bombinhas-Bombas-casa-JR-3Q,Carteira 6,SC,"Bombinhas, SC","Bombinhas, SC, Bombas",0,780,4657.56,14,3225.11,2025-11,0.9333,0.3452,28,30,210.57,133.0,1,0,2025-11-24,1.44,0.0,-1432.4500000000003,ok
ROE210,Brasilia-Asa_Norte-apartamento-SUP-1Q,Carteira 1_sys-price,DF,"Brasília, DF","Brasília, DF, Setor de Habitações Individuais Norte",0,570,4110.08,142,4078.89,2025-11,0.8,0.8171,24,30,212.38,,0,0,2025-11-24,1.01,0.0,-31.190000000000055,berlinda
RRF2562,Florianopolis-Santo_Antonio_de_Lisboa-casa-SUP-3Q,Carteira 1,SC,"Florianópolis, SC","Florianópolis, SC, Sambaqui",6,436,3607.2,7,4671.6,2025-11,0.4583,0.4968,11,30,402.64,306.0,1,0,2025-11-24,0.77,2415.84,1064.4000000000005,atenção
RTT1905,Florianopolis-Daniela-casa-JR-3Q,Carteira 1,SC,"Florianópolis, SC","Florianópolis, SC, Daniela",8,368,4570.46,8,5368.28,2025-11,0.5909,0.6419,13,30,427.0,275.5,2,0,2025-11-24,0.85,3416.0,797.8199999999997,berlinda
SCO0014,Florianopolis-Campeche-apartamento-SUP-1Q,Carteira 1,SC,"Florianópolis, SC","Florianópolis, SC, Campeche",0,226,936.21,28,3106.87,2025-11,0.2667,0.6807,8,30,179.13,215.6,5,0,2025-11-24,0.3,0.0,2170.66,crítico
SHL0105,Brasilia-Lago_Norte-apartamento-TOP-1Q,Carteira 1_sys-price,DF,"Brasília, DF","Brasília, DF, Setor de Habitações Individuais Norte",0,365,4393.68,106,6471.14,2025-11,0.7667,0.7875,23,30,223.87,361.33,3,0,2025-11-24,0.68,0.0,2077.46,atenção
SID0209,Florianopolis-Cachoeira_Bom_Jesus-apartamento-JR-1Q,Carteira 1,SC,"Florianópolis, SC","Florianópolis, SC, Cachoeira do Bom Jesus",0,120,1709.62,25,1090.04,2025-11,0.5,0.228,15,30,140.8,126.0,4,0,2025-11-24,1.57,0.0,-619.5799999999999,ok
SLI0704,Maceio-Ponta_Verde-apartamento-SUP-1Q,Carteira 2,AL,"Maceió, AL","Maceió, AL, Ponta Verde",3,72,3246.33,212,4400.2,2025-11,0.7407,0.7724,20,30,206.55,130.0,1,0,2025-11-24,0.74,619.6500000000001,1153.87,atenção
SPJ0204,Especial-SPJ-apartamento-TOP-1Q,Carteira 5,SC,"Florianópolis, SC","Florianópolis, SC, Jurerê",0,367,6727.09,16,6452.9,2025-11,0.9333,0.7069,28,30,294.18,365.0,1,0,2025-11-24,1.04,0.0,-274.1900000000005,berlinda
SPZ0610,Sao_Paulo-Vila_Olimpia-apartamento-SUP-1Q,Carteira 4,SP,"São Paulo, SP","São Paulo, SP, Itaim Bibi",0,166,8343.33,308,6486.71,2025-11,0.9333,0.7113,28,30,384.04,247.0,2,0,2025-11-24,1.29,0.0,-1856.62,ok
SSG0419,Florianopolis-UFSC-apartamento-SUP-1Q,Carteira 4,SC,"Florianópolis, SC","Florianópolis, SC, Córrego Grande",0,11,4044.34,45,3461.85,2025-11,0.9333,0.6721,28,30,190.96,131.0,1,0,2025-11-24,1.17,0.0,-582.4900000000002,ok
STM0500,Florianopolis-Canto_da_Lagoa-casa-SUP-3Q,Carteira 1,SC,"Florianópolis, SC","Florianópolis, SC, Lagoa da Conceição",11,214,7971.46,17,5082.64,2025-11,1.0,0.5255,19,30,536.26,,0,8,2025-11-24,1.57,5898.86,-2888.8199999999997,ok
TPS311,Florianopolis-Canasvieiras_Meio-apartamento-TOP-1Q,Carteira 1,SC,"Florianópolis, SC","Florianópolis, SC, Canasvieiras",0,1031,2204.83,26,4125.61,2025-11,0.4333,0.558,13,30,210.54,203.0,6,0,2025-11-24,0.53,0.0,1920.7799999999997,atenção
TVT904,Florianopolis-Centrao-apartamento-MASTER-1Q,Carteira 4,SC,"Florianópolis, SC","Florianópolis, SC, Centro",0,841,7732.79,31,4552.17,2025-11,0.8333,0.5762,25,30,385.32,212.5,2,0,2025-11-24,1.7,0.0,-3180.62,ok
VAM0504,Goiania-Sul-2-apartamento-JR-2Q,Carteira 1_sys-price,GO,"Goiânia, GO","Goiânia, GO, Setor Faiçalville",5,460,1795.38,313,2598.58,2025-11,0.48,0.5776,12,30,172.83,175.25,4,0,2025-11-24,0.69,864.1500000000001,803.1999999999998,atenção
APC2200,Bombinhas-Mariscal-casa-TOP-3Q,Carteira 6,SC,"Bombinhas, SC","Bombinhas, SC, Canto Grande",9,956,5907.66,15,7055.0,2025-11,0.7143,0.4266,15,30,492.67,404.0,2,0,2025-11-24,0.84,4434.03,1147.3400000000001,berlinda
BLB1502,Salvador-Barra-apartamento-SUP-1Q,Carteira 2,BA,"Salvador, BA","Salvador, BA, Barra",0,684,3873.41,212,4248.24,2025-11,0.8333,0.7112,25,30,197.36,130.0,1,0,2025-11-24,0.91,0.0,374.8299999999999,berlinda
BMR0004,Porto_Seguro-Pataxos-casa-JR-2Q,Carteira 2,BA,"Porto Seguro, BA","Porto Seguro, BA, Loteamento Village I",0,382,1180.32,11,2501.25,2025-11,0.2667,0.4181,8,30,173.5,159.17,6,0,2025-11-24,0.47,0.0,1320.93,crítico
CAS0031,Florianopolis-Estreito-apartamento-SUP-2Q,Carteira 4,SC,"Florianópolis, SC","Florianópolis, SC, Coqueiros",0,254,4329.98,15,3223.4,2025-11,0.7,0.4591,21,30,236.9,172.0,1,0,2025-11-24,1.34,0.0,-1106.5799999999995,ok
CNA015,Especial-CNA-casa-MASTER-1Q,Especial,SP,"Campos do Jordão, SP","Campos do Jordão, SP, Jardim Europa",0,1016,11613.41,26,9055.36,2025-11,0.8,0.5061,24,30,618.08,675.0,2,0,2025-11-24,1.28,0.0,-2558.0499999999993,ok
CPN0002,Florianopolis-Centrao-apartamento-JR-2Q,Carteira 4,SC,"Florianópolis, SC","Florianópolis, SC, Centro",0,390,4550.76,23,2141.15,2025-11,0.8,0.6276,24,30,222.67,137.33,3,0,2025-11-24,2.13,0.0,-2409.61,meta_subestimada
CRJ101,Florianopolis-Jurere_Tradicional-apartamento-SUP-2Q,Carteira 1,SC,"Florianópolis, SC","Florianópolis, SC, Jurerê",0,1023,5187.03,17,5832.42,2025-11,0.4333,0.5256,13,30,427.38,308.0,3,0,2025-11-24,0.89,0.0,645.3900000000003,berlinda
DLH0103,Gramado-Centro-apartamento-TOP-2Q,Carteira 4,RS,"Gramado, RS","Gramado, RS, Centro",1,407,10649.52,55,11231.9,2025-11,0.6552,0.7261,19,30,691.26,289.0,3,0,2025-11-24,0.95,691.26,582.3799999999992,berlinda
ELLC0000,Ilheus-Sul-apartamento-SUP-2Q,Carteira 2,BA,"Ilhéus, BA","Ilhéus, BA, Nossa Senhora da Vitória",4,67,1518.1,39,2676.44,2025-11,0.4615,0.3785,12,30,146.33,169.0,4,0,2025-11-24,0.57,585.32,1158.3400000000001,atenção
FFS1306,Itapema-Meia_Praia-Sul-apartamento-SUP-1Q,Carteira 6,SC,"Itapema, SC","Itapema, SC, Meia Praia",0,10,3067.4,19,2238.48,2025-11,0.8,0.5187,24,30,148.21,164.0,1,0,2025-11-24,1.37,0.0,-828.9200000000001,ok
FML202,Florianopolis-Canasvieiras_Perto-apartamento-JR-2Q,Carteira 1,SC,"Florianópolis, SC","Florianópolis, SC, Canasvieiras",8,638,3433.57,20,2301.74,2025-11,0.7727,0.4483,17,30,263.47,254.0,3,0,2025-11-24,1.49,2107.76,-1131.8300000000004,ok
ILC2316,Especial-ILC-hotel-TOP-1Q,Especial,SC,"Florianópolis, SC","Florianópolis, SC, Jurerê Internacional",0,1522,11128.84,30,11771.46,2025-11,0.6667,0.7857,20,30,736.2,500.0,1,10,2025-11-24,0.95,0.0,642.619999999999,berlinda
ILH0107,Florianopolis-Canasvieiras_Perto-apartamento-SUP-2Q,Carteira 1,SC,"Florianópolis, SC","Florianópolis, SC, Canasvieiras",0,753,5817.67,26,4627.36,2025-11,0.7,0.5521,21,30,332.67,270.0,3,0,2025-11-24,1.26,0.0,-1190.3100000000004,ok
JRR410,Florianopolis-Jurere_Tradicional-apartamento-MASTER-1Q,Carteira 1,SC,"Florianópolis, SC","Florianópolis, SC, Jurerê",0,1354,5856.16,26,11379.24,2025-11,0.5333,0.7041,16,30,436.31,409.0,3,0,2025-11-24,0.51,0.0,5523.08,atenção
MHF1604,Itapema-Canto_Praia-apartamento-TOP-1Q,Carteira 5,SC,"Itapema, SC","Itapema, SC, Centro",2,407,4287.8,19,3496.4,2025-11,0.75,0.5702,21,30,242.0,203.5,2,0,2025-11-24,1.23,484.0,-791.4000000000001,ok
MHF1605,Itapema-Canto_Praia-apartamento-TOP-1Q,Carteira 5,SC,"Itapema, SC","Itapema, SC, Centro",0,500,5356.65,19,3496.4,2025-11,0.8,0.5702,24,30,298.0,200.0,4,0,2025-11-24,1.53,0.0,-1860.2499999999995,ok
MMD0305,Ilheus-Sul-apartamento-SUP-2Q,Carteira 2,BA,"Ilhéus, BA","Ilhéus, BA, São Francisco",0,155,4042.25,39,2676.44,2025-11,0.7667,0.3785,23,30,208.43,,0,0,2025-11-24,1.51,0.0,-1365.81,ok
NWT0504,Especial-NWT-apartamento-TOP-1Q,Carteira 5,AL,"Maceió, AL","Maceió, AL, Pajuçara",0,225,4211.66,43,5085.72,2025-11,0.5333,0.6637,16,30,307.63,296.8,5,0,2025-11-24,0.83,0.0,874.0600000000004,berlinda
NWT0911,Especial-NWT-apartamento-MASTER-1Q,Carteira 5,AL,"Maceió, AL","Maceió, AL, Pajuçara",5,221,3718.5,31,6339.75,2025-11,0.28,0.7564,7,30,600.0,600.0,6,30,2025-11-24,0.59,3000.0,2621.25,atenção
ONP0913,Sao_Paulo-Bela_Vista-apartamento-SUP-1Q,Carteira 4_sys-price,SP,"São Paulo, SP","São Paulo, SP, Paraíso",1,31,4717.22,605,4142.47,2025-11,1.0,0.7186,29,30,194.56,,0,0,2025-11-24,1.14,194.56,-574.75,ok
POR410,Florianopolis-Ingleses_Norte-apartamento-SUP-4Q,Carteira 1,SC,"Florianópolis, SC","Florianópolis, SC, Ingleses Norte",29,880,0.0,18,5718.57,2025-11,0.0,0.5416,0,30,0.0,,0,0,2025-11-24,0.0,0.0,5718.57,crítico
RFM0012,Santa_Cruz_Cabralia-Coroa_Vermelha-apartamento-SUP-2Q,Carteira 2,BA,"Santa Cruz Cabrália, BA","Porto Seguro, BA, Mutá",0,295,2572.1,51,3298.0,2025-11,0.5667,0.5248,17,30,203.82,183.0,1,0,2025-11-24,0.78,0.0,725.9000000000001,atenção
SDR002,Florianopolis-Lagoa-apartamento-SUP-1Q,Carteira 1,SC,"Florianópolis, SC","Florianópolis, SC, Lagoa da Conceição",2,1575,1375.62,27,3747.01,2025-11,0.3571,0.7398,10,30,188.7,172.5,6,0,2025-11-24,0.37,377.4,2371.3900000000003,crítico
SKC0414,Maceio-Jatiuca-apartamento-TOP-1Q,Carteira 2,AL,"Maceió, AL","Maceió, AL, Jatiúca",5,268,4001.9,39,4952.95,2025-11,0.92,0.7116,23,30,226.61,173.0,1,0,2025-11-24,0.81,1133.0500000000002,951.0499999999997,berlinda
TCO1104,Porto_Alegre-Centro_Historico-apartamento-SUP-1Q,Carteira 4,RS,"Porto Alegre, RS","Porto Alegre, RS, Centro Histórico",0,411,2651.23,77,2393.45,2025-11,0.8667,0.6126,26,30,127.81,120.0,2,0,2025-11-24,1.11,0.0,-257.7800000000002,ok
TPS104,Florianopolis-Canasvieiras_Meio-apartamento-TOP-1Q,Carteira 1,SC,"Florianópolis, SC","Florianópolis, SC, Canasvieiras",0,1005,1759.04,26,4125.61,2025-11,0.3333,0.558,10,30,221.4,201.0,6,0,2025-11-24,0.43,0.0,2366.5699999999997,crítico
TPS107,Florianopolis-Canasvieiras_Meio-apartamento-TOP-1Q,Carteira 1,SC,"Florianópolis, SC","Florianópolis, SC, Canasvieiras",1,507,4430.37,26,4125.61,2025-11,0.8276,0.558,24,30,216.75,,0,0,2025-11-24,1.07,216.75,-304.7600000000002,berlinda
VEC114,Bombinhas-Centro-apartamento-SUP-1Q,Carteira 6,SC,"Bombinhas, SC","Bombinhas, SC, Centro",0,1040,4992.56,35,3520.7,2025-11,1.0,0.6125,30,30,231.1,,0,0,2025-11-24,1.42,0.0,-1471.8600000000006,ok
VIF0011,Porto_Seguro-Pataxos-apartamento-SUP-3Q,Carteira 2,BA,"Porto Seguro, BA","Porto Seguro, BA, Taperapuã",5,22,2618.85,20,2841.89,2025-11,0.52,0.3177,13,30,291.54,203.25,4,0,2025-11-24,0.92,1457.7,223.03999999999996,berlinda
VST022,Especial-VST-casa-TOP-1Q,Carteira 5,SC,"Anitápolis, SC","Anitápolis, SC, Rio dos Pinheiros",7,488,3242.18,54,3890.57,2025-11,0.6957,0.3016,16,30,265.0,198.0,2,0,2025-11-24,0.83,1855.0,648.3900000000003,berlinda
VTD0109,Florianopolis-UFSC-apartamento-SUP-1Q,Carteira 4,SC,"Florianópolis, SC","Florianópolis, SC, Trindade",0,54,4382.47,45,3461.85,2025-11,0.9667,0.6721,29,30,217.24,,0,0,2025-11-24,1.27,0.0,-920.6200000000003,ok
AVR0203,Balneario_Picarras-Geral-apartamento-TOP-2Q,Carteira 6,SC,"Penha, SC","Penha, SC, Centro",0,233,5589.09,41,2627.78,2025-11,0.8667,0.3938,26,30,255.65,191.0,2,0,2025-11-24,2.13,0.0,-2961.31,meta_subestimada
BCY2001,Aguas_Claras-Geral-apartamento-MASTER-2Q,Carteira 1,DF,"Brasília, DF","Brasília, DF, Aguas Claras",10,313,5623.38,11,5158.22,2025-11,0.9,0.6582,18,30,384.5,250.0,1,0,2025-11-24,1.09,3845.0,-465.15999999999985,berlinda
CDN101,Florianopolis-Campeche_Praia-apartamento-SUP-1Q,Carteira 1,SC,"Florianópolis, SC","Florianópolis, SC, Morro das Pedras",4,446,4178.51,11,3052.35,2025-11,0.7692,0.7176,20,30,257.7,227.0,2,0,2025-11-24,1.37,1030.8,-1126.1600000000003,ok
COI302,Florianopolis-Praia_Brava-apartamento-JR-2Q,Carteira 1,SC,"Florianópolis, SC","Florianópolis, SC, Praia Brava",0,1466,3848.58,18,1316.81,2025-11,0.6,0.2146,18,30,276.56,257.0,3,0,2025-11-24,2.92,0.0,-2531.77,meta_subestimada
CSP0914,Salvador-Caminho_Das_Arvores-apartamento-SUP-1Q,Carteira 2,BA,"Salvador, BA","Salvador, BA, Caminho das Árvores",17,65,1163.17,43,3338.25,2025-11,0.7692,0.7164,10,30,143.7,,0,0,2025-11-24,0.35,2442.8999999999996,2175.08,crítico
DVB0005,Porto_Seguro-Arraial_Dajuda_Centro-apartamento-SUP-1Q,Carteira 2,BA,"Porto Seguro, BA","Porto Seguro, BA, Arraial d Ajuda",0,12,475.02,8,2955.81,2025-11,0.1,0.6209,3,30,207.0,189.0,6,0,2025-11-24,0.16,0.0,2480.79,crítico
EAC404,Balneario_Camboriu-Centro-apartamento-JR-2Q,Carteira 6,SC,"Balneário Camboriú, SC","Balneário Camboriú, SC, Centro",0,733,3317.23,49,3454.39,2025-11,0.7,0.5285,21,30,194.76,110.0,1,0,2025-11-24,0.96,0.0,137.15999999999985,berlinda
EEP0902,Guarapari-Centro-apartamento-SUP-1Q,Carteira 4,ES,"Guarapari, ES","Guarapari, ES, São Judas Tadeu",0,115,2936.79,33,2316.33,2025-11,0.8667,0.5365,26,30,132.96,118.5,2,0,2025-11-24,1.27,0.0,-620.46,ok
ENP0607,Sao_Paulo-Republica-apartamento-SUP-1Q,Carteira 4_sys-price,SP,"São Paulo, SP","São Paulo, SP, Vila Buarque",0,100,2698.59,470,3552.85,2025-11,0.7333,0.7444,22,30,145.23,130.25,4,0,2025-11-24,0.76,0.0,854.2599999999998,atenção
EOX0102,Florianopolis-Centrao-apartamento-SUP-2Q,Carteira 4,SC,"Florianópolis, SC","Florianópolis, SC, Centro",0,239,4602.15,43,4509.68,2025-11,0.5333,0.5921,16,30,316.68,186.0,1,0,2025-11-24,1.02,0.0,-92.46999999999935,berlinda
JBV344,Especial-JBV-hotel-JR-1Q,Especial,SC,"Florianópolis, SC","Florianópolis, SC, Jurerê",0,1342,10325.71,27,10333.97,2025-11,0.8333,0.693,25,30,520.4,,0,0,2025-11-24,1.0,0.0,8.260000000000218,berlinda
JTL001,Florianopolis-Jurere_Longe-apartamento-JR-1Q,Carteira 1,SC,"Florianópolis, SC","Florianópolis, SC, Jurerê",0,495,3208.58,47,1965.96,2025-11,0.6333,0.4896,19,30,187.63,153.5,2,0,2025-11-24,1.63,0.0,-1242.62,ok
MHC0204,Florianopolis-Ingleses_Praia-apartamento-SUP-3Q,Carteira 1,SC,"Florianópolis, SC","Florianópolis, SC, Ingleses do Rio Vermelho",4,337,3651.22,13,4574.27,2025-11,0.6538,0.2679,17,30,246.06,231.83,6,0,2025-11-24,0.8,984.24,923.0500000000006,atenção
MHF0601,Itapema-Canto_Praia-apartamento-TOP-1Q,Carteira 5,SC,"Itapema, SC","Itapema, SC, Centro",0,449,3301.21,19,3496.4,2025-11,0.6,0.5702,18,30,218.17,219.83,6,0,2025-11-24,0.94,0.0,195.19000000000005,berlinda
OPT504,Florianopolis-Estreito-apartamento-JR-1Q,Carteira 4,SC,"Florianópolis, SC","Florianópolis, SC, Capoeiras",22,513,774.05,12,2384.22,2025-11,0.875,0.6023,7,30,135.86,,0,0,2025-11-24,0.32,2988.92,1610.1699999999998,crítico
PSD204,Florianopolis-Jurere_Tradicional-apartamento-JR-1Q,Carteira 1,SC,"Florianópolis, SC","Florianópolis, SC, Jurerê",0,1990,3951.26,23,3139.05,2025-11,0.6667,0.5172,20,30,227.9,,0,0,2025-11-24,1.26,0.0,-812.21,ok
RID3106,Florianopolis-Ingleses_Centro-apartamento-SUP-2Q,Carteira 1,SC,"Florianópolis, SC","Florianópolis, SC, Ingleses do Rio Vermelho",0,522,4177.85,30,2233.61,2025-11,0.8667,0.4151,26,30,205.62,160.0,1,0,2025-11-24,1.87,0.0,-1944.2400000000002,ok
SPJ0104,Especial-SPJ-apartamento-TOP-1Q,Carteira 5,SC,"Florianópolis, SC","Florianópolis, SC, Jurerê",1,516,5495.47,16,6452.9,2025-11,0.6552,0.7069,19,30,368.79,242.5,2,0,2025-11-24,0.85,368.79,957.4299999999994,berlinda
SVM1409,Salvador-Graca-apartamento-TOP-1Q,Especial,BA,"Salvador, BA","Salvador, BA, Vitória",0,152,4168.29,15,3658.61,2025-11,0.6333,0.6726,19,30,256.74,,0,0,2025-11-24,1.14,0.0,-509.67999999999984,ok
VIF0104,Porto_Seguro-Pataxos-apartamento-SUP-4Q,Carteira 2,BA,"Porto Seguro, BA","Porto Seguro, BA, Taperapuan",5,44,2539.17,10,6171.48,2025-11,0.4,0.6653,10,30,318.7,306.0,3,0,2025-11-24,0.41,1593.5,3632.3099999999995,crítico
VNV0801,Itapema-Praia_Centro-apartamento-SUP-2Q,Carteira 6,SC,"Itapema, SC","Itapema, SC, Tabuleiro dos Oliveiras",0,60,3647.4,21,2987.88,2025-11,0.9,0.4559,27,30,155.48,120.0,2,0,2025-11-24,1.22,0.0,-659.52,ok
CFR0209,Cabo_Frio-Portinho-apartamento-TOP-1Q,Carteira 4,RJ,"Cabo Frio, RJ","Cabo Frio, RJ, Portinho",1,661,2585.95,135,4194.71,2025-11,0.4138,0.5834,12,30,260.58,190.8,5,0,2025-11-24,0.62,260.58,1608.7600000000002,atenção
EDF0503,Salvador-Ondina_Rio_Vermelho-apartamento-TOP-1Q,Carteira 2,BA,"Salvador, BA","Salvador, BA, Rio Vermelho",5,68,3941.71,35,4613.2,2025-11,0.88,0.7196,22,30,213.18,,0,0,2025-11-24,0.85,1065.9,671.4899999999998,berlinda
HSS0007,Joao_Pessoa-Cabo_Branco-apartamento-SUP-1Q,Carteira 2,PB,"João Pessoa, PB","João Pessoa, PB, Cabo Branco",2,316,2818.65,71,4094.87,2025-11,0.7143,0.7178,20,30,177.1,142.0,2,0,2025-11-24,0.69,354.2,1276.2199999999998,atenção
MHF1601,Itapema-Canto_Praia-apartamento-TOP-1Q,Carteira 5,SC,"Itapema, SC","Itapema, SC, Centro",1,480,4377.63,19,3496.4,2025-11,0.8621,0.5702,25,30,211.8,,0,0,2025-11-24,1.25,211.8,-881.23,ok
PRN0002,Imbituba-Praia_do_Rosa-apartamento-JR-1Q,Carteira 6,SC,"Imbituba, SC","Imbituba, SC, Ibiraquera",0,176,3081.77,19,2135.63,2025-11,0.8333,0.4168,25,30,138.16,,0,0,2025-11-24,1.44,0.0,-946.1399999999999,ok
RBH806,Florianopolis-Centrao-apartamento-SUP-1Q,Carteira 4,SC,"Florianópolis, SC","Florianópolis, SC, Centro",8,879,2995.95,127,3977.15,2025-11,0.9091,0.5706,20,30,196.05,,0,0,2025-11-24,0.75,1568.4,981.2000000000003,atenção
ROI009,Imbituba-Praia_do_Rosa-casa-MASTER-3Q,Carteira 6,SC,"Garopaba, SC","Garopaba, SC, Ouvidor",6,400,9168.5,7,5428.79,2025-11,0.4583,0.3782,11,30,1084.73,1000.0,2,22,2025-11-24,1.69,6508.38,-3739.71,ok
RPC0305,Florianopolis-Canasvieiras_Longe-apartamento-SUP-2Q,Carteira 1,SC,"Florianópolis, SC","Florianópolis, SC, Canasvieiras",0,326,3860.04,24,2758.92,2025-11,0.7333,0.4723,22,30,226.23,198.0,3,0,2025-11-24,1.4,0.0,-1101.12,ok
SBN0705,Itapema-Praia_Centro-apartamento-SUP-3Q,Carteira 6,SC,"Itapema, SC","Itapema, SC, Tabuleiro das Oliveiras",5,569,3721.93,20,2259.89,2025-11,0.88,0.3489,22,30,194.36,,0,0,2025-11-24,1.65,971.8000000000001,-1462.04,ok
SCO0011,Florianopolis-Campeche-apartamento-JR-1Q,Carteira 1,SC,"Florianópolis, SC","Florianópolis, SC, Campeche",0,219,1008.92,28,2204.41,2025-11,0.2667,0.6439,8,30,155.13,138.17,6,0,2025-11-24,0.46,0.0,1195.4899999999998,crítico
SRO0002,Florianopolis-Lagoa-apartamento-SUP-2Q,Carteira 1,SC,"Florianópolis, SC","Florianópolis, SC, Lagoa da Conceição",8,353,4218.34,40,4446.03,2025-11,0.8636,0.5825,19,30,276.58,197.0,2,0,2025-11-24,0.95,2212.64,227.6899999999996,berlinda
TCO0614,Porto_Alegre-Centro_Historico-apartamento-SUP-1Q,Carteira 4,RS,"Porto Alegre, RS","Porto Alegre, RS, Centro Histórico",1,369,2872.26,77,2393.45,2025-11,0.8966,0.6126,26,30,144.81,120.0,2,0,2025-11-24,1.2,144.81,-478.8100000000004,ok
TCO1103,Porto_Alegre-Centro_Historico-apartamento-SUP-1Q,Carteira 4,RS,"Porto Alegre, RS","Porto Alegre, RS, Centro Histórico",0,690,3219.67,77,2393.45,2025-11,0.8,0.6126,24,30,135.15,,0,0,2025-11-24,1.35,0.0,-826.2200000000003,ok
VLP0111,Mata_de_Sao_Joao-Praia_do_Forte-apartamento-SUP-2Q,Carteira 2,BA,"Mata de São João, BA","Mata de São João, BA, Centro",0,101,2809.94,27,6226.37,2025-11,0.3667,0.5545,11,30,303.64,303.33,6,0,2025-11-24,0.45,0.0,3416.43,crítico
VST033,Especial-VST-casa-TOP-1Q,Carteira 5,SC,"Anitápolis, SC","Anitápolis, SC, Rio dos Pinheiros",0,488,4563.73,54,3890.57,2025-11,0.7667,0.3016,23,30,259.43,180.0,3,0,2025-11-24,1.17,0.0,-673.1599999999994,ok
ZNB1406,Salvador-Barra-apartamento-SUP-1Q,Carteira 2,BA,"Salvador, BA","Salvador, BA, Barra",0,44,3312.26,212,4248.24,2025-11,0.8,0.7112,24,30,198.37,139.6,5,0,2025-11-24,0.78,0.0,935.9799999999996,atenção
ARN0104,Bombinhas-Centro-apartamento-TOP-3Q,Carteira 6,SC,"Bombinhas, SC","Bombinhas, SC, Quatro Ilhas",7,534,5743.42,24,3601.79,2025-11,0.913,0.3681,21,30,361.52,,0,0,2025-11-24,1.59,2530.64,-2141.63,ok
BCA1804,Salvador-Ondina_Rio_Vermelho-apartamento-SUP-1Q,Carteira 2,BA,"Salvador, BA","Salvador, BA, Ondina",0,176,4914.2,86,3539.22,2025-11,0.9333,0.693,28,30,241.04,152.0,1,0,2025-11-24,1.39,0.0,-1374.98,ok
BPM0808,Salvador-Barra-apartamento-SUP-1Q,Carteira 2,BA,"Salvador, BA","Salvador, BA, Barra",0,22,4779.21,212,4248.24,2025-11,0.9,0.7112,27,30,192.78,130.0,1,0,2025-11-24,1.12,0.0,-530.9700000000003,ok
CAR0107,Itajai-Centro-apartamento-JR-1Q,Carteira 6,SC,"Itajaí, SC","Itajaí, SC, Centro",0,163,2820.07,13,2094.43,2025-11,0.8333,0.5748,25,30,135.6,,0,0,2025-11-24,1.35,0.0,-725.6400000000003,ok
CBLS0102,Brasilia-Vila_Planalto-apartamento-TOP-1Q,Carteira 1,DF,"Brasília, DF","Brasília, DF, Setor de Clubes Esportivos Sul",6,177,5529.11,15,7567.02,2025-11,0.875,0.8179,21,30,336.38,,0,0,2025-11-24,0.73,2018.28,2037.9100000000008,atenção
CNB009,Especial-CNB-casa-TOP-1Q,Especial,SP,"Campos do Jordão, SP","Campos do Jordão, SP, Jardim Europa",1,591,5618.18,18,5690.11,2025-11,0.3448,0.6166,10,30,701.0,425.0,4,8,2025-11-24,0.99,701.0,71.92999999999938,berlinda
CTM0000,Garopaba-Centro-casa-SUP-2Q,Carteira 6,SC,"Garopaba, SC","Garopaba, SC, Costa Macacu",6,176,2260.59,17,3854.07,2025-11,0.4583,0.3938,11,30,228.75,191.5,4,0,2025-11-24,0.59,1372.5,1593.48,atenção
EEP0602,Guarapari-Centro-apartamento-SUP-1Q,Carteira 4,ES,"Guarapari, ES","Guarapari, ES, São Judas Tadeu",0,82,3728.05,33,2316.33,2025-11,0.9,0.5365,27,30,158.96,,0,0,2025-11-24,1.61,0.0,-1411.7200000000003,ok
ELF0602,Bombinhas-Bombas-apartamento-SUP-1Q,Especial,SC,"Bombinhas, SC","Bombinhas, SC, José Amândio",1,172,4713.2,45,3072.04,2025-11,0.931,0.4924,27,30,202.56,,0,5,2025-11-24,1.53,202.56,-1641.1599999999999,ok
ERM0102,Balneario_Camboriu-Centro-apartamento-SUP-3Q,Carteira 6,SC,"Balneário Camboriú, SC","Balneário Camboriú, SC, Centro",5,25,3882.51,89,4292.03,2025-11,0.8,0.4983,20,30,232.95,160.0,1,0,2025-11-24,0.9,1164.75,409.5199999999995,berlinda
EVA105,Florianopolis-Centrao-apartamento-SUP-1Q,Carteira 4,SC,"Florianópolis, SC","Florianópolis, SC, Centro",0,772,4762.04,127,3977.15,2025-11,0.8,0.5706,24,30,226.46,207.0,1,0,2025-11-24,1.2,0.0,-784.8899999999999,ok
JBM201,Florianopolis-Jurere_Tradicional-apartamento-TOP-1Q,Carteira 1,SC,"Florianópolis, SC","Florianópolis, SC, Jurerê",0,1971,5890.07,19,6996.21,2025-11,0.6,0.704,18,30,412.94,497.5,6,0,2025-11-24,0.84,0.0,1106.1400000000003,berlinda
JHG1733,Florianopolis-Costa_da_Lagoa-apartamento-JR-1Q,Carteira 1,SC,"Florianópolis, SC","Florianópolis, SC, Lagoa da Conceição",2,844,2516.76,25,3893.0,2025-11,0.6429,0.7178,18,30,163.61,153.0,2,0,2025-11-24,0.65,327.22,1376.2399999999998,atenção
LIV1011,Salvador-Graca-apartamento-TOP-1Q,Especial,BA,"Salvador, BA","Salvador, BA, Vitória",0,145,4516.43,15,3658.61,2025-11,0.7667,0.6726,23,30,228.73,207.0,1,0,2025-11-24,1.23,0.0,-857.8200000000002,ok
MADB1005,Aguas_Claras-Geral-apartamento-JR-1Q,Carteira 1_sys-price,DF,"Águas Claras, DF","Brasília, DF, Águas Claras",0,767,2544.6,100,2763.17,2025-11,0.6667,0.7487,20,30,150.35,161.25,4,0,2025-11-24,0.92,0.0,218.57000000000016,berlinda
MHE0213,Florianopolis-Cachoeira_Bom_Jesus-apartamento-TOP-2Q,Carteira 1,SC,"Florianópolis, SC","Florianópolis, SC, Cachoeira do Bom Jesus",0,283,6689.85,29,5562.4,2025-11,0.7333,0.4609,22,30,351.45,466.0,2,0,2025-11-24,1.2,0.0,-1127.4500000000007,ok
MHF0805,Itapema-Canto_Praia-apartamento-TOP-1Q,Carteira 5,SC,"Itapema, SC","Itapema, SC, Centro",4,417,4176.3,19,3496.4,2025-11,0.8077,0.5702,21,30,236.76,,0,0,2025-11-24,1.19,947.04,-679.9000000000001,ok
MHFB0903,Itapema-Canto_Praia-apartamento-SUP-1Q,Carteira 5,SC,"Itapema, SC","Itapema, SC, Centro",0,360,3315.35,14,2356.68,2025-11,0.6667,0.4102,20,30,187.5,200.0,4,0,2025-11-24,1.41,0.0,-958.6700000000001,ok
NOA0616,Sao_Paulo-Santo_Amaro-apartamento-SUP-1Q,Carteira 4,SP,"São Paulo, SP","São Paulo, SP, Santo Amaro",0,281,2981.9,157,3988.2,2025-11,0.7333,0.6596,22,30,174.41,159.5,2,0,2025-11-24,0.75,0.0,1006.2999999999997,atenção
NWT1115,Especial-NWT-apartamento-TOP-1Q,Carteira 5,AL,"Maceió, AL","Maceió, AL, Pajuçara",2,150,4586.37,43,5085.72,2025-11,0.5357,0.6637,15,30,369.73,280.0,2,0,2025-11-24,0.9,739.46,499.35000000000036,berlinda
ODM1203,Sao_Paulo-Mariana-apartamento-SUP-1Q,Carteira 4,SP,"São Paulo, SP","São Paulo, SP, Vila Mariana",2,39,2944.16,181,3634.6,2025-11,0.7857,0.6538,22,30,159.86,,0,0,2025-11-24,0.81,319.72,690.44,berlinda
PSOB0407,Penha-Beto_Carrero-apartamento-SUP-1Q,Carteira 3,SC,"Penha, SC","Penha, SC, Armação",0,114,4349.41,18,2190.5,2025-11,0.8667,0.486,26,30,199.96,,0,0,2025-11-24,1.99,0.0,-2158.91,ok
PUQ0208,Sao_Paulo-Pompeia-apartamento-SUP-1Q,Carteira 4,SP,"São Paulo, SP","São Paulo, SP, Perdizes",0,199,3588.89,71,3769.75,2025-11,0.8333,0.5545,25,30,175.8,142.0,1,0,2025-11-24,0.95,0.0,180.86000000000013,berlinda
RDS001,Campos_do_Jordao-Vila_Natal-casa-JR-2Q,Carteira 4,SP,"Campos do Jordão, SP","Campos do Jordão, SP, Campos do Jordão",24,631,983.94,17,2619.02,2025-11,0.5,0.4265,3,30,396.0,,0,0,2025-11-24,0.38,9504.0,1635.08,crítico
RJI0046,Ubatuba-Itagua-apartamento-JR-2Q,Carteira 4,SP,"Ubatuba, SP","Ubatuba, SP, Itaguá",3,375,3238.72,170,2679.48,2025-11,0.6667,0.4959,18,30,205.56,,0,0,2025-11-24,1.21,616.6800000000001,-559.2399999999998,ok
SDR009,Florianopolis-Lagoa-apartamento-SUP-1Q,Carteira 1,SC,"Florianópolis, SC","Florianópolis, SC, Lagoa da Conceição",0,1467,2187.02,27,3747.01,2025-11,0.5333,0.7398,16,30,175.19,168.33,3,0,2025-11-24,0.58,0.0,1559.9900000000002,atenção
SHC0606,Balneario_Picarras-Geral-apartamento-TOP-3Q,Carteira 6,SC,"Balneário Piçarras, SC","Balneário Piçarras, SC, Itacolomi",0,330,6145.12,19,3248.13,2025-11,0.8,0.3341,24,30,290.88,,0,0,2025-11-24,1.89,0.0,-2896.99,ok
SLI0703,Maceio-Ponta_Verde-apartamento-SUP-1Q,Carteira 2,AL,"Maceió, AL","Maceió, AL, Ponta Verde",3,40,4237.97,212,4400.2,2025-11,0.963,0.7724,26,30,198.27,,0,0,2025-11-24,0.96,594.8100000000001,162.22999999999956,berlinda
SOT0203,Florianopolis-Jurere_Tradicional-apartamento-TOP-1Q,Carteira 1,SC,"Florianópolis, SC","Florianópolis, SC, Jurerê",0,277,4756.47,19,6996.21,2025-11,0.5,0.704,15,30,372.6,447.67,3,0,2025-11-24,0.68,0.0,2239.74,atenção
SPT0205,Blumenau-Central-apartamento-JR-1Q,Carteira 4,SC,"Blumenau, SC","Blumenau, SC, Itoupava Seca",0,509,0.0,42,910.58,2025-11,0.0,0.3663,0,30,0.0,100.0,6,27,2025-11-24,0.0,0.0,910.58,crítico
TPS203,Florianopolis-Canasvieiras_Meio-apartamento-TOP-1Q,Carteira 1,SC,"Florianópolis, SC","Florianópolis, SC, Canasvieiras",0,872,3603.78,26,4125.61,2025-11,0.6,0.558,18,30,237.0,209.5,4,0,2025-11-24,0.87,0.0,521.8299999999995,berlinda
VST018,Especial-VST-casa-TOP-1Q,Carteira 5,SC,"Anitápolis, SC","Anitápolis, SC, Rio dos pinheiros",2,123,2655.01,54,3890.57,2025-11,0.4643,0.3016,13,30,255.36,226.4,5,0,2025-11-24,0.68,510.72,1235.56,atenção
VST037,Especial-VST-casa-TOP-1Q,Carteira 5,SC,"Anitápolis, SC","Anitápolis, SC, Rio dos Pinheiros",1,123,3876.26,54,3890.57,2025-11,0.5517,0.3016,16,30,298.75,180.0,4,0,2025-11-24,1.0,298.75,14.309999999999945,berlinda
BLB1004,Salvador-Barra-apartamento-SUP-1Q,Carteira 2,BA,"Salvador, BA","Salvador, BA, Barra",0,355,5235.99,212,4248.24,2025-11,0.9333,0.7112,28,30,231.43,130.0,1,0,2025-11-24,1.23,0.0,-987.75,ok
BLSA1655,Goiania-Central-apartamento-TOP-1Q,Carteira 1_sys-price,GO,"Goiânia, GO","Goiânia, GO, Setor Marista",0,687,2880.73,54,3159.15,2025-11,0.7,0.5673,21,30,174.71,195.33,3,0,2025-11-24,0.91,0.0,278.4200000000001,berlinda
EEI0303,Barra_Velha-Itajuba-apartamento-SUP-2Q,Carteira 3,SC,"Barra Velha, SC","Barra Velha, SC, Itajubá",1,86,1335.92,21,1857.93,2025-11,0.2759,0.3462,8,30,230.25,151.67,6,0,2025-11-24,0.72,230.25,522.01,atenção
ETD0101,Florianopolis-Ingleses_Centro-apartamento-JR-2Q,Carteira 1,SC,"Florianópolis, SC","Florianópolis, SC, Ingleses do Rio Vermelho",0,169,2171.84,21,1761.58,2025-11,0.5333,0.4366,16,30,164.06,168.25,4,0,2025-11-24,1.23,0.0,-410.2600000000002,ok
GET0706,Guara-Geral-apartamento-MASTER-2Q,Especial,DF,"Brasília, DF","Brasília, DF, Zona Industrial",1,88,9146.43,11,5158.22,2025-11,0.9655,0.6582,28,30,412.46,,0,0,2025-11-24,1.77,412.46,-3988.21,ok
ITA0304,Salvador-Pituba-apartamento-TOP-1Q,Carteira 5,BA,"Salvador, BA","Salvador, BA, Pituba",0,150,4524.44,73,3388.52,2025-11,0.8333,0.6793,25,30,200.72,,0,0,2025-11-24,1.34,0.0,-1135.9199999999996,ok
MAL0105,Florianopolis-Santo_Antonio_de_Lisboa-apartamento-SUP-1Q,Carteira 1,SC,"Florianópolis, SC","Florianópolis, SC, Santo Antonio de Lisboa",3,108,2757.94,15,3153.33,2025-11,0.4444,0.6431,12,30,269.42,234.0,6,0,2025-11-24,0.87,808.26,395.3899999999999,berlinda
MBR0108,Maceio-Jatiuca-apartamento-JR-2Q,Carteira 2,AL,"Maceió, AL","Maceió, AL, Ponta Verde",0,26,3810.83,34,3059.04,2025-11,0.9333,0.5904,28,30,180.82,,0,0,2025-11-24,1.25,0.0,-751.79,ok
MCB0706,Balneario_Picarras-Geral-apartamento-SUP-2Q,Carteira 6,SC,"Balneário Piçarras, SC","Balneário Piçarras, SC, Itacolomi",9,382,1533.3,85,1751.85,2025-11,0.619,0.3621,13,30,140.15,115.0,1,0,2025-11-24,0.88,1261.3500000000001,218.54999999999995,berlinda
MDC202,Gramado-Geral-apartamento-JR-2Q,Carteira 4,RS,"Gramado, RS","Gramado, RS, Floresta",2,865,5459.06,52,4002.49,2025-11,0.7143,0.5359,20,30,356.4,206.0,2,0,2025-11-24,1.36,712.8,-1456.5700000000006,ok
NWT0309,Especial-NWT-apartamento-TOP-1Q,Carteira 5,AL,"Maceió, AL","Maceió, AL, Pajuçara",0,347,5861.33,43,5085.72,2025-11,0.7333,0.6637,22,30,324.73,280.0,3,0,2025-11-24,1.15,0.0,-775.6099999999997,ok
NWT0614,Especial-NWT-apartamento-TOP-1Q,Carteira 5,AL,"Maceió, AL","Maceió, AL, Pajuçara",0,211,7086.27,43,5085.72,2025-11,0.9,0.6637,27,30,350.3,250.0,1,0,2025-11-24,1.39,0.0,-2000.5500000000002,ok
NWT1009,Especial-NWT-apartamento-TOP-1Q,Carteira 5,AL,"Maceió, AL","Maceió, AL, Pajuçara",0,199,8044.82,43,5085.72,2025-11,0.9,0.6637,27,30,401.63,,0,0,2025-11-24,1.58,0.0,-2959.0999999999995,ok
NWT1502,Especial-NWT-apartamento-TOP-1Q,Carteira 5,AL,"Maceió, AL","Maceió, AL, Pajuçara",1,185,7498.05,43,5085.72,2025-11,0.7931,0.6637,23,30,400.04,301.0,2,0,2025-11-24,1.47,400.04,-2412.33,ok
PSOA0407,Penha-Beto_Carrero-apartamento-SUP-1Q,Carteira 3,SC,"Penha, SC","Penha, SC, Praia de Armação do Itapocoroi",0,114,3695.66,18,2190.5,2025-11,0.6,0.486,18,30,208.5,142.0,2,0,2025-11-24,1.69,0.0,-1505.1599999999999,ok
RIB0201,Imbituba-Ibiraquera-apartamento-JR-2Q,Carteira 6,SC,"Imbituba, SC","Imbituba, SC, Vila Esperanca",27,102,491.52,14,1158.55,2025-11,1.0,0.3516,3,30,208.33,324.0,4,27,2025-11-24,0.42,5624.910000000001,667.03,crítico
SJS0002,Florianopolis-Ingleses_Centro-apartamento-JR-1Q,Carteira 1,SC,"Florianópolis, SC","Florianópolis, SC, Ingleses do Rio Vermelho",0,373,1858.05,18,2729.84,2025-11,0.5333,0.5952,16,30,149.31,103.67,3,0,2025-11-24,0.68,0.0,871.7900000000002,atenção
SPT0505,Blumenau-Central-apartamento-JR-1Q,Carteira 4,SC,"Blumenau, SC","Blumenau, SC, Itoupava Seca",0,522,559.06,42,910.58,2025-11,0.2,0.3663,6,30,100.83,100.0,6,26,2025-11-24,0.61,0.0,351.5200000000001,atenção
ACT029,Brasilia-Vila_Planalto-casa-SUP-3Q,Carteira 1_sys-price,DF,"Brasília, DF","Brasília, DF, Vila Planalto",12,488,8182.16,7,7138.79,2025-11,0.8889,0.5879,16,30,695.5,,0,0,2025-11-24,1.15,8346.0,-1043.37,ok
BCA0211,Salvador-Ondina_Rio_Vermelho-apartamento-TOP-1Q,Carteira 2,BA,"Salvador, BA","Salvador, BA, Ondina",0,170,5550.24,35,4613.2,2025-11,0.9,0.7196,27,30,261.81,230.0,1,0,2025-11-24,1.2,0.0,-937.04,ok
BSO0102,Itajai-Praia_Brava-apartamento-SUP-1Q,Carteira 6,SC,"Balneário Camboriú, SC","Balneário Camboriú, SC, Praia dos Amores",0,198,3896.52,12,2794.44,2025-11,0.9,0.5466,27,30,179.93,146.5,2,0,2025-11-24,1.39,0.0,-1102.08,ok
CEO0104,Itapema-Meia_Praia-Norte-apartamento-JR-3Q,Carteira 6,SC,"Itapema, SC","Itapema, SC, Meia Praia",2,562,5669.2,28,1912.44,2025-11,0.9286,0.3958,26,30,321.12,159.0,1,0,2025-11-24,2.96,642.24,-3756.7599999999998,meta_subestimada
CRJ0208,Aguas_Claras-Geral-apartamento-JR-1Q,Carteira 1_sys-price,DF,"Brasília, DF","Brasília, DF, QS 9",1,1,1151.56,100,2763.17,2025-11,0.3448,0.7487,10,30,150.4,171.67,3,0,2025-11-24,0.42,150.4,1611.6100000000001,crítico
CSCD0013,Florianopolis-Ingleses_Norte-apartamento-SIM-1Q,Carteira 1,SC,"Florianópolis, SC","Florianópolis, SC, Ingleses do Rio Vermelho",1,1348,1974.44,31,1664.26,2025-11,0.4828,0.4585,14,30,167.64,143.0,1,0,2025-11-24,1.19,167.64,-310.18000000000006,ok
DLH0201,Gramado-Centro-apartamento-TOP-2Q,Carteira 4,RS,"Gramado, RS","Gramado, RS, Centro",1,396,12535.9,55,11231.9,2025-11,0.8621,0.7261,25,30,646.72,,0,0,2025-11-24,1.12,646.72,-1304.0,ok
EEP1102,Guarapari-Centro-apartamento-SUP-1Q,Carteira 4,ES,"Guarapari, ES","Guarapari, ES, São Judas Tadeu",0,113,3232.98,33,2316.33,2025-11,0.8,0.5365,24,30,159.75,110.0,2,0,2025-11-24,1.4,0.0,-916.6500000000001,ok
GUA1902,Balneario_Camboriu-Centro-apartamento-TOP-3Q,Carteira 6,SC,"Balneário Camboriú, SC","Balneário Camboriú, SC, Centro",13,54,4137.11,53,6326.12,2025-11,0.6471,0.5568,11,30,464.64,750.0,5,5,2025-11-24,0.65,6040.32,2189.01,atenção
LEC0107,Brasilia-Asa_Sul-apartamento-SUP-1Q,Carteira 1_sys-price,DF,"Brasília, DF","Brasília, DF, Setor Sudoeste",23,142,803.0,142,4188.45,2025-11,0.7143,0.8532,5,30,177.4,,0,0,2025-11-24,0.19,4080.2000000000003,3385.45,crítico
LFH0306,Blumenau-Central-apartamento-JR-1Q,Carteira 4,SC,"Blumenau, SC","Blumenau, SC, Escola Agrícola",2,68,1596.41,42,910.58,2025-11,0.6786,0.3663,19,30,101.89,,0,0,2025-11-24,1.75,203.78,-685.83,ok
NLUG0001,São_Miguel_dos_Milagres-Geral-casa-TOP-3Q,Carteira 2,AL,"Passo de Camaragibe, AL","Passo de Camaragibe, AL, Praia do Marceneiro",3,274,6756.99,24,7279.08,2025-11,0.4074,0.5345,11,30,692.27,3200.0,6,19,2025-11-24,0.93,2076.81,522.0900000000001,berlinda
NWT0913,Especial-NWT-apartamento-TOP-1Q,Carteira 5,AL,"Maceió, AL","Maceió, AL, Pajuçara",1,214,5253.22,43,5085.72,2025-11,0.7241,0.6637,21,30,332.67,258.67,3,0,2025-11-24,1.03,332.67,-167.5,berlinda
NWT0917,Especial-NWT-apartamento-TOP-1Q,Carteira 5,AL,"Maceió, AL","Maceió, AL, Pajuçara",1,221,5973.45,43,5085.72,2025-11,0.8621,0.6637,25,30,274.8,250.0,2,0,2025-11-24,1.17,274.8,-887.7299999999996,ok
PNM0202,Florianopolis-Jurere_Internacional-apartamento-SUP-1Q,Carteira 1,SC,"Florianópolis, SC","Florianópolis, SC, Jurerê Internacional",0,282,6241.72,17,5286.69,2025-11,0.8,0.55,24,30,322.0,276.0,3,0,2025-11-24,1.18,0.0,-955.0300000000007,ok
RMI201,Florianopolis-Ingleses_Praia-apartamento-SUP-1Q,Carteira 1,SC,"Florianópolis, SC","Florianópolis, SC, Ingleses Norte",1,1178,4902.69,40,3764.53,2025-11,0.7586,0.55,22,30,245.41,198.0,2,0,2025-11-24,1.3,245.41,-1138.1599999999994,ok
SJE0103,Florianopolis-Canajure-apartamento-SUP-1Q,Carteira 1,SC,"Florianópolis, SC","Florianópolis, SC, Canasvieiras",0,375,3089.18,40,3007.08,2025-11,0.6,0.5239,18,30,200.17,234.0,2,0,2025-11-24,1.03,0.0,-82.09999999999991,berlinda
SPT0301,Blumenau-Central-apartamento-JR-1Q,Carteira 4,SC,"Blumenau, SC","Blumenau, SC, Itoupava Seca",0,534,330.84,42,910.58,2025-11,0.1333,0.3663,4,30,100.0,100.0,6,27,2025-11-24,0.36,0.0,579.74,crítico
TAH0602,Itapema-Meia_Praia-Norte-apartamento-JR-3Q,Carteira 6,SC,"Itapema, SC","Itapema, SC, Meia Praia",6,163,3931.21,28,1912.44,2025-11,0.875,0.3958,21,30,212.24,187.0,1,0,2025-11-24,2.06,1273.44,-2018.77,meta_subestimada
VTL0302,Ilheus-Sul-apartamento-SUP-2Q,Carteira 2,BA,"Ilhéus, BA","Ilhéus, BA, Nossa Senhora da Vitória",0,330,2100.91,39,2676.44,2025-11,0.5667,0.3785,17,30,151.12,156.67,3,0,2025-11-24,0.78,0.0,575.5300000000002,atenção
ACG302,Florianopolis-Canasvieiras_Perto-apartamento-JR-1Q,Carteira 1,SC,"Florianópolis, SC","Florianópolis, SC, Canasvieiras",0,612,2280.38,59,1537.73,2025-11,0.5,0.4046,15,30,186.07,151.5,6,0,2025-11-24,1.48,0.0,-742.6500000000001,ok
ADE0003,Salvador-Barra-apartamento-JR-1Q,Carteira 2,BA,"Salvador, BA","Salvador, BA, Chame-Chame",1,144,1955.28,121,3106.13,2025-11,0.5862,0.7082,17,30,168.65,123.33,6,0,2025-11-24,0.63,168.65,1150.8500000000001,atenção
APC0207,Florianopolis-Itacorubi-apartamento-TOP-1Q,Carteira 4,SC,"Florianópolis, SC","Florianópolis, SC, Itacorubi",7,219,2287.36,26,2725.59,2025-11,0.3478,0.5829,8,30,345.0,333.0,3,26,2025-11-24,0.84,2415.0,438.23,berlinda
CCA201,Florianopolis-Canajure-apartamento-SUP-3Q,Carteira 1,SC,"Florianópolis, SC","Florianópolis, SC, Canasvieiras",6,1988,6136.76,15,5836.53,2025-11,0.7917,0.6578,19,30,533.58,278.0,2,0,2025-11-24,1.05,3201.4800000000005,-300.2300000000005,berlinda
CCB103,Florianopolis-Jurere_Internacional-apartamento-SUP-3Q,Carteira 1,SC,"Florianópolis, SC","Florianópolis, SC, Jurerê Internacional",0,1451,5888.78,25,9435.21,2025-11,0.5667,0.6749,17,30,433.94,405.0,4,0,2025-11-24,0.62,0.0,3546.4299999999994,atenção
ETPA1103,Porto_Belo-Geral-apartamento-SUP-2Q,Carteira 6,SC,"Porto Belo, SC","Porto Belo, SC, centro",1,246,2589.12,36,1884.19,2025-11,0.6207,0.3871,18,30,145.71,,0,0,2025-11-24,1.37,145.71,-704.9299999999998,ok
GBA1104,Sao_Paulo-Campo_Belo-apartamento-SUP-1Q,Carteira 4_sys-price,SP,"São Paulo, SP","São Paulo, SP, Campo Belo",0,173,3203.55,65,3686.45,2025-11,0.7333,0.8045,22,30,190.68,,0,0,2025-11-24,0.87,0.0,482.89999999999964,berlinda
HMA0305,Sao_Paulo-Mariana-apartamento-SUP-1Q,Carteira 4,SP,"São Paulo, SP","São Paulo, SP, Centro",3,436,3076.0,181,3634.6,2025-11,0.7407,0.6538,20,30,199.65,138.75,4,0,2025-11-24,0.85,598.95,558.5999999999999,berlinda
ILC3401,Especial-ILC-hotel-TOP-1Q,Especial,SC,"Florianópolis, SC","Florianópolis, SC, Jurerê Internacional",3,1346,9206.88,30,11771.46,2025-11,0.7037,0.7857,19,30,598.42,,0,0,2025-11-24,0.78,1795.2599999999998,2564.58,atenção
ILC3503,Especial-ILC-hotel-TOP-1Q,Especial,SC,"Florianópolis, SC","Florianópolis, SC, Jurerê Internacional",2,808,9991.05,30,11771.46,2025-11,0.5714,0.7857,16,30,822.75,577.5,4,0,2025-11-24,0.85,1645.5,1780.4099999999999,berlinda
MUT0047,Santa_Cruz_Cabralia-Coroa_Vermelha-apartamento-TOP-2Q,Carteira 2,BA,"Santa Cruz Cabrália, BA","Santa Cruz Cabrália, BA, Coroa Vermelha",0,249,4850.86,22,2841.89,2025-11,0.7333,0.3178,22,30,306.36,277.0,3,0,2025-11-24,1.71,0.0,-2008.9699999999998,ok
NWT0611,Especial-NWT-apartamento-TOP-1Q,Carteira 5,AL,"Maceió, AL","Maceió, AL, Pajuçara",0,215,6259.65,43,5085.72,2025-11,0.8333,0.6637,25,30,312.73,250.0,3,0,2025-11-24,1.23,0.0,-1173.9299999999994,ok
NXO0404,Sao_Paulo-Bela_Vista-apartamento-SUP-1Q,Carteira 4_sys-price,SP,"São Paulo, SP","São Paulo, SP, Consolação",0,229,4046.38,605,4142.47,2025-11,0.8667,0.7186,26,30,193.19,,0,0,2025-11-24,0.98,0.0,96.09000000000015,berlinda
OKA110,Florianopolis-Campeche-apartamento-SUP-1Q,Carteira 1,SC,"Florianópolis, SC","Florianópolis, SC, Campeche",0,1053,3804.46,28,3106.87,2025-11,0.7333,0.6807,22,30,231.82,221.0,3,0,2025-11-24,1.22,0.0,-697.5900000000001,ok
PDM0208,Sao_Paulo-Madalena-apartamento-TOP-1Q,Carteira 4,SP,"São Paulo, SP","São Paulo, SP, Vila Madalena",1,137,5331.93,28,5524.04,2025-11,0.931,0.6658,27,30,240.33,192.0,1,0,2025-11-24,0.97,240.33,192.10999999999967,berlinda
PRN0001,Imbituba-Praia_do_Rosa-apartamento-SIM-1Q,Carteira 6,SC,"Imbituba, SC","Imbituba, SC, Ibiraquera",1,176,1914.22,11,1109.51,2025-11,0.6552,0.4036,19,30,123.68,100.0,2,0,2025-11-24,1.73,123.68,-804.71,ok
PSO0709,Penha-Beto_Carrero-apartamento-SUP-1Q,Carteira 3,SC,"Penha, SC","Penha, SC, Praia de Armação do Itapocoroi",0,120,4837.37,18,2190.5,2025-11,0.9333,0.486,28,30,219.61,150.0,2,0,2025-11-24,2.21,0.0,-2646.87,meta_subestimada
RFMB0011,Santa_Cruz_Cabralia-Coroa_Vermelha-apartamento-JR-2Q,Carteira 2,BA,"Porto Seguro, BA","Santa Cruz Cabrália, BA, Coroa Vermelha",0,325,2838.95,14,1347.61,2025-11,0.6667,0.3562,20,30,166.05,158.0,1,0,2025-11-24,2.11,0.0,-1491.34,meta_subestimada
RSC0102,Florianopolis-Cachoeira_Bom_Jesus-apartamento-TOP-1Q,Carteira 1,SC,"Florianópolis, SC","Florianópolis, SC, Cachoeira do Bom Jesus",0,365,2294.43,28,3723.28,2025-11,0.5,0.5008,15,30,189.07,189.0,6,0,2025-11-24,0.62,0.0,1428.8500000000004,atenção
TCR0113,Aguas_Claras-Geral-apartamento-JR-1Q,Carteira 1_sys-price,DF,"Brasília, DF","Brasília, DF, Taguatinga Sul",0,444,2610.52,100,2763.17,2025-11,0.7,0.7487,21,30,149.52,173.0,2,0,2025-11-24,0.94,0.0,152.6500000000001,berlinda
TPS0206,Florianopolis-Canasvieiras_Meio-apartamento-TOP-1Q,Carteira 1,SC,"Florianópolis, SC","Florianópolis, SC, Canasvieiras",0,323,1692.74,26,4125.61,2025-11,0.2333,0.558,7,30,311.71,274.0,3,24,2025-11-24,0.41,0.0,2432.87,crítico
VLE008,Bombinhas-Mariscal-apartamento-JR-1Q,Carteira 6,SC,"Bombinhas, SC","Bombinhas, SC, mariscal",0,1313,1694.15,19,1852.09,2025-11,0.2667,0.4008,8,30,224.0,198.0,6,25,2025-11-24,0.91,0.0,157.93999999999983,berlinda
VTD0126,Florianopolis-UFSC-apartamento-SUP-1Q,Carteira 4,SC,"Florianópolis, SC","Florianópolis, SC, Trindade",2,23,3872.03,45,3461.85,2025-11,0.8929,0.6721,25,30,216.68,126.0,1,0,2025-11-24,1.12,433.36,-410.1800000000003,ok
VTD0310,Florianopolis-UFSC-apartamento-SUP-1Q,Carteira 4,SC,"Florianópolis, SC","Florianópolis, SC, Trindade",10,74,2657.25,45,3461.85,2025-11,0.85,0.6721,17,30,200.71,,0,0,2025-11-24,0.77,2007.1000000000001,804.5999999999999,atenção
BSO0106,Itajai-Praia_Brava-apartamento-SUP-1Q,Carteira 6,SC,"Balneário Camboriú, SC","Balneário Camboriú, SC, Praia dos Amores",4,198,3993.82,12,2794.44,2025-11,0.9615,0.5466,25,30,187.16,,0,0,2025-11-24,1.43,748.64,-1199.38,ok
BSO0207,Itajai-Praia_Brava-apartamento-SUP-1Q,Carteira 6,SC,"Balneário Camboriú, SC","Balneário Camboriú, SC, Praia dos Amores",0,192,3454.66,12,2794.44,2025-11,0.7667,0.5466,23,30,178.17,138.25,4,0,2025-11-24,1.24,0.0,-660.2199999999998,ok
CGR209,Gramado-Geral-apartamento-JR-1Q,Carteira 4,RS,"Gramado, RS","Gramado, RS, Vila Suiça",0,893,3504.28,112,4616.87,2025-11,0.6333,0.6743,19,30,233.11,109.0,1,0,2025-11-24,0.76,0.0,1112.5899999999997,atenção
EAR0411,Florianopolis-Ingleses_Norte-apartamento-TOP-3Q,Carteira 1,SC,"Florianópolis, SC","Florianópolis, SC, Ingleses do Rio Vermelho",8,318,6314.6,15,5208.35,2025-11,0.7273,0.4932,16,30,454.56,306.0,1,0,2025-11-24,1.21,3636.48,-1106.25,ok
ELR0507,Maceio-Ponta_Verde-apartamento-SUP-1Q,Carteira 2,AL,"Maceió, AL","Maceió, AL, Ponta Verde",0,38,3117.69,212,4400.2,2025-11,0.6667,0.7724,20,30,194.3,131.0,1,0,2025-11-24,0.71,0.0,1282.5099999999998,atenção
ENU011,Ubatuba-Praia_Grande-apartamento-JR-2Q,Carteira 4,SP,"Ubatuba, SP","Ubatuba, SP, Praia Grande",6,568,4514.15,204,3889.46,2025-11,0.75,0.5221,18,30,296.94,232.0,1,0,2025-11-24,1.16,1781.6399999999999,-624.6899999999996,ok
FFS0603,Itapema-Meia_Praia-Sul-apartamento-TOP-1Q,Carteira 6,SC,"Itapema, SC","Itapema, SC, Meia Praia",0,10,3341.06,29,2569.38,2025-11,0.8,0.4078,24,30,206.17,,0,0,2025-11-24,1.3,0.0,-771.6799999999998,ok
HPN707,Porto_Alegre-Cidade_Baixa-apartamento-JR-1Q,Carteira 4,RS,"Porto Alegre, RS","Porto Alegre, RS, Farroupilha",0,431,496.6,45,2046.26,2025-11,0.1667,0.7061,5,30,120.8,115.0,4,0,2025-11-24,0.24,0.0,1549.6599999999999,crítico
NWT0816,Especial-NWT-apartamento-TOP-1Q,Carteira 5,AL,"Maceió, AL","Maceió, AL, Pajuçara",0,186,4009.88,43,5085.72,2025-11,0.5667,0.6637,17,30,298.24,301.0,2,0,2025-11-24,0.79,0.0,1075.8400000000001,atenção
RGF0711,Salvador-Flamengo-apartamento-TOP-1Q,Carteira 2,BA,"Salvador, BA","Salvador, BA, Itapuã",0,93,3742.95,32,3308.7,2025-11,0.8333,0.6487,25,30,188.28,150.0,1,0,2025-11-24,1.13,0.0,-434.25,ok
RPF0605,Porto_Alegre-Menino_Deus-apartamento-SUP-1Q,Carteira 4,RS,"Porto Alegre, RS","Porto Alegre, RS, Azenha",0,221,3411.96,17,2086.16,2025-11,0.8,0.413,24,30,178.33,,0,0,2025-11-24,1.64,0.0,-1325.8000000000002,ok
RVG208,Florianopolis-Ingleses_Norte-apartamento-SUP-2Q,Carteira 1,SC,"Florianópolis, SC","Florianópolis, SC, Ingleses do Rio Vermelho",0,1801,4391.93,86,2552.46,2025-11,0.6667,0.3604,20,30,300.8,217.0,3,0,2025-11-24,1.72,0.0,-1839.4700000000003,ok
SCO0008,Florianopolis-Campeche-apartamento-JR-2Q,Carteira 1,SC,"Florianópolis, SC","Florianópolis, SC, Campeche",0,172,3039.39,35,3311.0,2025-11,0.6333,0.6799,19,30,207.89,180.0,3,0,2025-11-24,0.92,0.0,271.6100000000001,berlinda
CAC106,Florianopolis-Ingleses_Praia-apartamento-JR-2Q,Carteira 1,SC,"Florianópolis, SC","Florianópolis, SC, Ingleses do Rio Vermelho",29,926,0.0,34,3058.3,2025-11,0.0,0.4378,0,30,0.0,230.0,1,0,2025-11-24,0.0,0.0,3058.3,crítico
CSI1906,Balneario_Picarras-Geral-apartamento-SUP-2Q,Carteira 6,SC,"Balneário Piçarras, SC","Balneário Piçarras, SC, Centro",7,15,2232.21,85,1751.85,2025-11,0.8696,0.3621,20,30,151.8,,0,0,2025-11-24,1.27,1062.6000000000001,-480.3600000000001,ok
EEP0802,Guarapari-Centro-apartamento-SUP-1Q,Carteira 4,ES,"Guarapari, ES","Guarapari, ES, São Judas Tadeu",0,114,2848.93,33,2316.33,2025-11,0.7667,0.5365,23,30,142.78,,0,0,2025-11-24,1.23,0.0,-532.5999999999999,ok
EPK0802,Guara-Geral-apartamento-TOP-2Q,Especial,DF,"Brasília, DF","Brasília, DF, SOF",0,316,7381.7,8,3621.95,2025-11,0.9667,0.6615,29,30,330.28,250.0,1,0,2025-11-24,2.04,0.0,-3759.75,meta_subestimada
EUB0902,Salvador-Barra-apartamento-SUP-1Q,Carteira 2,BA,"Salvador, BA","Salvador, BA, Barra",0,326,3328.13,212,4248.24,2025-11,0.7333,0.7112,22,30,189.59,138.0,3,0,2025-11-24,0.78,0.0,920.1099999999997,atenção
HBW2317,Sao_Paulo-Pinheiros-apartamento-TOP-1Q,Carteira 4_sys-price,SP,"São Paulo, SP","São Paulo, SP, Pinheiros",0,54,7414.71,280,5571.86,2025-11,1.0,0.7295,30,30,309.8,,0,0,2025-11-24,1.33,0.0,-1842.8500000000004,ok
IBL103,Porto_Belo-Geral-apartamento-JR-2Q,Carteira 6,SC,"Porto Belo, SC","Porto Belo, SC, Perequê",1,778,2894.98,19,2238.48,2025-11,0.8621,0.5187,25,30,144.36,,0,0,2025-11-24,1.29,144.36,-656.5,ok
JBV108,Especial-JBV-hotel-TOP-1Q,Especial,SC,"Florianópolis, SC","Florianópolis, SC, Jurerê",1,1704,10335.7,34,11467.8,2025-11,0.7586,0.7407,22,30,592.26,,0,0,2025-11-24,0.9,592.26,1132.0999999999985,berlinda
JBV328,Especial-JBV-hotel-TOP-1Q,Especial,SC,"Florianópolis, SC","Florianópolis, SC, Jurerê Internacional",0,1200,13784.53,34,11467.8,2025-11,0.8333,0.7407,25,30,705.96,451.0,2,0,2025-11-24,1.2,0.0,-2316.7300000000014,ok
MHF1705,Itapema-Canto_Praia-apartamento-TOP-1Q,Carteira 5,SC,"Itapema, SC","Itapema, SC, Centro",0,500,4323.86,19,3496.4,2025-11,0.8,0.5702,24,30,214.42,253.5,2,0,2025-11-24,1.24,0.0,-827.4599999999996,ok
MRN302,Balneario_Camboriu-Intermediario-apartamento-JR-2Q,Carteira 6,SC,"Balneário Camboriú, SC","Balneário Camboriú, SC, Centro",0,554,1432.64,54,2325.59,2025-11,0.2667,0.4655,8,30,223.5,202.33,6,22,2025-11-24,0.62,0.0,892.95,atenção
NWT0915,Especial-NWT-apartamento-TOP-1Q,Carteira 5,AL,"Maceió, AL","Maceió, AL, Pajuçara",2,221,5484.67,43,5085.72,2025-11,0.7857,0.6637,22,30,296.68,250.0,1,0,2025-11-24,1.08,593.36,-398.9499999999998,berlinda
NWT1404,Especial-NWT-apartamento-TOP-1Q,Carteira 5,AL,"Maceió, AL","Maceió, AL, Pajuçara",0,257,7420.59,43,5085.72,2025-11,0.9,0.6637,27,30,323.85,322.0,1,0,2025-11-24,1.46,0.0,-2334.87,ok
POR204,Florianopolis-Ingleses_Norte-apartamento-TOP-3Q,Carteira 1,SC,"Florianópolis, SC","Florianópolis, SC, Ingleses do Rio Vermelho",7,1831,4221.94,15,5208.35,2025-11,0.3913,0.4932,9,30,553.0,378.83,6,0,2025-11-24,0.81,3871.0,986.4100000000008,berlinda
PPB1206,Goiania-Central-apartamento-SUP-2Q,Carteira 1_sys-price,GO,"Goiânia, GO","Goiânia, GO, Setor Bueno",0,757,5653.66,57,3485.85,2025-11,0.9333,0.5275,28,30,236.39,,0,12,2025-11-24,1.62,0.0,-2167.81,ok
PSO0604,Penha-Beto_Carrero-apartamento-SUP-1Q,Carteira 3,SC,"Penha, SC","Penha, SC, Praia de Armação do Itapocoroi",0,101,5225.69,18,2190.5,2025-11,0.9333,0.486,28,30,236.57,,0,0,2025-11-24,2.39,0.0,-3035.1899999999996,meta_subestimada
PSOB1103,Penha-Beto_Carrero-apartamento-SUP-1Q,Carteira 3,SC,"Penha, SC","Penha, SC, Praia de Armação do Itapocoroi",0,99,3024.83,18,2190.5,2025-11,0.5667,0.486,17,30,196.88,123.5,2,0,2025-11-24,1.38,0.0,-834.3299999999999,ok
RVN2003,Itapema-Praia_Centro-apartamento-SUP-2Q,Carteira 6,SC,"Itapema, SC","Itapema, SC, Tabuleiro dos Oliveiras",2,331,3584.16,21,2987.88,2025-11,1.0,0.4559,28,30,160.43,,0,0,2025-11-24,1.2,320.86,-596.2799999999997,ok
SCO0016,Florianopolis-Campeche-apartamento-JR-2Q,Carteira 1,SC,"Florianópolis, SC","Florianópolis, SC, Campeche",0,207,3169.57,35,3311.0,2025-11,0.7,0.6799,21,30,202.67,180.0,3,0,2025-11-24,0.96,0.0,141.42999999999984,berlinda
SMA0916,Salvador-Pituba_Praia-apartamento-SUP-1Q,Carteira 5,BA,"Salvador, BA","Salvador, BA, Amaralina",0,66,3570.3,17,2408.79,2025-11,0.8333,0.6483,25,30,167.4,180.0,1,0,2025-11-24,1.48,0.0,-1161.5100000000002,ok
CAY0123,Bombinhas-Bombas-apartamento-JR-3Q,Carteira 6,SC,"Bombinhas, SC","Bombinhas, SC, Bombas",4,492,4026.01,24,2100.92,2025-11,0.9615,0.3046,25,30,172.24,,0,0,2025-11-24,1.92,688.96,-1925.0900000000001,ok
COI0408,Sao_Paulo-Moema-apartamento-SUP-1Q,Carteira 4_sys-price,SP,"São Paulo, SP","São Paulo, SP, Indianópolis",1,45,3736.61,611,4212.23,2025-11,0.7241,0.6801,21,30,224.76,151.0,1,0,2025-11-24,0.89,224.76,475.61999999999944,berlinda
CPI0208,Pocos_de_Caldas-Geral-apartamento-JR-1Q,Carteira 4,MG,"Poços de Caldas, MG","Poços de Caldas, MG, Centro",0,347,1864.56,26,1488.59,2025-11,0.5333,0.3781,16,30,147.19,,0,0,2025-11-24,1.25,0.0,-375.97,ok
CSCG0110,Florianopolis-Ingleses_Norte-apartamento-JR-1Q,Carteira 1,SC,"Florianópolis, SC","Florianópolis, SC, Ingleses do Rio Vermelho",0,515,4380.24,60,2205.66,2025-11,0.8333,0.4962,25,30,246.48,,0,0,2025-11-24,1.99,0.0,-2174.58,ok
CTD0301,Penha-Longe-apartamento-JR-2Q,Carteira 6,SC,"Penha, SC","Penha, SC, Centro",0,191,3125.21,25,2369.86,2025-11,0.9333,0.5,28,30,156.86,144.0,2,0,2025-11-24,1.32,0.0,-755.3499999999999,ok
ECP055,Balneario_Camboriu-Centro-apartamento-JR-1Q,Carteira 6,SC,"Balneário Camboriú, SC","Balneário Camboriú, SC, Centro",0,920,4269.95,37,1985.43,2025-11,0.9,0.5369,27,30,204.67,,0,0,2025-11-24,2.15,0.0,-2284.5199999999995,meta_subestimada
EDF0207,Salvador-Ondina_Rio_Vermelho-apartamento-TOP-1Q,Carteira 2,BA,"Salvador, BA","Salvador, BA, Rio Vermelho",2,25,2868.2,35,4613.2,2025-11,0.6786,0.7196,19,30,189.21,199.25,4,0,2025-11-24,0.62,378.42,1745.0,atenção
EDF1707,Salvador-Ondina_Rio_Vermelho-apartamento-SUP-1Q,Carteira 2,BA,"Salvador, BA","Salvador, BA, Rio Vermelho",0,94,3399.08,86,3539.22,2025-11,0.7667,0.693,23,30,183.96,154.5,2,0,2025-11-24,0.96,0.0,140.13999999999987,berlinda
ELF0310,Bombinhas-Bombas-apartamento-SUP-1Q,Especial,SC,"Bombinhas, SC","Bombinhas, SC, José Amândio",0,51,4460.97,45,3072.04,2025-11,0.9,0.4924,27,30,200.96,179.0,1,2,2025-11-24,1.45,0.0,-1388.9300000000003,ok
GSH2101,Camaçari-Monte_Gordo-apartamento-JR-3Q,Carteira 2,BA,"Camaçari, BA","Camaçari, BA, Centro",8,79,5093.49,30,3309.05,2025-11,0.6818,0.3484,15,30,423.13,306.0,3,0,2025-11-24,1.54,3385.04,-1784.4399999999996,ok
ILC4415,Especial-ILC-hotel-TOP-1Q,Especial,SC,"Florianópolis, SC","Florianópolis, SC, Jurerê Internacional",0,1800,10517.66,30,11771.46,2025-11,0.6,0.7857,18,30,821.56,560.33,3,0,2025-11-24,0.89,0.0,1253.7999999999993,berlinda
JBV232,Especial-JBV-hotel-TOP-1Q,Especial,SC,"Florianópolis, SC","Florianópolis, SC, Jurerê",0,1093,9719.1,34,11467.8,2025-11,0.6667,0.7407,20,30,644.85,387.5,2,0,2025-11-24,0.85,0.0,1748.699999999999,berlinda
JBV464,Especial-JBV-hotel-JR-1Q,Especial,SC,"Florianópolis, SC","Florianópolis, SC, Jurerê",0,793,10913.06,27,10333.97,2025-11,0.8667,0.693,26,30,533.5,,0,0,2025-11-24,1.06,0.0,-579.0900000000001,berlinda
NON0609,Sao_Paulo-Moema-apartamento-SUP-1Q,Carteira 4_sys-price,SP,"São Paulo, SP","São Paulo, SP, Moema",0,172,3206.6,611,4212.23,2025-11,0.6,0.6801,18,30,217.61,171.5,2,0,2025-11-24,0.76,0.0,1005.6299999999997,atenção
NWT0817,Especial-NWT-apartamento-TOP-1Q,Carteira 5,AL,"Maceió, AL","Maceió, AL, Pajuçara",0,186,4623.4,43,5085.72,2025-11,0.6333,0.6637,19,30,294.53,296.8,5,0,2025-11-24,0.91,0.0,462.3200000000006,berlinda
OKA139,Florianopolis-Campeche-apartamento-SUP-1Q,Carteira 1,SC,"Florianópolis, SC","Florianópolis, SC, Campeche",0,779,2932.36,28,3106.87,2025-11,0.5333,0.6807,16,30,228.06,231.17,6,0,2025-11-24,0.94,0.0,174.50999999999976,berlinda
PSO0505,Penha-Beto_Carrero-apartamento-SUP-1Q,Carteira 3,SC,"Penha, SC","Penha, SC, Praia de Armação do Itapocoroi",0,94,5521.51,18,2190.5,2025-11,0.9,0.486,27,30,301.22,187.0,1,0,2025-11-24,2.52,0.0,-3331.01,meta_subestimada
RFM0027,Santa_Cruz_Cabralia-Coroa_Vermelha-apartamento-SUP-2Q,Carteira 2,BA,"Santa Cruz Cabrália, BA","Santa Cruz Cabrália, BA, Coroa Vermelha",11,366,754.68,51,3298.0,2025-11,0.2105,0.5248,4,30,156.5,150.0,1,0,2025-11-24,0.23,1721.5,2543.32,crítico
RVM0203,Florianopolis-Novo_Campeche-apartamento-TOP-1Q,Carteira 1,SC,"Florianópolis, SC","Florianópolis, SC, Campeche",0,157,6860.51,52,5653.12,2025-11,0.8667,0.7115,26,30,327.92,378.0,2,0,2025-11-24,1.21,0.0,-1207.3900000000003,ok
SHT1701,Aguas_Claras-Geral-apartamento-JR-1Q,Carteira 1_sys-price,DF,"Brasília, DF","Brasília, DF, Águas Claras",0,344,2901.79,100,2763.17,2025-11,0.6,0.7487,18,30,171.0,154.6,5,0,2025-11-24,1.05,0.0,-138.6199999999999,berlinda
SPJ0105,Especial-SPJ-apartamento-TOP-1Q,Carteira 5,SC,"Florianópolis, SC","Florianópolis, SC, Jurerê",0,516,7464.53,16,6452.9,2025-11,0.9667,0.7069,29,30,310.28,,0,0,2025-11-24,1.16,0.0,-1011.6300000000001,ok
SPJ0303,Especial-SPJ-apartamento-TOP-1Q,Carteira 5,SC,"Florianópolis, SC","Florianópolis, SC, Jurerê",1,398,7204.8,16,6452.9,2025-11,0.931,0.7069,27,30,316.22,192.0,1,0,2025-11-24,1.12,316.22,-751.9000000000005,ok
TRS0001,Penha-Beto_Carrero-casa-SUP-1Q,Carteira 3,SC,"Penha, SC","Penha, SC, Armação",0,164,3100.37,25,2335.8,2025-11,0.7333,0.6365,22,30,165.68,131.0,1,0,2025-11-24,1.33,0.0,-764.5699999999997,ok
YHD0103,Florianopolis-UFSC-apartamento-TOP-1Q,Carteira 4,SC,"Florianópolis, SC","Florianópolis, SC, Carvoeira",9,36,1535.68,17,3684.75,2025-11,0.4762,0.6764,10,30,195.4,194.0,6,0,2025-11-24,0.42,1758.6000000000001,2149.0699999999997,crítico
ADC0205,Florianopolis-Cachoeira_Bom_Jesus-apartamento-TOP-2Q,Carteira 1,SC,"Florianópolis, SC","Florianópolis, SC, Cachoeira do Bom Jesus",0,260,5531.98,29,5562.4,2025-11,0.5,0.4609,15,30,455.67,288.0,3,0,2025-11-24,0.99,0.0,30.420000000000073,berlinda
ATT0602,Itapema-Meia_Praia-Sul-apartamento-TOP-3Q,Carteira 6,SC,"Itapema, SC","Itapema, SC, Meia Praia",15,340,3203.83,16,3464.04,2025-11,0.8,0.3,12,30,312.5,,0,0,2025-11-24,0.92,4687.5,260.21000000000004,berlinda
CZZ0302,Urubici-Geral-apartamento-SUP-1Q,Especial,SC,"Urubici, SC","Urubici, SC, Centro",3,228,1727.43,55,1722.65,2025-11,0.4444,0.2319,12,30,174.5,130.0,3,0,2025-11-24,1.0,523.5,-4.779999999999973,berlinda
EBI0303,Curitiba-Jardim_Botanico-apartamento-SUP-1Q,Carteira 4,PR,"Curitiba, PR","Curitiba, PR, Prado Velho",1,299,3033.42,18,3398.73,2025-11,0.8276,0.7619,24,30,150.71,152.0,1,0,2025-11-24,0.89,150.71,365.30999999999995,berlinda
ECU102,Ubatuba-Itagua-apartamento-JR-2Q,Carteira 4,SP,"Ubatuba, SP","Ubatuba, SP, Itaguá",2,795,2156.62,170,2679.48,2025-11,0.3929,0.4959,11,30,221.82,145.0,3,0,2025-11-24,0.8,443.64,522.8600000000001,berlinda
ESS0505,Goiania-Leste-apartamento-SUP-1Q,Carteira 1_sys-price,GO,"Goiânia, GO","Goiânia, GO, Alto da Glória",1,772,2727.31,82,2407.54,2025-11,0.7241,0.5448,21,30,158.35,146.5,4,0,2025-11-24,1.13,158.35,-319.77,ok
HIG1003,Maceio-Ponta_Verde-apartamento-TOP-1Q,Carteira 2,AL,"Maceió, AL","Maceió, AL, Ponta Verde",2,117,1866.39,126,4914.91,2025-11,0.3214,0.7641,9,30,244.11,,0,0,2025-11-24,0.38,488.22,3048.5199999999995,crítico
ILC2305,Especial-ILC-hotel-JR-1Q,Especial,SC,"Florianópolis, SC","Florianópolis, SC, Jurerê Internacional",4,568,11697.59,17,10796.7,2025-11,0.8846,0.6721,23,30,619.61,,0,0,2025-11-24,1.08,2478.44,-900.8899999999994,berlinda
ILC3105,Especial-ILC-hotel-JR-1Q,Especial,SC,"Florianópolis, SC","Florianópolis, SC, Jurerê Internacional",0,1916,10712.79,17,10796.7,2025-11,0.7333,0.6721,22,30,594.59,423.0,2,0,2025-11-24,0.99,0.0,83.90999999999985,berlinda
LHD0706,Goiania-Central-apartamento-SUP-1Q,Carteira 1_sys-price,GO,"Goiânia, GO","Goiânia, GO, Setor Bueno",0,486,3509.06,162,2535.55,2025-11,0.9,0.5616,27,30,163.85,,0,0,2025-11-24,1.38,0.0,-973.5099999999998,ok
LIV1509,Salvador-Graca-apartamento-TOP-1Q,Especial,BA,"Salvador, BA","Salvador, BA, Vitória",3,22,4348.18,15,3658.61,2025-11,0.8889,0.6726,24,30,227.54,140.0,1,0,2025-11-24,1.19,682.62,-689.5700000000002,ok
MHF1404,Itapema-Canto_Praia-apartamento-TOP-1Q,Carteira 5,SC,"Itapema, SC","Itapema, SC, Centro",0,131,5259.22,19,3496.4,2025-11,0.8667,0.5702,26,30,256.08,292.67,3,0,2025-11-24,1.5,0.0,-1762.8200000000002,ok
MHFB0905,Itapema-Canto_Praia-apartamento-SUP-1Q,Carteira 5,SC,"Itapema, SC","Itapema, SC, Centro",0,453,3746.35,14,2356.68,2025-11,0.7667,0.4102,23,30,203.52,,0,0,2025-11-24,1.59,0.0,-1389.67,ok
MTA0101,Barra_Velha-Centro-apartamento-SUP-2Q,Carteira 3,SC,"Barra Velha, SC","Barra Velha, SC, Tabuleiro",0,9,1053.5,21,1857.93,2025-11,0.2333,0.3462,7,30,183.86,151.67,6,0,2025-11-24,0.57,0.0,804.4300000000001,atenção
NFE0708,Curitiba-Centro-apartamento-SUP-1Q,Carteira 4,PR,"Curitiba, PR","Curitiba, PR, Centro",0,122,3024.04,513,2873.2,2025-11,0.7333,0.6692,22,30,161.45,134.33,3,0,2025-11-24,1.05,0.0,-150.84000000000015,berlinda
NWT0423,Especial-NWT-apartamento-TOP-1Q,Carteira 5,AL,"Maceió, AL","Maceió, AL, Pajuçara",2,337,5688.74,43,5085.72,2025-11,0.75,0.6637,21,30,305.38,280.0,1,0,2025-11-24,1.12,610.76,-603.0199999999995,ok
OKA233,Florianopolis-Campeche-apartamento-TOP-1Q,Carteira 1,SC,"Florianópolis, SC","Florianópolis, SC, Campeche",0,1039,3915.4,25,3776.21,2025-11,0.5667,0.6121,17,30,258.05,249.33,6,0,2025-11-24,1.04,0.0,-139.19000000000005,berlinda
PGO412,Pocos_de_Caldas-Geral-apartamento-SUP-1Q,Carteira 4,MG,"Poços de Caldas, MG","Poços de Caldas, MG, São Benedito",0,775,2294.01,32,1790.89,2025-11,0.6,0.4244,18,30,168.28,120.0,2,0,2025-11-24,1.28,0.0,-503.1200000000001,ok
PSOA0512,Penha-Beto_Carrero-apartamento-SUP-1Q,Carteira 3,SC,"Penha, SC","Penha, SC, Praia de Armação do Itapocoroi",0,99,4165.03,18,2190.5,2025-11,0.8667,0.486,26,30,194.54,,0,0,2025-11-24,1.9,0.0,-1974.5299999999997,ok
PZO0907,Ilheus-Sul-apartamento-SUP-2Q,Carteira 2,BA,"Ilhéus, BA","Ilhéus, BA, Nossa Senhora da Vitória",0,298,2964.43,39,2676.44,2025-11,0.7,0.3785,21,30,166.62,177.0,3,0,2025-11-24,1.11,0.0,-287.9899999999998,ok
RFS205,Florianopolis-Canasvieiras_Meio-apartamento-JR-2Q,Carteira 1,SC,"Florianópolis, SC","Florianópolis, SC, Canasvieiras",0,572,3827.64,26,2377.33,2025-11,0.6333,0.3829,19,30,258.26,158.5,2,0,2025-11-24,1.61,0.0,-1450.31,ok
RGF1308,Salvador-Flamengo-apartamento-TOP-1Q,Carteira 2,BA,"Salvador, BA","Salvador, BA, Itapuã",0,8,3588.44,32,3308.7,2025-11,0.8667,0.6487,26,30,162.96,150.0,2,0,2025-11-24,1.08,0.0,-279.74000000000024,berlinda
SOA0705,Salvador-Boca_do_Rio-apartamento-SUP-1Q,Carteira 2,BA,"Salvador, BA","Salvador, BA, Boca do Rio",0,327,2701.35,34,3140.34,2025-11,0.8333,0.6738,25,30,135.24,118.0,1,0,2025-11-24,0.86,0.0,438.99000000000024,berlinda
VLP0109,Mata_de_Sao_Joao-Praia_do_Forte-apartamento-SUP-2Q,Carteira 2,BA,"Mata de São João, BA","Mata de São João, BA, Praia do Forte",5,360,5081.84,27,6226.37,2025-11,0.68,0.5545,17,30,363.26,305.0,4,0,2025-11-24,0.82,1816.3,1144.5299999999997,berlinda
VST012,Especial-VST-casa-TOP-1Q,Carteira 5,SC,"Anitápolis, SC","Anitápolis, SC, Rio dos pinheiros",0,880,5492.44,54,3890.57,2025-11,0.9,0.3016,27,30,260.48,,0,0,2025-11-24,1.41,0.0,-1601.8699999999994,ok
ABC0403,Itajai-Praia_Brava-apartamento-SUP-3Q,Carteira 6,SC,"Itajaí, SC","Itajaí, SC, Praia Brava de Itajaí",3,956,5637.33,31,4476.95,2025-11,0.8519,0.5171,23,30,291.83,,0,0,2025-11-24,1.26,875.49,-1160.38,ok
BLU0206,Florianopolis-Ponta_Das_Canas-apartamento-JR-2Q,Carteira 1,SC,"Florianópolis, SC","Florianópolis, SC, Canasvieiras",8,498,3660.58,161,2720.85,2025-11,0.6818,0.5175,15,30,319.47,180.0,1,0,2025-11-24,1.35,2555.76,-939.73,ok
CET603,Balneario_Camboriu-Centro-apartamento-TOP-2Q,Carteira 6,SC,"Balneário Camboriú, SC","Balneário Camboriú, SC, Centro",1,906,7334.82,38,5425.02,2025-11,0.8621,0.5832,25,30,345.48,294.67,3,0,2025-11-24,1.35,345.48,-1909.7999999999993,ok
CLF0104,Salvador-Flamengo-apartamento-SUP-1Q,Carteira 2,BA,"Salvador, BA","Salvador, BA, Stella Maris",11,16,402.58,27,2248.21,2025-11,0.1053,0.4798,2,30,250.0,220.0,6,30,2025-11-24,0.18,2750.0,1845.63,crítico
CSI0706,Balneario_Picarras-Geral-apartamento-SUP-2Q,Carteira 6,SC,"Balneário Piçarras, SC","Balneário Piçarras, SC, Centro",9,30,1654.36,85,1751.85,2025-11,0.619,0.3621,13,30,156.54,130.5,4,0,2025-11-24,0.94,1408.86,97.49000000000001,berlinda
CVPF102,Porto_de_Pedras-Geral-apartamento-SUP-2Q,Carteira 2,AL,"Porto de Pedras, AL","Porto de Pedras, AL, PORTO DE PEDRAS",0,633,4944.87,32,4216.84,2025-11,0.7,0.4505,21,30,313.57,206.0,4,0,2025-11-24,1.17,0.0,-728.0299999999997,ok
JMA008,Florianopolis-Jurere_Longe-apartamento-JR-1Q,Carteira 1,SC,"Florianópolis, SC","Florianópolis, SC, Jurerê",11,487,2333.08,47,1965.96,2025-11,0.8947,0.4896,17,30,155.71,114.0,1,0,2025-11-24,1.19,1712.8100000000002,-367.1199999999999,ok
NWT0814,Especial-NWT-apartamento-TOP-1Q,Carteira 5,AL,"Maceió, AL","Maceió, AL, Pajuçara",0,186,4137.85,43,5085.72,2025-11,0.5667,0.6637,17,30,309.35,280.0,3,0,2025-11-24,0.81,0.0,947.8699999999999,berlinda
ONP1716,Sao_Paulo-Bela_Vista-apartamento-SUP-1Q,Carteira 4_sys-price,SP,"São Paulo, SP","São Paulo, SP, Paraíso",3,103,3721.66,605,4142.47,2025-11,0.8519,0.7186,23,30,196.65,,0,0,2025-11-24,0.9,589.95,420.8100000000004,berlinda
PRY0010,Porto_Seguro-Pataxos-apartamento-SUP-2Q,Carteira 2,BA,"Porto Seguro, BA","Porto Seguro, BA, Paraiso dos Pataxós",0,30,5017.67,44,3643.3,2025-11,0.9333,0.5205,28,30,222.64,168.0,2,0,2025-11-24,1.38,0.0,-1374.37,ok
PSO0808,Penha-Beto_Carrero-apartamento-SUP-1Q,Carteira 3,SC,"Penha, SC","Penha, SC, Praia de Armação do Itapocoroi",0,116,2842.14,18,2190.5,2025-11,0.5667,0.486,17,30,203.06,118.0,1,0,2025-11-24,1.3,0.0,-651.6399999999999,ok
PSO1004,Penha-Beto_Carrero-apartamento-SUP-1Q,Carteira 3,SC,"Penha, SC","Penha, SC, Praia de Armação do Itapocoroi",0,85,4435.8,18,2190.5,2025-11,0.8667,0.486,26,30,205.85,200.5,2,0,2025-11-24,2.03,0.0,-2245.3,meta_subestimada
PSOA0807,Penha-Beto_Carrero-apartamento-SUP-1Q,Carteira 3,SC,"Penha, SC","Penha, SC, Praia de Armação do Itapocoroi",0,100,1770.94,18,2190.5,2025-11,0.4,0.486,12,30,179.83,147.25,4,0,2025-11-24,0.81,0.0,419.55999999999995,berlinda
RMC203,Florianopolis-Estreito-apartamento-JR-1Q,Carteira 4,SC,"Florianópolis, SC","Florianópolis, SC, Capoeiras",2,842,2473.39,12,2384.22,2025-11,0.7857,0.6023,22,30,129.18,114.5,4,0,2025-11-24,1.04,258.36,-89.17000000000007,berlinda
RPP0678,Penha-Longe-casa-JR-3Q,Carteira 6,SC,"Penha, SC","Penha, SC, Centro",2,283,2723.39,28,3107.1,2025-11,0.5357,0.5083,15,30,198.07,172.67,3,0,2025-11-24,0.88,396.14,383.71000000000004,berlinda
SAA0321,Salvador-Pituba_Praia-apartamento-SUP-1Q,Carteira 5,BA,"Salvador, BA","Salvador, BA, Amaralina",0,24,1614.08,17,2408.79,2025-11,0.4333,0.6483,13,30,156.0,162.33,6,0,2025-11-24,0.67,0.0,794.71,atenção
VDP0029,Cabo_Frio-Palmeiras-casa-JR-4Q,Carteira 4,RJ,"Cabo Frio, RJ","Cabo Frio, RJ, Parque Burle",8,246,1571.4,36,3601.51,2025-11,0.2273,0.3632,5,30,353.4,300.0,6,0,2025-11-24,0.44,2827.2,2030.1100000000001,crítico
VTD0203,Florianopolis-UFSC-apartamento-SUP-1Q,Carteira 4,SC,"Florianópolis, SC","Florianópolis, SC, Trindade",30,94,0.0,45,3461.85,2025-11,,0.6721,0,30,0.0,,0,0,2025-11-24,0.0,0.0,3461.85,crítico
VTE0301,Itapema-Meia_Praia-Norte-apartamento-TOP-3Q,Carteira 6,SC,"Itapema, SC","Itapema, SC, Meia Praia",0,114,7335.8,22,3495.11,2025-11,0.8667,0.3624,26,30,371.62,278.0,1,0,2025-11-24,2.1,0.0,-3840.69,meta_subestimada
YVD1301,Balneario_Camboriu-Intermediario-apartamento-SUP-3Q,Carteira 6,SC,"Balneário Camboriú, SC","Balneário Camboriú, SC, Centro",5,640,4207.46,56,3143.53,2025-11,0.68,0.4667,17,30,307.88,225.4,5,0,2025-11-24,1.34,1539.4,-1063.9299999999998,ok
ADS0103,Cabo_Frio-Centro-apartamento-JR-2Q,Carteira 4,RJ,"Cabo Frio, RJ","Cabo Frio, RJ, Passagem",5,361,2200.69,186,2797.12,2025-11,0.44,0.5236,11,30,249.36,120.0,1,0,2025-11-24,0.79,1246.8000000000002,596.4299999999998,atenção
ASK0003,Florianopolis-Itacorubi-apartamento-JR-1Q,Carteira 4,SC,"Florianópolis, SC","Florianópolis, SC, Santa Mônica",0,109,3740.99,16,2133.36,2025-11,0.8,0.7361,24,30,198.25,111.67,3,0,2025-11-24,1.75,0.0,-1607.6299999999997,ok
BBC0102,Marau-Barra_Grande-apartamento-SUP-3Q,Carteira 2,BA,"Maraú, BA","Maraú, BA, Barra Grande",4,26,3713.22,12,3732.33,2025-11,0.3846,0.3009,10,30,441.3,430.5,6,0,2025-11-24,0.99,1765.2,19.110000000000127,berlinda
BLS1355,Goiania-Central-apartamento-SUP-1Q,Carteira 1_sys-price,GO,"Goiânia, GO","Goiânia, GO, Setor Marista",1,772,3526.71,162,2535.55,2025-11,0.8966,0.5616,26,30,172.12,159.0,1,8,2025-11-24,1.39,172.12,-991.1599999999999,ok
CAT0905,Florianopolis-Centrao-apartamento-JR-2Q,Carteira 4,SC,"Florianópolis, SC","Florianópolis, SC, Centro",0,9,2785.0,23,2141.15,2025-11,0.5,0.6276,15,30,274.83,157.5,6,0,2025-11-24,1.3,0.0,-643.8499999999999,ok
CPJ0404,Florianopolis-Jurere_Internacional-apartamento-TOP-2Q,Carteira 1,SC,"Florianópolis, SC","Florianópolis, SC, Jurerê Internacional",0,702,6260.64,23,11494.08,2025-11,0.2667,0.6814,8,30,900.0,900.0,3,30,2025-11-24,0.54,0.0,5233.44,atenção
EJO0401,Florianopolis-Centrao-apartamento-JR-1Q,Carteira 4,SC,"Florianópolis, SC","Florianópolis, SC, Centro",0,200,3003.44,72,3484.62,2025-11,0.5333,0.6339,16,30,220.19,116.0,6,0,2025-11-24,0.86,0.0,481.17999999999984,berlinda
FDK0074,Sao_Paulo-Pinheiros-apartamento-SUP-1Q,Carteira 4,SP,"São Paulo, SP","São Paulo, SP, Pinheiros",0,72,5384.07,429,4667.71,2025-11,0.8,0.7106,24,30,254.17,,0,0,2025-11-24,1.15,0.0,-716.3599999999997,ok
NDE0002,Florianopolis-Campeche-apartamento-JR-1Q,Carteira 1,SC,"Florianópolis, SC","Florianópolis, SC, Ribeirão da Ilha",0,185,2460.25,28,2204.41,2025-11,0.6333,0.6439,19,30,161.58,149.0,2,0,2025-11-24,1.12,0.0,-255.84000000000015,ok
NWT0709,Especial-NWT-apartamento-MASTER-1Q,Carteira 5,AL,"Maceió, AL","Maceió, AL, Pajuçara",0,176,11434.04,31,6339.75,2025-11,0.8667,0.7564,26,30,536.12,469.0,1,0,2025-11-24,1.8,0.0,-5094.290000000001,ok
NWT0910,Especial-NWT-apartamento-MASTER-1Q,Carteira 5,AL,"Maceió, AL","Maceió, AL, Pajuçara",1,221,5745.96,31,6339.75,2025-11,0.3793,0.7564,11,30,600.0,600.0,6,30,2025-11-24,0.91,600.0,593.79,berlinda
NWT1002,Especial-NWT-apartamento-TOP-1Q,Carteira 5,AL,"Maceió, AL","Maceió, AL, Pajuçara",1,198,6165.54,43,5085.72,2025-11,0.7241,0.6637,21,30,345.19,,0,0,2025-11-24,1.21,345.19,-1079.8199999999997,ok
NWT1503,Especial-NWT-apartamento-TOP-1Q,Carteira 5,AL,"Maceió, AL","Maceió, AL, Pajuçara",1,180,8672.45,43,5085.72,2025-11,1.0,0.6637,29,30,393.38,,0,0,2025-11-24,1.71,393.38,-3586.7300000000005,ok
PLO0009,Jaguaruna-Camacho-apartamento-SUP-1Q,Carteira 6,SC,"Jaguaruna, SC","Jaguaruna, SC, Jaguaruna",0,15,1140.9,14,1077.87,2025-11,0.3,0.2759,9,30,120.67,90.0,3,0,2025-11-24,1.06,0.0,-63.0300000000002,berlinda
PSO0509,Penha-Beto_Carrero-apartamento-SUP-1Q,Carteira 3,SC,"Penha, SC","Penha, SC, Praia de Armação do Itapocoroi",0,96,2794.18,18,2190.5,2025-11,0.5333,0.486,16,30,229.69,170.0,1,0,2025-11-24,1.28,0.0,-603.6799999999998,ok
SDO206,Florianopolis-Ingleses_Norte-apartamento-SUP-3Q,Carteira 1,SC,"Florianópolis, SC","Florianópolis, SC, Ingleses do Rio Vermelho",4,1874,3254.57,21,2360.78,2025-11,0.5,0.3526,13,30,297.23,320.5,6,0,2025-11-24,1.38,1188.92,-893.79,ok
SPT0208,Blumenau-Central-apartamento-JR-1Q,Carteira 4,SC,"Blumenau, SC","Blumenau, SC, Itoupava Seca",0,534,0.0,42,910.58,2025-11,0.0,0.3663,0,30,0.0,100.0,6,27,2025-11-24,0.0,0.0,910.58,crítico
ACL0303,Florianopolis-Ingleses_Centro-apartamento-JR-2Q,Carteira 1,SC,"Florianópolis, SC","Florianópolis, SC, Ingleses do Rio Vermelho",0,313,2109.43,21,1761.58,2025-11,0.4333,0.4366,13,30,209.77,154.0,3,0,2025-11-24,1.2,0.0,-347.8499999999999,ok
CEV1206,Balneario_Camboriu-Centro-apartamento-JR-1Q,Carteira 6,SC,"Balneário Camboriú, SC","Balneário Camboriú, SC, Centro",2,54,3217.98,37,1985.43,2025-11,1.0,0.5369,28,30,143.79,,0,0,2025-11-24,1.62,287.58,-1232.55,ok
DRL0207,Bombinhas-Centro-apartamento-TOP-2Q,Carteira 6,SC,"Bombinhas, SC","Bombinhas, SC, Centro",9,487,3779.51,28,4548.14,2025-11,0.9048,0.5079,19,30,243.63,,0,0,2025-11-24,0.83,2192.67,768.6300000000001,berlinda
JMA011,Florianopolis-Jurere_Longe-apartamento-JR-1Q,Carteira 1,SC,"Florianópolis, SC","Florianópolis, SC, Jurerê",0,487,2950.46,47,1965.96,2025-11,0.7333,0.4896,22,30,169.09,145.0,1,0,2025-11-24,1.5,0.0,-984.5,ok
JSR112,Florianopolis-Jurere_Tradicional-apartamento-SUP-1Q,Carteira 1,SC,"Florianópolis, SC","Florianópolis, SC, Jurerê",1,1797,5030.63,19,6642.75,2025-11,0.7931,0.7307,23,30,276.7,250.0,1,0,2025-11-24,0.76,276.7,1612.12,atenção
LIV1712,Salvador-Graca-apartamento-TOP-1Q,Especial,BA,"Salvador, BA","Salvador, BA, Vitória",3,46,5192.13,15,3658.61,2025-11,0.7778,0.6726,21,30,298.0,320.0,2,25,2025-11-24,1.42,894.0,-1533.52,ok
MHF1902,Itapema-Canto_Praia-apartamento-TOP-2Q,Carteira 5,SC,"Itapema, SC","Itapema, SC, Centro",0,480,6507.29,14,3147.32,2025-11,0.7667,0.4145,23,30,332.43,230.0,3,0,2025-11-24,2.07,0.0,-3359.97,meta_subestimada
MMD0405,Ilheus-Sul-apartamento-TOP-1Q,Carteira 2,BA,"Ilhéus, BA","Ilhéus, BA, São Francisco",4,152,3824.78,39,2676.44,2025-11,0.9615,0.3785,25,30,192.92,,0,0,2025-11-24,1.43,771.68,-1148.3400000000001,ok
NWT0619,Especial-NWT-apartamento-TOP-1Q,Carteira 5,AL,"Maceió, AL","Maceió, AL, Pajuçara",1,215,6812.73,43,5085.72,2025-11,0.931,0.6637,27,30,326.85,,0,0,2025-11-24,1.34,326.85,-1727.0099999999993,ok
NWTB0607,Especial-NWT-apartamento-MASTER-1Q,Carteira 5,AL,"Maceió, AL","Maceió, AL, Pajuçara",0,206,7670.31,31,6339.75,2025-11,0.7333,0.7564,22,30,437.05,375.0,2,0,2025-11-24,1.21,0.0,-1330.5600000000004,ok
PSD202,Florianopolis-Jurere_Tradicional-apartamento-JR-1Q,Carteira 1,SC,"Florianópolis, SC","Florianópolis, SC, Jurerê",0,1990,2646.01,23,3139.05,2025-11,0.4333,0.5172,13,30,283.92,179.0,3,0,2025-11-24,0.84,0.0,493.03999999999996,berlinda
RJI022,Ubatuba-Itagua-apartamento-JR-2Q,Carteira 4,SP,"Ubatuba, SP","Ubatuba, SP, Itaguá",12,754,1303.32,170,2679.48,2025-11,0.3333,0.4959,6,30,250.33,,0,0,2025-11-24,0.49,3003.96,1376.16,crítico
SAA0817,Salvador-Pituba_Praia-apartamento-TOP-1Q,Carteira 5,BA,"Salvador, BA","Salvador, BA, Amaralina",2,3,1493.13,17,2739.21,2025-11,0.3929,0.6863,11,30,180.0,186.0,4,0,2025-11-24,0.55,360.0,1246.08,atenção
SHR5231,Florianopolis-Novo_Campeche-apartamento-TOP-3Q,Carteira 1,SC,"Florianópolis, SC","Florianópolis, SC, Campeche",8,109,8279.83,19,7104.72,2025-11,0.8636,0.4893,19,30,551.84,408.0,2,0,2025-11-24,1.17,4414.72,-1175.1099999999997,ok
SPT0507,Blumenau-Central-apartamento-JR-1Q,Carteira 4,SC,"Blumenau, SC","Blumenau, SC, Itoupava Seca",0,501,793.9,42,910.58,2025-11,0.3,0.3663,9,30,101.0,100.0,6,26,2025-11-24,0.87,0.0,116.68000000000006,berlinda
ALT0402,Gramado-Geral-apartamento-TOP-3Q,Carteira 4,RS,"Gramado, RS","Gramado, RS, Tres Pinheiros",6,142,7657.54,18,7575.41,2025-11,0.9167,0.5632,22,30,482.18,320.0,2,0,2025-11-24,1.01,2893.08,-82.13000000000011,berlinda
BLI1801,Goiania-Sul-apartamento-TOP-2Q,Carteira 1_sys-price,GO,"Goiânia, GO","Goiânia, GO, Setor Bela Vista",0,361,3877.02,59,4150.69,2025-11,0.5667,0.4735,17,30,311.12,233.17,6,0,2025-11-24,0.93,0.0,273.6699999999996,berlinda
CAN304,Bombinhas-Bombas-apartamento-SUP-2Q,Carteira 6,SC,"Bombinhas, SC","Bombinhas, SC, bombas",0,1094,3637.88,82,2339.42,2025-11,0.9667,0.3831,29,30,155.72,162.0,1,0,2025-11-24,1.56,0.0,-1298.46,ok
DME025,Florianopolis-Jurere_Internacional-casa-SUP-4Q,Carteira 1,SC,"Florianópolis, SC","Florianópolis, SC, Jurerê Internacional",9,207,14407.89,15,9713.03,2025-11,0.9048,0.4439,19,30,997.11,,0,0,2025-11-24,1.48,8973.99,-4694.859999999999,ok
DPA210,Aguas_Claras-Geral-apartamento-SUP-1Q,Carteira 1_sys-price,DF,"Brasília, DF","Brasília, DF, Guará",0,597,4138.31,110,3017.08,2025-11,0.9667,0.7394,29,30,196.83,,0,0,2025-11-24,1.37,0.0,-1121.2300000000005,ok
ECH0205,Florianopolis-Centrao-apartamento-SUP-1Q,Carteira 4,SC,"Florianópolis, SC","Florianópolis, SC, Centro",0,32,5251.3,127,3977.15,2025-11,0.9333,0.5706,28,30,230.6,166.0,1,0,2025-11-24,1.32,0.0,-1274.15,ok
EEP0901,Guarapari-Centro-apartamento-SUP-2Q,Carteira 4,ES,"Guarapari, ES","Guarapari, ES, São Judas Tadeu",0,115,2204.57,27,2043.83,2025-11,0.2333,0.4215,7,30,207.08,130.0,1,0,2025-11-24,1.08,0.0,-160.74000000000024,berlinda
EEP1101,Guarapari-Centro-apartamento-SUP-2Q,Carteira 4,ES,"Guarapari, ES","Guarapari, ES, São Judas Tadeu",0,115,2343.45,27,2043.83,2025-11,0.4,0.4215,12,30,225.75,167.0,1,0,2025-11-24,1.15,0.0,-299.6199999999999,ok
EVR1703,Porto_Belo-Geral-apartamento-TOP-2Q,Carteira 6,SC,"Porto Belo, SC","Porto Belo, SC, Balneário Perequê",0,50,3395.48,11,2576.68,2025-11,0.7333,0.3289,22,30,197.95,160.0,3,0,2025-11-24,1.32,0.0,-818.8000000000002,ok
FLO001,Porto_Seguro-Pataxos-casa-SUP-2Q,Carteira 2,BA,"Porto Seguro, BA","Porto Seguro, BA, Paraíso Pataxós",11,416,0.0,17,2725.1,2025-11,0.0,0.4818,0,30,0.0,189.0,6,0,2025-11-24,0.0,0.0,2725.1,crítico
HAI0702,Salvador-Centro-apartamento-JR-1Q,Carteira 2,BA,"Salvador, BA","Salvador, BA, Centro",2,366,2218.35,28,2355.51,2025-11,0.75,0.7039,21,30,137.24,,0,0,2025-11-24,0.94,274.48,137.1600000000003,berlinda
ILC1406,Especial-ILC-hotel-JR-1Q,Especial,SC,"Florianópolis, SC","Florianópolis, SC, Jurerê Internacional",0,1165,13561.98,17,10796.7,2025-11,0.9333,0.6721,28,30,676.79,,0,0,2025-11-24,1.26,0.0,-2765.279999999999,ok
JBV124,Especial-JBV-hotel-JR-1Q,Especial,SC,"Florianópolis, SC","Florianópolis, SC, Jurerê",0,1928,9792.17,27,10333.97,2025-11,0.6333,0.693,19,30,616.68,483.0,3,0,2025-11-24,0.95,0.0,541.7999999999993,berlinda
ONE0804,Salvador-Piata-apartamento-SUP-1Q,Carteira 5,BA,"Salvador, BA","Salvador, BA, Piatã",1,3,1836.23,23,2647.24,2025-11,0.5517,0.6092,16,30,144.13,167.5,2,0,2025-11-24,0.69,144.13,811.0099999999998,atenção
PRY0003,Porto_Seguro-Pataxos-apartamento-SUP-2Q,Carteira 2,BA,"Porto Seguro, BA","Porto Seguro, BA, Taperapuã",1,43,4398.48,44,3643.3,2025-11,0.8621,0.5205,25,30,213.64,,0,2,2025-11-24,1.21,213.64,-755.1799999999994,ok
PSOB0607,Penha-Beto_Carrero-apartamento-SUP-1Q,Carteira 3,SC,"Penha, SC","Penha, SC, Praia de Armação do Itapocoroi",0,93,3524.84,18,2190.5,2025-11,0.7333,0.486,22,30,197.68,162.0,1,0,2025-11-24,1.61,0.0,-1334.3400000000001,ok
RGN0203,Florianopolis-Ingleses_Centro-apartamento-SUP-2Q,Carteira 1,SC,"Florianópolis, SC","Florianópolis, SC, Ingleses do Rio Vermelho",0,347,1327.7,30,2233.61,2025-11,0.1333,0.4151,4,30,407.5,500.0,4,28,2025-11-24,0.59,0.0,905.9100000000001,atenção
SMT0805,Salvador-Boca_do_Rio-apartamento-TOP-1Q,Carteira 2,BA,"Salvador, BA","Salvador, BA, Jardim Armação",4,239,2460.8,17,3548.18,2025-11,0.5385,0.6989,14,30,221.64,210.0,2,0,2025-11-24,0.69,886.56,1087.3799999999997,atenção
SMT0931,Salvador-Boca_do_Rio-apartamento-TOP-1Q,Carteira 2,BA,"Salvador, BA","Salvador, BA, Jardim Armação",0,239,2390.54,17,3548.18,2025-11,0.4667,0.6989,14,30,210.43,192.8,5,0,2025-11-24,0.67,0.0,1157.6399999999999,atenção
TCO0611,Porto_Alegre-Centro_Historico-apartamento-SUP-1Q,Carteira 4,RS,"Porto Alegre, RS","Porto Alegre, RS, Centro Histórico",0,491,2118.99,77,2393.45,2025-11,0.7667,0.6126,23,30,124.13,120.0,1,0,2025-11-24,0.89,0.0,274.46000000000004,berlinda
TXP0207,Goiania-Central-apartamento-SUP-1Q,Carteira 1_sys-price,GO,"Goiânia, GO","Goiânia, GO, Setor Bueno",0,772,3051.61,162,2535.55,2025-11,0.8,0.5616,24,30,157.37,151.0,3,0,2025-11-24,1.2,0.0,-516.06,ok
UML0101,Bombinhas-Mariscal-apartamento-TOP-2Q,Carteira 6,SC,"Bombinhas, SC","Bombinhas, SC, Mariscal",3,316,5437.12,13,2287.14,2025-11,0.8889,0.3531,24,30,308.04,231.0,1,11,2025-11-24,2.38,924.1200000000001,-3149.98,meta_subestimada
UPP0214,Curitiba-Centro-apartamento-JR-1Q,Carteira 4,PR,"Curitiba, PR","Curitiba, PR, Alto da XV",0,8,2087.42,289,2479.88,2025-11,0.5667,0.6885,17,30,136.18,130.0,5,0,2025-11-24,0.84,0.0,392.46000000000004,berlinda
VLPC0103,Mata_de_Sao_Joao-Praia_do_Forte-apartamento-SUP-2Q,Carteira 2,BA,"Mata de São João, BA","Mata de São João, BA, Centro",4,261,5236.8,27,6226.37,2025-11,0.7692,0.5545,20,30,320.05,281.0,1,0,2025-11-24,0.84,1280.2,989.5699999999997,berlinda
ABM0101,Bombinhas-Zimbros-casa-SUP-6Q,Carteira 6,SC,"Bombinhas, SC","Bombinhas, SC, Zimbros",7,372,27206.07,10,12099.77,2025-11,0.913,0.4419,21,30,1686.43,480.0,1,0,2025-11-24,2.25,11805.01,-15106.3,meta_subestimada
BSO0202,Itajai-Praia_Brava-apartamento-SUP-1Q,Carteira 6,SC,"Balneário Camboriú, SC","Balneário Camboriú, SC, Praia dos Amores",0,192,3517.91,12,2794.44,2025-11,0.9,0.5466,27,30,151.11,,0,0,2025-11-24,1.26,0.0,-723.4699999999998,ok
EPK0402,Guara-Geral-apartamento-SUP-2Q,Carteira 1_sys-price,DF,"Brasília, DF","Brasília, DF, SOF",0,316,7066.49,15,4398.33,2025-11,0.9,0.5835,27,30,316.67,230.0,1,0,2025-11-24,1.61,0.0,-2668.16,ok
ERE0302,Maceio-Cruz_das_Almas-apartamento-JR-1Q,Carteira 2,AL,"Maceió, AL","Maceió, AL, Cruz das Almas",0,65,2527.85,24,2578.06,2025-11,0.7667,0.7241,23,30,133.52,90.0,2,0,2025-11-24,0.98,0.0,50.210000000000036,berlinda
IBE104,Florianopolis-Canasvieiras_Meio-apartamento-JR-2Q,Carteira 1,SC,"Florianópolis, SC","Florianópolis, SC, Canasvieiras",8,803,2877.53,26,2377.33,2025-11,0.5909,0.3829,13,30,255.77,,0,0,2025-11-24,1.21,2046.16,-500.2000000000003,ok
ILC1206,Especial-ILC-hotel-JR-1Q,Especial,SC,"Florianópolis, SC","Florianópolis, SC, Jurerê Internacional",0,1971,7926.55,17,10796.7,2025-11,0.5,0.6721,15,30,633.6,500.0,2,18,2025-11-24,0.73,0.0,2870.1500000000005,atenção
ILC4102,Especial-ILC-hotel-TOP-1Q,Especial,SC,"Florianópolis, SC","Florianópolis, SC, Jurerê Internacional",0,955,13756.18,30,11771.46,2025-11,0.8333,0.7857,25,30,664.24,,0,0,2025-11-24,1.17,0.0,-1984.7200000000012,ok
IPTR0241,Balneario_Camboriu-Centro-apartamento-MASTER-2Q,Carteira 6,SC,"Balneário Camboriú, SC","Balneário Camboriú, SC, Centro",11,37,7653.48,16,9619.12,2025-11,0.8421,0.6336,16,30,641.13,,0,0,2025-11-24,0.8,7052.43,1965.6400000000012,atenção
MCB1002,Balneario_Picarras-Geral-apartamento-SUP-2Q,Carteira 6,SC,"Balneário Piçarras, SC","Balneário Piçarras, SC, Itacolomi",0,239,2592.74,85,1751.85,2025-11,0.6667,0.3621,20,30,149.25,133.0,1,0,2025-11-24,1.48,0.0,-840.8899999999999,ok
MHF0908,Itapema-Canto_Praia-apartamento-TOP-2Q,Carteira 5,SC,"Itapema, SC","Itapema, SC, Centro",0,487,6101.73,14,3147.32,2025-11,0.8333,0.4145,25,30,289.76,239.0,3,0,2025-11-24,1.94,0.0,-2954.4099999999994,ok
MHFA2005,Itapema-Canto_Praia-apartamento-SUP-1Q,Carteira 5,SC,"Itapema, SC","Itapema, SC, Centro",4,474,3338.13,14,2356.68,2025-11,0.7308,0.4102,19,30,211.84,188.0,4,0,2025-11-24,1.42,847.36,-981.4500000000003,ok
MMP0137,Itapema-Meia_Praia-Sul-apartamento-SUP-3Q,Carteira 6,SC,"Itapema, SC","Itapema, SC, Meia Praia",16,123,1633.48,20,3584.48,2025-11,0.5714,0.3881,8,30,254.38,,0,0,2025-11-24,0.46,4070.08,1951.0,crítico
NWT0505,Especial-NWT-apartamento-TOP-1Q,Carteira 5,AL,"Maceió, AL","Maceió, AL, Pajuçara",0,366,5319.63,43,5085.72,2025-11,0.5,0.6637,15,30,396.27,304.0,6,0,2025-11-24,1.05,0.0,-233.90999999999985,berlinda
NWT1003,Especial-NWT-apartamento-TOP-1Q,Carteira 5,AL,"Maceió, AL","Maceió, AL, Pajuçara",0,199,6723.77,43,5085.72,2025-11,0.7333,0.6637,22,30,359.18,308.8,5,0,2025-11-24,1.32,0.0,-1638.0500000000002,ok
RLV0206,Florianopolis-Novo_Campeche-apartamento-SUP-3Q,Carteira 1,SC,"Florianópolis, SC","Florianópolis, SC, Campeche",5,317,6421.06,67,6778.69,2025-11,0.68,0.6286,17,30,515.71,355.5,4,0,2025-11-24,0.95,2578.55,357.6299999999992,berlinda
RUC0002,Bombinhas-Mariscal-casa-JR-2Q,Carteira 6,SC,"Bombinhas, SC","Bombinhas, SC, Canto Grande",0,332,3169.92,27,1459.87,2025-11,0.9,0.3243,27,30,155.78,118.0,2,0,2025-11-24,2.17,0.0,-1710.0500000000002,meta_subestimada
SSG0102,Florianopolis-UFSC-apartamento-TOP-1Q,Carteira 4,SC,"Florianópolis, SC","Florianópolis, SC, Córrego Grande",1,995,3534.28,17,3684.75,2025-11,0.5517,0.6764,16,30,250.31,175.0,3,0,2025-11-24,0.96,250.31,150.4699999999998,berlinda
TXP1912,Goiania-Central-apartamento-TOP-2Q,Carteira 1_sys-price,GO,"Goiânia, GO","Goiânia, GO, Setor Bueno",0,757,2184.06,15,3249.98,2025-11,0.3667,0.4187,11,30,269.45,265.83,6,0,2025-11-24,0.67,0.0,1065.92,atenção
VAC0708,Barra_Velha-Tabuleiro-apartamento-SUP-2Q,Carteira 3,SC,"Barra Velha, SC","Barra Velha, SC, Itajubá",0,191,2452.68,14,2189.81,2025-11,0.6333,0.448,19,30,154.53,128.0,2,0,2025-11-24,1.12,0.0,-262.8699999999999,ok
VAC0906,Barra_Velha-Tabuleiro-apartamento-SUP-2Q,Carteira 3,SC,"Barra Velha, SC","Barra Velha, SC, Itajubá",12,127,0.0,14,2189.81,2025-11,0.0,0.448,0,30,0.0,,0,30,2025-11-24,0.0,0.0,2189.81,crítico
VGZ0003,Imbituba-Praia_do_Rosa-casa-SUP-1Q,Carteira 6,SC,"Imbituba, SC","Imbituba, SC, Ibiraquera",2,620,3347.26,44,2841.89,2025-11,0.8214,0.4208,23,30,174.83,,0,0,2025-11-24,1.18,349.66,-505.37000000000035,ok
VST026,Especial-VST-casa-TOP-1Q,Carteira 5,SC,"Anitápolis, SC","Anitápolis, SC, Rio dos Pinheiros",2,1,2586.27,54,3890.57,2025-11,0.4643,0.3016,13,30,242.85,180.0,4,0,2025-11-24,0.66,485.7,1304.3000000000002,atenção
BLS1354,Goiania-Central-apartamento-SUP-1Q,Carteira 1_sys-price,GO,"Goiânia, GO","Goiânia, GO, Setor Marista",0,204,3445.77,162,2535.55,2025-11,0.8333,0.5616,25,30,162.72,172.5,2,0,2025-11-24,1.36,0.0,-910.2199999999998,ok
CAR0201,Florianopolis-Jurere_Tradicional-apartamento-SUP-2Q,Carteira 1,SC,"Florianópolis, SC","Florianópolis, SC, Jurerê",0,37,8069.41,17,5832.42,2025-11,0.8667,0.5256,26,30,362.46,268.0,1,0,2025-11-24,1.38,0.0,-2236.99,ok
CAR0206,Itajai-Centro-apartamento-JR-1Q,Carteira 6,SC,"Itajaí, SC","Itajaí, SC, Centro",0,163,4321.91,13,2094.43,2025-11,0.9333,0.5748,28,30,177.71,115.0,1,0,2025-11-24,2.06,0.0,-2227.48,meta_subestimada
CARA0501,Itapema-Praia_Centro-apartamento-SUP-2Q,Carteira 6,SC,"Itapema, SC","Itapema, SC, Tabuleiro dos Oliveiras",0,51,4192.08,21,2987.88,2025-11,0.9333,0.4559,28,30,218.79,162.0,1,0,2025-11-24,1.4,0.0,-1204.1999999999998,ok
CEG0202,Florianopolis-Jurere_Longe-apartamento-SUP-1Q,Carteira 1,SC,"Florianópolis, SC","Florianópolis, SC, Jurerê",8,523,3605.52,21,3322.23,2025-11,0.7727,0.4815,17,30,250.65,207.0,1,0,2025-11-24,1.09,2005.2,-283.28999999999996,berlinda
DNL0602,Itapema-Meia_Praia-Norte-apartamento-MASTER-2Q,Carteira 6,SC,"Itapema, SC","Itapema, SC, Meia Praia",4,331,8955.47,22,3495.11,2025-11,0.9231,0.3624,24,30,459.5,,0,0,2025-11-24,2.56,1838.0,-5460.359999999999,meta_subestimada
ILC3413,Especial-ILC-hotel-JR-1Q,Especial,SC,"Florianópolis, SC","Florianópolis, SC, Jurerê Internacional",0,1971,9623.27,17,10796.7,2025-11,0.6333,0.6721,19,30,602.16,547.0,1,11,2025-11-24,0.89,0.0,1173.4300000000003,berlinda
JBA202,Florianopolis-Jurere_Tradicional-apartamento-JR-2Q,Carteira 1,SC,"Florianópolis, SC","Florianópolis, SC, Jurerê Internacional",0,1971,3575.05,28,4499.33,2025-11,0.6,0.636,18,30,266.72,225.0,3,0,2025-11-24,0.79,0.0,924.2799999999997,atenção
LHG1603,Goiania-Central-2-apartamento-SUP-1Q,Carteira 1_sys-price,GO,"Goiânia, GO","Goiânia, GO, Setor Oeste",0,372,2868.26,25,2538.24,2025-11,0.6333,0.468,19,30,176.68,205.0,1,3,2025-11-24,1.13,0.0,-330.02000000000044,ok
NWT0716,Especial-NWT-apartamento-TOP-1Q,Carteira 5,AL,"Maceió, AL","Maceió, AL, Pajuçara",0,38,5647.75,43,5085.72,2025-11,0.6667,0.6637,20,30,300.65,298.0,4,0,2025-11-24,1.11,0.0,-562.0299999999997,ok
NWT1316,Especial-NWT-apartamento-MASTER-1Q,Carteira 5,AL,"Maceió, AL","Maceió, AL, Pajuçara",2,368,7696.07,31,6339.75,2025-11,0.7143,0.7564,20,30,452.3,376.5,2,0,2025-11-24,1.21,904.6,-1356.3199999999997,ok
OSH,Florianopolis-Jurere_Internacional-apartamento-TOP-2Q,Carteira 1,SC,"Florianópolis, SC","Florianópolis, SC, Jurerê Internacional",0,283,8590.63,23,11494.08,2025-11,0.8,0.6814,24,30,493.32,537.0,1,0,2025-11-24,0.75,0.0,2903.4500000000007,atenção
RAH1019,Florianopolis-Centrao-apartamento-JR-1Q,Carteira 4,SC,"Florianópolis, SC","Florianópolis, SC, Centro",0,247,4250.51,72,3484.62,2025-11,0.9333,0.6339,28,30,193.36,122.0,1,0,2025-11-24,1.22,0.0,-765.8900000000003,ok
SOT0303,Florianopolis-Jurere_Tradicional-apartamento-TOP-1Q,Carteira 1,SC,"Florianópolis, SC","Florianópolis, SC, Jurerê",0,263,5931.74,19,6996.21,2025-11,0.7,0.704,21,30,341.62,449.0,2,0,2025-11-24,0.85,0.0,1064.4700000000003,berlinda
TCO1117,Porto_Alegre-Centro_Historico-apartamento-SUP-1Q,Carteira 4,RS,"Porto Alegre, RS","Porto Alegre, RS, Centro Histórico",0,430,2653.15,77,2393.45,2025-11,0.8667,0.6126,26,30,123.96,120.0,2,0,2025-11-24,1.11,0.0,-259.7000000000003,ok
TXP0609,Goiania-Central-apartamento-SUP-1Q,Carteira 1_sys-price,GO,"Goiânia, GO","Goiânia, GO, Setor Bueno",0,761,2814.25,162,2535.55,2025-11,0.6667,0.5616,20,30,151.8,154.0,6,0,2025-11-24,1.11,0.0,-278.6999999999998,ok
UPS1002,Porto_Belo-Geral-apartamento-JR-3Q,Carteira 6,SC,"Porto Belo, SC","Porto Belo, SC, Perequê",0,99,4502.43,35,2014.63,2025-11,0.8333,0.3883,25,30,218.04,146.0,2,0,2025-11-24,2.23,0.0,-2487.8,meta_subestimada
VTD0302,Florianopolis-UFSC-apartamento-SUP-1Q,Carteira 4,SC,"Florianópolis, SC","Florianópolis, SC, Trindade",2,137,2867.46,45,3461.85,2025-11,0.4643,0.6721,13,30,271.31,350.0,5,20,2025-11-24,0.83,542.62,594.3899999999999,berlinda
ACB0202,Florianopolis-Cachoeira_Bom_Jesus-apartamento-SUP-2Q,Carteira 1,SC,"Florianópolis, SC","Florianópolis, SC, Cachoeira do Bom Jesus Leste",4,198,3005.68,23,3893.0,2025-11,0.5385,0.5123,14,30,296.57,292.0,2,0,2025-11-24,0.77,1186.28,887.3200000000002,atenção
AIR1507,Porto_Alegre-Menino_Deus-apartamento-TOP-1Q,Carteira 4,RS,"Porto Alegre, RS","Porto Alegre, RS, Praia de Belas",2,639,2355.3,29,3365.01,2025-11,0.25,0.6109,7,30,383.14,333.0,6,27,2025-11-24,0.7,766.28,1009.71,atenção
BIA035,Sao_Paulo-Moema-apartamento-TOP-2Q,Carteira 4,SP,"São Paulo, SP","São Paulo, SP, Indianópolis",0,430,8360.21,25,6512.7,2025-11,0.8667,0.7173,26,30,394.15,,0,0,2025-11-24,1.28,0.0,-1847.5099999999993,ok
BRR0097,Porto_Belo-Geral-casa-JR-3Q,Carteira 6,SC,"Porto Belo, SC","Porto Belo, SC, Perequê",10,675,1904.46,41,2335.8,2025-11,0.55,0.4822,11,30,211.64,125.0,1,0,2025-11-24,0.82,2116.3999999999996,431.34000000000015,berlinda
CCM0008,Bombinhas-Mariscal-casa-JR-2Q,Carteira 6,SC,"Bombinhas, SC","Bombinhas, SC, Campo Grande",30,345,0.0,27,1459.87,2025-11,,0.3243,0,30,0.0,,0,0,2025-11-24,0.0,0.0,1459.87,crítico
CMP0002,Florianopolis-Campeche-apartamento-JR-1Q,Carteira 1,SC,"Florianópolis, SC","Florianópolis, SC, Campeche",0,162,2108.76,28,2204.41,2025-11,0.5667,0.6439,17,30,158.29,152.5,6,0,2025-11-24,0.96,0.0,95.64999999999964,berlinda
CNA009,Especial-CNA-casa-MASTER-1Q,Especial,SP,"Campos do Jordão, SP","Campos do Jordão, SP, Jardim Europa",0,1016,11051.3,26,9055.36,2025-11,0.5667,0.5061,17,30,822.12,353.33,3,0,2025-11-24,1.22,0.0,-1995.9399999999987,ok
EEP0801,Guarapari-Centro-apartamento-SUP-2Q,Carteira 4,ES,"Guarapari, ES","Guarapari, ES, São Judas Tadeu",0,115,1620.09,27,2043.83,2025-11,0.2667,0.4215,8,30,215.31,150.0,1,0,2025-11-24,0.79,0.0,423.74,atenção
GVM133,Florianopolis-Ponta_Das_Canas-apartamento-JR-2Q,Carteira 1,SC,"Florianópolis, SC","Florianópolis, SC, Cachoeira do Bom Jesus",0,1277,1679.49,161,2720.85,2025-11,0.3,0.5175,9,30,267.11,188.0,2,0,2025-11-24,0.62,0.0,1041.36,atenção
JBV231,Especial-JBV-hotel-TOP-1Q,Especial,SC,"Florianópolis, SC","Florianópolis, SC, Jurerê",1,766,13506.22,34,11467.8,2025-11,0.8621,0.7407,25,30,620.24,,0,0,2025-11-24,1.18,620.24,-2038.42,ok
PBT1003,Porto_Seguro-Pataxos-apartamento-JR-2Q,Carteira 2,BA,"Porto Seguro, BA","Porto Seguro, BA, Taperapuan",0,8,859.11,45,1927.04,2025-11,0.2333,0.3383,7,30,167.0,141.0,6,0,2025-11-24,0.45,0.0,1067.9299999999998,crítico
QSA1405,Sao_Paulo-Moema-apartamento-TOP-1Q,Carteira 4,SP,"São Paulo, SP","São Paulo, SP, Vila Olímpia",0,436,5025.22,107,5536.9,2025-11,0.8667,0.7669,26,30,246.31,224.0,1,0,2025-11-24,0.91,0.0,511.6799999999994,berlinda
RFO0102,Bombinhas-Centro-apartamento-TOP-2Q,Carteira 6,SC,"Bombinhas, SC","Bombinhas, SC, Centro",1,508,4775.56,28,4548.14,2025-11,0.931,0.5079,27,30,237.89,170.0,1,0,2025-11-24,1.05,237.89,-227.42000000000007,berlinda
RTBA1361,Florianopolis-Canasvieiras_Meio-apartamento-SUP-2Q,Carteira 1,SC,"Florianópolis, SC","Florianópolis, SC, Canasvieiras",7,900,2376.69,16,3041.41,2025-11,0.4348,0.4709,10,30,440.5,216.0,1,1,2025-11-24,0.78,3083.5,664.7199999999998,atenção
SSG0320,Florianopolis-UFSC-apartamento-TOP-1Q,Carteira 4,SC,"Florianópolis, SC","Florianópolis, SC, Córrego Grande",1,442,4230.81,17,3684.75,2025-11,0.8966,0.6764,26,30,198.81,,0,0,2025-11-24,1.15,198.81,-546.0600000000004,ok
TDC0109,Mata_de_Sao_Joao-Praia_Imbassai-apartamento-TOP-2Q,Carteira 2,BA,"Mata de São João, BA","Mata de São João, BA, Imbassaí",3,9,4461.03,15,3479.37,2025-11,0.7037,0.4814,19,30,304.68,259.0,2,0,2025-11-24,1.28,914.04,-981.6599999999999,ok
THO2708,Goiania-Leste-apartamento-TOP-1Q,Carteira 1_sys-price,GO,"Goiânia, GO","Goiânia, GO, Jardim Goiás",0,201,3895.36,20,3827.79,2025-11,0.8333,0.6222,25,30,195.12,190.6,5,0,2025-11-24,1.02,0.0,-67.57000000000016,berlinda
VST003,Especial-VST-casa-TOP-1Q,Carteira 5,SC,"Anitápolis, SC","Anitápolis, SC, Rio dos Pinheiros",2,488,3274.91,54,3890.57,2025-11,0.5714,0.3016,16,30,247.0,194.4,5,0,2025-11-24,0.84,494.0,615.6600000000003,berlinda
ADC105,Florianopolis-Cachoeira_Bom_Jesus-apartamento-TOP-2Q,Carteira 1,SC,"Florianópolis, SC","Florianópolis, SC, Cachoeira do Bom Jesus",6,1083,5911.26,29,5562.4,2025-11,0.625,0.4609,15,30,610.2,312.0,3,0,2025-11-24,1.06,3661.2000000000003,-348.8600000000006,berlinda
BLS1253,Goiania-Central-apartamento-TOP-1Q,Carteira 1_sys-price,GO,"Goiânia, GO","Goiânia, GO, Setor Marista",0,772,2614.94,54,3159.15,2025-11,0.6333,0.5673,19,30,170.68,176.75,4,0,2025-11-24,0.83,0.0,544.21,berlinda
CTA022,Florianopolis-Praia_Brava-apartamento-SUP-3Q,Carteira 1,SC,"Florianópolis, SC","Florianópolis, SC, Praia Brava",8,1395,4428.18,35,4626.83,2025-11,0.6364,0.415,14,30,404.43,,0,0,2025-11-24,0.96,3235.44,198.64999999999964,berlinda
CVI0012,Mata_de_Sao_Joao-Praia_do_Forte-apartamento-JR-1Q,Carteira 2,BA,"Mata de São João, BA","Mata de São João, BA, Praia do Forte",2,165,4298.39,30,3103.69,2025-11,0.8214,0.4506,23,30,228.43,180.0,3,0,2025-11-24,1.38,456.86,-1194.7000000000003,ok
DVB0013,Porto_Seguro-Arraial_Dajuda_Centro-apartamento-SUP-1Q,Carteira 2,BA,"Porto Seguro, BA","Porto Seguro, BA, Arraial d Ajuda",0,12,1296.42,8,2955.81,2025-11,0.2667,0.6209,8,30,196.88,180.0,1,0,2025-11-24,0.44,0.0,1659.3899999999999,crítico
EAN503,Balneario_Camboriu-Centro-apartamento-JR-2Q,Carteira 6,SC,"Balneário Camboriú, SC","Balneário Camboriú, SC, Centro",0,1065,4692.06,49,3454.39,2025-11,0.9,0.5285,27,30,228.37,,0,0,2025-11-24,1.36,0.0,-1237.6700000000005,ok
EPF202,Balneario_Camboriu-Centro-apartamento-JR-2Q,Carteira 6,SC,"Balneário Camboriú, SC","Balneário Camboriú, SC, Centro",0,864,3342.48,49,3454.39,2025-11,0.8667,0.5285,26,30,150.85,145.0,1,0,2025-11-24,0.97,0.0,111.90999999999985,berlinda
EVM1012,Sao_Paulo-Madalena-apartamento-SUP-1Q,Carteira 4,SP,"São Paulo, SP","São Paulo, SP, Sumarezinho",2,288,3704.09,117,4136.31,2025-11,0.6786,0.6341,19,30,204.58,173.25,4,0,2025-11-24,0.9,409.16,432.22000000000025,berlinda
HAI0203,Salvador-Centro-apartamento-JR-1Q,Carteira 2,BA,"Salvador, BA","Salvador, BA, Centro",0,234,1820.74,28,2355.51,2025-11,0.5,0.7039,15,30,147.07,110.0,3,0,2025-11-24,0.77,0.0,534.7700000000002,atenção
ILC2307,Especial-ILC-hotel-TOP-1Q,Especial,SC,"Florianópolis, SC","Florianópolis, SC, Jurerê Internacional",8,1776,10180.5,30,11771.46,2025-11,0.7727,0.7857,17,30,744.53,358.0,1,0,2025-11-24,0.86,5956.24,1590.9599999999991,berlinda
IMD0502,Bombinhas-Bombas-apartamento-MASTER-3Q,Carteira 6,SC,"Bombinhas, SC","Bombinhas, SC, Bombas",9,11,3890.43,18,5280.63,2025-11,0.5238,0.4249,11,30,467.18,300.0,1,0,2025-11-24,0.74,4204.62,1390.2000000000003,atenção
LAR0406,Gramado-Centro-apartamento-TOP-2Q,Carteira 4,RS,"Gramado, RS","Gramado, RS, Vila Suiça",5,681,12153.77,55,11231.9,2025-11,1.0,0.7261,25,30,679.12,,0,0,2025-11-24,1.08,3395.6,-921.8700000000008,berlinda
LTT803,Balneario_Picarras-Geral-apartamento-TOP-3Q,Carteira 6,SC,"Balneário Piçarras, SC","Balneário Piçarras, SC, Itacolomi",0,536,3677.73,19,3248.13,2025-11,0.4667,0.3341,14,30,333.5,303.0,1,0,2025-11-24,1.13,0.0,-429.5999999999999,ok
MHF0904,Itapema-Canto_Praia-apartamento-TOP-1Q,Carteira 5,SC,"Itapema, SC","Itapema, SC, Centro",0,359,5438.54,19,3496.4,2025-11,1.0,0.5702,30,30,324.2,,0,0,2025-11-24,1.56,0.0,-1942.1399999999999,ok
PEA1301,Florianopolis-Itacorubi-apartamento-SUP-3Q,Carteira 4,SC,"Florianópolis, SC","Florianópolis, SC, Itacorubi",0,555,4468.42,18,4487.69,2025-11,0.3667,0.5569,11,30,414.91,188.0,1,0,2025-11-24,1.0,0.0,19.269999999999527,berlinda
PSO0310,Penha-Beto_Carrero-apartamento-SUP-1Q,Carteira 3,SC,"Penha, SC","Penha, SC, Praia de Armação do Itapocoroi",0,122,4581.73,18,2190.5,2025-11,0.9,0.486,27,30,204.67,166.0,1,0,2025-11-24,2.09,0.0,-2391.2299999999996,meta_subestimada
PSO0606,Penha-Beto_Carrero-apartamento-SUP-1Q,Carteira 3,SC,"Penha, SC","Penha, SC, Praia de Armação do Itapocoroi",0,129,3571.12,18,2190.5,2025-11,0.7,0.486,21,30,177.65,162.0,1,0,2025-11-24,1.63,0.0,-1380.62,ok
PST1409,Florianopolis-Itacorubi-apartamento-TOP-1Q,Carteira 4,SC,"Florianópolis, SC","Florianópolis, SC, Itacorubi",0,43,4859.15,26,2725.59,2025-11,0.9667,0.5829,29,30,305.62,,0,0,2025-11-24,1.78,0.0,-2133.5599999999995,ok
RJI011,Ubatuba-Itagua-apartamento-JR-2Q,Carteira 4,SP,"Ubatuba, SP","Ubatuba, SP, Itaguá",2,22,2058.66,170,2679.48,2025-11,0.4286,0.4959,12,30,200.5,,0,0,2025-11-24,0.77,401.0,620.8200000000002,atenção
SKL1604,Penha-Praia-apartamento-SUP-2Q,Carteira 6,SC,"Penha, SC","Penha, SC, Armação",0,131,5390.84,55,3663.31,2025-11,0.9333,0.5039,28,30,247.0,216.0,1,0,2025-11-24,1.47,0.0,-1727.5300000000002,ok
VNT1011,Sao_Paulo-Pompeia-apartamento-SUP-1Q,Carteira 4,SP,"São Paulo, SP","São Paulo, SP, Perdizes",4,170,2586.74,71,3769.75,2025-11,0.6923,0.5545,18,30,174.44,,0,0,2025-11-24,0.69,697.76,1183.0100000000002,atenção
BLV0005,Porto_Seguro-Pataxos-apartamento-JR-2Q,Carteira 2,BA,"Porto Seguro, BA","Porto Seguro, BA, Taperapuan",2,227,1541.37,45,1927.04,2025-11,0.3929,0.3383,11,30,169.73,,0,0,2025-11-24,0.8,339.46,385.6700000000001,atenção
BSO0105,Itajai-Praia_Brava-apartamento-SUP-1Q,Carteira 6,SC,"Balneário Camboriú, SC","Balneário Camboriú, SC, Praia dos Amores",2,198,4015.47,12,2794.44,2025-11,1.0,0.5466,28,30,164.25,,0,0,2025-11-24,1.44,328.5,-1221.0299999999997,ok
CGE0003,Balneario_Picarras-Geral-casa-JR-3Q,Carteira 6,SC,"Balneário Piçarras, SC","Balneário Piçarras, SC, Centro",3,1,469.14,17,1480.8,2025-11,0.1111,0.2389,3,30,216.0,139.17,6,0,2025-11-24,0.32,648.0,1011.66,crítico
DNR1402,Sao_Paulo-Republica-apartamento-SUP-1Q,Carteira 4_sys-price,SP,"São Paulo, SP","São Paulo, SP, República",0,29,3024.72,470,3552.85,2025-11,0.7667,0.7444,23,30,155.61,130.0,2,0,2025-11-24,0.85,0.0,528.1300000000001,berlinda
ESE0102,Balneario_Camboriu-Norte-apartamento-TOP-2Q,Carteira 6,SC,"Balneário Camboriú, SC","Balneário Camboriú, SC, Centro",1,268,8780.47,18,5987.43,2025-11,1.0,0.6644,29,30,374.76,,0,0,2025-11-24,1.47,374.76,-2793.039999999999,ok
EVA0506,Florianopolis-Centrao-apartamento-JR-1Q,Carteira 4,SC,"Florianópolis, SC","Florianópolis, SC, Centro",0,163,1721.68,72,3484.62,2025-11,0.4,0.6339,12,30,160.83,102.33,3,16,2025-11-24,0.49,0.0,1762.9399999999998,crítico
IPTR0082,Balneario_Camboriu-Centro-apartamento-JR-2Q,Carteira 6,SC,"Balneário Camboriú, SC","Balneário Camboriú, SC, Centro",3,92,4365.07,49,3454.39,2025-11,0.8889,0.5285,24,30,243.71,194.5,2,0,2025-11-24,1.26,731.13,-910.6799999999998,ok
ISC0906,Sao_Paulo-Republica-apartamento-SUP-1Q,Carteira 4_sys-price,SP,"São Paulo, SP","São Paulo, SP, Vila Buarque",0,562,3898.05,470,3552.85,2025-11,0.9,0.7444,27,30,177.78,130.0,1,0,2025-11-24,1.1,0.0,-345.2000000000003,berlinda
JBV252,Especial-JBV-hotel-TOP-1Q,Especial,SC,"Florianópolis, SC","Florianópolis, SC, Jurerê",0,1866,10330.3,34,11467.8,2025-11,0.6333,0.7407,19,30,655.21,773.0,2,0,2025-11-24,0.9,0.0,1137.5,berlinda
JBV325,Especial-JBV-hotel-JR-1Q,Especial,SC,"Florianópolis, SC","Florianópolis, SC, Jurerê",3,1820,9453.42,27,10333.97,2025-11,0.8889,0.693,24,30,503.33,,0,0,2025-11-24,0.91,1509.99,880.5499999999993,berlinda
OLN1702,Sao_Paulo-Mariana-apartamento-SUP-1Q,Carteira 4,SP,"São Paulo, SP","São Paulo, SP, Vila Clementino",2,199,3823.3,181,3634.6,2025-11,0.8571,0.6538,24,30,197.79,,0,0,2025-11-24,1.05,395.58,-188.70000000000027,berlinda
RJT0104,Brasilia-Taguatinga_Norte-apartamento-SUP-1Q,Carteira 1_sys-price,DF,"Brasília, DF","Brasília, DF, Taguatinga Norte",2,380,2583.72,115,3036.54,2025-11,0.8214,0.7369,23,30,136.61,166.67,3,0,2025-11-24,0.85,273.22,452.82000000000016,berlinda
RMO0602,Salvador-Ondina_Rio_Vermelho-apartamento-SUP-1Q,Carteira 2,BA,"Salvador, BA","Salvador, BA, Rio Vermelho",2,339,3684.12,86,3539.22,2025-11,0.8214,0.693,23,30,192.48,154.5,2,0,2025-11-24,1.04,384.96,-144.9000000000001,berlinda
RRC0207,Florianopolis-Ribeirao-apartamento-SUP-1Q,Carteira 4,SC,"Florianópolis, SC","Florianópolis, SC, Ribeirão da Ilha",6,411,1332.08,39,2808.4,2025-11,0.4167,0.6118,10,30,152.3,,0,0,2025-11-24,0.47,913.8000000000001,1476.3200000000002,crítico
RVP0502,Joao_Pessoa-Aeroclube-apartamento-JR-2Q,Carteira 2,PB,"João Pessoa, PB","João Pessoa, PB, Aeroclube",7,254,1888.13,10,2414.5,2025-11,0.7391,0.6202,17,30,135.29,,0,0,2025-11-24,0.78,947.03,526.3699999999999,atenção
SDA311,Cabo_Frio-Centro-apartamento-SUP-2Q,Carteira 4,RJ,"Cabo Frio, RJ","Cabo Frio, RJ, Passagem",3,950,1108.64,105,4175.24,2025-11,0.2222,0.5803,6,30,200.0,180.33,6,0,2025-11-24,0.27,600.0,3066.5999999999995,crítico
VCM005,Ilheus-Sul-apartamento-JR-2Q,Carteira 2,BA,"Ilhéus, BA","Ilhéus, BA, Nossa Senhora da Vitória",0,781,2557.74,17,1516.32,2025-11,0.8,0.3782,24,30,117.04,,0,0,2025-11-24,1.69,0.0,-1041.4199999999998,ok
VLT0107,Salvador-Graca-apartamento-JR-1Q,Especial,BA,"Salvador, BA","Salvador, BA, Vitória",2,52,3410.46,22,3110.26,2025-11,0.8214,0.6814,23,30,173.0,,0,0,2025-11-24,1.1,346.0,-300.1999999999998,berlinda
VNU1417,Sao_Paulo-Bela_Vista-apartamento-SUP-1Q,Carteira 4_sys-price,SP,"São Paulo, SP","São Paulo, SP, Bela Vista",0,241,3202.17,605,4142.47,2025-11,0.7667,0.7186,23,30,170.74,,0,0,2025-11-24,0.77,0.0,940.3000000000002,atenção
VST035,Especial-VST-casa-TOP-1Q,Carteira 5,SC,"Anitápolis, SC",VST036,1,66,3384.81,54,3890.57,2025-11,0.5517,0.3016,16,30,289.44,199.6,5,0,2025-11-24,0.87,289.44,505.7600000000002,berlinda
WEL0604,Sao_Paulo-Pompeia-apartamento-SUP-1Q,Carteira 4,SP,"São Paulo, SP","São Paulo, SP, Perdizes",29,134,0.0,71,3769.75,2025-11,0.0,0.5545,0,30,0.0,134.0,1,0,2025-11-24,0.0,0.0,3769.75,crítico
WPE0304,Penha-Longe-casa-TOP-2Q,Carteira 6,SC,"Penha, SC","Penha, SC, Gravatá",4,113,8339.59,18,3420.97,2025-11,0.8077,0.5917,21,30,474.24,1000.0,2,5,2025-11-24,2.44,1896.96,-4918.620000000001,meta_subestimada
CNA013,Especial-CNA-casa-MASTER-1Q,Especial,SP,"Campos do Jordão, SP","Campos do Jordão, SP, Jardim Europa",0,1016,13327.35,26,9055.36,2025-11,0.8667,0.5061,26,30,613.31,,0,0,2025-11-24,1.47,0.0,-4271.99,ok
DLH0205,Gramado-Centro-apartamento-TOP-2Q,Carteira 4,RS,"Gramado, RS","Gramado, RS, Centro",0,400,12421.8,55,11231.9,2025-11,0.7667,0.7261,23,30,583.12,,0,0,2025-11-24,1.11,0.0,-1189.8999999999996,ok
DRB0205,Balneario_Camboriu-Centro-apartamento-SUP-3Q,Carteira 6,SC,"Balneário Camboriú, SC","Balneário Camboriú, SC, Centro",0,681,7644.74,89,4292.03,2025-11,0.8,0.4983,24,30,357.17,199.25,4,0,2025-11-24,1.78,0.0,-3352.71,ok
ENL0004,Porto_Seguro-Pataxos-apartamento-JR-1Q,Carteira 2,BA,"Porto Seguro, BA","Porto Seguro, BA, Village 01",0,5,1832.71,34,2441.73,2025-11,0.5,0.5445,15,30,156.33,123.5,6,0,2025-11-24,0.75,0.0,609.02,atenção
EVB308,Itapema-Meia_Praia-Sul-apartamento-SUP-2Q,Carteira 6,SC,"Itapema, SC","Itapema, SC, Meia Praia",6,1262,4210.29,21,2510.66,2025-11,1.0,0.4178,24,30,208.67,,0,0,2025-11-24,1.68,1252.02,-1699.63,ok
GET0302,Guara-Geral-apartamento-SUP-2Q,Carteira 1_sys-price,DF,"Brasília, DF","Brasília, DF, Zona Industrial",0,215,3948.83,15,4398.33,2025-11,0.5333,0.5835,16,30,305.56,445.2,5,0,2025-11-24,0.9,0.0,449.5,berlinda
ILC3315,Especial-ILC-hotel-TOP-1Q,Especial,SC,"Florianópolis, SC","Florianópolis, SC, Jurerê Internacional",0,1244,10187.91,30,11771.46,2025-11,0.6,0.7857,18,30,797.22,500.0,1,15,2025-11-24,0.87,0.0,1583.5499999999993,berlinda
JBV155,Especial-JBV-hotel-JR-1Q,Especial,SC,"Florianópolis, SC","Florianópolis, SC, Jurerê",0,274,10379.44,27,10333.97,2025-11,0.7667,0.693,23,30,553.48,516.0,1,0,2025-11-24,1.0,0.0,-45.470000000001164,berlinda
JDA402,Balneario_Camboriu-Longe-apartamento-JR-2Q,Carteira 6,SC,"Balneário Camboriú, SC","Balneário Camboriú, SC, Nações",2,859,3149.63,29,1951.37,2025-11,0.7143,0.4913,20,30,170.95,129.0,2,0,2025-11-24,1.61,341.9,-1198.2600000000002,ok
LDN201,Cabo_Frio-Centro-apartamento-JR-3Q,Carteira 4,RJ,"Cabo Frio, RJ","Cabo Frio, RJ, Braga",19,633,0.0,122,2350.4,2025-11,0.0,0.3697,0,30,0.0,237.2,5,3,2025-11-24,0.0,0.0,2350.4,crítico
MHF1603,Itapema-Canto_Praia-apartamento-TOP-1Q,Carteira 5,SC,"Itapema, SC","Itapema, SC, Centro",4,386,3392.98,19,3496.4,2025-11,0.7308,0.5702,19,30,214.53,200.0,1,0,2025-11-24,0.97,858.12,103.42000000000007,berlinda
MZD0308,Cabo_Frio-Centro-apartamento-SUP-2Q,Carteira 4,RJ,"Cabo Frio, RJ","Cabo Frio, RJ, Centro",2,383,3359.85,105,4175.24,2025-11,0.5357,0.5803,15,30,265.07,174.0,2,0,2025-11-24,0.8,530.14,815.3899999999999,berlinda
NWT0612,Especial-NWT-apartamento-TOP-1Q,Carteira 5,AL,"Maceió, AL","Maceió, AL, Pajuçara",1,215,5856.91,43,5085.72,2025-11,0.8621,0.6637,25,30,286.76,,0,0,2025-11-24,1.15,286.76,-771.1899999999996,ok
NWT1104,Especial-NWT-apartamento-TOP-1Q,Carteira 5,AL,"Maceió, AL","Maceió, AL, Pajuçara",7,10,4077.84,43,5085.72,2025-11,0.7391,0.6637,17,30,318.71,280.0,2,0,2025-11-24,0.8,2230.97,1007.8800000000001,berlinda
OBP0201,Penha-Beto_Carrero-apartamento-TOP-2Q,Carteira 3,SC,"Penha, SC","Penha, SC, Armação",2,52,3328.41,49,4153.95,2025-11,0.6071,0.4412,17,30,226.06,160.0,2,0,2025-11-24,0.8,452.12,825.54,berlinda
PKS0115,Guara-Geral-apartamento-SUP-1Q,Carteira 1,DF,"Brasília, DF","Brasília, DF, Asa Norte",0,212,3701.53,34,4348.81,2025-11,0.8,0.7917,24,30,199.08,,0,0,2025-11-24,0.85,0.0,647.2800000000002,berlinda
PSO0809,Penha-Beto_Carrero-apartamento-SUP-1Q,Carteira 3,SC,"Penha, SC","Penha, SC, Praia de Armação do Itapocoroi",0,92,2931.54,18,2190.5,2025-11,0.7333,0.486,22,30,175.64,130.5,2,0,2025-11-24,1.34,0.0,-741.04,ok
RGF1211,Salvador-Flamengo-apartamento-TOP-1Q,Carteira 2,BA,"Salvador, BA","Salvador, BA, Itapuã",1,72,3912.5,32,3308.7,2025-11,0.8276,0.6487,24,30,204.96,207.0,1,0,2025-11-24,1.18,204.96,-603.8000000000002,ok
RTBB1361,Florianopolis-Canasvieiras_Meio-apartamento-SIM-1Q,Carteira 1,SC,"Florianópolis, SC","Florianópolis, SC, Canasvieiras",2,738,1513.76,51,1401.48,2025-11,0.3929,0.4157,11,30,153.91,127.6,5,15,2025-11-24,1.08,307.82,-112.27999999999997,berlinda
SGS0106,Florianopolis-Beira_Mar-apartamento-SUP-1Q,Carteira 4,SC,"Florianópolis, SC","Florianópolis, SC, Centro",1,81,4640.83,25,5229.55,2025-11,0.8621,0.7213,25,30,224.88,137.0,1,0,2025-11-24,0.89,224.88,588.7200000000003,berlinda
TCO0210,Porto_Alegre-Centro_Historico-apartamento-SUP-1Q,Carteira 4,RS,"Porto Alegre, RS","Porto Alegre, RS, Centro Histórico",0,269,2498.11,77,2393.45,2025-11,0.7667,0.6126,23,30,126.91,,0,0,2025-11-24,1.04,0.0,-104.66000000000031,berlinda
UPP0513,Curitiba-Centro-apartamento-JR-1Q,Carteira 4,PR,"Curitiba, PR","Curitiba, PR, Alto da XV",0,26,2402.57,289,2479.88,2025-11,0.6667,0.6885,20,30,135.0,130.0,5,0,2025-11-24,0.97,0.0,77.30999999999995,berlinda
ARK0201,Brasilia-Asa_Sul-apartamento-TOP-1Q,Carteira 1_sys-price,DF,"Brasília, DF","Brasília, DF, Asa Sul",0,137,5735.87,23,5245.82,2025-11,0.9,0.8468,27,30,265.67,,0,0,2025-11-24,1.09,0.0,-490.0500000000002,berlinda
ELF0612,Bombinhas-Bombas-apartamento-SUP-1Q,Especial,SC,"Bombinhas, SC","Bombinhas, SC, José Amândio",1,185,5050.86,45,3072.04,2025-11,0.8621,0.4924,25,30,253.4,,0,9,2025-11-24,1.64,253.4,-1978.8199999999997,ok
EVR1403,Porto_Belo-Geral-apartamento-TOP-2Q,Carteira 6,SC,"Porto Belo, SC","Porto Belo, SC, Balneário Perequê",0,50,5107.47,11,2576.68,2025-11,0.9667,0.3289,29,30,211.14,160.0,1,0,2025-11-24,1.98,0.0,-2530.7900000000004,ok
ILH0001,Florianopolis-Canasvieiras_Perto-apartamento-JR-1Q,Carteira 1,SC,"Florianópolis, SC","Florianópolis, SC, Canasvieiras",1,1,4252.68,59,1537.73,2025-11,0.8621,0.4046,25,30,200.6,,0,0,2025-11-24,2.77,200.6,-2714.9500000000003,meta_subestimada
LIV0907,Salvador-Graca-apartamento-TOP-1Q,Especial,BA,"Salvador, BA","Salvador, BA, Vitória",0,120,5750.03,15,3658.61,2025-11,0.8667,0.6726,26,30,242.12,177.5,2,0,2025-11-24,1.57,0.0,-2091.4199999999996,ok
MOC0210,Petropolis-Quitandinha-apartamento-JR-1Q,Carteira 4,RJ,"Petrópolis, RJ","Petrópolis, RJ, Independência",0,347,2169.72,12,2544.81,2025-11,0.4667,0.5047,14,30,204.14,,0,0,2025-11-24,0.85,0.0,375.09000000000015,berlinda
NWT0802,Especial-NWT-apartamento-TOP-1Q,Carteira 5,AL,"Maceió, AL","Maceió, AL, Pajuçara",0,239,4703.83,43,5085.72,2025-11,0.5667,0.6637,17,30,325.88,294.0,3,0,2025-11-24,0.92,0.0,381.8900000000003,berlinda
NWT0907,Especial-NWT-apartamento-TOP-1Q,Carteira 5,AL,"Maceió, AL","Maceió, AL, Pajuçara",0,221,6097.05,43,5085.72,2025-11,0.8,0.6637,24,30,299.04,253.0,3,0,2025-11-24,1.2,0.0,-1011.3299999999999,ok
NWT1324,Especial-NWT-apartamento-TOP-1Q,Carteira 5,AL,"Maceió, AL","Maceió, AL, Pajuçara",3,228,7468.48,43,5085.72,2025-11,0.7778,0.6637,21,30,513.24,,0,19,2025-11-24,1.47,1539.72,-2382.7599999999993,ok
RGO702,Itapema-Meia_Praia-Sul-apartamento-SUP-2Q,Carteira 6,SC,"Itapema, SC","Itapema, SC, Castelo Branco",6,772,3163.67,21,2510.66,2025-11,0.875,0.4178,21,30,169.81,120.0,1,0,2025-11-24,1.26,1018.86,-653.0100000000002,ok
RPO0302,Balneario_Picarras-Geral-apartamento-TOP-2Q,Carteira 6,SC,"Balneário Piçarras, SC","Balneário Piçarras, SC, Centro",1,30,3862.86,41,2627.78,2025-11,0.7931,0.3938,23,30,201.0,181.67,3,0,2025-11-24,1.47,201.0,-1235.08,ok
RRT0098,Penha-Longe-casa-JR-2Q,Carteira 6,SC,"Penha, SC","Penha, SC, Armação",0,423,2525.98,17,2955.76,2025-11,0.7,0.458,21,30,145.52,100.0,1,0,2025-11-24,0.85,0.0,429.7800000000002,berlinda
RUA0226,Penha-Praia-casa-JR-3Q,Carteira 6,SC,"Penha, SC","Penha, SC, Centro",7,263,2854.15,28,3102.15,2025-11,0.5217,0.5377,12,30,324.17,169.25,4,0,2025-11-24,0.92,2269.19,248.0,berlinda
TCO0815,Porto_Alegre-Centro_Historico-apartamento-SUP-1Q,Carteira 4,RS,"Porto Alegre, RS","Porto Alegre, RS, Centro Histórico",0,421,2452.83,77,2393.45,2025-11,0.7667,0.6126,23,30,121.22,120.0,1,0,2025-11-24,1.02,0.0,-59.38000000000011,berlinda
THK1902,Sao_Paulo-Republica-apartamento-SUP-1Q,Carteira 4_sys-price,SP,"São Paulo, SP","São Paulo, SP, República",2,297,2633.49,470,3552.85,2025-11,0.7143,0.7444,20,30,156.5,130.0,2,0,2025-11-24,0.74,313.0,919.3600000000001,atenção
THO2707,Goiania-Leste-apartamento-SUP-1Q,Carteira 1_sys-price,GO,"Goiânia, GO","Goiânia, GO, Jardim Goiás",0,597,3630.52,82,2407.54,2025-11,0.8667,0.5448,26,30,158.08,145.0,1,0,2025-11-24,1.51,0.0,-1222.98,ok
CNA012,Especial-CNA-casa-MASTER-1Q,Especial,SP,"Campos do Jordão, SP","Campos do Jordão, SP, Jardim Europa",0,1016,12456.5,26,9055.36,2025-11,0.8333,0.5061,25,30,591.92,353.33,3,0,2025-11-24,1.38,0.0,-3401.1399999999994,ok
CSP0407,Sao_Paulo-Bela_Vista-apartamento-TOP-1Q,Carteira 4_sys-price,SP,"São Paulo, SP","São Paulo, SP, Bela Vista",3,313,6895.43,230,4695.93,2025-11,0.9259,0.7432,25,30,294.72,,0,0,2025-11-24,1.47,884.1600000000001,-2199.5,ok
DAL207,Canela-Geral-apartamento-SUP-2Q,Carteira 4,RS,"Canela, RS","Canela, RS, São José",0,220,5758.4,25,4533.9,2025-11,0.7667,0.6141,23,30,326.26,224.75,4,0,2025-11-24,1.27,0.0,-1224.5,ok
DMS0107,Gramado-Centro-apartamento-TOP-2Q,Carteira 4,RS,"Gramado, RS","Gramado, RS, Bairro Belverede",0,163,16965.18,55,11231.9,2025-11,0.6,0.7261,18,30,1121.11,1500.0,3,24,2025-11-24,1.51,0.0,-5733.280000000001,ok
FFS0402,Itapema-Meia_Praia-Sul-apartamento-SUP-1Q,Carteira 6,SC,"Itapema, SC","Itapema, SC, Meia Praia",1,10,3061.63,19,2238.48,2025-11,0.8966,0.5187,26,30,149.0,,0,0,2025-11-24,1.37,149.0,-823.1500000000001,ok
IAA1002,Recife-Boa_Viagem-apartamento-TOP-1Q,Carteira 2,PE,"Recife, PE","Recife, PE, Boa Viagem",0,598,4618.2,40,4981.09,2025-11,0.8333,0.8137,25,30,230.56,,0,0,2025-11-24,0.93,0.0,362.8900000000003,berlinda
IER0305,Salvador-Ondina_Rio_Vermelho-apartamento-JR-1Q,Carteira 2,BA,"Salvador, BA","Salvador, BA, Ondina",2,68,656.4,64,2833.13,2025-11,0.0714,0.7084,2,30,390.0,390.0,6,30,2025-11-24,0.23,780.0,2176.73,crítico
IFT1802,Itapema-Meia_Praia-Norte-apartamento-TOP-1Q,Carteira 6,SC,"Itapema, SC","Itapema, SC, Meia Praia",0,372,4793.07,32,3277.09,2025-11,0.9333,0.4396,28,30,200.29,187.0,1,0,2025-11-24,1.46,0.0,-1515.9799999999996,ok
MGI024,Porto_Seguro-Pitinga-casa-TOP-3Q,Carteira 2,BA,"Porto Seguro, BA","Porto Seguro, BA, Arraial D'Ajuda",9,736,5598.76,9,3906.63,2025-11,0.4286,0.3498,9,30,884.44,601.5,6,0,2025-11-24,1.43,7959.960000000001,-1692.13,ok
MHF1807,Itapema-Canto_Praia-apartamento-TOP-1Q,Carteira 5,SC,"Itapema, SC","Itapema, SC, Centro",6,319,2400.3,19,3496.4,2025-11,0.3333,0.5702,8,30,356.0,409.0,4,28,2025-11-24,0.69,2136.0,1096.1,atenção
NDE0003,Florianopolis-Campeche-apartamento-SUP-1Q,Carteira 1,SC,"Florianópolis, SC","Florianópolis, SC, Ribeirão da Ilha",0,206,2147.32,28,3106.87,2025-11,0.4,0.6807,12,30,214.58,218.0,5,0,2025-11-24,0.69,0.0,959.5499999999997,atenção
NWT1008,Especial-NWT-apartamento-TOP-1Q,Carteira 5,AL,"Maceió, AL","Maceió, AL, Pajuçara",0,198,6481.55,43,5085.72,2025-11,0.7667,0.6637,23,30,346.26,280.0,1,0,2025-11-24,1.27,0.0,-1395.83,ok
NWT1113,Especial-NWT-apartamento-TOP-1Q,Carteira 5,AL,"Maceió, AL","Maceió, AL, Pajuçara",1,288,4966.34,43,5085.72,2025-11,0.6552,0.6637,19,30,324.11,298.0,4,0,2025-11-24,0.98,324.11,119.38000000000011,berlinda
NWT1419,Especial-NWT-apartamento-TOP-1Q,Carteira 5,AL,"Maceió, AL","Maceió, AL, Pajuçara",0,309,8607.2,43,5085.72,2025-11,1.0,0.6637,30,30,340.13,,0,0,2025-11-24,1.69,0.0,-3521.4800000000005,ok
OBS0201,Itapema-Meia_Praia-Sul-apartamento-JR-2Q,Carteira 6,SC,"Itapema, SC","Itapema, SC, Itapema",2,151,3690.87,19,2238.48,2025-11,0.7857,0.5187,22,30,200.95,110.0,1,0,2025-11-24,1.65,401.9,-1452.3899999999999,ok
OKA105,Florianopolis-Campeche-apartamento-SUP-1Q,Carteira 1,SC,"Florianópolis, SC","Florianópolis, SC, Campeche",1,1041,3627.7,28,3106.87,2025-11,0.6897,0.6807,20,30,225.55,210.5,4,0,2025-11-24,1.17,225.55,-520.8299999999999,ok
PDD0572,Balneario_Picarras-Geral-casa-SUP-2Q,Carteira 6,SC,"Balneário Piçarras, SC","Balneário Piçarras, SC, Itacolomi",4,19,1790.49,17,1480.8,2025-11,0.5,0.2389,13,30,147.62,139.17,6,0,2025-11-24,1.21,590.48,-309.69000000000005,ok
PLA0408,Curitiba-Boa_Vista-apartamento-SUP-1Q,Carteira 4,PR,"Curitiba, PR","Curitiba, PR, Boa Vista",0,50,2837.96,23,2663.54,2025-11,0.7667,0.6719,23,30,150.78,130.0,2,0,2025-11-24,1.07,0.0,-174.42000000000007,berlinda
PRA0304,Florianopolis-Ingleses_Norte-apartamento-TOP-2Q,Carteira 1,SC,"Florianópolis, SC","Florianópolis, SC, Ingleses do Rio Vermelho",0,719,1047.44,21,5532.65,2025-11,0.1333,0.6262,4,30,321.75,263.0,6,0,2025-11-24,0.19,0.0,4485.209999999999,crítico
PRY0002,Porto_Seguro-Pataxos-apartamento-SUP-2Q,Carteira 2,BA,"Porto Seguro, BA","Porto Seguro, BA, Taperapuã",2,43,4587.24,44,3643.3,2025-11,0.8929,0.5205,25,30,228.28,,0,0,2025-11-24,1.26,456.56,-943.9399999999996,ok
RLU0302,Gramado-Carniel-apartamento-TOP-3Q,Carteira 4,RS,"Gramado, RS","Gramado, RS, Jardim Bela Vista",5,107,11042.65,21,7441.75,2025-11,1.0,0.5747,25,30,603.08,,0,0,2025-11-24,1.48,3015.4,-3600.8999999999996,ok
SOA0205,Salvador-Boca_do_Rio-apartamento-SUP-1Q,Carteira 2,BA,"Salvador, BA","Salvador, BA, Boca do Rio",6,379,2241.71,34,3140.34,2025-11,0.7083,0.6738,17,30,147.35,159.75,4,0,2025-11-24,0.71,884.0999999999999,898.6300000000001,atenção
TCO0712,Porto_Alegre-Centro_Historico-apartamento-SUP-1Q,Carteira 4,RS,"Porto Alegre, RS","Porto Alegre, RS, Centro Histórico",0,555,2295.3,77,2393.45,2025-11,0.7,0.6126,21,30,125.71,120.0,1,0,2025-11-24,0.96,0.0,98.14999999999964,berlinda
TPS209,Florianopolis-Canasvieiras_Meio-apartamento-TOP-1Q,Carteira 1,SC,"Florianópolis, SC","Florianópolis, SC, Canasvieiras",0,997,4304.77,26,4125.61,2025-11,0.8,0.558,24,30,242.75,193.25,4,0,2025-11-24,1.04,0.0,-179.16000000000076,berlinda
UPP0316,Curitiba-Centro-apartamento-JR-1Q,Carteira 4,PR,"Curitiba, PR","Curitiba, PR, Alto da XV",0,29,2900.56,289,2479.88,2025-11,0.7333,0.6885,22,30,155.86,130.0,1,0,2025-11-24,1.17,0.0,-420.67999999999984,ok
VEC213,Bombinhas-Centro-apartamento-SUP-1Q,Carteira 6,SC,"Bombinhas, SC","Bombinhas, SC, Centro",0,1037,5191.75,35,3520.7,2025-11,0.9,0.6125,27,30,221.3,159.0,2,0,2025-11-24,1.47,0.0,-1671.0500000000002,ok
VLE005,Bombinhas-Mariscal-apartamento-JR-2Q,Carteira 6,SC,"Bombinhas, SC","Bombinhas, SC, Mariscal",0,1494,728.89,12,1868.64,2025-11,0.1333,0.2244,4,30,198.0,198.0,6,28,2025-11-24,0.39,0.0,1139.75,crítico
VRA404,Florianopolis-Centrao-apartamento-SUP-3Q,Carteira 4,SC,"Florianópolis, SC","Florianópolis, SC, Centro",0,460,7087.39,20,5387.31,2025-11,0.5333,0.5773,16,30,515.69,300.0,3,12,2025-11-24,1.32,0.0,-1700.08,ok
