listing,categoria,carteira,estado,cidade,Bairro,dias_bloqueados,dias_ativo,faturamento_mes,n_concorrentes,meta,mes_ano,to_listings,to_concorrentes,dias_ocupados,total_dias,media_preco_ocupado,media_preco_disponivel,ocupacao_ainda_disponivel,dias_pmin,data_da_execucao,atingimento_meta,faturamento_perdido_bloqueio,falta_meta,grupo_criticidade
BCA0601,Salvador-Ondina_Rio_Vermelho-apartamento-SUP-2Q,Carteira 2,BA,"Salvador, BA","Salvador, BA, Barra",0.0,528,7728.24,44,3618.84,2025-12,0.7097,0.4574,22.0,31,416.59,392.67,9.0,0.0,2025-12-01,2.14,0.0,-4109.4,meta_subestimada
BLS0358,Goiania-Central-apartamento-SUP-1Q,Carteira 1_sys-price,GO,"Goiânia, GO","Goiânia, GO, Setor Marista",0.0,808,930.88,106,915.87,2025-12,0.1935,0.1609,6.0,31,186.17,171.28,25.0,8.0,2025-12-01,1.02,0.0,-15.009999999999991,berlinda
CSCA1110,Florianopolis-Ingleses_Norte-apartamento-JR-1Q,Carteira 1,SC,"Florianópolis, SC","Florianópolis, SC, Ingleses do Rio Vermelho",0.0,1448,8951.16,56,3996.59,2025-12,0.6774,0.367,21.0,31,594.76,319.9,10.0,0.0,2025-12-01,2.24,0.0,-4954.57,meta_subestimada
ETI0724,Maceio-Ponta_Verde-apartamento-TOP-1Q,Carteira 2,AL,"Maceió, AL","Maceió, AL, Ponta Verde",0.0,340,5573.59,111,4474.52,2025-12,0.5161,0.4818,16.0,31,426.06,315.2,15.0,0.0,2025-12-01,1.25,0.0,-1099.0699999999997,ok
EVE0104,Florianopolis-Ingleses_Praia-apartamento-JR-3Q,Carteira 1,SC,"Florianópolis, SC","Florianópolis, SC, Ingleses do Rio Vermelho",5.0,234,6820.76,63,7558.2,2025-12,0.5385,0.3844,14.0,31,582.57,1114.08,12.0,0.0,2025-12-01,0.9,2912.8500000000004,737.4399999999996,berlinda
JMA025,Florianopolis-Jurere_Longe-apartamento-JR-1Q,Carteira 1,SC,"Florianópolis, SC","Florianópolis, SC, Jurerê",0.0,244,1839.76,42,3939.68,2025-12,0.0645,0.3823,2.0,31,1000.0,338.54,28.0,0.0,2025-12-01,0.47,0.0,2099.92,crítico
JPR201,Especial-JPR-apartamento-TOP-1Q,Carteira 1,SC,"Florianópolis, SC","Florianópolis, SC, Jurerê",0.0,1300,12017.58,15,9882.1,2025-12,0.6129,0.5496,19.0,31,862.53,1154.09,11.0,0.0,2025-12-01,1.22,0.0,-2135.4799999999996,ok
JRS0130,Penha-Beto_Carrero-casa-JR-4Q,Carteira 3,SC,"Penha, SC","Penha, SC, Armação",12.0,62,2651.48,18,6452.57,2025-12,0.4211,0.3977,8.0,31,428.0,452.7,10.0,0.0,2025-12-01,0.41,5136.0,3801.0899999999997,crítico
MRE801,Porto_Belo-Geral-apartamento-TOP-2Q,Carteira 6,SC,"Porto Belo, SC","Porto Belo, SC, Perequê",1.0,289,6248.3,14,5599.84,2025-12,0.2333,0.3573,7.0,31,1099.86,421.17,23.0,0.0,2025-12-01,1.12,1099.86,-648.46,ok
PMO0404,Florianopolis-Estreito-apartamento-TOP-1Q,Carteira 4,SC,"Florianópolis, SC","Florianópolis, SC, Coqueiros",10.0,423,0.0,27,4116.85,2025-12,0.0,0.3839,0.0,31,0.0,414.1,21.0,30.0,2025-12-01,0.0,0.0,4116.85,crítico
POR0017,Brasilia-Asa_Sul-apartamento-SUP-1Q,Carteira 1_sys-price,DF,"Brasília, DF","Brasília, DF, Setor Sudoeste",15.0,174,2813.3,131,1856.96,2025-12,0.875,0.381,14.0,31,263.86,183.0,2.0,0.0,2025-12-01,1.52,3957.9,-956.3400000000001,ok
RDO0025,Balneario_Picarras-Geral-casa-JR-3Q,Carteira 6,SC,"Balneário Piçarras, SC","Balneário Piçarras, SC, Itacolomi",5.0,234,6379.06,19,5714.92,2025-12,0.5769,0.3006,15.0,31,561.27,233.55,11.0,0.0,2025-12-01,1.12,2806.35,-664.1400000000003,ok
SCA0108,Florianopolis-Santo_Antonio_de_Lisboa-apartamento-SUP-1Q,Carteira 1,SC,"Florianópolis, SC","Florianópolis, SC, Cacupé",0.0,66,1495.58,13,4399.09,2025-12,0.2258,0.4646,7.0,31,266.43,562.65,23.0,0.0,2025-12-01,0.34,0.0,2903.51,crítico
SDR010,Florianopolis-Lagoa-apartamento-SUP-1Q,Carteira 1,SC,"Florianópolis, SC","Florianópolis, SC, Lagoa da Conceição",31.0,1552,0.0,29,4977.73,2025-12,,0.5714,0.0,31,0.0,,0.0,0.0,2025-12-01,0.0,0.0,4977.73,crítico
SFR0315,Bombinhas-Centro-apartamento-SUP-1Q,Carteira 6,SC,"Bombinhas, SC","Bombinhas, SC, Centro",0.0,67,7264.04,37,5567.5,2025-12,0.6129,0.4579,19.0,31,434.05,652.25,12.0,0.0,2025-12-01,1.3,0.0,-1696.54,ok
SLC0101,Florianopolis-Rio_Vermelho-apartamento-JR-1Q,Carteira 1,SC,"Florianópolis, SC","Florianópolis, SC, Ingleses do Rio Vermelho",0.0,315,0.0,20,2731.75,2025-12,0.0,0.3075,0.0,31,0.0,353.2,30.0,0.0,2025-12-01,0.0,0.0,2731.75,crítico
SLC0104,Florianopolis-Rio_Vermelho-apartamento-JR-1Q,Carteira 1,SC,"Florianópolis, SC","Florianópolis, SC, Ingleses do Rio Vermelho",0.0,314,0.0,20,2731.75,2025-12,0.0,0.3075,0.0,31,0.0,353.2,30.0,0.0,2025-12-01,0.0,0.0,2731.75,crítico
UPP0501,Curitiba-Centro-apartamento-JR-1Q,Carteira 4_sys-price,PR,"Curitiba, PR","Curitiba, PR, Alto da XV",0.0,47,0.0,227,1822.41,2025-12,0.0,0.3741,0.0,31,0.0,154.3,30.0,0.0,2025-12-01,0.0,0.0,1822.41,crítico
VLI0103,Ubatuba-Tenorio-apartamento-JR-3Q,Carteira 4,SP,"Ubatuba, SP","Ubatuba, SP, Tenório",6.0,19,7733.4,522,7131.78,2025-12,0.44,0.4196,11.0,31,880.0,448.57,14.0,0.0,2025-12-01,1.08,5280.0,-601.6199999999999,berlinda
VST007,Especial-VST-casa-TOP-1Q,Carteira 5,SC,"Anitápolis, SC","Anitápolis, SC, Rio dos Pinheiros",0.0,275,496.4,47,2992.0,2025-12,0.0645,0.1608,2.0,31,314.25,271.04,26.0,0.0,2025-12-01,0.17,0.0,2495.6,crítico
ABC0403,Itajai-Praia_Brava-apartamento-SUP-3Q,Carteira 6,SC,"Itajaí, SC","Itajaí, SC, Praia Brava de Itajaí",19.0,986,3161.73,32,10798.21,2025-12,1.0,0.3905,12.0,31,299.17,,0.0,0.0,2025-12-01,0.29,5684.2300000000005,7636.48,crítico
BLU0206,Florianopolis-Ponta_Das_Canas-apartamento-JR-2Q,Carteira 1,SC,"Florianópolis, SC","Florianópolis, SC, Canasvieiras",5.0,528,3365.46,157,4671.6,2025-12,0.3077,0.4206,8.0,31,503.75,725.39,18.0,0.0,2025-12-01,0.72,2518.75,1306.1400000000003,atenção
CET603,Balneario_Camboriu-Centro-apartamento-TOP-2Q,Carteira 6,SC,"Balneário Camboriú, SC","Balneário Camboriú, SC, Centro",0.0,936,10215.24,36,8296.0,2025-12,0.4516,0.4083,14.0,31,862.57,904.24,17.0,0.0,2025-12-01,1.23,0.0,-1919.2399999999998,ok
CLF0104,Salvador-Flamengo-apartamento-SUP-1Q,Carteira 2,BA,"Salvador, BA","Salvador, BA, Stella Maris",0.0,46,602.91,25,1707.08,2025-12,0.0968,0.2998,3.0,31,220.0,284.26,27.0,30.0,2025-12-01,0.35,0.0,1104.17,crítico
CSI0706,Balneario_Picarras-Geral-apartamento-SUP-2Q,Carteira 6,SC,"Balneário Piçarras, SC","Balneário Piçarras, SC, Centro",7.0,60,6792.05,77,6230.07,2025-12,0.5417,0.3874,13.0,31,585.92,395.55,11.0,0.0,2025-12-01,1.09,4101.44,-561.9800000000005,berlinda
CVPF102,Porto_de_Pedras-Geral-apartamento-SUP-2Q,Carteira 2,AL,"Porto de Pedras, AL","Porto de Pedras, AL, PORTO DE PEDRAS",0.0,663,8024.75,35,6214.2,2025-12,0.5806,0.3904,18.0,31,552.22,492.75,12.0,0.0,2025-12-01,1.29,0.0,-1810.5500000000002,ok
JMA008,Florianopolis-Jurere_Longe-apartamento-JR-1Q,Carteira 1,SC,"Florianópolis, SC","Florianópolis, SC, Jurerê",0.0,517,342.66,42,3939.68,2025-12,0.0645,0.3823,2.0,31,210.0,395.14,29.0,0.0,2025-12-01,0.09,0.0,3597.02,crítico
NWT0814,Especial-NWT-apartamento-TOP-1Q,Carteira 5,AL,"Maceió, AL","Maceió, AL, Pajuçara",0.0,216,9781.75,34,4511.21,2025-12,0.7742,0.3523,24.0,31,508.0,430.86,7.0,0.0,2025-12-01,2.17,0.0,-5270.54,meta_subestimada
ONP1716,Sao_Paulo-Bela_Vista-apartamento-SUP-1Q,Carteira 4_sys-price,SP,"São Paulo, SP","São Paulo, SP, Paraíso",1.0,133,1557.07,718,2096.87,2025-12,0.3333,0.3298,10.0,31,178.2,195.0,20.0,0.0,2025-12-01,0.74,178.2,539.8,atenção
PRY0010,Porto_Seguro-Pataxos-apartamento-SUP-2Q,Carteira 2,BA,"Porto Seguro, BA","Porto Seguro, BA, Paraiso dos Pataxós",0.0,60,11420.13,50,6175.67,2025-12,0.8065,0.4331,25.0,31,660.44,315.0,6.0,0.0,2025-12-01,1.85,0.0,-5244.459999999999,ok
PSO0808,Penha-Beto_Carrero-apartamento-SUP-1Q,Carteira 3,SC,"Penha, SC","Penha, SC, Praia de Armação do Itapocoroi",0.0,146,8273.52,15,2337.5,2025-12,0.7419,0.234,23.0,31,430.39,230.88,8.0,0.0,2025-12-01,3.54,0.0,-5936.02,meta_subestimada
PSO1004,Penha-Beto_Carrero-apartamento-SUP-1Q,Carteira 3,SC,"Penha, SC","Penha, SC, Praia de Armação do Itapocoroi",0.0,115,6206.48,15,2337.5,2025-12,0.7419,0.234,23.0,31,354.39,696.63,8.0,0.0,2025-12-01,2.66,0.0,-3868.9799999999996,meta_subestimada
PSOA0807,Penha-Beto_Carrero-apartamento-SUP-1Q,Carteira 3,SC,"Penha, SC","Penha, SC, Praia de Armação do Itapocoroi",0.0,130,3932.59,15,2337.5,2025-12,0.5161,0.234,16.0,31,330.25,483.21,14.0,0.0,2025-12-01,1.68,0.0,-1595.0900000000001,ok
RMC203,Florianopolis-Estreito-apartamento-JR-1Q,Carteira 4,SC,"Florianópolis, SC","Florianópolis, SC, Capoeiras",0.0,872,2354.24,9,1991.27,2025-12,0.4516,0.2453,14.0,31,224.64,312.56,16.0,0.0,2025-12-01,1.18,0.0,-362.9699999999998,ok
RPP0678,Penha-Longe-casa-JR-3Q,Carteira 6,SC,"Penha, SC","Penha, SC, Centro",0.0,313,2558.26,29,6102.28,2025-12,0.2903,0.3486,9.0,31,400.67,389.05,22.0,0.0,2025-12-01,0.42,0.0,3544.0199999999995,crítico
SAA0321,Salvador-Pituba_Praia-apartamento-SUP-1Q,Carteira 5,BA,"Salvador, BA","Salvador, BA, Amaralina",0.0,54,1087.92,13,1623.08,2025-12,0.2581,0.3478,8.0,31,161.5,279.95,22.0,0.0,2025-12-01,0.67,0.0,535.1599999999999,atenção
UPP0507,Curitiba-Centro-apartamento-JR-1Q,Carteira 6_sys-price,PR,"Curitiba, PR","Curitiba, PR, Alto da XV",0.0,20,497.25,227,1822.41,2025-12,0.1613,0.3741,5.0,31,130.0,159.16,25.0,0.0,2025-12-01,0.27,0.0,1325.16,crítico
VDP0029,Cabo_Frio-Palmeiras-casa-JR-4Q,Carteira 4,RJ,"Cabo Frio, RJ","Cabo Frio, RJ, Parque Burle",1.0,276,3789.36,36,6972.12,2025-12,0.1,0.3343,3.0,31,1575.0,558.38,26.0,0.0,2025-12-01,0.54,1575.0,3182.7599999999998,atenção
VTD0203,Florianopolis-UFSC-apartamento-SUP-1Q,Carteira 4,SC,"Florianópolis, SC","Florianópolis, SC, Trindade",19.0,124,1232.0,50,3127.35,2025-12,0.1667,0.4234,2.0,31,700.0,443.6,10.0,0.0,2025-12-01,0.39,13300.0,1895.35,crítico
VTE0301,Itapema-Meia_Praia-Norte-apartamento-TOP-3Q,Carteira 6,SC,"Itapema, SC","Itapema, SC, Meia Praia",0.0,144,20880.78,22,10121.8,2025-12,0.871,0.4704,27.0,31,1009.81,468.75,4.0,0.0,2025-12-01,2.06,0.0,-10758.98,meta_subestimada
YVD1301,Balneario_Camboriu-Intermediario-apartamento-SUP-3Q,Carteira 6,SC,"Balneário Camboriú, SC","Balneário Camboriú, SC, Centro",5.0,670,10560.34,52,6788.42,2025-12,0.6154,0.3145,16.0,31,963.94,478.0,9.0,0.0,2025-12-01,1.56,4819.700000000001,-3771.92,ok
AMC0204,Florianopolis-Ingleses_Praia-apartamento-JR-1Q,Carteira 1,SC,"Florianópolis, SC","Florianópolis, SC, Ingleses do Rio Vermelho",0.0,696,10327.12,36,3908.47,2025-12,0.9355,0.4301,29.0,31,516.9,802.5,2.0,4.0,2025-12-01,2.64,0.0,-6418.6500000000015,meta_subestimada
CNA006,Especial-CNA-casa-MASTER-1Q,Especial,SP,"Campos do Jordão, SP","Campos do Jordão, SP, Jardim Europa",0.0,1046,3955.06,25,6822.48,2025-12,0.1935,0.3355,6.0,31,897.0,771.48,23.0,0.0,2025-12-01,0.58,0.0,2867.4199999999996,atenção
DPAC0116,Aguas_Claras-Geral-apartamento-SUP-1Q,Carteira 1_sys-price,DF,"Brasília, DF","Brasília, DF, Águas Claras",0.0,229,1657.98,91,1443.98,2025-12,0.2903,0.304,9.0,31,203.33,187.95,22.0,0.0,2025-12-01,1.15,0.0,-214.0,ok
ELU0311,Especial-JPR-apartamento-TOP-1Q,Carteira 1,SC,"Florianópolis, SC","Florianópolis, SC, Jurerê",5.0,628,13709.12,15,9882.1,2025-12,0.6538,0.5496,17.0,31,1138.47,537.38,8.0,0.0,2025-12-01,1.39,5692.35,-3827.0200000000004,ok
GRB0917,Porto_Alegre-Auxiliadora-apartamento-SUP-1Q,Carteira 4,RS,"Porto Alegre, RS","Porto Alegre, RS, Rio Branco",0.0,383,1786.37,111,1528.98,2025-12,0.3871,0.2715,12.0,31,168.5,200.26,19.0,0.0,2025-12-01,1.17,0.0,-257.3899999999999,ok
JPR211,Especial-JPR-apartamento-TOP-1Q,Carteira 1,SC,"Florianópolis, SC","Florianópolis, SC, Jurerê",0.0,1022,6662.04,15,9882.1,2025-12,0.4194,0.5496,13.0,31,657.38,1113.12,17.0,0.0,2025-12-01,0.67,0.0,3220.0600000000004,atenção
LLR802,Porto_Belo-Geral-apartamento-MASTER-3Q,Carteira 6,SC,"Porto Belo, SC","Porto Belo, SC, Perequê",9.0,1211,9442.82,12,14217.48,2025-12,0.4091,0.4444,9.0,31,1255.89,1233.42,12.0,0.0,2025-12-01,0.66,11303.01,4774.66,atenção
MHF1206,Itapema-Canto_Praia-apartamento-TOP-1Q,Carteira 5,SC,"Itapema, SC","Itapema, SC, Centro",0.0,343,4059.69,14,6337.8,2025-12,0.3871,0.3918,12.0,31,460.42,554.89,18.0,23.0,2025-12-01,0.64,0.0,2278.11,atenção
MHFA0503,Itapema-Canto_Praia-apartamento-SUP-1Q,Carteira 5,SC,"Itapema, SC","Itapema, SC, Centro",0.0,487,2212.5,16,5616.63,2025-12,0.1935,0.3721,6.0,31,442.17,523.21,24.0,0.0,2025-12-01,0.39,0.0,3404.13,crítico
MRV0001,Imbituba-Praia_do_Rosa-casa-SUP-3Q,Carteira 6,SC,"Imbituba, SC","Imbituba, SC, Praia do Rosa",17.0,437,3909.24,15,7902.4,2025-12,0.7143,0.2924,10.0,31,485.6,367.25,4.0,0.0,2025-12-01,0.49,8255.2,3993.16,crítico
MTA0201,Barra_Velha-Centro-apartamento-SUP-2Q,Carteira 3,SC,"Barra Velha, SC","Barra Velha, SC, Tabuleiro",0.0,131,7889.15,20,5469.66,2025-12,0.7097,0.2876,22.0,31,418.68,283.44,9.0,0.0,2025-12-01,1.44,0.0,-2419.49,ok
MTR1703,Porto_Belo-Geral-apartamento-TOP-3Q,Carteira 6,SC,"Porto Belo, SC","Porto Belo, SC, Perequê",0.0,257,14303.58,26,6029.08,2025-12,0.7097,0.3144,22.0,31,783.0,632.5,8.0,0.0,2025-12-01,2.37,0.0,-8274.5,meta_subestimada
NWT0811,Especial-NWT-apartamento-MASTER-1Q,Carteira 5,AL,"Maceió, AL","Maceió, AL, Pajuçara",4.0,207,10824.84,31,9341.25,2025-12,0.4444,0.6444,12.0,31,1165.0,960.0,15.0,0.0,2025-12-01,1.16,4660.0,-1483.5900000000001,ok
NWT0903,Especial-NWT-apartamento-TOP-1Q,Carteira 5,AL,"Maceió, AL","Maceió, AL, Pajuçara",0.0,249,4377.85,34,4511.21,2025-12,0.5484,0.3523,17.0,31,296.29,861.14,14.0,0.0,2025-12-01,0.97,0.0,133.35999999999967,berlinda
PPE0302,Sao_Paulo-Brooklin-apartamento-SUP-1Q,Carteira 4_sys-price,SP,"São Paulo, SP","São Paulo, SP, Brooklin Novo",14.0,115,2054.69,229,2017.05,2025-12,0.5882,0.2708,10.0,31,236.0,198.57,7.0,0.0,2025-12-01,1.02,3304.0,-37.6400000000001,berlinda
RAA0301,Itapema-Meia_Praia-Norte-apartamento-SUP-3Q,Carteira 6,SC,"Itapema, SC","Itapema, SC, Meia Praia",15.0,105,3521.68,44,8175.3,2025-12,0.5,0.3915,8.0,31,604.63,468.5,8.0,0.0,2025-12-01,0.43,9069.45,4653.620000000001,crítico
RCX1807,Itajai-Praia_Brava-apartamento-MASTER-2Q,Carteira 6,SC,"Itajaí, SC","Itajaí, SC, Praia Brava",2.0,291,2567.53,12,13897.47,2025-12,0.2414,0.4595,7.0,31,461.0,888.68,22.0,9.0,2025-12-01,0.18,922.0,11329.939999999999,crítico
STP1106,Guarapari-Centro-apartamento-SUP-1Q,Carteira 4,ES,"Guarapari, ES","Guarapari, ES, Centro",0.0,244,215.92,31,2639.45,2025-12,0.0645,0.3347,2.0,31,135.0,315.68,28.0,0.0,2025-12-01,0.08,0.0,2423.5299999999997,crítico
TCO1008,Porto_Alegre-Centro_Historico-apartamento-SUP-1Q,Carteira 4,RS,"Porto Alegre, RS","Porto Alegre, RS, Centro Histórico",0.0,427,1325.63,85,1152.33,2025-12,0.4194,0.2626,13.0,31,124.69,190.67,18.0,0.0,2025-12-01,1.15,0.0,-173.30000000000018,ok
TPS108,Florianopolis-Canasvieiras_Meio-apartamento-TOP-1Q,Carteira 1,SC,"Florianópolis, SC","Florianópolis, SC, Canasvieiras",0.0,1033,3980.73,25,5708.6,2025-12,0.2903,0.4133,9.0,31,547.78,608.81,21.0,0.0,2025-12-01,0.7,0.0,1727.8700000000003,atenção
TSF1302,Balneario_Camboriu-Sul-apartamento-SUP-3Q,Carteira 6,SC,"Balneário Camboriú, SC","Balneário Camboriú, SC, Centro",10.0,375,8921.42,82,6944.63,2025-12,0.8571,0.3745,18.0,31,601.94,333.67,3.0,0.0,2025-12-01,1.28,6019.400000000001,-1976.79,ok
UPP0512,Curitiba-Centro-apartamento-JR-1Q,Carteira 4_sys-price,PR,"Curitiba, PR","Curitiba, PR, Alto da XV",0.0,47,255.78,227,1822.41,2025-12,0.0968,0.3741,3.0,31,143.33,155.52,27.0,0.0,2025-12-01,0.14,0.0,1566.63,crítico
VST020,Especial-VST-casa-TOP-1Q,Carteira 5,SC,"Anitápolis, SC","Anitápolis, SC, Rio dos Pinheiros",0.0,153,1554.06,47,2992.0,2025-12,0.1935,0.1608,6.0,31,327.83,277.42,24.0,0.0,2025-12-01,0.52,0.0,1437.94,atenção
CFR0209,Cabo_Frio-Portinho-apartamento-TOP-1Q,Carteira 4,RJ,"Cabo Frio, RJ","Cabo Frio, RJ, Portinho",0.0,691,2830.2,137,6125.95,2025-12,0.3871,0.499,12.0,31,258.75,578.58,19.0,0.0,2025-12-01,0.46,0.0,3295.75,crítico
EDF0503,Salvador-Ondina_Rio_Vermelho-apartamento-TOP-1Q,Carteira 2,BA,"Salvador, BA","Salvador, BA, Rio Vermelho",3.0,98,3336.12,45,3276.93,2025-12,0.4286,0.354,12.0,31,304.25,364.12,16.0,0.0,2025-12-01,1.02,912.75,-59.190000000000055,berlinda
EOS0203,Florianopolis-UFSC-apartamento-JR-1Q,Carteira 4,SC,"Florianópolis, SC","Florianópolis, SC, Córrego Grande",0.0,24,2561.19,47,2413.66,2025-12,0.4194,0.5055,13.0,31,245.85,322.78,18.0,0.0,2025-12-01,1.06,0.0,-147.5300000000002,berlinda
HSS0007,Joao_Pessoa-Cabo_Branco-apartamento-SUP-1Q,Carteira 2,PB,"João Pessoa, PB","João Pessoa, PB, Cabo Branco",0.0,346,909.36,110,3160.39,2025-12,0.1935,0.4034,6.0,31,193.33,337.68,25.0,0.0,2025-12-01,0.29,0.0,2251.0299999999997,crítico
MHF1601,Itapema-Canto_Praia-apartamento-TOP-1Q,Carteira 5,SC,"Itapema, SC","Itapema, SC, Centro",0.0,510,4130.25,14,6337.8,2025-12,0.4194,0.3918,13.0,31,376.85,539.67,18.0,0.0,2025-12-01,0.65,0.0,2207.55,atenção
PRN0002,Imbituba-Praia_do_Rosa-apartamento-JR-1Q,Carteira 6,SC,"Imbituba, SC","Imbituba, SC, Ibiraquera",0.0,206,5405.92,21,4594.96,2025-12,0.5484,0.3991,17.0,31,456.82,193.29,14.0,0.0,2025-12-01,1.18,0.0,-810.96,ok
RBH806,Florianopolis-Centrao-apartamento-SUP-1Q,Carteira 4,SC,"Florianópolis, SC","Florianópolis, SC, Centro",0.0,909,3561.71,124,3186.58,2025-12,0.4194,0.3292,13.0,31,310.0,361.89,18.0,0.0,2025-12-01,1.12,0.0,-375.1300000000001,ok
ROI009,Imbituba-Praia_do_Rosa-casa-MASTER-3Q,Carteira 6,SC,"Garopaba, SC","Garopaba, SC, Ouvidor",6.0,430,22145.12,7,19488.51,2025-12,0.6,0.369,15.0,31,2286.67,1480.0,10.0,22.0,2025-12-01,1.14,13720.02,-2656.6100000000006,ok
RPC0305,Florianopolis-Canasvieiras_Longe-apartamento-SUP-2Q,Carteira 1,SC,"Florianópolis, SC","Florianópolis, SC, Canasvieiras",0.0,356,1688.16,24,6412.74,2025-12,0.1935,0.4306,6.0,31,402.67,610.37,24.0,0.0,2025-12-01,0.26,0.0,4724.58,crítico
SBN0705,Itapema-Praia_Centro-apartamento-SUP-3Q,Carteira 6,SC,"Itapema, SC","Itapema, SC, Tabuleiro das Oliveiras",4.0,599,3699.77,16,5296.91,2025-12,0.2593,0.2298,7.0,31,649.86,541.21,19.0,0.0,2025-12-01,0.7,2599.44,1597.1399999999999,atenção
SCO0011,Florianopolis-Campeche-apartamento-JR-1Q,Carteira 1,SC,"Florianópolis, SC","Florianópolis, SC, Campeche",1.0,249,0.0,27,3473.53,2025-12,0.0,0.437,0.0,31,0.0,359.17,29.0,0.0,2025-12-01,0.0,0.0,3473.53,crítico
SRO0002,Florianopolis-Lagoa-apartamento-SUP-2Q,Carteira 1,SC,"Florianópolis, SC","Florianópolis, SC, Lagoa da Conceição",6.0,383,7053.48,40,6225.68,2025-12,0.52,0.4574,13.0,31,609.69,414.33,12.0,0.0,2025-12-01,1.13,3658.1400000000003,-827.7999999999993,ok
TCO0614,Porto_Alegre-Centro_Historico-apartamento-SUP-1Q,Carteira 4,RS,"Porto Alegre, RS","Porto Alegre, RS, Centro Histórico",0.0,399,1645.5,85,1152.33,2025-12,0.4516,0.2626,14.0,31,151.07,199.5,16.0,0.0,2025-12-01,1.43,0.0,-493.1700000000001,ok
TCO1103,Porto_Alegre-Centro_Historico-apartamento-SUP-1Q,Carteira 4,RS,"Porto Alegre, RS","Porto Alegre, RS, Centro Histórico",0.0,720,1528.55,85,1152.33,2025-12,0.4194,0.2626,13.0,31,141.54,191.41,17.0,0.0,2025-12-01,1.33,0.0,-376.22,ok
VLP0111,Mata_de_Sao_Joao-Praia_do_Forte-apartamento-SUP-2Q,Carteira 2,BA,"Mata de São João, BA","Mata de São João, BA, Centro",3.0,131,986.16,28,7833.93,2025-12,0.1071,0.3575,3.0,31,441.0,601.04,24.0,0.0,2025-12-01,0.13,1323.0,6847.77,crítico
VST033,Especial-VST-casa-TOP-1Q,Carteira 5,SC,"Anitápolis, SC","Anitápolis, SC, Rio dos Pinheiros",3.0,518,1017.34,47,2992.0,2025-12,0.1786,0.1608,5.0,31,279.2,317.09,22.0,0.0,2025-12-01,0.34,837.5999999999999,1974.6599999999999,crítico
ZNB1406,Salvador-Barra-apartamento-SUP-1Q,Carteira 2,BA,"Salvador, BA","Salvador, BA, Barra",0.0,74,1065.81,227,2961.11,2025-12,0.2258,0.3641,7.0,31,193.14,273.88,24.0,0.0,2025-12-01,0.36,0.0,1895.3000000000002,crítico
BVE101,Florianopolis-Campeche-apartamento-SUP-2Q,Carteira 1,SC,"Florianópolis, SC","Florianópolis, SC, Campeche",0.0,588,3965.43,13,4383.31,2025-12,0.2258,0.264,7.0,31,639.29,490.78,23.0,0.0,2025-12-01,0.9,0.0,417.88000000000056,berlinda
CET802,Balneario_Camboriu-Centro-apartamento-SUP-3Q,Carteira 6,SC,"Balneário Camboriú, SC","Balneário Camboriú, SC, Centro",0.0,1396,21567.79,80,6855.0,2025-12,0.6452,0.3753,20.0,31,1487.15,470.3,10.0,0.0,2025-12-01,3.15,0.0,-14712.79,meta_subestimada
DNAG0706,Goiania-Central-apartamento-TOP-1Q,Carteira 1_sys-price,GO,"Goiânia, GO","Goiânia, GO, Setor Bueno",0.0,215,1754.35,33,1517.3,2025-12,0.2903,0.1649,9.0,31,263.33,265.81,21.0,0.0,2025-12-01,1.16,0.0,-237.04999999999995,ok
EAB203,Florianopolis-Ingleses_Norte-apartamento-SUP-2Q,Carteira 1,SC,"Florianópolis, SC","Florianópolis, SC, Ingleses do Rio Vermelho",31.0,1757,0.0,81,7270.99,2025-12,,0.4033,0.0,31,0.0,,0.0,0.0,2025-12-01,0.0,0.0,7270.99,crítico
EDF1501,Salvador-Ondina_Rio_Vermelho-apartamento-TOP-1Q,Carteira 2,BA,"Salvador, BA","Salvador, BA, Rio Vermelho",0.0,90,734.08,45,3276.93,2025-12,0.129,0.354,4.0,31,218.75,339.85,26.0,0.0,2025-12-01,0.22,0.0,2542.85,crítico
FUA0001,Ubatuba-Praia_do_Lazaro-apartamento-JR-1Q,Carteira 4,SP,"Ubatuba, SP","Ubatuba, SP, Lázaro Praia Domingos Dias",0.0,63,0.0,24,5092.04,2025-12,0.0,0.4705,0.0,31,0.0,421.57,30.0,0.0,2025-12-01,0.0,0.0,5092.04,crítico
HMC0320,Sao_Paulo-Campo_Belo-apartamento-SUP-1Q,Carteira 4_sys-price,SP,"São Paulo, SP","São Paulo, SP, Campo Belo",0.0,327,1444.3,116,1659.13,2025-12,0.3871,0.3603,12.0,31,150.25,148.84,19.0,0.0,2025-12-01,0.87,0.0,214.83000000000015,berlinda
HRE0025,Ubatuba-Toninhas-apartamento-SUP-2Q,Carteira 4,SP,"Ubatuba, SP","Ubatuba, SP, Toninhas",0.0,385,11669.17,110,7856.56,2025-12,0.6129,0.4768,19.0,31,719.21,640.09,11.0,0.0,2025-12-01,1.49,0.0,-3812.6099999999997,ok
IFT1005,Itapema-Meia_Praia-Norte-apartamento-TOP-1Q,Carteira 6,SC,"Itapema, SC","Itapema, SC, Meia Praia",0.0,228,6006.85,34,8039.05,2025-12,0.4516,0.47,14.0,31,527.79,565.76,17.0,0.0,2025-12-01,0.75,0.0,2032.1999999999998,atenção
ILC3403,Especial-ILC-hotel-JR-1Q,Especial,SC,"Florianópolis, SC","Florianópolis, SC, Jurerê Internacional",0.0,1860,20795.05,14,9269.72,2025-12,0.4516,0.5069,14.0,31,1744.29,940.56,16.0,0.0,2025-12-01,2.24,0.0,-11525.33,meta_subestimada
IRE0022,Ubatuba-Praia_Grande-apartamento-SUP-2Q,Carteira 4,SP,"Ubatuba, SP","Ubatuba, SP, Praia Grande",0.0,307,8445.33,160,7282.26,2025-12,0.2903,0.42,9.0,31,1084.44,429.71,21.0,5.0,2025-12-01,1.16,0.0,-1163.0699999999997,ok
IRE021,Ubatuba-Praia_Grande-apartamento-SUP-2Q,Carteira 4,SP,"Ubatuba, SP","Ubatuba, SP, Praia Grande",0.0,663,7145.17,160,7282.26,2025-12,0.4516,0.42,14.0,31,716.29,533.53,17.0,27.0,2025-12-01,0.98,0.0,137.09000000000015,berlinda
JBM302,Florianopolis-Jurere_Tradicional-apartamento-SUP-1Q,Carteira 1,SC,"Florianópolis, SC","Florianópolis, SC, Jurerê",1.0,2001,7351.88,20,8832.52,2025-12,0.6,0.5077,18.0,31,576.61,1398.83,12.0,0.0,2025-12-01,0.83,576.61,1480.6400000000003,berlinda
JMA010,Florianopolis-Jurere_Longe-apartamento-JR-1Q,Carteira 1,SC,"Florianópolis, SC","Florianópolis, SC, Jurerê",0.0,517,0.0,42,3939.68,2025-12,0.0,0.3823,0.0,31,0.0,387.97,30.0,0.0,2025-12-01,0.0,0.0,3939.68,crítico
MHF0602,Itapema-Canto_Praia-apartamento-TOP-2Q,Carteira 5,SC,"Itapema, SC","Itapema, SC, Centro",4.0,45,5358.55,14,4620.28,2025-12,0.6296,0.2821,17.0,31,405.06,584.2,10.0,0.0,2025-12-01,1.16,1620.24,-738.2700000000004,ok
MRD0061,Balneario_Camboriu-Centro-apartamento-SUP-3Q,Carteira 6,SC,"Balneário Camboriú, SC","Balneário Camboriú, SC, Centro",0.0,130,9360.51,80,6855.0,2025-12,0.3548,0.3753,11.0,31,1075.36,787.45,20.0,0.0,2025-12-01,1.37,0.0,-2505.51,ok
OGD0704,Florianopolis-Beira_Mar-apartamento-MASTER-1Q,Carteira 4,SC,"Florianópolis, SC","Florianópolis, SC, Centro",0.0,101,3313.8,25,5865.0,2025-12,0.3871,0.3642,12.0,31,382.92,659.47,19.0,0.0,2025-12-01,0.57,0.0,2551.2,atenção
PDA0736,Camaçari-Jacuipe-casa-SUP-5Q,Carteira 2,BA,"Camaçari, BA","Camaçari, BA, Barra do Jacuípe - Monte Gordo",1.0,724,4418.24,32,11584.84,2025-12,0.0667,0.3613,2.0,31,2600.0,641.22,27.0,0.0,2025-12-01,0.38,2600.0,7166.6,crítico
PDN0113,Balneario_Camboriu-Longe-apartamento-TOP-1Q,Carteira 6,SC,"Balneário Camboriú, SC","Balneário Camboriú, SC, Nações",10.0,277,2325.21,134,5299.49,2025-12,0.4286,0.3221,9.0,31,310.44,850.67,12.0,0.0,2025-12-01,0.44,3104.4,2974.2799999999997,crítico
PSOA1007,Penha-Beto_Carrero-apartamento-SUP-1Q,Carteira 3,SC,"Penha, SC","Penha, SC, Armação",0.0,159,5805.88,15,2337.5,2025-12,0.6129,0.234,19.0,31,385.79,338.25,12.0,0.0,2025-12-01,2.48,0.0,-3468.38,meta_subestimada
RBE0031,Florianopolis-UFSC-apartamento-SUP-2Q,Carteira 4,SC,"Florianópolis, SC","Florianópolis, SC, Trindade",0.0,466,4109.44,20,4727.12,2025-12,0.3548,0.4322,11.0,31,457.64,346.95,20.0,0.0,2025-12-01,0.87,0.0,617.6800000000003,berlinda
RHI206,Florianopolis-Canasvieiras_Meio-apartamento-SUP-1Q,Carteira 1,SC,"Florianópolis, SC","Florianópolis, SC, Canasvieiras",0.0,808,0.0,37,4415.18,2025-12,0.0,0.4707,0.0,31,0.0,483.53,30.0,0.0,2025-12-01,0.0,0.0,4415.18,crítico
RVL118,Bombinhas-Mariscal-casa-JR-2Q,Carteira 6,SC,"Bombinhas, SC","Bombinhas, SC, canto grande",0.0,1180,4798.06,24,3733.63,2025-12,0.4839,0.2535,15.0,31,401.73,534.5,16.0,0.0,2025-12-01,1.29,0.0,-1064.4300000000003,ok
SPT0109,Blumenau-Central-apartamento-JR-1Q,Carteira 4,SC,"Blumenau, SC","Blumenau, SC, Itoupava Seca",0.0,626,499.5,38,1526.08,2025-12,0.1935,0.3331,6.0,31,107.67,152.36,25.0,27.0,2025-12-01,0.33,0.0,1026.58,crítico
SPT0110,Blumenau-Central-apartamento-JR-1Q,Carteira 4,SC,"Blumenau, SC","Blumenau, SC, Itoupava Seca",0.0,626,954.12,38,1526.08,2025-12,0.1935,0.3331,6.0,31,170.67,147.48,25.0,27.0,2025-12-01,0.63,0.0,571.9599999999999,atenção
TRS0004,Penha-Beto_Carrero-casa-SUP-1Q,Carteira 3,SC,"Penha, SC","Penha, SC, Armação",0.0,194,695.04,22,3448.22,2025-12,0.1935,0.3038,6.0,31,355.33,272.25,24.0,0.0,2025-12-01,0.2,0.0,2753.18,crítico
UPP0413,Curitiba-Centro-apartamento-JR-1Q,Carteira 4_sys-price,PR,"Curitiba, PR","Curitiba, PR, Alto da XV",0.0,39,767.23,227,1822.41,2025-12,0.2258,0.3741,7.0,31,138.57,158.71,24.0,0.0,2025-12-01,0.42,0.0,1055.18,crítico
UPP0506,Curitiba-Centro-apartamento-JR-1Q,Carteira 4_sys-price,PR,"Curitiba, PR","Curitiba, PR, Alto da XV",0.0,54,437.6,227,1822.41,2025-12,0.129,0.3741,4.0,31,130.0,158.04,26.0,0.0,2025-12-01,0.24,0.0,1384.81,crítico
VDM303,Florianopolis-Canajure-apartamento-SUP-1Q,Carteira 1,SC,"Florianópolis, SC","Florianópolis, SC, Canasvieiras",0.0,232,5166.94,43,5985.49,2025-12,0.6129,0.4595,19.0,31,356.37,788.5,12.0,0.0,2025-12-01,0.86,0.0,818.5500000000002,berlinda
VLA,Florianopolis-Santinho-apartamento-SUP-2Q,Carteira 1,SC,"Florianópolis, SC","Florianópolis, SC, Ingleses do Rio Vermelho",0.0,315,8371.25,12,9380.18,2025-12,0.4839,0.3985,15.0,31,714.8,383.27,15.0,0.0,2025-12-01,0.89,0.0,1008.9300000000003,berlinda
VST011,Especial-VST-casa-TOP-1Q,Carteira 5,SC,"Anitápolis, SC","Anitápolis, SC, Rio dos Pinheiros",0.0,517,4265.55,47,2992.0,2025-12,0.6129,0.1608,19.0,31,289.63,347.0,12.0,0.0,2025-12-01,1.43,0.0,-1273.5500000000002,ok
CZZ0505,Urubici-Geral-apartamento-SUP-1Q,Especial,SC,"Urubici, SC","Urubici, SC, Centro",0.0,192,2555.54,53,1627.27,2025-12,0.3226,0.1854,10.0,31,326.2,396.05,21.0,0.0,2025-12-01,1.57,0.0,-928.27,ok
DRL0103,Bombinhas-Centro-apartamento-TOP-2Q,Carteira 6,SC,"Bombinhas, SC","Bombinhas, SC, Centro",0.0,517,9000.97,29,11747.0,2025-12,0.7419,0.5563,23.0,31,536.78,1201.25,8.0,0.0,2025-12-01,0.77,0.0,2746.0300000000007,atenção
ILC3313,Especial-ILC-hotel-JR-1Q,Especial,SC,"Florianópolis, SC","Florianópolis, SC, Jurerê Internacional",3.0,1645,19597.24,14,9269.72,2025-12,0.75,0.5069,21.0,31,1182.33,1256.14,7.0,18.0,2025-12-01,2.11,3546.99,-10327.520000000002,meta_subestimada
NOR0101,Brasilia-Asa_Norte-apartamento-JR-2Q,Carteira 1_sys-price,DF,"Brasília, DF","Brasília, DF, Asa Norte",0.0,797,2682.2,148,1911.97,2025-12,0.3871,0.3664,12.0,31,287.83,203.05,19.0,0.0,2025-12-01,1.4,0.0,-770.2299999999998,ok
OBP0303,Penha-Beto_Carrero-apartamento-MASTER-2Q,Carteira 3,SC,"Penha, SC","Penha, SC, Armação",0.0,382,1876.23,25,9679.03,2025-12,0.1935,0.3587,6.0,31,369.0,738.28,25.0,0.0,2025-12-01,0.19,0.0,7802.800000000001,crítico
PDC001,Ilheus-Sul-apartamento-JR-2Q,Carteira 2,BA,"Ilhéus, BA","Ilhéus, BA, Nossa Senhora da Vitória",0.0,497,104.94,17,4379.63,2025-12,0.0323,0.2882,1.0,31,124.0,297.0,30.0,0.0,2025-12-01,0.02,0.0,4274.6900000000005,crítico
RIH0802,Porto_Belo-Geral-apartamento-TOP-2Q,Carteira 6,SC,"Porto Belo, SC","Porto Belo, SC, Pereque",0.0,5,2420.97,14,5599.84,2025-12,0.4194,0.3573,13.0,31,345.62,720.17,18.0,0.0,2025-12-01,0.43,0.0,3178.8700000000003,crítico
TOR0407,Imbituba-Centro-apartamento-TOP-1Q,Carteira 6,SC,"Imbituba, SC","Imbituba, SC, Centro",0.0,33,10086.61,9,2827.94,2025-12,0.9355,0.213,29.0,31,451.1,164.5,2.0,0.0,2025-12-01,3.57,0.0,-7258.67,meta_subestimada
TPZ0403,Santa_Cruz_Cabralia-Coroa_Vermelha-apartamento-SUP-2Q,Carteira 2,BA,"Santa Cruz Cabrália, BA","Santa Cruz Cabrália, BA, Coroa Vermelha",1.0,692,0.0,60,5857.86,2025-12,0.0,0.4238,0.0,31,0.0,,0.0,0.0,2025-12-01,0.0,0.0,5857.86,crítico
TSR0501,Ilheus-Sul-apartamento-SUP-2Q,Carteira 2,BA,"Ilhéus, BA","Ilhéus, BA, Nossa Senhora da Vitória",2.0,105,0.0,40,3567.45,2025-12,0.0,0.3513,0.0,31,0.0,327.54,28.0,0.0,2025-12-01,0.0,0.0,3567.45,crítico
VST009,Especial-VST-casa-TOP-1Q,Carteira 5,SC,"Anitápolis, SC","Anitápolis, SC, Rio dos Pinheiros",0.0,518,778.98,47,2992.0,2025-12,0.1935,0.1608,6.0,31,383.17,252.5,24.0,0.0,2025-12-01,0.26,0.0,2213.02,crítico
CPR0207,Marau-Barra_Grande-apartamento-TOP-2Q,Carteira 2,BA,"Maraú, BA","Maraú, BA, Barra Grande",0.0,510,9007.67,17,7221.6,2025-12,0.3548,0.2877,11.0,31,921.18,602.89,19.0,22.0,2025-12-01,1.25,0.0,-1786.0699999999997,ok
CZZ0403,Urubici-Geral-apartamento-SUP-1Q,Especial,SC,"Urubici, SC","Urubici, SC, Centro",0.0,251,610.58,53,1627.27,2025-12,0.0645,0.1854,2.0,31,278.5,344.86,28.0,0.0,2025-12-01,0.38,0.0,1016.6899999999999,crítico
CZZ0405,Urubici-Geral-apartamento-SUP-1Q,Especial,SC,"Urubici, SC","Urubici, SC, Centro",0.0,164,0.0,53,1627.27,2025-12,0.0,0.1854,0.0,31,0.0,349.7,30.0,0.0,2025-12-01,0.0,0.0,1627.27,crítico
DVA0103,Gramado-Geral-apartamento-JR-1Q,Carteira 4,RS,"Gramado, RS","Gramado, RS, Planalto",11.0,17,1424.12,125,5302.02,2025-12,0.35,0.5792,7.0,31,216.43,186.33,12.0,0.0,2025-12-01,0.27,2380.73,3877.9000000000005,crítico
EBC0603,Balneario_Camboriu-Centro-apartamento-SUP-2Q,Carteira 6,SC,"Balneário Camboriú, SC","Balneário Camboriú, SC, Centro",13.0,399,10889.76,73,8692.36,2025-12,0.7778,0.4059,14.0,31,879.43,310.0,4.0,14.0,2025-12-01,1.25,11432.59,-2197.3999999999996,ok
ELF0402,Bombinhas-Bombas-apartamento-SUP-1Q,Especial,SC,"Bombinhas, SC","Bombinhas, SC, José Amândio",2.0,217,4041.92,33,4887.09,2025-12,0.5172,0.3346,15.0,31,320.13,899.14,14.0,23.0,2025-12-01,0.83,640.26,845.1700000000001,berlinda
ELS0606,Porto_Alegre-Centro_Historico-apartamento-JR-1Q,Carteira 4,RS,"Porto Alegre, RS","Porto Alegre, RS, Centro Histórico",0.0,90,932.12,86,1046.05,2025-12,0.3548,0.2806,11.0,31,100.0,146.15,20.0,0.0,2025-12-01,0.89,0.0,113.92999999999995,berlinda
ELU106,Florianopolis-Jurere_Tradicional-apartamento-TOP-1Q,Carteira 1,SC,"Florianópolis, SC","Florianópolis, SC, Jurerê",0.0,1414,7160.64,17,10221.67,2025-12,0.3871,0.5494,12.0,31,706.75,831.44,18.0,0.0,2025-12-01,0.7,0.0,3061.0299999999997,atenção
GCO0302,Balneario_Camboriu-Norte-apartamento-SUP-2Q,Carteira 6,SC,"Balneário Camboriú, SC","Balneário Camboriú, SC, Barra Norte",1.0,94,9467.25,26,5440.71,2025-12,0.4667,0.3647,14.0,31,831.43,444.94,16.0,0.0,2025-12-01,1.74,831.43,-4026.54,ok
IDC0102,Florianopolis-UFSC-apartamento-SUP-2Q,Carteira 4,SC,"Florianópolis, SC","Florianópolis, SC, Trindade",0.0,738,7929.76,20,4727.12,2025-12,0.6774,0.4322,21.0,31,489.62,416.1,10.0,0.0,2025-12-01,1.68,0.0,-3202.6400000000003,ok
JBV334,Especial-JBV-hotel-JR-1Q,Especial,SC,"Florianópolis, SC","Florianópolis, SC, Jurerê",0.0,1715,20730.59,23,10939.33,2025-12,0.7097,0.5584,22.0,31,1149.23,1003.44,9.0,0.0,2025-12-01,1.9,0.0,-9791.26,ok
LEA0908,Balneario_Picarras-Geral-apartamento-SUP-2Q,Carteira 6,SC,"Balneário Piçarras, SC","Balneário Piçarras, SC, Itacolomi",0.0,297,3268.1,77,6230.07,2025-12,0.2258,0.3874,7.0,31,577.71,312.96,24.0,0.0,2025-12-01,0.52,0.0,2961.97,atenção
MCB1106,Balneario_Picarras-Geral-apartamento-SUP-2Q,Carteira 6,SC,"Balneário Piçarras, SC","Balneário Piçarras, SC, Itacolomi",0.0,347,7891.22,77,6230.07,2025-12,0.4516,0.3874,14.0,31,698.0,451.0,16.0,30.0,2025-12-01,1.27,0.0,-1661.1500000000005,ok
MHFB0503,Itapema-Canto_Praia-apartamento-SUP-1Q,Carteira 5,SC,"Itapema, SC","Itapema, SC, Centro",0.0,487,930.39,16,5616.63,2025-12,0.1935,0.3721,6.0,31,330.17,482.25,24.0,0.0,2025-12-01,0.17,0.0,4686.24,crítico
MHFB1204,Itapema-Canto_Praia-apartamento-SUP-1Q,Carteira 5,SC,"Itapema, SC","Itapema, SC, Centro",0.0,509,8308.54,16,5616.63,2025-12,0.5484,0.3721,17.0,31,592.71,295.54,13.0,1.0,2025-12-01,1.48,0.0,-2691.9100000000008,ok
MHR308,Florianopolis-Ingleses_Praia-apartamento-SUP-1Q,Carteira 1,SC,"Florianópolis, SC","Florianópolis, SC, Ingleses do Rio Vermelho",0.0,1193,11490.73,42,4753.73,2025-12,0.8065,0.4957,25.0,31,564.24,660.33,6.0,0.0,2025-12-01,2.42,0.0,-6737.0,meta_subestimada
MMD0602,Ilheus-Sul-apartamento-TOP-2Q,Carteira 2,BA,"Ilhéus, BA","Ilhéus, BA, São Francisco",0.0,329,3070.6,16,2952.6,2025-12,0.2581,0.2362,8.0,31,475.75,440.96,23.0,0.0,2025-12-01,1.04,0.0,-118.0,berlinda
NWT0421,Especial-NWT-apartamento-TOP-1Q,Carteira 5,AL,"Maceió, AL","Maceió, AL, Pajuçara",0.0,333,5039.66,34,4511.21,2025-12,0.5484,0.3523,17.0,31,350.06,684.57,14.0,0.0,2025-12-01,1.12,0.0,-528.4499999999998,ok
NWT0604,Especial-NWT-apartamento-TOP-1Q,Carteira 5,AL,"Maceió, AL","Maceió, AL, Pajuçara",0.0,245,4636.66,34,4511.21,2025-12,0.6129,0.3523,19.0,31,295.0,958.33,12.0,0.0,2025-12-01,1.03,0.0,-125.44999999999982,berlinda
NWT1203,Especial-NWT-apartamento-TOP-1Q,Carteira 5,AL,"Maceió, AL","Maceió, AL, Pajuçara",0.0,396,7103.74,34,4511.21,2025-12,0.5484,0.3523,17.0,31,564.53,387.14,14.0,0.0,2025-12-01,1.57,0.0,-2592.5299999999997,ok
NWT1214,Especial-NWT-apartamento-TOP-1Q,Carteira 5,AL,"Maceió, AL","Maceió, AL, Pajuçara",9.0,193,8712.16,34,4511.21,2025-12,0.6364,0.3523,14.0,31,773.29,298.38,8.0,0.0,2025-12-01,1.93,6959.61,-4200.95,ok
ORP0305,Gramado-Geral-apartamento-SUP-2Q,Carteira 4,RS,"Gramado, RS","Gramado, RS, Floresta",0.0,52,13257.62,160,9255.64,2025-12,0.871,0.5895,27.0,31,618.74,270.0,4.0,0.0,2025-12-01,1.43,0.0,-4001.9800000000014,ok
PSO0401,Penha-Beto_Carrero-apartamento-SUP-1Q,Carteira 3,SC,"Penha, SC","Penha, SC, Praia de Armação do Itapocoroi",0.0,171,2905.36,15,2337.5,2025-12,0.3226,0.234,10.0,31,296.89,603.46,13.0,0.0,2025-12-01,1.24,0.0,-567.8600000000001,ok
PSOA1102,Penha-Beto_Carrero-apartamento-SUP-1Q,Carteira 3,SC,"Penha, SC","Penha, SC, Praia de Armação do Itapocoroi",0.0,159,5620.46,15,2337.5,2025-12,0.6452,0.234,20.0,31,339.45,546.0,10.0,0.0,2025-12-01,2.4,0.0,-3282.96,meta_subestimada
RGV115,Bombinhas-Bombas-casa-JR-3Q,Carteira 6,SC,"Bombinhas, SC","Bombinhas, SC, Bombas",0.0,810,12536.83,19,9732.5,2025-12,0.6774,0.5258,21.0,31,752.52,577.7,10.0,0.0,2025-12-01,1.29,0.0,-2804.33,ok
ROE210,Brasilia-Asa_Norte-apartamento-SUP-1Q,Carteira 1_sys-price,DF,"Brasília, DF","Brasília, DF, Setor de Habitações Individuais Norte",0.0,600,3424.15,139,1842.36,2025-12,0.7419,0.3729,23.0,31,194.17,194.38,8.0,0.0,2025-12-01,1.86,0.0,-1581.7900000000002,ok
RRF2562,Florianopolis-Santo_Antonio_de_Lisboa-casa-SUP-3Q,Carteira 1,SC,"Florianópolis, SC","Florianópolis, SC, Sambaqui",5.0,466,2413.65,7,6100.88,2025-12,0.2308,0.4074,6.0,31,509.17,1100.3,20.0,0.0,2025-12-01,0.4,2545.85,3687.23,crítico
RTT1905,Florianopolis-Daniela-casa-JR-3Q,Carteira 1,SC,"Florianópolis, SC","Florianópolis, SC, Daniela",7.0,398,14199.4,11,8571.24,2025-12,0.8333,0.3891,20.0,31,1143.7,577.0,4.0,0.0,2025-12-01,1.66,8005.900000000001,-5628.16,ok
SCO0014,Florianopolis-Campeche-apartamento-SUP-1Q,Carteira 1,SC,"Florianópolis, SC","Florianópolis, SC, Campeche",1.0,256,0.0,21,2822.43,2025-12,0.0,0.2776,0.0,31,0.0,460.66,29.0,0.0,2025-12-01,0.0,0.0,2822.43,crítico
SHL0105,Brasilia-Lago_Norte-apartamento-TOP-1Q,Carteira 1_sys-price,DF,"Brasília, DF","Brasília, DF, Setor de Habitações Individuais Norte",0.0,395,557.6,102,3232.87,2025-12,0.0645,0.407,2.0,31,328.0,302.03,29.0,0.0,2025-12-01,0.17,0.0,2675.27,crítico
SID0209,Florianopolis-Cachoeira_Bom_Jesus-apartamento-JR-1Q,Carteira 1,SC,"Florianópolis, SC","Florianópolis, SC, Cachoeira do Bom Jesus",0.0,150,775.36,28,2160.13,2025-12,0.129,0.2253,4.0,31,202.5,437.96,26.0,0.0,2025-12-01,0.36,0.0,1384.77,crítico
SLI0704,Maceio-Ponta_Verde-apartamento-SUP-1Q,Carteira 2,AL,"Maceió, AL","Maceió, AL, Ponta Verde",1.0,102,5533.52,204,4251.06,2025-12,0.6333,0.4918,19.0,31,330.68,505.73,11.0,0.0,2025-12-01,1.3,330.68,-1282.46,ok
SPJ0204,Especial-SPJ-apartamento-TOP-1Q,Carteira 5,SC,"Florianópolis, SC","Florianópolis, SC, Jurerê",0.0,397,13477.61,15,9882.1,2025-12,0.7097,0.5496,22.0,31,733.36,668.89,9.0,0.0,2025-12-01,1.36,0.0,-3595.51,ok
SPZ0610,Sao_Paulo-Vila_Olimpia-apartamento-SUP-1Q,Carteira 4_sys-price,SP,"São Paulo, SP","São Paulo, SP, Itaim Bibi",2.0,196,2952.39,256,2528.3,2025-12,0.3103,0.2794,9.0,31,341.27,298.89,18.0,0.0,2025-12-01,1.17,682.54,-424.0899999999997,ok
SSG0419,Florianopolis-UFSC-apartamento-SUP-1Q,Carteira 4,SC,"Florianópolis, SC","Florianópolis, SC, Córrego Grande",0.0,41,7547.85,50,3127.35,2025-12,0.9032,0.4234,28.0,31,354.07,384.33,3.0,0.0,2025-12-01,2.41,0.0,-4420.5,meta_subestimada
STM0500,Florianopolis-Canto_da_Lagoa-casa-SUP-3Q,Carteira 1,SC,"Florianópolis, SC","Florianópolis, SC, Lagoa da Conceição",3.0,244,11871.24,21,6812.75,2025-12,0.4286,0.4012,12.0,31,1505.0,1364.0,16.0,8.0,2025-12-01,1.74,4515.0,-5058.49,ok
TPS311,Florianopolis-Canasvieiras_Meio-apartamento-TOP-1Q,Carteira 1,SC,"Florianópolis, SC","Florianópolis, SC, Canasvieiras",0.0,1061,694.76,25,5708.6,2025-12,0.129,0.4133,4.0,31,211.0,556.7,27.0,0.0,2025-12-01,0.12,0.0,5013.84,crítico
TVT904,Florianopolis-Centrao-apartamento-MASTER-1Q,Carteira 4,SC,"Florianópolis, SC","Florianópolis, SC, Centro",0.0,871,6117.38,25,5865.0,2025-12,0.4516,0.3642,14.0,31,537.0,634.24,17.0,0.0,2025-12-01,1.04,0.0,-252.3800000000001,berlinda
VAM0504,Goiania-Sul-2-apartamento-JR-2Q,Carteira 1_sys-price,GO,"Goiânia, GO","Goiânia, GO, Setor Faiçalville",6.0,490,2413.57,225,1161.95,2025-12,0.6,0.2029,15.0,31,188.4,166.44,9.0,0.0,2025-12-01,2.08,1130.4,-1251.6200000000001,meta_subestimada
BCL0507,Ilheus-Pontal-apartamento-SUP-2Q,Carteira 2,BA,"Ilhéus, BA","Ilhéus, BA, Pontal",0.0,453,7128.66,54,3908.09,2025-12,0.6774,0.3633,21.0,31,425.43,208.67,9.0,0.0,2025-12-01,1.82,0.0,-3220.5699999999997,ok
CVY0306,Cabo_Frio-Centro-apartamento-JR-3Q,Carteira 4,RJ,"Cabo Frio, RJ","Cabo Frio, RJ, Vila Nova",0.0,158,0.0,121,4697.07,2025-12,0.0,0.3249,0.0,31,0.0,567.03,30.0,0.0,2025-12-01,0.0,0.0,4697.07,crítico
DLH0206,Gramado-Centro-apartamento-TOP-1Q,Carteira 4,RS,"Gramado, RS","Gramado, RS, Centro",2.0,551,14666.34,27,10854.22,2025-12,0.7931,0.6382,23.0,31,807.39,447.33,6.0,0.0,2025-12-01,1.35,1614.78,-3812.120000000001,ok
EAC1304,Balneario_Camboriu-Centro-apartamento-JR-1Q,Carteira 6,SC,"Balneário Camboriú, SC","Balneário Camboriú, SC, Centro",0.0,763,8385.49,28,3303.1,2025-12,0.6774,0.3003,21.0,31,479.71,440.6,10.0,0.0,2025-12-01,2.54,0.0,-5082.389999999999,meta_subestimada
EOO0203,Itapema-Praia_Itapema-apartamento-JR-2Q,Carteira 6,SC,"Itapema, SC","Itapema, SC, Meia Praia",0.0,35,10465.99,47,5550.44,2025-12,0.9355,0.3619,29.0,31,434.31,188.5,2.0,0.0,2025-12-01,1.89,0.0,-4915.55,ok
IBI307,Florianopolis-Jurere_Internacional-apartamento-TOP-1Q,Carteira 1,SC,"Florianópolis, SC","Florianópolis, SC, Jurerê Internacional",0.0,1482,15753.97,46,9831.75,2025-12,0.6774,0.4755,21.0,31,1035.1,578.67,9.0,0.0,2025-12-01,1.6,0.0,-5922.219999999999,ok
IFT0808,Itapema-Meia_Praia-Norte-apartamento-TOP-1Q,Carteira 6,SC,"Itapema, SC","Itapema, SC, Meia Praia",0.0,199,10327.39,34,8039.05,2025-12,0.7097,0.47,22.0,31,582.95,660.78,9.0,0.0,2025-12-01,1.28,0.0,-2288.3399999999992,ok
ILC2505,Especial-ILC-hotel-TOP-1Q,Especial,SC,"Florianópolis, SC","Florianópolis, SC, Jurerê Internacional",4.0,1312,20209.36,26,13572.13,2025-12,0.7778,0.6377,21.0,31,1339.76,1029.0,6.0,0.0,2025-12-01,1.49,5359.04,-6637.230000000001,ok
ILC3209,Especial-ILC-hotel-TOP-1Q,Especial,SC,"Florianópolis, SC","Florianópolis, SC, Jurerê Internacional",0.0,1475,27363.18,26,13572.13,2025-12,0.7742,0.6377,24.0,31,1481.29,1457.33,6.0,0.0,2025-12-01,2.02,0.0,-13791.050000000001,meta_subestimada
ILC3415,Especial-ILC-hotel-TOP-1Q,Especial,SC,"Florianópolis, SC","Florianópolis, SC, Jurerê Internacional",0.0,2001,26331.23,26,13572.13,2025-12,0.6774,0.6377,21.0,31,1540.38,830.56,9.0,15.0,2025-12-01,1.94,0.0,-12759.1,ok
MHFA0506,Itapema-Canto_Praia-apartamento-SUP-1Q,Carteira 5,SC,"Itapema, SC","Itapema, SC, Centro",0.0,486,1887.53,16,5616.63,2025-12,0.1935,0.3721,6.0,31,409.17,527.2,25.0,0.0,2025-12-01,0.34,0.0,3729.1000000000004,crítico
MUT0054,Santa_Cruz_Cabralia-Coroa_Vermelha-apartamento-SUP-3Q,Carteira 2,BA,"Santa Cruz Cabrália, BA","Santa Cruz Cabrália, BA, Coroa Vermelha",0.0,188,12018.49,22,4962.36,2025-12,0.6774,0.2966,21.0,31,704.95,404.7,10.0,0.0,2025-12-01,2.42,0.0,-7056.13,meta_subestimada
NWT0420,Especial-NWT-apartamento-TOP-1Q,Carteira 5,AL,"Maceió, AL","Maceió, AL, Pajuçara",0.0,396,0.0,34,4511.21,2025-12,0.0,0.3523,0.0,31,0.0,659.93,30.0,0.0,2025-12-01,0.0,0.0,4511.21,crítico
NWT0618,Especial-NWT-apartamento-TOP-1Q,Carteira 5,AL,"Maceió, AL","Maceió, AL, Pajuçara",0.0,245,4265.6,34,4511.21,2025-12,0.6129,0.3523,19.0,31,275.05,958.33,12.0,0.0,2025-12-01,0.95,0.0,245.60999999999967,berlinda
NWT0705,Especial-NWT-apartamento-TOP-1Q,Carteira 5,AL,"Maceió, AL","Maceió, AL, Pajuçara",0.0,179,3774.32,34,4511.21,2025-12,0.5161,0.3523,16.0,31,307.5,657.6,15.0,0.0,2025-12-01,0.84,0.0,736.8899999999999,berlinda
ONI0001,Barra_Velha-Tabuleiro-casa-JR-2Q,Carteira 3,SC,"Barra Velha, SC","Barra Velha, SC, Tabuleiro",0.0,31,1372.44,15,3764.6,2025-12,0.2581,0.2604,8.0,31,220.5,495.41,22.0,0.0,2025-12-01,0.36,0.0,2392.16,crítico
ONX1411,Goiania-Central-apartamento-JR-1Q,Carteira 1_sys-price,GO,"Goiânia, GO","Goiânia, GO, Setor Bueno",0.0,508,2361.86,47,1028.5,2025-12,0.6129,0.1779,19.0,31,152.95,144.58,12.0,0.0,2025-12-01,2.3,0.0,-1333.3600000000001,meta_subestimada
PTA0104,Cabedelo-Intermares-apartamento-SUP-2Q,Carteira 2,PB,"Cabedelo, PB","Cabedelo, PB, Intermares",0.0,392,6284.14,45,3911.49,2025-12,0.5806,0.4017,18.0,31,412.0,191.23,13.0,0.0,2025-12-01,1.61,0.0,-2372.6500000000005,ok
RAR0213,Bombinhas-Centro-apartamento-JR-2Q,Carteira 4,SC,"Bombinhas, SC","Bombinhas, SC, Centro",2.0,13,9384.21,56,5055.16,2025-12,0.7586,0.3791,22.0,31,517.05,366.14,7.0,0.0,2025-12-01,1.86,1034.1,-4329.049999999999,ok
RRB0202,Florianopolis-Canasvieiras_Perto-apartamento-JR-1Q,Carteira 1,SC,"Florianópolis, SC","Florianópolis, SC, Canasvieiras",0.0,432,2992.62,57,4570.38,2025-12,0.0968,0.3788,3.0,31,1170.0,401.11,27.0,0.0,2025-12-01,0.65,0.0,1577.7600000000002,atenção
SCO0012,Florianopolis-Campeche-apartamento-JR-1Q,Carteira 1,SC,"Florianópolis, SC","Florianópolis, SC, Campeche",0.0,249,1887.16,27,3473.53,2025-12,0.1935,0.437,6.0,31,390.67,409.04,24.0,0.0,2025-12-01,0.54,0.0,1586.3700000000001,atenção
VGZ0007,Imbituba-Praia_do_Rosa-casa-SUP-1Q,Carteira 6,SC,"Imbituba, SC","Imbituba, SC, Ibiraquera",3.0,650,7054.72,42,3671.42,2025-12,0.3571,0.3229,10.0,31,831.6,384.11,18.0,0.0,2025-12-01,1.92,2494.8,-3383.3,ok
VLE003,Bombinhas-Mariscal-apartamento-JR-2Q,Carteira 6,SC,"Bombinhas, SC","Bombinhas, SC, Mariscal",0.0,1524,5786.08,7,6321.26,2025-12,0.2581,0.2547,8.0,31,823.75,414.64,22.0,26.0,2025-12-01,0.92,0.0,535.1800000000003,berlinda
AAP1405,Salvador-Caminho_Das_Arvores-apartamento-SUP-1Q,Carteira 2,BA,"Salvador, BA","Salvador, BA, Caminho das Árvores",0.0,255,2666.1,39,1988.29,2025-12,0.3871,0.308,12.0,31,250.58,252.0,18.0,0.0,2025-12-01,1.34,0.0,-677.81,ok
AAV0306,Florianopolis-Jurere_Internacional-apartamento-JR-1Q,Carteira 1,SC,"Florianópolis, SC","Florianópolis, SC, Jurerê",1.0,12,6047.0,15,7213.1,2025-12,0.5,0.3915,15.0,31,488.93,757.73,15.0,0.0,2025-12-01,0.84,488.93,1166.1000000000004,berlinda
BLN0802,Porto_Belo-Geral-apartamento-SUP-2Q,Carteira 6,SC,"Porto Belo, SC","Porto Belo, SC, Perequê",0.0,727,406.65,34,5989.62,2025-12,0.0968,0.3609,3.0,31,170.0,552.89,28.0,0.0,2025-12-01,0.07,0.0,5582.97,crítico
BSO0201,Itajai-Praia_Brava-apartamento-SUP-1Q,Carteira 6,SC,"Balneário Camboriú, SC","Balneário Camboriú, SC, Praia dos Amores",0.0,87,7479.85,15,3309.05,2025-12,0.6129,0.4188,19.0,31,525.95,342.75,12.0,0.0,2025-12-01,2.26,0.0,-4170.8,meta_subestimada
CBG0027,Gramado-Centro-apartamento-TOP-2Q,Carteira 4,RS,"Gramado, RS","Gramado, RS, Centro",0.0,3,2853.55,57,13003.3,2025-12,0.3548,0.6323,11.0,31,691.25,756.86,14.0,0.0,2025-12-01,0.22,0.0,10149.75,crítico
CPR0108,Marau-Barra_Grande-apartamento-SUP-1Q,Carteira 2,BA,"Maraú, BA","Maraú, BA, Barra Grande",0.0,558,0.0,15,5499.5,2025-12,0.0,0.3565,0.0,31,0.0,844.4,30.0,20.0,2025-12-01,0.0,0.0,5499.5,crítico
CSD0403,Bombinhas-Bombas-apartamento-SUP-3Q,Carteira 6,SC,"Bombinhas, SC","Bombinhas, SC, Bombas",8.0,500,14043.08,22,9425.37,2025-12,0.8696,0.4566,20.0,31,1060.6,432.0,3.0,0.0,2025-12-01,1.49,8484.8,-4617.709999999999,ok
DAC0202,Florianopolis-Estreito-apartamento-SUP-1Q,Carteira 4,SC,"Florianópolis, SC","Florianópolis, SC, Estreito",0.0,131,2935.48,21,3004.91,2025-12,0.1613,0.425,5.0,31,190.0,325.21,28.0,0.0,2025-12-01,0.98,0.0,69.42999999999984,berlinda
DIO0507,Sao_Paulo-Pompeia-apartamento-SUP-1Q,Carteira 4_sys-price,SP,"São Paulo, SP","São Paulo, SP, Pompeia",0.0,89,411.32,60,1367.42,2025-12,0.129,0.2372,4.0,31,142.0,178.37,27.0,0.0,2025-12-01,0.3,0.0,956.1000000000001,crítico
DPR0004,Balneario_Camboriu-Sul-apartamento-JR-1Q,Carteira 3,SC,"Balneário Camboriú, SC","Balneário Camboriú, SC, Barra",0.0,13,2166.5,29,3309.05,2025-12,0.2258,0.2944,7.0,31,374.29,306.21,24.0,0.0,2025-12-01,0.65,0.0,1142.5500000000002,atenção
EFE0803,Guarapari-Praia_do_Morro-apartamento-SUP-3Q,Carteira 4,ES,"Guarapari, ES","Guarapari, ES, Praia do Morro",16.0,661,4686.05,87,5994.57,2025-12,0.8667,0.3687,13.0,31,443.15,214.0,2.0,0.0,2025-12-01,0.78,7090.4,1308.5199999999995,atenção
HBA0309,Salvador-Barra-apartamento-TOP-1Q,Carteira 2,BA,"Salvador, BA","Salvador, BA, Barra",0.0,465,1593.5,147,3425.84,2025-12,0.3226,0.4141,10.0,31,226.0,386.95,21.0,0.0,2025-12-01,0.47,0.0,1832.3400000000001,crítico
IBC0205,Florianopolis-Campeche_Praia-apartamento-TOP-2Q,Carteira 1,SC,"Florianópolis, SC","Florianópolis, SC, Morro das Pedras",20.0,339,2500.32,83,9369.27,2025-12,0.3636,0.4724,4.0,31,742.5,578.57,7.0,0.0,2025-12-01,0.27,14850.0,6868.950000000001,crítico
ILC1306,Especial-ILC-hotel-JR-1Q,Especial,SC,"Florianópolis, SC","Florianópolis, SC, Jurerê Internacional",0.0,1041,27483.44,14,9269.72,2025-12,0.7742,0.5069,24.0,31,1373.37,672.5,6.0,0.0,2025-12-01,2.96,0.0,-18213.72,meta_subestimada
ILC4107,Especial-ILC-hotel-TOP-1Q,Especial,SC,"Florianópolis, SC","Florianópolis, SC, Jurerê Internacional",7.0,453,23114.71,26,13572.13,2025-12,0.7083,0.6377,17.0,31,1620.29,818.0,6.0,0.0,2025-12-01,1.7,11342.029999999999,-9542.58,ok
ILH310,Florianopolis-Canasvieiras_Perto-apartamento-SUP-2Q,Carteira 1,SC,"Florianópolis, SC","Florianópolis, SC, Canasvieiras",0.0,121,6237.45,23,8029.31,2025-12,0.2903,0.3783,9.0,31,885.44,698.19,21.0,0.0,2025-12-01,0.78,0.0,1791.8600000000006,atenção
LAM0601,Itapema-Praia_Itapema-apartamento-SUP-3Q,Carteira 6,SC,"Itapema, SC","Itapema, SC, Andorinha",1.0,33,5425.14,12,6824.59,2025-12,0.1,0.2853,3.0,31,1850.0,1315.38,26.0,30.0,2025-12-01,0.79,1850.0,1399.4499999999998,atenção
NNG0102,Florianopolis-Novo_Campeche-apartamento-TOP-2Q,Carteira 1,SC,"Florianópolis, SC","Florianópolis, SC, Campeche",0.0,336,12229.23,58,10812.04,2025-12,0.5161,0.4785,16.0,31,1011.5,604.13,15.0,0.0,2025-12-01,1.13,0.0,-1417.1899999999987,ok
NWT1023,Especial-NWT-apartamento-TOP-1Q,Carteira 5,AL,"Maceió, AL","Maceió, AL, Pajuçara",0.0,229,4199.85,34,4511.21,2025-12,0.4194,0.3523,13.0,31,382.69,614.44,18.0,0.0,2025-12-01,0.93,0.0,311.3599999999997,berlinda
PRJ001,Imbituba-Praia_do_Rosa-casa-SIM-1Q,Carteira 6,SC,"Imbituba, SC","Imbituba, SC, Ibiraquera",0.0,1271,2403.75,50,2822.42,2025-12,0.2258,0.3355,7.0,31,427.14,144.21,24.0,0.0,2025-12-01,0.85,0.0,418.6700000000001,berlinda
PSO0610,Penha-Beto_Carrero-apartamento-SUP-1Q,Carteira 3,SC,"Penha, SC","Penha, SC, Praia de Armação do Itapocoroi",0.0,123,3631.02,15,2337.5,2025-12,0.4839,0.234,15.0,31,306.87,467.75,16.0,0.0,2025-12-01,1.55,0.0,-1293.52,ok
RHL0305,Florianopolis-Ingleses_Centro-apartamento-TOP-3Q,Carteira 1,SC,"Florianópolis, SC","Florianópolis, SC, Ingleses do Rio Vermelho",4.0,298,7187.0,46,12165.63,2025-12,0.1852,0.4125,5.0,31,1687.0,673.18,22.0,27.0,2025-12-01,0.59,6748.0,4978.629999999999,atenção
RIS0006,Florianopolis-Rio_Vermelho-apartamento-JR-2Q,Carteira 1,SC,"Florianópolis, SC","Florianópolis, SC, Ingleses do Rio Vermelho",0.0,28,0.0,26,3017.07,2025-12,0.0,0.4026,0.0,31,0.0,423.0,30.0,0.0,2025-12-01,0.0,0.0,3017.07,crítico
RPB037,Florianopolis-Cachoeira_Bom_Jesus-apartamento-JR-2Q,Carteira 1,SC,"Florianópolis, SC","Florianópolis, SC, Cachoeira do Bom Jesus",4.0,875,16530.43,19,3576.69,2025-12,1.0,0.3415,27.0,31,837.07,,0.0,0.0,2025-12-01,4.62,3348.28,-12953.74,meta_subestimada
SEM0012,Barra_Velha-Centro-apartamento-SUP-1Q,Carteira 3,SC,"Barra Velha, SC","Barra Velha, SC, Tabuleiro",0.0,61,1909.11,14,4155.78,2025-12,0.2258,0.2718,7.0,31,355.29,333.29,24.0,0.0,2025-12-01,0.46,0.0,2246.67,crítico
SOV0005,Mata_de_Sao_Joao-Praia_Imbassai-apartamento-TOP-1Q,Carteira 2,BA,"Mata de São João, BA","Mata de São João, BA, Imbassaí",7.0,284,1766.82,15,4774.76,2025-12,0.2917,0.334,7.0,31,280.29,332.71,17.0,0.0,2025-12-01,0.37,1962.0300000000002,3007.9400000000005,crítico
STCY101,Florianopolis-Cachoeira_Bom_Jesus-apartamento-SUP-1Q,Carteira 1,SC,"Florianópolis, SC","Florianópolis, SC, Cachoeira do Bom Jesus",4.0,591,0.0,12,2756.61,2025-12,0.0,0.2735,0.0,31,0.0,446.46,26.0,0.0,2025-12-01,0.0,0.0,2756.61,crítico
VST017,Especial-VST-casa-TOP-1Q,Carteira 5,SC,"Anitápolis, SC","Anitápolis, SC, Rio dos pinheiros",0.0,153,1586.03,47,2992.0,2025-12,0.2258,0.1608,7.0,31,287.43,275.3,23.0,0.0,2025-12-01,0.53,0.0,1405.97,atenção
CNB010,Especial-CNB-casa-TOP-1Q,Especial,SP,"Campos do Jordão, SP","Campos do Jordão, SP, Jardim Europa",0.0,621,1406.06,15,4612.23,2025-12,0.0645,0.291,2.0,31,919.0,836.79,28.0,3.0,2025-12-01,0.3,0.0,3206.1699999999996,crítico
CNT303,Florianopolis-UFSC-apartamento-SUP-1Q,Carteira 4,SC,"Florianópolis, SC","Florianópolis, SC, Trindade",6.0,669,1792.19,50,3127.35,2025-12,0.48,0.4234,12.0,31,209.08,345.62,13.0,0.0,2025-12-01,0.57,1254.48,1335.1599999999999,atenção
CZZ0503,Urubici-Geral-apartamento-SUP-1Q,Especial,SC,"Urubici, SC","Urubici, SC, Centro",0.0,276,1033.8,53,1627.27,2025-12,0.129,0.1854,4.0,31,311.25,382.88,26.0,0.0,2025-12-01,0.64,0.0,593.47,atenção
ELF0304,Bombinhas-Bombas-apartamento-SUP-1Q,Especial,SC,"Bombinhas, SC","Bombinhas, SC, José Amândio",4.0,202,6483.68,33,4887.09,2025-12,0.7778,0.3346,21.0,31,343.33,813.83,6.0,3.0,2025-12-01,1.33,1373.32,-1596.5900000000001,ok
ELF0405,Bombinhas-Bombas-apartamento-SUP-1Q,Especial,SC,"Bombinhas, SC","Bombinhas, SC, José Amândio",2.0,215,12061.56,33,4887.09,2025-12,1.0,0.3346,29.0,31,514.17,,0.0,0.0,2025-12-01,2.47,1028.34,-7174.469999999999,meta_subestimada
ELF0502,Bombinhas-Bombas-apartamento-SUP-1Q,Especial,SC,"Bombinhas, SC","Bombinhas, SC, José Amândio",3.0,217,4571.95,33,4887.09,2025-12,0.5,0.3346,14.0,31,380.29,924.62,13.0,14.0,2025-12-01,0.94,1140.8700000000001,315.1400000000003,berlinda
ELS0402,Porto_Alegre-Centro_Historico-apartamento-JR-1Q,Carteira 4,RS,"Porto Alegre, RS","Porto Alegre, RS, Centro Histórico",0.0,45,641.96,86,1046.05,2025-12,0.2581,0.2806,8.0,31,105.5,140.13,23.0,0.0,2025-12-01,0.61,0.0,404.0899999999999,atenção
ELU0211,Florianopolis-Jurere_Tradicional-apartamento-TOP-1Q,Carteira 1,SC,"Florianópolis, SC","Florianópolis, SC, Jurerê",0.0,104,5905.32,17,10221.67,2025-12,0.2903,0.5494,9.0,31,753.0,771.9,21.0,0.0,2025-12-01,0.58,0.0,4316.35,atenção
FFS1202,Itapema-Meia_Praia-Sul-apartamento-SUP-1Q,Carteira 6,SC,"Itapema, SC","Itapema, SC, Meia Praia",6.0,20,5610.49,13,5440.47,2025-12,0.64,0.3096,16.0,31,418.38,269.67,9.0,0.0,2025-12-01,1.03,2510.2799999999997,-170.01999999999953,berlinda
FOS0001,Mata_de_Sao_Joao-Praia_Imbassai-apartamento-SUP-2Q,Carteira 2,BA,"Mata de São João, BA","Mata de São João, BA, Imbassaí",31.0,13,0.0,15,4774.76,2025-12,,0.334,0.0,31,0.0,,0.0,0.0,2025-12-01,0.0,0.0,4774.76,crítico
HOA0910,Salvador-Ondina_Rio_Vermelho-apartamento-SUP-1Q,Carteira 2,BA,"Salvador, BA","Salvador, BA, Ondina",2.0,6,499.96,93,2433.12,2025-12,0.1379,0.3565,4.0,31,145.0,246.0,25.0,0.0,2025-12-01,0.21,290.0,1933.1599999999999,crítico
IBF1607,Salvador-Caminho_Das_Arvores-apartamento-SUP-1Q,Carteira 2,BA,"Salvador, BA","Salvador, BA, Caminho das Árvores",4.0,5,491.1,39,1988.29,2025-12,0.1111,0.308,3.0,31,192.0,250.3,23.0,0.0,2025-12-01,0.25,768.0,1497.19,crítico
MCA0609,Balneario_Picarras-Geral-casa-JR-2Q,Carteira 6,SC,"Balneário Piçarras, SC","Balneário Piçarras, SC, Itacolomi",7.0,375,4637.42,8,5402.51,2025-12,0.4583,0.2326,11.0,31,506.64,187.23,13.0,0.0,2025-12-01,0.86,3546.48,765.0900000000001,berlinda
MHF1201,Itapema-Canto_Praia-apartamento-TOP-1Q,Carteira 5,SC,"Itapema, SC","Itapema, SC, Centro",0.0,339,9672.7,14,6337.8,2025-12,0.7097,0.3918,22.0,31,604.36,412.0,8.0,0.0,2025-12-01,1.53,0.0,-3334.9000000000005,ok
NRA0490,Balneario_Picarras-Geral-apartamento-JR-3Q,Carteira 6,SC,"Balneário Piçarras, SC","Balneário Piçarras, SC, Piçarras",0.0,370,13295.05,85,6230.07,2025-12,0.7097,0.3876,22.0,31,768.0,274.13,8.0,0.0,2025-12-01,2.13,0.0,-7064.98,meta_subestimada
NVM0010,Porto_Seguro-Pataxos-apartamento-JR-2Q,Carteira 2,BA,"Porto Seguro, BA","Porto Seguro, BA, Paraíso dos Pataxós",0.0,231,4377.93,46,4892.37,2025-12,0.5161,0.319,16.0,31,309.56,550.73,15.0,0.0,2025-12-01,0.89,0.0,514.4399999999996,berlinda
ONE0407,Salvador-Piata-apartamento-SUP-1Q,Carteira 5,BA,"Salvador, BA","Salvador, BA, Piatã",0.0,96,1076.16,20,2063.29,2025-12,0.2581,0.3866,8.0,31,177.5,238.52,23.0,0.0,2025-12-01,0.52,0.0,987.1299999999999,atenção
PLO0010,Jaguaruna-Camacho-apartamento-SUP-1Q,Carteira 6,SC,"Jaguaruna, SC","Jaguaruna, SC, Centro",0.0,52,0.0,13,3503.7,2025-12,0.0,0.3178,0.0,31,0.0,296.77,30.0,0.0,2025-12-01,0.0,0.0,3503.7,crítico
PSO0705,Penha-Beto_Carrero-apartamento-SUP-1Q,Carteira 3,SC,"Penha, SC","Penha, SC, Praia de Armação do Itapocoroi",0.0,164,5625.67,15,2337.5,2025-12,0.6452,0.234,20.0,31,343.1,652.36,11.0,0.0,2025-12-01,2.41,0.0,-3288.17,meta_subestimada
PSO0801,Penha-Beto_Carrero-apartamento-SUP-1Q,Carteira 3,SC,"Penha, SC","Penha, SC, Praia de Armação do Itapocoroi",0.0,132,5738.96,15,2337.5,2025-12,0.7097,0.234,22.0,31,309.0,659.89,9.0,0.0,2025-12-01,2.46,0.0,-3401.46,meta_subestimada
PSOB0707,Penha-Beto_Carrero-apartamento-SUP-1Q,Carteira 3,SC,"Penha, SC","Penha, SC, Armação",0.0,172,3447.57,15,2337.5,2025-12,0.4516,0.234,14.0,31,290.86,511.0,17.0,0.0,2025-12-01,1.47,0.0,-1110.0700000000002,ok
REK0002,Penha-Beto_Carrero-casa-JR-1Q,Carteira 3,SC,"Penha, SC","Penha, SC, Armação",0.0,96,3193.02,12,3000.47,2025-12,0.7097,0.3844,22.0,31,163.09,450.0,9.0,0.0,2025-12-01,1.06,0.0,-192.55000000000018,berlinda
RGP208,Florianopolis-Jurere_Tradicional-apartamento-JR-2Q,Carteira 1,SC,"Florianópolis, SC","Florianópolis, SC, Jurerê",0.0,1514,5111.42,28,6226.08,2025-12,0.2903,0.4447,9.0,31,727.56,651.48,21.0,0.0,2025-12-01,0.82,0.0,1114.6599999999999,berlinda
RME047,Curitiba-Merces-apartamento-SUP-1Q,Carteira 4,PR,"Curitiba, PR","Curitiba, PR, Mercês",0.0,231,870.18,30,1325.08,2025-12,0.1613,0.2876,5.0,31,115.4,212.35,26.0,0.0,2025-12-01,0.66,0.0,454.9,atenção
RRC0206,Florianopolis-Ribeirao-apartamento-SUP-1Q,Carteira 4,SC,"Florianópolis, SC","Florianópolis, SC, Ribeirão da Ilha",0.0,439,2838.05,35,1896.86,2025-12,0.4839,0.2485,15.0,31,224.73,449.0,16.0,0.0,2025-12-01,1.5,0.0,-941.1900000000003,ok
RVL1183,Bombinhas-Mariscal-casa-JR-2Q,Carteira 6,SC,"Bombinhas, SC","Bombinhas, SC, Canto Grande",0.0,906,3339.14,24,3733.63,2025-12,0.5161,0.2535,16.0,31,254.75,693.87,15.0,0.0,2025-12-01,0.89,0.0,394.49000000000024,berlinda
SDS104,Gramado-Geral-apartamento-SUP-2Q,Carteira 4,RS,"Gramado, RS","Gramado, RS, Centro",0.0,522,12253.18,160,9255.64,2025-12,0.8387,0.5895,26.0,31,586.42,540.2,5.0,0.0,2025-12-01,1.32,0.0,-2997.540000000001,ok
SHC0506,Balneario_Picarras-Geral-apartamento-TOP-3Q,Carteira 6,SC,"Balneário Piçarras, SC","Balneário Piçarras, SC, Itacolomi",9.0,186,6507.26,19,9051.23,2025-12,0.3182,0.3781,7.0,31,1284.57,547.93,15.0,0.0,2025-12-01,0.72,11561.13,2543.9699999999993,atenção
SSG0317,Florianopolis-UFSC-apartamento-TOP-1Q,Carteira 4,SC,"Florianópolis, SC","Florianópolis, SC, Córrego Grande",0.0,349,2404.85,16,4429.31,2025-12,0.2581,0.3939,8.0,31,396.0,391.61,23.0,0.0,2025-12-01,0.54,0.0,2024.4600000000005,atenção
TDE0587,Florianopolis-Campeche-apartamento-SUP-2Q,Carteira 1,SC,"Florianópolis, SC","Florianópolis, SC, Campeche",0.0,453,0.0,13,4383.31,2025-12,0.0,0.264,0.0,31,0.0,1083.2,30.0,0.0,2025-12-01,0.0,0.0,4383.31,crítico
TPS306,Florianopolis-Canasvieiras_Meio-apartamento-TOP-1Q,Carteira 1,SC,"Florianópolis, SC","Florianópolis, SC, Canasvieiras",12.0,1025,4111.41,25,5708.6,2025-12,0.6842,0.4133,13.0,31,438.85,335.2,5.0,0.0,2025-12-01,0.72,5266.200000000001,1597.1900000000005,atenção
TRA0014,Camaçari-Monte_Gordo-apartamento-TOP-2Q,Carteira 2,BA,"Camaçari, BA","Camaçari, BA, Guarajuba Monte Gordo",0.0,412,6716.66,24,10511.1,2025-12,0.2258,0.4826,7.0,31,1072.86,428.83,23.0,0.0,2025-12-01,0.64,0.0,3794.4400000000005,atenção
VST016,Especial-VST-casa-TOP-1Q,Carteira 5,SC,"Anitápolis, SC","Anitápolis, SC, Rio dos pinheiros",0.0,153,2076.0,47,2992.0,2025-12,0.3226,0.1608,10.0,31,259.7,285.75,20.0,0.0,2025-12-01,0.69,0.0,916.0,atenção
VVC0202,Florianopolis-Jurere_Longe-apartamento-TOP-2Q,Carteira 1,SC,"Florianópolis, SC","Florianópolis, SC, Jurerê Internacional",4.0,67,13051.15,12,15340.25,2025-12,0.4815,0.5153,13.0,31,1441.62,798.69,13.0,0.0,2025-12-01,0.85,5766.48,2289.1000000000004,berlinda
WSH0407,Curitiba-Batel-apartamento-SUP-1Q,Carteira 4,PR,"Curitiba, PR","Curitiba, PR, Bigorrilho",0.0,48,500.24,164,1897.35,2025-12,0.129,0.3155,4.0,31,151.0,304.58,26.0,0.0,2025-12-01,0.26,0.0,1397.11,crítico
ZNB0706,Salvador-Barra-apartamento-SUP-1Q,Carteira 2,BA,"Salvador, BA","Salvador, BA, Barra",0.0,63,2319.45,227,2961.11,2025-12,0.2903,0.3641,9.0,31,320.33,251.18,22.0,0.0,2025-12-01,0.78,0.0,641.6600000000003,atenção
BFT2905,Goiania-Leste-apartamento-SUP-1Q,Carteira 1_sys-price,GO,"Goiânia, GO","Goiânia, GO, Jardim Goiás",0.0,298,2858.11,61,1550.4,2025-12,0.7097,0.2292,22.0,31,184.5,193.33,9.0,0.0,2025-12-01,1.84,0.0,-1307.71,ok
BLB1501,Salvador-Barra-apartamento-SUP-1Q,Carteira 2,BA,"Salvador, BA","Salvador, BA, Barra",0.0,31,4994.62,227,2961.11,2025-12,0.6129,0.3641,19.0,31,286.68,283.92,12.0,0.0,2025-12-01,1.69,0.0,-2033.5099999999998,ok
CLE1203,Porto_Belo-Geral-apartamento-SUP-2Q,Carteira 6,SC,"Porto Belo, SC","Porto Belo, SC, Perequê",0.0,285,12348.75,34,5989.62,2025-12,0.7742,0.3609,24.0,31,691.67,429.29,7.0,0.0,2025-12-01,2.06,0.0,-6359.13,meta_subestimada
CSC0212,Florianopolis-Ingleses_Norte-apartamento-SUP-1Q,Carteira 1,SC,"Florianópolis, SC","Florianópolis, SC, Ingleses Norte",0.0,123,1710.6,51,5324.68,2025-12,0.1613,0.4112,5.0,31,364.4,628.2,25.0,7.0,2025-12-01,0.32,0.0,3614.0800000000004,crítico
DVM0202,Florianopolis-Itacorubi-apartamento-JR-2Q,Carteira 4,SC,"Florianópolis, SC","Florianópolis, SC, Itacorubi",11.0,346,1101.84,24,4158.14,2025-12,0.1,0.4748,2.0,31,720.0,370.41,17.0,24.0,2025-12-01,0.26,7920.0,3056.3,crítico
EIO203,Itapema-Meia_Praia-Norte-apartamento-JR-3Q,Carteira 6,SC,"Itapema, SC","Itapema, SC, Meia Praia",4.0,906,15612.5,23,5226.35,2025-12,0.8519,0.2829,23.0,31,826.57,420.25,4.0,0.0,2025-12-01,2.99,3306.28,-10386.15,meta_subestimada
EJF0702,Balneario_Camboriu-Intermediario-apartamento-SUP-2Q,Carteira 6,SC,"Balneário Camboriú, SC","Balneário Camboriú, SC, Centro",0.0,719,10303.94,91,5990.35,2025-12,0.7419,0.3694,23.0,31,558.96,323.38,8.0,0.0,2025-12-01,1.72,0.0,-4313.59,ok
ELY0201,Florianopolis-Beira_Mar-apartamento-JR-2Q,Carteira 4,SC,"Florianópolis, SC","Florianópolis, SC, Centro",0.0,740,3294.59,26,3962.95,2025-12,0.2903,0.3364,9.0,31,453.89,350.27,22.0,0.0,2025-12-01,0.83,0.0,668.3599999999997,berlinda
IAA1003,Recife-Boa_Viagem-apartamento-TOP-1Q,Carteira 2,PE,"Recife, PE","Recife, PE, Boa Viagem",0.0,628,1256.72,38,2800.53,2025-12,0.2581,0.4015,8.0,31,225.0,350.78,23.0,0.0,2025-12-01,0.45,0.0,1543.8100000000002,crítico
IDP104,Florianopolis-Ingleses_Norte-apartamento-SUP-3Q,Carteira 1,SC,"Florianópolis, SC","Florianópolis, SC, Ingleses do Rio Vermelho",3.0,1882,11883.92,24,9415.83,2025-12,0.3571,0.3373,10.0,31,1651.0,591.67,18.0,0.0,2025-12-01,1.26,4953.0,-2468.09,ok
JBV276,Especial-JBV-hotel-JR-1Q,Especial,SC,"Florianópolis, SC","Florianópolis, SC, Jurerê",0.0,1095,27796.38,23,10939.33,2025-12,0.871,0.5584,27.0,31,1316.63,749.0,4.0,0.0,2025-12-01,2.54,0.0,-16857.050000000003,meta_subestimada
MNDA0217,Cabo_Frio-Centro-apartamento-SUP-1Q,Carteira 4,RJ,"Cabo Frio, RJ","Cabo Frio, RJ, Braga",0.0,98,9560.29,60,5241.6,2025-12,0.8387,0.5466,26.0,31,430.31,279.8,5.0,0.0,2025-12-01,1.82,0.0,-4318.6900000000005,ok
NWT1414,Especial-NWT-apartamento-TOP-1Q,Carteira 5,AL,"Maceió, AL","Maceió, AL, Pajuçara",0.0,339,3659.73,34,4511.21,2025-12,0.4516,0.3523,14.0,31,311.0,632.5,16.0,0.0,2025-12-01,0.81,0.0,851.48,berlinda
PDU0033,Cabo_Frio-Foguete-casa-JR-1Q,Carteira 4,RJ,"Cabo Frio, RJ","Cabo Frio, RJ, Braga",9.0,388,2515.64,44,2860.87,2025-12,0.4545,0.2875,10.0,31,249.73,203.33,6.0,25.0,2025-12-01,0.88,2247.5699999999997,345.23,berlinda
PSOB0912,Penha-Beto_Carrero-apartamento-SUP-1Q,Carteira 3,SC,"Penha, SC","Penha, SC, Praia de Armação do Itapocoroi",0.0,143,5380.38,15,2337.5,2025-12,0.6452,0.234,20.0,31,306.15,627.82,11.0,0.0,2025-12-01,2.3,0.0,-3042.88,meta_subestimada
RFM0024,Santa_Cruz_Cabralia-Coroa_Vermelha-apartamento-SUP-2Q,Carteira 2,BA,"Santa Cruz Cabrália, BA","Santa Cruz Cabrália, BA, Coroa Vermelha",0.0,312,0.0,60,5857.86,2025-12,0.0,0.4238,0.0,31,0.0,399.0,30.0,0.0,2025-12-01,0.0,0.0,5857.86,crítico
SDR0003,Florianopolis-Lagoa-apartamento-SUP-1Q,Carteira 1,SC,"Florianópolis, SC","Florianópolis, SC, Lagoa da Conceição",0.0,328,0.0,29,4977.73,2025-12,0.0,0.5714,0.0,31,0.0,396.53,30.0,0.0,2025-12-01,0.0,0.0,4977.73,crítico
SFR0511,Bombinhas-Centro-apartamento-SUP-1Q,Carteira 6,SC,"Bombinhas, SC","Bombinhas, SC, Centro",0.0,67,11398.82,37,5567.5,2025-12,0.8065,0.4579,25.0,31,574.68,475.83,6.0,0.0,2025-12-01,2.05,0.0,-5831.32,meta_subestimada
VLD1002,Balneario_Camboriu-Centro-apartamento-MASTER-3Q,Carteira 6,SC,"Balneário Camboriú, SC","Balneário Camboriú, SC, Centro",6.0,599,17291.44,19,13625.5,2025-12,0.36,0.4712,9.0,31,2175.89,1312.56,16.0,30.0,2025-12-01,1.27,13055.34,-3665.9399999999987,ok
ZIO0201,Florianopolis-Ingleses_Praia-apartamento-JR-1Q,Carteira 1,SC,"Florianópolis, SC","Florianópolis, SC, Ingleses Norte",0.0,129,1684.16,36,3908.47,2025-12,0.0645,0.4301,2.0,31,1000.0,424.96,28.0,0.0,2025-12-01,0.43,0.0,2224.3099999999995,crítico
ACE0201,Florianopolis-Canasvieiras_Meio-apartamento-JR-2Q,Carteira 1,SC,"Florianópolis, SC","Florianópolis, SC, Canasvieiras",0.0,762,3993.44,18,4685.41,2025-12,0.4194,0.3236,13.0,31,376.15,744.76,17.0,0.0,2025-12-01,0.85,0.0,691.9699999999998,berlinda
ASK001,Florianopolis-Itacorubi-apartamento-JR-1Q,Carteira 4,SC,"Florianópolis, SC","Florianópolis, SC, Santa Mônica",0.0,1131,858.3,13,3163.06,2025-12,0.1613,0.6229,5.0,31,198.0,295.88,26.0,0.0,2025-12-01,0.27,0.0,2304.76,crítico
CCS0205,Florianopolis-Campeche_Praia-apartamento-TOP-1Q,Carteira 1,SC,"Florianópolis, SC","Florianópolis, SC, Campeche",0.0,647,6094.45,15,5871.13,2025-12,0.1613,0.3728,5.0,31,1466.0,434.36,25.0,0.0,2025-12-01,1.04,0.0,-223.3199999999997,berlinda
DLH0105,Gramado-Centro-apartamento-TOP-2Q,Carteira 4,RS,"Gramado, RS","Gramado, RS, Centro",1.0,481,20977.8,57,13003.3,2025-12,0.9333,0.6323,28.0,31,905.57,677.0,2.0,0.0,2025-12-01,1.61,905.57,-7974.5,ok
ECS0202,Cabo_Frio-Centro-apartamento-JR-3Q,Carteira 4,RJ,"Cabo Frio, RJ","Cabo Frio, RJ, Braga",0.0,12,0.0,121,4697.07,2025-12,0.0,0.3249,0.0,31,0.0,567.03,30.0,0.0,2025-12-01,0.0,0.0,4697.07,crítico
ESB0711,Salvador-Barra-apartamento-TOP-1Q,Carteira 2,BA,"Salvador, BA","Salvador, BA, Barra",13.0,12,729.56,147,3425.84,2025-12,0.2778,0.4141,5.0,31,191.0,173.0,13.0,0.0,2025-12-01,0.21,2483.0,2696.28,crítico
FRE1007,Sao_Paulo-Pinheiros-apartamento-SUP-1Q,Carteira 4_sys-price,SP,"São Paulo, SP","São Paulo, SP, Pinheiros",0.0,52,1103.34,375,2368.89,2025-12,0.2258,0.3215,7.0,31,188.71,213.58,24.0,0.0,2025-12-01,0.47,0.0,1265.55,crítico
HAI406,Salvador-Centro-apartamento-JR-1Q,Carteira 2,BA,"Salvador, BA","Salvador, BA, Centro",0.0,490,2540.2,31,1683.72,2025-12,0.5161,0.3545,16.0,31,207.88,186.0,14.0,0.0,2025-12-01,1.51,0.0,-856.4799999999998,ok
ILC2108,Especial-ILC-hotel-TOP-1Q,Especial,SC,"Florianópolis, SC","Florianópolis, SC, Jurerê Internacional",0.0,1830,32386.03,26,13572.13,2025-12,0.8065,0.6377,25.0,31,2171.8,981.67,6.0,0.0,2025-12-01,2.39,0.0,-18813.9,meta_subestimada
JBV106,Especial-JBV-hotel-JR-1Q,Especial,SC,"Florianópolis, SC","Florianópolis, SC, Jurerê",13.0,1728,8602.55,23,10939.33,2025-12,0.8889,0.5584,16.0,31,686.63,528.0,2.0,0.0,2025-12-01,0.79,8926.19,2336.7800000000007,atenção
JFM0062,Florianopolis-Beira_Mar-apartamento-JR-3Q,Carteira 4,SC,"Florianópolis, SC","Florianópolis, SC, Centro",3.0,265,4676.34,14,4494.47,2025-12,0.4286,0.3684,12.0,31,499.5,490.94,16.0,0.0,2025-12-01,1.04,1498.5,-181.8699999999999,berlinda
JQP0521,Sao_Paulo-Republica-apartamento-JR-1Q,Carteira 4_sys-price,SP,"São Paulo, SP","São Paulo, SP, Centro Histórico de São Paulo",0.0,119,624.44,260,1248.19,2025-12,0.1935,0.3051,6.0,31,120.83,135.52,25.0,0.0,2025-12-01,0.5,0.0,623.75,atenção
MDC0214,Gramado-Geral-apartamento-SUP-1Q,Carteira 4,RS,"Gramado, RS","Gramado, RS, Floresta",0.0,270,8816.93,100,7627.56,2025-12,0.7742,0.6333,24.0,31,461.87,532.71,7.0,0.0,2025-12-01,1.16,0.0,-1189.37,ok
MHFB0605,Itapema-Canto_Praia-apartamento-SUP-1Q,Carteira 5,SC,"Itapema, SC","Itapema, SC, Centro",0.0,404,8963.0,16,5616.63,2025-12,0.5806,0.3721,18.0,31,582.89,243.08,13.0,0.0,2025-12-01,1.6,0.0,-3346.37,ok
NWT1019,Especial-NWT-apartamento-TOP-1Q,Carteira 5,AL,"Maceió, AL","Maceió, AL, Pajuçara",0.0,229,2800.64,34,4511.21,2025-12,0.3871,0.3523,12.0,31,300.33,596.0,18.0,0.0,2025-12-01,0.62,0.0,1710.5700000000002,atenção
PAI0303,Salvador-Barra-apartamento-JR-1Q,Carteira 2,BA,"Salvador, BA","Salvador, BA, Barra",0.0,375,4032.45,130,2198.33,2025-12,0.6452,0.4059,20.0,31,257.85,227.55,11.0,0.0,2025-12-01,1.83,0.0,-1834.12,ok
PAR0002,Urubici-Geral-casa-TOP-1Q,Carteira 3,SC,"Urubici, SC","Urubici, SC, Arroio do Engenho",0.0,759,1966.41,89,2710.5,2025-12,0.2258,0.183,7.0,31,325.71,424.33,24.0,0.0,2025-12-01,0.73,0.0,744.0899999999999,atenção
PSO0304,Penha-Beto_Carrero-apartamento-SUP-1Q,Carteira 3,SC,"Penha, SC","Penha, SC, Praia de Armação do Itapocoroi",0.0,144,4977.57,15,2337.5,2025-12,0.5161,0.234,16.0,31,389.56,357.77,13.0,0.0,2025-12-01,2.13,0.0,-2640.0699999999997,meta_subestimada
PSV000,Garopaba-Centro-casa-TOP-3Q,Carteira 6,SC,"Garopaba, SC","Garopaba, SC, Garopaba",30.0,668,0.0,19,11911.61,2025-12,0.0,0.4758,0.0,31,0.0,2400.0,1.0,26.0,2025-12-01,0.0,0.0,11911.61,crítico
RAP0306,Florianopolis-Campeche_Praia-apartamento-SUP-1Q,Carteira 1,SC,"Florianópolis, SC","Florianópolis, SC, Campeche",4.0,360,8431.66,12,4642.4,2025-12,0.8148,0.4373,22.0,31,568.36,286.8,5.0,0.0,2025-12-01,1.82,2273.44,-3789.26,ok
RFM0039,Santa_Cruz_Cabralia-Coroa_Vermelha-apartamento-SUP-2Q,Carteira 2,BA,"Santa Cruz Cabrália, BA","Santa Cruz Cabrália, BA, Coroa Vermelha",0.0,383,1013.9,60,5857.86,2025-12,0.1613,0.4238,5.0,31,241.6,454.42,26.0,30.0,2025-12-01,0.17,0.0,4843.96,crítico
SCO0003,Florianopolis-Campeche-apartamento-JR-1Q,Carteira 1,SC,"Florianópolis, SC","Florianópolis, SC, Campeche",0.0,237,0.0,27,3473.53,2025-12,0.0,0.437,0.0,31,0.0,352.6,30.0,0.0,2025-12-01,0.0,0.0,3473.53,crítico
SFR0415,Bombinhas-Centro-apartamento-SUP-1Q,Carteira 6,SC,"Bombinhas, SC","Bombinhas, SC, Centro",0.0,67,5004.31,37,5567.5,2025-12,0.5484,0.4579,17.0,31,356.24,716.93,14.0,0.0,2025-12-01,0.9,0.0,563.1899999999996,berlinda
TRS0003,Penha-Beto_Carrero-casa-SUP-1Q,Carteira 3,SC,"Penha, SC","Penha, SC, Armação",0.0,194,4814.24,22,3448.22,2025-12,0.5484,0.3038,17.0,31,363.94,261.85,13.0,0.0,2025-12-01,1.4,0.0,-1366.02,ok
TXP1007,Goiania-Central-apartamento-SUP-1Q,Carteira 1_sys-price,GO,"Goiânia, GO","Goiânia, GO, Setor Bueno",0.0,802,2469.6,106,915.87,2025-12,0.5806,0.1609,18.0,31,318.78,208.31,13.0,0.0,2025-12-01,2.7,0.0,-1553.73,meta_subestimada
TXP1905,Goiania-Central-apartamento-SUP-1Q,Carteira 1_sys-price,GO,"Goiânia, GO","Goiânia, GO, Setor Bueno",0.0,783,3210.37,106,915.87,2025-12,0.7419,0.1609,23.0,31,203.17,202.63,8.0,0.0,2025-12-01,3.51,0.0,-2294.5,meta_subestimada
TZS210,Penha-Longe-casa-SUP-2Q,Carteira 6,SC,"Penha, SC","Penha, SC, Praia de Armação do Itaporocói",10.0,594,9283.58,29,5580.62,2025-12,0.7143,0.3443,15.0,31,795.73,268.0,5.0,23.0,2025-12-01,1.66,7957.3,-3702.96,ok
UPP0307,Curitiba-Centro-apartamento-JR-1Q,Carteira 6_sys-price,PR,"Curitiba, PR","Curitiba, PR, Alto da XV",0.0,5,221.68,227,1822.41,2025-12,0.0645,0.3741,2.0,31,130.0,156.04,28.0,0.0,2025-12-01,0.12,0.0,1600.73,crítico
VST024,Especial-VST-casa-TOP-1Q,Carteira 5,SC,"Anitápolis, SC","Anitápolis, SC, Rio dos Pinheiros",0.0,153,731.0,47,2992.0,2025-12,0.1935,0.1608,6.0,31,180.0,297.68,25.0,0.0,2025-12-01,0.24,0.0,2261.0,crítico
BOU201,Florianopolis-Canasvieiras_Meio-apartamento-SIM-1Q,Carteira 1,SC,"Florianópolis, SC","Florianópolis, SC, Canasvieiras",5.0,1728,2066.81,48,2039.22,2025-12,0.3462,0.2537,9.0,31,273.33,216.59,17.0,0.0,2025-12-01,1.01,1366.6499999999999,-27.589999999999918,berlinda
CCM004,Bombinhas-Mariscal-casa-JR-3Q,Carteira 6,SC,"Bombinhas, SC","Bombinhas, SC, Canto Grande",0.0,1462,14256.95,15,9732.5,2025-12,0.8387,0.3507,26.0,31,666.62,280.2,5.0,0.0,2025-12-01,1.46,0.0,-4524.450000000001,ok
CDV042,Ubatuba-Estufa-apartamento-JR-2Q,Carteira 4,SP,"Ubatuba, SP","Ubatuba, SP, Estufa II",0.0,829,4997.43,12,7636.36,2025-12,0.4839,0.451,15.0,31,375.87,462.44,16.0,0.0,2025-12-01,0.65,0.0,2638.9299999999994,atenção
CLR314,Brasilia-Vila_Planalto-apartamento-SUP-1Q,Carteira 1_sys-price,DF,"Brasília, DF","Brasília, DF, Asa Norte",1.0,671,2288.08,62,2237.12,2025-12,0.4333,0.2624,13.0,31,252.08,335.24,17.0,0.0,2025-12-01,1.02,252.08,-50.960000000000036,berlinda
EKO0008,Camaçari-Itacimirim-apartamento-SUP-2Q,Carteira 2,BA,"Camaçari, BA","Camaçari, BA, Santa Maria",0.0,101,11119.11,25,5847.29,2025-12,0.7742,0.3086,24.0,31,621.63,528.29,7.0,0.0,2025-12-01,1.9,0.0,-5271.820000000001,ok
ELM701,Balneario_Camboriu-Intermediario-apartamento-JR-3Q,Carteira 6,SC,"Balneário Camboriú, SC","Balneário Camboriú, SC, Centro",12.0,824,5295.99,19,5167.96,2025-12,0.4737,0.3259,9.0,31,769.11,283.8,10.0,0.0,2025-12-01,1.02,9229.32,-128.02999999999975,berlinda
EVA1005,Florianopolis-Centrao-apartamento-JR-1Q,Carteira 4,SC,"Florianópolis, SC","Florianópolis, SC, Centro",1.0,413,1452.97,76,2297.2,2025-12,0.3333,0.3438,10.0,31,171.0,351.6,20.0,0.0,2025-12-01,0.63,171.0,844.2299999999998,atenção
GEN0102,Balneario_Camboriu-Longe-apartamento-JR-2Q,Carteira 6,SC,"Balneário Camboriú, SC","Balneário Camboriú, SC, Nações",0.0,161,8431.5,28,2564.7,2025-12,0.6452,0.3348,20.0,31,550.6,262.3,10.0,0.0,2025-12-01,3.29,0.0,-5866.8,meta_subestimada
JBM202,Florianopolis-Jurere_Tradicional-apartamento-TOP-1Q,Carteira 1,SC,"Florianópolis, SC","Florianópolis, SC, Jurerê",0.0,2001,9761.97,17,10221.67,2025-12,0.6129,0.5494,19.0,31,676.37,1193.27,11.0,0.0,2025-12-01,0.96,0.0,459.7000000000007,berlinda
JBV152,Especial-JBV-hotel-TOP-1Q,Especial,SC,"Florianópolis, SC","Florianópolis, SC, Jurerê",0.0,1151,32142.1,30,13774.65,2025-12,0.9355,0.6331,29.0,31,1509.0,574.0,1.0,0.0,2025-12-01,2.33,0.0,-18367.449999999997,meta_subestimada
JBV265,Especial-JBV-hotel-JR-1Q,Especial,SC,"Florianópolis, SC","Florianópolis, SC, Jurerê",4.0,1957,13833.3,23,10939.33,2025-12,0.7037,0.5584,19.0,31,974.89,1225.14,7.0,0.0,2025-12-01,1.26,3899.56,-2893.9699999999993,ok
JDE792,Florianopolis-Campeche-casa-SUP-3Q,Carteira 1,SC,"Florianópolis, SC","Florianópolis, SC, Campeche",8.0,516,16799.43,19,6837.4,2025-12,0.6957,0.3345,16.0,31,1314.63,920.14,7.0,13.0,2025-12-01,2.46,10517.04,-9962.03,meta_subestimada
MHFA0605,Itapema-Canto_Praia-apartamento-SUP-1Q,Carteira 5,SC,"Itapema, SC","Itapema, SC, Centro",0.0,404,8425.73,16,5616.63,2025-12,0.5484,0.3721,17.0,31,770.35,268.62,13.0,0.0,2025-12-01,1.5,0.0,-2809.0999999999995,ok
MPK0119,Brasilia-Asa_Sul-apartamento-JR-1Q,Carteira 1_sys-price,DF,"Brasília, DF","Brasília, DF, Asa Sul",0.0,430,1926.1,200,1359.46,2025-12,0.3871,0.3417,12.0,31,203.17,204.58,19.0,0.0,2025-12-01,1.42,0.0,-566.6399999999999,ok
NWT0313,Especial-NWT-apartamento-TOP-1Q,Carteira 5,AL,"Maceió, AL","Maceió, AL, Pajuçara",31.0,409,0.0,34,4511.21,2025-12,,0.3523,0.0,31,0.0,,0.0,0.0,2025-12-01,0.0,0.0,4511.21,crítico
NWT0923,Especial-NWT-apartamento-TOP-1Q,Carteira 5,AL,"Maceió, AL","Maceió, AL, Pajuçara",0.0,251,2814.41,34,4511.21,2025-12,0.3871,0.3523,12.0,31,284.17,711.37,19.0,0.0,2025-12-01,0.62,0.0,1696.8000000000002,atenção
PRJ003,Imbituba-Praia_do_Rosa-casa-SIM-1Q,Carteira 6,SC,"Imbituba, SC","Imbituba, SC, Ibiraquera",0.0,1271,3186.57,50,2822.42,2025-12,0.2903,0.3355,9.0,31,419.56,136.67,21.0,0.0,2025-12-01,1.13,0.0,-364.1500000000001,ok
RFY0025,Florianopolis-Itacorubi-apartamento-SUP-2Q,Carteira 4,SC,"Florianópolis, SC","Florianópolis, SC, Itacorubi",0.0,234,1416.15,10,5591.33,2025-12,0.2258,0.3699,7.0,31,250.71,469.52,23.0,0.0,2025-12-01,0.25,0.0,4175.18,crítico
SFR0301,Bombinhas-Centro-apartamento-SUP-1Q,Carteira 6,SC,"Bombinhas, SC","Bombinhas, SC, Centro",0.0,67,7890.88,37,5567.5,2025-12,0.7419,0.4579,23.0,31,407.0,856.13,8.0,0.0,2025-12-01,1.42,0.0,-2323.38,ok
SMA0616,Salvador-Pituba_Praia-apartamento-SUP-1Q,Carteira 5,BA,"Salvador, BA","Salvador, BA, Amaralina",19.0,3,1633.8,13,1623.08,2025-12,1.0,0.3478,12.0,31,182.92,,0.0,0.0,2025-12-01,1.01,3475.4799999999996,-10.720000000000027,berlinda
TCO1106,Porto_Alegre-Centro_Historico-apartamento-SUP-1Q,Carteira 4,RS,"Porto Alegre, RS","Porto Alegre, RS, Centro Histórico",0.0,427,1486.63,85,1152.33,2025-12,0.4516,0.2626,14.0,31,129.71,193.47,17.0,0.0,2025-12-01,1.29,0.0,-334.3000000000002,ok
TPS201,Florianopolis-Canasvieiras_Meio-apartamento-TOP-1Q,Carteira 1,SC,"Florianópolis, SC","Florianópolis, SC, Canasvieiras",0.0,956,514.83,25,5708.6,2025-12,0.0968,0.4133,3.0,31,248.0,574.43,28.0,0.0,2025-12-01,0.09,0.0,5193.77,crítico
TPS208,Florianopolis-Canasvieiras_Meio-apartamento-TOP-1Q,Carteira 1,SC,"Florianópolis, SC","Florianópolis, SC, Canasvieiras",0.0,1060,2627.78,25,5708.6,2025-12,0.2903,0.4133,9.0,31,365.44,623.24,21.0,0.0,2025-12-01,0.46,0.0,3080.82,crítico
UML0103,Bombinhas-Mariscal-apartamento-TOP-2Q,Carteira 6,SC,"Bombinhas, SC","Bombinhas, SC, Mariscal",0.0,515,12273.06,9,9776.44,2025-12,0.5484,0.3678,17.0,31,867.59,685.5,14.0,0.0,2025-12-01,1.26,0.0,-2496.619999999999,ok
VGZ0001,Imbituba-Praia_do_Rosa-casa-SUP-1Q,Carteira 6,SC,"Imbituba, SC","Imbituba, SC, Ibiraquera",7.0,650,6691.86,42,3671.42,2025-12,0.7083,0.3229,17.0,31,475.59,618.86,7.0,0.0,2025-12-01,1.82,3329.1299999999997,-3020.4399999999996,ok
VIM0602,Itapema-Praia_Itapema-apartamento-TOP-3Q,Carteira 6,SC,"Itapema, SC","Itapema, SC, Andorinha",10.0,208,14976.01,32,10262.92,2025-12,0.9524,0.4555,20.0,31,926.1,660.0,1.0,0.0,2025-12-01,1.46,9261.0,-4713.09,ok
VTD0316,Florianopolis-UFSC-apartamento-SUP-1Q,Carteira 4,SC,"Florianópolis, SC","Florianópolis, SC, Trindade",0.0,20,5388.64,50,3127.35,2025-12,0.6774,0.4234,21.0,31,304.33,338.4,10.0,0.0,2025-12-01,1.72,0.0,-2261.2900000000004,ok
AMZ0113,Brasilia-Asa_Norte-apartamento-SUP-1Q,Carteira 1_sys-price,DF,"Brasília, DF","Brasília, DF, Asa Norte",0.0,13,3226.93,139,1842.36,2025-12,0.7097,0.3729,22.0,31,187.0,205.33,9.0,0.0,2025-12-01,1.75,0.0,-1384.57,ok
BLV0002,Porto_Seguro-Pataxos-apartamento-JR-2Q,Carteira 2,BA,"Porto Seguro, BA","Porto Seguro, BA, Alto do Xamagunga",8.0,88,601.1,46,4892.37,2025-12,0.2174,0.319,5.0,31,149.0,524.88,17.0,0.0,2025-12-01,0.12,1192.0,4291.2699999999995,crítico
CNA002,Especial-CNA-casa-MASTER-1Q,Especial,SP,"Campos do Jordão, SP","Campos do Jordão, SP, Jardim Europa",0.0,1046,5453.08,25,6822.48,2025-12,0.3226,0.3355,10.0,31,665.0,779.43,21.0,0.0,2025-12-01,0.8,0.0,1369.3999999999996,atenção
EDJ0410,Florianopolis-Ingleses_Praia-apartamento-SUP-1Q,Carteira 1,SC,"Florianópolis, SC","Florianópolis, SC, Ingleses do Rio Vermelho",0.0,234,852.6,42,4753.73,2025-12,0.129,0.4957,4.0,31,274.5,555.12,26.0,0.0,2025-12-01,0.18,0.0,3901.1299999999997,crítico
GSH0102,Camaçari-Monte_Gordo-apartamento-TOP-2Q,Carteira 2,BA,"Camaçari, BA","Camaçari, BA, Monte Gordo",6.0,133,5836.68,24,10511.1,2025-12,0.48,0.4826,12.0,31,578.33,545.0,12.0,13.0,2025-12-01,0.56,3469.9800000000005,4674.42,atenção
ILC3312,Especial-ILC-hotel-JR-1Q,Especial,SC,"Florianópolis, SC","Florianópolis, SC, Jurerê Internacional",1.0,2001,21816.4,14,9269.72,2025-12,0.7667,0.5069,23.0,31,1309.35,619.83,6.0,0.0,2025-12-01,2.35,1309.35,-12546.680000000002,meta_subestimada
MHFB2005,Itapema-Canto_Praia-apartamento-SUP-1Q,Carteira 5,SC,"Itapema, SC","Itapema, SC, Centro",2.0,504,4404.99,16,5616.63,2025-12,0.6207,0.3721,18.0,31,295.06,630.18,11.0,0.0,2025-12-01,0.78,590.12,1211.6400000000003,atenção
NWT0922,Especial-NWT-apartamento-TOP-1Q,Carteira 5,AL,"Maceió, AL","Maceió, AL, Pajuçara",0.0,251,3351.99,34,4511.21,2025-12,0.4194,0.3523,13.0,31,347.62,738.94,18.0,0.0,2025-12-01,0.74,0.0,1159.2200000000003,atenção
NWT1004,Especial-NWT-apartamento-TOP-1Q,Carteira 5,AL,"Maceió, AL","Maceió, AL, Pajuçara",0.0,229,7667.04,34,4511.21,2025-12,0.5484,0.3523,17.0,31,519.0,360.0,14.0,0.0,2025-12-01,1.7,0.0,-3155.83,ok
PRJ004,Imbituba-Praia_do_Rosa-casa-SIM-1Q,Carteira 6,SC,"Imbituba, SC","Imbituba, SC, Ibiraquera",0.0,1271,3553.39,50,2822.42,2025-12,0.3226,0.3355,10.0,31,411.7,124.3,20.0,0.0,2025-12-01,1.26,0.0,-730.9699999999998,ok
SMT0518,Salvador-Boca_do_Rio-apartamento-TOP-1Q,Carteira 2,BA,"Salvador, BA","Salvador, BA, Armação",29.0,4,490.62,16,2424.25,2025-12,1.0,0.3299,2.0,31,315.0,,0.0,0.0,2025-12-01,0.2,9135.0,1933.63,crítico
SOA0301,Salvador-Boca_do_Rio-apartamento-SUP-2Q,Carteira 2,BA,"Salvador, BA","Salvador, BA, Boca do Rio",0.0,301,6813.18,16,2424.25,2025-12,0.7419,0.3299,23.0,31,275.44,432.75,12.0,0.0,2025-12-01,2.81,0.0,-4388.93,meta_subestimada
SOA1005,Salvador-Boca_do_Rio-apartamento-TOP-1Q,Carteira 2,BA,"Salvador, BA","Salvador, BA, Boca do Rio",0.0,52,0.0,16,2424.25,2025-12,0.0,0.3299,0.0,31,0.0,267.93,30.0,0.0,2025-12-01,0.0,0.0,2424.25,crítico
STN0404,Florianopolis-Ingleses_Norte-apartamento-SUP-2Q,Carteira 1,SC,"Florianópolis, SC","Florianópolis, SC, Ingleses Norte",0.0,258,12668.4,81,7270.99,2025-12,0.6452,0.4033,20.0,31,838.35,779.7,10.0,0.0,2025-12-01,1.74,0.0,-5397.41,ok
TRC0507,Florianopolis-UFSC-apartamento-SUP-1Q,Carteira 4,SC,"Florianópolis, SC","Florianópolis, SC, Carvoeira",0.0,80,3278.8,50,3127.35,2025-12,0.4194,0.4234,13.0,31,303.62,283.0,18.0,0.0,2025-12-01,1.05,0.0,-151.45000000000027,berlinda
UAR301,Itapema-Praia_Centro-apartamento-TOP-3Q,Carteira 6,SC,"Itapema, SC","Itapema, SC, Centro",7.0,83,12803.77,13,4379.63,2025-12,0.8333,0.2835,20.0,31,831.35,344.5,4.0,0.0,2025-12-01,2.92,5819.45,-8424.14,meta_subestimada
VAC0203,Barra_Velha-Tabuleiro-apartamento-TOP-2Q,Carteira 3,SC,"Barra Velha, SC","Barra Velha, SC, Itajubá",0.0,53,8636.43,54,5693.67,2025-12,0.7097,0.3328,22.0,31,561.41,463.13,8.0,2.0,2025-12-01,1.52,0.0,-2942.76,ok
ABY40012,Sao_Paulo-Pompeia-apartamento-SUP-1Q,Carteira 4_sys-price,SP,"São Paulo, SP","São Paulo, SP, Perdizes",0.0,61,2143.96,60,1367.42,2025-12,0.4194,0.2372,13.0,31,216.15,183.78,18.0,0.0,2025-12-01,1.57,0.0,-776.54,ok
BSR0203,Ilheus-Sul-apartamento-SUP-1Q,Carteira 2,BA,"Ilhéus, BA","Ilhéus, BA, Nossa Senhora da Vitória",0.0,279,3035.62,22,4100.79,2025-12,0.4839,0.2868,15.0,31,254.8,319.31,16.0,0.0,2025-12-01,0.74,0.0,1065.17,atenção
CAR0106,Itajai-Centro-apartamento-JR-1Q,Carteira 6,SC,"Itajaí, SC","Itajaí, SC, Centro",1.0,140,456.4,14,1715.35,2025-12,0.1333,0.291,4.0,31,157.0,287.35,26.0,0.0,2025-12-01,0.27,157.0,1258.9499999999998,crítico
CLE1202,Porto_Belo-Geral-apartamento-TOP-3Q,Carteira 6,SC,"Porto Belo, SC","Porto Belo, SC, Perequê",0.0,461,12220.34,26,6029.08,2025-12,0.5484,0.3144,17.0,31,923.35,723.14,14.0,0.0,2025-12-01,2.03,0.0,-6191.26,meta_subestimada
CNB002,Especial-CNB-casa-TOP-1Q,Especial,SP,"Campos do Jordão, SP","Campos do Jordão, SP, Jardim Europa",0.0,628,6476.2,15,4612.23,2025-12,0.4194,0.291,13.0,31,609.62,957.06,17.0,9.0,2025-12-01,1.4,0.0,-1863.9700000000003,ok
ETHA604,Caldas_Novas-Geral-apartamento-JR-3Q,Carteira 3,GO,"Caldas Novas, GO","Caldas Novas, GO, Bandeirantes",0.0,789,7597.06,14,4759.19,2025-12,0.6129,0.3319,19.0,31,494.68,502.67,12.0,0.0,2025-12-01,1.6,0.0,-2837.870000000001,ok
IPT0141,Balneario_Camboriu-Centro-apartamento-TOP-2Q,Carteira 6,SC,"Balneário Camboriú, SC","Balneário Camboriú, SC, Centro",13.0,483,3594.27,36,8296.0,2025-12,0.5,0.4083,9.0,31,451.33,389.8,5.0,0.0,2025-12-01,0.43,5867.29,4701.73,crítico
LBO203,Porto_Alegre-Auxiliadora-apartamento-TOP-1Q,Carteira 4,RS,"Porto Alegre, RS","Porto Alegre, RS, Mont Serrat",0.0,504,675.12,25,2295.0,2025-12,0.129,0.3413,4.0,31,200.0,218.08,26.0,0.0,2025-12-01,0.29,0.0,1619.88,crítico
LIV0810,Salvador-Graca-apartamento-TOP-1Q,Especial,BA,"Salvador, BA","Salvador, BA, Vitória",0.0,136,496.62,15,3185.45,2025-12,0.129,0.3946,4.0,31,247.0,319.92,26.0,0.0,2025-12-01,0.16,0.0,2688.83,crítico
MHF1808,Itapema-Canto_Praia-apartamento-TOP-2Q,Carteira 5,SC,"Itapema, SC","Itapema, SC, Centro",0.0,80,12279.44,14,4620.28,2025-12,0.5484,0.2821,17.0,31,982.41,432.69,13.0,25.0,2025-12-01,2.66,0.0,-7659.160000000001,meta_subestimada
NFE1544,Curitiba-Centro-apartamento-SUP-1Q,Carteira 4,PR,"Curitiba, PR","Curitiba, PR, Centro",0.0,215,1235.86,423,2082.08,2025-12,0.2581,0.391,8.0,31,189.38,217.83,23.0,0.0,2025-12-01,0.59,0.0,846.22,atenção
NWT0707,Especial-NWT-apartamento-MASTER-1Q,Carteira 5,AL,"Maceió, AL","Maceió, AL, Pajuçara",0.0,216,9874.47,31,9341.25,2025-12,0.2903,0.6444,9.0,31,1357.78,857.14,21.0,0.0,2025-12-01,1.06,0.0,-533.2199999999993,berlinda
OCB0901,Salvador-Barra-apartamento-TOP-1Q,Carteira 2,BA,"Salvador, BA","Salvador, BA, Barra",0.0,175,8833.26,147,3425.84,2025-12,0.871,0.4141,27.0,31,457.96,234.75,4.0,0.0,2025-12-01,2.58,0.0,-5407.42,meta_subestimada
OKA213,Florianopolis-Campeche-apartamento-SUP-1Q,Carteira 1,SC,"Florianópolis, SC","Florianópolis, SC, Campeche",0.0,714,2259.4,21,2822.43,2025-12,0.2581,0.2776,8.0,31,364.13,585.23,22.0,0.0,2025-12-01,0.8,0.0,563.0299999999997,berlinda
OKA224,Florianopolis-Campeche-apartamento-SUP-1Q,Carteira 1,SC,"Florianópolis, SC","Florianópolis, SC, Campeche",1.0,1088,3966.0,21,2822.43,2025-12,0.1667,0.2776,5.0,31,1162.0,392.58,24.0,0.0,2025-12-01,1.41,1162.0,-1143.5700000000002,ok
PRJ002,Imbituba-Praia_do_Rosa-casa-SIM-1Q,Carteira 6,SC,"Imbituba, SC","Imbituba, SC, Ibiraquera",0.0,1271,0.0,50,2822.42,2025-12,0.0645,0.3355,2.0,31,680.0,188.64,28.0,0.0,2025-12-01,0.0,0.0,2822.42,crítico
QSPB005,Pirenopolis-Geral-casa-JR-3Q,Carteira 4,GO,"Pirenópolis, GO","Pirenópolis, GO, Vila João Figueredo",1.0,787,1614.36,28,3765.99,2025-12,0.0667,0.1793,2.0,31,950.0,505.48,27.0,0.0,2025-12-01,0.43,950.0,2151.63,crítico
RFM0007,Santa_Cruz_Cabralia-Coroa_Vermelha-apartamento-SUP-2Q,Carteira 2,BA,"Santa Cruz Cabrália, BA","Santa Cruz Cabrália, BA, Coroa Vermelha",2.0,306,0.0,60,5857.86,2025-12,0.0,0.4238,0.0,31,0.0,329.14,28.0,0.0,2025-12-01,0.0,0.0,5857.86,crítico
RSA025,Florianopolis-Canasvieiras_Perto-apartamento-JR-1Q,Carteira 1,SC,"Florianópolis, SC","Florianópolis, SC, Canasvieiras",0.0,238,0.0,57,4570.38,2025-12,0.0,0.3788,0.0,31,0.0,495.3,30.0,0.0,2025-12-01,0.0,0.0,4570.38,crítico
RUC0001,Bombinhas-Mariscal-casa-JR-2Q,Carteira 6,SC,"Bombinhas, SC","Bombinhas, SC, Canto Grande",0.0,362,9584.15,24,3733.63,2025-12,0.6774,0.2535,21.0,31,571.14,263.67,9.0,0.0,2025-12-01,2.57,0.0,-5850.5199999999995,meta_subestimada
SLC0102,Florianopolis-Rio_Vermelho-apartamento-JR-1Q,Carteira 1,SC,"Florianópolis, SC","Florianópolis, SC, Ingleses do Rio Vermelho",0.0,294,0.0,20,2731.75,2025-12,0.0,0.3075,0.0,31,0.0,353.2,30.0,0.0,2025-12-01,0.0,0.0,2731.75,crítico
SPJ0101,Especial-SPJ-apartamento-TOP-1Q,Carteira 5,SC,"Florianópolis, SC","Florianópolis, SC, Jurerê",0.0,241,11624.3,15,9882.1,2025-12,0.7097,0.5496,22.0,31,597.38,875.14,7.0,0.0,2025-12-01,1.18,0.0,-1742.199999999999,ok
SPJ0301,Especial-SPJ-apartamento-TOP-1Q,Carteira 5,SC,"Florianópolis, SC","Florianópolis, SC, Jurerê",0.0,548,8886.45,15,9882.1,2025-12,0.7742,0.5496,24.0,31,516.38,1642.57,7.0,0.0,2025-12-01,0.9,0.0,995.6499999999996,berlinda
SRL002,Balneario_Camboriu-Centro-apartamento-SIM-2Q,Carteira 6,SC,"Balneário Camboriú, SC","Balneário Camboriú, SC, Centro",0.0,644,3116.13,60,3303.1,2025-12,0.4839,0.3049,15.0,31,246.8,710.13,16.0,0.0,2025-12-01,0.94,0.0,186.9699999999998,berlinda
TPS202,Florianopolis-Canasvieiras_Meio-apartamento-TOP-1Q,Carteira 1,SC,"Florianópolis, SC","Florianópolis, SC, Canasvieiras",0.0,867,0.0,25,5708.6,2025-12,0.0,0.4133,0.0,31,0.0,523.33,30.0,0.0,2025-12-01,0.0,0.0,5708.6,crítico
EON0402,Goiania-Central-2-apartamento-SUP-3Q,Carteira 1_sys-price,GO,"Goiânia, GO","Goiânia, GO, Setor Oeste",0.0,33,5276.76,19,3309.05,2025-12,0.5806,0.3084,18.0,31,335.39,338.62,13.0,0.0,2025-12-01,1.59,0.0,-1967.71,ok
ETE0308,Maceio-Ponta_Verde-apartamento-TOP-1Q,Carteira 2,AL,"Maceió, AL","Maceió, AL, Pajuçara",0.0,425,6322.62,111,4474.52,2025-12,0.6129,0.4818,19.0,31,440.79,495.0,12.0,0.0,2025-12-01,1.41,0.0,-1848.0999999999995,ok
GDP0107,Brasilia-Asa_Sul-apartamento-SUP-1Q,Carteira 1_sys-price,DF,"Brasília, DF","Brasília, DF, Asa Sul",0.0,675,1362.68,131,1856.96,2025-12,0.3871,0.381,12.0,31,241.08,246.26,19.0,0.0,2025-12-01,0.73,0.0,494.28,atenção
HAL103,Florianopolis-Novo_Campeche-apartamento-TOP-1Q,Carteira 1,SC,"Florianópolis, SC","Florianópolis, SC, Campeche",0.0,850,3369.09,52,7955.27,2025-12,0.2903,0.5248,9.0,31,447.0,768.24,21.0,0.0,2025-12-01,0.42,0.0,4586.18,crítico
IFT1003,Itapema-Meia_Praia-Norte-apartamento-TOP-1Q,Carteira 6,SC,"Itapema, SC","Itapema, SC, Meia Praia",18.0,201,2306.52,34,8039.05,2025-12,0.7692,0.47,10.0,31,256.3,623.0,3.0,0.0,2025-12-01,0.29,4613.400000000001,5732.530000000001,crítico
IRN0103,Florianopolis-Campeche-apartamento-JR-1Q,Carteira 1,SC,"Florianópolis, SC","Florianópolis, SC, Morro das Pedras",0.0,17,0.0,27,3473.53,2025-12,0.0,0.437,0.0,31,0.0,352.6,30.0,0.0,2025-12-01,0.0,0.0,3473.53,crítico
MHF1903,Itapema-Canto_Praia-apartamento-TOP-1Q,Carteira 5,SC,"Itapema, SC","Itapema, SC, Centro",0.0,510,6466.28,14,6337.8,2025-12,0.5484,0.3918,17.0,31,442.18,690.43,14.0,22.0,2025-12-01,1.02,0.0,-128.47999999999956,berlinda
NWT1011,Especial-NWT-apartamento-MASTER-1Q,Carteira 5,AL,"Maceió, AL","Maceió, AL, Pajuçara",1.0,207,12022.89,31,9341.25,2025-12,0.7,0.6444,21.0,31,718.76,646.25,8.0,0.0,2025-12-01,1.29,718.76,-2681.6399999999994,ok
OBS0101,Itapema-Meia_Praia-Sul-apartamento-JR-2Q,Carteira 6,SC,"Itapema, SC","Itapema, SC, Meia Praia",0.0,153,9409.48,13,5440.47,2025-12,0.7419,0.3096,23.0,31,521.87,290.75,8.0,0.0,2025-12-01,1.73,0.0,-3969.0099999999993,ok
OGD0401,Florianopolis-Beira_Mar-apartamento-TOP-1Q,Carteira 4,SC,"Florianópolis, SC","Florianópolis, SC, Centro",0.0,278,1985.99,19,3169.51,2025-12,0.2903,0.3371,9.0,31,285.33,547.68,22.0,0.0,2025-12-01,0.63,0.0,1183.5200000000002,atenção
OKA216,Florianopolis-Campeche-apartamento-SUP-1Q,Carteira 1,SC,"Florianópolis, SC","Florianópolis, SC, Campeche",0.0,759,6191.36,21,2822.43,2025-12,0.4194,0.2776,13.0,31,651.38,448.59,17.0,5.0,2025-12-01,2.19,0.0,-3368.93,meta_subestimada
PSOA0607,Penha-Beto_Carrero-apartamento-SUP-1Q,Carteira 3,SC,"Penha, SC","Penha, SC, Praia de Armação do Itapocoroi",9.0,123,4307.92,15,2337.5,2025-12,0.7273,0.234,16.0,31,344.39,151.75,4.0,0.0,2025-12-01,1.84,3099.5099999999998,-1970.42,ok
RFM0005,Santa_Cruz_Cabralia-Coroa_Vermelha-apartamento-SUP-2Q,Carteira 2,BA,"Santa Cruz Cabrália, BA","Santa Cruz Cabrália, BA, Coroa Vermelha",31.0,116,0.0,60,5857.86,2025-12,,0.4238,0.0,31,0.0,,0.0,30.0,2025-12-01,0.0,0.0,5857.86,crítico
RMI0007,Florianopolis-Ingleses_Praia-apartamento-TOP-1Q,Carteira 1,SC,"Florianópolis, SC","Florianópolis, SC, Ingleses do Rio Vermelho",0.0,710,2746.64,64,7501.78,2025-12,0.3226,0.4022,10.0,31,368.7,919.15,20.0,0.0,2025-12-01,0.37,0.0,4755.139999999999,crítico
RUP0805,Blumenau-Central-apartamento-SUP-1Q,Carteira 4,SC,"Blumenau, SC","Blumenau, SC, Escola Agrícola",0.0,432,2087.35,54,1878.43,2025-12,0.4194,0.269,13.0,31,198.62,207.11,18.0,0.0,2025-12-01,1.11,0.0,-208.91999999999985,ok
SFR0401,Bombinhas-Centro-apartamento-SUP-1Q,Carteira 6,SC,"Bombinhas, SC","Bombinhas, SC, Centro",0.0,67,5600.24,37,5567.5,2025-12,0.6129,0.4579,19.0,31,377.89,719.83,12.0,0.0,2025-12-01,1.01,0.0,-32.73999999999978,berlinda
SHC1103,Balneario_Picarras-Geral-apartamento-TOP-2Q,Carteira 6,SC,"Balneário Piçarras, SC","Balneário Piçarras, SC, Itacolomi",0.0,350,16761.29,36,9156.13,2025-12,0.7742,0.4149,24.0,31,992.92,818.0,7.0,10.0,2025-12-01,1.83,0.0,-7605.160000000002,ok
SPJ0106,Especial-SPJ-apartamento-TOP-1Q,Carteira 5,SC,"Florianópolis, SC","Florianópolis, SC, Jurerê",0.0,340,12624.38,15,9882.1,2025-12,0.6774,0.5496,21.0,31,775.62,452.78,9.0,0.0,2025-12-01,1.28,0.0,-2742.279999999999,ok
SPJ0202,Especial-SPJ-apartamento-TOP-1Q,Carteira 5,SC,"Florianópolis, SC","Florianópolis, SC, Jurerê",0.0,546,12963.39,15,9882.1,2025-12,0.5806,0.5496,18.0,31,859.83,475.92,13.0,0.0,2025-12-01,1.31,0.0,-3081.289999999999,ok
SPJ0402,Especial-SPJ-apartamento-TOP-1Q,Carteira 5,SC,"Florianópolis, SC","Florianópolis, SC, Jurerê",0.0,415,12147.45,15,9882.1,2025-12,0.6452,0.5496,20.0,31,795.25,641.27,11.0,0.0,2025-12-01,1.23,0.0,-2265.3500000000004,ok
VDI208,Florianopolis-Jurere_Longe-apartamento-SUP-2Q,Carteira 1,SC,"Florianópolis, SC","Florianópolis, SC, Jurerê Internacional",9.0,2013,0.0,27,9683.84,2025-12,0.0,0.5368,0.0,31,0.0,920.68,22.0,0.0,2025-12-01,0.0,0.0,9683.84,crítico
ZNB1304,Salvador-Barra-apartamento-SUP-1Q,Carteira 2,BA,"Salvador, BA","Salvador, BA, Barra",0.0,202,440.46,227,2961.11,2025-12,0.0968,0.3641,3.0,31,171.0,260.14,28.0,0.0,2025-12-01,0.15,0.0,2520.65,crítico
ACG302,Florianopolis-Canasvieiras_Perto-apartamento-JR-1Q,Carteira 1,SC,"Florianópolis, SC","Florianópolis, SC, Canasvieiras",0.0,642,2021.46,57,4570.38,2025-12,0.2258,0.3788,7.0,31,333.71,559.74,23.0,0.0,2025-12-01,0.44,0.0,2548.92,crítico
ADE0003,Salvador-Barra-apartamento-JR-1Q,Carteira 2,BA,"Salvador, BA","Salvador, BA, Chame-Chame",2.0,174,0.0,130,2198.33,2025-12,0.0,0.4059,0.0,31,0.0,188.75,28.0,0.0,2025-12-01,0.0,0.0,2198.33,crítico
APC0207,Florianopolis-Itacorubi-apartamento-TOP-1Q,Carteira 4,SC,"Florianópolis, SC","Florianópolis, SC, Itacorubi",19.0,249,2719.92,18,5468.61,2025-12,1.0,0.4269,12.0,31,260.5,,0.0,26.0,2025-12-01,0.5,4949.5,2748.6899999999996,crítico
CCA201,Florianopolis-Canajure-apartamento-SUP-3Q,Carteira 1,SC,"Florianópolis, SC","Florianópolis, SC, Canasvieiras",7.0,2018,15333.97,17,9352.93,2025-12,0.7917,0.6044,19.0,31,1088.37,1075.0,5.0,0.0,2025-12-01,1.64,7618.589999999999,-5981.039999999999,ok
CCB103,Florianopolis-Jurere_Internacional-apartamento-SUP-3Q,Carteira 1,SC,"Florianópolis, SC","Florianópolis, SC, Jurerê Internacional",0.0,1481,23406.83,24,15880.46,2025-12,0.6774,0.5517,21.0,31,1183.38,1106.67,9.0,0.0,2025-12-01,1.47,0.0,-7526.370000000003,ok
ETPA1103,Porto_Belo-Geral-apartamento-SUP-2Q,Carteira 6,SC,"Porto Belo, SC","Porto Belo, SC, centro",0.0,276,385.77,34,5989.62,2025-12,0.2258,0.3609,7.0,31,200.0,605.83,24.0,0.0,2025-12-01,0.06,0.0,5603.85,crítico
GBA1104,Sao_Paulo-Campo_Belo-apartamento-SUP-1Q,Carteira 4_sys-price,SP,"São Paulo, SP","São Paulo, SP, Campo Belo",0.0,203,889.43,116,1659.13,2025-12,0.2258,0.3603,7.0,31,167.57,145.0,24.0,0.0,2025-12-01,0.54,0.0,769.7000000000002,atenção
HMA0305,Sao_Paulo-Mariana-apartamento-SUP-1Q,Carteira 4_sys-price,SP,"São Paulo, SP","São Paulo, SP, Centro",0.0,466,1381.87,223,1659.39,2025-12,0.3548,0.2904,11.0,31,156.09,178.4,20.0,0.0,2025-12-01,0.83,0.0,277.5200000000002,berlinda
ILC3401,Especial-ILC-hotel-TOP-1Q,Especial,SC,"Florianópolis, SC","Florianópolis, SC, Jurerê Internacional",12.0,1376,17790.12,26,13572.13,2025-12,0.8947,0.6377,17.0,31,1224.94,519.0,1.0,0.0,2025-12-01,1.31,14699.28,-4217.99,ok
ILC3503,Especial-ILC-hotel-TOP-1Q,Especial,SC,"Florianópolis, SC","Florianópolis, SC, Jurerê Internacional",0.0,838,31532.3,26,13572.13,2025-12,0.7419,0.6377,23.0,31,1774.57,1036.63,8.0,0.0,2025-12-01,2.32,0.0,-17960.17,meta_subestimada
MUT0047,Santa_Cruz_Cabralia-Coroa_Vermelha-apartamento-TOP-2Q,Carteira 2,BA,"Santa Cruz Cabrália, BA","Santa Cruz Cabrália, BA, Coroa Vermelha",0.0,279,8585.27,23,4961.14,2025-12,0.4516,0.3038,14.0,31,732.93,294.38,16.0,0.0,2025-12-01,1.73,0.0,-3624.13,ok
NWT0611,Especial-NWT-apartamento-TOP-1Q,Carteira 5,AL,"Maceió, AL","Maceió, AL, Pajuçara",0.0,245,3310.25,34,4511.21,2025-12,0.4194,0.3523,13.0,31,310.0,724.78,18.0,0.0,2025-12-01,0.73,0.0,1200.96,atenção
NXO0404,Sao_Paulo-Bela_Vista-apartamento-SUP-1Q,Carteira 4_sys-price,SP,"São Paulo, SP","São Paulo, SP, Consolação",0.0,259,1788.9,718,2096.87,2025-12,0.4194,0.3298,13.0,31,188.46,190.0,18.0,0.0,2025-12-01,0.85,0.0,307.9699999999998,berlinda
OKA110,Florianopolis-Campeche-apartamento-SUP-1Q,Carteira 1,SC,"Florianópolis, SC","Florianópolis, SC, Campeche",0.0,1083,2078.19,21,2822.43,2025-12,0.2258,0.2776,7.0,31,391.71,567.48,23.0,0.0,2025-12-01,0.74,0.0,744.2399999999998,atenção
PDM0208,Sao_Paulo-Madalena-apartamento-TOP-1Q,Carteira 4_sys-price,SP,"São Paulo, SP","São Paulo, SP, Vila Madalena",0.0,167,1277.89,24,2574.25,2025-12,0.1613,0.3166,5.0,31,278.67,275.0,19.0,0.0,2025-12-01,0.5,0.0,1296.36,crítico
PRN0001,Imbituba-Praia_do_Rosa-apartamento-SIM-1Q,Carteira 6,SC,"Imbituba, SC","Imbituba, SC, Ibiraquera",0.0,206,4858.54,11,2433.13,2025-12,0.5806,0.2603,18.0,31,355.06,176.23,13.0,0.0,2025-12-01,2.0,0.0,-2425.41,ok
PSO0709,Penha-Beto_Carrero-apartamento-SUP-1Q,Carteira 3,SC,"Penha, SC","Penha, SC, Praia de Armação do Itapocoroi",0.0,150,6830.72,15,2337.5,2025-12,0.8065,0.234,25.0,31,349.76,956.8,5.0,0.0,2025-12-01,2.92,0.0,-4493.22,meta_subestimada
RFMB0011,Santa_Cruz_Cabralia-Coroa_Vermelha-apartamento-JR-2Q,Carteira 2,BA,"Porto Seguro, BA","Santa Cruz Cabrália, BA, Coroa Vermelha",0.0,355,7999.14,21,3440.44,2025-12,0.6774,0.4389,21.0,31,457.9,162.44,9.0,0.0,2025-12-01,2.33,0.0,-4558.700000000001,meta_subestimada
RSC0102,Florianopolis-Cachoeira_Bom_Jesus-apartamento-TOP-1Q,Carteira 1,SC,"Florianópolis, SC","Florianópolis, SC, Cachoeira do Bom Jesus",0.0,395,2816.25,25,9668.59,2025-12,0.3548,0.4134,11.0,31,327.27,720.47,19.0,0.0,2025-12-01,0.29,0.0,6852.34,crítico
TCR0113,Aguas_Claras-Geral-apartamento-JR-1Q,Carteira 1_sys-price,DF,"Brasília, DF","Brasília, DF, Taguatinga Sul",0.0,474,1356.02,65,1178.61,2025-12,0.3226,0.2364,10.0,31,156.7,159.05,21.0,0.0,2025-12-01,1.15,0.0,-177.41000000000008,ok
TPS0206,Florianopolis-Canasvieiras_Meio-apartamento-TOP-1Q,Carteira 1,SC,"Florianópolis, SC","Florianópolis, SC, Canasvieiras",0.0,353,2608.94,25,5708.6,2025-12,0.3226,0.4133,10.0,31,307.1,662.29,21.0,24.0,2025-12-01,0.46,0.0,3099.6600000000003,crítico
VLE008,Bombinhas-Mariscal-apartamento-JR-1Q,Carteira 6,SC,"Bombinhas, SC","Bombinhas, SC, mariscal",0.0,1343,4783.2,19,4437.43,2025-12,0.2581,0.4682,8.0,31,738.75,335.86,22.0,25.0,2025-12-01,1.08,0.0,-345.7699999999995,berlinda
VTD0126,Florianopolis-UFSC-apartamento-SUP-1Q,Carteira 4,SC,"Florianópolis, SC","Florianópolis, SC, Trindade",17.0,53,2324.11,50,3127.35,2025-12,0.9286,0.4234,13.0,31,243.62,168.0,1.0,0.0,2025-12-01,0.74,4141.54,803.2399999999998,atenção
VTD0310,Florianopolis-UFSC-apartamento-SUP-1Q,Carteira 4,SC,"Florianópolis, SC","Florianópolis, SC, Trindade",24.0,104,2184.07,50,3127.35,2025-12,1.0,0.4234,7.0,31,407.14,,0.0,0.0,2025-12-01,0.7,9771.36,943.2799999999997,atenção
BAB0202,Florianopolis-Ingleses_Praia-apartamento-SUP-1Q,Carteira 1,SC,"Florianópolis, SC","Florianópolis, SC, Ingleses do Rio Vermelho",0.0,398,8841.87,42,4753.73,2025-12,0.7419,0.4957,23.0,31,466.35,745.13,8.0,0.0,2025-12-01,1.86,0.0,-4088.1400000000012,ok
BLS1657,Goiania-Central-apartamento-TOP-1Q,Carteira 1_sys-price,GO,"Goiânia, GO","Goiânia, GO, Setor Marista",0.0,45,2872.99,33,1517.3,2025-12,0.6129,0.1649,19.0,31,218.68,277.67,12.0,0.0,2025-12-01,1.89,0.0,-1355.6899999999998,ok
CGS0002,Brasilia-Asa_Norte-apartamento-SUP-2Q,Carteira 1_sys-price,DF,"Brasília, DF","Brasília, DF, Asa Norte",0.0,222,2854.8,13,2958.68,2025-12,0.3871,0.3415,12.0,31,311.58,350.32,19.0,0.0,2025-12-01,0.96,0.0,103.87999999999965,berlinda
CZZ0402,Urubici-Geral-apartamento-SUP-1Q,Especial,SC,"Urubici, SC","Urubici, SC, Centro",0.0,237,0.0,53,1627.27,2025-12,0.0,0.1854,0.0,31,0.0,349.7,30.0,0.0,2025-12-01,0.0,0.0,1627.27,crítico
ILC1211,Especial-ILC-hotel-JR-1Q,Especial,SC,"Florianópolis, SC","Florianópolis, SC, Jurerê Internacional",0.0,2001,23566.86,14,9269.72,2025-12,0.7419,0.5069,23.0,31,1213.74,1004.13,8.0,0.0,2025-12-01,2.54,0.0,-14297.140000000001,meta_subestimada
JAS0001,Florianopolis-Lagoa-apartamento-JR-1Q,Carteira 1,SC,"Florianópolis, SC","Florianópolis, SC, Lagoa da Conceição",2.0,201,0.0,28,3469.64,2025-12,0.0,0.5154,0.0,31,0.0,538.5,28.0,20.0,2025-12-01,0.0,0.0,3469.64,crítico
NPZ093,Sao_Paulo-Moema-apartamento-TOP-1Q,Carteira 4_sys-price,SP,"São Paulo, SP","São Paulo, SP, Moema",6.0,584,2153.69,97,2876.93,2025-12,0.44,0.3593,11.0,31,245.82,248.14,14.0,0.0,2025-12-01,0.75,1474.92,723.2399999999998,atenção
PVE0302,Guarapari-Nova_Guarapari-apartamento-JR-2Q,Carteira 4,ES,"Guarapari, ES","Guarapari, ES, Enseada Verde",0.0,313,4529.45,37,4349.45,2025-12,0.1613,0.344,5.0,31,970.0,301.92,25.0,0.0,2025-12-01,1.04,0.0,-180.0,berlinda
RJH0101,Camaçari-Itacimirim-apartamento-TOP-2Q,Carteira 2,BA,"Camaçari, BA","Camaçari, BA, Itacimirim",9.0,305,5496.93,14,7913.74,2025-12,0.2727,0.4455,6.0,31,1353.17,529.4,15.0,0.0,2025-12-01,0.69,12178.53,2416.8099999999995,atenção
SHC0801,Balneario_Picarras-Geral-apartamento-TOP-3Q,Carteira 6,SC,"Balneário Piçarras, SC","Balneário Piçarras, SC, Itacolomi",1.0,105,4102.44,19,9051.23,2025-12,0.1,0.3781,3.0,31,2470.0,2019.31,26.0,30.0,2025-12-01,0.45,2470.0,4948.79,crítico
TCO1215,Porto_Alegre-Centro_Historico-apartamento-SUP-1Q,Carteira 4,RS,"Porto Alegre, RS","Porto Alegre, RS, Centro Histórico",0.0,592,1450.16,85,1152.33,2025-12,0.4516,0.2626,14.0,31,128.14,168.35,17.0,0.0,2025-12-01,1.26,0.0,-297.83000000000015,ok
VDO102,Florianopolis-Rio_Tavares-casa-JR-2Q,Carteira 1,SC,"Florianópolis, SC","Florianópolis, SC, Campeche",0.0,706,3053.74,13,6286.22,2025-12,0.2258,0.4211,7.0,31,516.43,362.52,23.0,0.0,2025-12-01,0.49,0.0,3232.4800000000005,crítico
VLR403,Florianopolis-Centrao-apartamento-SUP-1Q,Carteira 4,SC,"Florianópolis, SC","Florianópolis, SC, Centro",0.0,620,1146.36,124,3186.58,2025-12,0.1935,0.3292,6.0,31,308.67,332.56,25.0,0.0,2025-12-01,0.36,0.0,2040.22,crítico
VTD0704,Florianopolis-UFSC-apartamento-SUP-1Q,Carteira 4,SC,"Florianópolis, SC","Florianópolis, SC, Trindade",0.0,168,4944.18,50,3127.35,2025-12,0.5806,0.4234,18.0,31,335.28,305.69,13.0,0.0,2025-12-01,1.58,0.0,-1816.8300000000004,ok
ZUC0703,Balneario_Camboriu-Longe-apartamento-SUP-2Q,Carteira 6,SC,"Balneário Camboriú, SC","Balneário Camboriú, SC, Nações",0.0,195,5039.97,13,4993.26,2025-12,0.4839,0.207,15.0,31,436.07,1046.33,15.0,22.0,2025-12-01,1.01,0.0,-46.710000000000036,berlinda
ARU0727,Salvador-Costa_Azul-apartamento-SUP-1Q,Especial,BA,"Salvador, BA","Salvador, BA, Jardim Armação",0.0,27,1018.58,34,1869.63,2025-12,0.2258,0.3575,7.0,31,187.0,277.38,24.0,0.0,2025-12-01,0.54,0.0,851.0500000000001,atenção
ATE0302,Goiania-Universitario-apartamento-JR-1Q,Carteira 1_sys-price,GO,"Goiânia, GO","Goiânia, GO, Setor Leste Vila Nova",0.0,130,560.36,83,1046.24,2025-12,0.129,0.2253,4.0,31,260.0,260.0,27.0,5.0,2025-12-01,0.54,0.0,485.88,atenção
CIE0101,Florianopolis-Jurere_Longe-apartamento-JR-1Q,Carteira 1,SC,"Florianópolis, SC","Florianópolis, SC, Jurerê",10.0,395,5767.43,42,3939.68,2025-12,0.6667,0.3823,14.0,31,670.71,265.57,7.0,0.0,2025-12-01,1.46,6707.1,-1827.7500000000005,ok
CVE402,Guarapari-Praia_do_Morro-apartamento-JR-3Q,Carteira 4,ES,"Guarapari, ES","Guarapari, ES, Praia do Morro",5.0,650,6370.4,57,3737.28,2025-12,0.6538,0.2994,17.0,31,446.71,257.13,8.0,0.0,2025-12-01,1.7,2233.5499999999997,-2633.1199999999994,ok
EGC001,Urubici-Geral-casa-SUP-1Q,Carteira 3,SC,"Urubici, SC","Urubici, SC, Centro",0.0,802,0.0,50,1665.23,2025-12,0.0,0.1841,0.0,31,0.0,286.07,30.0,0.0,2025-12-01,0.0,0.0,1665.23,crítico
ESD143,Balneario_Camboriu-Sul-apartamento-SUP-2Q,Carteira 6,SC,"Balneário Camboriú, SC","Balneário Camboriú, SC, Barra Sul",0.0,930,6545.16,84,7980.16,2025-12,0.4839,0.3985,15.0,31,498.6,883.19,16.0,0.0,2025-12-01,0.82,0.0,1435.0,berlinda
FFS0408,Itapema-Meia_Praia-Sul-apartamento-TOP-1Q,Carteira 6,SC,"Itapema, SC","Itapema, SC, Meia Praia",9.0,35,183.2,27,6354.59,2025-12,0.0455,0.3713,1.0,31,239.0,596.71,21.0,0.0,2025-12-01,0.03,2151.0,6171.39,crítico
FLT0011,Florianopolis-Centrao-apartamento-SIM-1Q,Carteira 4,SC,"Florianópolis, SC","Florianópolis, SC, Centro",0.0,241,4875.79,13,1343.09,2025-12,0.4839,0.2429,15.0,31,298.33,180.94,16.0,0.0,2025-12-01,3.63,0.0,-3532.7,meta_subestimada
GGE203,Florianopolis-Ingleses_Norte-apartamento-TOP-2Q,Carteira 1,SC,"Florianópolis, SC","Florianópolis, SC, Ingleses do Rio Vermelho",11.0,635,3710.98,18,8763.19,2025-12,0.45,0.4261,9.0,31,626.22,547.82,11.0,0.0,2025-12-01,0.42,6888.42,5052.210000000001,crítico
IBY1613,Sao_Paulo-Moema-apartamento-TOP-1Q,Carteira 4_sys-price,SP,"São Paulo, SP","São Paulo, SP, Indianópolis",1.0,299,925.8,97,2876.93,2025-12,0.1667,0.3593,5.0,31,214.0,232.44,25.0,0.0,2025-12-01,0.32,214.0,1951.1299999999999,crítico
IDA0108,Florianopolis-Ingleses_Norte-apartamento-SUP-1Q,Carteira 1,SC,"Florianópolis, SC","Florianópolis, SC, Ingleses Norte",0.0,33,13964.77,51,5324.68,2025-12,0.9032,0.4112,28.0,31,650.71,308.0,3.0,0.0,2025-12-01,2.62,0.0,-8640.09,meta_subestimada
LIV1612,Salvador-Graca-apartamento-TOP-1Q,Especial,BA,"Salvador, BA","Salvador, BA, Vitória",1.0,66,2689.61,15,3185.45,2025-12,0.2667,0.3946,8.0,31,401.25,279.86,22.0,0.0,2025-12-01,0.84,401.25,495.8399999999997,berlinda
MHF1106,Itapema-Canto_Praia-apartamento-TOP-1Q,Carteira 5,SC,"Itapema, SC","Itapema, SC, Centro",0.0,269,8408.93,14,6337.8,2025-12,0.6452,0.3918,20.0,31,595.95,430.36,11.0,0.0,2025-12-01,1.33,0.0,-2071.13,ok
MHF1504,Itapema-Canto_Praia-apartamento-TOP-1Q,Carteira 5,SC,"Itapema, SC","Itapema, SC, Centro",0.0,343,6500.53,14,6337.8,2025-12,0.5484,0.3918,17.0,31,457.47,663.36,14.0,0.0,2025-12-01,1.03,0.0,-162.72999999999956,berlinda
MHF1602,Itapema-Canto_Praia-apartamento-TOP-2Q,Carteira 5,SC,"Itapema, SC","Itapema, SC, CEntro",0.0,474,4436.16,14,4620.28,2025-12,0.4516,0.2821,14.0,31,365.71,840.0,17.0,0.0,2025-12-01,0.96,0.0,184.1199999999999,berlinda
NWT0919,Especial-NWT-apartamento-TOP-1Q,Carteira 5,AL,"Maceió, AL","Maceió, AL, Pajuçara",0.0,244,4304.8,34,4511.21,2025-12,0.5806,0.3523,18.0,31,285.39,916.15,13.0,0.0,2025-12-01,0.95,0.0,206.40999999999985,berlinda
NXO0603,Sao_Paulo-Bela_Vista-apartamento-SUP-1Q,Carteira 4_sys-price,SP,"São Paulo, SP","São Paulo, SP, Consolação",0.0,474,2431.39,718,2096.87,2025-12,0.4839,0.3298,15.0,31,198.73,196.5,16.0,0.0,2025-12-01,1.16,0.0,-334.52,ok
OKA131,Florianopolis-Campeche-apartamento-SUP-1Q,Carteira 1,SC,"Florianópolis, SC","Florianópolis, SC, Campeche",0.0,1103,9568.03,21,2822.43,2025-12,0.4516,0.2776,14.0,31,758.0,409.35,17.0,0.0,2025-12-01,3.39,0.0,-6745.6,meta_subestimada
ONI0002,Barra_Velha-Tabuleiro-casa-JR-2Q,Carteira 3,SC,"Barra Velha, SC","Barra Velha, SC, Tabuleiro",0.0,34,3882.45,15,3764.6,2025-12,0.2903,0.2604,9.0,31,551.78,311.36,22.0,0.0,2025-12-01,1.03,0.0,-117.84999999999991,berlinda
PKS0205,Guara-Geral-apartamento-SUP-1Q,Carteira 1_sys-price,DF,"Brasília, DF","Brasília, DF, Asa Norte",0.0,283,1680.07,31,2080.81,2025-12,0.3548,0.3408,11.0,31,197.27,218.15,20.0,0.0,2025-12-01,0.81,0.0,400.74,berlinda
PVG0501,Itajai-Praia_Brava-apartamento-SUP-2Q,Carteira 6,SC,"Itajaí, SC","Itajaí, SC, Praia Brava de Itajaí",0.0,346,9534.34,21,5839.5,2025-12,0.7742,0.3814,24.0,31,511.17,485.43,7.0,0.0,2025-12-01,1.63,0.0,-3694.84,ok
RAL203,Florianopolis-Ingleses_Centro-apartamento-JR-2Q,Carteira 1,SC,"Florianópolis, SC","Florianópolis, SC, Ingleses do Rio Vermelho",8.0,709,6811.73,27,4428.29,2025-12,0.6522,0.3909,15.0,31,671.33,340.86,7.0,0.0,2025-12-01,1.54,5370.64,-2383.4399999999996,ok
RNC0202,Florianopolis-Campeche-apartamento-SUP-1Q,Carteira 1,SC,"Florianópolis, SC","Florianópolis, SC, Campeche",0.0,201,0.0,21,2822.43,2025-12,0.0,0.2776,0.0,31,0.0,454.23,30.0,0.0,2025-12-01,0.0,0.0,2822.43,crítico
UPP0702,Curitiba-Centro-apartamento-JR-1Q,Carteira 6_sys-price,PR,"Curitiba, PR","Curitiba, PR, Alto da XV",0.0,4,702.54,227,1822.41,2025-12,0.1935,0.3741,6.0,31,137.33,158.71,24.0,0.0,2025-12-01,0.39,0.0,1119.8700000000001,crítico
AYR0202,Florianopolis-Canasvieiras_Perto-apartamento-SUP-2Q,Carteira 1,SC,"Florianópolis, SC","Florianópolis, SC, Canasvieiras",0.0,327,7689.03,23,8029.31,2025-12,0.4516,0.3783,14.0,31,652.86,799.18,17.0,0.0,2025-12-01,0.96,0.0,340.28000000000065,berlinda
BDS0111,Bombinhas-Centro-apartamento-SUP-2Q,Carteira 6,SC,"Bombinhas, SC","Bombinhas, SC, Centro",0.0,42,11383.6,74,5682.32,2025-12,0.9032,0.3672,28.0,31,488.07,446.33,3.0,0.0,2025-12-01,2.0,0.0,-5701.280000000001,meta_subestimada
BPM1309,Salvador-Barra-apartamento-SUP-1Q,Carteira 2,BA,"Salvador, BA","Salvador, BA, Barra",0.0,601,1550.42,227,2961.11,2025-12,0.3226,0.3641,10.0,31,191.7,312.95,21.0,0.0,2025-12-01,0.52,0.0,1410.69,atenção
CCL0004,Camaçari-Jacuipe-casa-SUP-5Q,Carteira 2,BA,"Camaçari, BA","Camaçari, BA, Barra de Jacuípe",8.0,173,0.0,32,11584.84,2025-12,0.0,0.3613,0.0,31,0.0,1364.0,22.0,30.0,2025-12-01,0.0,0.0,11584.84,crítico
CIS0033,Florianopolis-Estreito-apartamento-SUP-2Q,Carteira 4,SC,"Florianópolis, SC","Florianópolis, SC, Bom Abrigo",16.0,12,1074.24,18,4141.18,2025-12,0.4,0.3952,6.0,31,219.67,257.89,9.0,0.0,2025-12-01,0.26,3514.72,3066.9400000000005,crítico
CNB012,Especial-CNB-casa-TOP-1Q,Especial,SP,"Campos do Jordão, SP","Campos do Jordão, SP, Jardim Europa",0.0,621,4225.82,15,4612.23,2025-12,0.2581,0.291,8.0,31,720.0,853.39,23.0,7.0,2025-12-01,0.92,0.0,386.40999999999985,berlinda
EPO001,Itapema-Praia_Centro-apartamento-SUP-3Q,Carteira 6,SC,"Itapema, SC","Itapema, SC, Castelo Branco",7.0,628,10126.79,16,5296.91,2025-12,0.7083,0.2298,17.0,31,704.06,358.14,7.0,0.0,2025-12-01,1.91,4928.42,-4829.880000000001,ok
ETC0028,Florianopolis-Centrao-apartamento-SUP-3Q,Carteira 4,SC,"Florianópolis, SC","Florianópolis, SC, Centro",0.0,210,7696.84,20,6656.36,2025-12,0.5806,0.3894,18.0,31,500.89,584.62,13.0,0.0,2025-12-01,1.16,0.0,-1040.4800000000005,ok
ETE0304,Maceio-Ponta_Verde-apartamento-TOP-1Q,Carteira 2,AL,"Maceió, AL","Maceió, AL, Pajuçara",0.0,552,4768.69,111,4474.52,2025-12,0.5484,0.4818,17.0,31,345.18,514.5,14.0,0.0,2025-12-01,1.07,0.0,-294.16999999999916,berlinda
IDF105,Florianopolis-Canasvieiras_Perto-apartamento-SUP-1Q,Carteira 1,SC,"Florianópolis, SC","Florianópolis, SC, Canasvieiras",0.0,802,7647.59,39,6116.81,2025-12,0.3226,0.4927,10.0,31,549.7,596.0,21.0,0.0,2025-12-01,1.25,0.0,-1530.7799999999997,ok
IVT1301,Itapema-Meia_Praia-Norte-apartamento-SUP-3Q,Carteira 6,SC,"Itapema, SC","Itapema, SC, Andorinha",5.0,731,12647.21,44,8175.3,2025-12,0.6154,0.3915,16.0,31,1005.75,508.44,9.0,0.0,2025-12-01,1.55,5028.75,-4471.909999999999,ok
JBN0043,Sao_Paulo-Brooklin-apartamento-SUP-1Q,Carteira 4_sys-price,SP,"São Paulo, SP","São Paulo, SP, Brooklin",0.0,346,1406.24,229,2017.05,2025-12,0.2581,0.2708,8.0,31,202.75,221.35,23.0,0.0,2025-12-01,0.7,0.0,610.81,atenção
MHF1409,Itapema-Canto_Praia-apartamento-TOP-2Q,Carteira 5,SC,"Itapema, SC","Itapema, SC, Centro",0.0,474,8335.23,14,4620.28,2025-12,0.5806,0.2821,18.0,31,577.61,641.54,13.0,0.0,2025-12-01,1.8,0.0,-3714.95,ok
MHF1507,Itapema-Canto_Praia-apartamento-TOP-1Q,Carteira 5,SC,"Itapema, SC","Itapema, SC, Centro",3.0,237,7439.65,14,6337.8,2025-12,0.6429,0.3918,18.0,31,514.5,684.4,10.0,0.0,2025-12-01,1.17,1543.5,-1101.8499999999995,ok
MHFA0804,Itapema-Canto_Praia-apartamento-SUP-1Q,Carteira 5,SC,"Itapema, SC","Itapema, SC, Centro",0.0,39,5060.96,16,5616.63,2025-12,0.5806,0.3721,18.0,31,333.3,536.91,11.0,0.0,2025-12-01,0.9,0.0,555.6700000000001,berlinda
NWT0412,Especial-NWT-apartamento-TOP-1Q,Carteira 5,AL,"Maceió, AL","Maceió, AL, Pajuçara",0.0,182,3238.71,34,4511.21,2025-12,0.0968,0.3523,3.0,31,1350.0,727.93,27.0,30.0,2025-12-01,0.72,0.0,1272.5,atenção
NWT0610,Especial-NWT-apartamento-TOP-1Q,Carteira 5,AL,"Maceió, AL","Maceió, AL, Pajuçara",0.0,245,4434.32,34,4511.21,2025-12,0.6129,0.3523,19.0,31,287.11,960.83,12.0,0.0,2025-12-01,0.98,0.0,76.89000000000033,berlinda
NWT1308,Especial-NWT-apartamento-TOP-1Q,Carteira 5,AL,"Maceió, AL","Maceió, AL, Pajuçara",0.0,360,5638.82,34,4511.21,2025-12,0.5484,0.3523,17.0,31,398.24,633.38,13.0,0.0,2025-12-01,1.25,0.0,-1127.6099999999997,ok
PDL005,Porto_Seguro-Pataxos-apartamento-JR-2Q,Carteira 2,BA,"Porto Seguro, BA","Porto Seguro, BA, Paraíso dos Pataxós",0.0,574,6241.61,46,4892.37,2025-12,0.5161,0.319,16.0,31,521.31,189.36,14.0,0.0,2025-12-01,1.28,0.0,-1349.2399999999998,ok
RUD0047,Porto_Seguro-Pataxos-casa-TOP-3Q,Carteira 2,BA,"Porto Seguro, BA","Porto Seguro, BA, Taperapuan",6.0,378,6808.15,12,12929.58,2025-12,0.56,0.2802,14.0,31,581.29,836.18,11.0,0.0,2025-12-01,0.53,3487.74,6121.43,atenção
SAT0012,Sao_Paulo-Vila_Olimpia-apartamento-SUP-1Q,Carteira 4_sys-price,SP,"São Paulo, SP","São Paulo, SP, Itaim Bibi",6.0,231,1470.57,256,2528.3,2025-12,0.24,0.2794,6.0,31,291.0,289.21,19.0,0.0,2025-12-01,0.58,1746.0,1057.7300000000002,atenção
SLC0204,Florianopolis-Rio_Vermelho-apartamento-JR-1Q,Carteira 1,SC,"Florianópolis, SC","Florianópolis, SC, Ingleses do Rio Vermelho",0.0,348,1178.92,20,2731.75,2025-12,0.0645,0.3075,2.0,31,700.0,307.71,28.0,0.0,2025-12-01,0.43,0.0,1552.83,crítico
TXP1406,Goiania-Central-apartamento-SUP-1Q,Carteira 1_sys-price,GO,"Goiânia, GO","Goiânia, GO, Setor Bueno",7.0,809,1918.67,106,915.87,2025-12,0.5417,0.1609,13.0,31,181.85,182.36,11.0,28.0,2025-12-01,2.09,1272.95,-1002.8000000000001,meta_subestimada
UML0104,Bombinhas-Mariscal-apartamento-TOP-2Q,Carteira 6,SC,"Bombinhas, SC","Bombinhas, SC, Mariscal",0.0,515,7585.71,9,9776.44,2025-12,0.4839,0.3678,15.0,31,622.07,907.6,15.0,0.0,2025-12-01,0.78,0.0,2190.7300000000005,atenção
URB1110,Porto_Alegre-Jardim_Botanico-apartamento-JR-1Q,Carteira 4,RS,"Porto Alegre, RS","Porto Alegre, RS, Petrópolis",0.0,829,743.25,57,1498.81,2025-12,0.2258,0.2227,7.0,31,138.29,147.43,23.0,0.0,2025-12-01,0.5,0.0,755.56,crítico
VTD0606,Florianopolis-UFSC-apartamento-SUP-1Q,Carteira 4,SC,"Florianópolis, SC","Florianópolis, SC, Trindade",0.0,84,6156.06,50,3127.35,2025-12,0.6774,0.4234,21.0,31,365.71,310.3,10.0,0.0,2025-12-01,1.97,0.0,-3028.7100000000005,ok
AIA2200,Barra_Velha-Tabuleiro-casa-JR-3Q,Carteira 3,SC,"Barra Velha, SC","Barra Velha, SC, Barra Velha",11.0,668,5539.64,19,5714.92,2025-12,0.5,0.3006,10.0,31,682.6,224.0,9.0,0.0,2025-12-01,0.97,7508.6,175.27999999999975,berlinda
ATB2014,Sao_Paulo-Brooklin-apartamento-JR-1Q,Carteira 4_sys-price,SP,"São Paulo, SP","São Paulo, SP, Jardim das Acacias",0.0,243,311.43,37,1963.5,2025-12,0.0968,0.2284,3.0,31,151.0,199.86,28.0,0.0,2025-12-01,0.16,0.0,1652.07,crítico
CMR204,Florianopolis-Itacorubi-apartamento-TOP-1Q,Carteira 4,SC,"Florianópolis, SC","Florianópolis, SC, Itacorubi",0.0,630,2076.27,18,5468.61,2025-12,0.3548,0.4269,11.0,31,215.64,501.0,19.0,0.0,2025-12-01,0.38,0.0,3392.3399999999997,crítico
DBH0804,Guarapari-Praia_do_Morro-apartamento-JR-3Q,Carteira 4,ES,"Guarapari, ES","Guarapari, ES, Praia do Morro",0.0,91,0.0,57,3737.28,2025-12,0.0,0.2994,0.0,31,0.0,376.5,30.0,0.0,2025-12-01,0.0,0.0,3737.28,crítico
DLH0303,Gramado-Centro-apartamento-TOP-2Q,Carteira 4,RS,"Gramado, RS","Gramado, RS, Centro",0.0,551,19969.1,57,13003.3,2025-12,0.871,0.6323,27.0,31,928.67,595.75,4.0,0.0,2025-12-01,1.54,0.0,-6965.799999999999,ok
ELK0101,Florianopolis-UFSC-apartamento-JR-3Q,Carteira 4,SC,"Florianópolis, SC","Florianópolis, SC, Córrego Grande",5.0,364,8879.63,14,4429.31,2025-12,0.8077,0.3791,21.0,31,578.52,636.0,5.0,0.0,2025-12-01,2.0,2892.6,-4450.319999999999,meta_subestimada
ILC2309,Especial-ILC-hotel-TOP-1Q,Especial,SC,"Florianópolis, SC","Florianópolis, SC, Jurerê Internacional",7.0,852,19870.13,26,13572.13,2025-12,0.6667,0.6377,16.0,31,1598.81,1143.5,8.0,0.0,2025-12-01,1.46,11191.67,-6298.000000000002,ok
IPC0902,Balneario_Camboriu-Centro-apartamento-TOP-3Q,Carteira 6,SC,"Balneário Camboriú, SC","Balneário Camboriú, SC, Centro",10.0,97,9068.98,46,7609.19,2025-12,0.6667,0.3826,14.0,31,567.88,689.57,7.0,0.0,2025-12-01,1.19,5678.8,-1459.79,ok
MDT016,São_Miguel_dos_Milagres-Geral-apartamento-SUP-3Q,Carteira 2,AL,"São Miguel dos Milagres, AL","São Miguel dos Milagres, AL, Centro",7.0,704,7118.32,34,6912.11,2025-12,0.2083,0.4119,5.0,31,1700.0,553.89,18.0,27.0,2025-12-01,1.03,11900.0,-206.21000000000004,berlinda
MHF0703,Itapema-Canto_Praia-apartamento-TOP-1Q,Carteira 5,SC,"Itapema, SC","Itapema, SC, Centro",0.0,528,9556.71,14,6337.8,2025-12,0.8387,0.3918,26.0,31,485.0,783.2,5.0,22.0,2025-12-01,1.51,0.0,-3218.909999999999,ok
MHF1402,Itapema-Canto_Praia-apartamento-TOP-2Q,Carteira 5,SC,"Itapema, SC","Itapema, SC, Centro",0.0,468,4217.44,14,4620.28,2025-12,0.4516,0.2821,14.0,31,412.0,789.38,16.0,0.0,2025-12-01,0.91,0.0,402.84000000000015,berlinda
NOR0202,Brasilia-Asa_Norte-apartamento-SUP-1Q,Carteira 1_sys-price,DF,"Brasília, DF","Brasília, DF, Asa Norte",0.0,797,1636.5,139,1842.36,2025-12,0.3226,0.3729,10.0,31,212.0,159.24,21.0,0.0,2025-12-01,0.89,0.0,205.8599999999999,berlinda
NWT0703,Especial-NWT-apartamento-TOP-1Q,Carteira 5,AL,"Maceió, AL","Maceió, AL, Pajuçara",0.0,215,7017.71,34,4511.21,2025-12,0.5484,0.3523,17.0,31,475.65,386.07,14.0,0.0,2025-12-01,1.56,0.0,-2506.5,ok
OKA128,Florianopolis-Campeche-apartamento-TOP-1Q,Carteira 1,SC,"Florianópolis, SC","Florianópolis, SC, Campeche",0.0,810,1121.34,34,4428.75,2025-12,0.0968,0.4949,3.0,31,504.0,723.52,27.0,0.0,2025-12-01,0.25,0.0,3307.41,crítico
PGO309,Pocos_de_Caldas-Geral-apartamento-SUP-1Q,Carteira 4,MG,"Poços de Caldas, MG","Poços de Caldas, MG, São Benedito",0.0,838,970.16,42,1996.38,2025-12,0.2258,0.3303,7.0,31,247.1,266.1,20.0,0.0,2025-12-01,0.49,0.0,1026.2200000000003,crítico
PSO0504,Penha-Beto_Carrero-apartamento-SUP-1Q,Carteira 3,SC,"Penha, SC","Penha, SC, Praia de Armação do Itapocoroi",0.0,130,7034.6,15,2337.5,2025-12,0.7097,0.234,22.0,31,433.82,335.56,9.0,0.0,2025-12-01,3.01,0.0,-4697.1,meta_subestimada
RUP0101,Blumenau-Central-apartamento-SUP-1Q,Carteira 4,SC,"Blumenau, SC","Blumenau, SC, Escola Agrícola",0.0,495,2093.04,54,1878.43,2025-12,0.5806,0.269,18.0,31,169.72,269.69,13.0,0.0,2025-12-01,1.11,0.0,-214.6099999999999,ok
SKL1005,Penha-Praia-apartamento-SUP-2Q,Carteira 4,SC,"Penha, SC","Penha, SC, Armação",0.0,25,9056.33,52,6758.12,2025-12,0.6452,0.3902,20.0,31,562.05,327.3,10.0,0.0,2025-12-01,1.34,0.0,-2298.21,ok
SPJ0102,Especial-SPJ-apartamento-TOP-1Q,Carteira 5,SC,"Florianópolis, SC","Florianópolis, SC, Jurerê",0.0,240,14912.94,15,9882.1,2025-12,0.8387,0.5496,26.0,31,709.46,463.0,5.0,0.0,2025-12-01,1.51,0.0,-5030.84,ok
SPJ0203,Especial-SPJ-apartamento-TOP-1Q,Carteira 5,SC,"Florianópolis, SC","Florianópolis, SC, Jurerê",0.0,548,5141.2,15,9882.1,2025-12,0.4839,0.5496,15.0,31,437.0,991.47,15.0,0.0,2025-12-01,0.52,0.0,4740.900000000001,atenção
SPJ0404,Especial-SPJ-apartamento-TOP-1Q,Carteira 5,SC,"Florianópolis, SC","Florianópolis, SC, Jurerê",0.0,546,12770.6,15,9882.1,2025-12,0.8387,0.5496,26.0,31,666.42,590.4,5.0,0.0,2025-12-01,1.29,0.0,-2888.5,ok
STI0205,Florianopolis-Ingleses_Centro-apartamento-SUP-1Q,Carteira 1,SC,"Florianópolis, SC","Florianópolis, SC, Ingleses Norte",0.0,49,5436.29,35,4428.29,2025-12,0.4839,0.4071,15.0,31,451.4,497.07,15.0,0.0,2025-12-01,1.23,0.0,-1008.0,ok
SVE508,Florianopolis-UFSC-apartamento-TOP-1Q,Carteira 4,SC,"Florianópolis, SC","Florianópolis, SC, Pantanal",0.0,802,1978.56,16,4429.31,2025-12,0.3871,0.3939,12.0,31,230.5,467.26,19.0,0.0,2025-12-01,0.45,0.0,2450.7500000000005,crítico
SVO0506,Florianopolis-UFSC-apartamento-SUP-1Q,Carteira 4,SC,"Florianópolis, SC","Florianópolis, SC, PANTANAL",0.0,343,1655.63,50,3127.35,2025-12,0.3548,0.4234,11.0,31,180.91,367.32,19.0,0.0,2025-12-01,0.53,0.0,1471.7199999999998,atenção
TCO1210,Porto_Alegre-Centro_Historico-apartamento-SUP-1Q,Carteira 4,RS,"Porto Alegre, RS","Porto Alegre, RS, Centro Histórico",0.0,539,1552.95,85,1152.33,2025-12,0.4839,0.2626,15.0,31,170.53,181.06,16.0,0.0,2025-12-01,1.35,0.0,-400.6200000000001,ok
VST019,Especial-VST-casa-TOP-1Q,Carteira 5,SC,"Anitápolis, SC","Anitápolis, SC, Rio dos Pinheiros",0.0,518,453.26,47,2992.0,2025-12,0.0645,0.1608,2.0,31,299.5,277.64,28.0,0.0,2025-12-01,0.15,0.0,2538.74,crítico
VST036,Especial-VST-casa-TOP-1Q,Carteira 5,SC,"Anitápolis, SC",VST036,0.0,243,1585.32,47,2992.0,2025-12,0.1935,0.1608,6.0,31,314.67,280.79,24.0,0.0,2025-12-01,0.53,0.0,1406.68,atenção
WSH0801,Curitiba-Batel-apartamento-SUP-1Q,Carteira 4,PR,"Curitiba, PR","Curitiba, PR, Bigorrilho",0.0,243,1248.62,164,1897.35,2025-12,0.2903,0.3155,9.0,31,166.56,331.23,22.0,0.0,2025-12-01,0.66,0.0,648.73,atenção
AQT0604,Itapema-Praia_Itapema-apartamento-TOP-3Q,Carteira 6,SC,"Itapema, SC","Itapema, SC, Morretes",5.0,152,8106.3,32,10262.92,2025-12,0.4231,0.4555,11.0,31,941.91,768.4,15.0,0.0,2025-12-01,0.79,4709.55,2156.62,atenção
FFS0905,Itapema-Meia_Praia-Sul-apartamento-SUP-1Q,Carteira 4,SC,"Itapema, SC","Itapema, SC, Meia Praia",0.0,31,2639.46,13,5440.47,2025-12,0.3871,0.3096,12.0,31,747.0,430.48,25.0,0.0,2025-12-01,0.49,0.0,2801.01,crítico
LIV1605,Salvador-Graca-apartamento-TOP-1Q,Especial,BA,"Salvador, BA","Salvador, BA, Vitória",0.0,187,1314.66,15,3185.45,2025-12,0.1935,0.3946,6.0,31,253.5,367.42,24.0,0.0,2025-12-01,0.41,0.0,1870.7899999999997,crítico
LLE0204,Itapema-Meia_Praia-Norte-apartamento-TOP-3Q,Carteira 6,SC,"Itapema, SC","Itapema, SC, Meia Praia",4.0,89,0.0,22,10121.8,2025-12,0.0,0.4704,0.0,31,0.0,665.96,26.0,0.0,2025-12-01,0.0,0.0,10121.8,crítico
MAB0203,Florianopolis-Ingleses_Norte-apartamento-JR-1Q,Carteira 1,SC,"Florianópolis, SC","Florianópolis, SC, Ingleses do Rio Vermelho",0.0,143,0.0,56,3996.59,2025-12,0.0,0.367,0.0,31,0.0,519.4,30.0,0.0,2025-12-01,0.0,0.0,3996.59,crítico
NOR0203,Brasilia-Asa_Norte-apartamento-SUP-1Q,Carteira 1_sys-price,DF,"Brasília, DF","Brasília, DF, Asa Norte",0.0,797,1883.33,139,1842.36,2025-12,0.4194,0.3729,13.0,31,185.54,158.94,18.0,0.0,2025-12-01,1.02,0.0,-40.97000000000003,berlinda
NWT0613,Especial-NWT-apartamento-TOP-1Q,Carteira 5,AL,"Maceió, AL","Maceió, AL, Pajuçara",0.0,245,8672.52,34,4511.21,2025-12,0.7097,0.3523,22.0,31,551.95,279.33,9.0,0.0,2025-12-01,1.92,0.0,-4161.31,ok
NWT0713,Especial-NWT-apartamento-TOP-1Q,Carteira 5,AL,"Maceió, AL","Maceió, AL, Pajuçara",0.0,210,4558.14,34,4511.21,2025-12,0.5806,0.3523,18.0,31,312.33,712.46,13.0,0.0,2025-12-01,1.01,0.0,-46.93000000000029,berlinda
NWT1320,Especial-NWT-apartamento-TOP-1Q,Carteira 5,AL,"Maceió, AL","Maceió, AL, Pajuçara",12.0,102,2722.17,34,4511.21,2025-12,0.5789,0.3523,11.0,31,293.64,378.0,8.0,0.0,2025-12-01,0.6,3523.68,1789.04,atenção
PRV1003,Salvador-Barra-apartamento-SUP-1Q,Carteira 2,BA,"Salvador, BA","Salvador, BA, Barra",0.0,417,1095.32,227,2961.11,2025-12,0.2581,0.3641,8.0,31,154.5,282.39,23.0,0.0,2025-12-01,0.37,0.0,1865.7900000000002,crítico
PSD301,Florianopolis-Jurere_Tradicional-apartamento-SIM-2Q,Carteira 1,SC,"Florianópolis, SC","Florianópolis, SC, Jurerê",0.0,2020,7684.31,21,6220.55,2025-12,0.4516,0.4612,14.0,31,688.71,539.0,16.0,0.0,2025-12-01,1.24,0.0,-1463.7600000000002,ok
PSO0802,Penha-Beto_Carrero-apartamento-SUP-1Q,Carteira 3,SC,"Penha, SC","Penha, SC, Praia de Armação do Itapocoroi",0.0,132,8587.14,15,2337.5,2025-12,0.7742,0.234,24.0,31,463.29,556.0,7.0,0.0,2025-12-01,3.67,0.0,-6249.639999999999,meta_subestimada
PTS0101,Florianopolis-Ingleses_Norte-apartamento-SUP-2Q,Carteira 1,SC,"Florianópolis, SC","Florianópolis, SC, Ingleses do Rio Vermelho",2.0,222,2591.8,81,7270.99,2025-12,0.3103,0.4033,9.0,31,315.33,845.58,19.0,0.0,2025-12-01,0.36,630.66,4679.19,crítico
SCE114,Brasilia-Asa_Norte-apartamento-SUP-1Q,Carteira 1_sys-price,DF,"Brasília, DF","Brasília, DF, Asa Norte",11.0,626,2801.34,139,1842.36,2025-12,0.85,0.3729,17.0,31,217.12,184.33,3.0,0.0,2025-12-01,1.52,2388.32,-958.9800000000002,ok
VGA1002,Itapema-Praia_Centro-apartamento-TOP-3Q,Carteira 6,SC,"Itapema, SC","Itapema, SC, Itapema",17.0,642,4390.32,13,4379.63,2025-12,0.8571,0.2835,12.0,31,437.5,180.0,2.0,0.0,2025-12-01,1.0,7437.5,-10.6899999999996,berlinda
VGZ0005,Imbituba-Praia_do_Rosa-casa-SUP-1Q,Carteira 6,SC,"Imbituba, SC","Imbituba, SC, Ibiraquera",7.0,650,4003.14,42,3671.42,2025-12,0.625,0.3229,15.0,31,332.6,593.89,9.0,0.0,2025-12-01,1.09,2328.2000000000003,-331.7199999999998,berlinda
VLR801,Florianopolis-Centrao-apartamento-JR-1Q,Carteira 4,SC,"Florianópolis, SC","Florianópolis, SC, Centro",0.0,1260,1673.39,76,2297.2,2025-12,0.5484,0.3438,17.0,31,262.71,434.29,14.0,0.0,2025-12-01,0.73,0.0,623.8099999999997,atenção
WBU2407,Goiania-Central-apartamento-TOP-1Q,Carteira 1_sys-price,GO,"Goiânia, GO","Goiânia, GO, Setor Bueno",0.0,389,5393.94,33,1517.3,2025-12,0.7097,0.1649,22.0,31,358.36,238.33,9.0,0.0,2025-12-01,3.55,0.0,-3876.6399999999994,meta_subestimada
APS1005,Sao_Paulo-Liberdade-apartamento-JR-1Q,Carteira 4_sys-price,SP,"São Paulo, SP","São Paulo, SP, Sé",27.0,195,496.95,92,1785.73,2025-12,0.75,0.3595,3.0,31,170.0,153.0,1.0,0.0,2025-12-01,0.28,4590.0,1288.78,crítico
BDR521,Florianopolis-Lagoa-apartamento-SUP-1Q,Carteira 1,SC,"Florianópolis, SC","Florianópolis, SC, Lagoa da Conceição",0.0,1315,1600.68,29,4977.73,2025-12,0.0645,0.5714,2.0,31,1000.0,411.21,28.0,0.0,2025-12-01,0.32,0.0,3377.0499999999993,crítico
CII0701,Porto_Belo-Geral-apartamento-SUP-2Q,Carteira 6,SC,"Porto Belo, SC","Porto Belo, SC, Perequê",3.0,26,510.36,34,5989.62,2025-12,0.1429,0.3609,4.0,31,180.5,605.83,24.0,0.0,2025-12-01,0.09,541.5,5479.26,crítico
CRA304,Bombinhas-Mariscal-apartamento-JR-3Q,Carteira 6,SC,"Bombinhas, SC","Bombinhas, SC, mariscal",0.0,1249,12867.74,34,5778.78,2025-12,0.7419,0.351,23.0,31,776.09,316.13,8.0,0.0,2025-12-01,2.23,0.0,-7088.96,meta_subestimada
CVAF0220,Mata_de_Sao_Joao-Praia_do_Forte_Longe-apartamento-SUP-1Q,Carteira 2,BA,"Mata de São João, BA","Mata de São João, BA, Praia do Forte",0.0,262,3676.83,100,6410.55,2025-12,0.1613,0.3825,5.0,31,792.5,465.04,24.0,0.0,2025-12-01,0.57,0.0,2733.7200000000003,atenção
EHS0117,Brasilia-Asa_Norte-apartamento-SUP-1Q,Carteira 1_sys-price,DF,"Brasília, DF","Brasília, DF, SHCNW",0.0,307,1248.79,139,1842.36,2025-12,0.3548,0.3729,11.0,31,206.82,157.1,20.0,0.0,2025-12-01,0.68,0.0,593.5699999999999,atenção
ELG0071,Barra_Velha-Centro-apartamento-JR-3Q,Carteira 3,SC,"Barra Velha, SC","Barra Velha, SC, Centro",0.0,276,4064.4,19,6073.08,2025-12,0.2258,0.2892,7.0,31,834.29,298.35,23.0,0.0,2025-12-01,0.67,0.0,2008.6799999999998,atenção
ESA0902,Balneario_Camboriu-Norte-apartamento-SUP-3Q,Carteira 6,SC,"Balneário Camboriú, SC","Balneário Camboriú, SC, Centro",14.0,452,4369.39,23,10382.63,2025-12,0.7059,0.4676,12.0,31,479.58,440.4,5.0,11.0,2025-12-01,0.42,6714.12,6013.239999999999,crítico
ILC3113,Especial-ILC-hotel-JR-1Q,Especial,SC,"Florianópolis, SC","Florianópolis, SC, Jurerê Internacional",4.0,1649,14758.51,14,9269.72,2025-12,0.5556,0.5069,15.0,31,1146.8,1138.83,12.0,0.0,2025-12-01,1.59,4587.2,-5488.790000000001,ok
JAS0004,Florianopolis-Lagoa-apartamento-JR-1Q,Carteira 1,SC,"Florianópolis, SC","Florianópolis, SC, Lagoa da Conceição",2.0,195,1768.38,28,3469.64,2025-12,0.1034,0.5154,3.0,31,700.0,415.56,25.0,17.0,2025-12-01,0.51,1400.0,1701.2599999999998,atenção
JBV279,Especial-JBV-hotel-JR-1Q,Especial,SC,"Florianópolis, SC","Florianópolis, SC, Jurerê",10.0,1095,9827.17,23,10939.33,2025-12,0.7619,0.5584,16.0,31,696.19,610.6,5.0,0.0,2025-12-01,0.9,6961.900000000001,1112.1599999999999,berlinda
LIN1106,Florianopolis-Centrao-apartamento-SUP-1Q,Carteira 4,SC,"Florianópolis, SC","Florianópolis, SC, Centro",0.0,41,5765.34,124,3186.58,2025-12,0.7097,0.3292,22.0,31,306.45,266.22,9.0,0.0,2025-12-01,1.81,0.0,-2578.76,ok
MHFA0705,Itapema-Canto_Praia-apartamento-SUP-1Q,Carteira 5,SC,"Itapema, SC","Itapema, SC, Centro",0.0,314,3885.44,16,5616.63,2025-12,0.3548,0.3721,11.0,31,444.82,389.15,20.0,0.0,2025-12-01,0.69,0.0,1731.19,atenção
OAG0820,Sao_Paulo-Pinheiros-apartamento-TOP-1Q,Carteira 4_sys-price,SP,"São Paulo, SP","São Paulo, SP, Cerqueira César",5.0,398,2418.55,231,3147.55,2025-12,0.3462,0.3479,9.0,31,287.22,275.59,17.0,0.0,2025-12-01,0.77,1436.1000000000001,729.0,atenção
PGL0301,Florianopolis-Canasvieiras_Perto-apartamento-TOP-3Q,Carteira 1,SC,"Florianópolis, SC","Florianópolis, SC, Canasvieiras",15.0,75,14137.2,14,15208.2,2025-12,0.9375,0.3791,15.0,31,1188.0,578.0,1.0,0.0,2025-12-01,0.93,17820.0,1071.0,berlinda
PSO0903,Penha-Beto_Carrero-apartamento-SUP-1Q,Carteira 3,SC,"Penha, SC","Penha, SC, Praia de Armação do Itapocoroi",0.0,129,7554.42,15,2337.5,2025-12,0.7419,0.234,23.0,31,396.57,421.0,8.0,0.0,2025-12-01,3.23,0.0,-5216.92,meta_subestimada
SEM0302,Itapema-Praia_Itapema-apartamento-TOP-2Q,Carteira 6,SC,"Itapema, SC","Itapema, SC, Morretes",0.0,12,0.0,19,6896.47,2025-12,0.0323,0.2825,1.0,31,180.0,609.5,30.0,0.0,2025-12-01,0.0,0.0,6896.47,crítico
STL401,Camboriu-Tabuleiro-apartamento-SUP-2Q,Carteira 6,SC,"Balneário Camboriú, SC","Balneário Camboriú, SC, Vila Real",12.0,31,10286.2,23,5322.3,2025-12,0.9474,0.2613,18.0,31,736.39,245.0,1.0,0.0,2025-12-01,1.93,8836.68,-4963.900000000001,ok
VDP0027,Cabo_Frio-Palmeiras-casa-SUP-2Q,Carteira 4,RJ,"Cabo Frio, RJ","Cabo Frio, RJ, Parque Burle",3.0,221,2540.32,66,3637.52,2025-12,0.2143,0.2783,6.0,31,529.67,470.43,21.0,0.0,2025-12-01,0.7,1589.0099999999998,1097.1999999999998,atenção
VTD0605,Florianopolis-UFSC-apartamento-SUP-1Q,Carteira 4,SC,"Florianópolis, SC","Florianópolis, SC, Trindade",0.0,84,4345.1,50,3127.35,2025-12,0.5161,0.4234,16.0,31,331.38,367.67,15.0,0.0,2025-12-01,1.39,0.0,-1217.7500000000005,ok
ARK0201,Brasilia-Asa_Sul-apartamento-TOP-1Q,Carteira 1_sys-price,DF,"Brasília, DF","Brasília, DF, Asa Sul",0.0,167,1948.02,22,1489.54,2025-12,0.4194,0.3836,13.0,31,240.08,228.06,18.0,0.0,2025-12-01,1.31,0.0,-458.48,ok
ELF0612,Bombinhas-Bombas-apartamento-SUP-1Q,Especial,SC,"Bombinhas, SC","Bombinhas, SC, José Amândio",1.0,215,13255.75,33,4887.09,2025-12,1.0,0.3346,30.0,31,537.43,,0.0,9.0,2025-12-01,2.71,537.43,-8368.66,meta_subestimada
EVR1403,Porto_Belo-Geral-apartamento-TOP-2Q,Carteira 6,SC,"Porto Belo, SC","Porto Belo, SC, Balneário Perequê",5.0,80,4264.09,14,5599.84,2025-12,0.5769,0.3573,15.0,31,334.2,526.64,11.0,0.0,2025-12-01,0.76,1671.0,1335.75,atenção
ILH0001,Florianopolis-Canasvieiras_Perto-apartamento-JR-1Q,Carteira 1,SC,"Florianópolis, SC","Florianópolis, SC, Canasvieiras",0.0,31,8683.96,57,4570.38,2025-12,0.7419,0.3788,23.0,31,474.13,723.25,8.0,0.0,2025-12-01,1.9,0.0,-4113.579999999999,ok
LBRA0011,Ilheus-Sul-casa-SUP-3Q,Carteira 2,BA,"Ilhéus, BA","Ilhéus, BA, Olivença",0.0,6,0.0,9,8175.44,2025-12,0.0,0.368,0.0,31,0.0,792.17,30.0,0.0,2025-12-01,0.0,0.0,8175.44,crítico
LIV0907,Salvador-Graca-apartamento-TOP-1Q,Especial,BA,"Salvador, BA","Salvador, BA, Vitória",8.0,150,1961.93,15,3185.45,2025-12,0.4783,0.3946,11.0,31,227.91,345.0,12.0,0.0,2025-12-01,0.62,1823.28,1223.5199999999998,atenção
MOC0210,Petropolis-Quitandinha-apartamento-JR-1Q,Carteira 4,RJ,"Petrópolis, RJ","Petrópolis, RJ, Independência",0.0,377,741.98,13,1858.1,2025-12,0.1935,0.3368,6.0,31,150.83,180.92,25.0,0.0,2025-12-01,0.4,0.0,1116.12,crítico
NWT0802,Especial-NWT-apartamento-TOP-1Q,Carteira 5,AL,"Maceió, AL","Maceió, AL, Pajuçara",0.0,269,5487.75,34,4511.21,2025-12,0.5161,0.3523,16.0,31,423.12,527.07,15.0,0.0,2025-12-01,1.22,0.0,-976.54,ok
NWT0907,Especial-NWT-apartamento-TOP-1Q,Carteira 5,AL,"Maceió, AL","Maceió, AL, Pajuçara",0.0,251,3863.5,34,4511.21,2025-12,0.6129,0.3523,19.0,31,317.84,965.67,12.0,0.0,2025-12-01,0.86,0.0,647.71,berlinda
NWT1324,Especial-NWT-apartamento-TOP-1Q,Carteira 5,AL,"Maceió, AL","Maceió, AL, Pajuçara",0.0,258,13240.01,34,4511.21,2025-12,0.6452,0.3523,20.0,31,796.2,453.0,10.0,19.0,2025-12-01,2.93,0.0,-8728.8,meta_subestimada
RGO702,Itapema-Meia_Praia-Sul-apartamento-SUP-2Q,Carteira 6,SC,"Itapema, SC","Itapema, SC, Castelo Branco",0.0,802,2380.65,19,6354.59,2025-12,0.2581,0.3925,8.0,31,332.38,728.78,23.0,0.0,2025-12-01,0.37,0.0,3973.94,crítico
RPO0302,Balneario_Picarras-Geral-apartamento-TOP-2Q,Carteira 6,SC,"Balneário Piçarras, SC","Balneário Piçarras, SC, Centro",10.0,60,1572.14,36,9156.13,2025-12,0.2857,0.4149,6.0,31,346.0,461.27,15.0,0.0,2025-12-01,0.17,3460.0,7583.989999999999,crítico
RRT0098,Penha-Longe-casa-JR-2Q,Carteira 6,SC,"Penha, SC","Penha, SC, Armação",0.0,453,6758.17,15,3154.79,2025-12,0.7742,0.3175,24.0,31,393.79,188.86,7.0,0.0,2025-12-01,2.14,0.0,-3603.38,meta_subestimada
RUA0226,Penha-Praia-casa-JR-3Q,Carteira 6,SC,"Penha, SC","Penha, SC, Centro",7.0,293,6766.96,21,4574.27,2025-12,0.6667,0.3328,16.0,31,558.5,289.86,7.0,0.0,2025-12-01,1.48,3909.5,-2192.6899999999996,ok
TCO0815,Porto_Alegre-Centro_Historico-apartamento-SUP-1Q,Carteira 4,RS,"Porto Alegre, RS","Porto Alegre, RS, Centro Histórico",0.0,451,1439.95,85,1152.33,2025-12,0.4516,0.2626,14.0,31,124.21,185.06,17.0,0.0,2025-12-01,1.25,0.0,-287.6200000000001,ok
THK1902,Sao_Paulo-Republica-apartamento-SUP-1Q,Carteira 4_sys-price,SP,"São Paulo, SP","São Paulo, SP, República",1.0,327,640.25,403,1530.0,2025-12,0.2667,0.3151,8.0,31,146.5,146.36,22.0,0.0,2025-12-01,0.42,146.5,889.75,crítico
THO2707,Goiania-Leste-apartamento-SUP-1Q,Carteira 1_sys-price,GO,"Goiânia, GO","Goiânia, GO, Jardim Goiás",0.0,627,2208.88,61,1550.4,2025-12,0.4516,0.2292,14.0,31,175.5,209.53,17.0,0.0,2025-12-01,1.42,0.0,-658.48,ok
BLS1256,Goiania-Central-apartamento-SUP-1Q,Carteira 1_sys-price,GO,"Goiânia, GO","Goiânia, GO, Setor Marista",31.0,743,0.0,106,915.87,2025-12,,0.1609,0.0,31,0.0,,0.0,0.0,2025-12-01,0.0,0.0,915.87,crítico
BSO0103,Itajai-Praia_Brava-apartamento-SUP-1Q,Carteira 6,SC,"Balneário Camboriú, SC","Balneário Camboriú, SC, Praia dos Amores",0.0,228,7513.53,15,3309.05,2025-12,0.7419,0.4188,23.0,31,478.83,333.5,8.0,0.0,2025-12-01,2.27,0.0,-4204.48,meta_subestimada
CIA2313,Sao_Paulo-Vila_Olimpia-apartamento-TOP-1Q,Carteira 4_sys-price,SP,"São Paulo, SP","São Paulo, SP, Vila Olímpia",2.0,314,2736.92,91,3480.32,2025-12,0.3103,0.2996,9.0,31,365.78,358.68,19.0,0.0,2025-12-01,0.79,731.56,743.4000000000001,atenção
CTP1103,Itajai-Centro-apartamento-SUP-2Q,Carteira 6,SC,"Itajaí, SC","Itajaí, SC, São João",0.0,188,8342.92,7,3211.72,2025-12,0.6452,0.3881,20.0,31,542.8,327.91,11.0,0.0,2025-12-01,2.6,0.0,-5131.200000000001,meta_subestimada
EMF1003,Balneario_Camboriu-Intermediario-apartamento-SUP-2Q,Carteira 6,SC,"Balneário Camboriú, SC","Balneário Camboriú, SC, Centro",2.0,728,7688.51,91,5990.35,2025-12,0.4138,0.3694,12.0,31,762.5,393.0,17.0,0.0,2025-12-01,1.28,1525.0,-1698.1599999999999,ok
EVA806,Florianopolis-Centrao-apartamento-SUP-1Q,Carteira 4,SC,"Florianópolis, SC","Florianópolis, SC, Centro",0.0,535,1306.96,124,3186.58,2025-12,0.1935,0.3292,6.0,31,246.67,344.28,25.0,0.0,2025-12-01,0.41,0.0,1879.62,crítico
GPL1305,Porto_Alegre-Jardim_Lindoia-apartamento-SUP-2Q,Carteira 4,RS,"Porto Alegre, RS","Porto Alegre, RS, São Sebastião",3.0,215,4106.33,10,4338.75,2025-12,0.5357,0.5714,15.0,31,350.0,283.08,13.0,0.0,2025-12-01,0.95,1050.0,232.42000000000007,berlinda
GTR0301,Balneario_Camboriu-Intermediario-apartamento-TOP-3Q,Carteira 6,SC,"Balneário Camboriú, SC","Balneário Camboriú, SC, Centro",0.0,102,15761.26,31,9451.62,2025-12,0.6452,0.4101,20.0,31,949.8,699.09,11.0,0.0,2025-12-01,1.67,0.0,-6309.639999999999,ok
ILC3405,Especial-ILC-hotel-JR-1Q,Especial,SC,"Florianópolis, SC","Florianópolis, SC, Jurerê Internacional",0.0,1862,18197.15,14,9269.72,2025-12,0.6774,0.5069,21.0,31,1467.24,1137.89,9.0,0.0,2025-12-01,1.96,0.0,-8927.430000000002,ok
ISM0806,Sao_Paulo-Moema-apartamento-SUP-1Q,Carteira 4_sys-price,SP,"São Paulo, SP","São Paulo, SP, Indianópolis",2.0,301,1051.58,481,1716.15,2025-12,0.2759,0.2792,8.0,31,164.63,163.19,21.0,0.0,2025-12-01,0.61,329.26,664.5700000000002,atenção
JAT0355,Bombinhas-Mariscal-casa-SUP-4Q,Carteira 6,SC,"Bombinhas, SC","Bombinhas, SC, Canto Grande",24.0,634,3986.64,23,11867.81,2025-12,1.0,0.3801,7.0,31,648.57,,0.0,0.0,2025-12-01,0.34,15565.68,7881.17,crítico
LIV1007,Salvador-Graca-apartamento-TOP-1Q,Especial,BA,"Salvador, BA","Salvador, BA, Vitória",0.0,124,509.01,15,3185.45,2025-12,0.0968,0.3946,3.0,31,199.0,335.75,28.0,0.0,2025-12-01,0.16,0.0,2676.4399999999996,crítico
MBH0601,Balneario_Camboriu-Intermediario-apartamento-JR-1Q,Carteira 6,SC,"Balneário Camboriú, SC","Balneário Camboriú, SC, Pioneiros",21.0,347,425.35,63,3624.38,2025-12,0.4,0.3493,4.0,31,125.0,196.67,6.0,0.0,2025-12-01,0.12,2625.0,3199.03,crítico
MHFB1307,Itapema-Canto_Praia-apartamento-SUP-1Q,Carteira 5,SC,"Itapema, SC","Itapema, SC, Centro",0.0,455,8889.49,16,5616.63,2025-12,0.6774,0.3721,21.0,31,487.62,263.7,10.0,0.0,2025-12-01,1.58,0.0,-3272.8599999999997,ok
MOP0103,Sao_Paulo-Pinheiros-apartamento-SUP-1Q,Carteira 4_sys-price,SP,"São Paulo, SP","São Paulo, SP, Jardim Paulista",0.0,98,1649.23,375,2368.89,2025-12,0.3548,0.3215,11.0,31,225.82,219.7,20.0,0.0,2025-12-01,0.7,0.0,719.6599999999999,atenção
NWT0315,Especial-NWT-apartamento-TOP-1Q,Carteira 5,AL,"Maceió, AL","Maceió, AL, Pajuçara",0.0,216,8943.74,34,4511.21,2025-12,0.7419,0.3523,23.0,31,462.78,332.25,8.0,0.0,2025-12-01,1.98,0.0,-4432.53,ok
NWT0419,Especial-NWT-apartamento-TOP-1Q,Carteira 5,AL,"Maceió, AL","Maceió, AL, Pajuçara",0.0,339,13000.18,34,4511.21,2025-12,0.871,0.3523,27.0,31,612.3,280.0,3.0,0.0,2025-12-01,2.88,0.0,-8488.970000000001,meta_subestimada
RAE0126,Bombinhas-Mariscal-casa-JR-3Q,Carteira 6,SC,"Bombinhas, SC","Bombinhas, SC, Morrinhos",0.0,354,3938.37,15,9732.5,2025-12,0.2258,0.3507,7.0,31,691.86,541.78,23.0,0.0,2025-12-01,0.4,0.0,5794.13,crítico
RGF1406,Salvador-Flamengo-apartamento-TOP-1Q,Carteira 2,BA,"Salvador, BA","Salvador, BA, Itapuã",0.0,161,903.84,28,3400.54,2025-12,0.1935,0.3967,6.0,31,213.33,314.24,25.0,0.0,2025-12-01,0.27,0.0,2496.7,crítico
RIT206,Florianopolis-Praia_Brava-apartamento-SUP-4Q,Carteira 1,SC,"Florianópolis, SC","Florianópolis, SC, Praia Brava",3.0,585,32279.1,15,11581.67,2025-12,0.6429,0.3152,18.0,31,2485.56,729.0,9.0,0.0,2025-12-01,2.79,7456.68,-20697.43,meta_subestimada
STW1206,Itapema-Praia_Itapema-apartamento-SUP-2Q,Carteira 6,SC,"Itapema, SC","Itapema, SC, Morretes",0.0,5,369.69,14,7221.39,2025-12,0.0968,0.4062,3.0,31,161.0,487.78,27.0,0.0,2025-12-01,0.05,0.0,6851.700000000001,crítico
THK0202,Sao_Paulo-Republica-apartamento-SUP-1Q,Carteira 4_sys-price,SP,"São Paulo, SP","São Paulo, SP, República",5.0,586,727.34,403,1530.0,2025-12,0.2308,0.3151,6.0,31,156.33,145.26,19.0,0.0,2025-12-01,0.48,781.6500000000001,802.66,crítico
UPP0511,Curitiba-Centro-apartamento-JR-1Q,Carteira 4_sys-price,PR,"Curitiba, PR","Curitiba, PR, Alto da XV",0.0,55,218.8,227,1822.41,2025-12,0.0645,0.3741,2.0,31,130.0,156.04,28.0,0.0,2025-12-01,0.12,0.0,1603.6100000000001,crítico
VFR505,Bombinhas-Bombas-apartamento-TOP-1Q,Especial,SC,"Bombinhas, SC","Bombinhas, SC, Bombas",12.0,784,1344.14,78,5968.11,2025-12,0.3158,0.3238,6.0,31,305.67,947.46,13.0,14.0,2025-12-01,0.23,3668.04,4623.969999999999,crítico
BLS1354,Goiania-Central-apartamento-SUP-1Q,Carteira 1_sys-price,GO,"Goiânia, GO","Goiânia, GO, Setor Marista",0.0,234,1995.02,106,915.87,2025-12,0.4839,0.1609,15.0,31,183.27,206.38,16.0,0.0,2025-12-01,2.18,0.0,-1079.15,meta_subestimada
CAR0201,Florianopolis-Jurere_Tradicional-apartamento-SUP-2Q,Carteira 1,SC,"Florianópolis, SC","Florianópolis, SC, Jurerê",0.0,67,17530.87,17,9189.8,2025-12,0.7097,0.4718,22.0,31,899.32,598.44,9.0,0.0,2025-12-01,1.91,0.0,-8341.07,ok
CAR0206,Itajai-Centro-apartamento-JR-1Q,Carteira 6,SC,"Itajaí, SC","Itajaí, SC, Centro",1.0,193,291.48,14,1715.35,2025-12,0.1,0.291,3.0,31,115.0,282.78,27.0,0.0,2025-12-01,0.17,115.0,1423.87,crítico
CARA0501,Itapema-Praia_Centro-apartamento-SUP-2Q,Carteira 6,SC,"Itapema, SC","Itapema, SC, Tabuleiro dos Oliveiras",0.0,81,8711.79,16,7647.8,2025-12,0.5806,0.3714,18.0,31,587.89,441.92,12.0,0.0,2025-12-01,1.14,0.0,-1063.9900000000007,ok
CEG0202,Florianopolis-Jurere_Longe-apartamento-SUP-1Q,Carteira 1,SC,"Florianópolis, SC","Florianópolis, SC, Jurerê",3.0,553,4761.78,23,5623.11,2025-12,0.25,0.3516,7.0,31,935.0,489.8,20.0,0.0,2025-12-01,0.85,2805.0,861.3299999999999,berlinda
DNL0602,Itapema-Meia_Praia-Norte-apartamento-MASTER-2Q,Carteira 6,SC,"Itapema, SC","Itapema, SC, Meia Praia",2.0,361,20873.3,22,10121.8,2025-12,0.9655,0.4704,28.0,31,987.5,596.0,1.0,0.0,2025-12-01,2.06,1975.0,-10751.5,meta_subestimada
FOS0005,Mata_de_Sao_Joao-Praia_Imbassai-apartamento-SUP-2Q,Carteira 2,BA,"Mata de São João, BA","Mata de São João, BA, Imbassaí",31.0,13,0.0,15,4774.76,2025-12,,0.334,0.0,31,0.0,,0.0,10.0,2025-12-01,0.0,0.0,4774.76,crítico
ILC3413,Especial-ILC-hotel-JR-1Q,Especial,SC,"Florianópolis, SC","Florianópolis, SC, Jurerê Internacional",0.0,2001,20253.98,14,9269.72,2025-12,0.6774,0.5069,21.0,31,1177.19,1128.78,9.0,12.0,2025-12-01,2.18,0.0,-10984.26,meta_subestimada
JBA202,Florianopolis-Jurere_Tradicional-apartamento-JR-2Q,Carteira 1,SC,"Florianópolis, SC","Florianópolis, SC, Jurerê Internacional",0.0,2001,9456.47,28,6226.08,2025-12,0.5484,0.4447,17.0,31,728.88,414.15,13.0,0.0,2025-12-01,1.52,0.0,-3230.3899999999994,ok
LHG1603,Goiania-Central-2-apartamento-SUP-1Q,Carteira 1_sys-price,GO,"Goiânia, GO","Goiânia, GO, Setor Oeste",0.0,402,373.44,18,917.29,2025-12,0.0645,0.1587,2.0,31,219.0,215.07,28.0,4.0,2025-12-01,0.41,0.0,543.8499999999999,crítico
NWT0716,Especial-NWT-apartamento-TOP-1Q,Carteira 5,AL,"Maceió, AL","Maceió, AL, Pajuçara",0.0,68,9921.91,34,4511.21,2025-12,0.6774,0.3523,21.0,31,534.29,353.6,10.0,0.0,2025-12-01,2.2,0.0,-5410.7,meta_subestimada
NWT1316,Especial-NWT-apartamento-MASTER-1Q,Carteira 5,AL,"Maceió, AL","Maceió, AL, Pajuçara",0.0,398,5935.45,31,9341.25,2025-12,0.3548,0.6444,11.0,31,633.55,614.74,19.0,0.0,2025-12-01,0.64,0.0,3405.8,atenção
OSH,Florianopolis-Jurere_Internacional-apartamento-TOP-2Q,Carteira 1,SC,"Florianópolis, SC","Florianópolis, SC, Jurerê Internacional",0.0,313,22521.18,22,15880.46,2025-12,0.7419,0.5546,23.0,31,1399.0,662.43,7.0,0.0,2025-12-01,1.42,0.0,-6640.720000000001,ok
RAH1019,Florianopolis-Centrao-apartamento-JR-1Q,Carteira 4,SC,"Florianópolis, SC","Florianópolis, SC, Centro",0.0,277,2760.61,76,2297.2,2025-12,0.4194,0.3438,13.0,31,272.08,349.44,18.0,0.0,2025-12-01,1.2,0.0,-463.4100000000003,ok
SOT0303,Florianopolis-Jurere_Tradicional-apartamento-TOP-1Q,Carteira 1,SC,"Florianópolis, SC","Florianópolis, SC, Jurerê",0.0,293,6513.31,17,10221.67,2025-12,0.3226,0.5494,10.0,31,778.7,866.65,20.0,0.0,2025-12-01,0.64,0.0,3708.3599999999997,atenção
TCO1117,Porto_Alegre-Centro_Historico-apartamento-SUP-1Q,Carteira 4,RS,"Porto Alegre, RS","Porto Alegre, RS, Centro Histórico",0.0,460,1831.04,85,1152.33,2025-12,0.5484,0.2626,17.0,31,126.12,210.86,14.0,0.0,2025-12-01,1.59,0.0,-678.71,ok
TXP0609,Goiania-Central-apartamento-SUP-1Q,Carteira 1_sys-price,GO,"Goiânia, GO","Goiânia, GO, Setor Bueno",0.0,791,535.08,106,915.87,2025-12,0.129,0.1609,4.0,31,169.0,157.27,26.0,0.0,2025-12-01,0.58,0.0,380.78999999999996,atenção
UPS1002,Porto_Belo-Geral-apartamento-JR-3Q,Carteira 6,SC,"Porto Belo, SC","Porto Belo, SC, Perequê",0.0,129,9647.98,33,6131.48,2025-12,0.5806,0.3649,18.0,31,623.28,396.77,13.0,0.0,2025-12-01,1.57,0.0,-3516.5,ok
VTD0302,Florianopolis-UFSC-apartamento-SUP-1Q,Carteira 4,SC,"Florianópolis, SC","Florianópolis, SC, Trindade",0.0,167,4269.87,50,3127.35,2025-12,0.4516,0.4234,14.0,31,376.86,364.24,17.0,20.0,2025-12-01,1.37,0.0,-1142.52,ok
CDS0401,Florianopolis-Jurere_Internacional-apartamento-SUP-2Q,Carteira 1,SC,"Florianópolis, SC","Florianópolis, SC, Jurere Internacional",0.0,175,17359.61,28,9049.08,2025-12,0.871,0.4697,27.0,31,804.89,1414.5,4.0,0.0,2025-12-01,1.92,0.0,-8310.53,ok
CNA001,Especial-CNA-casa-MASTER-1Q,Especial,SP,"Campos do Jordão, SP","Campos do Jordão, SP, Jardim Europa",0.0,1046,6204.6,25,6822.48,2025-12,0.3548,0.3355,11.0,31,692.27,824.89,19.0,0.0,2025-12-01,0.91,0.0,617.8799999999992,berlinda
COI203,Florianopolis-Praia_Brava-apartamento-JR-2Q,Carteira 1,SC,"Florianópolis, SC","Florianópolis, SC, Praia Brava",31.0,1295,0.0,24,4785.47,2025-12,,0.3333,0.0,31,0.0,,0.0,0.0,2025-12-01,0.0,0.0,4785.47,crítico
CZZ0406,Urubici-Geral-apartamento-SUP-1Q,Especial,SC,"Urubici, SC","Urubici, SC, Centro",0.0,160,0.0,53,1627.27,2025-12,0.0,0.1854,0.0,31,0.0,349.7,30.0,0.0,2025-12-01,0.0,0.0,1627.27,crítico
ELO0207,Balneario_Camboriu-Intermediario-apartamento-JR-3Q,Carteira 6,SC,"Balneário Camboriú, SC","Balneário Camboriú, SC, Centro",10.0,592,4213.84,19,5167.96,2025-12,0.4286,0.3259,9.0,31,551.56,256.18,11.0,0.0,2025-12-01,0.82,5515.599999999999,954.1199999999999,berlinda
EPP0602,Guarapari-Praia_do_Morro-apartamento-JR-3Q,Carteira 4,ES,"Guarapari, ES","Guarapari, ES, Praia do Morro",0.0,229,2778.87,57,3737.28,2025-12,0.0968,0.2994,3.0,31,1100.0,304.89,27.0,0.0,2025-12-01,0.74,0.0,958.4100000000003,atenção
FFS1401,Itapema-Meia_Praia-Sul-apartamento-SUP-1Q,Carteira 6,SC,"Itapema, SC","Itapema, SC, Meia Praia",0.0,40,1639.59,13,5440.47,2025-12,0.2581,0.3096,8.0,31,274.25,533.09,23.0,0.0,2025-12-01,0.3,0.0,3800.88,crítico
HOA0704,Salvador-Ondina_Rio_Vermelho-apartamento-SUP-1Q,Carteira 2,BA,"Salvador, BA","Salvador, BA, Ondina",0.0,131,1837.34,93,2433.12,2025-12,0.2581,0.3565,8.0,31,293.63,247.83,23.0,0.0,2025-12-01,0.76,0.0,595.78,atenção
ILH106,Florianopolis-Canasvieiras_Perto-apartamento-TOP-3Q,Carteira 1,SC,"Florianópolis, SC","Florianópolis, SC, Canasvieiras",8.0,829,13220.12,14,15208.2,2025-12,0.6957,0.3791,16.0,31,1097.0,944.71,7.0,0.0,2025-12-01,0.87,8776.0,1988.08,berlinda
JTL002,Florianopolis-Jurere_Longe-apartamento-JR-1Q,Carteira 1,SC,"Florianópolis, SC","Florianópolis, SC, Jurerê",0.0,525,3619.84,42,3939.68,2025-12,0.4839,0.3823,15.0,31,333.2,453.13,16.0,0.0,2025-12-01,0.92,0.0,319.8399999999997,berlinda
LIV1104,Salvador-Graca-apartamento-TOP-1Q,Especial,BA,"Salvador, BA","Salvador, BA, Vitória",1.0,182,2025.28,15,3185.45,2025-12,0.3667,0.3946,11.0,31,254.18,367.84,19.0,0.0,2025-12-01,0.64,254.18,1160.1699999999998,atenção
MUT0034,Santa_Cruz_Cabralia-Coroa_Vermelha-apartamento-TOP-3Q,Carteira 2,BA,"Santa Cruz Cabrália, BA","Santa Cruz Cabrália, BA, Coroa Vermelha",4.0,262,9298.85,9,8904.6,2025-12,0.5185,0.492,14.0,31,918.93,573.85,13.0,0.0,2025-12-01,1.04,3675.72,-394.25,berlinda
OKA120,Florianopolis-Campeche-apartamento-SUP-1Q,Carteira 1,SC,"Florianópolis, SC","Florianópolis, SC, Campeche",0.0,1070,4205.27,21,2822.43,2025-12,0.3548,0.2776,11.0,31,497.27,602.5,20.0,0.0,2025-12-01,1.49,0.0,-1382.8400000000006,ok
PRM007,Santa_Cruz_Cabralia-Coroa_Vermelha-apartamento-SUP-2Q,Carteira 2,BA,"Santa Cruz Cabrália, BA","Santa Cruz Cabrália, BA, Coroa Vermelha",0.0,588,4992.68,60,5857.86,2025-12,0.5484,0.4238,17.0,31,470.53,586.07,14.0,0.0,2025-12-01,0.85,0.0,865.1799999999994,berlinda
PSD205,Florianopolis-Jurere_Tradicional-apartamento-JR-1Q,Carteira 1,SC,"Florianópolis, SC","Florianópolis, SC, Jurerê",0.0,2020,3314.56,20,6586.14,2025-12,0.2581,0.4577,8.0,31,542.5,535.5,22.0,0.0,2025-12-01,0.5,0.0,3271.5800000000004,atenção
PSO0704,Penha-Beto_Carrero-apartamento-SUP-1Q,Carteira 3,SC,"Penha, SC","Penha, SC, Praia de Armação do Itapocoroi",0.0,166,8495.66,15,2337.5,2025-12,0.6774,0.234,21.0,31,499.0,281.11,9.0,0.0,2025-12-01,3.63,0.0,-6158.16,meta_subestimada
PTB0105,Cabo_Frio-Pero_Longe-casa-JR-2Q,Carteira 4,RJ,"Cabo Frio, RJ","Cabo Frio, RJ, OGIVA",2.0,320,5645.88,14,3651.67,2025-12,0.3103,0.3537,9.0,31,713.33,321.4,20.0,0.0,2025-12-01,1.55,1426.66,-1994.21,ok
RAG0406,Balneario_Picarras-Geral-apartamento-SUP-2Q,Carteira 6,SC,"Balneário Piçarras, SC","Balneário Piçarras, SC, Itacolomi",0.0,280,4746.53,77,6230.07,2025-12,0.4516,0.3874,14.0,31,478.29,242.53,17.0,0.0,2025-12-01,0.76,0.0,1483.54,atenção
RES201,Florianopolis-Ingleses_Praia-apartamento-SUP-1Q,Carteira 1,SC,"Florianópolis, SC","Florianópolis, SC, Ingleses do Rio Vermelho",0.0,888,5150.84,42,4753.73,2025-12,0.2581,0.4957,8.0,31,786.88,400.05,22.0,21.0,2025-12-01,1.08,0.0,-397.1100000000006,berlinda
SCO0009,Florianopolis-Campeche-apartamento-JR-1Q,Carteira 1,SC,"Florianópolis, SC","Florianópolis, SC, Campeche",0.0,257,0.0,27,3473.53,2025-12,0.0,0.437,0.0,31,0.0,385.6,30.0,0.0,2025-12-01,0.0,0.0,3473.53,crítico
SOA0908,Salvador-Boca_do_Rio-apartamento-TOP-1Q,Carteira 2,BA,"Salvador, BA","Salvador, BA, Boca do Rio",0.0,202,1016.28,16,2424.25,2025-12,0.129,0.3299,4.0,31,315.0,287.31,26.0,0.0,2025-12-01,0.42,0.0,1407.97,crítico
SZT0375,Itapema-Meia_Praia-Norte-apartamento-TOP-3Q,Carteira 6,SC,"Itapema, SC","Itapema, SC, Meia Praia",4.0,83,7972.27,22,10121.8,2025-12,0.4815,0.4704,13.0,31,793.08,975.14,14.0,0.0,2025-12-01,0.79,3172.32,2149.529999999999,atenção
TDF0302,Itapema-Canto_Praia-apartamento-TOP-2Q,Carteira 6,SC,"Itapema, SC","Itapema, SC, Centro",0.0,5,1239.9,14,4620.28,2025-12,0.1935,0.2821,6.0,31,270.0,655.28,25.0,0.0,2025-12-01,0.27,0.0,3380.3799999999997,crítico
VGT025,Ilheus-Sul-apartamento-JR-2Q,Carteira 2,BA,"Ilhéus, BA","Ilhéus, BA, Nossa Senhora da Vitória",0.0,241,3078.18,17,4379.63,2025-12,0.2903,0.2882,9.0,31,425.33,231.24,21.0,0.0,2025-12-01,0.7,0.0,1301.4500000000003,atenção
VJGM0102,Ilheus-Sul-apartamento-JR-2Q,Carteira 2,BA,"Ilhéus, BA","Ilhéus, BA, Nossa Senhora da Vitória",0.0,391,3279.78,17,4379.63,2025-12,0.3226,0.2882,10.0,31,389.3,236.85,20.0,0.0,2025-12-01,0.75,0.0,1099.85,atenção
CNA012,Especial-CNA-casa-MASTER-1Q,Especial,SP,"Campos do Jordão, SP","Campos do Jordão, SP, Jardim Europa",0.0,1046,11463.5,25,6822.48,2025-12,0.6129,0.3355,19.0,31,715.79,872.67,12.0,0.0,2025-12-01,1.68,0.0,-4641.02,ok
CSP0407,Sao_Paulo-Bela_Vista-apartamento-TOP-1Q,Carteira 4_sys-price,SP,"São Paulo, SP","São Paulo, SP, Bela Vista",3.0,343,5053.64,198,2582.94,2025-12,0.75,0.3786,21.0,31,296.48,292.57,7.0,0.0,2025-12-01,1.96,889.44,-2470.7000000000003,ok
DAL207,Canela-Geral-apartamento-SUP-2Q,Carteira 4,RS,"Canela, RS","Canela, RS, São José",0.0,250,9052.99,25,3610.76,2025-12,0.6774,0.41,21.0,31,557.43,353.7,10.0,0.0,2025-12-01,2.51,0.0,-5442.23,meta_subestimada
DMS0107,Gramado-Centro-apartamento-TOP-2Q,Carteira 4,RS,"Gramado, RS","Gramado, RS, Bairro Belverede",1.0,193,17381.11,57,13003.3,2025-12,0.5667,0.6323,17.0,31,1218.88,1558.25,12.0,24.0,2025-12-01,1.34,1218.88,-4377.810000000001,ok
FFS0402,Itapema-Meia_Praia-Sul-apartamento-SUP-1Q,Carteira 6,SC,"Itapema, SC","Itapema, SC, Meia Praia",0.0,40,262.22,13,5440.47,2025-12,0.0645,0.3096,2.0,31,167.0,456.83,29.0,0.0,2025-12-01,0.05,0.0,5178.25,crítico
IAA1002,Recife-Boa_Viagem-apartamento-TOP-1Q,Carteira 2,PE,"Recife, PE","Recife, PE, Boa Viagem",0.0,628,4499.6,38,2800.53,2025-12,0.5806,0.4015,18.0,31,328.67,376.15,13.0,0.0,2025-12-01,1.61,0.0,-1699.0700000000002,ok
IER0305,Salvador-Ondina_Rio_Vermelho-apartamento-JR-1Q,Carteira 2,BA,"Salvador, BA","Salvador, BA, Ondina",0.0,98,776.9,66,1977.03,2025-12,0.0645,0.3634,2.0,31,469.0,469.0,28.0,30.0,2025-12-01,0.39,0.0,1200.13,crítico
IFT1802,Itapema-Meia_Praia-Norte-apartamento-TOP-1Q,Carteira 6,SC,"Itapema, SC","Itapema, SC, Meia Praia",2.0,402,5588.42,34,8039.05,2025-12,0.6207,0.47,18.0,31,382.72,721.45,11.0,0.0,2025-12-01,0.7,765.44,2450.63,atenção
IZE0016,Florianopolis-Jurere_Internacional-casa-SUP-1Q,Carteira 1,SC,"Florianópolis, SC","Florianópolis, SC, Forte",9.0,27,0.0,14,7742.33,2025-12,0.0,0.4144,0.0,31,0.0,603.38,21.0,0.0,2025-12-01,0.0,0.0,7742.33,crítico
MGI024,Porto_Seguro-Pitinga-casa-TOP-3Q,Carteira 2,BA,"Porto Seguro, BA","Porto Seguro, BA, Arraial D'Ajuda",6.0,766,14455.84,9,12489.72,2025-12,0.8,0.2921,20.0,31,919.7,533.25,4.0,0.0,2025-12-01,1.16,5518.200000000001,-1966.1200000000008,ok
MHF1807,Itapema-Canto_Praia-apartamento-TOP-1Q,Carteira 5,SC,"Itapema, SC","Itapema, SC, Centro",4.0,349,4578.36,14,6337.8,2025-12,0.4074,0.3918,11.0,31,504.64,440.87,15.0,28.0,2025-12-01,0.72,2018.56,1759.4400000000005,atenção
NDE0003,Florianopolis-Campeche-apartamento-SUP-1Q,Carteira 1,SC,"Florianópolis, SC","Florianópolis, SC, Ribeirão da Ilha",0.0,236,0.0,21,2822.43,2025-12,0.0,0.2776,0.0,31,0.0,454.23,30.0,0.0,2025-12-01,0.0,0.0,2822.43,crítico
NWT1008,Especial-NWT-apartamento-TOP-1Q,Carteira 5,AL,"Maceió, AL","Maceió, AL, Pajuçara",0.0,228,8804.25,34,4511.21,2025-12,0.7097,0.3523,22.0,31,499.41,355.33,9.0,0.0,2025-12-01,1.95,0.0,-4293.04,ok
NWT1113,Especial-NWT-apartamento-TOP-1Q,Carteira 5,AL,"Maceió, AL","Maceió, AL, Pajuçara",2.0,318,9128.48,34,4511.21,2025-12,0.6897,0.3523,20.0,31,701.9,298.44,9.0,0.0,2025-12-01,2.02,1403.8,-4617.2699999999995,meta_subestimada
NWT1419,Especial-NWT-apartamento-TOP-1Q,Carteira 5,AL,"Maceió, AL","Maceió, AL, Pajuçara",0.0,339,10622.64,34,4511.21,2025-12,0.5806,0.3523,18.0,31,672.17,399.85,13.0,0.0,2025-12-01,2.35,0.0,-6111.429999999999,meta_subestimada
OBS0201,Itapema-Meia_Praia-Sul-apartamento-JR-2Q,Carteira 6,SC,"Itapema, SC","Itapema, SC, Itapema",8.0,181,2142.5,13,5440.47,2025-12,0.4348,0.3096,10.0,31,300.9,720.54,13.0,0.0,2025-12-01,0.39,2407.2,3297.9700000000003,crítico
OKA105,Florianopolis-Campeche-apartamento-SUP-1Q,Carteira 1,SC,"Florianópolis, SC","Florianópolis, SC, Campeche",0.0,1071,5747.76,21,2822.43,2025-12,0.4516,0.2776,14.0,31,561.79,574.88,17.0,1.0,2025-12-01,2.04,0.0,-2925.3300000000004,meta_subestimada
PDD0572,Balneario_Picarras-Geral-casa-SUP-2Q,Carteira 6,SC,"Balneário Piçarras, SC","Balneário Piçarras, SC, Itacolomi",0.0,49,5798.5,19,5714.92,2025-12,0.4194,0.3006,13.0,31,585.62,307.39,18.0,0.0,2025-12-01,1.01,0.0,-83.57999999999993,berlinda
PLA0408,Curitiba-Boa_Vista-apartamento-SUP-1Q,Carteira 4,PR,"Curitiba, PR","Curitiba, PR, Boa Vista",0.0,80,2621.16,19,2711.96,2025-12,0.6129,0.5843,19.0,31,162.95,229.08,12.0,0.0,2025-12-01,0.97,0.0,90.80000000000018,berlinda
PRA0304,Florianopolis-Ingleses_Norte-apartamento-TOP-2Q,Carteira 1,SC,"Florianópolis, SC","Florianópolis, SC, Ingleses do Rio Vermelho",0.0,749,0.0,18,8763.19,2025-12,0.0,0.4261,0.0,31,0.0,1073.8,30.0,0.0,2025-12-01,0.0,0.0,8763.19,crítico
PRY0002,Porto_Seguro-Pataxos-apartamento-SUP-2Q,Carteira 2,BA,"Porto Seguro, BA","Porto Seguro, BA, Taperapuã",5.0,73,12029.43,50,6175.67,2025-12,0.8462,0.4331,22.0,31,657.77,250.5,4.0,0.0,2025-12-01,1.95,3288.85,-5853.76,ok
RAT001,Porto_Belo-Geral-casa-TOP-3Q,Carteira 6,SC,"Porto Belo, SC","Porto Belo, SC, pereque",1.0,1514,12102.92,10,5260.42,2025-12,0.5667,0.297,17.0,31,891.82,1490.38,13.0,0.0,2025-12-01,2.3,891.82,-6842.5,meta_subestimada
RLU0302,Gramado-Carniel-apartamento-TOP-3Q,Carteira 4,RS,"Gramado, RS","Gramado, RS, Jardim Bela Vista",8.0,137,15306.76,19,16311.92,2025-12,0.8696,0.5768,20.0,31,1033.8,817.67,3.0,0.0,2025-12-01,0.94,8270.4,1005.1599999999999,berlinda
SOA0205,Salvador-Boca_do_Rio-apartamento-SUP-1Q,Carteira 2,BA,"Salvador, BA","Salvador, BA, Boca do Rio",0.0,409,1015.65,31,2116.82,2025-12,0.1613,0.3383,5.0,31,235.6,229.48,25.0,0.0,2025-12-01,0.48,0.0,1101.17,crítico
TCO0712,Porto_Alegre-Centro_Historico-apartamento-SUP-1Q,Carteira 4,RS,"Porto Alegre, RS","Porto Alegre, RS, Centro Histórico",0.0,585,1639.75,85,1152.33,2025-12,0.4516,0.2626,14.0,31,129.86,181.76,17.0,0.0,2025-12-01,1.42,0.0,-487.4200000000001,ok
TPS209,Florianopolis-Canasvieiras_Meio-apartamento-TOP-1Q,Carteira 1,SC,"Florianópolis, SC","Florianópolis, SC, Canasvieiras",5.0,1027,0.0,25,5708.6,2025-12,0.0,0.4133,0.0,31,0.0,402.0,25.0,0.0,2025-12-01,0.0,0.0,5708.6,crítico
UPP0316,Curitiba-Centro-apartamento-JR-1Q,Carteira 4_sys-price,PR,"Curitiba, PR","Curitiba, PR, Alto da XV",0.0,59,2160.42,227,1822.41,2025-12,0.4516,0.3741,14.0,31,187.43,162.88,16.0,0.0,2025-12-01,1.19,0.0,-338.01,ok
VEC213,Bombinhas-Centro-apartamento-SUP-1Q,Carteira 6,SC,"Bombinhas, SC","Bombinhas, SC, Centro",0.0,1067,6397.15,37,5567.5,2025-12,0.4194,0.4579,13.0,31,584.31,473.11,18.0,0.0,2025-12-01,1.15,0.0,-829.6499999999996,ok
VLE005,Bombinhas-Mariscal-apartamento-JR-2Q,Carteira 6,SC,"Bombinhas, SC","Bombinhas, SC, Mariscal",0.0,1524,0.0,7,6321.26,2025-12,0.0,0.2547,0.0,31,0.0,475.47,30.0,28.0,2025-12-01,0.0,0.0,6321.26,crítico
VRA404,Florianopolis-Centrao-apartamento-SUP-3Q,Carteira 4,SC,"Florianópolis, SC","Florianópolis, SC, Centro",0.0,490,10106.78,20,6656.36,2025-12,0.5484,0.3894,17.0,31,678.35,501.79,14.0,12.0,2025-12-01,1.52,0.0,-3450.420000000001,ok
CNA013,Especial-CNA-casa-MASTER-1Q,Especial,SP,"Campos do Jordão, SP","Campos do Jordão, SP, Jardim Europa",0.0,1046,10294.92,25,6822.48,2025-12,0.5484,0.3355,17.0,31,728.76,816.93,14.0,0.0,2025-12-01,1.51,0.0,-3472.4400000000005,ok
DLH0205,Gramado-Centro-apartamento-TOP-2Q,Carteira 4,RS,"Gramado, RS","Gramado, RS, Centro",1.0,430,21474.76,57,13003.3,2025-12,1.0,0.6323,30.0,31,867.33,,0.0,0.0,2025-12-01,1.65,867.33,-8471.46,ok
DRB0205,Balneario_Camboriu-Centro-apartamento-SUP-3Q,Carteira 6,SC,"Balneário Camboriú, SC","Balneário Camboriú, SC, Centro",0.0,711,19784.61,80,6855.0,2025-12,0.8065,0.3753,25.0,31,1034.12,915.83,6.0,0.0,2025-12-01,2.89,0.0,-12929.61,meta_subestimada
ENL0004,Porto_Seguro-Pataxos-apartamento-JR-1Q,Carteira 2,BA,"Porto Seguro, BA","Porto Seguro, BA, Village 01",0.0,35,5767.08,37,4001.03,2025-12,0.6129,0.4913,19.0,31,380.95,149.64,11.0,0.0,2025-12-01,1.44,0.0,-1766.0499999999997,ok
EVB308,Itapema-Meia_Praia-Sul-apartamento-SUP-2Q,Carteira 6,SC,"Itapema, SC","Itapema, SC, Meia Praia",0.0,1292,15960.81,19,6354.59,2025-12,0.7742,0.3925,24.0,31,1032.87,495.86,7.0,0.0,2025-12-01,2.51,0.0,-9606.22,meta_subestimada
FFS0804,Itapema-Meia_Praia-Sul-apartamento-SUP-1Q,Carteira 6,SC,"Itapema, SC","Itapema, SC, Meia Praia",4.0,3,2217.01,13,5440.47,2025-12,0.3333,0.3096,9.0,31,257.2,376.41,17.0,0.0,2025-12-01,0.41,1028.8,3223.46,crítico
GET0302,Guara-Geral-apartamento-SUP-2Q,Carteira 1_sys-price,DF,"Brasília, DF","Brasília, DF, Zona Industrial",0.0,245,2901.1,13,2070.6,2025-12,0.4194,0.2854,13.0,31,287.15,370.5,18.0,0.0,2025-12-01,1.4,0.0,-830.5,ok
ILC3315,Especial-ILC-hotel-TOP-1Q,Especial,SC,"Florianópolis, SC","Florianópolis, SC, Jurerê Internacional",0.0,1274,26650.77,26,13572.13,2025-12,0.7742,0.6377,24.0,31,1405.21,1033.29,7.0,15.0,2025-12-01,1.96,0.0,-13078.640000000001,ok
JBV155,Especial-JBV-hotel-JR-1Q,Especial,SC,"Florianópolis, SC","Florianópolis, SC, Jurerê",0.0,304,20425.66,23,10939.33,2025-12,0.7742,0.5584,24.0,31,1148.17,981.71,7.0,0.0,2025-12-01,1.87,0.0,-9486.33,ok
JDA402,Balneario_Camboriu-Longe-apartamento-JR-2Q,Carteira 6,SC,"Balneário Camboriú, SC","Balneário Camboriú, SC, Nações",0.0,889,9679.58,28,2564.7,2025-12,0.6774,0.3348,21.0,31,563.29,303.4,10.0,0.0,2025-12-01,3.77,0.0,-7114.88,meta_subestimada
LDN201,Cabo_Frio-Centro-apartamento-JR-3Q,Carteira 4,RJ,"Cabo Frio, RJ","Cabo Frio, RJ, Braga",10.0,663,0.0,121,4697.07,2025-12,0.0,0.3249,0.0,31,0.0,348.75,20.0,7.0,2025-12-01,0.0,0.0,4697.07,crítico
MHF1603,Itapema-Canto_Praia-apartamento-TOP-1Q,Carteira 5,SC,"Itapema, SC","Itapema, SC, Centro",0.0,416,10476.53,14,6337.8,2025-12,0.871,0.3918,27.0,31,477.0,974.67,3.0,0.0,2025-12-01,1.65,0.0,-4138.7300000000005,ok
MZD0308,Cabo_Frio-Centro-apartamento-SUP-2Q,Carteira 4,RJ,"Cabo Frio, RJ","Cabo Frio, RJ, Centro",0.0,413,2541.6,106,6768.63,2025-12,0.2903,0.5155,9.0,31,332.44,649.68,22.0,0.0,2025-12-01,0.38,0.0,4227.030000000001,crítico
NWT0612,Especial-NWT-apartamento-TOP-1Q,Carteira 5,AL,"Maceió, AL","Maceió, AL, Pajuçara",0.0,245,3824.57,34,4511.21,2025-12,0.5484,0.3523,17.0,31,274.59,867.86,14.0,0.0,2025-12-01,0.85,0.0,686.6399999999999,berlinda
NWT1104,Especial-NWT-apartamento-TOP-1Q,Carteira 5,AL,"Maceió, AL","Maceió, AL, Pajuçara",0.0,40,3182.48,34,4511.21,2025-12,0.3871,0.3523,12.0,31,301.67,592.11,18.0,0.0,2025-12-01,0.71,0.0,1328.73,atenção
OBP0201,Penha-Beto_Carrero-apartamento-TOP-2Q,Carteira 3,SC,"Penha, SC","Penha, SC, Armação",0.0,82,2286.73,50,7940.75,2025-12,0.3548,0.4198,11.0,31,241.09,684.95,20.0,0.0,2025-12-01,0.29,0.0,5654.02,crítico
PKS0115,Guara-Geral-apartamento-SUP-1Q,Carteira 1_sys-price,DF,"Brasília, DF","Brasília, DF, Asa Norte",0.0,242,2967.92,31,2080.81,2025-12,0.5484,0.3408,17.0,31,207.18,210.71,14.0,0.0,2025-12-01,1.43,0.0,-887.1100000000001,ok
PSO0809,Penha-Beto_Carrero-apartamento-SUP-1Q,Carteira 3,SC,"Penha, SC","Penha, SC, Praia de Armação do Itapocoroi",0.0,122,7898.13,15,2337.5,2025-12,0.8387,0.234,26.0,31,385.46,386.4,5.0,0.0,2025-12-01,3.38,0.0,-5560.63,meta_subestimada
RGF1211,Salvador-Flamengo-apartamento-TOP-1Q,Carteira 2,BA,"Salvador, BA","Salvador, BA, Itapuã",1.0,102,4351.51,28,3400.54,2025-12,0.4333,0.3967,13.0,31,402.62,274.44,16.0,0.0,2025-12-01,1.28,402.62,-950.9700000000003,ok
RTBB1361,Florianopolis-Canasvieiras_Meio-apartamento-SIM-1Q,Carteira 1,SC,"Florianópolis, SC","Florianópolis, SC, Canasvieiras",0.0,768,4233.22,48,2039.22,2025-12,0.0645,0.2537,2.0,31,950.0,309.11,28.0,15.0,2025-12-01,2.08,0.0,-2194.0,meta_subestimada
SGS0106,Florianopolis-Beira_Mar-apartamento-SUP-1Q,Carteira 4,SC,"Florianópolis, SC","Florianópolis, SC, Centro",0.0,111,4309.89,21,4035.66,2025-12,0.4194,0.3356,13.0,31,417.38,392.72,18.0,0.0,2025-12-01,1.07,0.0,-274.2300000000005,berlinda
TCO0210,Porto_Alegre-Centro_Historico-apartamento-SUP-1Q,Carteira 4,RS,"Porto Alegre, RS","Porto Alegre, RS, Centro Histórico",0.0,299,1360.87,85,1152.33,2025-12,0.4194,0.2626,13.0,31,131.38,179.94,17.0,0.0,2025-12-01,1.18,0.0,-208.53999999999996,ok
UPP0513,Curitiba-Centro-apartamento-JR-1Q,Carteira 4_sys-price,PR,"Curitiba, PR","Curitiba, PR, Alto da XV",0.0,56,0.0,227,1822.41,2025-12,0.0,0.3741,0.0,31,0.0,154.3,30.0,0.0,2025-12-01,0.0,0.0,1822.41,crítico
BSL190,Penha-Praia-casa-JR-5Q,Carteira 6,SC,"Penha, SC","Penha, SC, Penha",5.0,663,18190.73,17,8759.25,2025-12,0.5769,0.3135,15.0,31,1429.2,542.0,10.0,0.0,2025-12-01,2.08,7146.0,-9431.48,meta_subestimada
CBE0201,Florianopolis-Ingleses_Centro-apartamento-SUP-2Q,Carteira 1,SC,"Florianópolis, SC","Florianópolis, SC, Ingleses Norte",0.0,196,10005.66,32,5109.56,2025-12,0.6129,0.4185,19.0,31,637.47,414.25,12.0,0.0,2025-12-01,1.96,0.0,-4896.099999999999,ok
FFS1405,Itapema-Meia_Praia-Sul-apartamento-SUP-1Q,Carteira 6,SC,"Itapema, SC","Itapema, SC, Meia Praia",12.0,27,927.74,13,5440.47,2025-12,0.2632,0.3096,5.0,31,230.0,241.71,14.0,0.0,2025-12-01,0.17,2760.0,4512.7300000000005,crítico
GIU0001,Porto_Seguro-Pataxos-apartamento-JR-2Q,Carteira 2,BA,"Porto Seguro, BA","Porto Seguro, BA, Paraíso dos Pataxós",3.0,101,2752.15,46,4892.37,2025-12,0.3929,0.319,11.0,31,294.55,201.81,16.0,0.0,2025-12-01,0.56,883.6500000000001,2140.22,atenção
JBV248,Especial-JBV-hotel-TOP-1Q,Especial,SC,"Florianópolis, SC","Florianópolis, SC, Jurerê",1.0,1329,22597.31,30,13774.65,2025-12,0.7333,0.6331,22.0,31,1286.91,1286.75,8.0,0.0,2025-12-01,1.64,1286.91,-8822.660000000002,ok
JSO0008,Porto_Seguro-Pataxos-apartamento-JR-1Q,Carteira 2,BA,"Porto Seguro, BA","Porto Seguro, BA, PRAIA DE MUNDAÍ",5.0,402,0.0,37,4001.03,2025-12,0.0,0.4913,0.0,31,0.0,407.2,25.0,30.0,2025-12-01,0.0,0.0,4001.03,crítico
LGD0201,Florianopolis-Centrao-apartamento-TOP-2Q,Carteira 4,SC,"Florianópolis, SC","Florianópolis, SC, Centro",12.0,437,4187.44,23,7447.71,2025-12,0.6316,0.3704,12.0,31,524.25,354.14,7.0,0.0,2025-12-01,0.56,6291.0,3260.2700000000004,atenção
MHB0302,Florianopolis-Novo_Campeche-apartamento-SUP-3Q,Carteira 1,SC,"Florianópolis, SC","Florianópolis, SC, Campeche",17.0,158,4487.18,67,9664.86,2025-12,0.7143,0.4717,10.0,31,507.3,486.0,3.0,0.0,2025-12-01,0.46,8624.1,5177.68,crítico
NWT0509,Especial-NWT-apartamento-TOP-1Q,Carteira 5,AL,"Maceió, AL","Maceió, AL, Pajuçara",0.0,368,12262.4,34,4511.21,2025-12,0.9032,0.3523,28.0,31,538.46,302.67,3.0,0.0,2025-12-01,2.72,0.0,-7751.19,meta_subestimada
NWT1024,Especial-NWT-apartamento-TOP-1Q,Carteira 5,AL,"Maceió, AL","Maceió, AL, Pajuçara",0.0,229,5586.8,34,4511.21,2025-12,0.6452,0.3523,20.0,31,359.5,791.09,11.0,0.0,2025-12-01,1.24,0.0,-1075.5900000000001,ok
OKA134,Florianopolis-Campeche-apartamento-SUP-1Q,Carteira 1,SC,"Florianópolis, SC","Florianópolis, SC, Campeche",0.0,1063,7202.13,21,2822.43,2025-12,0.3871,0.2776,12.0,31,784.17,422.83,18.0,0.0,2025-12-01,2.55,0.0,-4379.700000000001,meta_subestimada
PRY0105,Porto_Seguro-Pataxos-apartamento-SUP-2Q,Carteira 2,BA,"Porto Seguro, BA","Porto Seguro, BA, Paraiso dos Pataxós",0.0,14,11220.08,50,6175.67,2025-12,0.6129,0.4331,19.0,31,679.26,274.0,12.0,0.0,2025-12-01,1.82,0.0,-5044.41,ok
PTG0030,Porto_Seguro-Pitinga-casa-TOP-4Q,Carteira 2,BA,"Porto Seguro, BA","Porto Seguro, BA, Arraial DAjuda",8.0,423,19527.44,12,19831.7,2025-12,0.4348,0.4892,10.0,31,2838.0,814.08,13.0,17.0,2025-12-01,0.98,22704.0,304.26000000000204,berlinda
RAL204,Florianopolis-Ingleses_Centro-apartamento-JR-2Q,Carteira 1,SC,"Florianópolis, SC","Florianópolis, SC, Ingleses do Rio Vermelho",0.0,544,4390.25,27,4428.29,2025-12,0.1613,0.3909,5.0,31,1051.0,385.36,25.0,0.0,2025-12-01,0.99,0.0,38.039999999999964,berlinda
RFM0023,Santa_Cruz_Cabralia-Coroa_Vermelha-apartamento-SUP-3Q,Carteira 2,BA,"Santa Cruz Cabrália, BA","Santa Cruz Cabrália, BA, Coroa Vermelha",0.0,416,3021.96,22,4962.36,2025-12,0.0968,0.2966,3.0,31,1262.0,496.21,28.0,0.0,2025-12-01,0.61,0.0,1940.3999999999996,atenção
ROR0002,Bombinhas-Bombas-apartamento-JR-3Q,Carteira 6,SC,"Bombinhas, SC","Bombinhas, SC, Bombas",7.0,320,5108.44,23,6228.8,2025-12,0.7917,0.3355,19.0,31,367.58,610.0,4.0,0.0,2025-12-01,0.82,2573.06,1120.3600000000006,berlinda
SAA0517,Salvador-Pituba_Praia-apartamento-TOP-1Q,Carteira 5,BA,"Salvador, BA","Salvador, BA, Amaralina",31.0,52,0.0,17,1908.54,2025-12,,0.3504,0.0,31,0.0,,0.0,0.0,2025-12-01,0.0,0.0,1908.54,crítico
SJS0004,Florianopolis-Ingleses_Centro-apartamento-JR-1Q,Carteira 1,SC,"Florianópolis, SC","Florianópolis, SC, Ingleses do Rio Vermelho",0.0,347,5994.69,18,2731.75,2025-12,0.5484,0.3363,17.0,31,435.94,315.43,14.0,0.0,2025-12-01,2.19,0.0,-3262.9399999999996,meta_subestimada
SKL1107,Penha-Praia-apartamento-JR-3Q,Carteira 6,SC,"Penha, SC","Penha, SC, Armação",6.0,67,0.0,65,6331.7,2025-12,0.0,0.4048,0.0,31,0.0,438.75,24.0,0.0,2025-12-01,0.0,0.0,6331.7,crítico
SVE407,Florianopolis-UFSC-apartamento-TOP-1Q,Carteira 4,SC,"Florianópolis, SC","Florianópolis, SC, Pantanal",0.0,775,879.56,16,4429.31,2025-12,0.1613,0.3939,5.0,31,206.2,396.58,26.0,0.0,2025-12-01,0.2,0.0,3549.7500000000005,crítico
TCO0512,Porto_Alegre-Centro_Historico-apartamento-SUP-1Q,Carteira 4,RS,"Porto Alegre, RS","Porto Alegre, RS, Centro Histórico",0.0,539,1281.06,85,1152.33,2025-12,0.3548,0.2626,11.0,31,134.91,169.05,20.0,0.0,2025-12-01,1.11,0.0,-128.73000000000002,ok
TCO0802,Porto_Alegre-Centro_Historico-apartamento-SUP-1Q,Carteira 4,RS,"Porto Alegre, RS","Porto Alegre, RS, Centro Histórico",31.0,592,0.0,85,1152.33,2025-12,,0.2626,0.0,31,0.0,,0.0,0.0,2025-12-01,0.0,0.0,1152.33,crítico
TXP0311,Goiania-Central-apartamento-SUP-2Q,Carteira 1_sys-price,GO,"Goiânia, GO","Goiânia, GO, Setor Bueno",5.0,802,1006.65,45,1792.24,2025-12,0.1538,0.2432,4.0,31,276.25,281.27,22.0,23.0,2025-12-01,0.56,1381.25,785.59,atenção
UPP0408,Curitiba-Centro-apartamento-JR-1Q,Carteira 4_sys-price,PR,"Curitiba, PR","Curitiba, PR, Alto da XV",0.0,40,677.4,227,1822.41,2025-12,0.1613,0.3741,5.0,31,151.8,159.88,25.0,0.0,2025-12-01,0.37,0.0,1145.0100000000002,crítico
UPP0504,Curitiba-Centro-apartamento-JR-1Q,Carteira 6_sys-price,PR,"Curitiba, PR","Curitiba, PR, Alto da XV",0.0,18,221.68,227,1822.41,2025-12,0.0645,0.3741,2.0,31,132.0,156.04,28.0,0.0,2025-12-01,0.12,0.0,1600.73,crítico
VGZ0004,Imbituba-Praia_do_Rosa-casa-SUP-1Q,Carteira 6,SC,"Imbituba, SC","Imbituba, SC, Ibiraquera",7.0,650,4084.73,42,3671.42,2025-12,0.4583,0.3229,11.0,31,473.55,407.92,13.0,0.0,2025-12-01,1.11,3314.85,-413.30999999999995,ok
APC2200,Bombinhas-Mariscal-casa-TOP-3Q,Carteira 6,SC,"Bombinhas, SC","Bombinhas, SC, Canto Grande",5.0,986,20492.65,14,11981.66,2025-12,0.6154,0.4133,16.0,31,1863.5,664.44,9.0,0.0,2025-12-01,1.71,9317.5,-8510.990000000002,ok
BLB1502,Salvador-Barra-apartamento-SUP-1Q,Carteira 2,BA,"Salvador, BA","Salvador, BA, Barra",0.0,714,3295.75,227,2961.11,2025-12,0.6129,0.3641,19.0,31,240.58,386.08,12.0,0.0,2025-12-01,1.11,0.0,-334.6399999999999,ok
BMR0004,Porto_Seguro-Pataxos-casa-JR-2Q,Carteira 2,BA,"Porto Seguro, BA","Porto Seguro, BA, Loteamento Village I",0.0,412,4280.39,10,4497.06,2025-12,0.3548,0.3285,11.0,31,461.36,354.6,20.0,0.0,2025-12-01,0.95,0.0,216.67000000000007,berlinda
CAS0031,Florianopolis-Estreito-apartamento-SUP-2Q,Carteira 4,SC,"Florianópolis, SC","Florianópolis, SC, Coqueiros",1.0,284,485.08,18,4141.18,2025-12,0.0667,0.3952,2.0,31,288.0,398.81,27.0,0.0,2025-12-01,0.12,288.0,3656.1000000000004,crítico
CNA015,Especial-CNA-casa-MASTER-1Q,Especial,SP,"Campos do Jordão, SP","Campos do Jordão, SP, Jardim Europa",0.0,1046,11612.69,25,6822.48,2025-12,0.5806,0.3355,18.0,31,755.72,858.38,13.0,0.0,2025-12-01,1.7,0.0,-4790.210000000001,ok
CPN0002,Florianopolis-Centrao-apartamento-JR-2Q,Carteira 4,SC,"Florianópolis, SC","Florianópolis, SC, Centro",0.0,420,5390.07,16,3762.91,2025-12,0.4839,0.4468,15.0,31,424.69,243.27,15.0,0.0,2025-12-01,1.43,0.0,-1627.1599999999999,ok
CRJ101,Florianopolis-Jurere_Tradicional-apartamento-SUP-2Q,Carteira 1,SC,"Florianópolis, SC","Florianópolis, SC, Jurerê",0.0,1053,614.12,17,9189.8,2025-12,0.0645,0.4718,2.0,31,425.0,845.14,28.0,0.0,2025-12-01,0.07,0.0,8575.679999999998,crítico
DLH0103,Gramado-Centro-apartamento-TOP-2Q,Carteira 4,RS,"Gramado, RS","Gramado, RS, Centro",4.0,437,20004.95,57,13003.3,2025-12,0.9259,0.6323,25.0,31,913.88,454.5,2.0,0.0,2025-12-01,1.54,3655.52,-7001.6500000000015,ok
ELLC0000,Ilheus-Sul-apartamento-SUP-2Q,Carteira 2,BA,"Ilhéus, BA","Ilhéus, BA, Nossa Senhora da Vitória",16.0,97,2088.22,40,3567.45,2025-12,0.8,0.3513,12.0,31,187.42,193.0,3.0,0.0,2025-12-01,0.59,2998.72,1479.23,atenção
FFS1306,Itapema-Meia_Praia-Sul-apartamento-SUP-1Q,Carteira 6,SC,"Itapema, SC","Itapema, SC, Meia Praia",0.0,40,8059.71,13,5440.47,2025-12,0.4516,0.3096,14.0,31,652.93,348.06,17.0,0.0,2025-12-01,1.48,0.0,-2619.24,ok
FML202,Florianopolis-Canasvieiras_Perto-apartamento-JR-2Q,Carteira 1,SC,"Florianópolis, SC","Florianópolis, SC, Canasvieiras",12.0,668,2693.6,18,6009.82,2025-12,0.5263,0.4281,10.0,31,376.8,301.13,8.0,0.0,2025-12-01,0.45,4521.6,3316.22,crítico
GCH0201,Camaçari-Jacuipe-apartamento-JR-3Q,Carteira 2,BA,"Camaçari, BA","Camaçari, BA, Guarajuba Monte Gordo",13.0,462,6127.76,122,7299.38,2025-12,0.5556,0.3245,10.0,31,707.9,386.88,8.0,0.0,2025-12-01,0.84,9202.699999999999,1171.62,berlinda
ILC2316,Especial-ILC-hotel-TOP-1Q,Especial,SC,"Florianópolis, SC","Florianópolis, SC, Jurerê Internacional",0.0,1552,23462.53,26,13572.13,2025-12,0.6452,0.6377,20.0,31,1425.3,1152.64,11.0,10.0,2025-12-01,1.73,0.0,-9890.4,ok
ILH0107,Florianopolis-Canasvieiras_Perto-apartamento-SUP-2Q,Carteira 1,SC,"Florianópolis, SC","Florianópolis, SC, Canasvieiras",0.0,783,8130.02,23,8029.31,2025-12,0.4194,0.3783,13.0,31,753.0,650.22,18.0,0.0,2025-12-01,1.01,0.0,-100.71000000000004,berlinda
JRR410,Florianopolis-Jurere_Tradicional-apartamento-MASTER-1Q,Carteira 1,SC,"Florianópolis, SC","Florianópolis, SC, Jurerê",0.0,1384,4563.91,26,15586.68,2025-12,0.2581,0.6068,8.0,31,670.88,1046.78,23.0,0.0,2025-12-01,0.29,0.0,11022.77,crítico
MHF1604,Itapema-Canto_Praia-apartamento-TOP-1Q,Carteira 5,SC,"Itapema, SC","Itapema, SC, Centro",0.0,437,12141.19,14,6337.8,2025-12,0.871,0.3918,27.0,31,562.63,352.5,4.0,0.0,2025-12-01,1.92,0.0,-5803.39,ok
MHF1605,Itapema-Canto_Praia-apartamento-TOP-1Q,Carteira 5,SC,"Itapema, SC","Itapema, SC, Centro",0.0,530,12506.44,14,6337.8,2025-12,0.7097,0.3918,22.0,31,694.45,369.89,9.0,0.0,2025-12-01,1.97,0.0,-6168.64,ok
MMD0305,Ilheus-Sul-apartamento-SUP-2Q,Carteira 2,BA,"Ilhéus, BA","Ilhéus, BA, São Francisco",0.0,185,4784.04,40,3567.45,2025-12,0.3226,0.3513,10.0,31,614.4,325.95,21.0,0.0,2025-12-01,1.34,0.0,-1216.5900000000001,ok
NWT0504,Especial-NWT-apartamento-TOP-1Q,Carteira 5,AL,"Maceió, AL","Maceió, AL, Pajuçara",0.0,255,5352.7,34,4511.21,2025-12,0.4839,0.3523,15.0,31,441.0,512.06,16.0,0.0,2025-12-01,1.19,0.0,-841.4899999999998,ok
NWT0911,Especial-NWT-apartamento-MASTER-1Q,Carteira 5,AL,"Maceió, AL","Maceió, AL, Pajuçara",1.0,251,2040.0,31,9341.25,2025-12,0.1333,0.6444,4.0,31,600.0,976.92,26.0,30.0,2025-12-01,0.22,600.0,7301.25,crítico
ONP0913,Sao_Paulo-Bela_Vista-apartamento-SUP-1Q,Carteira 4_sys-price,SP,"São Paulo, SP","São Paulo, SP, Paraíso",1.0,61,2489.99,718,2096.87,2025-12,0.5333,0.3298,16.0,31,185.69,205.5,14.0,0.0,2025-12-01,1.19,185.69,-393.1199999999999,ok
POR410,Florianopolis-Ingleses_Norte-apartamento-SUP-4Q,Carteira 1,SC,"Florianópolis, SC","Florianópolis, SC, Ingleses Norte",19.0,910,5277.9,19,10540.0,2025-12,0.5,0.4242,6.0,31,1430.0,3410.83,6.0,0.0,2025-12-01,0.5,27170.0,5262.1,atenção
RFM0012,Santa_Cruz_Cabralia-Coroa_Vermelha-apartamento-SUP-2Q,Carteira 2,BA,"Santa Cruz Cabrália, BA","Porto Seguro, BA, Mutá",0.0,325,5490.54,60,5857.86,2025-12,0.1935,0.4238,6.0,31,788.78,289.14,21.0,0.0,2025-12-01,0.94,0.0,367.3199999999997,berlinda
SDR002,Florianopolis-Lagoa-apartamento-SUP-1Q,Carteira 1,SC,"Florianópolis, SC","Florianópolis, SC, Lagoa da Conceição",0.0,1605,3591.62,29,4977.73,2025-12,0.3871,0.5714,12.0,31,371.83,490.61,18.0,0.0,2025-12-01,0.72,0.0,1386.1099999999997,atenção
SKC0414,Maceio-Jatiuca-apartamento-TOP-1Q,Carteira 2,AL,"Maceió, AL","Maceió, AL, Jatiúca",0.0,298,8119.93,44,3688.58,2025-12,0.8065,0.4488,25.0,31,365.84,312.5,6.0,0.0,2025-12-01,2.2,0.0,-4431.35,meta_subestimada
TCO1104,Porto_Alegre-Centro_Historico-apartamento-SUP-1Q,Carteira 4,RS,"Porto Alegre, RS","Porto Alegre, RS, Centro Histórico",0.0,441,1699.07,85,1152.33,2025-12,0.4516,0.2626,14.0,31,138.79,181.29,17.0,0.0,2025-12-01,1.47,0.0,-546.74,ok
TPS104,Florianopolis-Canasvieiras_Meio-apartamento-TOP-1Q,Carteira 1,SC,"Florianópolis, SC","Florianópolis, SC, Canasvieiras",0.0,1035,2035.8,25,5708.6,2025-12,0.1935,0.4133,6.0,31,412.17,588.5,24.0,0.0,2025-12-01,0.36,0.0,3672.8,crítico
TPS107,Florianopolis-Canasvieiras_Meio-apartamento-TOP-1Q,Carteira 1,SC,"Florianópolis, SC","Florianópolis, SC, Canasvieiras",0.0,537,2081.0,25,5708.6,2025-12,0.2581,0.4133,8.0,31,313.25,646.14,22.0,0.0,2025-12-01,0.36,0.0,3627.6000000000004,crítico
VEC114,Bombinhas-Centro-apartamento-SUP-1Q,Carteira 6,SC,"Bombinhas, SC","Bombinhas, SC, Centro",0.0,1070,7227.2,37,5567.5,2025-12,0.6452,0.4579,20.0,31,518.2,677.64,11.0,0.0,2025-12-01,1.3,0.0,-1659.6999999999998,ok
VIF0011,Porto_Seguro-Pataxos-apartamento-SUP-3Q,Carteira 2,BA,"Porto Seguro, BA","Porto Seguro, BA, Taperapuã",7.0,52,1897.8,21,4961.14,2025-12,0.4167,0.2923,10.0,31,243.9,469.36,14.0,0.0,2025-12-01,0.38,1707.3,3063.34,crítico
VST022,Especial-VST-casa-TOP-1Q,Carteira 5,SC,"Anitápolis, SC","Anitápolis, SC, Rio dos Pinheiros",0.0,518,2024.54,47,2992.0,2025-12,0.2258,0.1608,7.0,31,350.14,268.48,23.0,0.0,2025-12-01,0.68,0.0,967.46,atenção
VTD0109,Florianopolis-UFSC-apartamento-SUP-1Q,Carteira 4,SC,"Florianópolis, SC","Florianópolis, SC, Trindade",0.0,84,7305.41,50,3127.35,2025-12,0.7419,0.4234,23.0,31,425.13,288.75,8.0,0.0,2025-12-01,2.34,0.0,-4178.0599999999995,meta_subestimada
BLV0005,Porto_Seguro-Pataxos-apartamento-JR-2Q,Carteira 2,BA,"Porto Seguro, BA","Porto Seguro, BA, Taperapuan",10.0,257,3899.99,46,4892.37,2025-12,0.4286,0.319,9.0,31,518.0,163.92,12.0,0.0,2025-12-01,0.8,5180.0,992.3800000000001,atenção
BSO0105,Itajai-Praia_Brava-apartamento-SUP-1Q,Carteira 6,SC,"Balneário Camboriú, SC","Balneário Camboriú, SC, Praia dos Amores",1.0,228,7906.75,15,3309.05,2025-12,0.6333,0.4188,19.0,31,555.68,340.4,10.0,0.0,2025-12-01,2.39,555.68,-4597.7,meta_subestimada
CGE0003,Balneario_Picarras-Geral-casa-JR-3Q,Carteira 6,SC,"Balneário Piçarras, SC","Balneário Piçarras, SC, Centro",2.0,31,3736.04,19,5714.92,2025-12,0.1724,0.3006,5.0,31,1000.8,289.17,23.0,0.0,2025-12-01,0.65,2001.6,1978.88,atenção
DNR1402,Sao_Paulo-Republica-apartamento-SUP-1Q,Carteira 4_sys-price,SP,"São Paulo, SP","São Paulo, SP, República",0.0,59,367.06,403,1530.0,2025-12,0.0968,0.3151,3.0,31,145.0,144.25,28.0,0.0,2025-12-01,0.24,0.0,1162.94,crítico
ESE0102,Balneario_Camboriu-Norte-apartamento-TOP-2Q,Carteira 6,SC,"Balneário Camboriú, SC","Balneário Camboriú, SC, Centro",8.0,298,17398.3,15,7699.87,2025-12,0.8696,0.4323,20.0,31,1024.3,718.33,3.0,0.0,2025-12-01,2.26,8194.4,-9698.43,meta_subestimada
EVA0506,Florianopolis-Centrao-apartamento-JR-1Q,Carteira 4,SC,"Florianópolis, SC","Florianópolis, SC, Centro",0.0,193,1203.07,76,2297.2,2025-12,0.2903,0.3438,9.0,31,154.44,346.41,22.0,18.0,2025-12-01,0.52,0.0,1094.1299999999999,atenção
IPTR0082,Balneario_Camboriu-Centro-apartamento-JR-2Q,Carteira 6,SC,"Balneário Camboriú, SC","Balneário Camboriú, SC, Centro",7.0,122,5529.2,45,5810.63,2025-12,0.75,0.4112,18.0,31,393.11,523.33,6.0,0.0,2025-12-01,0.95,2751.77,281.4300000000003,berlinda
ISC0906,Sao_Paulo-Republica-apartamento-SUP-1Q,Carteira 4_sys-price,SP,"São Paulo, SP","São Paulo, SP, Vila Buarque",10.0,592,1748.11,403,1530.0,2025-12,0.5714,0.3151,12.0,31,152.83,144.67,9.0,0.0,2025-12-01,1.14,1528.3000000000002,-218.1099999999999,ok
ITF0025,Mata_de_Sao_Joao-Praia_Imbassai-apartamento-SUP-2Q,Carteira 4,BA,"Mata de São João, BA","Mata de São João, BA, Açu da Torre",5.0,13,727.2,15,4774.76,2025-12,0.1538,0.334,4.0,31,221.0,437.45,22.0,0.0,2025-12-01,0.15,1105.0,4047.5600000000004,crítico
JBV252,Especial-JBV-hotel-TOP-1Q,Especial,SC,"Florianópolis, SC","Florianópolis, SC, Jurerê",0.0,1896,15891.79,30,13774.65,2025-12,0.6452,0.6331,20.0,31,1023.25,1717.82,11.0,0.0,2025-12-01,1.15,0.0,-2117.1400000000012,ok
JBV325,Especial-JBV-hotel-JR-1Q,Especial,SC,"Florianópolis, SC","Florianópolis, SC, Jurerê",0.0,1850,15299.34,23,10939.33,2025-12,0.6452,0.5584,20.0,31,970.35,990.27,11.0,0.0,2025-12-01,1.4,0.0,-4360.01,ok
OLN1702,Sao_Paulo-Mariana-apartamento-SUP-1Q,Carteira 4_sys-price,SP,"São Paulo, SP","São Paulo, SP, Vila Clementino",0.0,229,1522.85,223,1659.39,2025-12,0.3226,0.2904,10.0,31,193.6,184.1,21.0,0.0,2025-12-01,0.92,0.0,136.5400000000002,berlinda
RJT0104,Brasilia-Taguatinga_Norte-apartamento-SUP-1Q,Carteira 1_sys-price,DF,"Brasília, DF","Brasília, DF, Taguatinga Norte",0.0,410,605.35,93,1443.98,2025-12,0.2258,0.2976,7.0,31,144.57,154.83,24.0,0.0,2025-12-01,0.42,0.0,838.63,crítico
RMO0602,Salvador-Ondina_Rio_Vermelho-apartamento-SUP-1Q,Carteira 2,BA,"Salvador, BA","Salvador, BA, Rio Vermelho",0.0,369,2145.01,93,2433.12,2025-12,0.2903,0.3565,9.0,31,294.33,255.0,22.0,0.0,2025-12-01,0.88,0.0,288.1099999999997,berlinda
RRC0207,Florianopolis-Ribeirao-apartamento-SUP-1Q,Carteira 4,SC,"Florianópolis, SC","Florianópolis, SC, Ribeirão da Ilha",0.0,441,2439.44,35,1896.86,2025-12,0.3226,0.2485,10.0,31,309.0,365.1,20.0,0.0,2025-12-01,1.29,0.0,-542.5800000000002,ok
RVC0702,Itajai-Praia_Brava-apartamento-SUP-2Q,Carteira 6,SC,"Itajaí, SC","Itajaí, SC, Praia Brava",8.0,27,2566.02,21,5839.5,2025-12,0.3913,0.3814,9.0,31,312.11,420.0,13.0,12.0,2025-12-01,0.44,2496.88,3273.48,crítico
RVP0502,Joao_Pessoa-Aeroclube-apartamento-JR-2Q,Carteira 2,PB,"João Pessoa, PB","João Pessoa, PB, Aeroclube",0.0,284,4734.78,10,1373.74,2025-12,0.8387,0.2997,26.0,31,243.38,240.0,5.0,0.0,2025-12-01,3.45,0.0,-3361.04,meta_subestimada
SDA311,Cabo_Frio-Centro-apartamento-JR-2Q,Carteira 4,RJ,"Cabo Frio, RJ","Cabo Frio, RJ, Passagem",0.0,980,5173.2,184,4403.23,2025-12,0.4839,0.396,15.0,31,619.4,433.06,16.0,0.0,2025-12-01,1.17,0.0,-769.9700000000003,ok
VCM005,Ilheus-Sul-apartamento-JR-2Q,Carteira 2,BA,"Ilhéus, BA","Ilhéus, BA, Nossa Senhora da Vitória",6.0,811,0.0,17,4379.63,2025-12,0.0,0.2882,0.0,31,0.0,198.75,24.0,0.0,2025-12-01,0.0,0.0,4379.63,crítico
VLT0107,Salvador-Graca-apartamento-JR-1Q,Especial,BA,"Salvador, BA","Salvador, BA, Vitória",9.0,82,819.55,14,3036.54,2025-12,0.1364,0.368,3.0,31,286.0,199.0,19.0,0.0,2025-12-01,0.27,2574.0,2216.99,crítico
VNU1417,Sao_Paulo-Bela_Vista-apartamento-SUP-1Q,Carteira 4_sys-price,SP,"São Paulo, SP","São Paulo, SP, Bela Vista",6.0,271,0.0,718,2096.87,2025-12,0.0,0.3298,0.0,31,0.0,186.12,25.0,0.0,2025-12-01,0.0,0.0,2096.87,crítico
VST035,Especial-VST-casa-TOP-1Q,Carteira 5,SC,"Anitápolis, SC",VST036,0.0,96,1381.0,47,2992.0,2025-12,0.1935,0.1608,6.0,31,288.67,288.4,25.0,0.0,2025-12-01,0.46,0.0,1611.0,crítico
WEL0604,Sao_Paulo-Pompeia-apartamento-SUP-1Q,Carteira 4_sys-price,SP,"São Paulo, SP","São Paulo, SP, Perdizes",30.0,164,0.0,60,1367.42,2025-12,0.0,0.2372,0.0,31,0.0,,0.0,0.0,2025-12-01,0.0,0.0,1367.42,crítico
WPE0304,Penha-Longe-casa-TOP-2Q,Carteira 6,SC,"Penha, SC","Penha, SC, Gravatá",3.0,143,8259.22,21,7740.26,2025-12,0.3571,0.5247,10.0,31,1099.4,2344.0,17.0,5.0,2025-12-01,1.07,3298.2000000000003,-518.9599999999991,berlinda
ABM0101,Bombinhas-Zimbros-casa-SUP-6Q,Carteira 6,SC,"Bombinhas, SC","Bombinhas, SC, Zimbros",8.0,402,42824.29,10,24470.83,2025-12,0.8261,0.368,19.0,31,3279.05,918.0,4.0,0.0,2025-12-01,1.75,26232.4,-18353.46,ok
BSO0202,Itajai-Praia_Brava-apartamento-SUP-1Q,Carteira 6,SC,"Balneário Camboriú, SC","Balneário Camboriú, SC, Praia dos Amores",0.0,222,4444.56,15,3309.05,2025-12,0.5806,0.4188,18.0,31,310.83,577.85,13.0,0.0,2025-12-01,1.34,0.0,-1135.5100000000002,ok
CCF1410,Porto_Alegre-Centro_Historico-apartamento-JR-1Q,Carteira 4,RS,"Porto Alegre, RS","Porto Alegre, RS, Centro Histórico",0.0,17,382.75,86,1046.05,2025-12,0.3548,0.2806,11.0,31,101.55,146.15,20.0,0.0,2025-12-01,0.37,0.0,663.3,crítico
EPK0402,Guara-Geral-apartamento-SUP-2Q,Carteira 1_sys-price,DF,"Brasília, DF","Brasília, DF, SOF",0.0,346,3334.19,13,2070.6,2025-12,0.4194,0.2854,13.0,31,318.15,346.33,18.0,0.0,2025-12-01,1.61,0.0,-1263.5900000000001,ok
ERE0302,Maceio-Cruz_das_Almas-apartamento-JR-1Q,Carteira 2,AL,"Maceió, AL","Maceió, AL, Cruz das Almas",0.0,95,3138.38,23,2810.75,2025-12,0.5161,0.4147,16.0,31,243.56,238.4,15.0,0.0,2025-12-01,1.12,0.0,-327.6300000000001,ok
IBE104,Florianopolis-Canasvieiras_Meio-apartamento-JR-2Q,Carteira 1,SC,"Florianópolis, SC","Florianópolis, SC, Canasvieiras",30.0,833,0.0,18,4685.41,2025-12,0.0,0.3236,0.0,31,0.0,216.0,1.0,0.0,2025-12-01,0.0,0.0,4685.41,crítico
ILC1206,Especial-ILC-hotel-JR-1Q,Especial,SC,"Florianópolis, SC","Florianópolis, SC, Jurerê Internacional",1.0,2001,24008.18,14,9269.72,2025-12,0.9667,0.5069,29.0,31,1068.66,3631.0,1.0,18.0,2025-12-01,2.59,1068.66,-14738.460000000001,meta_subestimada
ILC4102,Especial-ILC-hotel-TOP-1Q,Especial,SC,"Florianópolis, SC","Florianópolis, SC, Jurerê Internacional",0.0,985,16990.31,26,13572.13,2025-12,0.6774,0.6377,21.0,31,1138.95,1834.2,10.0,0.0,2025-12-01,1.25,0.0,-3418.180000000002,ok
IPTR0241,Balneario_Camboriu-Centro-apartamento-MASTER-2Q,Carteira 6,SC,"Balneário Camboriú, SC","Balneário Camboriú, SC, Centro",13.0,67,9639.25,18,10348.0,2025-12,0.7222,0.4247,13.0,31,935.46,630.0,4.0,0.0,2025-12-01,0.93,12160.98,708.75,berlinda
MCB1002,Balneario_Picarras-Geral-apartamento-SUP-2Q,Carteira 6,SC,"Balneário Piçarras, SC","Balneário Piçarras, SC, Itacolomi",6.0,269,3358.77,77,6230.07,2025-12,0.12,0.3874,3.0,31,1300.0,377.48,21.0,0.0,2025-12-01,0.54,7800.0,2871.2999999999997,atenção
MHF0908,Itapema-Canto_Praia-apartamento-TOP-2Q,Carteira 5,SC,"Itapema, SC","Itapema, SC, Centro",0.0,517,14762.18,14,4620.28,2025-12,0.8065,0.2821,25.0,31,744.32,580.83,6.0,0.0,2025-12-01,3.2,0.0,-10141.900000000001,meta_subestimada
MHFA2005,Itapema-Canto_Praia-apartamento-SUP-1Q,Carteira 5,SC,"Itapema, SC","Itapema, SC, Centro",0.0,504,5473.56,16,5616.63,2025-12,0.5161,0.3721,16.0,31,441.31,413.0,15.0,0.0,2025-12-01,0.97,0.0,143.0699999999997,berlinda
MMP0137,Itapema-Meia_Praia-Sul-apartamento-SUP-3Q,Carteira 6,SC,"Itapema, SC","Itapema, SC, Meia Praia",15.0,153,5286.45,24,8205.47,2025-12,0.8125,0.3833,13.0,31,631.54,231.0,3.0,0.0,2025-12-01,0.64,9473.099999999999,2919.0199999999995,atenção
MTR0502,Porto_Belo-Geral-apartamento-MASTER-2Q,Carteira 6,SC,"Porto Belo, SC","Porto Belo, SC, Perequê",1.0,3,0.0,22,6029.08,2025-12,0.0,0.3275,0.0,31,0.0,807.8,30.0,0.0,2025-12-01,0.0,0.0,6029.08,crítico
NWT0505,Especial-NWT-apartamento-TOP-1Q,Carteira 5,AL,"Maceió, AL","Maceió, AL, Pajuçara",0.0,396,4816.38,34,4511.21,2025-12,0.5806,0.3523,18.0,31,356.56,784.75,12.0,0.0,2025-12-01,1.07,0.0,-305.1700000000001,berlinda
NWT1003,Especial-NWT-apartamento-TOP-1Q,Carteira 5,AL,"Maceió, AL","Maceió, AL, Pajuçara",0.0,229,9171.94,34,4511.21,2025-12,0.6452,0.3523,20.0,31,546.85,516.45,11.0,0.0,2025-12-01,2.03,0.0,-4660.7300000000005,meta_subestimada
RLV0206,Florianopolis-Novo_Campeche-apartamento-SUP-3Q,Carteira 1,SC,"Florianópolis, SC","Florianópolis, SC, Campeche",6.0,347,14840.25,67,9664.86,2025-12,0.8,0.4717,20.0,31,1032.0,900.0,2.0,0.0,2025-12-01,1.54,6192.0,-5175.389999999999,ok
RUC0002,Bombinhas-Mariscal-casa-JR-2Q,Carteira 6,SC,"Bombinhas, SC","Bombinhas, SC, Canto Grande",0.0,362,4734.54,24,3733.63,2025-12,0.2903,0.2535,9.0,31,651.11,323.1,21.0,0.0,2025-12-01,1.27,0.0,-1000.9099999999999,ok
SSG0102,Florianopolis-UFSC-apartamento-TOP-1Q,Carteira 4,SC,"Florianópolis, SC","Florianópolis, SC, Córrego Grande",0.0,1025,1810.98,16,4429.31,2025-12,0.2903,0.3939,9.0,31,251.56,433.95,22.0,0.0,2025-12-01,0.41,0.0,2618.3300000000004,crítico
TXP1912,Goiania-Central-apartamento-TOP-2Q,Carteira 1_sys-price,GO,"Goiânia, GO","Goiânia, GO, Setor Bueno",0.0,787,807.18,12,3061.08,2025-12,0.0968,0.339,3.0,31,316.67,323.67,27.0,0.0,2025-12-01,0.26,0.0,2253.9,crítico
VAC0708,Barra_Velha-Tabuleiro-apartamento-SUP-2Q,Carteira 3,SC,"Barra Velha, SC","Barra Velha, SC, Itajubá",0.0,221,8503.85,13,6520.77,2025-12,0.6774,0.2727,21.0,31,517.52,312.0,10.0,0.0,2025-12-01,1.3,0.0,-1983.08,ok
VAC0906,Barra_Velha-Tabuleiro-apartamento-SUP-2Q,Carteira 3,SC,"Barra Velha, SC","Barra Velha, SC, Itajubá",29.0,157,2226.42,13,6520.77,2025-12,1.0,0.2727,2.0,31,1610.0,,0.0,30.0,2025-12-01,0.34,46690.0,4294.35,crítico
VGZ0003,Imbituba-Praia_do_Rosa-casa-SUP-1Q,Carteira 6,SC,"Imbituba, SC","Imbituba, SC, Ibiraquera",12.0,650,3387.1,42,3671.42,2025-12,0.8947,0.3229,17.0,31,353.0,259.0,2.0,0.0,2025-12-01,0.92,4236.0,284.32000000000016,berlinda
VST026,Especial-VST-casa-TOP-1Q,Carteira 5,SC,"Anitápolis, SC","Anitápolis, SC, Rio dos Pinheiros",0.0,31,1331.67,47,2992.0,2025-12,0.1935,0.1608,6.0,31,297.83,275.17,24.0,0.0,2025-12-01,0.45,0.0,1660.33,crítico
ARN0104,Bombinhas-Centro-apartamento-TOP-3Q,Carteira 6,SC,"Bombinhas, SC","Bombinhas, SC, Quatro Ilhas",3.0,564,14250.52,23,12437.2,2025-12,0.7857,0.3897,22.0,31,855.86,1417.67,6.0,0.0,2025-12-01,1.15,2567.58,-1813.3199999999997,ok
BCA1804,Salvador-Ondina_Rio_Vermelho-apartamento-SUP-1Q,Carteira 2,BA,"Salvador, BA","Salvador, BA, Ondina",0.0,206,3435.7,93,2433.12,2025-12,0.4194,0.3565,13.0,31,305.38,260.0,17.0,0.0,2025-12-01,1.41,0.0,-1002.5799999999999,ok
BPM0808,Salvador-Barra-apartamento-SUP-1Q,Carteira 2,BA,"Salvador, BA","Salvador, BA, Barra",0.0,52,2574.34,227,2961.11,2025-12,0.4194,0.3641,13.0,31,262.77,319.44,18.0,0.0,2025-12-01,0.87,0.0,386.77,berlinda
CAR0107,Itajai-Centro-apartamento-JR-1Q,Carteira 6,SC,"Itajaí, SC","Itajaí, SC, Centro",0.0,193,899.18,14,1715.35,2025-12,0.2258,0.291,7.0,31,147.86,300.29,24.0,0.0,2025-12-01,0.52,0.0,816.17,atenção
CBLS0102,Brasilia-Vila_Planalto-apartamento-TOP-1Q,Carteira 1_sys-price,DF,"Brasília, DF","Brasília, DF, Setor de Clubes Esportivos Sul",3.0,207,4121.78,15,3143.6,2025-12,0.5,0.4186,14.0,31,368.43,415.36,14.0,0.0,2025-12-01,1.31,1105.29,-978.1799999999998,ok
CNB009,Especial-CNB-casa-TOP-1Q,Especial,SP,"Campos do Jordão, SP","Campos do Jordão, SP, Jardim Europa",0.0,621,5725.83,15,4612.23,2025-12,0.1613,0.291,5.0,31,1320.0,704.32,25.0,8.0,2025-12-01,1.24,0.0,-1113.6000000000004,ok
CTM0000,Garopaba-Centro-casa-SUP-2Q,Carteira 6,SC,"Garopaba, SC","Garopaba, SC, Costa Macacu",1.0,206,6554.08,16,7119.57,2025-12,0.3,0.3586,9.0,31,912.78,449.9,21.0,0.0,2025-12-01,0.92,912.78,565.4899999999998,berlinda
EEP0602,Guarapari-Centro-apartamento-SUP-1Q,Carteira 4,ES,"Guarapari, ES","Guarapari, ES, São Judas Tadeu",0.0,112,7067.73,31,2639.45,2025-12,0.7097,0.3347,22.0,31,394.36,159.89,9.0,0.0,2025-12-01,2.68,0.0,-4428.28,meta_subestimada
ELF0602,Bombinhas-Bombas-apartamento-SUP-1Q,Especial,SC,"Bombinhas, SC","Bombinhas, SC, José Amândio",1.0,202,7173.14,33,4887.09,2025-12,0.8333,0.3346,25.0,31,346.36,1829.0,5.0,5.0,2025-12-01,1.47,346.36,-2286.05,ok
ERM0102,Balneario_Camboriu-Centro-apartamento-SUP-3Q,Carteira 6,SC,"Balneário Camboriú, SC","Balneário Camboriú, SC, Centro",8.0,55,5106.09,80,6855.0,2025-12,0.5217,0.3753,12.0,31,578.42,578.0,11.0,0.0,2025-12-01,0.74,4627.36,1748.9099999999999,atenção
EVA105,Florianopolis-Centrao-apartamento-SUP-1Q,Carteira 4,SC,"Florianópolis, SC","Florianópolis, SC, Centro",0.0,802,2552.64,124,3186.58,2025-12,0.3871,0.3292,12.0,31,275.42,407.32,19.0,0.0,2025-12-01,0.8,0.0,633.94,berlinda
JBM201,Florianopolis-Jurere_Tradicional-apartamento-TOP-1Q,Carteira 1,SC,"Florianópolis, SC","Florianópolis, SC, Jurerê",2.0,2001,12323.6,17,10221.67,2025-12,0.5862,0.5494,17.0,31,907.88,613.0,11.0,0.0,2025-12-01,1.21,1815.76,-2101.9300000000003,ok
JHG1733,Florianopolis-Costa_da_Lagoa-apartamento-JR-1Q,Carteira 1,SC,"Florianópolis, SC","Florianópolis, SC, Lagoa da Conceição",0.0,874,8573.87,29,3435.57,2025-12,0.7419,0.5154,23.0,31,496.57,446.0,7.0,0.0,2025-12-01,2.5,0.0,-5138.300000000001,meta_subestimada
LIV1011,Salvador-Graca-apartamento-TOP-1Q,Especial,BA,"Salvador, BA","Salvador, BA, Vitória",4.0,175,2471.18,15,3185.45,2025-12,0.4444,0.3946,12.0,31,256.83,439.47,15.0,0.0,2025-12-01,0.78,1027.32,714.27,atenção
MADB1005,Aguas_Claras-Geral-apartamento-JR-1Q,Carteira 1_sys-price,DF,"Águas Claras, DF","Brasília, DF, Águas Claras",0.0,797,1291.64,65,1178.61,2025-12,0.3548,0.2364,11.0,31,147.27,154.45,20.0,0.0,2025-12-01,1.1,0.0,-113.0300000000002,berlinda
MHE0213,Florianopolis-Cachoeira_Bom_Jesus-apartamento-TOP-2Q,Carteira 1,SC,"Florianópolis, SC","Florianópolis, SC, Cachoeira do Bom Jesus",16.0,313,0.0,32,8144.01,2025-12,0.4667,0.4004,7.0,31,633.43,768.14,7.0,0.0,2025-12-01,0.0,10134.88,8144.01,crítico
MHF0805,Itapema-Canto_Praia-apartamento-TOP-1Q,Carteira 5,SC,"Itapema, SC","Itapema, SC, Centro",0.0,447,7044.56,14,6337.8,2025-12,0.7742,0.3918,24.0,31,392.04,1070.71,7.0,0.0,2025-12-01,1.11,0.0,-706.7600000000002,ok
MHFB0903,Itapema-Canto_Praia-apartamento-SUP-1Q,Carteira 5,SC,"Itapema, SC","Itapema, SC, Centro",0.0,390,4089.56,16,5616.63,2025-12,0.4194,0.3721,13.0,31,361.23,444.78,18.0,0.0,2025-12-01,0.73,0.0,1527.0700000000002,atenção
NOA0616,Sao_Paulo-Santo_Amaro-apartamento-SUP-1Q,Carteira 4_sys-price,SP,"São Paulo, SP","São Paulo, SP, Santo Amaro",0.0,311,1392.03,105,1138.7,2025-12,0.3226,0.1877,10.0,31,184.6,200.38,21.0,0.0,2025-12-01,1.22,0.0,-253.32999999999993,ok
NWT1115,Especial-NWT-apartamento-TOP-1Q,Carteira 5,AL,"Maceió, AL","Maceió, AL, Pajuçara",0.0,180,10872.58,34,4511.21,2025-12,0.7742,0.3523,24.0,31,603.33,483.0,6.0,0.0,2025-12-01,2.41,0.0,-6361.37,meta_subestimada
ODM1203,Sao_Paulo-Mariana-apartamento-SUP-1Q,Carteira 4_sys-price,SP,"São Paulo, SP","São Paulo, SP, Vila Mariana",0.0,69,1645.71,223,1659.39,2025-12,0.4516,0.2904,14.0,31,162.33,189.56,16.0,0.0,2025-12-01,0.99,0.0,13.680000000000064,berlinda
PSOB0407,Penha-Beto_Carrero-apartamento-SUP-1Q,Carteira 3,SC,"Penha, SC","Penha, SC, Armação",0.0,144,7924.74,15,2337.5,2025-12,0.7419,0.234,23.0,31,436.35,470.88,8.0,0.0,2025-12-01,3.39,0.0,-5587.24,meta_subestimada
PUQ0208,Sao_Paulo-Pompeia-apartamento-SUP-1Q,Carteira 4_sys-price,SP,"São Paulo, SP","São Paulo, SP, Perdizes",0.0,229,1185.12,60,1367.42,2025-12,0.2581,0.2372,8.0,31,179.63,183.23,22.0,0.0,2025-12-01,0.87,0.0,182.30000000000018,berlinda
RDS001,Campos_do_Jordao-Vila_Natal-casa-JR-2Q,Carteira 4,SP,"Campos do Jordão, SP","Campos do Jordão, SP, Campos do Jordão",27.0,661,0.0,17,4068.18,2025-12,0.0,0.3256,0.0,31,0.0,255.75,4.0,0.0,2025-12-01,0.0,0.0,4068.18,crítico
RJI0046,Ubatuba-Itagua-apartamento-JR-2Q,Carteira 4,SP,"Ubatuba, SP","Ubatuba, SP, Itaguá",0.0,405,689.48,154,4591.79,2025-12,0.1935,0.3628,6.0,31,544.67,511.21,24.0,0.0,2025-12-01,0.15,0.0,3902.31,crítico
SDR009,Florianopolis-Lagoa-apartamento-SUP-1Q,Carteira 1,SC,"Florianópolis, SC","Florianópolis, SC, Lagoa da Conceição",0.0,1497,1530.0,29,4977.73,2025-12,0.0645,0.5714,2.0,31,1000.0,378.64,28.0,0.0,2025-12-01,0.31,0.0,3447.7299999999996,crítico
SHC0606,Balneario_Picarras-Geral-apartamento-TOP-3Q,Carteira 6,SC,"Balneário Piçarras, SC","Balneário Piçarras, SC, Itacolomi",0.0,360,9243.5,19,9051.23,2025-12,0.5161,0.3781,16.0,31,1119.44,564.79,14.0,0.0,2025-12-01,1.02,0.0,-192.27000000000044,berlinda
SLI0703,Maceio-Ponta_Verde-apartamento-SUP-1Q,Carteira 2,AL,"Maceió, AL","Maceió, AL, Ponta Verde",1.0,70,3482.15,204,4251.06,2025-12,0.6333,0.4918,19.0,31,239.53,697.64,11.0,0.0,2025-12-01,0.82,239.53,768.9100000000003,berlinda
SMA0314,Salvador-Pituba_Praia-apartamento-SUP-1Q,Carteira 5,BA,"Salvador, BA","Salvador, BA, Amaralina",18.0,10,0.0,13,1623.08,2025-12,0.0,0.3478,0.0,31,0.0,319.85,13.0,0.0,2025-12-01,0.0,0.0,1623.08,crítico
SMT1020,Salvador-Boca_do_Rio-apartamento-SUP-1Q,Carteira 6,BA,"Salvador, BA","Salvador, BA, Jardim Armação",5.0,20,622.35,31,2116.82,2025-12,0.1923,0.3383,5.0,31,159.6,252.14,21.0,0.0,2025-12-01,0.29,798.0,1494.4700000000003,crítico
SOT0203,Florianopolis-Jurere_Tradicional-apartamento-TOP-1Q,Carteira 1,SC,"Florianópolis, SC","Florianópolis, SC, Jurerê",0.0,307,2863.08,17,10221.67,2025-12,0.0645,0.5494,2.0,31,1758.0,779.11,28.0,0.0,2025-12-01,0.28,0.0,7358.59,crítico
SPT0205,Blumenau-Central-apartamento-JR-1Q,Carteira 4,SC,"Blumenau, SC","Blumenau, SC, Itoupava Seca",0.0,539,0.0,38,1526.08,2025-12,0.0,0.3331,0.0,31,0.0,145.83,30.0,27.0,2025-12-01,0.0,0.0,1526.08,crítico
TPS203,Florianopolis-Canasvieiras_Meio-apartamento-TOP-1Q,Carteira 1,SC,"Florianópolis, SC","Florianópolis, SC, Canasvieiras",0.0,902,0.0,25,5708.6,2025-12,0.0,0.4133,0.0,31,0.0,552.67,30.0,0.0,2025-12-01,0.0,0.0,5708.6,crítico
VST018,Especial-VST-casa-TOP-1Q,Carteira 5,SC,"Anitápolis, SC","Anitápolis, SC, Rio dos pinheiros",0.0,153,778.86,47,2992.0,2025-12,0.129,0.1608,4.0,31,230.25,284.23,26.0,0.0,2025-12-01,0.26,0.0,2213.14,crítico
VST037,Especial-VST-casa-TOP-1Q,Carteira 5,SC,"Anitápolis, SC","Anitápolis, SC, Rio dos Pinheiros",0.0,153,4344.75,47,2992.0,2025-12,0.4516,0.1608,14.0,31,379.93,250.94,17.0,0.0,2025-12-01,1.45,0.0,-1352.75,ok
AGC0304,Florianopolis-Cachoeira_Bom_Jesus-apartamento-SUP-3Q,Carteira 1,SC,"Florianópolis, SC","Florianópolis, SC, Cachoeira do Bom Jesus",3.0,55,6112.4,33,10367.38,2025-12,0.1429,0.3927,4.0,31,1897.5,655.13,24.0,0.0,2025-12-01,0.59,5692.5,4254.98,atenção
AVB0904,Balneario_Camboriu-Norte-apartamento-TOP-3Q,Carteira 6,SC,"Balneário Camboriú, SC","Balneário Camboriú, SC, Pioneiros",0.0,32,0.0,27,12809.43,2025-12,0.0,0.5053,0.0,31,0.0,1869.83,30.0,28.0,2025-12-01,0.0,0.0,12809.43,crítico
BAC1103,Balneario_Picarras-Geral-apartamento-TOP-2Q,Carteira 6,SC,"Balneário Piçarras, SC","Balneário Piçarras, SC, Centro",2.0,10,0.0,36,9156.13,2025-12,0.0,0.4149,0.0,31,0.0,616.43,28.0,3.0,2025-12-01,0.0,0.0,9156.13,crítico
CAC0301,Florianopolis-Ingleses_Praia-apartamento-SUP-2Q,Carteira 1,SC,"Florianópolis, SC","Florianópolis, SC, Ingleses do Rio Vermelho",4.0,384,1364.04,60,7501.78,2025-12,0.1481,0.3949,4.0,31,438.75,652.5,22.0,0.0,2025-12-01,0.18,1755.0,6137.74,crítico
CLF0417,Salvador-Flamengo-apartamento-SUP-1Q,Carteira 2,BA,"Salvador, BA","Salvador, BA, Stella Maris",0.0,39,3678.05,25,1707.08,2025-12,0.5806,0.2998,18.0,31,249.22,236.75,12.0,0.0,2025-12-01,2.15,0.0,-1970.9700000000003,meta_subestimada
CNB007,Especial-CNB-casa-TOP-1Q,Especial,SP,"Campos do Jordão, SP","Campos do Jordão, SP, Jardim Europa",0.0,626,3457.14,15,4612.23,2025-12,0.2581,0.291,8.0,31,562.63,915.86,22.0,8.0,2025-12-01,0.75,0.0,1155.0899999999997,atenção
CSD0101,Bombinhas-Bombas-apartamento-SUP-3Q,Carteira 6,SC,"Bombinhas, SC","Bombinhas, SC, Bombas",14.0,398,7202.1,22,9425.37,2025-12,0.7059,0.4566,12.0,31,732.75,1802.4,5.0,0.0,2025-12-01,0.76,10258.5,2223.2700000000004,atenção
CSE0102,Florianopolis-Canasvieiras_Meio-apartamento-SUP-3Q,Carteira 1,SC,"Florianópolis, SC","Florianópolis, SC, Canasvieiras",16.0,453,4104.72,33,10367.38,2025-12,0.5333,0.3927,8.0,31,807.0,719.0,6.0,14.0,2025-12-01,0.4,12912.0,6262.659999999999,crítico
EOX0705,Florianopolis-Centrao-apartamento-JR-1Q,Carteira 4,SC,"Florianópolis, SC","Florianópolis, SC, Centro",0.0,80,988.16,76,2297.2,2025-12,0.2581,0.3438,8.0,31,167.63,336.0,23.0,0.0,2025-12-01,0.43,0.0,1309.04,crítico
ERU032,Bombinhas-Bombas-apartamento-SUP-2Q,Carteira 6,SC,"Bombinhas, SC","Bombinhas, SC, Bombas",0.0,1265,4750.62,70,5557.26,2025-12,0.3871,0.3202,12.0,31,472.0,617.53,19.0,0.0,2025-12-01,0.85,0.0,806.6400000000003,berlinda
EVB0411,Itapema-Meia_Praia-Sul-apartamento-SUP-2Q,Carteira 6,SC,"Itapema, SC","Itapema, SC, Meia Praia",0.0,41,10039.88,19,6354.59,2025-12,0.8065,0.3925,25.0,31,537.15,1105.5,6.0,0.0,2025-12-01,1.58,0.0,-3685.289999999999,ok
EVO0801,Guarapari-Praia_do_Morro-apartamento-TOP-3Q,Carteira 4,ES,"Guarapari, ES","Guarapari, ES, Praia do Morro",10.0,565,438.88,38,7133.92,2025-12,0.0952,0.4292,2.0,31,277.0,361.16,19.0,0.0,2025-12-01,0.06,2770.0,6695.04,crítico
FFS0706,Itapema-Meia_Praia-Sul-apartamento-SUP-1Q,Carteira 6,SC,"Itapema, SC","Itapema, SC, Meia Praia",0.0,40,5790.06,13,5440.47,2025-12,0.5806,0.3096,18.0,31,452.89,547.23,13.0,0.0,2025-12-01,1.06,0.0,-349.59000000000015,berlinda
GIU0003,Porto_Seguro-Pataxos-apartamento-JR-2Q,Carteira 2,BA,"Porto Seguro, BA","Porto Seguro, BA, Paraíso dos Pataxós",0.0,395,2541.5,46,4892.37,2025-12,0.0645,0.319,2.0,31,1300.0,331.71,28.0,0.0,2025-12-01,0.52,0.0,2350.87,atenção
HRE0035,Ubatuba-Toninhas-apartamento-TOP-2Q,Carteira 4,SP,"Ubatuba, SP","Ubatuba, SP, Toninhas",0.0,426,11745.37,35,9830.31,2025-12,0.6452,0.5849,20.0,31,743.25,1039.27,11.0,0.0,2025-12-01,1.19,0.0,-1915.0600000000013,ok
IPF0201,Mata_de_Sao_Joao-Praia_do_Forte-casa-TOP-2Q,Carteira 2,BA,"Mata de São João, BA","Mata de São João, BA, Praia do Forte",0.0,67,0.0,28,8185.5,2025-12,0.0,0.2968,0.0,31,0.0,781.63,30.0,25.0,2025-12-01,0.0,0.0,8185.5,crítico
JBV207,Especial-JBV-hotel-TOP-1Q,Especial,SC,"Florianópolis, SC","Florianópolis, SC, Jurerê",1.0,452,24739.0,30,13774.65,2025-12,0.7333,0.6331,22.0,31,1419.14,933.75,8.0,0.0,2025-12-01,1.8,1419.14,-10964.35,ok
NWT0305,Especial-NWT-apartamento-TOP-1Q,Carteira 5,AL,"Maceió, AL","Maceió, AL, Pajuçara",0.0,262,8440.64,34,4511.21,2025-12,0.7097,0.3523,22.0,31,444.91,771.56,9.0,0.0,2025-12-01,1.87,0.0,-3929.4299999999994,ok
NWT0714,Especial-NWT-apartamento-TOP-1Q,Carteira 5,AL,"Maceió, AL","Maceió, AL, Pajuçara",0.0,216,5212.5,34,4511.21,2025-12,0.4516,0.3523,14.0,31,312.79,615.65,17.0,0.0,2025-12-01,1.16,0.0,-701.29,ok
NWT0812,Especial-NWT-apartamento-TOP-1Q,Carteira 5,AL,"Maceió, AL","Maceió, AL, Pajuçara",0.0,216,3180.76,34,4511.21,2025-12,0.4194,0.3523,13.0,31,295.08,611.94,17.0,0.0,2025-12-01,0.71,0.0,1330.4499999999998,atenção
OBD2108,Goiania-Central-apartamento-SUP-2Q,Carteira 1_sys-price,GO,"Goiânia, GO","Goiânia, GO, Setor Bueno",13.0,101,1122.5,45,1792.24,2025-12,0.3333,0.2432,6.0,31,226.0,231.5,12.0,0.0,2025-12-01,0.63,2938.0,669.74,atenção
PLG0012,Florianopolis-Canto_da_Lagoa-apartamento-SUP-1Q,Carteira 1,SC,"Florianópolis, SC","Florianópolis, SC, Lagoa da Conceição",0.0,244,5143.45,16,4620.08,2025-12,0.4516,0.3439,14.0,31,438.07,482.76,17.0,0.0,2025-12-01,1.11,0.0,-523.3699999999999,ok
RAZ0203,Ilheus-Sul-apartamento-JR-2Q,Carteira 2,BA,"Ilhéus, BA","Ilhéus, BA, Nossa Senhora da Vitória",2.0,10,679.0,17,4379.63,2025-12,0.2414,0.2882,7.0,31,136.57,288.95,22.0,0.0,2025-12-01,0.16,273.14,3700.63,crítico
RIH0902,Porto_Belo-Geral-apartamento-SUP-2Q,Carteira 6,SC,"Porto Belo, SC","Porto Belo, SC, Pereque",0.0,46,9561.55,34,5989.62,2025-12,0.5806,0.3609,18.0,31,670.72,277.15,13.0,0.0,2025-12-01,1.6,0.0,-3571.9299999999994,ok
RPB038,Florianopolis-Cachoeira_Bom_Jesus-apartamento-JR-2Q,Carteira 1,SC,"Florianópolis, SC","Florianópolis, SC, Cachoeira do Bom Jesus",4.0,853,11617.5,19,3576.69,2025-12,0.6667,0.3415,18.0,31,847.78,467.75,8.0,0.0,2025-12-01,3.25,3391.12,-8040.8099999999995,meta_subestimada
RTA042,Balneario_Camboriu-Intermediario-apartamento-SUP-2Q,Carteira 6,SC,"Balneário Camboriú, SC","Balneário Camboriú, SC, Centro",10.0,1019,3848.49,91,5990.35,2025-12,0.5714,0.3694,12.0,31,385.75,285.56,9.0,0.0,2025-12-01,0.64,3857.5,2141.8600000000006,atenção
STI210,Florianopolis-Ingleses_Centro-apartamento-SUP-1Q,Carteira 1,SC,"Florianópolis, SC","Florianópolis, SC, Ingleses do Rio Vermelho",0.0,1720,7653.52,35,4428.29,2025-12,0.6129,0.4071,19.0,31,492.11,425.0,11.0,0.0,2025-12-01,1.73,0.0,-3225.2300000000005,ok
TSO0602,Balneario_Camboriu-Longe-apartamento-MASTER-2Q,Carteira 6,SC,"Balneário Camboriú, SC","Balneário Camboriú, SC, Estados",4.0,241,9563.68,41,9451.62,2025-12,0.5185,0.416,14.0,31,842.0,677.54,13.0,0.0,2025-12-01,1.01,3368.0,-112.05999999999949,berlinda
UPP0516,Curitiba-Centro-apartamento-JR-1Q,Carteira 4_sys-price,PR,"Curitiba, PR","Curitiba, PR, Alto da XV",0.0,56,110.84,227,1822.41,2025-12,0.0323,0.3741,1.0,31,130.0,154.3,30.0,0.0,2025-12-01,0.06,0.0,1711.5700000000002,crítico
VDB0201,Gramado-Centro-apartamento-SUP-2Q,Carteira 4,RS,"Gramado, RS","Gramado, RS, Centro",8.0,291,8200.82,97,9644.91,2025-12,0.8696,0.6583,20.0,31,535.85,900.0,3.0,0.0,2025-12-01,0.85,4286.8,1444.0900000000001,berlinda
VIC0401,Florianopolis-Novo_Campeche-apartamento-MASTER-3Q,Carteira 1,SC,"Florianópolis, SC","Florianópolis, SC, Campeche",5.0,705,11253.96,7,15773.79,2025-12,0.3846,0.3813,10.0,31,1460.2,1222.2,15.0,0.0,2025-12-01,0.71,7301.0,4519.830000000002,atenção
VLPF0103,Mata_de_Sao_Joao-Praia_do_Forte_Longe-apartamento-SUP-2Q,Carteira 2,BA,"Mata de São João, BA","Mata de São João, BA, Centro",2.0,130,11876.02,12,6900.34,2025-12,0.8276,0.2927,24.0,31,593.54,617.0,5.0,0.0,2025-12-01,1.72,1187.08,-4975.68,ok
VNO1417,Sao_Paulo-Republica-apartamento-SUP-1Q,Carteira 4_sys-price,SP,"São Paulo, SP","São Paulo, SP, Consolação",1.0,154,936.64,403,1530.0,2025-12,0.2667,0.3151,8.0,31,149.25,149.09,22.0,0.0,2025-12-01,0.61,149.25,593.36,atenção
BCA0211,Salvador-Ondina_Rio_Vermelho-apartamento-TOP-1Q,Carteira 2,BA,"Salvador, BA","Salvador, BA, Ondina",0.0,200,4654.79,45,3276.93,2025-12,0.4839,0.354,15.0,31,360.27,312.19,16.0,0.0,2025-12-01,1.42,0.0,-1377.8600000000001,ok
BSO0102,Itajai-Praia_Brava-apartamento-SUP-1Q,Carteira 6,SC,"Balneário Camboriú, SC","Balneário Camboriú, SC, Praia dos Amores",0.0,228,5009.24,15,3309.05,2025-12,0.7419,0.4188,23.0,31,280.17,923.13,8.0,0.0,2025-12-01,1.51,0.0,-1700.1899999999996,ok
CDK0011,Santa_Cruz_Cabralia-Coroa_Vermelha-apartamento-SUP-1Q,Carteira 2,BA,"Porto Seguro, BA","Porto Seguro, BA, Chácara do Mutá",0.0,12,363.8,21,3440.44,2025-12,0.129,0.4219,4.0,31,615.75,349.69,26.0,0.0,2025-12-01,0.11,0.0,3076.64,crítico
CEO0104,Itapema-Meia_Praia-Norte-apartamento-JR-3Q,Carteira 6,SC,"Itapema, SC","Itapema, SC, Meia Praia",13.0,592,4318.58,23,5226.35,2025-12,0.6667,0.2829,12.0,31,394.42,467.17,6.0,0.0,2025-12-01,0.83,5127.46,907.7700000000004,berlinda
CRJ0208,Aguas_Claras-Geral-apartamento-JR-1Q,Carteira 1_sys-price,DF,"Brasília, DF","Brasília, DF, QS 9",0.0,31,0.0,65,1178.61,2025-12,0.0,0.2364,0.0,31,0.0,156.0,30.0,0.0,2025-12-01,0.0,0.0,1178.61,crítico
CSCD0013,Florianopolis-Ingleses_Norte-apartamento-SIM-1Q,Carteira 1,SC,"Florianópolis, SC","Florianópolis, SC, Ingleses do Rio Vermelho",0.0,1378,4880.95,41,2896.12,2025-12,0.4194,0.3176,13.0,31,525.54,330.83,18.0,0.0,2025-12-01,1.69,0.0,-1984.83,ok
DLH0201,Gramado-Centro-apartamento-TOP-2Q,Carteira 4,RS,"Gramado, RS","Gramado, RS, Centro",7.0,426,18186.73,57,13003.3,2025-12,1.0,0.6323,24.0,31,904.58,,0.0,0.0,2025-12-01,1.4,6332.06,-5183.43,ok
EEP1102,Guarapari-Centro-apartamento-SUP-1Q,Carteira 4,ES,"Guarapari, ES","Guarapari, ES, São Judas Tadeu",0.0,143,3332.18,31,2639.45,2025-12,0.3226,0.3347,10.0,31,417.8,246.05,21.0,0.0,2025-12-01,1.26,0.0,-692.73,ok
GUA1902,Balneario_Camboriu-Centro-apartamento-TOP-3Q,Carteira 6,SC,"Balneário Camboriú, SC","Balneário Camboriú, SC, Centro",3.0,84,13976.91,46,7609.19,2025-12,0.6071,0.3826,17.0,31,970.76,1200.0,11.0,5.0,2025-12-01,1.84,2912.2799999999997,-6367.72,ok
LEC0107,Brasilia-Asa_Sul-apartamento-SUP-1Q,Carteira 1_sys-price,DF,"Brasília, DF","Brasília, DF, Setor Sudoeste",2.0,172,902.36,131,1856.96,2025-12,0.2069,0.381,6.0,31,184.67,189.04,23.0,0.0,2025-12-01,0.49,369.34,954.6,crítico
LFH0306,Blumenau-Central-apartamento-JR-1Q,Carteira 4,SC,"Blumenau, SC","Blumenau, SC, Escola Agrícola",0.0,98,0.0,38,1526.08,2025-12,0.0,0.3331,0.0,31,101.0,136.48,27.0,0.0,2025-12-01,0.0,0.0,1526.08,crítico
NLUG0001,São_Miguel_dos_Milagres-Geral-casa-TOP-3Q,Carteira 2,AL,"Passo de Camaragibe, AL","Passo de Camaragibe, AL, Praia do Marceneiro",0.0,304,5089.98,21,13333.52,2025-12,0.3226,0.4346,10.0,31,3067.3,1434.1,20.0,19.0,2025-12-01,0.38,0.0,8243.54,crítico
NWT0913,Especial-NWT-apartamento-TOP-1Q,Carteira 5,AL,"Maceió, AL","Maceió, AL, Pajuçara",0.0,244,3379.17,34,4511.21,2025-12,0.4516,0.3523,14.0,31,289.5,756.0,17.0,0.0,2025-12-01,0.75,0.0,1132.04,atenção
NWT0917,Especial-NWT-apartamento-TOP-1Q,Carteira 5,AL,"Maceió, AL","Maceió, AL, Pajuçara",0.0,251,9589.67,34,4511.21,2025-12,0.7742,0.3523,24.0,31,462.0,264.43,7.0,0.0,2025-12-01,2.13,0.0,-5078.46,meta_subestimada
PNM0202,Florianopolis-Jurere_Internacional-apartamento-SUP-1Q,Carteira 1,SC,"Florianópolis, SC","Florianópolis, SC, Jurerê Internacional",12.0,312,12630.34,13,7260.7,2025-12,0.5263,0.4058,10.0,31,1398.1,393.75,8.0,0.0,2025-12-01,1.74,16777.199999999997,-5369.64,ok
RMI201,Florianopolis-Ingleses_Praia-apartamento-SUP-1Q,Carteira 1,SC,"Florianópolis, SC","Florianópolis, SC, Ingleses Norte",0.0,1208,9465.12,42,4753.73,2025-12,0.7097,0.4957,22.0,31,585.14,422.33,9.0,0.0,2025-12-01,1.99,0.0,-4711.390000000001,ok
SJE0103,Florianopolis-Canajure-apartamento-SUP-1Q,Carteira 1,SC,"Florianópolis, SC","Florianópolis, SC, Canasvieiras",0.0,405,5089.41,43,5985.49,2025-12,0.3226,0.4595,10.0,31,782.2,326.5,20.0,0.0,2025-12-01,0.85,0.0,896.0799999999999,berlinda
SPT0301,Blumenau-Central-apartamento-JR-1Q,Carteira 4,SC,"Blumenau, SC","Blumenau, SC, Itoupava Seca",0.0,564,0.0,38,1526.08,2025-12,0.0,0.3331,0.0,31,0.0,145.83,30.0,27.0,2025-12-01,0.0,0.0,1526.08,crítico
TAH0602,Itapema-Meia_Praia-Norte-apartamento-JR-3Q,Carteira 6,SC,"Itapema, SC","Itapema, SC, Meia Praia",4.0,193,3567.48,23,5226.35,2025-12,0.5185,0.2829,14.0,31,373.21,1018.31,13.0,0.0,2025-12-01,0.68,1492.84,1658.8700000000003,atenção
UPP0508,Curitiba-Centro-apartamento-JR-1Q,Carteira 6_sys-price,PR,"Curitiba, PR","Curitiba, PR, Alto da XV",0.0,17,0.0,227,1822.41,2025-12,0.0,0.3741,0.0,31,0.0,154.3,30.0,0.0,2025-12-01,0.0,0.0,1822.41,crítico
VGC0005,Mata_de_Sao_Joao-Praia_do_Forte_Longe-apartamento-JR-1Q,Carteira 2,BA,"Mata de São João, BA","Mata de São João, BA, Praia do Forte",0.0,348,2631.26,59,4162.31,2025-12,0.2581,0.3206,8.0,31,384.38,366.55,22.0,0.0,2025-12-01,0.63,0.0,1531.0500000000002,atenção
VTL0302,Ilheus-Sul-apartamento-SUP-2Q,Carteira 2,BA,"Ilhéus, BA","Ilhéus, BA, Nossa Senhora da Vitória",5.0,360,1873.06,40,3567.45,2025-12,0.5385,0.3513,14.0,31,195.29,343.08,12.0,0.0,2025-12-01,0.53,976.4499999999999,1694.3899999999999,atenção
CON1506,Porto_Alegre-PUC_RS-apartamento-SUP-1Q,Carteira 4,RS,"Porto Alegre, RS","Porto Alegre, RS, Partenon",0.0,924,1420.29,30,699.13,2025-12,0.3226,0.2488,10.0,31,164.3,172.9,20.0,0.0,2025-12-01,2.03,0.0,-721.16,meta_subestimada
CSD0302,Bombinhas-Bombas-apartamento-TOP-3Q,Carteira 6,SC,"Bombinhas, SC","Bombinhas, SC, Bombas",8.0,489,8278.12,18,14627.95,2025-12,0.5217,0.4216,12.0,31,879.58,1358.18,11.0,0.0,2025-12-01,0.57,7036.64,6349.83,atenção
LHD2007,Goiania-Central-apartamento-SUP-1Q,Carteira 1_sys-price,GO,"Goiânia, GO","Goiânia, GO, Setor Bueno",1.0,332,2356.04,106,915.87,2025-12,0.5667,0.1609,17.0,31,177.82,201.62,13.0,0.0,2025-12-01,2.57,177.82,-1440.17,meta_subestimada
NDE0001,Florianopolis-Campeche-apartamento-SUP-1Q,Carteira 1,SC,"Florianópolis, SC","Florianópolis, SC, Ribeirão da Ilha",0.0,235,0.0,21,2822.43,2025-12,0.0,0.2776,0.0,31,0.0,454.23,30.0,0.0,2025-12-01,0.0,0.0,2822.43,crítico
NWT1418,Especial-NWT-apartamento-TOP-1Q,Carteira 5,AL,"Maceió, AL","Maceió, AL, Pajuçara",0.0,382,12065.58,34,4511.21,2025-12,0.7742,0.3523,24.0,31,648.83,463.14,7.0,0.0,2025-12-01,2.67,0.0,-7554.37,meta_subestimada
ONE0405,Salvador-Piata-apartamento-SUP-1Q,Carteira 5,BA,"Salvador, BA","Salvador, BA, Piatã",0.0,102,1231.12,20,2063.29,2025-12,0.2581,0.3866,8.0,31,180.63,243.64,22.0,0.0,2025-12-01,0.6,0.0,832.1700000000001,atenção
PGO310,Pocos_de_Caldas-Geral-apartamento-SUP-1Q,Carteira 4,MG,"Poços de Caldas, MG","Poços de Caldas, MG, São Benedito",15.0,838,504.52,42,1996.38,2025-12,0.4375,0.3303,7.0,31,202.57,170.33,9.0,0.0,2025-12-01,0.25,3038.5499999999997,1491.8600000000001,crítico
PSO0302,Penha-Beto_Carrero-apartamento-SUP-1Q,Carteira 3,SC,"Penha, SC","Penha, SC, Praia de Armação do Itapocoroi",0.0,150,2418.73,15,2337.5,2025-12,0.1613,0.234,5.0,31,563.6,374.12,25.0,0.0,2025-12-01,1.03,0.0,-81.23000000000002,berlinda
SPJ0505,Especial-SPJ-apartamento-TOP-1Q,Carteira 5,SC,"Florianópolis, SC","Florianópolis, SC, Jurerê",0.0,413,13380.64,15,9882.1,2025-12,0.7742,0.5496,24.0,31,731.54,709.33,6.0,0.0,2025-12-01,1.35,0.0,-3498.539999999999,ok
SSG0125,Florianopolis-UFSC-apartamento-SUP-1Q,Carteira 4,SC,"Florianópolis, SC","Florianópolis, SC, Córrego Grande",0.0,1021,2113.96,50,3127.35,2025-12,0.3871,0.4234,12.0,31,225.08,380.68,19.0,0.0,2025-12-01,0.68,0.0,1013.3899999999999,atenção
STCY201,Florianopolis-Cachoeira_Bom_Jesus-apartamento-SUP-1Q,Carteira 1,SC,"Florianópolis, SC","Florianópolis, SC, Cachoeira do Bom Jesus",5.0,592,5339.2,12,2756.61,2025-12,0.4615,0.2735,12.0,31,564.5,350.46,13.0,0.0,2025-12-01,1.94,2822.5,-2582.5899999999997,ok
UNI0402,Cabedelo-Intermares-apartamento-SUP-1Q,Carteira 2,PB,"Cabedelo, PB","Cabedelo, PB, Intermares",0.0,179,4211.34,80,1982.14,2025-12,0.3871,0.2818,12.0,31,380.83,158.42,19.0,0.0,2025-12-01,2.12,0.0,-2229.2,meta_subestimada
UPP0409,Curitiba-Centro-apartamento-JR-1Q,Carteira 4_sys-price,PR,"Curitiba, PR","Curitiba, PR, Alto da XV",0.0,49,1925.96,227,1822.41,2025-12,0.3871,0.3741,12.0,31,176.83,163.11,18.0,0.0,2025-12-01,1.06,0.0,-103.54999999999995,berlinda
ALO0201,Barra_Velha-Centro-apartamento-TOP-2Q,Carteira 3,SC,"Barra Velha, SC","Barra Velha, SC, Tabuleiro",0.0,41,3367.32,56,5693.67,2025-12,0.4516,0.3256,14.0,31,397.86,520.88,17.0,0.0,2025-12-01,0.59,0.0,2326.35,atenção
BLB0507,Salvador-Barra-apartamento-SUP-1Q,Carteira 2,BA,"Salvador, BA","Salvador, BA, Barra",0.0,102,2365.76,227,2961.11,2025-12,0.4839,0.3641,15.0,31,199.33,349.25,16.0,0.0,2025-12-01,0.8,0.0,595.3499999999999,atenção
DAL221,Canela-Geral-apartamento-SUP-2Q,Carteira 4,RS,"Canela, RS","Canela, RS, São José",0.0,199,9418.21,25,3610.76,2025-12,0.7419,0.41,23.0,31,479.17,511.87,8.0,0.0,2025-12-01,2.61,0.0,-5807.449999999999,meta_subestimada
EATNR0205,Sao_Paulo-Bela_Vista-apartamento-SUP-1Q,Carteira 4_sys-price,SP,"São Paulo, SP","São Paulo, SP, Bela Vista",0.0,202,2269.97,718,2096.87,2025-12,0.5161,0.3298,16.0,31,203.0,201.57,14.0,0.0,2025-12-01,1.08,0.0,-173.0999999999999,berlinda
FFS0910,Itapema-Meia_Praia-Sul-apartamento-SUP-1Q,Carteira 6,SC,"Itapema, SC","Itapema, SC, Meia Praia",0.0,20,1167.95,13,5440.47,2025-12,0.2258,0.3096,7.0,31,226.71,505.58,24.0,0.0,2025-12-01,0.21,0.0,4272.52,crítico
MHF1105,Itapema-Canto_Praia-apartamento-TOP-1Q,Carteira 5,SC,"Itapema, SC","Itapema, SC, Centro",0.0,509,5004.88,14,6337.8,2025-12,0.4516,0.3918,14.0,31,458.14,634.56,16.0,0.0,2025-12-01,0.79,0.0,1332.92,atenção
MHF1202,Itapema-Canto_Praia-apartamento-TOP-2Q,Carteira 5,SC,"Itapema, SC","Itapema, SC, Centro",2.0,339,2978.7,14,4620.28,2025-12,0.2759,0.2821,8.0,31,338.0,993.57,21.0,22.0,2025-12-01,0.64,676.0,1641.58,atenção
NWT0615,Especial-NWT-apartamento-TOP-1Q,Carteira 5,AL,"Maceió, AL","Maceió, AL, Pajuçara",0.0,241,10444.8,34,4511.21,2025-12,0.8387,0.3523,26.0,31,508.81,296.4,5.0,0.0,2025-12-01,2.32,0.0,-5933.589999999999,meta_subestimada
ONP1701,Sao_Paulo-Bela_Vista-apartamento-SUP-1Q,Carteira 4_sys-price,SP,"São Paulo, SP","São Paulo, SP, Paraíso",2.0,88,1370.91,718,2096.87,2025-12,0.3103,0.3298,9.0,31,193.89,193.9,20.0,0.0,2025-12-01,0.65,387.78,725.9599999999998,atenção
PGO402,Pocos_de_Caldas-Geral-apartamento-SUP-1Q,Carteira 4,MG,"Poços de Caldas, MG","Poços de Caldas, MG, São Benedito",5.0,838,2015.63,42,1996.38,2025-12,0.3077,0.3303,8.0,31,307.38,259.67,18.0,0.0,2025-12-01,1.01,1536.9,-19.25,berlinda
RFL203,Florianopolis-Jurere_Longe-apartamento-JR-2Q,Carteira 1,SC,"Florianópolis, SC","Florianópolis, SC, Jurerê",0.0,1041,3380.41,11,5831.07,2025-12,0.2903,0.2749,9.0,31,452.78,769.43,21.0,0.0,2025-12-01,0.58,0.0,2450.66,atenção
RIE0315,Florianopolis-Ingleses_Norte-apartamento-JR-3Q,Carteira 1,SC,"Florianópolis, SC","Florianópolis, SC, Ingleses do Rio Vermelho",3.0,503,8473.52,12,6851.68,2025-12,0.3214,0.3113,9.0,31,1029.11,740.39,18.0,0.0,2025-12-01,1.24,3087.33,-1621.8400000000001,ok
RUP0203,Blumenau-Central-apartamento-SUP-1Q,Carteira 4,SC,"Blumenau, SC","Blumenau, SC, Escola Agrícola",0.0,432,2029.23,54,1878.43,2025-12,0.4194,0.269,13.0,31,193.62,208.67,18.0,0.0,2025-12-01,1.08,0.0,-150.79999999999995,berlinda
SEM501,Itapema-Praia_Itapema-apartamento-TOP-2Q,Carteira 6,SC,"Itapema, SC","Itapema, SC, Morretes",0.0,817,12718.35,19,6896.47,2025-12,0.7419,0.2825,23.0,31,743.78,607.86,7.0,0.0,2025-12-01,1.84,0.0,-5821.88,ok
SHC0703,Balneario_Picarras-Geral-apartamento-TOP-2Q,Carteira 6,SC,"Balneário Piçarras, SC","Balneário Piçarras, SC, Itajubá II",2.0,308,7440.12,36,9156.13,2025-12,0.6207,0.4149,18.0,31,559.83,946.09,11.0,0.0,2025-12-01,0.81,1119.66,1716.0099999999993,berlinda
SIP0709,Salvador-Piata-apartamento-SUP-1Q,Carteira 5,BA,"Salvador, BA","Salvador, BA, Itapuã",3.0,94,575.84,20,2063.29,2025-12,0.1429,0.3866,4.0,31,165.0,235.96,23.0,0.0,2025-12-01,0.28,495.0,1487.4499999999998,crítico
TAB0140,Garopaba-Centro-casa-JR-3Q,Carteira 6,SC,"Garopaba, SC","Garopaba, SC, Praia da Ferrugem",6.0,133,8849.83,23,7130.03,2025-12,0.6,0.2807,15.0,31,782.93,526.56,9.0,0.0,2025-12-01,1.24,4697.58,-1719.8000000000002,ok
VBM1313,Sao_Paulo-Mariana-apartamento-SUP-1Q,Carteira 4_sys-price,SP,"São Paulo, SP","São Paulo, SP, Vila Clementino",13.0,424,2256.31,223,1659.39,2025-12,0.8889,0.2904,16.0,31,188.63,150.5,2.0,0.0,2025-12-01,1.36,2452.19,-596.9199999999998,ok
VDG114,Florianopolis-Ingleses_Norte-apartamento-JR-1Q,Carteira 1,SC,"Florianópolis, SC","Florianópolis, SC, Ingleses do Rio Vermelho",0.0,1210,696.58,56,3996.59,2025-12,0.0645,0.367,2.0,31,443.0,541.79,28.0,0.0,2025-12-01,0.17,0.0,3300.01,crítico
VDR0202,Florianopolis-Cachoeira_Bom_Jesus-apartamento-TOP-3Q,Carteira 1,SC,"Florianópolis, SC","Florianópolis, SC, Cachoeira do Bom Jesus",14.0,446,15800.36,14,15208.2,2025-12,0.8235,0.3791,14.0,31,1341.0,950.67,3.0,0.0,2025-12-01,1.04,18774.0,-592.1599999999999,berlinda
VST002,Especial-VST-casa-TOP-1Q,Carteira 5,SC,"Anitápolis, SC","Anitápolis, SC, Rio dos Pinheiros",0.0,518,2963.22,47,2992.0,2025-12,0.4194,0.1608,13.0,31,313.46,241.56,18.0,11.0,2025-12-01,0.99,0.0,28.7800000000002,berlinda
WSH0208,Curitiba-Batel-apartamento-SUP-1Q,Carteira 4,PR,"Curitiba, PR","Curitiba, PR, Bigorrilho",0.0,192,718.8,164,1897.35,2025-12,0.1935,0.3155,6.0,31,160.0,311.56,25.0,0.0,2025-12-01,0.38,0.0,1178.55,crítico
AGS0642,Bombinhas-Centro-casa-SUP-4Q,Carteira 6,SC,"Bombinhas, SC","Bombinhas, SC, Centro",7.0,570,18075.43,23,11867.81,2025-12,0.75,0.3801,18.0,31,1227.89,1724.0,5.0,0.0,2025-12-01,1.52,8595.230000000001,-6207.620000000001,ok
ATC0301,Florianopolis-Cachoeira_Bom_Jesus-apartamento-TOP-1Q,Carteira 1,SC,"Florianópolis, SC","Florianópolis, SC, Cachoeira do Bom Jesus",2.0,397,1885.54,25,9668.59,2025-12,0.2414,0.4134,7.0,31,303.0,591.1,21.0,10.0,2025-12-01,0.2,606.0,7783.05,crítico
CSV0006,Porto_Seguro-Pataxos-apartamento-SUP-3Q,Carteira 2,BA,"Porto Seguro, BA","Porto Seguro, BA, Paraíso dos Pataxos",10.0,10,0.0,21,4961.14,2025-12,0.0,0.2923,0.0,31,0.0,278.25,20.0,0.0,2025-12-01,0.0,0.0,4961.14,crítico
ELF0412,Bombinhas-Bombas-apartamento-SUP-1Q,Especial,SC,"Bombinhas, SC","Bombinhas, SC, José Amândio",11.0,222,6549.2,33,4887.09,2025-12,1.0,0.3346,20.0,31,378.75,,0.0,7.0,2025-12-01,1.34,4166.25,-1662.1099999999997,ok
FFS0809,Itapema-Meia_Praia-Sul-apartamento-TOP-1Q,Carteira 6,SC,"Itapema, SC","Itapema, SC, Meia Praia",10.0,40,1430.34,27,6354.59,2025-12,0.2857,0.3713,6.0,31,289.0,368.93,15.0,0.0,2025-12-01,0.23,2890.0,4924.25,crítico
FFS1107,Itapema-Meia_Praia-Sul-apartamento-SUP-1Q,Carteira 6,SC,"Itapema, SC","Itapema, SC, Meia Praia",0.0,40,373.41,13,5440.47,2025-12,0.0968,0.3096,3.0,31,185.0,467.79,28.0,0.0,2025-12-01,0.07,0.0,5067.06,crítico
FUA0002,Ubatuba-Praia_do_Lazaro-apartamento-JR-1Q,Carteira 4,SP,"Ubatuba, SP","Ubatuba, SP, Lázaro Praia Domingos Dias",0.0,63,1935.36,24,5092.04,2025-12,0.2903,0.4705,9.0,31,240.33,512.67,21.0,0.0,2025-12-01,0.38,0.0,3156.6800000000003,crítico
JBV208,Especial-JBV-hotel-TOP-1Q,Especial,SC,"Florianópolis, SC","Florianópolis, SC, Jurerê Internacional",0.0,1099,25827.68,30,13774.65,2025-12,0.8065,0.6331,25.0,31,1546.72,895.6,5.0,0.0,2025-12-01,1.88,0.0,-12053.03,ok
JRR309,Florianopolis-Jurere_Tradicional-apartamento-TOP-3Q,Carteira 1,SC,"Florianópolis, SC","Florianópolis, SC, Jurerê",7.0,172,16206.12,18,17809.66,2025-12,0.5417,0.4425,13.0,31,1612.0,1106.2,10.0,0.0,2025-12-01,0.91,11284.0,1603.539999999999,berlinda
NWT0606,Especial-NWT-apartamento-TOP-1Q,Carteira 5,AL,"Maceió, AL","Maceió, AL, Pajuçara",0.0,245,8196.16,34,4511.21,2025-12,0.6452,0.3523,20.0,31,505.55,397.27,11.0,0.0,2025-12-01,1.82,0.0,-3684.95,ok
ODE1710,Sao_Paulo-Pompeia-apartamento-SUP-1Q,Carteira 4_sys-price,SP,"São Paulo, SP","São Paulo, SP, Perdizes",11.0,166,133.51,60,1367.42,2025-12,0.05,0.2372,1.0,31,142.0,178.58,19.0,0.0,2025-12-01,0.1,1562.0,1233.91,crítico
OPT0101,Florianopolis-Estreito-apartamento-JR-2Q,Carteira 4,SC,"Florianópolis, SC","Florianópolis, SC, Capoeiras",0.0,19,1045.56,12,4113.2,2025-12,0.1935,0.4289,6.0,31,227.67,355.5,24.0,0.0,2025-12-01,0.25,0.0,3067.64,crítico
PDM0002,Porto_Seguro-Pataxos-apartamento-JR-2Q,Carteira 2,BA,"Porto Seguro, BA","Porto Seguro, BA, Taperapuan",0.0,89,1311.4,46,4892.37,2025-12,0.3548,0.319,11.0,31,150.0,504.8,20.0,0.0,2025-12-01,0.27,0.0,3580.97,crítico
PLN0415,Brasilia-Lago_Norte-apartamento-SUP-1Q,Carteira 1_sys-price,DF,"Brasília, DF","Guará, DF, Centro",0.0,791,1325.68,147,1813.16,2025-12,0.2258,0.3689,7.0,31,211.14,193.92,24.0,0.0,2025-12-01,0.73,0.0,487.48,atenção
REI0206,Salvador-Piata-apartamento-SUP-2Q,Carteira 5,BA,"Salvador, BA","Salvador, BA, Piatã",2.0,69,861.03,47,3386.91,2025-12,0.1724,0.3905,5.0,31,209.0,306.21,24.0,0.0,2025-12-01,0.25,418.0,2525.88,crítico
RRA0103,Florianopolis-Praia_Brava-apartamento-TOP-3Q,Carteira 1,SC,"Florianópolis, SC","Florianópolis, SC, Praia Brava",4.0,453,11891.78,18,12403.32,2025-12,0.2222,0.3598,6.0,31,2327.17,926.57,21.0,0.0,2025-12-01,0.96,9308.68,511.53999999999905,berlinda
SOA0107,Salvador-Boca_do_Rio-apartamento-SUP-1Q,Carteira 2,BA,"Salvador, BA","Salvador, BA, Boca do Rio",0.0,348,1607.16,31,2116.82,2025-12,0.3226,0.3383,10.0,31,198.0,278.2,20.0,17.0,2025-12-01,0.76,0.0,509.6600000000001,atenção
SOA0912,Salvador-Boca_do_Rio-apartamento-SUP-2Q,Carteira 2,BA,"Salvador, BA","Salvador, BA, Boca do Rio",0.0,185,5301.23,16,2424.25,2025-12,0.6452,0.3299,20.0,31,352.6,242.27,11.0,0.0,2025-12-01,2.19,0.0,-2876.9799999999996,meta_subestimada
SPT0304,Blumenau-Central-apartamento-JR-1Q,Carteira 4,SC,"Blumenau, SC","Blumenau, SC, Itoupava Seca",14.0,563,0.0,38,1526.08,2025-12,0.0,0.3331,0.0,31,0.0,162.88,17.0,18.0,2025-12-01,0.0,0.0,1526.08,crítico
TXP0903,Goiania-Central-apartamento-SUP-1Q,Carteira 1_sys-price,GO,"Goiânia, GO","Goiânia, GO, Setor Bueno",16.0,808,1259.78,106,915.87,2025-12,0.6,0.1609,9.0,31,174.89,152.6,5.0,0.0,2025-12-01,1.38,2798.24,-343.90999999999997,ok
UPP0404,Curitiba-Centro-apartamento-JR-1Q,Carteira 6_sys-price,PR,"Curitiba, PR","Curitiba, PR, Alto da XV",0.0,17,919.93,227,1822.41,2025-12,0.2581,0.3741,8.0,31,150.25,159.96,23.0,0.0,2025-12-01,0.5,0.0,902.4800000000001,atenção
UPP0505,Curitiba-Centro-apartamento-JR-1Q,Carteira 4_sys-price,PR,"Curitiba, PR","Curitiba, PR, Alto da XV",0.0,54,110.84,227,1822.41,2025-12,0.0323,0.3741,1.0,31,130.0,154.3,30.0,0.0,2025-12-01,0.06,0.0,1711.5700000000002,crítico
VAS1009,Sao_Paulo-Pompeia-apartamento-SUP-1Q,Carteira 4_sys-price,SP,"São Paulo, SP","São Paulo, SP, Pompeia",0.0,173,0.0,60,1367.42,2025-12,0.0,0.2372,0.0,31,0.0,174.43,30.0,0.0,2025-12-01,0.0,0.0,1367.42,crítico
BLB0402,Salvador-Barra-apartamento-SUP-1Q,Carteira 2,BA,"Salvador, BA","Salvador, BA, Barra",0.0,12,1177.66,227,2961.11,2025-12,0.2581,0.3641,8.0,31,187.88,289.32,22.0,0.0,2025-12-01,0.4,0.0,1783.45,crítico
BRI0102,Florianopolis-Jurere_Longe-apartamento-SUP-2Q,Carteira 1,SC,"Florianópolis, SC","Florianópolis, SC, Jurerê",0.0,131,9149.36,27,9683.84,2025-12,0.3871,0.5368,12.0,31,919.67,609.67,18.0,0.0,2025-12-01,0.94,0.0,534.4799999999996,berlinda
CEC0801,Salvador-UFBA-apartamento-TOP-1Q,Carteira 2,BA,"Salvador, BA","Salvador, BA, Ondina",8.0,143,2269.2,16,3152.28,2025-12,0.4348,0.3729,10.0,31,281.8,224.85,13.0,0.0,2025-12-01,0.72,2254.4,883.0800000000004,atenção
CZZ0602,Urubici-Geral-apartamento-TOP-2Q,Especial,SC,"Urubici, SC","Urubici, SC, Centro",2.0,258,2906.58,26,4454.21,2025-12,0.2069,0.2192,6.0,31,616.67,590.86,22.0,0.0,2025-12-01,0.65,1233.34,1547.63,atenção
ELF0411,Bombinhas-Bombas-apartamento-SUP-1Q,Especial,SC,"Bombinhas, SC","Bombinhas, SC, José Amândio",2.0,201,10886.0,33,4887.09,2025-12,0.931,0.3346,27.0,31,531.48,666.0,2.0,0.0,2025-12-01,2.23,1062.96,-5998.91,meta_subestimada
FFS1309,Itapema-Meia_Praia-Sul-apartamento-SUP-1Q,Carteira 6,SC,"Itapema, SC","Itapema, SC, Meia Praia",0.0,20,7119.59,13,5440.47,2025-12,0.4194,0.3096,13.0,31,576.31,405.39,18.0,0.0,2025-12-01,1.31,0.0,-1679.12,ok
JMAR004,Florianopolis-Jurere_Longe-apartamento-JR-1Q,Carteira 1,SC,"Florianópolis, SC","Florianópolis, SC, Jurerê",0.0,320,3111.8,42,3939.68,2025-12,0.3871,0.3823,12.0,31,369.83,411.53,19.0,0.0,2025-12-01,0.79,0.0,827.8799999999997,atenção
MHF1203,Itapema-Canto_Praia-apartamento-TOP-1Q,Carteira 5,SC,"Itapema, SC","Itapema, SC, Centro",0.0,290,0.0,14,6337.8,2025-12,0.0,0.3918,0.0,31,0.0,782.5,30.0,27.0,2025-12-01,0.0,0.0,6337.8,crítico
MHFA0604,Itapema-Canto_Praia-apartamento-SUP-1Q,Carteira 5,SC,"Itapema, SC","Itapema, SC, Centro",0.0,487,4640.16,16,5616.63,2025-12,0.2903,0.3721,9.0,31,676.89,424.29,21.0,0.0,2025-12-01,0.83,0.0,976.4700000000003,berlinda
MSB1208,Salvador-Caminho_Das_Arvores-apartamento-JR-1Q,Carteira 2,BA,"Salvador, BA","Salvador, BA, Caminho das Árvores",0.0,20,2640.47,38,1616.81,2025-12,0.4516,0.3734,14.0,31,235.5,202.19,16.0,0.0,2025-12-01,1.63,0.0,-1023.6599999999999,ok
NOA0705,Sao_Paulo-Santo_Amaro-apartamento-SUP-1Q,Carteira 4_sys-price,SP,"São Paulo, SP","São Paulo, SP, Santo Amaro",1.0,496,1407.28,105,1138.7,2025-12,0.3667,0.1877,11.0,31,190.82,211.95,19.0,0.0,2025-12-01,1.24,190.82,-268.5799999999999,ok
NOR0102,Brasilia-Asa_Norte-apartamento-SUP-2Q,Carteira 1_sys-price,DF,"Brasília, DF","Brasília, DF, Asa Norte",0.0,797,3048.94,13,2958.68,2025-12,0.3548,0.3415,11.0,31,321.91,346.4,20.0,0.0,2025-12-01,1.03,0.0,-90.26000000000022,berlinda
NWT0813,Especial-NWT-apartamento-TOP-1Q,Carteira 5,AL,"Maceió, AL","Maceió, AL, Pajuçara",1.0,216,2812.97,34,4511.21,2025-12,0.3667,0.3523,11.0,31,305.73,576.84,19.0,0.0,2025-12-01,0.62,305.73,1698.2400000000002,atenção
NWTB0608,Especial-NWT-apartamento-MASTER-1Q,Carteira 5,AL,"Maceió, AL","Maceió, AL, Pajuçara",0.0,238,5367.55,31,9341.25,2025-12,0.5161,0.6444,16.0,31,409.88,874.47,15.0,0.0,2025-12-01,0.57,0.0,3973.7,atenção
OKA0135,Florianopolis-Campeche-apartamento-SUP-1Q,Carteira 1,SC,"Florianópolis, SC","Florianópolis, SC, Campeche",0.0,76,2504.48,21,2822.43,2025-12,0.2258,0.2776,7.0,31,454.86,550.58,24.0,0.0,2025-12-01,0.89,0.0,317.9499999999998,berlinda
PDP0301,Porto_Belo-Geral-apartamento-SUP-2Q,Carteira 6,SC,"Porto Belo, SC","Porto Belo, SC, Perequê",0.0,174,10812.02,34,5989.62,2025-12,0.7419,0.3609,23.0,31,564.35,383.5,8.0,0.0,2025-12-01,1.81,0.0,-4822.400000000001,ok
RCX1105,Itajai-Praia_Brava-apartamento-MASTER-1Q,Carteira 6,SC,"Itajaí, SC","Itajaí, SC, Praia Brava",0.0,130,2111.67,19,9277.99,2025-12,0.2903,0.3797,9.0,31,286.67,650.59,22.0,0.0,2025-12-01,0.23,0.0,7166.32,crítico
RLA0201,Gramado-Geral-apartamento-TOP-2Q,Carteira 4,RS,"Gramado, RS","Gramado, RS, Tres Pinheiros",4.0,297,12193.24,93,14212.14,2025-12,0.8519,0.6529,23.0,31,618.13,976.5,4.0,0.0,2025-12-01,0.86,2472.52,2018.8999999999996,berlinda
SPJ0501,Especial-SPJ-apartamento-TOP-1Q,Carteira 5,SC,"Florianópolis, SC","Florianópolis, SC, Jurerê",0.0,412,12258.34,15,9882.1,2025-12,0.7742,0.5496,24.0,31,669.54,1098.86,7.0,0.0,2025-12-01,1.24,0.0,-2376.24,ok
TCO0312,Porto_Alegre-Centro_Historico-apartamento-SUP-1Q,Carteira 4,RS,"Porto Alegre, RS","Porto Alegre, RS, Centro Histórico",0.0,396,2027.56,85,1152.33,2025-12,0.5806,0.2626,18.0,31,134.56,225.62,13.0,0.0,2025-12-01,1.76,0.0,-875.23,ok
TMHB102,Porto_de_Pedras-Tatuamunha-apartamento-TOP-2Q,Carteira 2,AL,"Porto de Pedras, AL","Porto de Pedras, AL, Porto de pedras",0.0,622,7627.92,35,7210.77,2025-12,0.2258,0.4099,7.0,31,1371.43,579.09,23.0,22.0,2025-12-01,1.06,0.0,-417.14999999999964,berlinda
TPS312,Florianopolis-Canasvieiras_Meio-apartamento-TOP-1Q,Carteira 1,SC,"Florianópolis, SC","Florianópolis, SC, Canasvieiras",0.0,1061,491.8,25,5708.6,2025-12,0.0645,0.4133,2.0,31,307.5,543.68,28.0,0.0,2025-12-01,0.09,0.0,5216.8,crítico
TXP0606,Goiania-Central-apartamento-SUP-1Q,Carteira 1_sys-price,GO,"Goiânia, GO","Goiânia, GO, Setor Bueno",0.0,802,3462.12,106,915.87,2025-12,0.8387,0.1609,26.0,31,193.08,200.0,5.0,0.0,2025-12-01,3.78,0.0,-2546.25,meta_subestimada
TXP1505,Goiania-Central-apartamento-SUP-1Q,Carteira 1_sys-price,GO,"Goiânia, GO","Goiânia, GO, Setor Bueno",0.0,797,1103.58,106,915.87,2025-12,0.1935,0.1609,6.0,31,248.67,173.6,25.0,0.0,2025-12-01,1.2,0.0,-187.70999999999992,ok
VST013,Especial-VST-casa-TOP-1Q,Carteira 5,SC,"Anitápolis, SC","Anitápolis, SC, Rio dos Pinheiros",0.0,517,3476.56,47,2992.0,2025-12,0.3871,0.1608,12.0,31,356.92,269.26,19.0,0.0,2025-12-01,1.16,0.0,-484.55999999999995,ok
ART003,Porto_Seguro-Pataxos-apartamento-JR-2Q,Carteira 2,BA,"Porto Seguro, BA","Porto Seguro, BA, Paraíso dos Pataxós",0.0,802,0.0,46,4892.37,2025-12,0.0,0.319,0.0,31,0.0,391.93,30.0,0.0,2025-12-01,0.0,0.0,4892.37,crítico
BSF0806,Salvador-Barra-apartamento-SUP-1Q,Carteira 2,BA,"Salvador, BA","Salvador, BA, Barra",0.0,3,0.0,227,2961.11,2025-12,0.0,0.3641,0.0,31,0.0,250.77,30.0,0.0,2025-12-01,0.0,0.0,2961.11,crítico
CEL1804,Goiania-Central-apartamento-SUP-1Q,Carteira 1_sys-price,GO,"Goiânia, GO","Goiânia, GO, Setor Bueno",0.0,115,498.9,106,915.87,2025-12,0.0968,0.1609,3.0,31,167.75,160.23,22.0,0.0,2025-12-01,0.54,0.0,416.97,atenção
CTD0302,Penha-Longe-apartamento-JR-2Q,Carteira 6,SC,"Penha, SC","Penha, SC, Centro",0.0,206,5905.69,24,3725.43,2025-12,0.4839,0.4466,15.0,31,437.53,228.6,15.0,0.0,2025-12-01,1.59,0.0,-2180.2599999999998,ok
CVA305,Bombinhas-Bombas-apartamento-TOP-3Q,Carteira 6,SC,"Bombinhas, SC","Bombinhas, SC, Bombas",6.0,1124,23581.33,18,14627.95,2025-12,1.0,0.4216,25.0,31,1356.24,,0.0,0.0,2025-12-01,1.61,8137.4400000000005,-8953.380000000001,ok
EAL0704,Balneario_Camboriu-Centro-apartamento-JR-2Q,Carteira 6,SC,"Balneário Camboriú, SC","Balneário Camboriú, SC, Centro",0.0,607,787.48,45,5810.63,2025-12,0.129,0.4112,4.0,31,288.0,673.44,27.0,0.0,2025-12-01,0.14,0.0,5023.15,crítico
FDL101,Bombinhas-Bombas-apartamento-JR-2Q,Carteira 6,SC,"Bombinhas, SC","Bombinhas, SC, Bombas",0.0,903,7987.31,45,5728.55,2025-12,0.6452,0.3876,20.0,31,471.1,462.55,11.0,3.0,2025-12-01,1.39,0.0,-2258.76,ok
GBA908,Sao_Paulo-Campo_Belo-apartamento-SUP-1Q,Carteira 4_sys-price,SP,"São Paulo, SP","São Paulo, SP, Campo Belo",0.0,202,1189.01,116,1659.13,2025-12,0.2903,0.3603,9.0,31,166.11,146.64,22.0,0.0,2025-12-01,0.72,0.0,470.1200000000001,atenção
ILC1313,Especial-ILC-hotel-JR-1Q,Especial,SC,"Florianópolis, SC","Florianópolis, SC, Jurerê Internacional",0.0,1658,20623.8,14,9269.72,2025-12,0.7419,0.5069,23.0,31,1249.52,1222.5,8.0,0.0,2025-12-01,2.22,0.0,-11354.08,meta_subestimada
ILC3404,Especial-ILC-hotel-JR-1Q,Especial,SC,"Florianópolis, SC","Florianópolis, SC, Jurerê Internacional",4.0,1718,18705.96,14,9269.72,2025-12,0.8889,0.5069,24.0,31,992.25,599.5,2.0,0.0,2025-12-01,2.02,3969.0,-9436.24,meta_subestimada
IRB205,Florianopolis-Novo_Campeche-apartamento-TOP-1Q,Carteira 1,SC,"Florianópolis, SC","Florianópolis, SC, Campeche",3.0,906,11322.39,52,7955.27,2025-12,0.6071,0.5248,17.0,31,854.29,470.27,11.0,0.0,2025-12-01,1.42,2562.87,-3367.119999999999,ok
JBV166,Especial-JBV-hotel-JR-1Q,Especial,SC,"Florianópolis, SC","Florianópolis, SC, Jurerê",0.0,132,25316.08,23,10939.33,2025-12,0.871,0.5584,27.0,31,1182.74,998.25,4.0,0.0,2025-12-01,2.31,0.0,-14376.750000000002,meta_subestimada
LOF1405,Sao_Paulo-Pinheiros-apartamento-SUP-1Q,Carteira 4_sys-price,SP,"São Paulo, SP","São Paulo, SP, Pinheiros",0.0,196,2215.54,375,2368.89,2025-12,0.3871,0.3215,12.0,31,241.17,221.53,19.0,0.0,2025-12-01,0.94,0.0,153.3499999999999,berlinda
MHF1908,Itapema-Canto_Praia-apartamento-TOP-2Q,Carteira 5,SC,"Itapema, SC","Itapema, SC, Centro",8.0,339,5023.67,14,4620.28,2025-12,0.5217,0.2821,12.0,31,478.33,447.73,11.0,0.0,2025-12-01,1.09,3826.64,-403.3900000000003,berlinda
MMD0802,Ilheus-Sul-apartamento-TOP-2Q,Carteira 2,BA,"Ilhéus, BA","Ilhéus, BA, São Francisco",0.0,14,4876.9,16,2952.6,2025-12,0.6129,0.2362,19.0,31,360.42,600.0,12.0,0.0,2025-12-01,1.65,0.0,-1924.2999999999997,ok
MSST1401,Goiania-Leste-apartamento-TOP-1Q,Carteira 1_sys-price,GO,"Goiânia, GO","Goiânia, GO, Jardim Goiás",0.0,797,1173.56,14,1246.73,2025-12,0.2258,0.1875,7.0,31,210.86,202.78,23.0,0.0,2025-12-01,0.94,0.0,73.17000000000007,berlinda
NEB0103,Blumenau-Central-apartamento-SUP-2Q,Carteira 4,SC,"Blumenau, SC","Blumenau, SC, Velha",0.0,431,4155.93,43,2526.56,2025-12,0.6129,0.3786,19.0,31,257.47,219.73,11.0,0.0,2025-12-01,1.64,0.0,-1629.3700000000003,ok
NWT0318,Especial-NWT-apartamento-TOP-1Q,Carteira 5,AL,"Maceió, AL","Maceió, AL, Pajuçara",0.0,255,9057.52,34,4511.21,2025-12,0.7097,0.3523,22.0,31,568.09,484.63,8.0,0.0,2025-12-01,2.01,0.0,-4546.31,meta_subestimada
NWT0704,Especial-NWT-apartamento-TOP-1Q,Carteira 5,AL,"Maceió, AL","Maceió, AL, Pajuçara",0.0,216,9671.48,34,4511.21,2025-12,0.6452,0.3523,20.0,31,554.2,419.64,11.0,0.0,2025-12-01,2.14,0.0,-5160.2699999999995,meta_subestimada
ONP2021,Sao_Paulo-Bela_Vista-apartamento-SUP-1Q,Carteira 4_sys-price,SP,"São Paulo, SP","São Paulo, SP, Paraíso",0.0,200,1739.67,718,2096.87,2025-12,0.3871,0.3298,12.0,31,170.33,197.05,19.0,0.0,2025-12-01,0.83,0.0,357.1999999999998,berlinda
PTR0003,Porto_Seguro-Pataxos-apartamento-JR-3Q,Carteira 2,BA,"Porto Seguro, BA","Porto Seguro, BA, Paraíso dos Pataxós",3.0,362,6937.41,14,4554.81,2025-12,0.2857,0.2521,8.0,31,1115.38,295.89,19.0,0.0,2025-12-01,1.52,3346.1400000000003,-2382.5999999999995,ok
RPN0101,Florianopolis-Canajure-apartamento-SUP-3Q,Carteira 1,SC,"Florianópolis, SC","Florianópolis, SC, Jurere",4.0,108,7839.57,17,9352.93,2025-12,0.3704,0.6044,10.0,31,925.2,729.71,17.0,0.0,2025-12-01,0.84,3700.8,1513.3600000000006,berlinda
RVR0506,Florianopolis-UFSC-apartamento-SUP-1Q,Carteira 4,SC,"Florianópolis, SC","Florianópolis, SC, Pantanal",0.0,753,2069.94,50,3127.35,2025-12,0.4839,0.4234,15.0,31,275.47,359.56,16.0,0.0,2025-12-01,0.66,0.0,1057.4099999999999,atenção
SDR008,Florianopolis-Lagoa-apartamento-SUP-1Q,Carteira 1,SC,"Florianópolis, SC","Florianópolis, SC, Lagoa da Conceição",0.0,1552,807.4,29,4977.73,2025-12,0.129,0.5714,4.0,31,236.75,462.46,26.0,0.0,2025-12-01,0.16,0.0,4170.33,crítico
SOA0610,Salvador-Boca_do_Rio-apartamento-TOP-1Q,Carteira 2,BA,"Salvador, BA","Salvador, BA, Boca do Rio",0.0,340,1006.9,16,2424.25,2025-12,0.1613,0.3299,5.0,31,236.2,293.19,26.0,0.0,2025-12-01,0.42,0.0,1417.35,crítico
SPT0501,Blumenau-Central-apartamento-JR-1Q,Carteira 4,SC,"Blumenau, SC","Blumenau, SC, Itoupava Seca",0.0,551,815.58,38,1526.08,2025-12,0.2903,0.3331,9.0,31,112.78,158.77,22.0,27.0,2025-12-01,0.53,0.0,710.4999999999999,atenção
SSG0304,Florianopolis-UFSC-apartamento-TOP-1Q,Carteira 4,SC,"Florianópolis, SC","Florianópolis, SC, Córrego Grande",31.0,767,0.0,16,4429.31,2025-12,,0.3939,0.0,31,0.0,,0.0,0.0,2025-12-01,0.0,0.0,4429.31,crítico
TPS105,Florianopolis-Canasvieiras_Meio-apartamento-TOP-1Q,Carteira 1,SC,"Florianópolis, SC","Florianópolis, SC, Canasvieiras",0.0,1061,193.18,25,5708.6,2025-12,0.0323,0.4133,1.0,31,262.0,523.33,30.0,0.0,2025-12-01,0.03,0.0,5515.42,crítico
VAC0704,Barra_Velha-Tabuleiro-apartamento-TOP-2Q,Carteira 3,SC,"Barra Velha, SC","Barra Velha, SC, Itajubá",0.0,59,4842.1,54,5693.67,2025-12,0.4194,0.3328,13.0,31,446.54,509.56,18.0,0.0,2025-12-01,0.85,0.0,851.5699999999997,berlinda
VST008,Especial-VST-casa-TOP-1Q,Carteira 5,SC,"Anitápolis, SC","Anitápolis, SC, Rio dos Pinheiros",0.0,518,3426.06,47,2992.0,2025-12,0.5161,0.1608,16.0,31,283.81,295.21,14.0,0.0,2025-12-01,1.15,0.0,-434.05999999999995,ok
VVA0490,Porto_Seguro-Pitinga-casa-MASTER-3Q,Carteira 2,BA,"Porto Seguro, BA","Porto Seguro, BA, Arraial DAjuda",13.0,474,18915.74,9,15052.93,2025-12,0.8333,0.4678,15.0,31,1807.07,1892.0,3.0,21.0,2025-12-01,1.26,23491.91,-3862.8100000000013,ok
BLB1004,Salvador-Barra-apartamento-SUP-1Q,Carteira 2,BA,"Salvador, BA","Salvador, BA, Barra",0.0,385,5097.24,227,2961.11,2025-12,0.5806,0.3641,18.0,31,396.06,260.62,13.0,0.0,2025-12-01,1.72,0.0,-2136.1299999999997,ok
BLSA1655,Goiania-Central-apartamento-TOP-1Q,Carteira 1_sys-price,GO,"Goiânia, GO","Goiânia, GO, Setor Marista",0.0,717,530.52,33,1517.3,2025-12,0.129,0.1649,4.0,31,189.0,226.48,27.0,0.0,2025-12-01,0.35,0.0,986.78,crítico
EEI0303,Barra_Velha-Itajuba-apartamento-SUP-2Q,Carteira 3,SC,"Barra Velha, SC","Barra Velha, SC, Itajubá",0.0,116,6363.67,20,5469.66,2025-12,0.3226,0.2876,10.0,31,919.45,204.37,19.0,0.0,2025-12-01,1.16,0.0,-894.0100000000002,ok
ETD0101,Florianopolis-Ingleses_Centro-apartamento-JR-2Q,Carteira 1,SC,"Florianópolis, SC","Florianópolis, SC, Ingleses do Rio Vermelho",0.0,199,1025.6,27,4428.29,2025-12,0.1613,0.3909,5.0,31,236.0,575.23,26.0,0.0,2025-12-01,0.23,0.0,3402.69,crítico
GET0706,Guara-Geral-apartamento-MASTER-2Q,Especial,DF,"Brasília, DF","Brasília, DF, Zona Industrial",0.0,118,5901.86,9,2871.09,2025-12,0.5161,0.2847,16.0,31,440.87,441.57,14.0,0.0,2025-12-01,2.06,0.0,-3030.7699999999995,meta_subestimada
ITA0304,Salvador-Pituba-apartamento-TOP-1Q,Carteira 5,BA,"Salvador, BA","Salvador, BA, Pituba",2.0,180,3694.89,74,2699.55,2025-12,0.6207,0.3444,18.0,31,229.28,454.91,11.0,0.0,2025-12-01,1.37,458.56,-995.3399999999997,ok
MAL0105,Florianopolis-Santo_Antonio_de_Lisboa-apartamento-SUP-1Q,Carteira 1,SC,"Florianópolis, SC","Florianópolis, SC, Santo Antonio de Lisboa",0.0,138,2803.27,13,4399.09,2025-12,0.3871,0.4646,12.0,31,260.83,647.39,18.0,0.0,2025-12-01,0.64,0.0,1595.8200000000002,atenção
MAO0203,Ilheus-Sul-apartamento-JR-2Q,Carteira 2,BA,"Ilhéus, BA","Ilhéus, BA, Nossa Senhora da Vitória",0.0,19,1723.41,17,4379.63,2025-12,0.0968,0.2882,3.0,31,750.0,220.96,27.0,0.0,2025-12-01,0.39,0.0,2656.2200000000003,crítico
MBR0108,Maceio-Jatiuca-apartamento-JR-2Q,Carteira 2,AL,"Maceió, AL","Maceió, AL, Ponta Verde",0.0,56,5686.47,32,3439.71,2025-12,0.6452,0.4558,20.0,31,361.55,325.45,11.0,0.0,2025-12-01,1.65,0.0,-2246.76,ok
MCB0706,Balneario_Picarras-Geral-apartamento-SUP-2Q,Carteira 6,SC,"Balneário Piçarras, SC","Balneário Piçarras, SC, Itacolomi",0.0,412,7073.43,77,6230.07,2025-12,0.4839,0.3874,15.0,31,585.8,283.07,15.0,0.0,2025-12-01,1.14,0.0,-843.3600000000006,ok
MDC202,Gramado-Geral-apartamento-JR-2Q,Carteira 4,RS,"Gramado, RS","Gramado, RS, Floresta",0.0,895,12523.56,49,6399.12,2025-12,0.8065,0.5134,25.0,31,662.08,365.17,6.0,0.0,2025-12-01,1.96,0.0,-6124.44,ok
NWT0309,Especial-NWT-apartamento-TOP-1Q,Carteira 5,AL,"Maceió, AL","Maceió, AL, Pajuçara",0.0,377,5743.56,34,4511.21,2025-12,0.5161,0.3523,16.0,31,434.63,540.13,15.0,0.0,2025-12-01,1.27,0.0,-1232.3500000000004,ok
NWT0614,Especial-NWT-apartamento-TOP-1Q,Carteira 5,AL,"Maceió, AL","Maceió, AL, Pajuçara",0.0,241,9882.89,34,4511.21,2025-12,0.6129,0.3523,19.0,31,604.11,370.33,12.0,0.0,2025-12-01,2.19,0.0,-5371.679999999999,meta_subestimada
NWT1009,Especial-NWT-apartamento-TOP-1Q,Carteira 5,AL,"Maceió, AL","Maceió, AL, Pajuçara",0.0,229,10808.94,34,4511.21,2025-12,0.7742,0.3523,24.0,31,533.75,359.0,7.0,0.0,2025-12-01,2.4,0.0,-6297.7300000000005,meta_subestimada
NWT1502,Especial-NWT-apartamento-TOP-1Q,Carteira 5,AL,"Maceió, AL","Maceió, AL, Pajuçara",0.0,215,12987.39,34,4511.21,2025-12,0.8065,0.3523,25.0,31,767.8,415.5,6.0,0.0,2025-12-01,2.88,0.0,-8476.18,meta_subestimada
PSOA0407,Penha-Beto_Carrero-apartamento-SUP-1Q,Carteira 3,SC,"Penha, SC","Penha, SC, Praia de Armação do Itapocoroi",0.0,144,2469.14,15,2337.5,2025-12,0.3548,0.234,11.0,31,243.73,490.21,19.0,0.0,2025-12-01,1.06,0.0,-131.63999999999987,berlinda
RIB0201,Imbituba-Ibiraquera-apartamento-JR-2Q,Carteira 6,SC,"Imbituba, SC","Imbituba, SC, Vila Esperanca",26.0,132,974.4,18,3644.23,2025-12,1.0,0.2948,5.0,31,200.0,,0.0,27.0,2025-12-01,0.27,5200.0,2669.83,crítico
SJS0002,Florianopolis-Ingleses_Centro-apartamento-JR-1Q,Carteira 1,SC,"Florianópolis, SC","Florianópolis, SC, Ingleses do Rio Vermelho",0.0,403,3617.76,18,2731.75,2025-12,0.1935,0.3363,6.0,31,751.67,269.67,24.0,0.0,2025-12-01,1.32,0.0,-886.0100000000002,ok
SPT0505,Blumenau-Central-apartamento-JR-1Q,Carteira 4,SC,"Blumenau, SC","Blumenau, SC, Itoupava Seca",0.0,552,0.0,38,1526.08,2025-12,0.0,0.3331,0.0,31,0.0,145.83,30.0,26.0,2025-12-01,0.0,0.0,1526.08,crítico
AGA0304,Camaçari-Monte_Gordo-apartamento-SUP-2Q,Carteira 2,BA,"Camaçari, BA","Camaçari, BA, Guarajuba",9.0,60,0.0,24,7537.82,2025-12,0.0,0.3924,0.0,31,0.0,341.05,21.0,0.0,2025-12-01,0.0,0.0,7537.82,crítico
BDR522,Florianopolis-Lagoa-apartamento-SUP-1Q,Carteira 1,SC,"Florianópolis, SC","Florianópolis, SC, Lagoa da Conceição",0.0,1313,1821.6,29,4977.73,2025-12,0.2581,0.5714,8.0,31,282.88,509.09,22.0,0.0,2025-12-01,0.37,0.0,3156.1299999999997,crítico
BPM0909,Salvador-Barra-apartamento-SUP-1Q,Carteira 2,BA,"Salvador, BA","Salvador, BA, Barra",7.0,42,2120.5,227,2961.11,2025-12,0.5417,0.3641,13.0,31,205.0,234.7,10.0,0.0,2025-12-01,0.72,1435.0,840.6100000000001,atenção
CSN0204,Florianopolis-Centrao-apartamento-JR-2Q,Carteira 4,SC,"Florianópolis, SC","Florianópolis, SC, Centro",0.0,40,433.8,16,3762.91,2025-12,0.0968,0.4468,3.0,31,200.0,375.22,27.0,0.0,2025-12-01,0.12,0.0,3329.1099999999997,crítico
DMS0304,Gramado-Centro-apartamento-TOP-2Q,Carteira 4,RS,"Gramado, RS","Gramado, RS, Bairro Belverede",2.0,290,20156.33,57,13003.3,2025-12,0.931,0.6323,27.0,31,876.07,421.0,2.0,0.0,2025-12-01,1.55,1752.14,-7153.0300000000025,ok
GVT2105,Itapema-Praia_Itapema-apartamento-TOP-2Q,Carteira 6,SC,"Itapema, SC","Itapema, SC, Morretes",20.0,20,520.83,19,6896.47,2025-12,0.2727,0.2825,3.0,31,240.0,809.88,8.0,0.0,2025-12-01,0.08,4800.0,6375.64,crítico
MHF1803,Itapema-Canto_Praia-apartamento-TOP-1Q,Carteira 5,SC,"Itapema, SC","Itapema, SC, Centro",0.0,530,8845.13,14,6337.8,2025-12,0.6774,0.3918,21.0,31,506.95,649.22,9.0,0.0,2025-12-01,1.4,0.0,-2507.329999999999,ok
NWT0918,Especial-NWT-apartamento-TOP-1Q,Carteira 5,AL,"Maceió, AL","Maceió, AL, Pajuçara",0.0,249,4234.37,34,4511.21,2025-12,0.5484,0.3523,17.0,31,306.76,862.79,14.0,0.0,2025-12-01,0.94,0.0,276.84000000000015,berlinda
PNJ0203,Florianopolis-Ingleses_Centro-apartamento-SUP-3Q,Carteira 1,SC,"Florianópolis, SC","Florianópolis, SC, Ingleses do Rio Vermelho",0.0,199,6863.98,29,9156.48,2025-12,0.3226,0.3355,10.0,31,852.3,718.85,20.0,0.0,2025-12-01,0.75,0.0,2292.5,atenção
RGN0205,Florianopolis-Ingleses_Centro-apartamento-SUP-2Q,Carteira 1,SC,"Florianópolis, SC","Florianópolis, SC, Ingleses Centro",0.0,67,9070.77,32,5109.56,2025-12,0.6452,0.4185,20.0,31,618.7,494.1,10.0,0.0,2025-12-01,1.78,0.0,-3961.21,ok
RGP302,Florianopolis-Jurere_Tradicional-apartamento-SUP-2Q,Carteira 1,SC,"Florianópolis, SC","Florianópolis, SC, Jurerê",0.0,601,9020.08,17,9189.8,2025-12,0.2581,0.4718,8.0,31,1518.75,536.5,22.0,0.0,2025-12-01,0.98,0.0,169.71999999999935,berlinda
RJF006,Urubici-Geral-casa-TOP-2Q,Carteira 3,SC,"Urubici, SC","Urubici, SC, Aguas Brancas",0.0,626,1623.51,25,4528.8,2025-12,0.0968,0.2203,3.0,31,546.67,703.33,27.0,11.0,2025-12-01,0.36,0.0,2905.29,crítico
SLC0202,Florianopolis-Rio_Vermelho-apartamento-JR-1Q,Carteira 1,SC,"Florianópolis, SC","Florianópolis, SC, Ingleses do Rio Vermelho",0.0,348,1768.38,20,2731.75,2025-12,0.0968,0.3075,3.0,31,700.0,251.96,27.0,0.0,2025-12-01,0.65,0.0,963.3699999999999,atenção
SPT0303,Blumenau-Central-apartamento-JR-1Q,Carteira 4,SC,"Blumenau, SC","Blumenau, SC, Itoupava Seca",0.0,452,0.0,38,1526.08,2025-12,0.0,0.3331,0.0,31,0.0,145.83,30.0,23.0,2025-12-01,0.0,0.0,1526.08,crítico
TPS302,Florianopolis-Canasvieiras_Meio-apartamento-TOP-1Q,Carteira 1,SC,"Florianópolis, SC","Florianópolis, SC, Canasvieiras",0.0,1060,0.0,25,5708.6,2025-12,0.0,0.4133,0.0,31,0.0,523.33,30.0,0.0,2025-12-01,0.0,0.0,5708.6,crítico
URA0015,Porto_Seguro-Urbano-casa-JR-2Q,Carteira 2,BA,"Porto Seguro, BA","Porto Seguro, BA, Paraíso dos Pataxós",0.0,732,2187.89,18,5500.57,2025-12,0.4194,0.3974,13.0,31,214.77,646.5,18.0,0.0,2025-12-01,0.4,0.0,3312.68,crítico
VST014,Especial-VST-casa-TOP-1Q,Carteira 5,SC,"Anitápolis, SC","Anitápolis, SC, Rio dos pinheiros",0.0,487,3814.88,47,2992.0,2025-12,0.4194,0.1608,13.0,31,358.0,254.28,18.0,0.0,2025-12-01,1.28,0.0,-822.8800000000001,ok
ZNB1604,Salvador-Barra-apartamento-SUP-1Q,Carteira 2,BA,"Salvador, BA","Salvador, BA, Barra",0.0,31,1910.01,227,2961.11,2025-12,0.3871,0.3641,12.0,31,208.0,304.89,19.0,0.0,2025-12-01,0.65,0.0,1051.1000000000001,atenção
BER0202,Maceio-Jatiuca-apartamento-SUP-1Q,Carteira 2,AL,"Maceió, AL","Maceió, AL, Ponta Verde",0.0,68,3447.57,110,3659.98,2025-12,0.2903,0.4649,9.0,31,424.0,268.05,21.0,0.0,2025-12-01,0.94,0.0,212.40999999999985,berlinda
CET1604,Balneario_Camboriu-Centro-apartamento-TOP-2Q,Carteira 6,SC,"Balneário Camboriú, SC","Balneário Camboriú, SC, Centro",0.0,453,17909.69,36,8296.0,2025-12,0.7742,0.4083,24.0,31,880.41,787.5,2.0,0.0,2025-12-01,2.16,0.0,-9613.689999999999,meta_subestimada
CPN0303,Florianopolis-Centrao-apartamento-TOP-2Q,Carteira 4,SC,"Florianópolis, SC","Florianópolis, SC, Centro",0.0,206,3937.91,23,7447.71,2025-12,0.3548,0.3704,11.0,31,416.73,638.15,20.0,0.0,2025-12-01,0.53,0.0,3509.8,atenção
EKD0397,Balneario_Picarras-Geral-casa-TOP-3Q,Carteira 6,SC,"Balneário Piçarras, SC","Balneário Piçarras, SC, Centro",4.0,131,14863.47,8,7580.85,2025-12,0.8889,0.328,24.0,31,860.83,168.0,2.0,0.0,2025-12-01,1.96,3443.32,-7282.619999999999,ok
ELS0603,Porto_Alegre-Centro_Historico-apartamento-JR-1Q,Carteira 4,RS,"Porto Alegre, RS","Porto Alegre, RS, Centro Histórico",0.0,13,638.53,86,1046.05,2025-12,0.2581,0.2806,8.0,31,100.0,141.95,22.0,0.0,2025-12-01,0.61,0.0,407.52,atenção
EME0218,Brasilia-Asa_Norte-apartamento-SUP-1Q,Carteira 1_sys-price,DF,"Brasília, DF","Brasília, DF, Setor Noroeste",0.0,460,2536.4,139,1842.36,2025-12,0.4839,0.3729,15.0,31,194.93,212.56,16.0,0.0,2025-12-01,1.38,0.0,-694.0400000000002,ok
IFT1405,Itapema-Meia_Praia-Norte-apartamento-TOP-1Q,Carteira 6,SC,"Itapema, SC","Itapema, SC, Meia Praia",0.0,370,4781.13,34,8039.05,2025-12,0.2903,0.47,9.0,31,608.67,524.62,21.0,30.0,2025-12-01,0.59,0.0,3257.92,atenção
ILC3505,Especial-ILC-hotel-TOP-1Q,Especial,SC,"Florianópolis, SC","Florianópolis, SC, Jurerê Internacional",0.0,1568,31222.82,26,13572.13,2025-12,0.9032,0.6377,28.0,31,1520.46,692.5,2.0,0.0,2025-12-01,2.3,0.0,-17650.690000000002,meta_subestimada
MMD0604,Ilheus-Sul-apartamento-SUP-2Q,Carteira 2,BA,"Ilhéus, BA","Ilhéus, BA, São Francisco",0.0,192,3263.07,40,3567.45,2025-12,0.4839,0.3513,15.0,31,306.0,432.13,16.0,0.0,2025-12-01,0.91,0.0,304.37999999999965,berlinda
OCN0901,Blumenau-Central-apartamento-SUP-1Q,Carteira 4,SC,"Blumenau, SC","Blumenau, SC, Velha",0.0,45,775.55,54,1878.43,2025-12,0.1613,0.269,5.0,31,169.8,214.72,25.0,0.0,2025-12-01,0.41,0.0,1102.88,crítico
OMC1303,Itapema-Praia_Centro-apartamento-SUP-2Q,Carteira 6,SC,"Itapema, SC","Itapema, SC, Tabuleiro dos Oliveiras",0.0,201,6984.14,16,7647.8,2025-12,0.5484,0.3714,17.0,31,500.82,361.36,14.0,0.0,2025-12-01,0.91,0.0,663.6599999999999,berlinda
PGO0205,Pocos_de_Caldas-Geral-apartamento-SUP-1Q,Carteira 4,MG,"Poços de Caldas, MG","Poços de Caldas, MG, São Benedito",12.0,357,542.32,42,1996.38,2025-12,0.2105,0.3303,4.0,31,138.0,122.57,14.0,0.0,2025-12-01,0.27,1656.0,1454.06,crítico
PSO1006,Penha-Beto_Carrero-apartamento-SUP-1Q,Carteira 3,SC,"Penha, SC","Penha, SC, Praia de Armação do Itapocoroi",0.0,126,8495.81,15,2337.5,2025-12,0.8065,0.234,25.0,31,403.52,276.67,6.0,0.0,2025-12-01,3.63,0.0,-6158.3099999999995,meta_subestimada
PSOB0512,Penha-Beto_Carrero-apartamento-SUP-1Q,Carteira 3,SC,"Penha, SC","Penha, SC, Praia de Armação do Itapocoroi",0.0,129,3590.45,15,2337.5,2025-12,0.5484,0.234,17.0,31,228.65,602.64,14.0,0.0,2025-12-01,1.54,0.0,-1252.9499999999998,ok
RAS175,Campos_do_Jordao-Capivari_Centro-casa-SUP-3Q,Carteira 4,SP,"Campos do Jordão, SP","Campos do Jordão, SP, J Andira",13.0,865,10740.7,13,6618.1,2025-12,0.6111,0.2252,11.0,31,1236.36,613.0,6.0,4.0,2025-12-01,1.62,16072.679999999998,-4122.6,ok
RBM207,Cabo_Frio-Centro-apartamento-JR-3Q,Carteira 4,RJ,"Cabo Frio, RJ","Cabo Frio, RJ, Vila Nova",3.0,889,8387.57,121,4697.07,2025-12,0.2857,0.3249,8.0,31,1225.0,800.0,19.0,25.0,2025-12-01,1.79,3675.0,-3690.5,ok
RLZ0301,Florianopolis-Itacorubi-apartamento-TOP-2Q,Carteira 4,SC,"Florianópolis, SC","Florianópolis, SC, Itacorubi",0.0,186,3165.86,13,3333.7,2025-12,0.3871,0.281,12.0,31,358.83,649.06,18.0,0.0,2025-12-01,0.95,0.0,167.8399999999997,berlinda
SKL1201,Penha-Praia-apartamento-SUP-3Q,Carteira 4,SC,"Penha, SC","Penha, SC, Armação",4.0,25,5722.1,23,8551.42,2025-12,0.2222,0.3974,6.0,31,1214.33,498.0,21.0,0.0,2025-12-01,0.67,4857.32,2829.3199999999997,atenção
SMT0529,Salvador-Boca_do_Rio-apartamento-TOP-1Q,Carteira 2,BA,"Salvador, BA","Salvador, BA, Armação",0.0,242,467.32,16,2424.25,2025-12,0.0645,0.3299,2.0,31,275.0,274.21,28.0,0.0,2025-12-01,0.19,0.0,1956.93,crítico
UOY1605,Sao_Paulo-Mariana-apartamento-TOP-1Q,Carteira 4_sys-price,SP,"São Paulo, SP","São Paulo, SP, Vila Mariana",0.0,59,1756.44,92,2252.83,2025-12,0.3548,0.3441,11.0,31,195.36,203.79,19.0,0.0,2025-12-01,0.78,0.0,496.3899999999999,atenção
VAC0201,Barra_Velha-Tabuleiro-apartamento-SUP-2Q,Carteira 3,SC,"Barra Velha, SC","Barra Velha, SC, Itajuba",25.0,466,697.8,13,6520.77,2025-12,0.5,0.2727,3.0,31,270.0,204.0,3.0,0.0,2025-12-01,0.11,6750.0,5822.97,crítico
VST028,Especial-VST-casa-TOP-1Q,Carteira 5,SC,"Anitápolis, SC","Anitápolis, SC, Rio dos Pinheiros",0.0,206,2228.6,47,2992.0,2025-12,0.3226,0.1608,10.0,31,290.2,297.3,20.0,0.0,2025-12-01,0.74,0.0,763.4000000000001,atenção
CAY0123,Bombinhas-Bombas-apartamento-JR-3Q,Carteira 6,SC,"Bombinhas, SC","Bombinhas, SC, Bombas",6.0,522,10571.73,23,6228.8,2025-12,0.88,0.3355,22.0,31,652.05,243.0,3.0,0.0,2025-12-01,1.7,3912.2999999999997,-4342.929999999999,ok
COI0408,Sao_Paulo-Moema-apartamento-SUP-1Q,Carteira 4_sys-price,SP,"São Paulo, SP","São Paulo, SP, Indianópolis",0.0,75,510.08,481,1716.15,2025-12,0.129,0.2792,4.0,31,168.0,161.12,26.0,0.0,2025-12-01,0.3,0.0,1206.0700000000002,crítico
CPI0208,Pocos_de_Caldas-Geral-apartamento-JR-1Q,Carteira 4,MG,"Poços de Caldas, MG","Poços de Caldas, MG, Centro",0.0,377,1739.36,30,1380.56,2025-12,0.4516,0.3201,14.0,31,198.14,304.47,17.0,0.0,2025-12-01,1.26,0.0,-358.79999999999995,ok
CSCG0110,Florianopolis-Ingleses_Norte-apartamento-JR-1Q,Carteira 1,SC,"Florianópolis, SC","Florianópolis, SC, Ingleses do Rio Vermelho",0.0,545,7733.09,56,3996.59,2025-12,0.6129,0.367,19.0,31,492.37,368.92,12.0,0.0,2025-12-01,1.93,0.0,-3736.5,ok
CTD0301,Penha-Longe-apartamento-JR-2Q,Carteira 6,SC,"Penha, SC","Penha, SC, Centro",0.0,221,7030.45,24,3725.43,2025-12,0.7097,0.4466,22.0,31,435.41,168.13,8.0,0.0,2025-12-01,1.89,0.0,-3305.02,ok
ECP055,Balneario_Camboriu-Centro-apartamento-JR-1Q,Carteira 6,SC,"Balneário Camboriú, SC","Balneário Camboriú, SC, Centro",0.0,950,6116.59,28,3303.1,2025-12,0.7742,0.3003,24.0,31,310.88,1124.29,7.0,0.0,2025-12-01,1.85,0.0,-2813.4900000000002,ok
EDF0207,Salvador-Ondina_Rio_Vermelho-apartamento-TOP-1Q,Carteira 2,BA,"Salvador, BA","Salvador, BA, Rio Vermelho",1.0,55,0.0,45,3276.93,2025-12,0.0,0.354,0.0,31,0.0,284.31,29.0,0.0,2025-12-01,0.0,0.0,3276.93,crítico
EDF1707,Salvador-Ondina_Rio_Vermelho-apartamento-SUP-1Q,Carteira 2,BA,"Salvador, BA","Salvador, BA, Rio Vermelho",7.0,124,1126.98,93,2433.12,2025-12,0.2917,0.3565,7.0,31,200.14,238.06,17.0,0.0,2025-12-01,0.46,1400.98,1306.1399999999999,crítico
ELF0310,Bombinhas-Bombas-apartamento-SUP-1Q,Especial,SC,"Bombinhas, SC","Bombinhas, SC, José Amândio",1.0,81,6178.31,33,4887.09,2025-12,0.7,0.3346,21.0,31,341.43,1212.44,9.0,2.0,2025-12-01,1.26,341.43,-1291.2200000000003,ok
GSH2101,Camaçari-Monte_Gordo-apartamento-JR-3Q,Carteira 2,BA,"Camaçari, BA","Camaçari, BA, Centro",10.0,109,7687.47,12,8109.61,2025-12,0.9048,0.3535,19.0,31,497.68,558.0,2.0,0.0,2025-12-01,0.95,4976.8,422.1399999999994,berlinda
ILC4415,Especial-ILC-hotel-TOP-1Q,Especial,SC,"Florianópolis, SC","Florianópolis, SC, Jurerê Internacional",0.0,1830,29914.88,26,13572.13,2025-12,0.8065,0.6377,25.0,31,1523.68,1316.6,5.0,0.0,2025-12-01,2.2,0.0,-16342.750000000002,meta_subestimada
JBV232,Especial-JBV-hotel-TOP-1Q,Especial,SC,"Florianópolis, SC","Florianópolis, SC, Jurerê",0.0,1123,17812.12,30,13774.65,2025-12,0.6774,0.6331,21.0,31,1191.38,2182.78,9.0,0.0,2025-12-01,1.29,0.0,-4037.4699999999993,ok
JBV464,Especial-JBV-hotel-JR-1Q,Especial,SC,"Florianópolis, SC","Florianópolis, SC, Jurerê",0.0,823,19177.45,23,10939.33,2025-12,0.8065,0.5584,25.0,31,1029.88,1158.0,6.0,0.0,2025-12-01,1.75,0.0,-8238.12,ok
NON0609,Sao_Paulo-Moema-apartamento-SUP-1Q,Carteira 4_sys-price,SP,"São Paulo, SP","São Paulo, SP, Moema",2.0,202,420.93,481,1716.15,2025-12,0.1034,0.2792,3.0,31,197.67,162.54,26.0,0.0,2025-12-01,0.25,395.34,1295.22,crítico
NWT0817,Especial-NWT-apartamento-TOP-1Q,Carteira 5,AL,"Maceió, AL","Maceió, AL, Pajuçara",0.0,216,10646.78,34,4511.21,2025-12,0.6774,0.3523,21.0,31,633.24,297.1,10.0,0.0,2025-12-01,2.36,0.0,-6135.570000000001,meta_subestimada
OKA139,Florianopolis-Campeche-apartamento-SUP-1Q,Carteira 1,SC,"Florianópolis, SC","Florianópolis, SC, Campeche",0.0,809,6399.73,21,2822.43,2025-12,0.4839,0.2776,15.0,31,523.93,592.47,15.0,0.0,2025-12-01,2.27,0.0,-3577.2999999999997,meta_subestimada
PIA0101,Itajai-Praia_Brava-apartamento-TOP-2Q,Carteira 6,SC,"Balneário Camboriú, SC","Balneário Camboriú, SC, Praia dos Amores",0.0,10,985.53,17,9782.14,2025-12,0.0968,0.3997,3.0,31,363.0,1547.15,27.0,10.0,2025-12-01,0.1,0.0,8796.609999999999,crítico
PSO0505,Penha-Beto_Carrero-apartamento-SUP-1Q,Carteira 3,SC,"Penha, SC","Penha, SC, Praia de Armação do Itapocoroi",0.0,124,1709.51,15,2337.5,2025-12,0.3226,0.234,10.0,31,214.2,483.0,20.0,0.0,2025-12-01,0.73,0.0,627.99,atenção
RFM0027,Santa_Cruz_Cabralia-Coroa_Vermelha-apartamento-SUP-2Q,Carteira 2,BA,"Santa Cruz Cabrália, BA","Santa Cruz Cabrália, BA, Coroa Vermelha",0.0,396,0.0,60,5857.86,2025-12,0.0,0.4238,0.0,31,0.0,383.87,30.0,0.0,2025-12-01,0.0,0.0,5857.86,crítico
RVM0203,Florianopolis-Novo_Campeche-apartamento-TOP-1Q,Carteira 1,SC,"Florianópolis, SC","Florianópolis, SC, Campeche",0.0,187,1303.02,52,7955.27,2025-12,0.129,0.5248,4.0,31,395.29,732.29,24.0,0.0,2025-12-01,0.16,0.0,6652.25,crítico
SHT1701,Aguas_Claras-Geral-apartamento-JR-1Q,Carteira 1_sys-price,DF,"Brasília, DF","Brasília, DF, Águas Claras",0.0,374,1143.92,65,1178.61,2025-12,0.3226,0.2364,10.0,31,149.2,160.9,20.0,0.0,2025-12-01,0.97,0.0,34.68999999999983,berlinda
SPJ0105,Especial-SPJ-apartamento-TOP-1Q,Carteira 5,SC,"Florianópolis, SC","Florianópolis, SC, Jurerê",0.0,546,13209.29,15,9882.1,2025-12,0.7097,0.5496,22.0,31,754.04,543.2,5.0,0.0,2025-12-01,1.34,0.0,-3327.1900000000005,ok
SPJ0303,Especial-SPJ-apartamento-TOP-1Q,Carteira 5,SC,"Florianópolis, SC","Florianópolis, SC, Jurerê",31.0,428,0.0,15,9882.1,2025-12,,0.5496,0.0,31,0.0,712.9,30.0,0.0,2025-12-01,0.0,0.0,9882.1,crítico
TRS0001,Penha-Beto_Carrero-casa-SUP-1Q,Carteira 3,SC,"Penha, SC","Penha, SC, Armação",0.0,194,6653.79,22,3448.22,2025-12,0.8387,0.3038,26.0,31,326.88,163.25,4.0,0.0,2025-12-01,1.93,0.0,-3205.57,ok
VST044,Especial-VST-casa-TOP-1Q,Carteira 5,SC,"Anitápolis, SC","Anitápolis, SC, Rio dos Pinheiros",0.0,27,4800.75,47,2992.0,2025-12,0.5806,0.1608,18.0,31,352.94,246.23,13.0,0.0,2025-12-01,1.6,0.0,-1808.75,ok
YHD0103,Florianopolis-UFSC-apartamento-TOP-1Q,Carteira 4,SC,"Florianópolis, SC","Florianópolis, SC, Carvoeira",1.0,66,521.7,16,4429.31,2025-12,0.1333,0.3939,4.0,31,225.75,393.04,26.0,0.0,2025-12-01,0.12,225.75,3907.6100000000006,crítico
ALT0402,Gramado-Geral-apartamento-TOP-3Q,Carteira 4,RS,"Gramado, RS","Gramado, RS, Tres Pinheiros",6.0,172,14580.58,16,19107.15,2025-12,0.8,0.5943,20.0,31,889.9,923.6,5.0,0.0,2025-12-01,0.76,5339.4,4526.5700000000015,atenção
BLI1801,Goiania-Sul-apartamento-TOP-2Q,Carteira 1_sys-price,GO,"Goiânia, GO","Goiânia, GO, Setor Bela Vista",0.0,391,1178.28,44,2923.4,2025-12,0.129,0.2987,4.0,31,334.5,338.38,26.0,0.0,2025-12-01,0.4,0.0,1745.1200000000001,crítico
CAN304,Bombinhas-Bombas-apartamento-SUP-2Q,Carteira 6,SC,"Bombinhas, SC","Bombinhas, SC, bombas",0.0,1124,4439.14,70,5557.26,2025-12,0.4516,0.3202,14.0,31,390.93,628.53,17.0,0.0,2025-12-01,0.8,0.0,1118.12,atenção
DME025,Florianopolis-Jurere_Internacional-casa-SUP-4Q,Carteira 1,SC,"Florianópolis, SC","Florianópolis, SC, Jurerê Internacional",9.0,237,29168.74,15,16447.92,2025-12,0.7727,0.3422,17.0,31,2143.53,703.2,5.0,0.0,2025-12-01,1.77,19291.77,-12720.820000000003,ok
DPA210,Aguas_Claras-Geral-apartamento-SUP-1Q,Carteira 1_sys-price,DF,"Brasília, DF","Brasília, DF, Guará",0.0,627,2087.61,91,1443.98,2025-12,0.4194,0.304,13.0,31,194.85,184.83,18.0,0.0,2025-12-01,1.45,0.0,-643.6300000000001,ok
ECH0205,Florianopolis-Centrao-apartamento-SUP-1Q,Carteira 4,SC,"Florianópolis, SC","Florianópolis, SC, Centro",5.0,62,1725.46,124,3186.58,2025-12,0.5,0.3292,13.0,31,252.5,431.46,13.0,0.0,2025-12-01,0.54,1262.5,1461.12,atenção
EEP0901,Guarapari-Centro-apartamento-SUP-2Q,Carteira 4,ES,"Guarapari, ES","Guarapari, ES, São Judas Tadeu",6.0,145,139.83,26,2372.46,2025-12,0.04,0.2848,1.0,31,158.0,304.04,24.0,0.0,2025-12-01,0.06,948.0,2232.63,crítico
EEP1101,Guarapari-Centro-apartamento-SUP-2Q,Carteira 4,ES,"Guarapari, ES","Guarapari, ES, São Judas Tadeu",3.0,145,712.35,26,2372.46,2025-12,0.1071,0.2848,3.0,31,248.33,342.5,24.0,0.0,2025-12-01,0.3,744.99,1660.1100000000001,crítico
EVP0504,Itapema-Praia_Centro-apartamento-SUP-2Q,Carteira 6,SC,"Itapema, SC","Itapema, SC, Tabuleiro dos Oliveiras",0.0,4,1570.68,16,7647.8,2025-12,0.2903,0.3714,9.0,31,208.33,607.23,22.0,0.0,2025-12-01,0.21,0.0,6077.12,crítico
EVR1703,Porto_Belo-Geral-apartamento-TOP-2Q,Carteira 6,SC,"Porto Belo, SC","Porto Belo, SC, Balneário Perequê",3.0,80,1443.57,14,5599.84,2025-12,0.2143,0.3573,6.0,31,281.67,477.48,21.0,0.0,2025-12-01,0.26,845.01,4156.27,crítico
FLO001,Porto_Seguro-Pataxos-casa-SUP-2Q,Carteira 2,BA,"Porto Seguro, BA","Porto Seguro, BA, Paraíso Pataxós",3.0,446,0.0,21,5380.45,2025-12,0.0,0.4003,0.0,31,0.0,310.59,27.0,0.0,2025-12-01,0.0,0.0,5380.45,crítico
HAI0702,Salvador-Centro-apartamento-JR-1Q,Carteira 2,BA,"Salvador, BA","Salvador, BA, Centro",0.0,396,986.96,31,1683.72,2025-12,0.2258,0.3545,7.0,31,188.14,175.35,23.0,0.0,2025-12-01,0.59,0.0,696.76,atenção
ILC1406,Especial-ILC-hotel-JR-1Q,Especial,SC,"Florianópolis, SC","Florianópolis, SC, Jurerê Internacional",0.0,1195,20786.38,14,9269.72,2025-12,0.6129,0.5069,19.0,31,1208.1,996.18,11.0,0.0,2025-12-01,2.24,0.0,-11516.660000000002,meta_subestimada
JBV124,Especial-JBV-hotel-JR-1Q,Especial,SC,"Florianópolis, SC","Florianópolis, SC, Jurerê",0.0,1958,8045.91,23,10939.33,2025-12,0.4194,0.5584,13.0,31,841.38,1485.22,18.0,0.0,2025-12-01,0.74,0.0,2893.42,atenção
ONE0804,Salvador-Piata-apartamento-SUP-1Q,Carteira 5,BA,"Salvador, BA","Salvador, BA, Piatã",0.0,33,1325.24,20,2063.29,2025-12,0.3548,0.3866,11.0,31,150.18,255.4,20.0,0.0,2025-12-01,0.64,0.0,738.05,atenção
PRY0003,Porto_Seguro-Pataxos-apartamento-SUP-2Q,Carteira 2,BA,"Porto Seguro, BA","Porto Seguro, BA, Taperapuã",0.0,73,8496.54,50,6175.67,2025-12,0.6452,0.4331,20.0,31,559.45,449.64,11.0,2.0,2025-12-01,1.38,0.0,-2320.870000000001,ok
PSOB0607,Penha-Beto_Carrero-apartamento-SUP-1Q,Carteira 3,SC,"Penha, SC","Penha, SC, Praia de Armação do Itapocoroi",9.0,123,4917.63,15,2337.5,2025-12,0.8182,0.234,18.0,31,330.17,224.0,3.0,0.0,2025-12-01,2.1,2971.53,-2580.13,meta_subestimada
RGN0203,Florianopolis-Ingleses_Centro-apartamento-SUP-2Q,Carteira 1,SC,"Florianópolis, SC","Florianópolis, SC, Ingleses do Rio Vermelho",0.0,377,9568.71,32,5109.56,2025-12,0.5806,0.4185,18.0,31,628.44,442.0,13.0,28.0,2025-12-01,1.87,0.0,-4459.149999999999,ok
SMT0805,Salvador-Boca_do_Rio-apartamento-TOP-1Q,Carteira 2,BA,"Salvador, BA","Salvador, BA, Jardim Armação",0.0,269,1375.99,16,2424.25,2025-12,0.1935,0.3299,6.0,31,264.17,308.2,25.0,0.0,2025-12-01,0.57,0.0,1048.26,atenção
SMT0931,Salvador-Boca_do_Rio-apartamento-TOP-1Q,Carteira 2,BA,"Salvador, BA","Salvador, BA, Jardim Armação",1.0,269,695.25,16,2424.25,2025-12,0.1,0.3299,3.0,31,275.0,291.69,26.0,0.0,2025-12-01,0.29,275.0,1729.0,crítico
TCO0611,Porto_Alegre-Centro_Historico-apartamento-SUP-1Q,Carteira 4,RS,"Porto Alegre, RS","Porto Alegre, RS, Centro Histórico",0.0,521,1290.74,85,1152.33,2025-12,0.3871,0.2626,12.0,31,135.33,163.26,19.0,0.0,2025-12-01,1.12,0.0,-138.41000000000008,ok
TXP0207,Goiania-Central-apartamento-SUP-1Q,Carteira 1_sys-price,GO,"Goiânia, GO","Goiânia, GO, Setor Bueno",0.0,802,1789.66,106,915.87,2025-12,0.3871,0.1609,12.0,31,179.0,183.61,18.0,0.0,2025-12-01,1.95,0.0,-873.7900000000001,ok
UML0101,Bombinhas-Mariscal-apartamento-TOP-2Q,Carteira 6,SC,"Bombinhas, SC","Bombinhas, SC, Mariscal",0.0,346,14036.75,9,9776.44,2025-12,0.7742,0.3678,24.0,31,758.79,763.71,7.0,12.0,2025-12-01,1.44,0.0,-4260.3099999999995,ok
UPP0214,Curitiba-Centro-apartamento-JR-1Q,Carteira 4_sys-price,PR,"Curitiba, PR","Curitiba, PR, Alto da XV",0.0,38,0.0,227,1822.41,2025-12,0.0,0.3741,0.0,31,0.0,154.3,30.0,0.0,2025-12-01,0.0,0.0,1822.41,crítico
VLPC0103,Mata_de_Sao_Joao-Praia_do_Forte-apartamento-SUP-2Q,Carteira 2,BA,"Mata de São João, BA","Mata de São João, BA, Centro",1.0,291,6114.46,28,7833.93,2025-12,0.3667,0.3575,11.0,31,657.27,709.47,19.0,0.0,2025-12-01,0.78,657.27,1719.4700000000003,atenção
AST0103,Porto_Seguro-Pataxos-apartamento-JR-2Q,Carteira 2,BA,"Porto Seguro, BA","Porto Seguro, BA, Taperapuan",0.0,346,2952.98,46,4892.37,2025-12,0.6129,0.319,19.0,31,222.84,768.33,12.0,0.0,2025-12-01,0.6,0.0,1939.3899999999999,atenção
CVKB0006,São_Miguel_dos_Milagres-Geral-apartamento-SUP-1Q,Carteira 2,AL,"São Miguel dos Milagres, AL","São Miguel dos Milagres, AL, Centro",0.0,438,14054.14,14,5257.25,2025-12,0.9032,0.4385,28.0,31,604.54,334.0,3.0,0.0,2025-12-01,2.67,0.0,-8796.89,meta_subestimada
DNAB1503,Goiania-Central-apartamento-SUP-1Q,Carteira 1_sys-price,GO,"Goiânia, GO","Goiânia, GO, Setor Bueno",0.0,802,1027.05,106,915.87,2025-12,0.2258,0.1609,7.0,31,188.0,187.04,23.0,30.0,2025-12-01,1.12,0.0,-111.17999999999995,ok
EDF1303,Salvador-Ondina_Rio_Vermelho-apartamento-TOP-1Q,Carteira 2,BA,"Salvador, BA","Salvador, BA, Rio Vermelho",0.0,38,3723.72,45,3276.93,2025-12,0.4839,0.354,15.0,31,276.47,364.12,16.0,0.0,2025-12-01,1.14,0.0,-446.78999999999996,ok
EUB1006,Salvador-Barra-apartamento-SUP-1Q,Carteira 2,BA,"Salvador, BA","Salvador, BA, Barra",0.0,292,1549.86,227,2961.11,2025-12,0.2903,0.3641,9.0,31,221.0,304.09,22.0,0.0,2025-12-01,0.52,0.0,1411.2500000000002,atenção
IFT1108,Itapema-Meia_Praia-Norte-apartamento-TOP-1Q,Carteira 6,SC,"Itapema, SC","Itapema, SC, Meia Praia",0.0,278,7665.48,34,8039.05,2025-12,0.7419,0.47,23.0,31,370.09,1050.25,8.0,3.0,2025-12-01,0.95,0.0,373.5700000000006,berlinda
IOR0302,Balneario_Camboriu-Intermediario-apartamento-TOP-4Q,Carteira 6,SC,"Balneário Camboriú, SC","Balneário Camboriú, SC, Pioneiros",1.0,12,3039.75,61,14380.65,2025-12,0.2333,0.4119,7.0,31,427.71,1315.48,23.0,0.0,2025-12-01,0.21,427.71,11340.9,crítico
MHF0607,Itapema-Canto_Praia-apartamento-TOP-1Q,Carteira 5,SC,"Itapema, SC","Itapema, SC, Centro",0.0,524,7859.73,14,6337.8,2025-12,0.7742,0.3918,24.0,31,422.63,1045.43,7.0,27.0,2025-12-01,1.24,0.0,-1521.9299999999994,ok
MHF0802,Itapema-Canto_Praia-apartamento-TOP-2Q,Carteira 5,SC,"Itapema, SC","Itapema, SC, Centro",0.0,57,12468.18,14,4620.28,2025-12,0.7419,0.2821,23.0,31,674.13,553.5,8.0,0.0,2025-12-01,2.7,0.0,-7847.900000000001,meta_subestimada
NAT0202,Cabo_Frio-Pero_Longe-casa-JR-4Q,Carteira 4,RJ,"Cabo Frio, RJ","Cabo Frio, RJ, Praia do Peró",11.0,94,0.0,36,6972.12,2025-12,0.0,0.3343,0.0,31,0.0,360.95,19.0,0.0,2025-12-01,0.0,0.0,6972.12,crítico
NWT0601,Especial-NWT-apartamento-TOP-1Q,Carteira 5,AL,"Maceió, AL","Maceió, AL, Pajuçara",0.0,245,4122.4,34,4511.21,2025-12,0.5161,0.3523,16.0,31,289.81,822.8,15.0,0.0,2025-12-01,0.91,0.0,388.8100000000004,berlinda
NWT0904,Especial-NWT-apartamento-TOP-1Q,Carteira 5,AL,"Maceió, AL","Maceió, AL, Pajuçara",0.0,251,5658.17,34,4511.21,2025-12,0.5484,0.3523,17.0,31,391.82,568.43,14.0,0.0,2025-12-01,1.25,0.0,-1146.96,ok
NWT1013,Especial-NWT-apartamento-TOP-1Q,Carteira 5,AL,"Maceió, AL","Maceió, AL, Pajuçara",2.0,215,6790.23,34,4511.21,2025-12,0.6207,0.3523,18.0,31,474.5,479.09,11.0,0.0,2025-12-01,1.51,949.0,-2279.0199999999995,ok
PLO0007,Jaguaruna-Camacho-apartamento-SUP-1Q,Carteira 6,SC,"Jaguaruna, SC","Jaguaruna, SC, Centro",0.0,62,0.0,13,3503.7,2025-12,0.0,0.3178,0.0,31,0.0,296.77,30.0,0.0,2025-12-01,0.0,0.0,3503.7,crítico
PSO0905,Penha-Beto_Carrero-apartamento-SUP-1Q,Carteira 3,SC,"Penha, SC","Penha, SC, Praia de Armação do Itapocoroi",0.0,123,8483.12,15,2337.5,2025-12,0.871,0.234,27.0,31,483.74,212.25,4.0,0.0,2025-12-01,3.63,0.0,-6145.620000000001,meta_subestimada
REH0203,Florianopolis-Barra_da_Lagoa-apartamento-SUP-2Q,Carteira 1,SC,"Florianópolis, SC","Florianópolis, SC, Barra da Lagoa",6.0,96,1380.2,40,6225.68,2025-12,0.2,0.4574,5.0,31,314.4,768.95,20.0,0.0,2025-12-01,0.22,1886.3999999999999,4845.4800000000005,crítico
RGO0301,Itapema-Meia_Praia-Sul-apartamento-SUP-2Q,Carteira 6,SC,"Itapema, SC","Itapema, SC, Castelo Branco",0.0,28,2058.86,19,6354.59,2025-12,0.2903,0.3925,9.0,31,295.67,756.73,22.0,0.0,2025-12-01,0.32,0.0,4295.73,crítico
RIG0102,Florianopolis-Ingleses_Praia-apartamento-TOP-3Q,Carteira 1,SC,"Florianópolis, SC","Florianópolis, SC, Ingleses do Rio Vermelho",7.0,735,19074.66,18,18154.52,2025-12,0.625,0.3809,15.0,31,1714.67,760.0,9.0,0.0,2025-12-01,1.05,12002.69,-920.1399999999994,berlinda
SPJ0205,Especial-SPJ-apartamento-TOP-1Q,Carteira 5,SC,"Florianópolis, SC","Florianópolis, SC, Jurerê",0.0,547,16139.75,15,9882.1,2025-12,0.8387,0.5496,26.0,31,720.88,528.4,5.0,0.0,2025-12-01,1.63,0.0,-6257.65,ok
STG2085,Imbituba-Praia_do_Rosa-casa-SUP-5Q,Carteira 6,SC,"Garopaba, SC","Garopaba, SC, Grama",3.0,1230,11684.29,11,17683.95,2025-12,0.3214,0.2959,9.0,31,2237.11,966.67,18.0,0.0,2025-12-01,0.66,6711.33,5999.66,atenção
TSO0311,Balneario_Camboriu-Longe-apartamento-MASTER-2Q,Carteira 6,SC,"Balneário Camboriú, SC","Balneário Camboriú, SC, Estados",6.0,138,7273.18,41,9451.62,2025-12,0.56,0.416,14.0,31,673.86,731.55,11.0,0.0,2025-12-01,0.77,4043.16,2178.4400000000005,atenção
VST015,Especial-VST-casa-TOP-1Q,Carteira 5,SC,"Anitápolis, SC","Anitápolis, SC, Rio dos pinheiros",0.0,153,440.64,47,2992.0,2025-12,0.0645,0.1608,2.0,31,288.0,277.39,28.0,0.0,2025-12-01,0.15,0.0,2551.36,crítico
AAP1507,Salvador-Caminho_Das_Arvores-apartamento-SUP-1Q,Carteira 2,BA,"Salvador, BA","Salvador, BA, Caminho das Árvores",0.0,255,2980.16,39,1988.29,2025-12,0.4516,0.308,14.0,31,252.64,258.71,17.0,0.0,2025-12-01,1.5,0.0,-991.8699999999999,ok
AIR1607,Porto_Alegre-Menino_Deus-apartamento-TOP-1Q,Carteira 4,RS,"Porto Alegre, RS","Porto Alegre, RS, Praia de Belas",0.0,669,3233.52,24,1583.72,2025-12,0.3871,0.2326,12.0,31,333.0,347.21,19.0,25.0,2025-12-01,2.04,0.0,-1649.8,meta_subestimada
ATO3091,Petropolis-Centro-casa-JR-1Q,Carteira 4,RJ,"Petrópolis, RJ","Petrópolis, RJ, Centro",0.0,880,3456.07,13,1109.51,2025-12,0.4839,0.1674,15.0,31,271.6,175.44,16.0,0.0,2025-12-01,3.11,0.0,-2346.5600000000004,meta_subestimada
CAC0109,Florianopolis-Ingleses_Praia-apartamento-SUP-1Q,Carteira 1,SC,"Florianópolis, SC","Florianópolis, SC, Ingleses do Rio Vermelho",0.0,54,992.76,42,4753.73,2025-12,0.129,0.4957,4.0,31,301.5,550.96,26.0,0.0,2025-12-01,0.21,0.0,3760.9699999999993,crítico
CHR025,Florianopolis-Jurere_Longe-apartamento-JR-2Q,Carteira 1,SC,"Florianópolis, SC","Florianópolis, SC, Jurerê",11.0,234,7555.53,11,5831.07,2025-12,0.6,0.2749,12.0,31,782.67,528.86,7.0,2.0,2025-12-01,1.3,8609.369999999999,-1724.46,ok
CPK0803,Ilheus-Sul-apartamento-SUP-3Q,Carteira 2,BA,"Porto Seguro, BA","Ilhéus, BA, Nossa Senhora da Vitória",0.0,256,6058.35,21,3798.11,2025-12,0.5484,0.257,17.0,31,410.44,495.15,13.0,0.0,2025-12-01,1.6,0.0,-2260.2400000000002,ok
CPL025,Canela-Catedral-apartamento-TOP-1Q,Carteira 4,RS,"Canela, RS","Canela, RS, Centro",0.0,236,7997.94,36,5188.19,2025-12,0.4839,0.4428,15.0,31,609.73,381.73,15.0,0.0,2025-12-01,1.54,0.0,-2809.75,ok
EDT0010,Porto_Seguro-Pataxos-apartamento-SUP-2Q,Carteira 2,BA,"Porto Seguro, BA","Porto Seguro, BA, Taperapuan",0.0,753,4018.39,50,6175.67,2025-12,0.4839,0.4331,15.0,31,300.07,928.93,15.0,0.0,2025-12-01,0.65,0.0,2157.28,atenção
EIS305,Itapema-Meia_Praia-Norte-apartamento-SUP-3Q,Carteira 6,SC,"Itapema, SC","Itapema, SC, Meia Praia",0.0,1442,4935.27,44,8175.3,2025-12,0.2258,0.3915,7.0,31,738.29,760.91,23.0,30.0,2025-12-01,0.6,0.0,3240.0299999999997,atenção
GMB0414,Brasilia-Setor_Hoteleiro-apartamento-TOP-1Q,Carteira 1_sys-price,DF,"Brasília, DF","Brasília, DF, Asa Norte",0.0,721,4370.84,18,3222.75,2025-12,0.5806,0.3921,18.0,31,345.72,271.46,13.0,5.0,2025-12-01,1.36,0.0,-1148.0900000000001,ok
ICT0104B,Florianopolis-Ingleses_Centro-apartamento-JR-2Q,Carteira 1,SC,"Florianópolis, SC","Florianópolis, SC, Ingleses Norte",4.0,167,2737.6,27,4428.29,2025-12,0.2222,0.3909,6.0,31,587.67,509.3,20.0,0.0,2025-12-01,0.62,2350.68,1690.69,atenção
ILC1212,Especial-ILC-hotel-JR-1Q,Especial,SC,"Florianópolis, SC","Florianópolis, SC, Jurerê Internacional",0.0,711,23049.73,14,9269.72,2025-12,0.8065,0.5069,25.0,31,1201.32,1797.0,5.0,11.0,2025-12-01,2.49,0.0,-13780.01,meta_subestimada
JBV115,Especial-JBV-hotel-JR-1Q,Especial,SC,"Florianópolis, SC","Florianópolis, SC, Jurerê",0.0,1757,20237.8,23,10939.33,2025-12,0.7419,0.5584,23.0,31,1119.33,679.83,6.0,0.0,2025-12-01,1.85,0.0,-9298.47,ok
JBV242,Especial-JBV-hotel-TOP-1Q,Especial,SC,"Florianópolis, SC","Florianópolis, SC, Jurerê",0.0,1537,22615.19,30,13774.65,2025-12,0.6452,0.6331,20.0,31,1651.6,2036.2,10.0,0.0,2025-12-01,1.64,0.0,-8840.539999999999,ok
JPR217,Especial-JPR-apartamento-TOP-1Q,Carteira 1,SC,"Florianópolis, SC","Florianópolis, SC, Jurerê",0.0,956,0.0,15,9882.1,2025-12,0.0,0.5496,0.0,31,0.0,842.67,30.0,0.0,2025-12-01,0.0,0.0,9882.1,crítico
LIV1310,Salvador-Graca-apartamento-TOP-1Q,Especial,BA,"Salvador, BA","Salvador, BA, Vitória",0.0,74,0.0,15,3185.45,2025-12,0.0,0.3946,0.0,31,320.0,369.4,30.0,27.0,2025-12-01,0.0,0.0,3185.45,crítico
MHF0801,Itapema-Canto_Praia-apartamento-TOP-1Q,Carteira 5,SC,"Itapema, SC","Itapema, SC, Centro",0.0,474,6638.67,14,6337.8,2025-12,0.6774,0.3918,21.0,31,384.24,789.4,10.0,0.0,2025-12-01,1.05,0.0,-300.8699999999999,berlinda
NWT0921,Especial-NWT-apartamento-TOP-1Q,Carteira 5,AL,"Maceió, AL","Maceió, AL, Pajuçara",0.0,251,3534.25,34,4511.21,2025-12,0.4839,0.3523,15.0,31,303.33,787.0,16.0,0.0,2025-12-01,0.78,0.0,976.96,atenção
PSOB0807,Penha-Beto_Carrero-apartamento-SUP-1Q,Carteira 3,SC,"Penha, SC","Penha, SC, Praia de Armação do Itapocoroi",0.0,132,2111.59,15,2337.5,2025-12,0.4839,0.234,15.0,31,219.91,505.05,19.0,0.0,2025-12-01,0.9,0.0,225.90999999999985,berlinda
RGF0410,Salvador-Flamengo-apartamento-TOP-1Q,Carteira 2,BA,"Salvador, BA","Salvador, BA, Itapuã",0.0,111,4489.18,28,3400.54,2025-12,0.6129,0.3967,19.0,31,309.26,327.42,12.0,0.0,2025-12-01,1.32,0.0,-1088.6400000000003,ok
RJF002,Urubici-Geral-casa-TOP-2Q,Carteira 3,SC,"Urubici, SC","Urubici, SC, Aguas Brancas",0.0,626,0.0,25,4528.8,2025-12,0.0,0.2203,0.0,31,0.0,685.67,30.0,11.0,2025-12-01,0.0,0.0,4528.8,crítico
ROB203,Florianopolis-Ingleses_Norte-apartamento-SUP-2Q,Carteira 1,SC,"Florianópolis, SC","Florianópolis, SC, Ingleses do Rio Vermelho",0.0,168,0.0,81,7270.99,2025-12,0.0,0.4033,0.0,31,0.0,826.07,30.0,18.0,2025-12-01,0.0,0.0,7270.99,crítico
SFR0302,Bombinhas-Centro-apartamento-SUP-1Q,Carteira 6,SC,"Bombinhas, SC","Bombinhas, SC, Centro",0.0,110,6484.68,37,5567.5,2025-12,0.6129,0.4579,19.0,31,432.84,672.0,12.0,0.0,2025-12-01,1.16,0.0,-917.1800000000003,ok
STCY202,Florianopolis-Cachoeira_Bom_Jesus-apartamento-SUP-1Q,Carteira 1,SC,"Florianópolis, SC","Florianópolis, SC, Cachoeira do Bom Jesus",4.0,591,4194.19,12,2756.61,2025-12,0.2593,0.2735,7.0,31,728.57,369.58,19.0,0.0,2025-12-01,1.52,2914.28,-1437.5799999999995,ok
TCO0501,Porto_Alegre-Centro_Historico-apartamento-SUP-1Q,Carteira 4,RS,"Porto Alegre, RS","Porto Alegre, RS, Centro Histórico",1.0,551,1507.58,85,1152.33,2025-12,0.4333,0.2626,13.0,31,137.77,181.29,17.0,0.0,2025-12-01,1.31,137.77,-355.25,ok
TXP0605,Goiania-Central-apartamento-SUP-1Q,Carteira 1_sys-price,GO,"Goiânia, GO","Goiânia, GO, Setor Bueno",0.0,808,966.03,106,915.87,2025-12,0.1935,0.1609,6.0,31,196.17,173.6,25.0,0.0,2025-12-01,1.05,0.0,-50.15999999999997,berlinda
TXP0807,Goiania-Central-apartamento-SUP-1Q,Carteira 1_sys-price,GO,"Goiânia, GO","Goiânia, GO, Setor Bueno",0.0,789,1577.83,106,915.87,2025-12,0.3548,0.1609,11.0,31,172.64,193.84,19.0,0.0,2025-12-01,1.72,0.0,-661.9599999999999,ok
VBV0616,Sao_Paulo-Vila_Olimpia-apartamento-SUP-1Q,Carteira 4_sys-price,SP,"São Paulo, SP","São Paulo, SP, Vila Olímpia",2.0,61,1540.39,256,2528.3,2025-12,0.2759,0.2794,8.0,31,235.75,286.05,21.0,0.0,2025-12-01,0.61,471.5,987.9100000000001,atenção
VNVA1305,Itapema-Praia_Centro-apartamento-TOP-2Q,Carteira 6,SC,"Itapema, SC","Itapema, SC, Tabuleiro dos Oliveiras",3.0,39,669.8,25,5352.88,2025-12,0.1429,0.2603,4.0,31,257.0,684.04,24.0,0.0,2025-12-01,0.13,771.0,4683.08,crítico
YHD0105,Florianopolis-UFSC-apartamento-TOP-1Q,Carteira 4,SC,"Florianópolis, SC","Florianópolis, SC, Carvoeira",0.0,321,2273.61,16,4429.31,2025-12,0.0968,0.3939,3.0,31,900.0,924.67,27.0,14.0,2025-12-01,0.51,0.0,2155.7000000000003,atenção
ACO803,Balneario_Camboriu-Centro-apartamento-SUP-2Q,Carteira 6,SC,"Balneário Camboriú, SC","Balneário Camboriú, SC, Centro",4.0,635,4618.94,73,8692.36,2025-12,0.4444,0.4059,12.0,31,475.83,1052.2,15.0,0.0,2025-12-01,0.53,1903.32,4073.420000000001,atenção
CED0107,Brasilia-Asa_Sul-apartamento-SUP-1Q,Carteira 1_sys-price,DF,"Brasília, DF","Brasília, DF, Setor Sudoeste",0.0,95,4816.01,131,1856.96,2025-12,1.0,0.381,31.0,31,213.35,,0.0,0.0,2025-12-01,2.59,0.0,-2959.05,meta_subestimada
CNB004,Especial-CNB-casa-TOP-1Q,Especial,SP,"Campos do Jordão, SP","Campos do Jordão, SP, Jardim Europa",0.0,626,6952.89,15,4612.23,2025-12,0.4194,0.291,13.0,31,600.85,926.39,18.0,5.0,2025-12-01,1.51,0.0,-2340.6600000000008,ok
CNB006,Especial-CNB-casa-TOP-1Q,Especial,SP,"Campos do Jordão, SP","Campos do Jordão, SP, Jardim Europa",0.0,626,774.4,15,4612.23,2025-12,0.0645,0.291,2.0,31,495.0,825.86,28.0,6.0,2025-12-01,0.17,0.0,3837.8299999999995,crítico
CPD0306,Florianopolis-Ingleses_Praia-apartamento-SUP-2Q,Carteira 1,SC,"Florianópolis, SC","Florianópolis, SC, Ingleses do Rio Vermelho",0.0,25,3808.0,60,7501.78,2025-12,0.3226,0.3949,10.0,31,497.3,1106.85,20.0,13.0,2025-12-01,0.51,0.0,3693.7799999999997,atenção
CTS0203,Florianopolis-Itacorubi-apartamento-SUP-2Q,Carteira 4,SC,"Florianópolis, SC","Florianópolis, SC, Itacorubi",0.0,137,6118.72,10,5591.33,2025-12,0.6129,0.3699,19.0,31,413.89,442.17,12.0,0.0,2025-12-01,1.09,0.0,-527.3900000000003,berlinda
CZZ0504,Urubici-Geral-apartamento-SUP-1Q,Especial,SC,"Urubici, SC","Urubici, SC, Centro",0.0,256,536.85,53,1627.27,2025-12,0.0968,0.1854,3.0,31,255.0,372.26,27.0,0.0,2025-12-01,0.33,0.0,1090.42,crítico
EBI0603,Curitiba-Jardim_Botanico-apartamento-SUP-1Q,Carteira 4_sys-price,PR,"Curitiba, PR","Curitiba, PR, Prado Velho",0.0,200,692.61,18,1277.13,2025-12,0.1935,0.3898,6.0,31,138.67,169.92,24.0,0.0,2025-12-01,0.54,0.0,584.5200000000001,atenção
ENL0007,Porto_Seguro-Pataxos-apartamento-JR-2Q,Carteira 1,BA,"Porto Seguro, BA","Porto Seguro, BA, Village 01",0.0,25,5964.8,46,4892.37,2025-12,0.7419,0.319,23.0,31,321.26,480.0,7.0,0.0,2025-12-01,1.22,0.0,-1072.4300000000003,ok
FLT0004,Florianopolis-Centrao-apartamento-SIM-1Q,Carteira 4,SC,"Florianópolis, SC","Florianópolis, SC, Centro",0.0,347,4564.86,13,1343.09,2025-12,0.6129,0.2429,19.0,31,287.05,142.58,12.0,0.0,2025-12-01,3.4,0.0,-3221.7699999999995,meta_subestimada
IAA0503,Recife-Boa_Viagem-apartamento-TOP-1Q,Carteira 2,PE,"Recife, PE","Recife, PE, Boa Viagem",0.0,628,2095.04,38,2800.53,2025-12,0.3548,0.4015,11.0,31,234.82,375.53,19.0,0.0,2025-12-01,0.75,0.0,705.4900000000002,atenção
IDO207,Florianopolis-Canajure-apartamento-SUP-2Q,Carteira 1,SC,"Florianópolis, SC","Florianópolis, SC, Jurerê",7.0,497,9082.73,27,8029.31,2025-12,0.625,0.3879,15.0,31,673.67,1093.88,8.0,0.0,2025-12-01,1.13,4715.69,-1053.4199999999992,ok
JMA009,Florianopolis-Jurere_Longe-apartamento-JR-1Q,Carteira 1,SC,"Florianópolis, SC","Florianópolis, SC, Jurerê",0.0,517,0.0,42,3939.68,2025-12,0.0,0.3823,0.0,31,0.0,387.97,30.0,0.0,2025-12-01,0.0,0.0,3939.68,crítico
MBCAR1203,Goiania-Leste-apartamento-SUP-2Q,Carteira 1_sys-price,GO,"Goiânia, GO","Goiânia, GO, Jardim Goiás",0.0,326,3306.66,22,2501.45,2025-12,0.4516,0.314,14.0,31,275.0,274.88,17.0,30.0,2025-12-01,1.32,0.0,-805.21,ok
MHF1209,Itapema-Canto_Praia-apartamento-TOP-2Q,Carteira 5,SC,"Itapema, SC","Itapema, SC, Centro",0.0,215,15224.32,14,4620.28,2025-12,0.7097,0.2821,22.0,31,893.59,524.13,8.0,0.0,2025-12-01,3.3,0.0,-10604.04,meta_subestimada
MHFA0504,Itapema-Canto_Praia-apartamento-SUP-1Q,Carteira 5,SC,"Itapema, SC","Itapema, SC, Centro",0.0,486,2267.88,16,5616.63,2025-12,0.1935,0.3721,6.0,31,449.67,523.21,24.0,0.0,2025-12-01,0.4,0.0,3348.75,crítico
MHFB0705,Itapema-Canto_Praia-apartamento-SUP-1Q,Carteira 5,SC,"Itapema, SC","Itapema, SC, Centro",0.0,285,4573.04,16,5616.63,2025-12,0.4194,0.3721,13.0,31,419.85,415.29,17.0,0.0,2025-12-01,0.81,0.0,1043.5900000000001,berlinda
RBA201,Florianopolis-Canasvieiras_Meio-apartamento-SUP-1Q,Carteira 1,SC,"Florianópolis, SC","Florianópolis, SC, Canasvieiras",0.0,817,2785.66,37,4415.18,2025-12,0.4516,0.4707,14.0,31,306.64,694.56,16.0,0.0,2025-12-01,0.63,0.0,1629.5200000000004,atenção
RRI0106,Florianopolis-Centrao-apartamento-SUP-1Q,Carteira 4,SC,"Florianópolis, SC","Florianópolis, SC, Centro",0.0,45,5160.64,124,3186.58,2025-12,0.6129,0.3292,19.0,31,335.24,392.3,10.0,0.0,2025-12-01,1.62,0.0,-1974.0600000000004,ok
RUP1405,Blumenau-Central-apartamento-SUP-1Q,Carteira 4,SC,"Blumenau, SC","Blumenau, SC, Escola Agrícola",0.0,503,695.73,54,1878.43,2025-12,0.1935,0.269,6.0,31,145.0,218.54,24.0,0.0,2025-12-01,0.37,0.0,1182.7,crítico
SLI0715,Maceio-Ponta_Verde-apartamento-TOP-2Q,Carteira 2,AL,"Maceió, AL","Maceió, AL, Ponta Verde",0.0,294,12944.69,41,7230.27,2025-12,0.7742,0.6279,24.0,31,685.58,342.0,7.0,0.0,2025-12-01,1.79,0.0,-5714.42,ok
SMT0505,Salvador-Boca_do_Rio-apartamento-TOP-1Q,Carteira 2,BA,"Salvador, BA","Salvador, BA, Jardim Armação",0.0,117,3409.35,16,2424.25,2025-12,0.2903,0.3299,9.0,31,501.56,263.76,21.0,0.0,2025-12-01,1.41,0.0,-985.0999999999999,ok
SOA0506,Salvador-Boca_do_Rio-apartamento-SUP-1Q,Carteira 2,BA,"Salvador, BA","Salvador, BA, Boca do Rio",8.0,475,1396.73,31,2116.82,2025-12,0.3043,0.3383,7.0,31,240.86,177.67,15.0,0.0,2025-12-01,0.66,1926.88,720.0900000000001,atenção
TXP0314,Goiania-Central-apartamento-TOP-2Q,Carteira 1_sys-price,GO,"Goiânia, GO","Goiânia, GO, Setor Bueno",0.0,783,1060.95,12,3061.08,2025-12,0.0968,0.339,3.0,31,321.67,333.85,27.0,30.0,2025-12-01,0.35,0.0,2000.1299999999999,crítico
VAC0503,Barra_Velha-Tabuleiro-apartamento-SUP-2Q,Carteira 3,SC,"Barra Velha, SC","Barra Velha, SC, Itajuba",0.0,10,2859.3,13,6520.77,2025-12,0.2581,0.2727,8.0,31,412.75,482.17,23.0,0.0,2025-12-01,0.44,0.0,3661.4700000000003,crítico
VBP1805,Sao_Paulo-Pinheiros-apartamento-TOP-1Q,Carteira 4_sys-price,SP,"São Paulo, SP","São Paulo, SP, Pinheiros",1.0,346,3311.52,231,3147.55,2025-12,0.6333,0.3479,19.0,31,236.32,246.91,11.0,0.0,2025-12-01,1.05,236.32,-163.9699999999998,berlinda
VDT0401,Bombinhas-Bombas-apartamento-MASTER-3Q,Carteira 6,SC,"Bombinhas, SC","Bombinhas, SC, Bombas",7.0,521,13709.76,19,14575.88,2025-12,0.5,0.4038,12.0,31,1341.67,1642.0,12.0,10.0,2025-12-01,0.94,9391.69,866.119999999999,berlinda
VGT0004,Ilheus-Sul-apartamento-JR-2Q,Carteira 2,BA,"Ilhéus, BA","Ilhéus, BA, São Francisco",5.0,489,464.92,17,4379.63,2025-12,0.1538,0.2882,4.0,31,138.25,221.29,21.0,5.0,2025-12-01,0.11,691.25,3914.71,crítico
ACM0865,Caldas_Novas-Geral-apartamento-SUP-2Q,Carteira 3,GO,"Caldas Novas, GO","Caldas Novas, GO, Do Turista",25.0,167,2549.44,29,4067.86,2025-12,1.0,0.3184,6.0,31,698.33,,0.0,0.0,2025-12-01,0.63,17458.25,1518.42,atenção
AGA0203,Camaçari-Jacuipe-apartamento-SUP-2Q,Carteira 2,BA,"Camaçari, BA","Camaçari, BA, Monte Gordo",0.0,209,5554.88,136,7226.38,2025-12,0.5161,0.3282,16.0,31,425.31,518.13,15.0,0.0,2025-12-01,0.77,0.0,1671.5,atenção
CEC0501,Balneario_Camboriu-Centro-apartamento-JR-2Q,Carteira 6,SC,"Balneário Camboriú, SC","Balneário Camboriú, SC, Centro",1.0,18,1554.16,45,5810.63,2025-12,0.2667,0.4112,8.0,31,280.0,753.64,22.0,0.0,2025-12-01,0.27,280.0,4256.47,crítico
CEP093,Balneario_Camboriu-Centro-apartamento-SUP-3Q,Carteira 6,SC,"Balneário Camboriú, SC","Balneário Camboriú, SC, Centro",31.0,817,0.0,80,6855.0,2025-12,,0.3753,0.0,31,0.0,,0.0,0.0,2025-12-01,0.0,0.0,6855.0,crítico
CLR0211,Brasilia-Vila_Planalto-apartamento-SUP-1Q,Carteira 1_sys-price,DF,"Brasília, DF","Brasília, DF, Asa Norte",0.0,158,4930.23,62,2237.12,2025-12,0.5806,0.2624,18.0,31,326.28,275.69,13.0,0.0,2025-12-01,2.2,0.0,-2693.1099999999997,meta_subestimada
DMS0203,Gramado-Centro-apartamento-TOP-2Q,Carteira 4,RS,"Gramado, RS","Gramado, RS, Bairro Belverede",1.0,292,15979.36,57,13003.3,2025-12,0.7333,0.6323,22.0,31,900.77,869.38,8.0,0.0,2025-12-01,1.23,900.77,-2976.0600000000013,ok
DPR0002,Balneario_Camboriu-Sul-apartamento-JR-1Q,Carteira 6,SC,"Balneário Camboriú, SC","Balneário Camboriú, SC, Barra",0.0,285,1803.62,29,3309.05,2025-12,0.1935,0.2944,6.0,31,356.67,300.76,25.0,0.0,2025-12-01,0.55,0.0,1505.4300000000003,atenção
EBA0401,Porto_Alegre-Cidade_Baixa-apartamento-JR-1Q,Carteira 4,RS,"Porto Alegre, RS","Porto Alegre, RS, Cidade Baixa",0.0,753,729.33,39,1143.57,2025-12,0.2258,0.3063,7.0,31,135.71,142.79,24.0,0.0,2025-12-01,0.64,0.0,414.2399999999999,atenção
ECL1902,Curitiba-Centro-apartamento-SUP-1Q,Carteira 4,PR,"Curitiba, PR","Curitiba, PR, Centro",0.0,172,421.88,423,2082.08,2025-12,0.129,0.391,4.0,31,132.0,216.48,27.0,0.0,2025-12-01,0.2,0.0,1660.1999999999998,crítico
EMM0202,Guarapari-Praia_do_Morro-apartamento-SUP-2Q,Carteira 4,ES,"Guarapari, ES","Guarapari, ES, Praia do Morro",0.0,448,4571.7,59,4159.05,2025-12,0.1613,0.4205,5.0,31,892.0,258.72,25.0,0.0,2025-12-01,1.1,0.0,-412.64999999999964,berlinda
ESS1004,Goiania-Leste-apartamento-SUP-1Q,Carteira 1_sys-price,GO,"Goiânia, GO","Goiânia, GO, Setor Alto da Glória",0.0,280,1125.67,61,1550.4,2025-12,0.2258,0.2292,7.0,31,210.0,210.0,24.0,27.0,2025-12-01,0.73,0.0,424.73,atenção
EVZ0601,Balneario_Camboriu-Norte-apartamento-JR-3Q,Carteira 6,SC,"Balneário Camboriú, SC","Balneário Camboriú, SC, Centro",0.0,265,8380.21,56,7127.36,2025-12,0.4516,0.3792,14.0,31,830.71,606.12,17.0,21.0,2025-12-01,1.18,0.0,-1252.8499999999995,ok
GRLA1503,Anapolis-Centro-apartamento-SUP-2Q,Carteira 1,GO,"Anápolis, GO","Anápolis, GO, Centro",0.0,28,4049.51,7,1313.89,2025-12,0.6452,0.2129,20.0,31,240.3,339.09,11.0,0.0,2025-12-01,3.08,0.0,-2735.62,meta_subestimada
JMA006,Florianopolis-Jurere_Longe-apartamento-JR-1Q,Carteira 1,SC,"Florianópolis, SC","Florianópolis, SC, Jurerê",0.0,809,159.43,42,3939.68,2025-12,0.2258,0.3823,7.0,31,838.43,254.62,24.0,0.0,2025-12-01,0.04,0.0,3780.25,crítico
KSP1304,Goiania-Universitario-apartamento-SUP-2Q,Carteira 1,GO,"Goiânia, GO","Goiânia, GO, Setor Central",0.0,28,1223.56,46,2805.64,2025-12,0.1935,0.2624,6.0,31,266.33,276.08,24.0,0.0,2025-12-01,0.44,0.0,1582.08,crítico
MHFB2007,Itapema-Canto_Praia-apartamento-SUP-1Q,Carteira 5,SC,"Itapema, SC","Itapema, SC, Centro",0.0,411,4343.5,16,5616.63,2025-12,0.4516,0.3721,14.0,31,362.14,439.38,16.0,30.0,2025-12-01,0.77,0.0,1273.13,atenção
NRR128,Balneario_Camboriu-Intermediario-casa-JR-3Q,Carteira 6,SC,"Balneário Camboriú, SC","Balneário Camboriú, SC, Centro",13.0,920,3093.41,21,5167.96,2025-12,0.7778,0.3142,14.0,31,287.79,468.0,4.0,0.0,2025-12-01,0.6,3741.2700000000004,2074.55,atenção
NWT1010,Especial-NWT-apartamento-MASTER-1Q,Carteira 5,AL,"Maceió, AL","Maceió, AL, Pajuçara",0.0,222,13340.87,31,9341.25,2025-12,0.6452,0.6444,20.0,31,821.8,1303.64,11.0,0.0,2025-12-01,1.43,0.0,-3999.620000000001,ok
ODI0487,Florianopolis-Rio_Vermelho-casa-JR-3Q,Carteira 1,SC,"Florianópolis, SC","Florianópolis, SC, Ingleses do Rio Vermelho",6.0,10,3911.2,14,4768.92,2025-12,0.2,0.2713,5.0,31,1021.0,354.53,19.0,0.0,2025-12-01,0.82,6126.0,857.7200000000003,berlinda
PSOA1103,Penha-Beto_Carrero-apartamento-SUP-1Q,Carteira 3,SC,"Penha, SC","Penha, SC, Praia de Armação do Itapocoroi",0.0,131,9124.54,15,2337.5,2025-12,0.9355,0.234,29.0,31,378.38,283.5,2.0,0.0,2025-12-01,3.9,0.0,-6787.040000000001,meta_subestimada
RMM0318,Florianopolis-Ingleses_Centro-apartamento-SUP-1Q,Carteira 1,SC,"Florianópolis, SC","Florianópolis, SC, Ingleses do Rio Vermelho",0.0,621,784.89,35,4428.29,2025-12,0.0968,0.4071,3.0,31,360.0,471.44,27.0,0.0,2025-12-01,0.18,0.0,3643.4,crítico
SOC0316,Salvador-Ondina_Rio_Vermelho-apartamento-SUP-1Q,Carteira 2,BA,"Salvador, BA","Salvador, BA, Rio Vermelho",0.0,10,527.32,93,2433.12,2025-12,0.129,0.3565,4.0,31,175.0,271.11,27.0,0.0,2025-12-01,0.22,0.0,1905.7999999999997,crítico
SOH1102,Maceio-Ponta_Verde-apartamento-SUP-2Q,Carteira 2,AL,"Maceió, AL","Maceió, AL, Ponta Verde",0.0,367,4379.46,66,7697.35,2025-12,0.3226,0.559,10.0,31,528.5,459.45,20.0,0.0,2025-12-01,0.57,0.0,3317.8900000000003,atenção
THO2614,Goiania-Leste-apartamento-SUP-1Q,Carteira 1_sys-price,GO,"Goiânia, GO","Goiânia, GO, Jardim Goiás",0.0,563,1247.24,61,1550.4,2025-12,0.2258,0.2292,7.0,31,188.29,166.74,23.0,22.0,2025-12-01,0.8,0.0,303.1600000000001,berlinda
TRC0410,Florianopolis-UFSC-apartamento-SUP-1Q,Carteira 4,SC,"Florianópolis, SC","Florianópolis, SC, Carvoeira",0.0,160,4674.85,50,3127.35,2025-12,0.5484,0.4234,17.0,31,329.35,301.57,14.0,0.0,2025-12-01,1.49,0.0,-1547.5000000000005,ok
VGL041,Petropolis-Mosela-casa-JR-3Q,Carteira 4,RJ,"Petrópolis, RJ","Petrópolis, RJ, Mosela",5.0,886,1197.94,11,4131.0,2025-12,0.1538,0.2693,4.0,31,332.5,335.36,22.0,0.0,2025-12-01,0.29,1662.5,2933.06,crítico
BLSA1956,Goiania-Central-apartamento-SUP-1Q,Carteira 1_sys-price,GO,"Goiânia, GO","Goiânia, GO, Setor Marista",0.0,45,1496.61,106,915.87,2025-12,0.4194,0.1609,13.0,31,156.31,179.06,18.0,0.0,2025-12-01,1.63,0.0,-580.7399999999999,ok
CBO0103,Florianopolis-Canajure-apartamento-SUP-2Q,Carteira 1,SC,"Florianópolis, SC","Florianópolis, SC, Canasvieiras",5.0,24,4838.6,27,8029.31,2025-12,0.3846,0.3879,10.0,31,671.0,409.13,15.0,0.0,2025-12-01,0.6,3355.0,3190.71,atenção
CCS201,Florianopolis-Campeche_Praia-apartamento-SUP-1Q,Carteira 1,SC,"Florianópolis, SC","Florianópolis, SC, Campeche",0.0,1041,3975.55,12,4642.4,2025-12,0.1613,0.4373,5.0,31,952.0,394.8,25.0,0.0,2025-12-01,0.86,0.0,666.8499999999995,berlinda
CEV1106,Balneario_Camboriu-Intermediario-apartamento-JR-1Q,Carteira 6,SC,"Balneário Camboriú, SC","Balneário Camboriú, SC, Centro",0.0,517,4394.64,63,3624.38,2025-12,0.6129,0.3493,19.0,31,311.21,688.25,12.0,0.0,2025-12-01,1.21,0.0,-770.2600000000002,ok
COS302,Florianopolis-Jurere_Tradicional-apartamento-SUP-3Q,Carteira 1,SC,"Florianópolis, SC","Florianópolis, SC, Jurerê",6.0,1617,18711.48,24,15297.62,2025-12,0.64,0.5109,16.0,31,1360.69,746.22,9.0,0.0,2025-12-01,1.22,8164.14,-3413.8599999999988,ok
CPK1009,Ilheus-Sul-apartamento-TOP-2Q,Carteira 2,BA,"Ilhéus, BA","Ilhéus, BA, Nossa Senhora da Vitória",0.0,346,4292.38,16,2952.6,2025-12,0.3548,0.2362,11.0,31,463.09,483.75,20.0,0.0,2025-12-01,1.45,0.0,-1339.7800000000002,ok
CPM0303,Sao_Paulo-Pinheiros-apartamento-SUP-1Q,Carteira 4_sys-price,SP,"São Paulo, SP","São Paulo, SP, Pinheiros",0.0,216,1208.94,375,2368.89,2025-12,0.1935,0.3215,6.0,31,310.0,211.08,25.0,0.0,2025-12-01,0.51,0.0,1159.9499999999998,atenção
EDG402,Balneario_Camboriu-Centro-apartamento-SUP-2Q,Carteira 6,SC,"Balneário Camboriú, SC","Balneário Camboriú, SC, Centro",0.0,990,8414.82,73,8692.36,2025-12,0.3226,0.4059,10.0,31,928.8,534.9,21.0,0.0,2025-12-01,0.97,0.0,277.5400000000009,berlinda
EGI001,Imbituba-Praia_do_Rosa-casa-TOP-3Q,Carteira 6,SC,"Imbituba, SC","Imbituba, SC, Ibiraquera",11.0,809,1187.31,13,13722.83,2025-12,0.15,0.3568,3.0,31,441.0,1057.76,17.0,21.0,2025-12-01,0.09,4851.0,12535.52,crítico
ELF0407,Bombinhas-Bombas-apartamento-SUP-1Q,Especial,SC,"Bombinhas, SC","Bombinhas, SC, José Amândio",0.0,202,10321.17,33,4887.09,2025-12,0.871,0.3346,27.0,31,438.11,554.25,4.0,28.0,2025-12-01,2.11,0.0,-5434.08,meta_subestimada
ERG605,Balneario_Camboriu-Norte-apartamento-SUP-2Q,Carteira 6,SC,"Balneário Camboriú, SC","Balneário Camboriú, SC, Centro",10.0,1189,11810.76,26,5440.71,2025-12,0.8095,0.3647,17.0,31,971.29,502.5,4.0,0.0,2025-12-01,2.17,9712.9,-6370.05,meta_subestimada
EST0301,Itapema-Meia_Praia-Norte-apartamento-SUP-3Q,Carteira 6,SC,"Itapema, SC","Itapema, SC, Meia Praia",9.0,216,2905.36,44,8175.3,2025-12,0.3636,0.3915,8.0,31,433.0,481.86,14.0,0.0,2025-12-01,0.36,3897.0,5269.9400000000005,crítico
FLT0001,Florianopolis-Centrao-apartamento-SIM-1Q,Carteira 4,SC,"Florianópolis, SC","Florianópolis, SC, Centro",0.0,241,4583.74,13,1343.09,2025-12,0.7419,0.2429,23.0,31,239.87,174.71,7.0,0.0,2025-12-01,3.41,0.0,-3240.6499999999996,meta_subestimada
HGR1209,Salvador-Graca-apartamento-SUP-1Q,Especial,BA,"Salvador, BA","Salvador, BA, Graça",4.0,19,442.89,31,2854.06,2025-12,0.1111,0.3151,3.0,31,202.0,296.79,24.0,0.0,2025-12-01,0.16,808.0,2411.17,crítico
JAS0003,Florianopolis-Lagoa-apartamento-JR-1Q,Carteira 1,SC,"Florianópolis, SC","Florianópolis, SC, Lagoa da Conceição",2.0,195,0.0,28,3469.64,2025-12,0.0,0.5154,0.0,31,0.0,538.5,28.0,19.0,2025-12-01,0.0,0.0,3469.64,crítico
JBV433,Especial-JBV-hotel-JR-1Q,Especial,SC,"Florianópolis, SC","Florianópolis, SC, Jurerê",1.0,1410,23028.79,23,10939.33,2025-12,0.8667,0.5584,26.0,31,1070.0,638.0,4.0,0.0,2025-12-01,2.11,1070.0,-12089.460000000001,meta_subestimada
MDO201,Florianopolis-Jurere_Tradicional-apartamento-JR-3Q,Carteira 1,SC,"Florianópolis, SC","Florianópolis, SC, Jurerê Internacional",0.0,971,15439.37,17,9189.8,2025-12,0.6452,0.4309,20.0,31,1089.2,583.09,11.0,0.0,2025-12-01,1.68,0.0,-6249.5700000000015,ok
MHF1503,Itapema-Canto_Praia-apartamento-TOP-1Q,Carteira 5,SC,"Itapema, SC","Itapema, SC, Centro",0.0,56,8273.46,14,6337.8,2025-12,0.6452,0.3918,20.0,31,522.3,662.91,11.0,0.0,2025-12-01,1.31,0.0,-1935.659999999999,ok
MHF1702,Itapema-Canto_Praia-apartamento-TOP-2Q,Carteira 5,SC,"Itapema, SC","Itapema, SC, Centro",0.0,516,14544.45,14,4620.28,2025-12,0.7742,0.2821,24.0,31,858.83,384.71,7.0,0.0,2025-12-01,3.15,0.0,-9924.170000000002,meta_subestimada
MHF1907,Itapema-Canto_Praia-apartamento-TOP-1Q,Carteira 5,SC,"Itapema, SC","Itapema, SC, Centro",1.0,389,12133.93,14,6337.8,2025-12,0.8333,0.3918,25.0,31,582.8,432.6,5.0,0.0,2025-12-01,1.91,582.8,-5796.13,ok
OCB0204,Salvador-Barra-apartamento-SUP-1Q,Carteira 2,BA,"Salvador, BA","Salvador, BA, Barra",0.0,137,4012.29,227,2961.11,2025-12,0.5484,0.3641,17.0,31,295.29,285.23,13.0,0.0,2025-12-01,1.35,0.0,-1051.1799999999998,ok
OKA111,Florianopolis-Campeche-apartamento-SUP-1Q,Carteira 1,SC,"Florianópolis, SC","Florianópolis, SC, Campeche",0.0,1083,1616.65,21,2822.43,2025-12,0.1613,0.2776,5.0,31,359.4,479.92,25.0,0.0,2025-12-01,0.57,0.0,1205.7799999999997,atenção
PLO0004,Jaguaruna-Camacho-apartamento-SUP-1Q,Carteira 6,SC,"Jaguaruna, SC","Jaguaruna, SC, Centro",0.0,69,0.0,13,3503.7,2025-12,0.0,0.3178,0.0,31,0.0,296.77,30.0,0.0,2025-12-01,0.0,0.0,3503.7,crítico
PTR0012,Porto_Seguro-Pataxos-apartamento-JR-3Q,Carteira 2,BA,"Porto Seguro, BA","Porto Seguro, BA, Paraíso dos Pataxós",5.0,286,7901.18,14,4554.81,2025-12,0.6538,0.2521,17.0,31,662.06,233.63,8.0,0.0,2025-12-01,1.73,3310.2999999999997,-3346.37,ok
RFM0035,Santa_Cruz_Cabralia-Coroa_Vermelha-apartamento-SUP-2Q,Carteira 2,BA,"Santa Cruz Cabrália, BA","Santa Cruz Cabrália, BA, Coroa Vermelha",0.0,271,0.0,60,5857.86,2025-12,0.0,0.4238,0.0,31,0.0,383.87,30.0,0.0,2025-12-01,0.0,0.0,5857.86,crítico
RML605,Imbituba-Centro-apartamento-JR-3Q,Carteira 6,SC,"Imbituba, SC","Imbituba, SC, centro",6.0,1102,9438.32,9,2827.94,2025-12,0.8,0.213,20.0,31,576.1,238.6,5.0,26.0,2025-12-01,3.34,3456.6000000000004,-6610.379999999999,meta_subestimada
RUP1005,Blumenau-Central-apartamento-SUP-1Q,Carteira 4,SC,"Blumenau, SC","Blumenau, SC, Escola Agrícola",0.0,522,769.8,54,1878.43,2025-12,0.1935,0.269,6.0,31,161.0,214.64,25.0,0.0,2025-12-01,0.41,0.0,1108.63,crítico
SSG0225,Florianopolis-UFSC-apartamento-TOP-1Q,Carteira 4,SC,"Florianópolis, SC","Florianópolis, SC, Córrego Grande",0.0,951,2788.71,16,4429.31,2025-12,0.4516,0.3939,14.0,31,240.07,517.0,17.0,0.0,2025-12-01,0.63,0.0,1640.6000000000004,atenção
SSL303,Florianopolis-Itacorubi-apartamento-TOP-2Q,Carteira 4,SC,"Florianópolis, SC","Florianópolis, SC, Córrego Grande",0.0,847,7246.21,13,3333.7,2025-12,0.5484,0.281,17.0,31,523.53,583.07,14.0,0.0,2025-12-01,2.17,0.0,-3912.51,meta_subestimada
TCO1216,Porto_Alegre-Centro_Historico-apartamento-SUP-1Q,Carteira 4,RS,"Porto Alegre, RS","Porto Alegre, RS, Centro Histórico",0.0,529,1003.68,85,1152.33,2025-12,0.2903,0.2626,9.0,31,124.89,164.41,22.0,0.0,2025-12-01,0.87,0.0,148.64999999999998,berlinda
TFL002,Florianopolis-UFSC-casa-JR-1Q,Carteira 4,SC,"Florianópolis, SC","Florianópolis, SC, Carvoeira",21.0,426,2058.16,16,1669.12,2025-12,1.0,0.3736,10.0,31,253.0,,0.0,0.0,2025-12-01,1.23,5313.0,-389.03999999999996,ok
TXP1410,Goiania-Central-apartamento-SUP-1Q,Carteira 1_sys-price,GO,"Goiânia, GO","Goiânia, GO, Setor Bueno",0.0,809,1037.4,106,915.87,2025-12,0.2581,0.1609,8.0,31,197.0,178.87,23.0,0.0,2025-12-01,1.13,0.0,-121.53000000000009,ok
UPP0102,Curitiba-Centro-apartamento-JR-1Q,Carteira 4_sys-price,PR,"Curitiba, PR","Curitiba, PR, Alto da XV",0.0,47,334.73,227,1822.41,2025-12,0.0968,0.3741,3.0,31,132.0,157.0,27.0,0.0,2025-12-01,0.18,0.0,1487.68,crítico
VNU1405,Sao_Paulo-Bela_Vista-apartamento-SUP-1Q,Carteira 4_sys-price,SP,"São Paulo, SP","São Paulo, SP, Bela Vista",0.0,311,644.4,718,2096.87,2025-12,0.1613,0.3298,5.0,31,170.8,186.19,26.0,0.0,2025-12-01,0.31,0.0,1452.4699999999998,crítico
VST034,Especial-VST-casa-TOP-1Q,Carteira 5,SC,"Anitápolis, SC","Anitápolis, SC, Rio dos Pinheiros",0.0,264,4024.17,47,2992.0,2025-12,0.4516,0.1608,14.0,31,355.0,265.82,17.0,0.0,2025-12-01,1.34,0.0,-1032.17,ok
VTD0703,Florianopolis-UFSC-apartamento-SUP-1Q,Carteira 4,SC,"Florianópolis, SC","Florianópolis, SC, Trindade",0.0,167,7060.49,50,3127.35,2025-12,0.8065,0.4234,25.0,31,362.68,237.5,6.0,0.0,2025-12-01,2.26,0.0,-3933.14,meta_subestimada
BSO0107,Itajai-Praia_Brava-apartamento-SUP-1Q,Carteira 6,SC,"Balneário Camboriú, SC","Balneário Camboriú, SC, Praia dos Amores",4.0,228,7586.11,15,3309.05,2025-12,0.7037,0.4188,19.0,31,469.74,346.63,8.0,0.0,2025-12-01,2.29,1878.96,-4277.0599999999995,meta_subestimada
CEC0302,Balneario_Camboriu-Centro-apartamento-JR-2Q,Carteira 6,SC,"Balneário Camboriú, SC","Balneário Camboriú, SC, Centro",13.0,91,1088.71,45,5810.63,2025-12,0.3889,0.4112,7.0,31,238.43,343.64,11.0,0.0,2025-12-01,0.19,3099.59,4721.92,crítico
CEP0128,Sao_Paulo-Pompeia-apartamento-SUP-1Q,Carteira 4_sys-price,SP,"São Paulo, SP","São Paulo, SP, Perdizes",0.0,95,1097.62,60,1367.42,2025-12,0.2581,0.2372,8.0,31,180.0,179.77,22.0,0.0,2025-12-01,0.8,0.0,269.8000000000002,berlinda
CPR0025,Marau-Barra_Grande-apartamento-TOP-2Q,Carteira 2,BA,"Maraú, BA","Maraú, BA, Barra Grande",0.0,238,2837.84,17,7221.6,2025-12,0.0645,0.2877,2.0,31,1800.0,832.86,28.0,30.0,2025-12-01,0.39,0.0,4383.76,crítico
EVA704,Florianopolis-Centrao-apartamento-SUP-1Q,Carteira 4,SC,"Florianópolis, SC","Florianópolis, SC, Centro",0.0,678,4379.63,124,3186.58,2025-12,0.4839,0.3292,15.0,31,339.4,349.56,16.0,0.0,2025-12-01,1.37,0.0,-1193.0500000000002,ok
IAB109,Camaçari-Itacimirim-apartamento-SUP-2Q,Carteira 2,BA,"Camaçari, BA","Camaçari, BA, Itacimirim",0.0,671,8393.67,25,5847.29,2025-12,0.2581,0.3086,8.0,31,1475.0,514.55,22.0,30.0,2025-12-01,1.44,0.0,-2546.38,ok
ILC3104,Especial-ILC-hotel-JR-1Q,Especial,SC,"Florianópolis, SC","Florianópolis, SC, Jurerê Internacional",4.0,2001,28819.15,14,9269.72,2025-12,0.963,0.5069,26.0,31,1476.35,840.0,1.0,0.0,2025-12-01,3.11,5905.4,-19549.43,meta_subestimada
JBV142,Especial-JBV-hotel-TOP-1Q,Especial,SC,"Florianópolis, SC","Florianópolis, SC, Jurerê",0.0,1610,25143.34,30,13774.65,2025-12,0.8387,0.6331,26.0,31,1189.46,1421.2,5.0,0.0,2025-12-01,1.83,0.0,-11368.69,ok
MMD0503,Ilheus-Sul-apartamento-SUP-2Q,Carteira 2,BA,"Ilhéus, BA","Ilhéus, BA, São Francisco",0.0,241,0.0,40,3567.45,2025-12,0.0968,0.3513,3.0,31,223.2,368.88,26.0,0.0,2025-12-01,0.0,0.0,3567.45,crítico
MMD0605,Ilheus-Sul-apartamento-SUP-2Q,Carteira 2,BA,"Ilhéus, BA","Ilhéus, BA, São Francisco",0.0,76,4906.2,40,3567.45,2025-12,0.3871,0.3513,12.0,31,528.5,331.44,18.0,0.0,2025-12-01,1.38,0.0,-1338.75,ok
MON0099,Barra_Velha-Tabuleiro-casa-SUP-2Q,Carteira 3,SC,"Barra Velha, SC","Barra Velha, SC, Tabuleiro",4.0,179,2277.22,19,5714.92,2025-12,0.1481,0.3006,4.0,31,703.0,277.95,22.0,0.0,2025-12-01,0.4,2812.0,3437.7000000000003,crítico
PTV0912,Salvador-Pituba_Praia-apartamento-SUP-1Q,Carteira 5,BA,"Salvador, BA","Salvador, BA, Pituba",0.0,3,961.02,13,1623.08,2025-12,0.1935,0.3478,6.0,31,178.33,266.83,24.0,0.0,2025-12-01,0.59,0.0,662.06,atenção
RBF142,Florianopolis-Estreito-casa-JR-2Q,Carteira 4,SC,"Florianópolis, SC","Florianópolis, SC, Capoeiras",0.0,782,3850.77,13,3866.24,2025-12,0.2903,0.4286,9.0,31,492.67,252.48,21.0,0.0,2025-12-01,1.0,0.0,15.4699999999998,berlinda
RGF1201,Salvador-Flamengo-apartamento-TOP-1Q,Carteira 2,BA,"Salvador, BA","Salvador, BA, Itapuã",0.0,220,1930.16,28,3400.54,2025-12,0.3548,0.3967,11.0,31,205.27,366.15,20.0,0.0,2025-12-01,0.57,0.0,1470.3799999999999,atenção
RGOA701,Itapema-Meia_Praia-Sul-apartamento-SUP-2Q,Carteira 6,SC,"Itapema, SC","Itapema, SC, Castelo Branco",0.0,150,636.84,19,6354.59,2025-12,0.129,0.3925,4.0,31,180.0,680.56,27.0,0.0,2025-12-01,0.1,0.0,5717.75,crítico
RMI1101,Florianopolis-Beira_Mar-apartamento-SUP-3Q,Carteira 4,SC,"Florianópolis, SC","Florianópolis, SC, Agronômica",4.0,54,6139.85,46,4858.95,2025-12,0.4444,0.3476,12.0,31,584.25,468.13,15.0,0.0,2025-12-01,1.26,2337.0,-1280.9000000000005,ok
SFR0311,Bombinhas-Centro-apartamento-SUP-1Q,Carteira 6,SC,"Bombinhas, SC","Bombinhas, SC, Centro",0.0,67,4293.59,37,5567.5,2025-12,0.4839,0.4579,15.0,31,342.4,685.62,16.0,0.0,2025-12-01,0.77,0.0,1273.9099999999999,atenção
SSG0305,Florianopolis-UFSC-apartamento-TOP-1Q,Carteira 4,SC,"Florianópolis, SC","Florianópolis, SC, Córrego Grande",0.0,661,6086.22,16,4429.31,2025-12,0.5806,0.3939,18.0,31,456.94,401.38,13.0,0.0,2025-12-01,1.37,0.0,-1656.9099999999999,ok
STI209,Florianopolis-Ingleses_Centro-apartamento-SUP-1Q,Carteira 1,SC,"Florianópolis, SC","Florianópolis, SC, Ingleses do Rio Vermelho",0.0,1719,5781.12,35,4428.29,2025-12,0.3871,0.4071,12.0,31,652.83,336.72,18.0,0.0,2025-12-01,1.31,0.0,-1352.83,ok
TCO0213,Porto_Alegre-Centro_Historico-apartamento-SUP-1Q,Carteira 4,RS,"Porto Alegre, RS","Porto Alegre, RS, Centro Histórico",0.0,418,1076.91,85,1152.33,2025-12,0.3548,0.2626,11.0,31,122.27,169.25,20.0,0.0,2025-12-01,0.93,0.0,75.41999999999985,berlinda
AAL0204,Florianopolis-Canasvieiras_Perto-apartamento-JR-2Q,Carteira 1,SC,"Florianópolis, SC","Florianópolis, SC, Canasvieiras",11.0,642,0.0,18,6009.82,2025-12,0.0,0.4281,0.0,31,0.0,726.74,19.0,0.0,2025-12-01,0.0,0.0,6009.82,crítico
CQS0004,Camaçari-Itacimirim-apartamento-SUP-2Q,Carteira 2,BA,"Camaçari, BA","Camaçari, BA, Itacimirim",2.0,252,5891.75,25,5847.29,2025-12,0.1724,0.3086,5.0,31,1800.0,998.0,24.0,0.0,2025-12-01,1.01,3600.0,-44.460000000000036,berlinda
CVB0144,Marau-Barra_Grande-casa-SUP-3Q,Carteira 2,BA,"Maraú, BA","Maraú, BA, Barra Grande",3.0,507,3354.36,10,4558.22,2025-12,0.1429,0.2595,4.0,31,900.0,725.17,24.0,1.0,2025-12-01,0.74,2700.0,1203.8600000000001,atenção
CVPA103,Porto_de_Pedras-Geral-apartamento-SUP-2Q,Carteira 2,AL,"Porto de Pedras, AL","Porto de Pedras, AL, Patacho",0.0,661,9708.67,35,6214.2,2025-12,0.6129,0.3904,19.0,31,606.21,296.17,12.0,0.0,2025-12-01,1.56,0.0,-3494.4700000000003,ok
DNAG2001,Goiania-Central-apartamento-SUP-1Q,Carteira 1_sys-price,GO,"Goiânia, GO","Goiânia, GO, Setor Bueno",2.0,153,2029.85,106,915.87,2025-12,0.4483,0.1609,13.0,31,184.69,208.33,15.0,2.0,2025-12-01,2.22,369.38,-1113.98,meta_subestimada
EFR203,Cabo_Frio-Centro-apartamento-TOP-3Q,Carteira 4,RJ,"Cabo Frio, RJ","Cabo Frio, RJ, Braga",3.0,1082,7013.36,20,7249.66,2025-12,0.2857,0.34,8.0,31,1037.5,444.89,19.0,0.0,2025-12-01,0.97,3112.5,236.30000000000018,berlinda
FTM0401,Florianopolis-Ingleses_Norte-apartamento-JR-1Q,Carteira 1,SC,"Florianópolis, SC","Florianópolis, SC, Ingleses Norte",2.0,243,11625.0,56,3996.59,2025-12,0.931,0.367,27.0,31,495.33,382.0,2.0,0.0,2025-12-01,2.91,990.66,-7628.41,meta_subestimada
GPS0102,Imbituba-Centro-apartamento-JR-2Q,Carteira 6,SC,"Imbituba, SC","Imbituba, SC, Vila Nova",0.0,244,7443.74,12,3607.84,2025-12,0.6774,0.3448,21.0,31,471.71,173.5,10.0,0.0,2025-12-01,2.06,0.0,-3835.8999999999996,meta_subestimada
HYP0202,Florianopolis-Canasvieiras_Meio-apartamento-JR-1Q,Carteira 1,SC,"Florianópolis, SC","Florianópolis, SC, Canasvieiras",2.0,70,2719.8,36,3866.72,2025-12,0.2759,0.4029,8.0,31,379.75,385.38,21.0,0.0,2025-12-01,0.7,759.5,1146.9199999999996,atenção
IHO127,Florianopolis-Ingleses_Norte-apartamento-JR-1Q,Carteira 1,SC,"Florianópolis, SC","Florianópolis, SC, Ingleses do Rio Vermelho",0.0,836,7821.4,56,3996.59,2025-12,0.5484,0.367,17.0,31,705.12,308.85,13.0,0.0,2025-12-01,1.96,0.0,-3824.8099999999995,ok
ILC4112,Especial-ILC-hotel-JR-1Q,Especial,SC,"Florianópolis, SC","Florianópolis, SC, Jurerê Internacional",0.0,845,27508.67,14,9269.72,2025-12,0.9355,0.5069,29.0,31,1213.0,547.0,1.0,0.0,2025-12-01,2.97,0.0,-18238.949999999997,meta_subestimada
MCB0205,Balneario_Picarras-Geral-apartamento-SUP-2Q,Carteira 6,SC,"Balneário Piçarras, SC","Balneário Piçarras, SC, itacolomi",0.0,328,8047.98,77,6230.07,2025-12,0.4516,0.3874,14.0,31,683.43,322.0,16.0,30.0,2025-12-01,1.29,0.0,-1817.9099999999999,ok
MMD0403,Ilheus-Sul-apartamento-TOP-2Q,Carteira 2,BA,"Ilhéus, BA","Ilhéus, BA, São Francisco",4.0,217,1163.65,16,2952.6,2025-12,0.1852,0.2362,5.0,31,274.6,348.91,22.0,17.0,2025-12-01,0.39,1098.4,1788.9499999999998,crítico
NWT0417,Especial-NWT-apartamento-TOP-1Q,Carteira 5,AL,"Maceió, AL","Maceió, AL, Pajuçara",0.0,368,9009.9,34,4511.21,2025-12,0.6129,0.3523,19.0,31,509.21,455.42,12.0,0.0,2025-12-01,2.0,0.0,-4498.69,ok
NWT1313,Especial-NWT-apartamento-TOP-1Q,Carteira 5,AL,"Maceió, AL","Maceió, AL, Pajuçara",0.0,319,8157.2,34,4511.21,2025-12,0.5806,0.3523,18.0,31,742.22,480.0,12.0,9.0,2025-12-01,1.81,0.0,-3645.99,ok
PRJ025,Imbituba-Praia_do_Rosa-casa-SIM-1Q,Carteira 6,SC,"Imbituba, SC","Imbituba, SC, Ibiraquera",0.0,243,0.0,50,2822.42,2025-12,0.0,0.3355,0.0,31,0.0,221.4,30.0,0.0,2025-12-01,0.0,0.0,2822.42,crítico
RGK1202,Pocos_de_Caldas-Geral-apartamento-JR-2Q,Carteira 4,MG,"Poços de Caldas, MG","Poços de Caldas, MG, Vila Togni",0.0,13,0.0,53,1650.63,2025-12,0.0,0.301,0.0,31,0.0,272.7,30.0,0.0,2025-12-01,0.0,0.0,1650.63,crítico
RMM0206,Florianopolis-Ingleses_Centro-apartamento-SUP-2Q,Carteira 1,SC,"Florianópolis, SC","Florianópolis, SC, Ingleses do Rio Vermelho",0.0,61,3014.59,32,5109.56,2025-12,0.1613,0.4185,5.0,31,1200.0,526.44,25.0,0.0,2025-12-01,0.59,0.0,2094.9700000000003,atenção
RSJ0202,Ilheus-Sul-apartamento-JR-2Q,Carteira 2,BA,"Ilhéus, BA","Ilhéus, BA, Nossa Senhora da Vitória",0.0,364,636.96,17,4379.63,2025-12,0.129,0.2882,4.0,31,202.0,348.92,26.0,30.0,2025-12-01,0.15,0.0,3742.67,crítico
SOA0510,Salvador-Boca_do_Rio-apartamento-TOP-1Q,Carteira 2,BA,"Salvador, BA","Salvador, BA, Boca do Rio",0.0,304,0.0,16,2424.25,2025-12,0.0,0.3299,0.0,31,0.0,272.93,30.0,0.0,2025-12-01,0.0,0.0,2424.25,crítico
SYH334,Joao_Pessoa-Cabo_Branco-apartamento-TOP-1Q,Carteira 2,PB,"João Pessoa, PB","João Pessoa, PB, Cabo Branco",0.0,333,8553.07,49,4411.5,2025-12,0.7742,0.4509,24.0,31,419.92,228.33,6.0,0.0,2025-12-01,1.94,0.0,-4141.57,ok
VDV0014,Porto_Seguro-Pataxos-apartamento-JR-1Q,Carteira 2,BA,"Porto Seguro, BA","Porto Seguro, BA, Xamagunga",29.0,322,0.0,37,4001.03,2025-12,0.0,0.4913,0.0,31,0.0,210.0,2.0,0.0,2025-12-01,0.0,0.0,4001.03,crítico
VST005,Especial-VST-casa-TOP-1Q,Carteira 5,SC,"Anitápolis, SC","Anitápolis, SC, Rio dos Pinheiros",0.0,518,4322.81,47,2992.0,2025-12,0.5484,0.1608,17.0,31,308.12,244.07,14.0,12.0,2025-12-01,1.44,0.0,-1330.8100000000004,ok
CLC0104,Florianopolis-Rio_Tavares-apartamento-SUP-2Q,Carteira 1,SC,"Florianópolis, SC","Florianópolis, SC, Campeche Central",2.0,49,1908.72,11,6964.58,2025-12,0.2069,0.337,6.0,31,356.38,532.35,20.0,0.0,2025-12-01,0.27,712.76,5055.86,crítico
COL102,Bombinhas-Bombas-apartamento-SUP-3Q,Carteira 6,SC,"Bombinhas, SC","Bombinhas, SC, Bombas",4.0,1124,10328.4,22,9425.37,2025-12,0.6667,0.4566,18.0,31,664.06,1310.22,9.0,0.0,2025-12-01,1.1,2656.24,-903.0299999999988,berlinda
CON0101,Itapema-Meia_Praia-Norte-apartamento-SUP-3Q,Carteira 6,SC,"Itapema, SC","Itapema, SC, Meia Praia",7.0,292,11142.11,44,8175.3,2025-12,0.8333,0.3915,20.0,31,820.65,404.75,4.0,24.0,2025-12-01,1.36,5744.55,-2966.8100000000004,ok
CST0905,Itajai-Centro-apartamento-JR-1Q,Carteira 6,SC,"Itajaí, SC","Itajaí, SC, Centro",0.0,146,2249.17,14,1715.35,2025-12,0.2903,0.291,9.0,31,297.11,252.55,22.0,0.0,2025-12-01,1.31,0.0,-533.8200000000002,ok
CZZ0304,Urubici-Geral-apartamento-SUP-1Q,Especial,SC,"Urubici, SC","Urubici, SC, Centro",0.0,243,669.36,53,1627.27,2025-12,0.0968,0.1854,3.0,31,280.0,364.37,27.0,0.0,2025-12-01,0.41,0.0,957.91,crítico
DLH0302,Gramado-Centro-apartamento-TOP-2Q,Carteira 4,RS,"Gramado, RS","Gramado, RS, Centro",1.0,509,20053.11,57,13003.3,2025-12,0.9,0.6323,27.0,31,951.48,442.0,3.0,0.0,2025-12-01,1.54,951.48,-7049.810000000001,ok
DNAG1701,Goiania-Central-apartamento-TOP-1Q,Carteira 1_sys-price,GO,"Goiânia, GO","Goiânia, GO, Setor Bueno",0.0,777,832.72,33,1517.3,2025-12,0.1613,0.1649,5.0,31,200.4,217.54,26.0,14.0,2025-12-01,0.55,0.0,684.5799999999999,atenção
DNAG1702,Goiania-Central-apartamento-TOP-1Q,Carteira 1_sys-price,GO,"Goiânia, GO","Goiânia, GO, Setor Bueno",0.0,137,2150.59,33,1517.3,2025-12,0.4194,0.1649,13.0,31,205.92,260.28,18.0,8.0,2025-12-01,1.42,0.0,-633.2900000000002,ok
EDF1605,Salvador-Ondina_Rio_Vermelho-apartamento-TOP-1Q,Carteira 2,BA,"Salvador, BA","Salvador, BA, Rio Vermelho",0.0,105,2692.38,45,3276.93,2025-12,0.3548,0.354,11.0,31,321.91,339.4,20.0,0.0,2025-12-01,0.82,0.0,584.5499999999997,berlinda
EUB1602,Salvador-Barra-apartamento-SUP-1Q,Carteira 2,BA,"Salvador, BA","Salvador, BA, Barra",24.0,315,1059.87,227,2961.11,2025-12,1.0,0.3641,7.0,31,173.71,,0.0,0.0,2025-12-01,0.36,4169.04,1901.2400000000002,crítico
FDL103,Bombinhas-Bombas-apartamento-SUP-2Q,Carteira 6,SC,"Bombinhas, SC","Bombinhas, SC, Bombas",0.0,1273,8725.77,70,5557.26,2025-12,0.7097,0.3202,22.0,31,483.68,550.56,9.0,0.0,2025-12-01,1.57,0.0,-3168.51,ok
HFO0208,Salvador-UFBA-apartamento-SUP-1Q,Carteira 2,BA,"Salvador, BA","Salvador, BA, Federação",0.0,90,115.53,472,2633.51,2025-12,0.0323,0.3616,1.0,31,124.0,209.07,30.0,0.0,2025-12-01,0.04,0.0,2517.98,crítico
JMA125,Florianopolis-Jurere_Longe-apartamento-JR-1Q,Carteira 1,SC,"Florianópolis, SC","Florianópolis, SC, Jurerê",0.0,235,0.0,42,3939.68,2025-12,0.0,0.3823,0.0,31,0.0,387.97,30.0,0.0,2025-12-01,0.0,0.0,3939.68,crítico
JRR303,Florianopolis-Jurere_Tradicional-apartamento-TOP-2Q,Carteira 1,SC,"Florianópolis, SC","Florianópolis, SC, Jurerê",0.0,1461,12574.3,19,16085.6,2025-12,0.3226,0.5638,10.0,31,1776.4,730.35,20.0,0.0,2025-12-01,0.78,0.0,3511.300000000001,atenção
LIV1004,Salvador-Graca-apartamento-TOP-1Q,Especial,BA,"Salvador, BA","Salvador, BA, Vitória",0.0,187,1455.52,15,3185.45,2025-12,0.2258,0.3946,7.0,31,250.14,348.25,24.0,20.0,2025-12-01,0.46,0.0,1729.9299999999998,crítico
MCB0807,Balneario_Picarras-Geral-apartamento-JR-2Q,Carteira 6,SC,"Balneário Piçarras, SC","Balneário Piçarras, SC, itacolomi",1.0,160,3055.36,52,4273.05,2025-12,0.4667,0.362,14.0,31,258.36,631.88,16.0,0.0,2025-12-01,0.72,258.36,1217.69,atenção
MHF1002,Itapema-Canto_Praia-apartamento-TOP-2Q,Carteira 5,SC,"Itapema, SC","Itapema, SC, Centro",0.0,339,1480.2,14,4620.28,2025-12,0.1613,0.2821,5.0,31,300.0,860.65,26.0,23.0,2025-12-01,0.32,0.0,3140.08,crítico
MHFA2007,Itapema-Canto_Praia-apartamento-SUP-1Q,Carteira 5,SC,"Itapema, SC","Itapema, SC, Centro",0.0,411,7742.97,16,5616.63,2025-12,0.6774,0.3721,21.0,31,428.95,365.33,9.0,30.0,2025-12-01,1.38,0.0,-2126.34,ok
NWT0404,Especial-NWT-apartamento-TOP-1Q,Carteira 5,AL,"Maceió, AL","Maceió, AL, Pajuçara",0.0,123,8832.53,34,4511.21,2025-12,0.7097,0.3523,22.0,31,525.91,336.44,9.0,0.0,2025-12-01,1.96,0.0,-4321.320000000001,ok
NWT0920,Especial-NWT-apartamento-TOP-1Q,Carteira 5,AL,"Maceió, AL","Maceió, AL, Pajuçara",0.0,244,7820.19,34,4511.21,2025-12,0.6129,0.3523,19.0,31,511.37,333.33,12.0,0.0,2025-12-01,1.73,0.0,-3308.9799999999996,ok
NWT0924,Especial-NWT-apartamento-TOP-1Q,Carteira 5,AL,"Maceió, AL","Maceió, AL, Pajuçara",0.0,244,2937.52,34,4511.21,2025-12,0.2903,0.3523,9.0,31,438.22,790.91,22.0,19.0,2025-12-01,0.65,0.0,1573.69,atenção
NWT1007,Especial-NWT-apartamento-TOP-1Q,Carteira 5,AL,"Maceió, AL","Maceió, AL, Pajuçara",0.0,229,4387.7,34,4511.21,2025-12,0.5806,0.3523,18.0,31,311.0,710.62,13.0,0.0,2025-12-01,0.97,0.0,123.51000000000022,berlinda
NWT1323,Especial-NWT-apartamento-TOP-1Q,Carteira 5,AL,"Maceió, AL","Maceió, AL, Pajuçara",0.0,314,7244.36,34,4511.21,2025-12,0.6129,0.3523,19.0,31,481.37,408.25,12.0,0.0,2025-12-01,1.61,0.0,-2733.1499999999996,ok
PRN0003,Imbituba-Praia_do_Rosa-casa-JR-2Q,Carteira 6,SC,"Imbituba, SC","Imbituba, SC, Ibiraquera",0.0,206,4388.11,37,3641.4,2025-12,0.3548,0.2598,11.0,31,489.36,221.21,19.0,0.0,2025-12-01,1.21,0.0,-746.7099999999996,ok
SMT1121,Salvador-Boca_do_Rio-apartamento-TOP-1Q,Carteira 2,BA,"Salvador, BA","Salvador, BA, Jardim Armação",0.0,62,2518.11,16,2424.25,2025-12,0.2903,0.3299,9.0,31,337.78,301.64,22.0,0.0,2025-12-01,1.04,0.0,-93.86000000000013,berlinda
SOA0602,Salvador-Boca_do_Rio-apartamento-SUP-2Q,Carteira 2,BA,"Salvador, BA","Salvador, BA, Boca do Rio",0.0,479,1853.58,16,2424.25,2025-12,0.2903,0.3299,9.0,31,256.67,335.48,21.0,0.0,2025-12-01,0.76,0.0,570.6700000000001,atenção
SOA0608,Salvador-Boca_do_Rio-apartamento-SUP-1Q,Carteira 2,BA,"Salvador, BA","Salvador, BA, Boca do Rio",0.0,360,816.35,31,2116.82,2025-12,0.1613,0.3383,5.0,31,178.58,276.84,19.0,0.0,2025-12-01,0.39,0.0,1300.4700000000003,crítico
STP0903,Guarapari-Centro-apartamento-JR-2Q,Carteira 4,ES,"Guarapari, ES","Guarapari, ES, Centro",0.0,180,1432.26,14,4385.95,2025-12,0.0645,0.388,2.0,31,893.0,290.57,28.0,0.0,2025-12-01,0.33,0.0,2953.6899999999996,crítico
TCO0409,Porto_Alegre-Centro_Historico-apartamento-SUP-1Q,Carteira 4,RS,"Porto Alegre, RS","Porto Alegre, RS, Centro Histórico",0.0,517,1162.08,85,1152.33,2025-12,0.3226,0.2626,10.0,31,129.0,166.29,21.0,0.0,2025-12-01,1.01,0.0,-9.75,berlinda
TDB0101,Florianopolis-Ingleses_Norte-apartamento-SUP-2Q,Carteira 1,SC,"Florianópolis, SC","Florianópolis, SC, Ingleses Norte",0.0,318,3082.62,81,7270.99,2025-12,0.1935,0.4033,6.0,31,661.67,719.0,24.0,0.0,2025-12-01,0.42,0.0,4188.37,crítico
TPS106,Florianopolis-Canasvieiras_Meio-apartamento-TOP-1Q,Carteira 1,SC,"Florianópolis, SC","Florianópolis, SC, Canasvieiras",0.0,1047,1750.92,25,5708.6,2025-12,0.1935,0.4133,6.0,31,354.5,597.71,24.0,0.0,2025-12-01,0.31,0.0,3957.6800000000003,crítico
UPP0614,Curitiba-Centro-apartamento-JR-1Q,Carteira 4_sys-price,PR,"Curitiba, PR","Curitiba, PR, Alto da XV",0.0,56,2863.78,227,1822.41,2025-12,0.6129,0.3741,19.0,31,168.95,180.55,11.0,0.0,2025-12-01,1.57,0.0,-1041.3700000000001,ok
VNVA0801,Itapema-Praia_Centro-apartamento-SUP-2Q,Carteira 6,SC,"Itapema, SC","Itapema, SC, Tabuleiro dos Oliveiras",6.0,194,4972.53,16,7647.8,2025-12,0.56,0.3714,14.0,31,427.21,269.27,11.0,0.0,2025-12-01,0.65,2563.2599999999998,2675.2700000000004,atenção
ZAH0811,Sao_Paulo-Bela_Vista-apartamento-TOP-1Q,Carteira 4_sys-price,SP,"São Paulo, SP","São Paulo, SP, Paraíso",0.0,150,2115.65,198,2582.94,2025-12,0.2258,0.3786,7.0,31,307.43,249.63,24.0,0.0,2025-12-01,0.82,0.0,467.28999999999996,berlinda
BBH1003,Balneario_Picarras-Geral-apartamento-TOP-2Q,Carteira 6,SC,"Balneário Piçarras, SC","Balneário Piçarras, SC, Itacolomi",0.0,439,8803.19,36,9156.13,2025-12,0.5806,0.4149,18.0,31,578.5,877.46,13.0,0.0,2025-12-01,0.96,0.0,352.9399999999987,berlinda
BHE0405,Brasilia-Setor_Hoteleiro-apartamento-SUP-1Q,Carteira 1_sys-price,DF,"Brasília, DF","Brasília, DF, Asa Sul",0.0,69,6208.27,132,3062.69,2025-12,0.8387,0.3791,26.0,31,301.58,275.8,5.0,0.0,2025-12-01,2.03,0.0,-3145.5800000000004,meta_subestimada
BOU0101,Florianopolis-Canasvieiras_Meio-apartamento-JR-1Q,Carteira 1,SC,"Florianópolis, SC","Florianópolis, SC, Canasvieiras",0.0,474,7294.41,36,3866.72,2025-12,0.6452,0.4029,20.0,31,509.0,234.2,10.0,0.0,2025-12-01,1.89,0.0,-3427.69,ok
ELF0403,Bombinhas-Bombas-apartamento-SUP-1Q,Especial,SC,"Bombinhas, SC","Bombinhas, SC, José Amândio",3.0,215,10283.86,33,4887.09,2025-12,0.8571,0.3346,24.0,31,515.71,399.0,4.0,3.0,2025-12-01,2.1,1547.13,-5396.77,meta_subestimada
ELF0609,Bombinhas-Bombas-apartamento-SUP-1Q,Especial,SC,"Bombinhas, SC","Bombinhas, SC, José Amândio",14.0,186,6778.52,33,4887.09,2025-12,1.0,0.3346,17.0,31,482.35,,0.0,12.0,2025-12-01,1.39,6752.900000000001,-1891.4300000000003,ok
ESN0505,Salvador-Ondina_Rio_Vermelho-apartamento-TOP-1Q,Carteira 2,BA,"Salvador, BA","Salvador, BA, Rio Vermelho",0.0,259,6803.47,45,3276.93,2025-12,0.7097,0.354,22.0,31,376.23,327.44,9.0,0.0,2025-12-01,2.08,0.0,-3526.5400000000004,meta_subestimada
ESR1912,Curitiba-Batel-apartamento-TOP-1Q,Carteira 4,PR,"Curitiba, PR","Curitiba, PR, Centro",0.0,686,3208.78,17,5428.79,2025-12,0.4839,0.3155,15.0,31,249.87,459.63,16.0,0.0,2025-12-01,0.59,0.0,2220.0099999999998,atenção
ETL2702,Balneario_Camboriu-Norte-apartamento-MASTER-4Q,Carteira 6,SC,"Balneário Camboriú, SC","Balneário Camboriú, SC, Pioneiros",2.0,364,3425.88,19,16058.63,2025-12,0.1379,0.3309,4.0,31,1400.25,4462.5,24.0,3.0,2025-12-01,0.21,2800.5,12632.75,crítico
FOS0002,Mata_de_Sao_Joao-Praia_Imbassai-apartamento-SUP-2Q,Carteira 2,BA,"Mata de São João, BA","Mata de São João, BA, Imbassaí",31.0,13,0.0,15,4774.76,2025-12,,0.334,0.0,31,0.0,,0.0,10.0,2025-12-01,0.0,0.0,4774.76,crítico
GDP0010,Brasilia-Asa_Sul-apartamento-JR-1Q,Carteira 1_sys-price,DF,"Brasília, DF","Brasília, DF, Asa Sul",0.0,220,1810.27,200,1359.46,2025-12,0.3548,0.3417,11.0,31,241.09,206.55,20.0,0.0,2025-12-01,1.33,0.0,-450.80999999999995,ok
IFT1304,Itapema-Meia_Praia-Norte-apartamento-TOP-1Q,Carteira 6,SC,"Itapema, SC","Itapema, SC, Meia Praia",0.0,278,5790.8,34,8039.05,2025-12,0.5161,0.47,16.0,31,416.94,642.53,15.0,2.0,2025-12-01,0.72,0.0,2248.25,atenção
IHD0101,Florianopolis-Jurere_Longe-apartamento-TOP-2Q,Carteira 1,SC,"Florianópolis, SC","Florianópolis, SC, Jurerê Internacional",3.0,69,7161.6,12,15340.25,2025-12,0.4286,0.5153,12.0,31,683.17,943.5,16.0,0.0,2025-12-01,0.47,2049.5099999999998,8178.65,crítico
JAO0368,Ubatuba-Estufa-casa-JR-2Q,Carteira 1,SP,"Ubatuba, SP","Ubatuba, SP, Estufa II",0.0,10,0.0,14,3713.68,2025-12,0.0,0.2632,0.0,31,0.0,712.93,30.0,0.0,2025-12-01,0.0,0.0,3713.68,crítico
JCS0004,Penha-Longe-casa-SUP-1Q,Carteira 6,SC,"Penha, SC","Penha, SC, Armação",0.0,356,5303.67,46,3282.53,2025-12,0.5484,0.3242,17.0,31,383.29,184.5,16.0,0.0,2025-12-01,1.62,0.0,-2021.1399999999999,ok
MCG0006,Porto_Seguro-Pitinga-casa-JR-3Q,Carteira 2,BA,"Porto Seguro, BA","Porto Seguro, BA, Arraial DAjuda",0.0,360,8026.37,11,9112.05,2025-12,0.2581,0.2866,8.0,31,1543.12,711.27,22.0,30.0,2025-12-01,0.88,0.0,1085.6799999999994,berlinda
MHF0508,Itapema-Canto_Praia-apartamento-TOP-2Q,Carteira 5,SC,"Itapema, SC","Itapema, SC, Centro",0.0,418,9814.6,14,4620.28,2025-12,0.7419,0.2821,23.0,31,493.74,1074.13,8.0,0.0,2025-12-01,2.12,0.0,-5194.320000000001,meta_subestimada
MRS0402,Bombinhas-Bombas-apartamento-SUP-3Q,Carteira 6,SC,"Bombinhas, SC","Bombinhas, SC, Bombas",11.0,33,1351.95,22,9425.37,2025-12,0.15,0.4566,3.0,31,648.0,388.63,16.0,0.0,2025-12-01,0.14,7128.0,8073.420000000001,crítico
NWT0603,Especial-NWT-apartamento-TOP-1Q,Carteira 5,AL,"Maceió, AL","Maceió, AL, Pajuçara",3.0,245,3412.0,34,4511.21,2025-12,0.5,0.3523,14.0,31,285.71,867.86,14.0,0.0,2025-12-01,0.76,857.1299999999999,1099.21,atenção
NWT1001,Especial-NWT-apartamento-TOP-1Q,Carteira 5,AL,"Maceió, AL","Maceió, AL, Pajuçara",0.0,229,11810.67,34,4511.21,2025-12,0.871,0.3523,27.0,31,631.22,297.0,4.0,0.0,2025-12-01,2.62,0.0,-7299.46,meta_subestimada
NWT1123,Especial-NWT-apartamento-TOP-1Q,Carteira 5,AL,"Maceió, AL","Maceió, AL, Pajuçara",0.0,151,1666.32,34,4511.21,2025-12,0.3871,0.3523,12.0,31,346.67,545.47,19.0,0.0,2025-12-01,0.37,0.0,2844.8900000000003,crítico
OAG0507,Sao_Paulo-Pinheiros-apartamento-TOP-1Q,Carteira 4_sys-price,SP,"São Paulo, SP","São Paulo, SP, Cerqueira César",0.0,185,4486.0,231,3147.55,2025-12,0.5806,0.3479,18.0,31,300.5,256.69,13.0,0.0,2025-12-01,1.43,0.0,-1338.4499999999998,ok
PSO0601,Penha-Beto_Carrero-apartamento-SUP-1Q,Carteira 3,SC,"Penha, SC","Penha, SC, Praia de Armação do Itapocoroi",0.0,119,2488.38,15,2337.5,2025-12,0.3548,0.234,11.0,31,315.64,413.32,19.0,0.0,2025-12-01,1.06,0.0,-150.8800000000001,berlinda
RFM0017,Santa_Cruz_Cabralia-Coroa_Vermelha-apartamento-SUP-2Q,Carteira 2,BA,"Santa Cruz Cabrália, BA","Santa Cruz Cabrália, BA, Coroa Vermelha",0.0,221,0.0,60,5857.86,2025-12,0.0,0.4238,0.0,31,0.0,383.87,30.0,0.0,2025-12-01,0.0,0.0,5857.86,crítico
SKL0905,Penha-Praia-apartamento-SUP-2Q,Carteira 6,SC,"Penha, SC","Penha, SC, Armação",9.0,82,6611.76,52,6758.12,2025-12,0.5909,0.3902,13.0,31,623.15,476.44,9.0,0.0,2025-12-01,0.98,5608.349999999999,146.35999999999967,berlinda
SKL1204,Penha-Praia-apartamento-SUP-2Q,Carteira 6,SC,"Penha, SC","Penha, SC, Armação",0.0,73,11621.09,52,6758.12,2025-12,0.8387,0.3902,26.0,31,521.38,264.5,4.0,0.0,2025-12-01,1.72,0.0,-4862.97,ok
SPJ0201,Especial-SPJ-apartamento-TOP-1Q,Carteira 5,SC,"Florianópolis, SC","Florianópolis, SC, Jurerê",0.0,546,13764.96,15,9882.1,2025-12,0.6452,0.5496,20.0,31,790.2,586.4,10.0,0.0,2025-12-01,1.39,0.0,-3882.8599999999988,ok
SPJ0302,Especial-SPJ-apartamento-TOP-1Q,Carteira 5,SC,"Florianópolis, SC","Florianópolis, SC, Jurerê",0.0,548,11894.99,15,9882.1,2025-12,0.7742,0.5496,24.0,31,667.0,598.29,7.0,0.0,2025-12-01,1.2,0.0,-2012.8899999999994,ok
SPT0203,Blumenau-Central-apartamento-JR-1Q,Carteira 4,SC,"Blumenau, SC","Blumenau, SC, Itoupava Seca",0.0,573,0.0,38,1526.08,2025-12,0.0,0.3331,0.0,31,0.0,145.83,30.0,27.0,2025-12-01,0.0,0.0,1526.08,crítico
THK0502,Sao_Paulo-Republica-apartamento-SUP-1Q,Carteira 4_sys-price,SP,"São Paulo, SP","São Paulo, SP, República",0.0,112,858.78,403,1530.0,2025-12,0.2258,0.3151,7.0,31,140.57,148.13,23.0,0.0,2025-12-01,0.56,0.0,671.22,atenção
TPS210,Florianopolis-Canasvieiras_Meio-apartamento-TOP-1Q,Carteira 1,SC,"Florianópolis, SC","Florianópolis, SC, Canasvieiras",0.0,711,0.0,25,5708.6,2025-12,0.0,0.4133,0.0,31,0.0,582.1,30.0,0.0,2025-12-01,0.0,0.0,5708.6,crítico
TRS0005,Penha-Beto_Carrero-casa-JR-1Q,Carteira 3,SC,"Penha, SC","Penha, SC, Armação",0.0,194,1115.61,12,3000.47,2025-12,0.2581,0.3844,8.0,31,176.5,275.55,22.0,0.0,2025-12-01,0.37,0.0,1884.86,crítico
UPP0405,Curitiba-Centro-apartamento-JR-1Q,Carteira 6_sys-price,PR,"Curitiba, PR","Curitiba, PR, Alto da XV",0.0,18,0.0,227,1822.41,2025-12,0.0,0.3741,0.0,31,0.0,154.3,30.0,0.0,2025-12-01,0.0,0.0,1822.41,crítico
UPP0411,Curitiba-Centro-apartamento-JR-1Q,Carteira 4_sys-price,PR,"Curitiba, PR","Curitiba, PR, Alto da XV",0.0,26,473.6,227,1822.41,2025-12,0.129,0.3741,4.0,31,144.5,156.5,26.0,0.0,2025-12-01,0.26,0.0,1348.81,crítico
UPP0515,Curitiba-Centro-apartamento-JR-1Q,Carteira 4_sys-price,PR,"Curitiba, PR","Curitiba, PR, Alto da XV",0.0,52,99.45,227,1822.41,2025-12,0.0323,0.3741,1.0,31,130.0,155.14,29.0,0.0,2025-12-01,0.05,0.0,1722.96,crítico
VAC0601,Barra_Velha-Tabuleiro-apartamento-TOP-2Q,Carteira 3,SC,"Barra Velha, SC","Barra Velha, SC, Itajuba",0.0,189,11891.08,54,5693.67,2025-12,0.871,0.3328,27.0,31,552.7,199.5,2.0,0.0,2025-12-01,2.09,0.0,-6197.41,meta_subestimada
VST032,Especial-VST-casa-TOP-1Q,Carteira 5,SC,"Anitápolis, SC","Anitápolis, SC, Rio dos Pinheiros",1.0,517,4196.97,47,2992.0,2025-12,0.5333,0.1608,16.0,31,325.38,355.85,13.0,0.0,2025-12-01,1.4,325.38,-1204.9700000000003,ok
ASR204,Florianopolis-Santinho-apartamento-TOP-2Q,Carteira 1,SC,"Florianópolis, SC","Florianópolis, SC, Ingleses do Rio Vermelho",0.0,1474,12913.6,14,16695.13,2025-12,0.4516,0.5742,14.0,31,1216.21,953.75,16.0,18.0,2025-12-01,0.77,0.0,3781.5300000000007,atenção
BTR0302,Balneario_Camboriu-Intermediario-apartamento-JR-2Q,Carteira 6,SC,"Balneário Camboriú, SC","Balneário Camboriú, SC, Centro",14.0,711,5597.74,42,4496.41,2025-12,0.5882,0.3127,10.0,31,662.0,558.57,7.0,0.0,2025-12-01,1.24,9268.0,-1101.33,ok
CII0602,Porto_Belo-Geral-apartamento-SUP-2Q,Carteira 6,SC,"Porto Belo, SC","Porto Belo, SC, Perequê",0.0,465,580.52,34,5989.62,2025-12,0.129,0.3609,4.0,31,167.0,567.19,27.0,0.0,2025-12-01,0.1,0.0,5409.1,crítico
CNA003,Especial-CNA-casa-MASTER-1Q,Especial,SP,"Campos do Jordão, SP","Campos do Jordão, SP, Jardim Europa",0.0,1046,14828.35,25,6822.48,2025-12,0.5484,0.3355,17.0,31,921.94,724.57,14.0,0.0,2025-12-01,2.17,0.0,-8005.870000000001,meta_subestimada
CRR201,Florianopolis-Ribeirao-apartamento-SUP-2Q,Carteira 4,SC,"Florianópolis, SC","Florianópolis, SC, Ribeirão da Ilha",0.0,889,10305.2,43,3970.86,2025-12,0.871,0.4117,27.0,31,456.63,285.25,4.0,0.0,2025-12-01,2.6,0.0,-6334.34,meta_subestimada
CSG305,Florianopolis-Canasvieiras_Perto-apartamento-JR-1Q,Carteira 1,SC,"Florianópolis, SC","Florianópolis, SC, Canasvieiras",0.0,1379,0.0,57,4570.38,2025-12,0.0,0.3788,0.0,31,0.0,495.3,30.0,0.0,2025-12-01,0.0,0.0,4570.38,crítico
ECH504,Florianopolis-Centrao-apartamento-TOP-1Q,Carteira 4,SC,"Florianópolis, SC","Florianópolis, SC, Centro",0.0,614,5620.87,29,2680.69,2025-12,0.4839,0.3111,15.0,31,502.67,367.75,16.0,0.0,2025-12-01,2.1,0.0,-2940.18,meta_subestimada
ELF0410,Bombinhas-Bombas-apartamento-SUP-1Q,Especial,SC,"Bombinhas, SC","Bombinhas, SC, José Amândio",0.0,112,2578.66,33,4887.09,2025-12,0.2581,0.3346,8.0,31,376.5,900.86,22.0,26.0,2025-12-01,0.53,0.0,2308.4300000000003,atenção
ELU207,Florianopolis-Jurere_Tradicional-apartamento-TOP-1Q,Carteira 1,SC,"Florianópolis, SC","Florianópolis, SC, Jurerê",0.0,922,11334.72,17,10221.67,2025-12,0.3871,0.5494,12.0,31,1086.0,578.89,19.0,0.0,2025-12-01,1.11,0.0,-1113.0499999999993,ok
HOX1010,Sao_Paulo-Pinheiros-apartamento-SUP-1Q,Carteira 4_sys-price,SP,"São Paulo, SP","São Paulo, SP, Pinheiros",0.0,167,468.94,375,2368.89,2025-12,0.0645,0.3215,2.0,31,275.0,275.0,25.0,0.0,2025-12-01,0.2,0.0,1899.9499999999998,crítico
IDVB2103,Goiania-Central-2-apartamento-TOP-1Q,Carteira 1_sys-price,GO,"Goiânia, GO","Goiânia, GO, Setor Oeste",0.0,66,2706.63,18,1698.3,2025-12,0.4839,0.1384,15.0,31,247.0,293.69,16.0,0.0,2025-12-01,1.59,0.0,-1008.3300000000002,ok
JBV167,Especial-JBV-hotel-TOP-1Q,Especial,SC,"Florianópolis, SC","Florianópolis, SC, Jurerê",0.0,1151,32136.15,30,13774.65,2025-12,0.9677,0.6331,30.0,31,1336.33,793.0,1.0,0.0,2025-12-01,2.33,0.0,-18361.5,meta_subestimada
JFM0101,Florianopolis-Beira_Mar-apartamento-JR-2Q,Carteira 4,SC,"Florianópolis, SC","Florianópolis, SC, Centro",0.0,147,5674.99,26,3962.95,2025-12,0.5806,0.3364,18.0,31,401.78,316.38,13.0,0.0,2025-12-01,1.43,0.0,-1712.04,ok
MLU0306,Gramado-Geral-apartamento-SUP-1Q,Carteira 4,RS,"Gramado, RS","Gramado, RS, Bavaria",0.0,130,10986.77,100,7627.56,2025-12,0.8387,0.6333,26.0,31,506.92,630.0,5.0,0.0,2025-12-01,1.44,0.0,-3359.21,ok
NWT0304,Especial-NWT-apartamento-TOP-1Q,Carteira 5,AL,"Maceió, AL","Maceió, AL, Pajuçara",1.0,377,4349.41,34,4511.21,2025-12,0.5667,0.3523,17.0,31,306.65,697.54,13.0,0.0,2025-12-01,0.96,306.65,161.80000000000018,berlinda
NWT1421,Especial-NWT-apartamento-TOP-1Q,Carteira 5,AL,"Maceió, AL","Maceió, AL, Pajuçara",0.0,382,9536.94,34,4511.21,2025-12,0.7097,0.3523,22.0,31,549.32,451.67,9.0,0.0,2025-12-01,2.11,0.0,-5025.7300000000005,meta_subestimada
PLA0310,Curitiba-Boa_Vista-apartamento-SUP-1Q,Carteira 4,PR,"Curitiba, PR","Curitiba, PR, Boa Vista",0.0,32,776.9,19,2711.96,2025-12,0.2258,0.5843,7.0,31,138.14,187.96,23.0,0.0,2025-12-01,0.29,0.0,1935.06,crítico
REK0001,Penha-Beto_Carrero-casa-JR-2Q,Carteira 3,SC,"Penha, SC","Penha, SC, Armação",0.0,96,6315.28,24,4213.12,2025-12,0.5806,0.3185,18.0,31,422.61,224.54,13.0,0.0,2025-12-01,1.5,0.0,-2102.16,ok
RNA0303,Bombinhas-Mariscal-apartamento-TOP-3Q,Carteira 6,SC,"Bombinhas, SC","Bombinhas, SC, Canto Grande",7.0,712,11265.62,11,11282.34,2025-12,0.7083,0.4206,17.0,31,883.94,1513.0,6.0,12.0,2025-12-01,1.0,6187.58,16.719999999999345,berlinda
SMT0322,Salvador-Boca_do_Rio-apartamento-TOP-1Q,Carteira 2,BA,"Salvador, BA","Salvador, BA, Armação",7.0,48,0.0,16,2424.25,2025-12,0.0,0.3299,0.0,31,0.0,284.91,23.0,0.0,2025-12-01,0.0,0.0,2424.25,crítico
TCO0615,Porto_Alegre-Centro_Historico-apartamento-SUP-1Q,Carteira 4,RS,"Porto Alegre, RS","Porto Alegre, RS, Centro Histórico",0.0,585,1763.24,85,1152.33,2025-12,0.4516,0.2626,14.0,31,153.57,176.06,17.0,0.0,2025-12-01,1.53,0.0,-610.9100000000001,ok
VAC2205,Barra_Velha-Tabuleiro-apartamento-SUP-2Q,Carteira 3,SC,"Barra Velha, SC","Barra Velha, SC, Itajuba",2.0,634,7248.17,13,6520.77,2025-12,0.4483,0.2727,13.0,31,666.46,362.67,15.0,0.0,2025-12-01,1.11,1332.92,-727.3999999999996,ok
VST001,Especial-VST-casa-TOP-1Q,Carteira 5,SC,"Anitápolis, SC","Anitápolis, SC, Rio dos Pinheiros",0.0,153,2206.92,47,2992.0,2025-12,0.3548,0.1608,11.0,31,247.09,301.11,19.0,0.0,2025-12-01,0.74,0.0,785.0799999999999,atenção
CAC106,Florianopolis-Ingleses_Praia-apartamento-JR-2Q,Carteira 1,SC,"Florianópolis, SC","Florianópolis, SC, Ingleses do Rio Vermelho",6.0,956,5968.46,44,5527.34,2025-12,0.4,0.4155,10.0,31,727.5,682.87,15.0,0.0,2025-12-01,1.08,4365.0,-441.1199999999999,berlinda
CSI1906,Balneario_Picarras-Geral-apartamento-SUP-2Q,Carteira 6,SC,"Balneário Piçarras, SC","Balneário Piçarras, SC, Centro",12.0,45,697.25,77,6230.07,2025-12,0.2632,0.3874,5.0,31,147.8,221.14,14.0,0.0,2025-12-01,0.11,1773.6000000000001,5532.82,crítico
EEP0802,Guarapari-Centro-apartamento-SUP-1Q,Carteira 4,ES,"Guarapari, ES","Guarapari, ES, São Judas Tadeu",2.0,144,2905.26,31,2639.45,2025-12,0.5862,0.3347,17.0,31,230.24,368.45,11.0,0.0,2025-12-01,1.1,460.48,-265.8100000000004,ok
EUB0902,Salvador-Barra-apartamento-SUP-1Q,Carteira 2,BA,"Salvador, BA","Salvador, BA, Barra",0.0,356,3050.14,227,2961.11,2025-12,0.3226,0.3641,10.0,31,356.4,233.38,21.0,0.0,2025-12-01,1.03,0.0,-89.02999999999975,berlinda
HBW2317,Sao_Paulo-Pinheiros-apartamento-TOP-1Q,Carteira 4_sys-price,SP,"São Paulo, SP","São Paulo, SP, Pinheiros",0.0,84,4366.08,231,3147.55,2025-12,0.6774,0.3479,21.0,31,269.48,276.1,10.0,0.0,2025-12-01,1.39,0.0,-1218.5299999999997,ok
IBL103,Porto_Belo-Geral-apartamento-JR-2Q,Carteira 6,SC,"Porto Belo, SC","Porto Belo, SC, Perequê",0.0,808,1759.2,13,5440.47,2025-12,0.2903,0.3096,9.0,31,238.89,517.41,22.0,0.0,2025-12-01,0.32,0.0,3681.2700000000004,crítico
JBV108,Especial-JBV-hotel-TOP-1Q,Especial,SC,"Florianópolis, SC","Florianópolis, SC, Jurerê",13.0,1734,9574.74,30,13774.65,2025-12,0.7778,0.6331,14.0,31,772.21,666.25,4.0,0.0,2025-12-01,0.7,10038.73,4199.91,atenção
JBV328,Especial-JBV-hotel-TOP-1Q,Especial,SC,"Florianópolis, SC","Florianópolis, SC, Jurerê Internacional",0.0,1230,17215.0,30,13774.65,2025-12,0.7097,0.6331,22.0,31,1021.68,2180.89,9.0,0.0,2025-12-01,1.25,0.0,-3440.3500000000004,ok
MHF1705,Itapema-Canto_Praia-apartamento-TOP-1Q,Carteira 5,SC,"Itapema, SC","Itapema, SC, Centro",0.0,530,7193.8,14,6337.8,2025-12,0.5161,0.3918,16.0,31,675.06,521.33,15.0,0.0,2025-12-01,1.14,0.0,-856.0,ok
MRN302,Balneario_Camboriu-Intermediario-apartamento-JR-2Q,Carteira 6,SC,"Balneário Camboriú, SC","Balneário Camboriú, SC, Centro",5.0,584,330.33,42,4496.41,2025-12,0.1154,0.3127,3.0,31,131.0,325.61,23.0,19.0,2025-12-01,0.07,655.0,4166.08,crítico
NWT0915,Especial-NWT-apartamento-TOP-1Q,Carteira 5,AL,"Maceió, AL","Maceió, AL, Pajuçara",0.0,251,7607.78,34,4511.21,2025-12,0.6452,0.3523,20.0,31,421.2,305.82,11.0,0.0,2025-12-01,1.69,0.0,-3096.5699999999997,ok
NWT1404,Especial-NWT-apartamento-TOP-1Q,Carteira 5,AL,"Maceió, AL","Maceió, AL, Pajuçara",3.0,287,7261.67,34,4511.21,2025-12,0.6071,0.3523,17.0,31,541.47,338.27,11.0,0.0,2025-12-01,1.61,1624.41,-2750.46,ok
POR204,Florianopolis-Ingleses_Norte-apartamento-TOP-3Q,Carteira 1,SC,"Florianópolis, SC","Florianópolis, SC, Ingleses do Rio Vermelho",2.0,1861,6409.92,16,10428.23,2025-12,0.2759,0.3849,8.0,31,1197.5,1496.7,20.0,0.0,2025-12-01,0.61,2395.0,4018.3099999999995,atenção
PPB1206,Goiania-Central-apartamento-SUP-2Q,Carteira 1_sys-price,GO,"Goiânia, GO","Goiânia, GO, Setor Bueno",0.0,787,1669.21,45,1792.24,2025-12,0.2903,0.2432,9.0,31,256.67,283.86,22.0,12.0,2025-12-01,0.93,0.0,123.02999999999997,berlinda
PSO0604,Penha-Beto_Carrero-apartamento-SUP-1Q,Carteira 3,SC,"Penha, SC","Penha, SC, Praia de Armação do Itapocoroi",1.0,131,3970.08,15,2337.5,2025-12,0.4667,0.234,14.0,31,352.93,602.94,16.0,0.0,2025-12-01,1.7,352.93,-1632.58,ok
PSOB1103,Penha-Beto_Carrero-apartamento-SUP-1Q,Carteira 3,SC,"Penha, SC","Penha, SC, Praia de Armação do Itapocoroi",0.0,129,5420.83,15,2337.5,2025-12,0.5806,0.234,18.0,31,354.5,573.77,13.0,0.0,2025-12-01,2.32,0.0,-3083.33,meta_subestimada
RVN2003,Itapema-Praia_Centro-apartamento-SUP-2Q,Carteira 6,SC,"Itapema, SC","Itapema, SC, Tabuleiro dos Oliveiras",4.0,361,5220.96,16,7647.8,2025-12,0.4444,0.3714,12.0,31,562.75,307.47,15.0,0.0,2025-12-01,0.68,2251.0,2426.84,atenção
SCO0016,Florianopolis-Campeche-apartamento-JR-2Q,Carteira 1,SC,"Florianópolis, SC","Florianópolis, SC, Campeche",0.0,237,3158.88,27,2919.75,2025-12,0.0968,0.2878,3.0,31,1250.0,367.63,27.0,0.0,2025-12-01,1.08,0.0,-239.1300000000001,berlinda
SMA0916,Salvador-Pituba_Praia-apartamento-SUP-1Q,Carteira 5,BA,"Salvador, BA","Salvador, BA, Amaralina",0.0,96,2485.26,13,1623.08,2025-12,0.5806,0.3478,18.0,31,181.44,350.38,13.0,0.0,2025-12-01,1.53,0.0,-862.1800000000003,ok
CBE105,Florianopolis-Canasvieiras_Perto-apartamento-JR-1Q,Carteira 1,SC,"Florianópolis, SC","Florianópolis, SC, Canasvieiras",0.0,1544,8730.24,57,4570.38,2025-12,0.7097,0.3788,22.0,31,513.18,456.78,9.0,0.0,2025-12-01,1.91,0.0,-4159.86,ok
EAB0201,Florianopolis-Ingleses_Norte-apartamento-SUP-2Q,Carteira 1,SC,"Florianópolis, SC","Florianópolis, SC, Ingleses do Rio Vermelho",0.0,746,7265.88,81,7270.99,2025-12,0.5161,0.4033,16.0,31,537.25,956.13,15.0,0.0,2025-12-01,1.0,0.0,5.109999999999673,berlinda
EDG401,Balneario_Camboriu-Centro-apartamento-JR-3Q,Carteira 6,SC,"Balneário Camboriú, SC","Balneário Camboriú, SC, Centro",0.0,987,13016.3,46,7127.36,2025-12,0.6129,0.3862,19.0,31,960.58,359.09,11.0,0.0,2025-12-01,1.83,0.0,-5888.94,ok
FOS0003,Mata_de_Sao_Joao-Praia_Imbassai-apartamento-SUP-2Q,Carteira 2,BA,"Mata de São João, BA","Mata de São João, BA, Imbassaí",31.0,13,0.0,15,4774.76,2025-12,,0.334,0.0,31,0.0,,0.0,10.0,2025-12-01,0.0,0.0,4774.76,crítico
FOS0004,Mata_de_Sao_Joao-Praia_Imbassai-apartamento-SUP-2Q,Carteira 2,BA,"Mata de São João, BA","Mata de São João, BA, Imbassaí",31.0,13,0.0,15,4774.76,2025-12,,0.334,0.0,31,0.0,,0.0,10.0,2025-12-01,0.0,0.0,4774.76,crítico
JBV465,Especial-JBV-hotel-JR-1Q,Especial,SC,"Florianópolis, SC","Florianópolis, SC, Jurerê",0.0,1872,21902.39,23,10939.33,2025-12,0.8065,0.5584,25.0,31,1150.08,963.67,6.0,0.0,2025-12-01,2.0,0.0,-10963.06,meta_subestimada
LVL001,Porto_Seguro-Ajuda_Intermediario-casa-TOP-4Q,Carteira 2,BA,"Porto Seguro, BA","Porto Seguro, BA, Arraial DAjuda",6.0,522,13944.56,13,20716.6,2025-12,0.6,0.3669,15.0,31,1488.67,621.0,9.0,16.0,2025-12-01,0.67,8932.02,6772.039999999999,atenção
MHF1109,Itapema-Canto_Praia-apartamento-TOP-2Q,Carteira 5,SC,"Itapema, SC","Itapema, SC, Centro",0.0,215,12448.34,14,4620.28,2025-12,0.7097,0.2821,22.0,31,679.68,730.89,9.0,0.0,2025-12-01,2.69,0.0,-7828.06,meta_subestimada
NWTA0607,Especial-NWT-apartamento-MASTER-1Q,Carteira 5,AL,"Maceió, AL","Maceió, AL, Pajuçara",0.0,216,4233.17,31,9341.25,2025-12,0.3871,0.6444,12.0,31,469.42,826.33,18.0,0.0,2025-12-01,0.45,0.0,5108.08,crítico
OKA101,Florianopolis-Campeche-apartamento-SUP-1Q,Carteira 1,SC,"Florianópolis, SC","Florianópolis, SC, Campeche",0.0,1083,5380.78,21,2822.43,2025-12,0.3871,0.2776,12.0,31,565.25,588.11,19.0,0.0,2025-12-01,1.91,0.0,-2558.35,ok
RJU8301,Bombinhas-Mariscal-casa-JR-3Q,Carteira 6,SC,"Bombinhas, SC","Bombinhas, SC, Mariscal",1.0,1020,3836.7,15,9732.5,2025-12,0.1,0.3507,3.0,31,1500.0,396.15,26.0,1.0,2025-12-01,0.39,1500.0,5895.8,crítico
RVG101,Florianopolis-Ingleses_Norte-apartamento-TOP-3Q,Carteira 1,SC,"Florianópolis, SC","Florianópolis, SC, Ingleses do Rio Vermelho",15.0,580,9301.95,16,10428.23,2025-12,0.9375,0.3849,15.0,31,819.67,1370.0,1.0,0.0,2025-12-01,0.89,12295.05,1126.2799999999988,berlinda
SAA0922,Salvador-Pituba_Praia-apartamento-TOP-1Q,Carteira 5,BA,"Salvador, BA","Salvador, BA, Amaralina",0.0,4,0.0,17,1908.54,2025-12,0.0,0.3504,0.0,31,0.0,268.5,30.0,0.0,2025-12-01,0.0,0.0,1908.54,crítico
STI108,Florianopolis-Ingleses_Centro-apartamento-TOP-1Q,Carteira 1,SC,"Florianópolis, SC","Florianópolis, SC, Ingleses do Rio Vermelho",0.0,1510,1838.2,34,5109.56,2025-12,0.2258,0.4208,7.0,31,328.86,590.52,23.0,0.0,2025-12-01,0.36,0.0,3271.3600000000006,crítico
VAC0603,Barra_Velha-Tabuleiro-apartamento-TOP-2Q,Carteira 3,SC,"Barra Velha, SC","Barra Velha, SC, Itajuba",0.0,346,1717.15,54,5693.67,2025-12,0.1613,0.3328,5.0,31,422.0,1149.04,25.0,30.0,2025-12-01,0.3,0.0,3976.52,crítico
VLE004,Bombinhas-Mariscal-apartamento-SIM-1Q,Carteira 6,SC,"Bombinhas, SC","Bombinhas, SC, Mariscal",0.0,1524,0.0,46,2402.63,2025-12,0.0,0.2551,0.0,31,0.0,383.63,30.0,27.0,2025-12-01,0.0,0.0,2402.63,crítico
VST004,Especial-VST-casa-TOP-1Q,Carteira 5,SC,"Anitápolis, SC","Anitápolis, SC, Rio dos Pinheiros",0.0,153,2530.41,47,2992.0,2025-12,0.3548,0.1608,11.0,31,294.15,319.5,18.0,0.0,2025-12-01,0.85,0.0,461.59000000000015,berlinda
VTD0706,Florianopolis-UFSC-apartamento-SUP-1Q,Carteira 4,SC,"Florianópolis, SC","Florianópolis, SC, Trindade",0.0,27,4930.66,50,3127.35,2025-12,0.5484,0.4234,17.0,31,330.12,289.64,14.0,0.0,2025-12-01,1.58,0.0,-1803.31,ok
BDR523,Florianopolis-Lagoa-apartamento-SUP-1Q,Carteira 1,SC,"Florianópolis, SC","Florianópolis, SC, Lagoa da Conceição",0.0,1314,4708.84,29,4977.73,2025-12,0.3226,0.5714,10.0,31,808.8,304.48,21.0,0.0,2025-12-01,0.95,0.0,268.8899999999994,berlinda
CAV0411,Recife-Boa_Viagem-Bairro-apartamento-JR-1Q,Carteira 2,PE,"Recife, PE","Recife, PE, Boa Viagem",0.0,257,2573.22,33,2112.44,2025-12,0.4516,0.3708,14.0,31,227.0,177.0,17.0,0.0,2025-12-01,1.22,0.0,-460.77999999999975,ok
CEE202,Cabo_Frio-Centro-apartamento-JR-3Q,Carteira 4,RJ,"Cabo Frio, RJ","Cabo Frio, RJ, Foguete",1.0,1329,3704.4,121,4697.07,2025-12,0.1,0.3249,3.0,31,1500.0,394.12,26.0,0.0,2025-12-01,0.79,1500.0,992.6699999999996,atenção
CMD0311,Guarapari-Nova_Guarapari-apartamento-SUP-1Q,Carteira 4,ES,"Guarapari, ES","Guarapari, ES, Enseada Azul",18.0,31,0.0,50,4600.63,2025-12,0.0,0.3827,0.0,31,0.0,361.38,13.0,0.0,2025-12-01,0.0,0.0,4600.63,crítico
ESB0310,Salvador-Barra-apartamento-SUP-1Q,Carteira 2,BA,"Salvador, BA","Salvador, BA, Barra",0.0,132,4291.92,227,2961.11,2025-12,0.3871,0.3641,12.0,31,429.33,331.56,18.0,0.0,2025-12-01,1.45,0.0,-1330.81,ok
FUA0003,Ubatuba-Praia_do_Lazaro-apartamento-JR-1Q,Carteira 4,SP,"Ubatuba, SP","Ubatuba, SP, Lázaro Praia Domingos Dias",0.0,63,844.04,24,5092.04,2025-12,0.129,0.4705,4.0,31,275.5,455.96,26.0,0.0,2025-12-01,0.17,0.0,4248.0,crítico
JBV165,Especial-JBV-hotel-JR-1Q,Especial,SC,"Florianópolis, SC","Florianópolis, SC, Jurerê",0.0,494,19983.81,23,10939.33,2025-12,0.7419,0.5584,23.0,31,1136.74,919.57,7.0,0.0,2025-12-01,1.83,0.0,-9044.480000000001,ok
MHE0114,Florianopolis-Cachoeira_Bom_Jesus-apartamento-MASTER-2Q,Carteira 1,SC,"Florianópolis, SC","Florianópolis, SC, Cachoeira do Bom Jesus",0.0,308,16109.71,11,16498.92,2025-12,0.6774,0.375,21.0,31,987.29,1888.7,10.0,0.0,2025-12-01,0.98,0.0,389.2099999999991,berlinda
MHF1909,Itapema-Canto_Praia-apartamento-TOP-2Q,Carteira 5,SC,"Itapema, SC","Itapema, SC, Centro",0.0,30,4195.43,14,4620.28,2025-12,0.4194,0.2821,13.0,31,432.15,780.83,18.0,0.0,2025-12-01,0.91,0.0,424.84999999999945,berlinda
MHFB0604,Itapema-Canto_Praia-apartamento-SUP-1Q,Carteira 5,SC,"Itapema, SC","Itapema, SC, Centro",0.0,487,2169.0,16,5616.63,2025-12,0.1935,0.3721,6.0,31,439.83,453.54,24.0,0.0,2025-12-01,0.39,0.0,3447.63,crítico
NWT0308,Especial-NWT-apartamento-TOP-1Q,Carteira 5,AL,"Maceió, AL","Maceió, AL, Pajuçara",0.0,405,3942.71,34,4511.21,2025-12,0.4194,0.3523,13.0,31,380.77,623.53,17.0,30.0,2025-12-01,0.87,0.0,568.5,berlinda
NWT1307,Especial-NWT-apartamento-TOP-1Q,Carteira 5,AL,"Maceió, AL","Maceió, AL, Pajuçara",0.0,175,5937.58,34,4511.21,2025-12,0.4516,0.3523,14.0,31,498.64,498.41,17.0,0.0,2025-12-01,1.32,0.0,-1426.37,ok
PVE0202,Guarapari-Nova_Guarapari-apartamento-JR-2Q,Carteira 4,ES,"Guarapari, ES","Guarapari, ES, Nova Guarapari",0.0,53,0.0,37,4349.45,2025-12,0.1935,0.344,6.0,31,855.83,295.75,24.0,0.0,2025-12-01,0.0,0.0,4349.45,crítico
RPV102,Florianopolis-Ingleses_Centro-apartamento-JR-3Q,Carteira 1,SC,"Florianópolis, SC","Florianópolis, SC, Ingleses do Rio Vermelho",8.0,468,0.0,211,6666.18,2025-12,0.0,0.3903,0.0,31,0.0,452.65,23.0,0.0,2025-12-01,0.0,0.0,6666.18,crítico
RST0206,Penha-Praia-casa-SUP-3Q,Carteira 6,SC,"Penha, SC","Penha, SC, Armação",7.0,298,9025.14,17,6172.12,2025-12,0.5,0.3727,12.0,31,1005.67,305.73,11.0,0.0,2025-12-01,1.46,7039.69,-2853.0199999999995,ok
SMT1008,Salvador-Boca_do_Rio-apartamento-SUP-1Q,Carteira 6,BA,"Salvador, BA","Salvador, BA, Jardim Armação",0.0,12,1567.36,31,2116.82,2025-12,0.3226,0.3383,10.0,31,200.3,264.81,21.0,0.0,2025-12-01,0.74,0.0,549.4600000000003,atenção
SQS0108,Brasilia-Asa_Sul-apartamento-SUP-2Q,Carteira 1_sys-price,DF,"Brasília, DF","Brasília, DF, Asa Sul",0.0,68,3560.49,16,3856.28,2025-12,0.4194,0.4846,13.0,31,330.92,274.5,18.0,0.0,2025-12-01,0.92,0.0,295.7900000000004,berlinda
STL0702,Camboriu-Tabuleiro-apartamento-TOP-2Q,Carteira 6,SC,"Balneário Camboriú, SC","Balneário Camboriú, SC, Vila Real",0.0,711,12176.16,100,6222.6,2025-12,0.7097,0.3293,22.0,31,742.5,464.88,8.0,28.0,2025-12-01,1.96,0.0,-5953.5599999999995,ok
TPS103,Florianopolis-Canasvieiras_Meio-apartamento-TOP-1Q,Carteira 1,SC,"Florianópolis, SC","Florianópolis, SC, Canasvieiras",0.0,1020,1990.48,25,5708.6,2025-12,0.2581,0.4133,8.0,31,350.0,607.09,22.0,0.0,2025-12-01,0.35,0.0,3718.1200000000003,crítico
TPS207,Florianopolis-Canasvieiras_Meio-apartamento-TOP-1Q,Carteira 1,SC,"Florianópolis, SC","Florianópolis, SC, Canasvieiras",0.0,1060,0.0,25,5708.6,2025-12,0.0,0.4133,0.0,31,0.0,523.33,30.0,0.0,2025-12-01,0.0,0.0,5708.6,crítico
VDE101,Florianopolis-Ingleses_Norte-apartamento-JR-2Q,Carteira 1,SC,"Florianópolis, SC","Florianópolis, SC, Ingleses do Rio Vermelho",13.0,556,3492.24,42,5378.27,2025-12,0.4444,0.3688,8.0,31,520.75,340.8,10.0,0.0,2025-12-01,0.65,6769.75,1886.0300000000007,atenção
VPS111,Guara-Geral-apartamento-JR-1Q,Carteira 1_sys-price,DF,"Brasília, DF","Brasília, DF, Zona Industrial Guará",0.0,664,2321.3,44,1221.43,2025-12,0.4839,0.3386,15.0,31,190.07,177.31,16.0,4.0,2025-12-01,1.9,0.0,-1099.8700000000001,ok
CAP0302,Gramado-Carniel-apartamento-TOP-2Q,Carteira 4,RS,"Gramado, RS","Gramado, RS, Carniel",0.0,720,13922.33,106,13389.07,2025-12,0.6774,0.6291,21.0,31,803.24,322.9,10.0,0.0,2025-12-01,1.04,0.0,-533.2600000000002,berlinda
CNU202,Florianopolis-Ingleses_Norte-apartamento-JR-2Q,Carteira 1,SC,"Florianópolis, SC","Florianópolis, SC, Ingleses do Rio Vermelho",0.0,1217,4660.5,42,5378.27,2025-12,0.1935,0.3688,6.0,31,962.5,443.17,24.0,0.0,2025-12-01,0.87,0.0,717.7700000000004,berlinda
EMA0201,Itapema-Meia_Praia-Sul-apartamento-TOP-3Q,Carteira 6,SC,"Itapema, SC","Itapema, SC, Meia Praia",8.0,262,15657.27,17,6306.24,2025-12,0.6522,0.334,15.0,31,1488.07,526.13,8.0,0.0,2025-12-01,2.48,11904.56,-9351.03,meta_subestimada
GSE0110,Cabedelo-Intermares-apartamento-MASTER-1Q,Carteira 2,PB,"João Pessoa, PB","João Pessoa, PB, Bessa",0.0,54,711.24,39,5144.2,2025-12,0.129,0.477,4.0,31,242.25,413.62,26.0,0.0,2025-12-01,0.14,0.0,4432.96,crítico
JBV134,Especial-JBV-hotel-JR-1Q,Especial,SC,"Florianópolis, SC","Florianópolis, SC, Jurerê",4.0,2001,13489.24,23,10939.33,2025-12,0.6667,0.5584,18.0,31,977.83,839.0,8.0,0.0,2025-12-01,1.23,3911.32,-2549.91,ok
LBH104,São_Miguel_dos_Milagres-Geral-casa-SUP-2Q,Carteira 2,AL,"Passo de Camaragibe, AL","Passo de Camaragibe, AL, Passo de Camaragibe",5.0,661,642.0,21,9878.49,2025-12,0.1154,0.5255,3.0,31,251.0,428.32,22.0,0.0,2025-12-01,0.06,1255.0,9236.49,crítico
MGI0068,Porto_Seguro-Pitinga-casa-TOP-3Q,Carteira 2,BA,"Porto Seguro, BA","Porto Seguro, BA, Alto da Pitinga",10.0,84,8151.88,9,12489.72,2025-12,0.4286,0.2921,9.0,31,1111.11,951.36,11.0,25.0,2025-12-01,0.65,11111.099999999999,4337.839999999999,atenção
NWT0710,Especial-NWT-apartamento-TOP-1Q,Carteira 5,AL,"Maceió, AL","Maceió, AL, Pajuçara",0.0,216,5580.55,34,4511.21,2025-12,0.4516,0.3523,14.0,31,459.86,507.0,16.0,0.0,2025-12-01,1.24,0.0,-1069.3400000000001,ok
PSO0501,Penha-Beto_Carrero-apartamento-SUP-1Q,Carteira 3,SC,"Penha, SC","Penha, SC, Praia de Armação do Itapocoroi",0.0,122,6659.56,15,2337.5,2025-12,0.6129,0.234,19.0,31,575.68,292.82,11.0,0.0,2025-12-01,2.85,0.0,-4322.06,meta_subestimada
RHE201,Bombinhas-Mariscal-casa-JR-2Q,Carteira 6,SC,"Bombinhas, SC","Bombinhas, SC, Morrinhos",2.0,605,6409.01,24,3733.63,2025-12,0.6897,0.2535,20.0,31,390.1,783.11,9.0,0.0,2025-12-01,1.72,780.2,-2675.38,ok
ROR0001,Bombinhas-Bombas-apartamento-SUP-2Q,Carteira 6,SC,"Bombinhas, SC","Bombinhas, SC, Bombas",5.0,815,2831.85,70,5557.26,2025-12,0.3462,0.3202,9.0,31,362.22,390.0,17.0,0.0,2025-12-01,0.51,1811.1000000000001,2725.4100000000003,atenção
RVG0207,Florianopolis-Ingleses_Norte-apartamento-SUP-2Q,Carteira 1,SC,"Florianópolis, SC","Florianópolis, SC, Ingleses Norte",0.0,231,9903.99,81,7270.99,2025-12,0.4194,0.4033,13.0,31,1043.77,673.0,18.0,0.0,2025-12-01,1.36,0.0,-2633.0,ok
SDP0206,Florianopolis-Ingleses_Praia-apartamento-SUP-2Q,Carteira 1,SC,"Florianópolis, SC","Florianópolis, SC, Ingleses do Rio Vermelho",0.0,976,0.0,60,7501.78,2025-12,0.0,0.3949,0.0,31,0.0,768.27,30.0,0.0,2025-12-01,0.0,0.0,7501.78,crítico
SHA0104,Balneario_Picarras-Geral-apartamento-SUP-2Q,Carteira 6,SC,"Balneário Piçarras, SC","Balneário Piçarras, SC, Centro",6.0,75,2752.5,77,6230.07,2025-12,0.4,0.3874,10.0,31,312.0,575.0,14.0,0.0,2025-12-01,0.44,1872.0,3477.5699999999997,crítico
TCO1014,Porto_Alegre-Centro_Historico-apartamento-SUP-1Q,Carteira 4,RS,"Porto Alegre, RS","Porto Alegre, RS, Centro Histórico",0.0,602,1151.8,85,1152.33,2025-12,0.3226,0.2626,10.0,31,146.5,169.05,20.0,0.0,2025-12-01,1.0,0.0,0.5299999999999727,berlinda
ABL0138,Florianopolis-Cachoeira_Bom_Jesus-apartamento-JR-1Q,Carteira 1,SC,"Florianópolis, SC","Florianópolis, SC, Cachoeira do Bom Jesus",0.0,642,1611.96,28,2160.13,2025-12,0.2258,0.2253,7.0,31,265.0,466.35,23.0,0.0,2025-12-01,0.75,0.0,548.1700000000001,atenção
AHO1402,Porto_Alegre-Jardim_Botanico-apartamento-TOP-1Q,Carteira 4,RS,"Porto Alegre, RS","Porto Alegre, RS, Petrópolis",0.0,889,3768.7,14,1651.13,2025-12,0.6129,0.1608,19.0,31,302.11,273.33,12.0,0.0,2025-12-01,2.28,0.0,-2117.5699999999997,meta_subestimada
AIR1407,Porto_Alegre-Menino_Deus-apartamento-TOP-1Q,Carteira 4,RS,"Porto Alegre, RS","Porto Alegre, RS, Praia de Belas",1.0,465,0.0,24,1583.72,2025-12,0.0,0.2326,0.0,31,0.0,342.0,30.0,30.0,2025-12-01,0.0,0.0,1583.72,crítico
ASK002,Florianopolis-Itacorubi-apartamento-JR-1Q,Carteira 4,SC,"Florianópolis, SC","Florianópolis, SC, Santa Mônica",0.0,1131,757.2,13,3163.06,2025-12,0.1935,0.6229,6.0,31,145.83,301.76,25.0,0.0,2025-12-01,0.24,0.0,2405.8599999999997,crítico
AVM0011,Salvador-Flamengo-casa-SUP-2Q,Carteira 2,BA,"Salvador, BA","Salvador, BA, Stella Maris",1.0,311,7071.65,10,3988.14,2025-12,0.4667,0.2342,14.0,31,603.86,328.0,16.0,15.0,2025-12-01,1.77,603.86,-3083.5099999999998,ok
BLB1206,Salvador-Barra-apartamento-SUP-1Q,Carteira 2,BA,"Salvador, BA","Salvador, BA, Barra",0.0,385,4553.28,227,2961.11,2025-12,0.6129,0.3641,19.0,31,272.79,262.33,12.0,0.0,2025-12-01,1.54,0.0,-1592.1699999999996,ok
CMM0043,Penha-Central-casa-JR-5Q,Carteira 6,SC,"Penha, SC","Penha, SC, Armação",12.0,55,1531.59,21,10705.75,2025-12,0.1579,0.374,3.0,31,640.0,730.0,15.0,0.0,2025-12-01,0.14,7680.0,9174.16,crítico
CPR0107,Marau-Barra_Grande-apartamento-SUP-1Q,Carteira 2,BA,"Maraú, BA","Maraú, BA, Barra Grande",0.0,557,0.0,15,5499.5,2025-12,0.0,0.3565,0.0,31,0.0,844.4,30.0,20.0,2025-12-01,0.0,0.0,5499.5,crítico
CUA001,Urubici-Geral-casa-JR-1Q,Carteira 3,SC,"Urubici, SC","Urubici, SC, Área Rural",6.0,595,1398.72,31,1508.54,2025-12,0.24,0.1619,6.0,31,293.0,116.5,18.0,0.0,2025-12-01,0.93,1758.0,109.81999999999994,berlinda
EEC0403,Guarapari-Centro-apartamento-JR-1Q,Carteira 4,ES,"Guarapari, ES","Guarapari, ES, Centro",0.0,175,4527.18,64,2414.88,2025-12,0.7097,0.3293,22.0,31,238.09,377.89,9.0,0.0,2025-12-01,1.87,0.0,-2112.3,ok
ERT0210,Florianopolis-Jurere_Tradicional-apartamento-TOP-1Q,Carteira 1,SC,"Florianópolis, SC","Florianópolis, SC, Jurerê",0.0,311,14418.53,17,10221.67,2025-12,0.6129,0.5494,19.0,31,936.58,547.58,12.0,0.0,2025-12-01,1.41,0.0,-4196.860000000001,ok
FNX0101,Cabo_Frio-Pero_Longe-casa-JR-2Q,Carteira 4,RJ,"Cabo Frio, RJ","Cabo Frio, RJ, Ogiva",1.0,706,2744.85,14,3651.67,2025-12,0.1,0.3537,3.0,31,1100.0,359.08,26.0,28.0,2025-12-01,0.75,1100.0,906.8200000000002,atenção
ILC3103,Especial-ILC-hotel-JR-1Q,Especial,SC,"Florianópolis, SC","Florianópolis, SC, Jurerê Internacional",0.0,1524,22213.46,14,9269.72,2025-12,0.6774,0.5069,21.0,31,1316.81,869.56,9.0,0.0,2025-12-01,2.4,0.0,-12943.74,meta_subestimada
ILC4506,Especial-ILC-hotel-TOP-1Q,Especial,SC,"Florianópolis, SC","Florianópolis, SC, Jurerê Internacional",0.0,153,33396.85,26,13572.13,2025-12,0.9677,0.6377,30.0,31,1716.83,914.0,1.0,0.0,2025-12-01,2.46,0.0,-19824.72,meta_subestimada
MDE0406,Canela-Catedral-apartamento-TOP-2Q,Carteira 4,RS,"Canela, RS","Canela, RS, Centro",0.0,321,6098.23,34,6200.49,2025-12,0.2903,0.3679,9.0,31,804.44,470.24,21.0,0.0,2025-12-01,0.98,0.0,102.26000000000022,berlinda
MHF2002,Itapema-Canto_Praia-apartamento-TOP-2Q,Carteira 5,SC,"Itapema, SC","Itapema, SC, Centro",0.0,378,7269.02,14,4620.28,2025-12,0.5806,0.2821,18.0,31,487.78,971.62,13.0,0.0,2025-12-01,1.57,0.0,-2648.7400000000007,ok
MPZ0902,Salvador-Caminho_Das_Arvores-apartamento-JR-1Q,Carteira 1,BA,"Salvador, BA","Salvador, BA, Caminho das Árvores",0.0,3,0.0,38,1616.81,2025-12,0.6129,0.3734,19.0,31,175.79,305.5,12.0,0.0,2025-12-01,0.0,0.0,1616.81,crítico
OKA142,Florianopolis-Campeche-apartamento-SUP-1Q,Carteira 1,SC,"Florianópolis, SC","Florianópolis, SC, Campeche",0.0,1083,5136.94,21,2822.43,2025-12,0.2581,0.2776,8.0,31,942.0,439.09,22.0,0.0,2025-12-01,1.82,0.0,-2314.5099999999998,ok
PSO0703,Penha-Beto_Carrero-apartamento-SUP-1Q,Carteira 3,SC,"Penha, SC","Penha, SC, Praia de Armação do Itapocoroi",0.0,164,7814.21,15,2337.5,2025-12,0.8065,0.234,25.0,31,439.8,379.0,6.0,0.0,2025-12-01,3.34,0.0,-5476.71,meta_subestimada
RSM0023,Porto_Seguro-Pataxos-casa-JR-3Q,Carteira 2,BA,"Porto Seguro, BA","Porto Seguro, BA, Praia de Taperapuan",9.0,151,6926.02,29,7030.11,2025-12,0.5909,0.4058,13.0,31,599.0,471.0,8.0,0.0,2025-12-01,0.99,5391.0,104.08999999999924,berlinda
RTS0503,Balneario_Picarras-Geral-apartamento-TOP-2Q,Carteira 6,SC,"Balneário Piçarras, SC","Balneário Piçarras, SC, Centro",0.0,418,11541.28,36,9156.13,2025-12,0.7419,0.4149,23.0,31,632.13,776.63,8.0,0.0,2025-12-01,1.26,0.0,-2385.1500000000015,ok
SPT0204,Blumenau-Central-apartamento-JR-1Q,Carteira 4,SC,"Blumenau, SC","Blumenau, SC, Itoupava Seca",0.0,564,177.34,38,1526.08,2025-12,0.0645,0.3331,2.0,31,104.0,148.82,28.0,23.0,2025-12-01,0.12,0.0,1348.74,crítico
STN205,Florianopolis-Ingleses_Norte-apartamento-TOP-2Q,Carteira 1,SC,"Florianópolis, SC","Florianópolis, SC, Ingleses do Rio Vermelho",0.0,678,2434.29,18,8763.19,2025-12,0.2258,0.4261,7.0,31,404.43,1038.04,24.0,4.0,2025-12-01,0.28,0.0,6328.900000000001,crítico
VNR005,São_Miguel_dos_Milagres-Geral-apartamento-SUP-2Q,Carteira 2,AL,"São Miguel dos Milagres, AL","São Miguel dos Milagres, AL, Riacho",0.0,446,8093.23,35,6214.2,2025-12,0.4839,0.3904,15.0,31,702.53,466.87,15.0,0.0,2025-12-01,1.3,0.0,-1879.0299999999997,ok
VNV1204,Itapema-Praia_Centro-apartamento-SUP-2Q,Carteira 6,SC,"Itapema, SC","Itapema, SC, Tabuleiro dos Oliveiras",4.0,27,3648.12,16,7647.8,2025-12,0.3333,0.3714,9.0,31,493.11,323.0,18.0,0.0,2025-12-01,0.48,1972.44,3999.6800000000003,crítico
CBU203,Florianopolis-Novo_Campeche-apartamento-SUP-2Q,Carteira 1,SC,"Florianópolis, SC","Florianópolis, SC, Campeche",31.0,425,0.0,37,7371.63,2025-12,,0.4224,0.0,31,0.0,,0.0,0.0,2025-12-01,0.0,0.0,7371.63,crítico
CFE0503,Florianopolis-Beira_Mar-apartamento-SUP-1Q,Carteira 4,SC,"Florianópolis, SC","Florianópolis, SC, Agronômica",3.0,66,799.08,21,4035.66,2025-12,0.1429,0.3356,4.0,31,231.0,349.21,24.0,0.0,2025-12-01,0.2,693.0,3236.58,crítico
CNA005,Especial-CNA-casa-MASTER-1Q,Especial,SP,"Campos do Jordão, SP","Campos do Jordão, SP, Jardim Europa",0.0,1046,4466.42,25,6822.48,2025-12,0.2903,0.3355,9.0,31,618.89,795.55,22.0,0.0,2025-12-01,0.65,0.0,2356.0599999999995,atenção
CNA008,Especial-CNA-casa-MASTER-1Q,Especial,SP,"Campos do Jordão, SP","Campos do Jordão, SP, Jardim Europa",0.0,1046,634.88,25,6822.48,2025-12,0.0645,0.3355,2.0,31,387.5,813.79,29.0,0.0,2025-12-01,0.09,0.0,6187.599999999999,crítico
CNA010,Especial-CNA-casa-MASTER-1Q,Especial,SP,"Campos do Jordão, SP","Campos do Jordão, SP, Jardim Europa",0.0,1046,5480.93,25,6822.48,2025-12,0.2903,0.3355,9.0,31,725.89,867.05,22.0,0.0,2025-12-01,0.8,0.0,1341.5499999999993,berlinda
CNA011,Especial-CNA-casa-MASTER-1Q,Especial,SP,"Campos do Jordão, SP","Campos do Jordão, SP, Jardim Europa",0.0,1046,7546.95,25,6822.48,2025-12,0.4516,0.3355,14.0,31,623.93,890.63,16.0,0.0,2025-12-01,1.11,0.0,-724.4700000000003,ok
COA0314,Brasilia-Setor_Hoteleiro-apartamento-SUP-1Q,Carteira 1_sys-price,DF,"Brasília, DF","Brasília, DF, Asa Norte",0.0,791,2847.84,132,3062.69,2025-12,0.3871,0.3791,12.0,31,306.92,252.42,19.0,0.0,2025-12-01,0.93,0.0,214.8499999999999,berlinda
EJO0403,Florianopolis-Centrao-apartamento-JR-1Q,Carteira 4,SC,"Florianópolis, SC","Florianópolis, SC, Centro",0.0,423,2817.07,76,2297.2,2025-12,0.4516,0.3438,14.0,31,236.5,371.12,17.0,0.0,2025-12-01,1.23,0.0,-519.8700000000003,ok
EMR302,Florianopolis-Jurere_Internacional-apartamento-SUP-2Q,Carteira 1,SC,"Florianópolis, SC","Florianópolis, SC, Jurerê Internacional",31.0,977,0.0,28,9049.08,2025-12,,0.4697,0.0,31,0.0,,0.0,0.0,2025-12-01,0.0,0.0,9049.08,crítico
ESZ0103,Brasilia-Asa_Norte-apartamento-JR-1Q,Carteira 1_sys-price,DF,"Brasília, DF","Brasília, DF, Asa Norte",0.0,346,1085.6,164,1318.14,2025-12,0.0645,0.3341,2.0,31,230.0,179.86,29.0,0.0,2025-12-01,0.82,0.0,232.5400000000002,berlinda
ILH0503,Balneario_Camboriu-Intermediario-apartamento-JR-2Q,Carteira 6,SC,"Balneário Camboriú, SC","Balneário Camboriú, SC, Centro",0.0,66,8360.8,42,4496.41,2025-12,0.5484,0.3127,17.0,31,671.35,276.57,14.0,0.0,2025-12-01,1.86,0.0,-3864.3899999999994,ok
LIV0803,Salvador-Graca-apartamento-TOP-1Q,Especial,BA,"Salvador, BA","Salvador, BA, Vitória",1.0,286,1226.12,15,3185.45,2025-12,0.2,0.3946,6.0,31,248.0,347.38,24.0,0.0,2025-12-01,0.38,248.0,1959.33,crítico
MHE0111,Florianopolis-Cachoeira_Bom_Jesus-apartamento-MASTER-1Q,Carteira 1,SC,"Florianópolis, SC","Florianópolis, SC, Cachoeira do Bom Jesus",6.0,256,9801.51,18,7460.3,2025-12,0.8,0.4379,20.0,31,729.1,954.0,5.0,0.0,2025-12-01,1.31,4374.6,-2341.21,ok
NWT0508,Especial-NWT-apartamento-TOP-1Q,Carteira 5,AL,"Maceió, AL","Maceió, AL, Pajuçara",0.0,290,3832.89,34,4511.21,2025-12,0.4839,0.3523,15.0,31,298.27,635.31,16.0,0.0,2025-12-01,0.85,0.0,678.3200000000002,berlinda
NWT1223,Especial-NWT-apartamento-TOP-1Q,Carteira 5,AL,"Maceió, AL","Maceió, AL, Pajuçara",0.0,355,9009.71,34,4511.21,2025-12,0.5806,0.3523,18.0,31,655.56,374.54,13.0,7.0,2025-12-01,2.0,0.0,-4498.499999999999,ok
PBR0003,Porto_Seguro-Estrada_da_Balsa-casa-TOP-3Q,Carteira 2,BA,"Porto Seguro, BA","Porto Seguro, BA, Arraial d ajuda",0.0,336,17583.04,16,9832.52,2025-12,0.8387,0.2862,26.0,31,1050.88,636.0,4.0,0.0,2025-12-01,1.79,0.0,-7750.52,ok
PIC0125,Bombinhas-Centro-apartamento-JR-3Q,Carteira 6,SC,"Bombinhas, SC","Bombinhas, SC, Centro",7.0,493,9588.6,13,4282.3,2025-12,0.75,0.2745,18.0,31,647.78,448.33,6.0,0.0,2025-12-01,2.24,4534.46,-5306.3,meta_subestimada
PRY0110,Porto_Seguro-Pataxos-apartamento-SUP-2Q,Carteira 2,BA,"Porto Seguro, BA","Porto Seguro, BA, Paraiso dos Pataxós",0.0,61,6946.53,50,6175.67,2025-12,0.6774,0.4331,21.0,31,438.43,677.7,10.0,0.0,2025-12-01,1.12,0.0,-770.8599999999997,ok
PSD102,Florianopolis-Jurere_Tradicional-apartamento-JR-1Q,Carteira 1,SC,"Florianópolis, SC","Florianópolis, SC, Jurerê",0.0,2020,9845.76,20,6586.14,2025-12,0.8387,0.4577,26.0,31,469.65,704.2,5.0,0.0,2025-12-01,1.49,0.0,-3259.62,ok
RCI0201,Florianopolis-Ingleses_Norte-apartamento-JR-2Q,Carteira 1,SC,"Florianópolis, SC","Florianópolis, SC, Ingleses do Rio Vermelho",3.0,361,0.0,42,5378.27,2025-12,0.0,0.3688,0.0,31,0.0,400.0,27.0,0.0,2025-12-01,0.0,0.0,5378.27,crítico
RTL0302,Itapema-Canto_Praia-apartamento-JR-2Q,Carteira 6,SC,"Itapema, SC","Itapema, SC, Centro",7.0,439,0.0,17,5393.75,2025-12,0.0,0.3693,0.0,31,0.0,341.52,23.0,7.0,2025-12-01,0.0,0.0,5393.75,crítico
RUP0603,Blumenau-Central-apartamento-SUP-1Q,Carteira 4,SC,"Blumenau, SC","Blumenau, SC, Escola Agrícola",0.0,495,4791.05,54,1878.43,2025-12,1.0,0.269,31.0,31,273.23,,0.0,0.0,2025-12-01,2.55,0.0,-2912.62,meta_subestimada
SKL0507,Penha-Praia-apartamento-JR-3Q,Carteira 6,SC,"Penha, SC","Penha, SC, Armação",15.0,164,7164.66,65,6331.7,2025-12,0.8125,0.4048,13.0,31,708.23,494.33,3.0,0.0,2025-12-01,1.13,10623.45,-832.96,ok
SMB0307,Florianopolis-Canasvieiras_Perto-apartamento-JR-1Q,Carteira 1,SC,"Florianópolis, SC","Florianópolis, SC, Canasvieiras",0.0,389,10885.38,57,4570.38,2025-12,0.6774,0.3788,21.0,31,853.62,323.9,10.0,0.0,2025-12-01,2.38,0.0,-6314.999999999999,meta_subestimada
TSO0403,Balneario_Camboriu-Longe-apartamento-MASTER-2Q,Carteira 6,SC,"Balneário Camboriú, SC","Balneário Camboriú, SC, Estados",10.0,73,7781.09,41,9451.62,2025-12,0.7619,0.416,16.0,31,586.88,636.0,4.0,0.0,2025-12-01,0.82,5868.8,1670.5300000000007,berlinda
TXP1101,Goiania-Central-apartamento-TOP-2Q,Carteira 1_sys-price,GO,"Goiânia, GO","Goiânia, GO, Setor Bueno",1.0,228,3269.15,12,3061.08,2025-12,0.3667,0.339,11.0,31,356.45,317.16,19.0,0.0,2025-12-01,1.07,356.45,-208.07000000000016,berlinda
VGZ0006,Imbituba-Praia_do_Rosa-casa-SUP-1Q,Carteira 6,SC,"Imbituba, SC","Imbituba, SC, Ibiraquera",4.0,650,9924.49,42,3671.42,2025-12,0.7407,0.3229,20.0,31,621.9,370.29,7.0,0.0,2025-12-01,2.7,2487.6,-6253.07,meta_subestimada
VLO0504,Florianopolis-Jurere_Longe-apartamento-TOP-2Q,Carteira 1,SC,"Florianópolis, SC","Florianópolis, SC, Jurerê Internacional",0.0,388,20695.9,12,15340.25,2025-12,0.6129,0.5153,19.0,31,1271.26,929.09,11.0,0.0,2025-12-01,1.35,0.0,-5355.6500000000015,ok
VST038,Especial-VST-casa-TOP-1Q,Carteira 5,SC,"Anitápolis, SC","Anitápolis, SC, Rio dos Pinheiros",0.0,153,2712.94,47,2992.0,2025-12,0.3871,0.1608,12.0,31,288.58,285.16,19.0,0.0,2025-12-01,0.91,0.0,279.05999999999995,berlinda
WAL0714,Sao_Paulo-Butanta-apartamento-SUP-1Q,Carteira 4_sys-price,SP,"São Paulo, SP","São Paulo, SP, Butantã",0.0,140,2712.26,24,2048.69,2025-12,0.4516,0.3058,14.0,31,224.43,194.41,17.0,0.0,2025-12-01,1.32,0.0,-663.5700000000002,ok
ACI0320,Salvador-Ondina_Rio_Vermelho-apartamento-JR-1Q,Carteira 2,BA,"Salvador, BA","Salvador, BA, Ondina",0.0,84,1697.67,66,1977.03,2025-12,0.3226,0.3634,10.0,31,202.0,207.86,21.0,0.0,2025-12-01,0.86,0.0,279.3599999999999,berlinda
BEH2209,Goiania-Central-apartamento-SUP-1Q,Carteira 1_sys-price,GO,"Goiânia, GO","Goiânia, GO, Setor Pedro Ludovico",0.0,798,2547.8,106,915.87,2025-12,0.5806,0.1609,18.0,31,179.56,189.58,12.0,0.0,2025-12-01,2.78,0.0,-1631.9300000000003,meta_subestimada
BSO0104,Itajai-Praia_Brava-apartamento-SUP-1Q,Carteira 6,SC,"Balneário Camboriú, SC","Balneário Camboriú, SC, Praia dos Amores",4.0,228,1466.42,15,3309.05,2025-12,0.2222,0.4188,6.0,31,297.67,545.71,21.0,0.0,2025-12-01,0.44,1190.68,1842.63,crítico
CGB0035,Ubatuba-Praia_Grande-apartamento-SUP-2Q,Carteira 4,SP,"Ubatuba, SP","Ubatuba, SP, Praia Grande",3.0,90,13535.57,160,7282.26,2025-12,0.75,0.42,21.0,31,796.05,474.57,7.0,0.0,2025-12-01,1.86,2388.1499999999996,-6253.3099999999995,ok
DBR0805,Itapema-Praia_Itapema-apartamento-TOP-2Q,Carteira 6,SC,"Itapema, SC","Itapema, SC, Morretes",0.0,698,8075.26,19,6896.47,2025-12,0.6452,0.2825,20.0,31,526.5,917.91,11.0,0.0,2025-12-01,1.17,0.0,-1178.79,ok
DLH0202,Gramado-Centro-apartamento-TOP-2Q,Carteira 4,RS,"Gramado, RS","Gramado, RS, Centro",1.0,363,18701.36,57,13003.3,2025-12,0.8667,0.6323,26.0,31,908.73,1073.0,4.0,0.0,2025-12-01,1.44,908.73,-5698.060000000001,ok
DPR0001,Balneario_Camboriu-Sul-apartamento-JR-1Q,Carteira 6,SC,"Balneário Camboriú, SC","Balneário Camboriú, SC, Barra",0.0,297,3772.93,29,3309.05,2025-12,0.2581,0.2944,8.0,31,556.25,222.22,23.0,0.0,2025-12-01,1.14,0.0,-463.87999999999965,ok
DSH1702,Itapema-Praia_Itapema-apartamento-TOP-2Q,Carteira 6,SC,"Itapema, SC","Itapema, SC, Morretes",1.0,350,4252.47,19,6896.47,2025-12,0.4,0.2825,12.0,31,429.67,713.41,17.0,0.0,2025-12-01,0.62,429.67,2644.0,atenção
EMT203,Cabo_Frio-Centro-apartamento-JR-1Q,Carteira 4,RJ,"Cabo Frio, RJ","Cabo Frio, RJ, Braga",2.0,802,1656.48,118,3763.49,2025-12,0.069,0.3437,2.0,31,1000.0,419.15,26.0,0.0,2025-12-01,0.44,2000.0,2107.0099999999998,crítico
EPC025,Florianopolis-Jurere_Longe-apartamento-SUP-2Q,Carteira 1,SC,"Florianópolis, SC","Florianópolis, SC, Jurerê Internacional",0.0,235,18477.01,27,9683.84,2025-12,0.7419,0.5368,23.0,31,1021.78,460.0,7.0,0.0,2025-12-01,1.91,0.0,-8793.169999999998,ok
EVA0301,Florianopolis-Centrao-apartamento-SUP-1Q,Carteira 4,SC,"Florianópolis, SC","Florianópolis, SC, Centro",0.0,430,1097.35,124,3186.58,2025-12,0.1613,0.3292,5.0,31,241.0,328.69,26.0,0.0,2025-12-01,0.34,0.0,2089.23,crítico
EVP0214,Florianopolis-Centrao-apartamento-SUP-2Q,Carteira 4,SC,"Florianópolis, SC","Florianópolis, SC, Centro",0.0,28,7485.55,40,5672.4,2025-12,0.5806,0.3607,18.0,31,480.61,307.77,13.0,0.0,2025-12-01,1.32,0.0,-1813.1500000000005,ok
GLA0037,Sao_Paulo-Pompeia-apartamento-SUP-1Q,Carteira 4_sys-price,SP,"São Paulo, SP","São Paulo, SP, Perdizes",0.0,88,5362.96,60,1367.42,2025-12,0.8065,0.2372,25.0,31,282.16,161.5,6.0,0.0,2025-12-01,3.92,0.0,-3995.54,meta_subestimada
ILC2314,Especial-ILC-hotel-JR-1Q,Especial,SC,"Florianópolis, SC","Florianópolis, SC, Jurerê Internacional",3.0,1552,20977.39,14,9269.72,2025-12,0.75,0.5069,21.0,31,1264.86,1021.0,7.0,13.0,2025-12-01,2.26,3794.58,-11707.67,meta_subestimada
JBV306,Especial-JBV-hotel-JR-1Q,Especial,SC,"Florianópolis, SC","Florianópolis, SC, Jurerê",0.0,1623,13213.08,23,10939.33,2025-12,0.6129,0.5584,19.0,31,869.7,1436.82,11.0,0.0,2025-12-01,1.21,0.0,-2273.75,ok
JBV327,Especial-JBV-hotel-TOP-1Q,Especial,SC,"Florianópolis, SC","Florianópolis, SC, Jurerê",0.0,1850,27655.55,30,13774.65,2025-12,0.7419,0.6331,23.0,31,1809.43,746.14,7.0,0.0,2025-12-01,2.01,0.0,-13880.9,meta_subestimada
LES106,Florianopolis-Jurere_Longe-apartamento-SUP-3Q,Carteira 1,SC,"Florianópolis, SC","Florianópolis, SC, Jurerê Internacional",7.0,481,21720.42,16,14440.11,2025-12,0.625,0.4911,15.0,31,2134.07,675.33,9.0,0.0,2025-12-01,1.5,14938.490000000002,-7280.309999999998,ok
LIV1411,Salvador-Graca-apartamento-TOP-1Q,Especial,BA,"Salvador, BA","Salvador, BA, Vitória",0.0,290,2893.67,15,3185.45,2025-12,0.4194,0.3946,13.0,31,268.0,407.06,18.0,0.0,2025-12-01,0.91,0.0,291.77999999999975,berlinda
LPB0000,Garopaba-Centro-casa-JR-3Q,Carteira 6,SC,"Garopaba, SC","Garopaba, SC, Garopaba",6.0,25,677.01,23,7130.03,2025-12,0.12,0.2807,3.0,31,369.33,477.05,21.0,0.0,2025-12-01,0.09,2215.98,6453.0199999999995,crítico
LVR0003,Campos_do_Jordao-Capivari_Centro-apartamento-SUP-2Q,Carteira 4,SP,"Campos do Jordão, SP","Campos do Jordão, SP, V Iara",0.0,229,6856.94,48,7945.61,2025-12,0.3548,0.3297,11.0,31,727.45,513.68,19.0,0.0,2025-12-01,0.86,0.0,1088.67,berlinda
MHF1508,Itapema-Canto_Praia-apartamento-TOP-2Q,Carteira 5,SC,"Itapema, SC","Itapema, SC, Centro",0.0,46,10113.4,14,4620.28,2025-12,0.7419,0.2821,23.0,31,544.35,920.13,8.0,0.0,2025-12-01,2.19,0.0,-5493.12,meta_subestimada
NVM0009,Porto_Seguro-Pataxos-apartamento-JR-2Q,Carteira 2,BA,"Porto Seguro, BA","Porto Seguro, BA, Paraíso dos Pataxós",0.0,231,4335.9,46,4892.37,2025-12,0.4839,0.319,15.0,31,319.8,508.88,16.0,0.0,2025-12-01,0.89,0.0,556.4700000000003,berlinda
PRV0404,Salvador-Barra-apartamento-JR-1Q,Carteira 2,BA,"Salvador, BA","Salvador, BA, Barra",0.0,236,4636.61,130,2198.33,2025-12,0.7742,0.4059,24.0,31,241.54,267.29,7.0,0.0,2025-12-01,2.11,0.0,-2438.2799999999997,meta_subestimada
PSO0902,Penha-Beto_Carrero-apartamento-SUP-1Q,Carteira 3,SC,"Penha, SC","Penha, SC, Praia de Armação do Itapocoroi",0.0,151,8297.64,15,2337.5,2025-12,0.8387,0.234,26.0,31,442.65,309.0,5.0,0.0,2025-12-01,3.55,0.0,-5960.139999999999,meta_subestimada
SCO0015,Florianopolis-Campeche-apartamento-SUP-1Q,Carteira 1,SC,"Florianópolis, SC","Florianópolis, SC, Campeche",9.0,73,2236.23,21,2822.43,2025-12,0.1364,0.2776,3.0,31,900.0,398.74,19.0,0.0,2025-12-01,0.79,8100.0,586.1999999999998,atenção
SOA0907,Salvador-Boca_do_Rio-apartamento-SUP-1Q,Carteira 2,BA,"Salvador, BA","Salvador, BA, Boca do Rio",0.0,451,2094.38,31,2116.82,2025-12,0.3548,0.3383,11.0,31,225.36,270.9,20.0,0.0,2025-12-01,0.99,0.0,22.440000000000055,berlinda
SSL0211,Florianopolis-UFSC-apartamento-TOP-2Q,Carteira 4,SC,"Florianópolis, SC","Florianópolis, SC, Córrego Grande",17.0,220,6518.23,12,3418.7,2025-12,1.0,0.3037,14.0,31,644.71,,0.0,18.0,2025-12-01,1.91,10960.07,-3099.5299999999997,ok
STU309,Florianopolis-UFSC-apartamento-TOP-1Q,Carteira 4,SC,"Florianópolis, SC","Florianópolis, SC, Trindade",0.0,889,1770.91,16,4429.31,2025-12,0.2903,0.3939,9.0,31,231.33,446.18,22.0,0.0,2025-12-01,0.4,0.0,2658.4000000000005,crítico
TRS0002,Penha-Beto_Carrero-casa-JR-1Q,Carteira 3,SC,"Penha, SC","Penha, SC, Armação",0.0,194,3900.16,12,3000.47,2025-12,0.5161,0.3844,16.0,31,327.19,179.0,14.0,0.0,2025-12-01,1.3,0.0,-899.69,ok
TXP0304,Goiania-Central-apartamento-SUP-1Q,Carteira 1_sys-price,GO,"Goiânia, GO","Goiânia, GO, Setor Bueno",0.0,787,1564.83,106,915.87,2025-12,0.3548,0.1609,11.0,31,166.55,181.05,20.0,5.0,2025-12-01,1.71,0.0,-648.9599999999999,ok
VTR0033,Balneario_Camboriu-Centro-apartamento-JR-2Q,Carteira 6,SC,"Balneário Camboriú, SC","Balneário Camboriú, SC, Centro",0.0,159,9111.98,45,5810.63,2025-12,0.4516,0.4112,14.0,31,732.07,478.76,17.0,0.0,2025-12-01,1.57,0.0,-3301.3499999999995,ok
ARU0731,Salvador-Costa_Azul-apartamento-SUP-1Q,Especial,BA,"Salvador, BA","Salvador, BA, Jardim Armação",0.0,21,4455.14,34,1869.63,2025-12,0.5806,0.3575,18.0,31,307.11,203.77,13.0,0.0,2025-12-01,2.38,0.0,-2585.51,meta_subestimada
BCA2004,Salvador-Ondina_Rio_Vermelho-apartamento-SUP-1Q,Carteira 2,BA,"Salvador, BA","Salvador, BA, Ondina",0.0,202,6646.13,93,2433.12,2025-12,0.7742,0.3565,24.0,31,306.79,180.43,7.0,0.0,2025-12-01,2.73,0.0,-4213.01,meta_subestimada
CSF0202,Salvador-Barra-apartamento-SUP-2Q,Carteira 2,BA,"Salvador, BA","Salvador, BA, Barra",0.0,243,9069.65,35,5143.63,2025-12,0.5806,0.5025,18.0,31,464.28,259.85,13.0,0.0,2025-12-01,1.76,0.0,-3926.0199999999995,ok
CSF0303,Salvador-Barra-apartamento-JR-1Q,Carteira 2,BA,"Salvador, BA","Salvador, BA, Barra",2.0,59,2406.28,130,2198.33,2025-12,0.3103,0.4059,9.0,31,327.89,181.8,20.0,0.0,2025-12-01,1.09,655.78,-207.95000000000027,berlinda
FAH0205,Florianopolis-Canasvieiras_Meio-apartamento-SUP-1Q,Carteira 1,SC,"Florianópolis, SC","Florianópolis, SC, Canasvieiras",4.0,63,0.0,37,4415.18,2025-12,0.0,0.4707,0.0,31,0.0,369.08,26.0,0.0,2025-12-01,0.0,0.0,4415.18,crítico
ILC3412,Especial-ILC-hotel-JR-1Q,Especial,SC,"Florianópolis, SC","Florianópolis, SC, Jurerê Internacional",0.0,370,18836.75,14,9269.72,2025-12,0.5484,0.5069,17.0,31,1315.88,1058.77,13.0,23.0,2025-12-01,2.03,0.0,-9567.03,meta_subestimada
IRB203,Florianopolis-Novo_Campeche-apartamento-MASTER-1Q,Carteira 1,SC,"Florianópolis, SC","Florianópolis, SC, Campeche",1.0,990,3331.14,65,9664.86,2025-12,0.2,0.4949,6.0,31,701.33,976.33,24.0,0.0,2025-12-01,0.34,701.33,6333.720000000001,crítico
MHF1207,Itapema-Canto_Praia-apartamento-TOP-1Q,Carteira 5,SC,"Itapema, SC","Itapema, SC, Centro",0.0,332,7261.71,14,6337.8,2025-12,0.4194,0.3918,13.0,31,656.43,432.29,17.0,23.0,2025-12-01,1.15,0.0,-923.9099999999999,ok
MPB0034,Itajai-Praia_Brava-apartamento-SUP-2Q,Carteira 6,SC,"Itajaí, SC","Itajaí, SC, Praia Brava",0.0,223,8385.37,21,5839.5,2025-12,0.4194,0.3814,13.0,31,906.0,296.22,18.0,0.0,2025-12-01,1.44,0.0,-2545.870000000001,ok
NWT0905,Especial-NWT-apartamento-TOP-1Q,Carteira 5,AL,"Maceió, AL","Maceió, AL, Pajuçara",0.0,251,4268.4,34,4511.21,2025-12,0.5806,0.3523,18.0,31,277.17,915.38,13.0,0.0,2025-12-01,0.95,0.0,242.8100000000004,berlinda
NWT1103,Especial-NWT-apartamento-TOP-1Q,Carteira 5,AL,"Maceió, AL","Maceió, AL, Pajuçara",0.0,357,4125.29,34,4511.21,2025-12,0.6129,0.3523,19.0,31,624.93,409.06,17.0,0.0,2025-12-01,0.91,0.0,385.9200000000001,berlinda
PAD0103,Florianopolis-Beira_Mar-apartamento-SUP-2Q,Carteira 4,SC,"Florianópolis, SC","Florianópolis, SC, Centro",0.0,237,9390.7,33,3503.7,2025-12,0.7419,0.3516,23.0,31,486.57,400.5,8.0,0.0,2025-12-01,2.68,0.0,-5887.000000000001,meta_subestimada
PDG0202,Balneario_Picarras-Geral-apartamento-SUP-2Q,Carteira 6,SC,"Balneário Piçarras, SC","Balneário Piçarras, SC, Itacolomi",5.0,103,6977.68,77,6230.07,2025-12,0.6923,0.3874,18.0,31,532.94,305.13,8.0,0.0,2025-12-01,1.12,2664.7000000000003,-747.6100000000006,ok
PSD103,Florianopolis-Jurere_Tradicional-apartamento-JR-1Q,Carteira 1,SC,"Florianópolis, SC","Florianópolis, SC, Jurerê",0.0,2020,3091.65,20,6586.14,2025-12,0.2903,0.4577,9.0,31,361.89,682.57,21.0,0.0,2025-12-01,0.47,0.0,3494.4900000000002,crítico
RAK0331,Florianopolis-UFSC-apartamento-JR-3Q,Carteira 4,SC,"Florianópolis, SC","Florianópolis, SC, Pantanal",7.0,332,7239.2,14,4429.31,2025-12,0.6667,0.3791,16.0,31,689.81,308.25,8.0,0.0,2025-12-01,1.63,4828.67,-2809.8899999999994,ok
RDS003,Campos_do_Jordao-Vila_Natal-casa-JR-1Q,Carteira 4,SP,"Campos do Jordão, SP","Campos do Jordão, SP, Vila Natal",12.0,661,765.64,18,2632.45,2025-12,0.2105,0.204,4.0,31,224.5,193.93,14.0,0.0,2025-12-01,0.29,2694.0,1866.81,crítico
RFM0001,Santa_Cruz_Cabralia-Coroa_Vermelha-apartamento-JR-2Q,Carteira 2,BA,"Santa Cruz Cabrália, BA","Santa Cruz Cabrália, BA, Coroa Vermelha",0.0,355,5263.82,21,3440.44,2025-12,0.2581,0.4389,8.0,31,1061.75,225.13,23.0,0.0,2025-12-01,1.53,0.0,-1823.3799999999997,ok
RFT505,Balneario_Camboriu-Intermediario-apartamento-JR-2Q,Carteira 6,SC,"Balneário Camboriú, SC","Balneário Camboriú, SC, Centro",4.0,1470,8500.12,42,4496.41,2025-12,0.6667,0.3127,18.0,31,607.33,278.44,9.0,0.0,2025-12-01,1.89,2429.32,-4003.710000000001,ok
RGP0107,Florianopolis-Jurere_Tradicional-apartamento-JR-1Q,Carteira 1,SC,"Florianópolis, SC","Florianópolis, SC, Jurerê",0.0,440,5919.07,20,6586.14,2025-12,0.4194,0.4577,13.0,31,591.46,430.29,17.0,0.0,2025-12-01,0.9,0.0,667.0700000000006,berlinda
RHE101,Bombinhas-Mariscal-casa-JR-2Q,Carteira 6,SC,"Bombinhas, SC","Bombinhas, SC, Morrinhos",2.0,606,6632.5,24,3733.63,2025-12,0.7586,0.2535,22.0,31,376.05,951.86,7.0,0.0,2025-12-01,1.78,752.1,-2898.87,ok
RRA0205,Florianopolis-Praia_Brava-apartamento-JR-2Q,Carteira 1,SC,"Florianópolis, SC","Florianópolis, SC, Praia Brava",12.0,466,1481.5,24,4785.47,2025-12,0.2632,0.3333,5.0,31,318.0,916.29,14.0,0.0,2025-12-01,0.31,3816.0,3303.9700000000003,crítico
RSL0502,Itapema-Praia_Itapema-apartamento-TOP-3Q,Carteira 6,SC,"Itapema, SC","Itapema, SC, Centro",7.0,724,9842.58,32,10262.92,2025-12,0.5833,0.4555,14.0,31,906.36,459.78,9.0,8.0,2025-12-01,0.96,6344.52,420.34000000000015,berlinda
RUL0035,Ubatuba-Toninhas-casa-JR-3Q,Carteira 4,SP,"Ubatuba, SP","Ubatuba, SP, Toninhas",3.0,196,17401.93,16,4827.32,2025-12,0.8214,0.2306,23.0,31,1217.7,840.0,5.0,0.0,2025-12-01,3.6,3653.1000000000004,-12574.61,meta_subestimada
SLC0203,Florianopolis-Rio_Vermelho-apartamento-JR-1Q,Carteira 1,SC,"Florianópolis, SC","Florianópolis, SC, Ingleses do Rio Vermelho",0.0,346,1178.92,20,2731.75,2025-12,0.0645,0.3075,2.0,31,700.0,307.71,28.0,0.0,2025-12-01,0.43,0.0,1552.83,crítico
SOA0910,Salvador-Boca_do_Rio-apartamento-TOP-1Q,Carteira 2,BA,"Salvador, BA","Salvador, BA, Boca do Rio",0.0,251,713.44,16,2424.25,2025-12,0.129,0.3299,4.0,31,225.5,291.78,27.0,0.0,2025-12-01,0.29,0.0,1710.81,crítico
SPT0103,Blumenau-Central-apartamento-JR-1Q,Carteira 4,SC,"Blumenau, SC","Blumenau, SC, Itoupava Seca",0.0,623,425.67,38,1526.08,2025-12,0.0968,0.3331,3.0,31,199.0,143.96,27.0,27.0,2025-12-01,0.28,0.0,1100.4099999999999,crítico
TBS1105,Florianopolis-Novo_Campeche-apartamento-MASTER-1Q,Carteira 1,SC,"Florianópolis, SC","Florianópolis, SC, Campeche",4.0,906,7361.43,65,9664.86,2025-12,0.5185,0.4949,14.0,31,706.21,1264.0,12.0,0.0,2025-12-01,0.76,2824.84,2303.4300000000003,atenção
UPP0114,Curitiba-Centro-apartamento-JR-1Q,Carteira 6_sys-price,PR,"Curitiba, PR","Curitiba, PR, Alto da XV",0.0,21,0.0,227,1822.41,2025-12,0.0,0.3741,0.0,31,0.0,154.3,30.0,0.0,2025-12-01,0.0,0.0,1822.41,crítico
VEC112,Bombinhas-Centro-apartamento-SUP-1Q,Carteira 6,SC,"Bombinhas, SC","Bombinhas, SC, Centro",0.0,1070,9117.92,37,5567.5,2025-12,0.6452,0.4579,20.0,31,550.65,519.36,11.0,0.0,2025-12-01,1.64,0.0,-3550.42,ok
VIC0203,Florianopolis-Novo_Campeche-apartamento-TOP-2Q,Carteira 1,SC,"Florianópolis, SC","Florianópolis, SC, Campeche",0.0,761,19798.16,58,10812.04,2025-12,0.6452,0.4785,20.0,31,1318.85,619.6,10.0,0.0,2025-12-01,1.83,0.0,-8986.119999999999,ok
VIL0001,Penha-Longe-apartamento-JR-1Q,Carteira 6,SC,"Penha, SC","Penha, SC, Santa Lidia",0.0,101,4319.6,17,2073.02,2025-12,0.4516,0.3346,14.0,31,405.71,177.94,16.0,0.0,2025-12-01,2.08,0.0,-2246.5800000000004,meta_subestimada
VLE006,Bombinhas-Mariscal-apartamento-JR-2Q,Carteira 6,SC,"Bombinhas, SC","Bombinhas, SC, Mariscal",0.0,1524,5242.81,7,6321.26,2025-12,0.3226,0.2547,10.0,31,650.8,420.85,20.0,28.0,2025-12-01,0.83,0.0,1078.4499999999998,berlinda
CLB0002,São_Miguel_dos_Milagres-Geral-casa-SUP-3Q,Carteira 2,AL,"São Miguel dos Milagres, AL","São Miguel dos Milagres, AL, Praia do Riacho",27.0,7,2608.95,21,8104.74,2025-12,0.75,0.3632,3.0,31,1050.0,420.0,1.0,0.0,2025-12-01,0.32,28350.0,5495.79,crítico
CNA004,Especial-CNA-casa-MASTER-1Q,Especial,SP,"Campos do Jordão, SP","Campos do Jordão, SP, Jardim Europa",0.0,1046,3044.24,25,6822.48,2025-12,0.129,0.3355,4.0,31,855.0,743.81,26.0,0.0,2025-12-01,0.45,0.0,3778.24,crítico
CNB013,Especial-CNB-casa-TOP-1Q,Especial,SP,"Campos do Jordão, SP","Campos do Jordão, SP, Jardim Europa",0.0,620,0.0,15,4612.23,2025-12,0.0,0.291,0.0,31,0.0,832.77,30.0,5.0,2025-12-01,0.0,0.0,4612.23,crítico
CRN101,Florianopolis-Campeche-apartamento-SUP-2Q,Carteira 1,SC,"Florianópolis, SC","Florianópolis, SC, Armação",13.0,27,1142.48,13,4383.31,2025-12,0.2222,0.264,4.0,31,354.0,320.15,13.0,0.0,2025-12-01,0.26,4602.0,3240.8300000000004,crítico
CZZ0306,Urubici-Geral-apartamento-SUP-1Q,Especial,SC,"Urubici, SC","Urubici, SC, Centro",0.0,35,1640.16,53,1627.27,2025-12,0.2258,0.1854,7.0,31,269.29,416.74,23.0,0.0,2025-12-01,1.01,0.0,-12.8900000000001,berlinda
CZZ0507,Urubici-Geral-apartamento-SUP-1Q,Especial,SC,"Urubici, SC","Urubici, SC, Centro",0.0,164,454.68,53,1627.27,2025-12,0.129,0.1854,4.0,31,142.5,383.58,26.0,0.0,2025-12-01,0.28,0.0,1172.59,crítico
DPR0010,Balneario_Camboriu-Sul-apartamento-SUP-1Q,Carteira 3,SC,"Balneário Camboriú, SC","Balneário Camboriú, SC, Barra",0.0,13,0.0,62,4927.08,2025-12,,0.3946,,0,0.0,,,,2025-12-01,0.0,0.0,4927.08,crítico
EAC1302,Balneario_Camboriu-Centro-apartamento-JR-3Q,Carteira 6,SC,"Balneário Camboriú, SC","Balneário Camboriú, SC, Centro",4.0,763,10801.24,46,7127.36,2025-12,0.4815,0.3862,13.0,31,923.31,390.0,14.0,0.0,2025-12-01,1.52,3693.24,-3673.88,ok
EDG403,Balneario_Camboriu-Centro-apartamento-JR-1Q,Carteira 6,SC,"Balneário Camboriú, SC","Balneário Camboriú, SC, Centro",0.0,986,6157.29,28,3303.1,2025-12,0.7742,0.3003,24.0,31,314.54,1086.57,7.0,0.0,2025-12-01,1.86,0.0,-2854.19,ok
EPM0803,Guarapari-Muquicaba-apartamento-SIM-1Q,Carteira 4,ES,"Guarapari, ES","Guarapari, ES, Muquiçaba",0.0,207,1351.99,22,1624.6,2025-12,0.2903,0.2993,9.0,31,195.33,221.0,22.0,0.0,2025-12-01,0.83,0.0,272.6099999999999,berlinda
HOA0906,Salvador-Ondina_Rio_Vermelho-apartamento-TOP-1Q,Carteira 2,BA,"Salvador, BA","Salvador, BA, Ondina",0.0,315,2025.81,45,3276.93,2025-12,0.2903,0.354,9.0,31,266.0,366.33,21.0,0.0,2025-12-01,0.62,0.0,1251.12,atenção
ILC4115,Especial-ILC-hotel-TOP-1Q,Especial,SC,"Florianópolis, SC","Florianópolis, SC, Jurerê Internacional",2.0,1687,27472.28,26,13572.13,2025-12,0.7931,0.6377,23.0,31,1373.26,1043.8,5.0,0.0,2025-12-01,2.02,2746.52,-13900.15,meta_subestimada
KPL0806,Florianopolis-Sao_Jose-apartamento-TOP-1Q,Carteira 4,SC,"São José, SC","São José, SC, Campinas",0.0,110,1702.2,27,4116.85,2025-12,0.2581,0.3839,8.0,31,292.63,484.35,23.0,0.0,2025-12-01,0.41,0.0,2414.6500000000005,crítico
LRM0226,Itapema-Longe-casa-JR-2Q,Carteira 6,SC,"Itapema, SC","Itapema, SC, Morretes",0.0,111,6559.95,23,7148.52,2025-12,0.5484,0.3838,17.0,31,512.59,251.43,14.0,0.0,2025-12-01,0.92,0.0,588.5700000000006,berlinda
MHF0902,Itapema-Canto_Praia-apartamento-TOP-2Q,Carteira 5,SC,"Itapema, SC","Itapema, SC, Centro",0.0,437,2038.96,14,4620.28,2025-12,0.2903,0.2821,9.0,31,295.11,717.55,22.0,0.0,2025-12-01,0.44,0.0,2581.3199999999997,crítico
MUT0056,Santa_Cruz_Cabralia-Coroa_Vermelha-apartamento-TOP-3Q,Carteira 2,BA,"Santa Cruz Cabrália, BA","Santa Cruz Cabrália, BA, Coroa Vermelha",6.0,278,12164.47,9,8904.6,2025-12,0.92,0.492,23.0,31,761.04,936.0,1.0,0.0,2025-12-01,1.37,4566.24,-3259.869999999999,ok
NWT0319,Especial-NWT-apartamento-TOP-1Q,Carteira 5,AL,"Maceió, AL","Maceió, AL, Pajuçara",2.0,350,5360.42,34,4511.21,2025-12,0.4828,0.3523,14.0,31,546.5,543.87,15.0,0.0,2025-12-01,1.19,1093.0,-849.21,ok
NWT0914,Especial-NWT-apartamento-TOP-1Q,Carteira 5,AL,"Maceió, AL","Maceió, AL, Pajuçara",0.0,251,9007.95,34,4511.21,2025-12,0.7097,0.3523,22.0,31,513.59,662.89,9.0,0.0,2025-12-01,2.0,0.0,-4496.740000000001,ok
NWT1006,Especial-NWT-apartamento-TOP-1Q,Carteira 5,AL,"Maceió, AL","Maceió, AL, Pajuçara",0.0,229,10727.28,34,4511.21,2025-12,0.7742,0.3523,24.0,31,535.13,289.71,7.0,0.0,2025-12-01,2.38,0.0,-6216.070000000001,meta_subestimada
NWT1322,Especial-NWT-apartamento-TOP-1Q,Carteira 5,AL,"Maceió, AL","Maceió, AL, Pajuçara",0.0,339,13783.14,34,4511.21,2025-12,0.6774,0.3523,21.0,31,472.81,943.0,10.0,0.0,2025-12-01,3.06,0.0,-9271.93,meta_subestimada
PSO0811,Penha-Beto_Carrero-apartamento-SUP-1Q,Carteira 3,SC,"Penha, SC","Penha, SC, Praia de Armação do Itapocoroi",0.0,28,7491.87,15,2337.5,2025-12,0.7742,0.234,24.0,31,374.67,194.86,7.0,0.0,2025-12-01,3.21,0.0,-5154.37,meta_subestimada
RGOB701,Itapema-Meia_Praia-Sul-apartamento-SUP-1Q,Carteira 6,SC,"Itapema, SC","Itapema, SC, Castelo Branco",6.0,140,1350.02,13,5440.47,2025-12,0.28,0.3096,7.0,31,269.0,361.28,18.0,0.0,2025-12-01,0.25,1614.0,4090.4500000000003,crítico
RNE0301,Porto_Belo-Geral-apartamento-JR-3Q,Carteira 6,SC,"Porto Belo, SC","PORTO BELO, SC, PEREQUÊ",19.0,403,1793.96,33,6131.48,2025-12,0.6667,0.3649,8.0,31,262.5,304.0,4.0,0.0,2025-12-01,0.29,4987.5,4337.5199999999995,crítico
RRV0202,Navegantes-Gravata-apartamento-SUP-2Q,Carteira 6,SC,"Navegantes, SC","Navegantes, SC, Gravatá",12.0,66,417.0,21,3237.03,2025-12,0.2105,0.4026,4.0,31,140.0,190.8,15.0,0.0,2025-12-01,0.13,1680.0,2820.03,crítico
RUC0003,Bombinhas-Mariscal-casa-JR-2Q,Carteira 6,SC,"Bombinhas, SC","Bombinhas, SC, Canto Grande",0.0,362,1197.8,24,3733.63,2025-12,0.2581,0.2535,8.0,31,180.5,541.13,23.0,0.0,2025-12-01,0.32,0.0,2535.83,crítico
SFR0411,Bombinhas-Centro-apartamento-SUP-1Q,Carteira 6,SC,"Bombinhas, SC","Bombinhas, SC, Centro",0.0,67,12476.38,37,5567.5,2025-12,0.9032,0.4579,28.0,31,526.57,344.33,3.0,0.0,2025-12-01,2.24,0.0,-6908.879999999999,meta_subestimada
SSG0107,Florianopolis-UFSC-apartamento-TOP-1Q,Carteira 4,SC,"Florianópolis, SC","Florianópolis, SC, Córrego Grande",0.0,788,516.69,16,4429.31,2025-12,0.0968,0.3939,3.0,31,214.0,387.19,27.0,0.0,2025-12-01,0.12,0.0,3912.6200000000003,crítico
TNP0713,Sao_Paulo-Bela_Vista-apartamento-SUP-1Q,Carteira 4_sys-price,SP,"São Paulo, SP","São Paulo, SP, Cerqueira César",0.0,52,5053.69,718,2096.87,2025-12,0.8387,0.3298,26.0,31,232.46,240.8,5.0,0.0,2025-12-01,2.41,0.0,-2956.8199999999997,meta_subestimada
TPS204,Florianopolis-Canasvieiras_Meio-apartamento-TOP-1Q,Carteira 1,SC,"Florianópolis, SC","Florianópolis, SC, Canasvieiras",0.0,927,0.0,25,5708.6,2025-12,0.0,0.4133,0.0,31,0.0,523.33,30.0,0.0,2025-12-01,0.0,0.0,5708.6,crítico
TPS212,Florianopolis-Canasvieiras_Meio-apartamento-TOP-1Q,Carteira 1,SC,"Florianópolis, SC","Florianópolis, SC, Canasvieiras",0.0,1060,0.0,25,5708.6,2025-12,0.0,0.4133,0.0,31,0.0,552.67,30.0,0.0,2025-12-01,0.0,0.0,5708.6,crítico
TRO0154,Sao_Paulo-Pompeia-apartamento-SUP-1Q,Carteira 4_sys-price,SP,"São Paulo, SP","São Paulo, SP, Pompeia",0.0,130,2890.88,60,1367.42,2025-12,0.5161,0.2372,16.0,31,227.81,187.53,15.0,0.0,2025-12-01,2.11,0.0,-1523.46,meta_subestimada
VIL0002,Penha-Longe-apartamento-JR-1Q,Carteira 6,SC,"Penha, SC","Penha, SC, Santa Lidia",0.0,101,4205.9,17,2073.02,2025-12,0.6452,0.3346,20.0,31,279.8,148.18,11.0,0.0,2025-12-01,2.03,0.0,-2132.8799999999997,meta_subestimada
BPA0103,Sao_Paulo-Bela_Vista-apartamento-TOP-1Q,Carteira 4_sys-price,SP,"São Paulo, SP","São Paulo, SP, Bela Vista",2.0,207,1978.5,198,2582.94,2025-12,0.3103,0.3786,9.0,31,296.22,254.45,20.0,0.0,2025-12-01,0.77,592.44,604.44,atenção
BSS0703,Sao_Paulo-Santo_Amaro-apartamento-SUP-1Q,Carteira 4_sys-price,SP,"São Paulo, SP","São Paulo, SP, Jardim das Acácias",0.0,458,476.76,105,1138.7,2025-12,0.129,0.1877,4.0,31,172.0,196.04,27.0,0.0,2025-12-01,0.42,0.0,661.94,crítico
BVA0601,Sao_Paulo-Republica-apartamento-SUP-1Q,Carteira 4_sys-price,SP,"São Paulo, SP","São Paulo, SP, Bela Vista",0.0,440,1091.85,403,1530.0,2025-12,0.3226,0.3151,10.0,31,140.3,148.57,21.0,0.0,2025-12-01,0.71,0.0,438.1500000000001,atenção
CAA103,Bombinhas-Centro-apartamento-JR-2Q,Carteira 6,SC,"Bombinhas, SC","Bombinhas, SC, Centro",7.0,1124,5996.27,56,5055.16,2025-12,0.6667,0.3791,16.0,31,521.06,302.87,8.0,0.0,2025-12-01,1.19,3647.4199999999996,-941.1100000000006,ok
DAC0402,Florianopolis-Estreito-apartamento-SUP-1Q,Carteira 4,SC,"Florianópolis, SC","Florianópolis, SC, Estreito",0.0,228,1892.94,21,3004.91,2025-12,0.4516,0.425,14.0,31,204.0,466.4,15.0,0.0,2025-12-01,0.63,0.0,1111.9699999999998,atenção
DON0504,Balneario_Camboriu-Norte-apartamento-SUP-3Q,Carteira 6,SC,"Balneário Camboriú, SC","Balneário Camboriú, SC, Centro",0.0,138,7152.7,23,10382.63,2025-12,0.3871,0.4676,12.0,31,970.17,830.11,19.0,0.0,2025-12-01,0.69,0.0,3229.9299999999994,atenção
ECM0206,Florianopolis-Lagoa-apartamento-SUP-1Q,Carteira 1,SC,"Florianópolis, SC","Florianópolis, SC, Lagoa da Conceição",0.0,70,2815.93,29,4977.73,2025-12,0.4194,0.5714,13.0,31,277.69,571.22,18.0,0.0,2025-12-01,0.57,0.0,2161.7999999999997,atenção
EII0304,Maceio-Ponta_Verde-apartamento-SUP-1Q,Carteira 2,AL,"Maceió, AL","Maceió, AL, Ponta Verde",0.0,126,1151.04,204,4251.06,2025-12,0.2581,0.4918,8.0,31,185.0,446.78,23.0,0.0,2025-12-01,0.27,0.0,3100.0200000000004,crítico
FFS0909,Itapema-Meia_Praia-Sul-apartamento-SUP-1Q,Carteira 6,SC,"Itapema, SC","Itapema, SC, Meia Praia",0.0,32,6655.77,13,5440.47,2025-12,0.5161,0.3096,16.0,31,543.12,426.8,15.0,0.0,2025-12-01,1.22,0.0,-1215.3000000000002,ok
FFS1407,Itapema-Meia_Praia-Sul-apartamento-TOP-1Q,Carteira 4,SC,"Itapema, SC","Itapema, SC, Meia Praia",26.0,27,726.93,27,6354.59,2025-12,0.8,0.3713,4.0,31,226.5,,0.0,0.0,2025-12-01,0.11,5889.0,5627.66,crítico
IFT1208,Itapema-Meia_Praia-Norte-apartamento-TOP-1Q,Carteira 6,SC,"Itapema, SC","Itapema, SC, Meia Praia",6.0,83,5934.72,34,8039.05,2025-12,0.76,0.47,19.0,31,370.58,384.0,6.0,0.0,2025-12-01,0.74,2223.48,2104.33,atenção
LGD0205,Florianopolis-Centrao-apartamento-TOP-1Q,Carteira 4,SC,"Florianópolis, SC","Florianópolis, SC, Centro",0.0,466,3306.45,29,2680.69,2025-12,0.3871,0.3111,12.0,31,326.75,499.42,19.0,0.0,2025-12-01,1.23,0.0,-625.7599999999998,ok
LIV0512,Salvador-Graca-apartamento-TOP-1Q,Especial,BA,"Salvador, BA","Salvador, BA, Vitória",0.0,150,935.28,15,3185.45,2025-12,0.1935,0.3946,6.0,31,205.0,324.96,25.0,0.0,2025-12-01,0.29,0.0,2250.17,crítico
NWT1306,Especial-NWT-apartamento-TOP-1Q,Carteira 5,AL,"Maceió, AL","Maceió, AL, Pajuçara",0.0,333,9175.78,34,4511.21,2025-12,0.6129,0.3523,19.0,31,610.79,378.25,12.0,0.0,2025-12-01,2.03,0.0,-4664.570000000001,meta_subestimada
NXO2104,Sao_Paulo-Bela_Vista-apartamento-SUP-1Q,Carteira 4_sys-price,SP,"São Paulo, SP","São Paulo, SP, Consolação",1.0,602,1965.31,718,2096.87,2025-12,0.3667,0.3298,11.0,31,215.0,187.89,19.0,0.0,2025-12-01,0.94,215.0,131.55999999999995,berlinda
PAR0001,Urubici-Geral-casa-TOP-1Q,Carteira 3,SC,"Urubici, SC","Urubici, SC, Arroio do Engenho",2.0,759,2128.72,89,2710.5,2025-12,0.2759,0.183,8.0,31,322.5,438.7,20.0,0.0,2025-12-01,0.79,645.0,581.7800000000002,atenção
PRY0001,Porto_Seguro-Pataxos-apartamento-SUP-2Q,Carteira 2,BA,"Porto Seguro, BA","Porto Seguro, BA, Taperapuã",0.0,28,9542.15,50,6175.67,2025-12,0.8065,0.4331,25.0,31,523.2,539.0,6.0,0.0,2025-12-01,1.55,0.0,-3366.4799999999996,ok
PRY0004,Porto_Seguro-Pataxos-apartamento-SUP-2Q,Carteira 2,BA,"Porto Seguro, BA","Porto Seguro, BA, Taperapuã",0.0,53,11842.26,50,6175.67,2025-12,0.8387,0.4331,26.0,31,596.65,306.2,5.0,1.0,2025-12-01,1.92,0.0,-5666.59,ok
PSD206,Florianopolis-Jurere_Tradicional-apartamento-JR-1Q,Carteira 1,SC,"Florianópolis, SC","Florianópolis, SC, Jurerê",0.0,229,2878.46,20,6586.14,2025-12,0.4194,0.4577,13.0,31,295.85,795.88,17.0,0.0,2025-12-01,0.44,0.0,3707.6800000000003,crítico
PSO0305,Penha-Beto_Carrero-apartamento-SUP-1Q,Carteira 3,SC,"Penha, SC","Penha, SC, Praia de Armação do Itapocoroi",0.0,119,5181.39,15,2337.5,2025-12,0.4839,0.234,15.0,31,431.67,462.44,16.0,0.0,2025-12-01,2.22,0.0,-2843.8900000000003,meta_subestimada
PTZ0166,Ilheus-Boa_Vista-apartamento-JR-2Q,Carteira 2,BA,"Ilhéus, BA","Ilhéus, BA, Conquista",10.0,327,204.62,30,3102.23,2025-12,0.0952,0.2913,2.0,31,120.0,139.53,19.0,0.0,2025-12-01,0.07,1200.0,2897.61,crítico
SLC0201,Florianopolis-Rio_Vermelho-apartamento-JR-1Q,Carteira 1,SC,"Florianópolis, SC","Florianópolis, SC, Ingleses do Rio Vermelho",0.0,348,0.0,20,2731.75,2025-12,0.0,0.3075,0.0,31,0.0,353.2,30.0,0.0,2025-12-01,0.0,0.0,2731.75,crítico
SMT0713,Salvador-Boca_do_Rio-apartamento-SUP-1Q,Carteira 2,BA,"Salvador, BA","Salvador, BA, Armação",0.0,304,1708.16,31,2116.82,2025-12,0.3871,0.3383,12.0,31,196.33,290.83,18.0,0.0,2025-12-01,0.81,0.0,408.6600000000001,berlinda
SPJ0304,Especial-SPJ-apartamento-TOP-1Q,Carteira 5,SC,"Florianópolis, SC","Florianópolis, SC, Jurerê",0.0,545,14218.13,15,9882.1,2025-12,0.6774,0.5496,21.0,31,842.29,598.5,10.0,0.0,2025-12-01,1.44,0.0,-4336.029999999999,ok
SPT0104,Blumenau-Central-apartamento-JR-1Q,Carteira 4,SC,"Blumenau, SC","Blumenau, SC, Itoupava Seca",0.0,621,257.58,38,1526.08,2025-12,0.0968,0.3331,3.0,31,109.33,149.11,28.0,21.0,2025-12-01,0.17,0.0,1268.5,crítico
SPT0107,Blumenau-Central-apartamento-JR-1Q,Carteira 4,SC,"Blumenau, SC","Blumenau, SC, Itoupava Seca",0.0,626,0.0,38,1526.08,2025-12,0.0,0.3331,0.0,31,0.0,145.83,30.0,23.0,2025-12-01,0.0,0.0,1526.08,crítico
VAC5604,Barra_Velha-Tabuleiro-apartamento-TOP-2Q,Carteira 3,SC,"Barra Velha, SC","Barra Velha, SC, Itajuba",4.0,200,5141.98,54,5693.67,2025-12,0.2963,0.3328,8.0,31,755.75,464.33,18.0,27.0,2025-12-01,0.9,3023.0,551.6900000000005,berlinda
AMC0202,Florianopolis-Ingleses_Praia-apartamento-JR-1Q,Carteira 1,SC,"Florianópolis, SC","Florianópolis, SC, Ingleses do Rio Vermelho",11.0,531,4210.78,36,3908.47,2025-12,0.6,0.4301,12.0,31,472.25,282.5,8.0,0.0,2025-12-01,1.08,5194.75,-302.30999999999995,berlinda
BLSA1455,Goiania-Central-apartamento-TOP-1Q,Carteira 1_sys-price,GO,"Goiânia, GO","Goiânia, GO, Setor Marista",0.0,486,1727.23,33,1517.3,2025-12,0.3226,0.1649,10.0,31,221.2,228.43,21.0,0.0,2025-12-01,1.14,0.0,-209.93000000000006,ok
CAG0003,Camaçari-Monte_Gordo-casa-SUP-4Q,Carteira 2,BA,"Camaçari, BA","Camaçari, BA, Guarajuba",5.0,154,4172.35,10,13720.06,2025-12,0.2692,0.4172,7.0,31,678.57,852.83,18.0,0.0,2025-12-01,0.3,3392.8500000000004,9547.71,crítico
CEV2304,Balneario_Camboriu-Intermediario-apartamento-JR-1Q,Carteira 6,SC,"Balneário Camboriú, SC","Balneário Camboriú, SC, Centro",12.0,336,2394.49,63,3624.38,2025-12,0.7368,0.3493,14.0,31,216.07,427.8,5.0,0.0,2025-12-01,0.66,2592.84,1229.8900000000003,atenção
CII0601,Porto_Belo-Geral-apartamento-SUP-2Q,Carteira 6,SC,"Porto Belo, SC","Porto Belo, SC, Perequê",0.0,465,530.68,34,5989.62,2025-12,0.129,0.3609,4.0,31,171.5,567.19,27.0,0.0,2025-12-01,0.09,0.0,5458.94,crítico
CNB005,Especial-CNB-casa-TOP-1Q,Especial,SP,"Campos do Jordão, SP","Campos do Jordão, SP, Jardim Europa",0.0,626,0.0,15,4612.23,2025-12,0.0,0.291,0.0,31,500.6,830.65,26.0,6.0,2025-12-01,0.0,0.0,4612.23,crítico
DSG1301,Sao_Paulo-Vila_Olimpia-apartamento-SUP-1Q,Carteira 4_sys-price,SP,"São Paulo, SP","São Paulo, SP, Itaim Bibi",0.0,221,2964.35,256,2528.3,2025-12,0.3871,0.2794,12.0,31,310.33,289.47,19.0,0.0,2025-12-01,1.17,0.0,-436.0499999999997,ok
ILC3208,Especial-ILC-hotel-TOP-1Q,Especial,SC,"Florianópolis, SC","Florianópolis, SC, Jurerê Internacional",0.0,1488,15773.08,26,13572.13,2025-12,0.5161,0.6377,16.0,31,1400.25,1343.64,14.0,0.0,2025-12-01,1.16,0.0,-2200.9500000000007,ok
JBV214,Especial-JBV-hotel-JR-1Q,Especial,SC,"Florianópolis, SC","Florianópolis, SC, Jurerê",0.0,1075,17688.99,23,10939.33,2025-12,0.6452,0.5584,20.0,31,1199.7,760.91,11.0,0.0,2025-12-01,1.62,0.0,-6749.660000000002,ok
JBV227,Especial-JBV-hotel-TOP-1Q,Especial,SC,"Florianópolis, SC","Florianópolis, SC, Jurerê",5.0,52,19073.56,30,13774.65,2025-12,0.8846,0.6331,23.0,31,1050.48,912.67,3.0,0.0,2025-12-01,1.38,5252.4,-5298.910000000002,ok
JBV462,Especial-JBV-hotel-TOP-1Q,Especial,SC,"Florianópolis, SC","Florianópolis, SC, Jurerê",17.0,1406,8093.06,30,13774.65,2025-12,0.9286,0.6331,13.0,31,754.62,649.0,1.0,0.0,2025-12-01,0.59,12828.54,5681.589999999999,atenção
JPR212,Florianopolis-Jurere_Tradicional-apartamento-MASTER-1Q,Carteira 1,SC,"Florianópolis, SC","Florianópolis, SC, Jurerê",0.0,1308,12954.84,26,15586.68,2025-12,0.5161,0.6068,16.0,31,1051.0,792.57,14.0,0.0,2025-12-01,0.83,0.0,2631.84,berlinda
LVR010,Campos_do_Jordao-Capivari_Centro-apartamento-SUP-2Q,Carteira 4,SP,"Campos do Jordão, SP","Campos do Jordão, SP, Vila Iara",0.0,971,6599.17,48,7945.61,2025-12,0.4194,0.3297,13.0,31,665.38,614.24,17.0,0.0,2025-12-01,0.83,0.0,1346.4399999999996,berlinda
MHF0704,Itapema-Canto_Praia-apartamento-TOP-1Q,Carteira 5,SC,"Itapema, SC","Itapema, SC, Centro",0.0,501,4548.66,14,6337.8,2025-12,0.4839,0.3918,15.0,31,353.0,661.07,15.0,0.0,2025-12-01,0.72,0.0,1789.1400000000003,atenção
MHFB0507,Itapema-Canto_Praia-apartamento-SUP-1Q,Carteira 5,SC,"Itapema, SC","Itapema, SC, Centro",0.0,487,4092.48,16,5616.63,2025-12,0.5161,0.3721,16.0,31,300.0,623.79,14.0,0.0,2025-12-01,0.73,0.0,1524.15,atenção
MPL0215,Brasilia-Asa_Norte-apartamento-SUP-1Q,Carteira 1_sys-price,DF,"Brasília, DF","Brasília, DF, Asa Norte",0.0,299,2390.56,139,1842.36,2025-12,0.5484,0.3729,17.0,31,208.65,179.21,14.0,0.0,2025-12-01,1.3,0.0,-548.2,ok
NLUH0008,São_Miguel_dos_Milagres-Geral-casa-TOP-3Q,Carteira 2,AL,"Passo de Camaragibe, AL","Passo de Camaragibe, AL, Praia do Marceneiro",5.0,418,26975.44,21,13333.52,2025-12,0.6154,0.4346,16.0,31,1785.25,888.56,9.0,0.0,2025-12-01,2.02,8926.25,-13641.919999999998,meta_subestimada
NWT0803,Especial-NWT-apartamento-TOP-1Q,Carteira 5,AL,"Maceió, AL","Maceió, AL, Pajuçara",4.0,355,4037.16,34,4511.21,2025-12,0.6667,0.3523,18.0,31,314.44,393.33,9.0,0.0,2025-12-01,0.89,1257.76,474.0500000000002,berlinda
ONJ2712,Sao_Paulo-Moema-apartamento-SUP-1Q,Carteira 4_sys-price,SP,"São Paulo, SP","São Paulo, SP, Moema",31.0,297,0.0,481,1716.15,2025-12,,0.2792,0.0,31,0.0,,0.0,0.0,2025-12-01,0.0,0.0,1716.15,crítico
PGR1101,Porto_Alegre-Jardim_Botanico-apartamento-TOP-2Q,Carteira 4,RS,"Porto Alegre, RS","Porto Alegre, RS, Petrópolis",31.0,251,0.0,23,4024.39,2025-12,,0.3777,0.0,31,0.0,,0.0,2.0,2025-12-01,0.0,0.0,4024.39,crítico
PPB0603,Goiania-Central-apartamento-SUP-2Q,Carteira 1_sys-price,GO,"Goiânia, GO","Goiânia, GO, Setor Bueno",6.0,789,2257.2,45,1792.24,2025-12,0.36,0.2432,9.0,31,348.0,262.73,15.0,14.0,2025-12-01,1.26,2088.0,-464.9599999999998,ok
RFM0021,Santa_Cruz_Cabralia-Coroa_Vermelha-apartamento-SUP-2Q,Carteira 2,BA,"Santa Cruz Cabrália, BA","Santa Cruz Cabrália, BA, Coroa Vermelha",0.0,467,1478.4,60,5857.86,2025-12,0.2258,0.4238,7.0,31,257.43,487.39,23.0,0.0,2025-12-01,0.25,0.0,4379.459999999999,crítico
RPC301,Florianopolis-Canasvieiras_Longe-apartamento-SUP-2Q,Carteira 1,SC,"Florianópolis, SC","Florianópolis, SC, Canasvieiras",0.0,1327,12372.02,24,6412.74,2025-12,0.7419,0.4306,23.0,31,593.04,497.75,8.0,0.0,2025-12-01,1.93,0.0,-5959.280000000001,ok
SCO0004,Florianopolis-Campeche-apartamento-JR-1Q,Carteira 1,SC,"Florianópolis, SC","Florianópolis, SC, Campeche",0.0,237,0.0,27,3473.53,2025-12,0.0,0.437,0.0,31,0.0,385.6,30.0,0.0,2025-12-01,0.0,0.0,3473.53,crítico
SMA0407,Salvador-Pituba_Praia-apartamento-SUP-1Q,Carteira 5,BA,"Salvador, BA","Salvador, BA, Amaralina",3.0,54,1330.83,13,1623.08,2025-12,0.3571,0.3478,10.0,31,158.2,301.06,18.0,0.0,2025-12-01,0.82,474.59999999999997,292.25,berlinda
SPJ0403,Especial-SPJ-apartamento-TOP-1Q,Carteira 5,SC,"Florianópolis, SC","Florianópolis, SC, Jurerê",0.0,546,7012.1,15,9882.1,2025-12,0.5806,0.5496,18.0,31,456.4,1138.82,11.0,0.0,2025-12-01,0.71,0.0,2870.0,atenção
VBR0020,Camaçari-Itacimirim-apartamento-SUP-2Q,Carteira 2,BA,"Camaçari, BA","Camaçari, BA, Itacimirim",5.0,26,5838.5,25,5847.29,2025-12,0.1923,0.3086,5.0,31,1500.0,516.0,20.0,28.0,2025-12-01,1.0,7500.0,8.789999999999964,berlinda
YHE0104,Sao_Paulo-Madalena-apartamento-SUP-1Q,Carteira 4_sys-price,SP,"São Paulo, SP","São Paulo, SP, Sumarezinho",1.0,17,1691.64,84,1948.63,2025-12,0.4,0.2551,12.0,31,235.42,182.33,18.0,0.0,2025-12-01,0.87,235.42,256.99,berlinda
AVR0203,Balneario_Picarras-Geral-apartamento-TOP-2Q,Carteira 6,SC,"Penha, SC","Penha, SC, Centro",0.0,263,6104.59,36,9156.13,2025-12,0.2581,0.4149,8.0,31,937.25,544.22,23.0,0.0,2025-12-01,0.67,0.0,3051.539999999999,atenção
BCY2001,Aguas_Claras-Geral-apartamento-MASTER-2Q,Carteira 1,DF,"Brasília, DF","Brasília, DF, Aguas Claras",9.0,343,4270.65,9,2871.09,2025-12,0.5909,0.2847,13.0,31,435.85,795.56,9.0,0.0,2025-12-01,1.49,3922.65,-1399.5599999999995,ok
CDN101,Florianopolis-Campeche_Praia-apartamento-SUP-1Q,Carteira 1,SC,"Florianópolis, SC","Florianópolis, SC, Morro das Pedras",0.0,476,623.31,12,4642.4,2025-12,0.0968,0.4373,3.0,31,285.0,585.59,27.0,0.0,2025-12-01,0.13,0.0,4019.0899999999997,crítico
COI302,Florianopolis-Praia_Brava-apartamento-JR-2Q,Carteira 1,SC,"Florianópolis, SC","Florianópolis, SC, Praia Brava",3.0,1496,16788.86,24,4785.47,2025-12,0.7857,0.3333,22.0,31,1086.05,306.4,5.0,0.0,2025-12-01,3.51,3258.1499999999996,-12003.39,meta_subestimada
CSP0914,Salvador-Caminho_Das_Arvores-apartamento-SUP-1Q,Carteira 2,BA,"Salvador, BA","Salvador, BA, Caminho das Árvores",7.0,95,515.32,39,1988.29,2025-12,0.1667,0.308,4.0,31,180.0,263.7,20.0,0.0,2025-12-01,0.26,1260.0,1472.9699999999998,crítico
DVB0005,Porto_Seguro-Arraial_Dajuda_Centro-apartamento-SUP-1Q,Carteira 2,BA,"Porto Seguro, BA","Porto Seguro, BA, Arraial d Ajuda",0.0,42,971.64,7,8052.9,2025-12,0.1935,0.5783,6.0,31,223.17,426.54,24.0,0.0,2025-12-01,0.12,0.0,7081.259999999999,crítico
EAC404,Balneario_Camboriu-Centro-apartamento-JR-2Q,Carteira 6,SC,"Balneário Camboriú, SC","Balneário Camboriú, SC, Centro",0.0,763,12855.42,45,5810.63,2025-12,0.7742,0.4112,24.0,31,657.88,455.83,6.0,0.0,2025-12-01,2.21,0.0,-7044.79,meta_subestimada
EEP0902,Guarapari-Centro-apartamento-SUP-1Q,Carteira 4,ES,"Guarapari, ES","Guarapari, ES, São Judas Tadeu",4.0,145,670.6,31,2639.45,2025-12,0.2222,0.3347,6.0,31,127.5,258.95,21.0,0.0,2025-12-01,0.25,510.0,1968.85,crítico
ENP0607,Sao_Paulo-Republica-apartamento-SUP-1Q,Carteira 4_sys-price,SP,"São Paulo, SP","São Paulo, SP, Vila Buarque",0.0,130,750.07,403,1530.0,2025-12,0.2258,0.3151,7.0,31,135.29,148.26,23.0,0.0,2025-12-01,0.49,0.0,779.93,crítico
EOX0102,Florianopolis-Centrao-apartamento-SUP-2Q,Carteira 4,SC,"Florianópolis, SC","Florianópolis, SC, Centro",0.0,269,2325.74,40,5672.4,2025-12,0.2581,0.3607,8.0,31,335.5,468.91,23.0,0.0,2025-12-01,0.41,0.0,3346.66,crítico
EPD0202,Itajai-Praia_Brava-apartamento-TOP-2Q,Carteira 6,SC,"Balneário Camboriú, SC","Balneário Camboriú, SC, Praia dos Amores",1.0,12,12174.15,17,9782.14,2025-12,0.7,0.3997,21.0,31,758.9,295.0,9.0,0.0,2025-12-01,1.24,758.9,-2392.01,ok
JBV344,Especial-JBV-hotel-JR-1Q,Especial,SC,"Florianópolis, SC","Florianópolis, SC, Jurerê",7.0,1372,14895.38,23,10939.33,2025-12,0.8333,0.5584,20.0,31,981.55,621.67,3.0,0.0,2025-12-01,1.36,6870.849999999999,-3956.0499999999993,ok
JTL001,Florianopolis-Jurere_Longe-apartamento-JR-1Q,Carteira 1,SC,"Florianópolis, SC","Florianópolis, SC, Jurerê",0.0,525,5635.94,42,3939.68,2025-12,0.4839,0.3823,15.0,31,565.4,241.0,15.0,0.0,2025-12-01,1.43,0.0,-1696.2599999999998,ok
MHC0204,Florianopolis-Ingleses_Praia-apartamento-SUP-3Q,Carteira 1,SC,"Florianópolis, SC","Florianópolis, SC, Ingleses do Rio Vermelho",4.0,367,8014.16,16,7920.27,2025-12,0.4444,0.3102,12.0,31,859.17,1060.29,14.0,0.0,2025-12-01,1.01,3436.68,-93.88999999999942,berlinda
MHF0601,Itapema-Canto_Praia-apartamento-TOP-1Q,Carteira 5,SC,"Itapema, SC","Itapema, SC, Centro",0.0,479,8881.74,14,6337.8,2025-12,0.6774,0.3918,21.0,31,487.05,707.0,9.0,0.0,2025-12-01,1.4,0.0,-2543.9399999999996,ok
OPT504,Florianopolis-Estreito-apartamento-JR-1Q,Carteira 4,SC,"Florianópolis, SC","Florianópolis, SC, Capoeiras",30.0,543,0.0,9,1991.27,2025-12,0.0,0.2453,0.0,31,0.0,,0.0,0.0,2025-12-01,0.0,0.0,1991.27,crítico
PSD204,Florianopolis-Jurere_Tradicional-apartamento-JR-1Q,Carteira 1,SC,"Florianópolis, SC","Florianópolis, SC, Jurerê",0.0,2020,5557.64,20,6586.14,2025-12,0.4839,0.4577,15.0,31,545.13,422.53,15.0,0.0,2025-12-01,0.84,0.0,1028.5,berlinda
RID3106,Florianopolis-Ingleses_Centro-apartamento-SUP-2Q,Carteira 1,SC,"Florianópolis, SC","Florianópolis, SC, Ingleses do Rio Vermelho",13.0,552,6880.42,32,5109.56,2025-12,0.7778,0.4185,14.0,31,629.29,508.67,3.0,0.0,2025-12-01,1.35,8180.7699999999995,-1770.8599999999997,ok
SPJ0104,Especial-SPJ-apartamento-TOP-1Q,Carteira 5,SC,"Florianópolis, SC","Florianópolis, SC, Jurerê",0.0,546,14871.15,15,9882.1,2025-12,0.8065,0.5496,25.0,31,718.6,518.83,6.0,0.0,2025-12-01,1.5,0.0,-4989.049999999999,ok
SVM1409,Salvador-Graca-apartamento-TOP-1Q,Especial,BA,"Salvador, BA","Salvador, BA, Vitória",0.0,182,1821.34,15,3185.45,2025-12,0.1935,0.3946,6.0,31,319.79,355.41,17.0,0.0,2025-12-01,0.57,0.0,1364.11,atenção
UPP0616,Curitiba-Centro-apartamento-JR-1Q,Carteira 4_sys-price,PR,"Curitiba, PR","Curitiba, PR, Alto da XV",0.0,13,1353.22,227,1822.41,2025-12,0.4194,0.3741,13.0,31,137.38,168.28,18.0,0.0,2025-12-01,0.74,0.0,469.19000000000005,atenção
VIF0104,Porto_Seguro-Pataxos-apartamento-SUP-4Q,Carteira 2,BA,"Porto Seguro, BA","Porto Seguro, BA, Taperapuan",5.0,74,9625.87,10,8992.02,2025-12,0.6154,0.4588,16.0,31,709.06,348.9,10.0,0.0,2025-12-01,1.07,3545.2999999999997,-633.8500000000004,berlinda
VNV0801,Itapema-Praia_Centro-apartamento-SUP-2Q,Carteira 6,SC,"Itapema, SC","Itapema, SC, Tabuleiro dos Oliveiras",0.0,90,12717.03,16,7647.8,2025-12,0.8065,0.3714,25.0,31,621.36,244.33,6.0,0.0,2025-12-01,1.66,0.0,-5069.2300000000005,ok
BFC301,Cabo_Frio-Centro-apartamento-JR-3Q,Carteira 4,RJ,"Cabo Frio, RJ","Cabo Frio, RJ, Braga",5.0,908,0.0,121,4697.07,2025-12,0.0,0.3249,0.0,31,0.0,384.84,25.0,0.0,2025-12-01,0.0,0.0,4697.07,crítico
BLS1755,Goiania-Central-apartamento-SUP-1Q,Carteira 1_sys-price,GO,"Goiânia, GO","Goiânia, GO, Setor Marista",0.0,802,956.06,106,915.87,2025-12,0.2903,0.1609,9.0,31,186.33,178.14,22.0,12.0,2025-12-01,1.04,0.0,-40.18999999999994,berlinda
BMC1008,Florianopolis-Beira_Mar-apartamento-TOP-1Q,Carteira 4,SC,"Florianópolis, SC","Florianópolis, SC, Centro",0.0,96,4699.36,19,3169.51,2025-12,0.5161,0.3371,16.0,31,372.56,539.47,15.0,0.0,2025-12-01,1.48,0.0,-1529.8499999999995,ok
CRT0032,Balneario_Camboriu-Norte-apartamento-JR-3Q,Carteira 6,SC,"Balneário Camboriú, SC","Balneário Camboriú, SC, Centro",9.0,28,11940.84,56,7127.36,2025-12,0.8636,0.3792,19.0,31,794.42,506.33,3.0,0.0,2025-12-01,1.68,7149.78,-4813.4800000000005,ok
EJO0402,Florianopolis-Centrao-apartamento-JR-1Q,Carteira 4,SC,"Florianópolis, SC","Florianópolis, SC, Centro",0.0,424,1299.16,76,2297.2,2025-12,0.2258,0.3438,7.0,31,222.0,315.58,24.0,0.0,2025-12-01,0.57,0.0,998.0399999999997,atenção
EMNR0509,Sao_Paulo-Brooklin-apartamento-SUP-1Q,Carteira 4_sys-price,SP,"São Paulo, SP","São Paulo, SP, Brooklin",0.0,19,126.67,229,2017.05,2025-12,0.0323,0.2708,1.0,31,150.0,207.62,29.0,0.0,2025-12-01,0.06,0.0,1890.3799999999999,crítico
FFS1408,Itapema-Meia_Praia-Sul-apartamento-TOP-1Q,Carteira 6,SC,"Itapema, SC","Itapema, SC, Meia Praia",0.0,27,346.22,27,6354.59,2025-12,0.1613,0.3713,5.0,31,264.2,722.08,26.0,4.0,2025-12-01,0.05,0.0,6008.37,crítico
GRE0040,São_Miguel_dos_Milagres-Geral-casa-TOP-3Q,Carteira 1,AL,"Passo de Camaragibe, AL","Passo de Camaragibe, AL, Centro",4.0,21,7038.0,21,13333.52,2025-12,0.1481,0.4346,4.0,31,1800.0,3136.36,22.0,15.0,2025-12-01,0.53,7200.0,6295.52,atenção
GSH0101,Camaçari-Monte_Gordo-apartamento-TOP-2Q,Carteira 2,BA,"Camaçari, BA","Camaçari, BA, Monte Gordo",10.0,256,2329.4,24,10511.1,2025-12,0.2381,0.4826,5.0,31,600.0,600.0,15.0,30.0,2025-12-01,0.22,6000.0,8181.700000000001,crítico
ILC2106,Especial-ILC-hotel-JR-1Q,Especial,SC,"Florianópolis, SC","Florianópolis, SC, Jurerê Internacional",3.0,1894,23554.73,14,9269.72,2025-12,0.7143,0.5069,20.0,31,1438.5,909.0,7.0,0.0,2025-12-01,2.54,4315.5,-14285.01,meta_subestimada
JBV157,Especial-JBV-hotel-TOP-1Q,Especial,SC,"Florianópolis, SC","Florianópolis, SC, Jurerê",0.0,1151,26461.92,30,13774.65,2025-12,0.8387,0.6331,26.0,31,1356.42,1021.8,5.0,0.0,2025-12-01,1.92,0.0,-12687.269999999999,ok
JPA102,Gramado-Geral-apartamento-JR-2Q,Carteira 4,RS,"Gramado, RS","Gramado, RS, Vila Jardim",0.0,557,8173.22,49,6399.12,2025-12,0.6129,0.5134,19.0,31,548.95,481.92,12.0,1.0,2025-12-01,1.28,0.0,-1774.1000000000004,ok
JSO0007,Porto_Seguro-Pataxos-apartamento-JR-1Q,Carteira 2,BA,"Porto Seguro, BA","Porto Seguro, BA, PRAIA DE MUNDAÍ",5.0,402,0.0,37,4001.03,2025-12,0.0,0.4913,0.0,31,0.0,407.2,25.0,30.0,2025-12-01,0.0,0.0,4001.03,crítico
NGO0002,Pocos_de_Caldas-Geral-apartamento-SUP-1Q,Carteira 4,MG,"Poços de Caldas, MG","Poços de Caldas, MG, São Benedito",4.0,180,330.37,42,1996.38,2025-12,0.0741,0.3303,2.0,31,187.5,364.75,24.0,7.0,2025-12-01,0.17,750.0,1666.0100000000002,crítico
NWT0323,Especial-NWT-apartamento-TOP-1Q,Carteira 5,AL,"Maceió, AL","Maceió, AL, Pajuçara",0.0,375,5835.33,34,4511.21,2025-12,0.5484,0.3523,17.0,31,423.82,542.21,14.0,0.0,2025-12-01,1.29,0.0,-1324.12,ok
NWT1302,Especial-NWT-apartamento-TOP-1Q,Carteira 5,AL,"Maceió, AL","Maceió, AL, Pajuçara",0.0,382,6377.31,34,4511.21,2025-12,0.5484,0.3523,17.0,31,459.65,453.0,14.0,0.0,2025-12-01,1.41,0.0,-1866.1000000000004,ok
OAG0505,Sao_Paulo-Pinheiros-apartamento-SUP-1Q,Carteira 4_sys-price,SP,"São Paulo, SP","São Paulo, SP, Cerqueira César",0.0,207,4134.25,375,2368.89,2025-12,0.5484,0.3215,17.0,31,273.47,231.36,14.0,0.0,2025-12-01,1.75,0.0,-1765.3600000000001,ok
OPR0303,Salvador-Ondina_Rio_Vermelho-apartamento-SUP-1Q,Carteira 2,BA,"Salvador, BA","Salvador, BA, Ondina",31.0,103,0.0,93,2433.12,2025-12,,0.3565,0.0,31,0.0,,0.0,12.0,2025-12-01,0.0,0.0,2433.12,crítico
PSD201,Florianopolis-Jurere_Tradicional-apartamento-SIM-2Q,Carteira 1,SC,"Florianópolis, SC","Florianópolis, SC, Jurerê",0.0,2020,15732.42,21,6220.55,2025-12,0.8387,0.4612,26.0,31,709.0,331.8,5.0,0.0,2025-12-01,2.53,0.0,-9511.869999999999,meta_subestimada
PSO1003,Penha-Beto_Carrero-apartamento-SUP-1Q,Carteira 3,SC,"Penha, SC","Penha, SC, Praia de Armação do Itapocoroi",0.0,150,9291.95,15,2337.5,2025-12,0.9355,0.234,29.0,31,440.21,212.0,1.0,0.0,2025-12-01,3.98,0.0,-6954.450000000001,meta_subestimada
PSOA1101,Penha-Beto_Carrero-apartamento-SUP-1Q,Carteira 3,SC,"Penha, SC","Penha, SC, Praia de Armação do Itapocoroi",0.0,146,4247.58,15,2337.5,2025-12,0.5484,0.234,17.0,31,326.06,548.38,13.0,0.0,2025-12-01,1.82,0.0,-1910.08,ok
RJE0980,Gramado-Geral-casa-JR-4Q,Carteira 4,RS,"Gramado, RS","Gramado, RS, Casa Grande",7.0,424,14381.55,10,14324.13,2025-12,0.7917,0.6034,19.0,31,1173.15,373.6,5.0,0.0,2025-12-01,1.0,8212.050000000001,-57.42000000000007,berlinda
RLI0101,Florianopolis-Ingleses_Norte-apartamento-JR-2Q,Carteira 1,SC,"Florianópolis, SC","Florianópolis, SC, Ingleses do Rio Vermelho",0.0,367,4930.71,42,5378.27,2025-12,0.3548,0.3688,11.0,31,545.91,572.25,20.0,0.0,2025-12-01,0.92,0.0,447.5600000000004,berlinda
RMH1511,Aguas_Claras-Geral-apartamento-SUP-1Q,Carteira 1_sys-price,DF,"Brasília, DF","Brasília, DF, Águas Claras",1.0,232,2507.26,91,1443.98,2025-12,0.7667,0.304,23.0,31,210.43,162.67,6.0,0.0,2025-12-01,1.74,210.43,-1063.2800000000002,ok
SOA0111,Salvador-Boca_do_Rio-apartamento-SUP-2Q,Carteira 2,BA,"Salvador, BA","Salvador, BA, Boca do Rio",9.0,475,1204.24,16,2424.25,2025-12,0.2727,0.3299,6.0,31,234.0,212.62,16.0,0.0,2025-12-01,0.5,2106.0,1220.01,crítico
SOA0604,Salvador-Boca_do_Rio-apartamento-SUP-2Q,Carteira 2,BA,"Salvador, BA","Salvador, BA, Boca do Rio",0.0,18,3450.51,16,2424.25,2025-12,0.4194,0.3299,13.0,31,342.38,309.12,17.0,0.0,2025-12-01,1.42,0.0,-1026.2600000000002,ok
SPT0105,Blumenau-Central-apartamento-JR-1Q,Carteira 4,SC,"Blumenau, SC","Blumenau, SC, Itoupava Seca",0.0,626,0.0,38,1526.08,2025-12,0.0,0.3331,0.0,31,0.0,145.83,30.0,27.0,2025-12-01,0.0,0.0,1526.08,crítico
SSN0304,Salvador-Costa_Azul-apartamento-SUP-1Q,Especial,BA,"Salvador, BA","Salvador, BA, Costa Azul",27.0,336,589.2,34,1869.63,2025-12,1.0,0.3575,4.0,31,161.25,,0.0,0.0,2025-12-01,0.32,4353.75,1280.43,crítico
UCR0505,Porto_Alegre-Jardim_Botanico-apartamento-SUP-1Q,Carteira 4,RS,"Porto Alegre, RS","Porto Alegre, RS, Três Figueiras",13.0,69,1793.69,42,1194.66,2025-12,0.6111,0.1854,11.0,31,200.0,200.0,7.0,30.0,2025-12-01,1.5,2600.0,-599.03,ok
VJG0102,Ilheus-Sul-apartamento-SUP-2Q,Carteira 2,BA,"Ilhéus, BA","Ilhéus, BA, São Francisco",0.0,744,0.0,40,3567.45,2025-12,0.0,0.3513,0.0,31,0.0,343.33,30.0,0.0,2025-12-01,0.0,0.0,3567.45,crítico
VLP0105,Mata_de_Sao_Joao-Praia_do_Forte-apartamento-SUP-2Q,Carteira 2,BA,"Mata de São João, BA","Mata de São João, BA, Praia do Forte",2.0,647,1844.05,28,7833.93,2025-12,0.2069,0.3575,6.0,31,405.83,640.61,23.0,0.0,2025-12-01,0.24,811.66,5989.88,crítico
VLPD0223,Mata_de_Sao_Joao-Praia_do_Forte_Longe-apartamento-SUP-1Q,Carteira 2,BA,"Mata de São João, BA","Mata de São João, BA, Açu da Torre",3.0,132,7766.44,100,6410.55,2025-12,0.5714,0.3825,16.0,31,609.0,415.25,12.0,0.0,2025-12-01,1.21,1827.0,-1355.8899999999994,ok
ATP0003,Porto_Seguro-Pitinga-casa-SUP-4Q,Carteira 2,BA,"Porto Seguro, BA","Porto Seguro, BA, Arraial D Ajuda",1.0,294,10806.7,9,12489.72,2025-12,0.1667,0.2921,5.0,31,2500.0,591.25,24.0,0.0,2025-12-01,0.87,2500.0,1683.0199999999986,berlinda
BLV0004,Porto_Seguro-Pataxos-apartamento-SUP-2Q,Carteira 2,BA,"Porto Seguro, BA","Porto Seguro, BA, Alto do Xamagunga",0.0,19,4604.04,50,6175.67,2025-12,0.129,0.4331,4.0,31,1350.0,325.85,26.0,0.0,2025-12-01,0.75,0.0,1571.63,atenção
CNB011,Especial-CNB-casa-TOP-1Q,Especial,SP,"Campos do Jordão, SP","Campos do Jordão, SP, Jardim Europa",0.0,621,2161.26,15,4612.23,2025-12,0.1935,0.291,6.0,31,470.5,905.12,25.0,6.0,2025-12-01,0.47,0.0,2450.9699999999993,crítico
CZZ0502,Urubici-Geral-apartamento-SUP-1Q,Especial,SC,"Urubici, SC","Urubici, SC, Centro",2.0,52,595.24,53,1627.27,2025-12,0.069,0.1854,2.0,31,271.5,332.92,26.0,0.0,2025-12-01,0.37,543.0,1032.03,crítico
DLH0403,Gramado-Centro-apartamento-TOP-2Q,Carteira 4,RS,"Gramado, RS","Gramado, RS, Centro",2.0,31,22344.28,57,13003.3,2025-12,0.9655,0.6323,28.0,31,886.96,436.0,1.0,0.0,2025-12-01,1.72,1773.92,-9340.98,ok
ECM204,Florianopolis-Lagoa-apartamento-SUP-1Q,Carteira 1,SC,"Florianópolis, SC","Florianópolis, SC, Lagoa da Conceição",3.0,1154,927.28,29,4977.73,2025-12,0.1429,0.5714,4.0,31,301.25,334.87,23.0,0.0,2025-12-01,0.19,903.75,4050.45,crítico
HPA0905,Salvador-Pituba_Praia-apartamento-SUP-1Q,Carteira 5,BA,"Salvador, BA","Salvador, BA, Pituba",0.0,3,0.0,13,1623.08,2025-12,0.3226,0.3478,10.0,31,195.6,279.4,20.0,0.0,2025-12-01,0.0,0.0,1623.08,crítico
LGR204,Florianopolis-Ingleses_Centro-apartamento-JR-1Q,Carteira 1,SC,"Florianópolis, SC","Florianópolis, SC, Ingleses do Rio Vermelho",6.0,1074,4883.72,18,2731.75,2025-12,0.44,0.3363,11.0,31,592.18,323.0,13.0,0.0,2025-12-01,1.79,3553.08,-2151.9700000000003,ok
MBCA0302,Goiania-Leste-apartamento-TOP-1Q,Carteira 1_sys-price,GO,"Goiânia, GO","Goiânia, GO, Jardim Goiás",0.0,237,996.46,14,1246.73,2025-12,0.2258,0.1875,7.0,31,192.29,200.13,24.0,0.0,2025-12-01,0.8,0.0,250.26999999999998,atenção
MBCA1704,Goiania-Leste-apartamento-SUP-1Q,Carteira 1_sys-price,GO,"Goiânia, GO","Goiânia, GO, Jardim Goiás",0.0,802,1489.83,61,1550.4,2025-12,0.3226,0.2292,10.0,31,190.31,182.11,18.0,0.0,2025-12-01,0.96,0.0,60.570000000000164,berlinda
MHF1108,Itapema-Canto_Praia-apartamento-TOP-2Q,Carteira 5,SC,"Itapema, SC","Itapema, SC, Centro",6.0,486,2558.86,14,4620.28,2025-12,0.4,0.2821,10.0,31,296.2,494.73,15.0,0.0,2025-12-01,0.55,1777.1999999999998,2061.4199999999996,atenção
MHF1509,Itapema-Canto_Praia-apartamento-TOP-2Q,Carteira 5,SC,"Itapema, SC","Itapema, SC, Centro",0.0,302,12375.19,14,4620.28,2025-12,0.7097,0.2821,22.0,31,674.59,593.89,9.0,0.0,2025-12-01,2.68,0.0,-7754.910000000001,meta_subestimada
MHF2001,Itapema-Canto_Praia-apartamento-TOP-1Q,Carteira 5,SC,"Itapema, SC","Itapema, SC, Centro",0.0,356,4581.85,14,6337.8,2025-12,0.4516,0.3918,14.0,31,389.57,595.81,16.0,0.0,2025-12-01,0.72,0.0,1755.9499999999998,atenção
MPA107,Salvador-Pituba_Praia-apartamento-SUP-1Q,Carteira 5,BA,"Salvador, BA","Salvador, BA, Pituba",9.0,510,1971.52,13,1623.08,2025-12,0.4091,0.3478,9.0,31,210.33,341.75,12.0,0.0,2025-12-01,1.21,1892.97,-348.44000000000005,ok
MRE1101,Porto_Belo-Geral-apartamento-SUP-2Q,Carteira 6,SC,"Porto Belo, SC","Porto Belo, SC, Pereque",0.0,257,4752.68,34,5989.62,2025-12,0.4194,0.3609,13.0,31,476.69,606.44,18.0,0.0,2025-12-01,0.79,0.0,1236.9399999999996,atenção
NOA0919,Sao_Paulo-Santo_Amaro-apartamento-SUP-1Q,Carteira 4_sys-price,SP,"São Paulo, SP","São Paulo, SP, Santo Amaro",0.0,368,1359.24,105,1138.7,2025-12,0.1935,0.1877,6.0,31,212.67,313.0,24.0,13.0,2025-12-01,1.19,0.0,-220.53999999999996,ok
NWT0706,Especial-NWT-apartamento-TOP-1Q,Carteira 5,AL,"Maceió, AL","Maceió, AL, Pajuçara",0.0,215,1878.32,34,4511.21,2025-12,0.2581,0.3523,8.0,31,284.0,532.78,23.0,0.0,2025-12-01,0.42,0.0,2632.8900000000003,crítico
NWT0906,Especial-NWT-apartamento-TOP-1Q,Carteira 5,AL,"Maceió, AL","Maceió, AL, Pajuçara",0.0,251,4415.16,34,4511.21,2025-12,0.5806,0.3523,18.0,31,326.56,903.85,13.0,0.0,2025-12-01,0.98,0.0,96.05000000000018,berlinda
NWT1021,Especial-NWT-apartamento-TOP-1Q,Carteira 5,AL,"Maceió, AL","Maceió, AL, Pajuçara",0.0,229,8792.93,34,4511.21,2025-12,0.7097,0.3523,22.0,31,488.82,307.5,8.0,0.0,2025-12-01,1.95,0.0,-4281.72,ok
NWTA0609,Especial-NWT-apartamento-MASTER-1Q,Carteira 5,AL,"Maceió, AL","Maceió, AL, Pajuçara",0.0,238,8580.1,31,9341.25,2025-12,0.4516,0.6444,14.0,31,1132.93,552.53,17.0,0.0,2025-12-01,0.92,0.0,761.1499999999996,berlinda
PEM1301,Blumenau-Central-apartamento-JR-1Q,Carteira 4,SC,"Blumenau, SC","Blumenau, SC, Centro",0.0,250,2655.92,38,1526.08,2025-12,0.6452,0.3331,20.0,31,156.55,148.73,11.0,0.0,2025-12-01,1.74,0.0,-1129.8400000000001,ok
RDD657,Florianopolis-Daniela-casa-JR-3Q,Carteira 1,SC,"Florianópolis, SC","Florianópolis, SC, Daniela",6.0,887,16814.95,11,8571.24,2025-12,0.76,0.3891,19.0,31,1071.42,557.2,5.0,0.0,2025-12-01,1.96,6428.52,-8243.710000000001,ok
RGOR0025,Itapema-Meia_Praia-Sul-apartamento-SUP-1Q,Carteira 6,SC,"Itapema, SC","Itapema, SC, Castelo Branco",0.0,231,0.0,13,5440.47,2025-12,0.0,0.3096,0.0,31,0.0,446.6,30.0,0.0,2025-12-01,0.0,0.0,5440.47,crítico
ROY0401,Porto_Alegre-Jardim_Botanico-apartamento-SUP-2Q,Carteira 4,RS,"Porto Alegre, RS","Porto Alegre, RS, Chácara das Pedras",0.0,74,0.0,18,1952.45,2025-12,0.0,0.1775,0.0,31,0.0,225.9,30.0,0.0,2025-12-01,0.0,0.0,1952.45,crítico
RSR0812,Maceio-Cruz_das_Almas-apartamento-TOP-1Q,Carteira 2,AL,"Maceió, AL","Maceió, AL, Cruz das Almas",0.0,404,4936.52,54,4460.38,2025-12,0.5806,0.4724,18.0,31,331.67,492.46,13.0,0.0,2025-12-01,1.11,0.0,-476.1400000000003,ok
SQC0810,Sao_Paulo-Moema-apartamento-SUP-1Q,Carteira 4_sys-price,SP,"São Paulo, SP","São Paulo, SP, Moema",1.0,306,1762.76,481,1716.15,2025-12,0.4,0.2792,12.0,31,181.0,172.94,18.0,0.0,2025-12-01,1.03,181.0,-46.6099999999999,berlinda
UPP0517,Curitiba-Centro-apartamento-JR-1Q,Carteira 4_sys-price,PR,"Curitiba, PR","Curitiba, PR, Alto da XV",0.0,59,1095.55,227,1822.41,2025-12,0.3226,0.3741,10.0,31,136.0,162.81,21.0,0.0,2025-12-01,0.6,0.0,726.8600000000001,atenção
WSH0506,Curitiba-Batel-apartamento-SUP-1Q,Carteira 4,PR,"Curitiba, PR","Curitiba, PR, Bigorrilho",0.0,48,0.0,164,1897.35,2025-12,0.0,0.3155,0.0,31,0.0,284.4,30.0,0.0,2025-12-01,0.0,0.0,1897.35,crítico
ADC0205,Florianopolis-Cachoeira_Bom_Jesus-apartamento-TOP-2Q,Carteira 1,SC,"Florianópolis, SC","Florianópolis, SC, Cachoeira do Bom Jesus",5.0,290,9624.03,32,8144.01,2025-12,0.6154,0.4004,16.0,31,813.56,619.6,10.0,0.0,2025-12-01,1.18,4067.7999999999997,-1480.0200000000004,ok
ATT0602,Itapema-Meia_Praia-Sul-apartamento-TOP-3Q,Carteira 6,SC,"Itapema, SC","Itapema, SC, Meia Praia",6.0,370,13333.04,17,6306.24,2025-12,0.64,0.334,16.0,31,1009.13,698.67,9.0,0.0,2025-12-01,2.11,6054.78,-7026.800000000001,meta_subestimada
CZZ0302,Urubici-Geral-apartamento-SUP-1Q,Especial,SC,"Urubici, SC","Urubici, SC, Centro",3.0,258,0.0,53,1627.27,2025-12,0.0,0.1854,0.0,31,0.0,318.44,27.0,0.0,2025-12-01,0.0,0.0,1627.27,crítico
EBI0303,Curitiba-Jardim_Botanico-apartamento-SUP-1Q,Carteira 4_sys-price,PR,"Curitiba, PR","Curitiba, PR, Prado Velho",0.0,329,917.4,18,1277.13,2025-12,0.1935,0.3898,6.0,31,227.67,169.08,25.0,0.0,2025-12-01,0.72,0.0,359.73000000000013,atenção
ECU102,Ubatuba-Itagua-apartamento-JR-2Q,Carteira 4,SP,"Ubatuba, SP","Ubatuba, SP, Itaguá",11.0,825,0.0,154,4591.79,2025-12,0.0,0.3628,0.0,31,0.0,452.8,20.0,0.0,2025-12-01,0.0,0.0,4591.79,crítico
ESS0505,Goiania-Leste-apartamento-SUP-1Q,Carteira 1_sys-price,GO,"Goiânia, GO","Goiânia, GO, Alto da Glória",0.0,802,3212.88,61,1550.4,2025-12,0.871,0.2292,27.0,31,185.07,273.0,4.0,0.0,2025-12-01,2.07,0.0,-1662.48,meta_subestimada
FFS1203,Itapema-Meia_Praia-Sul-apartamento-SUP-1Q,Carteira 6,SC,"Itapema, SC","Itapema, SC, Meia Praia",31.0,20,0.0,13,5440.47,2025-12,,0.3096,0.0,31,0.0,,0.0,0.0,2025-12-01,0.0,0.0,5440.47,crítico
GRE0036,São_Miguel_dos_Milagres-Geral-casa-TOP-3Q,Carteira 1,AL,"Passo de Camaragibe, AL","Passo de Camaragibe, AL, Centro",4.0,21,16443.0,21,13333.52,2025-12,0.1111,0.4346,3.0,31,6000.0,2713.04,23.0,16.0,2025-12-01,1.23,24000.0,-3109.4799999999996,ok
HIG1003,Maceio-Ponta_Verde-apartamento-TOP-1Q,Carteira 2,AL,"Maceió, AL","Maceió, AL, Ponta Verde",30.0,147,0.0,111,4474.52,2025-12,0.0,0.4818,0.0,31,0.0,,0.0,0.0,2025-12-01,0.0,0.0,4474.52,crítico
ILC2305,Especial-ILC-hotel-JR-1Q,Especial,SC,"Florianópolis, SC","Florianópolis, SC, Jurerê Internacional",22.0,598,4097.83,14,9269.72,2025-12,0.7778,0.5069,7.0,31,706.75,,0.0,0.0,2025-12-01,0.44,15548.5,5171.889999999999,crítico
ILC3105,Especial-ILC-hotel-JR-1Q,Especial,SC,"Florianópolis, SC","Florianópolis, SC, Jurerê Internacional",0.0,1946,23138.12,14,9269.72,2025-12,0.7097,0.5069,22.0,31,1338.86,1082.38,8.0,0.0,2025-12-01,2.5,0.0,-13868.4,meta_subestimada
LHD0706,Goiania-Central-apartamento-SUP-1Q,Carteira 1_sys-price,GO,"Goiânia, GO","Goiânia, GO, Setor Bueno",0.0,516,2744.75,106,915.87,2025-12,0.6452,0.1609,20.0,31,171.85,212.73,11.0,0.0,2025-12-01,3.0,0.0,-1828.88,meta_subestimada
LIV1509,Salvador-Graca-apartamento-TOP-1Q,Especial,BA,"Salvador, BA","Salvador, BA, Vitória",0.0,52,1402.24,15,3185.45,2025-12,0.2581,0.3946,8.0,31,305.5,327.19,21.0,0.0,2025-12-01,0.44,0.0,1783.2099999999998,crítico
MHF1404,Itapema-Canto_Praia-apartamento-TOP-1Q,Carteira 5,SC,"Itapema, SC","Itapema, SC, Centro",0.0,161,4816.06,14,6337.8,2025-12,0.4839,0.3918,15.0,31,498.47,785.13,15.0,0.0,2025-12-01,0.76,0.0,1521.7399999999998,atenção
MHFB0905,Itapema-Canto_Praia-apartamento-SUP-1Q,Carteira 5,SC,"Itapema, SC","Itapema, SC, Centro",0.0,483,7604.04,16,5616.63,2025-12,0.5806,0.3721,18.0,31,459.83,348.23,13.0,0.0,2025-12-01,1.35,0.0,-1987.4099999999999,ok
MTA0101,Barra_Velha-Centro-apartamento-SUP-2Q,Carteira 3,SC,"Barra Velha, SC","Barra Velha, SC, Tabuleiro",0.0,39,5494.61,20,5469.66,2025-12,0.4839,0.2876,15.0,31,445.0,218.0,16.0,0.0,2025-12-01,1.0,0.0,-24.949999999999818,berlinda
NFE0708,Curitiba-Centro-apartamento-SUP-1Q,Carteira 4,PR,"Curitiba, PR","Curitiba, PR, Centro",0.0,152,3234.26,423,2082.08,2025-12,0.6129,0.391,19.0,31,216.47,247.09,11.0,0.0,2025-12-01,1.55,0.0,-1152.1800000000003,ok
NWT0423,Especial-NWT-apartamento-TOP-1Q,Carteira 5,AL,"Maceió, AL","Maceió, AL, Pajuçara",2.0,367,10859.23,34,4511.21,2025-12,0.8276,0.3523,24.0,31,540.08,386.0,5.0,0.0,2025-12-01,2.41,1080.16,-6348.0199999999995,meta_subestimada
OKA233,Florianopolis-Campeche-apartamento-TOP-1Q,Carteira 1,SC,"Florianópolis, SC","Florianópolis, SC, Campeche",0.0,1069,6448.5,34,4428.75,2025-12,0.2581,0.4949,8.0,31,634.38,757.73,22.0,0.0,2025-12-01,1.46,0.0,-2019.75,ok
PGO412,Pocos_de_Caldas-Geral-apartamento-SUP-1Q,Carteira 4,MG,"Poços de Caldas, MG","Poços de Caldas, MG, São Benedito",0.0,805,3471.08,42,1996.38,2025-12,0.5161,0.3303,16.0,31,254.25,261.27,15.0,0.0,2025-12-01,1.74,0.0,-1474.6999999999998,ok
PSOA0512,Penha-Beto_Carrero-apartamento-SUP-1Q,Carteira 3,SC,"Penha, SC","Penha, SC, Praia de Armação do Itapocoroi",0.0,129,3613.64,15,2337.5,2025-12,0.2581,0.234,8.0,31,583.5,343.09,23.0,0.0,2025-12-01,1.55,0.0,-1276.1399999999999,ok
PZO0907,Ilheus-Sul-apartamento-SUP-2Q,Carteira 2,BA,"Ilhéus, BA","Ilhéus, BA, Nossa Senhora da Vitória",0.0,328,2480.58,40,3567.45,2025-12,0.2581,0.3513,8.0,31,359.88,366.74,23.0,0.0,2025-12-01,0.7,0.0,1086.87,atenção
RFS205,Florianopolis-Canasvieiras_Meio-apartamento-JR-2Q,Carteira 1,SC,"Florianópolis, SC","Florianópolis, SC, Canasvieiras",0.0,602,6032.06,18,4685.41,2025-12,0.3226,0.3236,10.0,31,925.7,390.45,20.0,0.0,2025-12-01,1.29,0.0,-1346.6500000000005,ok
RGF1308,Salvador-Flamengo-apartamento-TOP-1Q,Carteira 2,BA,"Salvador, BA","Salvador, BA, Itapuã",0.0,38,906.82,28,3400.54,2025-12,0.1935,0.3967,6.0,31,195.63,341.35,23.0,0.0,2025-12-01,0.27,0.0,2493.72,crítico
SOA0705,Salvador-Boca_do_Rio-apartamento-SUP-1Q,Carteira 2,BA,"Salvador, BA","Salvador, BA, Boca do Rio",0.0,357,1646.46,31,2116.82,2025-12,0.2903,0.3383,9.0,31,207.67,259.43,21.0,0.0,2025-12-01,0.78,0.0,470.3600000000001,atenção
VLP0109,Mata_de_Sao_Joao-Praia_do_Forte-apartamento-SUP-2Q,Carteira 2,BA,"Mata de São João, BA","Mata de São João, BA, Praia do Forte",0.0,390,10253.92,28,7833.93,2025-12,0.4516,0.3575,14.0,31,894.21,499.31,16.0,0.0,2025-12-01,1.31,0.0,-2419.99,ok
VST012,Especial-VST-casa-TOP-1Q,Carteira 5,SC,"Anitápolis, SC","Anitápolis, SC, Rio dos pinheiros",0.0,910,4038.62,47,2992.0,2025-12,0.3548,0.1608,11.0,31,429.64,262.7,20.0,0.0,2025-12-01,1.35,0.0,-1046.62,ok
ADP001,Cabo_Frio-Pero_Perto-casa-JR-3Q,Carteira 4,RJ,"Cabo Frio, RJ","Cabo Frio, RJ, Peró",2.0,728,7874.76,12,4953.6,2025-12,0.2069,0.2366,6.0,31,1500.0,498.5,22.0,0.0,2025-12-01,1.59,3000.0,-2921.16,ok
BRJ143,Sao_Paulo-Republica-apartamento-TOP-1Q,Carteira 4,SP,"São Paulo, SP","São Paulo, SP, Centro",1.0,462,725.15,91,2294.92,2025-12,0.1667,0.363,5.0,31,162.0,234.52,25.0,16.0,2025-12-01,0.32,162.0,1569.77,crítico
BSO0206,Itajai-Praia_Brava-apartamento-SUP-1Q,Carteira 6,SC,"Balneário Camboriú, SC","Balneário Camboriú, SC, Praia dos Amores",2.0,228,3089.64,15,3309.05,2025-12,0.5172,0.4188,15.0,31,225.0,687.86,14.0,0.0,2025-12-01,0.93,450.0,219.4100000000003,berlinda
CCP0207,Florianopolis-Canasvieiras_Meio-apartamento-SUP-2Q,Carteira 1,SC,"Florianópolis, SC","Florianópolis, SC, Canasvieiras",0.0,297,3026.0,15,5839.5,2025-12,0.2581,0.4418,8.0,31,440.5,755.27,22.0,0.0,2025-12-01,0.52,0.0,2813.5,atenção
CSI0302,Balneario_Picarras-Geral-apartamento-SUP-2Q,Carteira 6,SC,"Balneário Piçarras, SC","Balneário Piçarras, SC, Centro",0.0,475,5098.88,77,6230.07,2025-12,0.5484,0.3874,17.0,31,381.76,620.14,14.0,0.0,2025-12-01,0.82,0.0,1131.1899999999996,berlinda
DPR0009,Balneario_Camboriu-Sul-apartamento-JR-1Q,Carteira 6,SC,"Balneário Camboriú, SC","Balneário Camboriú, SC, Barra",0.0,265,85.75,29,3309.05,2025-12,0.0323,0.2944,1.0,31,110.0,328.3,30.0,0.0,2025-12-01,0.03,0.0,3223.3,crítico
ECH0503,Florianopolis-Centrao-apartamento-TOP-1Q,Carteira 4,SC,"Florianópolis, SC","Florianópolis, SC, Centro",0.0,145,8934.75,29,2680.69,2025-12,0.8065,0.3111,25.0,31,519.28,252.83,6.0,4.0,2025-12-01,3.33,0.0,-6254.0599999999995,meta_subestimada
ECI0201,Guarapari-Nova_Guarapari-apartamento-JR-2Q,Carteira 4,ES,"Guarapari, ES","Guarapari, ES, Enseada Verde",0.0,482,4088.84,37,4349.45,2025-12,0.2581,0.344,8.0,31,612.5,309.27,22.0,0.0,2025-12-01,0.94,0.0,260.6099999999997,berlinda
IFT1203,Itapema-Meia_Praia-Norte-apartamento-TOP-1Q,Carteira 6,SC,"Itapema, SC","Itapema, SC, Meia Praia",0.0,153,9716.99,34,8039.05,2025-12,0.6774,0.47,21.0,31,599.62,508.3,10.0,0.0,2025-12-01,1.21,0.0,-1677.9399999999996,ok
LPR1304,Itapema-Praia_Centro-apartamento-SUP-2Q,Carteira 6,SC,"Itapema, SC","Itapema, SC, Tabuleiro dos Oliveiras",0.0,7,4237.64,16,7647.8,2025-12,0.3226,0.3714,10.0,31,574.7,450.43,21.0,0.0,2025-12-01,0.55,0.0,3410.16,atenção
MLB0402,Florianopolis-Jurere_Internacional-apartamento-SUP-2Q,Carteira 1,SC,"Florianópolis, SC","Florianópolis, SC, Jurerê Internacional",31.0,389,0.0,28,9049.08,2025-12,,0.4697,0.0,31,0.0,,0.0,0.0,2025-12-01,0.0,0.0,9049.08,crítico
NWT1304,Especial-NWT-apartamento-TOP-1Q,Carteira 5,AL,"Maceió, AL","Maceió, AL, Pajuçara",0.0,382,11725.5,34,4511.21,2025-12,0.9032,0.3523,28.0,31,515.61,418.0,3.0,0.0,2025-12-01,2.6,0.0,-7214.29,meta_subestimada
NWT1309,Especial-NWT-apartamento-TOP-1Q,Carteira 5,AL,"Maceió, AL","Maceió, AL, Pajuçara",0.0,348,10347.54,34,4511.21,2025-12,0.7419,0.3523,23.0,31,533.74,540.63,8.0,0.0,2025-12-01,2.29,0.0,-5836.330000000001,meta_subestimada
ONE0404,Salvador-Piata-apartamento-SUP-1Q,Carteira 5,BA,"Salvador, BA","Salvador, BA, Piatã",0.0,102,1646.67,20,2063.29,2025-12,0.4516,0.3866,14.0,31,152.07,273.47,17.0,0.0,2025-12-01,0.8,0.0,416.6199999999999,atenção
PDM005,Porto_Seguro-Pataxos-apartamento-JR-2Q,Carteira 2,BA,"Porto Seguro, BA","Porto Seguro, BA, Taperapuan",0.0,651,1983.86,46,4892.37,2025-12,0.3226,0.319,10.0,31,243.8,493.6,20.0,0.0,2025-12-01,0.41,0.0,2908.51,crítico
RLN204,Gramado-Geral-apartamento-JR-2Q,Carteira 4,RS,"Gramado, RS","Gramado, RS, Ipê Amarelo",2.0,949,8656.26,49,6399.12,2025-12,0.5862,0.5134,17.0,31,629.65,413.25,12.0,0.0,2025-12-01,1.35,1259.3,-2257.1400000000003,ok
SEO0702,Itapema-Meia_Praia-Norte-apartamento-TOP-3Q,Carteira 6,SC,"Itapema, SC","Itapema, SC, Meia Praia",4.0,473,20412.54,22,10121.8,2025-12,0.7037,0.4704,19.0,31,1526.42,727.86,7.0,0.0,2025-12-01,2.02,6105.68,-10290.740000000002,meta_subestimada
SMT1029,Salvador-Boca_do_Rio-apartamento-TOP-1Q,Carteira 2,BA,"Salvador, BA","Salvador, BA, Armação",0.0,333,1941.25,16,2424.25,2025-12,0.3871,0.3299,12.0,31,215.25,332.68,19.0,0.0,2025-12-01,0.8,0.0,483.0,berlinda
VEC115,Bombinhas-Centro-apartamento-SUP-1Q,Carteira 6,SC,"Bombinhas, SC","Bombinhas, SC, Centro",0.0,1070,8069.22,37,5567.5,2025-12,0.6129,0.4579,19.0,31,508.32,690.08,12.0,0.0,2025-12-01,1.45,0.0,-2501.7200000000003,ok
WBU2105,Goiania-Central-apartamento-TOP-1Q,Carteira 1_sys-price,GO,"Goiânia, GO","Goiânia, GO, Setor Bueno",0.0,787,1812.84,33,1517.3,2025-12,0.2903,0.1649,9.0,31,251.89,251.68,22.0,0.0,2025-12-01,1.19,0.0,-295.53999999999996,ok
WBU2615,Goiania-Central-apartamento-TOP-1Q,Carteira 1_sys-price,GO,"Goiânia, GO","Goiânia, GO, Setor Bueno",0.0,168,2753.07,33,1517.3,2025-12,0.4194,0.1649,13.0,31,285.63,234.2,15.0,0.0,2025-12-01,1.81,0.0,-1235.7700000000002,ok
ADS0103,Cabo_Frio-Centro-apartamento-JR-2Q,Carteira 4,RJ,"Cabo Frio, RJ","Cabo Frio, RJ, Passagem",9.0,391,2317.86,184,4403.23,2025-12,0.3182,0.396,7.0,31,483.29,362.4,15.0,0.0,2025-12-01,0.53,4349.610000000001,2085.3699999999994,atenção
ASK0003,Florianopolis-Itacorubi-apartamento-JR-1Q,Carteira 4,SC,"Florianópolis, SC","Florianópolis, SC, Santa Mônica",0.0,139,1034.71,13,3163.06,2025-12,0.2258,0.6229,7.0,31,157.86,308.79,24.0,0.0,2025-12-01,0.33,0.0,2128.35,crítico
BBC0102,Marau-Barra_Grande-apartamento-SUP-3Q,Carteira 2,BA,"Maraú, BA","Maraú, BA, Barra Grande",10.0,56,8246.19,17,7221.6,2025-12,0.8095,0.2877,17.0,31,603.76,420.0,3.0,0.0,2025-12-01,1.14,6037.6,-1024.5900000000001,ok
BLS1355,Goiania-Central-apartamento-SUP-1Q,Carteira 1_sys-price,GO,"Goiânia, GO","Goiânia, GO, Setor Marista",0.0,802,536.36,106,915.87,2025-12,0.3548,0.1609,11.0,31,162.73,163.0,19.0,9.0,2025-12-01,0.59,0.0,379.51,atenção
CAT0905,Florianopolis-Centrao-apartamento-JR-2Q,Carteira 4,SC,"Florianópolis, SC","Florianópolis, SC, Centro",0.0,39,757.88,16,3762.91,2025-12,0.1935,0.4468,6.0,31,444.0,331.48,25.0,0.0,2025-12-01,0.2,0.0,3005.0299999999997,crítico
CPJ0404,Florianopolis-Jurere_Internacional-apartamento-TOP-2Q,Carteira 1,SC,"Florianópolis, SC","Florianópolis, SC, Jurerê Internacional",4.0,732,23203.92,22,15880.46,2025-12,0.6296,0.5546,17.0,31,2004.82,930.33,9.0,30.0,2025-12-01,1.46,8019.28,-7323.459999999999,ok
EJO0401,Florianopolis-Centrao-apartamento-JR-1Q,Carteira 4,SC,"Florianópolis, SC","Florianópolis, SC, Centro",0.0,230,1144.43,76,2297.2,2025-12,0.2258,0.3438,7.0,31,181.14,325.04,24.0,0.0,2025-12-01,0.5,0.0,1152.7699999999998,crítico
FDK0074,Sao_Paulo-Pinheiros-apartamento-SUP-1Q,Carteira 4_sys-price,SP,"São Paulo, SP","São Paulo, SP, Pinheiros",0.0,102,4113.29,375,2368.89,2025-12,0.6129,0.3215,19.0,31,246.47,223.92,12.0,0.0,2025-12-01,1.74,0.0,-1744.4,ok
NDE0002,Florianopolis-Campeche-apartamento-JR-1Q,Carteira 1,SC,"Florianópolis, SC","Florianópolis, SC, Ribeirão da Ilha",0.0,215,0.0,27,3473.53,2025-12,0.0,0.437,0.0,31,0.0,352.6,30.0,0.0,2025-12-01,0.0,0.0,3473.53,crítico
NWT0709,Especial-NWT-apartamento-MASTER-1Q,Carteira 5,AL,"Maceió, AL","Maceió, AL, Pajuçara",0.0,206,10305.65,31,9341.25,2025-12,0.4194,0.6444,13.0,31,995.0,933.33,18.0,0.0,2025-12-01,1.1,0.0,-964.3999999999996,ok
NWT0910,Especial-NWT-apartamento-MASTER-1Q,Carteira 5,AL,"Maceió, AL","Maceió, AL, Pajuçara",0.0,251,10568.96,31,9341.25,2025-12,0.3871,0.6444,12.0,31,991.67,600.0,19.0,30.0,2025-12-01,1.13,0.0,-1227.7099999999991,ok
NWT1002,Especial-NWT-apartamento-TOP-1Q,Carteira 5,AL,"Maceió, AL","Maceió, AL, Pajuçara",0.0,228,9231.83,34,4511.21,2025-12,0.7419,0.3523,23.0,31,491.61,320.0,8.0,0.0,2025-12-01,2.05,0.0,-4720.62,meta_subestimada
NWT1503,Especial-NWT-apartamento-TOP-1Q,Carteira 5,AL,"Maceió, AL","Maceió, AL, Pajuçara",0.0,210,12341.22,34,4511.21,2025-12,0.871,0.3523,27.0,31,573.26,583.0,4.0,0.0,2025-12-01,2.74,0.0,-7830.009999999999,meta_subestimada
PLO0009,Jaguaruna-Camacho-apartamento-SUP-1Q,Carteira 6,SC,"Jaguaruna, SC","Jaguaruna, SC, Jaguaruna",0.0,45,773.51,13,3503.7,2025-12,0.2581,0.3178,8.0,31,126.87,346.74,23.0,0.0,2025-12-01,0.22,0.0,2730.1899999999996,crítico
PSO0406,Penha-Beto_Carrero-apartamento-SUP-1Q,Carteira 3,SC,"Penha, SC","Penha, SC, Praia de Armação do Itapocoroi",0.0,28,8877.18,15,2337.5,2025-12,0.7742,0.234,24.0,31,434.17,211.43,7.0,0.0,2025-12-01,3.8,0.0,-6539.68,meta_subestimada
PSO0509,Penha-Beto_Carrero-apartamento-SUP-1Q,Carteira 3,SC,"Penha, SC","Penha, SC, Praia de Armação do Itapocoroi",0.0,126,2515.31,15,2337.5,2025-12,0.2903,0.234,9.0,31,350.44,397.33,21.0,0.0,2025-12-01,1.08,0.0,-177.80999999999995,berlinda
SDO206,Florianopolis-Ingleses_Norte-apartamento-SUP-3Q,Carteira 1,SC,"Florianópolis, SC","Florianópolis, SC, Ingleses do Rio Vermelho",15.0,1904,10395.85,24,9415.83,2025-12,0.3125,0.3373,5.0,31,2600.0,527.8,10.0,0.0,2025-12-01,1.1,39000.0,-980.0200000000004,ok
SPT0208,Blumenau-Central-apartamento-JR-1Q,Carteira 4,SC,"Blumenau, SC","Blumenau, SC, Itoupava Seca",0.0,564,0.0,38,1526.08,2025-12,0.0,0.3331,0.0,31,0.0,145.83,30.0,27.0,2025-12-01,0.0,0.0,1526.08,crítico
BSO0106,Itajai-Praia_Brava-apartamento-SUP-1Q,Carteira 6,SC,"Balneário Camboriú, SC","Balneário Camboriú, SC, Praia dos Amores",2.0,228,7843.33,15,3309.05,2025-12,0.6552,0.4188,19.0,31,508.0,376.0,10.0,0.0,2025-12-01,2.37,1016.0,-4534.28,meta_subestimada
BSO0207,Itajai-Praia_Brava-apartamento-SUP-1Q,Carteira 6,SC,"Balneário Camboriú, SC","Balneário Camboriú, SC, Praia dos Amores",1.0,222,10661.31,15,3309.05,2025-12,0.8,0.4188,24.0,31,482.37,276.67,6.0,0.0,2025-12-01,3.22,482.37,-7352.259999999999,meta_subestimada
CGR209,Gramado-Geral-apartamento-JR-1Q,Carteira 4,RS,"Gramado, RS","Gramado, RS, Vila Suiça",4.0,923,5346.74,125,5302.02,2025-12,0.7407,0.5792,20.0,31,372.0,324.57,7.0,0.0,2025-12-01,1.01,1488.0,-44.719999999999345,berlinda
EAR0411,Florianopolis-Ingleses_Norte-apartamento-TOP-3Q,Carteira 1,SC,"Florianópolis, SC","Florianópolis, SC, Ingleses do Rio Vermelho",5.0,348,12003.49,16,10428.23,2025-12,0.6154,0.3849,16.0,31,1007.25,1893.2,10.0,0.0,2025-12-01,1.15,5036.25,-1575.2600000000002,ok
EDG0501,Curitiba-Batel-apartamento-JR-1Q,Carteira 4,PR,"Curitiba, PR","Curitiba, PR, Batel",10.0,12,1720.24,51,1659.2,2025-12,0.5714,0.289,12.0,31,191.67,253.67,9.0,0.0,2025-12-01,1.04,1916.6999999999998,-61.039999999999964,berlinda
ELR0507,Maceio-Ponta_Verde-apartamento-SUP-1Q,Carteira 2,AL,"Maceió, AL","Maceió, AL, Ponta Verde",0.0,68,891.96,204,4251.06,2025-12,0.1935,0.4918,6.0,31,186.5,421.24,25.0,0.0,2025-12-01,0.21,0.0,3359.1000000000004,crítico
ENU011,Ubatuba-Praia_Grande-apartamento-JR-2Q,Carteira 4,SP,"Ubatuba, SP","Ubatuba, SP, Praia Grande",2.0,598,8787.87,204,6336.1,2025-12,0.5862,0.4524,17.0,31,596.59,550.17,12.0,0.0,2025-12-01,1.39,1193.18,-2451.7700000000004,ok
FFS0603,Itapema-Meia_Praia-Sul-apartamento-TOP-1Q,Carteira 6,SC,"Itapema, SC","Itapema, SC, Meia Praia",0.0,40,813.8,27,6354.59,2025-12,0.1613,0.3713,5.0,31,248.4,656.5,26.0,0.0,2025-12-01,0.13,0.0,5540.79,crítico
HPN707,Porto_Alegre-Cidade_Baixa-apartamento-JR-1Q,Carteira 4,RS,"Porto Alegre, RS","Porto Alegre, RS, Farroupilha",0.0,461,453.25,39,1143.57,2025-12,0.1613,0.3063,5.0,31,115.0,141.68,25.0,0.0,2025-12-01,0.4,0.0,690.3199999999999,crítico
NWT0816,Especial-NWT-apartamento-TOP-1Q,Carteira 5,AL,"Maceió, AL","Maceió, AL, Pajuçara",0.0,216,3643.22,34,4511.21,2025-12,0.4839,0.3523,15.0,31,311.0,619.25,16.0,0.0,2025-12-01,0.81,0.0,867.9900000000002,berlinda
RGF0711,Salvador-Flamengo-apartamento-TOP-1Q,Carteira 2,BA,"Salvador, BA","Salvador, BA, Itapuã",0.0,123,5334.12,28,3400.54,2025-12,0.5806,0.3967,18.0,31,362.78,241.46,13.0,0.0,2025-12-01,1.57,0.0,-1933.58,ok
RPF0605,Porto_Alegre-Menino_Deus-apartamento-SUP-1Q,Carteira 4,RS,"Porto Alegre, RS","Porto Alegre, RS, Azenha",0.0,251,2091.1,13,1931.9,2025-12,0.4516,0.2882,14.0,31,179.36,197.29,17.0,0.0,2025-12-01,1.08,0.0,-159.19999999999982,berlinda
RVG208,Florianopolis-Ingleses_Norte-apartamento-SUP-2Q,Carteira 1,SC,"Florianópolis, SC","Florianópolis, SC, Ingleses do Rio Vermelho",0.0,1831,3341.5,81,7270.99,2025-12,0.1613,0.4033,5.0,31,890.0,732.12,25.0,0.0,2025-12-01,0.46,0.0,3929.49,crítico
SCO0008,Florianopolis-Campeche-apartamento-JR-2Q,Carteira 1,SC,"Florianópolis, SC","Florianópolis, SC, Campeche",0.0,202,3349.48,27,2919.75,2025-12,0.129,0.2878,4.0,31,1000.0,339.85,27.0,0.0,2025-12-01,1.15,0.0,-429.73,ok
ADC104,Florianopolis-Cachoeira_Bom_Jesus-apartamento-TOP-2Q,Carteira 1,SC,"Florianópolis, SC","Florianópolis, SC, Cachoeira do Bom Jesus",9.0,518,13440.52,32,8144.01,2025-12,0.6364,0.4004,14.0,31,1282.93,535.75,8.0,0.0,2025-12-01,1.65,11546.37,-5296.51,ok
CBL307,Canela-Geral-apartamento-JR-3Q,Carteira 4,RS,"Canela, RS","Canela, RS, Vila Luiza",4.0,873,4563.63,37,5771.37,2025-12,0.2593,0.4825,7.0,31,770.86,413.3,20.0,0.0,2025-12-01,0.79,3083.44,1207.7399999999998,atenção
EAR0401,Florianopolis-Ingleses_Norte-apartamento-TOP-2Q,Carteira 1,SC,"Florianópolis, SC","Florianópolis, SC, Ingleses do Rio Vermelho",0.0,733,3281.73,18,8763.19,2025-12,0.2581,0.4261,8.0,31,559.75,1070.82,22.0,0.0,2025-12-01,0.37,0.0,5481.460000000001,crítico
EMB686,Bombinhas-Mariscal-casa-SUP-3Q,Carteira 6,SC,"Bombinhas, SC","Bombinhas, SC, Mariscal",1.0,1512,9020.97,9,10855.77,2025-12,0.4,0.3087,12.0,31,895.75,444.89,18.0,28.0,2025-12-01,0.83,895.75,1834.800000000001,berlinda
FDC0005,Florianopolis-Rio_Vermelho-apartamento-JR-2Q,Carteira 1,SC,"Florianópolis, SC","Florianópolis, SC, Ingleses Norte",5.0,4,0.0,26,3017.07,2025-12,0.0,0.4026,0.0,31,0.0,457.96,26.0,0.0,2025-12-01,0.0,0.0,3017.07,crítico
JZZ702,Itapema-Praia_Itapema-apartamento-SUP-2Q,Carteira 6,SC,"Itapema, SC","Itapema, SC, Morretes",0.0,628,5627.15,14,7221.39,2025-12,0.2581,0.4062,8.0,31,893.75,346.91,22.0,0.0,2025-12-01,0.78,0.0,1594.2400000000007,atenção
MHFA1607,Itapema-Canto_Praia-apartamento-SUP-1Q,Carteira 5,SC,"Itapema, SC","Itapema, SC, Centro",0.0,423,3288.24,16,5616.63,2025-12,0.4839,0.3721,15.0,31,273.4,654.5,16.0,14.0,2025-12-01,0.59,0.0,2328.3900000000003,atenção
NOH1302,Itapema-Meia_Praia-Sul-apartamento-TOP-3Q,Carteira 6,SC,"Itapema, SC","Itapema, SC, Castelo Branco",0.0,119,7378.92,17,6306.24,2025-12,0.4516,0.334,14.0,31,729.21,1229.41,17.0,13.0,2025-12-01,1.17,0.0,-1072.6800000000003,ok
NWT0909,Especial-NWT-apartamento-TOP-1Q,Carteira 5,AL,"Maceió, AL","Maceió, AL, Pajuçara",0.0,244,6618.22,34,4511.21,2025-12,0.5806,0.3523,18.0,31,450.33,791.25,12.0,0.0,2025-12-01,1.47,0.0,-2107.01,ok
NWT0912,Especial-NWT-apartamento-TOP-1Q,Carteira 5,AL,"Maceió, AL","Maceió, AL, Pajuçara",0.0,245,3576.74,34,4511.21,2025-12,0.4516,0.3523,14.0,31,288.71,762.94,17.0,0.0,2025-12-01,0.79,0.0,934.4700000000003,atenção
NWT1120,Especial-NWT-apartamento-TOP-1Q,Carteira 5,AL,"Maceió, AL","Maceió, AL, Pajuçara",0.0,34,10033.16,34,4511.21,2025-12,0.7419,0.3523,23.0,31,516.7,445.0,8.0,0.0,2025-12-01,2.22,0.0,-5521.95,meta_subestimada
PDA0010,Camaçari-Jacuipe-casa-SUP-3Q,Carteira 2,BA,"Camaçari, BA","Camaçari, BA, Barra do Jacuipe",0.0,133,0.0,16,5829.77,2025-12,0.0,0.3681,0.0,31,0.0,743.4,30.0,0.0,2025-12-01,0.0,0.0,5829.77,crítico
PDC301,Ilheus-Sul-apartamento-JR-2Q,Carteira 2,BA,"Ilhéus, BA","Ilhéus, BA, São Francisco",4.0,796,0.0,17,4379.63,2025-12,0.0,0.2882,0.0,31,0.0,316.88,26.0,0.0,2025-12-01,0.0,0.0,4379.63,crítico
PGO301,Pocos_de_Caldas-Geral-apartamento-JR-1Q,Carteira 4,MG,"Poços de Caldas, MG","Poços de Caldas, MG, São Benedito",0.0,685,2231.36,30,1380.56,2025-12,0.5161,0.3201,16.0,31,152.39,339.69,13.0,0.0,2025-12-01,1.62,0.0,-850.8000000000002,ok
RBR0003,Salvador-Flamengo-apartamento-JR-2Q,Carteira 2,BA,"Salvador, BA","Salvador, BA, Praia do Flamengo",0.0,75,1407.43,13,2963.35,2025-12,0.2581,0.3373,8.0,31,197.88,285.04,23.0,0.0,2025-12-01,0.47,0.0,1555.9199999999998,crítico
RCF160,Canela-Geral-casa-JR-3Q,Carteira 4,RS,"Canela, RS","Canela, RS, Vila Suzana",26.0,963,1858.25,17,4608.34,2025-12,1.0,0.4269,5.0,31,486.0,,0.0,0.0,2025-12-01,0.4,12636.0,2750.09,crítico
RGO0502,Itapema-Meia_Praia-Sul-apartamento-SUP-2Q,Carteira 6,SC,"Itapema, SC","Itapema, SC, Castelo Branco",0.0,728,811.68,19,6354.59,2025-12,0.0968,0.3925,3.0,31,336.0,660.89,27.0,0.0,2025-12-01,0.13,0.0,5542.91,crítico
SOV0103,Mata_de_Sao_Joao-Praia_Imbassai-casa-SUP-2Q,Carteira 2,BA,"Mata de São João, BA","Mata de São João, BA, Imbassaí",2.0,304,5229.36,14,5390.59,2025-12,0.3448,0.3679,10.0,31,606.0,395.94,18.0,0.0,2025-12-01,0.97,1212.0,161.23000000000047,berlinda
UPP0210,Curitiba-Centro-apartamento-JR-1Q,Carteira 6_sys-price,PR,"Curitiba, PR","Curitiba, PR, Alto da XV",0.0,26,530.13,227,1822.41,2025-12,0.1613,0.3741,5.0,31,132.0,158.04,26.0,0.0,2025-12-01,0.29,0.0,1292.2800000000002,crítico
VIG0011,Florianopolis-Jurere_Tradicional-apartamento-SUP-2Q,Carteira 1,SC,"Florianópolis, SC","Florianópolis, SC, Jurerê",0.0,410,11838.86,17,9189.8,2025-12,0.3548,0.4718,11.0,31,1328.18,517.89,19.0,0.0,2025-12-01,1.29,0.0,-2649.0600000000013,ok
VLO0414,Florianopolis-Jurere_Longe-apartamento-TOP-2Q,Carteira 1,SC,"Florianópolis, SC","Florianópolis, SC, Jurerê Internacional",0.0,409,23516.88,12,15340.25,2025-12,0.7097,0.5153,22.0,31,1220.91,1017.75,8.0,10.0,2025-12-01,1.53,0.0,-8176.630000000001,ok
ATP0006,Porto_Seguro-Pitinga-casa-SUP-4Q,Carteira 2,BA,"Porto Seguro, BA","Porto Seguro, BA, Arraial dAjuda",4.0,369,15493.95,9,12489.72,2025-12,0.5185,0.2921,14.0,31,1453.36,482.08,12.0,0.0,2025-12-01,1.24,5813.44,-3004.2300000000014,ok
BCA1409,Salvador-Ondina_Rio_Vermelho-apartamento-TOP-1Q,Carteira 2,BA,"Salvador, BA","Salvador, BA, Ondina",17.0,357,833.53,45,3276.93,2025-12,0.2857,0.354,4.0,31,268.5,331.9,10.0,0.0,2025-12-01,0.25,4564.5,2443.3999999999996,crítico
BFT3207,Goiania-Leste-apartamento-SUP-1Q,Carteira 1_sys-price,GO,"Goiânia, GO","Goiânia, GO, Jardim Goiás",1.0,802,686.98,61,1550.4,2025-12,0.2,0.2292,6.0,31,155.17,161.75,24.0,0.0,2025-12-01,0.44,155.17,863.4200000000001,crítico
BVA0303,Sao_Paulo-Republica-apartamento-SUP-2Q,Carteira 4_sys-price,SP,"São Paulo, SP",Sao_Paulo-Republica,0.0,87,3862.01,40,4040.69,2025-12,0.5484,0.5495,17.0,31,286.59,256.0,14.0,0.0,2025-12-01,0.96,0.0,178.67999999999984,berlinda
CET2001,Balneario_Camboriu-Centro-apartamento-SUP-4Q,Carteira 6,SC,"Balneário Camboriú, SC","Balneário Camboriú, SC, Barra Sul",4.0,39,2981.65,21,12165.63,2025-12,0.1852,0.4375,5.0,31,720.0,831.57,21.0,0.0,2025-12-01,0.25,2880.0,9183.98,crítico
CGF135,Sao_Paulo-Republica-apartamento-TOP-1Q,Carteira 4,SP,"São Paulo, SP","São Paulo, SP, Bela Vista",30.0,605,119.28,91,2294.92,2025-12,1.0,0.363,1.0,31,140.0,,0.0,0.0,2025-12-01,0.05,4200.0,2175.64,crítico
CNA014,Especial-CNA-casa-MASTER-1Q,Especial,SP,"Campos do Jordão, SP","Campos do Jordão, SP, Jardim Europa",0.0,1046,7359.73,25,6822.48,2025-12,0.4194,0.3355,13.0,31,703.0,850.94,17.0,0.0,2025-12-01,1.08,0.0,-537.25,berlinda
CPJ504,Florianopolis-Jurere_Internacional-apartamento-SUP-2Q,Carteira 1,SC,"Florianópolis, SC","Florianópolis, SC, Jurerê Internacional",0.0,231,13846.68,28,9049.08,2025-12,0.5484,0.4697,17.0,31,1118.12,495.14,14.0,0.0,2025-12-01,1.53,0.0,-4797.6,ok
CRI0301,Florianopolis-Ribeirao-apartamento-TOP-1Q,Carteira 4,SC,"Florianópolis, SC","Florianópolis, SC, Ribeirão da Ilha",0.0,557,1572.72,43,3970.86,2025-12,0.1935,0.4117,6.0,31,322.5,439.08,25.0,0.0,2025-12-01,0.4,0.0,2398.1400000000003,crítico
CTB2405,Sao_Paulo-Brooklin-apartamento-SUP-1Q,Carteira 4_sys-price,SP,"São Paulo, SP","São Paulo, SP, Vila Cordeiro",0.0,130,1112.52,229,2017.05,2025-12,0.2258,0.2708,7.0,31,201.0,222.87,23.0,0.0,2025-12-01,0.55,0.0,904.53,atenção
ERZ0502,Balneario_Camboriu-Intermediario-apartamento-SUP-2Q,Carteira 6,SC,"Balneário Camboriú, SC","Balneário Camboriú, SC, Centro",0.0,655,5400.08,91,5990.35,2025-12,0.3871,0.3694,12.0,31,534.08,513.95,19.0,22.0,2025-12-01,0.9,0.0,590.2700000000004,berlinda
ILC1506,Especial-ILC-hotel-TOP-1Q,Especial,SC,"Florianópolis, SC","Florianópolis, SC, Jurerê Internacional",0.0,486,15287.27,26,13572.13,2025-12,0.4516,0.6377,14.0,31,1352.21,1501.25,16.0,0.0,2025-12-01,1.13,0.0,-1715.1400000000012,ok
JAS0002,Florianopolis-Lagoa-apartamento-JR-1Q,Carteira 1,SC,"Florianópolis, SC","Florianópolis, SC, Lagoa da Conceição",2.0,195,1178.92,28,3469.64,2025-12,0.069,0.5154,2.0,31,700.0,459.69,26.0,11.0,2025-12-01,0.34,1400.0,2290.72,crítico
JRE1223,Porto_Alegre-Cidade_Baixa-apartamento-SUP-1Q,Carteira 4,RS,"Porto Alegre, RS","Porto Alegre, RS, Centro Histórico",0.0,322,1456.31,84,1645.6,2025-12,0.2903,0.3211,9.0,31,204.22,202.09,22.0,0.0,2025-12-01,0.88,0.0,189.28999999999996,berlinda
JVV303,Florianopolis-Itacorubi-apartamento-SUP-1Q,Carteira 4,SC,"Florianópolis, SC","Florianópolis, SC, Itacorubi",0.0,620,2630.08,13,4399.09,2025-12,0.2258,0.4646,7.0,31,381.78,296.91,22.0,0.0,2025-12-01,0.6,0.0,1769.0100000000002,atenção
LIV1705,Salvador-Graca-apartamento-SUP-1Q,Especial,BA,"Salvador, BA","Salvador, BA, Vitória",0.0,151,1259.65,31,2854.06,2025-12,0.2258,0.3151,7.0,31,222.57,315.54,24.0,0.0,2025-12-01,0.44,0.0,1594.4099999999999,crítico
MHE003,Florianopolis-Cachoeira_Bom_Jesus-apartamento-MASTER-2Q,Carteira 1,SC,"Florianópolis, SC","Florianópolis, SC, Cachoeira do Bom Jesus",10.0,1162,27356.52,11,16498.92,2025-12,0.9048,0.375,19.0,31,1802.53,1254.5,2.0,0.0,2025-12-01,1.66,18025.3,-10857.600000000002,ok
MHFA0905,Itapema-Canto_Praia-apartamento-SUP-1Q,Carteira 5,SC,"Itapema, SC","Itapema, SC, Centro",0.0,502,8801.43,16,5616.63,2025-12,0.9355,0.3721,29.0,31,370.24,700.5,2.0,0.0,2025-12-01,1.57,0.0,-3184.8,ok
MHFB1607,Itapema-Canto_Praia-apartamento-SUP-1Q,Carteira 5,SC,"Itapema, SC","Itapema, SC, Centro",0.0,423,1989.08,16,5616.63,2025-12,0.3548,0.3721,11.0,31,242.73,603.53,19.0,18.0,2025-12-01,0.35,0.0,3627.55,crítico
NUS0636,Balneario_Picarras-Geral-casa-JR-3Q,Carteira 6,SC,"Balneário Piçarras, SC","Balneário Piçarras, SC, Itacolomi",4.0,14,6741.9,19,5714.92,2025-12,0.4815,0.3006,13.0,31,724.38,239.08,13.0,0.0,2025-12-01,1.18,2897.52,-1026.9799999999996,ok
NWT0908,Especial-NWT-apartamento-TOP-1Q,Carteira 5,AL,"Maceió, AL","Maceió, AL, Pajuçara",0.0,251,3974.27,34,4511.21,2025-12,0.3548,0.3523,11.0,31,439.64,622.42,19.0,0.0,2025-12-01,0.88,0.0,536.94,berlinda
NWT1020,Especial-NWT-apartamento-TOP-1Q,Carteira 5,AL,"Maceió, AL","Maceió, AL, Pajuçara",0.0,210,3592.9,34,4511.21,2025-12,0.4516,0.3523,14.0,31,284.71,631.65,17.0,0.0,2025-12-01,0.8,0.0,918.31,atenção
PSOB1102,Penha-Beto_Carrero-apartamento-SUP-1Q,Carteira 3,SC,"Penha, SC","Penha, SC, Praia de Armação do Itapocoroi",0.0,159,4544.0,15,2337.5,2025-12,0.5806,0.234,18.0,31,349.83,553.15,13.0,0.0,2025-12-01,1.94,0.0,-2206.5,ok
RIT0201,Florianopolis-Praia_Brava-apartamento-TOP-3Q,Carteira 1,SC,"Florianópolis, SC","Florianópolis, SC, Praia Brava",20.0,287,6311.76,18,12403.32,2025-12,1.0,0.3598,11.0,31,716.0,,0.0,0.0,2025-12-01,0.51,14320.0,6091.5599999999995,atenção
RTG101,Florianopolis-Ingleses_Norte-apartamento-TOP-2Q,Carteira 1,SC,"Florianópolis, SC","Florianópolis, SC, Ingleses do Rio Vermelho",0.0,1203,3816.68,18,8763.19,2025-12,0.3226,0.4261,10.0,31,477.9,1157.8,20.0,0.0,2025-12-01,0.44,0.0,4946.51,crítico
RTO0502,Itapema-Praia_Itapema-apartamento-SUP-4Q,Carteira 6,SC,"Itapema, SC","Itapema, SC, Andorinha",5.0,530,10050.59,36,10629.93,2025-12,0.6154,0.454,16.0,31,797.44,1213.33,9.0,0.0,2025-12-01,0.95,3987.2000000000003,579.3400000000001,berlinda
SDR001,Florianopolis-Lagoa-apartamento-SUP-1Q,Carteira 1,SC,"Florianópolis, SC","Florianópolis, SC, Lagoa da Conceição",0.0,1599,4968.12,29,4977.73,2025-12,0.3226,0.5714,10.0,31,636.7,426.9,20.0,0.0,2025-12-01,1.0,0.0,9.609999999999673,berlinda
SLV0011,Goiania-Universitario-apartamento-SUP-1Q,Carteira 1_sys-price,GO,"Goiânia, GO","Goiânia, GO, Setor Leste Vila Nova",0.0,353,1278.58,47,992.72,2025-12,0.3226,0.2048,10.0,31,164.3,199.81,21.0,0.0,2025-12-01,1.29,0.0,-285.8599999999999,ok
TPS0308,Florianopolis-Canasvieiras_Meio-apartamento-TOP-1Q,Carteira 1,SC,"Florianópolis, SC","Florianópolis, SC, Canasvieiras",0.0,181,1619.26,25,5708.6,2025-12,0.2258,0.4133,7.0,31,300.29,640.92,24.0,0.0,2025-12-01,0.28,0.0,4089.34,crítico
TXP1004,Goiania-Central-apartamento-SUP-1Q,Carteira 1_sys-price,GO,"Goiânia, GO","Goiânia, GO, Setor Bueno",1.0,251,1731.14,106,915.87,2025-12,0.4333,0.1609,13.0,31,164.31,195.41,17.0,0.0,2025-12-01,1.89,164.31,-815.2700000000001,ok
VRL0002,Camaçari-Itacimirim-apartamento-JR-2Q,Carteira 2,BA,"Camaçari, BA","Camaçari, BA, Centro",5.0,409,2690.35,23,6812.75,2025-12,0.3462,0.3965,9.0,31,350.0,212.75,16.0,0.0,2025-12-01,0.39,1750.0,4122.4,crítico
VST025,Especial-VST-casa-TOP-1Q,Carteira 5,SC,"Anitápolis, SC","Anitápolis, SC, Rio dos Pinheiros",0.0,229,3282.15,47,2992.0,2025-12,0.2903,0.1608,9.0,31,443.33,278.27,22.0,0.0,2025-12-01,1.1,0.0,-290.1500000000001,berlinda
BLS0355,Goiania-Central-apartamento-SUP-1Q,Carteira 1_sys-price,GO,"Goiânia, GO","Goiânia, GO, Setor Marista",0.0,615,932.7,106,915.87,2025-12,0.2258,0.1609,7.0,31,185.0,166.09,23.0,0.0,2025-12-01,1.02,0.0,-16.83000000000004,berlinda
BSO0203,Itajai-Praia_Brava-apartamento-SUP-1Q,Carteira 6,SC,"Balneário Camboriú, SC","Balneário Camboriú, SC, Praia dos Amores",0.0,223,4283.32,15,3309.05,2025-12,0.4839,0.4188,15.0,31,318.29,555.36,14.0,0.0,2025-12-01,1.29,0.0,-974.2699999999995,ok
CAU0199,Itapema-Meia_Praia-Norte-apartamento-JR-3Q,Carteira 6,SC,"Itapema, SC","Itapema, SC, Andorinha",12.0,74,10134.5,23,5226.35,2025-12,0.7368,0.2829,14.0,31,806.21,595.8,5.0,0.0,2025-12-01,1.94,9674.52,-4908.15,ok
CDM0101,Itapema-Praia_Centro-apartamento-JR-3Q,Carteira 6,SC,"Itapema, SC","Itapema, SC, Tabuleiro dos Oliveiras",9.0,101,4435.16,23,7314.95,2025-12,0.6818,0.3851,15.0,31,426.07,409.43,7.0,0.0,2025-12-01,0.61,3834.63,2879.79,atenção
DMS0104,Gramado-Centro-apartamento-TOP-2Q,Carteira 4,RS,"Gramado, RS","Gramado, RS, Bairro Belverede",3.0,194,15022.86,57,13003.3,2025-12,0.6786,0.6323,19.0,31,1126.58,817.33,9.0,3.0,2025-12-01,1.16,3379.74,-2019.5600000000013,ok
EFR0104,Cabo_Frio-Centro-apartamento-JR-3Q,Carteira 4,RJ,"Cabo Frio, RJ","Cabo Frio, RJ, Braga",3.0,692,4656.05,121,4697.07,2025-12,0.3571,0.3249,10.0,31,630.0,490.89,18.0,0.0,2025-12-01,0.99,1890.0,41.01999999999953,berlinda
ERE418,Maceio-Cruz_das_Almas-apartamento-SUP-1Q,Carteira 2,AL,"Maceió, AL","Maceió, AL, Cruz das Almas",8.0,581,611.05,117,3627.3,2025-12,0.2174,0.4421,5.0,31,153.2,203.17,18.0,0.0,2025-12-01,0.17,1225.6,3016.25,crítico
IDI0306,Balneario_Camboriu-Centro-apartamento-JR-2Q,Carteira 6,SC,"Balneário Camboriú, SC","Balneário Camboriú, SC, Barra Sul",3.0,207,2364.56,45,5810.63,2025-12,0.2857,0.4112,8.0,31,355.88,791.9,20.0,0.0,2025-12-01,0.41,1067.6399999999999,3446.07,crítico
ILC3111,Especial-ILC-hotel-JR-1Q,Especial,SC,"Florianópolis, SC","Florianópolis, SC, Jurerê Internacional",2.0,1928,22135.32,14,9269.72,2025-12,0.5862,0.5069,17.0,31,1547.24,1076.17,12.0,0.0,2025-12-01,2.39,3094.48,-12865.6,meta_subestimada
IPS0701,Porto_Alegre-Jardim_Botanico-apartamento-SUP-1Q,Carteira 4,RS,"Porto Alegre, RS","Porto Alegre, RS, Petrópolis",20.0,73,1847.47,42,1194.66,2025-12,1.0,0.1854,11.0,31,201.82,,0.0,0.0,2025-12-01,1.55,4036.3999999999996,-652.81,ok
LEC0228,Brasilia-Asa_Sul-apartamento-SUP-1Q,Carteira 1_sys-price,DF,"Brasília, DF","Brasília, DF, Setor Sudoeste",0.0,283,1651.8,131,1856.96,2025-12,0.2581,0.381,8.0,31,251.5,250.48,23.0,0.0,2025-12-01,0.89,0.0,205.16000000000008,berlinda
LES403,Florianopolis-Jurere_Longe-apartamento-TOP-3Q,Carteira 1,SC,"Florianópolis, SC","Florianópolis, SC, Jurerê Internacional",7.0,1566,21981.5,17,16186.55,2025-12,0.7083,0.4206,17.0,31,1781.47,1111.71,7.0,0.0,2025-12-01,1.36,12470.29,-5794.950000000001,ok
LHE0201,Balneario_Camboriu-Centro-apartamento-SUP-3Q,Carteira 6,SC,"Balneário Camboriú, SC","Balneário Camboriú, SC, Barra Sul",31.0,74,0.0,80,6855.0,2025-12,,0.3753,0.0,31,0.0,,0.0,0.0,2025-12-01,0.0,0.0,6855.0,crítico
MHF1408,Itapema-Canto_Praia-apartamento-TOP-2Q,Carteira 5,SC,"Itapema, SC","Itapema, SC, Centro",0.0,326,9849.37,14,4620.28,2025-12,0.7742,0.2821,24.0,31,484.0,1354.29,7.0,0.0,2025-12-01,2.13,0.0,-5229.090000000001,meta_subestimada
NWT0602,Especial-NWT-apartamento-TOP-1Q,Carteira 5,AL,"Maceió, AL","Maceió, AL, Pajuçara",0.0,245,3742.89,34,4511.21,2025-12,0.4516,0.3523,14.0,31,320.29,760.41,17.0,0.0,2025-12-01,0.83,0.0,768.3200000000002,berlinda
OBP0305,Penha-Beto_Carrero-apartamento-TOP-2Q,Carteira 3,SC,"Penha, SC","Penha, SC, Armação",0.0,348,1859.22,50,7940.75,2025-12,0.2903,0.4198,9.0,31,229.67,643.91,22.0,0.0,2025-12-01,0.23,0.0,6081.53,crítico
PAR0003,Urubici-Geral-casa-TOP-1Q,Carteira 3,SC,"Urubici, SC","Urubici, SC, Arroio do Engenho",1.0,759,4350.33,89,2710.5,2025-12,0.4333,0.183,13.0,31,394.0,411.18,17.0,0.0,2025-12-01,1.6,394.0,-1639.83,ok
RSN301,Itapema-Longe-apartamento-JR-2Q,Carteira 6,SC,"Itapema, SC","Itapema, SC, Morretes",0.0,741,4117.46,48,5451.66,2025-12,0.4839,0.3631,15.0,31,335.8,495.88,16.0,0.0,2025-12-01,0.76,0.0,1334.1999999999998,atenção
SPJ0504,Especial-SPJ-apartamento-TOP-1Q,Carteira 5,SC,"Florianópolis, SC","Florianópolis, SC, Jurerê",0.0,411,13843.23,15,9882.1,2025-12,0.8387,0.5496,26.0,31,675.81,603.6,5.0,0.0,2025-12-01,1.4,0.0,-3961.129999999999,ok
SSG0207,Florianopolis-UFSC-apartamento-TOP-1Q,Carteira 4,SC,"Florianópolis, SC","Florianópolis, SC, Córrego Grande",0.0,950,2288.9,16,4429.31,2025-12,0.4194,0.3939,13.0,31,260.38,485.94,17.0,0.0,2025-12-01,0.52,0.0,2140.4100000000003,atenção
VDI0401,Guarapari-Nova_Guarapari-apartamento-SUP-4Q,Carteira 4,ES,"Guarapari, ES","Guarapari, ES, Meaípe",5.0,168,15187.68,54,7299.9,2025-12,0.9231,0.4418,24.0,31,865.42,216.0,1.0,0.0,2025-12-01,2.08,4327.099999999999,-7887.780000000001,meta_subestimada
VNU1613,Sao_Paulo-Bela_Vista-apartamento-SUP-1Q,Carteira 4_sys-price,SP,"São Paulo, SP","São Paulo, SP, Bela Vista",0.0,74,636.15,718,2096.87,2025-12,0.1613,0.3298,5.0,31,168.0,184.73,26.0,0.0,2025-12-01,0.3,0.0,1460.7199999999998,crítico
VST010,Especial-VST-casa-TOP-1Q,Carteira 5,SC,"Anitápolis, SC","Anitápolis, SC, Rio dos Pinheiros",0.0,517,1735.86,47,2992.0,2025-12,0.3226,0.1608,10.0,31,241.4,295.24,21.0,0.0,2025-12-01,0.58,0.0,1256.14,atenção
WBU2405,Goiania-Central-apartamento-TOP-1Q,Carteira 1_sys-price,GO,"Goiânia, GO","Goiânia, GO, Setor Bueno",0.0,802,528.6,33,1517.3,2025-12,0.0968,0.1649,3.0,31,220.33,215.89,27.0,0.0,2025-12-01,0.35,0.0,988.6999999999999,crítico
WSH0502,Curitiba-Batel-apartamento-SUP-1Q,Carteira 4,PR,"Curitiba, PR","Curitiba, PR, Bigorrilho",0.0,48,279.64,164,1897.35,2025-12,0.0645,0.3155,2.0,31,173.0,292.36,28.0,0.0,2025-12-01,0.15,0.0,1617.71,crítico
AYA201,Florianopolis-Jurere_Tradicional-apartamento-JR-3Q,Carteira 1,SC,"Florianópolis, SC","Florianópolis, SC, Jurerê",0.0,2014,14309.16,17,9189.8,2025-12,0.6129,0.4309,19.0,31,1076.95,762.64,11.0,0.0,2025-12-01,1.56,0.0,-5119.360000000001,ok
CCI210,Florianopolis-Ingleses_Norte-apartamento-TOP-2Q,Carteira 1,SC,"Florianópolis, SC","Florianópolis, SC, Ingleses do Rio Vermelho",0.0,1027,5544.87,18,8763.19,2025-12,0.3871,0.4261,12.0,31,649.5,1116.79,19.0,0.0,2025-12-01,0.63,0.0,3218.3200000000006,atenção
CZZ0404,Urubici-Geral-apartamento-SUP-1Q,Especial,SC,"Urubici, SC","Urubici, SC, Centro",0.0,251,492.18,53,1627.27,2025-12,0.0968,0.1854,3.0,31,171.33,374.11,27.0,0.0,2025-12-01,0.3,0.0,1135.09,crítico
EMZ0504,Guarapari-Praia_do_Morro-apartamento-JR-2Q,Carteira 4,ES,"Guarapari, ES","Guarapari, ES, Praia do Morro",0.0,168,4406.92,112,3602.48,2025-12,0.3548,0.4136,11.0,31,449.27,258.1,20.0,0.0,2025-12-01,1.22,0.0,-804.44,ok
FFS1402,Itapema-Meia_Praia-Sul-apartamento-SUP-1Q,Carteira 6,SC,"Itapema, SC","Itapema, SC, Meia Praia",0.0,40,5336.49,13,5440.47,2025-12,0.5161,0.3096,16.0,31,402.75,540.27,15.0,0.0,2025-12-01,0.98,0.0,103.98000000000047,berlinda
ILC3109,Especial-ILC-hotel-TOP-1Q,Especial,SC,"Florianópolis, SC","Florianópolis, SC, Jurerê Internacional",0.0,1858,25959.22,26,13572.13,2025-12,0.5806,0.6377,18.0,31,1780.83,850.33,12.0,0.0,2025-12-01,1.91,0.0,-12387.090000000002,ok
ILC4404,Especial-ILC-hotel-JR-1Q,Especial,SC,"Florianópolis, SC","Florianópolis, SC, Jurerê Internacional",0.0,2001,19672.43,14,9269.72,2025-12,0.6129,0.5069,19.0,31,1335.11,1062.45,11.0,0.0,2025-12-01,2.12,0.0,-10402.710000000001,meta_subestimada
JRR205,Florianopolis-Jurere_Tradicional-apartamento-TOP-1Q,Carteira 1,SC,"Florianópolis, SC","Florianópolis, SC, Jurerê",0.0,1215,5029.21,17,10221.67,2025-12,0.2258,0.5494,7.0,31,897.14,754.04,23.0,0.0,2025-12-01,0.49,0.0,5192.46,crítico
MCB0103,Balneario_Picarras-Geral-apartamento-SUP-2Q,Carteira 6,SC,"Balneário Piçarras, SC","Balneário Piçarras, SC, itacolomi",0.0,413,7307.82,77,6230.07,2025-12,0.871,0.3874,27.0,31,382.19,1418.0,4.0,0.0,2025-12-01,1.17,0.0,-1077.75,ok
MHF1901,Itapema-Canto_Praia-apartamento-TOP-1Q,Carteira 5,SC,"Itapema, SC","Itapema, SC, Centro",0.0,67,10253.6,14,6337.8,2025-12,0.7419,0.3918,23.0,31,604.13,526.63,8.0,0.0,2025-12-01,1.62,0.0,-3915.8,ok
MLO0601,Itapema-Meia_Praia-Norte-apartamento-SUP-2Q,Carteira 6,SC,"Itapema, SC","Itapema, SC, Meia Praia",0.0,424,5989.32,27,8668.41,2025-12,0.4839,0.5066,15.0,31,536.07,490.38,16.0,0.0,2025-12-01,0.69,0.0,2679.09,atenção
MTS1503,Itapema-Praia_Itapema-apartamento-SUP-2Q,Carteira 6,SC,"Itapema, SC","Itapema, SC, Morretes",0.0,243,8708.3,14,7221.39,2025-12,0.6774,0.4062,21.0,31,553.28,312.77,13.0,0.0,2025-12-01,1.21,0.0,-1486.909999999999,ok
PFN0007,Porto_Seguro-Pataxos-apartamento-JR-2Q,Carteira 2,BA,"Porto Seguro, BA","Porto Seguro, BA, Pataxós",30.0,248,0.0,46,4892.37,2025-12,0.0,0.319,0.0,31,0.0,480.0,1.0,0.0,2025-12-01,0.0,0.0,4892.37,crítico
POS0205,Florianopolis-Ingleses_Praia-apartamento-JR-1Q,Carteira 1,SC,"Florianópolis, SC","Florianópolis, SC, Ingleses do Rio Vermelho",31.0,441,0.0,36,3908.47,2025-12,,0.4301,0.0,31,0.0,,0.0,0.0,2025-12-01,0.0,0.0,3908.47,crítico
PSOA0912,Penha-Beto_Carrero-apartamento-SUP-1Q,Carteira 3,SC,"Penha, SC","Penha, SC, Praia de Armação do Itapocoroi",0.0,143,6172.51,15,2337.5,2025-12,0.6774,0.234,21.0,31,377.14,394.0,10.0,0.0,2025-12-01,2.64,0.0,-3835.01,meta_subestimada
RIV101,Florianopolis-Jurere_Tradicional-apartamento-TOP-2Q,Carteira 1,SC,"Florianópolis, SC","Florianópolis, SC, Jurerê",24.0,619,3775.78,19,16085.6,2025-12,0.8571,0.5638,6.0,31,794.33,607.0,1.0,0.0,2025-12-01,0.23,19063.920000000002,12309.82,crítico
SMT0119,Salvador-Boca_do_Rio-apartamento-TOP-1Q,Carteira 2,BA,"Salvador, BA","Salvador, BA, Armação",8.0,18,798.9,16,2424.25,2025-12,0.1304,0.3299,3.0,31,333.0,199.05,19.0,0.0,2025-12-01,0.33,2664.0,1625.35,crítico
TPS303,Florianopolis-Canasvieiras_Meio-apartamento-TOP-1Q,Carteira 1,SC,"Florianópolis, SC","Florianópolis, SC, Canasvieiras",0.0,487,0.0,25,5708.6,2025-12,0.0,0.4133,0.0,31,0.0,523.33,30.0,0.0,2025-12-01,0.0,0.0,5708.6,crítico
UPP0115,Curitiba-Centro-apartamento-JR-1Q,Carteira 4_sys-price,PR,"Curitiba, PR","Curitiba, PR, Alto da XV",0.0,40,0.0,227,1822.41,2025-12,0.0968,0.3741,3.0,31,130.0,157.0,27.0,0.0,2025-12-01,0.0,0.0,1822.41,crítico
UPP0514,Curitiba-Centro-apartamento-JR-1Q,Carteira 4_sys-price,PR,"Curitiba, PR","Curitiba, PR, Alto da XV",0.0,39,218.8,227,1822.41,2025-12,0.0645,0.3741,2.0,31,130.0,156.04,28.0,0.0,2025-12-01,0.12,0.0,1603.6100000000001,crítico
VDM101,Florianopolis-Canajure-apartamento-JR-1Q,Carteira 1,SC,"Florianópolis, SC","Florianópolis, SC, Canasvieiras",0.0,948,6067.02,62,4572.33,2025-12,0.5484,0.3825,17.0,31,385.41,461.36,14.0,0.0,2025-12-01,1.33,0.0,-1494.6900000000005,ok
VEC311,Bombinhas-Centro-apartamento-SUP-1Q,Carteira 6,SC,"Bombinhas, SC","Bombinhas, SC, Centro",0.0,1070,6522.31,37,5567.5,2025-12,0.6129,0.4579,19.0,31,442.89,699.58,12.0,0.0,2025-12-01,1.17,0.0,-954.8100000000004,ok
VFI0103,Gramado-Geral-apartamento-JR-2Q,Carteira 4,RS,"Gramado, RS","Gramado, RS, Centro",5.0,360,11500.08,49,6399.12,2025-12,1.0,0.5134,26.0,31,521.81,,0.0,0.0,2025-12-01,1.8,2609.0499999999997,-5100.96,ok
ATP0005,Porto_Seguro-Pitinga-casa-SUP-4Q,Carteira 2,BA,"Porto Seguro, BA","Porto Seguro, BA, Arraial D ajuda",2.0,33,12862.83,9,12489.72,2025-12,0.3793,0.2921,11.0,31,1527.27,452.35,17.0,0.0,2025-12-01,1.03,3054.54,-373.1100000000006,berlinda
CCI003,Florianopolis-Ingleses_Norte-apartamento-TOP-2Q,Carteira 1,SC,"Florianópolis, SC","Florianópolis, SC, Ingleses do Rio Vermelho",0.0,1071,1883.05,18,8763.19,2025-12,0.1613,0.4261,5.0,31,511.4,1200.04,25.0,0.0,2025-12-01,0.21,0.0,6880.14,crítico
CMC101,Florianopolis-Ingleses_Norte-apartamento-JR-2Q,Carteira 1,SC,"Florianópolis, SC","Florianópolis, SC, Ingleses do Rio Vermelho",0.0,1076,9461.97,42,5378.27,2025-12,0.6452,0.3688,20.0,31,676.35,373.73,11.0,0.0,2025-12-01,1.76,0.0,-4083.699999999999,ok
CPM1110,Sao_Paulo-Pinheiros-apartamento-SUP-1Q,Carteira 4_sys-price,SP,"São Paulo, SP","São Paulo, SP, Pinheiros",0.0,133,1250.59,375,2368.89,2025-12,0.2258,0.3215,7.0,31,202.57,212.29,24.0,0.0,2025-12-01,0.53,0.0,1118.3,atenção
CRN0705,Sao_Paulo-Bela_Vista-apartamento-TOP-1Q,Carteira 4_sys-price,SP,"São Paulo, SP","São Paulo, SP, Cerqueira César",0.0,276,7471.82,198,2582.94,2025-12,0.9032,0.3786,28.0,31,317.61,270.0,3.0,3.0,2025-12-01,2.89,0.0,-4888.879999999999,meta_subestimada
DBH0807,Guarapari-Praia_do_Morro-apartamento-JR-2Q,Carteira 4,ES,"Guarapari, ES","Guarapari, ES, Praia do Morro",0.0,98,4373.1,112,3602.48,2025-12,0.1935,0.4136,6.0,31,733.33,225.5,24.0,0.0,2025-12-01,1.21,0.0,-770.6200000000003,ok
EAC403,Balneario_Camboriu-Centro-apartamento-JR-1Q,Carteira 6,SC,"Balneário Camboriú, SC","Balneário Camboriú, SC, Centro",0.0,763,6007.57,28,3303.1,2025-12,0.3548,0.3003,11.0,31,648.0,373.4,20.0,0.0,2025-12-01,1.82,0.0,-2704.47,ok
EAZ305,Florianopolis-Itacorubi-apartamento-SUP-2Q,Carteira 4,SC,"Florianópolis, SC","Florianópolis, SC, João Paulo",0.0,627,6240.83,10,5591.33,2025-12,0.4839,0.3699,15.0,31,480.0,412.5,16.0,13.0,2025-12-01,1.12,0.0,-649.5,ok
EMP2201,Florianopolis-Canasvieiras_Perto-apartamento-SUP-2Q,Carteira 1,SC,"Florianópolis, SC","Florianópolis, SC, Canasvieiras",0.0,864,10956.13,23,8029.31,2025-12,0.5806,0.3783,18.0,31,889.78,690.75,12.0,0.0,2025-12-01,1.36,0.0,-2926.819999999999,ok
FFS0807,Itapema-Meia_Praia-Sul-apartamento-TOP-1Q,Carteira 6,SC,"Itapema, SC","Itapema, SC, Meia Praia",0.0,21,14327.05,27,6354.59,2025-12,0.6452,0.3713,20.0,31,861.05,432.7,10.0,0.0,2025-12-01,2.25,0.0,-7972.459999999999,meta_subestimada
GVM0404,Florianopolis-Ponta_Das_Canas-apartamento-JR-3Q,Carteira 2,SC,"Florianópolis, SC","Florianópolis, SC, Ponta das Canas",0.0,17,1136.52,75,7883.33,2025-12,0.0968,0.4048,3.0,31,495.0,698.96,27.0,0.0,2025-12-01,0.14,0.0,6746.8099999999995,crítico
HPN0618,Porto_Alegre-Cidade_Baixa-apartamento-JR-1Q,Carteira 4,RS,"Porto Alegre, RS","Porto Alegre, RS, Farroupilha",0.0,87,1397.25,39,1143.57,2025-12,0.4839,0.3063,15.0,31,115.0,156.69,16.0,0.0,2025-12-01,1.22,0.0,-253.68000000000006,ok
IAA0504,Recife-Boa_Viagem-apartamento-TOP-1Q,Carteira 2,PE,"Recife, PE","Recife, PE, Boa Viagem",0.0,628,2858.58,38,2800.53,2025-12,0.5161,0.4015,16.0,31,214.88,416.67,15.0,0.0,2025-12-01,1.02,0.0,-58.04999999999973,berlinda
IDA105,Florianopolis-Ingleses_Norte-apartamento-SUP-1Q,Carteira 1,SC,"Florianópolis, SC","Florianópolis, SC, Ingleses",0.0,906,4422.23,51,5324.68,2025-12,0.4194,0.4112,13.0,31,431.08,747.53,17.0,0.0,2025-12-01,0.83,0.0,902.4500000000007,berlinda
ILC3308,Especial-ILC-hotel-TOP-1Q,Especial,SC,"Florianópolis, SC","Florianópolis, SC, Jurerê Internacional",15.0,1068,9041.84,26,13572.13,2025-12,0.875,0.6377,14.0,31,944.71,598.5,2.0,0.0,2025-12-01,0.67,14170.650000000001,4530.289999999999,atenção
IML0107,Bombinhas-Mariscal-apartamento-TOP-2Q,Carteira 6,SC,"Bombinhas, SC","Bombinhas, SC, Mariscal",0.0,517,17053.52,9,9776.44,2025-12,0.8387,0.3678,26.0,31,880.08,697.0,5.0,0.0,2025-12-01,1.74,0.0,-7277.08,ok
IPTR0171,Balneario_Camboriu-Centro-apartamento-JR-2Q,Carteira 6,SC,"Balneário Camboriú, SC","Balneário Camboriú, SC, Centro",0.0,316,10146.18,45,5810.63,2025-12,0.6452,0.4112,20.0,31,611.9,764.18,11.0,0.0,2025-12-01,1.75,0.0,-4335.55,ok
ITFA039,Mata_de_Sao_Joao-Praia_Imbassai-apartamento-SUP-2Q,Carteira 2,BA,"Mata de São João, BA","Mata de São João, BA, Açu da Torre",0.0,546,1110.65,15,4774.76,2025-12,0.2258,0.334,7.0,31,205.71,614.35,23.0,0.0,2025-12-01,0.23,0.0,3664.11,crítico
MCD002,Campos_do_Jordao-Capivari_Centro-casa-SUP-3Q,Carteira 4,SP,"Campos do Jordão, SP","Campos do Jordão, SP, V Dubieux",15.0,572,0.0,13,6618.1,2025-12,0.0,0.2252,0.0,31,0.0,629.88,16.0,0.0,2025-12-01,0.0,0.0,6618.1,crítico
MHF2109,Itapema-Canto_Praia-apartamento-TOP-2Q,Carteira 5,SC,"Itapema, SC","Itapema, SC, Centro",0.0,528,11774.71,14,4620.28,2025-12,0.5806,0.2821,18.0,31,849.83,577.0,13.0,0.0,2025-12-01,2.55,0.0,-7154.429999999999,meta_subestimada
MOL0502,Sao_Paulo-Liberdade-apartamento-SUP-1Q,Carteira 4_sys-price,SP,"São Paulo, SP","São Paulo, SP, Liberdade",0.0,469,1752.82,70,1869.54,2025-12,0.3226,0.3455,10.0,31,212.2,192.9,21.0,0.0,2025-12-01,0.94,0.0,116.72000000000003,berlinda
MVC0098,Florianopolis-Cachoeira_Bom_Jesus-apartamento-SUP-3Q,Carteira 1,SC,"Florianópolis, SC","Florianópolis, SC, Ponta das Canas",7.0,39,3062.12,33,10367.38,2025-12,0.1667,0.3927,4.0,31,1100.0,523.42,19.0,0.0,2025-12-01,0.3,7700.0,7305.259999999999,crítico
NOA0704,Sao_Paulo-Santo_Amaro-apartamento-SUP-1Q,Carteira 4_sys-price,SP,"São Paulo, SP","São Paulo, SP, Santo Amaro",0.0,430,986.91,105,1138.7,2025-12,0.1935,0.1877,6.0,31,197.33,200.5,24.0,0.0,2025-12-01,0.87,0.0,151.79000000000008,berlinda
OBP0301,Penha-Beto_Carrero-apartamento-MASTER-2Q,Carteira 3,SC,"Penha, SC","Penha, SC, Armação",0.0,431,3992.96,25,9679.03,2025-12,0.3548,0.3587,11.0,31,403.91,819.15,20.0,0.0,2025-12-01,0.41,0.0,5686.070000000001,crítico
PSO0906,Penha-Beto_Carrero-apartamento-SUP-1Q,Carteira 3,SC,"Penha, SC","Penha, SC, Praia de Armação do Itapocoroi",0.0,131,8152.16,15,2337.5,2025-12,0.9355,0.234,29.0,31,343.17,212.0,1.0,0.0,2025-12-01,3.49,0.0,-5814.66,meta_subestimada
PSOA0707,Penha-Beto_Carrero-apartamento-SUP-1Q,Carteira 3,SC,"Penha, SC","Penha, SC, Armação",0.0,166,8623.56,15,2337.5,2025-12,0.7419,0.234,23.0,31,500.22,221.29,7.0,0.0,2025-12-01,3.69,0.0,-6286.0599999999995,meta_subestimada
QTIB0301,Florianopolis-Ingleses_Norte-apartamento-JR-2Q,Carteira 1,SC,"Florianópolis, SC","Florianópolis, SC, Ingleses do Rio Vermelho",0.0,143,1034.43,42,5378.27,2025-12,0.0968,0.3688,3.0,31,475.0,590.22,27.0,0.0,2025-12-01,0.19,0.0,4343.84,crítico
REL0002,Imbituba-Praia_do_Rosa-casa-JR-1Q,Carteira 6,SC,"Imbituba, SC","Imbituba, SC, Ibiraquera",0.0,34,2031.6,33,3031.67,2025-12,0.0968,0.2949,3.0,31,885.0,500.0,27.0,30.0,2025-12-01,0.67,0.0,1000.0700000000002,atenção
RLN0104,Gramado-Geral-apartamento-JR-2Q,Carteira 4,RS,"Gramado, RS","Gramado, RS, Ipê Amarelo",4.0,334,7098.54,49,6399.12,2025-12,0.7407,0.5134,20.0,31,487.5,331.29,7.0,0.0,2025-12-01,1.11,1950.0,-699.4200000000001,ok
SDR006,Florianopolis-Lagoa-apartamento-SUP-1Q,Carteira 1,SC,"Florianópolis, SC","Florianópolis, SC, Lagoa da Conceição",0.0,1599,0.0,29,4977.73,2025-12,0.0,0.5714,0.0,31,0.0,396.53,30.0,0.0,2025-12-01,0.0,0.0,4977.73,crítico
SKL1003,Penha-Praia-apartamento-SUP-2Q,Carteira 6,SC,"Penha, SC","Penha, SC, Armação",0.0,67,9374.58,52,6758.12,2025-12,0.6452,0.3902,20.0,31,540.75,368.09,11.0,0.0,2025-12-01,1.39,0.0,-2616.46,ok
TVT1008,Florianopolis-Centrao-apartamento-MASTER-1Q,Carteira 4,SC,"Florianópolis, SC","Florianópolis, SC, Centro",0.0,619,8114.04,25,5865.0,2025-12,0.5806,0.3642,18.0,31,583.78,374.31,13.0,0.0,2025-12-01,1.38,0.0,-2249.04,ok
TXP1405,Goiania-Central-apartamento-SUP-1Q,Carteira 1_sys-price,GO,"Goiânia, GO","Goiânia, GO, Setor Bueno",0.0,777,1564.9,106,915.87,2025-12,0.3871,0.1609,12.0,31,181.17,182.32,19.0,0.0,2025-12-01,1.71,0.0,-649.0300000000001,ok
BTI003,Ubatuba-Praia_Grande-apartamento-SIM-2Q,Carteira 4,SP,"Ubatuba, SP","Ubatuba, SP, Praia Grande",0.0,664,4598.08,49,3751.88,2025-12,0.2903,0.3156,9.0,31,595.11,360.45,22.0,0.0,2025-12-01,1.23,0.0,-846.1999999999998,ok
CET1702,Balneario_Camboriu-Centro-apartamento-TOP-3Q,Carteira 6,SC,"Balneário Camboriú, SC","Balneário Camboriú, SC, Centro",5.0,1138,18739.6,46,7609.19,2025-12,0.7308,0.3826,19.0,31,1200.74,1564.5,6.0,0.0,2025-12-01,2.46,6003.7,-11130.41,meta_subestimada
CNA007,Especial-CNA-casa-MASTER-1Q,Especial,SP,"Campos do Jordão, SP","Campos do Jordão, SP, Jardim Europa",0.0,1046,4110.9,25,6822.48,2025-12,0.1935,0.3355,6.0,31,876.67,814.08,25.0,0.0,2025-12-01,0.6,0.0,2711.58,atenção
EHI0802,Itajai-Praia_Brava-apartamento-MASTER-2Q,Carteira 6,SC,"Itajaí, SC","Itajaí, SC, Praia Brava",2.0,185,15864.3,12,13897.47,2025-12,0.7931,0.4595,23.0,31,867.39,568.83,6.0,0.0,2025-12-01,1.14,1734.78,-1966.83,ok
FLT0002,Florianopolis-Centrao-apartamento-SIM-1Q,Carteira 4,SC,"Florianópolis, SC","Florianópolis, SC, Centro",0.0,241,878.74,13,1343.09,2025-12,0.2581,0.2429,8.0,31,137.38,268.0,23.0,0.0,2025-12-01,0.65,0.0,464.3499999999999,atenção
IDA101,Florianopolis-Ingleses_Norte-apartamento-TOP-1Q,Carteira 1,SC,"Florianópolis, SC","Florianópolis, SC, Ingleses do Rio Vermelho",0.0,712,2467.79,82,7254.94,2025-12,0.2903,0.3996,9.0,31,722.22,800.27,22.0,0.0,2025-12-01,0.34,0.0,4787.15,crítico
ILC2414,Especial-ILC-hotel-JR-1Q,Especial,SC,"Florianópolis, SC","Florianópolis, SC, Jurerê Internacional",0.0,1272,24059.53,14,9269.72,2025-12,0.7419,0.5069,23.0,31,1319.48,1116.5,8.0,4.0,2025-12-01,2.6,0.0,-14789.81,meta_subestimada
MBI022,Pocos_de_Caldas-Geral-apartamento-SUP-3Q,Carteira 4,MG,"Poços de Caldas, MG","Poços de Caldas, MG, Jardim Bandeirantes",0.0,794,3238.38,14,2084.21,2025-12,0.2903,0.2396,9.0,31,428.89,318.33,21.0,0.0,2025-12-01,1.55,0.0,-1154.17,ok
NWT1005,Especial-NWT-apartamento-TOP-1Q,Carteira 5,AL,"Maceió, AL","Maceió, AL, Pajuçara",0.0,229,8569.67,34,4511.21,2025-12,0.6452,0.3523,20.0,31,545.9,405.55,11.0,0.0,2025-12-01,1.9,0.0,-4058.46,ok
NWT1423,Especial-NWT-apartamento-TOP-1Q,Carteira 5,AL,"Maceió, AL","Maceió, AL, Pajuçara",0.0,315,3915.86,34,4511.21,2025-12,0.4194,0.3523,13.0,31,343.46,572.0,18.0,0.0,2025-12-01,0.87,0.0,595.3499999999999,berlinda
ONX1410,Goiania-Central-apartamento-JR-1Q,Carteira 1_sys-price,GO,"Goiânia, GO","Goiânia, GO, Setor Bueno",0.0,509,3181.56,47,1028.5,2025-12,0.8065,0.1779,25.0,31,164.64,143.5,6.0,0.0,2025-12-01,3.09,0.0,-2153.06,meta_subestimada
PMN0901,Porto_Alegre-Jardim_Lindoia-apartamento-SUP-2Q,Carteira 4,RS,"Porto Alegre, RS","Porto Alegre, RS, Passo d Areia",7.0,196,1149.64,10,4338.75,2025-12,0.1667,0.5714,4.0,31,351.0,351.0,20.0,23.0,2025-12-01,0.26,2457.0,3189.1099999999997,crítico
PSO0904,Penha-Beto_Carrero-apartamento-SUP-1Q,Carteira 3,SC,"Penha, SC","Penha, SC, Praia de Armação do Itapocoroi",0.0,157,6103.66,15,2337.5,2025-12,0.7742,0.234,24.0,31,402.5,779.57,7.0,0.0,2025-12-01,2.61,0.0,-3766.16,meta_subestimada
PZO0905,Ilheus-Sul-apartamento-SUP-2Q,Carteira 2,BA,"Ilhéus, BA","Ilhéus, BA, Nossa Senhora da Vitória",15.0,116,1965.18,40,3567.45,2025-12,0.875,0.3513,14.0,31,185.71,196.0,2.0,0.0,2025-12-01,0.55,2785.65,1602.2699999999998,atenção
RCS701,Porto_Belo-Geral-apartamento-SUP-3Q,Carteira 6,SC,"Porto Belo, SC","Porto Belo, SC, Balneário Perequê",4.0,598,18984.15,14,5599.84,2025-12,1.0,0.3573,27.0,31,770.44,,0.0,0.0,2025-12-01,3.39,3081.76,-13384.310000000001,meta_subestimada
RDM0101,Itapema-Meia_Praia-Norte-apartamento-TOP-2Q,Carteira 6,SC,"Itapema, SC","Itapema, SC, Meia Praia",0.0,89,15251.94,70,7935.64,2025-12,0.8387,0.3463,26.0,31,739.5,378.0,5.0,0.0,2025-12-01,1.92,0.0,-7316.3,ok
SIS0005,Florianopolis-Canto_da_Lagoa-apartamento-JR-1Q,Carteira 1,SC,"Florianópolis, SC","Florianópolis, SC, Lagoa da Conceição",24.0,159,987.49,15,1956.28,2025-12,1.0,0.3776,7.0,31,160.71,,0.0,0.0,2025-12-01,0.5,3857.04,968.79,atenção
SKL1307,Penha-Praia-apartamento-SUP-3Q,Carteira 6,SC,"Penha, SC","Penha, SC, Armação",7.0,188,11361.91,23,8551.42,2025-12,0.7083,0.3974,17.0,31,812.41,387.43,7.0,0.0,2025-12-01,1.33,5686.87,-2810.49,ok
SPJ0305,Especial-SPJ-apartamento-TOP-1Q,Carteira 5,SC,"Florianópolis, SC","Florianópolis, SC, Jurerê",0.0,546,12760.06,15,9882.1,2025-12,0.6774,0.5496,21.0,31,716.05,521.0,10.0,0.0,2025-12-01,1.29,0.0,-2877.959999999999,ok
STI105,Florianopolis-Ingleses_Centro-apartamento-TOP-1Q,Carteira 1,SC,"Florianópolis, SC","Florianópolis, SC, Ingleses do Rio Vermelho",0.0,1056,4120.03,34,5109.56,2025-12,0.1935,0.4208,6.0,31,811.0,428.75,24.0,0.0,2025-12-01,0.81,0.0,989.5300000000007,berlinda
TCO1115,Porto_Alegre-Centro_Historico-apartamento-SUP-1Q,Carteira 4,RS,"Porto Alegre, RS","Porto Alegre, RS, Centro Histórico",0.0,110,1246.92,85,1152.33,2025-12,0.4194,0.2626,13.0,31,129.07,183.35,17.0,0.0,2025-12-01,1.08,0.0,-94.59000000000015,berlinda
VST006,Especial-VST-casa-TOP-1Q,Carteira 5,SC,"Anitápolis, SC","Anitápolis, SC, Rio dos Pinheiros",0.0,518,2089.64,47,2992.0,2025-12,0.2581,0.1608,8.0,31,312.25,278.86,22.0,0.0,2025-12-01,0.7,0.0,902.3600000000001,atenção
VST021,Especial-VST-casa-TOP-1Q,Carteira 5,SC,"Anitápolis, SC","Anitápolis, SC, Rio dos Pinheiros",0.0,515,451.35,47,2992.0,2025-12,0.0968,0.1608,3.0,31,177.0,284.0,28.0,0.0,2025-12-01,0.15,0.0,2540.65,crítico
BLS1251,Goiania-Central-apartamento-SUP-1Q,Carteira 1_sys-price,GO,"Goiânia, GO","Goiânia, GO, Setor Marista",0.0,802,762.79,106,915.87,2025-12,0.1613,0.1609,5.0,31,189.6,157.27,26.0,9.0,2025-12-01,0.83,0.0,153.08000000000004,berlinda
CFA0508,Florianopolis-Centrao-apartamento-JR-1Q,Carteira 4,SC,"Florianópolis, SC","Florianópolis, SC, Centro",0.0,80,775.55,76,2297.2,2025-12,0.1613,0.3438,5.0,31,179.6,299.73,26.0,0.0,2025-12-01,0.34,0.0,1521.6499999999999,crítico
CMH0202,Florianopolis-Jurere_Internacional-apartamento-SUP-3Q,Carteira 1,SC,"Florianópolis, SC","Florianópolis, SC, Jurerê Internacional",5.0,283,21827.19,24,15880.46,2025-12,0.6923,0.5517,18.0,31,1408.67,652.5,8.0,0.0,2025-12-01,1.37,7043.35,-5946.73,ok
COM305,Florianopolis-Santinho-apartamento-SUP-2Q,Carteira 1,SC,"Florianópolis, SC","Florianópolis, SC, Ingleses do Rio Vermelho",0.0,1559,3105.9,12,9380.18,2025-12,0.1613,0.3985,5.0,31,951.0,419.52,25.0,0.0,2025-12-01,0.33,0.0,6274.280000000001,crítico
CTB2505,Sao_Paulo-Brooklin-apartamento-SUP-1Q,Carteira 4_sys-price,SP,"São Paulo, SP","São Paulo, SP, Vila Cordeiro",10.0,82,909.03,229,2017.05,2025-12,0.3333,0.2708,7.0,31,269.57,234.5,14.0,0.0,2025-12-01,0.45,2695.7,1108.02,crítico
DAL312,Canela-Geral-apartamento-TOP-1Q,Carteira 4,RS,"Canela, RS","Canela, RS, São José",0.0,784,5286.39,22,4277.47,2025-12,0.3871,0.4245,12.0,31,526.25,451.61,18.0,0.0,2025-12-01,1.24,0.0,-1008.9200000000001,ok
DLH0501,Gramado-Centro-apartamento-TOP-2Q,Carteira 4,RS,"Gramado, RS","Gramado, RS, Centro",1.0,349,21976.27,57,13003.3,2025-12,0.9,0.6323,27.0,31,1076.15,1816.0,3.0,0.0,2025-12-01,1.69,1076.15,-8972.970000000001,ok
EDC402,Florianopolis-Centrao-apartamento-SUP-2Q,Carteira 4,SC,"Florianópolis, SC","Florianópolis, SC, Centro",2.0,930,6959.39,40,5672.4,2025-12,0.5862,0.3607,17.0,31,458.47,317.0,12.0,0.0,2025-12-01,1.23,916.94,-1286.9900000000007,ok
EDT0009,Porto_Seguro-Pataxos-apartamento-SUP-2Q,Carteira 2,BA,"Porto Seguro, BA","Porto Seguro, BA, Taperapuan",0.0,598,6038.46,50,6175.67,2025-12,0.6452,0.4331,20.0,31,410.25,715.18,11.0,0.0,2025-12-01,0.98,0.0,137.21000000000004,berlinda
EDT0011,Porto_Seguro-Pataxos-apartamento-SUP-2Q,Carteira 2,BA,"Porto Seguro, BA","Porto Seguro, BA, Taperapuan",1.0,753,3907.26,50,6175.67,2025-12,0.2333,0.4331,7.0,31,660.43,568.05,22.0,0.0,2025-12-01,0.63,660.43,2268.41,atenção
EJO0305,Florianopolis-Centrao-apartamento-JR-2Q,Carteira 4,SC,"Florianópolis, SC","Florianópolis, SC, Centro",0.0,140,3671.08,16,3762.91,2025-12,0.3548,0.4468,11.0,31,378.27,419.7,20.0,0.0,2025-12-01,0.98,0.0,91.82999999999993,berlinda
ETP1002,Porto_Belo-Geral-apartamento-SUP-2Q,Carteira 6,SC,"Porto Belo, SC","Porto Belo, SC, centro",20.0,353,0.0,34,5989.62,2025-12,0.0,0.3609,0.0,31,0.0,243.09,11.0,0.0,2025-12-01,0.0,0.0,5989.62,crítico
MCS0057,Barra_Velha-Tabuleiro-casa-SUP-3Q,Carteira 4,SC,"Barra Velha, SC","Barra Velha, SC, Itajubá",7.0,27,2769.61,16,5216.62,2025-12,0.4583,0.2247,11.0,31,344.82,504.67,12.0,0.0,2025-12-01,0.53,2413.74,2447.0099999999998,atenção
MDR102,Florianopolis-Ingleses_Norte-apartamento-TOP-3Q,Carteira 1,SC,"Florianópolis, SC","Florianópolis, SC, Ingleses do Rio Vermelho",4.0,1153,17686.75,16,10428.23,2025-12,0.5556,0.3849,15.0,31,1448.27,1067.09,11.0,0.0,2025-12-01,1.7,5793.08,-7258.52,ok
MHF1704,Itapema-Canto_Praia-apartamento-TOP-1Q,Carteira 5,SC,"Itapema, SC","Itapema, SC, Centro",0.0,504,5990.57,14,6337.8,2025-12,0.6129,0.3918,19.0,31,369.42,770.83,12.0,0.0,2025-12-01,0.95,0.0,347.2300000000005,berlinda
NWT0312,Especial-NWT-apartamento-TOP-1Q,Carteira 5,AL,"Maceió, AL","Maceió, AL, Pajuçara",3.0,350,5751.68,34,4511.21,2025-12,0.6786,0.3523,19.0,31,355.84,893.33,9.0,0.0,2025-12-01,1.27,1067.52,-1240.4700000000003,ok
NWT0418,Especial-NWT-apartamento-TOP-1Q,Carteira 5,AL,"Maceió, AL","Maceió, AL, Pajuçara",0.0,340,9179.72,34,4511.21,2025-12,0.7097,0.3523,22.0,31,410.55,1022.33,9.0,0.0,2025-12-01,2.03,0.0,-4668.509999999999,meta_subestimada
NWT0503,Especial-NWT-apartamento-TOP-1Q,Carteira 5,AL,"Maceió, AL","Maceió, AL, Pajuçara",0.0,395,9503.31,34,4511.21,2025-12,0.6452,0.3523,20.0,31,558.1,418.09,11.0,0.0,2025-12-01,2.11,0.0,-4992.099999999999,meta_subestimada
OKA206,Florianopolis-Campeche-apartamento-TOP-1Q,Carteira 1,SC,"Florianópolis, SC","Florianópolis, SC, Campeche",27.0,65,4386.39,34,4428.75,2025-12,1.0,0.4949,4.0,31,700.0,,0.0,0.0,2025-12-01,0.99,18900.0,42.35999999999967,berlinda
PGO210,Pocos_de_Caldas-Geral-apartamento-SUP-1Q,Carteira 4,MG,"Poços de Caldas, MG","Poços de Caldas, MG, São Benedito",0.0,838,1888.43,42,1996.38,2025-12,0.2581,0.3303,8.0,31,277.0,250.14,22.0,0.0,2025-12-01,0.95,0.0,107.95000000000005,berlinda
PSO1009,Penha-Beto_Carrero-apartamento-SUP-1Q,Carteira 3,SC,"Penha, SC","Penha, SC, Praia de Armação do Itapocoroi",0.0,152,5621.5,15,2337.5,2025-12,0.6452,0.234,20.0,31,319.0,754.36,11.0,0.0,2025-12-01,2.4,0.0,-3284.0,meta_subestimada
RAN203,Florianopolis-Jurere_Tradicional-apartamento-TOP-3Q,Carteira 1,SC,"Florianópolis, SC","Florianópolis, SC, Jurerê",0.0,1389,23713.12,18,17809.66,2025-12,0.5161,0.4425,16.0,31,1863.12,1430.64,14.0,0.0,2025-12-01,1.33,0.0,-5903.459999999999,ok
RFA303,Porto_Alegre-Santana-apartamento-SUP-1Q,Carteira 4,RS,"Porto Alegre, RS","Porto Alegre, RS, Santo Antônio",0.0,453,1514.03,49,1206.83,2025-12,0.3548,0.1945,11.0,31,178.18,187.21,19.0,0.0,2025-12-01,1.25,0.0,-307.20000000000005,ok
RRI103,Florianopolis-Centrao-apartamento-TOP-2Q,Carteira 4,SC,"Florianópolis, SC","Florianópolis, SC, Centro",7.0,791,6647.22,23,7447.71,2025-12,0.7917,0.3704,19.0,31,432.53,1074.2,5.0,0.0,2025-12-01,0.89,3027.71,800.4899999999998,berlinda
STW0702,Itapema-Praia_Itapema-apartamento-SUP-2Q,Carteira 6,SC,"Itapema, SC","Itapema, SC, Morretes",0.0,42,6933.77,14,7221.39,2025-12,0.5484,0.4062,17.0,31,258.57,404.85,13.0,0.0,2025-12-01,0.96,0.0,287.6199999999999,berlinda
SVN0401,Florianopolis-Ingleses_Centro-apartamento-TOP-3Q,Carteira 1,SC,"Florianópolis, SC","Florianópolis, SC, Ingleses do Rio Vermelho",4.0,713,7815.72,46,12165.63,2025-12,0.2963,0.4125,8.0,31,1288.25,719.42,19.0,18.0,2025-12-01,0.64,5153.0,4349.909999999999,atenção
TCO1005,Porto_Alegre-Centro_Historico-apartamento-SUP-1Q,Carteira 4,RS,"Porto Alegre, RS","Porto Alegre, RS, Centro Histórico",0.0,116,768.23,85,1152.33,2025-12,0.3871,0.2626,12.0,31,128.0,160.22,18.0,0.0,2025-12-01,0.67,0.0,384.0999999999999,atenção
VCL0007,Porto_Seguro-Pataxos-apartamento-JR-2Q,Carteira 2,BA,"Porto Seguro, BA","Porto Seguro, BA, Paraíso",10.0,28,1967.14,46,4892.37,2025-12,0.6667,0.319,14.0,31,199.29,169.43,7.0,0.0,2025-12-01,0.4,1992.8999999999999,2925.2299999999996,crítico
VRN302,Florianopolis-Jurere_Tradicional-apartamento-TOP-2Q,Carteira 1,SC,"Florianópolis, SC","Florianópolis, SC, Jurerê",8.0,683,18107.18,19,16085.6,2025-12,0.7826,0.5638,18.0,31,1173.39,627.6,5.0,0.0,2025-12-01,1.13,9387.12,-2021.58,ok
CIE0202,Florianopolis-Jurere_Longe-apartamento-JR-1Q,Carteira 1,SC,"Florianópolis, SC","Florianópolis, SC, Jurerê",0.0,172,5640.34,42,3939.68,2025-12,0.6129,0.3823,19.0,31,498.32,512.83,12.0,0.0,2025-12-01,1.43,0.0,-1700.6600000000003,ok
CLA0000,Urubici-Geral-apartamento-TOP-1Q,Carteira 3,SC,"Urubici, SC","Urubici, SC, Centro",6.0,53,0.0,90,2730.45,2025-12,0.0,0.1831,0.0,31,0.0,289.33,24.0,0.0,2025-12-01,0.0,0.0,2730.45,crítico
COE0406,Sao_Paulo-Pinheiros-apartamento-TOP-1Q,Carteira 4_sys-price,SP,"São Paulo, SP","São Paulo, SP, Pinheiros",0.0,552,3239.59,231,3147.55,2025-12,0.5484,0.3479,17.0,31,253.59,257.62,13.0,0.0,2025-12-01,1.03,0.0,-92.03999999999996,berlinda
DMA0901,Florianopolis-Centrao-apartamento-JR-3Q,Carteira 4,SC,"Florianópolis, SC","Florianópolis, SC, Centro",13.0,17,1432.9,85,4918.81,2025-12,0.3333,0.3632,6.0,31,336.33,271.09,11.0,0.0,2025-12-01,0.29,4372.29,3485.9100000000003,crítico
ELU109,Florianopolis-Jurere_Tradicional-apartamento-TOP-1Q,Carteira 1,SC,"Florianópolis, SC","Florianópolis, SC, Jurerê",2.0,1803,2704.8,17,10221.67,2025-12,0.069,0.5494,2.0,31,1935.0,703.35,26.0,0.0,2025-12-01,0.26,3870.0,7516.87,crítico
ESF0203,Balneario_Camboriu-Longe-apartamento-SUP-1Q,Carteira 6,SC,"Balneário Camboriú, SC","Balneário Camboriú, SC, Centro",0.0,35,4055.93,23,2604.9,2025-12,0.5806,0.363,18.0,31,388.83,600.5,12.0,0.0,2025-12-01,1.56,0.0,-1451.0299999999997,ok
FMI0218,Cabo_Frio-Centro-apartamento-SUP-1Q,Carteira 4,RJ,"Cabo Frio, RJ","Cabo Frio, RJ, Braga",0.0,479,5171.26,60,5241.6,2025-12,0.7097,0.5466,22.0,31,365.55,278.11,9.0,0.0,2025-12-01,0.99,0.0,70.34000000000015,berlinda
GAL0209,Florianopolis-Canasvieiras_Meio-apartamento-SUP-1Q,Carteira 1,SC,"Florianópolis, SC","Florianópolis, SC, Canasvieiras",0.0,25,0.0,37,4415.18,2025-12,0.0,0.4707,0.0,31,0.0,483.53,30.0,0.0,2025-12-01,0.0,0.0,4415.18,crítico
HGR0508,Salvador-Graca-apartamento-TOP-1Q,Especial,BA,"Salvador, BA","Salvador, BA, Graça",0.0,3,0.0,15,3185.45,2025-12,0.0,0.3946,0.0,31,0.0,297.9,30.0,0.0,2025-12-01,0.0,0.0,3185.45,crítico
LIV1006,Salvador-Graca-apartamento-TOP-1Q,Especial,BA,"Salvador, BA","Salvador, BA, Vitória",31.0,140,0.0,15,3185.45,2025-12,,0.3946,0.0,31,0.0,,0.0,0.0,2025-12-01,0.0,0.0,3185.45,crítico
MAR202,Florianopolis-Ingleses_Centro-apartamento-SUP-2Q,Carteira 1,SC,"Florianópolis, SC","Florianópolis, SC, Ingleses do Rio Vermelho",0.0,923,3871.56,32,5109.56,2025-12,0.3548,0.4185,11.0,31,481.91,661.89,19.0,0.0,2025-12-01,0.76,0.0,1238.0000000000005,atenção
MBT0606,Florianopolis-Estreito-apartamento-SUP-1Q,Carteira 4,SC,"Florianópolis, SC","Florianópolis, SC, Canto",0.0,4,1387.56,21,3004.91,2025-12,0.3871,0.425,12.0,31,185.92,412.58,19.0,0.0,2025-12-01,0.46,0.0,1617.35,crítico
OBS0301,Itapema-Meia_Praia-Sul-apartamento-SUP-2Q,Carteira 6,SC,"Itapema, SC","Itapema, SC, Itapema",0.0,665,9839.96,19,6354.59,2025-12,0.5806,0.3925,18.0,31,649.56,584.31,13.0,0.0,2025-12-01,1.55,0.0,-3485.369999999999,ok
PGO0406,Pocos_de_Caldas-Geral-apartamento-SUP-1Q,Carteira 4,MG,"Poços de Caldas, MG","Poços de Caldas, MG, São Benedito",0.0,445,1291.72,42,1996.38,2025-12,0.2903,0.3303,9.0,31,154.0,294.95,21.0,0.0,2025-12-01,0.65,0.0,704.6600000000001,atenção
PSO0503,Penha-Beto_Carrero-apartamento-SUP-1Q,Carteira 3,SC,"Penha, SC","Penha, SC, Praia de Armação do Itapocoroi",9.0,123,2046.51,15,2337.5,2025-12,0.5,0.234,11.0,31,213.27,401.5,10.0,0.0,2025-12-01,0.88,1919.43,290.99,berlinda
PSO0910,Penha-Beto_Carrero-apartamento-SUP-1Q,Carteira 3,SC,"Penha, SC","Penha, SC, Praia de Armação do Itapocoroi",0.0,126,6505.86,15,2337.5,2025-12,0.7742,0.234,24.0,31,359.75,838.83,6.0,0.0,2025-12-01,2.78,0.0,-4168.36,meta_subestimada
RJF001,Urubici-Geral-casa-TOP-2Q,Carteira 3,SC,"Urubici, SC","Urubici, SC, Aguas Brancas",0.0,626,0.0,25,4528.8,2025-12,0.0,0.2203,0.0,31,0.0,685.67,30.0,15.0,2025-12-01,0.0,0.0,4528.8,crítico
SDN042,Bombinhas-Centro-casa-SUP-3Q,Carteira 6,SC,"Bombinhas, SC","Bombinhas, SC, Centro",8.0,389,17521.52,14,9422.67,2025-12,1.0,0.4111,23.0,31,1067.57,,0.0,0.0,2025-12-01,1.86,8540.56,-8098.85,ok
SJS0003,Florianopolis-Ingleses_Centro-apartamento-JR-1Q,Carteira 1,SC,"Florianópolis, SC","Florianópolis, SC, Ingleses do Rio Vermelho",0.0,336,7914.7,18,2731.75,2025-12,0.7097,0.3363,22.0,31,423.45,233.67,9.0,0.0,2025-12-01,2.9,0.0,-5182.95,meta_subestimada
TPS101,Florianopolis-Canasvieiras_Meio-apartamento-TOP-1Q,Carteira 1,SC,"Florianópolis, SC","Florianópolis, SC, Canasvieiras",0.0,1047,5753.85,25,5708.6,2025-12,0.3871,0.4133,12.0,31,614.25,535.06,18.0,0.0,2025-12-01,1.01,0.0,-45.25,berlinda
ACL0303,Florianopolis-Ingleses_Centro-apartamento-JR-2Q,Carteira 1,SC,"Florianópolis, SC","Florianópolis, SC, Ingleses do Rio Vermelho",0.0,343,9957.92,27,4428.29,2025-12,0.5484,0.3909,17.0,31,781.06,253.54,13.0,0.0,2025-12-01,2.25,0.0,-5529.63,meta_subestimada
CEV1206,Balneario_Camboriu-Centro-apartamento-JR-1Q,Carteira 6,SC,"Balneário Camboriú, SC","Balneário Camboriú, SC, Centro",0.0,84,1693.17,28,3303.1,2025-12,0.2903,0.3003,9.0,31,220.22,580.45,22.0,0.0,2025-12-01,0.51,0.0,1609.9299999999998,atenção
DRL0207,Bombinhas-Centro-apartamento-TOP-2Q,Carteira 6,SC,"Bombinhas, SC","Bombinhas, SC, Centro",0.0,517,12476.98,29,11747.0,2025-12,0.871,0.5563,27.0,31,534.22,1791.0,4.0,0.0,2025-12-01,1.06,0.0,-729.9799999999996,berlinda
JMA011,Florianopolis-Jurere_Longe-apartamento-JR-1Q,Carteira 1,SC,"Florianópolis, SC","Florianópolis, SC, Jurerê",0.0,517,1778.12,42,3939.68,2025-12,0.0645,0.3823,2.0,31,1200.0,338.54,28.0,0.0,2025-12-01,0.45,0.0,2161.56,crítico
JSR112,Florianopolis-Jurere_Tradicional-apartamento-SUP-1Q,Carteira 1,SC,"Florianópolis, SC","Florianópolis, SC, Jurerê",8.0,1827,8066.24,20,8832.52,2025-12,0.6522,0.5077,15.0,31,683.2,428.0,7.0,0.0,2025-12-01,0.91,5465.6,766.2800000000007,berlinda
LIV1712,Salvador-Graca-apartamento-TOP-1Q,Especial,BA,"Salvador, BA","Salvador, BA, Vitória",0.0,76,2385.36,15,3185.45,2025-12,0.2903,0.3946,9.0,31,320.0,396.86,21.0,25.0,2025-12-01,0.75,0.0,800.0899999999997,atenção
MHF1902,Itapema-Canto_Praia-apartamento-TOP-2Q,Carteira 5,SC,"Itapema, SC","Itapema, SC, Centro",0.0,510,13676.05,14,4620.28,2025-12,0.8387,0.2821,26.0,31,670.5,766.6,5.0,0.0,2025-12-01,2.96,0.0,-9055.77,meta_subestimada
MMD0405,Ilheus-Sul-apartamento-TOP-1Q,Carteira 2,BA,"Ilhéus, BA","Ilhéus, BA, São Francisco",31.0,182,0.0,40,3567.45,2025-12,,0.3513,0.0,31,0.0,,0.0,0.0,2025-12-01,0.0,0.0,3567.45,crítico
NWT0619,Especial-NWT-apartamento-TOP-1Q,Carteira 5,AL,"Maceió, AL","Maceió, AL, Pajuçara",0.0,245,9205.8,34,4511.21,2025-12,0.7742,0.3523,24.0,31,443.0,997.14,7.0,0.0,2025-12-01,2.04,0.0,-4694.589999999999,meta_subestimada
NWTB0607,Especial-NWT-apartamento-MASTER-1Q,Carteira 5,AL,"Maceió, AL","Maceió, AL, Pajuçara",0.0,236,3245.53,31,9341.25,2025-12,0.2903,0.6444,9.0,31,416.78,717.33,21.0,0.0,2025-12-01,0.35,0.0,6095.719999999999,crítico
PLO0002,Jaguaruna-Camacho-apartamento-SUP-1Q,Carteira 3,SC,"Jaguaruna, SC","Jaguaruna, SC, Centro",0.0,19,1502.67,13,3503.7,2025-12,0.2903,0.3178,9.0,31,194.33,336.0,22.0,0.0,2025-12-01,0.43,0.0,2001.0299999999997,crítico
PSD202,Florianopolis-Jurere_Tradicional-apartamento-JR-1Q,Carteira 1,SC,"Florianópolis, SC","Florianópolis, SC, Jurerê",0.0,2020,3416.73,20,6586.14,2025-12,0.4194,0.4577,13.0,31,308.31,750.83,18.0,0.0,2025-12-01,0.52,0.0,3169.4100000000003,atenção
SAA0817,Salvador-Pituba_Praia-apartamento-TOP-1Q,Carteira 5,BA,"Salvador, BA","Salvador, BA, Amaralina",0.0,33,0.0,17,1908.54,2025-12,0.1613,0.3504,5.0,31,175.2,282.92,26.0,0.0,2025-12-01,0.0,0.0,1908.54,crítico
SHR5231,Florianopolis-Novo_Campeche-apartamento-TOP-3Q,Carteira 1,SC,"Florianópolis, SC","Florianópolis, SC, Campeche",7.0,139,18344.43,17,11248.05,2025-12,0.625,0.323,15.0,31,1393.4,659.67,9.0,0.0,2025-12-01,1.63,9753.800000000001,-7096.380000000001,ok
SPT0507,Blumenau-Central-apartamento-JR-1Q,Carteira 4,SC,"Blumenau, SC","Blumenau, SC, Itoupava Seca",0.0,531,1060.38,38,1526.08,2025-12,0.3548,0.3331,11.0,31,118.45,160.25,20.0,26.0,2025-12-01,0.69,0.0,465.6999999999998,atenção
ALU0123,Sao_Paulo-Liberdade-apartamento-JR-2Q,Carteira 4_sys-price,SP,"São Paulo, SP","São Paulo, SP, Cambuci",22.0,392,1973.09,8,3848.23,2025-12,1.0,0.3607,9.0,31,275.33,,0.0,0.0,2025-12-01,0.51,6057.259999999999,1875.14,atenção
BAS0401,Florianopolis-Beira_Mar-apartamento-JR-1Q,Carteira 4,SC,"Florianópolis, SC","Florianópolis, SC, Agronômica",0.0,28,6886.14,14,2764.92,2025-12,0.9355,0.2798,29.0,31,266.55,167.0,1.0,0.0,2025-12-01,2.49,0.0,-4121.22,meta_subestimada
DPR0006,Balneario_Camboriu-Sul-apartamento-JR-1Q,Carteira 6,SC,"Balneário Camboriú, SC","Balneário Camboriú, SC, Barra",0.0,265,2200.58,29,3309.05,2025-12,0.2903,0.2944,9.0,31,307.22,337.55,22.0,0.0,2025-12-01,0.67,0.0,1108.4700000000003,atenção
EPK0903,Guara-Geral-apartamento-MASTER-2Q,Especial,DF,"Brasília, DF","Brasília, DF, Zona Indistrial",0.0,209,6666.24,9,2871.09,2025-12,1.0,0.2847,31.0,31,490.1,,0.0,0.0,2025-12-01,2.32,0.0,-3795.1499999999996,meta_subestimada
ETY0024,Balneario_Camboriu-Centro-apartamento-JR-3Q,Carteira 6,SC,"Balneário Camboriú, SC","Balneário Camboriú, SC, Centro",5.0,353,14816.44,46,7127.36,2025-12,0.7308,0.3862,19.0,31,950.16,289.0,6.0,0.0,2025-12-01,2.08,4750.8,-7689.080000000001,meta_subestimada
IFT0903,Itapema-Meia_Praia-Norte-apartamento-TOP-1Q,Carteira 6,SC,"Itapema, SC","Itapema, SC, Meia Praia",0.0,34,4576.59,34,8039.05,2025-12,0.4516,0.47,14.0,31,404.21,605.0,17.0,0.0,2025-12-01,0.57,0.0,3462.46,atenção
ILC2415,Especial-ILC-hotel-TOP-1Q,Especial,SC,"Florianópolis, SC","Florianópolis, SC, Jurerê Internacional",0.0,857,22845.54,26,13572.13,2025-12,0.7419,0.6377,23.0,31,1288.91,1185.38,8.0,0.0,2025-12-01,1.68,0.0,-9273.410000000002,ok
JPR410,Especial-JPR-apartamento-TOP-3Q,Carteira 1,SC,"Florianópolis, SC","Florianópolis, SC, Jurerê",0.0,508,29730.46,21,16272.74,2025-12,0.6774,0.4137,21.0,31,2268.1,783.89,9.0,0.0,2025-12-01,1.83,0.0,-13457.72,ok
LUP0302,Barra_Velha-Itajuba-apartamento-SUP-3Q,Carteira 3,SC,"Barra Velha, SC","Barra Velha, SC, Itajubá",27.0,108,2526.24,54,5693.67,2025-12,1.0,0.3328,4.0,31,825.0,,0.0,0.0,2025-12-01,0.44,22275.0,3167.4300000000003,crítico
MHF1804,Itapema-Canto_Praia-apartamento-TOP-1Q,Carteira 5,SC,"Itapema, SC","Itapema, SC, Centro",5.0,483,5253.51,14,6337.8,2025-12,0.6538,0.3918,17.0,31,453.71,300.0,9.0,28.0,2025-12-01,0.83,2268.5499999999997,1084.29,berlinda
MUT0036,Santa_Cruz_Cabralia-Coroa_Vermelha-apartamento-SUP-3Q,Carteira 2,BA,"Santa Cruz Cabrália, BA","Santa Cruz Cabrália, BA, Coroa Vermelha",3.0,474,2460.8,22,4962.36,2025-12,0.2857,0.2966,8.0,31,387.25,732.0,20.0,0.0,2025-12-01,0.5,1161.75,2501.5599999999995,crítico
NWTA0608,Especial-NWT-apartamento-MASTER-1Q,Carteira 5,AL,"Maceió, AL","Maceió, AL, Pajuçara",0.0,238,2268.26,31,9341.25,2025-12,0.2258,0.6444,7.0,31,401.86,694.22,23.0,0.0,2025-12-01,0.24,0.0,7072.99,crítico
PSO0306,Penha-Beto_Carrero-apartamento-SUP-1Q,Carteira 3,SC,"Penha, SC","Penha, SC, Praia de Armação do Itapocoroi",0.0,182,5844.17,15,2337.5,2025-12,0.5484,0.234,17.0,31,491.82,272.15,13.0,15.0,2025-12-01,2.5,0.0,-3506.67,meta_subestimada
PSOB1101,Penha-Beto_Carrero-apartamento-SUP-1Q,Carteira 3,SC,"Penha, SC","Penha, SC, Praia de Armação do Itapocoroi",0.0,146,3605.75,15,2337.5,2025-12,0.5161,0.234,16.0,31,251.06,579.8,15.0,0.0,2025-12-01,1.54,0.0,-1268.25,ok
RDT1004,Balneario_Camboriu-Centro-apartamento-SUP-2Q,Carteira 6,SC,"Balneário Camboriú, SC","Balneário Camboriú, SC, Centro",0.0,82,9012.6,73,8692.36,2025-12,0.6452,0.4059,20.0,31,500.5,1114.55,11.0,0.0,2025-12-01,1.04,0.0,-320.2399999999998,berlinda
RHL0302,Florianopolis-Ingleses_Centro-apartamento-TOP-3Q,Carteira 1,SC,"Florianópolis, SC","Florianópolis, SC, Ingleses do Rio Vermelho",1.0,301,365.5,46,12165.63,2025-12,0.0333,0.4125,1.0,31,428.0,1089.69,29.0,0.0,2025-12-01,0.03,428.0,11800.13,crítico
RUP0804,Blumenau-Central-apartamento-SUP-1Q,Carteira 4,SC,"Blumenau, SC","Blumenau, SC, Escola Agrícola",0.0,431,792.48,54,1878.43,2025-12,0.1935,0.269,6.0,31,155.33,217.96,24.0,0.0,2025-12-01,0.42,0.0,1085.95,crítico
SDR007,Florianopolis-Lagoa-apartamento-JR-1Q,Carteira 1,SC,"Florianópolis, SC","Florianópolis, SC, Lagoa da Conceição",0.0,1601,1217.19,28,3469.64,2025-12,0.2581,0.5154,8.0,31,196.88,438.39,23.0,0.0,2025-12-01,0.35,0.0,2252.45,crítico
SGA202,Florianopolis-Jurere_Longe-apartamento-JR-2Q,Carteira 1,SC,"Florianópolis, SC","Florianópolis, SC, Jurerê Internacional",1.0,1904,11182.02,11,5831.07,2025-12,0.6333,0.2749,19.0,31,694.68,417.1,10.0,0.0,2025-12-01,1.92,694.68,-5350.950000000001,ok
TBS106,Florianopolis-Novo_Campeche-apartamento-MASTER-1Q,Carteira 1,SC,"Florianópolis, SC","Florianópolis, SC, Campeche",1.0,979,17405.87,65,9664.86,2025-12,0.6667,0.4949,20.0,31,1182.85,663.2,10.0,0.0,2025-12-01,1.8,1182.85,-7741.009999999998,ok
TCO0612,Porto_Alegre-Centro_Historico-apartamento-SUP-1Q,Carteira 4,RS,"Porto Alegre, RS","Porto Alegre, RS, Centro Histórico",0.0,594,1197.26,85,1152.33,2025-12,0.3548,0.2626,11.0,31,122.18,170.11,19.0,0.0,2025-12-01,1.04,0.0,-44.930000000000064,berlinda
TXP0919,Goiania-Central-apartamento-TOP-2Q,Carteira 1_sys-price,GO,"Goiânia, GO","Goiânia, GO, Setor Bueno",0.0,241,6093.0,12,3061.08,2025-12,0.7097,0.339,22.0,31,389.36,302.75,8.0,0.0,2025-12-01,1.99,0.0,-3031.92,ok
TXP1804,Goiania-Central-apartamento-SUP-1Q,Carteira 1_sys-price,GO,"Goiânia, GO","Goiânia, GO, Setor Bueno",0.0,802,1269.87,106,915.87,2025-12,0.2581,0.1609,8.0,31,192.75,177.23,22.0,9.0,2025-12-01,1.39,0.0,-353.9999999999999,ok
UPP0217,Curitiba-Centro-apartamento-JR-1Q,Carteira 4_sys-price,PR,"Curitiba, PR","Curitiba, PR, Alto da XV",0.0,40,0.0,227,1822.41,2025-12,0.0,0.3741,0.0,31,0.0,154.3,30.0,0.0,2025-12-01,0.0,0.0,1822.41,crítico
VEC117,Bombinhas-Centro-apartamento-SUP-1Q,Carteira 6,SC,"Bombinhas, SC","Bombinhas, SC, Centro",0.0,565,10778.16,37,5567.5,2025-12,0.7742,0.4579,24.0,31,541.83,480.43,7.0,0.0,2025-12-01,1.94,0.0,-5210.66,ok
VFR504,Bombinhas-Bombas-apartamento-TOP-1Q,Especial,SC,"Bombinhas, SC","Bombinhas, SC, Bombas",8.0,784,10870.15,78,5968.11,2025-12,0.7391,0.3238,17.0,31,786.65,344.33,6.0,9.0,2025-12-01,1.82,6293.2,-4902.04,ok
VPD0605,Florianopolis-Beira_Mar-apartamento-TOP-1Q,Carteira 4,SC,"Florianópolis, SC","Florianópolis, SC, Agronômica",0.0,230,7618.1,19,3169.51,2025-12,0.5806,0.3371,18.0,31,515.89,497.42,12.0,0.0,2025-12-01,2.4,0.0,-4448.59,meta_subestimada
BLSA1656,Goiania-Central-apartamento-TOP-1Q,Carteira 1_sys-price,GO,"Goiânia, GO","Goiânia, GO, Setor Marista",0.0,661,476.47,33,1517.3,2025-12,0.0968,0.1649,3.0,31,230.0,227.32,28.0,0.0,2025-12-01,0.31,0.0,1040.83,crítico
CNB001,Especial-CNB-casa-TOP-1Q,Especial,SP,"Campos do Jordão, SP","Campos do Jordão, SP, Jardim Europa",0.0,628,3772.42,15,4612.23,2025-12,0.2581,0.291,8.0,31,547.75,853.17,23.0,7.0,2025-12-01,0.82,0.0,839.8099999999995,berlinda
DIO1602,Sao_Paulo-Pompeia-apartamento-SUP-1Q,Carteira 4_sys-price,SP,"São Paulo, SP","São Paulo, SP, Pompeia",0.0,175,826.68,60,1367.42,2025-12,0.1935,0.2372,6.0,31,173.88,174.43,23.0,0.0,2025-12-01,0.6,0.0,540.7400000000001,atenção
EOB0701,Balneario_Camboriu-Norte-apartamento-TOP-3Q,Carteira 6,SC,"Balneário Camboriú, SC","Balneário Camboriú, SC, Centro",8.0,39,10820.45,27,12809.43,2025-12,0.2174,0.5053,5.0,31,3015.0,829.06,17.0,30.0,2025-12-01,0.84,24120.0,1988.9799999999996,berlinda
ESM602,Itapema-Meia_Praia-Norte-apartamento-JR-3Q,Carteira 6,SC,"Itapema, SC","Itapema, SC, Meia Praia",16.0,818,7495.1,23,5226.35,2025-12,0.6667,0.2829,10.0,31,933.6,514.2,5.0,0.0,2025-12-01,1.43,14937.6,-2268.75,ok
FFS1109,Itapema-Meia_Praia-Sul-apartamento-TOP-1Q,Carteira 4,SC,"Itapema, SC","Itapema, SC, Meia Praia",0.0,26,1227.78,27,6354.59,2025-12,0.1935,0.3713,6.0,31,249.0,666.04,25.0,0.0,2025-12-01,0.19,0.0,5126.81,crítico
LGA0201,Bombinhas-Centro-apartamento-TOP-3Q,Carteira 6,SC,"Bombinhas, SC","Bombinhas, SC, Centro",8.0,493,9471.25,23,12437.2,2025-12,0.4783,0.3897,11.0,31,1190.64,786.73,11.0,30.0,2025-12-01,0.76,9525.12,2965.9500000000007,atenção
MHFA0803,Itapema-Canto_Praia-apartamento-SUP-1Q,Carteira 5,SC,"Itapema, SC","Itapema, SC, Centro",0.0,47,8018.58,16,5616.63,2025-12,0.7742,0.3721,24.0,31,416.33,373.43,7.0,0.0,2025-12-01,1.43,0.0,-2401.95,ok
NWT1218,Especial-NWT-apartamento-TOP-1Q,Carteira 5,AL,"Maceió, AL","Maceió, AL, Pajuçara",0.0,193,4879.69,34,4511.21,2025-12,0.1935,0.3523,6.0,31,1046.83,631.0,25.0,25.0,2025-12-01,1.08,0.0,-368.47999999999956,berlinda
POR0101,Florianopolis-Ingleses_Norte-apartamento-SUP-4Q,Carteira 1,SC,"Florianópolis, SC","Florianópolis, SC, Ingleses do Rio Vermelho",6.0,392,17741.24,19,10540.0,2025-12,0.64,0.4242,16.0,31,1296.0,1069.11,9.0,0.0,2025-12-01,1.68,7776.0,-7201.240000000002,ok
PSO0603,Penha-Beto_Carrero-apartamento-SUP-1Q,Carteira 3,SC,"Penha, SC","Penha, SC, Praia de Armação do Itapocoroi",0.0,122,6716.44,15,2337.5,2025-12,0.6774,0.234,21.0,31,402.48,495.22,9.0,0.0,2025-12-01,2.87,0.0,-4378.94,meta_subestimada
PSO1005,Penha-Beto_Carrero-apartamento-SUP-1Q,Carteira 3,SC,"Penha, SC","Penha, SC, Praia de Armação do Itapocoroi",0.0,68,7358.02,15,2337.5,2025-12,0.6774,0.234,21.0,31,408.33,238.7,10.0,0.0,2025-12-01,3.15,0.0,-5020.52,meta_subestimada
RVC0703,Itajai-Praia_Brava-apartamento-TOP-2Q,Carteira 6,SC,"Itajaí, SC","Itajaí, SC, Praia Brava",8.0,304,6569.74,17,9782.14,2025-12,0.4783,0.3997,11.0,31,709.09,361.75,12.0,21.0,2025-12-01,0.67,5672.72,3212.3999999999996,atenção
SHC1106,Balneario_Picarras-Geral-apartamento-TOP-3Q,Carteira 6,SC,"Balneário Piçarras, SC","Balneário Piçarras, SC, Itacolomi",13.0,451,3473.12,19,9051.23,2025-12,0.3889,0.3781,7.0,31,614.29,580.2,10.0,21.0,2025-12-01,0.38,7985.7699999999995,5578.11,crítico
SPA309,Florianopolis-UFSC-apartamento-SUP-1Q,Carteira 4,SC,"Florianópolis, SC","Florianópolis, SC, Trindade",0.0,797,1758.51,50,3127.35,2025-12,0.3548,0.4234,11.0,31,198.45,380.85,20.0,0.0,2025-12-01,0.56,0.0,1368.84,atenção
SPJ0401,Especial-SPJ-apartamento-TOP-1Q,Carteira 5,SC,"Florianópolis, SC","Florianópolis, SC, Jurerê",0.0,414,11682.27,15,9882.1,2025-12,0.7097,0.5496,22.0,31,693.27,548.89,9.0,0.0,2025-12-01,1.18,0.0,-1800.17,ok
STCY102,Florianopolis-Cachoeira_Bom_Jesus-apartamento-SUP-1Q,Carteira 1,SC,"Florianópolis, SC","Florianópolis, SC, Cachoeira do Bom Jesus",5.0,592,0.0,12,2756.61,2025-12,0.0,0.2735,0.0,31,0.0,457.84,25.0,0.0,2025-12-01,0.0,0.0,2756.61,crítico
TML501,Guarapari-Praia_do_Morro-apartamento-JR-3Q,Carteira 4,ES,"Guarapari, ES","Guarapari, ES, Praia do Morro",2.0,640,2741.31,57,3737.28,2025-12,0.1034,0.2994,3.0,31,1050.0,370.44,25.0,30.0,2025-12-01,0.73,2100.0,995.9700000000003,atenção
VST023,Especial-VST-casa-TOP-1Q,Carteira 5,SC,"Anitápolis, SC","Anitápolis, SC, Vistas de Anitá",0.0,823,4690.16,47,2992.0,2025-12,0.4194,0.1608,13.0,31,421.85,243.56,18.0,0.0,2025-12-01,1.57,0.0,-1698.1599999999999,ok
ACB0202,Florianopolis-Cachoeira_Bom_Jesus-apartamento-SUP-2Q,Carteira 1,SC,"Florianópolis, SC","Florianópolis, SC, Cachoeira do Bom Jesus Leste",2.0,228,11962.45,21,9668.59,2025-12,0.7241,0.3955,21.0,31,706.05,752.0,7.0,0.0,2025-12-01,1.24,1412.1,-2293.8600000000006,ok
AIR1507,Porto_Alegre-Menino_Deus-apartamento-TOP-1Q,Carteira 4,RS,"Porto Alegre, RS","Porto Alegre, RS, Praia de Belas",1.0,669,548.26,24,1583.72,2025-12,0.0667,0.2326,2.0,31,333.0,342.64,28.0,27.0,2025-12-01,0.35,333.0,1035.46,crítico
BIA035,Sao_Paulo-Moema-apartamento-TOP-2Q,Carteira 4_sys-price,SP,"São Paulo, SP","São Paulo, SP, Indianópolis",0.0,460,9493.22,18,6585.59,2025-12,0.9677,0.4416,30.0,31,406.63,308.0,1.0,0.0,2025-12-01,1.44,0.0,-2907.629999999999,ok
BRR0097,Porto_Belo-Geral-casa-JR-3Q,Carteira 6,SC,"Porto Belo, SC","Porto Belo, SC, Perequê",1.0,705,4795.89,32,6253.13,2025-12,0.1,0.3478,3.0,31,1750.0,485.65,26.0,0.0,2025-12-01,0.77,1750.0,1457.2399999999998,atenção
CCM0008,Bombinhas-Mariscal-casa-JR-2Q,Carteira 6,SC,"Bombinhas, SC","Bombinhas, SC, Campo Grande",31.0,375,0.0,24,3733.63,2025-12,,0.2535,0.0,31,0.0,,0.0,0.0,2025-12-01,0.0,0.0,3733.63,crítico
CMP0002,Florianopolis-Campeche-apartamento-JR-1Q,Carteira 1,SC,"Florianópolis, SC","Florianópolis, SC, Campeche",2.0,192,1370.26,27,3473.53,2025-12,0.069,0.437,2.0,31,750.0,358.44,27.0,0.0,2025-12-01,0.39,1500.0,2103.2700000000004,crítico
CNA009,Especial-CNA-casa-MASTER-1Q,Especial,SP,"Campos do Jordão, SP","Campos do Jordão, SP, Jardim Europa",0.0,1046,3739.08,25,6822.48,2025-12,0.2581,0.3355,8.0,31,613.13,874.57,23.0,0.0,2025-12-01,0.55,0.0,3083.3999999999996,atenção
EEP0801,Guarapari-Centro-apartamento-SUP-2Q,Carteira 4,ES,"Guarapari, ES","Guarapari, ES, São Judas Tadeu",6.0,145,141.25,26,2372.46,2025-12,0.04,0.2848,1.0,31,216.0,304.04,24.0,0.0,2025-12-01,0.06,1296.0,2231.21,crítico
GVM133,Florianopolis-Ponta_Das_Canas-apartamento-JR-2Q,Carteira 1,SC,"Florianópolis, SC","Florianópolis, SC, Cachoeira do Bom Jesus",1.0,1307,210.38,157,4671.6,2025-12,0.0333,0.4206,1.0,31,330.0,624.55,29.0,0.0,2025-12-01,0.05,330.0,4461.22,crítico
JBV231,Especial-JBV-hotel-TOP-1Q,Especial,SC,"Florianópolis, SC","Florianópolis, SC, Jurerê",0.0,796,25646.41,30,13774.65,2025-12,0.871,0.6331,27.0,31,1200.15,1351.25,4.0,0.0,2025-12-01,1.86,0.0,-11871.76,ok
PBT1003,Porto_Seguro-Pataxos-apartamento-JR-2Q,Carteira 2,BA,"Porto Seguro, BA","Porto Seguro, BA, Taperapuan",5.0,38,3076.5,46,4892.37,2025-12,0.5385,0.319,14.0,31,0.0,164.82,11.0,0.0,2025-12-01,0.63,0.0,1815.87,atenção
QSA1405,Sao_Paulo-Moema-apartamento-TOP-1Q,Carteira 4_sys-price,SP,"São Paulo, SP","São Paulo, SP, Vila Olímpia",2.0,466,2679.14,97,2876.93,2025-12,0.4483,0.3593,13.0,31,228.15,250.94,16.0,0.0,2025-12-01,0.93,456.3,197.78999999999996,berlinda
RFO0102,Bombinhas-Centro-apartamento-TOP-2Q,Carteira 6,SC,"Bombinhas, SC","Bombinhas, SC, Centro",0.0,538,12043.72,29,11747.0,2025-12,0.7419,0.5563,23.0,31,648.58,928.0,5.0,0.0,2025-12-01,1.03,0.0,-296.71999999999935,berlinda
RTBA1361,Florianopolis-Canasvieiras_Meio-apartamento-SUP-2Q,Carteira 1,SC,"Florianópolis, SC","Florianópolis, SC, Canasvieiras",4.0,930,5251.13,15,5839.5,2025-12,0.3333,0.4418,9.0,31,953.11,655.39,18.0,1.0,2025-12-01,0.9,3812.44,588.3699999999999,berlinda
SSG0320,Florianopolis-UFSC-apartamento-TOP-1Q,Carteira 4,SC,"Florianópolis, SC","Florianópolis, SC, Córrego Grande",4.0,472,1395.51,16,4429.31,2025-12,0.2222,0.3939,6.0,31,271.67,445.0,21.0,0.0,2025-12-01,0.32,1086.68,3033.8,crítico
TDC0109,Mata_de_Sao_Joao-Praia_Imbassai-apartamento-TOP-2Q,Carteira 2,BA,"Mata de São João, BA","Mata de São João, BA, Imbassaí",0.0,39,5433.2,12,5428.44,2025-12,0.3548,0.2607,11.0,31,660.18,439.45,20.0,0.0,2025-12-01,1.0,0.0,-4.760000000000218,berlinda
THO2708,Goiania-Leste-apartamento-TOP-1Q,Carteira 1_sys-price,GO,"Goiânia, GO","Goiânia, GO, Jardim Goiás",0.0,231,941.44,14,1246.73,2025-12,0.1935,0.1875,6.0,31,197.83,203.63,24.0,0.0,2025-12-01,0.76,0.0,305.28999999999996,atenção
VST003,Especial-VST-casa-TOP-1Q,Carteira 5,SC,"Anitápolis, SC","Anitápolis, SC, Rio dos Pinheiros",0.0,518,479.4,47,2992.0,2025-12,0.0645,0.1608,2.0,31,282.0,277.11,28.0,0.0,2025-12-01,0.16,0.0,2512.6,crítico
BSD1501,Balneario_Camboriu-Norte-apartamento-MASTER-3Q,Carteira 6,SC,"Balneário Camboriú, SC","Balneário Camboriú, SC, Pioneiros",31.0,229,0.0,53,14696.08,2025-12,,0.407,0.0,31,0.0,,0.0,0.0,2025-12-01,0.0,0.0,14696.08,crítico
CCC0302,Florianopolis-Ingleses_Praia-apartamento-JR-2Q,Carteira 1,SC,"Florianópolis, SC","Florianópolis, SC, Ingleses Norte",0.0,95,1368.06,44,5527.34,2025-12,0.0968,0.4155,3.0,31,494.0,796.96,27.0,0.0,2025-12-01,0.25,0.0,4159.280000000001,crítico
CEN0035,Porto_Alegre-Auxiliadora-apartamento-SUP-1Q,Carteira 4,RS,"Porto Alegre, RS","Porto Alegre, RS, Auxiliadora",0.0,326,254.78,111,1528.98,2025-12,0.0645,0.2715,2.0,31,151.0,183.82,28.0,0.0,2025-12-01,0.17,0.0,1274.2,crítico
CTD0401,Penha-Longe-apartamento-JR-2Q,Carteira 6,SC,"Penha, SC","Penha, SC, Centro",0.0,263,6034.69,24,3725.43,2025-12,0.6129,0.4466,19.0,31,423.26,154.55,11.0,0.0,2025-12-01,1.62,0.0,-2309.2599999999998,ok
FFS0508,Itapema-Meia_Praia-Sul-apartamento-SUP-1Q,Carteira 6,SC,"Itapema, SC","Itapema, SC, Meia Praia",0.0,27,2739.42,13,5440.47,2025-12,0.3548,0.3096,11.0,31,372.45,588.21,19.0,0.0,2025-12-01,0.5,0.0,2701.05,atenção
FRE2112,Sao_Paulo-Pinheiros-apartamento-SUP-1Q,Carteira 4_sys-price,SP,"São Paulo, SP","São Paulo, SP, Pinheiros",0.0,75,1810.07,375,2368.89,2025-12,0.3548,0.3215,11.0,31,194.64,220.95,20.0,0.0,2025-12-01,0.76,0.0,558.8199999999999,atenção
HSC0518,Cabo_Frio-Centro-apartamento-SUP-1Q,Carteira 4,RJ,"Cabo Frio, RJ","Cabo Frio, RJ, Passagem",0.0,210,5335.17,60,5241.6,2025-12,0.4839,0.5466,15.0,31,447.53,274.0,16.0,0.0,2025-12-01,1.02,0.0,-93.56999999999971,berlinda
IHO264,Florianopolis-Ingleses_Norte-apartamento-JR-1Q,Carteira 1,SC,"Florianópolis, SC","Florianópolis, SC, Ingleses do Rio Vermelho",6.0,867,7618.63,56,3996.59,2025-12,0.84,0.367,21.0,31,457.33,573.0,3.0,0.0,2025-12-01,1.91,2743.98,-3622.04,ok
ILC4202,Especial-ILC-hotel-TOP-1Q,Especial,SC,"Florianópolis, SC","Florianópolis, SC, Jurerê Internacional",0.0,1377,28018.16,26,13572.13,2025-12,0.7097,0.6377,22.0,31,1736.45,1066.0,9.0,0.0,2025-12-01,2.06,0.0,-14446.03,meta_subestimada
LTT1003,Balneario_Picarras-Geral-apartamento-TOP-2Q,Carteira 6,SC,"Balneário Piçarras, SC","Balneário Piçarras, SC, Itacolomi",6.0,26,0.0,36,9156.13,2025-12,0.0,0.4149,0.0,31,0.0,583.75,24.0,26.0,2025-12-01,0.0,0.0,9156.13,crítico
MCB1001,Balneario_Picarras-Geral-apartamento-SUP-2Q,Carteira 6,SC,"Balneário Piçarras, SC","Balneário Piçarras, SC, Itacolomi",0.0,159,1388.66,77,6230.07,2025-12,0.2258,0.3874,7.0,31,285.71,491.91,23.0,0.0,2025-12-01,0.22,0.0,4841.41,crítico
MCD001,Campos_do_Jordao-Capivari_Centro-casa-JR-2Q,Carteira 4,SP,"Campos do Jordão, SP","Campos do Jordão, SP, V Dubieux",9.0,572,2114.01,30,4004.92,2025-12,0.2273,0.2829,5.0,31,518.0,343.12,16.0,0.0,2025-12-01,0.53,4662.0,1890.9099999999999,atenção
MHF0806,Itapema-Canto_Praia-apartamento-TOP-1Q,Carteira 5,SC,"Itapema, SC","Itapema, SC, Centro",0.0,528,6999.72,14,6337.8,2025-12,0.7097,0.3918,22.0,31,391.64,903.56,9.0,0.0,2025-12-01,1.1,0.0,-661.9200000000001,ok
MHFA1307,Itapema-Canto_Praia-apartamento-SUP-1Q,Carteira 5,SC,"Itapema, SC","Itapema, SC, Centro",0.0,455,6802.08,16,5616.63,2025-12,0.5161,0.3721,16.0,31,591.81,442.29,14.0,0.0,2025-12-01,1.21,0.0,-1185.4499999999998,ok
MHFB0504,Itapema-Canto_Praia-apartamento-SUP-1Q,Carteira 5,SC,"Itapema, SC","Itapema, SC, Centro",0.0,487,1620.08,16,5616.63,2025-12,0.0645,0.3721,2.0,31,945.0,401.18,28.0,0.0,2025-12-01,0.29,0.0,3996.55,crítico
NWT0708,Especial-NWT-apartamento-MASTER-1Q,Carteira 5,AL,"Maceió, AL","Maceió, AL, Pajuçara",0.0,215,8726.51,31,9341.25,2025-12,0.2258,0.6444,7.0,31,1545.71,834.78,23.0,0.0,2025-12-01,0.93,0.0,614.7399999999998,berlinda
ONP0920,Sao_Paulo-Bela_Vista-apartamento-SUP-1Q,Carteira 4_sys-price,SP,"São Paulo, SP","São Paulo, SP, Paraíso",0.0,89,1984.54,718,2096.87,2025-12,0.4194,0.3298,13.0,31,183.92,196.0,18.0,0.0,2025-12-01,0.95,0.0,112.32999999999993,berlinda
PHA0023,Ubatuba-Tenorio-apartamento-SUP-1Q,Carteira 4,SP,"Ubatuba, SP","Ubatuba, SP, Tenório - Praia Vermelha",0.0,308,0.0,27,5109.56,2025-12,0.0,0.4239,0.0,31,0.0,631.53,30.0,0.0,2025-12-01,0.0,0.0,5109.56,crítico
TCO1003,Porto_Alegre-Centro_Historico-apartamento-SUP-1Q,Carteira 4,RS,"Porto Alegre, RS","Porto Alegre, RS, Centro Histórico",0.0,116,1665.0,85,1152.33,2025-12,0.4516,0.2626,14.0,31,148.36,198.18,17.0,0.0,2025-12-01,1.44,0.0,-512.6700000000001,ok
TPZ0426,Santa_Cruz_Cabralia-Coroa_Vermelha-apartamento-SUP-2Q,Carteira 2,BA,"Santa Cruz Cabrália, BA","Santa Cruz Cabrália, BA, Coroa Vermelha",0.0,717,8087.58,60,5857.86,2025-12,0.4839,0.4238,15.0,31,725.27,212.25,16.0,0.0,2025-12-01,1.38,0.0,-2229.7200000000003,ok
UPP0412,Curitiba-Centro-apartamento-JR-1Q,Carteira 6_sys-price,PR,"Curitiba, PR","Curitiba, PR, Alto da XV",0.0,13,1525.8,227,1822.41,2025-12,0.4839,0.3741,15.0,31,138.67,175.93,15.0,0.0,2025-12-01,0.84,0.0,296.6100000000001,berlinda
VTL0103,Ilheus-Sul-apartamento-JR-2Q,Carteira 2,BA,"Ilhéus, BA","Ilhéus, BA, Nossa Senhora da Vitória",0.0,535,0.0,17,4379.63,2025-12,0.0,0.2882,0.0,31,0.0,344.13,30.0,0.0,2025-12-01,0.0,0.0,4379.63,crítico
BLS1553,Goiania-Central-apartamento-SUP-1Q,Carteira 1_sys-price,GO,"Goiânia, GO","Goiânia, GO, Setor Marista",0.0,797,772.6,106,915.87,2025-12,0.1613,0.1609,5.0,31,175.2,157.27,26.0,7.0,2025-12-01,0.84,0.0,143.26999999999998,berlinda
DIA0004,Salvador-Flamengo-apartamento-SUP-2Q,Carteira 2,BA,"Salvador, BA","Salvador, BA, Stella Maris",3.0,193,2365.22,47,3386.91,2025-12,0.4643,0.3905,13.0,31,215.85,323.47,15.0,0.0,2025-12-01,0.7,647.55,1021.69,atenção
MHF1303,Itapema-Canto_Praia-apartamento-TOP-1Q,Carteira 5,SC,"Itapema, SC","Itapema, SC, Centro",0.0,508,4413.12,14,6337.8,2025-12,0.4516,0.3918,14.0,31,402.36,614.41,17.0,0.0,2025-12-01,0.7,0.0,1924.6800000000003,atenção
NWT0807,Especial-NWT-apartamento-TOP-1Q,Carteira 5,AL,"Maceió, AL","Maceió, AL, Pajuçara",0.0,355,9353.1,34,4511.21,2025-12,0.6774,0.3523,21.0,31,523.14,391.3,10.0,0.0,2025-12-01,2.07,0.0,-4841.89,meta_subestimada
OKA0221,Florianopolis-Campeche-apartamento-SUP-1Q,Carteira 1,SC,"Florianópolis, SC","Florianópolis, SC, Campeche",0.0,230,5797.18,21,2822.43,2025-12,0.4516,0.2776,14.0,31,573.56,494.07,15.0,0.0,2025-12-01,2.05,0.0,-2974.7500000000005,meta_subestimada
PDAA0611,Camaçari-Jacuipe-casa-SUP-3Q,Carteira 2,BA,"Camaçari, BA","Camaçari, BA, Barra do Jacuípe",8.0,738,7140.96,16,5829.77,2025-12,0.3043,0.3681,7.0,31,1410.14,571.33,15.0,26.0,2025-12-01,1.22,11281.12,-1311.1899999999996,ok
PZD0403,Florianopolis-Itacorubi-apartamento-SUP-2Q,Carteira 4,SC,"Florianópolis, SC","Florianópolis, SC, Itacorubi",0.0,420,8594.28,10,5591.33,2025-12,0.6774,0.3699,21.0,31,526.0,376.78,9.0,0.0,2025-12-01,1.54,0.0,-3002.9500000000007,ok
QUI0225,Pocos_de_Caldas-Geral-apartamento-JR-1Q,Carteira 4,MG,"Poços de Caldas, MG","Poços de Caldas, MG, Cascatinha",1.0,266,5869.51,30,1380.56,2025-12,0.6333,0.3201,19.0,31,388.47,197.09,11.0,24.0,2025-12-01,4.25,388.47,-4488.950000000001,meta_subestimada
REL0001,Imbituba-Praia_do_Rosa-casa-JR-1Q,Carteira 6,SC,"Imbituba, SC","Imbituba, SC, Ibiraquera",0.0,34,0.0,33,3031.67,2025-12,0.129,0.2949,4.0,31,670.5,529.62,26.0,30.0,2025-12-01,0.0,0.0,3031.67,crítico
SFR0412,Bombinhas-Centro-apartamento-SUP-1Q,Carteira 6,SC,"Bombinhas, SC","Bombinhas, SC, Centro",0.0,67,5522.09,37,5567.5,2025-12,0.6129,0.4579,19.0,31,366.58,816.17,12.0,0.0,2025-12-01,0.99,0.0,45.409999999999854,berlinda
SOA0406,Salvador-Boca_do_Rio-apartamento-SUP-1Q,Carteira 2,BA,"Salvador, BA","Salvador, BA, Boca do Rio",20.0,178,202.92,31,2116.82,2025-12,0.1818,0.3383,2.0,31,126.0,179.89,9.0,0.0,2025-12-01,0.1,2520.0,1913.9,crítico
SPJ0503,Especial-SPJ-apartamento-TOP-1Q,Carteira 5,SC,"Florianópolis, SC","Florianópolis, SC, Jurerê",0.0,412,13758.48,15,9882.1,2025-12,0.7742,0.5496,24.0,31,759.92,489.0,6.0,0.0,2025-12-01,1.39,0.0,-3876.379999999999,ok
STA0305,Gramado-Centro-apartamento-TOP-1Q,Carteira 4,RS,"Gramado, RS","Gramado, RS, Centro",1.0,108,12066.19,27,10854.22,2025-12,0.8333,0.6382,25.0,31,626.08,445.6,5.0,0.0,2025-12-01,1.11,626.08,-1211.9700000000012,ok
TCO0914,Porto_Alegre-Centro_Historico-apartamento-SUP-1Q,Carteira 4,RS,"Porto Alegre, RS","Porto Alegre, RS, Centro Histórico",0.0,521,2063.26,85,1152.33,2025-12,0.6129,0.2626,19.0,31,135.89,241.36,11.0,0.0,2025-12-01,1.79,0.0,-910.9300000000003,ok
TPS211,Florianopolis-Canasvieiras_Meio-apartamento-TOP-1Q,Carteira 1,SC,"Florianópolis, SC","Florianópolis, SC, Canasvieiras",0.0,839,0.0,25,5708.6,2025-12,0.0,0.4133,0.0,31,0.0,552.67,30.0,0.0,2025-12-01,0.0,0.0,5708.6,crítico
VST031,Especial-VST-casa-TOP-1Q,Carteira 5,SC,"Anitápolis, SC","Anitápolis, SC, Rio dos Pinheiros",1.0,153,1327.3,47,2992.0,2025-12,0.1667,0.1608,5.0,31,334.0,284.04,25.0,0.0,2025-12-01,0.44,334.0,1664.7,crítico
WBU2607,Goiania-Central-apartamento-TOP-1Q,Carteira 1_sys-price,GO,"Goiânia, GO","Goiânia, GO, Setor Marista",0.0,777,1465.45,33,1517.3,2025-12,0.2581,0.1649,8.0,31,218.5,245.23,22.0,19.0,2025-12-01,0.97,0.0,51.84999999999991,berlinda
BVA0705,Sao_Paulo-Republica-apartamento-SUP-1Q,Carteira 4_sys-price,SP,"São Paulo, SP",Sao_Paulo-Republica,0.0,417,743.93,403,1530.0,2025-12,0.2258,0.3151,7.0,31,140.29,146.63,24.0,0.0,2025-12-01,0.49,0.0,786.07,crítico
BVT0418,Brasilia-Lago_Norte-apartamento-JR-1Q,Carteira 1,DF,"Brasília, DF","Brasília, DF, Lago Norte",0.0,367,1369.47,19,1356.6,2025-12,0.2903,0.255,9.0,31,205.0,181.27,22.0,0.0,2025-12-01,1.01,0.0,-12.870000000000118,berlinda
CAR0082,Sao_Paulo-Pompeia-apartamento-SUP-1Q,Carteira 4_sys-price,SP,"São Paulo, SP","São Paulo, SP, Água Branca",0.0,26,804.25,60,1367.42,2025-12,0.1613,0.2372,5.0,31,194.2,181.12,25.0,0.0,2025-12-01,0.59,0.0,563.1700000000001,atenção
CNB008,Especial-CNB-casa-TOP-1Q,Especial,SP,"Campos do Jordão, SP","Campos do Jordão, SP, Jardim Europa",0.0,621,2388.78,15,4612.23,2025-12,0.1935,0.291,6.0,31,472.83,858.44,25.0,8.0,2025-12-01,0.52,0.0,2223.4499999999994,atenção
CND0204,Florianopolis-Ponta_Das_Canas-apartamento-JR-3Q,Carteira 1,SC,"Florianópolis, SC","Florianópolis, SC, Ponta das Canas",10.0,89,10024.68,75,7883.33,2025-12,0.8571,0.4048,18.0,31,681.78,287.5,2.0,0.0,2025-12-01,1.27,6817.799999999999,-2141.3500000000004,ok
CRM0212,Florianopolis-Canto_da_Lagoa-apartamento-SUP-2Q,Carteira 1,SC,"Florianópolis, SC","Florianópolis, SC, Canto da Lagoa",0.0,328,5591.66,17,4835.11,2025-12,0.3871,0.4379,12.0,31,566.17,688.56,18.0,0.0,2025-12-01,1.16,0.0,-756.5500000000002,ok
ELF0408,Bombinhas-Bombas-apartamento-SUP-1Q,Especial,SC,"Bombinhas, SC","Bombinhas, SC, José Amândio",1.0,194,2955.98,33,4887.09,2025-12,0.4667,0.3346,14.0,31,264.21,840.5,16.0,26.0,2025-12-01,0.6,264.21,1931.1100000000001,atenção
FOS0006,Mata_de_Sao_Joao-Praia_Imbassai-apartamento-SUP-2Q,Carteira 2,BA,"Mata de São João, BA","Mata de São João, BA, Imbassaí",29.0,13,2557.8,15,4774.76,2025-12,1.0,0.334,2.0,31,1600.0,,0.0,10.0,2025-12-01,0.54,46400.0,2216.96,atenção
GDI268,Florianopolis-Canasvieiras_Perto-apartamento-SIM-1Q,Carteira 1,SC,"Florianópolis, SC","Florianópolis, SC, Canasvieiras",0.0,838,1095.36,14,4326.34,2025-12,0.0968,0.4505,3.0,31,470.0,463.89,27.0,0.0,2025-12-01,0.25,0.0,3230.9800000000005,crítico
ILC2403,Especial-ILC-hotel-JR-1Q,Especial,SC,"Florianópolis, SC","Florianópolis, SC, Jurerê Internacional",0.0,1809,29596.16,14,9269.72,2025-12,0.9032,0.5069,28.0,31,1639.89,813.0,3.0,0.0,2025-12-01,3.19,0.0,-20326.440000000002,meta_subestimada
MOR0402,Florianopolis-Jurere_Tradicional-apartamento-TOP-3Q,Carteira 1,SC,"Florianópolis, SC","Florianópolis, SC, Jurerê",14.0,721,34938.55,18,17809.66,2025-12,0.8824,0.4425,15.0,31,4110.8,926.0,2.0,0.0,2025-12-01,1.96,57551.200000000004,-17128.890000000003,ok
NOR0201,Brasilia-Asa_Norte-apartamento-JR-1Q,Carteira 1_sys-price,DF,"Brasília, DF","Brasília, DF, Asa Norte",0.0,797,1055.65,164,1318.14,2025-12,0.2258,0.3341,7.0,31,186.43,180.0,24.0,0.0,2025-12-01,0.8,0.0,262.49,berlinda
NWT0617,Especial-NWT-apartamento-TOP-1Q,Carteira 5,AL,"Maceió, AL","Maceió, AL, Pajuçara",0.0,245,3741.51,34,4511.21,2025-12,0.5161,0.3523,16.0,31,276.56,828.27,15.0,0.0,2025-12-01,0.83,0.0,769.6999999999998,berlinda
RPR056,Penha-Praia-casa-JR-3Q,Carteira 6,SC,"Penha, SC","Penha, SC, penha",0.0,670,7448.18,21,4574.27,2025-12,0.3226,0.3328,10.0,31,906.4,279.52,21.0,0.0,2025-12-01,1.63,0.0,-2873.91,ok
RTS0903,Balneario_Picarras-Geral-apartamento-TOP-2Q,Carteira 6,SC,"Balneário Piçarras, SC","Balneário Piçarras, SC, Centro",0.0,306,13575.39,36,9156.13,2025-12,0.7419,0.4149,23.0,31,779.22,395.57,7.0,0.0,2025-12-01,1.48,0.0,-4419.26,ok
SOV0002,Mata_de_Sao_Joao-Praia_Imbassai-casa-SUP-2Q,Carteira 2,BA,"Mata de São João, BA","Mata de São João, BA, Imbassaí",9.0,125,601.08,14,5390.59,2025-12,0.1364,0.3679,3.0,31,243.0,353.22,18.0,0.0,2025-12-01,0.11,2187.0,4789.51,crítico
SSG0413,Florianopolis-UFSC-apartamento-TOP-1Q,Carteira 4,SC,"Florianópolis, SC","Florianópolis, SC, Córrego Grande",0.0,60,3557.37,16,4429.31,2025-12,0.6129,0.3939,19.0,31,284.89,641.5,12.0,0.0,2025-12-01,0.8,0.0,871.9400000000005,berlinda
TXP0608,Goiania-Central-apartamento-SUP-1Q,Carteira 1_sys-price,GO,"Goiânia, GO","Goiânia, GO, Setor Bueno",0.0,787,1053.56,106,915.87,2025-12,0.2258,0.1609,7.0,31,179.71,174.58,24.0,0.0,2025-12-01,1.15,0.0,-137.68999999999994,ok
VAR0302,Ilheus-Sul-apartamento-SUP-2Q,Carteira 2,BA,"Ilhéus, BA","Ilhéus, BA, Nossa Senhora da Vitória",5.0,278,1979.4,40,3567.45,2025-12,0.3846,0.3513,10.0,31,256.0,306.13,15.0,0.0,2025-12-01,0.55,1280.0,1588.0499999999997,atenção
VEC121,Bombinhas-Centro-apartamento-SUP-1Q,Carteira 6,SC,"Bombinhas, SC","Bombinhas, SC, Centro",0.0,1070,4165.74,37,5567.5,2025-12,0.5161,0.4579,16.0,31,341.62,695.67,15.0,0.0,2025-12-01,0.75,0.0,1401.7600000000002,atenção
YOU1203,Sao_Paulo-Pinheiros-apartamento-TOP-1Q,Carteira 4_sys-price,SP,"São Paulo, SP","São Paulo, SP, Jardim Paulistano",0.0,440,3783.06,231,3147.55,2025-12,0.5806,0.3479,18.0,31,269.94,260.46,13.0,0.0,2025-12-01,1.2,0.0,-635.5099999999998,ok
ATP0008,Porto_Seguro-Pitinga-casa-SUP-4Q,Carteira 2,BA,"Porto Seguro, BA","Porto Seguro, BA, Arraial D ajuda",1.0,48,12140.0,9,12489.72,2025-12,0.1667,0.2921,5.0,31,2880.0,1136.0,24.0,30.0,2025-12-01,0.97,2880.0,349.71999999999935,berlinda
CMT0404,Florianopolis-UFSC-apartamento-SUP-3Q,Carteira 4,SC,"Florianópolis, SC","Florianópolis, SC, Córrego Grande",0.0,290,9431.55,12,3418.7,2025-12,0.6452,0.3037,20.0,31,636.35,391.36,11.0,0.0,2025-12-01,2.76,0.0,-6012.849999999999,meta_subestimada
DPR0007,Balneario_Camboriu-Sul-apartamento-JR-2Q,Carteira 6,SC,"Balneário Camboriú, SC","Balneário Camboriú, SC, Barra",0.0,279,2526.24,186,5498.08,2025-12,0.0968,0.408,3.0,31,1000.0,284.89,27.0,0.0,2025-12-01,0.46,0.0,2971.84,crítico
EDA0001,Curitiba-Centro-apartamento-SUP-1Q,Carteira 4,PR,"Curitiba, PR","Curitiba, PR, Centro",0.0,137,1374.39,423,2082.08,2025-12,0.2903,0.391,9.0,31,187.22,218.91,22.0,0.0,2025-12-01,0.66,0.0,707.6899999999998,atenção
FUA0004,Ubatuba-Praia_do_Lazaro-apartamento-JR-1Q,Carteira 4,SP,"Ubatuba, SP","Ubatuba, SP, Lázaro Praia Domingos Dias",0.0,63,0.0,24,5092.04,2025-12,0.0,0.4705,0.0,31,0.0,421.57,30.0,0.0,2025-12-01,0.0,0.0,5092.04,crítico
GBL601,Itapema-Praia_Centro-apartamento-SUP-3Q,Carteira 6,SC,"Itapema, SC","Itapema, SC, Centro",8.0,678,5701.5,16,5296.91,2025-12,0.7826,0.2298,18.0,31,517.78,239.6,5.0,0.0,2025-12-01,1.08,4142.24,-404.59000000000015,berlinda
GOS1007,Porto_Alegre-Auxiliadora-apartamento-TOP-1Q,Carteira 4,RS,"Porto Alegre, RS","Porto Alegre, RS, Auxiliadora",0.0,860,1308.54,25,2295.0,2025-12,0.2581,0.3413,8.0,31,200.0,221.36,22.0,0.0,2025-12-01,0.57,0.0,986.46,atenção
GRI1305,Itapema-Praia_Itapema-apartamento-TOP-2Q,Carteira 6,SC,"Itapema, SC","Itapema, SC, Morretes",0.0,182,0.0,19,6896.47,2025-12,0.0,0.2825,0.0,31,0.0,1045.0,30.0,30.0,2025-12-01,0.0,0.0,6896.47,crítico
HIN0117,Brasilia-Asa_Norte-apartamento-JR-1Q,Carteira 1_sys-price,DF,"Brasília, DF","Brasília, DF, Asa Norte",0.0,326,1703.05,164,1318.14,2025-12,0.3548,0.3341,11.0,31,183.64,176.9,20.0,0.0,2025-12-01,1.29,0.0,-384.90999999999985,ok
ILC4104,Especial-ILC-hotel-JR-1Q,Especial,SC,"Florianópolis, SC","Florianópolis, SC, Jurerê Internacional",0.0,1035,22475.9,14,9269.72,2025-12,0.5484,0.5069,17.0,31,1588.76,904.46,13.0,0.0,2025-12-01,2.42,0.0,-13206.180000000002,meta_subestimada
MCB0507,Balneario_Picarras-Geral-apartamento-SUP-2Q,Carteira 6,SC,"Balneário Piçarras, SC","Balneário Piçarras, SC, itacolomi",12.0,26,2153.96,77,6230.07,2025-12,0.5789,0.3874,11.0,31,241.73,717.63,8.0,0.0,2025-12-01,0.35,2900.7599999999998,4076.1099999999997,crítico
MHF1609,Itapema-Canto_Praia-apartamento-TOP-2Q,Carteira 5,SC,"Itapema, SC","Itapema, SC, Centro",0.0,447,11237.32,14,4620.28,2025-12,0.5806,0.2821,18.0,31,722.06,460.08,12.0,23.0,2025-12-01,2.43,0.0,-6617.04,meta_subestimada
MSSO0902,Goiania-Leste-apartamento-TOP-1Q,Carteira 1_sys-price,GO,"Goiânia, GO","Goiânia, GO, Jardim Goiás",0.0,797,1647.5,14,1246.73,2025-12,0.2903,0.1875,9.0,31,212.56,201.67,21.0,0.0,2025-12-01,1.32,0.0,-400.77,ok
NWC1510,Curitiba-Centro-apartamento-SUP-1Q,Carteira 4,PR,"Curitiba, PR","Curitiba, PR, Centro",0.0,110,2475.36,423,2082.08,2025-12,0.4839,0.391,15.0,31,187.07,239.33,15.0,0.0,2025-12-01,1.19,0.0,-393.2800000000002,ok
OKA204,Florianopolis-Campeche-apartamento-TOP-1Q,Carteira 1,SC,"Florianópolis, SC","Florianópolis, SC, Campeche",3.0,1103,0.0,34,4428.75,2025-12,0.0,0.4949,0.0,31,0.0,714.89,27.0,0.0,2025-12-01,0.0,0.0,4428.75,crítico
PAT0402,Itapema-Meia_Praia-Sul-apartamento-TOP-2Q,Carteira 6,SC,"Itapema, SC","Itapema, SC, Meia Praia",0.0,38,1827.84,33,7578.7,2025-12,0.1935,0.378,6.0,31,336.0,1215.79,19.0,29.0,2025-12-01,0.24,0.0,5750.86,crítico
PRB0405,Florianopolis-Jurere_Tradicional-apartamento-TOP-2Q,Carteira 1,SC,"Florianópolis, SC","Florianópolis, SC, Jurerê",0.0,291,13441.7,19,16085.6,2025-12,0.4194,0.5638,13.0,31,1577.08,714.56,18.0,0.0,2025-12-01,0.84,0.0,2643.8999999999996,berlinda
PSO0708,Penha-Beto_Carrero-apartamento-SUP-1Q,Carteira 3,SC,"Penha, SC","Penha, SC, Praia de Armação do Itapocoroi",0.0,166,4368.73,15,2337.5,2025-12,0.5484,0.234,17.0,31,312.82,552.07,14.0,0.0,2025-12-01,1.87,0.0,-2031.2299999999996,ok
QUI0090,Pocos_de_Caldas-Geral-apartamento-SUP-1Q,Carteira 4,MG,"Poços de Caldas, MG","Poços de Caldas, MG, Centro",0.0,304,5696.29,42,1996.38,2025-12,0.5161,0.3303,16.0,31,369.21,129.18,11.0,0.0,2025-12-01,2.85,0.0,-3699.91,meta_subestimada
SMA0107,Salvador-Pituba_Praia-apartamento-SUP-1Q,Carteira 5,BA,"Salvador, BA","Salvador, BA, Amaralina",0.0,95,2786.92,13,1623.08,2025-12,0.6129,0.3478,19.0,31,217.95,363.83,12.0,0.0,2025-12-01,1.72,0.0,-1163.8400000000001,ok
SMT1119,Salvador-Boca_do_Rio-apartamento-TOP-1Q,Carteira 2,BA,"Salvador, BA","Salvador, BA, Armação",31.0,3,0.0,16,2424.25,2025-12,,0.3299,0.0,31,0.0,,0.0,0.0,2025-12-01,0.0,0.0,2424.25,crítico
TPS310,Florianopolis-Canasvieiras_Meio-apartamento-TOP-1Q,Carteira 1,SC,"Florianópolis, SC","Florianópolis, SC, Canasvieiras",0.0,1057,0.0,25,5708.6,2025-12,0.0,0.4133,0.0,31,0.0,523.33,30.0,0.0,2025-12-01,0.0,0.0,5708.6,crítico
VLO0514,Florianopolis-Jurere_Longe-apartamento-TOP-2Q,Carteira 1,SC,"Florianópolis, SC","Florianópolis, SC, Jurerê Internacional",9.0,384,11179.5,12,15340.25,2025-12,0.9091,0.5153,20.0,31,675.6,1775.0,2.0,0.0,2025-12-01,0.73,6080.400000000001,4160.75,atenção
ADC105,Florianopolis-Cachoeira_Bom_Jesus-apartamento-TOP-2Q,Carteira 1,SC,"Florianópolis, SC","Florianópolis, SC, Cachoeira do Bom Jesus",14.0,1113,5349.29,32,8144.01,2025-12,0.2941,0.4004,5.0,31,1921.6,582.64,11.0,0.0,2025-12-01,0.66,26902.399999999998,2794.7200000000003,atenção
BLS1253,Goiania-Central-apartamento-TOP-1Q,Carteira 1_sys-price,GO,"Goiânia, GO","Goiânia, GO, Setor Marista",1.0,802,511.53,33,1517.3,2025-12,0.1,0.1649,3.0,31,204.25,217.0,26.0,0.0,2025-12-01,0.34,204.25,1005.77,crítico
CPX0505,Florianopolis-Centrao-apartamento-JR-1Q,Carteira 4,SC,"Florianópolis, SC","Florianópolis, SC, Centro",0.0,21,2468.7,76,2297.2,2025-12,0.6129,0.3438,19.0,31,167.11,477.0,12.0,0.0,2025-12-01,1.07,0.0,-171.5,berlinda
CTA022,Florianopolis-Praia_Brava-apartamento-SUP-3Q,Carteira 1,SC,"Florianópolis, SC","Florianópolis, SC, Praia Brava",16.0,1425,5987.52,37,10367.38,2025-12,0.9333,0.3868,14.0,31,633.14,,0.0,0.0,2025-12-01,0.58,10130.24,4379.859999999999,atenção
CVI0012,Mata_de_Sao_Joao-Praia_do_Forte-apartamento-JR-1Q,Carteira 2,BA,"Mata de São João, BA","Mata de São João, BA, Praia do Forte",1.0,195,7371.14,32,3601.34,2025-12,0.4667,0.3137,14.0,31,555.14,285.19,16.0,0.0,2025-12-01,2.05,555.14,-3769.8,meta_subestimada
DVB0013,Porto_Seguro-Arraial_Dajuda_Centro-apartamento-SUP-1Q,Carteira 2,BA,"Porto Seguro, BA","Porto Seguro, BA, Arraial d Ajuda",0.0,42,4277.01,7,8052.9,2025-12,0.7419,0.5783,23.0,31,267.61,811.25,8.0,0.0,2025-12-01,0.53,0.0,3775.8899999999994,atenção
EAN503,Balneario_Camboriu-Centro-apartamento-JR-2Q,Carteira 6,SC,"Balneário Camboriú, SC","Balneário Camboriú, SC, Centro",0.0,1095,4185.82,45,5810.63,2025-12,0.3548,0.4112,11.0,31,454.27,704.35,20.0,0.0,2025-12-01,0.72,0.0,1624.8100000000004,atenção
EPF202,Balneario_Camboriu-Centro-apartamento-JR-2Q,Carteira 6,SC,"Balneário Camboriú, SC","Balneário Camboriú, SC, Centro",0.0,894,489.6,45,5810.63,2025-12,0.129,0.4112,4.0,31,185.0,673.44,27.0,0.0,2025-12-01,0.08,0.0,5321.03,crítico
EVM1012,Sao_Paulo-Madalena-apartamento-SUP-1Q,Carteira 4_sys-price,SP,"São Paulo, SP","São Paulo, SP, Sumarezinho",0.0,318,503.52,84,1948.63,2025-12,0.129,0.2551,4.0,31,167.0,178.7,27.0,0.0,2025-12-01,0.26,0.0,1445.1100000000001,crítico
HAI0203,Salvador-Centro-apartamento-JR-1Q,Carteira 2,BA,"Salvador, BA","Salvador, BA, Centro",0.0,264,4443.03,31,1683.72,2025-12,0.9032,0.3545,28.0,31,194.5,130.67,3.0,0.0,2025-12-01,2.64,0.0,-2759.3099999999995,meta_subestimada
ILC2307,Especial-ILC-hotel-TOP-1Q,Especial,SC,"Florianópolis, SC","Florianópolis, SC, Jurerê Internacional",9.0,1806,18755.73,26,13572.13,2025-12,0.6818,0.6377,15.0,31,1443.67,901.43,7.0,0.0,2025-12-01,1.38,12993.03,-5183.6,ok
IMD0502,Bombinhas-Bombas-apartamento-MASTER-3Q,Carteira 6,SC,"Bombinhas, SC","Bombinhas, SC, Bombas",0.0,41,0.0,19,14575.88,2025-12,0.0,0.4038,0.0,31,0.0,1218.73,30.0,0.0,2025-12-01,0.0,0.0,14575.88,crítico
LAR0406,Gramado-Centro-apartamento-TOP-2Q,Carteira 4,RS,"Gramado, RS","Gramado, RS, Vila Suiça",10.0,711,12331.15,57,13003.3,2025-12,0.7619,0.6323,16.0,31,923.25,377.4,5.0,0.0,2025-12-01,0.95,9232.5,672.1499999999996,berlinda
LTT803,Balneario_Picarras-Geral-apartamento-TOP-3Q,Carteira 6,SC,"Balneário Piçarras, SC","Balneário Piçarras, SC, Itacolomi",0.0,566,10958.2,19,9051.23,2025-12,0.5161,0.3781,16.0,31,951.5,725.29,14.0,0.0,2025-12-01,1.21,0.0,-1906.9700000000012,ok
MHF0904,Itapema-Canto_Praia-apartamento-TOP-1Q,Carteira 5,SC,"Itapema, SC","Itapema, SC, Centro",0.0,389,6245.42,14,6337.8,2025-12,0.5484,0.3918,17.0,31,598.76,610.79,14.0,0.0,2025-12-01,0.99,0.0,92.38000000000011,berlinda
PEA1301,Florianopolis-Itacorubi-apartamento-SUP-3Q,Carteira 4,SC,"Florianópolis, SC","Florianópolis, SC, Itacorubi",5.0,585,2745.48,13,3333.7,2025-12,0.4231,0.281,11.0,31,357.09,458.29,14.0,0.0,2025-12-01,0.82,1785.4499999999998,588.2199999999998,berlinda
PSO0310,Penha-Beto_Carrero-apartamento-SUP-1Q,Carteira 3,SC,"Penha, SC","Penha, SC, Praia de Armação do Itapocoroi",0.0,152,6155.18,15,2337.5,2025-12,0.5806,0.234,18.0,31,479.56,278.15,13.0,0.0,2025-12-01,2.63,0.0,-3817.6800000000003,meta_subestimada
PSO0606,Penha-Beto_Carrero-apartamento-SUP-1Q,Carteira 3,SC,"Penha, SC","Penha, SC, Praia de Armação do Itapocoroi",0.0,159,7668.6,15,2337.5,2025-12,0.6774,0.234,21.0,31,422.57,275.0,10.0,0.0,2025-12-01,3.28,0.0,-5331.1,meta_subestimada
PST1409,Florianopolis-Itacorubi-apartamento-TOP-1Q,Carteira 4,SC,"Florianópolis, SC","Florianópolis, SC, Itacorubi",0.0,73,5429.09,18,5468.61,2025-12,0.5161,0.4269,16.0,31,393.37,420.67,15.0,0.0,2025-12-01,0.99,0.0,39.51999999999953,berlinda
RJI011,Ubatuba-Itagua-apartamento-JR-2Q,Carteira 4,SP,"Ubatuba, SP","Ubatuba, SP, Itaguá",0.0,52,4744.3,154,4591.79,2025-12,0.2581,0.3628,8.0,31,705.25,446.96,23.0,0.0,2025-12-01,1.03,0.0,-152.51000000000022,berlinda
SES0705,Salvador-Pituba_Praia-apartamento-SUP-1Q,Carteira 5,BA,"Salvador, BA","Salvador, BA, Pituba",0.0,14,0.0,13,1623.08,2025-12,0.0,0.3478,0.0,31,168.67,296.39,18.0,0.0,2025-12-01,0.0,0.0,1623.08,crítico
SKL1604,Penha-Praia-apartamento-SUP-2Q,Carteira 6,SC,"Penha, SC","Penha, SC, Armação",0.0,161,12460.24,52,6758.12,2025-12,0.871,0.3902,27.0,31,627.11,289.33,3.0,0.0,2025-12-01,1.84,0.0,-5702.12,ok
VNT1011,Sao_Paulo-Pompeia-apartamento-SUP-1Q,Carteira 4_sys-price,SP,"São Paulo, SP","São Paulo, SP, Perdizes",2.0,200,1710.86,60,1367.42,2025-12,0.3448,0.2372,10.0,31,199.2,182.58,19.0,0.0,2025-12-01,1.25,398.4,-343.4399999999998,ok
BFH0101,Balneario_Camboriu-Longe-apartamento-JR-2Q,Carteira 6,SC,"Balneário Camboriú, SC","Balneário Camboriú, SC, Nações",0.0,706,2709.42,28,2564.7,2025-12,0.3226,0.3348,10.0,31,368.7,490.0,20.0,0.0,2025-12-01,1.06,0.0,-144.72000000000025,berlinda
BSO0205,Itajai-Praia_Brava-apartamento-SUP-1Q,Carteira 6,SC,"Balneário Camboriú, SC","Balneário Camboriú, SC, Praia dos Amores",2.0,228,7239.55,15,3309.05,2025-12,0.5517,0.4188,16.0,31,557.63,310.77,13.0,0.0,2025-12-01,2.19,1115.26,-3930.5,meta_subestimada
CLG0408,Florianopolis-Centrao-apartamento-TOP-1Q,Carteira 4,SC,"Florianópolis, SC","Florianópolis, SC, Centro",0.0,94,4325.6,29,2680.69,2025-12,0.5161,0.3111,16.0,31,352.88,575.29,14.0,30.0,2025-12-01,1.61,0.0,-1644.9100000000003,ok
CRVA0007,Florianopolis-Ponta_Das_Canas-apartamento-JR-2Q,Carteira 1,SC,"Florianópolis, SC","Florianópolis, SC, Canasvieiras",4.0,374,6256.66,157,4671.6,2025-12,0.7037,0.4206,19.0,31,442.37,570.5,8.0,0.0,2025-12-01,1.34,1769.48,-1585.0599999999995,ok
DLH0204,Gramado-Centro-apartamento-TOP-2Q,Carteira 4,RS,"Gramado, RS","Gramado, RS, Centro",1.0,480,15363.64,57,13003.3,2025-12,0.6667,0.6323,20.0,31,939.8,772.0,10.0,0.0,2025-12-01,1.18,939.8,-2360.34,ok
DNAG2007,Goiania-Central-apartamento-TOP-1Q,Carteira 1_sys-price,GO,"Goiânia, GO","Goiânia, GO, Setor Bueno",0.0,45,5570.58,33,1517.3,2025-12,0.7742,0.1649,24.0,31,287.15,242.0,5.0,5.0,2025-12-01,3.67,0.0,-4053.2799999999997,meta_subestimada
ENC0307,Salvador-Ondina_Rio_Vermelho-apartamento-TOP-1Q,Carteira 2,BA,"Salvador, BA","Salvador, BA, Rio Vermelho",0.0,139,1583.61,45,3276.93,2025-12,0.2258,0.354,7.0,31,270.29,340.0,24.0,0.0,2025-12-01,0.48,0.0,1693.32,crítico
EOA0803,Balneario_Camboriu-Centro-apartamento-SUP-3Q,Carteira 6,SC,"Balneário Camboriú, SC","Balneário Camboriú, SC, Centro",7.0,271,12576.72,80,6855.0,2025-12,0.75,0.3753,18.0,31,873.28,1367.0,6.0,0.0,2025-12-01,1.83,6112.96,-5721.719999999999,ok
HMO0409,Sao_Paulo-Butanta-apartamento-SUP-1Q,Carteira 4_sys-price,SP,"São Paulo, SP","São Paulo, SP, Butantã",0.0,465,2066.18,24,2048.69,2025-12,0.4516,0.3058,14.0,31,194.79,197.41,17.0,0.0,2025-12-01,1.01,0.0,-17.48999999999978,berlinda
MHF0501,Itapema-Canto_Praia-apartamento-TOP-1Q,Carteira 5,SC,"Itapema, SC","Itapema, SC, Centro",0.0,487,0.0,14,6337.8,2025-12,0.0,0.3918,0.0,31,0.0,639.8,30.0,0.0,2025-12-01,0.0,0.0,6337.8,crítico
MHF0807,Itapema-Canto_Praia-apartamento-TOP-1Q,Carteira 5,SC,"Itapema, SC","Itapema, SC, Centro",0.0,402,7591.24,14,6337.8,2025-12,0.5484,0.3918,17.0,31,601.0,418.86,14.0,0.0,2025-12-01,1.2,0.0,-1253.4399999999996,ok
NWT0916,Especial-NWT-apartamento-TOP-1Q,Carteira 5,AL,"Maceió, AL","Maceió, AL, Pajuçara",0.0,251,3278.87,34,4511.21,2025-12,0.4516,0.3523,14.0,31,290.93,759.82,17.0,0.0,2025-12-01,0.73,0.0,1232.3400000000001,atenção
NWT1012,Especial-NWT-apartamento-TOP-1Q,Carteira 5,AL,"Maceió, AL","Maceió, AL, Pajuçara",0.0,215,7104.63,34,4511.21,2025-12,0.5484,0.3523,17.0,31,484.76,522.14,14.0,0.0,2025-12-01,1.57,0.0,-2593.42,ok
OBP0602,Penha-Beto_Carrero-apartamento-TOP-2Q,Carteira 3,SC,"Penha, SC","Penha, SC, Armação",0.0,89,845.67,50,7940.75,2025-12,0.1613,0.4198,5.0,31,200.6,600.6,25.0,0.0,2025-12-01,0.11,0.0,7095.08,crítico
PNA0402,Balneario_Camboriu-Centro-apartamento-SUP-3Q,Carteira 6,SC,"Balneário Camboriú, SC","Balneário Camboriú, SC, Centro",0.0,572,4809.56,80,6855.0,2025-12,0.3548,0.3753,11.0,31,527.73,1068.1,20.0,0.0,2025-12-01,0.7,0.0,2045.4399999999996,atenção
PSOB1007,Penha-Beto_Carrero-apartamento-SUP-1Q,Carteira 3,SC,"Penha, SC","Penha, SC, Praia de Armação do Itapocoroi",0.0,159,2801.51,15,2337.5,2025-12,0.4194,0.234,13.0,31,231.54,520.22,18.0,0.0,2025-12-01,1.2,0.0,-464.0100000000002,ok
SKL1203,Penha-Praia-apartamento-SUP-2Q,Carteira 6,SC,"Penha, SC","Penha, SC, Armação",0.0,34,11201.59,52,6758.12,2025-12,0.8065,0.3902,25.0,31,526.68,257.83,6.0,0.0,2025-12-01,1.66,0.0,-4443.47,ok
SPJ0405,Especial-SPJ-apartamento-TOP-1Q,Carteira 5,SC,"Florianópolis, SC","Florianópolis, SC, Jurerê",0.0,365,16804.75,15,9882.1,2025-12,0.8387,0.5496,26.0,31,787.92,597.6,5.0,0.0,2025-12-01,1.7,0.0,-6922.65,ok
TAN0000,Imbituba-Ibiraquera-casa-JR-2Q,Carteira 6,SC,"Imbituba, SC","Imbituba, SC, Ibiraquera",7.0,257,8774.18,16,3823.9,2025-12,0.6667,0.3169,16.0,31,620.19,500.0,8.0,21.0,2025-12-01,2.29,4341.33,-4950.280000000001,meta_subestimada
TSO0501,Balneario_Camboriu-Longe-apartamento-MASTER-2Q,Carteira 6,SC,"Balneário Camboriú, SC","Balneário Camboriú, SC, Estados",19.0,82,3286.86,41,9451.62,2025-12,0.9167,0.416,11.0,31,380.45,865.0,1.0,0.0,2025-12-01,0.35,7228.55,6164.76,crítico
VGZ0002,Imbituba-Praia_do_Rosa-casa-SUP-1Q,Carteira 6,SC,"Imbituba, SC","Imbituba, SC, Ibiraquera",10.0,650,3649.42,42,3671.42,2025-12,0.7143,0.3229,15.0,31,299.8,587.33,6.0,0.0,2025-12-01,0.99,2998.0,22.0,berlinda
VLRY705,Florianopolis-Centrao-apartamento-SUP-1Q,Carteira 4,SC,"Florianópolis, SC","Florianópolis, SC, Centro",0.0,305,1784.02,124,3186.58,2025-12,0.3226,0.3292,10.0,31,217.0,353.67,21.0,0.0,2025-12-01,0.56,0.0,1402.56,atenção
ACB0204,Florianopolis-Cachoeira_Bom_Jesus-apartamento-SUP-2Q,Carteira 1,SC,"Florianópolis, SC","Florianópolis, SC, Cachoeira do Bom Jesus",0.0,242,0.0,21,9668.59,2025-12,0.0,0.3955,0.0,31,0.0,651.17,30.0,0.0,2025-12-01,0.0,0.0,9668.59,crítico
BLS0754,Goiania-Central-apartamento-TOP-1Q,Carteira 1_sys-price,GO,"Goiânia, GO","Goiânia, GO, Setor Marista",0.0,76,0.0,33,1517.3,2025-12,0.0,0.1649,0.0,31,174.75,220.48,27.0,0.0,2025-12-01,0.0,0.0,1517.3,crítico
CMS0202,Florianopolis-Cachoeira_Bom_Jesus-apartamento-SUP-2Q,Carteira 1,SC,"Florianópolis, SC","Florianópolis, SC, Cachoeira do Bom Jesus",1.0,33,8392.02,21,9668.59,2025-12,0.4333,0.3955,13.0,31,771.0,484.06,17.0,0.0,2025-12-01,0.87,771.0,1276.5699999999997,berlinda
CMZ0616,Cabedelo-Intermares-apartamento-SUP-1Q,Carteira 2,PB,"Cabedelo, PB","Cabedelo, PB, Intermares",0.0,6,83.1,80,1982.14,2025-12,0.0323,0.2818,1.0,31,104.0,243.87,30.0,0.0,2025-12-01,0.04,0.0,1899.0400000000002,crítico
FFS1102,Itapema-Meia_Praia-Sul-apartamento-SUP-1Q,Carteira 6,SC,"Itapema, SC","Itapema, SC, Meia Praia",0.0,40,8589.87,13,5440.47,2025-12,0.6129,0.3096,19.0,31,535.47,371.5,12.0,0.0,2025-12-01,1.58,0.0,-3149.4000000000005,ok
IDVA0903,Goiania-Central-2-apartamento-TOP-1Q,Carteira 1_sys-price,GO,"Goiânia, GO","Goiânia, GO, Setor Oeste",0.0,808,2430.73,18,1698.3,2025-12,0.3871,0.1384,12.0,31,253.29,267.71,17.0,0.0,2025-12-01,1.43,0.0,-732.4300000000001,ok
JSM0103,Salvador-Flamengo-apartamento-SUP-2Q,Carteira 2,BA,"Salvador, BA","Salvador, BA, Stella Maris",5.0,90,2635.32,47,3386.91,2025-12,0.6154,0.3905,16.0,31,209.25,342.2,10.0,0.0,2025-12-01,0.78,1046.25,751.5899999999997,atenção
LIV1408,Salvador-Graca-apartamento-TOP-1Q,Especial,BA,"Salvador, BA","Salvador, BA, Vitória",0.0,132,3671.98,15,3185.45,2025-12,0.4516,0.3946,14.0,31,303.57,376.35,17.0,0.0,2025-12-01,1.15,0.0,-486.5300000000002,ok
MHFA0507,Itapema-Canto_Praia-apartamento-SUP-1Q,Carteira 5,SC,"Itapema, SC","Itapema, SC, Centro",0.0,487,4981.85,16,5616.63,2025-12,0.2581,0.3721,8.0,31,722.63,400.95,22.0,0.0,2025-12-01,0.89,0.0,634.7799999999997,berlinda
NOA1014,Sao_Paulo-Santo_Amaro-apartamento-SUP-1Q,Carteira 4_sys-price,SP,"São Paulo, SP","São Paulo, SP, Santo Amaro",0.0,510,537.3,105,1138.7,2025-12,0.0968,0.1877,3.0,31,246.33,195.78,27.0,0.0,2025-12-01,0.47,0.0,601.4000000000001,crítico
NWT0815,Especial-NWT-apartamento-TOP-1Q,Carteira 5,AL,"Maceió, AL","Maceió, AL, Pajuçara",0.0,216,6166.62,34,4511.21,2025-12,0.5806,0.3523,18.0,31,479.89,389.31,13.0,0.0,2025-12-01,1.37,0.0,-1655.4099999999999,ok
NWT1022,Especial-NWT-apartamento-TOP-1Q,Carteira 5,AL,"Maceió, AL","Maceió, AL, Pajuçara",0.0,229,7926.35,34,4511.21,2025-12,0.5484,0.3523,17.0,31,572.71,361.57,14.0,0.0,2025-12-01,1.76,0.0,-3415.1400000000003,ok
PEV025,Ubatuba-Tenorio-casa-JR-4Q,Carteira 4,SP,"Ubatuba, SP","Ubatuba, SP, Tenório",1.0,236,4310.76,47,9300.38,2025-12,0.1,0.3494,3.0,31,1900.0,614.19,26.0,0.0,2025-12-01,0.46,1900.0,4989.619999999999,crítico
PSO0309,Penha-Beto_Carrero-apartamento-SUP-1Q,Carteira 3,SC,"Penha, SC","Penha, SC, Praia de Armação do Itapocoroi",0.0,131,6803.37,15,2337.5,2025-12,0.5484,0.234,17.0,31,468.53,256.77,13.0,0.0,2025-12-01,2.91,0.0,-4465.87,meta_subestimada
PTA0203,Cabedelo-Intermares-apartamento-SUP-2Q,Carteira 2,PB,"Cabedelo, PB","Cabedelo, PB, Ponta de Campina",7.0,24,564.84,45,3911.49,2025-12,0.1667,0.4017,4.0,31,171.25,206.25,20.0,0.0,2025-12-01,0.14,1198.75,3346.6499999999996,crítico
SFR0312,Bombinhas-Centro-apartamento-SUP-1Q,Carteira 6,SC,"Bombinhas, SC","Bombinhas, SC, Centro",0.0,14,6800.76,37,5567.5,2025-12,0.5161,0.4579,16.0,31,577.5,481.4,15.0,0.0,2025-12-01,1.22,0.0,-1233.2600000000002,ok
SPI0811,Sao_Paulo-Pinheiros-apartamento-TOP-1Q,Carteira 4_sys-price,SP,"São Paulo, SP","São Paulo, SP, Pinheiros",5.0,355,1830.98,231,3147.55,2025-12,0.2692,0.3479,7.0,31,333.43,251.63,19.0,0.0,2025-12-01,0.58,1667.15,1316.5700000000002,atenção
UPP0604,Curitiba-Centro-apartamento-JR-1Q,Carteira 4_sys-price,PR,"Curitiba, PR","Curitiba, PR, Alto da XV",0.0,56,677.4,227,1822.41,2025-12,0.1613,0.3741,5.0,31,151.8,159.88,25.0,0.0,2025-12-01,0.37,0.0,1145.0100000000002,crítico
VIN202,Florianopolis-Ingleses_Norte-apartamento-SUP-3Q,Carteira 1,SC,"Florianópolis, SC","Florianópolis, SC, Ingleses do Rio Vermelho",3.0,1621,12142.45,24,9415.83,2025-12,0.3214,0.3373,9.0,31,1781.56,689.78,18.0,0.0,2025-12-01,1.29,5344.68,-2726.620000000001,ok
VNV1301,Itapema-Praia_Centro-apartamento-SUP-2Q,Carteira 6,SC,"Itapema, SC","Itapema, SC, Tabuleiro dos Oliveiras",6.0,118,8657.78,16,7647.8,2025-12,0.6,0.3714,15.0,31,612.6,322.4,10.0,0.0,2025-12-01,1.13,3675.6000000000004,-1009.9800000000005,ok
AAR0203,Florianopolis-Campeche_Praia-apartamento-SUP-1Q,Carteira 1,SC,"Florianópolis, SC","Florianópolis, SC, Campeche",0.0,102,2689.06,12,4642.4,2025-12,0.2903,0.4373,9.0,31,413.56,615.95,22.0,0.0,2025-12-01,0.58,0.0,1953.3399999999997,atenção
BCL402,Ilheus-Pontal-apartamento-TOP-1Q,Carteira 2,BA,"Ilhéus, BA","Ilhéus, BA, Pontal",0.0,691,3212.72,50,3957.96,2025-12,0.1935,0.3739,6.0,31,694.5,302.5,24.0,0.0,2025-12-01,0.81,0.0,745.2400000000002,berlinda
BSO0204,Itajai-Praia_Brava-apartamento-SUP-1Q,Carteira 6,SC,"Balneário Camboriú, SC","Balneário Camboriú, SC, Praia dos Amores",2.0,228,4406.09,15,3309.05,2025-12,0.5517,0.4188,16.0,31,336.81,630.23,13.0,0.0,2025-12-01,1.33,673.62,-1097.04,ok
CRM0201,Florianopolis-Canto_da_Lagoa-apartamento-SUP-2Q,Carteira 1,SC,"Florianópolis, SC","Florianópolis, SC, Canto da Lagoa",0.0,259,5855.21,17,4835.11,2025-12,0.2903,0.4379,9.0,31,855.89,511.33,21.0,0.0,2025-12-01,1.21,0.0,-1020.1000000000004,ok
EAA805,Maceio-Jatiuca-apartamento-SUP-1Q,Carteira 2,AL,"Maceió, AL","Maceió, AL, Ponta Verde",0.0,616,5060.41,110,3659.98,2025-12,0.6129,0.4649,19.0,31,323.16,284.0,12.0,0.0,2025-12-01,1.38,0.0,-1400.4299999999998,ok
EDN1001,Balneario_Camboriu-Intermediario-apartamento-SUP-2Q,Carteira 6,SC,"Balneário Camboriú, SC","Balneário Camboriú, SC, Centro",2.0,164,8469.08,91,5990.35,2025-12,0.6897,0.3694,20.0,31,489.6,760.56,9.0,0.0,2025-12-01,1.41,979.2,-2478.7299999999996,ok
FFS1508,Itapema-Meia_Praia-Sul-apartamento-SUP-1Q,Carteira 6,SC,"Itapema, SC","Itapema, SC, Meia Praia",0.0,40,856.97,13,5440.47,2025-12,0.1613,0.3096,5.0,31,211.8,480.12,26.0,0.0,2025-12-01,0.16,0.0,4583.5,crítico
GSS0488,Florianopolis-Santo_Antonio_de_Lisboa-casa-SUP-3Q,Carteira 1,SC,"Florianópolis, SC","Florianópolis, SC, Sambaqui",2.0,105,6284.52,7,6100.88,2025-12,0.1379,0.4074,4.0,31,2000.0,672.04,24.0,0.0,2025-12-01,1.03,4000.0,-183.64000000000033,berlinda
IAA1004,Recife-Boa_Viagem-apartamento-TOP-1Q,Carteira 2,PE,"Recife, PE","Recife, PE, Boa Viagem",0.0,628,4102.28,38,2800.53,2025-12,0.5484,0.4015,17.0,31,311.53,363.29,14.0,0.0,2025-12-01,1.46,0.0,-1301.7499999999995,ok
ILC2413,Especial-ILC-hotel-JR-1Q,Especial,SC,"Florianópolis, SC","Florianópolis, SC, Jurerê Internacional",14.0,1169,19106.29,14,9269.72,2025-12,0.9412,0.5069,16.0,31,1514.81,,0.0,0.0,2025-12-01,2.06,21207.34,-9836.570000000002,meta_subestimada
LBR0201,Barra_Velha-Itajuba-apartamento-JR-2Q,Carteira 3,SC,"Barra Velha, SC","Barra Velha, SC, Itajubá II",0.0,21,0.0,14,4155.78,2025-12,0.0,0.2718,0.0,31,0.0,469.07,30.0,0.0,2025-12-01,0.0,0.0,4155.78,crítico
MCP0213,Porto_Alegre-PUC_RS-apartamento-SUP-1Q,Carteira 4,RS,"Porto Alegre, RS","Porto Alegre, RS, Jardim do Salso",0.0,53,1490.68,30,699.13,2025-12,0.4194,0.2488,13.0,31,142.38,175.06,17.0,0.0,2025-12-01,2.13,0.0,-791.5500000000001,meta_subestimada
NWT0901,Especial-NWT-apartamento-TOP-1Q,Carteira 5,AL,"Maceió, AL","Maceió, AL, Pajuçara",0.0,252,662.6,34,4511.21,2025-12,0.0645,0.3523,2.0,31,400.0,696.55,29.0,30.0,2025-12-01,0.15,0.0,3848.61,crítico
PLA0311,Curitiba-Boa_Vista-apartamento-SUP-1Q,Carteira 4,PR,"Curitiba, PR","Curitiba, PR, Boa Vista",2.0,32,110.84,19,2711.96,2025-12,0.0345,0.5843,1.0,31,130.0,174.19,27.0,0.0,2025-12-01,0.04,260.0,2601.12,crítico
PRO0003,Camaçari-Monte_Gordo-casa-SUP-7Q,Carteira 2,BA,"Camaçari, BA","Camaçari, BA, Guarajuba",17.0,4,0.0,20,17448.18,2025-12,0.0,0.46,0.0,31,0.0,1215.85,13.0,0.0,2025-12-01,0.0,0.0,17448.18,crítico
PSO0411,Penha-Beto_Carrero-apartamento-SUP-1Q,Carteira 3,SC,"Penha, SC","Penha, SC, Praia de Armação do Itapocoroi",0.0,151,5217.7,15,2337.5,2025-12,0.5484,0.234,17.0,31,404.35,500.21,14.0,0.0,2025-12-01,2.23,0.0,-2880.2,meta_subestimada
RDS002,Campos_do_Jordao-Vila_Natal-casa-JR-1Q,Carteira 4,SP,"Campos do Jordão, SP","Campos do Jordão, SP, Vila Natal",15.0,661,211.28,18,2632.45,2025-12,0.0625,0.204,1.0,31,198.0,192.73,15.0,0.0,2025-12-01,0.08,2970.0,2421.1699999999996,crítico
TPS307,Florianopolis-Canasvieiras_Meio-apartamento-TOP-1Q,Carteira 1,SC,"Florianópolis, SC","Florianópolis, SC, Canasvieiras",0.0,1060,2959.52,25,5708.6,2025-12,0.1613,0.4133,5.0,31,713.0,555.48,25.0,0.0,2025-12-01,0.52,0.0,2749.0800000000004,atenção
VLE007,Bombinhas-Mariscal-apartamento-JR-1Q,Carteira 6,SC,"Bombinhas, SC","Bombinhas, SC, mariscal",0.0,1524,5596.86,19,4437.43,2025-12,0.4516,0.4682,14.0,31,483.71,389.75,16.0,28.0,2025-12-01,1.26,0.0,-1159.4299999999994,ok
CEC0404,Guarapari-Centro-apartamento-SUP-1Q,Carteira 4,ES,"Guarapari, ES","Guarapari, ES, Centro",0.0,38,1071.74,31,2639.45,2025-12,0.0645,0.3347,2.0,31,863.0,271.04,28.0,0.0,2025-12-01,0.41,0.0,1567.7099999999998,crítico
DLH0306,Gramado-Centro-apartamento-TOP-1Q,Carteira 4,RS,"Gramado, RS","Gramado, RS, Centro",2.0,390,15127.47,27,10854.22,2025-12,0.9655,0.6382,28.0,31,755.89,402.0,1.0,0.0,2025-12-01,1.39,1511.78,-4273.25,ok
EIT302,Balneario_Camboriu-Centro-apartamento-SIM-2Q,Carteira 6,SC,"Balneário Camboriú, SC","Balneário Camboriú, SC, Centro",0.0,661,10864.76,60,3303.1,2025-12,0.7742,0.3049,24.0,31,599.42,560.43,7.0,0.0,2025-12-01,3.29,0.0,-7561.66,meta_subestimada
ELF0401,Bombinhas-Bombas-apartamento-SUP-1Q,Especial,SC,"Bombinhas, SC","Bombinhas, SC, José Amândio",1.0,194,4137.71,33,4887.09,2025-12,0.5333,0.3346,16.0,31,293.31,922.64,14.0,18.0,2025-12-01,0.85,293.31,749.3800000000001,berlinda
ELF0607,Bombinhas-Bombas-apartamento-SUP-1Q,Especial,SC,"Bombinhas, SC","Bombinhas, SC, José Amândio",1.0,194,3116.93,33,4887.09,2025-12,0.5,0.3346,15.0,31,251.47,876.27,15.0,20.0,2025-12-01,0.64,251.47,1770.1600000000003,atenção
IAA0502,Recife-Boa_Viagem-apartamento-TOP-1Q,Carteira 2,PE,"Recife, PE","Recife, PE, Boa Viagem",0.0,628,3622.67,38,2800.53,2025-12,0.4194,0.4015,13.0,31,334.31,322.5,18.0,0.0,2025-12-01,1.29,0.0,-822.1399999999999,ok
ISM0619,Sao_Paulo-Moema-apartamento-SUP-1Q,Carteira 4_sys-price,SP,"São Paulo, SP","São Paulo, SP, Indianópolis",3.0,182,438.3,481,1716.15,2025-12,0.1071,0.2792,3.0,31,185.33,161.56,25.0,0.0,2025-12-01,0.26,555.99,1277.8500000000001,crítico
MHF0509,Itapema-Canto_Praia-apartamento-TOP-2Q,Carteira 5,SC,"Itapema, SC","Itapema, SC, Centro",0.0,479,4248.58,14,4620.28,2025-12,0.4194,0.2821,13.0,31,419.15,751.67,18.0,0.0,2025-12-01,0.92,0.0,371.6999999999998,berlinda
NOR0204,Brasilia-Asa_Norte-apartamento-SUP-1Q,Carteira 1_sys-price,DF,"Brasília, DF","Brasília, DF, Asa Norte",0.0,797,2026.71,139,1842.36,2025-12,0.4194,0.3729,13.0,31,196.15,160.28,18.0,0.0,2025-12-01,1.1,0.0,-184.35000000000014,ok
NWT0616,Especial-NWT-apartamento-TOP-1Q,Carteira 5,AL,"Maceió, AL","Maceió, AL, Pajuçara",0.0,245,7396.31,34,4511.21,2025-12,0.6129,0.3523,19.0,31,488.84,383.73,11.0,0.0,2025-12-01,1.64,0.0,-2885.1000000000004,ok
NWT1217,Especial-NWT-apartamento-TOP-1Q,Carteira 5,AL,"Maceió, AL","Maceió, AL, Pajuçara",0.0,180,6789.9,34,4511.21,2025-12,0.5806,0.3523,18.0,31,474.17,405.0,13.0,0.0,2025-12-01,1.51,0.0,-2278.6899999999996,ok
NWT1407,Especial-NWT-apartamento-TOP-1Q,Carteira 5,AL,"Maceió, AL","Maceió, AL, Pajuçara",0.0,108,13943.24,34,4511.21,2025-12,0.8065,0.3523,25.0,31,320.91,752.9,20.0,0.0,2025-12-01,3.09,0.0,-9432.029999999999,meta_subestimada
NWT1416,Especial-NWT-apartamento-TOP-1Q,Carteira 5,AL,"Maceió, AL","Maceió, AL, Pajuçara",0.0,14,10058.52,34,4511.21,2025-12,0.7419,0.3523,23.0,31,564.96,330.38,8.0,0.0,2025-12-01,2.23,0.0,-5547.31,meta_subestimada
OKA102,Florianopolis-Campeche-apartamento-SUP-1Q,Carteira 1,SC,"Florianópolis, SC","Florianópolis, SC, Campeche",0.0,1083,3301.26,21,2822.43,2025-12,0.2581,0.2776,8.0,31,695.75,500.0,22.0,0.0,2025-12-01,1.17,0.0,-478.8300000000004,ok
PSD101,Florianopolis-Jurere_Tradicional-apartamento-SIM-2Q,Carteira 1,SC,"Florianópolis, SC","Florianópolis, SC, Jurerê",0.0,2020,2655.84,21,6220.55,2025-12,0.2581,0.4612,8.0,31,353.63,739.32,22.0,0.0,2025-12-01,0.43,0.0,3564.71,crítico
PSO0301,Penha-Beto_Carrero-apartamento-SUP-1Q,Carteira 3,SC,"Penha, SC","Penha, SC, Praia de Armação do Itapocoroi",0.0,43,5055.52,15,2337.5,2025-12,0.6774,0.234,21.0,31,285.14,726.6,10.0,0.0,2025-12-01,2.16,0.0,-2718.0200000000004,meta_subestimada
PSP0603,Salvador-Flamengo-apartamento-TOP-1Q,Carteira 2,BA,"Salvador, BA","Salvador, BA, Itapoan",0.0,4,0.0,28,3400.54,2025-12,0.0,0.3967,0.0,31,0.0,289.87,30.0,0.0,2025-12-01,0.0,0.0,3400.54,crítico
SBA0401,Maceio-Jatiuca-apartamento-JR-3Q,Carteira 2,AL,"Maceió, AL","Maceió, AL, Jatiúca",3.0,668,6341.66,12,4406.63,2025-12,0.3929,0.3928,11.0,31,701.27,278.38,16.0,0.0,2025-12-01,1.44,2103.81,-1935.0299999999997,ok
SCO0005,Florianopolis-Campeche-apartamento-JR-1Q,Carteira 1,SC,"Florianópolis, SC","Florianópolis, SC, Campeche",0.0,157,5084.69,27,3473.53,2025-12,0.4516,0.437,14.0,31,535.0,319.18,17.0,0.0,2025-12-01,1.46,0.0,-1611.1599999999994,ok
SKL0901,Penha-Praia-apartamento-SUP-3Q,Carteira 6,SC,"Penha, SC","Penha, SC, Armação",1.0,10,10158.34,23,8551.42,2025-12,0.5,0.3974,15.0,31,1014.64,423.93,15.0,0.0,2025-12-01,1.19,1014.64,-1606.92,ok
SPJ0502,Especial-SPJ-apartamento-TOP-1Q,Carteira 5,SC,"Florianópolis, SC","Florianópolis, SC, Jurerê",0.0,413,8604.17,15,9882.1,2025-12,0.7742,0.5496,24.0,31,443.46,1620.86,7.0,0.0,2025-12-01,0.87,0.0,1277.9300000000003,berlinda
TPS205,Florianopolis-Canasvieiras_Meio-apartamento-TOP-1Q,Carteira 1,SC,"Florianópolis, SC","Florianópolis, SC, Canasvieiras",0.0,852,2100.63,25,5708.6,2025-12,0.2258,0.4133,7.0,31,386.0,616.7,23.0,0.0,2025-12-01,0.37,0.0,3607.9700000000003,crítico
TVN0301,Balneario_Camboriu-Centro-apartamento-TOP-2Q,Carteira 6,SC,"Balneário Camboriú, SC","Balneário Camboriú, SC, Barra Sul",1.0,17,0.0,36,8296.0,2025-12,0.0,0.4083,0.0,31,0.0,830.03,30.0,0.0,2025-12-01,0.0,0.0,8296.0,crítico
TXP1916,Goiania-Central-apartamento-TOP-1Q,Carteira 1_sys-price,GO,"Goiânia, GO","Goiânia, GO, Setor Bueno",0.0,486,1621.99,33,1517.3,2025-12,0.2581,0.1649,8.0,31,247.38,242.59,22.0,0.0,2025-12-01,1.07,0.0,-104.69000000000005,berlinda
VLR301,Florianopolis-Centrao-apartamento-SUP-1Q,Carteira 4,SC,"Florianópolis, SC","Florianópolis, SC, Centro",0.0,1018,1961.61,124,3186.58,2025-12,0.4194,0.3292,13.0,31,218.31,400.5,18.0,0.0,2025-12-01,0.62,0.0,1224.97,atenção
VST027,Especial-VST-casa-TOP-1Q,Carteira 5,SC,"Anitápolis, SC","Anitápolis, SC, Rio dos Pinheiros",1.0,97,3688.86,47,2992.0,2025-12,0.4333,0.1608,13.0,31,350.08,261.71,17.0,0.0,2025-12-01,1.23,350.08,-696.8600000000001,ok
CAT406,Florianopolis-Centrao-apartamento-JR-1Q,Carteira 4,SC,"Florianópolis, SC","Florianópolis, SC, Centro",0.0,1550,726.3,76,2297.2,2025-12,0.1613,0.3438,5.0,31,230.6,353.12,26.0,0.0,2025-12-01,0.32,0.0,1570.8999999999999,crítico
CBA0902,Itapema-Praia_Itapema-apartamento-SUP-2Q,Carteira 6,SC,"Itapema, SC","Itapema, SC, Morretes",4.0,234,3645.18,14,7221.39,2025-12,0.2593,0.4062,7.0,31,692.86,518.89,19.0,30.0,2025-12-01,0.5,2771.44,3576.2100000000005,atenção
DPR0003,Balneario_Camboriu-Sul-apartamento-JR-1Q,Carteira 6,SC,"Balneário Camboriú, SC","Balneário Camboriú, SC, Barra",0.0,285,1595.32,29,3309.05,2025-12,0.2581,0.2944,8.0,31,251.5,367.91,22.0,0.0,2025-12-01,0.48,0.0,1713.7300000000002,crítico
EAC1303,Balneario_Camboriu-Centro-apartamento-JR-2Q,Carteira 6,SC,"Balneário Camboriú, SC","Balneário Camboriú, SC, Centro",0.0,763,12098.03,45,5810.63,2025-12,0.6774,0.4112,21.0,31,709.0,524.3,10.0,0.0,2025-12-01,2.08,0.0,-6287.400000000001,meta_subestimada
ECH113,Florianopolis-Centrao-apartamento-TOP-1Q,Carteira 4,SC,"Florianópolis, SC","Florianópolis, SC, Centro",0.0,668,9729.05,29,2680.69,2025-12,0.6452,0.3111,20.0,31,637.5,299.55,11.0,0.0,2025-12-01,3.63,0.0,-7048.359999999999,meta_subestimada
EHI0401,Itajai-Praia_Brava-apartamento-MASTER-2Q,Carteira 6,SC,"Itajaí, SC","Itajaí, SC, Praia Brava",8.0,347,11801.4,12,13897.47,2025-12,0.913,0.4595,21.0,31,790.62,421.5,2.0,0.0,2025-12-01,0.85,6324.96,2096.0699999999997,berlinda
HMO0410,Sao_Paulo-Butanta-apartamento-SUP-1Q,Carteira 4_sys-price,SP,"São Paulo, SP","São Paulo, SP, Butantã",0.0,458,2232.45,24,2048.69,2025-12,0.4839,0.3058,15.0,31,202.6,197.31,16.0,0.0,2025-12-01,1.09,0.0,-183.75999999999976,berlinda
LIB203,Florianopolis-Ingleses_Praia-apartamento-JR-2Q,Carteira 1,SC,"Florianópolis, SC","Florianópolis, SC, Ingleses do Rio Vermelho",0.0,1819,7799.04,44,5527.34,2025-12,0.4194,0.4155,13.0,31,978.15,454.56,18.0,0.0,2025-12-01,1.41,0.0,-2271.7,ok
LTL0301,Itapema-Praia_Itapema-apartamento-TOP-2Q,Carteira 6,SC,"Itapema, SC","Itapema, SC, Morretes",0.0,194,0.0,19,6896.47,2025-12,0.0,0.2825,0.0,31,0.0,609.5,30.0,0.0,2025-12-01,0.0,0.0,6896.47,crítico
MBCA0407,Goiania-Leste-apartamento-SUP-1Q,Carteira 1_sys-price,GO,"Goiânia, GO","Goiânia, GO, Jardim Goiás",0.0,777,812.66,61,1550.4,2025-12,0.1935,0.2292,6.0,31,191.56,181.5,22.0,0.0,2025-12-01,0.52,0.0,737.7400000000001,atenção
MHFA0903,Itapema-Canto_Praia-apartamento-SUP-1Q,Carteira 5,SC,"Itapema, SC","Itapema, SC, Centro",0.0,390,5234.55,16,5616.63,2025-12,0.6452,0.3721,20.0,31,352.6,535.45,11.0,0.0,2025-12-01,0.93,0.0,382.0799999999999,berlinda
NLV0506,Curitiba-Centro-apartamento-SUP-2Q,Carteira 4,PR,"Curitiba, PR","Curitiba, PR, Centro",0.0,256,4085.77,32,3447.25,2025-12,0.4516,0.4749,14.0,31,368.93,289.63,16.0,0.0,2025-12-01,1.19,0.0,-638.52,ok
NVI501,Balneario_Camboriu-Sul-apartamento-SUP-2Q,Carteira 6,SC,"Balneário Camboriú, SC","Balneário Camboriú, SC, Barra Sul",3.0,942,5290.22,84,7980.16,2025-12,0.4643,0.3985,13.0,31,461.85,1098.87,15.0,0.0,2025-12-01,0.66,1385.5500000000002,2689.9399999999996,atenção
NWT0711,Especial-NWT-apartamento-TOP-1Q,Carteira 5,AL,"Maceió, AL","Maceió, AL, Pajuçara",0.0,215,5481.78,34,4511.21,2025-12,0.6452,0.3523,20.0,31,321.2,838.0,10.0,0.0,2025-12-01,1.22,0.0,-970.5699999999997,ok
NWTB0609,Especial-NWT-apartamento-MASTER-1Q,Carteira 5,AL,"Maceió, AL","Maceió, AL, Pajuçara",0.0,238,10348.01,31,9341.25,2025-12,0.6774,0.6444,21.0,31,600.95,883.33,9.0,0.0,2025-12-01,1.11,0.0,-1006.7600000000002,ok
OKA124,Florianopolis-Campeche-apartamento-SUP-1Q,Carteira 1,SC,"Florianópolis, SC","Florianópolis, SC, Campeche",0.0,347,7568.29,21,2822.43,2025-12,0.4194,0.2776,13.0,31,749.85,452.29,17.0,0.0,2025-12-01,2.68,0.0,-4745.860000000001,meta_subestimada
ORN0101,Florianopolis-Ingleses_Norte-apartamento-JR-2Q,Carteira 1,SC,"Florianópolis, SC","Florianópolis, SC, Ingleses do Rio Vermelho",0.0,384,6379.36,42,5378.27,2025-12,0.3226,0.3688,10.0,31,739.8,387.7,20.0,0.0,2025-12-01,1.19,0.0,-1001.0899999999992,ok
PDP904,Porto_Belo-Geral-apartamento-TOP-3Q,Carteira 6,SC,"Porto Belo, SC","Porto Belo, SC, Perequê",1.0,266,4165.56,26,6029.08,2025-12,0.1,0.3144,3.0,31,1900.0,581.65,26.0,26.0,2025-12-01,0.69,1900.0,1863.5199999999995,atenção
SDR005,Florianopolis-Lagoa-apartamento-SUP-1Q,Carteira 1,SC,"Florianópolis, SC","Florianópolis, SC, Lagoa da Conceição",0.0,1599,0.0,29,4977.73,2025-12,0.0,0.5714,0.0,31,0.0,396.53,30.0,0.0,2025-12-01,0.0,0.0,4977.73,crítico
SHC0905,Balneario_Picarras-Geral-apartamento-TOP-3Q,Carteira 6,SC,"Balneário Piçarras, SC","Balneário Piçarras, SC, Itacolomi",5.0,326,9314.05,19,9051.23,2025-12,0.6923,0.3781,18.0,31,721.11,532.63,8.0,0.0,2025-12-01,1.03,3605.55,-262.8199999999997,berlinda
SHR103,Florianopolis-Novo_Campeche-apartamento-TOP-1Q,Carteira 1,SC,"Florianópolis, SC","Florianópolis, SC, Campeche",15.0,991,4821.95,52,7955.27,2025-12,0.625,0.5248,10.0,31,585.7,384.17,6.0,0.0,2025-12-01,0.61,8785.5,3133.3200000000006,atenção
TCR0913,Aguas_Claras-Geral-apartamento-JR-1Q,Carteira 1_sys-price,DF,"Brasília, DF","Brasília, DF, Taguatinga Sul",0.0,97,2828.46,65,1178.61,2025-12,0.7419,0.2364,23.0,31,167.35,159.38,8.0,0.0,2025-12-01,2.4,0.0,-1649.8500000000001,meta_subestimada
ZNB1401,Salvador-Barra-apartamento-SUP-1Q,Carteira 2,BA,"Salvador, BA","Salvador, BA, Barra",0.0,31,941.27,227,2961.11,2025-12,0.2258,0.3641,7.0,31,171.0,274.92,24.0,0.0,2025-12-01,0.32,0.0,2019.8400000000001,crítico
ALI024,Florianopolis-Cachoeira_Bom_Jesus-casa-SUP-4Q,Carteira 1,SC,"Florianópolis, SC","Florianópolis, SC, Cachoeira do Bom Jesus",5.0,769,18748.55,9,23017.36,2025-12,0.5385,0.3816,14.0,31,1745.57,1570.67,12.0,0.0,2025-12-01,0.81,8727.85,4268.810000000001,berlinda
ATP0001,Porto_Seguro-Pitinga-casa-SUP-4Q,Carteira 2,BA,"Porto Seguro, BA","Porto Seguro, BA, Arraial D ajuda",2.0,237,13177.58,9,12489.72,2025-12,0.3448,0.2921,10.0,31,1741.0,453.61,18.0,0.0,2025-12-01,1.06,3482.0,-687.8600000000006,berlinda
BSO0101,Itajai-Praia_Brava-apartamento-SUP-1Q,Carteira 6,SC,"Balneário Camboriú, SC","Balneário Camboriú, SC, Praia dos Amores",0.0,87,3967.13,15,3309.05,2025-12,0.4516,0.4188,14.0,31,343.64,505.82,17.0,0.0,2025-12-01,1.2,0.0,-658.0799999999999,ok
CAS014,Florianopolis-Estreito-apartamento-JR-2Q,Carteira 4,SC,"Florianópolis, SC","Florianópolis, SC, Coqueiros",0.0,593,5444.65,12,4113.2,2025-12,0.5484,0.4289,17.0,31,395.76,222.62,13.0,0.0,2025-12-01,1.32,0.0,-1331.4499999999998,ok
CCU203,Florianopolis-Praia_Brava-apartamento-JR-2Q,Carteira 1,SC,"Florianópolis, SC","Florianópolis, SC, Praia Brava",0.0,1222,9384.25,24,4785.47,2025-12,0.5806,0.3333,18.0,31,719.22,841.08,12.0,0.0,2025-12-01,1.96,0.0,-4598.78,ok
DOV108,Florianopolis-Ingleses_Norte-apartamento-SUP-2Q,Carteira 1,SC,"Florianópolis, SC","Florianópolis, SC, Ingleses",0.0,875,502.38,81,7270.99,2025-12,0.0645,0.4033,2.0,31,298.0,676.18,28.0,0.0,2025-12-01,0.07,0.0,6768.61,crítico
ECF0306,Cabo_Frio-Centro-apartamento-JR-2Q,Carteira 4,RJ,"Cabo Frio, RJ","Cabo Frio, RJ, Centro",13.0,447,1684.16,184,4403.23,2025-12,0.1111,0.396,2.0,31,1050.0,533.5,16.0,0.0,2025-12-01,0.38,13650.0,2719.0699999999997,crítico
EIO6031,Itapema-Meia_Praia-Norte-apartamento-JR-3Q,Carteira 6,SC,"Itapema, SC","Itapema, SC, Meia Praia",5.0,789,5998.07,23,5226.35,2025-12,0.4231,0.2829,11.0,31,724.09,633.4,15.0,0.0,2025-12-01,1.15,3620.4500000000003,-771.7199999999993,ok
LIV1704,Salvador-Graca-apartamento-SUP-1Q,Especial,BA,"Salvador, BA","Salvador, BA, Vitória",0.0,151,1602.79,31,2854.06,2025-12,0.2903,0.3151,9.0,31,231.22,328.91,22.0,0.0,2025-12-01,0.56,0.0,1251.27,atenção
MHE213,Florianopolis-Cachoeira_Bom_Jesus-apartamento-MASTER-2Q,Carteira 1,SC,"Florianópolis, SC","Florianópolis, SC, Cachoeira do Bom Jesus",0.0,647,5625.15,11,16498.92,2025-12,0.2903,0.375,9.0,31,795.44,1437.71,21.0,0.0,2025-12-01,0.34,0.0,10873.769999999999,crítico
MHFB0506,Itapema-Canto_Praia-apartamento-SUP-1Q,Carteira 5,SC,"Itapema, SC","Itapema, SC, Centro",0.0,487,0.0,16,5616.63,2025-12,0.0,0.3721,0.0,31,0.0,451.1,30.0,0.0,2025-12-01,0.0,0.0,5616.63,crítico
NWT0605,Especial-NWT-apartamento-TOP-1Q,Carteira 5,AL,"Maceió, AL","Maceió, AL, Pajuçara",0.0,245,10080.95,34,4511.21,2025-12,0.871,0.3523,27.0,31,449.15,316.75,4.0,0.0,2025-12-01,2.23,0.0,-5569.740000000001,meta_subestimada
ONJ2612,Sao_Paulo-Moema-apartamento-TOP-1Q,Carteira 4_sys-price,SP,"São Paulo, SP","São Paulo, SP, Indianópolis",3.0,303,363.76,97,2876.93,2025-12,0.25,0.3593,7.0,31,241.0,250.0,21.0,0.0,2025-12-01,0.13,723.0,2513.17,crítico
PAN0301,Salvador-Barra-apartamento-SUP-2Q,Carteira 2,BA,"Salvador, BA","Salvador, BA, Barra",16.0,444,3329.0,35,5143.63,2025-12,0.9333,0.5025,14.0,31,286.43,297.0,1.0,0.0,2025-12-01,0.65,4582.88,1814.63,atenção
PSJ0304,Florianopolis-Jurere_Tradicional-apartamento-SUP-2Q,Carteira 1,SC,"Florianópolis, SC","Florianópolis, SC, Jurerê",0.0,346,6261.61,17,9189.8,2025-12,0.3871,0.4718,12.0,31,655.33,1049.79,19.0,0.0,2025-12-01,0.68,0.0,2928.1899999999996,atenção
RSU3842,Penha-Longe-apartamento-SUP-3Q,Carteira 6,SC,"Penha, SC","Penha, SC, Gravatá",0.0,333,6609.49,17,7650.42,2025-12,0.3226,0.381,10.0,31,767.0,415.76,21.0,0.0,2025-12-01,0.86,0.0,1040.9300000000003,berlinda
SAA0421,Salvador-Pituba_Praia-apartamento-TOP-1Q,Carteira 5,BA,"Salvador, BA","Salvador, BA, Amaralina",0.0,6,0.0,17,1908.54,2025-12,0.0,0.3504,0.0,31,0.0,268.5,30.0,0.0,2025-12-01,0.0,0.0,1908.54,crítico
SJS0001,Florianopolis-Ingleses_Centro-apartamento-JR-1Q,Carteira 1,SC,"Florianópolis, SC","Florianópolis, SC, Ingleses do Rio Vermelho",0.0,403,1966.6,18,2731.75,2025-12,0.3226,0.3363,10.0,31,246.1,476.05,20.0,0.0,2025-12-01,0.72,0.0,765.1500000000001,atenção
SLC0103,Florianopolis-Rio_Vermelho-apartamento-JR-1Q,Carteira 1,SC,"Florianópolis, SC","Florianópolis, SC, Ingleses do Rio Vermelho",0.0,315,1193.64,20,2731.75,2025-12,0.0645,0.3075,2.0,31,855.0,307.71,28.0,0.0,2025-12-01,0.44,0.0,1538.11,crítico
TCO0709,Porto_Alegre-Centro_Historico-apartamento-SUP-1Q,Carteira 4,RS,"Porto Alegre, RS","Porto Alegre, RS, Centro Histórico",0.0,304,1084.6,85,1152.33,2025-12,0.3226,0.2626,10.0,31,129.1,166.62,21.0,0.0,2025-12-01,0.94,0.0,67.73000000000002,berlinda
TCO0811,Porto_Alegre-Centro_Historico-apartamento-SUP-1Q,Carteira 4,RS,"Porto Alegre, RS","Porto Alegre, RS, Centro Histórico",0.0,529,998.09,85,1152.33,2025-12,0.3226,0.2626,10.0,31,121.9,154.95,21.0,0.0,2025-12-01,0.87,0.0,154.2399999999999,berlinda
TRS0006,Penha-Beto_Carrero-casa-SUP-1Q,Carteira 3,SC,"Penha, SC","Penha, SC, Armação",0.0,194,2135.69,22,3448.22,2025-12,0.2258,0.3038,7.0,31,368.0,262.87,23.0,0.0,2025-12-01,0.62,0.0,1312.5299999999997,atenção
TVT1009,Florianopolis-Centrao-apartamento-MASTER-1Q,Carteira 4,SC,"Florianópolis, SC","Florianópolis, SC, Centro",0.0,619,4011.97,25,5865.0,2025-12,0.3226,0.3642,10.0,31,485.8,567.33,21.0,0.0,2025-12-01,0.68,0.0,1853.0300000000002,atenção
TXP1803,Goiania-Central-apartamento-SUP-1Q,Carteira 1_sys-price,GO,"Goiânia, GO","Goiânia, GO, Setor Bueno",1.0,501,2065.96,106,915.87,2025-12,0.5333,0.1609,16.0,31,172.44,193.93,14.0,0.0,2025-12-01,2.26,172.44,-1150.0900000000001,meta_subestimada
UPP0108,Curitiba-Centro-apartamento-JR-1Q,Carteira 6_sys-price,PR,"Curitiba, PR","Curitiba, PR, Alto da XV",0.0,24,0.0,227,1822.41,2025-12,0.0,0.3741,0.0,31,130.0,164.71,21.0,0.0,2025-12-01,0.0,0.0,1822.41,crítico
VIL0003,Penha-Longe-apartamento-JR-1Q,Carteira 6,SC,"Penha, SC","Penha, SC, Santa Lidia",0.0,68,4461.85,17,2073.02,2025-12,0.6452,0.3346,20.0,31,307.9,151.0,10.0,0.0,2025-12-01,2.15,0.0,-2388.8300000000004,meta_subestimada
ACO1103,Balneario_Camboriu-Centro-apartamento-TOP-2Q,Carteira 6,SC,"Balneário Camboriú, SC","Balneário Camboriú, SC, Centro",4.0,137,18559.7,36,8296.0,2025-12,0.8519,0.4083,23.0,31,1116.0,444.5,4.0,0.0,2025-12-01,2.24,4464.0,-10263.7,meta_subestimada
AIR1414,Porto_Alegre-Menino_Deus-apartamento-TOP-1Q,Carteira 4,RS,"Porto Alegre, RS","Porto Alegre, RS, Praia de Belas",1.0,461,0.0,24,1583.72,2025-12,0.0,0.2326,0.0,31,0.0,342.0,30.0,30.0,2025-12-01,0.0,0.0,1583.72,crítico
BLB1306,Salvador-Barra-apartamento-SUP-1Q,Carteira 2,BA,"Salvador, BA","Salvador, BA, Barra",0.0,458,4974.32,227,2961.11,2025-12,0.6129,0.3641,19.0,31,319.37,272.0,12.0,0.0,2025-12-01,1.68,0.0,-2013.2099999999996,ok
CAO0103,Salvador-Barra-apartamento-TOP-1Q,Carteira 2,BA,"Salvador, BA","Salvador, BA, Barra",0.0,19,834.25,147,3425.84,2025-12,0.1613,0.4141,5.0,31,230.4,337.84,25.0,0.0,2025-12-01,0.24,0.0,2591.59,crítico
CEA0401,Guarapari-Praia_do_Morro-apartamento-SUP-4Q,Carteira 4,ES,"Guarapari, ES","Guarapari, ES, Praia do Morro",19.0,27,1316.05,51,7299.38,2025-12,0.4167,0.4376,5.0,31,347.6,309.0,7.0,0.0,2025-12-01,0.18,6604.400000000001,5983.33,crítico
CLF0204,Salvador-Flamengo-apartamento-SUP-1Q,Carteira 2,BA,"Salvador, BA","Salvador, BA, Stella Maris",0.0,46,2294.7,25,1707.08,2025-12,0.1935,0.2998,6.0,31,444.33,240.42,24.0,30.0,2025-12-01,1.34,0.0,-587.6199999999999,ok
CTD0101,Penha-Longe-apartamento-JR-2Q,Carteira 6,SC,"Penha, SC","Penha, SC, Centro",0.0,90,3861.24,24,3725.43,2025-12,0.3871,0.4466,12.0,31,425.75,308.5,18.0,0.0,2025-12-01,1.04,0.0,-135.80999999999995,berlinda
DMS0106,Gramado-Centro-apartamento-TOP-2Q,Carteira 4,RS,"Gramado, RS","Gramado, RS, Bairro Belverede",1.0,166,18348.62,57,13003.3,2025-12,0.9,0.6323,27.0,31,798.15,1265.67,3.0,0.0,2025-12-01,1.41,798.15,-5345.32,ok
EDE,Florianopolis-Cachoeira_Bom_Jesus-apartamento-JR-2Q,Carteira 1,SC,"Florianópolis, SC","Florianópolis, SC, Cachoeira do Bom Jesus",20.0,311,7427.23,19,3576.69,2025-12,1.0,0.3415,11.0,31,782.0,,0.0,0.0,2025-12-01,2.08,15640.0,-3850.5399999999995,meta_subestimada
ELF0303,Bombinhas-Bombas-apartamento-SUP-1Q,Especial,SC,"Bombinhas, SC","Bombinhas, SC, José Amândio",1.0,202,7474.07,33,4887.09,2025-12,0.8333,0.3346,25.0,31,394.0,1829.0,5.0,5.0,2025-12-01,1.53,394.0,-2586.9799999999996,ok
ERJ101,Balneario_Camboriu-Norte-apartamento-SIM-4Q,Carteira 6,SC,"Balneário Camboriú, SC","Balneário Camboriú, SC, Centro",8.0,802,7296.35,64,7127.36,2025-12,0.3043,0.3738,7.0,31,1567.86,452.94,16.0,0.0,2025-12-01,1.02,12542.88,-168.9900000000007,berlinda
ERV0101,Balneario_Camboriu-Centro-apartamento-SUP-3Q,Carteira 6,SC,"Balneário Camboriú, SC","Balneário Camboriú, SC, Centro",8.0,462,2944.36,80,6855.0,2025-12,0.1739,0.3753,4.0,31,900.0,460.95,19.0,0.0,2025-12-01,0.43,7200.0,3910.64,crítico
IFT1308,Itapema-Meia_Praia-Norte-apartamento-TOP-1Q,Carteira 6,SC,"Itapema, SC","Itapema, SC, Meia Praia",0.0,216,6557.69,34,8039.05,2025-12,0.3871,0.47,12.0,31,645.58,486.42,19.0,0.0,2025-12-01,0.82,0.0,1481.3600000000006,berlinda
ILC2412,Especial-ILC-hotel-JR-1Q,Especial,SC,"Florianópolis, SC","Florianópolis, SC, Jurerê Internacional",0.0,2001,24446.3,14,9269.72,2025-12,0.6774,0.5069,21.0,31,1677.17,821.86,7.0,0.0,2025-12-01,2.64,0.0,-15176.58,meta_subestimada
JBV141,Especial-JBV-hotel-TOP-1Q,Especial,SC,"Florianópolis, SC","Florianópolis, SC, Jurerê",16.0,1579,8437.43,30,13774.65,2025-12,0.8667,0.6331,13.0,31,933.85,655.5,2.0,0.0,2025-12-01,0.61,14941.6,5337.219999999999,atenção
MHF1703,Itapema-Canto_Praia-apartamento-TOP-1Q,Carteira 5,SC,"Itapema, SC","Itapema, SC, Centro",0.0,515,2945.25,14,6337.8,2025-12,0.3226,0.3918,10.0,31,318.08,639.53,17.0,0.0,2025-12-01,0.46,0.0,3392.55,crítico
MHF2105,Itapema-Canto_Praia-apartamento-TOP-1Q,Carteira 5,SC,"Itapema, SC","Itapema, SC, Centro",0.0,47,3135.01,14,6337.8,2025-12,0.3548,0.3918,11.0,31,371.82,581.45,20.0,0.0,2025-12-01,0.49,0.0,3202.79,crítico
RAL0303,Florianopolis-Ingleses_Centro-apartamento-SUP-2Q,Carteira 1,SC,"Florianópolis, SC","Florianópolis, SC, Ingleses do Rio Vermelho",0.0,420,9453.23,32,5109.56,2025-12,0.5484,0.4185,17.0,31,685.88,458.5,14.0,0.0,2025-12-01,1.85,0.0,-4343.669999999999,ok
RCB405,Itapema-Meia_Praia-Sul-apartamento-JR-3Q,Carteira 6,SC,"Itapema, SC","Itapema, SC, Meia Praia",5.0,521,8837.8,29,5226.35,2025-12,0.5385,0.3063,14.0,31,767.21,593.0,12.0,0.0,2025-12-01,1.69,3836.05,-3611.449999999999,ok
RCP202,Florianopolis-Canasvieiras_Meio-apartamento-JR-2Q,Carteira 1,SC,"Florianópolis, SC","Florianópolis, SC, Canasvieiras",5.0,789,4849.25,18,4685.41,2025-12,0.5,0.3236,13.0,31,480.54,401.75,12.0,1.0,2025-12-01,1.03,2402.7000000000003,-163.84000000000015,berlinda
SMO0202,Balneario_Picarras-Geral-apartamento-JR-2Q,Carteira 6,SC,"Balneário Piçarras, SC","Balneário Piçarras, SC, Centro",0.0,94,6606.26,52,4273.05,2025-12,0.5484,0.362,17.0,31,486.76,243.07,14.0,0.0,2025-12-01,1.55,0.0,-2333.21,ok
SOT0201,Florianopolis-Jurere_Tradicional-apartamento-TOP-1Q,Carteira 1,SC,"Florianópolis, SC","Florianópolis, SC, Jurerê",3.0,62,1866.6,17,10221.67,2025-12,0.1786,0.5494,5.0,31,458.8,981.68,22.0,0.0,2025-12-01,0.18,1376.4,8355.07,crítico
VEL0102,Guarapari-Centro-apartamento-JR-2Q,Carteira 4,ES,"Guarapari, ES","Guarapari, ES, Centro",0.0,257,2309.16,14,4385.95,2025-12,0.1935,0.388,6.0,31,432.0,286.25,24.0,0.0,2025-12-01,0.53,0.0,2076.79,atenção
VLE001,Bombinhas-Mariscal-apartamento-JR-2Q,Carteira 6,SC,"Bombinhas, SC","Bombinhas, SC, Mariscal",0.0,1524,13183.87,7,6321.26,2025-12,0.8065,0.2547,25.0,31,580.52,226.8,5.0,24.0,2025-12-01,2.09,0.0,-6862.610000000001,meta_subestimada
VLE002,Bombinhas-Mariscal-apartamento-JR-2Q,Carteira 6,SC,"Bombinhas, SC","Bombinhas, SC, Mariscal",0.0,1524,5558.45,7,6321.26,2025-12,0.3548,0.2547,11.0,31,645.64,425.95,19.0,22.0,2025-12-01,0.88,0.0,762.8100000000004,berlinda
VLR802,Florianopolis-Centrao-apartamento-JR-1Q,Carteira 4,SC,"Florianópolis, SC","Florianópolis, SC, Centro",0.0,1251,645.64,76,2297.2,2025-12,0.129,0.3438,4.0,31,223.0,346.56,27.0,0.0,2025-12-01,0.28,0.0,1651.56,crítico
AAR0101,Florianopolis-Campeche_Praia-apartamento-JR-1Q,Carteira 1,SC,"Florianópolis, SC","Florianópolis, SC, Campeche",0.0,164,6252.46,18,3173.77,2025-12,0.6774,0.3298,21.0,31,356.1,327.0,10.0,0.0,2025-12-01,1.97,0.0,-3078.69,ok
ADJ205,Florianopolis-Jurere_Tradicional-apartamento-JR-2Q,Carteira 1,SC,"Florianópolis, SC","Florianópolis, SC, Jurerê Internacional",31.0,2014,0.0,28,6226.08,2025-12,,0.4447,0.0,31,0.0,,0.0,0.0,2025-12-01,0.0,0.0,6226.08,crítico
BHY0614,Brasilia-Setor_Hoteleiro-apartamento-JR-1Q,Carteira 1_sys-price,DF,"Brasília, DF","Brasília, DF, Asa Norte",0.0,633,2213.39,98,2338.23,2025-12,0.3548,0.3318,11.0,31,257.45,235.6,20.0,0.0,2025-12-01,0.95,0.0,124.84000000000015,berlinda
EFO0603,Florianopolis-Centrao-apartamento-SUP-1Q,Carteira 4,SC,"Mafra, SC","Mafra, SC, Centro I Baixada",0.0,3,2370.45,124,3186.58,2025-12,0.1613,0.3292,5.0,31,485.0,542.64,25.0,4.0,2025-12-01,0.74,0.0,816.1300000000001,atenção
EPE0304,Canela-Geral-apartamento-SUP-2Q,Carteira 4,RS,"Canela, RS","Canela, RS, Vila Luiza",0.0,138,7684.32,25,3610.76,2025-12,0.4516,0.41,14.0,31,656.64,346.75,16.0,0.0,2025-12-01,2.13,0.0,-4073.5599999999995,meta_subestimada
ILC2310,Especial-ILC-hotel-TOP-1Q,Especial,SC,"Florianópolis, SC","Florianópolis, SC, Jurerê Internacional",0.0,1357,23699.68,26,13572.13,2025-12,0.6129,0.6377,19.0,31,1599.11,1198.17,12.0,0.0,2025-12-01,1.75,0.0,-10127.550000000001,ok
KVD0201,Caucaia-Praia_de_Cumbuco-apartamento-JR-2Q,Carteira 2,CE,"Caucaia, CE","Caucaia, CE, Praia de Cumbuco",14.0,5,0.0,10,2147.17,2025-12,0.0,0.2232,0.0,31,0.0,664.35,17.0,0.0,2025-12-01,0.0,0.0,2147.17,crítico
MRD0501,Balneario_Camboriu-Centro-apartamento-SUP-3Q,Carteira 6,SC,"Balneário Camboriú, SC","Balneário Camboriú, SC, Centro",0.0,248,21620.77,80,6855.0,2025-12,0.7742,0.3753,24.0,31,1345.83,570.71,7.0,0.0,2025-12-01,3.15,0.0,-14765.77,meta_subestimada
MSSO1208,Goiania-Leste-apartamento-SUP-1Q,Carteira 1_sys-price,GO,"Goiânia, GO","Goiânia, GO, Jardim Goiás",0.0,797,1576.41,61,1550.4,2025-12,0.4194,0.2292,13.0,31,194.38,194.94,17.0,0.0,2025-12-01,1.02,0.0,-26.00999999999999,berlinda
NWT0902,Especial-NWT-apartamento-TOP-1Q,Carteira 5,AL,"Maceió, AL","Maceió, AL, Pajuçara",0.0,251,1587.99,34,4511.21,2025-12,0.2258,0.3523,7.0,31,256.86,620.08,24.0,0.0,2025-12-01,0.35,0.0,2923.2200000000003,crítico
PGO209,Pocos_de_Caldas-Geral-apartamento-SUP-1Q,Carteira 4,MG,"Poços de Caldas, MG","Poços de Caldas, MG, São Benedito",0.0,838,2202.91,42,1996.38,2025-12,0.3226,0.3303,10.0,31,263.1,257.75,20.0,0.0,2025-12-01,1.1,0.0,-206.52999999999975,ok
SRE0201,Florianopolis-UFSC-apartamento-TOP-2Q,Carteira 4,SC,"Florianópolis, SC","Florianópolis, SC, Carvoeira",0.0,230,6778.39,12,3418.7,2025-12,0.4839,0.3037,15.0,31,547.73,483.94,16.0,0.0,2025-12-01,1.98,0.0,-3359.6900000000005,ok
SRR0007,Porto_Seguro-Pataxos-apartamento-JR-2Q,Carteira 2,BA,"Porto Seguro, BA","Porto Seguro, BA, Village",0.0,95,2412.39,46,4892.37,2025-12,0.0968,0.319,3.0,31,1085.0,262.63,27.0,0.0,2025-12-01,0.49,0.0,2479.98,crítico
STE0312,Salvador-Ondina_Rio_Vermelho-apartamento-SUP-1Q,Carteira 2,BA,"Salvador, BA","Salvador, BA, Ondina",0.0,105,809.95,93,2433.12,2025-12,0.1935,0.3565,6.0,31,191.17,274.04,25.0,0.0,2025-12-01,0.33,0.0,1623.1699999999998,crítico
UPP0601,Curitiba-Centro-apartamento-JR-1Q,Carteira 4_sys-price,PR,"Curitiba, PR","Curitiba, PR, Alto da XV",0.0,39,591.7,227,1822.41,2025-12,0.1613,0.3741,5.0,31,138.8,157.56,25.0,0.0,2025-12-01,0.32,0.0,1230.71,crítico
VGN0102,Florianopolis-Ingleses_Praia-apartamento-SUP-2Q,Carteira 1,SC,"Florianópolis, SC","Florianópolis, SC, Ingleses do Rio Vermelho",3.0,318,5468.04,60,7501.78,2025-12,0.3214,0.3949,9.0,31,1040.0,791.28,18.0,0.0,2025-12-01,0.73,3120.0,2033.7399999999998,atenção
VLJ204,Florianopolis-Canajure-apartamento-TOP-1Q,Carteira 1,SC,"Florianópolis, SC","Florianópolis, SC, Jurerê",15.0,567,0.0,34,6529.77,2025-12,0.0,0.4165,0.0,31,0.0,640.0,15.0,30.0,2025-12-01,0.0,0.0,6529.77,crítico
VRE102,Bombinhas-Bombas-apartamento-SUP-2Q,Carteira 6,SC,"Bombinhas, SC","Bombinhas, SC, Bombas",0.0,594,9162.28,70,5557.26,2025-12,0.6452,0.3202,20.0,31,554.8,678.0,10.0,0.0,2025-12-01,1.65,0.0,-3605.0200000000004,ok
VVP0027,Cabo_Frio-Pero_Perto-casa-JR-4Q,Carteira 4,RJ,"Cabo Frio, RJ","Cabo Frio, RJ, Ogiva",15.0,437,3816.72,36,6972.12,2025-12,0.5625,0.3343,9.0,31,538.56,571.57,7.0,0.0,2025-12-01,0.55,8078.4,3155.4,atenção
BPM0807,Salvador-Barra-apartamento-SUP-1Q,Carteira 2,BA,"Salvador, BA","Salvador, BA, Barra",0.0,640,3206.83,227,2961.11,2025-12,0.4839,0.3641,15.0,31,262.87,320.56,16.0,0.0,2025-12-01,1.08,0.0,-245.7199999999998,berlinda
CAC025,Florianopolis-Ingleses_Praia-apartamento-SUP-2Q,Carteira 1,SC,"Florianópolis, SC","Florianópolis, SC, Ingleses do Rio Vermelho",0.0,235,0.0,60,7501.78,2025-12,0.0,0.3949,0.0,31,0.0,768.27,30.0,0.0,2025-12-01,0.0,0.0,7501.78,crítico
CNB003,Especial-CNB-casa-TOP-1Q,Especial,SP,"Campos do Jordão, SP","Campos do Jordão, SP, Jardim Europa",0.0,628,3159.36,15,4612.23,2025-12,0.2581,0.291,8.0,31,477.63,882.09,23.0,8.0,2025-12-01,0.68,0.0,1452.8699999999994,atenção
COB0710,Sao_Paulo-Brooklin-apartamento-SUP-1Q,Carteira 4_sys-price,SP,"São Paulo, SP","São Paulo, SP, Santo Amaro",0.0,62,773.02,229,2017.05,2025-12,0.1935,0.2708,6.0,31,166.67,215.28,25.0,0.0,2025-12-01,0.38,0.0,1244.03,crítico
EGF000,Garopaba-Centro-casa-JR-3Q,Carteira 6,SC,"Garopaba, SC","Garopaba, SC, Ferrugem",6.0,609,9446.8,23,7130.03,2025-12,0.6,0.2807,15.0,31,953.73,406.67,9.0,26.0,2025-12-01,1.32,5722.38,-2316.7699999999995,ok
EMA101,Cabo_Frio-Centro-apartamento-SUP-2Q,Carteira 4,RJ,"Cabo Frio, RJ","Cabo Frio, RJ, Centro",0.0,1126,535.14,106,6768.63,2025-12,0.0968,0.5155,3.0,31,244.33,601.81,27.0,9.0,2025-12-01,0.08,0.0,6233.49,crítico
ESA901,Balneario_Camboriu-Norte-apartamento-JR-3Q,Carteira 6,SC,"Balneário Camboriú, SC","Balneário Camboriú, SC, Centro",4.0,920,3998.32,56,7127.36,2025-12,0.3333,0.3792,9.0,31,548.67,755.39,18.0,0.0,2025-12-01,0.56,2194.68,3129.0399999999995,atenção
ESP0301,Florianopolis-Jurere_Internacional-apartamento-SUP-2Q,Carteira 1,SC,"Florianópolis, SC","Florianópolis, SC, Jurerê",0.0,84,15729.43,28,9049.08,2025-12,0.5161,0.4697,16.0,31,1340.31,481.21,14.0,0.0,2025-12-01,1.74,0.0,-6680.35,ok
ISC1511,Sao_Paulo-Republica-apartamento-TOP-1Q,Carteira 4,SP,"São Paulo, SP","São Paulo, SP, Vila Buarque",0.0,529,1838.34,91,2294.92,2025-12,0.4194,0.363,13.0,31,178.54,254.89,18.0,0.0,2025-12-01,0.8,0.0,456.58000000000015,berlinda
JBV173,Especial-JBV-hotel-JR-1Q,Especial,SC,"Florianópolis, SC","Florianópolis, SC, Jurerê",0.0,1728,17102.04,23,10939.33,2025-12,0.7097,0.5584,22.0,31,1066.68,986.11,9.0,0.0,2025-12-01,1.56,0.0,-6162.710000000001,ok
JBV179,Especial-JBV-hotel-JR-1Q,Especial,SC,"Florianópolis, SC","Florianópolis, SC, Jurerê",0.0,819,20497.68,23,10939.33,2025-12,0.7097,0.5584,22.0,31,1158.77,1471.67,9.0,0.0,2025-12-01,1.87,0.0,-9558.35,ok
MHFA1204,Itapema-Canto_Praia-apartamento-SUP-1Q,Carteira 5,SC,"Itapema, SC","Itapema, SC, Centro",0.0,509,3939.35,16,5616.63,2025-12,0.6129,0.3721,19.0,31,322.63,673.0,11.0,1.0,2025-12-01,0.7,0.0,1677.2800000000002,atenção
NWT0805,Especial-NWT-apartamento-TOP-1Q,Carteira 5,AL,"Maceió, AL","Maceió, AL, Pajuçara",0.0,360,6339.82,34,4511.21,2025-12,0.5806,0.3523,18.0,31,416.78,596.83,12.0,0.0,2025-12-01,1.41,0.0,-1828.6099999999997,ok
NWT1222,Especial-NWT-apartamento-TOP-1Q,Carteira 5,AL,"Maceió, AL","Maceió, AL, Pajuçara",0.0,356,13428.08,34,4511.21,2025-12,0.9032,0.3523,28.0,31,572.18,302.67,3.0,0.0,2025-12-01,2.98,0.0,-8916.869999999999,meta_subestimada
POL406,Balneario_Camboriu-Centro-apartamento-SUP-3Q,Carteira 6,SC,"Balneário Camboriú, SC","Balneário Camboriú, SC, Centro",0.0,445,5452.77,80,6855.0,2025-12,0.5161,0.3753,16.0,31,616.44,1256.87,15.0,0.0,2025-12-01,0.8,0.0,1402.2299999999996,atenção
PRY0101,Porto_Seguro-Pataxos-apartamento-SUP-2Q,Carteira 2,BA,"Porto Seguro, BA","Porto Seguro, BA, Taperapuã",0.0,47,10497.26,50,6175.67,2025-12,0.9355,0.4331,29.0,31,560.38,313.0,2.0,6.0,2025-12-01,1.7,0.0,-4321.59,ok
PSMC003,Camaçari-Monte_Gordo-apartamento-SUP-2Q,Carteira 2,BA,"Camaçari, BA","Camaçari, BA, Guarajuba",15.0,137,4031.08,24,7537.82,2025-12,0.625,0.3924,10.0,31,453.0,392.0,6.0,24.0,2025-12-01,0.53,6795.0,3506.74,atenção
RFM0019,Santa_Cruz_Cabralia-Coroa_Vermelha-apartamento-SUP-2Q,Carteira 2,BA,"Santa Cruz Cabrália, BA","Santa Cruz Cabrália, BA, Coroa Vermelha",0.0,397,0.0,60,5857.86,2025-12,0.0,0.4238,0.0,31,0.0,434.1,30.0,30.0,2025-12-01,0.0,0.0,5857.86,crítico
ROT1001,Itapema-Meia_Praia-Sul-apartamento-JR-2Q,Carteira 6,SC,"Itapema, SC","Itapema, SC, Meia Praia",10.0,706,4700.46,13,5440.47,2025-12,0.7619,0.3096,16.0,31,336.25,209.6,5.0,0.0,2025-12-01,0.86,3362.5,740.0100000000002,berlinda
RTG208,Florianopolis-Ingleses_Norte-apartamento-SUP-2Q,Carteira 1,SC,"Florianópolis, SC","Florianópolis, SC, Ingleses do Rio Vermelho",0.0,1791,4717.55,81,7270.99,2025-12,0.3548,0.4033,11.0,31,557.73,801.25,20.0,0.0,2025-12-01,0.65,0.0,2553.4399999999996,atenção
SOT0202,Florianopolis-Jurere_Tradicional-apartamento-TOP-1Q,Carteira 1,SC,"Florianópolis, SC","Florianópolis, SC, Jurerê",0.0,307,1671.05,17,10221.67,2025-12,0.1613,0.5494,5.0,31,536.0,934.23,26.0,0.0,2025-12-01,0.16,0.0,8550.62,crítico
UPP0311,Curitiba-Centro-apartamento-JR-1Q,Carteira 6_sys-price,PR,"Curitiba, PR","Curitiba, PR, Alto da XV",0.0,5,99.45,227,1822.41,2025-12,0.0323,0.3741,1.0,31,130.0,154.3,30.0,0.0,2025-12-01,0.05,0.0,1722.96,crítico
VEC120,Bombinhas-Centro-apartamento-SUP-1Q,Carteira 6,SC,"Bombinhas, SC","Bombinhas, SC, Centro",0.0,1070,12682.71,37,5567.5,2025-12,0.9032,0.4579,28.0,31,557.61,421.67,3.0,0.0,2025-12-01,2.28,0.0,-7115.209999999999,meta_subestimada
VENB504,Porto_Alegre-Cidade_Baixa-apartamento-SUP-1Q,Carteira 4,RS,"Porto Alegre, RS","Porto Alegre, RS, Azenha",6.0,808,560.65,84,1645.6,2025-12,0.2,0.3211,5.0,31,140.0,208.3,20.0,0.0,2025-12-01,0.34,840.0,1084.9499999999998,crítico
VLP0222,Mata_de_Sao_Joao-Praia_do_Forte_Longe-apartamento-SUP-1Q,Carteira 2,BA,"Mata de São João, BA","Mata de São João, BA, Açu da Torre",0.0,710,5824.64,100,6410.55,2025-12,0.2903,0.3825,9.0,31,748.0,335.81,21.0,0.0,2025-12-01,0.91,0.0,585.9099999999999,berlinda
WBU3015,Goiania-Central-apartamento-TOP-1Q,Carteira 1_sys-price,GO,"Goiânia, GO","Goiânia, GO, Setor Bueno",9.0,262,503.88,33,1517.3,2025-12,0.1364,0.1649,3.0,31,219.33,237.8,15.0,0.0,2025-12-01,0.33,1973.97,1013.42,crítico
