listing,categoria,carteira,estado,cidade,Bairro,dias_bloqueados,dias_ativo,faturamento_mes,n_concorrentes,meta,mes_ano,to_listings,to_concorrentes,dias_ocupados,total_dias,media_preco_ocupado,media_preco_disponivel,ocupacao_ainda_disponivel,dias_pmin,data_da_execucao,atingimento_meta,faturamento_perdido_bloqueio,falta_meta,grupo_criticidade
ABL0138,Florianopolis-Cachoeira_Bom_Jesus-apartamento-JR-1Q,Carteira 1,SC,"Florianópolis, SC","Florianópolis, SC, Cachoeira do Bom Jesus",2,581,2732.94,16,760.59,2025-10,0.8621,0.2401,25,31,128.12,,0,14,2025-10-27,3.59,256.24,-1972.35,meta_subestimada
AHO1402,Porto_Alegre-Jardim_Botanico-apartamento-TOP-1Q,Carteira 4,RS,"Porto Alegre, RS","Porto Alegre, RS, Petrópolis",0,828,3858.66,30,3197.13,2025-10,0.7419,0.4963,23,31,205.57,,0,0,2025-10-27,1.21,0.0,-661.5299999999997,ok
AIR1407,Porto_Alegre-Menino_Deus-apartamento-TOP-1Q,Carteira 4,RS,"Porto Alegre, RS","Porto Alegre, RS, Praia de Belas",1,404,2402.88,32,2539.45,2025-10,0.3,0.576,9,31,333.0,333.0,4,31,2025-10-27,0.95,333.0,136.5699999999997,berlinda
ASK002,Florianopolis-Itacorubi-apartamento-JR-1Q,Carteira 4,SC,"Florianópolis, SC","Florianópolis, SC, Santa Mônica",3,1070,3021.4,12,1844.31,2025-10,0.9643,0.6804,27,31,144.89,,0,0,2025-10-27,1.64,434.66999999999996,-1177.0900000000001,ok
AVM0011,Salvador-Flamengo-casa-SUP-2Q,Carteira 2,BA,"Salvador, BA","Salvador, BA, Stella Maris",3,250,3621.69,10,2325.09,2025-10,0.5714,0.48,16,31,270.31,252.75,4,15,2025-10-27,1.56,810.9300000000001,-1296.6,ok
BLB1206,Salvador-Barra-apartamento-SUP-1Q,Carteira 2,BA,"Salvador, BA","Salvador, BA, Barra",0,324,4678.08,209,3347.82,2025-10,0.9677,0.601,30,31,201.8,,0,0,2025-10-27,1.4,0.0,-1330.2599999999998,ok
CPR0107,Marau-Barra_Grande-apartamento-SUP-1Q,Carteira 2,BA,"Maraú, BA","Maraú, BA, Barra Grande",2,496,0.0,14,1496.17,2025-10,0.0,0.3517,0,31,0.0,346.5,4,31,2025-10-27,0.0,0.0,1496.17,crítico
CUA001,Urubici-Geral-casa-JR-1Q,Carteira 3,SC,"Urubici, SC","Urubici, SC, Área Rural",0,534,1195.65,23,1119.45,2025-10,0.3226,0.1424,10,31,127.3,114.25,4,0,2025-10-27,1.07,0.0,-76.20000000000005,berlinda
EEC0403,Guarapari-Centro-apartamento-JR-1Q,Carteira 4,ES,"Guarapari, ES","Guarapari, ES, Centro",0,114,862.72,69,2206.36,2025-10,0.2581,0.5388,8,31,127.38,123.25,4,0,2025-10-27,0.39,0.0,1343.64,crítico
ERT0210,Florianopolis-Jurere_Tradicional-apartamento-TOP-1Q,Carteira 1,SC,"Florianópolis, SC","Florianópolis, SC, Jurerê",1,250,4834.14,16,4831.55,2025-10,0.8667,0.6121,26,31,233.31,,0,0,2025-10-27,1.0,233.31,-2.5900000000001455,berlinda
FNX0101,Cabo_Frio-Pero_Longe-casa-JR-2Q,Carteira 4,RJ,"Cabo Frio, RJ","Cabo Frio, RJ, Ogiva",8,645,2007.96,12,3602.0,2025-10,0.5217,0.5537,12,31,199.92,190.0,4,26,2025-10-27,0.56,1599.36,1594.04,atenção
ILC3103,Especial-ILC-hotel-JR-1Q,Especial,SC,"Florianópolis, SC","Florianópolis, SC, Jurerê Internacional",0,1463,7935.87,16,7820.79,2025-10,0.8065,0.6145,25,31,399.96,300.0,3,0,2025-10-27,1.01,0.0,-115.07999999999993,berlinda
ILC4506,Especial-ILC-hotel-TOP-1Q,Especial,SC,"Florianópolis, SC","Florianópolis, SC, Jurerê Internacional",13,92,6223.88,28,10019.61,2025-10,0.8889,0.8614,16,31,511.56,,0,0,2025-10-27,0.62,6650.28,3795.7300000000005,atenção
MDE0406,Canela-Catedral-apartamento-TOP-2Q,Carteira 4,RS,"Canela, RS","Canela, RS, Centro",0,260,2720.97,30,1950.07,2025-10,0.4194,0.2274,13,31,280.54,280.0,1,0,2025-10-27,1.4,0.0,-770.8999999999999,ok
MHF2002,Itapema-Canto_Praia-apartamento-TOP-2Q,Carteira 5,SC,"Itapema, SC","Itapema, SC, Centro",0,317,6447.96,10,2671.81,2025-10,0.9032,0.2867,28,31,265.96,,0,0,2025-10-27,2.41,0.0,-3776.15,meta_subestimada
OKA142,Florianopolis-Campeche-apartamento-SUP-1Q,Carteira 1,SC,"Florianópolis, SC","Florianópolis, SC, Campeche",0,1022,3715.21,25,2756.73,2025-10,0.7742,0.5652,24,31,188.0,194.0,1,0,2025-10-27,1.35,0.0,-958.48,ok
PSO0703,Penha-Beto_Carrero-apartamento-SUP-1Q,Carteira 3,SC,"Penha, SC","Penha, SC, Praia de Armação do Itapocoroi",0,103,4298.03,18,2566.46,2025-10,0.9677,0.6596,30,31,180.33,,0,0,2025-10-27,1.67,0.0,-1731.5699999999997,ok
RSM0023,Porto_Seguro-Pataxos-casa-JR-3Q,Carteira 2,BA,"Porto Seguro, BA","Porto Seguro, BA, Praia de Taperapuan",8,90,3382.33,24,3661.85,2025-10,0.6957,0.5922,16,31,266.69,,0,0,2025-10-27,0.92,2133.52,279.52,berlinda
RTS0503,Balneario_Picarras-Geral-apartamento-TOP-2Q,Carteira 6,SC,"Balneário Piçarras, SC","Balneário Piçarras, SC, Centro",0,357,4255.05,33,2398.7,2025-10,0.8387,0.3483,26,31,189.35,161.0,1,0,2025-10-27,1.77,0.0,-1856.3500000000004,ok
SPT0204,Blumenau-Central-apartamento-JR-1Q,Carteira 4,SC,"Blumenau, SC","Blumenau, SC, Itoupava Seca",1,503,4654.07,48,6119.8,2025-10,0.4667,0.5972,14,31,395.57,101.25,4,13,2025-10-27,0.76,395.57,1465.7300000000005,atenção
STN205,Florianopolis-Ingleses_Norte-apartamento-TOP-2Q,Carteira 1,SC,"Florianópolis, SC","Florianópolis, SC, Ingleses do Rio Vermelho",0,617,6190.57,20,3001.73,2025-10,0.8065,0.5171,25,31,320.2,,0,12,2025-10-27,2.06,0.0,-3188.8399999999997,meta_subestimada
VNR005,São_Miguel_dos_Milagres-Geral-apartamento-SUP-2Q,Carteira 2,AL,"São Miguel dos Milagres, AL","São Miguel dos Milagres, AL, Riacho",0,385,3263.2,39,4049.69,2025-10,0.4839,0.4982,15,31,258.73,210.0,3,0,2025-10-27,0.81,0.0,786.4900000000002,berlinda
ACB0204,Florianopolis-Cachoeira_Bom_Jesus-apartamento-SUP-2Q,Carteira 1,SC,"Florianópolis, SC","Florianópolis, SC, Cachoeira do Bom Jesus",7,181,2493.63,17,3702.24,2025-10,0.6667,0.5822,16,31,188.06,,0,0,2025-10-27,0.67,1316.42,1208.6099999999997,atenção
BLS0754,Goiania-Central-apartamento-TOP-1Q,Carteira 1,GO,"Goiânia, GO","Goiânia, GO, Setor Marista",0,15,2721.66,53,3116.1,2025-10,0.5806,0.5687,18,31,183.78,150.0,2,0,2025-10-27,0.87,0.0,394.44000000000005,berlinda
IDVA0903,Goiania-Central-2-apartamento-TOP-1Q,Carteira 1,GO,"Goiânia, GO","Goiânia, GO, Setor Oeste",6,747,4433.19,29,3495.91,2025-10,0.88,0.5191,22,31,239.73,,0,0,2025-10-27,1.27,1438.3799999999999,-937.2799999999997,ok
JSM0103,Salvador-Flamengo-apartamento-SUP-2Q,Carteira 2,BA,"Salvador, BA","Salvador, BA, Stella Maris",1,29,2801.13,50,3827.31,2025-10,0.6667,0.6675,20,31,176.15,,0,0,2025-10-27,0.73,176.15,1026.1799999999998,atenção
LIV1408,Salvador-Graca-apartamento-TOP-1Q,Especial,BA,"Salvador, BA","Salvador, BA, Vitória",0,71,5196.75,12,2921.78,2025-10,0.9677,0.5466,30,31,217.87,,0,0,2025-10-27,1.78,0.0,-2274.97,ok
MHFA0507,Itapema-Canto_Praia-apartamento-SUP-1Q,Carteira 5,SC,"Itapema, SC","Itapema, SC, Centro",0,426,3254.5,11,1766.45,2025-10,0.8065,0.415,25,31,140.62,130.0,1,0,2025-10-27,1.84,0.0,-1488.05,ok
NOA1014,Sao_Paulo-Santo_Amaro-apartamento-SUP-1Q,Carteira 4,SP,"São Paulo, SP","São Paulo, SP, Santo Amaro",8,449,1293.55,152,3299.8,2025-10,0.3478,0.6158,8,31,155.5,,0,0,2025-10-27,0.39,1244.0,2006.2500000000002,crítico
NWT0815,Especial-NWT-apartamento-TOP-1Q,Carteira 5,AL,"Maceió, AL","Maceió, AL, Pajuçara",1,155,4806.53,34,5613.71,2025-10,0.6667,0.7261,20,31,285.6,280.0,1,0,2025-10-27,0.86,285.6,807.1800000000003,berlinda
NWT1022,Especial-NWT-apartamento-TOP-1Q,Carteira 5,AL,"Maceió, AL","Maceió, AL, Pajuçara",1,168,5424.24,34,5613.71,2025-10,0.7667,0.7261,23,31,277.22,,0,0,2025-10-27,0.97,277.22,189.47000000000025,berlinda
PEV025,Ubatuba-Tenorio-casa-JR-4Q,Carteira 4,SP,"Ubatuba, SP","Ubatuba, SP, Tenório",3,175,1527.47,59,5450.2,2025-10,0.25,0.5641,7,31,264.14,321.0,4,0,2025-10-27,0.28,792.42,3922.7299999999996,crítico
PSO0309,Penha-Beto_Carrero-apartamento-SUP-1Q,Carteira 3,SC,"Penha, SC","Penha, SC, Praia de Armação do Itapocoroi",0,70,2649.13,18,2566.46,2025-10,0.5484,0.6596,17,31,181.06,148.5,4,0,2025-10-27,1.03,0.0,-82.67000000000007,berlinda
SPI0811,Sao_Paulo-Pinheiros-apartamento-TOP-1Q,Carteira 4,SP,"São Paulo, SP","São Paulo, SP, Pinheiros",0,294,5866.21,262,5251.9,2025-10,0.7742,0.6952,24,31,270.0,,0,0,2025-10-27,1.12,0.0,-614.3100000000004,ok
VIN202,Florianopolis-Ingleses_Norte-apartamento-SUP-3Q,Carteira 1,SC,"Florianópolis, SC","Florianópolis, SC, Ingleses do Rio Vermelho",7,1560,3513.1,23,2428.26,2025-10,0.7917,0.3893,19,31,232.32,220.5,2,0,2025-10-27,1.45,1626.24,-1084.8399999999997,ok
VNV1301,Itapema-Praia_Centro-apartamento-SUP-2Q,Carteira 6,SC,"Itapema, SC","Itapema, SC, Tabuleiro dos Oliveiras",0,57,2895.0,19,2550.0,2025-10,0.6452,0.5336,20,31,175.65,,0,0,2025-10-27,1.14,0.0,-345.0,ok
BFC301,Cabo_Frio-Centro-apartamento-JR-3Q,Carteira 4,RJ,"Cabo Frio, RJ","Cabo Frio, RJ, Braga",4,847,2420.05,103,3342.34,2025-10,0.4074,0.4987,11,31,287.45,189.25,4,0,2025-10-27,0.72,1149.8,922.29,atenção
BLS1755,Goiania-Central-apartamento-SUP-1Q,Carteira 1,GO,"Goiânia, GO","Goiânia, GO, Setor Marista",0,741,2749.72,161,2721.7,2025-10,0.6774,0.6044,21,31,157.95,140.0,1,18,2025-10-27,1.01,0.0,-28.019999999999982,berlinda
BMC1008,Florianopolis-Beira_Mar-apartamento-TOP-1Q,Carteira 4,SC,"Florianópolis, SC","Florianópolis, SC, Centro",0,35,2910.86,14,4739.81,2025-10,0.6129,0.6267,19,31,196.32,225.0,4,0,2025-10-27,0.61,0.0,1828.9500000000003,atenção
EJO0402,Florianopolis-Centrao-apartamento-JR-1Q,Carteira 4,SC,"Florianópolis, SC","Florianópolis, SC, Centro",1,363,2749.85,68,2759.16,2025-10,0.7333,0.6039,22,31,156.5,95.67,3,0,2025-10-27,1.0,156.5,9.309999999999945,berlinda
GSH0101,Camaçari-Monte_Gordo-apartamento-TOP-2Q,Carteira 2,BA,"Camaçari, BA","Camaçari, BA, Monte Gordo",5,195,6438.78,26,8375.69,2025-10,0.8846,0.6718,23,31,319.22,250.0,1,2,2025-10-27,0.77,1596.1000000000001,1936.9100000000008,atenção
ILC2106,Especial-ILC-hotel-JR-1Q,Especial,SC,"Florianópolis, SC","Florianópolis, SC, Jurerê Internacional",7,1833,6924.76,16,7820.79,2025-10,0.75,0.6145,18,31,446.94,300.0,3,0,2025-10-27,0.89,3128.58,896.0299999999997,berlinda
JBV157,Especial-JBV-hotel-TOP-1Q,Especial,SC,"Florianópolis, SC","Florianópolis, SC, Jurerê",0,1090,9668.41,32,10019.61,2025-10,0.9677,0.8219,30,31,404.57,,0,0,2025-10-27,0.96,0.0,351.2000000000007,berlinda
JPA102,Gramado-Geral-apartamento-JR-2Q,Carteira 4,RS,"Gramado, RS","Gramado, RS, Vila Jardim",2,496,1926.0,36,2528.02,2025-10,0.2759,0.3317,8,31,264.0,231.0,2,5,2025-10-27,0.76,528.0,602.02,atenção
JSO0007,Porto_Seguro-Pataxos-apartamento-JR-1Q,Carteira 2,BA,"Porto Seguro, BA","Porto Seguro, BA, PRAIA DE MUNDAÍ",3,341,0.0,43,3601.03,2025-10,0.0,0.6343,0,31,0.0,359.0,4,31,2025-10-27,0.0,0.0,3601.03,crítico
NGO0002,Pocos_de_Caldas-Geral-apartamento-SUP-1Q,Carteira 4,MG,"Poços de Caldas, MG","Poços de Caldas, MG, São Benedito",2,119,1690.14,30,1751.93,2025-10,0.4828,0.4614,14,31,145.79,120.0,1,0,2025-10-27,0.96,291.58,61.789999999999964,berlinda
NWT0323,Especial-NWT-apartamento-TOP-1Q,Carteira 5,AL,"Maceió, AL","Maceió, AL, Pajuçara",0,314,4354.28,34,5613.71,2025-10,0.5806,0.7261,18,31,297.0,280.0,4,0,2025-10-27,0.78,0.0,1259.4300000000003,atenção
NWT1302,Especial-NWT-apartamento-TOP-1Q,Carteira 5,AL,"Maceió, AL","Maceió, AL, Pajuçara",0,321,7310.28,34,5613.71,2025-10,0.8065,0.7261,25,31,329.56,295.5,2,0,2025-10-27,1.3,0.0,-1696.5699999999997,ok
OAG0505,Sao_Paulo-Pinheiros-apartamento-SUP-1Q,Carteira 4,SP,"São Paulo, SP","São Paulo, SP, Cerqueira César",0,146,5377.76,413,3951.39,2025-10,0.871,0.6435,27,31,221.43,170.0,1,0,2025-10-27,1.36,0.0,-1426.3700000000003,ok
OPR0303,Salvador-Ondina_Rio_Vermelho-apartamento-SUP-1Q,Carteira 2,BA,"Salvador, BA","Salvador, BA, Ondina",6,42,3058.11,67,2441.63,2025-10,0.92,0.5897,23,31,150.26,,0,3,2025-10-27,1.25,901.56,-616.48,ok
PSD201,Florianopolis-Jurere_Tradicional-apartamento-SIM-2Q,Carteira 1,SC,"Florianópolis, SC","Florianópolis, SC, Jurerê",2,1959,3357.75,14,1897.84,2025-10,0.931,0.4639,27,31,174.78,,0,0,2025-10-27,1.77,349.56,-1459.91,ok
PSO1003,Penha-Beto_Carrero-apartamento-SUP-1Q,Carteira 3,SC,"Penha, SC","Penha, SC, Praia de Armação do Itapocoroi",0,89,4463.45,18,2566.46,2025-10,0.9355,0.6596,29,31,209.24,,0,0,2025-10-27,1.74,0.0,-1896.9899999999998,ok
PSOA1101,Penha-Beto_Carrero-apartamento-SUP-1Q,Carteira 3,SC,"Penha, SC","Penha, SC, Praia de Armação do Itapocoroi",0,85,3355.22,18,2566.46,2025-10,0.7742,0.6596,24,31,167.29,153.0,3,0,2025-10-27,1.31,0.0,-788.7599999999998,ok
RJE0980,Gramado-Geral-casa-JR-4Q,Carteira 4,RS,"Gramado, RS","Gramado, RS, Casa Grande",9,363,1871.32,8,3297.86,2025-10,0.3182,0.2138,7,31,329.0,345.0,3,0,2025-10-27,0.57,2961.0,1426.5400000000002,atenção
RLI0101,Florianopolis-Ingleses_Norte-apartamento-JR-2Q,Carteira 1,SC,"Florianópolis, SC","Florianópolis, SC, Ingleses do Rio Vermelho",4,306,2412.23,32,2245.74,2025-10,0.5926,0.5091,16,31,195.94,,0,0,2025-10-27,1.07,783.76,-166.49000000000024,berlinda
RMH1511,Aguas_Claras-Geral-apartamento-SUP-1Q,Carteira 1,DF,"Brasília, DF","Brasília, DF, Águas Claras",0,171,4614.59,101,2564.51,2025-10,0.9032,0.6527,28,31,183.25,137.0,1,0,2025-10-27,1.8,0.0,-2050.08,ok
SOA0111,Salvador-Boca_do_Rio-apartamento-SUP-2Q,Carteira 2,BA,"Salvador, BA","Salvador, BA, Boca do Rio",0,414,5992.72,12,4206.32,2025-10,0.9032,0.7674,28,31,205.04,,0,0,2025-10-27,1.42,0.0,-1786.4000000000005,ok
SPT0105,Blumenau-Central-apartamento-JR-1Q,Carteira 4,SC,"Blumenau, SC","Blumenau, SC, Itoupava Seca",0,565,3987.96,48,6119.8,2025-10,0.3548,0.5972,11,31,407.36,101.25,4,17,2025-10-27,0.65,0.0,2131.84,atenção
SSN0304,Salvador-Costa_Azul-apartamento-SUP-1Q,Especial,BA,"Salvador, BA","Salvador, BA, Costa Azul",0,275,3580.64,31,2343.45,2025-10,0.8387,0.6577,26,31,143.87,162.0,1,0,2025-10-27,1.53,0.0,-1237.19,ok
UCR0505,Porto_Alegre-Jardim_Botanico-apartamento-SUP-1Q,Carteira 2,RS,"Porto Alegre, RS","Porto Alegre, RS, Três Figueiras",2,8,1418.81,63,2126.55,2025-10,0.3103,0.5301,9,31,200.0,200.0,4,31,2025-10-27,0.67,400.0,707.7400000000002,atenção
VJG0102,Ilheus-Sul-apartamento-SUP-2Q,Carteira 2,BA,"Ilhéus, BA","Ilhéus, BA, São Francisco",3,683,2284.28,24,3158.2,2025-10,0.6071,0.5022,17,31,160.88,144.25,4,0,2025-10-27,0.72,482.64,873.9199999999996,atenção
VLP0105,Mata_de_Sao_Joao-Praia_do_Forte-apartamento-SUP-2Q,Carteira 2,BA,"Mata de São João, BA","Mata de São João, BA, Praia do Forte",2,586,5101.27,33,5559.2,2025-10,0.7241,0.5191,21,31,307.86,250.0,3,0,2025-10-27,0.92,615.72,457.9299999999994,berlinda
VLPD0223,Mata_de_Sao_Joao-Praia_do_Forte-apartamento-SUP-1Q,Carteira 2,BA,"Mata de São João, BA","Mata de São João, BA, Açu da Torre",5,71,3994.03,37,4087.65,2025-10,0.7692,0.5275,20,31,232.8,234.75,4,0,2025-10-27,0.98,1164.0,93.61999999999989,berlinda
CNA012,Especial-CNA-casa-MASTER-1Q,Especial,SP,"Campos do Jordão, SP","Campos do Jordão, SP, Jardim Europa",0,985,12973.59,25,9245.88,2025-10,0.7742,0.485,24,31,651.5,675.0,1,3,2025-10-27,1.4,0.0,-3727.710000000001,ok
CSP0407,Sao_Paulo-Bela_Vista-apartamento-TOP-1Q,Carteira 4,SP,"São Paulo, SP","São Paulo, SP, Bela Vista",0,282,6763.19,225,4068.53,2025-10,0.9355,0.6827,29,31,254.9,170.0,1,0,2025-10-27,1.66,0.0,-2694.6599999999994,ok
DAL207,Canela-Geral-apartamento-SUP-2Q,Carteira 4,RS,"Canela, RS","Canela, RS, São José",2,189,2413.82,17,3094.93,2025-10,0.4138,0.3208,12,31,238.92,197.0,2,0,2025-10-27,0.78,477.84,681.1099999999997,atenção
DMS0107,Gramado-Centro-apartamento-TOP-2Q,Carteira 4,RS,"Gramado, RS","Gramado, RS, Bairro Belverede",0,132,8327.84,53,5324.65,2025-10,0.3871,0.5115,12,31,800.0,800.0,2,31,2025-10-27,1.56,0.0,-3003.1900000000005,ok
ELF0503,Bombinhas-Bombas-apartamento-SUP-1Q,Especial,SC,"Bombinhas, SC","Bombinhas, SC, José Amândio",1,147,990.9,42,1744.23,2025-10,0.1667,0.3583,5,31,228.0,228.0,4,31,2025-10-27,0.57,228.0,753.33,atenção
IAA1002,Recife-Boa_Viagem-apartamento-TOP-1Q,Carteira 2,PE,"Recife, PE","Recife, PE, Boa Viagem",2,567,4163.79,52,5250.68,2025-10,0.7586,0.7529,22,31,229.86,194.5,2,0,2025-10-27,0.79,459.72,1086.8900000000003,atenção
IER0305,Salvador-Ondina_Rio_Vermelho-apartamento-JR-1Q,Carteira 2,BA,"Salvador, BA","Salvador, BA, Ondina",0,37,2666.48,56,2170.4,2025-10,0.9032,0.6112,28,31,125.64,390.0,1,3,2025-10-27,1.23,0.0,-496.0799999999999,ok
IFT1802,Itapema-Meia_Praia-Norte-apartamento-TOP-1Q,Carteira 6,SC,"Itapema, SC","Itapema, SC, Meia Praia",3,341,3548.1,20,2978.59,2025-10,0.8571,0.5085,24,31,173.46,,0,0,2025-10-27,1.19,520.38,-569.5099999999998,ok
MGI024,Porto_Seguro-Pitinga-casa-TOP-3Q,Carteira 2,BA,"Porto Seguro, BA","Porto Seguro, BA, Arraial D'Ajuda",0,705,9739.51,12,7828.43,2025-10,0.4516,0.4583,14,31,854.5,562.5,4,0,2025-10-27,1.24,0.0,-1911.08,ok
MHF1807,Itapema-Canto_Praia-apartamento-TOP-1Q,Carteira 5,SC,"Itapema, SC","Itapema, SC, Centro",8,288,2629.22,15,3459.9,2025-10,0.7826,0.6192,18,31,170.83,,0,0,2025-10-27,0.76,1366.64,830.6800000000003,atenção
NDE0003,Florianopolis-Campeche-apartamento-SUP-1Q,Carteira 1,SC,"Florianópolis, SC","Florianópolis, SC, Ribeirão da Ilha",0,175,2333.16,25,2756.73,2025-10,0.5161,0.5652,16,31,177.06,180.0,4,0,2025-10-27,0.85,0.0,423.57000000000016,berlinda
NWT1008,Especial-NWT-apartamento-TOP-1Q,Carteira 5,AL,"Maceió, AL","Maceió, AL, Pajuçara",0,167,6503.05,34,5613.71,2025-10,0.871,0.7261,27,31,310.56,280.0,1,0,2025-10-27,1.16,0.0,-889.3400000000001,ok
NWT1113,Especial-NWT-apartamento-TOP-1Q,Carteira 5,AL,"Maceió, AL","Maceió, AL, Pajuçara",2,257,6704.75,34,5613.71,2025-10,0.8621,0.7261,25,31,330.28,280.0,1,0,2025-10-27,1.19,660.56,-1091.04,ok
NWT1419,Especial-NWT-apartamento-TOP-1Q,Carteira 5,AL,"Maceió, AL","Maceió, AL, Pajuçara",0,278,8388.48,34,5613.71,2025-10,0.9032,0.7261,28,31,394.39,,0,0,2025-10-27,1.49,0.0,-2774.7699999999995,ok
OBS0201,Itapema-Meia_Praia-Sul-apartamento-JR-2Q,Carteira 6,SC,"Itapema, SC","Itapema, SC, Itapema",0,120,2692.54,14,1946.01,2025-10,0.8387,0.4852,26,31,129.62,162.0,1,0,2025-10-27,1.38,0.0,-746.53,ok
OKA105,Florianopolis-Campeche-apartamento-SUP-1Q,Carteira 1,SC,"Florianópolis, SC","Florianópolis, SC, Campeche",0,1010,3624.96,25,2756.73,2025-10,0.7419,0.5652,23,31,184.74,194.0,3,1,2025-10-27,1.31,0.0,-868.23,ok
PLA0408,Curitiba-Boa_Vista-apartamento-SUP-1Q,Carteira 4,PR,"Curitiba, PR","Curitiba, PR, Boa Vista",0,19,2689.42,24,2409.04,2025-10,0.6452,0.6373,20,31,169.65,,0,0,2025-10-27,1.12,0.0,-280.3800000000001,ok
PRA0304,Florianopolis-Ingleses_Norte-apartamento-TOP-2Q,Carteira 1,SC,"Florianópolis, SC","Florianópolis, SC, Ingleses do Rio Vermelho",0,688,1697.64,20,3001.73,2025-10,0.1935,0.5171,6,31,346.71,219.0,3,25,2025-10-27,0.57,0.0,1304.09,atenção
PRY0002,Porto_Seguro-Pataxos-apartamento-SUP-2Q,Carteira 2,BA,"Porto Seguro, BA","Porto Seguro, BA, Taperapuã",4,12,4295.13,35,5287.85,2025-10,0.7778,0.6403,21,31,267.05,186.0,1,0,2025-10-27,0.81,1068.2,992.7200000000003,berlinda
RLU0302,Gramado-Carniel-apartamento-TOP-3Q,Carteira 4,RS,"Gramado, RS","Gramado, RS, Jardim Bela Vista",6,76,4436.99,18,5865.74,2025-10,0.52,0.4428,13,31,451.08,,0,0,2025-10-27,0.76,2706.48,1428.75,atenção
SOA0205,Salvador-Boca_do_Rio-apartamento-SUP-1Q,Carteira 2,BA,"Salvador, BA","Salvador, BA, Boca do Rio",11,348,1908.65,28,2387.44,2025-10,0.9,0.6706,18,31,146.67,,0,0,2025-10-27,0.8,1613.37,478.78999999999996,atenção
TCO0712,Porto_Alegre-Centro_Historico-apartamento-SUP-1Q,Carteira 4,RS,"Porto Alegre, RS","Porto Alegre, RS, Centro Histórico",0,524,2200.35,87,2119.74,2025-10,0.6774,0.5817,21,31,128.9,120.0,1,0,2025-10-27,1.04,0.0,-80.61000000000013,berlinda
TPS209,Florianopolis-Canasvieiras_Meio-apartamento-TOP-1Q,Carteira 1,SC,"Florianópolis, SC","Florianópolis, SC, Canasvieiras",0,966,2711.75,29,2888.12,2025-10,0.7419,0.6699,23,31,162.13,182.0,2,0,2025-10-27,0.94,0.0,176.3699999999999,berlinda
VEC213,Bombinhas-Centro-apartamento-SUP-1Q,Carteira 6,SC,"Bombinhas, SC","Bombinhas, SC, Centro",1,1006,3585.51,32,2630.32,2025-10,0.8667,0.5814,26,31,184.62,,0,0,2025-10-27,1.36,184.62,-955.19,ok
VLE005,Bombinhas-Mariscal-apartamento-JR-2Q,Carteira 6,SC,"Bombinhas, SC","Bombinhas, SC, Mariscal",0,1463,498.37,28,2236.75,2025-10,0.0968,0.4398,3,31,198.0,198.0,4,31,2025-10-27,0.22,0.0,1738.38,crítico
VRA404,Florianopolis-Centrao-apartamento-SUP-3Q,Carteira 4,SC,"Florianópolis, SC","Florianópolis, SC, Centro",1,429,6401.51,20,4934.38,2025-10,0.7,0.5868,21,31,393.19,300.0,2,18,2025-10-27,1.3,393.19,-1467.13,ok
BSD1501,Balneario_Camboriu-Norte-apartamento-MASTER-3Q,Carteira 6,SC,"Balneário Camboriú, SC","Balneário Camboriú, SC, Pioneiros",27,168,1459.48,49,8811.45,2025-10,1.0,0.5486,4,31,400.0,,0,4,2025-10-27,0.17,10800.0,7351.970000000001,crítico
CCC0302,Florianopolis-Ingleses_Praia-apartamento-SUP-2Q,Carteira 1,SC,"Florianópolis, SC","Florianópolis, SC, Ingleses Norte",1,34,1347.19,47,2993.28,2025-10,0.3333,0.4455,10,31,175.1,,0,0,2025-10-27,0.45,175.1,1646.0900000000001,crítico
CEN0035,Porto_Alegre-Auxiliadora-apartamento-SUP-1Q,Carteira 4,RS,"Porto Alegre, RS","Porto Alegre, RS, Auxiliadora",1,265,1885.4,101,3239.35,2025-10,0.4667,0.6289,14,31,159.71,150.0,2,0,2025-10-27,0.58,159.71,1353.9499999999998,atenção
CTD0401,Penha-Longe-apartamento-JR-2Q,Carteira 6,SC,"Penha, SC","Penha, SC, Centro",0,202,2503.58,23,2352.35,2025-10,0.7419,0.5,23,31,142.09,111.0,2,0,2025-10-27,1.06,0.0,-151.23000000000002,berlinda
FRE2112,Sao_Paulo-Pinheiros-apartamento-SUP-1Q,Carteira 4,SP,"São Paulo, SP","São Paulo, SP, Pinheiros",0,14,3147.66,413,3951.39,2025-10,0.6129,0.6435,19,31,195.95,170.0,1,0,2025-10-27,0.8,0.0,803.73,atenção
HSC0518,Cabo_Frio-Centro-apartamento-SUP-1Q,Carteira 4,RJ,"Cabo Frio, RJ","Cabo Frio, RJ, Passagem",6,149,2242.08,51,3944.58,2025-10,0.52,0.7301,13,31,217.54,186.0,2,0,2025-10-27,0.57,1305.24,1702.5,atenção
IHO264,Florianopolis-Ingleses_Norte-apartamento-JR-1Q,Carteira 1,SC,"Florianópolis, SC","Florianópolis, SC, Ingleses do Rio Vermelho",9,806,2602.76,52,1857.64,2025-10,0.8182,0.4408,18,31,166.72,,0,0,2025-10-27,1.4,1500.48,-745.1200000000001,ok
ILC4202,Especial-ILC-hotel-TOP-1Q,Especial,SC,"Florianópolis, SC","Florianópolis, SC, Jurerê Internacional",0,1316,9358.24,28,10019.61,2025-10,0.8065,0.8614,25,31,483.48,419.0,3,0,2025-10-27,0.93,0.0,661.3700000000008,berlinda
MCB1001,Balneario_Picarras-Geral-apartamento-SUP-2Q,Carteira 6,SC,"Balneário Piçarras, SC","Balneário Piçarras, SC, Itacolomi",0,98,3664.08,58,1221.17,2025-10,0.871,0.2657,27,31,188.26,,0,0,2025-10-27,3.0,0.0,-2442.91,meta_subestimada
MCD001,Campos_do_Jordao-Capivari_Centro-casa-JR-2Q,Carteira 4,SP,"Campos do Jordão, SP","Campos do Jordão, SP, V Dubieux",0,511,0.0,31,2802.96,2025-10,0.0,0.3349,0,31,0.0,187.75,4,0,2025-10-27,0.0,0.0,2802.96,crítico
MHF0806,Itapema-Canto_Praia-apartamento-TOP-1Q,Carteira 5,SC,"Itapema, SC","Itapema, SC, Centro",0,467,3448.16,15,3459.9,2025-10,0.7419,0.6192,23,31,177.17,187.0,1,0,2025-10-27,1.0,0.0,11.740000000000236,berlinda
MHFA1307,Itapema-Canto_Praia-apartamento-SUP-1Q,Carteira 5,SC,"Itapema, SC","Itapema, SC, Centro",0,394,3625.01,11,1766.45,2025-10,0.7742,0.415,24,31,183.88,136.0,2,0,2025-10-27,2.05,0.0,-1858.5600000000002,meta_subestimada
MHFB0504,Itapema-Canto_Praia-apartamento-SUP-1Q,Carteira 5,SC,"Itapema, SC","Itapema, SC, Centro",0,426,2784.94,11,1766.45,2025-10,0.7097,0.415,22,31,136.0,150.0,3,0,2025-10-27,1.58,0.0,-1018.49,ok
NWT0708,Especial-NWT-apartamento-MASTER-1Q,Carteira 5,AL,"Maceió, AL","Maceió, AL, Pajuçara",2,154,9121.19,28,7169.93,2025-10,0.931,0.7888,27,31,422.37,,0,0,2025-10-27,1.27,844.74,-1951.2600000000002,ok
ONP0920,Sao_Paulo-Bela_Vista-apartamento-SUP-1Q,Carteira 4,SP,"São Paulo, SP","São Paulo, SP, Paraíso",1,28,3713.18,596,3350.19,2025-10,0.8333,0.6478,25,31,182.44,150.0,1,0,2025-10-27,1.11,182.44,-362.9899999999998,ok
PHA0023,Ubatuba-Tenorio-apartamento-TOP-1Q,Carteira 4,SP,"Ubatuba, SP","Ubatuba, SP, Tenório - Praia Vermelha",1,247,4037.82,503,4878.42,2025-10,0.6333,0.6066,19,31,251.79,183.0,1,0,2025-10-27,0.83,251.79,840.5999999999999,berlinda
TCO1003,Porto_Alegre-Centro_Historico-apartamento-SUP-1Q,Carteira 4,RS,"Porto Alegre, RS","Porto Alegre, RS, Centro Histórico",0,55,2686.63,87,2119.74,2025-10,0.8065,0.5817,25,31,135.48,125.0,2,0,2025-10-27,1.27,0.0,-566.8900000000003,ok
TPZ0426,Santa_Cruz_Cabralia-Coroa_Vermelha-apartamento-SUP-2Q,Carteira 2,BA,"Santa Cruz Cabrália, BA","Santa Cruz Cabrália, BA, Coroa Vermelha",0,656,2659.78,45,4511.23,2025-10,0.3226,0.6517,10,31,332.0,148.0,1,0,2025-10-27,0.59,0.0,1851.4499999999994,atenção
VLL0105,Marau-Barra_Grande-apartamento-TOP-3Q,Carteira 2,BA,"Maraú, BA","Maraú, BA, Barra Grande",3,132,0.0,9,4379.63,2025-10,0.0,0.2455,0,31,0.0,438.75,4,0,2025-10-27,0.0,0.0,4379.63,crítico
VTL0103,Ilheus-Sul-apartamento-JR-2Q,Carteira 2,BA,"Ilhéus, BA","Ilhéus, BA, Nossa Senhora da Vitória",0,474,1790.62,31,2401.98,2025-10,0.5161,0.44,16,31,139.81,133.0,4,0,2025-10-27,0.75,0.0,611.3600000000001,atenção
ADC104,Florianopolis-Cachoeira_Bom_Jesus-apartamento-TOP-2Q,Carteira 1,SC,"Florianópolis, SC","Florianópolis, SC, Cachoeira do Bom Jesus",0,457,4923.09,21,4281.03,2025-10,0.7097,0.4381,22,31,301.23,,0,0,2025-10-27,1.15,0.0,-642.0600000000004,ok
CBL307,Canela-Geral-apartamento-JR-3Q,Carteira 4,RS,"Canela, RS","Canela, RS, Vila Luiza",4,812,2366.77,22,1724.6,2025-10,0.4074,0.2103,11,31,264.55,,0,0,2025-10-27,1.37,1058.2,-642.1700000000001,ok
EAR0401,Florianopolis-Ingleses_Norte-apartamento-TOP-2Q,Carteira 1,SC,"Florianópolis, SC","Florianópolis, SC, Ingleses do Rio Vermelho",0,672,6275.39,20,3001.73,2025-10,0.871,0.5171,27,31,286.04,,0,0,2025-10-27,2.09,0.0,-3273.6600000000003,meta_subestimada
EMB686,Bombinhas-Mariscal-casa-SUP-3Q,Carteira 6,SC,"Bombinhas, SC","Bombinhas, SC, Mariscal",0,1451,404.86,19,4019.52,2025-10,0.0645,0.2852,2,31,235.0,235.0,4,31,2025-10-27,0.1,0.0,3614.66,crítico
JZZ702,Itapema-Praia_Itapema-apartamento-SUP-2Q,Carteira 6,SC,"Itapema, SC","Itapema, SC, Morretes",1,567,3031.11,14,2560.18,2025-10,0.8333,0.5723,25,31,142.64,,0,0,2025-10-27,1.18,142.64,-470.9300000000003,ok
MHFA1607,Itapema-Canto_Praia-apartamento-SUP-1Q,Carteira 5,SC,"Itapema, SC","Itapema, SC, Centro",1,362,2724.75,11,1766.45,2025-10,0.5333,0.415,16,31,167.33,164.0,2,29,2025-10-27,1.54,167.33,-958.3,ok
NOH1302,Itapema-Meia_Praia-Sul-apartamento-TOP-3Q,Carteira 6,SC,"Itapema, SC","Itapema, SC, Castelo Branco",6,58,4136.05,20,3425.84,2025-10,0.8,0.273,20,31,250.4,217.5,4,0,2025-10-27,1.21,1502.4,-710.21,ok
NWT0909,Especial-NWT-apartamento-TOP-1Q,Carteira 5,AL,"Maceió, AL","Maceió, AL, Pajuçara",0,183,6711.47,34,5613.71,2025-10,0.871,0.7261,27,31,299.81,285.0,2,0,2025-10-27,1.2,0.0,-1097.7600000000002,ok
NWT0912,Especial-NWT-apartamento-TOP-1Q,Carteira 5,AL,"Maceió, AL","Maceió, AL, Pajuçara",0,184,6952.98,34,5613.71,2025-10,0.9032,0.7261,28,31,306.18,250.0,1,0,2025-10-27,1.24,0.0,-1339.2699999999995,ok
PDA0010,Camaçari-Jacuipe-casa-SUP-3Q,Carteira 2,BA,"Camaçari, BA","Camaçari, BA, Barra do Jacuipe",5,72,1938.43,15,4898.69,2025-10,0.3077,0.4918,8,31,302.37,230.0,1,0,2025-10-27,0.4,1511.85,2960.2599999999993,crítico
PDC301,Ilheus-Sul-apartamento-JR-2Q,Carteira 2,BA,"Ilhéus, BA","Ilhéus, BA, São Francisco",0,735,2253.38,31,2401.98,2025-10,0.6452,0.44,20,31,132.2,131.0,1,0,2025-10-27,0.94,0.0,148.5999999999999,berlinda
PGO301,Pocos_de_Caldas-Geral-apartamento-JR-1Q,Carteira 4,MG,"Poços de Caldas, MG","Poços de Caldas, MG, São Benedito",0,624,2332.73,26,1374.72,2025-10,0.7419,0.3434,23,31,123.83,,0,0,2025-10-27,1.7,0.0,-958.01,ok
RBR0003,Salvador-Flamengo-apartamento-JR-2Q,Carteira 2,BA,"Salvador, BA","Salvador, BA, Praia do Flamengo",5,14,2658.59,30,2162.56,2025-10,0.7308,0.4975,19,31,173.32,130.0,3,0,2025-10-27,1.23,866.5999999999999,-496.0300000000002,ok
RCF160,Canela-Geral-casa-JR-3Q,Carteira 4,RS,"Canela, RS","Canela, RS, Vila Suzana",31,902,0.0,14,2274.97,2025-10,,0.3237,0,31,0.0,,0,0,2025-10-27,0.0,0.0,2274.97,crítico
RDK0801,Porto_Belo-Geral-apartamento-SUP-3Q,Carteira 6,SC,"Porto Belo, SC","Porto Belo, SC, Balneário Perequê",2,91,3791.47,13,2335.8,2025-10,0.8276,0.4148,24,31,201.0,155.0,1,0,2025-10-27,1.62,402.0,-1455.6699999999996,ok
RGO0502,Itapema-Meia_Praia-Sul-apartamento-SUP-2Q,Carteira 6,SC,"Itapema, SC","Itapema, SC, Castelo Branco",0,667,4145.04,11,3466.72,2025-10,0.9677,0.404,30,31,173.3,,0,0,2025-10-27,1.2,0.0,-678.3200000000002,ok
SOV0103,Mata_de_Sao_Joao-Praia_Imbassai-casa-SUP-2Q,Carteira 2,BA,"Mata de São João, BA","Mata de São João, BA, Imbassaí",30,243,0.0,10,3450.17,2025-10,0.0,0.5049,0,31,0.0,230.0,1,0,2025-10-27,0.0,0.0,3450.17,crítico
VIG0011,Florianopolis-Jurere_Tradicional-apartamento-SUP-2Q,Carteira 1,SC,"Florianópolis, SC","Florianópolis, SC, Jurerê",0,349,4796.72,27,3777.8,2025-10,0.8387,0.4779,26,31,208.42,169.0,2,0,2025-10-27,1.27,0.0,-1018.9200000000001,ok
VLO0414,Florianopolis-Jurere_Longe-apartamento-TOP-2Q,Carteira 1,SC,"Florianópolis, SC","Florianópolis, SC, Jurerê Internacional",3,348,0.0,13,4867.95,2025-10,0.0,0.5495,0,31,0.0,591.0,4,31,2025-10-27,0.0,0.0,4867.95,crítico
ARK0201,Brasilia-Asa_Sul-apartamento-TOP-1Q,Carteira 1,DF,"Brasília, DF","Brasília, DF, Asa Sul",0,106,4246.49,26,4504.12,2025-10,0.7097,0.824,22,31,233.64,,0,0,2025-10-27,0.94,0.0,257.6300000000001,berlinda
ELF0612,Bombinhas-Bombas-apartamento-SUP-1Q,Especial,SC,"Bombinhas, SC","Bombinhas, SC, José Amândio",1,154,3945.34,42,1744.23,2025-10,0.8,0.3583,24,31,207.42,168.0,1,22,2025-10-27,2.26,207.42,-2201.11,meta_subestimada
EVR1403,Porto_Belo-Geral-apartamento-TOP-2Q,Carteira 6,SC,"Porto Belo, SC","Porto Belo, SC, Balneário Perequê",1,19,4405.17,13,2335.8,2025-10,0.9333,0.4148,28,31,194.36,,0,0,2025-10-27,1.89,194.36,-2069.37,ok
LIV0907,Salvador-Graca-apartamento-TOP-1Q,Especial,BA,"Salvador, BA","Salvador, BA, Vitória",1,89,4117.99,12,2921.78,2025-10,0.8667,0.5466,26,31,200.19,,0,0,2025-10-27,1.41,200.19,-1196.2099999999996,ok
MOC0210,Petropolis-Quitandinha-apartamento-JR-1Q,Carteira 4,RJ,"Petrópolis, RJ","Petrópolis, RJ, Independência",1,316,1439.19,46,2238.48,2025-10,0.4333,0.4545,13,31,134.2,90.0,1,0,2025-10-27,0.64,134.2,799.29,atenção
NWT0802,Especial-NWT-apartamento-TOP-1Q,Carteira 5,AL,"Maceió, AL","Maceió, AL, Pajuçara",1,208,4091.11,34,5613.71,2025-10,0.6,0.7261,18,31,279.0,280.0,4,0,2025-10-27,0.73,279.0,1522.6,atenção
NWT0907,Especial-NWT-apartamento-TOP-1Q,Carteira 5,AL,"Maceió, AL","Maceió, AL, Pajuçara",1,190,5475.74,34,5613.71,2025-10,0.8333,0.7261,25,31,254.2,250.0,2,0,2025-10-27,0.98,254.2,137.97000000000025,berlinda
NWT1324,Especial-NWT-apartamento-TOP-1Q,Carteira 5,AL,"Maceió, AL","Maceió, AL, Pajuçara",2,197,7050.62,34,5613.71,2025-10,0.8621,0.7261,25,31,368.6,,0,12,2025-10-27,1.26,737.2,-1436.9099999999999,ok
RGO702,Itapema-Meia_Praia-Sul-apartamento-SUP-2Q,Carteira 6,SC,"Itapema, SC","Itapema, SC, Castelo Branco",4,741,2363.46,11,3466.72,2025-10,0.7407,0.404,20,31,142.0,120.0,1,0,2025-10-27,0.68,568.0,1103.2599999999998,atenção
RRT0098,Penha-Longe-casa-JR-2Q,Carteira 6,SC,"Penha, SC","Penha, SC, Armação",0,392,2039.76,15,2250.15,2025-10,0.6129,0.3342,19,31,137.79,100.0,1,0,2025-10-27,0.91,0.0,210.3900000000001,berlinda
RUA0226,Penha-Praia-casa-JR-3Q,Carteira 6,SC,"Penha, SC","Penha, SC, Centro",11,232,1562.49,24,2331.91,2025-10,0.6,0.4077,12,31,162.33,,0,0,2025-10-27,0.67,1785.63,769.4199999999998,atenção
TCO0815,Porto_Alegre-Centro_Historico-apartamento-SUP-1Q,Carteira 4,RS,"Porto Alegre, RS","Porto Alegre, RS, Centro Histórico",2,390,2067.58,87,2119.74,2025-10,0.6897,0.5817,20,31,122.55,120.0,4,0,2025-10-27,0.98,245.1,52.159999999999854,berlinda
THK1902,Sao_Paulo-Republica-apartamento-SUP-1Q,Carteira 4,SP,"São Paulo, SP","São Paulo, SP, República",1,266,2564.33,465,3003.05,2025-10,0.7,0.6661,21,31,139.95,130.0,2,0,2025-10-27,0.85,139.95,438.72000000000025,berlinda
THO2707,Goiania-Leste-apartamento-SUP-1Q,Carteira 1,GO,"Goiânia, GO","Goiânia, GO, Jardim Goiás",0,566,3004.86,76,2650.3,2025-10,0.6452,0.5845,20,31,178.2,149.0,1,0,2025-10-27,1.13,0.0,-354.55999999999995,ok
CON1506,Porto_Alegre-PUC_RS-apartamento-SUP-1Q,Carteira 4,RS,"Porto Alegre, RS","Porto Alegre, RS, Partenon",0,863,2878.92,23,2139.45,2025-10,0.7097,0.5177,22,31,148.09,,0,0,2025-10-27,1.35,0.0,-739.4700000000003,ok
CSD0302,Bombinhas-Bombas-apartamento-TOP-3Q,Carteira 6,SC,"Bombinhas, SC","Bombinhas, SC, Bombas",0,428,5337.43,14,3734.85,2025-10,0.8387,0.419,26,31,269.65,200.5,2,0,2025-10-27,1.43,0.0,-1602.5800000000004,ok
LHD2007,Goiania-Central-apartamento-SUP-1Q,Carteira 1,GO,"Goiânia, GO","Goiânia, GO, Setor Bueno",0,271,4105.44,161,2721.7,2025-10,0.871,0.6044,27,31,213.78,,0,0,2025-10-27,1.51,0.0,-1383.7399999999998,ok
NDE0001,Florianopolis-Campeche-apartamento-SUP-1Q,Carteira 1,SC,"Florianópolis, SC","Florianópolis, SC, Ribeirão da Ilha",0,174,3315.03,25,2756.73,2025-10,0.7742,0.5652,24,31,174.13,,0,0,2025-10-27,1.2,0.0,-558.3000000000002,ok
NWT1418,Especial-NWT-apartamento-TOP-1Q,Carteira 5,AL,"Maceió, AL","Maceió, AL, Pajuçara",3,321,7683.92,34,5613.71,2025-10,0.9643,0.7261,27,31,365.26,,0,10,2025-10-27,1.37,1095.78,-2070.21,ok
ONE0405,Salvador-Piata-apartamento-SUP-1Q,Carteira 5,BA,"Salvador, BA","Salvador, BA, Piatã",0,41,1834.17,20,3044.46,2025-10,0.4839,0.6481,15,31,152.67,,0,0,2025-10-27,0.6,0.0,1210.29,atenção
PGO310,Pocos_de_Caldas-Geral-apartamento-SUP-1Q,Carteira 4,MG,"Poços de Caldas, MG","Poços de Caldas, MG, São Benedito",1,777,2021.11,30,1751.93,2025-10,0.5333,0.4614,16,31,139.18,120.0,3,0,2025-10-27,1.15,139.18,-269.17999999999984,ok
PSO0302,Penha-Beto_Carrero-apartamento-SUP-1Q,Carteira 3,SC,"Penha, SC","Penha, SC, Praia de Armação do Itapocoroi",0,89,3944.19,18,2566.46,2025-10,0.9032,0.6596,28,31,163.64,161.0,1,0,2025-10-27,1.54,0.0,-1377.73,ok
SPJ0505,Especial-SPJ-apartamento-TOP-1Q,Carteira 5,SC,"Florianópolis, SC","Florianópolis, SC, Jurerê",0,352,6019.54,19,3903.22,2025-10,1.0,0.6281,31,31,249.39,,0,0,2025-10-27,1.54,0.0,-2116.32,ok
SSG0125,Florianopolis-UFSC-apartamento-SUP-1Q,Carteira 4,SC,"Florianópolis, SC","Florianópolis, SC, Córrego Grande",5,960,1934.24,44,2740.41,2025-10,0.5385,0.6164,14,31,168.43,133.25,4,0,2025-10-27,0.71,842.1500000000001,806.1699999999998,atenção
STCY201,Florianopolis-Cachoeira_Bom_Jesus-apartamento-JR-1Q,Carteira 1,SC,"Florianópolis, SC","Florianópolis, SC, Cachoeira do Bom Jesus",5,531,1412.28,16,760.59,2025-10,0.6154,0.2401,16,31,103.25,141.75,4,0,2025-10-27,1.86,516.25,-651.6899999999999,ok
UNI0402,Cabedelo-Intermares-apartamento-TOP-1Q,Carteira 2,PB,"Cabedelo, PB","Cabedelo, PB, Intermares",4,118,1713.3,31,3210.27,2025-10,0.5926,0.7065,16,31,131.06,120.0,1,0,2025-10-27,0.53,524.24,1496.97,atenção
BDR522,Florianopolis-Lagoa-apartamento-SUP-1Q,Carteira 1,SC,"Florianópolis, SC","Florianópolis, SC, Lagoa da Conceição",1,1252,1842.03,23,2810.1,2025-10,0.5,0.6661,15,31,155.47,161.25,4,0,2025-10-27,0.66,155.47,968.0699999999999,atenção
DMS0304,Gramado-Centro-apartamento-TOP-2Q,Carteira 4,RS,"Gramado, RS","Gramado, RS, Bairro Belverede",4,229,10925.62,53,5324.65,2025-10,0.963,0.5115,26,31,563.0,,0,0,2025-10-27,2.05,2252.0,-5600.970000000001,meta_subestimada
MHF1803,Itapema-Canto_Praia-apartamento-TOP-1Q,Carteira 5,SC,"Itapema, SC","Itapema, SC, Centro",0,469,3564.85,15,3459.9,2025-10,0.7419,0.6192,23,31,182.43,160.0,1,0,2025-10-27,1.03,0.0,-104.94999999999982,berlinda
NWT0918,Especial-NWT-apartamento-TOP-1Q,Carteira 5,AL,"Maceió, AL","Maceió, AL, Pajuçara",1,188,6200.41,34,5613.71,2025-10,0.9333,0.7261,28,31,285.04,,0,0,2025-10-27,1.1,285.04,-586.6999999999998,ok
PNJ0203,Florianopolis-Ingleses_Centro-apartamento-SUP-3Q,Carteira 1,SC,"Florianópolis, SC","Florianópolis, SC, Ingleses do Rio Vermelho",0,138,1536.1,29,2433.13,2025-10,0.2903,0.4163,9,31,213.33,196.0,1,0,2025-10-27,0.63,0.0,897.0300000000002,atenção
RFM0025,Santa_Cruz_Cabralia-Coroa_Vermelha-apartamento-SUP-3Q,Carteira 2,BA,"Santa Cruz Cabrália, BA","Santa Cruz Cabrália, BA, Coroa Vermelha",5,173,3026.62,28,4108.9,2025-10,0.4231,0.4728,11,31,345.91,,0,0,2025-10-27,0.74,1729.5500000000002,1082.2799999999997,atenção
RGN0205,Florianopolis-Ingleses_Centro-apartamento-SUP-2Q,Carteira 1,SC,"Florianópolis, SC","Florianópolis, SC, Ingleses Centro",1,6,3378.6,25,2607.34,2025-10,0.7333,0.466,22,31,199.82,191.0,2,0,2025-10-27,1.3,199.82,-771.2599999999998,ok
RGP302,Florianopolis-Jurere_Tradicional-apartamento-SUP-2Q,Carteira 1,SC,"Florianópolis, SC","Florianópolis, SC, Jurerê",0,540,3989.02,27,3777.8,2025-10,0.8065,0.4779,25,31,203.12,,0,0,2025-10-27,1.06,0.0,-211.2199999999998,berlinda
RJF006,Urubici-Geral-casa-TOP-2Q,Carteira 3,SC,"Urubici, SC","Urubici, SC, Aguas Brancas",1,565,3134.5,23,4885.71,2025-10,0.1667,0.2651,5,31,500.0,500.0,3,27,2025-10-27,0.64,500.0,1751.21,atenção
SLC0202,Florianopolis-Rio_Vermelho-apartamento-JR-1Q,Carteira 1,SC,"Florianópolis, SC","Florianópolis, SC, Ingleses do Rio Vermelho",0,287,1435.29,16,2053.66,2025-10,0.6774,0.7071,21,31,83.0,,0,0,2025-10-27,0.7,0.0,618.3699999999999,atenção
SPT0303,Blumenau-Central-apartamento-JR-1Q,Carteira 4,SC,"Blumenau, SC","Blumenau, SC, Itoupava Seca",0,391,5564.39,48,6119.8,2025-10,0.4194,0.5972,13,31,474.31,101.25,4,15,2025-10-27,0.91,0.0,555.4099999999999,berlinda
TPS302,Florianopolis-Canasvieiras_Meio-apartamento-TOP-1Q,Carteira 1,SC,"Florianópolis, SC","Florianópolis, SC, Canasvieiras",0,999,2399.75,29,2888.12,2025-10,0.6129,0.6699,19,31,151.68,162.0,1,0,2025-10-27,0.83,0.0,488.3699999999999,berlinda
URA0015,Porto_Seguro-Urbano-casa-JR-2Q,Carteira 2,BA,"Porto Seguro, BA","Porto Seguro, BA, Paraíso dos Pataxós",0,671,4168.01,19,3403.68,2025-10,0.8065,0.5556,25,31,186.2,185.0,1,0,2025-10-27,1.22,0.0,-764.3300000000004,ok
VST014,Especial-VST-casa-TOP-1Q,Carteira 5,SC,"Anitápolis, SC","Anitápolis, SC, Rio dos pinheiros",0,426,2399.96,45,2754.3,2025-10,0.3871,0.2088,12,31,264.25,160.0,3,0,2025-10-27,0.87,0.0,354.34000000000015,berlinda
ADC0205,Florianopolis-Cachoeira_Bom_Jesus-apartamento-TOP-2Q,Carteira 1,SC,"Florianópolis, SC","Florianópolis, SC, Cachoeira do Bom Jesus",0,229,5524.2,21,4281.03,2025-10,0.7419,0.4381,23,31,296.83,324.0,1,0,2025-10-27,1.29,0.0,-1243.17,ok
ATT0602,Itapema-Meia_Praia-Sul-apartamento-TOP-3Q,Carteira 6,SC,"Itapema, SC","Itapema, SC, Meia Praia",23,309,1404.28,20,3425.84,2025-10,0.875,0.273,7,31,249.86,,0,0,2025-10-27,0.41,5746.780000000001,2021.5600000000002,crítico
CZZ0302,Urubici-Geral-apartamento-SUP-1Q,Especial,SC,"Urubici, SC","Urubici, SC, Centro",0,197,2242.96,64,1691.39,2025-10,0.4839,0.2197,15,31,174.33,139.0,2,0,2025-10-27,1.33,0.0,-551.5699999999999,ok
EBI0303,Curitiba-Jardim_Botanico-apartamento-SUP-1Q,Carteira 4,PR,"Curitiba, PR","Curitiba, PR, Prado Velho",0,268,2412.94,15,3191.29,2025-10,0.5484,0.7364,17,31,172.88,,0,0,2025-10-27,0.76,0.0,778.3499999999999,atenção
ECU102,Ubatuba-Itagua-apartamento-JR-2Q,Carteira 4,SP,"Ubatuba, SP","Ubatuba, SP, Itaguá",12,764,1596.38,142,2666.95,2025-10,0.5789,0.5265,11,31,169.0,152.0,1,0,2025-10-27,0.6,2028.0,1070.5699999999997,atenção
ESS0505,Goiania-Leste-apartamento-SUP-1Q,Carteira 1,GO,"Goiânia, GO","Goiânia, GO, Alto da Glória",1,741,3143.78,76,2650.3,2025-10,0.8333,0.5845,25,31,158.56,140.25,4,0,2025-10-27,1.19,158.56,-493.48,ok
HIG1003,Maceio-Ponta_Verde-apartamento-TOP-1Q,Carteira 2,AL,"Maceió, AL","Maceió, AL, Ponta Verde",31,86,0.0,111,5137.79,2025-10,,0.8001,0,31,0.0,,0,0,2025-10-27,0.0,0.0,5137.79,crítico
ILC2305,Especial-ILC-hotel-JR-1Q,Especial,SC,"Florianópolis, SC","Florianópolis, SC, Jurerê Internacional",7,537,8911.21,16,7820.79,2025-10,0.9583,0.6145,23,31,494.43,,0,0,2025-10-27,1.14,3461.01,-1090.4199999999992,ok
ILC3105,Especial-ILC-hotel-JR-1Q,Especial,SC,"Florianópolis, SC","Florianópolis, SC, Jurerê Internacional",0,1885,7043.45,16,7820.79,2025-10,0.7097,0.6145,22,31,370.64,300.0,3,0,2025-10-27,0.9,0.0,777.3400000000001,berlinda
LHD0706,Goiania-Central-apartamento-SUP-1Q,Carteira 1,GO,"Goiânia, GO","Goiânia, GO, Setor Bueno",0,455,2854.2,161,2721.7,2025-10,0.5806,0.6044,18,31,172.24,,0,0,2025-10-27,1.05,0.0,-132.5,berlinda
MHF1404,Itapema-Canto_Praia-apartamento-TOP-1Q,Carteira 5,SC,"Itapema, SC","Itapema, SC, Centro",0,100,4431.8,15,3459.9,2025-10,0.871,0.6192,27,31,196.66,160.0,1,0,2025-10-27,1.28,0.0,-971.9000000000001,ok
MHFB0905,Itapema-Canto_Praia-apartamento-SUP-1Q,Carteira 5,SC,"Itapema, SC","Itapema, SC, Centro",0,422,2672.25,11,1766.45,2025-10,0.7097,0.415,22,31,144.74,146.25,4,0,2025-10-27,1.51,0.0,-905.8,ok
NFE0708,Curitiba-Centro-apartamento-SUP-1Q,Carteira 4,PR,"Curitiba, PR","Curitiba, PR, Centro",0,91,2681.64,324,3147.25,2025-10,0.6129,0.6706,19,31,158.89,155.0,4,0,2025-10-27,0.85,0.0,465.6100000000001,berlinda
NWT0423,Especial-NWT-apartamento-TOP-1Q,Carteira 5,AL,"Maceió, AL","Maceió, AL, Pajuçara",0,306,5596.44,34,5613.71,2025-10,0.7097,0.7261,22,31,287.36,280.0,4,0,2025-10-27,1.0,0.0,17.270000000000437,berlinda
OKA233,Florianopolis-Campeche-apartamento-TOP-1Q,Carteira 1,SC,"Florianópolis, SC","Florianópolis, SC, Campeche",0,1008,3963.58,29,3017.07,2025-10,0.6774,0.5922,21,31,224.95,227.25,4,0,2025-10-27,1.31,0.0,-946.5099999999998,ok
PGO412,Pocos_de_Caldas-Geral-apartamento-SUP-1Q,Carteira 4,MG,"Poços de Caldas, MG","Poços de Caldas, MG, São Benedito",0,744,2155.13,30,1751.93,2025-10,0.5806,0.4614,18,31,141.28,120.0,3,0,2025-10-27,1.23,0.0,-403.20000000000005,ok
PSOA0512,Penha-Beto_Carrero-apartamento-SUP-1Q,Carteira 3,SC,"Penha, SC","Penha, SC, Praia de Armação do Itapocoroi",0,68,3285.16,18,2566.46,2025-10,0.7419,0.6596,23,31,165.91,148.5,4,0,2025-10-27,1.28,0.0,-718.6999999999998,ok
PZO0907,Ilheus-Sul-apartamento-SUP-2Q,Carteira 2,BA,"Ilhéus, BA","Ilhéus, BA, Nossa Senhora da Vitória",0,267,3701.16,24,3158.2,2025-10,0.6774,0.5022,21,31,190.57,130.0,2,0,2025-10-27,1.17,0.0,-542.96,ok
RFS205,Florianopolis-Canasvieiras_Meio-apartamento-JR-2Q,Carteira 1,SC,"Florianópolis, SC","Florianópolis, SC, Canasvieiras",0,541,3385.86,12,1757.66,2025-10,0.7097,0.2461,22,31,181.59,178.0,2,0,2025-10-27,1.93,0.0,-1628.2,ok
SOA0705,Salvador-Boca_do_Rio-apartamento-SUP-1Q,Carteira 2,BA,"Salvador, BA","Salvador, BA, Boca do Rio",0,296,3123.71,28,2387.44,2025-10,0.9032,0.6706,28,31,144.61,,0,0,2025-10-27,1.31,0.0,-736.27,ok
VLP0109,Mata_de_Sao_Joao-Praia_do_Forte-apartamento-SUP-2Q,Carteira 2,BA,"Mata de São João, BA","Mata de São João, BA, Praia do Forte",0,329,5030.81,33,5559.2,2025-10,0.6452,0.5191,20,31,305.65,259.0,2,0,2025-10-27,0.9,0.0,528.3899999999994,berlinda
VST012,Especial-VST-casa-TOP-1Q,Carteira 5,SC,"Anitápolis, SC","Anitápolis, SC, Rio dos pinheiros",0,849,3818.64,45,2754.3,2025-10,0.5484,0.2088,17,31,258.94,160.0,2,0,2025-10-27,1.39,0.0,-1064.3399999999997,ok
ALU0123,Sao_Paulo-Liberdade-apartamento-JR-2Q,Carteira 4,SP,"São Paulo, SP","São Paulo, SP, Cambuci",31,331,0.0,15,3126.57,2025-10,,0.7701,0,31,0.0,,0,0,2025-10-27,0.0,0.0,3126.57,crítico
DPR0006,Balneario_Camboriu-Sul-apartamento-JR-1Q,Carteira 6,SC,"Balneário Camboriú, SC","Balneário Camboriú, SC, Barra",0,204,938.5,35,1665.23,2025-10,0.3226,0.5526,10,31,111.2,111.67,3,0,2025-10-27,0.56,0.0,726.73,atenção
EPK0903,Guara-Geral-apartamento-MASTER-2Q,Especial,DF,"Brasília, DF","Brasília, DF, Zona Indistrial",1,148,6752.33,10,5958.24,2025-10,0.8333,0.5593,25,31,326.12,280.0,1,0,2025-10-27,1.13,326.12,-794.0900000000001,ok
ETY0024,Balneario_Camboriu-Centro-apartamento-SUP-3Q,Carteira 6,SC,"Balneário Camboriú, SC","Balneário Camboriú, SC, Centro",7,292,2515.36,79,4235.1,2025-10,0.5,0.482,12,31,250.33,251.0,4,0,2025-10-27,0.59,1752.3100000000002,1719.7400000000002,atenção
ILC2201,Especial-ILC-hotel-TOP-1Q,Especial,SC,"Florianópolis, SC","Florianópolis, SC, Jurerê Internacional",9,1461,5282.14,28,10019.61,2025-10,0.4545,0.8614,10,31,606.5,444.0,2,0,2025-10-27,0.53,5458.5,4737.47,atenção
ILC2415,Especial-ILC-hotel-TOP-1Q,Especial,SC,"Florianópolis, SC","Florianópolis, SC, Jurerê Internacional",12,796,6717.79,28,10019.61,2025-10,0.9474,0.8614,18,31,449.67,,0,0,2025-10-27,0.67,5396.04,3301.8200000000006,atenção
JPR410,Especial-JPR-apartamento-TOP-3Q,Carteira 1,SC,"Florianópolis, SC","Florianópolis, SC, Jurerê",0,447,7708.64,14,6110.01,2025-10,0.6452,0.4329,20,31,486.2,271.0,2,0,2025-10-27,1.26,0.0,-1598.63,ok
LUP0302,Barra_Velha-Itajuba-apartamento-SUP-3Q,Carteira 3,SC,"Barra Velha, SC","Barra Velha, SC, Itajubá",0,47,2313.65,32,1879.1,2025-10,0.5806,0.375,18,31,160.56,166.5,4,0,2025-10-27,1.23,0.0,-434.5500000000002,ok
MHF1804,Itapema-Canto_Praia-apartamento-TOP-1Q,Carteira 5,SC,"Itapema, SC","Itapema, SC, Centro",25,422,0.0,15,3459.9,2025-10,0.0,0.6192,0,31,0.0,,0,31,2025-10-27,0.0,0.0,3459.9,crítico
MUT0036,Santa_Cruz_Cabralia-Coroa_Vermelha-apartamento-SUP-3Q,Carteira 2,BA,"Santa Cruz Cabrália, BA","Santa Cruz Cabrália, BA, Coroa Vermelha",24,413,0.0,28,4108.9,2025-10,0.0,0.4728,0,31,0.0,251.25,4,0,2025-10-27,0.0,0.0,4108.9,crítico
NWTA0608,Especial-NWT-apartamento-MASTER-1Q,Carteira 5,AL,"Maceió, AL","Maceió, AL, Pajuçara",0,177,8223.17,28,7169.93,2025-10,0.7419,0.7888,23,31,396.7,401.67,3,0,2025-10-27,1.15,0.0,-1053.2399999999998,ok
PSO0306,Penha-Beto_Carrero-apartamento-SUP-1Q,Carteira 3,SC,"Penha, SC","Penha, SC, Praia de Armação do Itapocoroi",0,121,3125.48,18,2566.46,2025-10,0.7097,0.6596,22,31,160.82,152.25,4,8,2025-10-27,1.22,0.0,-559.02,ok
PSOB1101,Penha-Beto_Carrero-apartamento-SUP-1Q,Carteira 3,SC,"Penha, SC","Penha, SC, Praia de Armação do Itapocoroi",0,85,3161.34,18,2566.46,2025-10,0.7097,0.6596,22,31,166.64,162.0,2,0,2025-10-27,1.23,0.0,-594.8800000000001,ok
RDT1004,Balneario_Camboriu-Centro-apartamento-SUP-2Q,Carteira 6,SC,"Balneário Camboriú, SC","Balneário Camboriú, SC, Centro",1,21,5091.85,72,4338.54,2025-10,0.9,0.5488,27,31,219.89,,0,0,2025-10-27,1.17,219.89,-753.3100000000004,ok
RHL0302,Florianopolis-Ingleses_Centro-apartamento-TOP-3Q,Carteira 1,SC,"Florianópolis, SC","Florianópolis, SC, Ingleses do Rio Vermelho",6,240,3555.88,42,5345.58,2025-10,0.56,0.5009,14,31,330.21,212.75,4,0,2025-10-27,0.67,1981.2599999999998,1789.6999999999998,atenção
RUP0804,Blumenau-Central-apartamento-SUP-1Q,Carteira 4,SC,"Blumenau, SC","Blumenau, SC, Escola Agrícola",1,370,7377.64,77,8352.92,2025-10,0.7,0.6104,21,31,402.67,,0,0,2025-10-27,0.88,402.67,975.2799999999997,berlinda
SDR007,Florianopolis-Lagoa-apartamento-JR-1Q,Carteira 1,SC,"Florianópolis, SC","Florianópolis, SC, Lagoa da Conceição",0,1540,1223.64,28,2591.97,2025-10,0.3871,0.5821,12,31,128.42,124.5,4,0,2025-10-27,0.47,0.0,1368.3299999999997,crítico
SGA202,Florianopolis-Jurere_Longe-apartamento-JR-2Q,Carteira 1,SC,"Florianópolis, SC","Florianópolis, SC, Jurerê Internacional",3,1843,3474.05,16,3040.24,2025-10,0.8571,0.4573,24,31,161.04,130.0,1,0,2025-10-27,1.14,483.12,-433.8100000000004,ok
TBS106,Florianopolis-Novo_Campeche-apartamento-MASTER-1Q,Carteira 1,SC,"Florianópolis, SC","Florianópolis, SC, Campeche",2,918,6730.73,57,6400.09,2025-10,0.7586,0.6246,22,31,353.41,317.0,3,0,2025-10-27,1.05,706.82,-330.6399999999994,berlinda
TCO0612,Porto_Alegre-Centro_Historico-apartamento-SUP-1Q,Carteira 4,RS,"Porto Alegre, RS","Porto Alegre, RS, Centro Histórico",0,533,2322.56,87,2119.74,2025-10,0.7097,0.5817,22,31,124.55,120.0,4,0,2025-10-27,1.1,0.0,-202.82000000000016,berlinda
TXP0919,Goiania-Central-apartamento-TOP-2Q,Carteira 1,GO,"Goiânia, GO","Goiânia, GO, Setor Bueno",0,180,3670.7,15,4010.02,2025-10,0.5161,0.5109,16,31,265.12,222.0,3,0,2025-10-27,0.92,0.0,339.32000000000016,berlinda
TXP1804,Goiania-Central-apartamento-SUP-1Q,Carteira 1,GO,"Goiânia, GO","Goiânia, GO, Setor Bueno",0,741,3331.07,161,2721.7,2025-10,0.7419,0.6044,23,31,170.0,150.0,1,6,2025-10-27,1.22,0.0,-609.3700000000003,ok
VEC117,Bombinhas-Centro-apartamento-SUP-1Q,Carteira 6,SC,"Bombinhas, SC","Bombinhas, SC, Centro",0,504,3518.19,32,2630.32,2025-10,0.871,0.5814,27,31,183.63,,0,0,2025-10-27,1.34,0.0,-887.8699999999999,ok
VFR504,Bombinhas-Bombas-apartamento-TOP-1Q,Especial,SC,"Bombinhas, SC","Bombinhas, SC, Bombas",7,723,1966.34,70,2408.9,2025-10,0.5,0.4041,12,31,193.25,188.0,2,20,2025-10-27,0.82,1352.75,442.5600000000002,berlinda
VPD0605,Florianopolis-Beira_Mar-apartamento-TOP-1Q,Carteira 4,SC,"Florianópolis, SC","Florianópolis, SC, Agronômica",0,169,4236.91,14,4739.81,2025-10,0.6452,0.6267,20,31,285.1,202.5,2,0,2025-10-27,0.89,0.0,502.90000000000055,berlinda
ABM0101,Bombinhas-Zimbros-casa-SUP-6Q,Carteira 6,SC,"Bombinhas, SC","Bombinhas, SC, Zimbros",9,341,7562.94,9,12007.96,2025-10,0.6364,0.3136,14,31,789.21,480.0,3,0,2025-10-27,0.63,7102.89,4445.0199999999995,atenção
BSO0202,Itajai-Praia_Brava-apartamento-SUP-1Q,Carteira 6,SC,"Balneário Camboriú, SC","Balneário Camboriú, SC, Praia dos Amores",0,161,2529.78,55,2564.51,2025-10,0.6774,0.5263,21,31,136.14,131.75,4,0,2025-10-27,0.99,0.0,34.73000000000002,berlinda
EPK0402,Guara-Geral-apartamento-SUP-2Q,Carteira 1,DF,"Brasília, DF","Brasília, DF, SOF",0,285,5426.14,13,3217.25,2025-10,0.6774,0.5427,21,31,300.19,,0,0,2025-10-27,1.69,0.0,-2208.8900000000003,ok
ERE0302,Maceio-Cruz_das_Almas-apartamento-JR-1Q,Carteira 2,AL,"Maceió, AL","Maceió, AL, Cruz das Almas",0,34,2460.36,24,2710.83,2025-10,0.8387,0.8406,26,31,117.0,94.5,2,0,2025-10-27,0.91,0.0,250.4699999999998,berlinda
IBE104,Florianopolis-Canasvieiras_Meio-apartamento-JR-2Q,Carteira 1,SC,"Florianópolis, SC","Florianópolis, SC, Canasvieiras",5,772,2734.03,12,1757.66,2025-10,0.7692,0.2461,20,31,174.05,162.0,1,0,2025-10-27,1.56,870.25,-976.3700000000001,ok
ILC1206,Especial-ILC-hotel-JR-1Q,Especial,SC,"Florianópolis, SC","Florianópolis, SC, Jurerê Internacional",0,1940,3552.83,16,7820.79,2025-10,0.2581,0.6145,8,31,515.63,500.0,3,28,2025-10-27,0.45,0.0,4267.96,crítico
ILC4102,Especial-ILC-hotel-TOP-1Q,Especial,SC,"Florianópolis, SC","Florianópolis, SC, Jurerê Internacional",0,924,9372.64,28,10019.61,2025-10,0.7742,0.8614,24,31,518.04,358.0,1,0,2025-10-27,0.94,0.0,646.9700000000012,berlinda
IPTR0241,Balneario_Camboriu-Centro-apartamento-MASTER-2Q,Carteira 4,SC,"Balneário Camboriú, SC","Balneário Camboriú, SC, Centro",14,6,6307.92,18,6977.06,2025-10,0.9412,0.6109,16,31,495.0,,0,1,2025-10-27,0.9,6930.0,669.1400000000003,berlinda
MCB1002,Balneario_Picarras-Geral-apartamento-SUP-2Q,Carteira 6,SC,"Balneário Piçarras, SC","Balneário Piçarras, SC, Itacolomi",1,208,1400.44,58,1221.17,2025-10,0.3667,0.2657,11,31,148.36,115.0,3,0,2025-10-27,1.15,148.36,-179.26999999999998,ok
MHF0908,Itapema-Canto_Praia-apartamento-TOP-2Q,Carteira 5,SC,"Itapema, SC","Itapema, SC, Centro",8,456,2325.33,10,2671.81,2025-10,0.6087,0.2867,14,31,205.14,,0,0,2025-10-27,0.87,1641.12,346.48,berlinda
MHFA2005,Itapema-Canto_Praia-apartamento-SUP-1Q,Carteira 5,SC,"Itapema, SC","Itapema, SC, Centro",0,443,3322.43,11,1766.45,2025-10,0.7742,0.415,24,31,163.04,,0,0,2025-10-27,1.88,0.0,-1555.9799999999998,ok
MMP0137,Itapema-Meia_Praia-Sul-apartamento-SUP-3Q,Carteira 6,SC,"Itapema, SC","Itapema, SC, Meia Praia",4,92,3828.13,17,3503.7,2025-10,0.7778,0.4236,21,31,222.38,186.75,4,0,2025-10-27,1.09,889.52,-324.4300000000003,berlinda
NWT0505,Especial-NWT-apartamento-TOP-1Q,Carteira 5,AL,"Maceió, AL","Maceió, AL, Pajuçara",0,335,4539.66,34,5613.71,2025-10,0.4839,0.7261,15,31,359.87,280.0,3,0,2025-10-27,0.81,0.0,1074.0500000000002,berlinda
NWT1003,Especial-NWT-apartamento-TOP-1Q,Carteira 5,AL,"Maceió, AL","Maceió, AL, Pajuçara",0,168,5754.07,34,5613.71,2025-10,0.6129,0.7261,19,31,381.95,287.75,4,0,2025-10-27,1.03,0.0,-140.35999999999967,berlinda
RLV0206,Florianopolis-Novo_Campeche-apartamento-SUP-3Q,Carteira 1,SC,"Florianópolis, SC","Florianópolis, SC, Campeche",9,286,4748.34,56,5802.52,2025-10,0.8636,0.5647,19,31,322.53,,0,0,2025-10-27,0.82,2902.7699999999995,1054.1800000000003,berlinda
RUC0002,Bombinhas-Mariscal-casa-JR-2Q,Carteira 6,SC,"Bombinhas, SC","Bombinhas, SC, Canto Grande",0,301,1419.85,13,1921.85,2025-10,0.3226,0.3131,10,31,109.33,,0,0,2025-10-27,0.74,0.0,502.0,atenção
SSG0102,Florianopolis-UFSC-apartamento-TOP-1Q,Carteira 4,SC,"Florianópolis, SC","Florianópolis, SC, Córrego Grande",1,964,2179.58,15,2661.35,2025-10,0.4667,0.5879,14,31,207.29,172.5,4,0,2025-10-27,0.82,207.29,481.77,berlinda
TXP1912,Goiania-Central-apartamento-TOP-2Q,Carteira 1,GO,"Goiânia, GO","Goiânia, GO, Setor Bueno",2,726,4329.26,15,4010.02,2025-10,0.5517,0.5109,16,31,261.68,,0,0,2025-10-27,1.08,523.36,-319.24000000000024,berlinda
VAC0708,Barra_Velha-Tabuleiro-apartamento-SUP-2Q,Carteira 3,SC,"Barra Velha, SC","Barra Velha, SC, Itajubá",0,160,4533.48,75,1277.88,2025-10,0.8387,0.273,26,31,285.35,153.0,2,0,2025-10-27,3.55,0.0,-3255.5999999999995,meta_subestimada
VAC0906,Barra_Velha-Tabuleiro-apartamento-SUP-2Q,Carteira 3,SC,"Barra Velha, SC","Barra Velha, SC, Itajubá",0,96,1864.0,75,1277.88,2025-10,0.4516,0.273,14,31,161.86,1441.0,4,11,2025-10-27,1.46,0.0,-586.1199999999999,ok
VGZ0003,Imbituba-Praia_do_Rosa-casa-SUP-1Q,Carteira 6,SC,"Imbituba, SC","Imbituba, SC, Ibiraquera",0,589,2662.26,50,2553.81,2025-10,0.7419,0.2948,23,31,140.48,110.0,1,0,2025-10-27,1.04,0.0,-108.45000000000027,berlinda
BSL190,Penha-Praia-casa-JR-5Q,Carteira 6,SC,"Penha, SC","Penha, SC, Penha",6,602,4628.57,16,5870.82,2025-10,0.52,0.5115,13,31,497.62,230.0,2,0,2025-10-27,0.79,2985.7200000000003,1242.25,atenção
CBE0201,Florianopolis-Ingleses_Centro-apartamento-SUP-2Q,Carteira 1,SC,"Florianópolis, SC","Florianópolis, SC, Ingleses Norte",2,135,3768.06,25,2607.34,2025-10,0.8276,0.466,24,31,199.75,,0,0,2025-10-27,1.45,399.5,-1160.7199999999998,ok
GIU0001,Porto_Seguro-Pataxos-apartamento-JR-2Q,Carteira 2,BA,"Porto Seguro, BA","Porto Seguro, BA, Paraíso dos Pataxós",0,40,769.44,68,3142.14,2025-10,0.129,0.5275,4,31,199.56,,0,0,2025-10-27,0.24,0.0,2372.7,crítico
JBV248,Especial-JBV-hotel-TOP-1Q,Especial,SC,"Florianópolis, SC","Florianópolis, SC, Jurerê",0,1268,12444.51,32,10019.61,2025-10,0.9355,0.8219,29,31,562.41,,0,0,2025-10-27,1.24,0.0,-2424.8999999999996,ok
JSO0008,Porto_Seguro-Pataxos-apartamento-JR-1Q,Carteira 2,BA,"Porto Seguro, BA","Porto Seguro, BA, PRAIA DE MUNDAÍ",3,341,734.01,43,3601.03,2025-10,0.1071,0.6343,3,31,359.0,359.0,4,31,2025-10-27,0.2,1077.0,2867.0200000000004,crítico
LGD0201,Florianopolis-Centrao-apartamento-TOP-2Q,Carteira 4,SC,"Florianópolis, SC","Florianópolis, SC, Centro",2,376,6978.66,23,5167.96,2025-10,0.8621,0.5696,25,31,369.28,,0,0,2025-10-27,1.35,738.56,-1810.6999999999998,ok
MHB0302,Florianopolis-Novo_Campeche-apartamento-SUP-3Q,Carteira 1,SC,"Florianópolis, SC","Florianópolis, SC, Campeche",8,97,4967.38,56,5802.52,2025-10,0.8696,0.5647,20,31,268.4,,0,0,2025-10-27,0.86,2147.2,835.1400000000003,berlinda
NWT0509,Especial-NWT-apartamento-TOP-1Q,Carteira 5,AL,"Maceió, AL","Maceió, AL, Pajuçara",3,307,6557.96,34,5613.71,2025-10,0.8214,0.7261,23,31,331.91,280.0,2,0,2025-10-27,1.17,995.73,-944.25,ok
NWT1024,Especial-NWT-apartamento-TOP-1Q,Carteira 5,AL,"Maceió, AL","Maceió, AL, Pajuçara",1,168,6648.21,34,5613.71,2025-10,0.9,0.7261,27,31,354.41,280.0,1,0,2025-10-27,1.18,354.41,-1034.5,ok
OKA134,Florianopolis-Campeche-apartamento-SUP-1Q,Carteira 1,SC,"Florianópolis, SC","Florianópolis, SC, Campeche",0,1002,2834.82,25,2756.73,2025-10,0.6452,0.5652,20,31,186.55,197.5,2,0,2025-10-27,1.03,0.0,-78.09000000000015,berlinda
PTG0030,Porto_Seguro-Pitinga-casa-TOP-4Q,Carteira 2,BA,"Porto Seguro, BA","Porto Seguro, BA, Arraial DAjuda",16,362,4318.38,7,18006.58,2025-10,0.4,0.72,6,31,1050.0,,0,15,2025-10-27,0.24,16800.0,13688.2,crítico
RAL204,Florianopolis-Ingleses_Centro-apartamento-JR-2Q,Carteira 1,SC,"Florianópolis, SC","Florianópolis, SC, Ingleses do Rio Vermelho",0,483,1115.95,21,1504.5,2025-10,0.3226,0.4685,10,31,129.8,134.67,3,0,2025-10-27,0.74,0.0,388.54999999999995,atenção
RFM0023,Santa_Cruz_Cabralia-Coroa_Vermelha-apartamento-SUP-3Q,Carteira 2,BA,"Santa Cruz Cabrália, BA","Santa Cruz Cabrália, BA, Coroa Vermelha",1,355,5000.66,28,4108.9,2025-10,0.4667,0.4728,14,31,416.93,270.0,4,0,2025-10-27,1.22,416.93,-891.7600000000002,ok
ROR0002,Bombinhas-Bombas-apartamento-JR-3Q,Carteira 6,SC,"Bombinhas, SC","Bombinhas, SC, Bombas",0,259,3618.52,73,2047.65,2025-10,0.9677,0.3695,30,31,160.2,,0,0,2025-10-27,1.77,0.0,-1570.87,ok
SJS0004,Florianopolis-Ingleses_Centro-apartamento-JR-1Q,Carteira 1,SC,"Florianópolis, SC","Florianópolis, SC, Ingleses do Rio Vermelho",0,286,2644.39,16,2053.66,2025-10,0.9355,0.7071,29,31,101.45,,0,0,2025-10-27,1.29,0.0,-590.73,ok
SKL1107,Penha-Praia-apartamento-SUP-3Q,Carteira 6,SC,"Penha, SC","Penha, SC, Armação",0,6,2512.34,19,3825.0,2025-10,0.4839,0.352,15,31,211.33,186.75,4,0,2025-10-27,0.66,0.0,1312.6599999999999,atenção
SPL0342,Pocos_de_Caldas-Geral-casa-JR-3Q,Carteira 4,MG,"Poços de Caldas, MG","Poços de Caldas, MG, Centro",6,358,0.0,7,1411.21,2025-10,0.0,0.3366,0,31,0.0,335.0,4,31,2025-10-27,0.0,0.0,1411.21,crítico
SVE407,Florianopolis-UFSC-apartamento-TOP-1Q,Carteira 4,SC,"Florianópolis, SC","Florianópolis, SC, Pantanal",2,714,2083.67,15,2661.35,2025-10,0.3793,0.5879,11,31,220.36,172.5,4,0,2025-10-27,0.78,440.72,577.6799999999998,atenção
TCO0512,Porto_Alegre-Centro_Historico-apartamento-SUP-1Q,Carteira 4,RS,"Porto Alegre, RS","Porto Alegre, RS, Centro Histórico",0,478,2285.53,87,2119.74,2025-10,0.6774,0.5817,21,31,125.05,120.0,4,0,2025-10-27,1.08,0.0,-165.79000000000042,berlinda
TCO0802,Porto_Alegre-Centro_Historico-apartamento-SUP-1Q,Carteira 4,RS,"Porto Alegre, RS","Porto Alegre, RS, Centro Histórico",31,531,0.0,87,2119.74,2025-10,,0.5817,0,31,0.0,,0,0,2025-10-27,0.0,0.0,2119.74,crítico
TXP0311,Goiania-Central-apartamento-SUP-2Q,Carteira 1,GO,"Goiânia, GO","Goiânia, GO, Setor Bueno",0,741,3902.2,48,3185.93,2025-10,0.6129,0.4722,19,31,238.63,215.0,1,18,2025-10-27,1.22,0.0,-716.27,ok
VGZ0004,Imbituba-Praia_do_Rosa-casa-SUP-1Q,Carteira 6,SC,"Imbituba, SC","Imbituba, SC, Ibiraquera",0,589,2232.53,50,2553.81,2025-10,0.5806,0.2948,18,31,153.61,138.75,4,0,2025-10-27,0.87,0.0,321.27999999999975,berlinda
VLL0001,Marau-Barra_Grande-apartamento-TOP-3Q,Carteira 2,BA,"Maraú, BA","Maraú, BA, Barra Grande",4,72,3418.69,9,4379.63,2025-10,0.4074,0.2455,11,31,420.0,,0,0,2025-10-27,0.78,1680.0,960.94,atenção
CBU203,Florianopolis-Novo_Campeche-apartamento-SUP-2Q,Carteira 1,SC,"Florianópolis, SC","Florianópolis, SC, Campeche",4,364,4405.34,32,3840.34,2025-10,0.9259,0.5,25,31,221.24,,0,0,2025-10-27,1.15,884.96,-565.0,ok
CFE0503,Florianopolis-Beira_Mar-apartamento-SUP-1Q,Carteira 4,SC,"Florianópolis, SC","Florianópolis, SC, Agronômica",0,5,4149.45,21,3548.96,2025-10,0.8387,0.4802,26,31,182.81,,0,0,2025-10-27,1.17,0.0,-600.4899999999998,ok
CNA005,Especial-CNA-casa-MASTER-1Q,Especial,SP,"Campos do Jordão, SP","Campos do Jordão, SP, Jardim Europa",0,985,10298.51,25,9245.88,2025-10,0.6452,0.485,20,31,628.75,350.0,1,7,2025-10-27,1.11,0.0,-1052.630000000001,ok
CNA008,Especial-CNA-casa-MASTER-1Q,Especial,SP,"Campos do Jordão, SP","Campos do Jordão, SP, Jardim Europa",0,985,12622.16,25,9245.88,2025-10,0.8065,0.485,25,31,622.8,557.5,2,8,2025-10-27,1.37,0.0,-3376.2800000000007,ok
CNA010,Especial-CNA-casa-MASTER-1Q,Especial,SP,"Campos do Jordão, SP","Campos do Jordão, SP, Jardim Europa",0,985,10890.3,25,9245.88,2025-10,0.6452,0.485,20,31,634.86,350.0,1,6,2025-10-27,1.18,0.0,-1644.42,ok
CNA011,Especial-CNA-casa-MASTER-1Q,Especial,SP,"Campos do Jordão, SP","Campos do Jordão, SP, Jardim Europa",0,985,13928.45,25,9245.88,2025-10,0.7742,0.485,24,31,707.81,,0,1,2025-10-27,1.51,0.0,-4682.5700000000015,ok
COA0314,Brasilia-Setor_Hoteleiro-apartamento-SUP-1Q,Carteira 1,DF,"Brasília, DF","Brasília, DF, Asa Norte",0,730,3776.44,145,6666.83,2025-10,0.5806,0.7835,18,31,247.39,200.0,2,0,2025-10-27,0.57,0.0,2890.39,atenção
EJO0403,Florianopolis-Centrao-apartamento-JR-1Q,Carteira 4,SC,"Florianópolis, SC","Florianópolis, SC, Centro",6,362,1971.14,68,2759.16,2025-10,0.64,0.6039,16,31,143.25,94.67,3,0,2025-10-27,0.71,859.5,788.0199999999998,atenção
EMR302,Florianopolis-Jurere_Internacional-apartamento-SUP-2Q,Carteira 1,SC,"Florianópolis, SC","Florianópolis, SC, Jurerê Internacional",0,916,4721.3,17,3601.03,2025-10,0.7742,0.3488,24,31,287.21,,0,0,2025-10-27,1.31,0.0,-1120.27,ok
ESZ0103,Brasilia-Asa_Norte-apartamento-JR-1Q,Carteira 1,DF,"Brasília, DF","Brasília, DF, Asa Norte",0,285,3345.94,152,3070.12,2025-10,0.7419,0.7888,23,31,187.7,174.0,1,0,2025-10-27,1.09,0.0,-275.82000000000016,berlinda
ILH0503,Balneario_Camboriu-Intermediario-apartamento-JR-2Q,Carteira 6,SC,"Balneário Camboriú, SC","Balneário Camboriú, SC, Centro",0,5,2423.96,49,2944.08,2025-10,0.5161,0.5022,16,31,151.56,133.0,1,0,2025-10-27,0.82,0.0,520.1199999999999,berlinda
LIV0803,Salvador-Graca-apartamento-TOP-1Q,Especial,BA,"Salvador, BA","Salvador, BA, Vitória",0,225,4171.27,12,2921.78,2025-10,0.8387,0.5466,26,31,219.08,,0,0,2025-10-27,1.43,0.0,-1249.4900000000002,ok
MGI025,Porto_Seguro-Pitinga-casa-SUP-2Q,Carteira 2,BA,"Porto Seguro, BA","Porto Seguro, BA, Arraial DAjuda",6,176,6625.22,10,6763.48,2025-10,0.56,0.5167,14,31,600.0,600.0,4,0,2025-10-27,0.98,3600.0,138.2599999999993,berlinda
MHE0111,Florianopolis-Cachoeira_Bom_Jesus-apartamento-MASTER-1Q,Carteira 1,SC,"Florianópolis, SC","Florianópolis, SC, Cachoeira do Bom Jesus",1,195,5600.44,9,4148.0,2025-10,0.8667,0.407,26,31,267.73,,0,0,2025-10-27,1.35,267.73,-1452.4399999999996,ok
NWT0508,Especial-NWT-apartamento-TOP-1Q,Carteira 5,AL,"Maceió, AL","Maceió, AL, Pajuçara",1,229,3935.31,34,5613.71,2025-10,0.5333,0.7261,16,31,292.63,287.75,4,0,2025-10-27,0.7,292.63,1678.4,atenção
NWT1223,Especial-NWT-apartamento-TOP-1Q,Carteira 5,AL,"Maceió, AL","Maceió, AL, Pajuçara",4,294,4975.03,34,5613.71,2025-10,0.7407,0.7261,20,31,371.25,280.0,2,7,2025-10-27,0.89,1485.0,638.6800000000003,berlinda
PBR0003,Porto_Seguro-Estrada_da_Balsa-casa-TOP-3Q,Carteira 2,BA,"Porto Seguro, BA","Porto Seguro, BA, Arraial d ajuda",10,275,7360.24,16,9163.88,2025-10,0.8095,0.6616,17,31,529.94,540.0,1,0,2025-10-27,0.8,5299.400000000001,1803.6399999999994,berlinda
PIC0125,Bombinhas-Centro-apartamento-JR-3Q,Carteira 6,SC,"Bombinhas, SC","Bombinhas, SC, Centro",7,432,2629.43,46,1983.05,2025-10,0.8333,0.2911,20,31,151.7,130.0,2,0,2025-10-27,1.33,1061.8999999999999,-646.3799999999999,ok
PSD102,Florianopolis-Jurere_Tradicional-apartamento-JR-1Q,Carteira 1,SC,"Florianópolis, SC","Florianópolis, SC, Jurerê",6,1959,1733.83,14,1897.84,2025-10,0.6,0.4698,15,31,138.4,143.0,2,0,2025-10-27,0.91,830.4000000000001,164.01,berlinda
RCI0201,Florianopolis-Ingleses_Norte-apartamento-JR-2Q,Carteira 1,SC,"Florianópolis, SC","Florianópolis, SC, Ingleses do Rio Vermelho",0,300,1510.44,32,2245.74,2025-10,0.4194,0.5091,13,31,160.69,,0,0,2025-10-27,0.67,0.0,735.2999999999997,atenção
RTL0302,Itapema-Canto_Praia-apartamento-JR-2Q,Carteira 6,SC,"Itapema, SC","Itapema, SC, Centro",0,378,3923.36,17,1557.2,2025-10,1.0,0.3739,31,31,201.0,,0,0,2025-10-27,2.52,0.0,-2366.16,meta_subestimada
RUP0603,Blumenau-Central-apartamento-SUP-1Q,Carteira 4,SC,"Blumenau, SC","Blumenau, SC, Escola Agrícola",0,434,7031.55,77,8352.92,2025-10,0.7097,0.6104,22,31,368.17,,0,0,2025-10-27,0.84,0.0,1321.37,berlinda
SKL0507,Penha-Praia-apartamento-SUP-3Q,Carteira 6,SC,"Penha, SC","Penha, SC, Armação",17,103,2290.03,19,3825.0,2025-10,0.7857,0.352,11,31,247.91,180.0,1,0,2025-10-27,0.6,4214.47,1534.9699999999998,atenção
SMB0307,Florianopolis-Canasvieiras_Perto-apartamento-JR-1Q,Carteira 1,SC,"Florianópolis, SC","Florianópolis, SC, Canasvieiras",0,328,2905.62,31,1703.19,2025-10,0.871,0.4168,27,31,161.19,171.0,1,0,2025-10-27,1.71,0.0,-1202.4299999999998,ok
TSO0403,Balneario_Camboriu-Longe-apartamento-MASTER-2Q,Carteira 6,SC,"Balneário Camboriú, SC","Balneário Camboriú, SC, Estados",0,12,5364.27,33,5211.35,2025-10,0.8387,0.5887,26,31,251.04,259.5,4,0,2025-10-27,1.03,0.0,-152.92000000000007,berlinda
TXP1101,Goiania-Central-apartamento-TOP-2Q,Carteira 1,GO,"Goiânia, GO","Goiânia, GO, Setor Bueno",0,167,5893.13,15,4010.02,2025-10,0.7419,0.5109,23,31,282.1,,0,0,2025-10-27,1.47,0.0,-1883.1100000000001,ok
VGZ0006,Imbituba-Praia_do_Rosa-casa-SUP-1Q,Carteira 6,SC,"Imbituba, SC","Imbituba, SC, Ibiraquera",0,589,2148.32,50,2553.81,2025-10,0.5161,0.2948,16,31,157.0,138.75,4,0,2025-10-27,0.84,0.0,405.4899999999998,berlinda
VLO0504,Florianopolis-Jurere_Longe-apartamento-TOP-2Q,Carteira 1,SC,"Florianópolis, SC","Florianópolis, SC, Jurerê Internacional",3,327,5189.15,13,4867.95,2025-10,0.5714,0.5495,16,31,480.88,352.0,3,0,2025-10-27,1.07,1442.6399999999999,-321.1999999999998,berlinda
VST038,Especial-VST-casa-TOP-1Q,Carteira 5,SC,"Anitápolis, SC","Anitápolis, SC, Rio dos Pinheiros",0,92,2496.41,45,2754.3,2025-10,0.4839,0.2088,15,31,218.53,160.0,2,0,2025-10-27,0.91,0.0,257.8900000000003,berlinda
WAL0714,Sao_Paulo-Butanta-apartamento-SUP-1Q,Carteira 4,SP,"São Paulo, SP","São Paulo, SP, Butantã",0,79,4445.12,26,3585.86,2025-10,0.8387,0.6606,26,31,205.31,150.0,1,0,2025-10-27,1.24,0.0,-859.2599999999998,ok
BFH0101,Balneario_Camboriu-Longe-apartamento-JR-2Q,Carteira 6,SC,"Balneário Camboriú, SC","Balneário Camboriú, SC, Nações",5,645,3257.28,21,2182.03,2025-10,1.0,0.4945,26,31,164.92,,0,0,2025-10-27,1.49,824.5999999999999,-1075.25,ok
BSO0205,Itajai-Praia_Brava-apartamento-SUP-1Q,Carteira 6,SC,"Balneário Camboriú, SC","Balneário Camboriú, SC, Praia dos Amores",0,167,3001.82,55,2564.51,2025-10,0.7742,0.5263,24,31,177.54,127.5,4,0,2025-10-27,1.17,0.0,-437.30999999999995,ok
CLG0408,Florianopolis-Centrao-apartamento-TOP-1Q,Carteira 5,SC,"Florianópolis, SC","Florianópolis, SC, Centro",1,33,2767.82,23,5318.32,2025-10,0.6333,0.5262,19,31,182.47,320.0,2,8,2025-10-27,0.52,182.47,2550.4999999999995,atenção
CRVA0007,Florianopolis-Praia_Brava-apartamento-JR-2Q,Carteira 1,SC,"Florianópolis, SC","Florianópolis, SC, Canasvieiras",16,313,1037.26,13,2277.41,2025-10,0.4667,0.3911,7,31,173.43,225.75,4,0,2025-10-27,0.46,2774.88,1240.1499999999999,crítico
DLH0204,Gramado-Centro-apartamento-TOP-2Q,Carteira 4,RS,"Gramado, RS","Gramado, RS, Centro",0,419,8052.04,53,5324.65,2025-10,0.8065,0.5115,25,31,406.0,431.0,1,0,2025-10-27,1.51,0.0,-2727.3900000000003,ok
ENC0307,Salvador-Ondina_Rio_Vermelho-apartamento-TOP-1Q,Carteira 2,BA,"Salvador, BA","Salvador, BA, Rio Vermelho",2,78,3657.59,44,3860.1,2025-10,0.6552,0.6579,19,31,219.47,175.67,3,0,2025-10-27,0.95,438.94,202.50999999999976,berlinda
EOA0803,Balneario_Camboriu-Centro-apartamento-SUP-3Q,Carteira 6,SC,"Balneário Camboriú, SC","Balneário Camboriú, SC, Centro",8,210,5873.42,79,4235.1,2025-10,0.7391,0.482,17,31,401.0,208.5,2,0,2025-10-27,1.39,3208.0,-1638.3199999999997,ok
HMO0409,Sao_Paulo-Butanta-apartamento-SUP-1Q,Carteira 4,SP,"São Paulo, SP","São Paulo, SP, Butantã",0,404,3671.9,26,3585.86,2025-10,0.7419,0.6606,23,31,181.68,,0,0,2025-10-27,1.02,0.0,-86.03999999999996,berlinda
MHF0501,Itapema-Canto_Praia-apartamento-TOP-1Q,Carteira 5,SC,"Itapema, SC","Itapema, SC, Centro",1,426,2851.07,15,3459.9,2025-10,0.6667,0.6192,20,31,168.85,175.67,3,0,2025-10-27,0.82,168.85,608.8299999999999,berlinda
MHF0807,Itapema-Canto_Praia-apartamento-TOP-1Q,Carteira 5,SC,"Itapema, SC","Itapema, SC, Centro",7,341,2890.0,15,3459.9,2025-10,0.8333,0.6192,20,31,176.75,,0,0,2025-10-27,0.84,1237.25,569.9000000000001,berlinda
NWT0916,Especial-NWT-apartamento-TOP-1Q,Carteira 5,AL,"Maceió, AL","Maceió, AL, Pajuçara",0,190,4938.31,34,5613.71,2025-10,0.6774,0.7261,21,31,278.1,,0,0,2025-10-27,0.88,0.0,675.3999999999996,berlinda
NWT1012,Especial-NWT-apartamento-TOP-1Q,Carteira 5,AL,"Maceió, AL","Maceió, AL, Pajuçara",1,154,5908.48,34,5613.71,2025-10,0.8,0.7261,24,31,321.54,,0,0,2025-10-27,1.05,321.54,-294.7699999999995,berlinda
OBP0602,Penha-Beto_Carrero-apartamento-TOP-2Q,Carteira 3,SC,"Penha, SC","Penha, SC, Armação",0,28,3071.29,46,3934.12,2025-10,0.5806,0.4571,18,31,219.5,211.5,4,0,2025-10-27,0.78,0.0,862.8299999999999,atenção
PNA0402,Balneario_Camboriu-Centro-apartamento-SUP-3Q,Carteira 6,SC,"Balneário Camboriú, SC","Balneário Camboriú, SC, Centro",0,511,4893.9,79,4235.1,2025-10,0.7419,0.482,23,31,265.17,160.0,1,0,2025-10-27,1.16,0.0,-658.7999999999993,ok
PSOB1007,Penha-Beto_Carrero-apartamento-SUP-1Q,Carteira 3,SC,"Penha, SC","Penha, SC, Praia de Armação do Itapocoroi",0,98,2955.19,18,2566.46,2025-10,0.6129,0.6596,19,31,183.89,135.0,3,0,2025-10-27,1.15,0.0,-388.73,ok
SMT0930,Salvador-Boca_do_Rio-apartamento-SUP-1Q,Carteira 2,BA,"Salvador, BA","Salvador, BA, Armação",1,236,2400.71,28,2387.44,2025-10,0.5667,0.6706,17,31,160.65,164.0,2,0,2025-10-27,1.01,160.65,-13.269999999999982,berlinda
SPJ0405,Especial-SPJ-apartamento-TOP-1Q,Carteira 5,SC,"Florianópolis, SC","Florianópolis, SC, Jurerê",0,304,4946.47,19,3903.22,2025-10,0.8065,0.6281,25,31,238.56,162.0,3,0,2025-10-27,1.27,0.0,-1043.2500000000005,ok
TAN0000,Imbituba-Ibiraquera-casa-JR-2Q,Carteira 6,SC,"Imbituba, SC","Imbituba, SC, Ibiraquera",15,196,1017.96,11,648.18,2025-10,0.4375,0.3206,7,31,160.0,160.0,3,23,2025-10-27,1.57,2400.0,-369.7800000000001,ok
TSO0501,Balneario_Camboriu-Longe-apartamento-MASTER-2Q,Carteira 6,SC,"Balneário Camboriú, SC","Balneário Camboriú, SC, Estados",0,21,5244.52,33,5211.35,2025-10,0.9355,0.5887,29,31,240.38,250.0,1,0,2025-10-27,1.01,0.0,-33.17000000000007,berlinda
VGZ0002,Imbituba-Praia_do_Rosa-casa-SUP-1Q,Carteira 6,SC,"Imbituba, SC","Imbituba, SC, Ibiraquera",5,589,2305.79,50,2553.81,2025-10,0.6923,0.2948,18,31,148.22,110.0,1,0,2025-10-27,0.9,741.1,248.01999999999998,berlinda
VLL0107,Marau-Barra_Grande-apartamento-TOP-3Q,Carteira 2,BA,"Maraú, BA","Maraú, BA, Barra Grande",7,133,2217.41,9,4379.63,2025-10,0.2917,0.2455,7,31,434.57,438.75,4,0,2025-10-27,0.51,3041.99,2162.2200000000003,atenção
VLRY705,Florianopolis-Centrao-apartamento-SUP-1Q,Carteira 5,SC,"Florianópolis, SC","Florianópolis, SC, Centro",2,244,3077.91,122,3775.97,2025-10,0.8276,0.5975,24,31,153.27,136.67,3,0,2025-10-27,0.82,306.54,698.06,berlinda
AAR0101,Florianopolis-Campeche_Praia-apartamento-JR-1Q,Carteira 1,SC,"Florianópolis, SC","Florianópolis, SC, Campeche",0,103,2307.26,12,1110.09,2025-10,0.7097,0.4643,22,31,117.95,132.67,3,0,2025-10-27,2.08,0.0,-1197.1700000000003,meta_subestimada
ADJ205,Florianopolis-Jurere_Tradicional-apartamento-JR-2Q,Carteira 1,SC,"Florianópolis, SC","Florianópolis, SC, Jurerê Internacional",31,1953,0.0,18,3833.79,2025-10,,0.4718,0,31,0.0,,0,0,2025-10-27,0.0,0.0,3833.79,crítico
BHY0614,Brasilia-Setor_Hoteleiro-apartamento-JR-1Q,Carteira 1,DF,"Brasília, DF","Brasília, DF, Asa Norte",0,572,3659.34,95,5287.18,2025-10,0.6774,0.6999,21,31,241.19,170.0,2,0,2025-10-27,0.69,0.0,1627.8400000000001,atenção
EPE0304,Canela-Geral-apartamento-SUP-2Q,Carteira 4,RS,"Canela, RS","Canela, RS, Vila Luiza",0,77,2063.56,17,3094.93,2025-10,0.3548,0.3208,11,31,230.55,240.0,4,0,2025-10-27,0.67,0.0,1031.37,atenção
ILC2310,Especial-ILC-hotel-TOP-1Q,Especial,SC,"Florianópolis, SC","Florianópolis, SC, Jurerê Internacional",7,1296,7725.17,28,10019.61,2025-10,0.7917,0.8614,19,31,501.79,,0,0,2025-10-27,0.77,3512.53,2294.4400000000005,atenção
MRD0501,Balneario_Camboriu-Centro-apartamento-SUP-3Q,Carteira 6,SC,"Balneário Camboriú, SC","Balneário Camboriú, SC, Centro",8,187,4689.0,79,4235.1,2025-10,0.7826,0.482,18,31,376.28,190.0,1,0,2025-10-27,1.11,3010.24,-453.89999999999964,ok
MSSO1208,Goiania-Leste-apartamento-SUP-1Q,Carteira 1,GO,"Goiânia, GO","Goiânia, GO, Jardim Goiás",0,736,3049.03,76,2650.3,2025-10,0.7419,0.5845,23,31,155.52,,0,0,2025-10-27,1.15,0.0,-398.73,ok
NWT0902,Especial-NWT-apartamento-TOP-1Q,Carteira 5,AL,"Maceió, AL","Maceió, AL, Pajuçara",1,190,5673.21,34,5613.71,2025-10,0.8333,0.7261,25,31,261.28,,0,0,2025-10-27,1.01,261.28,-59.5,berlinda
PGO209,Pocos_de_Caldas-Geral-apartamento-SUP-1Q,Carteira 4,MG,"Poços de Caldas, MG","Poços de Caldas, MG, São Benedito",3,777,1053.66,30,1751.93,2025-10,0.3214,0.4614,9,31,146.56,129.25,4,0,2025-10-27,0.6,439.68,698.27,atenção
SRE0201,Florianopolis-UFSC-apartamento-TOP-2Q,Carteira 4,SC,"Florianópolis, SC","Florianópolis, SC, Carvoeira",2,169,3151.93,12,2699.8,2025-10,0.4828,0.4077,14,31,287.79,221.25,4,0,2025-10-27,1.17,575.58,-452.12999999999965,ok
SRR0007,Porto_Seguro-Pataxos-apartamento-JR-2Q,Carteira 2,BA,"Porto Seguro, BA","Porto Seguro, BA, Village",0,34,1328.25,68,3142.14,2025-10,0.2258,0.5275,7,31,297.0,142.5,4,0,2025-10-27,0.42,0.0,1813.8899999999999,crítico
STE0312,Salvador-Ondina_Rio_Vermelho-apartamento-SUP-1Q,Carteira 2,BA,"Salvador, BA","Salvador, BA, Ondina",0,44,3887.28,67,2441.63,2025-10,1.0,0.5897,31,31,148.58,,0,0,2025-10-27,1.59,0.0,-1445.65,ok
VGN0102,Florianopolis-Ingleses_Praia-apartamento-SUP-2Q,Carteira 1,SC,"Florianópolis, SC","Florianópolis, SC, Ingleses do Rio Vermelho",3,257,3293.76,47,2993.28,2025-10,0.6786,0.4455,19,31,226.11,144.0,3,0,2025-10-27,1.1,678.33,-300.48,ok
VLJ204,Florianopolis-Canajure-apartamento-TOP-1Q,Carteira 1,SC,"Florianópolis, SC","Florianópolis, SC, Jurerê",5,506,0.0,25,3623.41,2025-10,0.0,0.4817,0,31,0.0,640.0,4,31,2025-10-27,0.0,0.0,3623.41,crítico
VRE102,Bombinhas-Bombas-apartamento-SUP-2Q,Carteira 6,SC,"Bombinhas, SC","Bombinhas, SC, Bombas",1,533,2883.39,61,2189.81,2025-10,0.8,0.3675,24,31,144.42,127.0,2,0,2025-10-27,1.32,144.42,-693.5799999999999,ok
VVP0027,Cabo_Frio-Pero_Perto-casa-JR-4Q,Carteira 4,RJ,"Cabo Frio, RJ","Cabo Frio, RJ, Ogiva",6,376,5602.82,27,2919.75,2025-10,0.6,0.4275,15,31,544.4,277.67,3,0,2025-10-27,1.92,3266.3999999999996,-2683.0699999999997,ok
ALI024,Florianopolis-Cachoeira_Bom_Jesus-casa-SUP-4Q,Carteira 1,SC,"Florianópolis, SC","Florianópolis, SC, Cachoeira do Bom Jesus",8,708,5319.47,9,5839.5,2025-10,0.6087,0.369,14,31,415.71,,0,9,2025-10-27,0.91,3325.68,520.0299999999997,berlinda
ATP0001,Porto_Seguro-Pitinga-casa-SUP-4Q,Carteira 2,BA,"Porto Seguro, BA","Porto Seguro, BA, Arraial D ajuda",4,176,8413.2,12,7828.43,2025-10,0.5556,0.4583,15,31,667.8,490.5,4,0,2025-10-27,1.07,2671.2,-584.7700000000004,berlinda
BSO0101,Itajai-Praia_Brava-apartamento-SUP-1Q,Carteira 6,SC,"Balneário Camboriú, SC","Balneário Camboriú, SC, Praia dos Amores",0,26,3170.84,55,2564.51,2025-10,0.9032,0.5263,28,31,148.11,,0,0,2025-10-27,1.24,0.0,-606.3299999999999,ok
CAS014,Florianopolis-Estreito-apartamento-JR-2Q,Carteira 4,SC,"Florianópolis, SC","Florianópolis, SC, Coqueiros",0,532,3149.31,11,2203.44,2025-10,0.7097,0.4381,22,31,161.27,,0,0,2025-10-27,1.43,0.0,-945.8699999999999,ok
CCU203,Florianopolis-Praia_Brava-apartamento-JR-2Q,Carteira 1,SC,"Florianópolis, SC","Florianópolis, SC, Praia Brava",4,1161,2610.99,13,2277.41,2025-10,0.5926,0.3911,16,31,198.13,225.75,4,0,2025-10-27,1.15,792.52,-333.5799999999999,ok
DOV108,Florianopolis-Ingleses_Norte-apartamento-SUP-2Q,Carteira 1,SC,"Florianópolis, SC","Florianópolis, SC, Ingleses",2,814,3050.84,63,2335.8,2025-10,0.6897,0.3938,20,31,191.9,,0,0,2025-10-27,1.31,383.8,-715.04,ok
ECF0306,Cabo_Frio-Centro-apartamento-JR-2Q,Carteira 4,RJ,"Cabo Frio, RJ","Cabo Frio, RJ, Centro",2,386,2842.09,163,3448.03,2025-10,0.5517,0.6105,16,31,213.88,163.67,3,0,2025-10-27,0.82,427.76,605.94,berlinda
EIO6031,Itapema-Meia_Praia-Norte-apartamento-JR-3Q,Carteira 6,SC,"Itapema, SC","Itapema, SC, Meia Praia",6,728,3014.14,10,2160.62,2025-10,0.76,0.3649,19,31,184.37,,0,0,2025-10-27,1.4,1106.22,-853.52,ok
LIV1704,Salvador-Graca-apartamento-SUP-1Q,Especial,BA,"Salvador, BA","Salvador, BA, Vitória",0,90,4112.57,35,3163.06,2025-10,0.9032,0.564,28,31,194.14,,0,0,2025-10-27,1.3,0.0,-949.5099999999998,ok
MHE213,Florianopolis-Cachoeira_Bom_Jesus-apartamento-MASTER-2Q,Carteira 1,SC,"Florianópolis, SC","Florianópolis, SC, Cachoeira do Bom Jesus",4,586,5900.76,10,7332.31,2025-10,0.7407,0.5438,20,31,371.05,378.0,1,0,2025-10-27,0.8,1484.2,1431.5500000000002,berlinda
MHFB0506,Itapema-Canto_Praia-apartamento-SUP-1Q,Carteira 5,SC,"Itapema, SC","Itapema, SC, Centro",0,426,2720.41,11,1766.45,2025-10,0.7097,0.415,22,31,137.95,130.0,2,0,2025-10-27,1.54,0.0,-953.9599999999998,ok
NBL0910,Porto_Alegre-Jardim_Botanico-apartamento-SUP-1Q,Carteira 4,RS,"Porto Alegre, RS","Porto Alegre, RS, Santa Cecília",0,671,1675.32,63,2126.55,2025-10,0.4839,0.5301,15,31,133.07,130.0,1,0,2025-10-27,0.79,0.0,451.23000000000025,atenção
NWT0605,Especial-NWT-apartamento-TOP-1Q,Carteira 5,AL,"Maceió, AL","Maceió, AL, Pajuçara",0,184,5212.6,34,5613.71,2025-10,0.7419,0.7261,23,31,269.83,250.0,2,0,2025-10-27,0.93,0.0,401.1099999999997,berlinda
ONJ2612,Sao_Paulo-Moema-apartamento-TOP-1Q,Carteira 4,SP,"São Paulo, SP","São Paulo, SP, Indianópolis",2,242,2184.59,106,4472.16,2025-10,0.3793,0.6908,11,31,237.82,200.0,1,0,2025-10-27,0.49,475.64,2287.5699999999997,crítico
PAN0301,Salvador-Barra-apartamento-SUP-2Q,Carteira 2,BA,"Salvador, BA","Salvador, BA, Barra",3,383,5507.14,26,3861.37,2025-10,1.0,0.6429,28,31,242.64,,0,0,2025-10-27,1.43,727.92,-1645.7700000000004,ok
PSJ0304,Florianopolis-Jurere_Tradicional-apartamento-SUP-2Q,Carteira 1,SC,"Florianópolis, SC","Florianópolis, SC, Jurerê",0,285,4932.31,27,3777.8,2025-10,0.9355,0.4779,29,31,204.62,182.0,2,0,2025-10-27,1.31,0.0,-1154.5100000000002,ok
RSU3842,Penha-Longe-apartamento-SUP-3Q,Carteira 6,SC,"Penha, SC","Penha, SC, Gravatá",0,272,3781.01,16,3902.8,2025-10,0.8065,0.3708,25,31,217.52,178.0,2,0,2025-10-27,0.97,0.0,121.78999999999996,berlinda
SJS0001,Florianopolis-Ingleses_Centro-apartamento-JR-1Q,Carteira 1,SC,"Florianópolis, SC","Florianópolis, SC, Ingleses do Rio Vermelho",0,342,841.08,16,2053.66,2025-10,0.3548,0.7071,11,31,103.18,101.25,4,0,2025-10-27,0.41,0.0,1212.58,crítico
SLC0103,Florianopolis-Rio_Vermelho-apartamento-JR-1Q,Carteira 1,SC,"Florianópolis, SC","Florianópolis, SC, Ingleses do Rio Vermelho",0,254,778.2,16,2053.66,2025-10,0.3871,0.7071,12,31,92.75,,0,0,2025-10-27,0.38,0.0,1275.4599999999998,crítico
TCO0709,Porto_Alegre-Centro_Historico-apartamento-SUP-1Q,Carteira 4,RS,"Porto Alegre, RS","Porto Alegre, RS, Centro Histórico",0,243,2898.76,87,2119.74,2025-10,0.871,0.5817,27,31,127.48,125.0,3,0,2025-10-27,1.37,0.0,-779.0200000000004,ok
TCO0811,Porto_Alegre-Centro_Historico-apartamento-SUP-1Q,Carteira 4,RS,"Porto Alegre, RS","Porto Alegre, RS, Centro Histórico",1,468,2501.01,87,2119.74,2025-10,0.8333,0.5817,25,31,122.44,,0,0,2025-10-27,1.18,122.44,-381.27000000000044,ok
TRS0006,Penha-Beto_Carrero-casa-SUP-1Q,Carteira 3,SC,"Penha, SC","Penha, SC, Armação",0,133,2296.24,23,2348.45,2025-10,0.5806,0.6374,18,31,157.78,120.75,4,0,2025-10-27,0.98,0.0,52.210000000000036,berlinda
TVT1009,Florianopolis-Centrao-apartamento-MASTER-1Q,Carteira 4,SC,"Florianópolis, SC","Florianópolis, SC, Centro",1,558,6085.92,30,4355.89,2025-10,0.9333,0.5881,28,31,296.43,,0,0,2025-10-27,1.4,296.43,-1730.0299999999997,ok
TXP1803,Goiania-Central-apartamento-SUP-1Q,Carteira 1,GO,"Goiânia, GO","Goiânia, GO, Setor Bueno",1,440,2864.87,161,2721.7,2025-10,0.7333,0.6044,22,31,155.91,140.0,1,0,2025-10-27,1.05,155.91,-143.17000000000007,berlinda
VIL0003,Penha-Longe-apartamento-JR-1Q,Carteira 6,SC,"Penha, SC","Penha, SC, Santa Lidia",0,7,423.35,16,1113.4,2025-10,0.1613,0.4017,5,31,117.0,93.5,4,0,2025-10-27,0.38,0.0,690.0500000000001,crítico
CAP0302,Gramado-Carniel-apartamento-TOP-2Q,Carteira 4,RS,"Gramado, RS","Gramado, RS, Carniel",3,659,5307.12,102,5319.73,2025-10,0.6429,0.5187,18,31,394.11,204.0,1,0,2025-10-27,1.0,1182.33,12.609999999999673,berlinda
CMI0301,Florianopolis-Ingleses_Centro-apartamento-SUP-2Q,Carteira 1,SC,"Florianópolis, SC","Florianópolis, SC, Ingleses do Rio Vermelho",0,672,487.32,25,2607.34,2025-10,0.129,0.466,4,31,161.5,195.0,4,0,2025-10-27,0.19,0.0,2120.02,crítico
CNU202,Florianopolis-Ingleses_Norte-apartamento-JR-2Q,Carteira 1,SC,"Florianópolis, SC","Florianópolis, SC, Ingleses do Rio Vermelho",2,1156,1157.83,32,2245.74,2025-10,0.3103,0.5091,9,31,147.89,160.0,2,0,2025-10-27,0.52,295.78,1087.9099999999999,atenção
EMA0201,Itapema-Meia_Praia-Sul-apartamento-TOP-3Q,Carteira 6,SC,"Itapema, SC","Itapema, SC, Meia Praia",9,201,3430.35,20,3425.84,2025-10,0.7273,0.273,16,31,300.25,,0,0,2025-10-27,1.0,2702.25,-4.5099999999997635,berlinda
JBV134,Especial-JBV-hotel-JR-1Q,Especial,SC,"Florianópolis, SC","Florianópolis, SC, Jurerê",1,1940,7234.9,25,7692.08,2025-10,0.8667,0.6447,26,31,340.54,241.5,2,0,2025-10-27,0.94,340.54,457.1800000000003,berlinda
LBH104,São_Miguel_dos_Milagres-Geral-casa-SUP-2Q,Carteira 2,AL,"Passo de Camaragibe, AL","Passo de Camaragibe, AL, Passo de Camaragibe",14,600,3410.9,17,5491.56,2025-10,0.7647,0.5144,13,31,291.92,,0,0,2025-10-27,0.62,4086.88,2080.6600000000003,atenção
MGI0068,Porto_Seguro-Pitinga-casa-TOP-3Q,Carteira 2,BA,"Porto Seguro, BA","Porto Seguro, BA, Alto da Pitinga",4,23,3857.68,12,7828.43,2025-10,0.2222,0.4583,6,31,800.0,800.0,4,31,2025-10-27,0.49,3200.0,3970.7500000000005,crítico
NWT0710,Especial-NWT-apartamento-TOP-1Q,Carteira 5,AL,"Maceió, AL","Maceió, AL, Pajuçara",0,155,5500.27,34,5613.71,2025-10,0.7419,0.7261,23,31,302.09,280.0,4,0,2025-10-27,0.98,0.0,113.4399999999996,berlinda
PSO0501,Penha-Beto_Carrero-apartamento-SUP-1Q,Carteira 3,SC,"Penha, SC","Penha, SC, Praia de Armação do Itapocoroi",0,61,3542.38,18,2566.46,2025-10,0.8387,0.6596,26,31,164.27,115.0,1,0,2025-10-27,1.38,0.0,-975.9200000000001,ok
RHE201,Bombinhas-Mariscal-casa-JR-2Q,Carteira 6,SC,"Bombinhas, SC","Bombinhas, SC, Morrinhos",1,544,1453.1,13,1921.85,2025-10,0.4667,0.3131,14,31,132.14,105.67,3,0,2025-10-27,0.76,132.14,468.75,atenção
ROR0001,Bombinhas-Bombas-apartamento-SUP-2Q,Carteira 6,SC,"Bombinhas, SC","Bombinhas, SC, Bombas",0,754,2161.59,61,2189.81,2025-10,0.6452,0.3675,20,31,129.5,105.0,1,0,2025-10-27,0.99,0.0,28.2199999999998,berlinda
RVG0207,Florianopolis-Ingleses_Norte-apartamento-SUP-2Q,Carteira 1,SC,"Florianópolis, SC","Florianópolis, SC, Ingleses Norte",3,170,3151.1,63,2335.8,2025-10,0.6071,0.3938,17,31,229.65,173.25,4,0,2025-10-27,1.35,688.95,-815.2999999999997,ok
SDP0206,Florianopolis-Ingleses_Praia-apartamento-SUP-2Q,Carteira 1,SC,"Florianópolis, SC","Florianópolis, SC, Ingleses do Rio Vermelho",0,915,1343.89,47,2993.28,2025-10,0.3226,0.4455,10,31,173.3,150.75,4,0,2025-10-27,0.45,0.0,1649.39,crítico
SHA0104,Balneario_Picarras-Geral-apartamento-SUP-2Q,Carteira 6,SC,"Balneário Piçarras, SC","Balneário Piçarras, SC, Centro",9,14,2031.12,58,1221.17,2025-10,0.9545,0.2657,21,31,136.71,,0,0,2025-10-27,1.66,1230.39,-809.9499999999998,ok
TCO1014,Porto_Alegre-Centro_Historico-apartamento-SUP-1Q,Carteira 4,RS,"Porto Alegre, RS","Porto Alegre, RS, Centro Histórico",0,541,2530.38,87,2119.74,2025-10,0.7742,0.5817,24,31,126.25,,0,0,2025-10-27,1.19,0.0,-410.6400000000003,ok
AAR0203,Florianopolis-Campeche_Praia-apartamento-SUP-1Q,Carteira 1,SC,"Florianópolis, SC","Florianópolis, SC, Campeche",0,41,3481.86,61,4056.51,2025-10,0.8387,0.6275,26,31,163.62,159.5,2,0,2025-10-27,0.86,0.0,574.6500000000001,berlinda
BCL402,Ilheus-Pontal-apartamento-TOP-1Q,Carteira 2,BA,"Ilhéus, BA","Ilhéus, BA, Pontal",0,630,3500.86,29,3347.98,2025-10,0.6774,0.4905,21,31,200.95,216.0,1,0,2025-10-27,1.05,0.0,-152.8800000000001,berlinda
BSO0204,Itajai-Praia_Brava-apartamento-SUP-1Q,Carteira 6,SC,"Balneário Camboriú, SC","Balneário Camboriú, SC, Praia dos Amores",0,167,2974.91,55,2564.51,2025-10,0.7742,0.5263,24,31,145.38,136.0,4,0,2025-10-27,1.16,0.0,-410.39999999999964,ok
CRM0201,Florianopolis-Canto_da_Lagoa-apartamento-SUP-2Q,Carteira 1,SC,"Florianópolis, SC","Florianópolis, SC, Canto da Lagoa",4,198,3528.3,15,4361.94,2025-10,0.6667,0.4694,18,31,241.33,198.0,3,0,2025-10-27,0.81,965.32,833.6399999999994,berlinda
EAA805,Maceio-Jatiuca-apartamento-SUP-1Q,Carteira 2,AL,"Maceió, AL","Maceió, AL, Ponta Verde",2,555,3195.73,103,3255.52,2025-10,0.7241,0.736,21,31,168.57,144.33,3,0,2025-10-27,0.98,337.14,59.789999999999964,berlinda
EDN1001,Balneario_Camboriu-Intermediario-apartamento-SUP-2Q,Carteira 6,SC,"Balneário Camboriú, SC","Balneário Camboriú, SC, Centro",1,103,4879.33,70,2902.05,2025-10,0.9,0.5075,27,31,207.52,125.0,1,0,2025-10-27,1.68,207.52,-1977.2799999999997,ok
IAA1004,Recife-Boa_Viagem-apartamento-TOP-1Q,Carteira 2,PE,"Recife, PE","Recife, PE, Boa Viagem",2,567,4685.73,52,5250.68,2025-10,0.8966,0.7529,26,31,212.42,180.0,2,0,2025-10-27,0.89,424.84,564.9500000000007,berlinda
ILC2413,Especial-ILC-hotel-JR-1Q,Especial,SC,"Florianópolis, SC","Florianópolis, SC, Jurerê Internacional",12,1108,5238.96,16,7820.79,2025-10,0.7895,0.6145,15,31,428.56,254.0,1,0,2025-10-27,0.67,5142.72,2581.83,atenção
NWT0901,Especial-NWT-apartamento-TOP-1Q,Carteira 5,AL,"Maceió, AL","Maceió, AL, Pajuçara",1,191,2733.2,34,5613.71,2025-10,0.2667,0.7261,8,31,400.0,400.0,4,31,2025-10-27,0.49,400.0,2880.51,crítico
PSO0411,Penha-Beto_Carrero-apartamento-SUP-1Q,Carteira 3,SC,"Penha, SC","Penha, SC, Praia de Armação do Itapocoroi",0,90,4940.68,18,2566.46,2025-10,0.9355,0.6596,29,31,225.45,,0,0,2025-10-27,1.93,0.0,-2374.2200000000003,ok
RDS002,Campos_do_Jordao-Vila_Natal-casa-JR-1Q,Carteira 4,SP,"Campos do Jordão, SP","Campos do Jordão, SP, Vila Natal",8,600,438.6,17,1899.75,2025-10,0.1739,0.2812,4,31,136.0,157.5,4,0,2025-10-27,0.23,1088.0,1461.15,crítico
TPS307,Florianopolis-Canasvieiras_Meio-apartamento-TOP-1Q,Carteira 1,SC,"Florianópolis, SC","Florianópolis, SC, Canasvieiras",0,999,2855.77,29,2888.12,2025-10,0.7097,0.6699,22,31,165.0,,0,0,2025-10-27,0.99,0.0,32.34999999999991,berlinda
VLE007,Bombinhas-Mariscal-apartamento-JR-1Q,Carteira 6,SC,"Bombinhas, SC","Bombinhas, SC, mariscal",0,1463,0.0,21,1557.2,2025-10,0.0,0.4924,0,31,0.0,198.0,4,31,2025-10-27,0.0,0.0,1557.2,crítico
ACI0320,Salvador-Ondina_Rio_Vermelho-apartamento-SUP-1Q,Carteira 2,BA,"Salvador, BA","Salvador, BA, Ondina",13,23,1130.66,67,2441.63,2025-10,0.5556,0.5897,10,31,150.1,166.5,2,0,2025-10-27,0.46,1951.3,1310.97,crítico
BEH2209,Goiania-Central-apartamento-SUP-1Q,Carteira 1,GO,"Goiânia, GO","Goiânia, GO, Setor Pedro Ludovico",1,737,2479.64,161,2721.7,2025-10,0.5667,0.6044,17,31,165.88,150.0,1,0,2025-10-27,0.91,165.88,242.05999999999995,berlinda
BSO0104,Itajai-Praia_Brava-apartamento-SUP-1Q,Carteira 6,SC,"Balneário Camboriú, SC","Balneário Camboriú, SC, Praia dos Amores",0,167,3512.3,55,2564.51,2025-10,0.8387,0.5263,26,31,151.0,,0,0,2025-10-27,1.37,0.0,-947.79,ok
CGB0035,Ubatuba-Praia_Grande-apartamento-SUP-2Q,Carteira 4,SP,"Ubatuba, SP","Ubatuba, SP, Praia Grande",0,29,5548.33,175,5463.34,2025-10,0.8387,0.5599,26,31,261.62,271.0,1,0,2025-10-27,1.02,0.0,-84.98999999999978,berlinda
DBR0805,Itapema-Praia_Itapema-apartamento-TOP-2Q,Carteira 6,SC,"Itapema, SC","Itapema, SC, Morretes",0,637,3980.73,14,3310.8,2025-10,0.8387,0.3889,26,31,184.88,145.0,2,0,2025-10-27,1.2,0.0,-669.9299999999998,ok
DLH0202,Gramado-Centro-apartamento-TOP-2Q,Carteira 4,RS,"Gramado, RS","Gramado, RS, Centro",2,302,9508.69,53,5324.65,2025-10,0.7931,0.5115,23,31,510.74,,0,0,2025-10-27,1.79,1021.48,-4184.040000000001,ok
DPR0001,Balneario_Camboriu-Sul-apartamento-JR-1Q,Carteira 6,SC,"Balneário Camboriú, SC","Balneário Camboriú, SC, Barra",0,236,1115.21,35,1665.23,2025-10,0.3548,0.5526,11,31,115.36,111.25,4,0,2025-10-27,0.67,0.0,550.02,atenção
DSH1702,Itapema-Praia_Itapema-apartamento-TOP-2Q,Carteira 6,SC,"Itapema, SC","Itapema, SC, Morretes",1,289,3115.14,14,3310.8,2025-10,0.7333,0.3889,22,31,192.64,145.0,3,0,2025-10-27,0.94,192.64,195.6600000000003,berlinda
EMT203,Cabo_Frio-Centro-apartamento-SUP-1Q,Carteira 4,RJ,"Cabo Frio, RJ","Cabo Frio, RJ, Braga",0,741,3597.81,51,3944.58,2025-10,0.6452,0.7301,20,31,211.75,179.67,3,0,2025-10-27,0.91,0.0,346.77,berlinda
EPC025,Florianopolis-Jurere_Longe-apartamento-SUP-2Q,Carteira 1,SC,"Florianópolis, SC","Florianópolis, SC, Jurerê Internacional",0,174,4821.0,20,3712.16,2025-10,0.9032,0.5048,28,31,217.43,,0,0,2025-10-27,1.3,0.0,-1108.8400000000001,ok
EVA0301,Florianopolis-Centrao-apartamento-SUP-1Q,Carteira 5,SC,"Florianópolis, SC","Florianópolis, SC, Centro",0,369,2850.46,122,3775.97,2025-10,0.7097,0.5975,22,31,154.14,130.0,2,0,2025-10-27,0.75,0.0,925.5099999999998,atenção
GLA0037,Sao_Paulo-Pompeia-apartamento-SUP-1Q,Carteira 4,SP,"São Paulo, SP","São Paulo, SP, Perdizes",0,27,4391.63,74,3053.57,2025-10,0.8387,0.5076,26,31,196.27,,0,0,2025-10-27,1.44,0.0,-1338.06,ok
ILC2314,Especial-ILC-hotel-JR-1Q,Especial,SC,"Florianópolis, SC","Florianópolis, SC, Jurerê Internacional",10,1491,4483.25,16,7820.79,2025-10,0.619,0.6145,13,31,494.31,500.0,3,4,2025-10-27,0.57,4943.1,3337.54,atenção
JBV306,Especial-JBV-hotel-JR-1Q,Especial,SC,"Florianópolis, SC","Florianópolis, SC, Jurerê",0,1562,8094.05,25,7692.08,2025-10,0.871,0.6447,27,31,371.93,276.0,3,0,2025-10-27,1.05,0.0,-401.97000000000025,berlinda
JBV327,Especial-JBV-hotel-TOP-1Q,Especial,SC,"Florianópolis, SC","Florianópolis, SC, Jurerê",0,1789,11832.94,32,10019.61,2025-10,0.871,0.8219,27,31,548.89,333.0,1,0,2025-10-27,1.18,0.0,-1813.33,ok
LES106,Florianopolis-Jurere_Longe-apartamento-SUP-3Q,Carteira 1,SC,"Florianópolis, SC","Florianópolis, SC, Jurerê Internacional",5,420,3989.19,16,2616.72,2025-10,0.6154,0.4764,16,31,330.5,230.0,1,0,2025-10-27,1.52,1652.5,-1372.4700000000003,ok
LIV1411,Salvador-Graca-apartamento-TOP-1Q,Especial,BA,"Salvador, BA","Salvador, BA, Vitória",0,229,4253.36,12,2921.78,2025-10,0.8065,0.5466,25,31,204.85,,0,0,2025-10-27,1.46,0.0,-1331.5799999999995,ok
LVR0003,Campos_do_Jordao-Capivari_Centro-apartamento-SUP-2Q,Carteira 4,SP,"Campos do Jordão, SP","Campos do Jordão, SP, V Iara",0,168,1812.64,28,3350.95,2025-10,0.1935,0.2493,6,31,366.67,259.5,4,0,2025-10-27,0.54,0.0,1538.3099999999997,atenção
NVM0009,Porto_Seguro-Pataxos-apartamento-SUP-2Q,Carteira 2,BA,"Porto Seguro, BA","Porto Seguro, BA, Paraíso dos Pataxós",6,170,2245.72,35,5287.85,2025-10,0.36,0.6403,9,31,282.11,159.67,3,0,2025-10-27,0.42,1692.66,3042.1300000000006,crítico
PRV0404,Salvador-Barra-apartamento-JR-1Q,Carteira 2,BA,"Salvador, BA","Salvador, BA, Barra",0,175,3077.52,116,2690.79,2025-10,0.8387,0.6238,26,31,146.08,139.33,3,0,2025-10-27,1.14,0.0,-386.73,ok
PSO0902,Penha-Beto_Carrero-apartamento-SUP-1Q,Carteira 3,SC,"Penha, SC","Penha, SC, Praia de Armação do Itapocoroi",0,90,3942.95,18,2566.46,2025-10,0.9355,0.6596,29,31,165.38,115.0,1,0,2025-10-27,1.54,0.0,-1376.4899999999998,ok
SCO0015,Florianopolis-Campeche-apartamento-SUP-1Q,Carteira 2,SC,"Florianópolis, SC","Florianópolis, SC, Campeche",0,12,2699.48,25,2756.73,2025-10,0.9032,0.5652,28,31,142.96,199.33,3,0,2025-10-27,0.98,0.0,57.25,berlinda
SOA0907,Salvador-Boca_do_Rio-apartamento-SUP-1Q,Carteira 2,BA,"Salvador, BA","Salvador, BA, Boca do Rio",1,390,2429.67,28,2387.44,2025-10,0.6667,0.6706,20,31,159.25,,0,0,2025-10-27,1.02,159.25,-42.23000000000002,berlinda
SSL0211,Florianopolis-UFSC-apartamento-TOP-2Q,Carteira 4,SC,"Florianópolis, SC","Florianópolis, SC, Córrego Grande",4,159,3283.15,12,2699.8,2025-10,0.4074,0.4077,11,31,350.36,350.0,3,29,2025-10-27,1.22,1401.44,-583.3499999999999,ok
STU309,Florianopolis-UFSC-apartamento-TOP-1Q,Carteira 4,SC,"Florianópolis, SC","Florianópolis, SC, Trindade",0,828,1575.9,15,2661.35,2025-10,0.3226,0.5879,10,31,252.4,191.33,3,0,2025-10-27,0.59,0.0,1085.4499999999998,atenção
TRS0002,Penha-Beto_Carrero-casa-JR-1Q,Carteira 3,SC,"Penha, SC","Penha, SC, Armação",0,133,1264.14,23,2391.9,2025-10,0.4194,0.6506,13,31,112.69,104.25,4,0,2025-10-27,0.53,0.0,1127.76,atenção
TXP0304,Goiania-Central-apartamento-SUP-1Q,Carteira 1,GO,"Goiânia, GO","Goiânia, GO, Setor Bueno",0,726,3187.57,161,2721.7,2025-10,0.6774,0.6044,21,31,181.48,161.0,1,9,2025-10-27,1.17,0.0,-465.87000000000035,ok
TXP1305,Goiania-Central-apartamento-SUP-1Q,Carteira 1,GO,"Goiânia, GO","Goiânia, GO, Setor Bueno",0,714,3469.77,161,2721.7,2025-10,0.8065,0.6044,25,31,166.8,147.0,3,0,2025-10-27,1.27,0.0,-748.0700000000002,ok
VTR0033,Balneario_Camboriu-Centro-apartamento-JR-2Q,Carteira 6,SC,"Balneário Camboriú, SC","Balneário Camboriú, SC, Centro",2,98,3904.4,43,2111.4,2025-10,0.9655,0.4194,28,31,175.0,,0,0,2025-10-27,1.85,350.0,-1793.0,ok
ACO1103,Balneario_Camboriu-Centro-apartamento-TOP-2Q,Carteira 6,SC,"Balneário Camboriú, SC","Balneário Camboriú, SC, Centro",3,76,4588.65,31,4866.25,2025-10,0.8929,0.5648,25,31,235.0,160.0,1,0,2025-10-27,0.94,705.0,277.60000000000036,berlinda
AIR1414,Porto_Alegre-Menino_Deus-apartamento-TOP-1Q,Carteira 4,RS,"Porto Alegre, RS","Porto Alegre, RS, Praia de Belas",1,400,1180.88,32,2539.45,2025-10,0.1333,0.576,4,31,309.0,333.0,4,30,2025-10-27,0.47,309.0,1358.5699999999997,crítico
BLB1306,Salvador-Barra-apartamento-SUP-1Q,Carteira 2,BA,"Salvador, BA","Salvador, BA, Barra",1,397,3497.32,209,3347.82,2025-10,0.8,0.601,24,31,184.88,,0,0,2025-10-27,1.04,184.88,-149.5,berlinda
CTD0101,Penha-Longe-apartamento-JR-2Q,Carteira 6,SC,"Penha, SC","Penha, SC, Centro",0,29,1927.18,23,2352.35,2025-10,0.7419,0.5,23,31,104.61,111.0,2,0,2025-10-27,0.82,0.0,425.16999999999985,berlinda
DMS0106,Gramado-Centro-apartamento-TOP-2Q,Carteira 4,RS,"Gramado, RS","Gramado, RS, Bairro Belverede",0,105,7432.56,53,5324.65,2025-10,0.5484,0.5115,17,31,462.06,388.0,1,3,2025-10-27,1.4,0.0,-2107.9100000000008,ok
EDE,Florianopolis-Cachoeira_Bom_Jesus-apartamento-JR-2Q,Carteira 1,SC,"Florianópolis, SC","Florianópolis, SC, Cachoeira do Bom Jesus",0,250,2658.87,15,2277.41,2025-10,0.6452,0.3827,20,31,165.5,163.5,4,0,2025-10-27,1.17,0.0,-381.46000000000004,ok
ELF0303,Bombinhas-Bombas-apartamento-SUP-1Q,Especial,SC,"Bombinhas, SC","Bombinhas, SC, José Amândio",11,141,1604.39,42,1744.23,2025-10,0.65,0.3583,13,31,136.38,130.0,1,22,2025-10-27,0.92,1500.1799999999998,139.83999999999992,berlinda
ERJ101,Balneario_Camboriu-Norte-apartamento-JR-4Q,Carteira 6,SC,"Balneário Camboriú, SC","Balneário Camboriú, SC, Centro",7,741,2230.04,13,5338.0,2025-10,0.5,0.5791,12,31,227.42,189.0,3,0,2025-10-27,0.42,1591.9399999999998,3107.96,crítico
ERV0101,Balneario_Camboriu-Centro-apartamento-SUP-3Q,Carteira 6,SC,"Balneário Camboriú, SC","Balneário Camboriú, SC, Centro",4,401,5189.46,79,4235.1,2025-10,0.8519,0.482,23,31,257.65,225.0,1,0,2025-10-27,1.23,1030.6,-954.3599999999997,ok
GRI1506,Itapema-Praia_Itapema-apartamento-TOP-2Q,Carteira 6,SC,"Itapema, SC","Itapema, SC, Morretes",5,22,3548.34,14,3310.8,2025-10,0.9615,0.3889,25,31,174.6,,0,0,2025-10-27,1.07,873.0,-237.53999999999996,berlinda
IFT1308,Itapema-Meia_Praia-Norte-apartamento-TOP-1Q,Carteira 6,SC,"Itapema, SC","Itapema, SC, Meia Praia",0,155,4857.5,20,2978.59,2025-10,1.0,0.5085,31,31,192.32,,0,0,2025-10-27,1.63,0.0,-1878.9099999999999,ok
ILC2412,Especial-ILC-hotel-JR-1Q,Especial,SC,"Florianópolis, SC","Florianópolis, SC, Jurerê Internacional",7,1940,6734.41,16,7820.79,2025-10,0.8333,0.6145,20,31,427.4,339.0,2,0,2025-10-27,0.86,2991.7999999999997,1086.38,berlinda
JBV141,Especial-JBV-hotel-TOP-1Q,Especial,SC,"Florianópolis, SC","Florianópolis, SC, Jurerê",0,1518,9818.37,32,10019.61,2025-10,0.9355,0.8219,29,31,1412.93,,0,0,2025-10-27,0.98,0.0,201.23999999999978,berlinda
MHF1703,Itapema-Canto_Praia-apartamento-TOP-1Q,Carteira 5,SC,"Itapema, SC","Itapema, SC, Centro",0,454,4490.7,15,3459.9,2025-10,0.9677,0.6192,30,31,223.3,207.0,1,0,2025-10-27,1.3,0.0,-1030.7999999999997,ok
MHF2105,Itapema-Canto_Praia-apartamento-TOP-1Q,Carteira 5,SC,"Itapema, SC","Itapema, SC, Centro",0,376,3943.4,15,3459.9,2025-10,0.8387,0.6192,26,31,198.85,193.0,1,0,2025-10-27,1.14,0.0,-483.5,ok
RAL0303,Florianopolis-Ingleses_Centro-apartamento-SUP-2Q,Carteira 1,SC,"Florianópolis, SC","Florianópolis, SC, Ingleses do Rio Vermelho",0,359,2750.64,25,2607.34,2025-10,0.6774,0.466,21,31,169.62,185.0,3,0,2025-10-27,1.05,0.0,-143.29999999999973,berlinda
RCB405,Itapema-Meia_Praia-Sul-apartamento-JR-3Q,Carteira 6,SC,"Itapema, SC","Itapema, SC, Meia Praia",5,460,2550.28,13,2335.8,2025-10,0.7692,0.3975,20,31,157.85,120.0,3,0,2025-10-27,1.09,789.25,-214.48000000000002,berlinda
RCP202,Florianopolis-Canasvieiras_Meio-apartamento-JR-2Q,Carteira 1,SC,"Florianópolis, SC","Florianópolis, SC, Canasvieiras",5,728,2247.05,12,1757.66,2025-10,0.5385,0.2461,14,31,188.71,224.5,4,0,2025-10-27,1.28,943.5500000000001,-489.3900000000001,ok
SMO0202,Balneario_Picarras-Geral-apartamento-SUP-2Q,Carteira 6,SC,"Balneário Piçarras, SC","Balneário Piçarras, SC, Centro",2,33,820.24,58,1221.17,2025-10,0.2759,0.2657,8,31,122.5,120.75,4,0,2025-10-27,0.67,245.0,400.93000000000006,atenção
SOT0201,Florianopolis-Jurere_Tradicional-apartamento-TOP-1Q,Carteira 1,SC,"Florianópolis, SC","Florianópolis, SC, Jurerê",5,1,2449.48,16,4831.55,2025-10,0.5769,0.6121,15,31,194.67,195.5,2,0,2025-10-27,0.51,973.3499999999999,2382.07,atenção
VEL0102,Guarapari-Centro-apartamento-JR-2Q,Carteira 4,ES,"Guarapari, ES","Guarapari, ES, Centro",0,196,2332.38,14,2483.98,2025-10,0.5806,0.4624,18,31,162.72,125.25,4,0,2025-10-27,0.94,0.0,151.5999999999999,berlinda
VLE001,Bombinhas-Mariscal-apartamento-JR-2Q,Carteira 6,SC,"Bombinhas, SC","Bombinhas, SC, Mariscal",0,1463,0.0,28,2236.75,2025-10,0.0,0.4398,0,31,0.0,198.0,4,31,2025-10-27,0.0,0.0,2236.75,crítico
VLE002,Bombinhas-Mariscal-apartamento-JR-2Q,Carteira 6,SC,"Bombinhas, SC","Bombinhas, SC, Mariscal",0,1463,0.0,28,2236.75,2025-10,0.0,0.4398,0,31,0.0,198.0,4,31,2025-10-27,0.0,0.0,2236.75,crítico
VLR802,Florianopolis-Centrao-apartamento-JR-1Q,Carteira 4,SC,"Florianópolis, SC","Florianópolis, SC, Centro",0,1190,2491.28,68,2759.16,2025-10,0.6129,0.6039,19,31,139.3,90.0,1,0,2025-10-27,0.9,0.0,267.87999999999965,berlinda
AVR0203,Balneario_Picarras-Geral-apartamento-TOP-2Q,Carteira 6,SC,"Penha, SC","Penha, SC, Centro",0,202,4372.95,33,2398.7,2025-10,0.7419,0.3483,23,31,229.43,169.0,1,0,2025-10-27,1.82,0.0,-1974.25,ok
BCY2001,Aguas_Claras-Geral-apartamento-MASTER-2Q,Carteira 1,DF,"Brasília, DF","Brasília, DF, Aguas Claras",10,282,4600.35,10,5958.24,2025-10,0.9048,0.5593,19,31,347.37,,0,0,2025-10-27,0.77,3473.7,1357.8899999999994,atenção
CDN101,Florianopolis-Campeche_Praia-apartamento-SUP-1Q,Carteira 1,SC,"Florianópolis, SC","Florianópolis, SC, Morro das Pedras",4,415,2904.44,61,4056.51,2025-10,0.8148,0.6275,22,31,173.55,,0,0,2025-10-27,0.72,694.2,1152.0700000000002,atenção
COI302,Florianopolis-Praia_Brava-apartamento-JR-2Q,Carteira 1,SC,"Florianópolis, SC","Florianópolis, SC, Praia Brava",2,1435,2575.49,13,2277.41,2025-10,0.4483,0.3911,13,31,238.08,206.5,2,0,2025-10-27,1.13,476.16,-298.0799999999999,ok
CSP0914,Salvador-Caminho_Das_Arvores-apartamento-SUP-1Q,Carteira 2,BA,"Salvador, BA","Salvador, BA, Caminho das Árvores",0,34,3240.36,41,2625.34,2025-10,0.9032,0.6505,28,31,143.07,,0,0,2025-10-27,1.23,0.0,-615.02,ok
EAC404,Balneario_Camboriu-Centro-apartamento-JR-2Q,Carteira 6,SC,"Balneário Camboriú, SC","Balneário Camboriú, SC, Centro",3,702,2482.4,43,2111.4,2025-10,0.6071,0.4194,17,31,193.35,145.0,2,0,2025-10-27,1.18,580.05,-371.0,ok
EEP0902,Guarapari-Centro-apartamento-SUP-1Q,Carteira 4,ES,"Guarapari, ES","Guarapari, ES, São Judas Tadeu",0,84,4346.01,34,2863.3,2025-10,0.9677,0.6846,30,31,169.47,,0,0,2025-10-27,1.52,0.0,-1482.71,ok
ENP0607,Sao_Paulo-Republica-apartamento-SUP-1Q,Carteira 4,SP,"São Paulo, SP","São Paulo, SP, Vila Buarque",1,69,1817.37,465,3003.05,2025-10,0.5333,0.6661,16,31,136.37,130.0,1,0,2025-10-27,0.61,136.37,1185.6800000000003,atenção
EOX0102,Florianopolis-Centrao-apartamento-SUP-2Q,Carteira 4,SC,"Florianópolis, SC","Florianópolis, SC, Centro",0,208,5563.13,41,4335.34,2025-10,0.7097,0.6069,22,31,285.27,150.0,2,0,2025-10-27,1.28,0.0,-1227.79,ok
JBV344,Especial-JBV-hotel-JR-1Q,Especial,SC,"Florianópolis, SC","Florianópolis, SC, Jurerê",0,1311,8559.91,25,7692.08,2025-10,1.0,0.6447,31,31,1280.03,,0,0,2025-10-27,1.11,0.0,-867.8299999999999,ok
JTL001,Florianopolis-Jurere_Longe-apartamento-JR-1Q,Carteira 1,SC,"Florianópolis, SC","Florianópolis, SC, Jurerê",0,464,982.86,28,1581.17,2025-10,0.2903,0.4565,9,31,120.89,,0,0,2025-10-27,0.62,0.0,598.3100000000001,atenção
MHC0204,Florianopolis-Ingleses_Praia-apartamento-SUP-3Q,Carteira 1,SC,"Florianópolis, SC","Florianópolis, SC, Ingleses do Rio Vermelho",6,306,721.24,18,1883.0,2025-10,0.2,0.2931,5,31,196.4,186.75,4,0,2025-10-27,0.38,1178.4,1161.76,crítico
MHF0601,Itapema-Canto_Praia-apartamento-TOP-1Q,Carteira 5,SC,"Itapema, SC","Itapema, SC, Centro",0,418,3416.28,15,3459.9,2025-10,0.7742,0.6192,24,31,170.42,172.0,2,0,2025-10-27,0.99,0.0,43.61999999999989,berlinda
OPT504,Florianopolis-Estreito-apartamento-JR-1Q,Carteira 4,SC,"Florianópolis, SC","Florianópolis, SC, Capoeiras",5,482,1528.05,11,1433.6,2025-10,0.5769,0.4072,15,31,163.53,90.0,2,0,2025-10-27,1.07,817.65,-94.45000000000005,berlinda
PSD204,Florianopolis-Jurere_Tradicional-apartamento-JR-1Q,Carteira 1,SC,"Florianópolis, SC","Florianópolis, SC, Jurerê",9,1959,1487.2,14,1897.84,2025-10,0.5455,0.4698,12,31,145.42,,0,0,2025-10-27,0.78,1308.78,410.6399999999999,atenção
RID3106,Florianopolis-Ingleses_Centro-apartamento-JR-2Q,Carteira 1,SC,"Florianópolis, SC","Florianópolis, SC, Ingleses do Rio Vermelho",2,491,3302.24,21,1504.5,2025-10,0.8276,0.4685,24,31,160.5,,0,0,2025-10-27,2.19,321.0,-1797.7399999999998,meta_subestimada
SPJ0104,Especial-SPJ-apartamento-TOP-1Q,Carteira 5,SC,"Florianópolis, SC","Florianópolis, SC, Jurerê",0,485,4271.12,19,3903.22,2025-10,0.9677,0.6281,30,31,186.17,320.0,1,0,2025-10-27,1.09,0.0,-367.9000000000001,berlinda
SVM1409,Salvador-Graca-apartamento-TOP-1Q,Especial,BA,"Salvador, BA","Salvador, BA, Vitória",0,121,3834.75,12,2921.78,2025-10,0.7742,0.5466,24,31,215.3,,0,0,2025-10-27,1.31,0.0,-912.9699999999998,ok
VNV0801,Itapema-Praia_Centro-apartamento-SUP-2Q,Carteira 6,SC,"Itapema, SC","Itapema, SC, Tabuleiro dos Oliveiras",0,29,3165.83,19,2550.0,2025-10,0.7419,0.5336,23,31,165.78,166.0,1,0,2025-10-27,1.24,0.0,-615.8299999999999,ok
BCA0601,Salvador-Ondina_Rio_Vermelho-apartamento-SUP-2Q,Carteira 2,BA,"Salvador, BA","Salvador, BA, Barra",1,467,4815.36,41,3303.37,2025-10,0.8,0.6,24,31,258.31,,0,0,2025-10-27,1.46,258.31,-1511.9899999999998,ok
BLS0358,Goiania-Central-apartamento-SUP-1Q,Carteira 1,GO,"Goiânia, GO","Goiânia, GO, Setor Marista",0,747,3312.12,161,2721.7,2025-10,0.8065,0.6044,25,31,165.4,145.25,4,7,2025-10-27,1.22,0.0,-590.4200000000001,ok
CSCA1110,Florianopolis-Ingleses_Norte-apartamento-JR-1Q,Carteira 1,SC,"Florianópolis, SC","Florianópolis, SC, Ingleses do Rio Vermelho",0,1387,2055.89,52,1857.64,2025-10,0.4516,0.4408,14,31,162.93,117.0,4,0,2025-10-27,1.11,0.0,-198.24999999999977,ok
ETI0724,Maceio-Ponta_Verde-apartamento-TOP-1Q,Carteira 2,AL,"Maceió, AL","Maceió, AL, Ponta Verde",0,279,5898.83,111,5137.79,2025-10,0.9677,0.8001,30,31,254.07,152.0,1,0,2025-10-27,1.15,0.0,-761.04,ok
EVE0104,Florianopolis-Ingleses_Praia-apartamento-JR-3Q,Carteira 1,SC,"Florianópolis, SC","Florianópolis, SC, Ingleses do Rio Vermelho",0,173,4364.55,53,2993.28,2025-10,0.7419,0.4535,23,31,224.7,180.0,1,0,2025-10-27,1.46,0.0,-1371.27,ok
JMA025,Florianopolis-Jurere_Longe-apartamento-JR-1Q,Carteira 1,SC,"Florianópolis, SC","Florianópolis, SC, Jurerê",0,183,2668.0,28,1581.17,2025-10,0.8065,0.4565,25,31,146.12,,0,0,2025-10-27,1.69,0.0,-1086.83,ok
JPR201,Especial-JPR-apartamento-TOP-1Q,Carteira 1,SC,"Florianópolis, SC","Florianópolis, SC, Jurerê",1,1239,5921.63,14,4204.68,2025-10,0.9,0.5955,27,31,262.46,,0,0,2025-10-27,1.41,262.46,-1716.9499999999998,ok
JRS0130,Penha-Beto_Carrero-casa-JR-4Q,Carteira 3,SC,"Penha, SC","Penha, SC, Armação",17,1,612.4,12,3197.13,2025-10,0.2857,0.4767,4,31,215.0,207.5,4,0,2025-10-27,0.19,3655.0,2584.73,crítico
MRE801,Porto_Belo-Geral-apartamento-TOP-2Q,Carteira 6,SC,"Porto Belo, SC","Porto Belo, SC, Perequê",15,228,2351.44,13,2335.8,2025-10,0.9375,0.4148,15,31,179.27,,0,0,2025-10-27,1.01,2689.05,-15.639999999999873,berlinda
PMO0404,Florianopolis-Estreito-apartamento-SUP-1Q,Carteira 4,SC,"Florianópolis, SC","Florianópolis, SC, Coqueiros",23,362,0.0,17,2203.44,2025-10,0.0,0.5179,0,31,0.0,280.0,1,31,2025-10-27,0.0,0.0,2203.44,crítico
POR0017,Brasilia-Asa_Sul-apartamento-SUP-1Q,Carteira 1,DF,"Brasília, DF","Brasília, DF, Setor Sudoeste",3,113,4351.81,121,4038.99,2025-10,0.8571,0.7987,24,31,211.88,,0,0,2025-10-27,1.08,635.64,-312.8200000000006,berlinda
RDO0025,Balneario_Picarras-Geral-casa-JR-3Q,Carteira 6,SC,"Balneário Piçarras, SC","Balneário Piçarras, SC, Itacolomi",4,173,3056.8,8,1664.26,2025-10,0.963,0.2212,26,31,139.73,120.0,1,0,2025-10-27,1.84,558.92,-1392.5400000000002,ok
SCA0108,Florianopolis-Santo_Antonio_de_Lisboa-apartamento-SUP-1Q,Carteira 1,SC,"Florianópolis, SC","Florianópolis, SC, Cacupé",0,5,3832.87,13,1946.5,2025-10,0.8387,0.6135,26,31,176.54,173.5,2,0,2025-10-27,1.97,0.0,-1886.37,ok
SDR010,Florianopolis-Lagoa-apartamento-SUP-1Q,Carteira 1,SC,"Florianópolis, SC","Florianópolis, SC, Lagoa da Conceição",31,1491,0.0,23,2810.1,2025-10,,0.6661,0,31,0.0,,0,0,2025-10-27,0.0,0.0,2810.1,crítico
SFR0315,Bombinhas-Centro-apartamento-SUP-1Q,Carteira 6,SC,"Bombinhas, SC","Bombinhas, SC, Centro",0,6,2583.92,32,2630.32,2025-10,0.7742,0.5814,24,31,132.96,138.0,1,0,2025-10-27,0.98,0.0,46.40000000000009,berlinda
SLC0101,Florianopolis-Rio_Vermelho-apartamento-JR-1Q,Carteira 1,SC,"Florianópolis, SC","Florianópolis, SC, Ingleses do Rio Vermelho",0,254,1022.59,16,2053.66,2025-10,0.4516,0.7071,14,31,85.21,,0,0,2025-10-27,0.5,0.0,1031.0699999999997,crítico
SLC0104,Florianopolis-Rio_Vermelho-apartamento-JR-1Q,Carteira 1,SC,"Florianópolis, SC","Florianópolis, SC, Ingleses do Rio Vermelho",0,253,1830.58,16,2053.66,2025-10,0.871,0.7071,27,31,93.63,97.0,1,0,2025-10-27,0.89,0.0,223.07999999999993,berlinda
VCE1102,Balneario_Picarras-Geral-apartamento-SUP-3Q,Carteira 6,SC,"Balneário Piçarras, SC","Balneário Piçarras, SC, Balneário Piçarras",0,566,2994.12,42,2364.7,2025-10,0.6452,0.3243,20,31,172.0,150.0,4,0,2025-10-27,1.27,0.0,-629.4200000000001,ok
VST007,Especial-VST-casa-TOP-1Q,Carteira 5,SC,"Anitápolis, SC","Anitápolis, SC, Rio dos Pinheiros",1,214,2528.98,45,2754.3,2025-10,0.4,0.2088,12,31,267.0,160.0,2,0,2025-10-27,0.92,267.0,225.32000000000016,berlinda
CNA013,Especial-CNA-casa-MASTER-1Q,Especial,SP,"Campos do Jordão, SP","Campos do Jordão, SP, Jardim Europa",0,985,13907.66,25,9245.88,2025-10,0.7742,0.485,24,31,701.29,512.5,2,3,2025-10-27,1.5,0.0,-4661.780000000001,ok
CUR0905,Florianopolis-Itacorubi-apartamento-SUP-1Q,Carteira 4,SC,"Florianópolis, SC","Florianópolis, SC, Itacorubi",2,63,3297.68,13,1946.5,2025-10,0.8276,0.6135,24,31,177.46,291.0,2,8,2025-10-27,1.69,354.92,-1351.1799999999998,ok
DLH0205,Gramado-Centro-apartamento-TOP-2Q,Carteira 4,RS,"Gramado, RS","Gramado, RS, Centro",4,369,5025.03,53,5324.65,2025-10,0.5556,0.5115,15,31,404.87,495.0,1,0,2025-10-27,0.94,1619.48,299.6199999999999,berlinda
DRB0205,Balneario_Camboriu-Centro-apartamento-SUP-3Q,Carteira 6,SC,"Balneário Camboriú, SC","Balneário Camboriú, SC, Centro",0,650,6294.12,79,4235.1,2025-10,0.5806,0.482,18,31,390.22,231.5,2,0,2025-10-27,1.49,0.0,-2059.0199999999995,ok
EVB308,Itapema-Meia_Praia-Sul-apartamento-SUP-2Q,Carteira 6,SC,"Itapema, SC","Itapema, SC, Meia Praia",0,1231,3914.61,11,3466.72,2025-10,0.8065,0.404,25,31,205.48,,0,0,2025-10-27,1.13,0.0,-447.8900000000003,ok
GET0302,Guara-Geral-apartamento-SUP-2Q,Especial,DF,"Brasília, DF","Brasília, DF, Zona Industrial",0,184,3972.26,13,3217.25,2025-10,0.5806,0.5427,18,31,252.63,299.5,2,0,2025-10-27,1.23,0.0,-755.0100000000002,ok
ILC3315,Especial-ILC-hotel-TOP-1Q,Especial,SC,"Florianópolis, SC","Florianópolis, SC, Jurerê Internacional",3,1213,6491.92,28,10019.61,2025-10,0.6786,0.8614,19,31,448.74,500.0,3,9,2025-10-27,0.65,1346.22,3527.6900000000005,atenção
JBV155,Especial-JBV-hotel-JR-1Q,Especial,SC,"Florianópolis, SC","Florianópolis, SC, Jurerê",0,243,7632.35,25,7692.08,2025-10,0.8387,0.6447,26,31,358.23,241.5,2,0,2025-10-27,0.99,0.0,59.72999999999956,berlinda
JDA402,Balneario_Camboriu-Longe-apartamento-JR-2Q,Carteira 6,SC,"Balneário Camboriú, SC","Balneário Camboriú, SC, Nações",0,828,4009.93,21,2182.03,2025-10,0.8065,0.4945,25,31,187.2,120.0,1,0,2025-10-27,1.84,0.0,-1827.8999999999996,ok
LDN201,Cabo_Frio-Centro-apartamento-JR-3Q,Carteira 4,RJ,"Cabo Frio, RJ","Cabo Frio, RJ, Braga",13,602,3176.87,103,3342.34,2025-10,0.7778,0.4987,14,31,294.07,218.67,3,3,2025-10-27,0.95,3822.91,165.47000000000025,berlinda
MHF1603,Itapema-Canto_Praia-apartamento-TOP-1Q,Carteira 5,SC,"Itapema, SC","Itapema, SC, Centro",0,355,3920.11,15,3459.9,2025-10,0.8387,0.6192,26,31,176.54,,0,0,2025-10-27,1.13,0.0,-460.21000000000004,ok
MZD0308,Cabo_Frio-Centro-apartamento-SUP-2Q,Carteira 4,RJ,"Cabo Frio, RJ","Cabo Frio, RJ, Centro",2,352,5423.87,95,5359.69,2025-10,0.7586,0.6722,22,31,267.88,276.0,1,0,2025-10-27,1.01,535.76,-64.18000000000029,berlinda
NWT0612,Especial-NWT-apartamento-TOP-1Q,Carteira 5,AL,"Maceió, AL","Maceió, AL, Pajuçara",0,184,4499.78,34,5613.71,2025-10,0.6774,0.7261,21,31,262.29,250.0,4,0,2025-10-27,0.8,0.0,1113.9300000000003,berlinda
OBP0201,Penha-Beto_Carrero-apartamento-TOP-2Q,Carteira 3,SC,"Penha, SC","Penha, SC, Armação",1,21,3193.47,46,3934.12,2025-10,0.5,0.4571,15,31,268.33,179.0,3,0,2025-10-27,0.81,268.33,740.6500000000001,berlinda
PKS0115,Guara-Geral-apartamento-SUP-1Q,Carteira 1,DF,"Brasília, DF","Brasília, DF, Asa Norte",0,181,3277.31,32,3330.06,2025-10,0.7742,0.6659,24,31,163.92,150.0,2,0,2025-10-27,0.98,0.0,52.75,berlinda
PSO0809,Penha-Beto_Carrero-apartamento-SUP-1Q,Carteira 3,SC,"Penha, SC","Penha, SC, Praia de Armação do Itapocoroi",1,61,3853.29,18,2566.46,2025-10,0.8333,0.6596,25,31,174.8,,0,0,2025-10-27,1.5,174.8,-1286.83,ok
RAP308,Florianopolis-Campeche_Praia-apartamento-SUP-2Q,Carteira 1,SC,"Florianópolis, SC","Florianópolis, SC, Campeche",3,586,4015.88,18,3954.71,2025-10,0.8571,0.5654,24,31,226.21,168.0,1,0,2025-10-27,1.02,678.63,-61.17000000000007,berlinda
RGF1211,Salvador-Flamengo-apartamento-TOP-1Q,Carteira 2,BA,"Salvador, BA","Salvador, BA, Itapuã",0,41,3130.73,29,4009.88,2025-10,0.7419,0.6794,23,31,173.35,157.5,4,0,2025-10-27,0.78,0.0,879.1500000000001,atenção
RTBB1361,Florianopolis-Canasvieiras_Meio-apartamento-SIM-1Q,Carteira 1,SC,"Florianópolis, SC","Florianópolis, SC, Canasvieiras",1,707,804.24,29,1132.2,2025-10,0.2667,0.3823,8,31,123.0,120.0,3,17,2025-10-27,0.71,123.0,327.96000000000004,atenção
SGS0106,Florianopolis-Beira_Mar-apartamento-SUP-1Q,Carteira 4,SC,"Florianópolis, SC","Florianópolis, SC, Centro",0,50,3425.34,21,3548.96,2025-10,0.7742,0.4802,24,31,177.25,130.0,1,0,2025-10-27,0.97,0.0,123.61999999999989,berlinda
TCO0210,Porto_Alegre-Centro_Historico-apartamento-SUP-1Q,Carteira 4,RS,"Porto Alegre, RS","Porto Alegre, RS, Centro Histórico",0,238,2869.22,87,2119.74,2025-10,0.8065,0.5817,25,31,128.04,125.0,2,0,2025-10-27,1.35,0.0,-749.48,ok
APS1005,Sao_Paulo-Liberdade-apartamento-JR-1Q,Carteira 4,SP,"São Paulo, SP","São Paulo, SP, Sé",0,134,2019.59,96,3077.68,2025-10,0.5484,0.6489,17,31,143.06,127.5,2,0,2025-10-27,0.66,0.0,1058.09,atenção
BDR521,Florianopolis-Lagoa-apartamento-SUP-1Q,Carteira 1,SC,"Florianópolis, SC","Florianópolis, SC, Lagoa da Conceição",1,1254,2654.76,23,2810.1,2025-10,0.7333,0.6661,22,31,156.27,148.0,2,0,2025-10-27,0.94,156.27,155.3399999999997,berlinda
CRA304,Bombinhas-Mariscal-apartamento-JR-3Q,Carteira 6,SC,"Bombinhas, SC","Bombinhas, SC, mariscal",0,1188,1661.46,19,2087.62,2025-10,0.4839,0.2196,15,31,139.53,110.0,2,0,2025-10-27,0.8,0.0,426.15999999999985,atenção
CVAF0220,Mata_de_Sao_Joao-Praia_do_Forte-apartamento-SUP-1Q,Carteira 2,BA,"Mata de São João, BA","Mata de São João, BA, Praia do Forte",1,201,5472.23,37,4087.65,2025-10,0.8,0.5275,24,31,276.54,198.0,1,0,2025-10-27,1.34,276.54,-1384.5799999999995,ok
EHS0117,Brasilia-Asa_Norte-apartamento-SUP-1Q,Carteira 1,DF,"Brasília, DF","Brasília, DF, SHCNW",0,246,4247.51,93,3756.57,2025-10,0.9032,0.7516,28,31,183.46,,0,0,2025-10-27,1.13,0.0,-490.94000000000005,ok
ELG0071,Barra_Velha-Centro-apartamento-JR-3Q,Carteira 3,SC,"Barra Velha, SC","Barra Velha, SC, Centro",3,215,3012.9,13,1471.07,2025-10,0.7857,0.2439,22,31,161.14,120.0,1,0,2025-10-27,2.05,483.41999999999996,-1541.8300000000002,meta_subestimada
ESA0902,Balneario_Camboriu-Norte-apartamento-SUP-3Q,Carteira 6,SC,"Balneário Camboriú, SC","Balneário Camboriú, SC, Centro",9,391,5018.13,26,5441.98,2025-10,0.8636,0.5779,19,31,345.63,,0,4,2025-10-27,0.92,3110.67,423.84999999999945,berlinda
ILC3113,Especial-ILC-hotel-JR-1Q,Especial,SC,"Florianópolis, SC","Florianópolis, SC, Jurerê Internacional",5,1588,5472.53,16,7820.79,2025-10,0.7308,0.6145,19,31,363.26,270.0,3,0,2025-10-27,0.7,1816.3,2348.26,atenção
JAS0004,Florianopolis-Lagoa-apartamento-JR-1Q,Carteira 1,SC,"Florianópolis, SC","Florianópolis, SC, Lagoa da Conceição",1,134,1564.49,28,2591.97,2025-10,0.4333,0.5821,13,31,134.46,136.75,4,0,2025-10-27,0.6,134.46,1027.4799999999998,atenção
JBV279,Especial-JBV-hotel-JR-1Q,Especial,SC,"Florianópolis, SC","Florianópolis, SC, Jurerê",4,1034,7834.08,25,7692.08,2025-10,0.8519,0.6447,23,31,402.04,,0,0,2025-10-27,1.02,1608.16,-142.0,berlinda
MHFA0705,Itapema-Canto_Praia-apartamento-SUP-1Q,Carteira 5,SC,"Itapema, SC","Itapema, SC, Centro",0,253,2538.76,11,1766.45,2025-10,0.6774,0.415,21,31,150.52,146.25,4,0,2025-10-27,1.44,0.0,-772.3100000000002,ok
OAG0820,Sao_Paulo-Pinheiros-apartamento-TOP-1Q,Carteira 4,SP,"São Paulo, SP","São Paulo, SP, Cerqueira César",2,337,4796.31,262,5251.9,2025-10,0.7241,0.6952,21,31,277.05,201.67,3,0,2025-10-27,0.91,554.1,455.58999999999924,berlinda
PGL0301,Florianopolis-Canasvieiras_Perto-apartamento-TOP-3Q,Carteira 1,SC,"Florianópolis, SC","Florianópolis, SC, Canasvieiras",8,14,6632.47,11,6910.07,2025-10,0.9565,0.5473,22,31,357.36,,0,0,2025-10-27,0.96,2858.88,277.59999999999945,berlinda
PSO0903,Penha-Beto_Carrero-apartamento-SUP-1Q,Carteira 3,SC,"Penha, SC","Penha, SC, Praia de Armação do Itapocoroi",0,68,3593.33,18,2566.46,2025-10,0.8065,0.6596,25,31,187.28,153.0,3,0,2025-10-27,1.4,0.0,-1026.87,ok
STL401,Camboriu-Tabuleiro-apartamento-SUP-2Q,Carteira 6,SC,"Balneário Camboriú, SC","Balneário Camboriú, SC, Vila Real",8,635,2481.64,22,2753.29,2025-10,0.6522,0.5238,15,31,209.87,,0,0,2025-10-27,0.9,1678.96,271.6500000000001,berlinda
VDP0027,Cabo_Frio-Palmeiras-casa-SUP-2Q,Carteira 4,RJ,"Cabo Frio, RJ","Cabo Frio, RJ, Parque Burle",5,160,3777.85,64,2606.69,2025-10,0.8462,0.5377,22,31,219.32,224.0,2,0,2025-10-27,1.45,1096.6,-1171.1599999999999,ok
VTD0605,Florianopolis-UFSC-apartamento-SUP-1Q,Carteira 4,SC,"Florianópolis, SC","Florianópolis, SC, Trindade",0,23,3857.01,44,2740.41,2025-10,0.9032,0.6164,28,31,189.21,,0,0,2025-10-27,1.41,0.0,-1116.6000000000004,ok
CAY0123,Bombinhas-Bombas-apartamento-JR-3Q,Carteira 6,SC,"Bombinhas, SC","Bombinhas, SC, Bombas",8,461,2276.14,73,2047.65,2025-10,0.7826,0.3695,18,31,140.17,105.0,2,0,2025-10-27,1.11,1121.36,-228.48999999999978,ok
COI0408,Sao_Paulo-Moema-apartamento-SUP-1Q,Carteira 4,SP,"São Paulo, SP","São Paulo, SP, Indianópolis",3,14,2337.8,519,3424.22,2025-10,0.7143,0.5899,20,31,166.55,,0,0,2025-10-27,0.68,499.65000000000003,1086.4199999999996,atenção
CPI0208,Pocos_de_Caldas-Geral-apartamento-JR-1Q,Carteira 4,MG,"Poços de Caldas, MG","Poços de Caldas, MG, Centro",0,316,364.32,26,1374.72,2025-10,0.129,0.3434,4,31,106.0,102.0,4,0,2025-10-27,0.27,0.0,1010.4000000000001,crítico
CSCG0110,Florianopolis-Ingleses_Norte-apartamento-JR-1Q,Carteira 1,SC,"Florianópolis, SC","Florianópolis, SC, Ingleses do Rio Vermelho",0,484,2937.96,52,1857.64,2025-10,0.6129,0.4408,19,31,181.37,,0,0,2025-10-27,1.58,0.0,-1080.32,ok
CTD0301,Penha-Longe-apartamento-JR-2Q,Carteira 6,SC,"Penha, SC","Penha, SC, Centro",0,160,1502.52,23,2352.35,2025-10,0.5484,0.5,17,31,109.88,111.0,2,0,2025-10-27,0.64,0.0,849.8299999999999,atenção
ECP055,Balneario_Camboriu-Centro-apartamento-SUP-1Q,Carteira 6,SC,"Balneário Camboriú, SC","Balneário Camboriú, SC, Centro",0,889,3172.2,43,3522.82,2025-10,0.7742,0.5967,24,31,182.08,,0,0,2025-10-27,0.9,0.0,350.62000000000035,berlinda
EDF1707,Salvador-Ondina_Rio_Vermelho-apartamento-SUP-1Q,Carteira 2,BA,"Salvador, BA","Salvador, BA, Rio Vermelho",1,63,3115.03,67,2441.63,2025-10,0.7667,0.5897,23,31,171.04,143.67,3,0,2025-10-27,1.28,171.04,-673.4000000000001,ok
ELF0310,Bombinhas-Bombas-apartamento-SUP-1Q,Especial,SC,"Bombinhas, SC","Bombinhas, SC, José Amândio",12,20,1229.88,42,1744.23,2025-10,0.5789,0.3583,11,31,132.91,,0,30,2025-10-27,0.71,1594.92,514.3499999999999,atenção
GSH2101,Camaçari-Monte_Gordo-apartamento-JR-3Q,Carteira 2,BA,"Camaçari, BA","Camaçari, BA, Centro",13,48,2993.85,31,4708.1,2025-10,0.5556,0.527,10,31,384.8,247.0,1,0,2025-10-27,0.64,5002.400000000001,1714.2500000000005,atenção
ILC4415,Especial-ILC-hotel-TOP-1Q,Especial,SC,"Florianópolis, SC","Florianópolis, SC, Jurerê Internacional",0,1769,8680.98,28,10019.61,2025-10,0.7419,0.8614,23,31,449.17,381.0,3,0,2025-10-27,0.87,0.0,1338.630000000001,berlinda
JBV232,Especial-JBV-hotel-TOP-1Q,Especial,SC,"Florianópolis, SC","Florianópolis, SC, Jurerê",0,1062,9528.88,32,10019.61,2025-10,0.9355,0.8219,29,31,411.41,288.0,1,0,2025-10-27,0.95,0.0,490.7300000000014,berlinda
JBV464,Especial-JBV-hotel-JR-1Q,Especial,SC,"Florianópolis, SC","Florianópolis, SC, Jurerê",0,762,8177.88,25,7692.08,2025-10,0.9032,0.6447,28,31,398.07,,0,0,2025-10-27,1.06,0.0,-485.8000000000002,berlinda
NON0609,Sao_Paulo-Moema-apartamento-SUP-1Q,Carteira 4,SP,"São Paulo, SP","São Paulo, SP, Moema",0,141,1211.6,519,3424.22,2025-10,0.3226,0.5899,10,31,150.0,,0,0,2025-10-27,0.35,0.0,2212.62,crítico
NWT0817,Especial-NWT-apartamento-TOP-1Q,Carteira 5,AL,"Maceió, AL","Maceió, AL, Pajuçara",0,155,2736.5,34,5613.71,2025-10,0.4194,0.7261,13,31,286.08,280.0,4,0,2025-10-27,0.49,0.0,2877.21,crítico
OKA139,Florianopolis-Campeche-apartamento-SUP-1Q,Carteira 1,SC,"Florianópolis, SC","Florianópolis, SC, Campeche",0,748,4149.68,25,2756.73,2025-10,0.9355,0.5652,29,31,186.55,216.0,1,0,2025-10-27,1.51,0.0,-1392.9500000000003,ok
PSO0505,Penha-Beto_Carrero-apartamento-SUP-1Q,Carteira 3,SC,"Penha, SC","Penha, SC, Praia de Armação do Itapocoroi",0,63,3260.58,18,2566.46,2025-10,0.8387,0.6596,26,31,172.41,125.5,2,0,2025-10-27,1.27,0.0,-694.1199999999999,ok
RFM0027,Santa_Cruz_Cabralia-Coroa_Vermelha-apartamento-SUP-2Q,Carteira 2,BA,"Santa Cruz Cabrália, BA","Santa Cruz Cabrália, BA, Coroa Vermelha",7,335,0.0,45,4511.23,2025-10,0.0,0.6517,0,31,0.0,159.25,4,0,2025-10-27,0.0,0.0,4511.23,crítico
RVM0203,Florianopolis-Novo_Campeche-apartamento-TOP-1Q,Carteira 1,SC,"Florianópolis, SC","Florianópolis, SC, Campeche",1,126,4867.67,44,5196.56,2025-10,0.8333,0.6872,25,31,234.32,322.0,2,0,2025-10-27,0.94,234.32,328.8900000000003,berlinda
SHT1701,Aguas_Claras-Geral-apartamento-JR-1Q,Carteira 1,DF,"Brasília, DF","Brasília, DF, Águas Claras",0,313,3421.47,84,2416.38,2025-10,0.871,0.6231,27,31,178.7,,0,0,2025-10-27,1.42,0.0,-1005.0899999999997,ok
SPJ0105,Especial-SPJ-apartamento-TOP-1Q,Carteira 5,SC,"Florianópolis, SC","Florianópolis, SC, Jurerê",1,485,4485.62,19,3903.22,2025-10,0.8667,0.6281,26,31,210.23,137.0,1,0,2025-10-27,1.15,210.23,-582.4000000000001,ok
SPJ0303,Especial-SPJ-apartamento-TOP-1Q,Carteira 5,SC,"Florianópolis, SC","Florianópolis, SC, Jurerê",0,367,4395.16,19,3903.22,2025-10,0.8065,0.6281,25,31,210.76,232.33,3,0,2025-10-27,1.13,0.0,-491.94000000000005,ok
TRN0401,Salvador-Graca-apartamento-JR-1Q,Especial,BA,"Salvador, BA","Salvador, BA, Barra",2,330,1498.32,19,2919.75,2025-10,0.4138,0.6728,12,31,156.33,,0,0,2025-10-27,0.51,312.66,1421.43,atenção
TRS0001,Penha-Beto_Carrero-casa-SUP-1Q,Carteira 3,SC,"Penha, SC","Penha, SC, Armação",1,133,2710.68,23,2348.45,2025-10,0.7,0.6374,21,31,161.62,124.33,3,0,2025-10-27,1.15,161.62,-362.23,ok
VST044,Especial-VST-casa-TOP-1Q,Carteira 5,SC,"Anitápolis, SC","Anitápolis, SC, Rio dos Pinheiros",0,92,4845.73,45,2754.3,2025-10,0.7742,0.2088,24,31,259.96,160.0,1,0,2025-10-27,1.76,0.0,-2091.4299999999994,ok
YHD0103,Florianopolis-UFSC-apartamento-TOP-1Q,Carteira 4,SC,"Florianópolis, SC","Florianópolis, SC, Carvoeira",2,5,2118.02,15,2661.35,2025-10,0.4483,0.5879,13,31,207.85,177.0,2,0,2025-10-27,0.8,415.7,543.3299999999999,atenção
BLB0507,Salvador-Barra-apartamento-SUP-1Q,Carteira 2,BA,"Salvador, BA","Salvador, BA, Barra",0,41,3828.47,209,3347.82,2025-10,0.9032,0.601,28,31,182.48,,0,0,2025-10-27,1.14,0.0,-480.64999999999964,ok
DAL221,Canela-Geral-apartamento-SUP-2Q,Carteira 4,RS,"Canela, RS","Canela, RS, São José",0,138,3819.79,17,3094.93,2025-10,0.6129,0.3208,19,31,253.16,,0,0,2025-10-27,1.23,0.0,-724.8600000000001,ok
EATNR0205,Sao_Paulo-Bela_Vista-apartamento-SUP-1Q,Carteira 4,SP,"São Paulo, SP","São Paulo, SP, Bela Vista",1,141,3469.98,596,3350.19,2025-10,0.7667,0.6478,23,31,180.13,150.0,3,0,2025-10-27,1.04,180.13,-119.78999999999996,berlinda
MHF1105,Itapema-Canto_Praia-apartamento-TOP-1Q,Carteira 5,SC,"Itapema, SC","Itapema, SC, Centro",0,448,3893.87,15,3459.9,2025-10,0.871,0.6192,27,31,182.44,,0,0,2025-10-27,1.13,0.0,-433.9699999999998,ok
MHF1202,Itapema-Canto_Praia-apartamento-TOP-2Q,Carteira 5,SC,"Itapema, SC","Itapema, SC, Centro",0,278,2044.08,10,2671.81,2025-10,0.3226,0.2867,10,31,265.0,265.0,4,31,2025-10-27,0.77,0.0,627.73,atenção
NWT0615,Especial-NWT-apartamento-TOP-1Q,Carteira 5,AL,"Maceió, AL","Maceió, AL, Pajuçara",0,180,6387.02,34,5613.71,2025-10,0.871,0.7261,27,31,268.48,272.0,4,0,2025-10-27,1.14,0.0,-773.3100000000004,ok
ONP1701,Sao_Paulo-Bela_Vista-apartamento-SUP-1Q,Carteira 4,SP,"São Paulo, SP","São Paulo, SP, Paraíso",0,27,3515.57,596,3350.19,2025-10,0.8387,0.6478,26,31,171.38,,0,0,2025-10-27,1.05,0.0,-165.3800000000001,berlinda
PGO402,Pocos_de_Caldas-Geral-apartamento-SUP-1Q,Carteira 4,MG,"Poços de Caldas, MG","Poços de Caldas, MG, São Benedito",2,777,2565.76,30,1751.93,2025-10,0.7586,0.4614,22,31,137.36,138.0,1,0,2025-10-27,1.46,274.72,-813.8300000000002,ok
RAO1520,Sao_Paulo-Pinheiros-apartamento-SUP-1Q,Carteira 4,SP,"São Paulo, SP","São Paulo, SP, Cerqueira César",0,189,4062.44,413,3951.39,2025-10,0.6129,0.6435,19,31,228.29,220.0,1,25,2025-10-27,1.03,0.0,-111.05000000000018,berlinda
RFL203,Florianopolis-Jurere_Longe-apartamento-JR-2Q,Carteira 1,SC,"Florianópolis, SC","Florianópolis, SC, Jurerê",0,980,2342.61,16,3040.24,2025-10,0.5806,0.4573,18,31,271.83,133.0,3,0,2025-10-27,0.77,0.0,697.6299999999997,atenção
RIE0315,Florianopolis-Ingleses_Norte-apartamento-JR-3Q,Carteira 1,SC,"Florianópolis, SC","Florianópolis, SC, Ingleses do Rio Vermelho",5,442,4481.28,13,2579.11,2025-10,0.6154,0.3988,16,31,268.69,168.75,4,0,2025-10-27,1.74,1343.45,-1902.1699999999996,ok
RUP0203,Blumenau-Central-apartamento-SUP-1Q,Carteira 4,SC,"Blumenau, SC","Blumenau, SC, Escola Agrícola",0,371,6343.74,77,8352.92,2025-10,0.6774,0.6104,21,31,346.48,,0,0,2025-10-27,0.76,0.0,2009.1800000000003,atenção
SEM501,Itapema-Praia_Itapema-apartamento-TOP-2Q,Carteira 6,SC,"Itapema, SC","Itapema, SC, Morretes",2,756,3577.22,14,3310.8,2025-10,0.8276,0.3889,24,31,175.08,145.0,2,0,2025-10-27,1.08,350.16,-266.4199999999996,berlinda
SHC0703,Balneario_Picarras-Geral-apartamento-TOP-2Q,Carteira 6,SC,"Balneário Piçarras, SC","Balneário Piçarras, SC, Itajubá II",3,247,4131.73,33,2398.7,2025-10,0.8214,0.3483,23,31,223.17,,0,0,2025-10-27,1.72,669.51,-1733.0299999999997,ok
SIP0709,Salvador-Piata-apartamento-SUP-1Q,Carteira 5,BA,"Salvador, BA","Salvador, BA, Itapuã",2,33,2615.15,20,3044.46,2025-10,0.6552,0.6481,19,31,171.26,154.0,1,28,2025-10-27,0.86,342.52,429.30999999999995,berlinda
SPT0407,Blumenau-Central-apartamento-JR-1Q,Carteira 4,SC,"Blumenau, SC","Blumenau, SC, Itoupava Seca",6,420,5099.57,48,6119.8,2025-10,0.72,0.5972,18,31,332.78,,0,14,2025-10-27,0.83,1996.6799999999998,1020.2300000000005,berlinda
TAB0140,Garopaba-Centro-casa-JR-3Q,Carteira 6,SC,"Garopaba, SC","Garopaba, SC, Praia da Ferrugem",9,72,1746.88,14,1248.92,2025-10,0.5455,0.189,12,31,224.33,150.0,2,0,2025-10-27,1.4,2018.97,-497.96000000000004,ok
VBM1313,Sao_Paulo-Mariana-apartamento-SUP-1Q,Carteira 4,SP,"São Paulo, SP","São Paulo, SP, Vila Clementino",0,363,2635.8,173,2959.28,2025-10,0.6452,0.5572,20,31,160.3,130.0,2,0,2025-10-27,0.89,0.0,323.48,berlinda
VDG114,Florianopolis-Ingleses_Norte-apartamento-JR-1Q,Carteira 1,SC,"Florianópolis, SC","Florianópolis, SC, Ingleses do Rio Vermelho",0,1149,1618.65,52,1857.64,2025-10,0.4194,0.4408,13,31,160.77,117.0,4,0,2025-10-27,0.87,0.0,238.99,berlinda
VDR0202,Florianopolis-Cachoeira_Bom_Jesus-apartamento-TOP-3Q,Carteira 1,SC,"Florianópolis, SC","Florianópolis, SC, Cachoeira do Bom Jesus",4,385,9034.88,11,6910.07,2025-10,0.7407,0.5473,20,31,544.5,,0,2,2025-10-27,1.31,2178.0,-2124.8099999999995,ok
VST002,Especial-VST-casa-TOP-1Q,Carteira 5,SC,"Anitápolis, SC","Anitápolis, SC, Rio dos Pinheiros",0,457,2905.41,45,2754.3,2025-10,0.5484,0.2088,17,31,223.71,163.67,3,6,2025-10-27,1.05,0.0,-151.10999999999967,berlinda
WSH0208,Curitiba-Batel-apartamento-SUP-1Q,Carteira 4,PR,"Curitiba, PR","Curitiba, PR, Bigorrilho",2,131,3480.82,205,3416.11,2025-10,0.7586,0.6936,22,31,209.82,,0,0,2025-10-27,1.02,419.64,-64.71000000000004,berlinda
BPA0103,Sao_Paulo-Bela_Vista-apartamento-TOP-1Q,Carteira 4,SP,"São Paulo, SP","São Paulo, SP, Bela Vista",2,146,5626.42,225,4068.53,2025-10,0.931,0.6827,27,31,230.93,,0,0,2025-10-27,1.38,461.86,-1557.8899999999999,ok
BSS0703,Sao_Paulo-Santo_Amaro-apartamento-SUP-1Q,Carteira 4,SP,"São Paulo, SP","São Paulo, SP, Jardim das Acácias",0,397,1732.86,152,3299.8,2025-10,0.4516,0.6158,14,31,149.43,,0,0,2025-10-27,0.53,0.0,1566.9400000000003,atenção
BVA0601,Sao_Paulo-Republica-apartamento-SUP-1Q,Carteira 4,SP,"São Paulo, SP","São Paulo, SP, Bela Vista",0,379,2725.0,465,3003.05,2025-10,0.7097,0.6661,22,31,146.82,,0,0,2025-10-27,0.91,0.0,278.0500000000002,berlinda
CAA103,Bombinhas-Centro-apartamento-JR-2Q,Carteira 6,SC,"Bombinhas, SC","Bombinhas, SC, Centro",1,1063,2613.93,26,2650.16,2025-10,0.7333,0.3054,22,31,144.5,90.0,1,0,2025-10-27,0.99,144.5,36.23000000000002,berlinda
DAC0402,Florianopolis-Estreito-apartamento-SUP-1Q,Carteira 4,SC,"Florianópolis, SC","Florianópolis, SC, Estreito",0,167,1575.66,17,2203.44,2025-10,0.4516,0.5179,14,31,130.57,126.0,4,0,2025-10-27,0.72,0.0,627.78,atenção
DON0504,Balneario_Camboriu-Norte-apartamento-SUP-3Q,Carteira 6,SC,"Balneário Camboriú, SC","Balneário Camboriú, SC, Centro",0,77,5427.24,26,5441.98,2025-10,0.8387,0.5779,26,31,268.15,,0,0,2025-10-27,1.0,0.0,14.739999999999782,berlinda
ECM0206,Florianopolis-Lagoa-apartamento-SUP-1Q,Carteira 2,SC,"Florianópolis, SC","Florianópolis, SC, Lagoa da Conceição",2,9,3220.95,23,2810.1,2025-10,0.8621,0.6661,25,31,149.2,,0,0,2025-10-27,1.15,298.4,-410.8499999999999,ok
EII0304,Maceio-Ponta_Verde-apartamento-SUP-1Q,Carteira 2,AL,"Maceió, AL","Maceió, AL, Ponta Verde",15,65,1018.4,211,4623.15,2025-10,0.5,0.7968,8,31,155.5,153.0,4,0,2025-10-27,0.22,2332.5,3604.7499999999995,crítico
IFT1208,Itapema-Meia_Praia-Norte-apartamento-TOP-1Q,Carteira 6,SC,"Itapema, SC","Itapema, SC, Meia Praia",0,22,3393.04,20,2978.59,2025-10,0.8065,0.5085,25,31,157.96,,0,0,2025-10-27,1.14,0.0,-414.4499999999998,ok
LGD0205,Florianopolis-Centrao-apartamento-TOP-1Q,Carteira 4,SC,"Florianópolis, SC","Florianópolis, SC, Centro",0,405,4141.16,23,5318.32,2025-10,0.7419,0.5262,23,31,209.13,150.0,1,0,2025-10-27,0.78,0.0,1177.1599999999999,atenção
LIV0512,Salvador-Graca-apartamento-TOP-1Q,Especial,BA,"Salvador, BA","Salvador, BA, Vitória",1,89,3790.46,12,2921.78,2025-10,0.8333,0.5466,25,31,198.32,,0,0,2025-10-27,1.3,198.32,-868.6799999999998,ok
NWT1306,Especial-NWT-apartamento-TOP-1Q,Carteira 5,AL,"Maceió, AL","Maceió, AL, Pajuçara",0,272,5572.8,34,5613.71,2025-10,0.7419,0.7261,23,31,313.43,280.0,2,0,2025-10-27,0.99,0.0,40.909999999999854,berlinda
NXO2104,Sao_Paulo-Bela_Vista-apartamento-SUP-1Q,Carteira 4,SP,"São Paulo, SP","São Paulo, SP, Consolação",2,541,3079.05,596,3350.19,2025-10,0.6552,0.6478,19,31,188.32,150.0,1,0,2025-10-27,0.92,376.64,271.1399999999999,berlinda
PAR0001,Urubici-Geral-casa-TOP-1Q,Carteira 3,SC,"Urubici, SC","Urubici, SC, Arroio do Engenho",6,698,2419.59,101,3369.88,2025-10,0.44,0.316,11,31,248.36,297.0,1,0,2025-10-27,0.72,1490.16,950.29,atenção
PSD206,Florianopolis-Jurere_Tradicional-apartamento-JR-1Q,Carteira 1,SC,"Florianópolis, SC","Florianópolis, SC, Jurerê",3,168,1471.28,14,1897.84,2025-10,0.5,0.4698,14,31,126.86,286.0,1,0,2025-10-27,0.78,380.58,426.55999999999995,atenção
PSO0305,Penha-Beto_Carrero-apartamento-SUP-1Q,Carteira 3,SC,"Penha, SC","Penha, SC, Praia de Armação do Itapocoroi",0,58,3416.56,18,2566.46,2025-10,0.7419,0.6596,23,31,172.04,135.0,3,0,2025-10-27,1.33,0.0,-850.0999999999999,ok
PTZ0166,Ilheus-Boa_Vista-apartamento-JR-2Q,Carteira 2,BA,"Ilhéus, BA","Ilhéus, BA, Conquista",0,266,857.48,52,2259.16,2025-10,0.2258,0.4277,7,31,135.71,128.25,4,0,2025-10-27,0.38,0.0,1401.6799999999998,crítico
SLC0201,Florianopolis-Rio_Vermelho-apartamento-JR-1Q,Carteira 1,SC,"Florianópolis, SC","Florianópolis, SC, Ingleses do Rio Vermelho",0,287,1102.62,16,2053.66,2025-10,0.5161,0.7071,16,31,85.81,84.25,4,0,2025-10-27,0.54,0.0,951.04,atenção
SMT0713,Salvador-Boca_do_Rio-apartamento-SUP-1Q,Carteira 2,BA,"Salvador, BA","Salvador, BA, Armação",0,243,2575.13,28,2387.44,2025-10,0.6452,0.6706,20,31,178.95,154.0,1,0,2025-10-27,1.08,0.0,-187.69000000000005,berlinda
SPJ0304,Especial-SPJ-apartamento-TOP-1Q,Carteira 5,SC,"Florianópolis, SC","Florianópolis, SC, Jurerê",0,484,5176.26,19,3903.22,2025-10,0.9355,0.6281,29,31,220.14,,0,0,2025-10-27,1.33,0.0,-1273.0400000000004,ok
SPT0104,Blumenau-Central-apartamento-JR-1Q,Carteira 4,SC,"Blumenau, SC","Blumenau, SC, Itoupava Seca",0,560,5175.42,48,6119.8,2025-10,0.4839,0.5972,15,31,493.67,101.25,4,15,2025-10-27,0.85,0.0,944.3800000000001,berlinda
SPT0107,Blumenau-Central-apartamento-JR-1Q,Carteira 4,SC,"Blumenau, SC","Blumenau, SC, Itoupava Seca",0,565,4696.55,48,6119.8,2025-10,0.3548,0.5972,11,31,478.82,101.25,4,15,2025-10-27,0.77,0.0,1423.25,atenção
VAC5604,Barra_Velha-Tabuleiro-apartamento-TOP-2Q,Carteira 3,SC,"Barra Velha, SC","Barra Velha, SC, Itajuba",5,139,2541.22,32,1879.1,2025-10,0.5385,0.375,14,31,218.79,168.75,4,2,2025-10-27,1.35,1093.95,-662.1199999999999,ok
AYR0202,Florianopolis-Canasvieiras_Perto-apartamento-SUP-2Q,Carteira 1,SC,"Florianópolis, SC","Florianópolis, SC, Canasvieiras",0,266,3103.81,17,3623.41,2025-10,0.5484,0.4891,17,31,229.82,223.0,2,0,2025-10-27,0.86,0.0,519.5999999999999,berlinda
BPM1309,Salvador-Barra-apartamento-SUP-1Q,Carteira 2,BA,"Salvador, BA","Salvador, BA, Barra",0,540,4086.16,209,3347.82,2025-10,0.8387,0.601,26,31,180.82,,0,0,2025-10-27,1.22,0.0,-738.3399999999997,ok
CCL0004,Camaçari-Jacuipe-casa-SUP-5Q,Carteira 2,BA,"Camaçari, BA","Camaçari, BA, Barra de Jacuípe",0,112,0.0,22,9150.5,2025-10,0.0,0.4074,0,31,0.0,1000.0,4,31,2025-10-27,0.0,0.0,9150.5,crítico
CNB012,Especial-CNB-casa-TOP-1Q,Especial,SP,"Campos do Jordão, SP","Campos do Jordão, SP, Jardim Europa",0,560,6373.85,17,5682.81,2025-10,0.4516,0.6351,14,31,525.41,720.0,1,7,2025-10-27,1.12,0.0,-691.04,ok
EPO001,Itapema-Praia_Centro-apartamento-SUP-3Q,Carteira 6,SC,"Itapema, SC","Itapema, SC, Castelo Branco",9,567,2269.94,14,2086.73,2025-10,0.7273,0.3206,16,31,210.37,140.0,1,0,2025-10-27,1.09,1893.33,-183.21000000000004,berlinda
ETC0028,Florianopolis-Centrao-apartamento-SUP-3Q,Carteira 4,SC,"Florianópolis, SC","Florianópolis, SC, Centro",0,149,5452.63,20,4934.38,2025-10,0.6774,0.5868,21,31,359.48,200.0,3,0,2025-10-27,1.11,0.0,-518.25,ok
ETE0304,Maceio-Ponta_Verde-apartamento-TOP-1Q,Carteira 2,AL,"Maceió, AL","Maceió, AL, Pajuçara",0,491,5908.99,111,5137.79,2025-10,0.9677,0.8001,30,31,234.57,160.0,1,0,2025-10-27,1.15,0.0,-771.1999999999998,ok
IDF105,Florianopolis-Canasvieiras_Perto-apartamento-SUP-1Q,Carteira 1,SC,"Florianópolis, SC","Florianópolis, SC, Canasvieiras",6,741,2392.74,25,2919.75,2025-10,0.84,0.6221,21,31,140.57,125.5,2,0,2025-10-27,0.82,843.42,527.0100000000002,berlinda
IVT1301,Itapema-Meia_Praia-Norte-apartamento-SUP-3Q,Carteira 6,SC,"Itapema, SC","Itapema, SC, Andorinha",5,670,4150.68,35,2279.35,2025-10,0.6923,0.3969,18,31,291.11,180.0,1,0,2025-10-27,1.82,1455.5500000000002,-1871.3300000000004,ok
JBN0043,Sao_Paulo-Brooklin-apartamento-SUP-1Q,Carteira 4,SP,"São Paulo, SP","São Paulo, SP, Brooklin",0,285,2411.12,149,3546.62,2025-10,0.5161,0.5992,16,31,175.88,,0,0,2025-10-27,0.68,0.0,1135.5,atenção
MHF1409,Itapema-Canto_Praia-apartamento-TOP-2Q,Carteira 5,SC,"Itapema, SC","Itapema, SC, Centro",1,413,4267.56,10,2671.81,2025-10,0.8,0.2867,24,31,221.0,198.75,4,0,2025-10-27,1.6,221.0,-1595.7500000000005,ok
MHF1507,Itapema-Canto_Praia-apartamento-TOP-1Q,Carteira 5,SC,"Itapema, SC","Itapema, SC, Centro",0,176,3498.08,15,3459.9,2025-10,0.7742,0.6192,24,31,182.67,183.5,2,0,2025-10-27,1.01,0.0,-38.179999999999836,berlinda
NWT0412,Especial-NWT-apartamento-TOP-1Q,Carteira 5,AL,"Maceió, AL","Maceió, AL, Pajuçara",0,121,562.98,34,5613.71,2025-10,0.0323,0.7261,1,31,704.0,704.0,4,31,2025-10-27,0.1,0.0,5050.73,crítico
NWT0610,Especial-NWT-apartamento-TOP-1Q,Carteira 5,AL,"Maceió, AL","Maceió, AL, Pajuçara",0,184,4704.29,34,5613.71,2025-10,0.7419,0.7261,23,31,264.26,,0,0,2025-10-27,0.84,0.0,909.4200000000001,berlinda
NWT1308,Especial-NWT-apartamento-TOP-1Q,Carteira 5,AL,"Maceió, AL","Maceió, AL, Pajuçara",0,299,6004.31,34,5613.71,2025-10,0.7742,0.7261,24,31,317.92,280.0,4,0,2025-10-27,1.07,0.0,-390.60000000000036,berlinda
PDL005,Porto_Seguro-Pataxos-apartamento-JR-2Q,Carteira 2,BA,"Porto Seguro, BA","Porto Seguro, BA, Paraíso dos Pataxós",0,513,2949.44,68,3142.14,2025-10,0.5806,0.5275,18,31,223.11,142.5,4,0,2025-10-27,0.94,0.0,192.69999999999982,berlinda
RUD0047,Porto_Seguro-Pataxos-casa-TOP-3Q,Carteira 2,BA,"Porto Seguro, BA","Porto Seguro, BA, Taperapuan",13,317,3209.56,10,5187.42,2025-10,0.4444,0.4031,8,31,534.5,352.75,4,0,2025-10-27,0.62,6948.5,1977.8600000000001,atenção
SAT0012,Sao_Paulo-Vila_Olimpia-apartamento-SUP-1Q,Carteira 4,SP,"São Paulo, SP","São Paulo, SP, Itaim Bibi",0,170,8168.99,299,5468.9,2025-10,1.0,0.6581,31,31,378.55,,0,0,2025-10-27,1.49,0.0,-2700.09,ok
SLC0204,Florianopolis-Rio_Vermelho-apartamento-JR-1Q,Carteira 1,SC,"Florianópolis, SC","Florianópolis, SC, Ingleses do Rio Vermelho",0,287,1196.48,16,2053.66,2025-10,0.5161,0.7071,16,31,84.44,,0,0,2025-10-27,0.58,0.0,857.1799999999998,atenção
TXP1406,Goiania-Central-apartamento-SUP-1Q,Carteira 1,GO,"Goiânia, GO","Goiânia, GO, Setor Bueno",0,748,3864.0,161,2721.7,2025-10,0.7419,0.6044,23,31,186.42,,0,19,2025-10-27,1.42,0.0,-1142.3000000000002,ok
UML0104,Bombinhas-Mariscal-apartamento-TOP-2Q,Carteira 6,SC,"Bombinhas, SC","Bombinhas, SC, Mariscal",1,454,4163.97,19,1909.95,2025-10,0.8667,0.2804,26,31,206.85,239.0,1,0,2025-10-27,2.18,206.85,-2254.0200000000004,meta_subestimada
URB1110,Porto_Alegre-Jardim_Botanico-apartamento-JR-1Q,Carteira 4,RS,"Porto Alegre, RS","Porto Alegre, RS, Petrópolis",4,768,2086.46,79,1836.0,2025-10,0.6667,0.4693,18,31,153.17,120.0,1,0,2025-10-27,1.14,612.68,-250.46000000000004,ok
VTD0606,Florianopolis-UFSC-apartamento-SUP-1Q,Carteira 4,SC,"Florianópolis, SC","Florianópolis, SC, Trindade",0,23,3945.55,44,2740.41,2025-10,0.9032,0.6164,28,31,178.89,,0,0,2025-10-27,1.44,0.0,-1205.1400000000003,ok
ATE0302,Goiania-Universitario-apartamento-JR-1Q,Carteira 1,GO,"Goiânia, GO","Goiânia, GO, Setor Leste Vila Nova",7,69,1215.28,112,1982.27,2025-10,0.4583,0.5723,11,31,159.18,236.0,4,22,2025-10-27,0.61,1114.26,766.99,atenção
CIE0101,Florianopolis-Jurere_Longe-apartamento-JR-1Q,Carteira 1,SC,"Florianópolis, SC","Florianópolis, SC, Jurerê",0,334,2156.58,28,1581.17,2025-10,0.6452,0.4565,20,31,128.75,102.5,2,0,2025-10-27,1.36,0.0,-575.4099999999999,ok
CVE402,Guarapari-Praia_do_Morro-apartamento-JR-3Q,Carteira 4,ES,"Guarapari, ES","Guarapari, ES, Praia do Morro",8,589,3230.29,49,3372.31,2025-10,0.8696,0.5333,20,31,185.6,176.0,2,0,2025-10-27,0.96,1484.8,142.01999999999998,berlinda
EGC001,Urubici-Geral-casa-SUP-1Q,Carteira 3,SC,"Urubici, SC","Urubici, SC, Centro",0,741,1952.68,61,1703.19,2025-10,0.4194,0.2168,13,31,176.92,160.0,2,0,2025-10-27,1.15,0.0,-249.49,ok
ESD143,Balneario_Camboriu-Sul-apartamento-SUP-2Q,Carteira 6,SC,"Balneário Camboriú, SC","Balneário Camboriú, SC, Barra Sul",5,869,3290.22,82,4251.44,2025-10,0.6923,0.545,18,31,191.72,230.0,1,0,2025-10-27,0.77,958.6,961.2199999999998,atenção
FLT0011,Florianopolis-Centrao-apartamento-SIM-1Q,Carteira 4,SC,"Florianópolis, SC","Florianópolis, SC, Centro",8,180,2259.08,13,1444.15,2025-10,0.9565,0.4115,22,31,112.05,80.0,1,0,2025-10-27,1.56,896.4,-814.9299999999998,ok
GGE203,Florianopolis-Ingleses_Norte-apartamento-TOP-2Q,Carteira 1,SC,"Florianópolis, SC","Florianópolis, SC, Ingleses do Rio Vermelho",4,574,3755.19,20,3001.73,2025-10,0.4815,0.5171,13,31,435.92,218.0,3,0,2025-10-27,1.25,1743.68,-753.46,ok
IBY1613,Sao_Paulo-Moema-apartamento-TOP-1Q,Carteira 4,SP,"São Paulo, SP","São Paulo, SP, Indianópolis",2,238,4830.72,106,4472.16,2025-10,0.8966,0.6908,26,31,223.3,200.0,1,0,2025-10-27,1.08,446.6,-358.5600000000004,berlinda
LIV1612,Salvador-Graca-apartamento-TOP-1Q,Especial,BA,"Salvador, BA","Salvador, BA, Vitória",3,5,3806.14,12,2921.78,2025-10,0.8929,0.5466,25,31,181.44,,0,1,2025-10-27,1.3,544.3199999999999,-884.3599999999997,ok
MHF1106,Itapema-Canto_Praia-apartamento-TOP-1Q,Carteira 5,SC,"Itapema, SC","Itapema, SC, Centro",0,208,3467.66,15,3459.9,2025-10,0.8065,0.6192,25,31,168.64,171.75,4,0,2025-10-27,1.0,0.0,-7.7599999999997635,berlinda
MHF1504,Itapema-Canto_Praia-apartamento-TOP-1Q,Carteira 5,SC,"Itapema, SC","Itapema, SC, Centro",0,282,3638.65,15,3459.9,2025-10,0.7419,0.6192,23,31,191.65,160.0,3,0,2025-10-27,1.05,0.0,-178.75,berlinda
MHF1602,Itapema-Canto_Praia-apartamento-TOP-2Q,Carteira 5,SC,"Itapema, SC","Itapema, SC, CEntro",0,413,4742.19,10,2671.81,2025-10,0.7742,0.2867,24,31,254.75,197.0,3,0,2025-10-27,1.77,0.0,-2070.3799999999997,ok
NWT0919,Especial-NWT-apartamento-TOP-1Q,Carteira 5,AL,"Maceió, AL","Maceió, AL, Pajuçara",0,183,5707.63,34,5613.71,2025-10,0.8387,0.7261,26,31,273.62,250.0,2,0,2025-10-27,1.02,0.0,-93.92000000000007,berlinda
NXO0603,Sao_Paulo-Bela_Vista-apartamento-SUP-1Q,Carteira 4,SP,"São Paulo, SP","São Paulo, SP, Consolação",3,413,1504.07,596,3350.19,2025-10,0.3571,0.6478,10,31,164.4,150.0,2,0,2025-10-27,0.45,493.20000000000005,1846.1200000000001,crítico
OKA131,Florianopolis-Campeche-apartamento-SUP-1Q,Carteira 1,SC,"Florianópolis, SC","Florianópolis, SC, Campeche",0,1042,3474.49,25,2756.73,2025-10,0.7419,0.5652,23,31,187.65,225.5,2,0,2025-10-27,1.26,0.0,-717.7599999999998,ok
PKS0205,Guara-Geral-apartamento-SUP-1Q,Carteira 1,DF,"Brasília, DF","Brasília, DF, Asa Norte",0,222,4066.63,32,3330.06,2025-10,0.9355,0.6659,29,31,162.45,,0,0,2025-10-27,1.22,0.0,-736.5700000000002,ok
PVG0501,Itajai-Praia_Brava-apartamento-SUP-2Q,Carteira 6,SC,"Itajaí, SC","Itajaí, SC, Praia Brava de Itajaí",2,285,4103.22,16,3367.45,2025-10,0.8966,0.5466,26,31,183.88,,0,0,2025-10-27,1.22,367.76,-735.7700000000004,ok
RAL203,Florianopolis-Ingleses_Centro-apartamento-JR-2Q,Carteira 1,SC,"Florianópolis, SC","Florianópolis, SC, Ingleses do Rio Vermelho",1,648,1342.63,21,1504.5,2025-10,0.4,0.4685,12,31,135.83,133.5,4,0,2025-10-27,0.89,135.83,161.8699999999999,berlinda
RNC0202,Florianopolis-Campeche-apartamento-SUP-1Q,Carteira 1,SC,"Florianópolis, SC","Florianópolis, SC, Campeche",0,140,733.55,25,2756.73,2025-10,0.1613,0.5652,5,31,175.0,173.0,1,0,2025-10-27,0.27,0.0,2023.18,crítico
BFT3015,Goiania-Leste-apartamento-SUP-1Q,Carteira 1,GO,"Goiânia, GO","Goiânia, GO, Jardim Goiás",0,419,3289.18,76,2650.3,2025-10,0.7742,0.5845,24,31,161.46,140.0,2,0,2025-10-27,1.24,0.0,-638.8799999999997,ok
BSO0107,Itajai-Praia_Brava-apartamento-SUP-1Q,Carteira 6,SC,"Balneário Camboriú, SC","Balneário Camboriú, SC, Praia dos Amores",1,167,2811.34,55,2564.51,2025-10,0.7333,0.5263,22,31,155.95,120.0,3,0,2025-10-27,1.1,155.95,-246.82999999999993,berlinda
CEC0302,Balneario_Camboriu-Centro-apartamento-JR-2Q,Carteira 6,SC,"Balneário Camboriú, SC","Balneário Camboriú, SC, Centro",0,30,2827.0,43,2111.4,2025-10,0.871,0.4194,27,31,140.41,180.0,1,0,2025-10-27,1.34,0.0,-715.5999999999999,ok
CEP0128,Sao_Paulo-Pompeia-apartamento-SUP-1Q,Carteira 4,SP,"São Paulo, SP","São Paulo, SP, Perdizes",0,34,1847.56,74,3053.57,2025-10,0.4194,0.5076,13,31,176.3,134.67,3,0,2025-10-27,0.61,0.0,1206.0100000000002,atenção
CHE0401,Bombinhas-Centro-casa-TOP-4Q,Carteira 6,SC,"Bombinhas, SC","Bombinhas, SC, Centro",9,343,7658.3,19,7591.35,2025-10,0.5,0.2919,11,31,781.0,781.0,2,30,2025-10-27,1.01,7029.0,-66.94999999999982,berlinda
CPR0025,Marau-Barra_Grande-apartamento-TOP-2Q,Carteira 2,BA,"Maraú, BA","Maraú, BA, Barra Grande",2,177,0.0,15,6171.38,2025-10,0.0,0.4927,0,31,0.0,546.0,4,31,2025-10-27,0.0,0.0,6171.38,crítico
EVA704,Florianopolis-Centrao-apartamento-SUP-1Q,Carteira 5,SC,"Florianópolis, SC","Florianópolis, SC, Centro",0,617,2627.8,122,3775.97,2025-10,0.6774,0.5975,21,31,183.33,135.0,4,0,2025-10-27,0.7,0.0,1148.1699999999996,atenção
IAB109,Camaçari-Itacimirim-apartamento-SUP-2Q,Carteira 2,BA,"Camaçari, BA","Camaçari, BA, Itacimirim",1,610,2898.44,25,3503.7,2025-10,0.3,0.4649,9,31,350.0,350.0,4,31,2025-10-27,0.83,350.0,605.2599999999998,berlinda
ILC3104,Especial-ILC-hotel-JR-1Q,Especial,SC,"Florianópolis, SC","Florianópolis, SC, Jurerê Internacional",4,1940,8961.15,16,7820.79,2025-10,0.963,0.6145,26,31,423.12,,0,0,2025-10-27,1.15,1692.48,-1140.3599999999997,ok
JBV142,Especial-JBV-hotel-TOP-1Q,Especial,SC,"Florianópolis, SC","Florianópolis, SC, Jurerê",0,1549,8007.86,32,10019.61,2025-10,0.7742,0.8219,24,31,387.33,303.0,1,0,2025-10-27,0.8,0.0,2011.750000000001,atenção
MMD0503,Ilheus-Sul-apartamento-SUP-2Q,Carteira 2,BA,"Ilhéus, BA","Ilhéus, BA, São Francisco",3,180,2344.85,24,3158.2,2025-10,0.4643,0.5022,13,31,212.62,159.75,4,0,2025-10-27,0.74,637.86,813.3499999999999,atenção
MMD0605,Ilheus-Sul-apartamento-SUP-2Q,Carteira 2,BA,"Ilhéus, BA","Ilhéus, BA, São Francisco",1,15,3511.63,24,3158.2,2025-10,0.8667,0.5022,26,31,186.96,147.0,2,0,2025-10-27,1.11,186.96,-353.4300000000003,ok
MON0099,Barra_Velha-Tabuleiro-casa-SUP-2Q,Carteira 3,SC,"Barra Velha, SC","Barra Velha, SC, Tabuleiro",12,118,599.73,8,1664.26,2025-10,0.3158,0.2212,6,31,137.67,153.0,2,0,2025-10-27,0.36,1652.04,1064.53,crítico
RBF142,Florianopolis-Estreito-casa-JR-2Q,Carteira 4,SC,"Florianópolis, SC","Florianópolis, SC, Capoeiras",4,721,2264.75,12,2269.62,2025-10,0.7037,0.4364,19,31,148.26,110.0,1,0,2025-10-27,1.0,593.04,4.869999999999891,berlinda
RGF1201,Salvador-Flamengo-apartamento-TOP-1Q,Carteira 2,BA,"Salvador, BA","Salvador, BA, Itapuã",1,159,3540.59,29,4009.88,2025-10,0.8333,0.6794,25,31,174.52,150.0,1,0,2025-10-27,0.88,174.52,469.28999999999996,berlinda
RGOA701,Itapema-Meia_Praia-Sul-apartamento-SUP-2Q,Carteira 6,SC,"Itapema, SC","Itapema, SC, Castelo Branco",0,89,2823.64,11,3466.72,2025-10,0.7419,0.404,23,31,155.61,120.0,3,0,2025-10-27,0.81,0.0,643.0799999999999,berlinda
SFR0311,Bombinhas-Centro-apartamento-SUP-1Q,Carteira 6,SC,"Bombinhas, SC","Bombinhas, SC, Centro",0,6,2799.1,32,2630.32,2025-10,0.6452,0.5814,20,31,130.88,,0,0,2025-10-27,1.06,0.0,-168.77999999999975,berlinda
SSG0305,Florianopolis-UFSC-apartamento-TOP-1Q,Carteira 4,SC,"Florianópolis, SC","Florianópolis, SC, Córrego Grande",0,600,3268.34,15,2661.35,2025-10,0.6129,0.5879,19,31,219.58,,0,0,2025-10-27,1.23,0.0,-606.9900000000002,ok
STI209,Florianopolis-Ingleses_Centro-apartamento-SUP-1Q,Carteira 1,SC,"Florianópolis, SC","Florianópolis, SC, Ingleses do Rio Vermelho",0,1658,3242.46,31,1664.26,2025-10,0.6452,0.467,20,31,200.9,158.25,4,0,2025-10-27,1.95,0.0,-1578.2,ok
TCO0213,Porto_Alegre-Centro_Historico-apartamento-SUP-1Q,Carteira 4,RS,"Porto Alegre, RS","Porto Alegre, RS, Centro Histórico",0,357,2501.72,87,2119.74,2025-10,0.7419,0.5817,23,31,133.52,120.0,1,0,2025-10-27,1.18,0.0,-381.98,ok
BLSA1656,Goiania-Central-apartamento-TOP-1Q,Carteira 1,GO,"Goiânia, GO","Goiânia, GO, Setor Marista",0,600,2816.13,53,3116.1,2025-10,0.6129,0.5687,19,31,178.53,161.5,2,0,2025-10-27,0.9,0.0,299.9699999999998,berlinda
CNB001,Especial-CNB-casa-TOP-1Q,Especial,SP,"Campos do Jordão, SP","Campos do Jordão, SP, Jardim Europa",0,567,11161.11,17,5682.81,2025-10,0.7419,0.6351,23,31,594.61,475.0,2,7,2025-10-27,1.96,0.0,-5478.3,ok
DIO1602,Sao_Paulo-Pompeia-apartamento-SUP-1Q,Carteira 4,SP,"São Paulo, SP","São Paulo, SP, Pompeia",0,114,2208.12,74,3053.57,2025-10,0.4839,0.5076,15,31,184.4,136.0,1,0,2025-10-27,0.72,0.0,845.4500000000003,atenção
ESM602,Itapema-Meia_Praia-Norte-apartamento-JR-3Q,Carteira 6,SC,"Itapema, SC","Itapema, SC, Meia Praia",6,757,2480.19,10,2160.62,2025-10,0.68,0.3649,17,31,174.0,171.0,4,0,2025-10-27,1.15,1044.0,-319.57000000000016,ok
LGA0201,Bombinhas-Centro-apartamento-TOP-3Q,Carteira 6,SC,"Bombinhas, SC","Bombinhas, SC, Centro",6,432,0.0,11,3502.0,2025-10,0.0,0.331,0,31,0.0,625.0,4,31,2025-10-27,0.0,0.0,3502.0,crítico
NWT1218,Especial-NWT-apartamento-TOP-1Q,Carteira 5,AL,"Maceió, AL","Maceió, AL, Pajuçara",1,132,2594.31,34,5613.71,2025-10,0.1667,0.7261,5,31,631.0,631.0,4,31,2025-10-27,0.46,631.0,3019.4,crítico
POR0101,Florianopolis-Ingleses_Norte-apartamento-SUP-4Q,Carteira 1,SC,"Florianópolis, SC","Florianópolis, SC, Ingleses do Rio Vermelho",7,331,5998.12,17,5450.2,2025-10,0.75,0.5817,18,31,421.61,272.0,3,0,2025-10-27,1.1,2951.27,-547.9200000000001,ok
PSO0603,Penha-Beto_Carrero-apartamento-SUP-1Q,Carteira 3,SC,"Penha, SC","Penha, SC, Praia de Armação do Itapocoroi",0,61,3931.36,18,2566.46,2025-10,0.9355,0.6596,29,31,172.1,115.0,1,0,2025-10-27,1.53,0.0,-1364.9,ok
PSO1005,Penha-Beto_Carrero-apartamento-SUP-1Q,Carteira 3,SC,"Penha, SC","Penha, SC, Praia de Armação do Itapocoroi",0,7,3250.5,18,2566.46,2025-10,0.7097,0.6596,22,31,187.91,148.5,4,0,2025-10-27,1.27,0.0,-684.04,ok
RVC0703,Itajai-Praia_Brava-apartamento-TOP-2Q,Carteira 6,SC,"Itajaí, SC","Itajaí, SC, Praia Brava",1,243,4388.86,15,3857.96,2025-10,0.6667,0.5457,20,31,256.2,,0,22,2025-10-27,1.14,256.2,-530.8999999999996,ok
SHC1106,Balneario_Picarras-Geral-apartamento-TOP-3Q,Carteira 6,SC,"Balneário Piçarras, SC","Balneário Piçarras, SC, Itacolomi",0,390,2946.0,17,2802.96,2025-10,0.3871,0.3613,12,31,300.0,300.0,1,31,2025-10-27,1.05,0.0,-143.03999999999996,berlinda
SPA309,Florianopolis-UFSC-apartamento-SUP-1Q,Carteira 4,SC,"Florianópolis, SC","Florianópolis, SC, Trindade",0,736,3392.1,44,2740.41,2025-10,0.7097,0.6164,22,31,181.36,161.0,1,0,2025-10-27,1.24,0.0,-651.69,ok
SPJ0401,Especial-SPJ-apartamento-TOP-1Q,Carteira 5,SC,"Florianópolis, SC","Florianópolis, SC, Jurerê",0,353,4587.63,19,3903.22,2025-10,0.871,0.6281,27,31,199.22,161.0,3,0,2025-10-27,1.18,0.0,-684.4100000000003,ok
STCY102,Florianopolis-Cachoeira_Bom_Jesus-apartamento-JR-1Q,Carteira 1,SC,"Florianópolis, SC","Florianópolis, SC, Cachoeira do Bom Jesus",0,531,2492.12,16,760.59,2025-10,0.8387,0.2401,26,31,110.42,108.0,1,0,2025-10-27,3.28,0.0,-1731.5299999999997,meta_subestimada
TML501,Guarapari-Praia_do_Morro-apartamento-JR-3Q,Carteira 4,ES,"Guarapari, ES","Guarapari, ES, Praia do Morro",2,579,1486.03,49,3372.31,2025-10,0.2414,0.5333,7,31,333.0,333.0,4,31,2025-10-27,0.44,666.0,1886.28,crítico
VST023,Especial-VST-casa-TOP-1Q,Carteira 5,SC,"Anitápolis, SC","Anitápolis, SC, Vistas de Anitá",4,762,3690.47,45,2754.3,2025-10,0.6667,0.2088,18,31,260.89,160.0,1,0,2025-10-27,1.34,1043.56,-936.1699999999996,ok
ACE0201,Florianopolis-Canasvieiras_Meio-apartamento-JR-2Q,Carteira 1,SC,"Florianópolis, SC","Florianópolis, SC, Canasvieiras",0,701,2337.91,12,1757.66,2025-10,0.5161,0.2461,16,31,165.81,200.25,4,0,2025-10-27,1.33,0.0,-580.2499999999998,ok
ASK001,Florianopolis-Itacorubi-apartamento-JR-1Q,Carteira 4,SC,"Florianópolis, SC","Florianópolis, SC, Santa Mônica",1,1070,2310.28,12,1844.31,2025-10,0.7667,0.6804,23,31,114.48,115.0,1,0,2025-10-27,1.25,114.48,-465.97000000000025,ok
CCS0205,Florianopolis-Campeche_Praia-apartamento-TOP-1Q,Carteira 1,SC,"Florianópolis, SC","Florianópolis, SC, Campeche",4,586,3449.09,16,3929.65,2025-10,0.9259,0.5969,25,31,181.92,160.0,2,0,2025-10-27,0.88,727.68,480.55999999999995,berlinda
DLH0105,Gramado-Centro-apartamento-TOP-2Q,Carteira 4,RS,"Gramado, RS","Gramado, RS, Centro",0,420,7364.63,53,5324.65,2025-10,0.6129,0.5115,19,31,508.63,,0,0,2025-10-27,1.38,0.0,-2039.9800000000005,ok
HAI406,Salvador-Centro-apartamento-JR-1Q,Carteira 2,BA,"Salvador, BA","Salvador, BA, Centro",0,429,872.85,25,1940.01,2025-10,0.1935,0.603,6,31,171.67,114.25,4,0,2025-10-27,0.45,0.0,1067.1599999999999,crítico
ILC2108,Especial-ILC-hotel-TOP-1Q,Especial,SC,"Florianópolis, SC","Florianópolis, SC, Jurerê Internacional",7,1769,7718.53,28,10019.61,2025-10,0.75,0.8614,18,31,530.06,,0,0,2025-10-27,0.77,3710.4199999999996,2301.080000000001,atenção
JBV106,Especial-JBV-hotel-JR-1Q,Especial,SC,"Florianópolis, SC","Florianópolis, SC, Jurerê",0,1667,8573.22,25,7692.08,2025-10,1.0,0.6447,31,31,360.77,,0,0,2025-10-27,1.11,0.0,-881.1399999999994,ok
JFM0062,Florianopolis-Beira_Mar-apartamento-JR-3Q,Carteira 4,SC,"Florianópolis, SC","Florianópolis, SC, Centro",3,204,2843.1,10,4095.9,2025-10,0.5357,0.5033,15,31,218.8,193.0,1,0,2025-10-27,0.69,656.4000000000001,1252.8000000000002,atenção
JQP0521,Sao_Paulo-Republica-apartamento-JR-1Q,Carteira 4,SP,"São Paulo, SP","São Paulo, SP, Centro Histórico de São Paulo",1,58,2898.55,300,2422.5,2025-10,0.9,0.6626,27,31,123.44,,0,0,2025-10-27,1.2,123.44,-476.0500000000002,ok
MDC0214,Gramado-Geral-apartamento-SUP-1Q,Carteira 4,RS,"Gramado, RS","Gramado, RS, Floresta",3,209,3706.26,74,2701.26,2025-10,0.7857,0.5012,22,31,219.77,201.0,3,0,2025-10-27,1.37,659.3100000000001,-1005.0,ok
MHFB0605,Itapema-Canto_Praia-apartamento-SUP-1Q,Carteira 5,SC,"Itapema, SC","Itapema, SC, Centro",0,343,3389.8,11,1766.45,2025-10,0.9032,0.415,28,31,143.39,,0,0,2025-10-27,1.92,0.0,-1623.3500000000001,ok
NWT1019,Especial-NWT-apartamento-TOP-1Q,Carteira 5,AL,"Maceió, AL","Maceió, AL, Pajuçara",1,168,5324.43,34,5613.71,2025-10,0.7333,0.7261,22,31,300.27,280.0,3,0,2025-10-27,0.95,300.27,289.27999999999975,berlinda
PAI0303,Salvador-Barra-apartamento-JR-1Q,Carteira 2,BA,"Salvador, BA","Salvador, BA, Barra",0,314,2098.06,116,2690.79,2025-10,0.5161,0.6238,16,31,143.5,115.0,1,0,2025-10-27,0.78,0.0,592.73,atenção
PAR0002,Urubici-Geral-casa-TOP-1Q,Carteira 3,SC,"Urubici, SC","Urubici, SC, Arroio do Engenho",4,698,2593.92,101,3369.88,2025-10,0.4074,0.316,11,31,296.0,232.33,3,0,2025-10-27,0.77,1184.0,775.96,atenção
PSO0304,Penha-Beto_Carrero-apartamento-SUP-1Q,Carteira 3,SC,"Penha, SC","Penha, SC, Praia de Armação do Itapocoroi",0,83,4003.24,18,2566.46,2025-10,0.7742,0.6596,24,31,190.67,115.0,1,0,2025-10-27,1.56,0.0,-1436.7799999999997,ok
PSV000,Garopaba-Centro-casa-TOP-3Q,Carteira 6,SC,"Garopaba, SC","Garopaba, SC, Garopaba",31,607,0.0,15,4572.33,2025-10,,0.3877,0,31,0.0,,0,31,2025-10-27,0.0,0.0,4572.33,crítico
RAP0306,Florianopolis-Campeche_Praia-apartamento-SUP-1Q,Carteira 1,SC,"Florianópolis, SC","Florianópolis, SC, Campeche",2,299,3985.84,61,4056.51,2025-10,0.8966,0.6275,26,31,206.58,154.0,2,0,2025-10-27,0.98,413.16,70.67000000000007,berlinda
RFM0039,Santa_Cruz_Cabralia-Coroa_Vermelha-apartamento-SUP-2Q,Carteira 2,BA,"Santa Cruz Cabrália, BA","Santa Cruz Cabrália, BA, Coroa Vermelha",1,322,0.0,45,4511.23,2025-10,0.0,0.6517,0,31,0.0,234.0,4,23,2025-10-27,0.0,0.0,4511.23,crítico
SCO0003,Florianopolis-Campeche-apartamento-JR-1Q,Carteira 1,SC,"Florianópolis, SC","Florianópolis, SC, Campeche",0,176,1512.72,24,1160.82,2025-10,0.5161,0.4803,16,31,121.25,118.0,3,0,2025-10-27,1.3,0.0,-351.9000000000001,ok
SFR0415,Bombinhas-Centro-apartamento-SUP-1Q,Carteira 6,SC,"Bombinhas, SC","Bombinhas, SC, Centro",0,6,2918.89,32,2630.32,2025-10,0.8065,0.5814,25,31,144.12,,0,0,2025-10-27,1.11,0.0,-288.5699999999997,ok
TRS0003,Penha-Beto_Carrero-casa-SUP-1Q,Carteira 3,SC,"Penha, SC","Penha, SC, Armação",0,133,2037.95,23,2348.45,2025-10,0.5484,0.6374,17,31,150.06,120.75,4,0,2025-10-27,0.87,0.0,310.4999999999998,berlinda
TXP1007,Goiania-Central-apartamento-SUP-1Q,Carteira 1,GO,"Goiânia, GO","Goiânia, GO, Setor Bueno",0,741,4341.06,161,2721.7,2025-10,0.9677,0.6044,30,31,244.7,,0,0,2025-10-27,1.59,0.0,-1619.3600000000006,ok
TXP1905,Goiania-Central-apartamento-SUP-1Q,Carteira 1,GO,"Goiânia, GO","Goiânia, GO, Setor Bueno",0,722,3570.21,161,2721.7,2025-10,0.9677,0.6044,30,31,176.3,,0,0,2025-10-27,1.31,0.0,-848.5100000000002,ok
TZS210,Penha-Longe-casa-SUP-2Q,Carteira 6,SC,"Penha, SC","Penha, SC, Praia de Armação do Itaporocói",0,533,770.43,25,3293.33,2025-10,0.0968,0.5159,3,31,268.0,268.0,4,31,2025-10-27,0.23,0.0,2522.9,crítico
VST024,Especial-VST-casa-TOP-1Q,Carteira 5,SC,"Anitápolis, SC","Anitápolis, SC, Rio dos Pinheiros",4,92,2058.42,45,2754.3,2025-10,0.3704,0.2088,10,31,253.3,160.0,3,0,2025-10-27,0.75,1013.2,695.8800000000001,atenção
BLV0002,Porto_Seguro-Pataxos-apartamento-SUP-2Q,Carteira 2,BA,"Porto Seguro, BA","Porto Seguro, BA, Alto do Xamagunga",9,27,2182.51,35,5287.85,2025-10,0.5,0.6403,11,31,241.25,157.25,4,0,2025-10-27,0.41,2171.25,3105.34,crítico
CNA002,Especial-CNA-casa-MASTER-1Q,Especial,SP,"Campos do Jordão, SP","Campos do Jordão, SP, Jardim Europa",0,985,12883.11,25,9245.88,2025-10,0.7742,0.485,24,31,667.58,350.0,1,4,2025-10-27,1.39,0.0,-3637.2300000000014,ok
EDJ0410,Florianopolis-Ingleses_Praia-apartamento-SUP-1Q,Carteira 1,SC,"Florianópolis, SC","Florianópolis, SC, Ingleses do Rio Vermelho",0,173,1391.51,37,2408.79,2025-10,0.4194,0.4799,13,31,135.15,127.0,4,0,2025-10-27,0.58,0.0,1017.28,atenção
GSH0102,Camaçari-Monte_Gordo-apartamento-TOP-2Q,Carteira 2,BA,"Camaçari, BA","Camaçari, BA, Monte Gordo",1,72,6581.63,26,8375.69,2025-10,0.7333,0.6718,22,31,368.61,313.0,3,10,2025-10-27,0.79,368.61,1794.0600000000004,atenção
ILC3312,Especial-ILC-hotel-JR-1Q,Especial,SC,"Florianópolis, SC","Florianópolis, SC, Jurerê Internacional",0,1940,9840.21,16,7820.79,2025-10,0.871,0.6145,27,31,435.7,,0,0,2025-10-27,1.26,0.0,-2019.4199999999992,ok
ILC4406,Especial-ILC-hotel-JR-1Q,Especial,SC,"Florianópolis, SC","Florianópolis, SC, Jurerê Internacional",0,1940,10471.63,16,7820.79,2025-10,0.8065,0.6145,25,31,515.92,349.5,2,0,2025-10-27,1.34,0.0,-2650.8399999999992,ok
MHFB2005,Itapema-Canto_Praia-apartamento-SUP-1Q,Carteira 5,SC,"Itapema, SC","Itapema, SC, Centro",0,443,3858.35,11,1766.45,2025-10,1.0,0.415,31,31,165.35,,0,0,2025-10-27,2.18,0.0,-2091.8999999999996,meta_subestimada
NWT0922,Especial-NWT-apartamento-TOP-1Q,Carteira 5,AL,"Maceió, AL","Maceió, AL, Pajuçara",1,190,5668.43,34,5613.71,2025-10,0.8667,0.7261,26,31,273.27,,0,0,2025-10-27,1.01,273.27,-54.720000000000255,berlinda
NWT1004,Especial-NWT-apartamento-TOP-1Q,Carteira 5,AL,"Maceió, AL","Maceió, AL, Pajuçara",0,168,5221.52,34,5613.71,2025-10,0.6774,0.7261,21,31,291.19,280.0,1,0,2025-10-27,0.93,0.0,392.1899999999996,berlinda
PRJ004,Imbituba-Praia_do_Rosa-casa-SIM-1Q,Carteira 6,SC,"Imbituba, SC","Imbituba, SC, Ibiraquera",0,1210,0.0,49,1294.42,2025-10,0.0,0.3214,0,31,0.0,90.0,4,0,2025-10-27,0.0,0.0,1294.42,crítico
SOA0301,Salvador-Boca_do_Rio-apartamento-SUP-2Q,Carteira 2,BA,"Salvador, BA","Salvador, BA, Boca do Rio",0,240,4392.38,12,4206.32,2025-10,0.8065,0.7674,25,31,207.8,,0,6,2025-10-27,1.04,0.0,-186.0600000000004,berlinda
STN0404,Florianopolis-Ingleses_Norte-apartamento-SUP-2Q,Carteira 1,SC,"Florianópolis, SC","Florianópolis, SC, Ingleses Norte",3,197,4631.69,63,2335.8,2025-10,0.7857,0.3938,22,31,268.41,152.0,2,0,2025-10-27,1.98,805.23,-2295.8899999999994,ok
TRC0507,Florianopolis-UFSC-apartamento-SUP-1Q,Carteira 4,SC,"Florianópolis, SC","Florianópolis, SC, Carvoeira",2,19,1657.13,44,2740.41,2025-10,0.5172,0.6164,15,31,138.4,113.0,1,0,2025-10-27,0.6,276.8,1083.2799999999997,atenção
UAR301,Itapema-Praia_Centro-apartamento-SUP-3Q,Carteira 6,SC,"Itapema, SC","Itapema, SC, Centro",4,22,3771.59,14,2086.73,2025-10,0.9259,0.3206,25,31,181.33,,0,0,2025-10-27,1.81,725.32,-1684.8600000000001,ok
VDL0010,Mata_de_Sao_Joao-Praia_do_Forte-apartamento-MASTER-3Q,Carteira 2,BA,"Mata de São João, BA","Mata de São João, BA, Praia do Forte",6,379,16441.93,7,5441.7,2025-10,0.92,0.3519,23,31,842.65,,0,0,2025-10-27,3.02,5055.9,-11000.23,meta_subestimada
BPM0807,Salvador-Barra-apartamento-SUP-1Q,Carteira 2,BA,"Salvador, BA","Salvador, BA, Barra",0,579,2644.09,209,3347.82,2025-10,0.5484,0.601,17,31,180.6,155.0,2,0,2025-10-27,0.79,0.0,703.73,atenção
CAC025,Florianopolis-Ingleses_Praia-apartamento-SUP-2Q,Carteira 1,SC,"Florianópolis, SC","Florianópolis, SC, Ingleses do Rio Vermelho",1,174,2287.02,47,2993.28,2025-10,0.5,0.4455,15,31,191.93,140.0,1,0,2025-10-27,0.76,191.93,706.2600000000002,atenção
CNB003,Especial-CNB-casa-TOP-1Q,Especial,SP,"Campos do Jordão, SP","Campos do Jordão, SP, Jardim Europa",4,567,6637.32,17,5682.81,2025-10,0.4444,0.6351,12,31,677.42,397.5,4,8,2025-10-27,1.17,2709.68,-954.5099999999993,ok
COB0710,Sao_Paulo-Brooklin-apartamento-SUP-1Q,Carteira 2,SP,"São Paulo, SP","São Paulo, SP, Santo Amaro",3,1,1367.58,149,3546.62,2025-10,0.3929,0.5992,11,31,156.82,166.0,1,0,2025-10-27,0.39,470.46,2179.04,crítico
EGF000,Garopaba-Centro-casa-JR-3Q,Carteira 6,SC,"Garopaba, SC","Garopaba, SC, Ferrugem",6,548,2067.75,14,1248.92,2025-10,0.36,0.189,9,31,292.22,390.0,4,24,2025-10-27,1.66,1753.3200000000002,-818.8299999999999,ok
EMA101,Cabo_Frio-Centro-apartamento-SUP-2Q,Carteira 4,RJ,"Cabo Frio, RJ","Cabo Frio, RJ, Centro",2,1065,3210.0,95,5359.69,2025-10,0.4483,0.6722,13,31,277.46,204.0,4,8,2025-10-27,0.6,554.92,2149.6899999999996,atenção
ESA901,Balneario_Camboriu-Norte-apartamento-SUP-3Q,Carteira 6,SC,"Balneário Camboriú, SC","Balneário Camboriú, SC, Centro",8,859,3218.47,26,5441.98,2025-10,0.6087,0.5779,14,31,307.36,216.0,3,0,2025-10-27,0.59,2458.88,2223.5099999999998,atenção
ESP0301,Florianopolis-Jurere_Internacional-apartamento-SUP-2Q,Carteira 1,SC,"Florianópolis, SC","Florianópolis, SC, Jurerê",0,23,3388.59,17,3601.03,2025-10,0.5806,0.3488,18,31,213.33,180.0,2,0,2025-10-27,0.94,0.0,212.44000000000005,berlinda
ISC1511,Sao_Paulo-Republica-apartamento-TOP-1Q,Carteira 4,SP,"São Paulo, SP","São Paulo, SP, Vila Buarque",0,468,3719.27,102,4032.47,2025-10,0.8387,0.6525,26,31,168.92,,0,0,2025-10-27,0.92,0.0,313.1999999999998,berlinda
JBV173,Especial-JBV-hotel-JR-1Q,Especial,SC,"Florianópolis, SC","Florianópolis, SC, Jurerê",0,1667,6753.45,25,7692.08,2025-10,0.8065,0.6447,25,31,343.8,221.0,1,0,2025-10-27,0.88,0.0,938.6300000000001,berlinda
JBV179,Especial-JBV-hotel-JR-1Q,Especial,SC,"Florianópolis, SC","Florianópolis, SC, Jurerê",0,758,8849.33,25,7692.08,2025-10,0.871,0.6447,27,31,1476.37,,0,0,2025-10-27,1.15,0.0,-1157.25,ok
MHFA1204,Itapema-Canto_Praia-apartamento-SUP-1Q,Carteira 5,SC,"Itapema, SC","Itapema, SC, Centro",0,448,2360.34,11,1766.45,2025-10,0.5484,0.415,17,31,164.41,180.0,1,31,2025-10-27,1.34,0.0,-593.8900000000001,ok
NWT0805,Especial-NWT-apartamento-TOP-1Q,Carteira 5,AL,"Maceió, AL","Maceió, AL, Pajuçara",1,299,5319.91,34,5613.71,2025-10,0.7333,0.7261,22,31,282.0,280.0,1,0,2025-10-27,0.95,282.0,293.8000000000002,berlinda
NWT1222,Especial-NWT-apartamento-TOP-1Q,Carteira 5,AL,"Maceió, AL","Maceió, AL, Pajuçara",0,295,6509.73,34,5613.71,2025-10,0.7742,0.7261,24,31,331.58,287.75,4,0,2025-10-27,1.16,0.0,-896.0199999999995,ok
POL406,Balneario_Camboriu-Centro-apartamento-SUP-3Q,Carteira 6,SC,"Balneário Camboriú, SC","Balneário Camboriú, SC, Centro",0,384,5271.74,79,4235.1,2025-10,0.7097,0.482,22,31,321.23,180.0,1,0,2025-10-27,1.24,0.0,-1036.6399999999994,ok
PSMC003,Camaçari-Monte_Gordo-apartamento-SUP-2Q,Carteira 2,BA,"Camaçari, BA","Camaçari, BA, Guarajuba",11,76,2206.35,24,5196.16,2025-10,0.45,0.5841,9,31,327.33,327.0,4,18,2025-10-27,0.42,3600.6299999999997,2989.81,crítico
RFM0019,Santa_Cruz_Cabralia-Coroa_Vermelha-apartamento-SUP-2Q,Carteira 2,BA,"Santa Cruz Cabrália, BA","Santa Cruz Cabrália, BA, Coroa Vermelha",3,336,1050.8,45,4511.23,2025-10,0.1786,0.6517,5,31,274.4,250.0,4,24,2025-10-27,0.23,823.1999999999999,3460.4299999999994,crítico
ROT1001,Itapema-Meia_Praia-Sul-apartamento-SUP-2Q,Carteira 6,SC,"Itapema, SC","Itapema, SC, Meia Praia",1,645,1460.63,11,3466.72,2025-10,0.3667,0.404,11,31,158.09,120.0,3,0,2025-10-27,0.42,158.09,2006.0899999999997,crítico
RTG208,Florianopolis-Ingleses_Norte-apartamento-SUP-2Q,Carteira 1,SC,"Florianópolis, SC","Florianópolis, SC, Ingleses do Rio Vermelho",0,1730,3761.09,63,2335.8,2025-10,0.7419,0.3938,23,31,185.22,159.67,3,0,2025-10-27,1.61,0.0,-1425.29,ok
SOT0202,Florianopolis-Jurere_Tradicional-apartamento-TOP-1Q,Carteira 1,SC,"Florianópolis, SC","Florianópolis, SC, Jurerê",0,246,4075.07,16,4831.55,2025-10,0.8387,0.6121,26,31,211.46,,0,0,2025-10-27,0.84,0.0,756.48,berlinda
VEC120,Bombinhas-Centro-apartamento-SUP-1Q,Carteira 6,SC,"Bombinhas, SC","Bombinhas, SC, Centro",0,1009,3371.28,32,2630.32,2025-10,0.9355,0.5814,29,31,139.24,155.0,1,0,2025-10-27,1.28,0.0,-740.96,ok
VENB504,Porto_Alegre-Cidade_Baixa-apartamento-SUP-1Q,Carteira 4,RS,"Porto Alegre, RS","Porto Alegre, RS, Azenha",2,747,3414.4,42,2971.26,2025-10,0.7931,0.6268,23,31,169.87,140.0,3,0,2025-10-27,1.15,339.74,-443.1399999999999,ok
VLP0222,Mata_de_Sao_Joao-Praia_do_Forte-apartamento-SUP-1Q,Carteira 2,BA,"Mata de São João, BA","Mata de São João, BA, Açu da Torre",1,649,4947.0,37,4087.65,2025-10,0.8667,0.5275,26,31,273.88,258.0,3,0,2025-10-27,1.21,273.88,-859.3499999999999,ok
WBU3015,Goiania-Central-apartamento-TOP-1Q,Carteira 1,GO,"Goiânia, GO","Goiânia, GO, Setor Bueno",14,201,1931.31,53,3116.1,2025-10,0.7059,0.5687,12,31,190.5,168.5,2,0,2025-10-27,0.62,2667.0,1184.79,atenção
ARN0104,Bombinhas-Centro-apartamento-TOP-3Q,Carteira 6,SC,"Bombinhas, SC","Bombinhas, SC, Quatro Ilhas",8,503,4124.19,11,3502.0,2025-10,0.8696,0.331,20,31,238.6,,0,0,2025-10-27,1.18,1908.8,-622.1899999999996,ok
BCA1804,Salvador-Ondina_Rio_Vermelho-apartamento-SUP-1Q,Carteira 2,BA,"Salvador, BA","Salvador, BA, Ondina",0,145,3651.71,67,2441.63,2025-10,0.7742,0.5897,24,31,190.17,152.0,1,0,2025-10-27,1.5,0.0,-1210.08,ok
CAR0107,Itajai-Centro-apartamento-JR-1Q,Carteira 6,SC,"Itajaí, SC","Itajaí, SC, Centro",2,132,2172.34,13,2072.05,2025-10,0.7241,0.6563,21,31,131.48,138.0,1,0,2025-10-27,1.05,262.96,-100.28999999999996,berlinda
CBLS0102,Brasilia-Vila_Planalto-apartamento-TOP-1Q,Carteira 1,DF,"Brasília, DF","Brasília, DF, Setor de Clubes Esportivos Sul",0,146,5773.65,15,7298.52,2025-10,0.8065,0.731,25,31,285.72,,0,0,2025-10-27,0.79,0.0,1524.8700000000008,atenção
CNB009,Especial-CNB-casa-TOP-1Q,Especial,SP,"Campos do Jordão, SP","Campos do Jordão, SP, Jardim Europa",0,560,8518.32,17,5682.81,2025-10,0.4839,0.6351,15,31,626.25,320.0,2,10,2025-10-27,1.5,0.0,-2835.5099999999993,ok
CSU0402,Florianopolis-UFSC-apartamento-JR-2Q,Carteira 4,SC,"Florianópolis, SC","Florianópolis, SC, Trindade",0,97,3920.29,7,3556.26,2025-10,0.9032,0.3985,28,31,174.11,,0,0,2025-10-27,1.1,0.0,-364.02999999999975,ok
CTM0000,Garopaba-Centro-casa-SUP-2Q,Carteira 6,SC,"Garopaba, SC","Garopaba, SC, Costa Macacu",1,145,3451.75,107,2919.75,2025-10,0.6333,0.3325,19,31,226.42,150.0,3,0,2025-10-27,1.18,226.42,-532.0,ok
EEP0602,Guarapari-Centro-apartamento-SUP-1Q,Carteira 4,ES,"Guarapari, ES","Guarapari, ES, São Judas Tadeu",0,51,3817.84,34,2863.3,2025-10,0.9355,0.6846,29,31,146.93,,0,0,2025-10-27,1.33,0.0,-954.54,ok
ELF0602,Bombinhas-Bombas-apartamento-SUP-1Q,Especial,SC,"Bombinhas, SC","Bombinhas, SC, José Amândio",9,141,2449.7,42,1744.23,2025-10,0.6818,0.3583,15,31,185.2,,0,15,2025-10-27,1.4,1666.8,-705.4699999999998,ok
EVA105,Florianopolis-Centrao-apartamento-SUP-1Q,Carteira 5,SC,"Florianópolis, SC","Florianópolis, SC, Centro",0,741,2701.52,122,3775.97,2025-10,0.6129,0.5975,19,31,172.42,130.0,2,0,2025-10-27,0.72,0.0,1074.4499999999998,atenção
JBM201,Florianopolis-Jurere_Tradicional-apartamento-TOP-1Q,Carteira 1,SC,"Florianópolis, SC","Florianópolis, SC, Jurerê",3,1940,4764.92,16,4831.55,2025-10,0.9643,0.6121,27,31,227.07,,0,0,2025-10-27,0.99,681.21,66.63000000000011,berlinda
JHG1733,Florianopolis-Costa_da_Lagoa-apartamento-JR-1Q,Carteira 1,SC,"Florianópolis, SC","Florianópolis, SC, Lagoa da Conceição",0,813,1924.73,29,2571.25,2025-10,0.6452,0.561,20,31,118.4,129.75,4,0,2025-10-27,0.75,0.0,646.52,atenção
LIV1011,Salvador-Graca-apartamento-TOP-1Q,Especial,BA,"Salvador, BA","Salvador, BA, Vitória",0,114,4352.51,12,2921.78,2025-10,0.9032,0.5466,28,31,184.07,,0,0,2025-10-27,1.49,0.0,-1430.73,ok
MADB1005,Aguas_Claras-Geral-apartamento-JR-1Q,Carteira 1,DF,"Águas Claras, DF","Brasília, DF, Águas Claras",4,736,1750.1,84,2416.38,2025-10,0.5185,0.6231,14,31,240.64,145.25,4,0,2025-10-27,0.72,962.56,666.2800000000002,atenção
MHE0213,Florianopolis-Cachoeira_Bom_Jesus-apartamento-TOP-2Q,Carteira 1,SC,"Florianópolis, SC","Florianópolis, SC, Cachoeira do Bom Jesus",0,252,6478.86,21,4281.03,2025-10,0.871,0.4381,27,31,291.22,,0,0,2025-10-27,1.51,0.0,-2197.83,ok
MHF0805,Itapema-Canto_Praia-apartamento-TOP-1Q,Carteira 5,SC,"Itapema, SC","Itapema, SC, Centro",0,386,3982.92,15,3459.9,2025-10,1.0,0.6192,31,31,206.68,,0,0,2025-10-27,1.15,0.0,-523.02,ok
MHFB0903,Itapema-Canto_Praia-apartamento-SUP-1Q,Carteira 5,SC,"Itapema, SC","Itapema, SC, Centro",0,329,2910.9,11,1766.45,2025-10,0.7742,0.415,24,31,146.42,146.25,4,0,2025-10-27,1.65,0.0,-1144.45,ok
NOA0616,Sao_Paulo-Santo_Amaro-apartamento-SUP-1Q,Carteira 4,SP,"São Paulo, SP","São Paulo, SP, Santo Amaro",0,250,2337.51,152,3299.8,2025-10,0.6129,0.6158,19,31,152.42,,0,0,2025-10-27,0.71,0.0,962.29,atenção
NWT1115,Especial-NWT-apartamento-TOP-1Q,Carteira 5,AL,"Maceió, AL","Maceió, AL, Pajuçara",0,119,6324.12,34,5613.71,2025-10,0.8065,0.7261,25,31,309.76,,0,0,2025-10-27,1.13,0.0,-710.4099999999999,ok
ODM1203,Sao_Paulo-Mariana-apartamento-SUP-1Q,Carteira 4,SP,"São Paulo, SP","São Paulo, SP, Vila Mariana",0,8,2028.93,173,2959.28,2025-10,0.5484,0.5572,17,31,148.24,130.0,2,0,2025-10-27,0.69,0.0,930.3500000000001,atenção
PSOB0407,Penha-Beto_Carrero-apartamento-SUP-1Q,Carteira 3,SC,"Penha, SC","Penha, SC, Armação",0,83,3935.19,18,2566.46,2025-10,0.9355,0.6596,29,31,175.72,160.0,1,0,2025-10-27,1.53,0.0,-1368.73,ok
PUQ0208,Sao_Paulo-Pompeia-apartamento-SUP-1Q,Carteira 4,SP,"São Paulo, SP","São Paulo, SP, Perdizes",0,168,2162.05,74,3053.57,2025-10,0.5484,0.5076,17,31,147.88,130.0,1,0,2025-10-27,0.71,0.0,891.52,atenção
RDS001,Campos_do_Jordao-Vila_Natal-casa-JR-2Q,Carteira 4,SP,"Campos do Jordão, SP","Campos do Jordão, SP, Campos do Jordão",25,600,951.35,12,2988.92,2025-10,0.8333,0.335,5,31,221.0,,0,0,2025-10-27,0.32,5525.0,2037.5700000000002,crítico
RJI0046,Ubatuba-Itagua-apartamento-JR-2Q,Carteira 4,SP,"Ubatuba, SP","Ubatuba, SP, Itaguá",2,344,2292.46,142,2666.95,2025-10,0.5517,0.5265,16,31,186.69,179.0,2,0,2025-10-27,0.86,373.38,374.4899999999998,berlinda
SDR009,Florianopolis-Lagoa-apartamento-SUP-1Q,Carteira 1,SC,"Florianópolis, SC","Florianópolis, SC, Lagoa da Conceição",0,1436,694.13,23,2810.1,2025-10,0.1935,0.6661,6,31,129.5,145.0,4,0,2025-10-27,0.25,0.0,2115.97,crítico
SHC0606,Balneario_Picarras-Geral-apartamento-TOP-3Q,Carteira 6,SC,"Balneário Piçarras, SC","Balneário Piçarras, SC, Itacolomi",0,299,3963.82,17,2802.96,2025-10,0.7419,0.3613,23,31,216.44,,0,0,2025-10-27,1.41,0.0,-1160.8600000000001,ok
SLI0703,Maceio-Ponta_Verde-apartamento-SUP-1Q,Carteira 2,AL,"Maceió, AL","Maceió, AL, Ponta Verde",0,9,2700.14,211,4623.15,2025-10,0.7419,0.7968,23,31,159.0,158.0,3,0,2025-10-27,0.58,0.0,1923.0099999999998,atenção
SOT0203,Florianopolis-Jurere_Tradicional-apartamento-TOP-1Q,Carteira 1,SC,"Florianópolis, SC","Florianópolis, SC, Jurerê",0,246,3954.06,16,4831.55,2025-10,0.8065,0.6121,25,31,205.81,,0,0,2025-10-27,0.82,0.0,877.4900000000002,berlinda
SPT0205,Blumenau-Central-apartamento-JR-1Q,Carteira 4,SC,"Blumenau, SC","Blumenau, SC, Itoupava Seca",0,478,5410.83,48,6119.8,2025-10,0.5161,0.5972,16,31,405.88,101.25,4,15,2025-10-27,0.88,0.0,708.9700000000003,berlinda
TPS203,Florianopolis-Canasvieiras_Meio-apartamento-TOP-1Q,Carteira 1,SC,"Florianópolis, SC","Florianópolis, SC, Canasvieiras",0,841,2035.87,29,2888.12,2025-10,0.5161,0.6699,16,31,149.88,205.75,4,0,2025-10-27,0.7,0.0,852.25,atenção
VST018,Especial-VST-casa-TOP-1Q,Carteira 5,SC,"Anitápolis, SC","Anitápolis, SC, Rio dos pinheiros",0,92,3153.85,45,2754.3,2025-10,0.5484,0.2088,17,31,224.94,160.0,2,0,2025-10-27,1.15,0.0,-399.5499999999997,ok
VST037,Especial-VST-casa-TOP-1Q,Carteira 5,SC,"Anitápolis, SC","Anitápolis, SC, Rio dos Pinheiros",0,92,3231.62,45,2754.3,2025-10,0.4194,0.2088,13,31,305.92,160.0,3,0,2025-10-27,1.17,0.0,-477.3199999999997,ok
DLH0306,Gramado-Centro-apartamento-TOP-1Q,Carteira 4,RS,"Gramado, RS","Gramado, RS, Centro",0,329,5533.19,28,4601.69,2025-10,0.6774,0.5834,21,31,344.14,,0,0,2025-10-27,1.2,0.0,-931.5,ok
EIT302,Balneario_Camboriu-Centro-apartamento-SIM-2Q,Carteira 6,SC,"Balneário Camboriú, SC","Balneário Camboriú, SC, Centro",2,600,2054.46,63,1888.11,2025-10,0.6207,0.5234,18,31,160.83,,0,0,2025-10-27,1.09,321.66,-166.35000000000014,berlinda
ELF0401,Bombinhas-Bombas-apartamento-SUP-1Q,Especial,SC,"Bombinhas, SC","Bombinhas, SC, José Amândio",8,133,2815.05,42,1744.23,2025-10,0.5652,0.3583,13,31,245.54,228.0,3,24,2025-10-27,1.61,1964.32,-1070.8200000000002,ok
ELF0607,Bombinhas-Bombas-apartamento-SUP-1Q,Especial,SC,"Bombinhas, SC","Bombinhas, SC, José Amândio",11,133,1396.28,42,1744.23,2025-10,0.35,0.3583,7,31,228.0,228.0,3,24,2025-10-27,0.8,2508.0,347.95000000000005,berlinda
IAA0502,Recife-Boa_Viagem-apartamento-TOP-1Q,Carteira 2,PE,"Recife, PE","Recife, PE, Boa Viagem",2,567,4632.05,52,5250.68,2025-10,0.8966,0.7529,26,31,214.38,,0,0,2025-10-27,0.88,428.76,618.6300000000001,berlinda
ISM0619,Sao_Paulo-Moema-apartamento-SUP-1Q,Carteira 4,SP,"São Paulo, SP","São Paulo, SP, Indianópolis",2,121,1417.26,519,3424.22,2025-10,0.3103,0.5899,9,31,195.89,,0,0,2025-10-27,0.41,391.78,2006.9599999999998,crítico
MHF0509,Itapema-Canto_Praia-apartamento-TOP-2Q,Carteira 5,SC,"Itapema, SC","Itapema, SC, Centro",0,418,3509.94,10,2671.81,2025-10,0.5484,0.2867,17,31,246.82,,0,0,2025-10-27,1.31,0.0,-838.1300000000001,ok
NOR0204,Brasilia-Asa_Norte-apartamento-SUP-1Q,Carteira 1,DF,"Brasília, DF","Brasília, DF, Asa Norte",1,736,2385.41,93,3756.57,2025-10,0.4667,0.7516,14,31,194.64,135.0,1,0,2025-10-27,0.63,194.64,1371.1600000000003,atenção
NWT0616,Especial-NWT-apartamento-TOP-1Q,Carteira 5,AL,"Maceió, AL","Maceió, AL, Pajuçara",0,184,3449.96,34,5613.71,2025-10,0.4839,0.7261,15,31,252.53,250.0,2,0,2025-10-27,0.61,0.0,2163.75,atenção
NWT1217,Especial-NWT-apartamento-TOP-1Q,Carteira 5,AL,"Maceió, AL","Maceió, AL, Pajuçara",10,119,3801.63,34,5613.71,2025-10,0.619,0.7261,13,31,325.38,280.0,4,0,2025-10-27,0.68,3253.8,1812.08,atenção
NWT1407,Especial-NWT-apartamento-TOP-1Q,Carteira 5,AL,"Maceió, AL","Maceió, AL, Pajuçara",1,47,7062.94,34,5613.71,2025-10,0.9667,0.7261,29,31,316.41,,0,0,2025-10-27,1.26,316.41,-1449.2299999999996,ok
OKA102,Florianopolis-Campeche-apartamento-SUP-1Q,Carteira 1,SC,"Florianópolis, SC","Florianópolis, SC, Campeche",0,1022,3200.19,25,2756.73,2025-10,0.6452,0.5652,20,31,184.14,194.0,3,0,2025-10-27,1.16,0.0,-443.46000000000004,ok
PSD101,Florianopolis-Jurere_Tradicional-apartamento-SIM-2Q,Carteira 1,SC,"Florianópolis, SC","Florianópolis, SC, Jurerê",1,1959,2462.53,14,1897.84,2025-10,0.6667,0.4639,20,31,155.35,,0,0,2025-10-27,1.3,155.35,-564.6900000000003,ok
SBA0401,Maceio-Jatiuca-apartamento-JR-3Q,Carteira 2,AL,"Maceió, AL","Maceió, AL, Jatiúca",9,607,3470.46,18,4275.65,2025-10,0.7273,0.659,16,31,321.13,,0,0,2025-10-27,0.81,2890.17,805.1899999999996,berlinda
SCO0005,Florianopolis-Campeche-apartamento-JR-1Q,Carteira 1,SC,"Florianópolis, SC","Florianópolis, SC, Campeche",0,96,2119.7,24,1160.82,2025-10,0.6452,0.4803,20,31,144.75,129.5,4,0,2025-10-27,1.83,0.0,-958.8799999999999,ok
SPJ0502,Especial-SPJ-apartamento-TOP-1Q,Carteira 5,SC,"Florianópolis, SC","Florianópolis, SC, Jurerê",0,352,4338.81,19,3903.22,2025-10,0.871,0.6281,27,31,200.83,,0,0,2025-10-27,1.11,0.0,-435.5900000000006,ok
TPS205,Florianopolis-Canasvieiras_Meio-apartamento-TOP-1Q,Carteira 1,SC,"Florianópolis, SC","Florianópolis, SC, Canasvieiras",30,791,123.51,29,2888.12,2025-10,1.0,0.6699,1,31,164.0,,0,0,2025-10-27,0.04,4920.0,2764.6099999999997,crítico
TXP1916,Goiania-Central-apartamento-TOP-1Q,Carteira 1,GO,"Goiânia, GO","Goiânia, GO, Setor Bueno",0,425,3844.09,53,3116.1,2025-10,0.871,0.5687,27,31,220.81,173.0,4,0,2025-10-27,1.23,0.0,-727.9900000000002,ok
VLR301,Florianopolis-Centrao-apartamento-SUP-1Q,Carteira 5,SC,"Florianópolis, SC","Florianópolis, SC, Centro",0,957,3750.68,122,3775.97,2025-10,0.9677,0.5975,30,31,148.1,,0,0,2025-10-27,0.99,0.0,25.289999999999964,berlinda
VST027,Especial-VST-casa-TOP-1Q,Carteira 5,SC,"Anitápolis, SC","Anitápolis, SC, Rio dos Pinheiros",2,36,3169.76,45,2754.3,2025-10,0.5517,0.2088,16,31,238.81,,0,0,2025-10-27,1.15,477.62,-415.46000000000004,ok
CDS0401,Florianopolis-Jurere_Internacional-apartamento-SUP-2Q,Carteira 1,SC,"Florianópolis, SC","Florianópolis, SC, Jurere Internacional",0,114,4094.26,17,3601.03,2025-10,0.8065,0.3488,25,31,217.32,180.5,2,0,2025-10-27,1.14,0.0,-493.23,ok
CNA001,Especial-CNA-casa-MASTER-1Q,Especial,SP,"Campos do Jordão, SP","Campos do Jordão, SP, Jardim Europa",0,985,10991.68,25,9245.88,2025-10,0.7419,0.485,23,31,578.13,535.0,2,8,2025-10-27,1.19,0.0,-1745.800000000001,ok
COI203,Florianopolis-Praia_Brava-apartamento-JR-2Q,Carteira 1,SC,"Florianópolis, SC","Florianópolis, SC, Praia Brava",31,1234,0.0,13,2277.41,2025-10,,0.3911,0,31,0.0,,0,0,2025-10-27,0.0,0.0,2277.41,crítico
CZZ0406,Urubici-Geral-apartamento-SUP-1Q,Especial,SC,"Urubici, SC","Urubici, SC, Centro",1,99,2781.51,64,1691.39,2025-10,0.5667,0.2197,17,31,189.0,157.5,4,0,2025-10-27,1.64,189.0,-1090.1200000000001,ok
ELO0207,Balneario_Camboriu-Intermediario-apartamento-JR-3Q,Carteira 6,SC,"Balneário Camboriú, SC","Balneário Camboriú, SC, Centro",0,531,2358.36,19,4318.85,2025-10,0.4839,0.5631,15,31,183.47,125.0,1,0,2025-10-27,0.55,0.0,1960.4900000000002,atenção
EPP0602,Guarapari-Praia_do_Morro-apartamento-JR-3Q,Carteira 4,ES,"Guarapari, ES","Guarapari, ES, Praia do Morro",0,168,3265.49,49,3372.31,2025-10,0.7419,0.5333,23,31,194.04,160.67,3,0,2025-10-27,0.97,0.0,106.82000000000016,berlinda
HOA0704,Salvador-Ondina_Rio_Vermelho-apartamento-SUP-1Q,Carteira 2,BA,"Salvador, BA","Salvador, BA, Ondina",3,70,2669.92,67,2441.63,2025-10,0.75,0.5897,21,31,167.38,130.0,1,0,2025-10-27,1.09,502.14,-228.28999999999996,berlinda
ILH106,Florianopolis-Canasvieiras_Perto-apartamento-TOP-3Q,Carteira 1,SC,"Florianópolis, SC","Florianópolis, SC, Canasvieiras",9,768,5822.93,11,6910.07,2025-10,0.9091,0.5473,20,31,381.85,250.0,1,0,2025-10-27,0.84,3436.65,1087.1399999999994,berlinda
JTL002,Florianopolis-Jurere_Longe-apartamento-JR-1Q,Carteira 1,SC,"Florianópolis, SC","Florianópolis, SC, Jurerê",0,464,1115.56,28,1581.17,2025-10,0.3548,0.4565,11,31,122.73,100.0,1,0,2025-10-27,0.71,0.0,465.6100000000001,atenção
LIV1104,Salvador-Graca-apartamento-TOP-1Q,Especial,BA,"Salvador, BA","Salvador, BA, Vitória",1,121,3837.77,12,2921.78,2025-10,0.8667,0.5466,26,31,186.08,,0,0,2025-10-27,1.31,186.08,-915.9899999999998,ok
OKA120,Florianopolis-Campeche-apartamento-SUP-1Q,Carteira 1,SC,"Florianópolis, SC","Florianópolis, SC, Campeche",0,1009,2643.96,25,2756.73,2025-10,0.5484,0.5652,17,31,185.06,201.33,3,0,2025-10-27,0.96,0.0,112.76999999999998,berlinda
POSC0311,Florianopolis-Ingleses_Praia-apartamento-JR-2Q,Carteira 1,SC,"Florianópolis, SC","Florianópolis, SC, Ingleses do Rio Vermelho",5,336,2560.2,38,2290.13,2025-10,0.6923,0.4232,18,31,169.89,,0,0,2025-10-27,1.12,849.4499999999999,-270.0699999999997,ok
PRM007,Santa_Cruz_Cabralia-Coroa_Vermelha-apartamento-SUP-2Q,Carteira 2,BA,"Santa Cruz Cabrália, BA","Santa Cruz Cabrália, BA, Coroa Vermelha",3,527,3764.48,45,4511.23,2025-10,0.5357,0.6517,15,31,276.6,216.0,2,0,2025-10-27,0.83,829.8000000000001,746.7499999999995,berlinda
PSD205,Florianopolis-Jurere_Tradicional-apartamento-JR-1Q,Carteira 1,SC,"Florianópolis, SC","Florianópolis, SC, Jurerê",1,1959,2775.15,14,1897.84,2025-10,0.8333,0.4698,25,31,135.28,139.0,3,0,2025-10-27,1.46,135.28,-877.3100000000002,ok
PSO0704,Penha-Beto_Carrero-apartamento-SUP-1Q,Carteira 3,SC,"Penha, SC","Penha, SC, Praia de Armação do Itapocoroi",0,105,3720.86,18,2566.46,2025-10,0.7742,0.6596,24,31,178.38,138.0,2,0,2025-10-27,1.45,0.0,-1154.4,ok
PTB0105,Cabo_Frio-Pero_Longe-casa-JR-2Q,Carteira 4,RJ,"Cabo Frio, RJ","Cabo Frio, RJ, OGIVA",3,259,2698.61,12,3602.0,2025-10,0.6071,0.5537,17,31,177.47,124.75,4,0,2025-10-27,0.75,532.41,903.3899999999999,atenção
RAG0406,Balneario_Picarras-Geral-apartamento-SUP-2Q,Carteira 6,SC,"Balneário Piçarras, SC","Balneário Piçarras, SC, Itacolomi",0,219,2609.03,58,1221.17,2025-10,0.8065,0.2657,25,31,126.0,152.0,1,0,2025-10-27,2.14,0.0,-1387.8600000000001,meta_subestimada
RES201,Florianopolis-Ingleses_Praia-apartamento-SUP-1Q,Carteira 1,SC,"Florianópolis, SC","Florianópolis, SC, Ingleses do Rio Vermelho",0,827,2136.02,37,2408.79,2025-10,0.3226,0.4799,10,31,253.9,,0,26,2025-10-27,0.89,0.0,272.77,berlinda
SCO0009,Florianopolis-Campeche-apartamento-JR-1Q,Carteira 1,SC,"Florianópolis, SC","Florianópolis, SC, Campeche",0,196,2477.97,24,1160.82,2025-10,0.871,0.4803,27,31,116.41,,0,0,2025-10-27,2.13,0.0,-1317.1499999999999,meta_subestimada
SOA0908,Salvador-Boca_do_Rio-apartamento-TOP-1Q,Carteira 2,BA,"Salvador, BA","Salvador, BA, Boca do Rio",0,141,1715.89,12,4206.32,2025-10,0.3548,0.7674,11,31,178.82,141.0,2,0,2025-10-27,0.41,0.0,2490.4299999999994,crítico
SZT0375,Itapema-Meia_Praia-Norte-apartamento-TOP-3Q,Carteira 6,SC,"Itapema, SC","Itapema, SC, Meia Praia",7,22,3800.03,12,4301.85,2025-10,0.6667,0.2952,16,31,300.37,264.0,4,0,2025-10-27,0.88,2102.59,501.82000000000016,berlinda
VGT025,Ilheus-Sul-apartamento-JR-2Q,Carteira 2,BA,"Ilhéus, BA","Ilhéus, BA, Nossa Senhora da Vitória",0,180,2209.02,31,2401.98,2025-10,0.5806,0.44,18,31,149.67,120.5,2,0,2025-10-27,0.92,0.0,192.96000000000004,berlinda
VJGM0102,Ilheus-Sul-apartamento-JR-2Q,Carteira 2,BA,"Ilhéus, BA","Ilhéus, BA, Nossa Senhora da Vitória",0,330,1391.07,31,2401.98,2025-10,0.4194,0.44,13,31,121.0,131.0,1,0,2025-10-27,0.58,0.0,1010.9100000000001,atenção
ETE0308,Maceio-Ponta_Verde-apartamento-TOP-1Q,Carteira 2,AL,"Maceió, AL","Maceió, AL, Pajuçara",0,364,5660.83,111,5137.79,2025-10,0.9032,0.8001,28,31,250.14,,0,0,2025-10-27,1.1,0.0,-523.04,ok
GDP0107,Brasilia-Asa_Sul-apartamento-SUP-1Q,Carteira 1,DF,"Brasília, DF","Brasília, DF, Asa Sul",3,614,3865.33,121,4038.99,2025-10,0.8214,0.7987,23,31,205.78,168.0,1,0,2025-10-27,0.96,617.34,173.65999999999985,berlinda
HAL103,Florianopolis-Novo_Campeche-apartamento-TOP-1Q,Carteira 1,SC,"Florianópolis, SC","Florianópolis, SC, Campeche",3,789,4510.22,44,5196.56,2025-10,0.75,0.6872,21,31,275.95,218.0,2,3,2025-10-27,0.87,827.8499999999999,686.3400000000001,berlinda
IFT1003,Itapema-Meia_Praia-Norte-apartamento-TOP-1Q,Carteira 6,SC,"Itapema, SC","Itapema, SC, Meia Praia",0,140,4419.5,20,2978.59,2025-10,0.871,0.5085,27,31,199.3,,0,0,2025-10-27,1.48,0.0,-1440.9099999999999,ok
MHF1903,Itapema-Canto_Praia-apartamento-TOP-1Q,Carteira 5,SC,"Itapema, SC","Itapema, SC, Centro",0,449,3688.5,15,3459.9,2025-10,0.6129,0.6192,19,31,220.0,220.0,3,31,2025-10-27,1.07,0.0,-228.5999999999999,berlinda
NBL0911,Porto_Alegre-Jardim_Botanico-apartamento-SUP-1Q,Carteira 4,RS,"Porto Alegre, RS","Porto Alegre, RS, Santa Cecília",0,671,960.96,63,2126.55,2025-10,0.2903,0.5301,9,31,130.0,130.0,2,0,2025-10-27,0.45,0.0,1165.5900000000001,crítico
NWT1011,Especial-NWT-apartamento-MASTER-1Q,Carteira 5,AL,"Maceió, AL","Maceió, AL, Pajuçara",2,146,9019.84,28,7169.93,2025-10,0.7931,0.7888,23,31,510.74,401.67,3,0,2025-10-27,1.26,1021.48,-1849.9099999999999,ok
OBS0101,Itapema-Meia_Praia-Sul-apartamento-JR-2Q,Carteira 6,SC,"Itapema, SC","Itapema, SC, Meia Praia",8,92,2427.85,14,1946.01,2025-10,0.6957,0.4852,16,31,203.25,144.0,2,0,2025-10-27,1.25,1626.0,-481.8399999999999,ok
OGD0401,Florianopolis-Beira_Mar-apartamento-TOP-1Q,Carteira 4,SC,"Florianópolis, SC","Florianópolis, SC, Centro",0,217,4221.39,14,4739.81,2025-10,0.8065,0.6267,25,31,201.76,225.0,4,0,2025-10-27,0.89,0.0,518.4200000000001,berlinda
OKA216,Florianopolis-Campeche-apartamento-SUP-1Q,Carteira 1,SC,"Florianópolis, SC","Florianópolis, SC, Campeche",1,698,3020.5,25,2756.73,2025-10,0.6333,0.5652,19,31,192.68,199.5,4,15,2025-10-27,1.1,192.68,-263.77,berlinda
PSOA0607,Penha-Beto_Carrero-apartamento-SUP-1Q,Carteira 3,SC,"Penha, SC","Penha, SC, Praia de Armação do Itapocoroi",0,62,2796.06,18,2566.46,2025-10,0.6774,0.6596,21,31,157.38,148.5,4,0,2025-10-27,1.09,0.0,-229.5999999999999,berlinda
RFM0005,Santa_Cruz_Cabralia-Coroa_Vermelha-apartamento-SUP-2Q,Carteira 2,BA,"Santa Cruz Cabrália, BA","Santa Cruz Cabrália, BA, Coroa Vermelha",0,55,2179.98,45,4511.23,2025-10,0.3871,0.6517,12,31,236.83,306.0,4,19,2025-10-27,0.48,0.0,2331.2499999999995,crítico
RMI0007,Florianopolis-Ingleses_Praia-apartamento-TOP-1Q,Carteira 1,SC,"Florianópolis, SC","Florianópolis, SC, Ingleses do Rio Vermelho",3,649,2174.2,51,2993.28,2025-10,0.6071,0.4465,17,31,156.35,160.25,4,0,2025-10-27,0.73,469.04999999999995,819.0800000000004,atenção
RUP0805,Blumenau-Central-apartamento-SUP-1Q,Carteira 4,SC,"Blumenau, SC","Blumenau, SC, Escola Agrícola",0,371,6731.35,77,8352.92,2025-10,0.5484,0.6104,17,31,420.95,,0,0,2025-10-27,0.81,0.0,1621.5699999999997,berlinda
SFR0401,Bombinhas-Centro-apartamento-SUP-1Q,Carteira 6,SC,"Bombinhas, SC","Bombinhas, SC, Centro",0,6,2560.15,32,2630.32,2025-10,0.6452,0.5814,20,31,140.3,167.0,1,0,2025-10-27,0.97,0.0,70.17000000000007,berlinda
SHC1103,Balneario_Picarras-Geral-apartamento-TOP-2Q,Carteira 6,SC,"Balneário Piçarras, SC","Balneário Piçarras, SC, Itacolomi",1,289,5135.65,33,2398.7,2025-10,0.9667,0.3483,29,31,232.69,,0,0,2025-10-27,2.14,232.69,-2736.95,meta_subestimada
SPJ0106,Especial-SPJ-apartamento-TOP-1Q,Carteira 5,SC,"Florianópolis, SC","Florianópolis, SC, Jurerê",0,279,4789.58,19,3903.22,2025-10,0.871,0.6281,27,31,218.59,,0,0,2025-10-27,1.23,0.0,-886.3600000000001,ok
SPJ0202,Especial-SPJ-apartamento-TOP-1Q,Carteira 5,SC,"Florianópolis, SC","Florianópolis, SC, Jurerê",0,485,4680.12,19,3903.22,2025-10,0.9032,0.6281,28,31,205.86,,0,0,2025-10-27,1.2,0.0,-776.9000000000001,ok
SPJ0402,Especial-SPJ-apartamento-TOP-1Q,Carteira 5,SC,"Florianópolis, SC","Florianópolis, SC, Jurerê",0,354,4399.06,19,3903.22,2025-10,0.871,0.6281,27,31,204.22,130.0,1,0,2025-10-27,1.13,0.0,-495.8400000000006,ok
SVS0219,Brasilia-Asa_Sul-apartamento-SUP-1Q,Carteira 1,DF,"Brasília, DF","Brasília, DF, Setor Sudoeste",0,191,2453.55,121,4038.99,2025-10,0.4839,0.7987,15,31,189.67,209.0,1,0,2025-10-27,0.61,0.0,1585.4399999999996,atenção
VDI208,Florianopolis-Jurere_Longe-apartamento-SUP-2Q,Carteira 1,SC,"Florianópolis, SC","Florianópolis, SC, Jurerê Internacional",22,1952,2489.67,20,3712.16,2025-10,1.0,0.5048,9,31,297.78,,0,0,2025-10-27,0.67,6551.16,1222.4899999999998,atenção
ZNB1304,Salvador-Barra-apartamento-SUP-1Q,Carteira 2,BA,"Salvador, BA","Salvador, BA, Barra",1,141,2411.01,209,3347.82,2025-10,0.6333,0.601,19,31,159.47,170.0,3,0,2025-10-27,0.72,159.47,936.81,atenção
ABC0403,Itajai-Praia_Brava-apartamento-SUP-3Q,Carteira 6,SC,"Itajaí, SC","Itajaí, SC, Praia Brava de Itajaí",2,925,5525.56,26,3688.46,2025-10,0.8621,0.5069,25,31,255.96,,0,0,2025-10-27,1.5,511.92,-1837.1000000000004,ok
BLU0206,Florianopolis-Praia_Brava-apartamento-JR-2Q,Carteira 1,SC,"Florianópolis, SC","Florianópolis, SC, Canasvieiras",5,467,2856.4,13,2277.41,2025-10,0.7308,0.3911,19,31,241.47,,0,0,2025-10-27,1.25,1207.35,-578.9900000000002,ok
CET603,Balneario_Camboriu-Centro-apartamento-TOP-2Q,Carteira 6,SC,"Balneário Camboriú, SC","Balneário Camboriú, SC, Centro",0,875,5559.16,31,4866.25,2025-10,0.8065,0.5648,25,31,283.24,,0,0,2025-10-27,1.14,0.0,-692.9099999999999,ok
CVPF102,Porto_de_Pedras-Geral-apartamento-SUP-2Q,Carteira 2,AL,"Porto de Pedras, AL","Porto de Pedras, AL, PORTO DE PEDRAS",0,602,2787.95,39,4049.69,2025-10,0.5161,0.4982,16,31,243.0,220.5,4,0,2025-10-27,0.69,0.0,1261.7400000000002,atenção
JMA008,Florianopolis-Jurere_Longe-apartamento-JR-1Q,Carteira 1,SC,"Florianópolis, SC","Florianópolis, SC, Jurerê",14,456,1120.54,28,1581.17,2025-10,0.7059,0.4565,12,31,121.0,131.5,4,11,2025-10-27,0.71,1694.0,460.6300000000001,atenção
NWT0814,Especial-NWT-apartamento-TOP-1Q,Carteira 5,AL,"Maceió, AL","Maceió, AL, Pajuçara",0,155,3582.66,34,5613.71,2025-10,0.5161,0.7261,16,31,286.0,280.0,4,0,2025-10-27,0.64,0.0,2031.0500000000002,atenção
ONP1716,Sao_Paulo-Bela_Vista-apartamento-SUP-1Q,Carteira 4,SP,"São Paulo, SP","São Paulo, SP, Paraíso",3,72,3750.11,596,3350.19,2025-10,0.9286,0.6478,26,31,178.81,,0,0,2025-10-27,1.12,536.4300000000001,-399.9200000000001,ok
PSO0808,Penha-Beto_Carrero-apartamento-SUP-1Q,Carteira 3,SC,"Penha, SC","Penha, SC, Praia de Armação do Itapocoroi",0,85,3488.89,18,2566.46,2025-10,0.8065,0.6596,25,31,161.16,148.5,4,0,2025-10-27,1.36,0.0,-922.4299999999998,ok
PSO1004,Penha-Beto_Carrero-apartamento-SUP-1Q,Carteira 3,SC,"Penha, SC","Penha, SC, Praia de Armação do Itapocoroi",0,54,4255.0,18,2566.46,2025-10,0.9032,0.6596,28,31,207.46,115.0,1,0,2025-10-27,1.66,0.0,-1688.54,ok
PSOA0807,Penha-Beto_Carrero-apartamento-SUP-1Q,Carteira 3,SC,"Penha, SC","Penha, SC, Praia de Armação do Itapocoroi",0,69,3084.35,18,2566.46,2025-10,0.7097,0.6596,22,31,160.91,148.5,4,0,2025-10-27,1.2,0.0,-517.8899999999999,ok
RMC203,Florianopolis-Estreito-apartamento-JR-1Q,Carteira 4,SC,"Florianópolis, SC","Florianópolis, SC, Capoeiras",0,811,2809.3,11,1433.6,2025-10,0.9677,0.4072,30,31,125.43,108.0,1,0,2025-10-27,1.96,0.0,-1375.7000000000003,ok
RPP0678,Penha-Longe-casa-JR-3Q,Carteira 6,SC,"Penha, SC","Penha, SC, Centro",1,252,1843.61,26,3414.4,2025-10,0.5333,0.5398,16,31,137.06,123.5,4,0,2025-10-27,0.54,137.06,1570.7900000000002,atenção
SPT0102,Blumenau-Central-apartamento-JR-1Q,Carteira 4,SC,"Blumenau, SC","Blumenau, SC, Itoupava Seca",6,560,4610.59,48,6119.8,2025-10,0.52,0.5972,13,31,400.15,,0,16,2025-10-27,0.75,2400.8999999999996,1509.21,atenção
VDP0029,Cabo_Frio-Palmeiras-casa-JR-4Q,Carteira 4,RJ,"Cabo Frio, RJ","Cabo Frio, RJ, Parque Burle",17,215,2228.8,27,2919.75,2025-10,0.5714,0.4275,8,31,377.63,,0,0,2025-10-27,0.76,6419.71,690.9499999999998,atenção
VTD0203,Florianopolis-UFSC-apartamento-SUP-1Q,Carteira 4,SC,"Florianópolis, SC","Florianópolis, SC, Trindade",7,63,2962.14,44,2740.41,2025-10,0.7917,0.6164,19,31,227.79,,0,0,2025-10-27,1.08,1594.53,-221.73000000000002,berlinda
VTE0301,Itapema-Meia_Praia-Norte-apartamento-TOP-3Q,Carteira 6,SC,"Itapema, SC","Itapema, SC, Meia Praia",0,83,5732.1,12,4301.85,2025-10,0.7419,0.2952,23,31,330.13,,0,0,2025-10-27,1.33,0.0,-1430.25,ok
YVD1301,Balneario_Camboriu-Intermediario-apartamento-SUP-3Q,Carteira 6,SC,"Balneário Camboriú, SC","Balneário Camboriú, SC, Centro",7,609,3156.09,41,3723.0,2025-10,0.75,0.4741,18,31,226.39,165.0,1,0,2025-10-27,0.85,1584.73,566.9099999999999,berlinda
AMC0204,Florianopolis-Ingleses_Praia-apartamento-JR-1Q,Carteira 1,SC,"Florianópolis, SC","Florianópolis, SC, Ingleses do Rio Vermelho",0,635,2990.2,30,2073.02,2025-10,0.6129,0.5322,19,31,181.95,160.0,2,24,2025-10-27,1.44,0.0,-917.1799999999998,ok
CNA006,Especial-CNA-casa-MASTER-1Q,Especial,SP,"Campos do Jordão, SP","Campos do Jordão, SP, Jardim Europa",0,985,12587.27,25,9245.88,2025-10,0.7742,0.485,24,31,620.04,350.0,3,9,2025-10-27,1.36,0.0,-3341.3900000000012,ok
DPAC0116,Aguas_Claras-Geral-apartamento-SUP-1Q,Carteira 1,DF,"Brasília, DF","Brasília, DF, Águas Claras",6,168,2885.73,101,2564.51,2025-10,0.8,0.6527,20,31,175.75,146.0,1,0,2025-10-27,1.13,1054.5,-321.2199999999998,ok
ELU0311,Especial-JPR-apartamento-TOP-1Q,Carteira 1,SC,"Florianópolis, SC","Florianópolis, SC, Jurerê",0,567,5911.15,14,4204.68,2025-10,0.9032,0.5955,28,31,237.96,,0,0,2025-10-27,1.41,0.0,-1706.4699999999993,ok
GDP0008,Brasilia-Asa_Sul-apartamento-JR-1Q,Carteira 1,DF,"Brasília, DF","Brasília, DF, Asa Sul",0,238,2126.76,221,3077.9,2025-10,0.4194,0.7185,13,31,181.62,,0,11,2025-10-27,0.69,0.0,951.1399999999999,atenção
GRB0917,Porto_Alegre-Auxiliadora-apartamento-SUP-1Q,Carteira 4,RS,"Porto Alegre, RS","Porto Alegre, RS, Rio Branco",5,322,1739.45,101,3239.35,2025-10,0.5,0.6289,13,31,157.62,150.0,4,0,2025-10-27,0.54,788.1,1499.8999999999999,atenção
JPR211,Especial-JPR-apartamento-TOP-1Q,Carteira 1,SC,"Florianópolis, SC","Florianópolis, SC, Jurerê",0,961,5675.68,14,4204.68,2025-10,0.871,0.5955,27,31,275.7,,0,0,2025-10-27,1.35,0.0,-1471.0,ok
LLR802,Porto_Belo-Geral-apartamento-MASTER-3Q,Carteira 6,SC,"Porto Belo, SC","Porto Belo, SC, Perequê",10,1150,5468.88,8,7330.12,2025-10,0.8571,0.492,18,31,386.5,240.0,2,0,2025-10-27,0.75,3865.0,1861.2399999999998,atenção
MHF1206,Itapema-Canto_Praia-apartamento-TOP-1Q,Carteira 5,SC,"Itapema, SC","Itapema, SC, Centro",0,282,488.45,15,3459.9,2025-10,0.0645,0.6192,2,31,300.0,300.0,4,31,2025-10-27,0.14,0.0,2971.4500000000003,crítico
MHFA0503,Itapema-Canto_Praia-apartamento-SUP-1Q,Carteira 5,SC,"Itapema, SC","Itapema, SC, Centro",0,426,2897.25,11,1766.45,2025-10,0.7419,0.415,23,31,145.48,,0,0,2025-10-27,1.64,0.0,-1130.8,ok
MRV0001,Imbituba-Praia_do_Rosa-casa-SUP-3Q,Carteira 6,SC,"Imbituba, SC","Imbituba, SC, Praia do Rosa",9,376,2748.24,12,2771.82,2025-10,0.5909,0.3022,13,31,277.15,176.67,3,0,2025-10-27,0.99,2494.35,23.580000000000382,berlinda
MTA0201,Barra_Velha-Centro-apartamento-SUP-2Q,Carteira 3,SC,"Barra Velha, SC","Barra Velha, SC, Tabuleiro",1,70,2638.72,13,1471.07,2025-10,0.8,0.2439,24,31,129.5,,0,0,2025-10-27,1.79,129.5,-1167.6499999999999,ok
MTR1703,Porto_Belo-Geral-apartamento-TOP-3Q,Carteira 6,SC,"Porto Belo, SC","Porto Belo, SC, Perequê",4,196,3645.1,10,2888.04,2025-10,0.7778,0.2518,21,31,212.52,,0,0,2025-10-27,1.26,850.08,-757.06,ok
NBL0401,Porto_Alegre-Jardim_Botanico-apartamento-SUP-1Q,Carteira 4,RS,"Porto Alegre, RS","Porto Alegre, RS, Santa Cecília",0,671,1454.34,63,2126.55,2025-10,0.3871,0.5301,12,31,139.75,130.0,2,0,2025-10-27,0.68,0.0,672.2100000000003,atenção
NWT0811,Especial-NWT-apartamento-MASTER-1Q,Carteira 5,AL,"Maceió, AL","Maceió, AL, Pajuçara",0,146,11561.22,28,7169.93,2025-10,0.9355,0.7888,29,31,533.97,437.0,1,0,2025-10-27,1.61,0.0,-4391.289999999999,ok
NWT0903,Especial-NWT-apartamento-TOP-1Q,Carteira 5,AL,"Maceió, AL","Maceió, AL, Pajuçara",1,188,4612.82,34,5613.71,2025-10,0.7333,0.7261,22,31,251.86,250.0,1,0,2025-10-27,0.82,251.86,1000.8900000000003,berlinda
PPE0302,Sao_Paulo-Brooklin-apartamento-SUP-1Q,Carteira 4,SP,"São Paulo, SP","São Paulo, SP, Brooklin Novo",0,54,3952.63,149,3546.62,2025-10,0.7097,0.5992,22,31,228.53,,0,0,2025-10-27,1.11,0.0,-406.0100000000002,ok
RAA0301,Itapema-Meia_Praia-Norte-apartamento-SUP-3Q,Carteira 6,SC,"Itapema, SC","Itapema, SC, Meia Praia",4,44,2969.86,35,2279.35,2025-10,0.7037,0.3969,19,31,219.05,223.25,4,0,2025-10-27,1.3,876.2,-690.5100000000002,ok
RCX1807,Itajai-Praia_Brava-apartamento-MASTER-2Q,Carteira 6,SC,"Itajaí, SC","Itajaí, SC, Praia Brava",0,230,5136.96,13,5673.75,2025-10,0.7419,0.6364,23,31,242.09,282.0,4,10,2025-10-27,0.91,0.0,536.79,berlinda
STP1106,Guarapari-Centro-apartamento-SUP-1Q,Carteira 4,ES,"Guarapari, ES","Guarapari, ES, Centro",0,183,2654.55,34,2863.3,2025-10,0.6129,0.6846,19,31,171.37,124.0,2,0,2025-10-27,0.93,0.0,208.75,berlinda
TCO1008,Porto_Alegre-Centro_Historico-apartamento-SUP-1Q,Carteira 4,RS,"Porto Alegre, RS","Porto Alegre, RS, Centro Histórico",0,366,2344.69,87,2119.74,2025-10,0.7742,0.5817,24,31,126.46,120.0,1,0,2025-10-27,1.11,0.0,-224.95000000000027,ok
TPS108,Florianopolis-Canasvieiras_Meio-apartamento-TOP-1Q,Carteira 1,SC,"Florianópolis, SC","Florianópolis, SC, Canasvieiras",0,972,2759.44,29,2888.12,2025-10,0.7419,0.6699,23,31,147.3,208.0,3,0,2025-10-27,0.96,0.0,128.67999999999984,berlinda
TSF1302,Balneario_Camboriu-Sul-apartamento-SUP-3Q,Carteira 6,SC,"Balneário Camboriú, SC","Balneário Camboriú, SC, Centro",0,314,4998.99,80,4219.77,2025-10,0.7419,0.4689,23,31,251.61,180.0,2,0,2025-10-27,1.18,0.0,-779.2199999999993,ok
VST020,Especial-VST-casa-TOP-1Q,Carteira 5,SC,"Anitápolis, SC","Anitápolis, SC, Rio dos Pinheiros",0,92,2318.86,45,2754.3,2025-10,0.4194,0.2088,13,31,227.29,160.0,3,0,2025-10-27,0.84,0.0,435.44000000000005,berlinda
CAT406,Florianopolis-Centrao-apartamento-JR-1Q,Carteira 4,SC,"Florianópolis, SC","Florianópolis, SC, Centro",0,1489,1610.56,68,2759.16,2025-10,0.5161,0.6039,16,31,115.94,,0,0,2025-10-27,0.58,0.0,1148.6,atenção
CBA0902,Itapema-Praia_Itapema-apartamento-SUP-2Q,Carteira 6,SC,"Itapema, SC","Itapema, SC, Morretes",7,173,0.0,14,2560.18,2025-10,0.0,0.5723,0,31,0.0,370.0,3,31,2025-10-27,0.0,0.0,2560.18,crítico
DPR0003,Balneario_Camboriu-Sul-apartamento-JR-1Q,Carteira 6,SC,"Balneário Camboriú, SC","Balneário Camboriú, SC, Barra",0,224,1468.28,35,1665.23,2025-10,0.4839,0.5526,15,31,112.6,110.0,1,0,2025-10-27,0.88,0.0,196.95000000000005,berlinda
EAC1303,Balneario_Camboriu-Centro-apartamento-JR-2Q,Carteira 6,SC,"Balneário Camboriú, SC","Balneário Camboriú, SC, Centro",2,702,3283.72,43,2111.4,2025-10,0.8966,0.4194,26,31,154.69,110.0,1,0,2025-10-27,1.56,309.38,-1172.3199999999997,ok
ECH113,Florianopolis-Centrao-apartamento-TOP-1Q,Carteira 4,SC,"Florianópolis, SC","Florianópolis, SC, Centro",2,607,4212.13,23,5318.32,2025-10,0.7931,0.5262,23,31,223.96,160.0,1,0,2025-10-27,0.79,447.92,1106.1899999999996,atenção
EHI0401,Itajai-Praia_Brava-apartamento-MASTER-2Q,Carteira 6,SC,"Itajaí, SC","Itajaí, SC, Praia Brava",8,286,6050.49,13,5673.75,2025-10,0.913,0.6364,21,31,360.0,215.0,1,0,2025-10-27,1.07,2880.0,-376.7399999999998,berlinda
HMO0410,Sao_Paulo-Butanta-apartamento-SUP-1Q,Carteira 4,SP,"São Paulo, SP","São Paulo, SP, Butantã",0,397,3855.22,26,3585.86,2025-10,0.8065,0.6606,25,31,182.36,150.0,2,0,2025-10-27,1.08,0.0,-269.3599999999997,berlinda
LIB203,Florianopolis-Ingleses_Praia-apartamento-JR-2Q,Carteira 1,SC,"Florianópolis, SC","Florianópolis, SC, Ingleses do Rio Vermelho",0,1758,2403.1,38,2290.13,2025-10,0.5161,0.4232,16,31,181.94,132.75,4,0,2025-10-27,1.05,0.0,-112.9699999999998,berlinda
LTL0301,Itapema-Praia_Itapema-apartamento-TOP-2Q,Carteira 6,SC,"Itapema, SC","Itapema, SC, Morretes",1,133,2771.13,14,3310.8,2025-10,0.6667,0.3889,20,31,170.15,162.75,4,0,2025-10-27,0.84,170.15,539.6700000000001,berlinda
MBCA0407,Goiania-Leste-apartamento-SUP-1Q,Carteira 1,GO,"Goiânia, GO","Goiânia, GO, Jardim Goiás",0,716,3949.92,76,2650.3,2025-10,0.9355,0.5845,29,31,168.24,156.0,1,0,2025-10-27,1.49,0.0,-1299.62,ok
MHFA0903,Itapema-Canto_Praia-apartamento-SUP-1Q,Carteira 5,SC,"Itapema, SC","Itapema, SC, Centro",2,329,2789.46,11,1766.45,2025-10,0.7931,0.415,23,31,141.0,130.0,2,0,2025-10-27,1.58,282.0,-1023.01,ok
NLV0506,Curitiba-Centro-apartamento-SUP-2Q,Carteira 4,PR,"Curitiba, PR","Curitiba, PR, Centro",0,195,3522.77,27,4518.8,2025-10,0.5484,0.7295,17,31,272.47,,0,0,2025-10-27,0.78,0.0,996.0300000000002,atenção
NVI501,Balneario_Camboriu-Sul-apartamento-SUP-2Q,Carteira 6,SC,"Balneário Camboriú, SC","Balneário Camboriú, SC, Barra Sul",0,881,3891.03,82,4251.44,2025-10,0.5806,0.545,18,31,259.0,,0,0,2025-10-27,0.92,0.0,360.4099999999994,berlinda
NWT0711,Especial-NWT-apartamento-TOP-1Q,Carteira 5,AL,"Maceió, AL","Maceió, AL, Pajuçara",0,154,5229.46,34,5613.71,2025-10,0.7419,0.7261,23,31,285.57,280.0,4,0,2025-10-27,0.93,0.0,384.25,berlinda
NWTB0609,Especial-NWT-apartamento-MASTER-1Q,Carteira 5,AL,"Maceió, AL","Maceió, AL, Pajuçara",0,177,9304.64,28,7169.93,2025-10,0.8387,0.7888,26,31,409.92,,0,0,2025-10-27,1.3,0.0,-2134.709999999999,ok
OKA124,Florianopolis-Campeche-apartamento-SUP-1Q,Carteira 1,SC,"Florianópolis, SC","Florianópolis, SC, Campeche",0,286,3223.11,25,2756.73,2025-10,0.6129,0.5652,19,31,194.47,179.5,2,0,2025-10-27,1.17,0.0,-466.3800000000001,ok
ORN0101,Florianopolis-Ingleses_Norte-apartamento-JR-2Q,Carteira 1,SC,"Florianópolis, SC","Florianópolis, SC, Ingleses do Rio Vermelho",6,323,1816.46,32,2245.74,2025-10,0.52,0.5091,13,31,196.15,162.0,4,0,2025-10-27,0.81,1176.9,429.27999999999975,berlinda
PDP904,Porto_Belo-Geral-apartamento-TOP-3Q,Carteira 6,SC,"Porto Belo, SC","Porto Belo, SC, Perequê",6,205,1457.02,10,2888.04,2025-10,0.2,0.2518,5,31,350.0,350.0,4,31,2025-10-27,0.5,2100.0,1431.02,atenção
SDR005,Florianopolis-Lagoa-apartamento-SUP-1Q,Carteira 1,SC,"Florianópolis, SC","Florianópolis, SC, Lagoa da Conceição",0,1538,1488.04,23,2810.1,2025-10,0.4194,0.6661,13,31,135.0,145.0,4,0,2025-10-27,0.53,0.0,1322.06,atenção
SHC0905,Balneario_Picarras-Geral-apartamento-TOP-3Q,Carteira 6,SC,"Balneário Piçarras, SC","Balneário Piçarras, SC, Itacolomi",4,265,5318.79,17,2802.96,2025-10,0.963,0.3613,26,31,257.5,165.0,1,0,2025-10-27,1.9,1030.0,-2515.83,ok
SHR103,Florianopolis-Novo_Campeche-apartamento-TOP-1Q,Carteira 1,SC,"Florianópolis, SC","Florianópolis, SC, Campeche",1,930,5533.64,44,5196.56,2025-10,0.8,0.6872,24,31,287.13,,0,0,2025-10-27,1.06,287.13,-337.0799999999999,berlinda
TCR0913,Aguas_Claras-Geral-apartamento-JR-1Q,Carteira 1,DF,"Brasília, DF","Brasília, DF, Taguatinga Sul",10,36,2469.78,84,2416.38,2025-10,0.9048,0.6231,19,31,143.26,157.0,2,0,2025-10-27,1.02,1432.6,-53.40000000000009,berlinda
VLL0002,Marau-Barra_Grande-apartamento-TOP-3Q,Carteira 2,BA,"Maraú, BA","Maraú, BA, Barra Grande",2,114,1553.95,9,4379.63,2025-10,0.1724,0.2455,5,31,420.0,438.75,4,0,2025-10-27,0.35,840.0,2825.6800000000003,crítico
ADC105,Florianopolis-Cachoeira_Bom_Jesus-apartamento-TOP-2Q,Carteira 1,SC,"Florianópolis, SC","Florianópolis, SC, Cachoeira do Bom Jesus",1,1052,5185.03,21,4281.03,2025-10,0.6333,0.4381,19,31,344.11,315.0,1,0,2025-10-27,1.21,344.11,-904.0,ok
BLS1253,Goiania-Central-apartamento-TOP-1Q,Carteira 1,GO,"Goiânia, GO","Goiânia, GO, Setor Marista",0,741,3552.04,53,3116.1,2025-10,0.7419,0.5687,23,31,189.26,150.0,1,0,2025-10-27,1.14,0.0,-435.94000000000005,ok
CTA022,Florianopolis-Praia_Brava-apartamento-SUP-3Q,Carteira 1,SC,"Florianópolis, SC","Florianópolis, SC, Praia Brava",7,1364,4819.06,24,4184.34,2025-10,0.9583,0.3965,23,31,247.3,,0,0,2025-10-27,1.15,1731.1000000000001,-634.7200000000003,ok
CVI0012,Mata_de_Sao_Joao-Praia_do_Forte-apartamento-JR-1Q,Carteira 2,BA,"Mata de São João, BA","Mata de São João, BA, Praia do Forte",3,134,3522.58,34,3025.94,2025-10,0.7143,0.441,20,31,209.4,159.0,2,0,2025-10-27,1.16,628.2,-496.6399999999999,ok
EAN503,Balneario_Camboriu-Centro-apartamento-SUP-2Q,Carteira 6,SC,"Balneário Camboriú, SC","Balneário Camboriú, SC, Centro",0,1034,4107.14,72,4338.54,2025-10,0.8387,0.5488,26,31,177.62,,0,0,2025-10-27,0.95,0.0,231.39999999999964,berlinda
EPF202,Balneario_Camboriu-Centro-apartamento-JR-2Q,Carteira 6,SC,"Balneário Camboriú, SC","Balneário Camboriú, SC, Centro",0,833,3400.32,43,2111.4,2025-10,0.7742,0.4194,24,31,177.38,134.67,3,0,2025-10-27,1.61,0.0,-1288.92,ok
EVM1012,Sao_Paulo-Madalena-apartamento-SUP-1Q,Carteira 4,SP,"São Paulo, SP","São Paulo, SP, Sumarezinho",10,257,639.41,110,2933.35,2025-10,0.2381,0.553,5,31,159.0,,0,0,2025-10-27,0.22,1590.0,2293.94,crítico
HAI0203,Salvador-Centro-apartamento-JR-1Q,Carteira 2,BA,"Salvador, BA","Salvador, BA, Centro",0,203,232.28,25,1940.01,2025-10,0.0645,0.603,2,31,126.0,114.25,4,0,2025-10-27,0.12,0.0,1707.73,crítico
ILC2203,Especial-ILC-hotel-JR-1Q,Especial,SC,"Florianópolis, SC","Florianópolis, SC, Jurerê Internacional",7,1940,7414.44,16,7820.79,2025-10,0.75,0.6145,18,31,508.11,338.0,1,0,2025-10-27,0.95,3556.77,406.35000000000036,berlinda
ILC2307,Especial-ILC-hotel-TOP-1Q,Especial,SC,"Florianópolis, SC","Florianópolis, SC, Jurerê Internacional",17,1745,4963.15,28,10019.61,2025-10,0.8571,0.8614,12,31,472.83,,0,0,2025-10-27,0.5,8038.11,5056.460000000001,crítico
LAR0406,Gramado-Centro-apartamento-TOP-2Q,Carteira 4,RS,"Gramado, RS","Gramado, RS, Vila Suiça",7,650,4425.26,53,5324.65,2025-10,0.5417,0.5115,13,31,486.54,388.0,3,0,2025-10-27,0.83,3405.78,899.3899999999994,berlinda
LTT803,Balneario_Picarras-Geral-apartamento-TOP-3Q,Carteira 6,SC,"Balneário Piçarras, SC","Balneário Piçarras, SC, Itacolomi",0,505,3203.29,17,2802.96,2025-10,0.6129,0.3613,19,31,198.16,178.5,4,0,2025-10-27,1.14,0.0,-400.3299999999999,ok
MHF0904,Itapema-Canto_Praia-apartamento-TOP-1Q,Carteira 5,SC,"Itapema, SC","Itapema, SC, Centro",0,328,3638.8,15,3459.9,2025-10,0.7419,0.6192,23,31,188.17,160.0,1,0,2025-10-27,1.05,0.0,-178.9000000000001,berlinda
PEA1301,Florianopolis-Itacorubi-apartamento-SUP-3Q,Carteira 4,SC,"Florianópolis, SC","Florianópolis, SC, Itacorubi",2,524,3553.05,11,2647.24,2025-10,0.4138,0.3854,12,31,270.75,226.5,4,0,2025-10-27,1.34,541.5,-905.8100000000004,ok
PSO0310,Penha-Beto_Carrero-apartamento-SUP-1Q,Carteira 3,SC,"Penha, SC","Penha, SC, Praia de Armação do Itapocoroi",0,91,4008.82,18,2566.46,2025-10,0.8387,0.6596,26,31,184.46,115.0,2,0,2025-10-27,1.56,0.0,-1442.3600000000001,ok
PSO0606,Penha-Beto_Carrero-apartamento-SUP-1Q,Carteira 3,SC,"Penha, SC","Penha, SC, Praia de Armação do Itapocoroi",0,98,3062.51,18,2566.46,2025-10,0.7097,0.6596,22,31,161.5,148.5,4,0,2025-10-27,1.19,0.0,-496.0500000000002,ok
PST1409,Florianopolis-Itacorubi-apartamento-TOP-1Q,Carteira 4,SC,"Florianópolis, SC","Florianópolis, SC, Itacorubi",3,12,3487.86,23,3149.76,2025-10,0.8571,0.5625,24,31,180.27,,0,0,2025-10-27,1.11,540.8100000000001,-338.0999999999999,ok
SKL1604,Penha-Praia-apartamento-SUP-2Q,Carteira 6,SC,"Penha, SC","Penha, SC, Armação",4,100,4695.16,53,3312.94,2025-10,0.963,0.4703,26,31,224.31,,0,0,2025-10-27,1.42,897.24,-1382.2199999999998,ok
SOL0404,Salvador-Costa_Azul-apartamento-SUP-1Q,Especial,BA,"Salvador, BA","Salvador, BA, Costa Azul",0,135,2874.69,31,2343.45,2025-10,0.7742,0.6577,24,31,139.83,162.0,1,0,2025-10-27,1.23,0.0,-531.2400000000002,ok
VNT1011,Sao_Paulo-Pompeia-apartamento-SUP-1Q,Carteira 4,SP,"São Paulo, SP","São Paulo, SP, Perdizes",0,139,2847.91,74,3053.57,2025-10,0.5806,0.5076,18,31,191.28,,0,0,2025-10-27,0.93,0.0,205.6600000000003,berlinda
CPR0207,Marau-Barra_Grande-apartamento-TOP-2Q,Carteira 2,BA,"Maraú, BA","Maraú, BA, Barra Grande",0,449,3909.78,15,6171.38,2025-10,0.3548,0.4927,11,31,400.0,400.0,1,31,2025-10-27,0.63,0.0,2261.6,atenção
CZZ0403,Urubici-Geral-apartamento-SUP-1Q,Especial,SC,"Urubici, SC","Urubici, SC, Centro",0,190,2630.06,64,1691.39,2025-10,0.5484,0.2197,17,31,176.12,166.5,2,0,2025-10-27,1.55,0.0,-938.6699999999998,ok
CZZ0405,Urubici-Geral-apartamento-SUP-1Q,Especial,SC,"Urubici, SC","Urubici, SC, Centro",4,103,2544.08,64,1691.39,2025-10,0.5556,0.2197,15,31,206.93,157.5,4,0,2025-10-27,1.5,827.72,-852.6899999999998,ok
EBC0603,Balneario_Camboriu-Centro-apartamento-SUP-2Q,Carteira 6,SC,"Balneário Camboriú, SC","Balneário Camboriú, SC, Centro",9,338,2963.79,72,4338.54,2025-10,0.5455,0.5488,12,31,265.0,250.0,3,18,2025-10-27,0.68,2385.0,1374.75,atenção
ELF0402,Bombinhas-Bombas-apartamento-SUP-1Q,Especial,SC,"Bombinhas, SC","Bombinhas, SC, José Amândio",0,156,4373.39,42,1744.23,2025-10,0.8065,0.3583,25,31,186.44,,0,30,2025-10-27,2.51,0.0,-2629.1600000000003,meta_subestimada
ELS0606,Porto_Alegre-Centro_Historico-apartamento-JR-1Q,Carteira 4,RS,"Porto Alegre, RS","Porto Alegre, RS, Centro Histórico",0,29,1817.77,79,2034.09,2025-10,0.6774,0.6696,21,31,101.43,100.0,1,0,2025-10-27,0.89,0.0,216.31999999999994,berlinda
ELU106,Florianopolis-Jurere_Tradicional-apartamento-TOP-1Q,Carteira 1,SC,"Florianópolis, SC","Florianópolis, SC, Jurerê",0,1353,4026.35,16,4831.55,2025-10,0.8065,0.6121,25,31,197.88,,0,0,2025-10-27,0.83,0.0,805.2000000000003,berlinda
GCO0302,Balneario_Camboriu-Norte-apartamento-SUP-2Q,Carteira 6,SC,"Balneário Camboriú, SC","Balneário Camboriú, SC, Barra Norte",1,33,4660.97,31,4038.99,2025-10,0.9333,0.5763,28,31,206.14,,0,0,2025-10-27,1.15,206.14,-621.9800000000005,ok
IDC0102,Florianopolis-UFSC-apartamento-SUP-2Q,Carteira 4,SC,"Florianópolis, SC","Florianópolis, SC, Trindade",12,677,2041.43,19,2661.35,2025-10,0.5789,0.581,11,31,226.36,166.0,2,0,2025-10-27,0.77,2716.32,619.9199999999998,atenção
JBV334,Especial-JBV-hotel-JR-1Q,Especial,SC,"Florianópolis, SC","Florianópolis, SC, Jurerê",0,1654,7161.05,25,7692.08,2025-10,0.8065,0.6447,25,31,361.4,276.0,3,0,2025-10-27,0.93,0.0,531.0299999999997,berlinda
LEA0908,Balneario_Picarras-Geral-apartamento-SUP-2Q,Carteira 6,SC,"Balneário Piçarras, SC","Balneário Piçarras, SC, Itacolomi",2,236,1672.41,58,1221.17,2025-10,0.5517,0.2657,16,31,128.06,126.5,2,0,2025-10-27,1.37,256.12,-451.24,ok
MCB1106,Balneario_Picarras-Geral-apartamento-SUP-2Q,Carteira 6,SC,"Balneário Piçarras, SC","Balneário Piçarras, SC, Itacolomi",0,286,0.0,58,1221.17,2025-10,0.0,0.2657,0,31,0.0,251.0,4,31,2025-10-27,0.0,0.0,1221.17,crítico
MHFB0503,Itapema-Canto_Praia-apartamento-SUP-1Q,Carteira 5,SC,"Itapema, SC","Itapema, SC, Centro",0,426,3366.28,11,1766.45,2025-10,0.8387,0.415,26,31,146.04,,0,0,2025-10-27,1.91,0.0,-1599.8300000000002,ok
MHFB1204,Itapema-Canto_Praia-apartamento-SUP-1Q,Carteira 5,SC,"Itapema, SC","Itapema, SC, Centro",0,448,1966.0,11,1766.45,2025-10,0.3548,0.415,11,31,172.08,135.0,3,31,2025-10-27,1.11,0.0,-199.54999999999995,ok
MHR308,Florianopolis-Ingleses_Praia-apartamento-SUP-1Q,Carteira 1,SC,"Florianópolis, SC","Florianópolis, SC, Ingleses do Rio Vermelho",7,1132,3434.77,37,2408.79,2025-10,0.9167,0.4799,22,31,215.59,,0,0,2025-10-27,1.43,1509.13,-1025.98,ok
MMD0602,Ilheus-Sul-apartamento-TOP-2Q,Carteira 2,BA,"Ilhéus, BA","Ilhéus, BA, São Francisco",5,268,3210.86,17,3459.9,2025-10,0.6538,0.4935,17,31,303.0,,0,0,2025-10-27,0.93,1515.0,249.03999999999996,berlinda
NWT0421,Especial-NWT-apartamento-TOP-1Q,Carteira 5,AL,"Maceió, AL","Maceió, AL, Pajuçara",0,272,5986.44,34,5613.71,2025-10,0.7742,0.7261,24,31,331.04,290.33,3,0,2025-10-27,1.07,0.0,-372.72999999999956,berlinda
NWT0604,Especial-NWT-apartamento-TOP-1Q,Carteira 5,AL,"Maceió, AL","Maceió, AL, Pajuçara",0,184,4790.37,34,5613.71,2025-10,0.7097,0.7261,22,31,258.55,250.0,3,0,2025-10-27,0.85,0.0,823.3400000000001,berlinda
NWT1203,Especial-NWT-apartamento-TOP-1Q,Carteira 5,AL,"Maceió, AL","Maceió, AL, Pajuçara",1,335,4819.75,34,5613.71,2025-10,0.6667,0.7261,20,31,309.25,280.0,2,0,2025-10-27,0.86,309.25,793.96,berlinda
NWT1214,Especial-NWT-apartamento-TOP-1Q,Carteira 5,AL,"Maceió, AL","Maceió, AL, Pajuçara",3,132,4475.3,34,5613.71,2025-10,0.6786,0.7261,19,31,323.37,280.0,1,0,2025-10-27,0.8,970.11,1138.4099999999999,atenção
PSO0401,Penha-Beto_Carrero-apartamento-SUP-1Q,Carteira 3,SC,"Penha, SC","Penha, SC, Praia de Armação do Itapocoroi",2,110,4429.4,18,2566.46,2025-10,0.8966,0.6596,26,31,216.69,,0,0,2025-10-27,1.73,433.38,-1862.9399999999996,ok
PSOA1102,Penha-Beto_Carrero-apartamento-SUP-1Q,Carteira 3,SC,"Penha, SC","Penha, SC, Praia de Armação do Itapocoroi",0,98,2430.25,18,2566.46,2025-10,0.6129,0.6596,19,31,157.53,153.0,3,0,2025-10-27,0.95,0.0,136.21000000000004,berlinda
RGV115,Bombinhas-Bombas-casa-JR-3Q,Carteira 6,SC,"Bombinhas, SC","Bombinhas, SC, Bombas",0,749,3284.92,10,2415.61,2025-10,0.8065,0.3191,25,31,188.44,115.0,2,0,2025-10-27,1.36,0.0,-869.31,ok
ROE210,Brasilia-Asa_Norte-apartamento-SUP-1Q,Carteira 1,DF,"Brasília, DF","Brasília, DF, Setor de Habitações Individuais Norte",0,539,3414.04,93,3756.57,2025-10,0.6774,0.7516,21,31,282.19,,0,0,2025-10-27,0.91,0.0,342.5300000000002,berlinda
SCO0014,Florianopolis-Campeche-apartamento-SUP-1Q,Carteira 1,SC,"Florianópolis, SC","Florianópolis, SC, Campeche",2,195,1916.2,25,2756.73,2025-10,0.6897,0.5652,20,31,180.95,199.5,4,0,2025-10-27,0.7,361.9,840.53,atenção
SHL0105,Brasilia-Lago_Norte-apartamento-TOP-1Q,Carteira 1,DF,"Brasília, DF","Brasília, DF, Setor de Habitações Individuais Norte",0,334,4644.32,28,4293.42,2025-10,0.9355,0.8048,29,31,170.24,,0,0,2025-10-27,1.08,0.0,-350.89999999999964,berlinda
SID0209,Florianopolis-Cachoeira_Bom_Jesus-apartamento-SUP-1Q,Carteira 1,SC,"Florianópolis, SC","Florianópolis, SC, Cachoeira do Bom Jesus",0,89,1398.82,15,2277.41,2025-10,0.4516,0.3827,14,31,118.21,114.25,4,0,2025-10-27,0.61,0.0,878.5899999999999,atenção
SLI0704,Maceio-Ponta_Verde-apartamento-SUP-1Q,Carteira 2,AL,"Maceió, AL","Maceió, AL, Ponta Verde",0,41,3471.05,211,4623.15,2025-10,0.7419,0.7968,23,31,167.3,,0,0,2025-10-27,0.75,0.0,1152.0999999999995,atenção
SPJ0204,Especial-SPJ-apartamento-TOP-1Q,Carteira 5,SC,"Florianópolis, SC","Florianópolis, SC, Jurerê",1,336,4900.28,19,3903.22,2025-10,1.0,0.6281,30,31,199.2,,0,0,2025-10-27,1.26,199.2,-997.06,ok
SPZ0610,Sao_Paulo-Vila_Olimpia-apartamento-SUP-1Q,Carteira 4,SP,"São Paulo, SP","São Paulo, SP, Itaim Bibi",1,135,7572.63,299,5468.9,2025-10,0.9333,0.6581,28,31,346.39,,0,0,2025-10-27,1.38,346.39,-2103.7300000000005,ok
STM0500,Florianopolis-Canto_da_Lagoa-casa-SUP-3Q,Carteira 1,SC,"Florianópolis, SC","Florianópolis, SC, Lagoa da Conceição",12,183,4805.44,19,3893.0,2025-10,0.8947,0.4988,17,31,424.82,,0,0,2025-10-27,1.23,5097.84,-912.4399999999996,ok
TPS311,Florianopolis-Canasvieiras_Meio-apartamento-TOP-1Q,Carteira 1,SC,"Florianópolis, SC","Florianópolis, SC, Canasvieiras",0,1000,2570.24,29,2888.12,2025-10,0.7097,0.6699,22,31,357.41,,0,0,2025-10-27,0.89,0.0,317.8800000000001,berlinda
TVT904,Florianopolis-Centrao-apartamento-MASTER-1Q,Carteira 4,SC,"Florianópolis, SC","Florianópolis, SC, Centro",0,810,4502.54,30,4355.89,2025-10,0.5806,0.5881,18,31,308.11,200.0,1,0,2025-10-27,1.03,0.0,-146.64999999999964,berlinda
VAM0504,Goiania-Sul-2-apartamento-JR-2Q,Carteira 1,GO,"Goiânia, GO","Goiânia, GO, Setor Faiçalville",0,429,4482.62,301,2678.38,2025-10,0.9032,0.6031,28,31,195.89,,0,0,2025-10-27,1.67,0.0,-1804.2399999999998,ok
BLS1256,Goiania-Central-apartamento-SUP-1Q,Carteira 1,GO,"Goiânia, GO","Goiânia, GO, Setor Marista",3,682,2984.35,161,2721.7,2025-10,0.75,0.6044,21,31,177.71,,0,0,2025-10-27,1.1,533.13,-262.6500000000001,berlinda
BSO0103,Itajai-Praia_Brava-apartamento-SUP-1Q,Carteira 6,SC,"Balneário Camboriú, SC","Balneário Camboriú, SC, Praia dos Amores",0,167,3499.38,55,2564.51,2025-10,0.9355,0.5263,29,31,160.07,,0,0,2025-10-27,1.36,0.0,-934.8699999999999,ok
CEI0304,Porto_Alegre-Auxiliadora-apartamento-TOP-1Q,Carteira 4,RS,"Porto Alegre, RS","Porto Alegre, RS, Independência",0,436,1567.12,37,3452.27,2025-10,0.2903,0.6599,9,31,206.89,200.0,4,0,2025-10-27,0.45,0.0,1885.15,crítico
CIA2313,Sao_Paulo-Vila_Olimpia-apartamento-TOP-1Q,Carteira 4,SP,"São Paulo, SP","São Paulo, SP, Vila Olímpia",0,253,7317.99,100,8974.42,2025-10,0.8387,0.7417,26,31,347.46,,0,0,2025-10-27,0.82,0.0,1656.4300000000003,berlinda
CTP1103,Itajai-Centro-apartamento-TOP-2Q,Carteira 6,SC,"Itajaí, SC","Itajaí, SC, São João",2,127,4679.4,7,3678.56,2025-10,0.9655,0.6746,28,31,203.29,,0,0,2025-10-27,1.27,406.58,-1000.8399999999997,ok
EMF1003,Balneario_Camboriu-Intermediario-apartamento-SUP-2Q,Carteira 6,SC,"Balneário Camboriú, SC","Balneário Camboriú, SC, Centro",0,667,4261.21,70,2902.05,2025-10,0.7097,0.5075,22,31,202.05,125.0,1,0,2025-10-27,1.47,0.0,-1359.1599999999999,ok
EVA806,Florianopolis-Centrao-apartamento-SUP-1Q,Carteira 5,SC,"Florianópolis, SC","Florianópolis, SC, Centro",0,474,2634.35,122,3775.97,2025-10,0.7097,0.5975,22,31,149.92,150.0,1,0,2025-10-27,0.7,0.0,1141.62,atenção
GPL1305,Porto_Alegre-Jardim_Lindoia-apartamento-SUP-2Q,Carteira 4,RS,"Porto Alegre, RS","Porto Alegre, RS, São Sebastião",0,154,6046.32,11,5430.73,2025-10,0.7742,0.7727,24,31,285.33,240.0,2,0,2025-10-27,1.11,0.0,-615.5900000000001,ok
GTR0301,Balneario_Camboriu-Intermediario-apartamento-TOP-3Q,Carteira 6,SC,"Balneário Camboriú, SC","Balneário Camboriú, SC, Centro",0,41,5559.86,25,4718.78,2025-10,0.7742,0.574,24,31,293.58,170.0,1,0,2025-10-27,1.18,0.0,-841.0799999999999,ok
ILC3405,Especial-ILC-hotel-JR-1Q,Especial,SC,"Florianópolis, SC","Florianópolis, SC, Jurerê Internacional",1,1801,7449.81,16,7820.79,2025-10,0.8,0.6145,24,31,370.17,262.0,2,0,2025-10-27,0.95,370.17,370.97999999999956,berlinda
ISM0806,Sao_Paulo-Moema-apartamento-SUP-1Q,Carteira 4,SP,"São Paulo, SP","São Paulo, SP, Indianópolis",0,240,2583.68,519,3424.22,2025-10,0.6129,0.5899,19,31,166.26,,0,0,2025-10-27,0.75,0.0,840.54,atenção
JAT0355,Bombinhas-Mariscal-casa-SUP-4Q,Carteira 6,SC,"Bombinhas, SC","Bombinhas, SC, Canto Grande",11,573,8185.55,15,4729.99,2025-10,0.8,0.3256,16,31,712.44,,0,0,2025-10-27,1.73,7836.84,-3455.5600000000004,ok
LIV1007,Salvador-Graca-apartamento-TOP-1Q,Especial,BA,"Salvador, BA","Salvador, BA, Vitória",0,63,4270.58,12,2921.78,2025-10,0.8387,0.5466,26,31,181.73,153.0,1,0,2025-10-27,1.46,0.0,-1348.7999999999997,ok
MBH0601,Balneario_Camboriu-Intermediario-apartamento-JR-1Q,Carteira 6,SC,"Balneário Camboriú, SC","Balneário Camboriú, SC, Pioneiros",0,286,2134.33,56,2452.67,2025-10,0.4839,0.5785,15,31,149.6,100.0,2,0,2025-10-27,0.87,0.0,318.34000000000015,berlinda
MHFB1307,Itapema-Canto_Praia-apartamento-SUP-1Q,Carteira 5,SC,"Itapema, SC","Itapema, SC, Centro",0,394,3521.23,11,1766.45,2025-10,0.8065,0.415,25,31,176.65,130.0,2,0,2025-10-27,1.99,0.0,-1754.78,ok
MOP0103,Sao_Paulo-Pinheiros-apartamento-SUP-1Q,Carteira 4,SP,"São Paulo, SP","São Paulo, SP, Jardim Paulista",0,37,4267.47,413,3951.39,2025-10,0.7742,0.6435,24,31,200.71,,0,0,2025-10-27,1.08,0.0,-316.0800000000004,berlinda
NIK0504,Sao_Paulo-Bela_Vista-apartamento-SUP-1Q,Carteira 4,SP,"São Paulo, SP","São Paulo, SP, Bela Vista",0,22,2558.18,596,3350.19,2025-10,0.5806,0.6478,18,31,178.5,150.0,1,0,2025-10-27,0.76,0.0,792.0100000000002,atenção
NWT0315,Especial-NWT-apartamento-TOP-1Q,Carteira 5,AL,"Maceió, AL","Maceió, AL, Pajuçara",0,155,6039.16,34,5613.71,2025-10,0.7742,0.7261,24,31,297.46,,0,0,2025-10-27,1.08,0.0,-425.4499999999998,berlinda
NWT0419,Especial-NWT-apartamento-TOP-1Q,Carteira 5,AL,"Maceió, AL","Maceió, AL, Pajuçara",2,278,5421.33,34,5613.71,2025-10,0.6207,0.7261,18,31,354.0,290.33,3,0,2025-10-27,0.97,708.0,192.3800000000001,berlinda
RAE0126,Bombinhas-Mariscal-casa-JR-3Q,Carteira 6,SC,"Bombinhas, SC","Bombinhas, SC, Morrinhos",1,293,1597.77,25,2043.83,2025-10,0.4,0.3349,12,31,170.25,133.33,3,0,2025-10-27,0.78,170.25,446.05999999999995,atenção
RGF1406,Salvador-Flamengo-apartamento-TOP-1Q,Carteira 2,BA,"Salvador, BA","Salvador, BA, Itapuã",3,100,3677.23,29,4009.88,2025-10,0.9286,0.6794,26,31,170.35,165.0,2,0,2025-10-27,0.92,511.04999999999995,332.6500000000001,berlinda
RIT206,Florianopolis-Praia_Brava-apartamento-SUP-4Q,Carteira 1,SC,"Florianópolis, SC","Florianópolis, SC, Praia Brava",4,524,4370.22,10,4341.91,2025-10,0.4444,0.4355,12,31,455.0,398.25,4,0,2025-10-27,1.01,1820.0,-28.3100000000004,berlinda
THK0202,Sao_Paulo-Republica-apartamento-SUP-1Q,Carteira 4,SP,"São Paulo, SP","São Paulo, SP, República",1,525,2226.05,465,3003.05,2025-10,0.6,0.6661,18,31,135.83,130.0,2,0,2025-10-27,0.74,135.83,777.0,atenção
VFR505,Bombinhas-Bombas-apartamento-TOP-1Q,Especial,SC,"Bombinhas, SC","Bombinhas, SC, Bombas",0,723,3636.48,70,2408.9,2025-10,0.7097,0.4041,22,31,193.41,188.0,3,25,2025-10-27,1.51,0.0,-1227.58,ok
BDR523,Florianopolis-Lagoa-apartamento-SUP-1Q,Carteira 1,SC,"Florianópolis, SC","Florianópolis, SC, Lagoa da Conceição",2,1253,2168.14,23,2810.1,2025-10,0.6552,0.6661,19,31,150.37,,0,0,2025-10-27,0.77,300.74,641.96,atenção
CAV0411,Recife-Boa_Viagem-Bairro-apartamento-JR-1Q,Carteira 2,PE,"Recife, PE","Recife, PE, Boa Viagem",3,196,2808.15,38,3128.51,2025-10,0.8214,0.8061,23,31,153.43,110.0,3,0,2025-10-27,0.9,460.29,320.3600000000001,berlinda
CEE202,Cabo_Frio-Centro-apartamento-JR-3Q,Carteira 4,RJ,"Cabo Frio, RJ","Cabo Frio, RJ, Foguete",12,1268,2179.8,103,3342.34,2025-10,0.3684,0.4987,7,31,364.29,189.25,4,0,2025-10-27,0.65,4371.4800000000005,1162.54,atenção
ESB0310,Salvador-Barra-apartamento-SUP-1Q,Carteira 2,BA,"Salvador, BA","Salvador, BA, Barra",0,71,1169.3,209,3347.82,2025-10,0.1613,0.601,5,31,256.0,240.0,3,31,2025-10-27,0.35,0.0,2178.5200000000004,crítico
FUA0003,Ubatuba-Praia_do_Lazaro-apartamento-JR-1Q,Carteira 4,SP,"Ubatuba, SP","Ubatuba, SP, Lázaro Praia Domingos Dias",5,2,422.67,22,2055.82,2025-10,0.1154,0.4823,3,31,194.0,186.5,4,0,2025-10-27,0.21,970.0,1633.15,crítico
JBV165,Especial-JBV-hotel-JR-1Q,Especial,SC,"Florianópolis, SC","Florianópolis, SC, Jurerê",0,433,7371.1,25,7692.08,2025-10,0.871,0.6447,27,31,1385.82,241.5,2,0,2025-10-27,0.96,0.0,320.97999999999956,berlinda
MHE0114,Florianopolis-Cachoeira_Bom_Jesus-apartamento-MASTER-2Q,Carteira 1,SC,"Florianópolis, SC","Florianópolis, SC, Cachoeira do Bom Jesus",0,247,8542.55,10,7332.31,2025-10,0.9355,0.5438,29,31,372.24,,0,0,2025-10-27,1.17,0.0,-1210.2399999999989,ok
MHF1909,Itapema-Canto_Praia-apartamento-TOP-2Q,Carteira 5,SC,"Itapema, SC","Itapema, SC, Centro",9,272,3233.79,10,2671.81,2025-10,0.6818,0.2867,15,31,256.73,,0,0,2025-10-27,1.21,2310.57,-561.98,ok
MHFB0604,Itapema-Canto_Praia-apartamento-SUP-1Q,Carteira 5,SC,"Itapema, SC","Itapema, SC, Centro",0,426,2765.31,11,1766.45,2025-10,0.7419,0.415,23,31,142.0,,0,0,2025-10-27,1.57,0.0,-998.8599999999999,ok
NWT0308,Especial-NWT-apartamento-TOP-1Q,Carteira 5,AL,"Maceió, AL","Maceió, AL, Pajuçara",0,344,5071.24,34,5613.71,2025-10,0.5484,0.7261,17,31,350.0,350.0,4,31,2025-10-27,0.9,0.0,542.4700000000003,berlinda
NWT1307,Especial-NWT-apartamento-TOP-1Q,Carteira 5,AL,"Maceió, AL","Maceió, AL, Pajuçara",0,114,6857.86,34,5613.71,2025-10,0.8065,0.7261,25,31,335.36,280.0,1,0,2025-10-27,1.22,0.0,-1244.1499999999996,ok
RPV102,Florianopolis-Ingleses_Centro-apartamento-JR-3Q,Carteira 1,SC,"Florianópolis, SC","Florianópolis, SC, Ingleses do Rio Vermelho",5,407,1244.88,172,2554.78,2025-10,0.3077,0.4327,8,31,196.63,138.0,2,0,2025-10-27,0.49,983.15,1309.9,crítico
RST0206,Penha-Praia-casa-SUP-3Q,Carteira 6,SC,"Penha, SC","Penha, SC, Armação",9,237,4951.52,11,2676.44,2025-10,0.9545,0.4524,21,31,314.33,,0,0,2025-10-27,1.85,2828.97,-2275.0800000000004,ok
SQS0108,Brasilia-Asa_Sul-apartamento-SUP-2Q,Carteira 1,DF,"Brasília, DF","Brasília, DF, Asa Sul",0,7,3681.6,127,5405.15,2025-10,0.7419,0.754,23,31,204.3,162.0,2,0,2025-10-27,0.68,0.0,1723.5499999999997,atenção
STL0702,Camboriu-Tabuleiro-apartamento-TOP-2Q,Carteira 6,SC,"Balneário Camboriú, SC","Balneário Camboriú, SC, Vila Real",2,650,842.4,78,3735.01,2025-10,0.1724,0.4956,5,31,345.0,345.0,2,31,2025-10-27,0.23,690.0,2892.61,crítico
TPS103,Florianopolis-Canasvieiras_Meio-apartamento-TOP-1Q,Carteira 1,SC,"Florianópolis, SC","Florianópolis, SC, Canasvieiras",0,959,2342.88,29,2888.12,2025-10,0.7097,0.6699,22,31,146.82,168.0,3,0,2025-10-27,0.81,0.0,545.2399999999998,berlinda
TPS207,Florianopolis-Canasvieiras_Meio-apartamento-TOP-1Q,Carteira 1,SC,"Florianópolis, SC","Florianópolis, SC, Canasvieiras",0,999,2730.7,29,2888.12,2025-10,0.7097,0.6699,22,31,159.5,152.0,1,0,2025-10-27,0.95,0.0,157.42000000000007,berlinda
VDE101,Florianopolis-Ingleses_Norte-apartamento-JR-2Q,Carteira 1,SC,"Florianópolis, SC","Florianópolis, SC, Ingleses do Rio Vermelho",19,495,0.0,32,2245.74,2025-10,0.0,0.5091,0,31,0.0,,0,0,2025-10-27,0.0,0.0,2245.74,crítico
VPS111,Guara-Geral-apartamento-JR-1Q,Carteira 1,DF,"Brasília, DF","Brasília, DF, Zona Industrial Guará",0,603,3347.9,35,2647.24,2025-10,0.8065,0.7587,25,31,173.36,149.0,2,14,2025-10-27,1.26,0.0,-700.6600000000003,ok
BER0202,Maceio-Jatiuca-apartamento-SUP-1Q,Carteira 2,AL,"Maceió, AL","Maceió, AL, Ponta Verde",0,7,3699.26,103,3255.52,2025-10,0.9355,0.736,29,31,151.31,115.0,1,0,2025-10-27,1.14,0.0,-443.74000000000024,ok
CET1604,Balneario_Camboriu-Centro-apartamento-TOP-2Q,Carteira 6,SC,"Balneário Camboriú, SC","Balneário Camboriú, SC, Centro",8,392,5105.91,31,4866.25,2025-10,0.9565,0.5648,22,31,281.59,160.0,1,0,2025-10-27,1.05,2252.72,-239.65999999999985,berlinda
CPN0303,Florianopolis-Centrao-apartamento-TOP-2Q,Carteira 4,SC,"Florianópolis, SC","Florianópolis, SC, Centro",0,145,4900.2,23,5167.96,2025-10,0.6129,0.5696,19,31,367.32,,0,0,2025-10-27,0.95,0.0,267.7600000000002,berlinda
EKD0397,Balneario_Picarras-Geral-casa-TOP-3Q,Carteira 6,SC,"Balneário Piçarras, SC","Balneário Piçarras, SC, Centro",3,70,4428.01,8,1264.25,2025-10,1.0,0.172,28,31,196.04,,0,0,2025-10-27,3.5,588.12,-3163.76,meta_subestimada
EME0218,Brasilia-Asa_Norte-apartamento-SUP-1Q,Carteira 1,DF,"Brasília, DF","Brasília, DF, Setor Noroeste",0,399,4711.16,93,3756.57,2025-10,0.9355,0.7516,29,31,196.17,,0,0,2025-10-27,1.25,0.0,-954.5899999999997,ok
IFT1405,Itapema-Meia_Praia-Norte-apartamento-TOP-1Q,Carteira 6,SC,"Itapema, SC","Itapema, SC, Meia Praia",0,309,0.0,20,2978.59,2025-10,0.0,0.5085,0,31,320.0,320.0,2,31,2025-10-27,0.0,0.0,2978.59,crítico
ILC3505,Especial-ILC-hotel-TOP-1Q,Especial,SC,"Florianópolis, SC","Florianópolis, SC, Jurerê Internacional",0,1507,10745.84,28,10019.61,2025-10,0.7419,0.8614,23,31,539.0,419.0,3,0,2025-10-27,1.07,0.0,-726.2299999999996,berlinda
MMD0604,Ilheus-Sul-apartamento-SUP-2Q,Carteira 2,BA,"Ilhéus, BA","Ilhéus, BA, São Francisco",0,131,3595.5,24,3158.2,2025-10,0.6774,0.5022,21,31,195.67,159.75,4,0,2025-10-27,1.14,0.0,-437.3000000000002,ok
OMC1303,Itapema-Praia_Centro-apartamento-JR-2Q,Carteira 6,SC,"Itapema, SC","Itapema, SC, Tabuleiro dos Oliveiras",0,140,3267.43,11,2530.45,2025-10,0.9355,0.4843,29,31,142.0,121.0,1,0,2025-10-27,1.29,0.0,-736.98,ok
PGO0205,Pocos_de_Caldas-Geral-apartamento-SUP-1Q,Carteira 4,MG,"Poços de Caldas, MG","Poços de Caldas, MG, São Benedito",0,296,3193.18,30,1751.93,2025-10,0.6774,0.4614,21,31,145.71,,0,0,2025-10-27,1.82,0.0,-1441.2499999999998,ok
PSO1006,Penha-Beto_Carrero-apartamento-SUP-1Q,Carteira 3,SC,"Penha, SC","Penha, SC, Praia de Armação do Itapocoroi",0,65,4093.14,18,2566.46,2025-10,0.9355,0.6596,29,31,174.93,,0,0,2025-10-27,1.59,0.0,-1526.6799999999998,ok
PSOB0512,Penha-Beto_Carrero-apartamento-SUP-1Q,Carteira 3,SC,"Penha, SC","Penha, SC, Praia de Armação do Itapocoroi",0,68,3991.34,18,2566.46,2025-10,0.9032,0.6596,28,31,167.75,,0,0,2025-10-27,1.56,0.0,-1424.88,ok
RAS175,Campos_do_Jordao-Capivari_Centro-casa-SUP-3Q,Carteira 4,SP,"Campos do Jordão, SP","Campos do Jordão, SP, J Andira",14,804,2592.36,8,3817.09,2025-10,0.4118,0.2325,7,31,441.86,,0,0,2025-10-27,0.68,6186.04,1224.73,atenção
RBM207,Cabo_Frio-Centro-apartamento-JR-3Q,Carteira 4,RJ,"Cabo Frio, RJ","Cabo Frio, RJ, Vila Nova",7,828,3294.28,103,3342.34,2025-10,0.375,0.4987,9,31,400.0,400.0,4,31,2025-10-27,0.99,2800.0,48.059999999999945,berlinda
RLZ0301,Florianopolis-Itacorubi-apartamento-TOP-2Q,Carteira 4,SC,"Florianópolis, SC","Florianópolis, SC, Itacorubi",1,125,2302.24,11,2647.24,2025-10,0.3667,0.3854,11,31,263.91,233.0,3,0,2025-10-27,0.87,263.91,345.0,berlinda
SMT0529,Salvador-Boca_do_Rio-apartamento-TOP-1Q,Carteira 2,BA,"Salvador, BA","Salvador, BA, Armação",0,181,1879.95,12,4206.32,2025-10,0.4194,0.7674,13,31,176.69,173.5,2,0,2025-10-27,0.45,0.0,2326.37,crítico
VAC0201,Barra_Velha-Tabuleiro-apartamento-SUP-2Q,Carteira 3,SC,"Barra Velha, SC","Barra Velha, SC, Itajuba",3,405,2027.88,75,1277.88,2025-10,0.6071,0.273,17,31,139.53,139.5,4,0,2025-10-27,1.59,418.59000000000003,-750.0,ok
VST028,Especial-VST-casa-TOP-1Q,Carteira 5,SC,"Anitápolis, SC","Anitápolis, SC, Rio dos Pinheiros",1,145,1910.8,45,2754.3,2025-10,0.2667,0.2088,8,31,307.63,160.0,3,0,2025-10-27,0.69,307.63,843.5000000000002,atenção
BCI1603,Recife-Boa_Viagem-apartamento-SUP-1Q,Carteira 2,PE,"Recife, PE","Recife, PE, Boa Viagem",2,26,4136.23,73,3805.41,2025-10,1.0,0.7983,29,31,162.59,,0,0,2025-10-27,1.09,325.18,-330.8199999999997,berlinda
BVE101,Florianopolis-Campeche-apartamento-SUP-2Q,Carteira 1,SC,"Florianópolis, SC","Florianópolis, SC, Campeche",3,527,3948.67,13,3346.03,2025-10,0.8571,0.5285,24,31,215.5,192.0,2,0,2025-10-27,1.18,646.5,-602.6399999999999,ok
CET802,Balneario_Camboriu-Centro-apartamento-SUP-3Q,Carteira 6,SC,"Balneário Camboriú, SC","Balneário Camboriú, SC, Centro",0,1335,7870.35,79,4235.1,2025-10,0.871,0.482,27,31,348.07,180.0,1,0,2025-10-27,1.86,0.0,-3635.25,ok
DNAG0706,Goiania-Central-apartamento-TOP-1Q,Carteira 1,GO,"Goiânia, GO","Goiânia, GO, Setor Bueno",7,154,1560.69,53,3116.1,2025-10,0.375,0.5687,9,31,188.56,150.0,3,0,2025-10-27,0.5,1319.92,1555.4099999999999,atenção
EAB203,Florianopolis-Ingleses_Norte-apartamento-SUP-2Q,Carteira 1,SC,"Florianópolis, SC","Florianópolis, SC, Ingleses do Rio Vermelho",31,1696,0.0,63,2335.8,2025-10,,0.3938,0,31,0.0,,0,0,2025-10-27,0.0,0.0,2335.8,crítico
EDF1501,Salvador-Ondina_Rio_Vermelho-apartamento-TOP-1Q,Carteira 2,BA,"Salvador, BA","Salvador, BA, Rio Vermelho",5,29,1910.12,44,3860.1,2025-10,0.5,0.6579,13,31,176.92,252.0,1,0,2025-10-27,0.49,884.5999999999999,1949.98,crítico
FUA0001,Ubatuba-Praia_do_Lazaro-apartamento-JR-1Q,Carteira 4,SP,"Ubatuba, SP","Ubatuba, SP, Lázaro Praia Domingos Dias",5,2,298.36,22,2055.82,2025-10,0.0769,0.4823,2,31,194.5,186.5,4,0,2025-10-27,0.15,972.5,1757.46,crítico
HMC0320,Sao_Paulo-Campo_Belo-apartamento-SUP-1Q,Carteira 4,SP,"São Paulo, SP","São Paulo, SP, Campo Belo",0,266,3660.98,59,3594.65,2025-10,0.8387,0.7502,26,31,169.08,130.0,1,0,2025-10-27,1.02,0.0,-66.32999999999993,berlinda
HRE0025,Ubatuba-Toninhas-apartamento-SUP-2Q,Carteira 4,SP,"Ubatuba, SP","Ubatuba, SP, Toninhas",2,324,4699.49,124,5534.63,2025-10,0.7586,0.6401,22,31,270.32,204.5,2,0,2025-10-27,0.85,540.64,835.1400000000003,berlinda
IFT1005,Itapema-Meia_Praia-Norte-apartamento-TOP-1Q,Carteira 6,SC,"Itapema, SC","Itapema, SC, Meia Praia",0,167,4387.91,20,2978.59,2025-10,0.9355,0.5085,29,31,179.0,,0,0,2025-10-27,1.47,0.0,-1409.3199999999997,ok
ILC3403,Especial-ILC-hotel-JR-1Q,Especial,SC,"Florianópolis, SC","Florianópolis, SC, Jurerê Internacional",0,1799,5871.52,16,7820.79,2025-10,0.6129,0.6145,19,31,378.84,270.0,3,0,2025-10-27,0.75,0.0,1949.2699999999995,atenção
IRE0022,Ubatuba-Praia_Grande-apartamento-SUP-2Q,Carteira 4,SP,"Ubatuba, SP","Ubatuba, SP, Praia Grande",1,246,5650.54,175,5463.34,2025-10,0.8,0.5599,24,31,259.58,183.5,2,6,2025-10-27,1.03,259.58,-187.19999999999982,berlinda
IRE021,Ubatuba-Praia_Grande-apartamento-SUP-2Q,Carteira 4,SP,"Ubatuba, SP","Ubatuba, SP, Praia Grande",5,602,2709.49,175,5463.34,2025-10,0.3846,0.5599,10,31,318.0,318.0,4,31,2025-10-27,0.5,1590.0,2753.8500000000004,crítico
JBM302,Florianopolis-Jurere_Tradicional-apartamento-SUP-1Q,Carteira 1,SC,"Florianópolis, SC","Florianópolis, SC, Jurerê",0,1940,4546.63,15,4356.75,2025-10,0.7742,0.5859,24,31,223.71,190.0,2,0,2025-10-27,1.04,0.0,-189.8800000000001,berlinda
JMA010,Florianopolis-Jurere_Longe-apartamento-JR-1Q,Carteira 1,SC,"Florianópolis, SC","Florianópolis, SC, Jurerê",0,456,1215.68,28,1581.17,2025-10,0.3871,0.4565,12,31,118.83,,0,0,2025-10-27,0.77,0.0,365.49,atenção
MFL1802,Goiania-Leste-apartamento-TOP-3Q,Carteira 1,GO,"Goiânia, GO","Goiânia, GO, Jardim Goiás",2,737,0.0,9,7658.5,2025-10,0.0,0.5897,0,31,0.0,818.0,4,31,2025-10-27,0.0,0.0,7658.5,crítico
MRD0061,Balneario_Camboriu-Centro-apartamento-SUP-3Q,Carteira 6,SC,"Balneário Camboriú, SC","Balneário Camboriú, SC, Centro",0,69,4071.23,79,4235.1,2025-10,0.5161,0.482,16,31,337.94,225.0,3,0,2025-10-27,0.96,0.0,163.87000000000035,berlinda
OGD0704,Florianopolis-Beira_Mar-apartamento-MASTER-1Q,Carteira 4,SC,"Florianópolis, SC","Florianópolis, SC, Centro",0,40,2710.22,30,4355.89,2025-10,0.4194,0.5881,13,31,284.46,264.5,2,0,2025-10-27,0.62,0.0,1645.6700000000005,atenção
PDA0736,Camaçari-Jacuipe-casa-SUP-5Q,Carteira 2,BA,"Camaçari, BA","Camaçari, BA, Barra do Jacuípe - Monte Gordo",8,663,3919.24,22,9150.5,2025-10,0.5217,0.4074,12,31,396.33,375.75,4,0,2025-10-27,0.43,3170.64,5231.26,crítico
PDN0113,Balneario_Camboriu-Longe-apartamento-TOP-1Q,Carteira 6,SC,"Balneário Camboriú, SC","Balneário Camboriú, SC, Nações",0,216,3866.11,115,2614.15,2025-10,0.871,0.4957,27,31,172.78,130.0,1,0,2025-10-27,1.48,0.0,-1251.96,ok
PSOA1007,Penha-Beto_Carrero-apartamento-SUP-1Q,Carteira 3,SC,"Penha, SC","Penha, SC, Armação",0,98,3447.44,18,2566.46,2025-10,0.7742,0.6596,24,31,165.96,148.5,4,0,2025-10-27,1.34,0.0,-880.98,ok
RBE0031,Florianopolis-UFSC-apartamento-SUP-2Q,Carteira 4,SC,"Florianópolis, SC","Florianópolis, SC, Trindade",0,405,2725.39,19,2661.35,2025-10,0.4516,0.581,14,31,244.36,199.5,4,0,2025-10-27,1.02,0.0,-64.03999999999996,berlinda
RHI206,Florianopolis-Canasvieiras_Meio-apartamento-SUP-1Q,Carteira 1,SC,"Florianópolis, SC","Florianópolis, SC, Canasvieiras",0,747,2812.42,31,2192.15,2025-10,0.7097,0.5547,22,31,162.73,,0,0,2025-10-27,1.28,0.0,-620.27,ok
RVL118,Bombinhas-Mariscal-casa-JR-2Q,Carteira 6,SC,"Bombinhas, SC","Bombinhas, SC, canto grande",0,1119,1882.73,13,1921.85,2025-10,0.6129,0.3131,19,31,124.74,,0,0,2025-10-27,0.98,0.0,39.11999999999989,berlinda
SPT0109,Blumenau-Central-apartamento-JR-1Q,Carteira 4,SC,"Blumenau, SC","Blumenau, SC, Itoupava Seca",0,565,5717.29,48,6119.8,2025-10,0.5484,0.5972,17,31,428.26,100.0,2,13,2025-10-27,0.93,0.0,402.5100000000002,berlinda
SPT0110,Blumenau-Central-apartamento-JR-1Q,Carteira 4,SC,"Blumenau, SC","Blumenau, SC, Itoupava Seca",0,565,4203.11,48,6119.8,2025-10,0.3548,0.5972,11,31,440.09,101.25,4,16,2025-10-27,0.69,0.0,1916.6900000000005,atenção
TRS0004,Penha-Beto_Carrero-casa-SUP-1Q,Carteira 3,SC,"Penha, SC","Penha, SC, Armação",1,133,3366.86,23,2348.45,2025-10,0.8667,0.6374,26,31,165.52,153.0,1,0,2025-10-27,1.43,165.52,-1018.4100000000003,ok
VDM303,Florianopolis-Canajure-apartamento-SUP-1Q,Carteira 1,SC,"Florianópolis, SC","Florianópolis, SC, Canasvieiras",0,171,2142.63,29,2919.75,2025-10,0.7097,0.5586,22,31,122.55,156.5,4,0,2025-10-27,0.73,0.0,777.1199999999999,atenção
VLA,Florianopolis-Santinho-apartamento-SUP-2Q,Carteira 1,SC,"Florianópolis, SC","Florianópolis, SC, Ingleses do Rio Vermelho",0,254,2713.67,13,1970.83,2025-10,0.6452,0.4455,20,31,171.05,,0,0,2025-10-27,1.38,0.0,-742.8400000000001,ok
VST011,Especial-VST-casa-TOP-1Q,Carteira 5,SC,"Anitápolis, SC","Anitápolis, SC, Rio dos Pinheiros",0,456,3604.71,45,2754.3,2025-10,0.6129,0.2088,19,31,229.95,160.0,3,0,2025-10-27,1.31,0.0,-850.4099999999999,ok
AQT0604,Itapema-Praia_Itapema-apartamento-TOP-3Q,Carteira 6,SC,"Itapema, SC","Itapema, SC, Morretes",9,91,3178.31,13,4503.3,2025-10,0.7273,0.5,16,31,227.0,,0,0,2025-10-27,0.71,2043.0,1324.9900000000002,atenção
LIV1605,Salvador-Graca-apartamento-TOP-1Q,Especial,BA,"Salvador, BA","Salvador, BA, Vitória",0,126,4786.33,12,2921.78,2025-10,0.9355,0.5466,29,31,206.34,,0,0,2025-10-27,1.64,0.0,-1864.5499999999997,ok
LLE0204,Itapema-Meia_Praia-Norte-apartamento-TOP-3Q,Carteira 6,SC,"Itapema, SC","Itapema, SC, Meia Praia",3,28,3875.58,12,4301.85,2025-10,0.6429,0.2952,18,31,279.61,,0,0,2025-10-27,0.9,838.83,426.27000000000044,berlinda
MAB0203,Florianopolis-Ingleses_Norte-apartamento-SUP-1Q,Carteira 1,SC,"Florianópolis, SC","Florianópolis, SC, Ingleses do Rio Vermelho",0,82,3735.9,52,1857.45,2025-10,0.9677,0.5342,30,31,154.8,180.0,1,0,2025-10-27,2.01,0.0,-1878.45,meta_subestimada
NBL0402,Porto_Alegre-Jardim_Botanico-apartamento-SUP-1Q,Carteira 4,RS,"Porto Alegre, RS","Porto Alegre, RS, Santa Cecília",0,671,995.14,63,2126.55,2025-10,0.2581,0.5301,8,31,144.63,130.0,2,0,2025-10-27,0.47,0.0,1131.4100000000003,crítico
NOR0203,Brasilia-Asa_Norte-apartamento-SUP-1Q,Carteira 1,DF,"Brasília, DF","Brasília, DF, Asa Norte",0,736,2916.38,93,3756.57,2025-10,0.5806,0.7516,18,31,312.6,,0,0,2025-10-27,0.78,0.0,840.19,atenção
NWT0613,Especial-NWT-apartamento-TOP-1Q,Carteira 5,AL,"Maceió, AL","Maceió, AL, Pajuçara",0,184,4992.64,34,5613.71,2025-10,0.7097,0.7261,22,31,263.43,,0,0,2025-10-27,0.89,0.0,621.0699999999997,berlinda
NWT0713,Especial-NWT-apartamento-TOP-1Q,Carteira 5,AL,"Maceió, AL","Maceió, AL, Pajuçara",0,149,4963.37,34,5613.71,2025-10,0.6452,0.7261,20,31,295.95,280.0,3,0,2025-10-27,0.88,0.0,650.3400000000001,berlinda
NWT1320,Especial-NWT-apartamento-TOP-1Q,Carteira 5,AL,"Maceió, AL","Maceió, AL, Pajuçara",1,41,6440.88,34,5613.71,2025-10,0.9333,0.7261,28,31,293.18,,0,0,2025-10-27,1.15,293.18,-827.1700000000001,ok
PRV1003,Salvador-Barra-apartamento-SUP-1Q,Carteira 2,BA,"Salvador, BA","Salvador, BA, Barra",1,356,3061.46,209,3347.82,2025-10,0.7,0.601,21,31,169.33,176.0,4,0,2025-10-27,0.91,169.33,286.3600000000001,berlinda
PSD301,Florianopolis-Jurere_Tradicional-apartamento-SIM-2Q,Carteira 1,SC,"Florianópolis, SC","Florianópolis, SC, Jurerê",3,1959,2863.92,14,1897.84,2025-10,0.8214,0.4639,23,31,157.35,,0,0,2025-10-27,1.51,472.04999999999995,-966.0800000000002,ok
PSO0802,Penha-Beto_Carrero-apartamento-SUP-1Q,Carteira 3,SC,"Penha, SC","Penha, SC, Praia de Armação do Itapocoroi",0,71,3856.02,18,2566.46,2025-10,0.871,0.6596,27,31,174.85,160.0,1,0,2025-10-27,1.5,0.0,-1289.56,ok
PTS0101,Florianopolis-Ingleses_Norte-apartamento-SUP-2Q,Carteira 1,SC,"Florianópolis, SC","Florianópolis, SC, Ingleses do Rio Vermelho",0,161,3099.22,63,2335.8,2025-10,0.6452,0.3938,20,31,190.6,,0,0,2025-10-27,1.33,0.0,-763.4199999999996,ok
SCE114,Brasilia-Asa_Norte-apartamento-SUP-1Q,Carteira 1,DF,"Brasília, DF","Brasília, DF, Asa Norte",1,565,2644.82,93,3756.57,2025-10,0.5333,0.7516,16,31,207.31,135.0,2,0,2025-10-27,0.7,207.31,1111.75,atenção
VGA1002,Itapema-Praia_Centro-apartamento-TOP-3Q,Carteira 6,SC,"Itapema, SC","Itapema, SC, Itapema",9,581,3352.31,8,3719.92,2025-10,0.7273,0.2951,16,31,295.13,,0,0,2025-10-27,0.9,2656.17,367.6100000000001,berlinda
VGZ0005,Imbituba-Praia_do_Rosa-casa-SUP-1Q,Carteira 6,SC,"Imbituba, SC","Imbituba, SC, Ibiraquera",2,589,2881.09,50,2553.81,2025-10,0.8621,0.2948,25,31,139.04,110.0,3,0,2025-10-27,1.13,278.08,-327.2800000000002,ok
VLR801,Florianopolis-Centrao-apartamento-JR-1Q,Carteira 4,SC,"Florianópolis, SC","Florianópolis, SC, Centro",3,1199,2206.19,68,2759.16,2025-10,0.6429,0.6039,18,31,138.78,117.0,1,0,2025-10-27,0.8,416.34000000000003,552.9699999999998,atenção
WBU2407,Goiania-Central-apartamento-TOP-1Q,Carteira 1,GO,"Goiânia, GO","Goiânia, GO, Setor Bueno",0,328,4201.94,53,3116.1,2025-10,0.7742,0.5687,24,31,204.58,,0,0,2025-10-27,1.35,0.0,-1085.8399999999997,ok
BLS1354,Goiania-Central-apartamento-SUP-1Q,Carteira 1,GO,"Goiânia, GO","Goiânia, GO, Setor Marista",0,173,2988.1,161,2721.7,2025-10,0.6774,0.6044,21,31,163.04,,0,0,2025-10-27,1.1,0.0,-266.4000000000001,berlinda
CAR0201,Florianopolis-Jurere_Tradicional-apartamento-SUP-2Q,Carteira 1,SC,"Florianópolis, SC","Florianópolis, SC, Jurerê",0,6,4513.67,27,3777.8,2025-10,0.8387,0.4779,26,31,218.81,,0,0,2025-10-27,1.19,0.0,-735.8699999999999,ok
CAR0206,Itajai-Centro-apartamento-JR-1Q,Carteira 6,SC,"Itajaí, SC","Itajaí, SC, Centro",3,132,1473.84,13,2072.05,2025-10,0.5,0.6563,14,31,126.11,,0,0,2025-10-27,0.71,378.33,598.2100000000003,atenção
CARA0501,Itapema-Praia_Centro-apartamento-SUP-2Q,Carteira 6,SC,"Itapema, SC","Itapema, SC, Tabuleiro dos Oliveiras",0,20,2754.15,19,2550.0,2025-10,0.7097,0.5336,22,31,163.58,180.0,1,0,2025-10-27,1.08,0.0,-204.1500000000001,berlinda
CEG0202,Florianopolis-Jurere_Longe-apartamento-SUP-1Q,Carteira 1,SC,"Florianópolis, SC","Florianópolis, SC, Jurerê",7,492,2374.02,16,3040.24,2025-10,0.75,0.4573,18,31,151.44,,0,0,2025-10-27,0.78,1060.08,666.2199999999998,atenção
DNL0602,Itapema-Meia_Praia-Norte-apartamento-MASTER-2Q,Carteira 6,SC,"Itapema, SC","Itapema, SC, Meia Praia",9,300,5708.55,12,4301.85,2025-10,0.8636,0.2952,19,31,331.41,305.0,4,0,2025-10-27,1.33,2982.69,-1406.6999999999998,ok
ILC3413,Especial-ILC-hotel-JR-1Q,Especial,SC,"Florianópolis, SC","Florianópolis, SC, Jurerê Internacional",3,1940,5050.94,16,7820.79,2025-10,0.6071,0.6145,17,31,382.94,500.0,2,8,2025-10-27,0.65,1148.82,2769.8500000000004,atenção
JBA202,Florianopolis-Jurere_Tradicional-apartamento-JR-2Q,Carteira 1,SC,"Florianópolis, SC","Florianópolis, SC, Jurerê Internacional",0,1940,2480.5,18,3833.79,2025-10,0.5484,0.4718,17,31,174.35,,0,0,2025-10-27,0.65,0.0,1353.29,atenção
LHG1603,Goiania-Central-2-apartamento-SUP-1Q,Carteira 1,GO,"Goiânia, GO","Goiânia, GO, Setor Oeste",2,341,3277.29,40,3067.14,2025-10,0.6552,0.531,19,31,209.47,,0,4,2025-10-27,1.07,418.94,-210.1500000000001,berlinda
NWT0716,Especial-NWT-apartamento-TOP-1Q,Carteira 5,AL,"Maceió, AL","Maceió, AL, Pajuçara",1,7,6719.3,34,5613.71,2025-10,0.8,0.7261,24,31,280.62,280.0,3,0,2025-10-27,1.2,280.62,-1105.5900000000001,ok
NWT1316,Especial-NWT-apartamento-MASTER-1Q,Carteira 5,AL,"Maceió, AL","Maceió, AL, Pajuçara",0,337,7768.23,28,7169.93,2025-10,0.8387,0.7888,26,31,430.19,405.0,1,0,2025-10-27,1.08,0.0,-598.2999999999993,berlinda
OSH,Florianopolis-Jurere_Internacional-apartamento-TOP-2Q,Carteira 1,SC,"Florianópolis, SC","Florianópolis, SC, Jurerê Internacional",0,252,5842.23,22,7616.02,2025-10,0.7097,0.5983,22,31,321.82,,0,0,2025-10-27,0.77,0.0,1773.7900000000009,atenção
RAH1019,Florianopolis-Centrao-apartamento-JR-1Q,Carteira 4,SC,"Florianópolis, SC","Florianópolis, SC, Centro",0,216,2930.17,68,2759.16,2025-10,0.8387,0.6039,26,31,139.69,104.0,1,0,2025-10-27,1.06,0.0,-171.01000000000022,berlinda
SOT0303,Florianopolis-Jurere_Tradicional-apartamento-TOP-1Q,Carteira 1,SC,"Florianópolis, SC","Florianópolis, SC, Jurerê",1,232,3627.32,16,4831.55,2025-10,0.7,0.6121,21,31,228.48,234.0,3,0,2025-10-27,0.75,228.48,1204.23,atenção
TCO1117,Porto_Alegre-Centro_Historico-apartamento-SUP-1Q,Carteira 4,RS,"Porto Alegre, RS","Porto Alegre, RS, Centro Histórico",1,399,3008.32,87,2119.74,2025-10,0.9333,0.5817,28,31,133.64,120.0,2,0,2025-10-27,1.42,133.64,-888.5800000000004,ok
TXP0609,Goiania-Central-apartamento-SUP-1Q,Carteira 1,GO,"Goiânia, GO","Goiânia, GO, Setor Bueno",2,730,1468.97,161,2721.7,2025-10,0.5862,0.6044,17,31,159.06,,0,0,2025-10-27,0.54,318.12,1252.7299999999998,atenção
UPS1002,Porto_Belo-Geral-apartamento-JR-3Q,Carteira 6,SC,"Porto Belo, SC","Porto Belo, SC, Perequê",11,68,1241.25,21,2445.78,2025-10,0.45,0.4038,9,31,179.56,125.0,3,0,2025-10-27,0.51,1975.16,1204.5300000000002,atenção
VTD0302,Florianopolis-UFSC-apartamento-SUP-1Q,Carteira 4,SC,"Florianópolis, SC","Florianópolis, SC, Trindade",1,106,2203.57,44,2740.41,2025-10,0.4667,0.6164,14,31,192.29,,0,17,2025-10-27,0.8,192.29,536.8399999999997,berlinda
BOU201,Florianopolis-Canasvieiras_Meio-apartamento-SIM-1Q,Carteira 1,SC,"Florianópolis, SC","Florianópolis, SC, Canasvieiras",1,1667,1273.33,29,1132.2,2025-10,0.5,0.3823,15,31,109.33,118.5,4,0,2025-10-27,1.12,109.33,-141.12999999999988,ok
CCM004,Bombinhas-Mariscal-casa-JR-3Q,Carteira 6,SC,"Bombinhas, SC","Bombinhas, SC, Canto Grande",1,1401,3452.39,25,2043.83,2025-10,0.8667,0.3349,26,31,157.96,,0,0,2025-10-27,1.69,157.96,-1408.56,ok
CDV042,Ubatuba-Estufa-apartamento-JR-2Q,Carteira 4,SP,"Ubatuba, SP","Ubatuba, SP, Estufa II",1,768,2279.5,14,3187.88,2025-10,0.6667,0.5457,20,31,147.8,127.5,4,0,2025-10-27,0.72,147.8,908.3800000000001,atenção
CLR314,Brasilia-Vila_Planalto-apartamento-SUP-1Q,Carteira 1,DF,"Brasília, DF","Brasília, DF, Asa Norte",1,610,5455.59,71,4913.85,2025-10,0.8333,0.6534,25,31,303.52,204.0,2,0,2025-10-27,1.11,303.52,-541.7399999999998,ok
EKO0008,Camaçari-Itacimirim-apartamento-SUP-2Q,Carteira 2,BA,"Camaçari, BA","Camaçari, BA, Santa Maria",2,40,2347.1,25,3503.7,2025-10,0.4483,0.4649,13,31,230.92,288.0,1,0,2025-10-27,0.67,461.84,1156.6,atenção
ELM701,Balneario_Camboriu-Intermediario-apartamento-JR-3Q,Carteira 6,SC,"Balneário Camboriú, SC","Balneário Camboriú, SC, Centro",5,763,3250.95,19,4318.85,2025-10,0.8077,0.5631,21,31,211.86,,0,0,2025-10-27,0.75,1059.3000000000002,1067.9000000000005,atenção
EVA1005,Florianopolis-Centrao-apartamento-JR-1Q,Carteira 4,SC,"Florianópolis, SC","Florianópolis, SC, Centro",1,352,3098.18,68,2759.16,2025-10,0.8667,0.6039,26,31,148.04,90.0,1,0,2025-10-27,1.12,148.04,-339.02,ok
GEN0102,Balneario_Camboriu-Longe-apartamento-JR-2Q,Carteira 6,SC,"Balneário Camboriú, SC","Balneário Camboriú, SC, Nações",0,100,2965.22,21,2182.03,2025-10,0.6774,0.4945,21,31,175.67,134.75,4,0,2025-10-27,1.36,0.0,-783.1899999999996,ok
JBM202,Florianopolis-Jurere_Tradicional-apartamento-TOP-1Q,Carteira 1,SC,"Florianópolis, SC","Florianópolis, SC, Jurerê",2,1940,3715.0,16,4831.55,2025-10,0.7931,0.6121,23,31,198.78,211.0,3,0,2025-10-27,0.77,397.56,1116.5500000000002,atenção
JBV152,Especial-JBV-hotel-TOP-1Q,Especial,SC,"Florianópolis, SC","Florianópolis, SC, Jurerê",0,1090,10927.45,32,10019.61,2025-10,0.9677,0.8219,30,31,457.17,,0,0,2025-10-27,1.09,0.0,-907.8400000000001,berlinda
JBV265,Especial-JBV-hotel-JR-1Q,Especial,SC,"Florianópolis, SC","Florianópolis, SC, Jurerê",0,1896,7910.91,25,7692.08,2025-10,0.9032,0.6447,28,31,343.29,276.0,3,0,2025-10-27,1.03,0.0,-218.82999999999993,berlinda
JDE792,Florianopolis-Campeche-casa-SUP-3Q,Carteira 1,SC,"Florianópolis, SC","Florianópolis, SC, Campeche",11,455,5037.28,18,3469.64,2025-10,0.85,0.4035,17,31,364.53,,0,0,2025-10-27,1.45,4009.83,-1567.6399999999999,ok
MHFA0605,Itapema-Canto_Praia-apartamento-SUP-1Q,Carteira 5,SC,"Itapema, SC","Itapema, SC, Centro",0,343,3315.84,11,1766.45,2025-10,0.8065,0.415,25,31,161.88,141.5,2,0,2025-10-27,1.88,0.0,-1549.39,ok
MPK0119,Brasilia-Asa_Sul-apartamento-JR-1Q,Carteira 1,DF,"Brasília, DF","Brasília, DF, Asa Sul",0,369,3913.16,221,3077.9,2025-10,0.8065,0.7185,25,31,184.96,199.5,2,0,2025-10-27,1.27,0.0,-835.2599999999998,ok
NWT0313,Especial-NWT-apartamento-TOP-1Q,Carteira 5,AL,"Maceió, AL","Maceió, AL, Pajuçara",9,348,3548.84,34,5613.71,2025-10,0.5909,0.7261,13,31,324.85,,0,0,2025-10-27,0.63,2923.65,2064.87,atenção
NWT0923,Especial-NWT-apartamento-TOP-1Q,Carteira 5,AL,"Maceió, AL","Maceió, AL, Pajuçara",1,190,3527.22,34,5613.71,2025-10,0.5333,0.7261,16,31,255.94,250.0,2,0,2025-10-27,0.63,255.94,2086.4900000000002,atenção
PRJ003,Imbituba-Praia_do_Rosa-casa-SIM-1Q,Carteira 6,SC,"Imbituba, SC","Imbituba, SC, Ibiraquera",0,1210,218.04,49,1294.42,2025-10,0.0968,0.3214,3,31,90.0,90.0,4,0,2025-10-27,0.17,0.0,1076.38,crítico
RFY0025,Florianopolis-Itacorubi-apartamento-SUP-2Q,Carteira 4,SC,"Florianópolis, SC","Florianópolis, SC, Itacorubi",0,173,3636.99,14,4358.35,2025-10,0.6774,0.5169,21,31,206.43,140.0,2,0,2025-10-27,0.83,0.0,721.3600000000006,berlinda
SFR0301,Bombinhas-Centro-apartamento-SUP-1Q,Carteira 6,SC,"Bombinhas, SC","Bombinhas, SC, Centro",0,6,3109.83,32,2630.32,2025-10,0.7419,0.5814,23,31,162.22,120.0,2,0,2025-10-27,1.18,0.0,-479.50999999999976,ok
TCO1106,Porto_Alegre-Centro_Historico-apartamento-SUP-1Q,Carteira 4,RS,"Porto Alegre, RS","Porto Alegre, RS, Centro Histórico",4,366,2215.7,87,2119.74,2025-10,0.7778,0.5817,21,31,130.38,120.0,3,0,2025-10-27,1.05,521.52,-95.96000000000004,berlinda
TPS201,Florianopolis-Canasvieiras_Meio-apartamento-TOP-1Q,Carteira 1,SC,"Florianópolis, SC","Florianópolis, SC, Canasvieiras",0,895,4665.86,29,2888.12,2025-10,0.8387,0.6699,26,31,196.3,199.0,1,0,2025-10-27,1.62,0.0,-1777.7399999999998,ok
TPS208,Florianopolis-Canasvieiras_Meio-apartamento-TOP-1Q,Carteira 1,SC,"Florianópolis, SC","Florianópolis, SC, Canasvieiras",0,999,3541.15,29,2888.12,2025-10,0.871,0.6699,27,31,167.26,,0,0,2025-10-27,1.23,0.0,-653.0300000000002,ok
UML0103,Bombinhas-Mariscal-apartamento-TOP-2Q,Carteira 6,SC,"Bombinhas, SC","Bombinhas, SC, Mariscal",1,454,3227.34,19,1909.95,2025-10,0.7,0.2804,21,31,181.67,140.0,2,0,2025-10-27,1.69,181.67,-1317.39,ok
VGZ0001,Imbituba-Praia_do_Rosa-casa-SUP-1Q,Carteira 6,SC,"Imbituba, SC","Imbituba, SC, Ibiraquera",1,589,3249.69,50,2553.81,2025-10,0.8,0.2948,24,31,164.5,110.0,2,0,2025-10-27,1.27,164.5,-695.8800000000001,ok
VIM0602,Itapema-Praia_Itapema-apartamento-TOP-3Q,Carteira 6,SC,"Itapema, SC","Itapema, SC, Andorinha",5,147,3994.21,13,4503.3,2025-10,0.7308,0.5,19,31,268.79,,0,0,2025-10-27,0.89,1343.95,509.09000000000015,berlinda
BCL0507,Ilheus-Pontal-apartamento-SUP-2Q,Carteira 2,BA,"Ilhéus, BA","Ilhéus, BA, Pontal",2,392,3792.08,31,2968.41,2025-10,0.6552,0.4727,19,31,245.32,,0,0,2025-10-27,1.28,490.64,-823.6700000000001,ok
CVY0306,Cabo_Frio-Centro-apartamento-JR-3Q,Carteira 4,RJ,"Cabo Frio, RJ","Cabo Frio, RJ, Vila Nova",4,97,3606.43,103,3342.34,2025-10,0.6296,0.4987,17,31,253.47,,0,0,2025-10-27,1.08,1013.88,-264.0899999999997,berlinda
DLH0206,Gramado-Centro-apartamento-TOP-1Q,Carteira 4,RS,"Gramado, RS","Gramado, RS, Centro",0,490,7367.81,28,4601.69,2025-10,0.8387,0.5834,26,31,312.33,,0,0,2025-10-27,1.6,0.0,-2766.120000000001,ok
EAC1304,Balneario_Camboriu-Centro-apartamento-JR-1Q,Carteira 6,SC,"Balneário Camboriú, SC","Balneário Camboriú, SC, Centro",0,702,3584.65,33,1673.02,2025-10,0.9032,0.5533,28,31,147.25,,0,0,2025-10-27,2.14,0.0,-1911.63,meta_subestimada
IBI307,Florianopolis-Jurere_Internacional-apartamento-TOP-1Q,Carteira 1,SC,"Florianópolis, SC","Florianópolis, SC, Jurerê Internacional",0,1421,5007.87,38,3831.51,2025-10,0.8065,0.5039,25,31,243.88,,0,0,2025-10-27,1.31,0.0,-1176.3599999999997,ok
IFT0808,Itapema-Meia_Praia-Norte-apartamento-TOP-1Q,Carteira 6,SC,"Itapema, SC","Itapema, SC, Meia Praia",0,138,4575.05,20,2978.59,2025-10,0.9677,0.5085,30,31,196.53,,0,0,2025-10-27,1.54,0.0,-1596.46,ok
ILC2505,Especial-ILC-hotel-TOP-1Q,Especial,SC,"Florianópolis, SC","Florianópolis, SC, Jurerê Internacional",0,1251,10488.93,28,10019.61,2025-10,0.7742,0.8614,24,31,518.5,381.0,3,0,2025-10-27,1.05,0.0,-469.3199999999997,berlinda
ILC3209,Especial-ILC-hotel-TOP-1Q,Especial,SC,"Florianópolis, SC","Florianópolis, SC, Jurerê Internacional",0,1414,11163.03,28,10019.61,2025-10,0.9355,0.8614,29,31,493.86,,0,0,2025-10-27,1.11,0.0,-1143.42,ok
ILC3415,Especial-ILC-hotel-TOP-1Q,Especial,SC,"Florianópolis, SC","Florianópolis, SC, Jurerê Internacional",3,1940,8330.17,28,10019.61,2025-10,0.7857,0.8614,22,31,469.05,500.0,2,6,2025-10-27,0.83,1407.15,1689.4400000000005,berlinda
MHFA0506,Itapema-Canto_Praia-apartamento-SUP-1Q,Carteira 5,SC,"Itapema, SC","Itapema, SC, Centro",0,425,3097.44,11,1766.45,2025-10,0.8065,0.415,25,31,148.44,,0,0,2025-10-27,1.75,0.0,-1330.99,ok
MUT0054,Santa_Cruz_Cabralia-Coroa_Vermelha-apartamento-SUP-3Q,Carteira 2,BA,"Santa Cruz Cabrália, BA","Santa Cruz Cabrália, BA, Coroa Vermelha",0,127,8556.96,28,4108.9,2025-10,0.871,0.4728,27,31,407.63,,0,0,2025-10-27,2.08,0.0,-4448.0599999999995,meta_subestimada
NWT0420,Especial-NWT-apartamento-TOP-1Q,Carteira 5,AL,"Maceió, AL","Maceió, AL, Pajuçara",0,335,5152.77,34,5613.71,2025-10,0.7097,0.7261,22,31,277.73,280.0,4,0,2025-10-27,0.92,0.0,460.9399999999996,berlinda
NWT0618,Especial-NWT-apartamento-TOP-1Q,Carteira 5,AL,"Maceió, AL","Maceió, AL, Pajuçara",1,184,6065.42,34,5613.71,2025-10,0.9,0.7261,27,31,267.19,,0,0,2025-10-27,1.08,267.19,-451.71000000000004,berlinda
NWT0705,Especial-NWT-apartamento-TOP-1Q,Carteira 5,AL,"Maceió, AL","Maceió, AL, Pajuçara",0,118,3594.72,34,5613.71,2025-10,0.4839,0.7261,15,31,280.2,280.0,1,0,2025-10-27,0.64,0.0,2018.9900000000002,atenção
ONX1411,Goiania-Central-apartamento-JR-1Q,Carteira 1,GO,"Goiânia, GO","Goiânia, GO, Setor Bueno",0,447,3146.98,77,2646.9,2025-10,0.7097,0.5971,22,31,166.5,,0,0,2025-10-27,1.19,0.0,-500.0799999999999,ok
PTA0104,Cabedelo-Intermares-apartamento-SUP-2Q,Carteira 2,PB,"Cabedelo, PB","Cabedelo, PB, Intermares",1,331,2414.43,43,3513.43,2025-10,0.7333,0.654,22,31,133.09,,0,0,2025-10-27,0.69,133.09,1099.0,atenção
RRB0202,Florianopolis-Canasvieiras_Perto-apartamento-JR-1Q,Carteira 1,SC,"Florianópolis, SC","Florianópolis, SC, Canasvieiras",3,371,2200.48,31,1703.19,2025-10,0.7143,0.4168,20,31,137.7,132.0,1,0,2025-10-27,1.29,413.09999999999997,-497.28999999999996,ok
SBG003,Ubatuba-Praia_Grande-apartamento-JR-2Q,Carteira 4,SP,"Ubatuba, SP","Ubatuba, SP, Praia Grande",7,630,990.51,199,4335.0,2025-10,0.25,0.5717,6,31,193.83,245.75,4,1,2025-10-27,0.23,1356.8100000000002,3344.49,crítico
SCO0012,Florianopolis-Campeche-apartamento-JR-1Q,Carteira 1,SC,"Florianópolis, SC","Florianópolis, SC, Campeche",0,188,2838.81,24,1160.82,2025-10,0.9032,0.4803,28,31,128.71,140.0,1,0,2025-10-27,2.45,0.0,-1677.99,meta_subestimada
VGZ0007,Imbituba-Praia_do_Rosa-casa-SUP-1Q,Carteira 6,SC,"Imbituba, SC","Imbituba, SC, Ibiraquera",2,589,2528.97,50,2553.81,2025-10,0.7586,0.2948,22,31,146.41,110.0,3,0,2025-10-27,0.99,292.82,24.840000000000146,berlinda
VLE003,Bombinhas-Mariscal-apartamento-JR-2Q,Carteira 6,SC,"Bombinhas, SC","Bombinhas, SC, Mariscal",0,1463,0.0,28,2236.75,2025-10,0.0,0.4398,0,31,0.0,198.0,4,31,2025-10-27,0.0,0.0,2236.75,crítico
ACT029,Brasilia-Vila_Planalto-casa-SUP-3Q,Carteira 1,DF,"Brasília, DF","Brasília, DF, Vila Planalto",8,457,8626.7,7,7299.38,2025-10,0.7826,0.6507,18,31,552.11,,0,0,2025-10-27,1.18,4416.88,-1327.3200000000006,ok
BCA0211,Salvador-Ondina_Rio_Vermelho-apartamento-TOP-1Q,Carteira 2,BA,"Salvador, BA","Salvador, BA, Ondina",0,139,4187.54,44,3860.1,2025-10,0.7419,0.6579,23,31,228.83,158.0,1,0,2025-10-27,1.08,0.0,-327.44000000000005,berlinda
BSO0102,Itajai-Praia_Brava-apartamento-SUP-1Q,Carteira 6,SC,"Balneário Camboriú, SC","Balneário Camboriú, SC, Praia dos Amores",0,167,2851.98,55,2564.51,2025-10,0.7419,0.5263,23,31,157.09,136.0,4,0,2025-10-27,1.11,0.0,-287.4699999999998,ok
CEO0104,Itapema-Meia_Praia-Norte-apartamento-JR-3Q,Carteira 6,SC,"Itapema, SC","Itapema, SC, Meia Praia",10,531,2516.99,10,2160.62,2025-10,0.9524,0.3649,20,31,165.7,,0,0,2025-10-27,1.16,1657.0,-356.3699999999999,ok
CSCD0013,Florianopolis-Ingleses_Norte-apartamento-SIM-1Q,Carteira 1,SC,"Florianópolis, SC","Florianópolis, SC, Ingleses do Rio Vermelho",0,1317,2218.52,22,1920.47,2025-10,0.5484,0.6185,17,31,151.47,143.75,4,0,2025-10-27,1.16,0.0,-298.04999999999995,ok
DLH0201,Gramado-Centro-apartamento-TOP-2Q,Carteira 4,RS,"Gramado, RS","Gramado, RS, Centro",1,365,8297.13,53,5324.65,2025-10,0.7333,0.5115,22,31,449.14,345.0,1,0,2025-10-27,1.56,449.14,-2972.4799999999996,ok
EEP1102,Guarapari-Centro-apartamento-SUP-1Q,Carteira 4,ES,"Guarapari, ES","Guarapari, ES, São Judas Tadeu",0,82,3744.65,34,2863.3,2025-10,0.9032,0.6846,28,31,155.25,,0,0,2025-10-27,1.31,0.0,-881.3499999999999,ok
GUA1902,Balneario_Camboriu-Centro-apartamento-TOP-3Q,Carteira 6,SC,"Balneário Camboriú, SC","Balneário Camboriú, SC, Centro",13,23,4768.17,34,6587.28,2025-10,0.8333,0.5267,15,31,408.47,200.0,1,0,2025-10-27,0.72,5310.110000000001,1819.1099999999997,atenção
LEC0107,Brasilia-Asa_Sul-apartamento-SUP-1Q,Carteira 1,DF,"Brasília, DF","Brasília, DF, Setor Sudoeste",16,111,1946.58,121,4038.99,2025-10,0.7333,0.7987,11,31,211.36,209.0,1,0,2025-10-27,0.48,3381.76,2092.41,crítico
LFH0306,Blumenau-Central-apartamento-JR-1Q,Carteira 4,SC,"Blumenau, SC","Blumenau, SC, Escola Agrícola",0,37,5501.08,48,6119.8,2025-10,0.6452,0.5972,20,31,322.0,100.0,4,0,2025-10-27,0.9,0.0,618.7200000000003,berlinda
NLUG0001,São_Miguel_dos_Milagres-Geral-casa-TOP-3Q,Carteira 2,AL,"Passo de Camaragibe, AL","Passo de Camaragibe, AL, Praia do Marceneiro",4,243,8269.94,21,9000.62,2025-10,0.5926,0.6561,16,31,614.06,3200.0,1,5,2025-10-27,0.92,2456.24,730.6800000000003,berlinda
NWT0913,Especial-NWT-apartamento-TOP-1Q,Carteira 5,AL,"Maceió, AL","Maceió, AL, Pajuçara",0,183,6105.12,34,5613.71,2025-10,0.871,0.7261,27,31,272.56,250.0,1,0,2025-10-27,1.09,0.0,-491.40999999999985,berlinda
NWT0917,Especial-NWT-apartamento-TOP-1Q,Carteira 5,AL,"Maceió, AL","Maceió, AL, Pajuçara",0,190,4612.67,34,5613.71,2025-10,0.6452,0.7261,20,31,259.45,250.0,2,0,2025-10-27,0.82,0.0,1001.04,berlinda
PNM0202,Florianopolis-Jurere_Internacional-apartamento-SUP-1Q,Carteira 1,SC,"Florianópolis, SC","Florianópolis, SC, Jurerê Internacional",0,251,3238.41,18,2418.53,2025-10,0.5484,0.3632,17,31,215.24,196.0,2,0,2025-10-27,1.34,0.0,-819.8799999999997,ok
RMI201,Florianopolis-Ingleses_Praia-apartamento-SUP-1Q,Carteira 1,SC,"Florianópolis, SC","Florianópolis, SC, Ingleses Norte",0,1147,3538.09,37,2408.79,2025-10,0.7742,0.4799,24,31,198.54,,0,0,2025-10-27,1.47,0.0,-1129.3000000000002,ok
SJE0103,Florianopolis-Canajure-apartamento-SUP-1Q,Carteira 1,SC,"Florianópolis, SC","Florianópolis, SC, Canasvieiras",0,344,2244.12,29,2919.75,2025-10,0.7097,0.5586,22,31,142.95,140.0,2,0,2025-10-27,0.77,0.0,675.6300000000001,atenção
SPT0301,Blumenau-Central-apartamento-JR-1Q,Carteira 4,SC,"Blumenau, SC","Blumenau, SC, Itoupava Seca",0,503,5451.35,48,6119.8,2025-10,0.5161,0.5972,16,31,401.56,101.25,4,16,2025-10-27,0.89,0.0,668.4499999999998,berlinda
TAH0602,Itapema-Meia_Praia-Norte-apartamento-JR-3Q,Carteira 6,SC,"Itapema, SC","Itapema, SC, Meia Praia",6,132,3615.99,10,2160.62,2025-10,0.96,0.3649,24,31,187.08,,0,0,2025-10-27,1.67,1122.48,-1455.37,ok
VGC0005,Mata_de_Sao_Joao-Praia_do_Forte-apartamento-JR-1Q,Carteira 2,BA,"Mata de São João, BA","Mata de São João, BA, Praia do Forte",0,287,1694.0,34,3025.94,2025-10,0.3548,0.441,11,31,179.55,198.0,2,0,2025-10-27,0.56,0.0,1331.94,atenção
VTL0302,Ilheus-Sul-apartamento-SUP-2Q,Carteira 2,BA,"Ilhéus, BA","Ilhéus, BA, Nossa Senhora da Vitória",4,299,2582.78,24,3158.2,2025-10,0.7037,0.5022,19,31,175.79,149.25,4,0,2025-10-27,0.82,703.16,575.4199999999996,berlinda
ACL0303,Florianopolis-Ingleses_Centro-apartamento-JR-2Q,Carteira 1,SC,"Florianópolis, SC","Florianópolis, SC, Ingleses do Rio Vermelho",0,282,1776.59,21,1504.5,2025-10,0.5161,0.4685,16,31,125.31,133.5,4,0,2025-10-27,1.18,0.0,-272.0899999999999,ok
CEV1206,Balneario_Camboriu-Centro-apartamento-JR-1Q,Carteira 6,SC,"Balneário Camboriú, SC","Balneário Camboriú, SC, Centro",2,23,2664.61,33,1673.02,2025-10,0.7931,0.5533,23,31,162.5,,0,0,2025-10-27,1.59,325.0,-991.5900000000001,ok
DRL0207,Bombinhas-Centro-apartamento-TOP-2Q,Carteira 6,SC,"Bombinhas, SC","Bombinhas, SC, Centro",1,456,5208.36,27,3801.63,2025-10,0.9667,0.3509,29,31,226.1,,0,0,2025-10-27,1.37,226.1,-1406.7299999999996,ok
JMA011,Florianopolis-Jurere_Longe-apartamento-JR-1Q,Carteira 1,SC,"Florianópolis, SC","Florianópolis, SC, Jurerê",0,456,1308.66,28,1581.17,2025-10,0.4516,0.4565,14,31,126.86,110.0,3,0,2025-10-27,0.83,0.0,272.51,berlinda
JSR112,Florianopolis-Jurere_Tradicional-apartamento-SUP-1Q,Carteira 1,SC,"Florianópolis, SC","Florianópolis, SC, Jurerê",5,1766,3328.93,15,4356.75,2025-10,0.8846,0.5859,23,31,171.87,150.0,2,0,2025-10-27,0.76,859.35,1027.8200000000002,atenção
LIV1712,Salvador-Graca-apartamento-TOP-1Q,Especial,BA,"Salvador, BA","Salvador, BA, Vitória",3,15,3624.55,12,2921.78,2025-10,0.8214,0.5466,23,31,202.43,,0,6,2025-10-27,1.24,607.29,-702.77,ok
MHF1902,Itapema-Canto_Praia-apartamento-TOP-2Q,Carteira 5,SC,"Itapema, SC","Itapema, SC, Centro",0,449,4655.94,10,2671.81,2025-10,0.6774,0.2867,21,31,265.0,197.0,3,0,2025-10-27,1.74,0.0,-1984.1299999999997,ok
MMD0405,Ilheus-Sul-apartamento-TOP-1Q,Carteira 2,BA,"Ilhéus, BA","Ilhéus, BA, São Francisco",0,121,3980.59,25,3347.98,2025-10,0.8065,0.5184,25,31,185.89,130.0,1,0,2025-10-27,1.19,0.0,-632.6100000000001,ok
NWT0619,Especial-NWT-apartamento-TOP-1Q,Carteira 5,AL,"Maceió, AL","Maceió, AL, Pajuçara",0,184,6571.96,34,5613.71,2025-10,0.9032,0.7261,28,31,279.64,,0,0,2025-10-27,1.17,0.0,-958.25,ok
NWTB0607,Especial-NWT-apartamento-MASTER-1Q,Carteira 5,AL,"Maceió, AL","Maceió, AL, Pajuçara",1,175,7673.78,28,7169.93,2025-10,0.7333,0.7888,22,31,447.36,401.25,4,0,2025-10-27,1.07,447.36,-503.84999999999945,berlinda
PSD202,Florianopolis-Jurere_Tradicional-apartamento-JR-1Q,Carteira 1,SC,"Florianópolis, SC","Florianópolis, SC, Jurerê",5,1959,1794.03,14,1897.84,2025-10,0.6154,0.4698,16,31,147.31,286.0,1,0,2025-10-27,0.95,736.55,103.80999999999995,berlinda
RJI022,Ubatuba-Itagua-apartamento-JR-2Q,Carteira 4,SP,"Ubatuba, SP","Ubatuba, SP, Itaguá",0,723,2611.62,142,2666.95,2025-10,0.5806,0.5265,18,31,189.89,165.5,4,0,2025-10-27,0.98,0.0,55.32999999999993,berlinda
SHR5231,Florianopolis-Novo_Campeche-apartamento-TOP-3Q,Carteira 1,SC,"Florianópolis, SC","Florianópolis, SC, Campeche",9,78,5427.0,16,6213.71,2025-10,0.9091,0.5449,20,31,328.2,280.0,1,0,2025-10-27,0.87,2953.7999999999997,786.71,berlinda
SPT0507,Blumenau-Central-apartamento-JR-1Q,Carteira 4,SC,"Blumenau, SC","Blumenau, SC, Itoupava Seca",0,470,6184.05,48,6119.8,2025-10,0.5484,0.5972,17,31,515.82,101.25,4,14,2025-10-27,1.01,0.0,-64.25,berlinda
ATP0006,Porto_Seguro-Pitinga-casa-SUP-4Q,Carteira 2,BA,"Porto Seguro, BA","Porto Seguro, BA, Arraial dAjuda",11,308,7102.41,12,7828.43,2025-10,0.75,0.4583,15,31,685.6,513.0,2,0,2025-10-27,0.91,7541.6,726.0200000000004,berlinda
BCA1409,Salvador-Ondina_Rio_Vermelho-apartamento-TOP-1Q,Carteira 2,BA,"Salvador, BA","Salvador, BA, Ondina",0,296,5081.12,44,3860.1,2025-10,0.871,0.6579,27,31,246.22,183.0,1,0,2025-10-27,1.32,0.0,-1221.02,ok
BFT3207,Goiania-Leste-apartamento-SUP-1Q,Carteira 1,GO,"Goiânia, GO","Goiânia, GO, Jardim Goiás",1,741,2739.02,76,2650.3,2025-10,0.7,0.5845,21,31,158.33,145.75,4,0,2025-10-27,1.03,158.33,-88.7199999999998,berlinda
BVA0303,Sao_Paulo-Republica-apartamento-SUP-2Q,Carteira 4,SP,"São Paulo, SP",Sao_Paulo-Republica,1,26,3790.85,47,5140.71,2025-10,0.8333,0.7345,25,31,189.36,,0,0,2025-10-27,0.74,189.36,1349.8600000000001,atenção
CGF135,Sao_Paulo-Republica-apartamento-TOP-1Q,Carteira 4,SP,"São Paulo, SP","São Paulo, SP, Bela Vista",1,544,2290.59,102,4032.47,2025-10,0.5333,0.6525,16,31,156.75,140.0,3,0,2025-10-27,0.57,156.75,1741.8799999999997,atenção
CNA014,Especial-CNA-casa-MASTER-1Q,Especial,SP,"Campos do Jordão, SP","Campos do Jordão, SP, Jardim Europa",0,985,12825.39,25,9245.88,2025-10,0.7742,0.485,24,31,653.5,,0,6,2025-10-27,1.39,0.0,-3579.51,ok
CPJ504,Florianopolis-Jurere_Internacional-apartamento-SUP-2Q,Carteira 1,SC,"Florianópolis, SC","Florianópolis, SC, Jurerê Internacional",0,170,4226.77,17,3601.03,2025-10,0.7419,0.3488,23,31,201.17,349.0,1,0,2025-10-27,1.17,0.0,-625.7400000000002,ok
CRI0301,Florianopolis-Ribeirao-apartamento-TOP-1Q,Carteira 4,SC,"Florianópolis, SC","Florianópolis, SC, Ribeirão da Ilha",1,496,1775.15,40,2948.95,2025-10,0.4667,0.5271,14,31,161.64,153.25,4,0,2025-10-27,0.6,161.64,1173.7999999999997,atenção
CTB2405,Sao_Paulo-Brooklin-apartamento-SUP-1Q,Carteira 4,SP,"São Paulo, SP","São Paulo, SP, Vila Cordeiro",0,69,4081.52,149,3546.62,2025-10,0.8387,0.5992,26,31,214.69,150.0,2,0,2025-10-27,1.15,0.0,-534.9000000000001,ok
ERZ0502,Balneario_Camboriu-Intermediario-apartamento-SUP-2Q,Carteira 6,SC,"Balneário Camboriú, SC","Balneário Camboriú, SC, Centro",0,594,1594.4,70,2902.05,2025-10,0.2581,0.5075,8,31,295.63,,0,23,2025-10-27,0.55,0.0,1307.65,atenção
ILC1506,Especial-ILC-hotel-TOP-1Q,Especial,SC,"Florianópolis, SC","Florianópolis, SC, Jurerê Internacional",0,425,10383.21,28,10019.61,2025-10,0.7742,0.8614,24,31,561.04,414.0,1,0,2025-10-27,1.04,0.0,-363.59999999999854,berlinda
JAS0002,Florianopolis-Lagoa-apartamento-JR-1Q,Carteira 1,SC,"Florianópolis, SC","Florianópolis, SC, Lagoa da Conceição",0,134,943.74,28,2591.97,2025-10,0.2581,0.5821,8,31,134.75,136.75,4,0,2025-10-27,0.36,0.0,1648.2299999999998,crítico
JRE1223,Porto_Alegre-Cidade_Baixa-apartamento-SUP-1Q,Carteira 4,RS,"Porto Alegre, RS","Porto Alegre, RS, Centro Histórico",0,261,2683.3,42,2971.26,2025-10,0.6452,0.6268,20,31,160.8,140.0,1,0,2025-10-27,0.9,0.0,287.96000000000004,berlinda
JVV303,Florianopolis-Itacorubi-apartamento-SUP-1Q,Carteira 4,SC,"Florianópolis, SC","Florianópolis, SC, Itacorubi",4,559,1856.55,13,1946.5,2025-10,0.5926,0.6135,16,31,146.81,,0,0,2025-10-27,0.95,587.24,89.95000000000005,berlinda
LIV1705,Salvador-Graca-apartamento-SUP-1Q,Especial,BA,"Salvador, BA","Salvador, BA, Vitória",0,90,4125.26,35,3163.06,2025-10,0.871,0.564,27,31,202.52,,0,0,2025-10-27,1.3,0.0,-962.2000000000003,ok
MHE003,Florianopolis-Cachoeira_Bom_Jesus-apartamento-MASTER-2Q,Carteira 1,SC,"Florianópolis, SC","Florianópolis, SC, Cachoeira do Bom Jesus",0,1101,11700.16,10,7332.31,2025-10,0.9355,0.5438,29,31,502.86,,0,0,2025-10-27,1.6,0.0,-4367.849999999999,ok
MHFA0905,Itapema-Canto_Praia-apartamento-SUP-1Q,Carteira 5,SC,"Itapema, SC","Itapema, SC, Centro",3,441,2977.81,11,1766.45,2025-10,0.9286,0.415,26,31,145.5,162.0,1,0,2025-10-27,1.69,436.5,-1211.36,ok
MHFB1607,Itapema-Canto_Praia-apartamento-SUP-1Q,Carteira 5,SC,"Itapema, SC","Itapema, SC, Centro",1,362,1775.45,11,1766.45,2025-10,0.5,0.415,15,31,164.0,168.0,4,30,2025-10-27,1.01,164.0,-9.0,berlinda
NWT0908,Especial-NWT-apartamento-TOP-1Q,Carteira 5,AL,"Maceió, AL","Maceió, AL, Pajuçara",1,190,5641.64,34,5613.71,2025-10,0.7667,0.7261,23,31,309.58,250.0,1,0,2025-10-27,1.0,309.58,-27.93000000000029,berlinda
NWT1020,Especial-NWT-apartamento-TOP-1Q,Carteira 5,AL,"Maceió, AL","Maceió, AL, Pajuçara",2,149,5564.06,34,5613.71,2025-10,0.7931,0.7261,23,31,277.22,,0,0,2025-10-27,0.99,554.44,49.649999999999636,berlinda
PSOB1102,Penha-Beto_Carrero-apartamento-SUP-1Q,Carteira 3,SC,"Penha, SC","Penha, SC, Praia de Armação do Itapocoroi",0,98,3328.26,18,2566.46,2025-10,0.7097,0.6596,22,31,164.23,153.0,3,0,2025-10-27,1.3,0.0,-761.8000000000002,ok
RIT0201,Florianopolis-Praia_Brava-apartamento-TOP-3Q,Carteira 1,SC,"Florianópolis, SC","Florianópolis, SC, Praia Brava",8,226,6255.59,14,5442.41,2025-10,0.6957,0.5328,16,31,464.63,,0,0,2025-10-27,1.15,3717.04,-813.1800000000003,ok
RTG101,Florianopolis-Ingleses_Norte-apartamento-TOP-2Q,Carteira 1,SC,"Florianópolis, SC","Florianópolis, SC, Ingleses do Rio Vermelho",0,1142,3251.49,20,3001.73,2025-10,0.5484,0.5171,17,31,236.11,216.0,4,0,2025-10-27,1.08,0.0,-249.75999999999976,berlinda
RTO0502,Itapema-Praia_Itapema-apartamento-SUP-4Q,Carteira 6,SC,"Itapema, SC","Itapema, SC, Andorinha",5,469,4886.68,26,4509.68,2025-10,0.6154,0.4088,16,31,308.15,,0,0,2025-10-27,1.08,1540.75,-377.0,berlinda
SDR001,Florianopolis-Lagoa-apartamento-SUP-1Q,Carteira 1,SC,"Florianópolis, SC","Florianópolis, SC, Lagoa da Conceição",0,1538,2021.14,23,2810.1,2025-10,0.5484,0.6661,17,31,144.06,171.0,1,0,2025-10-27,0.72,0.0,788.9599999999998,atenção
SLV0011,Goiania-Universitario-apartamento-SUP-1Q,Carteira 1,GO,"Goiânia, GO","Goiânia, GO, Setor Leste Vila Nova",0,292,2232.85,82,2826.62,2025-10,0.5484,0.5506,17,31,157.88,167.25,4,0,2025-10-27,0.79,0.0,593.77,atenção
TPS0308,Florianopolis-Canasvieiras_Meio-apartamento-TOP-1Q,Carteira 1,SC,"Florianópolis, SC","Florianópolis, SC, Canasvieiras",0,120,2403.16,29,2888.12,2025-10,0.5806,0.6699,18,31,174.0,205.75,4,0,2025-10-27,0.83,0.0,484.96000000000004,berlinda
TXP1004,Goiania-Central-apartamento-SUP-1Q,Carteira 1,GO,"Goiânia, GO","Goiânia, GO, Setor Bueno",0,190,2993.35,161,2721.7,2025-10,0.7419,0.6044,23,31,152.22,,0,0,2025-10-27,1.1,0.0,-271.6500000000001,berlinda
VRL0002,Camaçari-Itacimirim-apartamento-JR-2Q,Carteira 2,BA,"Camaçari, BA","Camaçari, BA, Centro",5,348,2340.1,22,3781.08,2025-10,0.5769,0.4644,15,31,201.73,182.25,4,0,2025-10-27,0.62,1008.65,1440.98,atenção
VST025,Especial-VST-casa-TOP-1Q,Carteira 5,SC,"Anitápolis, SC","Anitápolis, SC, Rio dos Pinheiros",1,168,5746.21,45,2754.3,2025-10,0.6667,0.2088,20,31,310.75,160.0,1,0,2025-10-27,2.09,310.75,-2991.91,meta_subestimada
BFT2905,Goiania-Leste-apartamento-SUP-1Q,Carteira 1,GO,"Goiânia, GO","Goiânia, GO, Jardim Goiás",0,237,3097.09,76,2650.3,2025-10,0.8065,0.5845,25,31,149.04,135.0,2,0,2025-10-27,1.17,0.0,-446.78999999999996,ok
CLE1203,Porto_Belo-Geral-apartamento-SUP-2Q,Carteira 6,SC,"Porto Belo, SC","Porto Belo, SC, Perequê",3,224,2862.43,22,2463.78,2025-10,0.8214,0.4086,23,31,151.0,125.0,2,0,2025-10-27,1.16,453.0,-398.64999999999964,ok
CSC0212,Florianopolis-Ingleses_Norte-apartamento-SUP-1Q,Carteira 1,SC,"Florianópolis, SC","Florianópolis, SC, Ingleses Norte",0,62,3130.16,52,1857.45,2025-10,0.6774,0.5342,21,31,180.67,,0,10,2025-10-27,1.69,0.0,-1272.7099999999998,ok
DVM0202,Florianopolis-Itacorubi-apartamento-JR-2Q,Carteira 4,SC,"Florianópolis, SC","Florianópolis, SC, Itacorubi",28,285,0.0,23,2647.75,2025-10,0.0,0.6312,0,31,0.0,,0,31,2025-10-27,0.0,0.0,2647.75,crítico
EIO203,Itapema-Meia_Praia-Norte-apartamento-JR-3Q,Carteira 6,SC,"Itapema, SC","Itapema, SC, Meia Praia",7,845,3128.62,10,2160.62,2025-10,0.9167,0.3649,22,31,170.32,,0,0,2025-10-27,1.45,1192.24,-968.0,ok
EJF0702,Balneario_Camboriu-Intermediario-apartamento-SUP-2Q,Carteira 6,SC,"Balneário Camboriú, SC","Balneário Camboriú, SC, Centro",0,658,4380.04,70,2902.05,2025-10,0.8387,0.5075,26,31,216.5,,0,0,2025-10-27,1.51,0.0,-1477.9899999999998,ok
ELY0201,Florianopolis-Beira_Mar-apartamento-JR-2Q,Carteira 4,SC,"Florianópolis, SC","Florianópolis, SC, Centro",0,679,4340.26,27,3548.96,2025-10,0.8387,0.4929,26,31,189.08,,0,0,2025-10-27,1.22,0.0,-791.3000000000002,ok
IAA1003,Recife-Boa_Viagem-apartamento-TOP-1Q,Carteira 2,PE,"Recife, PE","Recife, PE, Boa Viagem",1,567,5460.64,52,5250.68,2025-10,0.9333,0.7529,28,31,213.18,,0,0,2025-10-27,1.04,213.18,-209.96000000000004,berlinda
IDP104,Florianopolis-Ingleses_Norte-apartamento-SUP-3Q,Carteira 1,SC,"Florianópolis, SC","Florianópolis, SC, Ingleses do Rio Vermelho",9,1821,2931.51,23,2428.26,2025-10,0.6818,0.3893,15,31,298.6,184.5,2,0,2025-10-27,1.21,2687.4,-503.25,ok
JBV276,Especial-JBV-hotel-JR-1Q,Especial,SC,"Florianópolis, SC","Florianópolis, SC, Jurerê",0,1034,10634.77,25,7692.08,2025-10,0.9355,0.6447,29,31,466.03,,0,0,2025-10-27,1.38,0.0,-2942.6900000000005,ok
MAS0603,Salvador-Piata-apartamento-SUP-2Q,Carteira 5,BA,"Salvador, BA","Salvador, BA, Piatã",2,194,5490.93,50,3827.31,2025-10,1.0,0.6675,29,31,230.24,,0,0,2025-10-27,1.43,460.48,-1663.6200000000003,ok
MNDA0217,Cabo_Frio-Centro-apartamento-SUP-1Q,Carteira 4,RJ,"Cabo Frio, RJ","Cabo Frio, RJ, Braga",4,37,4238.99,51,3944.58,2025-10,0.8889,0.7301,24,31,205.33,179.67,3,0,2025-10-27,1.07,821.32,-294.40999999999985,berlinda
NWT1414,Especial-NWT-apartamento-TOP-1Q,Carteira 5,AL,"Maceió, AL","Maceió, AL, Pajuçara",1,278,7330.69,34,5613.71,2025-10,0.9333,0.7261,28,31,342.64,,0,0,2025-10-27,1.31,342.64,-1716.9799999999996,ok
PDU0033,Cabo_Frio-Foguete-casa-JR-1Q,Carteira 4,RJ,"Cabo Frio, RJ","Cabo Frio, RJ, Braga",1,327,3544.94,39,1703.19,2025-10,0.7,0.4461,21,31,202.05,180.0,3,16,2025-10-27,2.08,202.05,-1841.75,meta_subestimada
PSOB0912,Penha-Beto_Carrero-apartamento-SUP-1Q,Carteira 3,SC,"Penha, SC","Penha, SC, Praia de Armação do Itapocoroi",0,82,3564.39,18,2566.46,2025-10,0.8065,0.6596,25,31,170.6,148.5,4,0,2025-10-27,1.39,0.0,-997.9299999999998,ok
RFM0024,Santa_Cruz_Cabralia-Coroa_Vermelha-apartamento-SUP-2Q,Carteira 2,BA,"Santa Cruz Cabrália, BA","Santa Cruz Cabrália, BA, Coroa Vermelha",2,251,2400.77,45,4511.23,2025-10,0.4828,0.6517,14,31,201.14,,0,0,2025-10-27,0.53,402.28,2110.4599999999996,atenção
SDR0003,Florianopolis-Lagoa-apartamento-SUP-1Q,Carteira 1,SC,"Florianópolis, SC","Florianópolis, SC, Lagoa da Conceição",0,267,2052.78,23,2810.1,2025-10,0.4839,0.6661,15,31,159.27,,0,0,2025-10-27,0.73,0.0,757.3199999999997,atenção
SFR0511,Bombinhas-Centro-apartamento-SUP-1Q,Carteira 6,SC,"Bombinhas, SC","Bombinhas, SC, Centro",0,6,3019.24,32,2630.32,2025-10,0.8387,0.5814,26,31,139.81,130.0,3,0,2025-10-27,1.15,0.0,-388.9199999999996,ok
VLD1002,Balneario_Camboriu-Centro-apartamento-MASTER-3Q,Carteira 6,SC,"Balneário Camboriú, SC","Balneário Camboriú, SC, Centro",0,538,0.0,15,14196.21,2025-10,0.0,0.6784,0,31,0.0,1091.0,4,31,2025-10-27,0.0,0.0,14196.21,crítico
ZIO0201,Florianopolis-Ingleses_Praia-apartamento-SUP-1Q,Carteira 1,SC,"Florianópolis, SC","Florianópolis, SC, Ingleses Norte",0,68,1882.21,37,2408.79,2025-10,0.4839,0.4799,15,31,151.93,136.0,2,0,2025-10-27,0.78,0.0,526.5799999999999,atenção
BAB0202,Florianopolis-Ingleses_Praia-apartamento-SUP-1Q,Carteira 1,SC,"Florianópolis, SC","Florianópolis, SC, Ingleses do Rio Vermelho",0,337,3282.4,37,2408.79,2025-10,0.4194,0.4799,13,31,219.47,,0,0,2025-10-27,1.36,0.0,-873.6100000000001,ok
CGS0002,Brasilia-Asa_Norte-apartamento-SUP-2Q,Carteira 1,DF,"Brasília, DF","Brasília, DF, Asa Norte",0,161,4599.14,35,4310.78,2025-10,0.6774,0.7756,21,31,250.24,219.0,1,0,2025-10-27,1.07,0.0,-288.3600000000006,berlinda
CZZ0402,Urubici-Geral-apartamento-SUP-1Q,Especial,SC,"Urubici, SC","Urubici, SC, Centro",1,176,4085.63,64,1691.39,2025-10,0.8,0.2197,24,31,200.54,,0,0,2025-10-27,2.42,200.54,-2394.24,meta_subestimada
ILC1211,Especial-ILC-hotel-JR-1Q,Especial,SC,"Florianópolis, SC","Florianópolis, SC, Jurerê Internacional",0,1940,8883.4,16,7820.79,2025-10,0.9032,0.6145,28,31,393.11,282.0,1,0,2025-10-27,1.14,0.0,-1062.6099999999997,ok
JAS0001,Florianopolis-Lagoa-apartamento-JR-1Q,Carteira 1,SC,"Florianópolis, SC","Florianópolis, SC, Lagoa da Conceição",1,140,1944.94,28,2591.97,2025-10,0.6333,0.5821,19,31,126.26,136.75,4,0,2025-10-27,0.75,126.26,647.0299999999997,atenção
NPZ093,Sao_Paulo-Moema-apartamento-TOP-1Q,Carteira 4,SP,"São Paulo, SP","São Paulo, SP, Moema",4,523,3903.31,106,4472.16,2025-10,0.7778,0.6908,21,31,233.85,200.0,3,0,2025-10-27,0.87,935.4,568.8499999999999,berlinda
PVE0302,Guarapari-Nova_Guarapari-apartamento-JR-2Q,Carteira 4,ES,"Guarapari, ES","Guarapari, ES, Enseada Verde",0,252,3509.01,40,2664.27,2025-10,0.8065,0.462,25,31,159.6,110.0,1,0,2025-10-27,1.32,0.0,-844.7400000000002,ok
RJH0101,Camaçari-Itacimirim-apartamento-TOP-2Q,Carteira 2,BA,"Camaçari, BA","Camaçari, BA, Itacimirim",4,244,4724.48,13,5187.42,2025-10,0.8148,0.6,22,31,265.05,,0,0,2025-10-27,0.91,1060.2,462.9400000000005,berlinda
SHC0801,Balneario_Picarras-Geral-apartamento-TOP-3Q,Carteira 6,SC,"Balneário Piçarras, SC","Balneário Piçarras, SC, Itacolomi",6,44,2250.56,17,2802.96,2025-10,0.44,0.3613,11,31,239.45,1094.0,4,16,2025-10-27,0.8,1436.6999999999998,552.4000000000001,berlinda
TCO1215,Porto_Alegre-Centro_Historico-apartamento-SUP-1Q,Carteira 4,RS,"Porto Alegre, RS","Porto Alegre, RS, Centro Histórico",1,531,2504.31,87,2119.74,2025-10,0.8333,0.5817,25,31,130.64,120.0,2,0,2025-10-27,1.18,130.64,-384.57000000000016,ok
VDO102,Florianopolis-Rio_Tavares-casa-JR-2Q,Carteira 1,SC,"Florianópolis, SC","Florianópolis, SC, Campeche",31,645,0.0,19,2627.78,2025-10,,0.4763,0,31,0.0,,0,0,2025-10-27,0.0,0.0,2627.78,crítico
VLL0009,Marau-Barra_Grande-apartamento-TOP-3Q,Carteira 1,BA,"Maraú, BA","Maraú, BA, Barra Grande",2,8,1606.3,9,4379.63,2025-10,0.1724,0.2455,5,31,420.0,438.75,4,0,2025-10-27,0.37,840.0,2773.33,crítico
VLR403,Florianopolis-Centrao-apartamento-SUP-1Q,Carteira 5,SC,"Florianópolis, SC","Florianópolis, SC, Centro",1,559,3618.83,122,3775.97,2025-10,0.8667,0.5975,26,31,176.58,142.0,4,0,2025-10-27,0.96,176.58,157.13999999999987,berlinda
VTD0704,Florianopolis-UFSC-apartamento-SUP-1Q,Carteira 4,SC,"Florianópolis, SC","Florianópolis, SC, Trindade",6,107,3365.49,44,2740.41,2025-10,0.92,0.6164,23,31,176.78,,0,0,2025-10-27,1.23,1060.68,-625.0799999999999,ok
ZUC0703,Balneario_Camboriu-Longe-apartamento-SUP-2Q,Carteira 6,SC,"Balneário Camboriú, SC","Balneário Camboriú, SC, Nações",2,134,2964.0,14,2753.29,2025-10,0.5862,0.5345,17,31,256.06,320.0,2,14,2025-10-27,1.08,512.12,-210.71000000000004,berlinda
BBH1003,Balneario_Picarras-Geral-apartamento-TOP-2Q,Carteira 6,SC,"Balneário Piçarras, SC","Balneário Piçarras, SC, Itacolomi",0,378,5290.16,33,2398.7,2025-10,0.871,0.3483,27,31,242.22,140.0,1,0,2025-10-27,2.21,0.0,-2891.46,meta_subestimada
BHE0405,Brasilia-Setor_Hoteleiro-apartamento-SUP-1Q,Carteira 1,DF,"Brasília, DF","Brasília, DF, Asa Sul",0,8,4365.5,145,6666.83,2025-10,0.6774,0.7835,21,31,285.14,200.0,1,0,2025-10-27,0.65,0.0,2301.33,atenção
BOU0101,Florianopolis-Canasvieiras_Meio-apartamento-SIM-1Q,Carteira 1,SC,"Florianópolis, SC","Florianópolis, SC, Canasvieiras",0,413,1882.8,29,1132.2,2025-10,0.7097,0.3823,22,31,97.82,118.5,4,0,2025-10-27,1.66,0.0,-750.5999999999999,ok
ELF0403,Bombinhas-Bombas-apartamento-SUP-1Q,Especial,SC,"Bombinhas, SC","Bombinhas, SC, José Amândio",1,154,2445.83,42,1744.23,2025-10,0.5667,0.3583,17,31,160.35,,0,18,2025-10-27,1.4,160.35,-701.5999999999999,ok
ELF0609,Bombinhas-Bombas-apartamento-SUP-1Q,Especial,SC,"Bombinhas, SC","Bombinhas, SC, José Amândio",0,125,3910.38,42,1744.23,2025-10,0.9355,0.3583,29,31,152.66,,0,16,2025-10-27,2.24,0.0,-2166.15,meta_subestimada
ESN0505,Salvador-Ondina_Rio_Vermelho-apartamento-TOP-1Q,Carteira 2,BA,"Salvador, BA","Salvador, BA, Rio Vermelho",0,198,5980.13,44,3860.1,2025-10,0.9355,0.6579,29,31,293.86,,0,0,2025-10-27,1.55,0.0,-2120.03,ok
ESR1912,Curitiba-Batel-apartamento-TOP-1Q,Carteira 4,PR,"Curitiba, PR","Curitiba, PR, Centro",0,625,5135.23,28,5298.62,2025-10,0.7419,0.7386,23,31,289.7,335.5,2,0,2025-10-27,0.97,0.0,163.39000000000033,berlinda
ETL2702,Balneario_Camboriu-Norte-apartamento-MASTER-4Q,Carteira 6,SC,"Balneário Camboriú, SC","Balneário Camboriú, SC, Pioneiros",12,303,8356.59,20,13988.03,2025-10,0.7895,0.5106,15,31,739.47,,0,4,2025-10-27,0.6,8873.64,5631.4400000000005,atenção
GDP0010,Brasilia-Asa_Sul-apartamento-JR-1Q,Carteira 1,DF,"Brasília, DF","Brasília, DF, Asa Sul",0,159,3386.97,221,3077.9,2025-10,0.6774,0.7185,21,31,201.52,170.0,1,0,2025-10-27,1.1,0.0,-309.0699999999997,ok
IFT1304,Itapema-Meia_Praia-Norte-apartamento-TOP-1Q,Carteira 6,SC,"Itapema, SC","Itapema, SC, Meia Praia",0,217,3366.28,20,2978.59,2025-10,0.6452,0.5085,20,31,207.4,300.0,4,15,2025-10-27,1.13,0.0,-387.69000000000005,ok
IHD0101,Florianopolis-Jurere_Longe-apartamento-TOP-2Q,Carteira 1,SC,"Florianópolis, SC","Florianópolis, SC, Jurerê Internacional",0,8,5684.14,13,4867.95,2025-10,0.7419,0.5495,23,31,299.43,352.0,3,0,2025-10-27,1.17,0.0,-816.1900000000005,ok
JCS0004,Penha-Longe-casa-SUP-1Q,Carteira 6,SC,"Penha, SC","Penha, SC, Armação",0,295,1795.97,53,2403.93,2025-10,0.6129,0.4443,19,31,116.16,100.0,1,0,2025-10-27,0.75,0.0,607.9599999999998,atenção
MCG0006,Porto_Seguro-Pitinga-casa-JR-3Q,Carteira 2,BA,"Porto Seguro, BA","Porto Seguro, BA, Arraial DAjuda",0,299,0.0,16,5542.42,2025-10,0.0,0.5378,0,31,0.0,636.0,4,31,2025-10-27,0.0,0.0,5542.42,crítico
MHF0508,Itapema-Canto_Praia-apartamento-TOP-2Q,Carteira 5,SC,"Itapema, SC","Itapema, SC, Centro",0,357,2349.78,10,2671.81,2025-10,0.3871,0.2867,12,31,236.08,198.75,4,0,2025-10-27,0.88,0.0,322.02999999999975,berlinda
NWT0603,Especial-NWT-apartamento-TOP-1Q,Carteira 5,AL,"Maceió, AL","Maceió, AL, Pajuçara",1,184,4739.01,34,5613.71,2025-10,0.7,0.7261,21,31,270.48,255.0,4,0,2025-10-27,0.84,270.48,874.6999999999998,berlinda
NWT1001,Especial-NWT-apartamento-TOP-1Q,Carteira 5,AL,"Maceió, AL","Maceió, AL, Pajuçara",0,168,5147.95,34,5613.71,2025-10,0.6452,0.7261,20,31,333.6,287.75,4,0,2025-10-27,0.92,0.0,465.7600000000002,berlinda
NWT1123,Especial-NWT-apartamento-TOP-1Q,Carteira 5,AL,"Maceió, AL","Maceió, AL, Pajuçara",1,90,5730.0,34,5613.71,2025-10,0.7333,0.7261,22,31,291.45,,0,0,2025-10-27,1.02,291.45,-116.28999999999996,berlinda
OAG0507,Sao_Paulo-Pinheiros-apartamento-TOP-1Q,Carteira 4,SP,"São Paulo, SP","São Paulo, SP, Cerqueira César",0,124,3965.28,262,5251.9,2025-10,0.6129,0.6952,19,31,243.42,200.0,2,0,2025-10-27,0.76,0.0,1286.6199999999994,atenção
PSO0601,Penha-Beto_Carrero-apartamento-SUP-1Q,Carteira 3,SC,"Penha, SC","Penha, SC, Praia de Armação do Itapocoroi",0,58,4023.4,18,2566.46,2025-10,0.8387,0.6596,26,31,186.54,122.0,3,0,2025-10-27,1.57,0.0,-1456.94,ok
RFM0017,Santa_Cruz_Cabralia-Coroa_Vermelha-apartamento-SUP-2Q,Carteira 2,BA,"Santa Cruz Cabrália, BA","Santa Cruz Cabrália, BA, Coroa Vermelha",2,160,1155.9,45,4511.23,2025-10,0.1724,0.6517,5,31,274.4,159.25,4,0,2025-10-27,0.26,548.8,3355.3299999999995,crítico
SKL0905,Penha-Praia-apartamento-SUP-2Q,Carteira 6,SC,"Penha, SC","Penha, SC, Armação",0,21,4008.06,53,3312.94,2025-10,0.7742,0.4703,24,31,196.96,183.0,2,0,2025-10-27,1.21,0.0,-695.1199999999999,ok
SKL1204,Penha-Praia-apartamento-SUP-2Q,Carteira 4,SC,"Penha, SC","Penha, SC, Armação",0,12,3410.2,53,3312.94,2025-10,0.6774,0.4703,21,31,201.29,170.0,1,0,2025-10-27,1.03,0.0,-97.25999999999976,berlinda
SPJ0201,Especial-SPJ-apartamento-TOP-1Q,Carteira 5,SC,"Florianópolis, SC","Florianópolis, SC, Jurerê",0,485,5154.24,19,3903.22,2025-10,0.9032,0.6281,28,31,210.11,130.5,2,0,2025-10-27,1.32,0.0,-1251.02,ok
SPJ0302,Especial-SPJ-apartamento-TOP-1Q,Carteira 5,SC,"Florianópolis, SC","Florianópolis, SC, Jurerê",0,487,4515.86,19,3903.22,2025-10,0.9355,0.6281,29,31,203.38,,0,0,2025-10-27,1.16,0.0,-612.6399999999999,ok
SPT0203,Blumenau-Central-apartamento-JR-1Q,Carteira 4,SC,"Blumenau, SC","Blumenau, SC, Itoupava Seca",0,512,4479.61,48,6119.8,2025-10,0.3548,0.5972,11,31,475.55,101.25,4,15,2025-10-27,0.73,0.0,1640.1900000000005,atenção
THK0502,Sao_Paulo-Republica-apartamento-SUP-1Q,Carteira 4,SP,"São Paulo, SP","São Paulo, SP, República",0,51,2037.73,465,3003.05,2025-10,0.5484,0.6661,17,31,141.76,130.0,1,0,2025-10-27,0.68,0.0,965.3200000000002,atenção
TPS210,Florianopolis-Canasvieiras_Meio-apartamento-TOP-1Q,Carteira 1,SC,"Florianópolis, SC","Florianópolis, SC, Canasvieiras",6,650,2526.73,29,2888.12,2025-10,0.72,0.6699,18,31,175.72,144.0,1,0,2025-10-27,0.87,1054.32,361.3899999999999,berlinda
TRS0005,Penha-Beto_Carrero-casa-JR-1Q,Carteira 3,SC,"Penha, SC","Penha, SC, Armação",0,133,1260.45,23,2391.9,2025-10,0.4194,0.6506,13,31,118.31,104.25,4,0,2025-10-27,0.53,0.0,1131.45,atenção
VAC0601,Barra_Velha-Tabuleiro-apartamento-TOP-2Q,Carteira 3,SC,"Barra Velha, SC","Barra Velha, SC, Itajuba",30,128,0.0,32,1879.1,2025-10,0.0,0.375,0,31,0.0,173.0,1,0,2025-10-27,0.0,0.0,1879.1,crítico
VST032,Especial-VST-casa-TOP-1Q,Carteira 5,SC,"Anitápolis, SC","Anitápolis, SC, Rio dos Pinheiros",0,456,4200.22,45,2754.3,2025-10,0.6452,0.2088,20,31,278.0,160.0,1,0,2025-10-27,1.52,0.0,-1445.92,ok
AAP1405,Salvador-Caminho_Das_Arvores-apartamento-SUP-1Q,Carteira 2,BA,"Salvador, BA","Salvador, BA, Caminho das Árvores",1,194,3359.77,41,2625.34,2025-10,0.8333,0.6505,25,31,162.44,146.0,1,0,2025-10-27,1.28,162.44,-734.4299999999998,ok
BLN0802,Porto_Belo-Geral-apartamento-SUP-2Q,Carteira 6,SC,"Porto Belo, SC","Porto Belo, SC, Perequê",1,666,3320.27,22,2463.78,2025-10,0.8,0.4086,24,31,184.79,183.5,2,0,2025-10-27,1.35,184.79,-856.4899999999998,ok
BSO0201,Itajai-Praia_Brava-apartamento-SUP-1Q,Carteira 6,SC,"Balneário Camboriú, SC","Balneário Camboriú, SC, Praia dos Amores",1,26,3114.87,55,2564.51,2025-10,0.8667,0.5263,26,31,148.88,120.0,2,0,2025-10-27,1.21,148.88,-550.3599999999997,ok
CPR0108,Marau-Barra_Grande-apartamento-SUP-1Q,Carteira 2,BA,"Maraú, BA","Maraú, BA, Barra Grande",2,497,0.0,14,1496.17,2025-10,0.0,0.3517,0,31,0.0,346.5,4,31,2025-10-27,0.0,0.0,1496.17,crítico
CSD0403,Bombinhas-Bombas-apartamento-SUP-3Q,Carteira 6,SC,"Bombinhas, SC","Bombinhas, SC, Bombas",7,439,2612.37,14,2550.13,2025-10,0.9167,0.3358,22,31,165.55,,0,0,2025-10-27,1.02,1158.8500000000001,-62.23999999999978,berlinda
DAC0202,Florianopolis-Estreito-apartamento-SUP-1Q,Carteira 4,SC,"Florianópolis, SC","Florianópolis, SC, Estreito",2,70,603.84,17,2203.44,2025-10,0.2069,0.5179,6,31,115.17,126.0,4,0,2025-10-27,0.27,230.34,1599.6,crítico
DIO0507,Sao_Paulo-Pompeia-apartamento-SUP-1Q,Carteira 4,SP,"São Paulo, SP","São Paulo, SP, Pompeia",0,28,1321.15,74,3053.57,2025-10,0.2581,0.5076,8,31,206.38,130.0,2,0,2025-10-27,0.43,0.0,1732.42,crítico
EFE0803,Guarapari-Praia_do_Morro-apartamento-SUP-3Q,Carteira 4,ES,"Guarapari, ES","Guarapari, ES, Praia do Morro",7,600,4405.25,72,4978.17,2025-10,0.8333,0.6223,20,31,295.75,150.0,3,0,2025-10-27,0.88,2070.25,572.9200000000001,berlinda
ERN0503,Ilheus-Sul-apartamento-SUP-2Q,Carteira 2,BA,"Ilhéus, BA","Ilhéus, BA, São Francisco",0,364,3073.4,24,3158.2,2025-10,0.5484,0.5022,17,31,207.47,194.25,4,21,2025-10-27,0.97,0.0,84.79999999999973,berlinda
HBA0309,Salvador-Barra-apartamento-TOP-1Q,Carteira 2,BA,"Salvador, BA","Salvador, BA, Barra",0,404,3451.31,135,4707.73,2025-10,0.7419,0.704,23,31,192.65,,0,0,2025-10-27,0.73,0.0,1256.4199999999996,atenção
IBC0205,Florianopolis-Campeche_Praia-apartamento-TOP-2Q,Carteira 1,SC,"Florianópolis, SC","Florianópolis, SC, Morro das Pedras",9,278,5808.86,68,5619.38,2025-10,0.9091,0.5509,20,31,414.6,270.0,1,0,2025-10-27,1.03,3731.4,-189.47999999999956,berlinda
ILC1306,Especial-ILC-hotel-JR-1Q,Especial,SC,"Florianópolis, SC","Florianópolis, SC, Jurerê Internacional",0,980,8801.85,16,7820.79,2025-10,0.8065,0.6145,25,31,403.86,,0,0,2025-10-27,1.13,0.0,-981.0600000000004,ok
ILC4107,Especial-ILC-hotel-TOP-1Q,Especial,SC,"Florianópolis, SC","Florianópolis, SC, Jurerê Internacional",8,392,6146.78,28,10019.61,2025-10,0.7826,0.8614,18,31,443.22,,0,0,2025-10-27,0.61,3545.76,3872.830000000001,atenção
ILH310,Florianopolis-Canasvieiras_Perto-apartamento-SUP-2Q,Carteira 1,SC,"Florianópolis, SC","Florianópolis, SC, Canasvieiras",3,60,4344.13,17,3623.41,2025-10,0.8929,0.4891,25,31,210.28,223.0,2,0,2025-10-27,1.2,630.84,-720.7200000000003,ok
NNG0102,Florianopolis-Novo_Campeche-apartamento-TOP-2Q,Carteira 1,SC,"Florianópolis, SC","Florianópolis, SC, Campeche",0,275,4760.32,49,5936.83,2025-10,0.5484,0.5936,17,31,361.47,284.0,3,0,2025-10-27,0.8,0.0,1176.5100000000002,berlinda
NWT1023,Especial-NWT-apartamento-TOP-1Q,Carteira 5,AL,"Maceió, AL","Maceió, AL, Pajuçara",1,168,6284.45,34,5613.71,2025-10,0.8333,0.7261,25,31,310.6,280.0,1,0,2025-10-27,1.12,310.6,-670.7399999999998,ok
PRJ001,Imbituba-Praia_do_Rosa-casa-SIM-1Q,Carteira 6,SC,"Imbituba, SC","Imbituba, SC, Ibiraquera",0,1210,0.0,49,1294.42,2025-10,0.0,0.3214,0,31,0.0,90.0,4,0,2025-10-27,0.0,0.0,1294.42,crítico
PSO0610,Penha-Beto_Carrero-apartamento-SUP-1Q,Carteira 3,SC,"Penha, SC","Penha, SC, Praia de Armação do Itapocoroi",0,62,3328.52,18,2566.46,2025-10,0.7097,0.6596,22,31,169.27,125.5,2,0,2025-10-27,1.3,0.0,-762.06,ok
PTJ203,Florianopolis-Jurere_Tradicional-apartamento-TOP-2Q,Carteira 1,SC,"Florianópolis, SC","Florianópolis, SC, Jurerê",3,580,4730.93,20,7616.02,2025-10,0.6429,0.6008,18,31,372.39,,0,0,2025-10-27,0.62,1117.17,2885.09,atenção
RHL0305,Florianopolis-Ingleses_Centro-apartamento-TOP-3Q,Carteira 1,SC,"Florianópolis, SC","Florianópolis, SC, Ingleses do Rio Vermelho",7,237,5218.1,42,5345.58,2025-10,0.7083,0.5009,17,31,366.12,212.75,4,0,2025-10-27,0.98,2562.84,127.47999999999956,berlinda
RPB037,Florianopolis-Cachoeira_Bom_Jesus-apartamento-JR-2Q,Carteira 1,SC,"Florianópolis, SC","Florianópolis, SC, Cachoeira do Bom Jesus",6,814,3430.59,15,2277.41,2025-10,0.72,0.3827,18,31,216.67,178.0,2,0,2025-10-27,1.51,1300.02,-1153.1800000000003,ok
SOV0005,Mata_de_Sao_Joao-Praia_Imbassai-apartamento-TOP-1Q,Carteira 2,BA,"Mata de São João, BA","Mata de São João, BA, Imbassaí",4,223,3831.94,18,2598.58,2025-10,0.8148,0.4559,22,31,216.95,227.25,4,0,2025-10-27,1.47,867.8,-1233.3600000000001,ok
STCY101,Florianopolis-Cachoeira_Bom_Jesus-apartamento-JR-1Q,Carteira 1,SC,"Florianópolis, SC","Florianópolis, SC, Cachoeira do Bom Jesus",0,530,1970.48,16,760.59,2025-10,0.7742,0.2401,24,31,117.42,161.0,1,0,2025-10-27,2.59,0.0,-1209.8899999999999,meta_subestimada
VST017,Especial-VST-casa-TOP-1Q,Carteira 5,SC,"Anitápolis, SC","Anitápolis, SC, Rio dos pinheiros",0,92,2921.52,45,2754.3,2025-10,0.5161,0.2088,16,31,236.12,160.0,3,0,2025-10-27,1.06,0.0,-167.2199999999998,berlinda
ADV306,Maceio-Cruz_das_Almas-apartamento-SUP-1Q,Carteira 2,AL,"Maceió, AL","Maceió, AL, Mangabeiras",9,601,2159.61,111,3255.52,2025-10,0.9545,0.7198,21,31,138.29,,0,0,2025-10-27,0.66,1244.61,1095.9099999999999,atenção
AIA2200,Barra_Velha-Tabuleiro-casa-JR-3Q,Carteira 3,SC,"Barra Velha, SC","Barra Velha, SC, Barra Velha",4,607,1549.89,8,1664.26,2025-10,0.4815,0.2212,13,31,155.08,,0,0,2025-10-27,0.93,620.32,114.36999999999989,berlinda
ATB2014,Sao_Paulo-Brooklin-apartamento-JR-1Q,Carteira 4,SP,"São Paulo, SP","São Paulo, SP, Jardim das Acacias",0,182,2580.37,23,3834.61,2025-10,0.7419,0.5622,23,31,139.0,,0,0,2025-10-27,0.67,0.0,1254.2400000000002,atenção
CMR204,Florianopolis-Itacorubi-apartamento-TOP-1Q,Carteira 4,SC,"Florianópolis, SC","Florianópolis, SC, Itacorubi",1,569,3519.29,23,3149.76,2025-10,0.7,0.5625,21,31,204.33,147.0,3,0,2025-10-27,1.12,204.33,-369.52999999999975,ok
DBH0804,Guarapari-Praia_do_Morro-apartamento-JR-3Q,Carteira 4,ES,"Guarapari, ES","Guarapari, ES, Praia do Morro",0,30,1340.12,49,3372.31,2025-10,0.2581,0.5333,8,31,212.5,153.0,4,0,2025-10-27,0.4,0.0,2032.19,crítico
DLH0303,Gramado-Centro-apartamento-TOP-2Q,Carteira 4,RS,"Gramado, RS","Gramado, RS, Centro",0,490,9860.81,53,5324.65,2025-10,0.871,0.5115,27,31,488.63,345.0,1,0,2025-10-27,1.85,0.0,-4536.16,ok
ELK0101,Florianopolis-UFSC-apartamento-JR-3Q,Carteira 4,SC,"Florianópolis, SC","Florianópolis, SC, Córrego Grande",4,303,2238.43,83,3874.3,2025-10,0.4444,0.5597,12,31,248.0,192.25,4,0,2025-10-27,0.58,992.0,1635.8700000000003,atenção
ILC2309,Especial-ILC-hotel-TOP-1Q,Especial,SC,"Florianópolis, SC","Florianópolis, SC, Jurerê Internacional",7,791,7683.19,28,10019.61,2025-10,0.8333,0.8614,20,31,473.65,,0,0,2025-10-27,0.77,3315.5499999999997,2336.420000000001,atenção
MDT016,São_Miguel_dos_Milagres-Geral-apartamento-SUP-3Q,Carteira 2,AL,"São Miguel dos Milagres, AL","São Miguel dos Milagres, AL, Centro",5,643,2684.2,32,5286.42,2025-10,0.2308,0.5468,6,31,500.0,500.0,4,31,2025-10-27,0.51,2500.0,2602.2200000000003,atenção
MHF0703,Itapema-Canto_Praia-apartamento-TOP-1Q,Carteira 5,SC,"Itapema, SC","Itapema, SC, Centro",6,467,2039.51,15,3459.9,2025-10,0.44,0.6192,11,31,220.0,220.0,4,31,2025-10-27,0.59,1320.0,1420.39,atenção
MHF1402,Itapema-Canto_Praia-apartamento-TOP-2Q,Carteira 5,SC,"Itapema, SC","Itapema, SC, Centro",1,407,3110.92,10,2671.81,2025-10,0.5333,0.2867,16,31,225.88,197.25,4,0,2025-10-27,1.16,225.88,-439.1100000000001,ok
NOR0202,Brasilia-Asa_Norte-apartamento-SUP-1Q,Carteira 1,DF,"Brasília, DF","Brasília, DF, Asa Norte",0,736,2961.44,93,3756.57,2025-10,0.6129,0.7516,19,31,280.63,,0,0,2025-10-27,0.79,0.0,795.1300000000001,atenção
NWT0703,Especial-NWT-apartamento-TOP-1Q,Carteira 5,AL,"Maceió, AL","Maceió, AL, Pajuçara",0,154,4353.69,34,5613.71,2025-10,0.5806,0.7261,18,31,290.5,280.0,4,0,2025-10-27,0.78,0.0,1260.0200000000004,atenção
OKA128,Florianopolis-Campeche-apartamento-TOP-1Q,Carteira 1,SC,"Florianópolis, SC","Florianópolis, SC, Campeche",0,749,4804.85,29,3017.07,2025-10,0.871,0.5922,27,31,216.7,195.0,3,0,2025-10-27,1.59,0.0,-1787.7800000000002,ok
PGO309,Pocos_de_Caldas-Geral-apartamento-SUP-1Q,Carteira 4,MG,"Poços de Caldas, MG","Poços de Caldas, MG, São Benedito",7,777,1395.22,30,1751.93,2025-10,0.5,0.4614,12,31,147.0,129.25,4,0,2025-10-27,0.8,1029.0,356.71000000000004,atenção
PSO0504,Penha-Beto_Carrero-apartamento-SUP-1Q,Carteira 3,SC,"Penha, SC","Penha, SC, Praia de Armação do Itapocoroi",0,69,3822.64,18,2566.46,2025-10,0.871,0.6596,27,31,168.81,118.5,2,0,2025-10-27,1.49,0.0,-1256.1799999999998,ok
RUP0101,Blumenau-Central-apartamento-SUP-1Q,Carteira 4,SC,"Blumenau, SC","Blumenau, SC, Escola Agrícola",0,434,7985.99,77,8352.92,2025-10,0.6774,0.6104,21,31,507.52,120.0,2,0,2025-10-27,0.96,0.0,366.9300000000003,berlinda
SPJ0102,Especial-SPJ-apartamento-TOP-1Q,Carteira 5,SC,"Florianópolis, SC","Florianópolis, SC, Jurerê",0,179,3953.11,19,3903.22,2025-10,0.7742,0.6281,24,31,200.83,162.0,3,0,2025-10-27,1.01,0.0,-49.89000000000033,berlinda
SPJ0203,Especial-SPJ-apartamento-TOP-1Q,Carteira 5,SC,"Florianópolis, SC","Florianópolis, SC, Jurerê",0,487,5225.11,19,3903.22,2025-10,1.0,0.6281,31,31,195.42,,0,0,2025-10-27,1.34,0.0,-1321.8899999999999,ok
SPJ0404,Especial-SPJ-apartamento-TOP-1Q,Carteira 5,SC,"Florianópolis, SC","Florianópolis, SC, Jurerê",0,485,5475.49,19,3903.22,2025-10,1.0,0.6281,31,31,237.52,,0,0,2025-10-27,1.4,0.0,-1572.27,ok
SVE508,Florianopolis-UFSC-apartamento-TOP-1Q,Carteira 4,SC,"Florianópolis, SC","Florianópolis, SC, Pantanal",1,741,1849.1,15,2661.35,2025-10,0.2667,0.5879,8,31,174.08,,0,0,2025-10-27,0.69,174.08,812.25,atenção
SVO0506,Florianopolis-UFSC-apartamento-SUP-1Q,Carteira 4,SC,"Florianópolis, SC","Florianópolis, SC, PANTANAL",0,282,2708.61,44,2740.41,2025-10,0.7097,0.6164,22,31,139.57,,0,0,2025-10-27,0.99,0.0,31.799999999999727,berlinda
TCO1210,Porto_Alegre-Centro_Historico-apartamento-SUP-1Q,Carteira 4,RS,"Porto Alegre, RS","Porto Alegre, RS, Centro Histórico",0,478,3112.51,87,2119.74,2025-10,0.9355,0.5817,29,31,129.69,,0,0,2025-10-27,1.47,0.0,-992.7700000000004,ok
VST019,Especial-VST-casa-TOP-1Q,Carteira 5,SC,"Anitápolis, SC","Anitápolis, SC, Rio dos Pinheiros",1,457,1899.02,45,2754.3,2025-10,0.3667,0.2088,11,31,210.27,160.0,1,0,2025-10-27,0.69,210.27,855.2800000000002,atenção
VST036,Especial-VST-casa-TOP-1Q,Carteira 5,SC,"Anitápolis, SC",VST036,0,182,3478.57,45,2754.3,2025-10,0.4839,0.2088,15,31,282.4,160.0,2,0,2025-10-27,1.26,0.0,-724.27,ok
WSH0801,Curitiba-Batel-apartamento-SUP-1Q,Carteira 4,PR,"Curitiba, PR","Curitiba, PR, Bigorrilho",2,182,2865.51,205,3416.11,2025-10,0.6552,0.6936,19,31,178.95,171.0,1,0,2025-10-27,0.84,357.9,550.5999999999999,berlinda
CNA004,Especial-CNA-casa-MASTER-1Q,Especial,SP,"Campos do Jordão, SP","Campos do Jordão, SP, Jardim Europa",0,985,12133.6,25,9245.88,2025-10,0.6774,0.485,21,31,620.75,,0,5,2025-10-27,1.31,0.0,-2887.720000000001,ok
CNB013,Especial-CNB-casa-TOP-1Q,Especial,SP,"Campos do Jordão, SP","Campos do Jordão, SP, Jardim Europa",0,559,8054.34,17,5682.81,2025-10,0.6129,0.6351,19,31,489.47,420.0,4,9,2025-10-27,1.42,0.0,-2371.5299999999997,ok
CZZ0507,Urubici-Geral-apartamento-SUP-1Q,Especial,SC,"Urubici, SC","Urubici, SC, Centro",1,103,3900.75,64,1691.39,2025-10,0.6667,0.2197,20,31,205.64,180.0,2,0,2025-10-27,2.31,205.64,-2209.3599999999997,meta_subestimada
EAC1302,Balneario_Camboriu-Centro-apartamento-JR-3Q,Carteira 6,SC,"Balneário Camboriú, SC","Balneário Camboriú, SC, Centro",3,702,2904.37,35,3536.3,2025-10,0.6429,0.4365,18,31,180.44,168.5,2,0,2025-10-27,0.82,541.3199999999999,631.9300000000003,berlinda
EDG403,Balneario_Camboriu-Centro-apartamento-JR-1Q,Carteira 6,SC,"Balneário Camboriú, SC","Balneário Camboriú, SC, Centro",3,925,2898.73,33,1673.02,2025-10,0.8929,0.5533,25,31,135.2,,0,0,2025-10-27,1.73,405.59999999999997,-1225.71,ok
EPM0803,Guarapari-Muquicaba-apartamento-SIM-1Q,Carteira 4,ES,"Guarapari, ES","Guarapari, ES, Muquiçaba",8,146,629.05,26,1435.54,2025-10,0.2174,0.4648,5,31,163.6,130.5,2,0,2025-10-27,0.44,1308.8,806.49,crítico
HOA0906,Salvador-Ondina_Rio_Vermelho-apartamento-TOP-1Q,Carteira 2,BA,"Salvador, BA","Salvador, BA, Ondina",0,254,3488.25,44,3860.1,2025-10,0.7419,0.6579,23,31,194.65,150.0,1,0,2025-10-27,0.9,0.0,371.8499999999999,berlinda
ILC4115,Especial-ILC-hotel-TOP-1Q,Especial,SC,"Florianópolis, SC","Florianópolis, SC, Jurerê Internacional",8,1626,7954.25,28,10019.61,2025-10,0.8696,0.8614,20,31,574.55,333.0,2,0,2025-10-27,0.79,4596.4,2065.3600000000006,atenção
KPL0806,Florianopolis-Sao_Jose-apartamento-TOP-1Q,Carteira 4,SC,"São José, SC","São José, SC, Campinas",0,49,4535.91,24,2974.5,2025-10,0.7742,0.5458,24,31,239.58,,0,0,2025-10-27,1.52,0.0,-1561.4099999999999,ok
LRM0226,Itapema-Longe-casa-JR-2Q,Carteira 6,SC,"Itapema, SC","Itapema, SC, Morretes",0,50,2753.08,7,3531.92,2025-10,0.9032,0.5,28,31,175.11,,0,0,2025-10-27,0.78,0.0,778.8400000000001,atenção
MHF0902,Itapema-Canto_Praia-apartamento-TOP-2Q,Carteira 5,SC,"Itapema, SC","Itapema, SC, Centro",5,376,2728.81,10,2671.81,2025-10,0.5769,0.2867,15,31,223.6,200.0,1,13,2025-10-27,1.02,1118.0,-57.0,berlinda
NBL0606,Porto_Alegre-Jardim_Botanico-apartamento-SUP-1Q,Carteira 4,RS,"Porto Alegre, RS","Porto Alegre, RS, Santa Cecília",0,635,2747.66,63,2126.55,2025-10,0.7742,0.5301,24,31,140.17,,0,0,2025-10-27,1.29,0.0,-621.1099999999997,ok
NWT0319,Especial-NWT-apartamento-TOP-1Q,Carteira 5,AL,"Maceió, AL","Maceió, AL, Pajuçara",0,289,7172.16,34,5613.71,2025-10,0.871,0.7261,27,31,318.59,,0,0,2025-10-27,1.28,0.0,-1558.4499999999998,ok
NWT0914,Especial-NWT-apartamento-TOP-1Q,Carteira 5,AL,"Maceió, AL","Maceió, AL, Pajuçara",0,190,6326.65,34,5613.71,2025-10,0.8387,0.7261,26,31,293.31,,0,0,2025-10-27,1.13,0.0,-712.9399999999996,ok
NWT1006,Especial-NWT-apartamento-TOP-1Q,Carteira 5,AL,"Maceió, AL","Maceió, AL, Pajuçara",1,168,4980.81,34,5613.71,2025-10,0.6333,0.7261,19,31,308.21,287.75,4,0,2025-10-27,0.89,308.21,632.8999999999996,berlinda
NWT1322,Especial-NWT-apartamento-TOP-1Q,Carteira 5,AL,"Maceió, AL","Maceió, AL, Pajuçara",0,278,7653.62,34,5613.71,2025-10,0.8065,0.7261,25,31,413.76,,0,0,2025-10-27,1.36,0.0,-2039.9099999999999,ok
RGOB701,Itapema-Meia_Praia-Sul-apartamento-SUP-1Q,Carteira 6,SC,"Itapema, SC","Itapema, SC, Castelo Branco",0,79,3471.05,14,1946.01,2025-10,0.9032,0.4852,28,31,149.71,,0,0,2025-10-27,1.78,0.0,-1525.0400000000002,ok
RNE0301,Porto_Belo-Geral-apartamento-JR-3Q,Carteira 6,SC,"Porto Belo, SC","PORTO BELO, SC, PEREQUÊ",24,342,241.32,21,2445.78,2025-10,0.2857,0.4038,2,31,170.5,,0,0,2025-10-27,0.1,4092.0,2204.46,crítico
RRV0202,Navegantes-Gravata-apartamento-SUP-2Q,Carteira 6,SC,"Navegantes, SC","Navegantes, SC, Gravatá",0,5,1089.18,15,2571.81,2025-10,0.2581,0.444,8,31,181.0,129.5,4,0,2025-10-27,0.42,0.0,1482.6299999999999,crítico
RUC0003,Bombinhas-Mariscal-casa-JR-2Q,Carteira 6,SC,"Bombinhas, SC","Bombinhas, SC, Canto Grande",0,301,1307.77,13,1921.85,2025-10,0.4839,0.3131,15,31,113.13,104.25,4,0,2025-10-27,0.68,0.0,614.0799999999999,atenção
SFR0411,Bombinhas-Centro-apartamento-SUP-1Q,Carteira 6,SC,"Bombinhas, SC","Bombinhas, SC, Centro",0,6,3051.47,32,2630.32,2025-10,0.871,0.5814,27,31,134.85,,0,0,2025-10-27,1.16,0.0,-421.14999999999964,ok
SSG0107,Florianopolis-UFSC-apartamento-TOP-1Q,Carteira 4,SC,"Florianópolis, SC","Florianópolis, SC, Córrego Grande",4,727,115.95,15,2661.35,2025-10,0.037,0.5879,1,31,160.0,140.0,1,0,2025-10-27,0.04,640.0,2545.4,crítico
TPS204,Florianopolis-Canasvieiras_Meio-apartamento-TOP-1Q,Carteira 1,SC,"Florianópolis, SC","Florianópolis, SC, Canasvieiras",0,866,2968.39,29,2888.12,2025-10,0.7097,0.6699,22,31,161.18,,0,0,2025-10-27,1.03,0.0,-80.26999999999998,berlinda
TPS212,Florianopolis-Canasvieiras_Meio-apartamento-TOP-1Q,Carteira 1,SC,"Florianópolis, SC","Florianópolis, SC, Canasvieiras",0,999,3231.53,29,2888.12,2025-10,0.8387,0.6699,26,31,155.81,137.0,1,0,2025-10-27,1.12,0.0,-343.4100000000003,ok
TRO0154,Sao_Paulo-Pompeia-apartamento-SUP-1Q,Carteira 4,SP,"São Paulo, SP","São Paulo, SP, Pompeia",0,69,4539.63,74,3053.57,2025-10,0.8065,0.5076,25,31,216.65,130.0,1,0,2025-10-27,1.49,0.0,-1486.06,ok
VIL0002,Penha-Longe-apartamento-JR-1Q,Carteira 6,SC,"Penha, SC","Penha, SC, Santa Lidia",0,40,1736.71,16,1113.4,2025-10,0.6774,0.4017,21,31,105.0,,0,0,2025-10-27,1.56,0.0,-623.31,ok
AGS0642,Bombinhas-Centro-casa-SUP-4Q,Carteira 6,SC,"Bombinhas, SC","Bombinhas, SC, Centro",14,509,4686.31,26,4700.8,2025-10,0.8824,0.3847,15,31,416.73,,0,0,2025-10-27,1.0,5834.22,14.489999999999782,berlinda
ATC0301,Florianopolis-Cachoeira_Bom_Jesus-apartamento-TOP-1Q,Carteira 1,SC,"Florianópolis, SC","Florianópolis, SC, Cachoeira do Bom Jesus",0,336,2145.92,23,3518.57,2025-10,0.6129,0.5766,19,31,141.47,200.0,4,12,2025-10-27,0.61,0.0,1372.65,atenção
ELF0412,Bombinhas-Bombas-apartamento-SUP-1Q,Especial,SC,"Bombinhas, SC","Bombinhas, SC, José Amândio",1,161,1824.73,42,1744.23,2025-10,0.5333,0.3583,16,31,134.94,130.0,2,28,2025-10-27,1.05,134.94,-80.5,berlinda
FUA0002,Ubatuba-Praia_do_Lazaro-apartamento-JR-1Q,Carteira 4,SP,"Ubatuba, SP","Ubatuba, SP, Lázaro Praia Domingos Dias",5,2,322.18,22,2055.82,2025-10,0.0769,0.4823,2,31,194.5,186.5,4,0,2025-10-27,0.16,972.5,1733.64,crítico
JBV208,Especial-JBV-hotel-TOP-1Q,Especial,SC,"Florianópolis, SC","Florianópolis, SC, Jurerê Internacional",0,1038,7814.94,32,10019.61,2025-10,0.6774,0.8219,21,31,462.05,379.0,3,16,2025-10-27,0.78,0.0,2204.670000000001,atenção
JRR309,Florianopolis-Jurere_Tradicional-apartamento-TOP-3Q,Carteira 1,SC,"Florianópolis, SC","Florianópolis, SC, Jurerê",2,111,5969.29,14,6110.01,2025-10,0.5172,0.4329,15,31,487.67,356.0,2,0,2025-10-27,0.98,975.34,140.72000000000025,berlinda
NWT0606,Especial-NWT-apartamento-TOP-1Q,Carteira 5,AL,"Maceió, AL","Maceió, AL, Pajuçara",1,184,5541.18,34,5613.71,2025-10,0.7667,0.7261,23,31,272.87,250.0,2,0,2025-10-27,0.99,272.87,72.52999999999975,berlinda
ODE1710,Sao_Paulo-Pompeia-apartamento-SUP-1Q,Carteira 4,SP,"São Paulo, SP","São Paulo, SP, Perdizes",4,105,221.66,74,3053.57,2025-10,0.1481,0.5076,4,31,131.2,130.0,1,0,2025-10-27,0.07,524.8,2831.9100000000003,crítico
PDM0002,Porto_Seguro-Pataxos-apartamento-SUP-2Q,Carteira 2,BA,"Porto Seguro, BA","Porto Seguro, BA, Taperapuan",1,28,3173.36,35,5287.85,2025-10,0.5667,0.6403,17,31,198.24,,0,0,2025-10-27,0.6,198.24,2114.4900000000002,atenção
PLN0415,Brasilia-Lago_Norte-apartamento-SUP-1Q,Carteira 1,DF,"Brasília, DF","Guará, DF, Centro",0,730,2860.23,10,2588.48,2025-10,0.6452,0.5152,20,31,159.1,,0,0,2025-10-27,1.1,0.0,-271.75,ok
REI0206,Salvador-Piata-apartamento-SUP-2Q,Carteira 5,BA,"Salvador, BA","Salvador, BA, Piatã",2,8,2404.82,50,3827.31,2025-10,0.5862,0.6675,17,31,183.65,186.75,4,0,2025-10-27,0.63,367.3,1422.4899999999998,atenção
RRA0103,Florianopolis-Praia_Brava-apartamento-TOP-3Q,Carteira 1,SC,"Florianópolis, SC","Florianópolis, SC, Praia Brava",2,392,2764.58,14,5442.41,2025-10,0.2414,0.5328,7,31,441.43,342.5,4,0,2025-10-27,0.51,882.86,2677.83,atenção
SOA0107,Salvador-Boca_do_Rio-apartamento-SUP-1Q,Carteira 2,BA,"Salvador, BA","Salvador, BA, Boca do Rio",2,287,2751.19,28,2387.44,2025-10,0.6552,0.6706,19,31,166.95,171.0,1,20,2025-10-27,1.15,333.9,-363.75,ok
SOA0912,Salvador-Boca_do_Rio-apartamento-SUP-2Q,Carteira 2,BA,"Salvador, BA","Salvador, BA, Boca do Rio",0,124,4706.05,12,4206.32,2025-10,0.7419,0.7674,23,31,264.65,198.0,1,0,2025-10-27,1.12,0.0,-499.7300000000005,ok
SPT0304,Blumenau-Central-apartamento-JR-1Q,Carteira 4,SC,"Blumenau, SC","Blumenau, SC, Itoupava Seca",0,502,5612.1,48,6119.8,2025-10,0.5484,0.5972,17,31,353.71,101.25,4,13,2025-10-27,0.92,0.0,507.6999999999998,berlinda
TXP0903,Goiania-Central-apartamento-SUP-1Q,Carteira 1,GO,"Goiânia, GO","Goiânia, GO, Setor Bueno",0,747,3761.67,161,2721.7,2025-10,0.9032,0.6044,28,31,192.32,169.0,1,0,2025-10-27,1.38,0.0,-1039.9700000000003,ok
VAS1009,Sao_Paulo-Pompeia-apartamento-SUP-1Q,Carteira 4,SP,"São Paulo, SP","São Paulo, SP, Pompeia",0,112,1569.61,74,3053.57,2025-10,0.2903,0.5076,9,31,222.44,130.0,2,0,2025-10-27,0.51,0.0,1483.9600000000003,atenção
AYA201,Florianopolis-Jurere_Tradicional-apartamento-JR-3Q,Carteira 1,SC,"Florianópolis, SC","Florianópolis, SC, Jurerê",0,1953,4882.29,22,3640.93,2025-10,0.8065,0.3041,25,31,243.52,175.0,1,0,2025-10-27,1.34,0.0,-1241.3600000000001,ok
CCI210,Florianopolis-Ingleses_Norte-apartamento-TOP-2Q,Carteira 1,SC,"Florianópolis, SC","Florianópolis, SC, Ingleses do Rio Vermelho",1,966,3534.78,20,3001.73,2025-10,0.6,0.5171,18,31,237.78,243.0,1,0,2025-10-27,1.18,237.78,-533.0500000000002,ok
CZZ0404,Urubici-Geral-apartamento-SUP-1Q,Especial,SC,"Urubici, SC","Urubici, SC, Centro",0,190,2637.85,64,1691.39,2025-10,0.5484,0.2197,17,31,185.88,157.5,4,0,2025-10-27,1.56,0.0,-946.4599999999998,ok
EMZ0504,Guarapari-Praia_do_Morro-apartamento-JR-2Q,Carteira 4,ES,"Guarapari, ES","Guarapari, ES, Praia do Morro",0,107,2909.66,91,2960.63,2025-10,0.5484,0.6391,17,31,185.18,135.25,4,0,2025-10-27,0.98,0.0,50.970000000000255,berlinda
ILC3109,Especial-ILC-hotel-TOP-1Q,Especial,SC,"Florianópolis, SC","Florianópolis, SC, Jurerê Internacional",0,1797,8965.08,28,10019.61,2025-10,0.7097,0.8614,22,31,498.14,381.0,3,0,2025-10-27,0.89,0.0,1054.5300000000007,berlinda
ILC4404,Especial-ILC-hotel-JR-1Q,Especial,SC,"Florianópolis, SC","Florianópolis, SC, Jurerê Internacional",0,1940,9274.69,16,7820.79,2025-10,0.8387,0.6145,26,31,419.77,,0,0,2025-10-27,1.19,0.0,-1453.9000000000005,ok
JRR205,Florianopolis-Jurere_Tradicional-apartamento-TOP-1Q,Carteira 1,SC,"Florianópolis, SC","Florianópolis, SC, Jurerê",0,1154,4687.54,16,4831.55,2025-10,0.9032,0.6121,28,31,218.14,,0,0,2025-10-27,0.97,0.0,144.01000000000022,berlinda
MCB0103,Balneario_Picarras-Geral-apartamento-SUP-2Q,Carteira 6,SC,"Balneário Piçarras, SC","Balneário Piçarras, SC, itacolomi",0,352,1803.76,58,1221.17,2025-10,0.5484,0.2657,17,31,119.65,,0,0,2025-10-27,1.48,0.0,-582.5899999999999,ok
MHF1901,Itapema-Canto_Praia-apartamento-TOP-1Q,Carteira 5,SC,"Itapema, SC","Itapema, SC, Centro",0,6,3628.32,15,3459.9,2025-10,0.8387,0.6192,26,31,169.0,228.0,1,0,2025-10-27,1.05,0.0,-168.42000000000007,berlinda
MLO0601,Itapema-Meia_Praia-Norte-apartamento-SUP-2Q,Carteira 6,SC,"Itapema, SC","Itapema, SC, Meia Praia",2,363,3095.5,14,3309.05,2025-10,0.6897,0.6033,20,31,178.55,174.0,3,0,2025-10-27,0.94,357.1,213.55000000000018,berlinda
MTS1503,Itapema-Praia_Itapema-apartamento-SUP-2Q,Carteira 6,SC,"Itapema, SC","Itapema, SC, Morretes",0,182,2736.35,14,2560.18,2025-10,0.6774,0.5723,21,31,155.14,130.0,2,0,2025-10-27,1.07,0.0,-176.17000000000007,berlinda
PFN0007,Porto_Seguro-Pataxos-apartamento-JR-2Q,Carteira 2,BA,"Porto Seguro, BA","Porto Seguro, BA, Pataxós",1,187,1356.88,68,3142.14,2025-10,0.3,0.5275,9,31,186.78,142.5,4,0,2025-10-27,0.43,186.78,1785.2599999999998,crítico
POS0205,Florianopolis-Ingleses_Praia-apartamento-JR-1Q,Carteira 1,SC,"Florianópolis, SC","Florianópolis, SC, Ingleses do Rio Vermelho",0,380,2887.78,30,2073.02,2025-10,0.7419,0.5322,23,31,150.52,,0,0,2025-10-27,1.39,0.0,-814.7600000000002,ok
PSOA0912,Penha-Beto_Carrero-apartamento-SUP-1Q,Carteira 3,SC,"Penha, SC","Penha, SC, Praia de Armação do Itapocoroi",0,82,3464.31,18,2566.46,2025-10,0.871,0.6596,27,31,157.19,160.0,1,0,2025-10-27,1.35,0.0,-897.8499999999999,ok
RIV101,Florianopolis-Jurere_Tradicional-apartamento-TOP-2Q,Carteira 1,SC,"Florianópolis, SC","Florianópolis, SC, Jurerê",0,558,6868.56,20,7616.02,2025-10,1.0,0.6008,31,31,375.1,,0,0,2025-10-27,0.9,0.0,747.46,berlinda
TPS303,Florianopolis-Canasvieiras_Meio-apartamento-TOP-1Q,Carteira 1,SC,"Florianópolis, SC","Florianópolis, SC, Canasvieiras",0,426,3487.93,29,2888.12,2025-10,0.8065,0.6699,25,31,149.36,161.0,2,0,2025-10-27,1.21,0.0,-599.81,ok
VDM101,Florianopolis-Canajure-apartamento-JR-1Q,Carteira 1,SC,"Florianópolis, SC","Florianópolis, SC, Canasvieiras",12,887,1432.73,35,1703.19,2025-10,0.7895,0.4363,15,31,118.8,,0,0,2025-10-27,0.84,1425.6,270.46000000000004,berlinda
VEC311,Bombinhas-Centro-apartamento-SUP-1Q,Carteira 6,SC,"Bombinhas, SC","Bombinhas, SC, Centro",0,1009,3240.04,32,2630.32,2025-10,0.9032,0.5814,28,31,149.96,120.0,1,0,2025-10-27,1.23,0.0,-609.7199999999998,ok
VFI0103,Gramado-Geral-apartamento-JR-2Q,Carteira 4,RS,"Gramado, RS","Gramado, RS, Centro",7,299,3656.2,36,2528.02,2025-10,0.7083,0.3317,17,31,279.76,,0,0,2025-10-27,1.45,1958.32,-1128.1799999999998,ok
VMA101,Florianopolis-Jurere_Tradicional-apartamento-SUP-3Q,Carteira 1,SC,"Florianópolis, SC","Florianópolis, SC, Jurerê",6,650,5596.72,25,6836.97,2025-10,0.8,0.5705,20,31,384.35,,0,0,2025-10-27,0.82,2306.1000000000004,1240.25,berlinda
COL102,Bombinhas-Bombas-apartamento-SUP-3Q,Carteira 6,SC,"Bombinhas, SC","Bombinhas, SC, Bombas",6,1063,3333.22,14,2550.13,2025-10,1.0,0.3358,25,31,198.0,,0,0,2025-10-27,1.31,1188.0,-783.0899999999997,ok
CON0101,Itapema-Meia_Praia-Norte-apartamento-SUP-3Q,Carteira 6,SC,"Itapema, SC","Itapema, SC, Meia Praia",0,231,4374.88,35,2279.35,2025-10,0.3871,0.3969,12,31,405.83,390.0,2,30,2025-10-27,1.92,0.0,-2095.53,ok
CST0905,Itajai-Centro-apartamento-JR-1Q,Carteira 6,SC,"Itajaí, SC","Itajaí, SC, Centro",3,85,2626.36,13,2072.05,2025-10,0.8571,0.6563,24,31,131.92,,0,0,2025-10-27,1.27,395.76,-554.31,ok
CZZ0304,Urubici-Geral-apartamento-SUP-1Q,Especial,SC,"Urubici, SC","Urubici, SC, Centro",0,182,3301.98,64,1691.39,2025-10,0.7742,0.2197,24,31,170.13,180.0,2,0,2025-10-27,1.95,0.0,-1610.59,ok
DLH0302,Gramado-Centro-apartamento-TOP-2Q,Carteira 4,RS,"Gramado, RS","Gramado, RS, Centro",3,448,5575.71,53,5324.65,2025-10,0.5714,0.5115,16,31,440.83,,0,0,2025-10-27,1.05,1322.49,-251.0600000000004,berlinda
DNAG1701,Goiania-Central-apartamento-TOP-1Q,Carteira 1,GO,"Goiânia, GO","Goiânia, GO, Setor Bueno",2,716,2748.62,53,3116.1,2025-10,0.6207,0.5687,18,31,194.94,166.0,4,6,2025-10-27,0.88,389.88,367.48,berlinda
DNAG1702,Goiania-Central-apartamento-TOP-1Q,Carteira 1,GO,"Goiânia, GO","Goiânia, GO, Setor Bueno",0,76,4113.39,53,3116.1,2025-10,0.7742,0.5687,24,31,223.38,180.67,3,0,2025-10-27,1.32,0.0,-997.2900000000004,ok
EDF1605,Salvador-Ondina_Rio_Vermelho-apartamento-TOP-1Q,Carteira 2,BA,"Salvador, BA","Salvador, BA, Rio Vermelho",0,44,3003.57,44,3860.1,2025-10,0.6129,0.6579,19,31,195.42,184.0,3,0,2025-10-27,0.78,0.0,856.5299999999997,atenção
EUB1602,Salvador-Barra-apartamento-SUP-1Q,Carteira 2,BA,"Salvador, BA","Salvador, BA, Barra",1,254,3005.09,209,3347.82,2025-10,0.7333,0.601,22,31,151.77,,0,0,2025-10-27,0.9,151.77,342.73,berlinda
FDL103,Bombinhas-Bombas-apartamento-JR-2Q,Carteira 6,SC,"Bombinhas, SC","Bombinhas, SC, Bombas",1,1212,2846.51,24,1362.55,2025-10,0.9333,0.3116,28,31,115.25,,0,3,2025-10-27,2.09,115.25,-1483.9600000000003,meta_subestimada
HFO0208,Salvador-UFBA-apartamento-SUP-1Q,Carteira 2,BA,"Salvador, BA","Salvador, BA, Federação",0,29,1002.38,413,3165.98,2025-10,0.2903,0.6001,9,31,131.78,148.5,2,0,2025-10-27,0.32,0.0,2163.6,crítico
JMA125,Florianopolis-Jurere_Longe-apartamento-JR-1Q,Carteira 1,SC,"Florianópolis, SC","Florianópolis, SC, Jurerê",0,174,735.6,28,1581.17,2025-10,0.2258,0.4565,7,31,129.14,110.0,3,0,2025-10-27,0.47,0.0,845.57,crítico
JRR303,Florianopolis-Jurere_Tradicional-apartamento-TOP-2Q,Carteira 1,SC,"Florianópolis, SC","Florianópolis, SC, Jurerê",0,1400,5755.47,20,7616.02,2025-10,0.7419,0.6008,23,31,336.04,,0,0,2025-10-27,0.76,0.0,1860.5500000000002,atenção
LIV1004,Salvador-Graca-apartamento-TOP-1Q,Especial,BA,"Salvador, BA","Salvador, BA, Vitória",0,126,4723.08,12,2921.78,2025-10,0.8065,0.5466,25,31,234.4,240.0,1,25,2025-10-27,1.62,0.0,-1801.2999999999997,ok
MCB0807,Balneario_Picarras-Geral-apartamento-SUP-2Q,Carteira 6,SC,"Balneário Piçarras, SC","Balneário Piçarras, SC, itacolomi",0,99,1637.44,58,1221.17,2025-10,0.5161,0.2657,16,31,142.81,138.0,1,0,2025-10-27,1.34,0.0,-416.27,ok
MHF1002,Itapema-Canto_Praia-apartamento-TOP-2Q,Carteira 5,SC,"Itapema, SC","Itapema, SC, Centro",2,278,3619.35,10,2671.81,2025-10,0.5172,0.2867,15,31,265.0,265.0,4,31,2025-10-27,1.35,530.0,-947.54,ok
MHFA2007,Itapema-Canto_Praia-apartamento-SUP-1Q,Carteira 5,SC,"Itapema, SC","Itapema, SC, Centro",0,350,1271.1,11,1766.45,2025-10,0.1613,0.415,5,31,288.0,288.0,4,31,2025-10-27,0.72,0.0,495.35000000000014,atenção
NWT0404,Especial-NWT-apartamento-TOP-1Q,Carteira 5,AL,"Maceió, AL","Maceió, AL, Pajuçara",1,62,4540.6,34,5613.71,2025-10,0.6,0.7261,18,31,291.11,287.75,4,0,2025-10-27,0.81,291.11,1073.1099999999997,berlinda
NWT0920,Especial-NWT-apartamento-TOP-1Q,Carteira 5,AL,"Maceió, AL","Maceió, AL, Pajuçara",1,183,4968.5,34,5613.71,2025-10,0.7,0.7261,21,31,279.52,250.0,3,0,2025-10-27,0.89,279.52,645.21,berlinda
NWT0924,Especial-NWT-apartamento-TOP-1Q,Carteira 5,AL,"Maceió, AL","Maceió, AL, Pajuçara",1,183,4355.02,34,5613.71,2025-10,0.4333,0.7261,13,31,400.0,400.0,4,31,2025-10-27,0.78,400.0,1258.6899999999996,atenção
NWT1007,Especial-NWT-apartamento-TOP-1Q,Carteira 5,AL,"Maceió, AL","Maceió, AL, Pajuçara",0,168,4398.97,34,5613.71,2025-10,0.5806,0.7261,18,31,291.94,280.0,1,0,2025-10-27,0.78,0.0,1214.7399999999998,atenção
NWT1323,Especial-NWT-apartamento-TOP-1Q,Carteira 5,AL,"Maceió, AL","Maceió, AL, Pajuçara",1,253,5590.71,34,5613.71,2025-10,0.7667,0.7261,23,31,291.78,280.0,1,0,2025-10-27,1.0,291.78,23.0,berlinda
PRN0003,Imbituba-Praia_do_Rosa-casa-JR-2Q,Carteira 6,SC,"Imbituba, SC","Imbituba, SC, Ibiraquera",1,145,1190.98,49,1352.82,2025-10,0.3333,0.253,10,31,139.8,110.0,3,0,2025-10-27,0.88,139.8,161.83999999999992,berlinda
SMT1121,Salvador-Boca_do_Rio-apartamento-TOP-1Q,Carteira 1,BA,"Salvador, BA","Salvador, BA, Jardim Armação",0,1,3207.97,12,4206.32,2025-10,0.6452,0.7674,20,31,179.25,,0,0,2025-10-27,0.76,0.0,998.3499999999999,atenção
SOA0602,Salvador-Boca_do_Rio-apartamento-SUP-2Q,Carteira 2,BA,"Salvador, BA","Salvador, BA, Boca do Rio",1,418,4073.86,12,4206.32,2025-10,0.7,0.7674,21,31,229.95,,0,0,2025-10-27,0.97,229.95,132.45999999999958,berlinda
SOA0608,Salvador-Boca_do_Rio-apartamento-SUP-1Q,Carteira 2,BA,"Salvador, BA","Salvador, BA, Boca do Rio",1,299,1547.29,28,2387.44,2025-10,0.3667,0.6706,11,31,167.55,130.0,3,0,2025-10-27,0.65,167.55,840.1500000000001,atenção
STP0903,Guarapari-Centro-apartamento-SUP-2Q,Carteira 4,ES,"Guarapari, ES","Guarapari, ES, Centro",0,119,1562.47,21,3225.75,2025-10,0.2258,0.4869,7,31,279.29,197.5,4,0,2025-10-27,0.48,0.0,1663.28,crítico
TCO0409,Porto_Alegre-Centro_Historico-apartamento-SUP-1Q,Carteira 4,RS,"Porto Alegre, RS","Porto Alegre, RS, Centro Histórico",1,456,2701.02,87,2119.74,2025-10,0.8333,0.5817,25,31,127.24,120.0,4,0,2025-10-27,1.27,127.24,-581.2800000000002,ok
TDB0101,Florianopolis-Ingleses_Norte-apartamento-SUP-2Q,Carteira 1,SC,"Florianópolis, SC","Florianópolis, SC, Ingleses Norte",1,257,4367.68,63,2335.8,2025-10,0.7333,0.3938,22,31,240.41,,0,0,2025-10-27,1.87,240.41,-2031.88,ok
TPS106,Florianopolis-Canasvieiras_Meio-apartamento-TOP-1Q,Carteira 1,SC,"Florianópolis, SC","Florianópolis, SC, Canasvieiras",2,986,3544.82,29,2888.12,2025-10,0.8621,0.6699,25,31,172.6,171.0,3,0,2025-10-27,1.23,345.2,-656.7000000000003,ok
VNVA0801,Itapema-Praia_Centro-apartamento-SUP-2Q,Carteira 6,SC,"Itapema, SC","Itapema, SC, Tabuleiro dos Oliveiras",0,133,2290.58,19,2550.0,2025-10,0.5806,0.5336,18,31,164.33,130.0,2,0,2025-10-27,0.9,0.0,259.4200000000001,berlinda
ZAH0811,Sao_Paulo-Bela_Vista-apartamento-TOP-1Q,Carteira 4,SP,"São Paulo, SP","São Paulo, SP, Paraíso",0,89,6306.13,225,4068.53,2025-10,0.871,0.6827,27,31,270.07,170.0,1,0,2025-10-27,1.55,0.0,-2237.6,ok
BLS1251,Goiania-Central-apartamento-SUP-1Q,Carteira 1,GO,"Goiânia, GO","Goiânia, GO, Setor Marista",0,741,3707.8,161,2721.7,2025-10,0.8065,0.6044,25,31,187.84,140.0,1,7,2025-10-27,1.36,0.0,-986.1000000000004,ok
CFA0508,Florianopolis-Centrao-apartamento-JR-1Q,Carteira 4,SC,"Florianópolis, SC","Florianópolis, SC, Centro",1,19,2516.08,68,2759.16,2025-10,0.8667,0.6039,26,31,122.31,,0,0,2025-10-27,0.91,122.31,243.07999999999993,berlinda
CMH0202,Florianopolis-Jurere_Internacional-apartamento-SUP-3Q,Carteira 1,SC,"Florianópolis, SC","Florianópolis, SC, Jurerê Internacional",6,222,6387.04,24,7132.99,2025-10,0.88,0.5835,22,31,335.09,,0,0,2025-10-27,0.9,2010.54,745.9499999999998,berlinda
COM305,Florianopolis-Santinho-apartamento-SUP-2Q,Carteira 1,SC,"Florianópolis, SC","Florianópolis, SC, Ingleses do Rio Vermelho",0,1498,3869.84,13,1970.83,2025-10,0.9032,0.4455,28,31,203.25,,0,0,2025-10-27,1.96,0.0,-1899.0100000000002,ok
CTB2505,Sao_Paulo-Brooklin-apartamento-SUP-1Q,Carteira 4,SP,"São Paulo, SP","São Paulo, SP, Vila Cordeiro",0,21,4364.67,149,3546.62,2025-10,0.8065,0.5992,25,31,198.24,,0,0,2025-10-27,1.23,0.0,-818.0500000000002,ok
DAL312,Canela-Geral-apartamento-TOP-1Q,Carteira 4,RS,"Canela, RS","Canela, RS, São José",0,723,3567.66,16,3319.03,2025-10,0.6129,0.3562,19,31,234.32,157.0,1,0,2025-10-27,1.07,0.0,-248.62999999999965,berlinda
DLH0501,Gramado-Centro-apartamento-TOP-2Q,Carteira 4,RS,"Gramado, RS","Gramado, RS, Centro",5,288,7399.7,53,5324.65,2025-10,0.7308,0.5115,19,31,470.47,,0,0,2025-10-27,1.39,2352.3500000000004,-2075.05,ok
EDC402,Florianopolis-Centrao-apartamento-SUP-2Q,Carteira 4,SC,"Florianópolis, SC","Florianópolis, SC, Centro",0,869,3379.5,41,4335.34,2025-10,0.6129,0.6069,19,31,240.87,225.0,1,0,2025-10-27,0.78,0.0,955.8400000000001,atenção
EDT0009,Porto_Seguro-Pataxos-apartamento-SUP-2Q,Carteira 2,BA,"Porto Seguro, BA","Porto Seguro, BA, Taperapuan",0,537,3750.13,35,5287.85,2025-10,0.6129,0.6403,19,31,230.0,,0,0,2025-10-27,0.71,0.0,1537.7200000000003,atenção
EDT0011,Porto_Seguro-Pataxos-apartamento-SUP-2Q,Carteira 2,BA,"Porto Seguro, BA","Porto Seguro, BA, Taperapuan",0,692,5380.64,35,5287.85,2025-10,0.6774,0.6403,21,31,334.62,202.0,2,0,2025-10-27,1.02,0.0,-92.78999999999996,berlinda
EJO0305,Florianopolis-Centrao-apartamento-SUP-2Q,Carteira 4,SC,"Florianópolis, SC","Florianópolis, SC, Centro",2,79,2519.48,41,4335.34,2025-10,0.4138,0.6069,12,31,255.17,175.0,3,0,2025-10-27,0.58,510.34,1815.8600000000001,atenção
ETP1002,Porto_Belo-Geral-apartamento-SUP-2Q,Carteira 6,SC,"Porto Belo, SC","Porto Belo, SC, centro",14,292,885.28,22,2463.78,2025-10,0.4118,0.4086,7,31,150.29,154.25,4,0,2025-10-27,0.36,2104.06,1578.5000000000002,crítico
MDR102,Florianopolis-Ingleses_Norte-apartamento-TOP-3Q,Carteira 1,SC,"Florianópolis, SC","Florianópolis, SC, Ingleses do Rio Vermelho",2,1092,5859.28,14,5798.87,2025-10,0.6552,0.5458,19,31,384.42,250.0,3,0,2025-10-27,1.01,768.84,-60.409999999999854,berlinda
MHF1704,Itapema-Canto_Praia-apartamento-TOP-1Q,Carteira 5,SC,"Itapema, SC","Itapema, SC, Centro",0,443,4345.09,15,3459.9,2025-10,0.9032,0.6192,28,31,188.61,,0,0,2025-10-27,1.26,0.0,-885.19,ok
NWT0312,Especial-NWT-apartamento-TOP-1Q,Carteira 5,AL,"Maceió, AL","Maceió, AL, Pajuçara",2,289,6526.07,34,5613.71,2025-10,0.8276,0.7261,24,31,323.04,,0,0,2025-10-27,1.16,646.08,-912.3599999999997,ok
NWT0418,Especial-NWT-apartamento-TOP-1Q,Carteira 5,AL,"Maceió, AL","Maceió, AL, Pajuçara",1,279,6100.36,34,5613.71,2025-10,0.7667,0.7261,23,31,309.35,,0,0,2025-10-27,1.09,309.35,-486.64999999999964,berlinda
NWT0503,Especial-NWT-apartamento-TOP-1Q,Carteira 5,AL,"Maceió, AL","Maceió, AL, Pajuçara",0,334,5261.42,34,5613.71,2025-10,0.7097,0.7261,22,31,287.73,280.0,3,0,2025-10-27,0.94,0.0,352.28999999999996,berlinda
OKA206,Florianopolis-Campeche-apartamento-TOP-1Q,Carteira 1,SC,"Florianópolis, SC","Florianópolis, SC, Campeche",0,4,5841.77,29,3017.07,2025-10,1.0,0.5922,31,31,229.97,,0,0,2025-10-27,1.94,0.0,-2824.7000000000003,ok
PGO210,Pocos_de_Caldas-Geral-apartamento-SUP-1Q,Carteira 4,MG,"Poços de Caldas, MG","Poços de Caldas, MG, São Benedito",0,777,2134.92,30,1751.93,2025-10,0.5484,0.4614,17,31,152.59,125.75,4,0,2025-10-27,1.22,0.0,-382.99,ok
PSO1009,Penha-Beto_Carrero-apartamento-SUP-1Q,Carteira 3,SC,"Penha, SC","Penha, SC, Praia de Armação do Itapocoroi",0,91,3690.8,18,2566.46,2025-10,0.9032,0.6596,28,31,164.07,138.0,2,0,2025-10-27,1.44,0.0,-1124.3400000000001,ok
RAN203,Florianopolis-Jurere_Tradicional-apartamento-TOP-3Q,Carteira 1,SC,"Florianópolis, SC","Florianópolis, SC, Jurerê",0,1328,7498.94,14,6110.01,2025-10,0.7097,0.4329,22,31,430.86,333.0,2,0,2025-10-27,1.23,0.0,-1388.9299999999994,ok
RFA303,Porto_Alegre-Santana-apartamento-SUP-1Q,Carteira 4,RS,"Porto Alegre, RS","Porto Alegre, RS, Santo Antônio",11,392,1925.83,70,2225.72,2025-10,0.85,0.5393,17,31,132.06,130.0,3,0,2025-10-27,0.87,1452.66,299.8899999999999,berlinda
RRI103,Florianopolis-Centrao-apartamento-TOP-2Q,Carteira 4,SC,"Florianópolis, SC","Florianópolis, SC, Centro",8,730,5720.2,23,5167.96,2025-10,0.913,0.5696,21,31,332.14,,0,0,2025-10-27,1.11,2657.12,-552.2399999999998,ok
SVN0401,Florianopolis-Ingleses_Centro-apartamento-TOP-3Q,Carteira 1,SC,"Florianópolis, SC","Florianópolis, SC, Ingleses do Rio Vermelho",13,652,2694.48,42,5345.58,2025-10,0.5,0.5009,9,31,334.0,334.0,1,27,2025-10-27,0.5,4342.0,2651.1,atenção
TCO1005,Porto_Alegre-Centro_Historico-apartamento-SUP-1Q,Carteira 4,RS,"Porto Alegre, RS","Porto Alegre, RS, Centro Histórico",1,55,2699.92,87,2119.74,2025-10,0.8333,0.5817,25,31,121.68,120.0,3,0,2025-10-27,1.27,121.68,-580.1800000000003,ok
VRN302,Florianopolis-Jurere_Tradicional-apartamento-TOP-2Q,Carteira 1,SC,"Florianópolis, SC","Florianópolis, SC, Jurerê",5,622,5877.47,20,7616.02,2025-10,0.9231,0.6008,24,31,380.21,228.0,1,0,2025-10-27,0.77,1901.05,1738.5500000000002,atenção
ACB0202,Florianopolis-Cachoeira_Bom_Jesus-apartamento-SUP-2Q,Carteira 1,SC,"Florianópolis, SC","Florianópolis, SC, Cachoeira do Bom Jesus Leste",0,167,2593.1,17,3702.24,2025-10,0.5806,0.5822,18,31,185.61,208.33,3,0,2025-10-27,0.7,0.0,1109.1399999999999,atenção
AIR1507,Porto_Alegre-Menino_Deus-apartamento-TOP-1Q,Carteira 4,RS,"Porto Alegre, RS","Porto Alegre, RS, Praia de Belas",0,608,3844.68,32,2539.45,2025-10,0.4516,0.576,14,31,333.0,333.0,1,31,2025-10-27,1.51,0.0,-1305.23,ok
BBC0004,Marau-Barra_Grande-apartamento-TOP-3Q,Carteira 2,BA,"Maraú, BA","Maraú, BA, Barra Grande",2,27,2125.0,9,4379.63,2025-10,0.1724,0.2455,5,31,500.0,500.0,4,0,2025-10-27,0.49,1000.0,2254.63,crítico
BIA035,Sao_Paulo-Moema-apartamento-TOP-2Q,Carteira 4,SP,"São Paulo, SP","São Paulo, SP, Indianópolis",2,399,6543.62,23,6946.2,2025-10,0.7931,0.6657,23,31,342.04,250.0,1,0,2025-10-27,0.94,684.08,402.5799999999999,berlinda
CCM0008,Bombinhas-Mariscal-casa-JR-2Q,Carteira 6,SC,"Bombinhas, SC","Bombinhas, SC, Campo Grande",31,314,0.0,13,1921.85,2025-10,,0.3131,0,31,0.0,,0,0,2025-10-27,0.0,0.0,1921.85,crítico
CMP0002,Florianopolis-Campeche-apartamento-JR-1Q,Carteira 1,SC,"Florianópolis, SC","Florianópolis, SC, Campeche",2,131,1855.52,24,1160.82,2025-10,0.6552,0.4803,19,31,130.26,108.0,2,0,2025-10-27,1.6,260.52,-694.7,ok
CNA009,Especial-CNA-casa-MASTER-1Q,Especial,SP,"Campos do Jordão, SP","Campos do Jordão, SP, Jardim Europa",0,985,11935.88,25,9245.88,2025-10,0.6774,0.485,21,31,629.57,765.0,1,6,2025-10-27,1.29,0.0,-2690.0,ok
EEP0801,Guarapari-Centro-apartamento-SUP-2Q,Carteira 4,ES,"Guarapari, ES","Guarapari, ES, São Judas Tadeu",0,84,3938.94,21,3225.75,2025-10,0.6774,0.4869,21,31,226.29,197.5,4,0,2025-10-27,1.22,0.0,-713.19,ok
GVM133,Florianopolis-Praia_Brava-apartamento-JR-2Q,Carteira 1,SC,"Florianópolis, SC","Florianópolis, SC, Cachoeira do Bom Jesus",0,1246,888.51,13,2277.41,2025-10,0.2258,0.3911,7,31,190.0,225.75,4,0,2025-10-27,0.39,0.0,1388.8999999999999,crítico
JBV231,Especial-JBV-hotel-TOP-1Q,Especial,SC,"Florianópolis, SC","Florianópolis, SC, Jurerê",0,735,11270.54,32,10019.61,2025-10,0.9355,0.8219,29,31,464.6,,0,0,2025-10-27,1.12,0.0,-1250.9300000000003,ok
PSN001,Itajai-Cabecudas-apartamento-TOP-2Q,Carteira 6,SC,"Itajaí, SC","Itajaí, SC, Cabeçudas",22,671,0.0,28,3688.46,2025-10,0.0,0.4943,0,31,0.0,400.0,2,31,2025-10-27,0.0,0.0,3688.46,crítico
QSA1405,Sao_Paulo-Moema-apartamento-TOP-1Q,Carteira 4,SP,"São Paulo, SP","São Paulo, SP, Vila Olímpia",0,405,5868.26,106,4472.16,2025-10,0.9032,0.6908,28,31,269.86,,0,0,2025-10-27,1.31,0.0,-1396.1000000000004,ok
RFO0102,Bombinhas-Centro-apartamento-TOP-2Q,Carteira 6,SC,"Bombinhas, SC","Bombinhas, SC, Centro",2,477,3517.48,27,3801.63,2025-10,0.8966,0.3509,26,31,177.23,,0,0,2025-10-27,0.93,354.46,284.1500000000001,berlinda
RTBA1361,Florianopolis-Canasvieiras_Meio-apartamento-SUP-2Q,Carteira 1,SC,"Florianópolis, SC","Florianópolis, SC, Canasvieiras",7,869,2474.18,20,2761.65,2025-10,0.7917,0.6523,19,31,203.16,145.0,1,14,2025-10-27,0.9,1422.12,287.47000000000025,berlinda
SSG0320,Florianopolis-UFSC-apartamento-TOP-1Q,Carteira 4,SC,"Florianópolis, SC","Florianópolis, SC, Córrego Grande",0,411,1681.32,15,2661.35,2025-10,0.2581,0.5879,8,31,259.88,189.75,4,0,2025-10-27,0.63,0.0,980.03,atenção
THO2708,Goiania-Leste-apartamento-TOP-1Q,Carteira 1,GO,"Goiânia, GO","Goiânia, GO, Jardim Goiás",0,170,2176.26,19,3517.33,2025-10,0.4194,0.5584,13,31,190.54,189.5,4,0,2025-10-27,0.62,0.0,1341.0699999999997,atenção
VST003,Especial-VST-casa-TOP-1Q,Carteira 5,SC,"Anitápolis, SC","Anitápolis, SC, Rio dos Pinheiros",0,457,2427.18,45,2754.3,2025-10,0.4516,0.2088,14,31,218.29,160.0,2,0,2025-10-27,0.88,0.0,327.12000000000035,berlinda
BLS1553,Goiania-Central-apartamento-SUP-1Q,Carteira 1,GO,"Goiânia, GO","Goiânia, GO, Setor Marista",0,736,4881.29,161,2721.7,2025-10,0.9677,0.6044,30,31,230.53,,0,1,2025-10-27,1.79,0.0,-2159.59,ok
DIA0004,Salvador-Flamengo-apartamento-SUP-2Q,Carteira 2,BA,"Salvador, BA","Salvador, BA, Stella Maris",5,132,1829.09,50,3827.31,2025-10,0.5,0.6675,13,31,170.46,157.5,4,0,2025-10-27,0.48,852.3000000000001,1998.22,crítico
MHF1303,Itapema-Canto_Praia-apartamento-TOP-1Q,Carteira 5,SC,"Itapema, SC","Itapema, SC, Centro",0,447,4283.03,15,3459.9,2025-10,0.9032,0.6192,28,31,192.04,,0,0,2025-10-27,1.24,0.0,-823.1299999999997,ok
NWT0807,Especial-NWT-apartamento-TOP-1Q,Carteira 5,AL,"Maceió, AL","Maceió, AL, Pajuçara",0,294,6756.3,34,5613.71,2025-10,0.871,0.7261,27,31,296.04,,0,6,2025-10-27,1.2,0.0,-1142.5900000000001,ok
OKA0221,Florianopolis-Campeche-apartamento-SUP-1Q,Carteira 1,SC,"Florianópolis, SC","Florianópolis, SC, Campeche",1,169,2974.26,25,2756.73,2025-10,0.5667,0.5652,17,31,220.82,191.0,2,0,2025-10-27,1.08,220.82,-217.5300000000002,berlinda
PDAA0611,Camaçari-Jacuipe-casa-SUP-3Q,Carteira 2,BA,"Camaçari, BA","Camaçari, BA, Barra do Jacuípe",5,677,2105.2,15,4898.69,2025-10,0.1923,0.4918,5,31,455.0,455.0,3,31,2025-10-27,0.43,2275.0,2793.49,crítico
PZD0403,Florianopolis-Itacorubi-apartamento-SUP-2Q,Carteira 4,SC,"Florianópolis, SC","Florianópolis, SC, Itacorubi",5,359,3669.52,14,4358.35,2025-10,0.9231,0.5169,24,31,207.42,,0,0,2025-10-27,0.84,1037.1,688.8300000000004,berlinda
QUI0225,Pocos_de_Caldas-Geral-apartamento-JR-1Q,Carteira 4,MG,"Poços de Caldas, MG","Poços de Caldas, MG, Cascatinha",0,205,2571.78,26,1374.72,2025-10,0.4516,0.3434,14,31,204.36,180.0,3,27,2025-10-27,1.87,0.0,-1197.0600000000002,ok
SFR0412,Bombinhas-Centro-apartamento-SUP-1Q,Carteira 6,SC,"Bombinhas, SC","Bombinhas, SC, Centro",0,6,2852.5,32,2630.32,2025-10,0.8065,0.5814,25,31,137.8,120.0,3,0,2025-10-27,1.08,0.0,-222.17999999999984,berlinda
SOA0406,Salvador-Boca_do_Rio-apartamento-SUP-1Q,Carteira 2,BA,"Salvador, BA","Salvador, BA, Boca do Rio",0,117,3053.89,28,2387.44,2025-10,0.871,0.6706,27,31,151.19,,0,0,2025-10-27,1.28,0.0,-666.4499999999998,ok
SPJ0503,Especial-SPJ-apartamento-TOP-1Q,Carteira 5,SC,"Florianópolis, SC","Florianópolis, SC, Jurerê",0,351,4543.04,19,3903.22,2025-10,0.871,0.6281,27,31,204.15,179.0,3,0,2025-10-27,1.16,0.0,-639.8200000000002,ok
STA0305,Gramado-Centro-apartamento-TOP-1Q,Carteira 4,RS,"Gramado, RS","Gramado, RS, Centro",0,47,5070.87,28,4601.69,2025-10,0.5806,0.5834,18,31,353.44,242.0,1,0,2025-10-27,1.1,0.0,-469.1800000000003,ok
TCO0914,Porto_Alegre-Centro_Historico-apartamento-SUP-1Q,Carteira 4,RS,"Porto Alegre, RS","Porto Alegre, RS, Centro Histórico",0,460,2536.16,87,2119.74,2025-10,0.7742,0.5817,24,31,127.75,120.0,2,0,2025-10-27,1.2,0.0,-416.4200000000001,ok
TPS211,Florianopolis-Canasvieiras_Meio-apartamento-TOP-1Q,Carteira 1,SC,"Florianópolis, SC","Florianópolis, SC, Canasvieiras",0,778,2644.22,29,2888.12,2025-10,0.6129,0.6699,19,31,156.79,144.0,1,0,2025-10-27,0.92,0.0,243.9000000000001,berlinda
VST031,Especial-VST-casa-TOP-1Q,Carteira 5,SC,"Anitápolis, SC","Anitápolis, SC, Rio dos Pinheiros",2,92,2785.01,45,2754.3,2025-10,0.4483,0.2088,13,31,270.31,160.0,2,0,2025-10-27,1.01,540.62,-30.710000000000036,berlinda
WBU2607,Goiania-Central-apartamento-TOP-1Q,Carteira 1,GO,"Goiânia, GO","Goiânia, GO, Setor Marista",0,716,3420.01,53,3116.1,2025-10,0.6452,0.5687,20,31,215.95,191.0,1,11,2025-10-27,1.1,0.0,-303.9100000000003,berlinda
BLS0355,Goiania-Central-apartamento-SUP-1Q,Carteira 1,GO,"Goiânia, GO","Goiânia, GO, Setor Marista",0,554,3946.42,161,2721.7,2025-10,0.8387,0.6044,26,31,198.77,154.5,2,0,2025-10-27,1.45,0.0,-1224.7200000000003,ok
BSO0203,Itajai-Praia_Brava-apartamento-SUP-1Q,Carteira 6,SC,"Balneário Camboriú, SC","Balneário Camboriú, SC, Praia dos Amores",0,162,2766.46,55,2564.51,2025-10,0.7097,0.5263,22,31,147.82,127.5,4,0,2025-10-27,1.08,0.0,-201.94999999999982,berlinda
CAU0199,Itapema-Meia_Praia-Norte-apartamento-JR-3Q,Carteira 6,SC,"Itapema, SC","Itapema, SC, Andorinha",0,13,2333.46,10,2160.62,2025-10,0.6129,0.3649,19,31,146.26,162.0,4,0,2025-10-27,1.08,0.0,-172.84000000000015,berlinda
CDM0101,Itapema-Praia_Centro-apartamento-SUP-3Q,Carteira 6,SC,"Itapema, SC","Itapema, SC, Tabuleiro dos Oliveiras",9,40,270.62,14,2086.73,2025-10,0.0909,0.3206,2,31,161.0,151.0,4,0,2025-10-27,0.13,1449.0,1816.1100000000001,crítico
CON1206,Porto_Alegre-PUC_RS-apartamento-SUP-1Q,Carteira 4,RS,"Porto Alegre, RS","Porto Alegre, RS, Partenon",0,131,2424.09,23,2139.45,2025-10,0.6452,0.5177,20,31,149.5,,0,0,2025-10-27,1.13,0.0,-284.6400000000003,ok
DMS0104,Gramado-Centro-apartamento-TOP-2Q,Carteira 4,RS,"Gramado, RS","Gramado, RS, Bairro Belverede",2,133,7210.32,53,5324.65,2025-10,0.5862,0.5115,17,31,511.0,431.0,3,6,2025-10-27,1.35,1022.0,-1885.67,ok
EFR0104,Cabo_Frio-Centro-apartamento-JR-3Q,Carteira 4,RJ,"Cabo Frio, RJ","Cabo Frio, RJ, Braga",6,631,2931.62,103,3342.34,2025-10,0.56,0.4987,14,31,267.21,196.67,3,0,2025-10-27,0.88,1603.2599999999998,410.72000000000025,berlinda
ERE418,Maceio-Cruz_das_Almas-apartamento-SUP-1Q,Carteira 2,AL,"Maceió, AL","Maceió, AL, Cruz das Almas",0,520,3302.28,111,3255.52,2025-10,0.7419,0.7198,23,31,158.87,144.33,3,0,2025-10-27,1.01,0.0,-46.76000000000022,berlinda
IDI0306,Balneario_Camboriu-Centro-apartamento-SUP-2Q,Carteira 6,SC,"Balneário Camboriú, SC","Balneário Camboriú, SC, Barra Sul",1,146,3829.07,72,4338.54,2025-10,0.7667,0.5488,23,31,227.0,153.0,3,0,2025-10-27,0.88,227.0,509.4699999999998,berlinda
ILC3111,Especial-ILC-hotel-JR-1Q,Especial,SC,"Florianópolis, SC","Florianópolis, SC, Jurerê Internacional",0,1867,9498.09,16,7820.79,2025-10,0.7742,0.6145,24,31,438.83,320.5,2,0,2025-10-27,1.21,0.0,-1677.3000000000002,ok
IPS0701,Porto_Alegre-Jardim_Botanico-apartamento-SUP-1Q,Carteira 4,RS,"Porto Alegre, RS","Porto Alegre, RS, Petrópolis",0,12,2495.15,63,2126.55,2025-10,0.6774,0.5301,21,31,148.14,130.0,1,0,2025-10-27,1.17,0.0,-368.5999999999999,ok
LEC0228,Brasilia-Asa_Sul-apartamento-SUP-1Q,Carteira 1,DF,"Brasília, DF","Brasília, DF, Setor Sudoeste",0,222,5255.88,121,4038.99,2025-10,0.9032,0.7987,28,31,219.82,209.0,1,0,2025-10-27,1.3,0.0,-1216.8900000000003,ok
LES403,Florianopolis-Jurere_Longe-apartamento-TOP-3Q,Carteira 1,SC,"Florianópolis, SC","Florianópolis, SC, Jurerê Internacional",6,1505,6904.89,10,4495.08,2025-10,0.76,0.4982,19,31,457.37,416.5,2,0,2025-10-27,1.54,2744.2200000000003,-2409.8100000000004,ok
LHE0201,Balneario_Camboriu-Centro-apartamento-SUP-3Q,Carteira 6,SC,"Balneário Camboriú, SC","Balneário Camboriú, SC, Barra Sul",3,13,2565.35,79,4235.1,2025-10,0.4286,0.482,12,31,232.0,,0,0,2025-10-27,0.61,696.0,1669.7500000000005,atenção
MHF1408,Itapema-Canto_Praia-apartamento-TOP-2Q,Carteira 5,SC,"Itapema, SC","Itapema, SC, Centro",0,265,5811.09,10,2671.81,2025-10,0.9355,0.2867,29,31,249.07,,0,0,2025-10-27,2.17,0.0,-3139.28,meta_subestimada
NWT0602,Especial-NWT-apartamento-TOP-1Q,Carteira 5,AL,"Maceió, AL","Maceió, AL, Pajuçara",0,184,5351.54,34,5613.71,2025-10,0.7097,0.7261,22,31,270.23,,0,0,2025-10-27,0.95,0.0,262.1700000000001,berlinda
OBP0305,Penha-Beto_Carrero-apartamento-TOP-2Q,Carteira 3,SC,"Penha, SC","Penha, SC, Armação",1,287,3417.05,46,3934.12,2025-10,0.6333,0.4571,19,31,217.21,211.5,4,0,2025-10-27,0.87,217.21,517.0699999999997,berlinda
PAR0003,Urubici-Geral-casa-TOP-1Q,Carteira 3,SC,"Urubici, SC","Urubici, SC, Arroio do Engenho",6,698,4568.69,101,3369.88,2025-10,0.64,0.316,16,31,357.31,232.33,3,0,2025-10-27,1.36,2143.86,-1198.8099999999995,ok
SPJ0504,Especial-SPJ-apartamento-TOP-1Q,Carteira 5,SC,"Florianópolis, SC","Florianópolis, SC, Jurerê",0,350,5135.97,19,3903.22,2025-10,0.871,0.6281,27,31,221.0,137.0,1,0,2025-10-27,1.32,0.0,-1232.7500000000005,ok
SSG0207,Florianopolis-UFSC-apartamento-TOP-1Q,Carteira 4,SC,"Florianópolis, SC","Florianópolis, SC, Córrego Grande",12,889,425.04,15,2661.35,2025-10,0.1579,0.5879,3,31,180.0,167.0,1,0,2025-10-27,0.16,2160.0,2236.31,crítico
VDI0401,Guarapari-Nova_Guarapari-apartamento-SUP-4Q,Carteira 4,ES,"Guarapari, ES","Guarapari, ES, Meaípe",7,107,5834.13,54,5582.64,2025-10,0.6667,0.591,16,31,427.69,276.25,4,0,2025-10-27,1.05,2993.83,-251.48999999999978,berlinda
VNU1613,Sao_Paulo-Bela_Vista-apartamento-SUP-1Q,Carteira 6,SP,"São Paulo, SP","São Paulo, SP, Bela Vista",1,13,1844.52,596,3350.19,2025-10,0.4,0.6478,12,31,158.25,150.0,4,0,2025-10-27,0.55,158.25,1505.67,atenção
VST010,Especial-VST-casa-TOP-1Q,Carteira 5,SC,"Anitápolis, SC","Anitápolis, SC, Rio dos Pinheiros",1,456,2439.84,45,2754.3,2025-10,0.4,0.2088,12,31,248.92,160.0,3,0,2025-10-27,0.89,248.92,314.46000000000004,berlinda
WBU2405,Goiania-Central-apartamento-TOP-1Q,Carteira 1,GO,"Goiânia, GO","Goiânia, GO, Setor Bueno",0,741,2936.82,53,3116.1,2025-10,0.5806,0.5687,18,31,194.44,173.0,1,0,2025-10-27,0.94,0.0,179.27999999999975,berlinda
ACM0865,Caldas_Novas-Geral-apartamento-SUP-2Q,Carteira 3,GO,"Caldas Novas, GO","Caldas Novas, GO, Do Turista",0,106,1978.46,27,2793.23,2025-10,0.2903,0.3554,9,31,230.0,172.75,4,0,2025-10-27,0.71,0.0,814.77,atenção
AGA0203,Camaçari-Jacuipe-apartamento-SUP-2Q,Carteira 2,BA,"Camaçari, BA","Camaçari, BA, Monte Gordo",3,148,3697.1,114,4284.85,2025-10,0.75,0.4839,21,31,221.43,,0,0,2025-10-27,0.86,664.29,587.7500000000005,berlinda
CEJ0304,Florianopolis-Jurere_Longe-apartamento-TOP-1Q,Carteira 1,SC,"Florianópolis, SC","Florianópolis, SC, Jurerê",0,16,4214.99,31,3564.9,2025-10,0.871,0.5139,27,31,231.04,162.0,3,0,2025-10-27,1.18,0.0,-650.0899999999997,ok
CEP093,Balneario_Camboriu-Centro-apartamento-SUP-3Q,Carteira 6,SC,"Balneário Camboriú, SC","Balneário Camboriú, SC, Centro",19,756,2781.41,79,4235.1,2025-10,0.8333,0.482,10,31,281.7,260.5,2,0,2025-10-27,0.66,5352.3,1453.6900000000005,atenção
CLR0211,Brasilia-Vila_Planalto-apartamento-SUP-1Q,Carteira 1,DF,"Brasília, DF","Brasília, DF, Asa Norte",0,97,4939.02,71,4913.85,2025-10,0.7742,0.6534,24,31,233.29,,0,0,2025-10-27,1.01,0.0,-25.170000000000073,berlinda
DMS0203,Gramado-Centro-apartamento-TOP-2Q,Carteira 4,RS,"Gramado, RS","Gramado, RS, Bairro Belverede",4,231,7275.76,53,5324.65,2025-10,0.6667,0.5115,18,31,480.22,345.0,1,0,2025-10-27,1.37,1920.88,-1951.1100000000006,ok
DPR0002,Balneario_Camboriu-Sul-apartamento-JR-1Q,Carteira 6,SC,"Balneário Camboriú, SC","Balneário Camboriú, SC, Barra",0,224,2047.99,35,1665.23,2025-10,0.6452,0.5526,20,31,129.1,110.0,1,0,2025-10-27,1.23,0.0,-382.76,ok
EBA0401,Porto_Alegre-Cidade_Baixa-apartamento-JR-1Q,Carteira 4,RS,"Porto Alegre, RS","Porto Alegre, RS, Cidade Baixa",2,692,1547.99,46,2406.36,2025-10,0.5172,0.7384,15,31,118.47,116.25,4,0,2025-10-27,0.64,236.94,858.3700000000001,atenção
ECL1902,Curitiba-Centro-apartamento-SUP-1Q,Carteira 4,PR,"Curitiba, PR","Curitiba, PR, Centro",0,111,1756.21,324,3147.25,2025-10,0.3871,0.6706,12,31,157.08,156.0,3,0,2025-10-27,0.56,0.0,1391.04,atenção
EMM0202,Guarapari-Praia_do_Morro-apartamento-SUP-2Q,Carteira 4,ES,"Guarapari, ES","Guarapari, ES, Praia do Morro",0,387,3903.03,48,4397.63,2025-10,0.6774,0.7448,21,31,196.1,160.67,3,0,2025-10-27,0.89,0.0,494.5999999999999,berlinda
ESS1004,Goiania-Leste-apartamento-SUP-1Q,Carteira 1,GO,"Goiânia, GO","Goiânia, GO, Setor Alto da Glória",0,219,3598.86,76,2650.3,2025-10,0.9355,0.5845,29,31,154.03,,0,0,2025-10-27,1.36,0.0,-948.56,ok
EVZ0601,Balneario_Camboriu-Norte-apartamento-JR-3Q,Carteira 6,SC,"Balneário Camboriú, SC","Balneário Camboriú, SC, Centro",0,204,1169.28,19,3260.6,2025-10,0.129,0.5,4,31,300.0,300.0,4,31,2025-10-27,0.36,0.0,2091.3199999999997,crítico
JMA006,Florianopolis-Jurere_Longe-apartamento-JR-1Q,Carteira 1,SC,"Florianópolis, SC","Florianópolis, SC, Jurerê",0,748,1599.29,28,1581.17,2025-10,0.5484,0.4565,17,31,125.29,110.0,3,0,2025-10-27,1.01,0.0,-18.11999999999989,berlinda
MHFB2007,Itapema-Canto_Praia-apartamento-SUP-1Q,Carteira 5,SC,"Itapema, SC","Itapema, SC, Centro",0,350,1427.7,11,1766.45,2025-10,0.2903,0.415,9,31,199.33,288.0,4,25,2025-10-27,0.81,0.0,338.75,berlinda
NRR128,Balneario_Camboriu-Intermediario-casa-JR-3Q,Carteira 6,SC,"Balneário Camboriú, SC","Balneário Camboriú, SC, Centro",5,859,2541.39,19,4318.85,2025-10,0.6538,0.5564,17,31,181.35,,0,0,2025-10-27,0.59,906.75,1777.4600000000005,atenção
NWT1010,Especial-NWT-apartamento-MASTER-1Q,Carteira 5,AL,"Maceió, AL","Maceió, AL, Pajuçara",2,161,11352.58,28,7169.93,2025-10,0.931,0.7888,27,31,490.93,,0,0,2025-10-27,1.58,981.86,-4182.65,ok
PSOA1103,Penha-Beto_Carrero-apartamento-SUP-1Q,Carteira 3,SC,"Penha, SC","Penha, SC, Praia de Armação do Itapocoroi",0,70,2955.61,18,2566.46,2025-10,0.6129,0.6596,19,31,182.58,148.5,4,0,2025-10-27,1.15,0.0,-389.1500000000001,ok
RMM0318,Florianopolis-Ingleses_Centro-apartamento-SUP-1Q,Carteira 1,SC,"Florianópolis, SC","Florianópolis, SC, Ingleses do Rio Vermelho",0,560,3609.08,31,1664.26,2025-10,0.6452,0.467,20,31,241.55,158.25,4,0,2025-10-27,2.17,0.0,-1944.82,meta_subestimada
SMZ407,Brasilia-Setor_Hoteleiro-apartamento-SUP-1Q,Carteira 1,DF,"Brasília, DF","Brasília, DF, Asa Norte",2,511,3696.84,145,6666.83,2025-10,0.6207,0.7835,18,31,259.5,230.0,2,0,2025-10-27,0.55,519.0,2969.99,atenção
SOH1102,Maceio-Ponta_Verde-apartamento-SUP-2Q,Carteira 2,AL,"Maceió, AL","Maceió, AL, Ponta Verde",1,306,4792.79,29,5961.64,2025-10,0.7,0.7652,21,31,272.86,223.25,4,0,2025-10-27,0.8,272.86,1168.8500000000004,berlinda
THO2614,Goiania-Leste-apartamento-SUP-1Q,Carteira 1,GO,"Goiânia, GO","Goiânia, GO, Jardim Goiás",0,502,2539.97,76,2650.3,2025-10,0.5484,0.5845,17,31,166.06,156.5,4,13,2025-10-27,0.96,0.0,110.33000000000038,berlinda
TRC0410,Florianopolis-UFSC-apartamento-SUP-1Q,Carteira 4,SC,"Florianópolis, SC","Florianópolis, SC, Carvoeira",1,99,3157.63,44,2740.41,2025-10,0.7333,0.6164,22,31,167.73,,0,0,2025-10-27,1.15,167.73,-417.22000000000025,ok
VGL041,Petropolis-Mosela-casa-JR-3Q,Carteira 4,RJ,"Petrópolis, RJ","Petrópolis, RJ, Mosela",7,825,2744.74,12,1711.46,2025-10,0.4167,0.5152,10,31,315.1,138.0,2,0,2025-10-27,1.6,2205.7000000000003,-1033.2799999999997,ok
CBE105,Florianopolis-Canasvieiras_Perto-apartamento-JR-1Q,Carteira 1,SC,"Florianópolis, SC","Florianópolis, SC, Canasvieiras",1,1483,2609.12,31,1703.19,2025-10,0.7,0.4168,21,31,138.38,159.0,4,0,2025-10-27,1.53,138.38,-905.9299999999998,ok
EAB0201,Florianopolis-Ingleses_Norte-apartamento-SUP-2Q,Carteira 1,SC,"Florianópolis, SC","Florianópolis, SC, Ingleses do Rio Vermelho",0,685,3796.46,63,2335.8,2025-10,0.6774,0.3938,21,31,208.43,173.25,4,0,2025-10-27,1.63,0.0,-1460.6599999999999,ok
EDG401,Balneario_Camboriu-Centro-apartamento-JR-3Q,Carteira 6,SC,"Balneário Camboriú, SC","Balneário Camboriú, SC, Centro",2,926,3465.11,35,3536.3,2025-10,0.7586,0.4365,22,31,181.41,,0,0,2025-10-27,0.98,362.82,71.19000000000005,berlinda
IDVB2602,Goiania-Central-2-apartamento-SUP-1Q,Carteira 1,GO,"Goiânia, GO","Goiânia, GO, Setor Oeste",0,282,2331.9,40,3067.14,2025-10,0.5161,0.531,16,31,165.5,159.25,4,0,2025-10-27,0.76,0.0,735.2399999999998,atenção
JBV465,Especial-JBV-hotel-JR-1Q,Especial,SC,"Florianópolis, SC","Florianópolis, SC, Jurerê",0,1811,7776.19,25,7692.08,2025-10,0.8387,0.6447,26,31,371.38,303.0,3,0,2025-10-27,1.01,0.0,-84.10999999999967,berlinda
LVL001,Porto_Seguro-Ajuda_Intermediario-casa-TOP-4Q,Carteira 2,BA,"Porto Seguro, BA","Porto Seguro, BA, Arraial DAjuda",5,461,7960.0,16,6370.04,2025-10,0.5385,0.5451,14,31,615.43,560.0,1,17,2025-10-27,1.25,3077.1499999999996,-1589.96,ok
MHF1109,Itapema-Canto_Praia-apartamento-TOP-2Q,Carteira 5,SC,"Itapema, SC","Itapema, SC, Centro",0,154,5720.55,10,2671.81,2025-10,0.8387,0.2867,26,31,258.69,190.0,1,0,2025-10-27,2.14,0.0,-3048.7400000000002,meta_subestimada
NWTA0607,Especial-NWT-apartamento-MASTER-1Q,Carteira 5,AL,"Maceió, AL","Maceió, AL, Pajuçara",0,155,8645.18,28,7169.93,2025-10,0.7742,0.7888,24,31,464.71,,0,0,2025-10-27,1.21,0.0,-1475.25,ok
OKA101,Florianopolis-Campeche-apartamento-SUP-1Q,Carteira 1,SC,"Florianópolis, SC","Florianópolis, SC, Campeche",0,1022,3081.21,25,2756.73,2025-10,0.7097,0.5652,22,31,172.27,194.0,3,0,2025-10-27,1.12,0.0,-324.48,ok
RJU8301,Bombinhas-Mariscal-casa-JR-3Q,Carteira 6,SC,"Bombinhas, SC","Bombinhas, SC, Mariscal",31,959,0.0,25,2043.83,2025-10,,0.3349,0,31,0.0,,0,0,2025-10-27,0.0,0.0,2043.83,crítico
RPV0308,Maceio-Jatiuca-apartamento-SUP-1Q,Carteira 2,AL,"Maceió, AL","Maceió, AL, Ponta Verde",10,105,2790.88,103,3255.52,2025-10,1.0,0.736,21,31,178.95,,0,0,2025-10-27,0.86,1789.5,464.6399999999999,berlinda
RVG101,Florianopolis-Ingleses_Norte-apartamento-TOP-3Q,Carteira 1,SC,"Florianópolis, SC","Florianópolis, SC, Ingleses do Rio Vermelho",6,519,5053.17,14,5798.87,2025-10,0.84,0.5458,21,31,325.71,250.0,1,0,2025-10-27,0.87,1954.2599999999998,745.6999999999998,berlinda
STI108,Florianopolis-Ingleses_Centro-apartamento-TOP-1Q,Carteira 1,SC,"Florianópolis, SC","Florianópolis, SC, Ingleses do Rio Vermelho",0,1449,3161.19,27,2607.34,2025-10,0.7097,0.4587,22,31,169.91,130.0,2,0,2025-10-27,1.21,0.0,-553.8499999999999,ok
VAC0603,Barra_Velha-Tabuleiro-apartamento-TOP-2Q,Carteira 3,SC,"Barra Velha, SC","Barra Velha, SC, Itajuba",0,285,2624.27,32,1879.1,2025-10,0.5161,0.375,16,31,203.38,640.0,4,13,2025-10-27,1.4,0.0,-745.1700000000001,ok
VLE004,Bombinhas-Mariscal-apartamento-JR-1Q,Carteira 6,SC,"Bombinhas, SC","Bombinhas, SC, Mariscal",0,1463,953.64,21,1557.2,2025-10,0.129,0.4924,4,31,225.0,198.0,4,27,2025-10-27,0.61,0.0,603.5600000000001,atenção
VST004,Especial-VST-casa-TOP-1Q,Carteira 5,SC,"Anitápolis, SC","Anitápolis, SC, Rio dos Pinheiros",2,92,2732.52,45,2754.3,2025-10,0.4483,0.2088,13,31,253.38,160.0,1,0,2025-10-27,0.99,506.76,21.7800000000002,berlinda
ACG302,Florianopolis-Canasvieiras_Perto-apartamento-JR-1Q,Carteira 1,SC,"Florianópolis, SC","Florianópolis, SC, Canasvieiras",0,581,1850.15,31,1703.19,2025-10,0.4516,0.4168,14,31,140.06,132.0,2,0,2025-10-27,1.09,0.0,-146.96000000000004,berlinda
ADE0003,Salvador-Barra-apartamento-JR-1Q,Carteira 2,BA,"Salvador, BA","Salvador, BA, Chame-Chame",0,113,1426.89,116,2690.79,2025-10,0.4516,0.6238,14,31,134.0,,0,0,2025-10-27,0.53,0.0,1263.8999999999999,atenção
APC0207,Florianopolis-Itacorubi-apartamento-TOP-1Q,Carteira 4,SC,"Florianópolis, SC","Florianópolis, SC, Itacorubi",3,188,1457.88,23,3149.76,2025-10,0.1786,0.5625,5,31,333.0,333.0,4,31,2025-10-27,0.46,999.0,1691.88,crítico
CCA201,Florianopolis-Canajure-apartamento-SUP-3Q,Carteira 1,SC,"Florianópolis, SC","Florianópolis, SC, Canasvieiras",10,1957,6935.29,14,3276.51,2025-10,1.0,0.3697,21,31,442.48,,0,0,2025-10-27,2.12,4424.8,-3658.7799999999997,meta_subestimada
CCB103,Florianopolis-Jurere_Internacional-apartamento-SUP-3Q,Carteira 1,SC,"Florianópolis, SC","Florianópolis, SC, Jurerê Internacional",0,1420,3380.1,24,7132.99,2025-10,0.3548,0.5835,11,31,314.73,273.0,3,21,2025-10-27,0.47,0.0,3752.89,crítico
ETPA1103,Porto_Belo-Geral-apartamento-SUP-2Q,Carteira 6,SC,"Porto Belo, SC","Porto Belo, SC, centro",1,215,3268.48,22,2463.78,2025-10,0.8667,0.4086,26,31,150.12,242.0,1,0,2025-10-27,1.33,150.12,-804.6999999999998,ok
GBA1104,Sao_Paulo-Campo_Belo-apartamento-SUP-1Q,Carteira 4,SP,"São Paulo, SP","São Paulo, SP, Campo Belo",0,142,2333.22,59,3594.65,2025-10,0.6129,0.7502,19,31,153.11,,0,0,2025-10-27,0.65,0.0,1261.4300000000003,atenção
HMA0305,Sao_Paulo-Mariana-apartamento-SUP-1Q,Carteira 4,SP,"São Paulo, SP","São Paulo, SP, Centro",0,405,2735.72,173,2959.28,2025-10,0.6774,0.5572,21,31,167.33,,0,0,2025-10-27,0.92,0.0,223.5600000000004,berlinda
ILC3401,Especial-ILC-hotel-TOP-1Q,Especial,SC,"Florianópolis, SC","Florianópolis, SC, Jurerê Internacional",3,1315,9278.97,28,10019.61,2025-10,0.8214,0.8614,23,31,464.13,343.0,3,0,2025-10-27,0.93,1392.3899999999999,740.6400000000012,berlinda
ILC3503,Especial-ILC-hotel-TOP-1Q,Especial,SC,"Florianópolis, SC","Florianópolis, SC, Jurerê Internacional",0,777,12532.73,28,10019.61,2025-10,0.9355,0.8614,29,31,567.86,393.0,1,0,2025-10-27,1.25,0.0,-2513.119999999999,ok
NWT0611,Especial-NWT-apartamento-TOP-1Q,Carteira 5,AL,"Maceió, AL","Maceió, AL, Pajuçara",1,184,5588.79,34,5613.71,2025-10,0.8333,0.7261,25,31,259.44,,0,0,2025-10-27,1.0,259.44,24.920000000000073,berlinda
NXO0404,Sao_Paulo-Bela_Vista-apartamento-SUP-1Q,Carteira 4,SP,"São Paulo, SP","São Paulo, SP, Consolação",0,198,2260.8,596,3350.19,2025-10,0.5161,0.6478,16,31,163.19,,0,0,2025-10-27,0.67,0.0,1089.3899999999999,atenção
OKA110,Florianopolis-Campeche-apartamento-SUP-1Q,Carteira 1,SC,"Florianópolis, SC","Florianópolis, SC, Campeche",0,1022,4620.47,25,2756.73,2025-10,0.9032,0.5652,28,31,213.82,,0,0,2025-10-27,1.68,0.0,-1863.7400000000002,ok
PDM0208,Sao_Paulo-Madalena-apartamento-TOP-1Q,Carteira 4,SP,"São Paulo, SP","São Paulo, SP, Vila Madalena",0,106,5935.51,27,5226.35,2025-10,0.9677,0.6516,30,31,233.53,,0,5,2025-10-27,1.14,0.0,-709.1599999999999,ok
PRN0001,Imbituba-Praia_do_Rosa-apartamento-SIM-1Q,Carteira 6,SC,"Imbituba, SC","Imbituba, SC, Ibiraquera",0,145,1848.09,10,1021.67,2025-10,0.6774,0.2446,21,31,105.24,90.0,2,0,2025-10-27,1.81,0.0,-826.42,ok
PSO0709,Penha-Beto_Carrero-apartamento-SUP-1Q,Carteira 3,SC,"Penha, SC","Penha, SC, Praia de Armação do Itapocoroi",0,89,4399.9,18,2566.46,2025-10,0.9355,0.6596,29,31,203.21,,0,0,2025-10-27,1.71,0.0,-1833.4399999999996,ok
RBN1104,Goiania-Sul-apartamento-SUP-2Q,Carteira 1,GO,"Goiânia, GO","Goiânia, GO, Setor Bueno",0,505,3657.42,23,2966.47,2025-10,0.5806,0.5,18,31,218.72,215.0,2,0,2025-10-27,1.23,0.0,-690.9500000000003,ok
RFMB0011,Santa_Cruz_Cabralia-Coroa_Vermelha-apartamento-JR-2Q,Carteira 2,BA,"Porto Seguro, BA","Santa Cruz Cabrália, BA, Coroa Vermelha",0,294,3718.02,22,3071.33,2025-10,0.7097,0.562,22,31,192.41,,0,0,2025-10-27,1.21,0.0,-646.69,ok
RSC0102,Florianopolis-Cachoeira_Bom_Jesus-apartamento-TOP-1Q,Carteira 1,SC,"Florianópolis, SC","Florianópolis, SC, Cachoeira do Bom Jesus",0,334,2134.9,23,3518.57,2025-10,0.6774,0.5766,21,31,125.05,155.75,4,0,2025-10-27,0.61,0.0,1383.67,atenção
TCR0113,Aguas_Claras-Geral-apartamento-JR-1Q,Carteira 1,DF,"Brasília, DF","Brasília, DF, Taguatinga Sul",3,413,1339.04,84,2416.38,2025-10,0.4286,0.6231,12,31,147.83,155.5,4,0,2025-10-27,0.55,443.49,1077.3400000000001,atenção
TPS0206,Florianopolis-Canasvieiras_Meio-apartamento-TOP-1Q,Carteira 1,SC,"Florianópolis, SC","Florianópolis, SC, Canasvieiras",7,292,0.0,29,2888.12,2025-10,0.0,0.6699,0,31,0.0,274.0,4,31,2025-10-27,0.0,0.0,2888.12,crítico
VLE008,Bombinhas-Mariscal-apartamento-JR-1Q,Carteira 6,SC,"Bombinhas, SC","Bombinhas, SC, mariscal",0,1282,1092.5,21,1557.2,2025-10,0.1935,0.4924,6,31,198.0,198.0,4,31,2025-10-27,0.7,0.0,464.70000000000005,atenção
VTD0310,Florianopolis-UFSC-apartamento-SUP-1Q,Carteira 4,SC,"Florianópolis, SC","Florianópolis, SC, Trindade",1,43,4136.58,44,2740.41,2025-10,1.0,0.6164,30,31,174.9,,0,0,2025-10-27,1.51,174.9,-1396.17,ok
BSR0203,Ilheus-Sul-apartamento-SUP-1Q,Carteira 2,BA,"Ilhéus, BA","Ilhéus, BA, Nossa Senhora da Vitória",8,218,2230.38,38,2259.16,2025-10,0.8696,0.4591,20,31,147.7,,0,0,2025-10-27,0.99,1181.6,28.779999999999745,berlinda
CAR0106,Itajai-Centro-apartamento-JR-1Q,Carteira 6,SC,"Itajaí, SC","Itajaí, SC, Centro",2,79,1946.19,13,2072.05,2025-10,0.6207,0.6563,18,31,135.94,138.0,1,0,2025-10-27,0.94,271.88,125.86000000000013,berlinda
CLE1202,Porto_Belo-Geral-apartamento-TOP-3Q,Carteira 6,SC,"Porto Belo, SC","Porto Belo, SC, Perequê",3,400,4657.54,10,2888.04,2025-10,0.8214,0.2518,23,31,244.22,175.0,1,0,2025-10-27,1.61,732.66,-1769.5,ok
CNB002,Especial-CNB-casa-TOP-1Q,Especial,SP,"Campos do Jordão, SP","Campos do Jordão, SP, Jardim Europa",0,567,7695.57,17,5682.81,2025-10,0.4839,0.6351,15,31,617.0,397.5,4,7,2025-10-27,1.35,0.0,-2012.7599999999993,ok
ETHA604,Caldas_Novas-Geral-apartamento-JR-3Q,Carteira 3,GO,"Caldas Novas, GO","Caldas Novas, GO, Bandeirantes",0,728,3809.36,15,3919.76,2025-10,0.6129,0.468,19,31,182.53,154.67,3,0,2025-10-27,0.97,0.0,110.40000000000009,berlinda
IPT0141,Balneario_Camboriu-Centro-apartamento-TOP-2Q,Carteira 6,SC,"Balneário Camboriú, SC","Balneário Camboriú, SC, Centro",0,422,5545.3,31,4866.25,2025-10,0.9032,0.5648,28,31,241.36,,0,0,2025-10-27,1.14,0.0,-679.0500000000002,ok
LBO203,Porto_Alegre-Auxiliadora-apartamento-TOP-1Q,Carteira 4,RS,"Porto Alegre, RS","Porto Alegre, RS, Mont Serrat",4,443,2122.67,37,3452.27,2025-10,0.4444,0.6599,12,31,208.5,200.0,3,0,2025-10-27,0.61,834.0,1329.6,atenção
LIV0810,Salvador-Graca-apartamento-TOP-1Q,Especial,BA,"Salvador, BA","Salvador, BA, Vitória",0,75,4111.67,12,2921.78,2025-10,0.9032,0.5466,28,31,183.43,,0,0,2025-10-27,1.41,0.0,-1189.8899999999999,ok
MHF1808,Itapema-Canto_Praia-apartamento-TOP-2Q,Carteira 5,SC,"Itapema, SC","Itapema, SC, Centro",0,19,3890.02,10,2671.81,2025-10,0.5484,0.2867,17,31,300.0,300.0,4,27,2025-10-27,1.46,0.0,-1218.21,ok
NFE1544,Curitiba-Centro-apartamento-SUP-1Q,Carteira 4,PR,"Curitiba, PR","Curitiba, PR, Centro",0,154,3290.1,324,3147.25,2025-10,0.6129,0.6706,19,31,156.5,,0,0,2025-10-27,1.05,0.0,-142.8499999999999,berlinda
NWT0707,Especial-NWT-apartamento-MASTER-1Q,Carteira 5,AL,"Maceió, AL","Maceió, AL, Pajuçara",2,155,9755.09,28,7169.93,2025-10,0.8276,0.7888,24,31,495.79,,0,0,2025-10-27,1.36,991.58,-2585.16,ok
OCB0901,Salvador-Barra-apartamento-TOP-1Q,Carteira 2,BA,"Salvador, BA","Salvador, BA, Barra",0,114,5264.58,135,4707.73,2025-10,0.9355,0.704,29,31,258.31,,0,0,2025-10-27,1.12,0.0,-556.8500000000004,ok
OKA213,Florianopolis-Campeche-apartamento-SUP-1Q,Carteira 1,SC,"Florianópolis, SC","Florianópolis, SC, Campeche",0,653,4007.17,25,2756.73,2025-10,0.8387,0.5652,26,31,191.88,203.0,2,0,2025-10-27,1.45,0.0,-1250.44,ok
OKA224,Florianopolis-Campeche-apartamento-SUP-1Q,Carteira 1,SC,"Florianópolis, SC","Florianópolis, SC, Campeche",0,1027,4590.66,25,2756.73,2025-10,0.9355,0.5652,29,31,207.72,,0,0,2025-10-27,1.67,0.0,-1833.9299999999998,ok
PRJ002,Imbituba-Praia_do_Rosa-casa-SIM-1Q,Carteira 6,SC,"Imbituba, SC","Imbituba, SC, Ibiraquera",0,1210,0.0,49,1294.42,2025-10,0.0,0.3214,0,31,0.0,90.0,4,0,2025-10-27,0.0,0.0,1294.42,crítico
QSPB005,Pirenopolis-Geral-casa-JR-3Q,Carteira 4,GO,"Pirenópolis, GO","Pirenópolis, GO, Vila João Figueredo",9,726,4259.22,24,5124.16,2025-10,0.5,0.4187,11,31,366.73,235.0,4,0,2025-10-27,0.83,3300.57,864.9399999999996,berlinda
RFM0007,Santa_Cruz_Cabralia-Coroa_Vermelha-apartamento-SUP-2Q,Carteira 2,BA,"Santa Cruz Cabrália, BA","Santa Cruz Cabrália, BA, Coroa Vermelha",3,245,950.88,45,4511.23,2025-10,0.25,0.6517,7,31,184.86,,0,0,2025-10-27,0.21,554.58,3560.3499999999995,crítico
RSA025,Florianopolis-Canasvieiras_Perto-apartamento-JR-1Q,Carteira 1,SC,"Florianópolis, SC","Florianópolis, SC, Canasvieiras",0,177,3009.79,31,1703.19,2025-10,0.8387,0.4168,26,31,135.65,124.0,1,0,2025-10-27,1.77,0.0,-1306.6,ok
RUC0001,Bombinhas-Mariscal-casa-JR-2Q,Carteira 6,SC,"Bombinhas, SC","Bombinhas, SC, Canto Grande",3,301,575.84,13,1921.85,2025-10,0.2143,0.3131,6,31,112.67,104.25,4,0,2025-10-27,0.3,338.01,1346.0099999999998,crítico
SLC0102,Florianopolis-Rio_Vermelho-apartamento-JR-1Q,Carteira 1,SC,"Florianópolis, SC","Florianópolis, SC, Ingleses do Rio Vermelho",0,233,1441.1,16,2053.66,2025-10,0.6452,0.7071,20,31,85.45,,0,0,2025-10-27,0.7,0.0,612.56,atenção
SPJ0101,Especial-SPJ-apartamento-TOP-1Q,Carteira 5,SC,"Florianópolis, SC","Florianópolis, SC, Jurerê",0,180,4459.94,19,3903.22,2025-10,0.8387,0.6281,26,31,208.12,,0,0,2025-10-27,1.14,0.0,-556.7199999999998,ok
SPJ0301,Especial-SPJ-apartamento-TOP-1Q,Carteira 5,SC,"Florianópolis, SC","Florianópolis, SC, Jurerê",1,487,4857.11,19,3903.22,2025-10,0.9,0.6281,27,31,207.33,137.0,1,0,2025-10-27,1.24,207.33,-953.8899999999999,ok
SRL002,Balneario_Camboriu-Centro-apartamento-JR-2Q,Carteira 6,SC,"Balneário Camboriú, SC","Balneário Camboriú, SC, Centro",0,583,1945.89,43,2111.4,2025-10,0.5806,0.4194,18,31,129.72,127.5,4,0,2025-10-27,0.92,0.0,165.51,berlinda
TPS202,Florianopolis-Canasvieiras_Meio-apartamento-TOP-1Q,Carteira 1,SC,"Florianópolis, SC","Florianópolis, SC, Canasvieiras",0,806,3103.13,29,2888.12,2025-10,0.8065,0.6699,25,31,158.0,205.0,3,0,2025-10-27,1.07,0.0,-215.01000000000022,berlinda
ASR204,Florianopolis-Santinho-apartamento-TOP-2Q,Carteira 1,SC,"Florianópolis, SC","Florianópolis, SC, Ingleses do Rio Vermelho",0,1413,4248.3,17,6433.18,2025-10,0.3226,0.5731,10,31,500.0,500.0,1,27,2025-10-27,0.66,0.0,2184.88,atenção
BTR0302,Balneario_Camboriu-Intermediario-apartamento-JR-2Q,Carteira 6,SC,"Balneário Camboriú, SC","Balneário Camboriú, SC, Centro",8,650,2257.49,49,2944.08,2025-10,0.7826,0.5022,18,31,155.5,,0,0,2025-10-27,0.77,1244.0,686.5900000000001,atenção
CII0602,Porto_Belo-Geral-apartamento-SUP-2Q,Carteira 6,SC,"Porto Belo, SC","Porto Belo, SC, Perequê",1,404,3380.64,22,2463.78,2025-10,0.9,0.4086,27,31,154.63,,0,0,2025-10-27,1.37,154.63,-916.8599999999997,ok
CNA003,Especial-CNA-casa-MASTER-1Q,Especial,SP,"Campos do Jordão, SP","Campos do Jordão, SP, Jardim Europa",0,985,9991.25,25,9245.88,2025-10,0.6452,0.485,20,31,619.1,473.33,3,6,2025-10-27,1.08,0.0,-745.3700000000008,berlinda
CRR201,Florianopolis-Ribeirao-apartamento-SUP-2Q,Carteira 4,SC,"Florianópolis, SC","Florianópolis, SC, Ribeirão da Ilha",2,828,3141.93,40,2948.95,2025-10,0.7586,0.5271,22,31,178.18,161.5,2,0,2025-10-27,1.07,356.36,-192.98000000000002,berlinda
CSG305,Florianopolis-Canasvieiras_Perto-apartamento-JR-1Q,Carteira 1,SC,"Florianópolis, SC","Florianópolis, SC, Canasvieiras",0,1318,1420.34,31,1703.19,2025-10,0.3548,0.4168,11,31,147.45,132.0,1,0,2025-10-27,0.83,0.0,282.85000000000014,berlinda
ECH504,Florianopolis-Centrao-apartamento-TOP-1Q,Carteira 4,SC,"Florianópolis, SC","Florianópolis, SC, Centro",0,553,5047.53,23,5318.32,2025-10,0.871,0.5262,27,31,227.33,,0,0,2025-10-27,0.95,0.0,270.78999999999996,berlinda
ELF0410,Bombinhas-Bombas-apartamento-SUP-1Q,Especial,SC,"Bombinhas, SC","Bombinhas, SC, José Amândio",1,51,3485.0,42,1744.23,2025-10,0.6,0.3583,18,31,228.0,228.0,4,31,2025-10-27,2.0,228.0,-1740.77,ok
ELU207,Florianopolis-Jurere_Tradicional-apartamento-TOP-1Q,Carteira 1,SC,"Florianópolis, SC","Florianópolis, SC, Jurerê",0,861,4053.29,16,4831.55,2025-10,0.8387,0.6121,26,31,208.92,,0,0,2025-10-27,0.84,0.0,778.2600000000002,berlinda
HOX1010,Sao_Paulo-Pinheiros-apartamento-SUP-1Q,Carteira 4,SP,"São Paulo, SP","São Paulo, SP, Pinheiros",0,106,3153.49,413,3951.39,2025-10,0.5806,0.6435,18,31,203.06,170.0,2,0,2025-10-27,0.8,0.0,797.9000000000001,atenção
IDVB2103,Goiania-Central-2-apartamento-TOP-1Q,Carteira 1,GO,"Goiânia, GO","Goiânia, GO, Setor Oeste",0,5,5024.56,29,3495.91,2025-10,0.8387,0.5191,26,31,240.15,,0,0,2025-10-27,1.44,0.0,-1528.6500000000005,ok
JBV167,Especial-JBV-hotel-TOP-1Q,Especial,SC,"Florianópolis, SC","Florianópolis, SC, Jurerê",0,1090,8438.29,32,10019.61,2025-10,0.9032,0.8219,28,31,366.36,,0,0,2025-10-27,0.84,0.0,1581.3199999999997,berlinda
JFM0101,Florianopolis-Beira_Mar-apartamento-JR-2Q,Carteira 4,SC,"Florianópolis, SC","Florianópolis, SC, Centro",0,86,4168.15,27,3548.96,2025-10,0.8387,0.4929,26,31,183.69,,0,0,2025-10-27,1.17,0.0,-619.1899999999996,ok
MLU0306,Gramado-Geral-apartamento-SUP-1Q,Carteira 4,RS,"Gramado, RS","Gramado, RS, Bavaria",0,69,4791.33,74,2701.26,2025-10,0.7742,0.5012,24,31,260.79,,0,0,2025-10-27,1.77,0.0,-2090.0699999999997,ok
NWT0304,Especial-NWT-apartamento-TOP-1Q,Carteira 5,AL,"Maceió, AL","Maceió, AL, Pajuçara",1,316,3737.24,34,5613.71,2025-10,0.5,0.7261,15,31,278.47,280.0,4,5,2025-10-27,0.67,278.47,1876.4700000000003,atenção
NWT1421,Especial-NWT-apartamento-TOP-1Q,Carteira 5,AL,"Maceió, AL","Maceió, AL, Pajuçara",3,321,5260.98,34,5613.71,2025-10,0.75,0.7261,21,31,321.76,280.0,3,0,2025-10-27,0.94,965.28,352.7300000000005,berlinda
REK0001,Penha-Beto_Carrero-casa-JR-2Q,Carteira 3,SC,"Penha, SC","Penha, SC, Armação",0,35,1927.65,13,3226.6,2025-10,0.4839,0.5161,15,31,156.2,120.75,4,0,2025-10-27,0.6,0.0,1298.9499999999998,atenção
RNA0303,Bombinhas-Mariscal-apartamento-TOP-3Q,Carteira 6,SC,"Bombinhas, SC","Bombinhas, SC, Canto Grande",9,651,2985.6,21,3576.69,2025-10,0.5455,0.357,12,31,302.5,296.0,4,18,2025-10-27,0.83,2722.5,591.0900000000001,berlinda
TCO0615,Porto_Alegre-Centro_Historico-apartamento-SUP-1Q,Carteira 4,RS,"Porto Alegre, RS","Porto Alegre, RS, Centro Histórico",2,524,1957.58,87,2119.74,2025-10,0.5862,0.5817,17,31,129.76,120.0,4,0,2025-10-27,0.92,259.52,162.15999999999985,berlinda
VAC2205,Barra_Velha-Tabuleiro-apartamento-SUP-2Q,Carteira 3,SC,"Barra Velha, SC","Barra Velha, SC, Itajuba",4,573,1241.73,75,1277.88,2025-10,0.4074,0.273,11,31,137.82,139.5,4,0,2025-10-27,0.97,551.28,36.15000000000009,berlinda
VHB1104,Balneario_Picarras-Geral-apartamento-TOP-2Q,Carteira 6,SC,"Balneário Piçarras, SC","Balneário Piçarras, SC, Itacolomi",2,531,3180.19,33,2398.7,2025-10,0.7241,0.3483,21,31,178.24,140.0,3,0,2025-10-27,1.33,356.48,-781.4900000000002,ok
VST001,Especial-VST-casa-TOP-1Q,Carteira 5,SC,"Anitápolis, SC","Anitápolis, SC, Rio dos Pinheiros",0,92,2581.88,45,2754.3,2025-10,0.4516,0.2088,14,31,231.5,160.0,3,0,2025-10-27,0.94,0.0,172.42000000000007,berlinda
ATP0003,Porto_Seguro-Pitinga-casa-SUP-4Q,Carteira 2,BA,"Porto Seguro, BA","Porto Seguro, BA, Arraial D Ajuda",5,233,3019.28,12,7828.43,2025-10,0.3077,0.4583,8,31,464.5,456.0,4,0,2025-10-27,0.39,2322.5,4809.15,crítico
CNB011,Especial-CNB-casa-TOP-1Q,Especial,SP,"Campos do Jordão, SP","Campos do Jordão, SP, Jardim Europa",1,560,8578.9,17,5682.81,2025-10,0.6333,0.6351,19,31,529.16,520.0,2,7,2025-10-27,1.51,529.16,-2896.0899999999992,ok
ECM204,Florianopolis-Lagoa-apartamento-SUP-1Q,Carteira 1,SC,"Florianópolis, SC","Florianópolis, SC, Lagoa da Conceição",2,1093,3056.94,23,2810.1,2025-10,0.8276,0.6661,24,31,158.63,,0,0,2025-10-27,1.09,317.26,-246.84000000000015,berlinda
LGR204,Florianopolis-Ingleses_Centro-apartamento-JR-1Q,Carteira 1,SC,"Florianópolis, SC","Florianópolis, SC, Ingleses do Rio Vermelho",0,1013,1856.55,16,2053.66,2025-10,0.6452,0.7071,20,31,114.8,,0,0,2025-10-27,0.9,0.0,197.1099999999999,berlinda
MBCA0302,Goiania-Leste-apartamento-TOP-1Q,Carteira 1,GO,"Goiânia, GO","Goiânia, GO, Jardim Goiás",0,176,3750.42,19,3517.33,2025-10,0.8065,0.5584,25,31,223.72,,0,0,2025-10-27,1.07,0.0,-233.09000000000015,berlinda
MBCA1704,Goiania-Leste-apartamento-SUP-1Q,Carteira 1,GO,"Goiânia, GO","Goiânia, GO, Jardim Goiás",1,741,3403.19,76,2650.3,2025-10,0.8333,0.5845,25,31,161.64,145.5,2,0,2025-10-27,1.28,161.64,-752.8899999999999,ok
MHF1108,Itapema-Canto_Praia-apartamento-TOP-2Q,Carteira 5,SC,"Itapema, SC","Itapema, SC, Centro",3,425,2910.74,10,2671.81,2025-10,0.6071,0.2867,17,31,204.88,190.0,3,0,2025-10-27,1.09,614.64,-238.92999999999984,berlinda
MHF1509,Itapema-Canto_Praia-apartamento-TOP-2Q,Carteira 5,SC,"Itapema, SC","Itapema, SC, Centro",0,241,3732.89,10,2671.81,2025-10,0.6129,0.2867,19,31,226.24,202.0,4,0,2025-10-27,1.4,0.0,-1061.08,ok
MHF2001,Itapema-Canto_Praia-apartamento-TOP-1Q,Carteira 5,SC,"Itapema, SC","Itapema, SC, Centro",0,295,2425.5,15,3459.9,2025-10,0.5161,0.6192,16,31,171.7,,0,0,2025-10-27,0.7,0.0,1034.4,atenção
MPA107,Salvador-Pituba_Praia-apartamento-SUP-1Q,Carteira 5,BA,"Salvador, BA","Salvador, BA, Pituba",3,449,3539.79,14,2339.45,2025-10,0.8929,0.5815,25,31,158.84,140.0,1,0,2025-10-27,1.51,476.52,-1200.3400000000001,ok
MRE1101,Porto_Belo-Geral-apartamento-SUP-2Q,Carteira 6,SC,"Porto Belo, SC","Porto Belo, SC, Pereque",3,196,2729.41,22,2463.78,2025-10,0.75,0.4086,21,31,154.21,183.5,2,0,2025-10-27,1.11,462.63,-265.62999999999965,ok
NOA0919,Sao_Paulo-Santo_Amaro-apartamento-SUP-1Q,Carteira 4,SP,"São Paulo, SP","São Paulo, SP, Santo Amaro",0,307,2418.88,152,3299.8,2025-10,0.4839,0.6158,15,31,196.13,130.0,1,0,2025-10-27,0.73,0.0,880.9200000000001,atenção
NWT0706,Especial-NWT-apartamento-TOP-1Q,Carteira 5,AL,"Maceió, AL","Maceió, AL, Pajuçara",0,154,5046.37,34,5613.71,2025-10,0.7419,0.7261,23,31,287.13,280.0,4,0,2025-10-27,0.9,0.0,567.3400000000001,berlinda
NWT0906,Especial-NWT-apartamento-TOP-1Q,Carteira 5,AL,"Maceió, AL","Maceió, AL, Pajuçara",1,190,5122.14,34,5613.71,2025-10,0.7667,0.7261,23,31,255.74,250.0,2,0,2025-10-27,0.91,255.74,491.5699999999997,berlinda
NWT1021,Especial-NWT-apartamento-TOP-1Q,Carteira 5,AL,"Maceió, AL","Maceió, AL, Pajuçara",2,168,4299.95,34,5613.71,2025-10,0.5517,0.7261,16,31,369.25,280.0,3,0,2025-10-27,0.77,738.5,1313.7600000000002,atenção
NWTA0609,Especial-NWT-apartamento-MASTER-1Q,Carteira 5,AL,"Maceió, AL","Maceió, AL, Pajuçara",1,177,8090.3,28,7169.93,2025-10,0.7667,0.7888,23,31,448.65,400.0,1,0,2025-10-27,1.13,448.65,-920.3699999999999,ok
PEM1301,Blumenau-Central-apartamento-JR-1Q,Carteira 4,SC,"Blumenau, SC","Blumenau, SC, Centro",1,189,9113.08,48,6119.8,2025-10,0.9667,0.5972,29,31,363.1,105.0,1,0,2025-10-27,1.49,363.1,-2993.2799999999997,ok
RGOR0025,Itapema-Meia_Praia-Sul-apartamento-SUP-1Q,Carteira 6,SC,"Itapema, SC","Itapema, SC, Castelo Branco",0,170,2210.91,14,1946.01,2025-10,0.7097,0.4852,22,31,120.59,139.5,4,0,2025-10-27,1.14,0.0,-264.89999999999986,ok
ROY0401,Porto_Alegre-Jardim_Botanico-apartamento-SUP-2Q,Carteira 4,RS,"Porto Alegre, RS","Porto Alegre, RS, Chácara das Pedras",5,13,1000.31,36,2592.93,2025-10,0.2308,0.4994,6,31,203.5,180.0,3,0,2025-10-27,0.39,1017.5,1592.62,crítico
RSR0812,Maceio-Cruz_das_Almas-apartamento-MASTER-1Q,Carteira 2,AL,"Maceió, AL","Maceió, AL, Cruz das Almas",5,343,5133.51,69,7036.11,2025-10,0.9615,0.7941,25,31,278.44,,0,0,2025-10-27,0.73,1392.2,1902.5999999999995,atenção
SQC0810,Sao_Paulo-Moema-apartamento-SUP-1Q,Carteira 4,SP,"São Paulo, SP","São Paulo, SP, Moema",0,245,5214.39,519,3424.22,2025-10,0.9032,0.5899,28,31,305.89,,0,0,2025-10-27,1.52,0.0,-1790.1700000000005,ok
BRI0102,Florianopolis-Jurere_Longe-apartamento-SUP-2Q,Carteira 1,SC,"Florianópolis, SC","Florianópolis, SC, Jurerê",7,70,3022.58,20,3712.16,2025-10,0.625,0.5048,15,31,216.41,152.0,1,0,2025-10-27,0.81,1514.87,689.5799999999999,berlinda
CEC0801,Salvador-UFBA-apartamento-TOP-1Q,Carteira 2,BA,"Salvador, BA","Salvador, BA, Ondina",0,82,3590.37,12,2595.66,2025-10,0.871,0.5135,27,31,168.22,189.0,2,0,2025-10-27,1.38,0.0,-994.71,ok
CZZ0602,Urubici-Geral-apartamento-TOP-2Q,Especial,SC,"Urubici, SC","Urubici, SC, Centro",0,197,7602.02,24,4699.82,2025-10,0.7742,0.2569,24,31,377.25,324.0,2,0,2025-10-27,1.62,0.0,-2902.2000000000007,ok
ELF0411,Bombinhas-Bombas-apartamento-SUP-1Q,Especial,SC,"Bombinhas, SC","Bombinhas, SC, José Amândio",1,140,3360.06,42,1744.23,2025-10,0.9,0.3583,27,31,144.81,,0,0,2025-10-27,1.93,144.81,-1615.83,ok
JMAR004,Florianopolis-Jurere_Longe-apartamento-JR-1Q,Carteira 1,SC,"Florianópolis, SC","Florianópolis, SC, Jurerê",0,259,1248.84,28,1581.17,2025-10,0.3871,0.4565,12,31,124.33,,0,0,2025-10-27,0.79,0.0,332.33000000000015,atenção
MHF1203,Itapema-Canto_Praia-apartamento-TOP-1Q,Carteira 5,SC,"Itapema, SC","Itapema, SC, Centro",15,229,405.66,15,3459.9,2025-10,0.125,0.6192,2,31,265.0,265.0,4,31,2025-10-27,0.12,3975.0,3054.2400000000002,crítico
MHFA0604,Itapema-Canto_Praia-apartamento-SUP-1Q,Carteira 5,SC,"Itapema, SC","Itapema, SC, Centro",0,426,2529.78,11,1766.45,2025-10,0.6452,0.415,20,31,139.45,146.25,4,0,2025-10-27,1.43,0.0,-763.3300000000002,ok
NOA0705,Sao_Paulo-Santo_Amaro-apartamento-SUP-1Q,Carteira 4,SP,"São Paulo, SP","São Paulo, SP, Santo Amaro",0,435,2394.72,152,3299.8,2025-10,0.7097,0.6158,22,31,152.59,144.0,1,0,2025-10-27,0.73,0.0,905.0800000000004,atenção
NOR0102,Brasilia-Asa_Norte-apartamento-SUP-2Q,Carteira 1,DF,"Brasília, DF","Brasília, DF, Asa Norte",1,736,4046.82,35,4310.78,2025-10,0.6333,0.7756,19,31,232.26,190.0,1,0,2025-10-27,0.94,232.26,263.9599999999996,berlinda
NWT0813,Especial-NWT-apartamento-TOP-1Q,Carteira 5,AL,"Maceió, AL","Maceió, AL, Pajuçara",2,155,5367.95,34,5613.71,2025-10,0.7931,0.7261,23,31,301.04,280.0,4,0,2025-10-27,0.96,602.08,245.76000000000022,berlinda
NWTB0608,Especial-NWT-apartamento-MASTER-1Q,Carteira 5,AL,"Maceió, AL","Maceió, AL, Pajuçara",0,177,5343.6,28,7169.93,2025-10,0.4839,0.7888,15,31,417.8,401.25,4,0,2025-10-27,0.75,0.0,1826.33,atenção
OKA0135,Florianopolis-Campeche-apartamento-SUP-1Q,Carteira 1,SC,"Florianópolis, SC","Florianópolis, SC, Campeche",0,15,3800.68,25,2756.73,2025-10,0.8387,0.5652,26,31,196.35,213.0,3,0,2025-10-27,1.38,0.0,-1043.9499999999998,ok
PDP0301,Porto_Belo-Geral-apartamento-SUP-2Q,Carteira 6,SC,"Porto Belo, SC","Porto Belo, SC, Perequê",0,113,2402.84,22,2463.78,2025-10,0.5161,0.4086,16,31,162.69,154.25,4,0,2025-10-27,0.98,0.0,60.940000000000055,berlinda
RCX1105,Itajai-Praia_Brava-apartamento-MASTER-1Q,Carteira 6,SC,"Itajaí, SC","Itajaí, SC, Praia Brava",25,69,792.15,17,3857.96,2025-10,0.8333,0.5205,5,31,219.8,,0,0,2025-10-27,0.21,5495.0,3065.81,crítico
RLA0201,Gramado-Geral-apartamento-TOP-2Q,Carteira 4,RS,"Gramado, RS","Gramado, RS, Tres Pinheiros",0,236,6338.64,90,5391.2,2025-10,0.7419,0.5345,23,31,339.35,390.0,1,0,2025-10-27,1.18,0.0,-947.4400000000005,ok
SPJ0501,Especial-SPJ-apartamento-TOP-1Q,Carteira 5,SC,"Florianópolis, SC","Florianópolis, SC, Jurerê",0,351,5430.67,19,3903.22,2025-10,0.9677,0.6281,30,31,216.97,130.0,1,0,2025-10-27,1.39,0.0,-1527.4500000000003,ok
TCO0312,Porto_Alegre-Centro_Historico-apartamento-SUP-1Q,Carteira 4,RS,"Porto Alegre, RS","Porto Alegre, RS, Centro Histórico",0,335,2725.2,87,2119.74,2025-10,0.871,0.5817,27,31,129.81,,0,0,2025-10-27,1.29,0.0,-605.46,ok
TMHB102,Porto_de_Pedras-Tatuamunha-apartamento-TOP-2Q,Carteira 2,AL,"Porto de Pedras, AL","Porto de Pedras, AL, Porto de pedras",0,561,3450.5,33,5517.77,2025-10,0.4194,0.5487,13,31,311.85,284.25,4,26,2025-10-27,0.63,0.0,2067.2700000000004,atenção
TPS312,Florianopolis-Canasvieiras_Meio-apartamento-TOP-1Q,Carteira 1,SC,"Florianópolis, SC","Florianópolis, SC, Canasvieiras",0,1000,2290.42,29,2888.12,2025-10,0.5806,0.6699,18,31,148.17,158.0,2,0,2025-10-27,0.79,0.0,597.6999999999998,atenção
TXP0606,Goiania-Central-apartamento-SUP-1Q,Carteira 1,GO,"Goiânia, GO","Goiânia, GO, Setor Bueno",0,741,1972.95,161,2721.7,2025-10,0.4839,0.6044,15,31,159.2,150.5,2,0,2025-10-27,0.72,0.0,748.7499999999998,atenção
TXP1505,Goiania-Central-apartamento-SUP-1Q,Carteira 1,GO,"Goiânia, GO","Goiânia, GO, Setor Bueno",0,736,2503.83,161,2721.7,2025-10,0.6129,0.6044,19,31,155.26,,0,0,2025-10-27,0.92,0.0,217.8699999999999,berlinda
VST013,Especial-VST-casa-TOP-1Q,Carteira 5,SC,"Anitápolis, SC","Anitápolis, SC, Rio dos Pinheiros",1,456,3245.07,45,2754.3,2025-10,0.4667,0.2088,14,31,292.07,160.0,3,0,2025-10-27,1.18,292.07,-490.77,ok
BTI003,Ubatuba-Praia_Grande-apartamento-SIM-2Q,Carteira 4,SP,"Ubatuba, SP","Ubatuba, SP, Praia Grande",0,603,3347.03,43,3394.7,2025-10,0.8065,0.45,25,31,168.36,,0,0,2025-10-27,0.99,0.0,47.66999999999962,berlinda
CET1702,Balneario_Camboriu-Centro-apartamento-TOP-3Q,Carteira 6,SC,"Balneário Camboriú, SC","Balneário Camboriú, SC, Centro",0,1077,9185.38,34,6587.28,2025-10,0.9677,0.5267,30,31,404.23,,0,0,2025-10-27,1.39,0.0,-2598.0999999999995,ok
CNA007,Especial-CNA-casa-MASTER-1Q,Especial,SP,"Campos do Jordão, SP","Campos do Jordão, SP, Jardim Europa",0,985,12316.61,25,9245.88,2025-10,0.7742,0.485,24,31,599.88,765.0,1,6,2025-10-27,1.33,0.0,-3070.7300000000014,ok
EHI0802,Itajai-Praia_Brava-apartamento-MASTER-2Q,Carteira 6,SC,"Itajaí, SC","Itajaí, SC, Praia Brava",0,124,8023.49,13,5673.75,2025-10,0.9355,0.6364,29,31,342.62,215.0,3,0,2025-10-27,1.41,0.0,-2349.74,ok
FLT0002,Florianopolis-Centrao-apartamento-SIM-1Q,Carteira 4,SC,"Florianópolis, SC","Florianópolis, SC, Centro",2,180,2226.15,13,1444.15,2025-10,0.931,0.4115,27,31,118.93,,0,0,2025-10-27,1.54,237.86,-782.0,ok
IDA101,Florianopolis-Ingleses_Norte-apartamento-TOP-1Q,Carteira 1,SC,"Florianópolis, SC","Florianópolis, SC, Ingleses do Rio Vermelho",0,651,5117.43,65,2447.48,2025-10,0.8065,0.4026,25,31,249.72,,0,0,2025-10-27,2.09,0.0,-2669.9500000000003,meta_subestimada
ILC2414,Especial-ILC-hotel-JR-1Q,Especial,SC,"Florianópolis, SC","Florianópolis, SC, Jurerê Internacional",10,1211,6012.55,16,7820.79,2025-10,0.7619,0.6145,16,31,477.56,379.0,1,15,2025-10-27,0.77,4775.6,1808.2399999999998,atenção
MBI022,Pocos_de_Caldas-Geral-apartamento-SUP-3Q,Carteira 4,MG,"Poços de Caldas, MG","Poços de Caldas, MG, Jardim Bandeirantes",0,733,1943.46,9,1751.85,2025-10,0.3226,0.3566,10,31,231.0,210.0,3,0,2025-10-27,1.11,0.0,-191.61000000000013,ok
NWT1005,Especial-NWT-apartamento-TOP-1Q,Carteira 5,AL,"Maceió, AL","Maceió, AL, Pajuçara",0,168,6575.96,34,5613.71,2025-10,0.8387,0.7261,26,31,300.54,280.0,2,0,2025-10-27,1.17,0.0,-962.25,ok
NWT1423,Especial-NWT-apartamento-TOP-1Q,Carteira 5,AL,"Maceió, AL","Maceió, AL, Pajuçara",8,254,3685.28,34,5613.71,2025-10,0.6957,0.7261,16,31,284.13,280.0,1,0,2025-10-27,0.66,2273.04,1928.4299999999998,atenção
ONX1410,Goiania-Central-apartamento-JR-1Q,Carteira 1,GO,"Goiânia, GO","Goiânia, GO, Setor Bueno",1,448,3779.63,77,2646.9,2025-10,0.9667,0.5971,29,31,175.55,,0,0,2025-10-27,1.43,175.55,-1132.73,ok
PMN0901,Porto_Alegre-Jardim_Lindoia-apartamento-SUP-2Q,Carteira 4,RS,"Porto Alegre, RS","Porto Alegre, RS, Passo d Areia",0,135,4973.86,11,5430.73,2025-10,0.5161,0.7727,16,31,351.75,351.0,4,29,2025-10-27,0.92,0.0,456.8699999999999,berlinda
PSO0904,Penha-Beto_Carrero-apartamento-SUP-1Q,Carteira 3,SC,"Penha, SC","Penha, SC, Praia de Armação do Itapocoroi",0,96,5057.85,18,2566.46,2025-10,0.9355,0.6596,29,31,231.03,,0,0,2025-10-27,1.97,0.0,-2491.3900000000003,ok
PZO0905,Ilheus-Sul-apartamento-SUP-2Q,Carteira 2,BA,"Ilhéus, BA","Ilhéus, BA, Nossa Senhora da Vitória",0,55,2077.53,24,3158.2,2025-10,0.4516,0.5022,14,31,175.07,149.0,3,0,2025-10-27,0.66,0.0,1080.6699999999996,atenção
RCS701,Porto_Belo-Geral-apartamento-SUP-3Q,Carteira 6,SC,"Porto Belo, SC","Porto Belo, SC, Balneário Perequê",5,537,3981.44,13,2335.8,2025-10,0.7692,0.4148,20,31,249.55,,0,0,2025-10-27,1.7,1247.75,-1645.6399999999999,ok
RDM0101,Itapema-Meia_Praia-Norte-apartamento-TOP-2Q,Carteira 6,SC,"Itapema, SC","Itapema, SC, Meia Praia",0,28,4283.32,53,2664.76,2025-10,0.9032,0.3983,28,31,205.64,150.0,1,0,2025-10-27,1.61,0.0,-1618.5599999999995,ok
SIS0005,Florianopolis-Canto_da_Lagoa-apartamento-JR-1Q,Carteira 1,SC,"Florianópolis, SC","Florianópolis, SC, Lagoa da Conceição",0,98,971.8,15,2949.5,2025-10,0.3226,0.5478,10,31,117.8,118.5,2,0,2025-10-27,0.33,0.0,1977.7,crítico
SKL1307,Penha-Praia-apartamento-SUP-3Q,Carteira 6,SC,"Penha, SC","Penha, SC, Armação",7,127,3044.22,19,3825.0,2025-10,0.5833,0.352,14,31,294.93,207.0,1,0,2025-10-27,0.8,2064.51,780.7800000000002,atenção
SPJ0305,Especial-SPJ-apartamento-TOP-1Q,Carteira 5,SC,"Florianópolis, SC","Florianópolis, SC, Jurerê",0,485,4598.54,19,3903.22,2025-10,0.9355,0.6281,29,31,205.07,130.0,1,0,2025-10-27,1.18,0.0,-695.3200000000002,ok
SRE1403,Itapema-Meia_Praia-Sul-apartamento-SUP-2Q,Carteira 6,SC,"Itapema, SC","Itapema, SC, Meia Praia",3,6,1079.62,11,3466.72,2025-10,0.3571,0.404,10,31,144.0,139.67,3,0,2025-10-27,0.31,432.0,2387.1,crítico
STI105,Florianopolis-Ingleses_Centro-apartamento-TOP-1Q,Carteira 1,SC,"Florianópolis, SC","Florianópolis, SC, Ingleses do Rio Vermelho",0,995,3993.12,27,2607.34,2025-10,0.7742,0.4587,24,31,195.88,,0,0,2025-10-27,1.53,0.0,-1385.7799999999997,ok
TCO1115,Porto_Alegre-Centro_Historico-apartamento-SUP-1Q,Carteira 4,RS,"Porto Alegre, RS","Porto Alegre, RS, Centro Histórico",0,49,3101.47,87,2119.74,2025-10,0.871,0.5817,27,31,137.41,125.0,1,0,2025-10-27,1.46,0.0,-981.73,ok
TXP2206,Goiania-Central-apartamento-SUP-1Q,Carteira 1,GO,"Goiânia, GO","Goiânia, GO, Setor Bueno",0,747,3009.82,161,2721.7,2025-10,0.6774,0.6044,21,31,163.86,,0,15,2025-10-27,1.11,0.0,-288.12000000000035,ok
VST006,Especial-VST-casa-TOP-1Q,Carteira 5,SC,"Anitápolis, SC","Anitápolis, SC, Rio dos Pinheiros",1,457,3222.03,45,2754.3,2025-10,0.4667,0.2088,14,31,271.21,160.0,3,0,2025-10-27,1.17,271.21,-467.73,ok
VST021,Especial-VST-casa-TOP-1Q,Carteira 5,SC,"Anitápolis, SC","Anitápolis, SC, Rio dos Pinheiros",0,454,2929.71,45,2754.3,2025-10,0.5484,0.2088,17,31,218.41,160.0,1,0,2025-10-27,1.06,0.0,-175.40999999999985,berlinda
BCA2004,Salvador-Ondina_Rio_Vermelho-apartamento-SUP-1Q,Carteira 2,BA,"Salvador, BA","Salvador, BA, Ondina",0,141,3674.88,67,2441.63,2025-10,0.871,0.5897,27,31,181.96,144.0,1,0,2025-10-27,1.51,0.0,-1233.25,ok
CSF0202,Salvador-Barra-apartamento-SUP-2Q,Carteira 2,BA,"Salvador, BA","Salvador, BA, Barra",0,182,4650.79,26,3861.37,2025-10,0.8387,0.6429,26,31,219.0,161.0,1,0,2025-10-27,1.2,0.0,-789.4200000000001,ok
FAH0205,Florianopolis-Canasvieiras_Meio-apartamento-SUP-1Q,Carteira 1,SC,"Florianópolis, SC","Florianópolis, SC, Canasvieiras",17,2,651.0,31,2192.15,2025-10,0.5,0.5547,7,31,125.29,,0,0,2025-10-27,0.3,2129.9300000000003,1541.15,crítico
ILC3412,Especial-ILC-hotel-JR-1Q,Especial,SC,"Florianópolis, SC","Florianópolis, SC, Jurerê Internacional",0,309,9416.92,16,7820.79,2025-10,0.4194,0.6145,13,31,790.77,790.0,2,30,2025-10-27,1.2,0.0,-1596.13,ok
IRB203,Florianopolis-Novo_Campeche-apartamento-MASTER-1Q,Carteira 1,SC,"Florianópolis, SC","Florianópolis, SC, Campeche",0,929,7535.28,57,6400.09,2025-10,0.7742,0.6246,24,31,384.13,,0,0,2025-10-27,1.18,0.0,-1135.1899999999996,ok
MHF1207,Itapema-Canto_Praia-apartamento-TOP-1Q,Carteira 5,SC,"Itapema, SC","Itapema, SC, Centro",0,271,2020.5,15,3459.9,2025-10,0.2903,0.6192,9,31,300.0,300.0,3,31,2025-10-27,0.58,0.0,1439.4,atenção
MPB0034,Itajai-Praia_Brava-apartamento-SUP-2Q,Carteira 6,SC,"Itajaí, SC","Itajaí, SC, Praia Brava",0,162,2840.7,16,3367.45,2025-10,0.5806,0.5466,18,31,189.5,170.25,4,0,2025-10-27,0.84,0.0,526.75,berlinda
NWT0905,Especial-NWT-apartamento-TOP-1Q,Carteira 5,AL,"Maceió, AL","Maceió, AL, Pajuçara",1,190,4171.73,34,5613.71,2025-10,0.6667,0.7261,20,31,252.25,250.0,4,0,2025-10-27,0.74,252.25,1441.9800000000005,atenção
NWT1103,Especial-NWT-apartamento-TOP-1Q,Carteira 5,AL,"Maceió, AL","Maceió, AL, Pajuçara",0,296,6956.72,34,5613.71,2025-10,0.871,0.7261,27,31,306.15,280.0,1,0,2025-10-27,1.24,0.0,-1343.0100000000002,ok
PAD0103,Florianopolis-Beira_Mar-apartamento-SUP-2Q,Carteira 4,SC,"Florianópolis, SC","Florianópolis, SC, Centro",0,176,5571.87,24,4591.88,2025-10,0.8387,0.5701,26,31,257.5,150.0,1,0,2025-10-27,1.21,0.0,-979.9899999999998,ok
PDG0202,Balneario_Picarras-Geral-apartamento-SUP-2Q,Carteira 6,SC,"Balneário Piçarras, SC","Balneário Piçarras, SC, Itacolomi",0,42,2111.19,58,1221.17,2025-10,0.5161,0.2657,16,31,177.75,119.5,4,0,2025-10-27,1.73,0.0,-890.02,ok
PSD103,Florianopolis-Jurere_Tradicional-apartamento-JR-1Q,Carteira 1,SC,"Florianópolis, SC","Florianópolis, SC, Jurerê",4,1959,1376.84,14,1897.84,2025-10,0.4074,0.4698,11,31,164.36,143.0,2,0,2025-10-27,0.73,657.44,521.0,atenção
RAK0331,Florianopolis-UFSC-apartamento-JR-3Q,Carteira 4,SC,"Florianópolis, SC","Florianópolis, SC, Pantanal",7,271,3363.86,83,3874.3,2025-10,0.625,0.5597,15,31,263.27,,0,0,2025-10-27,0.87,1842.8899999999999,510.44000000000005,berlinda
RDS003,Campos_do_Jordao-Vila_Natal-casa-JR-1Q,Carteira 4,SP,"Campos do Jordão, SP","Campos do Jordão, SP, Vila Natal",4,600,1028.72,17,1899.75,2025-10,0.2593,0.2812,7,31,171.86,157.5,4,0,2025-10-27,0.54,687.44,871.03,atenção
RFM0001,Santa_Cruz_Cabralia-Coroa_Vermelha-apartamento-JR-2Q,Carteira 2,BA,"Santa Cruz Cabrália, BA","Santa Cruz Cabrália, BA, Coroa Vermelha",1,294,2936.66,22,3071.33,2025-10,0.4333,0.562,13,31,218.63,120.0,1,0,2025-10-27,0.96,218.63,134.67000000000007,berlinda
RFT505,Balneario_Camboriu-Intermediario-apartamento-JR-2Q,Carteira 6,SC,"Balneário Camboriú, SC","Balneário Camboriú, SC, Centro",0,1409,4330.7,49,2944.08,2025-10,1.0,0.5022,31,31,261.35,,0,0,2025-10-27,1.47,0.0,-1386.62,ok
RGP0107,Florianopolis-Jurere_Tradicional-apartamento-JR-1Q,Carteira 1,SC,"Florianópolis, SC","Florianópolis, SC, Jurerê",0,379,3201.63,14,1897.84,2025-10,0.8387,0.4698,26,31,150.81,,0,0,2025-10-27,1.69,0.0,-1303.7900000000002,ok
RHE101,Bombinhas-Mariscal-casa-JR-2Q,Carteira 6,SC,"Bombinhas, SC","Bombinhas, SC, Morrinhos",1,545,1311.32,13,1921.85,2025-10,0.4667,0.3131,14,31,124.07,104.25,4,0,2025-10-27,0.68,124.07,610.53,atenção
RRA0205,Florianopolis-Praia_Brava-apartamento-JR-2Q,Carteira 1,SC,"Florianópolis, SC","Florianópolis, SC, Praia Brava",1,405,2369.99,13,2277.41,2025-10,0.6333,0.3911,19,31,214.21,206.5,2,0,2025-10-27,1.04,214.21,-92.57999999999993,berlinda
RSL0502,Itapema-Praia_Itapema-apartamento-TOP-3Q,Carteira 6,SC,"Itapema, SC","Itapema, SC, Centro",7,663,3170.48,13,4503.3,2025-10,0.5417,0.5,13,31,270.46,,0,11,2025-10-27,0.7,1893.2199999999998,1332.8200000000002,atenção
RUL0035,Ubatuba-Toninhas-casa-JR-3Q,Carteira 4,SP,"Ubatuba, SP","Ubatuba, SP, Toninhas",8,135,4992.61,13,4914.91,2025-10,0.6957,0.3227,16,31,401.69,238.0,2,0,2025-10-27,1.02,3213.52,-77.69999999999982,berlinda
SLC0203,Florianopolis-Rio_Vermelho-apartamento-JR-1Q,Carteira 1,SC,"Florianópolis, SC","Florianópolis, SC, Ingleses do Rio Vermelho",1,285,1617.98,16,2053.66,2025-10,0.7667,0.7071,23,31,84.35,88.5,2,0,2025-10-27,0.79,84.35,435.67999999999984,atenção
SOA0910,Salvador-Boca_do_Rio-apartamento-TOP-1Q,Carteira 2,BA,"Salvador, BA","Salvador, BA, Boca do Rio",3,190,1211.74,12,4206.32,2025-10,0.25,0.7674,7,31,212.43,173.5,2,0,2025-10-27,0.29,637.29,2994.58,crítico
SPT0103,Blumenau-Central-apartamento-JR-1Q,Carteira 4,SC,"Blumenau, SC","Blumenau, SC, Itoupava Seca",0,562,4876.15,48,6119.8,2025-10,0.4516,0.5972,14,31,402.5,101.25,4,15,2025-10-27,0.8,0.0,1243.6500000000005,atenção
TBS1105,Florianopolis-Novo_Campeche-apartamento-MASTER-1Q,Carteira 1,SC,"Florianópolis, SC","Florianópolis, SC, Campeche",4,845,5455.33,57,6400.09,2025-10,0.8148,0.6246,22,31,295.18,,0,0,2025-10-27,0.85,1180.72,944.7600000000002,berlinda
VEC112,Bombinhas-Centro-apartamento-SUP-1Q,Carteira 6,SC,"Bombinhas, SC","Bombinhas, SC, Centro",1,1009,3494.28,32,2630.32,2025-10,0.9,0.5814,27,31,160.67,,0,0,2025-10-27,1.33,160.67,-863.96,ok
VIC0203,Florianopolis-Novo_Campeche-apartamento-TOP-2Q,Carteira 1,SC,"Florianópolis, SC","Florianópolis, SC, Campeche",1,700,7159.43,49,5936.83,2025-10,0.9333,0.5936,28,31,340.79,,0,0,2025-10-27,1.21,340.79,-1222.6000000000004,ok
VIL0001,Penha-Longe-apartamento-JR-1Q,Carteira 6,SC,"Penha, SC","Penha, SC, Santa Lidia",0,40,759.67,16,1113.4,2025-10,0.2903,0.4017,9,31,106.67,93.5,4,0,2025-10-27,0.68,0.0,353.73000000000013,atenção
VLE006,Bombinhas-Mariscal-apartamento-JR-2Q,Carteira 6,SC,"Bombinhas, SC","Bombinhas, SC, Mariscal",0,1463,0.0,28,2236.75,2025-10,0.0,0.4398,0,31,0.0,198.0,4,31,2025-10-27,0.0,0.0,2236.75,crítico
AAP1507,Salvador-Caminho_Das_Arvores-apartamento-SUP-1Q,Carteira 2,BA,"Salvador, BA","Salvador, BA, Caminho das Árvores",2,194,3524.15,41,2625.34,2025-10,0.8621,0.6505,25,31,168.96,162.0,1,0,2025-10-27,1.34,337.92,-898.81,ok
AIR1607,Porto_Alegre-Menino_Deus-apartamento-TOP-1Q,Carteira 4,RS,"Porto Alegre, RS","Porto Alegre, RS, Praia de Belas",2,608,1482.46,32,2539.45,2025-10,0.2069,0.576,6,31,313.0,333.0,4,29,2025-10-27,0.58,626.0,1056.9899999999998,atenção
ATO3091,Petropolis-Centro-casa-JR-1Q,Carteira 4,RJ,"Petrópolis, RJ","Petrópolis, RJ, Centro",0,819,2143.4,17,1620.46,2025-10,0.5484,0.4133,17,31,155.71,100.0,2,0,2025-10-27,1.32,0.0,-522.94,ok
CHR025,Florianopolis-Jurere_Longe-apartamento-JR-2Q,Carteira 1,SC,"Florianópolis, SC","Florianópolis, SC, Jurerê",7,173,2770.36,16,3040.24,2025-10,0.7083,0.4573,17,31,202.29,,0,22,2025-10-27,0.91,1416.03,269.87999999999965,berlinda
CPL025,Canela-Catedral-apartamento-TOP-1Q,Carteira 4,RS,"Canela, RS","Canela, RS, Centro",1,175,2114.74,37,2833.9,2025-10,0.4333,0.4383,13,31,214.31,190.0,3,0,2025-10-27,0.75,214.31,719.1600000000003,atenção
EDT0010,Porto_Seguro-Pataxos-apartamento-SUP-2Q,Carteira 2,BA,"Porto Seguro, BA","Porto Seguro, BA, Taperapuan",6,692,1301.5,35,5287.85,2025-10,0.28,0.6403,7,31,240.14,164.25,4,6,2025-10-27,0.25,1440.84,3986.3500000000004,crítico
EIS305,Itapema-Meia_Praia-Norte-apartamento-SUP-3Q,Carteira 6,SC,"Itapema, SC","Itapema, SC, Meia Praia",0,1381,0.0,35,2279.35,2025-10,0.0,0.3969,0,31,0.0,359.0,4,31,2025-10-27,0.0,0.0,2279.35,crítico
GMB0414,Brasilia-Setor_Hoteleiro-apartamento-TOP-1Q,Carteira 1,DF,"Brasília, DF","Brasília, DF, Asa Norte",0,660,5329.53,22,6206.11,2025-10,0.7742,0.7549,24,31,282.46,260.5,2,9,2025-10-27,0.86,0.0,876.5799999999999,berlinda
ICT0104B,Florianopolis-Ingleses_Centro-apartamento-JR-2Q,Carteira 1,SC,"Florianópolis, SC","Florianópolis, SC, Ingleses Norte",0,106,2542.04,21,1504.5,2025-10,0.7097,0.4685,22,31,142.5,134.67,3,0,2025-10-27,1.69,0.0,-1037.54,ok
ILC1212,Especial-ILC-hotel-JR-1Q,Especial,SC,"Florianópolis, SC","Florianópolis, SC, Jurerê Internacional",3,650,6301.78,16,7820.79,2025-10,0.6786,0.6145,19,31,404.58,500.0,2,8,2025-10-27,0.81,1213.74,1519.0100000000002,berlinda
JBV115,Especial-JBV-hotel-JR-1Q,Especial,SC,"Florianópolis, SC","Florianópolis, SC, Jurerê",0,1696,8110.61,25,7692.08,2025-10,0.9355,0.6447,29,31,360.28,259.0,1,0,2025-10-27,1.05,0.0,-418.52999999999975,berlinda
JBV242,Especial-JBV-hotel-TOP-1Q,Especial,SC,"Florianópolis, SC","Florianópolis, SC, Jurerê",1,1476,11025.32,32,10019.61,2025-10,0.9333,0.8219,28,31,495.07,,0,0,2025-10-27,1.1,495.07,-1005.7099999999991,ok
JPR217,Especial-JPR-apartamento-TOP-1Q,Carteira 1,SC,"Florianópolis, SC","Florianópolis, SC, Jurerê",0,895,4747.67,14,4204.68,2025-10,0.8065,0.5955,25,31,240.04,,0,0,2025-10-27,1.13,0.0,-542.9899999999998,ok
LIV1310,Salvador-Graca-apartamento-TOP-1Q,Carteira 6,BA,"Salvador, BA","Salvador, BA, Vitória",0,13,5013.28,12,2921.78,2025-10,0.871,0.5466,27,31,221.15,,0,8,2025-10-27,1.72,0.0,-2091.4999999999995,ok
MHF0801,Itapema-Canto_Praia-apartamento-TOP-1Q,Carteira 5,SC,"Itapema, SC","Itapema, SC, Centro",0,413,3073.93,15,3459.9,2025-10,0.7097,0.6192,22,31,166.33,171.75,4,0,2025-10-27,0.89,0.0,385.97000000000025,berlinda
NWT0921,Especial-NWT-apartamento-TOP-1Q,Carteira 5,AL,"Maceió, AL","Maceió, AL, Pajuçara",0,190,5416.94,34,5613.71,2025-10,0.7419,0.7261,23,31,280.35,250.0,2,0,2025-10-27,0.96,0.0,196.77000000000044,berlinda
PSOB0807,Penha-Beto_Carrero-apartamento-SUP-1Q,Carteira 3,SC,"Penha, SC","Penha, SC, Praia de Armação do Itapocoroi",0,71,2939.67,18,2566.46,2025-10,0.7419,0.6596,23,31,164.43,189.0,1,0,2025-10-27,1.15,0.0,-373.21000000000004,ok
RGF0410,Salvador-Flamengo-apartamento-TOP-1Q,Carteira 2,BA,"Salvador, BA","Salvador, BA, Itapuã",1,50,2267.43,29,4009.88,2025-10,0.5333,0.6794,16,31,168.67,165.0,2,0,2025-10-27,0.57,168.67,1742.4500000000003,atenção
RJF002,Urubici-Geral-casa-TOP-2Q,Carteira 3,SC,"Urubici, SC","Urubici, SC, Aguas Brancas",1,565,1648.35,23,4885.71,2025-10,0.1,0.2651,3,31,646.67,500.0,3,27,2025-10-27,0.34,646.67,3237.36,crítico
ROB203,Florianopolis-Ingleses_Norte-apartamento-SUP-2Q,Carteira 1,SC,"Florianópolis, SC","Florianópolis, SC, Ingleses do Rio Vermelho",0,107,1110.81,63,2335.8,2025-10,0.0968,0.3938,3,31,380.0,156.25,4,17,2025-10-27,0.48,0.0,1224.9900000000002,crítico
SFR0302,Bombinhas-Centro-apartamento-SUP-1Q,Carteira 6,SC,"Bombinhas, SC","Bombinhas, SC, Centro",0,49,3173.17,32,2630.32,2025-10,0.8065,0.5814,25,31,152.16,120.0,1,0,2025-10-27,1.21,0.0,-542.8499999999999,ok
STCY202,Florianopolis-Cachoeira_Bom_Jesus-apartamento-JR-1Q,Carteira 1,SC,"Florianópolis, SC","Florianópolis, SC, Cachoeira do Bom Jesus",0,530,2939.98,16,760.59,2025-10,1.0,0.2401,31,31,101.55,,0,0,2025-10-27,3.87,0.0,-2179.39,meta_subestimada
TCO0501,Porto_Alegre-Centro_Historico-apartamento-SUP-1Q,Carteira 4,RS,"Porto Alegre, RS","Porto Alegre, RS, Centro Histórico",0,490,2944.77,87,2119.74,2025-10,0.9355,0.5817,29,31,133.0,120.0,1,0,2025-10-27,1.39,0.0,-825.0300000000002,ok
TXP0605,Goiania-Central-apartamento-SUP-1Q,Carteira 1,GO,"Goiânia, GO","Goiânia, GO, Setor Bueno",0,747,2382.29,161,2721.7,2025-10,0.6452,0.6044,20,31,151.9,161.0,1,0,2025-10-27,0.88,0.0,339.40999999999985,berlinda
TXP0807,Goiania-Central-apartamento-SUP-1Q,Carteira 1,GO,"Goiânia, GO","Goiânia, GO, Setor Bueno",0,728,3535.56,161,2721.7,2025-10,0.7742,0.6044,24,31,165.58,161.0,1,0,2025-10-27,1.3,0.0,-813.8600000000001,ok
YHD0105,Florianopolis-UFSC-apartamento-TOP-1Q,Carteira 4,SC,"Florianópolis, SC","Florianópolis, SC, Carvoeira",10,260,1965.29,15,2661.35,2025-10,0.5238,0.5879,11,31,231.91,416.0,3,10,2025-10-27,0.74,2319.1,696.06,atenção
CMT0404,Florianopolis-UFSC-apartamento-SUP-3Q,Carteira 4,SC,"Florianópolis, SC","Florianópolis, SC, Córrego Grande",0,229,4557.01,11,2647.24,2025-10,0.6452,0.398,20,31,291.1,224.0,2,0,2025-10-27,1.72,0.0,-1909.7700000000004,ok
DPR0007,Balneario_Camboriu-Sul-apartamento-JR-2Q,Carteira 6,SC,"Balneário Camboriú, SC","Balneário Camboriú, SC, Barra",0,218,994.6,167,2994.69,2025-10,0.2903,0.529,9,31,130.33,115.0,1,0,2025-10-27,0.33,0.0,2000.0900000000001,crítico
EDA0001,Curitiba-Centro-apartamento-SUP-1Q,Carteira 4,PR,"Curitiba, PR","Curitiba, PR, Centro",0,76,768.4,324,3147.25,2025-10,0.1613,0.6706,5,31,165.0,155.0,4,14,2025-10-27,0.24,0.0,2378.85,crítico
FUA0004,Ubatuba-Praia_do_Lazaro-apartamento-JR-1Q,Carteira 4,SP,"Ubatuba, SP","Ubatuba, SP, Lázaro Praia Domingos Dias",5,2,398.14,22,2055.82,2025-10,0.0769,0.4823,2,31,227.0,186.5,4,0,2025-10-27,0.19,1135.0,1657.6800000000003,crítico
GBL601,Itapema-Praia_Centro-apartamento-SUP-3Q,Carteira 6,SC,"Itapema, SC","Itapema, SC, Centro",6,617,2390.51,14,2086.73,2025-10,0.76,0.3206,19,31,176.68,162.5,4,0,2025-10-27,1.15,1060.08,-303.7800000000002,ok
GOS1007,Porto_Alegre-Auxiliadora-apartamento-TOP-1Q,Carteira 4,RS,"Porto Alegre, RS","Porto Alegre, RS, Auxiliadora",0,799,1928.0,37,3452.27,2025-10,0.3871,0.6599,12,31,200.0,200.0,4,0,2025-10-27,0.56,0.0,1524.27,atenção
GRI1305,Itapema-Praia_Itapema-apartamento-TOP-2Q,Carteira 6,SC,"Itapema, SC","Itapema, SC, Morretes",0,121,6541.6,14,3310.8,2025-10,0.8387,0.3889,26,31,296.0,296.0,4,31,2025-10-27,1.98,0.0,-3230.8,ok
HIN0117,Brasilia-Asa_Norte-apartamento-JR-1Q,Carteira 1,DF,"Brasília, DF","Brasília, DF, Asa Norte",0,265,4595.06,152,3070.12,2025-10,0.8387,0.7888,26,31,206.69,205.0,1,0,2025-10-27,1.5,0.0,-1524.9400000000005,ok
ILC4104,Especial-ILC-hotel-JR-1Q,Especial,SC,"Florianópolis, SC","Florianópolis, SC, Jurerê Internacional",3,974,9576.34,16,7820.79,2025-10,0.8929,0.6145,25,31,466.96,,0,0,2025-10-27,1.22,1400.8799999999999,-1755.5500000000002,ok
MHF1609,Itapema-Canto_Praia-apartamento-TOP-2Q,Carteira 5,SC,"Itapema, SC","Itapema, SC, Centro",6,386,331.32,10,2671.81,2025-10,0.04,0.2867,1,31,290.0,290.0,4,31,2025-10-27,0.12,1740.0,2340.49,crítico
MSSO0902,Goiania-Leste-apartamento-TOP-1Q,Carteira 1,GO,"Goiânia, GO","Goiânia, GO, Jardim Goiás",0,736,2895.53,19,3517.33,2025-10,0.5484,0.5584,17,31,200.76,189.5,4,0,2025-10-27,0.82,0.0,621.7999999999997,berlinda
NWC1510,Curitiba-Centro-apartamento-SUP-1Q,Carteira 4,PR,"Curitiba, PR","Curitiba, PR, Centro",0,49,3249.81,324,3147.25,2025-10,0.6452,0.6706,20,31,166.91,144.0,1,0,2025-10-27,1.03,0.0,-102.55999999999995,berlinda
OKA204,Florianopolis-Campeche-apartamento-TOP-1Q,Carteira 1,SC,"Florianópolis, SC","Florianópolis, SC, Campeche",2,1042,4429.95,29,3017.07,2025-10,0.8276,0.5922,24,31,219.21,261.0,1,0,2025-10-27,1.47,438.42,-1412.8799999999997,ok
PRB0405,Florianopolis-Jurere_Tradicional-apartamento-TOP-2Q,Carteira 1,SC,"Florianópolis, SC","Florianópolis, SC, Jurerê",0,230,5667.45,20,7616.02,2025-10,0.6129,0.6008,19,31,362.26,241.0,3,0,2025-10-27,0.74,0.0,1948.5700000000006,atenção
PSO0708,Penha-Beto_Carrero-apartamento-SUP-1Q,Carteira 3,SC,"Penha, SC","Penha, SC, Praia de Armação do Itapocoroi",0,105,3774.59,18,2566.46,2025-10,0.8065,0.6596,25,31,172.0,189.0,1,0,2025-10-27,1.47,0.0,-1208.13,ok
QUI0090,Pocos_de_Caldas-Geral-apartamento-SUP-1Q,Carteira 4,MG,"Poços de Caldas, MG","Poços de Caldas, MG, Centro",0,243,2245.47,30,1751.93,2025-10,0.4839,0.4614,15,31,172.4,120.0,3,0,2025-10-27,1.28,0.0,-493.53999999999974,ok
SMA0107,Salvador-Pituba_Praia-apartamento-SUP-1Q,Carteira 5,BA,"Salvador, BA","Salvador, BA, Amaralina",0,34,2196.53,14,2339.45,2025-10,0.5161,0.5815,16,31,170.13,164.5,2,0,2025-10-27,0.94,0.0,142.91999999999962,berlinda
TPS310,Florianopolis-Canasvieiras_Meio-apartamento-TOP-1Q,Carteira 1,SC,"Florianópolis, SC","Florianópolis, SC, Canasvieiras",5,996,2554.63,29,2888.12,2025-10,0.7308,0.6699,19,31,164.05,,0,0,2025-10-27,0.88,820.25,333.4899999999998,berlinda
VLO0514,Florianopolis-Jurere_Longe-apartamento-TOP-2Q,Carteira 1,SC,"Florianópolis, SC","Florianópolis, SC, Jurerê Internacional",0,323,4487.02,13,4867.95,2025-10,0.6129,0.5495,19,31,306.95,,0,0,2025-10-27,0.92,0.0,380.9299999999994,berlinda
CIE0202,Florianopolis-Jurere_Longe-apartamento-JR-1Q,Carteira 1,SC,"Florianópolis, SC","Florianópolis, SC, Jurerê",0,111,2152.62,28,1581.17,2025-10,0.7419,0.4565,23,31,157.13,,0,0,2025-10-27,1.36,0.0,-571.4499999999998,ok
COE0406,Sao_Paulo-Pinheiros-apartamento-TOP-1Q,Carteira 4,SP,"São Paulo, SP","São Paulo, SP, Pinheiros",0,491,3530.38,262,5251.9,2025-10,0.6129,0.6952,19,31,244.42,233.0,1,0,2025-10-27,0.67,0.0,1721.5199999999995,atenção
ELU109,Florianopolis-Jurere_Tradicional-apartamento-TOP-1Q,Carteira 1,SC,"Florianópolis, SC","Florianópolis, SC, Jurerê",1,1742,3762.19,16,4831.55,2025-10,0.7333,0.6121,22,31,195.77,195.5,2,0,2025-10-27,0.78,195.77,1069.3600000000001,atenção
FMI0218,Cabo_Frio-Centro-apartamento-SUP-1Q,Carteira 4,RJ,"Cabo Frio, RJ","Cabo Frio, RJ, Braga",3,418,5322.11,51,3944.58,2025-10,1.0,0.7301,28,31,263.11,,0,0,2025-10-27,1.35,789.33,-1377.5299999999997,ok
LIV1006,Salvador-Graca-apartamento-TOP-1Q,Especial,BA,"Salvador, BA","Salvador, BA, Vitória",1,79,4735.8,12,2921.78,2025-10,0.9333,0.5466,28,31,217.0,,0,0,2025-10-27,1.62,217.0,-1814.02,ok
MAR202,Florianopolis-Ingleses_Centro-apartamento-SUP-2Q,Carteira 1,SC,"Florianópolis, SC","Florianópolis, SC, Ingleses do Rio Vermelho",0,862,4517.71,25,2607.34,2025-10,0.9677,0.466,30,31,177.33,,0,0,2025-10-27,1.73,0.0,-1910.37,ok
OBS0301,Itapema-Meia_Praia-Sul-apartamento-SUP-2Q,Carteira 6,SC,"Itapema, SC","Itapema, SC, Itapema",0,604,2699.46,11,3466.72,2025-10,0.5806,0.404,18,31,192.44,139.5,4,0,2025-10-27,0.78,0.0,767.2599999999998,atenção
PGO0406,Pocos_de_Caldas-Geral-apartamento-SUP-1Q,Carteira 4,MG,"Poços de Caldas, MG","Poços de Caldas, MG, São Benedito",0,384,1792.63,30,1751.93,2025-10,0.4516,0.4614,14,31,149.71,124.5,4,0,2025-10-27,1.02,0.0,-40.700000000000045,berlinda
PSO0503,Penha-Beto_Carrero-apartamento-SUP-1Q,Carteira 3,SC,"Penha, SC","Penha, SC, Praia de Armação do Itapocoroi",0,62,3093.3,18,2566.46,2025-10,0.7419,0.6596,23,31,169.17,153.0,3,0,2025-10-27,1.21,0.0,-526.8400000000001,ok
PSO0910,Penha-Beto_Carrero-apartamento-SUP-1Q,Carteira 3,SC,"Penha, SC","Penha, SC, Praia de Armação do Itapocoroi",0,65,3617.23,18,2566.46,2025-10,0.871,0.6596,27,31,155.41,115.0,1,0,2025-10-27,1.41,0.0,-1050.77,ok
RJF001,Urubici-Geral-casa-TOP-2Q,Carteira 3,SC,"Urubici, SC","Urubici, SC, Aguas Brancas",29,565,0.0,23,4885.71,2025-10,0.0,0.2651,0,31,0.0,500.0,2,11,2025-10-27,0.0,0.0,4885.71,crítico
SDN042,Bombinhas-Centro-casa-SUP-3Q,Carteira 6,SC,"Bombinhas, SC","Bombinhas, SC, Centro",9,328,5060.71,36,3771.69,2025-10,1.0,0.333,22,31,311.68,,0,0,2025-10-27,1.34,2805.12,-1289.02,ok
SJS0003,Florianopolis-Ingleses_Centro-apartamento-JR-1Q,Carteira 1,SC,"Florianópolis, SC","Florianópolis, SC, Ingleses do Rio Vermelho",0,275,753.68,16,2053.66,2025-10,0.2581,0.7071,8,31,114.0,101.25,4,0,2025-10-27,0.37,0.0,1299.98,crítico
SPT0006,Blumenau-Central-apartamento-JR-1Q,Carteira 4,SC,"Blumenau, SC","Blumenau, SC, Itoupava Seca",6,511,5223.37,48,6119.8,2025-10,0.56,0.5972,14,31,519.64,,0,15,2025-10-27,0.85,3117.84,896.4300000000003,berlinda
SWR1502,Goiania-Central-2-apartamento-TOP-2Q,Carteira 1,GO,"Goiânia, GO","Goiânia, GO, Setor Oeste",1,85,5661.75,11,4603.47,2025-10,0.8,0.6284,24,31,289.12,294.0,4,0,2025-10-27,1.23,289.12,-1058.2799999999997,ok
TPS101,Florianopolis-Canasvieiras_Meio-apartamento-TOP-1Q,Carteira 1,SC,"Florianópolis, SC","Florianópolis, SC, Canasvieiras",0,986,3104.27,29,2888.12,2025-10,0.8065,0.6699,25,31,159.0,161.0,2,0,2025-10-27,1.07,0.0,-216.1500000000001,berlinda
BSO0106,Itajai-Praia_Brava-apartamento-SUP-1Q,Carteira 6,SC,"Balneário Camboriú, SC","Balneário Camboriú, SC, Praia dos Amores",0,167,3753.32,55,2564.51,2025-10,0.871,0.5263,27,31,174.85,120.0,2,0,2025-10-27,1.46,0.0,-1188.81,ok
BSO0207,Itajai-Praia_Brava-apartamento-SUP-1Q,Carteira 6,SC,"Balneário Camboriú, SC","Balneário Camboriú, SC, Praia dos Amores",0,161,2884.3,55,2564.51,2025-10,0.7419,0.5263,23,31,148.13,120.0,3,0,2025-10-27,1.12,0.0,-319.78999999999996,ok
CGR209,Gramado-Geral-apartamento-JR-1Q,Carteira 4,RS,"Gramado, RS","Gramado, RS, Vila Suiça",0,862,1400.84,94,2808.18,2025-10,0.3548,0.4691,11,31,147.18,156.75,4,0,2025-10-27,0.5,0.0,1407.34,crítico
EAR0411,Florianopolis-Ingleses_Norte-apartamento-TOP-3Q,Carteira 1,SC,"Florianópolis, SC","Florianópolis, SC, Ingleses do Rio Vermelho",1,287,7760.93,14,5798.87,2025-10,1.0,0.5458,30,31,498.4,,0,0,2025-10-27,1.34,498.4,-1962.0600000000004,ok
ELR0507,Maceio-Ponta_Verde-apartamento-SUP-1Q,Carteira 2,AL,"Maceió, AL","Maceió, AL, Ponta Verde",0,7,3375.1,211,4623.15,2025-10,0.7742,0.7968,24,31,194.5,164.25,4,0,2025-10-27,0.73,0.0,1248.0499999999997,atenção
ENU011,Ubatuba-Praia_Grande-apartamento-JR-2Q,Carteira 4,SP,"Ubatuba, SP","Ubatuba, SP, Praia Grande",1,537,5477.87,199,4335.0,2025-10,0.9667,0.5717,29,31,240.21,198.0,1,0,2025-10-27,1.26,240.21,-1142.87,ok
HPN707,Porto_Alegre-Cidade_Baixa-apartamento-JR-1Q,Carteira 4,RS,"Porto Alegre, RS","Porto Alegre, RS, Farroupilha",0,400,299.49,46,2406.36,2025-10,0.0968,0.7384,3,31,117.67,116.25,4,0,2025-10-27,0.12,0.0,2106.87,crítico
LBM306,Florianopolis-Canasvieiras_Perto-apartamento-TOP-1Q,Carteira 1,SC,"Florianópolis, SC","Florianópolis, SC, Canasvieiras",31,1016,0.0,23,3623.41,2025-10,,0.513,0,31,0.0,,0,1,2025-10-27,0.0,0.0,3623.41,crítico
NWT0816,Especial-NWT-apartamento-TOP-1Q,Carteira 5,AL,"Maceió, AL","Maceió, AL, Pajuçara",1,155,3527.16,34,5613.71,2025-10,0.5,0.7261,15,31,275.67,280.0,4,0,2025-10-27,0.63,275.67,2086.55,atenção
RGF0711,Salvador-Flamengo-apartamento-TOP-1Q,Carteira 2,BA,"Salvador, BA","Salvador, BA, Itapuã",2,62,4080.23,29,4009.88,2025-10,0.8966,0.6794,26,31,183.96,,0,0,2025-10-27,1.02,367.92,-70.34999999999991,berlinda
RPF0605,Porto_Alegre-Menino_Deus-apartamento-SUP-1Q,Carteira 4,RS,"Porto Alegre, RS","Porto Alegre, RS, Azenha",4,190,2288.84,14,2482.9,2025-10,0.5926,0.4901,16,31,170.13,170.0,3,0,2025-10-27,0.92,680.52,194.05999999999995,berlinda
RVG208,Florianopolis-Ingleses_Norte-apartamento-SUP-2Q,Carteira 1,SC,"Florianópolis, SC","Florianópolis, SC, Ingleses do Rio Vermelho",6,1770,3280.71,63,2335.8,2025-10,0.68,0.3938,17,31,243.76,179.0,3,0,2025-10-27,1.4,1462.56,-944.9099999999999,ok
SCO0008,Florianopolis-Campeche-apartamento-JR-2Q,Carteira 1,SC,"Florianópolis, SC","Florianópolis, SC, Campeche",0,141,2703.28,29,2982.65,2025-10,0.8387,0.5857,26,31,153.12,120.0,3,0,2025-10-27,0.91,0.0,279.3699999999999,berlinda
VLL0101,Marau-Barra_Grande-apartamento-TOP-3Q,Carteira 2,BA,"Maraú, BA","Maraú, BA, Barra Grande",6,132,2924.04,9,4379.63,2025-10,0.36,0.2455,9,31,442.22,438.75,4,0,2025-10-27,0.67,2653.32,1455.5900000000001,atenção
ADS0103,Cabo_Frio-Centro-apartamento-JR-2Q,Carteira 4,RJ,"Cabo Frio, RJ","Cabo Frio, RJ, Passagem",5,330,3570.78,163,3448.03,2025-10,0.7308,0.6105,19,31,232.63,191.5,2,0,2025-10-27,1.04,1163.15,-122.75,berlinda
ASK0003,Florianopolis-Itacorubi-apartamento-JR-1Q,Carteira 4,SC,"Florianópolis, SC","Florianópolis, SC, Santa Mônica",0,78,1644.17,12,1844.31,2025-10,0.5806,0.6804,18,31,121.39,96.25,4,0,2025-10-27,0.89,0.0,200.13999999999987,berlinda
BLS1355,Goiania-Central-apartamento-SUP-1Q,Carteira 1,GO,"Goiânia, GO","Goiânia, GO, Setor Marista",0,741,2976.64,161,2721.7,2025-10,0.7419,0.6044,23,31,166.6,140.0,1,6,2025-10-27,1.09,0.0,-254.94000000000005,berlinda
CPJ0404,Florianopolis-Jurere_Internacional-apartamento-TOP-2Q,Carteira 1,SC,"Florianópolis, SC","Florianópolis, SC, Jurerê Internacional",30,671,745.41,22,7616.02,2025-10,1.0,0.5983,1,31,900.0,,0,31,2025-10-27,0.1,27000.0,6870.610000000001,crítico
EJO0401,Florianopolis-Centrao-apartamento-JR-1Q,Carteira 4,SC,"Florianópolis, SC","Florianópolis, SC, Centro",1,169,2861.12,68,2759.16,2025-10,0.7333,0.6039,22,31,154.09,95.67,3,0,2025-10-27,1.04,154.09,-101.96000000000004,berlinda
FDK0074,Sao_Paulo-Pinheiros-apartamento-SUP-1Q,Carteira 4,SP,"São Paulo, SP","São Paulo, SP, Pinheiros",1,41,4713.34,413,3951.39,2025-10,0.9333,0.6435,28,31,205.5,,0,0,2025-10-27,1.19,205.5,-761.9500000000003,ok
NDE0002,Florianopolis-Campeche-apartamento-JR-1Q,Carteira 1,SC,"Florianópolis, SC","Florianópolis, SC, Ribeirão da Ilha",0,154,2492.98,24,1160.82,2025-10,0.7742,0.4803,24,31,136.42,118.0,1,0,2025-10-27,2.15,0.0,-1332.16,meta_subestimada
NWT0709,Especial-NWT-apartamento-MASTER-1Q,Carteira 5,AL,"Maceió, AL","Maceió, AL, Pajuçara",3,145,9336.49,28,7169.93,2025-10,0.8571,0.7888,24,31,546.63,400.0,2,0,2025-10-27,1.3,1639.8899999999999,-2166.5599999999995,ok
NWT0910,Especial-NWT-apartamento-MASTER-1Q,Carteira 5,AL,"Maceió, AL","Maceió, AL, Pajuçara",1,190,11214.74,28,7169.93,2025-10,0.7667,0.7888,23,31,600.0,,0,31,2025-10-27,1.56,600.0,-4044.8099999999995,ok
NWT1002,Especial-NWT-apartamento-TOP-1Q,Carteira 5,AL,"Maceió, AL","Maceió, AL, Pajuçara",0,167,6388.17,34,5613.71,2025-10,0.8387,0.7261,26,31,304.85,,0,0,2025-10-27,1.14,0.0,-774.46,ok
NWT1503,Especial-NWT-apartamento-TOP-1Q,Carteira 5,AL,"Maceió, AL","Maceió, AL, Pajuçara",0,149,6926.55,34,5613.71,2025-10,0.8387,0.7261,26,31,383.31,287.75,4,0,2025-10-27,1.23,0.0,-1312.8400000000001,ok
PSO0509,Penha-Beto_Carrero-apartamento-SUP-1Q,Carteira 3,SC,"Penha, SC","Penha, SC, Praia de Armação do Itapocoroi",0,65,3154.97,18,2566.46,2025-10,0.7419,0.6596,23,31,156.04,,0,0,2025-10-27,1.23,0.0,-588.5099999999998,ok
SDO206,Florianopolis-Ingleses_Norte-apartamento-SUP-3Q,Carteira 1,SC,"Florianópolis, SC","Florianópolis, SC, Ingleses do Rio Vermelho",6,1843,4262.88,23,2428.26,2025-10,0.72,0.3893,18,31,267.17,209.25,4,0,2025-10-27,1.76,1603.02,-1834.62,ok
SPT0208,Blumenau-Central-apartamento-JR-1Q,Carteira 4,SC,"Blumenau, SC","Blumenau, SC, Itoupava Seca",0,503,4922.72,48,6119.8,2025-10,0.3871,0.5972,12,31,449.25,101.25,4,15,2025-10-27,0.8,0.0,1197.08,berlinda
ACO803,Balneario_Camboriu-Centro-apartamento-SUP-2Q,Carteira 6,SC,"Balneário Camboriú, SC","Balneário Camboriú, SC, Centro",0,574,4899.21,72,4338.54,2025-10,0.7742,0.5488,24,31,225.13,180.0,1,0,2025-10-27,1.13,0.0,-560.6700000000001,ok
CED0107,Brasilia-Asa_Sul-apartamento-SUP-1Q,Carteira 1,DF,"Brasília, DF","Brasília, DF, Setor Sudoeste",0,34,3703.9,121,4038.99,2025-10,0.6774,0.7987,21,31,206.52,,0,0,2025-10-27,0.92,0.0,335.0899999999997,berlinda
CNB004,Especial-CNB-casa-TOP-1Q,Especial,SP,"Campos do Jordão, SP","Campos do Jordão, SP, Jardim Europa",0,565,7147.73,17,5682.81,2025-10,0.4516,0.6351,14,31,600.43,397.5,4,6,2025-10-27,1.26,0.0,-1464.9199999999992,ok
CNB006,Especial-CNB-casa-TOP-1Q,Especial,SP,"Campos do Jordão, SP","Campos do Jordão, SP, Jardim Europa",0,565,4216.84,17,5682.81,2025-10,0.2903,0.6351,9,31,562.11,408.75,4,7,2025-10-27,0.74,0.0,1465.9700000000003,atenção
CTS0203,Florianopolis-Itacorubi-apartamento-SUP-2Q,Carteira 4,SC,"Florianópolis, SC","Florianópolis, SC, Itacorubi",1,76,4624.97,14,4358.35,2025-10,0.8,0.5169,24,31,222.67,180.0,1,0,2025-10-27,1.06,222.67,-266.6199999999999,berlinda
CZZ0504,Urubici-Geral-apartamento-SUP-1Q,Especial,SC,"Urubici, SC","Urubici, SC, Centro",0,195,1939.07,64,1691.39,2025-10,0.3871,0.2197,12,31,182.25,157.5,4,0,2025-10-27,1.15,0.0,-247.67999999999984,ok
EBI0603,Curitiba-Jardim_Botanico-apartamento-SUP-1Q,Carteira 4,PR,"Curitiba, PR","Curitiba, PR, Prado Velho",0,139,2942.1,15,3191.29,2025-10,0.6774,0.7364,21,31,177.24,159.5,4,0,2025-10-27,0.92,0.0,249.19000000000005,berlinda
FLT0004,Florianopolis-Centrao-apartamento-SIM-1Q,Carteira 4,SC,"Florianópolis, SC","Florianópolis, SC, Centro",0,286,2324.04,13,1444.15,2025-10,0.9032,0.4115,28,31,102.93,92.0,1,0,2025-10-27,1.61,0.0,-879.8899999999999,ok
IAA0503,Recife-Boa_Viagem-apartamento-TOP-1Q,Carteira 2,PE,"Recife, PE","Recife, PE, Boa Viagem",2,567,4716.44,52,5250.68,2025-10,0.8966,0.7529,26,31,210.63,,0,0,2025-10-27,0.9,421.26,534.2400000000007,berlinda
IDO207,Florianopolis-Canajure-apartamento-SUP-2Q,Carteira 1,SC,"Florianópolis, SC","Florianópolis, SC, Jurerê",8,436,3363.35,19,3623.41,2025-10,0.8696,0.4502,20,31,248.1,160.0,1,0,2025-10-27,0.93,1984.8,260.05999999999995,berlinda
JMA009,Florianopolis-Jurere_Longe-apartamento-JR-1Q,Carteira 1,SC,"Florianópolis, SC","Florianópolis, SC, Jurerê",0,456,1702.14,28,1581.17,2025-10,0.5806,0.4565,18,31,120.83,110.0,3,0,2025-10-27,1.08,0.0,-120.97000000000003,berlinda
LIV1204,Salvador-Graca-apartamento-TOP-1Q,Especial,BA,"Salvador, BA","Salvador, BA, Vitória",9,40,2460.48,12,2921.78,2025-10,0.2727,0.5466,6,31,466.0,,0,31,2025-10-27,0.84,4194.0,461.3000000000002,berlinda
MBCAR1203,Goiania-Leste-apartamento-SUP-2Q,Carteira 1,GO,"Goiânia, GO","Goiânia, GO, Jardim Goiás",1,265,1697.62,20,2877.22,2025-10,0.2333,0.5291,7,31,273.0,273.0,3,31,2025-10-27,0.59,273.0,1179.6,atenção
MHF0502,Itapema-Canto_Praia-apartamento-TOP-2Q,Carteira 5,SC,"Itapema, SC","Itapema, SC, Centro",31,415,0.0,10,2671.81,2025-10,,0.2867,0,31,0.0,,0,31,2025-10-27,0.0,0.0,2671.81,crítico
MHF1209,Itapema-Canto_Praia-apartamento-TOP-2Q,Carteira 5,SC,"Itapema, SC","Itapema, SC, Centro",0,154,4568.8,10,2671.81,2025-10,0.7097,0.2867,22,31,234.64,190.0,1,0,2025-10-27,1.71,0.0,-1896.9900000000002,ok
MHFA0504,Itapema-Canto_Praia-apartamento-SUP-1Q,Carteira 5,SC,"Itapema, SC","Itapema, SC, Centro",0,425,3107.49,11,1766.45,2025-10,0.8065,0.415,25,31,138.8,135.0,3,0,2025-10-27,1.76,0.0,-1341.0399999999997,ok
MHFB0705,Itapema-Canto_Praia-apartamento-SUP-1Q,Carteira 5,SC,"Itapema, SC","Itapema, SC, Centro",0,224,2908.98,11,1766.45,2025-10,0.7742,0.415,24,31,147.21,,0,0,2025-10-27,1.65,0.0,-1142.53,ok
RBA201,Florianopolis-Canasvieiras_Meio-apartamento-SUP-1Q,Carteira 1,SC,"Florianópolis, SC","Florianópolis, SC, Canasvieiras",0,756,3198.89,31,2192.15,2025-10,0.9032,0.5547,28,31,155.18,115.0,1,0,2025-10-27,1.46,0.0,-1006.7399999999998,ok
RUP1405,Blumenau-Central-apartamento-SUP-1Q,Carteira 4,SC,"Blumenau, SC","Blumenau, SC, Escola Agrícola",0,442,7724.14,77,8352.92,2025-10,0.6129,0.6104,19,31,499.68,120.0,1,0,2025-10-27,0.92,0.0,628.7799999999997,berlinda
SLI0715,Maceio-Ponta_Verde-apartamento-TOP-2Q,Carteira 2,AL,"Maceió, AL","Maceió, AL, Ponta Verde",1,233,5905.23,37,7182.59,2025-10,0.8333,0.8174,25,31,278.84,236.5,2,0,2025-10-27,0.82,278.84,1277.3600000000006,berlinda
SMT0505,Salvador-Boca_do_Rio-apartamento-TOP-1Q,Carteira 2,BA,"Salvador, BA","Salvador, BA, Jardim Armação",0,56,2537.93,12,4206.32,2025-10,0.4839,0.7674,15,31,202.47,191.0,2,0,2025-10-27,0.6,0.0,1668.3899999999999,atenção
SOA0506,Salvador-Boca_do_Rio-apartamento-SUP-1Q,Carteira 2,BA,"Salvador, BA","Salvador, BA, Boca do Rio",0,414,2789.96,28,2387.44,2025-10,0.8065,0.6706,25,31,144.04,,0,0,2025-10-27,1.17,0.0,-402.52,ok
TXP0314,Goiania-Central-apartamento-TOP-2Q,Carteira 1,GO,"Goiânia, GO","Goiânia, GO, Setor Bueno",0,722,4987.63,15,4010.02,2025-10,0.5161,0.5109,16,31,316.88,311.25,4,25,2025-10-27,1.24,0.0,-977.6100000000001,ok
VBP1805,Sao_Paulo-Pinheiros-apartamento-TOP-1Q,Carteira 4,SP,"São Paulo, SP","São Paulo, SP, Pinheiros",2,285,3443.32,262,5251.9,2025-10,0.5517,0.6952,16,31,241.25,200.0,2,0,2025-10-27,0.66,482.5,1808.5799999999995,atenção
VDT0401,Bombinhas-Bombas-apartamento-MASTER-3Q,Carteira 6,SC,"Bombinhas, SC","Bombinhas, SC, Bombas",8,460,6044.56,15,3854.07,2025-10,0.6957,0.3115,16,31,450.0,450.0,3,30,2025-10-27,1.57,3600.0,-2190.4900000000002,ok
VGT0004,Ilheus-Sul-apartamento-JR-2Q,Carteira 2,BA,"Ilhéus, BA","Ilhéus, BA, São Francisco",0,428,944.73,31,2401.98,2025-10,0.2903,0.44,9,31,126.0,152.5,4,5,2025-10-27,0.39,0.0,1457.25,crítico
BVA0705,Sao_Paulo-Republica-apartamento-SUP-1Q,Carteira 4,SP,"São Paulo, SP",Sao_Paulo-Republica,0,356,2277.27,465,3003.05,2025-10,0.6774,0.6661,21,31,136.48,,0,0,2025-10-27,0.76,0.0,725.7800000000002,atenção
BVT0418,Brasilia-Asa_Sul-apartamento-JR-1Q,Carteira 1,DF,"Brasília, DF","Brasília, DF, Lago Norte",0,306,4579.17,221,3077.9,2025-10,0.9032,0.7185,28,31,193.5,,0,0,2025-10-27,1.49,0.0,-1501.27,ok
CNB008,Especial-CNB-casa-TOP-1Q,Especial,SP,"Campos do Jordão, SP","Campos do Jordão, SP, Jardim Europa",0,560,8579.02,17,5682.81,2025-10,0.6129,0.6351,19,31,543.79,438.33,3,9,2025-10-27,1.51,0.0,-2896.21,ok
CND0204,Florianopolis-Praia_Brava-apartamento-JR-3Q,Carteira 1,SC,"Florianópolis, SC","Florianópolis, SC, Ponta das Canas",5,28,6496.99,57,2811.07,2025-10,0.8846,0.5436,23,31,395.35,,0,0,2025-10-27,2.31,1976.75,-3685.9199999999996,meta_subestimada
CRM0212,Florianopolis-Canto_da_Lagoa-apartamento-SUP-2Q,Carteira 1,SC,"Florianópolis, SC","Florianópolis, SC, Canto da Lagoa",0,267,1928.74,15,4361.94,2025-10,0.3548,0.4694,11,31,225.91,200.33,3,0,2025-10-27,0.44,0.0,2433.2,crítico
ELF0408,Bombinhas-Bombas-apartamento-SUP-1Q,Especial,SC,"Bombinhas, SC","Bombinhas, SC, José Amândio",10,133,1113.69,42,1744.23,2025-10,0.2381,0.3583,5,31,258.4,228.0,4,24,2025-10-27,0.64,2584.0,630.54,atenção
GDI268,Florianopolis-Canasvieiras_Perto-apartamento-JR-1Q,Carteira 1,SC,"Florianópolis, SC","Florianópolis, SC, Canasvieiras",0,777,0.0,31,1703.19,2025-10,0.0,0.4168,0,31,0.0,143.5,4,0,2025-10-27,0.0,0.0,1703.19,crítico
ILC2403,Especial-ILC-hotel-JR-1Q,Especial,SC,"Florianópolis, SC","Florianópolis, SC, Jurerê Internacional",7,1748,6133.45,16,7820.79,2025-10,0.6667,0.6145,16,31,453.63,383.0,3,0,2025-10-27,0.78,3175.41,1687.3400000000001,atenção
MOR0402,Florianopolis-Jurere_Tradicional-apartamento-TOP-3Q,Carteira 1,SC,"Florianópolis, SC","Florianópolis, SC, Jurerê",8,660,7147.25,14,6110.01,2025-10,0.7826,0.4329,18,31,572.17,345.5,2,0,2025-10-27,1.17,4577.36,-1037.2399999999998,ok
NOR0201,Brasilia-Asa_Norte-apartamento-JR-1Q,Carteira 1,DF,"Brasília, DF","Brasília, DF, Asa Norte",0,736,3343.23,152,3070.12,2025-10,0.6774,0.7888,21,31,190.1,174.0,1,0,2025-10-27,1.09,0.0,-273.1100000000001,berlinda
NWT0617,Especial-NWT-apartamento-TOP-1Q,Carteira 5,AL,"Maceió, AL","Maceió, AL, Pajuçara",0,184,6802.98,34,5613.71,2025-10,0.9677,0.7261,30,31,259.17,,0,0,2025-10-27,1.21,0.0,-1189.2699999999995,ok
RPR056,Penha-Praia-casa-JR-3Q,Carteira 6,SC,"Penha, SC","Penha, SC, penha",4,609,1787.12,24,2331.91,2025-10,0.5185,0.4077,14,31,193.86,146.75,4,0,2025-10-27,0.77,775.44,544.79,atenção
RTS0903,Balneario_Picarras-Geral-apartamento-TOP-2Q,Carteira 6,SC,"Balneário Piçarras, SC","Balneário Piçarras, SC, Centro",1,245,3810.67,33,2398.7,2025-10,0.8333,0.3483,25,31,204.8,140.0,3,0,2025-10-27,1.59,204.8,-1411.9700000000003,ok
SOV0002,Mata_de_Sao_Joao-Praia_Imbassai-casa-SUP-2Q,Carteira 2,BA,"Mata de São João, BA","Mata de São João, BA, Imbassaí",12,64,2579.7,10,3450.17,2025-10,0.7368,0.5049,14,31,224.14,,0,0,2025-10-27,0.75,2689.68,870.4700000000003,atenção
TXP0608,Goiania-Central-apartamento-SUP-1Q,Carteira 1,GO,"Goiânia, GO","Goiânia, GO, Setor Bueno",0,726,2761.85,161,2721.7,2025-10,0.6452,0.6044,20,31,155.75,,0,3,2025-10-27,1.01,0.0,-40.15000000000009,berlinda
VAR0302,Ilheus-Sul-apartamento-SUP-2Q,Carteira 2,BA,"Ilhéus, BA","Ilhéus, BA, Nossa Senhora da Vitória",4,217,2007.08,24,3158.2,2025-10,0.5556,0.5022,15,31,162.53,170.0,4,0,2025-10-27,0.64,650.12,1151.12,atenção
VEC121,Bombinhas-Centro-apartamento-SUP-1Q,Carteira 6,SC,"Bombinhas, SC","Bombinhas, SC, Centro",1,1009,3568.04,32,2630.32,2025-10,0.9667,0.5814,29,31,153.83,120.0,1,0,2025-10-27,1.36,153.83,-937.7199999999998,ok
YOU1203,Sao_Paulo-Pinheiros-apartamento-TOP-1Q,Carteira 4,SP,"São Paulo, SP","São Paulo, SP, Jardim Paulistano",0,379,5092.96,262,5251.9,2025-10,0.8387,0.6952,26,31,261.62,200.0,1,0,2025-10-27,0.97,0.0,158.9399999999996,berlinda
CCS201,Florianopolis-Campeche_Praia-apartamento-SUP-1Q,Carteira 1,SC,"Florianópolis, SC","Florianópolis, SC, Campeche",1,980,2037.27,61,4056.51,2025-10,0.5,0.6275,15,31,161.73,181.5,4,0,2025-10-27,0.5,161.73,2019.2400000000002,atenção
CEV1106,Balneario_Camboriu-Intermediario-apartamento-JR-1Q,Carteira 6,SC,"Balneário Camboriú, SC","Balneário Camboriú, SC, Centro",4,456,2399.23,56,2452.67,2025-10,0.7407,0.5785,20,31,136.4,115.0,1,0,2025-10-27,0.98,545.6,53.440000000000055,berlinda
COS302,Florianopolis-Jurere_Tradicional-apartamento-SUP-3Q,Carteira 1,SC,"Florianópolis, SC","Florianópolis, SC, Jurerê",8,1556,4766.49,25,6836.97,2025-10,0.913,0.5705,21,31,277.76,,0,0,2025-10-27,0.7,2222.08,2070.4800000000005,atenção
CPK1009,Ilheus-Sul-apartamento-TOP-2Q,Carteira 2,BA,"Ilhéus, BA","Ilhéus, BA, Nossa Senhora da Vitória",6,285,3532.42,17,3459.9,2025-10,0.6,0.4935,15,31,270.8,211.25,4,0,2025-10-27,1.02,1624.8000000000002,-72.51999999999998,berlinda
CPM0303,Sao_Paulo-Pinheiros-apartamento-SUP-1Q,Carteira 4,SP,"São Paulo, SP","São Paulo, SP, Pinheiros",0,155,3333.67,413,3951.39,2025-10,0.7097,0.6435,22,31,196.05,170.0,3,0,2025-10-27,0.84,0.0,617.7199999999998,berlinda
EDG402,Balneario_Camboriu-Centro-apartamento-JR-2Q,Carteira 6,SC,"Balneário Camboriú, SC","Balneário Camboriú, SC, Centro",2,929,4712.41,43,2111.4,2025-10,0.931,0.4194,27,31,197.19,110.0,1,0,2025-10-27,2.23,394.38,-2601.0099999999998,meta_subestimada
EGI001,Imbituba-Praia_do_Rosa-casa-TOP-3Q,Carteira 6,SC,"Imbituba, SC","Imbituba, SC, Ibiraquera",8,748,4786.6,13,5518.33,2025-10,0.4348,0.4845,10,31,368.8,,0,26,2025-10-27,0.87,2950.4,731.7299999999996,berlinda
ELF0407,Bombinhas-Bombas-apartamento-SUP-1Q,Especial,SC,"Bombinhas, SC","Bombinhas, SC, José Amândio",1,141,1655.52,42,1744.23,2025-10,0.3,0.3583,9,31,228.0,228.0,4,31,2025-10-27,0.95,228.0,88.71000000000004,berlinda
ERG605,Balneario_Camboriu-Norte-apartamento-SUP-2Q,Carteira 6,SC,"Balneário Camboriú, SC","Balneário Camboriú, SC, Centro",1,1128,3551.2,31,4038.99,2025-10,0.7333,0.5763,22,31,186.32,,0,0,2025-10-27,0.88,186.32,487.78999999999996,berlinda
EST0301,Itapema-Meia_Praia-Norte-apartamento-SUP-3Q,Carteira 6,SC,"Itapema, SC","Itapema, SC, Meia Praia",3,155,3081.27,35,2279.35,2025-10,0.5357,0.3969,15,31,229.07,234.5,2,0,2025-10-27,1.35,687.21,-801.9200000000001,ok
FLT0001,Florianopolis-Centrao-apartamento-SIM-1Q,Carteira 4,SC,"Florianópolis, SC","Florianópolis, SC, Centro",0,180,1967.45,13,1444.15,2025-10,0.7742,0.4115,24,31,94.17,92.0,1,0,2025-10-27,1.36,0.0,-523.3,ok
JAS0003,Florianopolis-Lagoa-apartamento-JR-1Q,Carteira 1,SC,"Florianópolis, SC","Florianópolis, SC, Lagoa da Conceição",0,134,1848.53,28,2591.97,2025-10,0.5161,0.5821,16,31,145.06,136.75,4,0,2025-10-27,0.71,0.0,743.4399999999998,atenção
JBV433,Especial-JBV-hotel-JR-1Q,Especial,SC,"Florianópolis, SC","Florianópolis, SC, Jurerê",0,1349,9724.75,25,7692.08,2025-10,0.9677,0.6447,30,31,392.74,,0,0,2025-10-27,1.26,0.0,-2032.67,ok
MDO201,Florianopolis-Jurere_Tradicional-apartamento-JR-3Q,Carteira 1,SC,"Florianópolis, SC","Florianópolis, SC, Jurerê Internacional",3,910,3664.01,22,3640.93,2025-10,0.7143,0.3041,20,31,251.85,175.0,1,0,2025-10-27,1.01,755.55,-23.080000000000382,berlinda
MHF1702,Itapema-Canto_Praia-apartamento-TOP-2Q,Carteira 5,SC,"Itapema, SC","Itapema, SC, Centro",0,455,4862.69,10,2671.81,2025-10,0.8065,0.2867,25,31,239.2,204.33,3,0,2025-10-27,1.82,0.0,-2190.8799999999997,ok
MHF1907,Itapema-Canto_Praia-apartamento-TOP-1Q,Carteira 5,SC,"Itapema, SC","Itapema, SC, Centro",1,328,4831.04,15,3459.9,2025-10,0.9667,0.6192,29,31,214.1,,0,0,2025-10-27,1.4,214.1,-1371.1399999999999,ok
OCB0204,Salvador-Barra-apartamento-TOP-1Q,Carteira 2,BA,"Salvador, BA","Salvador, BA, Barra",1,76,2687.58,135,4707.73,2025-10,0.5667,0.704,17,31,188.35,222.0,3,0,2025-10-27,0.57,188.35,2020.1499999999996,atenção
OKA111,Florianopolis-Campeche-apartamento-SUP-1Q,Carteira 1,SC,"Florianópolis, SC","Florianópolis, SC, Campeche",0,1022,4368.54,25,2756.73,2025-10,0.9032,0.5652,28,31,195.43,,0,0,2025-10-27,1.58,0.0,-1611.81,ok
PLO0004,Jaguaruna-Camacho-apartamento-SUP-1Q,Carteira 3,SC,"Jaguaruna, SC","Jaguaruna, SC, Centro",0,8,505.04,8,705.61,2025-10,0.1613,0.1518,5,31,114.6,104.25,4,0,2025-10-27,0.72,0.0,200.57,atenção
PTR0012,Porto_Seguro-Pataxos-apartamento-JR-3Q,Carteira 2,BA,"Porto Seguro, BA","Porto Seguro, BA, Paraíso dos Pataxós",6,225,3978.35,17,2228.74,2025-10,0.72,0.4972,18,31,299.67,211.5,4,0,2025-10-27,1.79,1798.02,-1749.6100000000001,ok
RFM0035,Santa_Cruz_Cabralia-Coroa_Vermelha-apartamento-SUP-2Q,Carteira 2,BA,"Santa Cruz Cabrália, BA","Santa Cruz Cabrália, BA, Coroa Vermelha",0,210,3798.01,45,4511.23,2025-10,0.6129,0.6517,19,31,251.0,234.0,1,0,2025-10-27,0.84,0.0,713.2199999999993,berlinda
RML605,Imbituba-Centro-apartamento-JR-3Q,Carteira 6,SC,"Imbituba, SC","Imbituba, SC, centro",7,1041,1799.47,7,1576.66,2025-10,0.375,0.2351,9,31,240.44,228.0,3,31,2025-10-27,1.14,1683.08,-222.80999999999995,ok
RUP1005,Blumenau-Central-apartamento-SUP-1Q,Carteira 4,SC,"Blumenau, SC","Blumenau, SC, Escola Agrícola",3,461,6461.64,77,8352.92,2025-10,0.6071,0.6104,17,31,429.71,120.0,1,0,2025-10-27,0.77,1289.1299999999999,1891.2799999999997,atenção
SSG0225,Florianopolis-UFSC-apartamento-TOP-1Q,Carteira 4,SC,"Florianópolis, SC","Florianópolis, SC, Córrego Grande",3,890,0.0,15,2661.35,2025-10,0.0,0.5879,0,31,0.0,172.5,4,0,2025-10-27,0.0,0.0,2661.35,crítico
SSL303,Florianopolis-Itacorubi-apartamento-TOP-2Q,Carteira 4,SC,"Florianópolis, SC","Florianópolis, SC, Córrego Grande",0,786,4841.65,11,2647.24,2025-10,0.7097,0.3854,22,31,305.55,,0,0,2025-10-27,1.83,0.0,-2194.41,ok
TCO1216,Porto_Alegre-Centro_Historico-apartamento-SUP-1Q,Carteira 4,RS,"Porto Alegre, RS","Porto Alegre, RS, Centro Histórico",1,468,2646.51,87,2119.74,2025-10,0.8,0.5817,24,31,131.54,,0,0,2025-10-27,1.25,131.54,-526.7700000000004,ok
TFL002,Florianopolis-UFSC-casa-JR-1Q,Carteira 4,SC,"Florianópolis, SC","Florianópolis, SC, Carvoeira",0,365,2062.42,16,1959.65,2025-10,0.6774,0.7278,21,31,108.48,94.0,1,0,2025-10-27,1.05,0.0,-102.76999999999998,berlinda
TXP1410,Goiania-Central-apartamento-SUP-1Q,Carteira 1,GO,"Goiânia, GO","Goiânia, GO, Setor Bueno",0,748,4039.74,161,2721.7,2025-10,0.9355,0.6044,29,31,178.24,,0,0,2025-10-27,1.48,0.0,-1318.04,ok
VBX1518,Sao_Paulo-Vila_Olimpia-apartamento-TOP-1Q,Carteira 4,SP,"São Paulo, SP","São Paulo, SP, Vila Olímpia",1,321,4264.6,100,8974.42,2025-10,0.5333,0.7417,16,31,306.06,270.0,1,0,2025-10-27,0.48,306.06,4709.82,crítico
VNU1405,Sao_Paulo-Bela_Vista-apartamento-SUP-1Q,Carteira 4,SP,"São Paulo, SP","São Paulo, SP, Bela Vista",0,250,1880.58,596,3350.19,2025-10,0.4194,0.6478,13,31,160.43,150.0,2,0,2025-10-27,0.56,0.0,1469.6100000000001,atenção
VST034,Especial-VST-casa-TOP-1Q,Carteira 5,SC,"Anitápolis, SC","Anitápolis, SC, Rio dos Pinheiros",0,203,3445.52,45,2754.3,2025-10,0.5161,0.2088,16,31,258.75,160.0,2,0,2025-10-27,1.25,0.0,-691.2199999999998,ok
VTD0703,Florianopolis-UFSC-apartamento-SUP-1Q,Carteira 4,SC,"Florianópolis, SC","Florianópolis, SC, Trindade",2,106,3701.39,44,2740.41,2025-10,0.7931,0.6164,23,31,180.4,,0,0,2025-10-27,1.35,360.8,-960.98,ok
CAC106,Florianopolis-Ingleses_Praia-apartamento-JR-2Q,Carteira 1,SC,"Florianópolis, SC","Florianópolis, SC, Ingleses do Rio Vermelho",31,895,0.0,38,2290.13,2025-10,,0.4232,0,31,0.0,,0,0,2025-10-27,0.0,0.0,2290.13,crítico
EEP0802,Guarapari-Centro-apartamento-SUP-1Q,Carteira 4,ES,"Guarapari, ES","Guarapari, ES, São Judas Tadeu",0,83,3671.53,34,2863.3,2025-10,0.9677,0.6846,30,31,152.77,138.0,1,0,2025-10-27,1.28,0.0,-808.23,ok
EPK0802,Guara-Geral-apartamento-TOP-2Q,Especial,DF,"Brasília, DF","Brasília, DF, SOF",0,285,6192.84,8,4262.11,2025-10,0.8065,0.6305,25,31,295.88,,0,0,2025-10-27,1.45,0.0,-1930.7300000000005,ok
EUB0902,Salvador-Barra-apartamento-SUP-1Q,Carteira 2,BA,"Salvador, BA","Salvador, BA, Barra",1,295,3229.28,209,3347.82,2025-10,0.8,0.601,24,31,164.63,,0,0,2025-10-27,0.96,164.63,118.53999999999996,berlinda
HBW2317,Sao_Paulo-Pinheiros-apartamento-TOP-1Q,Carteira 4,SP,"São Paulo, SP","São Paulo, SP, Pinheiros",1,23,6030.02,262,5251.9,2025-10,1.0,0.6952,30,31,282.33,,0,0,2025-10-27,1.15,282.33,-778.1200000000008,ok
IBL103,Porto_Belo-Geral-apartamento-JR-2Q,Carteira 6,SC,"Porto Belo, SC","Porto Belo, SC, Perequê",5,747,2374.77,14,1946.01,2025-10,0.8077,0.4852,21,31,152.48,,0,0,2025-10-27,1.22,762.4,-428.76,ok
JBV108,Especial-JBV-hotel-TOP-1Q,Especial,SC,"Florianópolis, SC","Florianópolis, SC, Jurerê",0,1673,9235.64,32,10019.61,2025-10,0.9355,0.8219,29,31,1414.93,303.0,1,0,2025-10-27,0.92,0.0,783.9700000000012,berlinda
JBV328,Especial-JBV-hotel-TOP-1Q,Especial,SC,"Florianópolis, SC","Florianópolis, SC, Jurerê Internacional",0,1169,9040.06,32,10019.61,2025-10,0.8387,0.8219,26,31,432.46,333.0,1,0,2025-10-27,0.9,0.0,979.5500000000011,berlinda
MHF1705,Itapema-Canto_Praia-apartamento-TOP-1Q,Carteira 5,SC,"Itapema, SC","Itapema, SC, Centro",1,469,4120.35,15,3459.9,2025-10,0.9667,0.6192,29,31,184.34,160.0,1,0,2025-10-27,1.19,184.34,-660.4500000000003,ok
MRN302,Balneario_Camboriu-Intermediario-apartamento-JR-2Q,Carteira 6,SC,"Balneário Camboriú, SC","Balneário Camboriú, SC, Centro",0,523,660.0,49,2944.08,2025-10,0.129,0.5022,4,31,187.5,320.0,4,27,2025-10-27,0.22,0.0,2284.08,crítico
NWT0915,Especial-NWT-apartamento-TOP-1Q,Carteira 5,AL,"Maceió, AL","Maceió, AL, Pajuçara",0,190,5152.07,34,5613.71,2025-10,0.7097,0.7261,22,31,280.14,,0,0,2025-10-27,0.92,0.0,461.6400000000003,berlinda
NWT1404,Especial-NWT-apartamento-TOP-1Q,Carteira 5,AL,"Maceió, AL","Maceió, AL, Pajuçara",0,226,5636.28,34,5613.71,2025-10,0.7097,0.7261,22,31,306.09,295.5,2,0,2025-10-27,1.0,0.0,-22.56999999999971,berlinda
PIR0014,Florianopolis-Lagoa-apartamento-SUP-1Q,Carteira 1,SC,"Florianópolis, SC","Florianópolis, SC, Lagoa da Conceição",1,167,544.72,23,2810.1,2025-10,0.1333,0.6661,4,31,163.5,177.75,4,0,2025-10-27,0.19,163.5,2265.38,crítico
POR204,Florianopolis-Ingleses_Norte-apartamento-TOP-3Q,Carteira 1,SC,"Florianópolis, SC","Florianópolis, SC, Ingleses do Rio Vermelho",8,1800,6259.68,14,5798.87,2025-10,0.8261,0.5458,19,31,456.53,,0,0,2025-10-27,1.08,3652.24,-460.8100000000004,berlinda
PPB1206,Goiania-Central-apartamento-SUP-2Q,Carteira 1,GO,"Goiânia, GO","Goiânia, GO, Setor Bueno",0,726,2697.26,48,3185.93,2025-10,0.4516,0.4722,14,31,223.93,207.5,4,7,2025-10-27,0.85,0.0,488.6699999999996,berlinda
PSO0604,Penha-Beto_Carrero-apartamento-SUP-1Q,Carteira 3,SC,"Penha, SC","Penha, SC, Praia de Armação do Itapocoroi",0,70,4306.97,18,2566.46,2025-10,1.0,0.6596,31,31,177.23,,0,0,2025-10-27,1.68,0.0,-1740.5100000000002,ok
PSOB1103,Penha-Beto_Carrero-apartamento-SUP-1Q,Carteira 3,SC,"Penha, SC","Penha, SC, Praia de Armação do Itapocoroi",0,68,2578.53,18,2566.46,2025-10,0.5806,0.6596,18,31,158.67,162.0,2,0,2025-10-27,1.0,0.0,-12.070000000000164,berlinda
RVN2003,Itapema-Praia_Centro-apartamento-SUP-2Q,Carteira 6,SC,"Itapema, SC","Itapema, SC, Tabuleiro dos Oliveiras",1,300,3202.98,19,2550.0,2025-10,0.8,0.5336,24,31,156.04,,0,0,2025-10-27,1.26,156.04,-652.98,ok
SCO0016,Florianopolis-Campeche-apartamento-JR-2Q,Carteira 1,SC,"Florianópolis, SC","Florianópolis, SC, Campeche",0,176,2645.7,29,2982.65,2025-10,0.6774,0.5857,21,31,144.35,120.0,1,0,2025-10-27,0.89,0.0,336.9500000000003,berlinda
SMA0916,Salvador-Pituba_Praia-apartamento-SUP-1Q,Carteira 5,BA,"Salvador, BA","Salvador, BA, Amaralina",0,35,3275.21,14,2339.45,2025-10,0.8065,0.5815,25,31,175.16,156.33,3,0,2025-10-27,1.4,0.0,-935.7600000000002,ok
CZZ0505,Urubici-Geral-apartamento-SUP-1Q,Especial,SC,"Urubici, SC","Urubici, SC, Centro",0,131,3685.77,64,1691.39,2025-10,0.6774,0.2197,21,31,203.95,173.75,4,0,2025-10-27,2.18,0.0,-1994.3799999999999,meta_subestimada
DRL0103,Bombinhas-Centro-apartamento-TOP-2Q,Carteira 6,SC,"Bombinhas, SC","Bombinhas, SC, Centro",1,456,3665.69,27,3801.63,2025-10,0.9,0.3509,27,31,171.3,,0,0,2025-10-27,0.96,171.3,135.94000000000005,berlinda
ILC3313,Especial-ILC-hotel-JR-1Q,Especial,SC,"Florianópolis, SC","Florianópolis, SC, Jurerê Internacional",3,1584,7573.48,16,7820.79,2025-10,0.7857,0.6145,22,31,405.95,500.0,2,10,2025-10-27,0.97,1217.85,247.3100000000004,berlinda
NOR0101,Brasilia-Asa_Norte-apartamento-JR-2Q,Carteira 1,DF,"Brasília, DF","Brasília, DF, Asa Norte",1,736,4423.2,14,4192.75,2025-10,0.7667,0.7037,23,31,228.74,174.0,2,0,2025-10-27,1.05,228.74,-230.44999999999982,berlinda
OBP0303,Penha-Beto_Carrero-apartamento-MASTER-2Q,Carteira 3,SC,"Penha, SC","Penha, SC, Armação",0,321,5307.9,28,4213.66,2025-10,0.6774,0.3904,21,31,289.14,200.0,2,0,2025-10-27,1.26,0.0,-1094.2399999999998,ok
PDC001,Ilheus-Sul-apartamento-JR-2Q,Carteira 2,BA,"Ilhéus, BA","Ilhéus, BA, Nossa Senhora da Vitória",1,436,2383.7,31,2401.98,2025-10,0.5667,0.44,17,31,164.94,115.25,4,0,2025-10-27,0.99,164.94,18.2800000000002,berlinda
RSR0614,Maceio-Cruz_das_Almas-apartamento-TOP-1Q,Carteira 2,AL,"Maceió, AL","Maceió, AL, Cruz das Almas",26,343,1032.4,52,5219.75,2025-10,1.0,0.8531,5,31,226.0,,0,0,2025-10-27,0.2,5876.0,4187.35,crítico
TPZ0403,Santa_Cruz_Cabralia-Coroa_Vermelha-apartamento-SUP-2Q,Carteira 2,BA,"Santa Cruz Cabrália, BA","Santa Cruz Cabrália, BA, Coroa Vermelha",0,631,3155.96,45,4511.23,2025-10,0.3548,0.6517,11,31,340.18,195.0,4,0,2025-10-27,0.7,0.0,1355.2699999999995,atenção
TSR0501,Ilheus-Sul-apartamento-SUP-2Q,Carteira 2,BA,"Ilhéus, BA","Ilhéus, BA, Nossa Senhora da Vitória",0,44,3139.42,24,3158.2,2025-10,0.5806,0.5022,18,31,212.28,159.0,3,0,2025-10-27,0.99,0.0,18.779999999999745,berlinda
TXP0604,Goiania-Central-apartamento-TOP-1Q,Carteira 1,GO,"Goiânia, GO","Goiânia, GO, Setor Bueno",5,471,2143.52,53,3116.1,2025-10,0.6154,0.5687,16,31,190.62,,0,0,2025-10-27,0.69,953.1,972.5799999999999,atenção
VST009,Especial-VST-casa-TOP-1Q,Carteira 5,SC,"Anitápolis, SC","Anitápolis, SC, Rio dos Pinheiros",1,457,2636.69,45,2754.3,2025-10,0.4667,0.2088,14,31,224.07,160.0,3,0,2025-10-27,0.96,224.07,117.61000000000013,berlinda
AST0103,Porto_Seguro-Pataxos-apartamento-SUP-2Q,Carteira 2,BA,"Porto Seguro, BA","Porto Seguro, BA, Taperapuan",2,285,2721.74,35,5287.85,2025-10,0.4138,0.6403,12,31,313.0,,0,0,2025-10-27,0.51,626.0,2566.1100000000006,atenção
CVKB0006,São_Miguel_dos_Milagres-Geral-apartamento-SUP-1Q,Carteira 2,AL,"São Miguel dos Milagres, AL","São Miguel dos Milagres, AL, Centro",2,377,4058.58,16,4660.41,2025-10,0.6897,0.5766,20,31,252.0,180.0,2,14,2025-10-27,0.87,504.0,601.8299999999999,berlinda
DNAB1503,Goiania-Central-apartamento-SUP-1Q,Carteira 1,GO,"Goiânia, GO","Goiânia, GO, Setor Bueno",0,741,3085.21,161,2721.7,2025-10,0.5161,0.6044,16,31,194.0,,0,24,2025-10-27,1.13,0.0,-363.5100000000002,ok
EUB1006,Salvador-Barra-apartamento-SUP-1Q,Carteira 2,BA,"Salvador, BA","Salvador, BA, Barra",1,231,2334.29,209,3347.82,2025-10,0.6333,0.601,19,31,144.84,130.0,1,0,2025-10-27,0.7,144.84,1013.5300000000002,atenção
IFT1108,Itapema-Meia_Praia-Norte-apartamento-TOP-1Q,Carteira 6,SC,"Itapema, SC","Itapema, SC, Meia Praia",0,217,535.74,20,2978.59,2025-10,0.1935,0.5085,6,31,142.67,300.0,4,25,2025-10-27,0.18,0.0,2442.8500000000004,crítico
MHF0607,Itapema-Canto_Praia-apartamento-TOP-1Q,Carteira 5,SC,"Itapema, SC","Itapema, SC, Centro",0,463,4593.57,15,3459.9,2025-10,0.6452,0.6192,20,31,280.0,280.0,4,31,2025-10-27,1.33,0.0,-1133.6699999999996,ok
NAT0202,Cabo_Frio-Pero_Longe-casa-JR-4Q,Carteira 4,RJ,"Cabo Frio, RJ","Cabo Frio, RJ, Praia do Peró",2,33,270.87,27,2919.75,2025-10,0.0345,0.4275,1,31,354.0,286.5,4,0,2025-10-27,0.09,708.0,2648.88,crítico
NWT0601,Especial-NWT-apartamento-TOP-1Q,Carteira 5,AL,"Maceió, AL","Maceió, AL, Pajuçara",1,184,4799.27,34,5613.71,2025-10,0.6667,0.7261,20,31,273.75,255.0,4,0,2025-10-27,0.85,273.75,814.4399999999996,berlinda
NWT0904,Especial-NWT-apartamento-TOP-1Q,Carteira 5,AL,"Maceió, AL","Maceió, AL, Pajuçara",1,190,4323.45,34,5613.71,2025-10,0.6667,0.7261,20,31,256.15,250.0,2,0,2025-10-27,0.77,256.15,1290.2600000000002,atenção
NWT1013,Especial-NWT-apartamento-TOP-1Q,Carteira 5,AL,"Maceió, AL","Maceió, AL, Pajuçara",0,154,5247.3,34,5613.71,2025-10,0.6774,0.7261,21,31,310.71,280.0,4,0,2025-10-27,0.93,0.0,366.40999999999985,berlinda
PLO0007,Jaguaruna-Camacho-apartamento-SUP-1Q,Carteira 3,SC,"Jaguaruna, SC","Jaguaruna, SC, Centro",7,1,409.37,8,705.61,2025-10,0.0833,0.1518,2,31,106.0,108.5,2,0,2025-10-27,0.58,742.0,296.24,atenção
PSO0905,Penha-Beto_Carrero-apartamento-SUP-1Q,Carteira 3,SC,"Penha, SC","Penha, SC, Praia de Armação do Itapocoroi",1,62,4233.59,18,2566.46,2025-10,1.0,0.6596,30,31,167.43,,0,0,2025-10-27,1.65,167.43,-1667.13,ok
REH0203,Florianopolis-Barra_da_Lagoa-apartamento-SUP-2Q,Carteira 1,SC,"Florianópolis, SC","Florianópolis, SC, Barra da Lagoa",1,35,3368.53,35,4117.4,2025-10,0.6667,0.5228,20,31,209.7,159.5,2,0,2025-10-27,0.82,209.7,748.8699999999994,berlinda
RIG0102,Florianopolis-Ingleses_Praia-apartamento-TOP-3Q,Carteira 1,SC,"Florianópolis, SC","Florianópolis, SC, Ingleses do Rio Vermelho",6,674,8775.78,16,4758.54,2025-10,0.92,0.3975,23,31,577.22,,0,0,2025-10-27,1.84,3463.32,-4017.2400000000007,ok
SPJ0205,Especial-SPJ-apartamento-TOP-1Q,Carteira 5,SC,"Florianópolis, SC","Florianópolis, SC, Jurerê",1,486,4300.69,19,3903.22,2025-10,0.9,0.6281,27,31,197.93,,0,0,2025-10-27,1.1,197.93,-397.4699999999998,ok
STG2085,Imbituba-Praia_do_Rosa-casa-SUP-5Q,Carteira 6,SC,"Garopaba, SC","Garopaba, SC, Grama",8,1169,6982.23,10,3358.69,2025-10,0.8261,0.3165,19,31,490.0,,0,0,2025-10-27,2.08,3920.0,-3623.5399999999995,meta_subestimada
TSO0311,Balneario_Camboriu-Longe-apartamento-MASTER-2Q,Carteira 6,SC,"Balneário Camboriú, SC","Balneário Camboriú, SC, Estados",0,77,5637.81,33,5211.35,2025-10,0.7742,0.5887,24,31,288.21,,0,0,2025-10-27,1.08,0.0,-426.46000000000004,berlinda
VST015,Especial-VST-casa-TOP-1Q,Carteira 5,SC,"Anitápolis, SC","Anitápolis, SC, Rio dos pinheiros",0,92,2246.93,45,2754.3,2025-10,0.3226,0.2088,10,31,288.09,160.0,3,0,2025-10-27,0.82,0.0,507.37000000000035,berlinda
AMC0202,Florianopolis-Ingleses_Praia-apartamento-JR-1Q,Carteira 1,SC,"Florianópolis, SC","Florianópolis, SC, Ingleses do Rio Vermelho",0,470,2471.72,30,2073.02,2025-10,0.5484,0.5322,17,31,176.24,,0,0,2025-10-27,1.19,0.0,-398.6999999999998,ok
BLSA1455,Goiania-Central-apartamento-TOP-1Q,Carteira 1,GO,"Goiânia, GO","Goiânia, GO, Setor Marista",0,425,2670.81,53,3116.1,2025-10,0.5161,0.5687,16,31,201.25,,0,0,2025-10-27,0.86,0.0,445.28999999999996,berlinda
CAG0003,Camaçari-Monte_Gordo-casa-SUP-4Q,Carteira 2,BA,"Camaçari, BA","Camaçari, BA, Guarajuba",7,93,5408.81,14,5328.19,2025-10,0.5833,0.5631,14,31,535.36,345.0,1,0,2025-10-27,1.02,3747.52,-80.6200000000008,berlinda
CEV2304,Balneario_Camboriu-Intermediario-apartamento-JR-1Q,Carteira 6,SC,"Balneário Camboriú, SC","Balneário Camboriú, SC, Centro",3,275,2687.78,56,2452.67,2025-10,0.7857,0.5785,22,31,144.68,,0,0,2025-10-27,1.1,434.04,-235.11000000000013,berlinda
CII0601,Porto_Belo-Geral-apartamento-SUP-2Q,Carteira 6,SC,"Porto Belo, SC","Porto Belo, SC, Perequê",0,404,2609.36,22,2463.78,2025-10,0.8387,0.4086,26,31,179.77,154.25,4,0,2025-10-27,1.06,0.0,-145.57999999999993,berlinda
CNB005,Especial-CNB-casa-TOP-1Q,Especial,SP,"Campos do Jordão, SP","Campos do Jordão, SP, Jardim Europa",0,565,5459.55,17,5682.81,2025-10,0.3548,0.6351,11,31,609.0,320.0,3,10,2025-10-27,0.96,0.0,223.26000000000022,berlinda
DSG1301,Sao_Paulo-Vila_Olimpia-apartamento-SUP-1Q,Carteira 4,SP,"São Paulo, SP","São Paulo, SP, Itaim Bibi",3,160,6784.97,299,5468.9,2025-10,0.8929,0.6581,25,31,321.96,,0,0,2025-10-27,1.24,965.8799999999999,-1316.0700000000006,ok
ILC3208,Especial-ILC-hotel-TOP-1Q,Especial,SC,"Florianópolis, SC","Florianópolis, SC, Jurerê Internacional",5,1427,9043.7,28,10019.61,2025-10,0.8462,0.8614,22,31,513.0,423.0,3,0,2025-10-27,0.9,2565.0,975.9099999999999,berlinda
JBV214,Especial-JBV-hotel-JR-1Q,Especial,SC,"Florianópolis, SC","Florianópolis, SC, Jurerê",0,1014,7881.24,25,7692.08,2025-10,0.9355,0.6447,29,31,1357.86,,0,0,2025-10-27,1.02,0.0,-189.15999999999985,berlinda
JBV462,Especial-JBV-hotel-TOP-1Q,Especial,SC,"Florianópolis, SC","Florianópolis, SC, Jurerê",0,1345,10832.46,32,10019.61,2025-10,0.7742,0.8219,24,31,589.13,416.0,3,1,2025-10-27,1.08,0.0,-812.8499999999985,berlinda
JPR212,Florianopolis-Jurere_Tradicional-apartamento-MASTER-1Q,Carteira 1,SC,"Florianópolis, SC","Florianópolis, SC, Jurerê",0,1247,5421.37,27,8096.25,2025-10,0.6774,0.6506,21,31,301.57,275.5,2,3,2025-10-27,0.67,0.0,2674.88,atenção
LVR010,Campos_do_Jordao-Capivari_Centro-apartamento-SUP-2Q,Carteira 4,SP,"Campos do Jordão, SP","Campos do Jordão, SP, Vila Iara",0,910,6549.35,28,3350.95,2025-10,0.6129,0.2493,19,31,409.42,204.0,1,0,2025-10-27,1.95,0.0,-3198.4000000000005,ok
MHF0704,Itapema-Canto_Praia-apartamento-TOP-1Q,Carteira 5,SC,"Itapema, SC","Itapema, SC, Centro",2,440,3647.37,15,3459.9,2025-10,0.8276,0.6192,24,31,177.63,175.67,3,0,2025-10-27,1.05,355.26,-187.4699999999998,berlinda
MHFB0507,Itapema-Canto_Praia-apartamento-SUP-1Q,Carteira 5,SC,"Itapema, SC","Itapema, SC, Centro",0,426,2720.13,11,1766.45,2025-10,0.7742,0.415,24,31,134.58,138.0,4,0,2025-10-27,1.54,0.0,-953.6800000000001,ok
MPL0215,Brasilia-Asa_Norte-apartamento-SUP-1Q,Carteira 1,DF,"Brasília, DF","Brasília, DF, Asa Norte",1,238,2177.56,93,3756.57,2025-10,0.5,0.7516,15,31,185.47,135.0,1,0,2025-10-27,0.58,185.47,1579.0100000000002,atenção
NLUH0008,São_Miguel_dos_Milagres-Geral-casa-TOP-3Q,Carteira 2,AL,"Passo de Camaragibe, AL","Passo de Camaragibe, AL, Praia do Marceneiro",8,357,11341.26,21,9000.62,2025-10,0.8261,0.6561,19,31,705.84,,0,4,2025-10-27,1.26,5646.72,-2340.6399999999994,ok
NWT0803,Especial-NWT-apartamento-TOP-1Q,Carteira 5,AL,"Maceió, AL","Maceió, AL, Pajuçara",0,294,6450.55,34,5613.71,2025-10,0.871,0.7261,27,31,280.04,287.75,4,3,2025-10-27,1.15,0.0,-836.8400000000001,ok
ONJ2712,Sao_Paulo-Moema-apartamento-SUP-1Q,Carteira 4,SP,"São Paulo, SP","São Paulo, SP, Moema",31,236,0.0,519,3424.22,2025-10,,0.5899,0,31,0.0,,0,0,2025-10-27,0.0,0.0,3424.22,crítico
PGR1101,Porto_Alegre-Jardim_Botanico-apartamento-TOP-2Q,Carteira 4,RS,"Porto Alegre, RS","Porto Alegre, RS, Petrópolis",0,190,4485.37,24,5040.39,2025-10,0.6129,0.6197,19,31,284.0,280.0,1,0,2025-10-27,0.89,0.0,555.0200000000004,berlinda
PPB0603,Goiania-Central-apartamento-SUP-2Q,Carteira 1,GO,"Goiânia, GO","Goiânia, GO, Setor Bueno",4,728,3701.96,48,3185.93,2025-10,0.7407,0.4722,20,31,222.25,226.0,1,4,2025-10-27,1.16,889.0,-516.0300000000002,ok
RFM0021,Santa_Cruz_Cabralia-Coroa_Vermelha-apartamento-SUP-2Q,Carteira 2,BA,"Santa Cruz Cabrália, BA","Santa Cruz Cabrália, BA, Coroa Vermelha",0,406,2123.54,45,4511.23,2025-10,0.2581,0.6517,8,31,295.38,177.0,4,0,2025-10-27,0.47,0.0,2387.6899999999996,crítico
RPC301,Florianopolis-Canasvieiras_Longe-apartamento-SUP-2Q,Carteira 1,SC,"Florianópolis, SC","Florianópolis, SC, Canasvieiras",7,1266,2134.51,25,2799.9,2025-10,0.6667,0.6441,16,31,156.25,145.5,4,0,2025-10-27,0.76,1093.75,665.3899999999999,atenção
SCO0004,Florianopolis-Campeche-apartamento-JR-1Q,Carteira 1,SC,"Florianópolis, SC","Florianópolis, SC, Campeche",0,176,1778.47,24,1160.82,2025-10,0.6129,0.4803,19,31,111.84,126.0,1,0,2025-10-27,1.53,0.0,-617.6500000000001,ok
SPJ0403,Especial-SPJ-apartamento-TOP-1Q,Carteira 5,SC,"Florianópolis, SC","Florianópolis, SC, Jurerê",0,485,4194.81,19,3903.22,2025-10,0.9032,0.6281,28,31,207.04,137.0,1,0,2025-10-27,1.07,0.0,-291.5900000000006,berlinda
SPT0101,Blumenau-Central-apartamento-JR-1Q,Carteira 4,SC,"Blumenau, SC","Blumenau, SC, Itoupava Seca",6,555,3950.52,48,6119.8,2025-10,0.32,0.5972,8,31,570.38,,0,14,2025-10-27,0.65,3422.2799999999997,2169.28,atenção
BLV0005,Porto_Seguro-Pataxos-apartamento-JR-2Q,Carteira 2,BA,"Porto Seguro, BA","Porto Seguro, BA, Taperapuan",7,196,3381.2,68,3142.14,2025-10,0.8333,0.5275,20,31,197.0,,0,0,2025-10-27,1.08,1379.0,-239.05999999999995,berlinda
BSO0105,Itajai-Praia_Brava-apartamento-SUP-1Q,Carteira 6,SC,"Balneário Camboriú, SC","Balneário Camboriú, SC, Praia dos Amores",0,167,3373.26,55,2564.51,2025-10,0.9032,0.5263,28,31,149.39,141.33,3,0,2025-10-27,1.32,0.0,-808.75,ok
COT0081,Sao_Paulo-Pinheiros-apartamento-SUP-1Q,Carteira 4,SP,"São Paulo, SP","São Paulo, SP, Pinheiros",1,188,4172.22,413,3951.39,2025-10,0.8667,0.6435,26,31,199.04,,0,0,2025-10-27,1.06,199.04,-220.83000000000038,berlinda
ELF0504,Bombinhas-Bombas-apartamento-SUP-1Q,Especial,SC,"Bombinhas, SC","Bombinhas, SC, José Amândio",0,154,424.88,42,1744.23,2025-10,0.0645,0.3583,2,31,228.0,228.0,4,31,2025-10-27,0.24,0.0,1319.35,crítico
ESE0102,Balneario_Camboriu-Norte-apartamento-TOP-2Q,Carteira 6,SC,"Balneário Camboriú, SC","Balneário Camboriú, SC, Centro",0,237,5521.5,13,5545.97,2025-10,0.8387,0.5766,26,31,269.27,240.67,3,0,2025-10-27,1.0,0.0,24.470000000000255,berlinda
EVA0506,Florianopolis-Centrao-apartamento-JR-1Q,Carteira 4,SC,"Florianópolis, SC","Florianópolis, SC, Centro",6,132,1866.39,68,2759.16,2025-10,0.48,0.6039,12,31,180.25,188.0,2,28,2025-10-27,0.68,1081.5,892.7699999999998,atenção
IPTR0082,Balneario_Camboriu-Centro-apartamento-JR-2Q,Carteira 6,SC,"Balneário Camboriú, SC","Balneário Camboriú, SC, Centro",1,61,4037.9,43,2111.4,2025-10,0.8667,0.4194,26,31,197.42,,0,0,2025-10-27,1.91,197.42,-1926.5,ok
ISC0906,Sao_Paulo-Republica-apartamento-SUP-1Q,Carteira 4,SP,"São Paulo, SP","São Paulo, SP, Vila Buarque",1,531,2317.19,465,3003.05,2025-10,0.6333,0.6661,19,31,141.42,130.0,2,0,2025-10-27,0.77,141.42,685.8600000000001,atenção
JBV252,Especial-JBV-hotel-TOP-1Q,Especial,SC,"Florianópolis, SC","Florianópolis, SC, Jurerê",0,1835,11355.78,32,10019.61,2025-10,0.871,0.8219,27,31,524.56,352.0,1,0,2025-10-27,1.13,0.0,-1336.17,ok
JBV325,Especial-JBV-hotel-JR-1Q,Especial,SC,"Florianópolis, SC","Florianópolis, SC, Jurerê",0,1789,8920.44,25,7692.08,2025-10,0.8065,0.6447,25,31,447.48,337.0,3,0,2025-10-27,1.16,0.0,-1228.3600000000006,ok
OLN1702,Sao_Paulo-Mariana-apartamento-SUP-1Q,Carteira 4,SP,"São Paulo, SP","São Paulo, SP, Vila Clementino",1,168,3326.1,173,2959.28,2025-10,0.8,0.5572,24,31,168.83,,0,0,2025-10-27,1.12,168.83,-366.8199999999997,ok
RJT0104,Brasilia-Taguatinga_Norte-apartamento-SUP-1Q,Carteira 1,DF,"Brasília, DF","Brasília, DF, Taguatinga Norte",1,349,1504.79,106,2576.68,2025-10,0.5333,0.6494,16,31,122.19,120.25,4,0,2025-10-27,0.58,122.19,1071.8899999999999,atenção
RMO0602,Salvador-Ondina_Rio_Vermelho-apartamento-SUP-1Q,Carteira 2,BA,"Salvador, BA","Salvador, BA, Rio Vermelho",0,308,3205.25,67,2441.63,2025-10,0.7742,0.5897,24,31,158.46,130.0,2,0,2025-10-27,1.31,0.0,-763.6199999999999,ok
RRC0207,Florianopolis-Ribeirao-apartamento-SUP-1Q,Carteira 4,SC,"Florianópolis, SC","Florianópolis, SC, Ribeirão da Ilha",5,380,1779.56,37,2284.7,2025-10,0.6538,0.5729,17,31,125.29,129.0,2,0,2025-10-27,0.78,626.45,505.1399999999999,atenção
RVP0502,Joao_Pessoa-Aeroclube-apartamento-JR-2Q,Carteira 2,PB,"João Pessoa, PB","João Pessoa, PB, Aeroclube",1,223,2615.36,8,2752.35,2025-10,0.8333,0.5409,25,31,128.76,153.5,2,0,2025-10-27,0.95,128.76,136.98999999999978,berlinda
SDA311,Cabo_Frio-Centro-apartamento-SUP-2Q,Carteira 4,RJ,"Cabo Frio, RJ","Cabo Frio, RJ, Passagem",1,919,3940.83,95,5359.69,2025-10,0.5667,0.6722,17,31,248.18,159.0,2,0,2025-10-27,0.74,248.18,1418.8599999999997,atenção
VCM005,Ilheus-Sul-apartamento-JR-2Q,Carteira 2,BA,"Ilhéus, BA","Ilhéus, BA, Nossa Senhora da Vitória",0,750,1447.24,31,2401.98,2025-10,0.3871,0.44,12,31,133.33,115.25,4,0,2025-10-27,0.6,0.0,954.74,atenção
VLT0107,Salvador-Graca-apartamento-SUP-1Q,Especial,BA,"Salvador, BA","Salvador, BA, Vitória",2,21,1370.02,35,3163.06,2025-10,0.4483,0.564,13,31,140.23,170.25,4,0,2025-10-27,0.43,280.46,1793.04,crítico
VNU1417,Sao_Paulo-Bela_Vista-apartamento-SUP-1Q,Carteira 4,SP,"São Paulo, SP","São Paulo, SP, Bela Vista",5,210,1854.25,596,3350.19,2025-10,0.5,0.6478,13,31,157.15,150.0,3,0,2025-10-27,0.55,785.75,1495.94,atenção
VST035,Especial-VST-casa-TOP-1Q,Carteira 5,SC,"Anitápolis, SC",VST036,0,35,3391.18,45,2754.3,2025-10,0.4839,0.2088,15,31,256.2,160.0,2,0,2025-10-27,1.23,0.0,-636.8799999999997,ok
WEL0604,Sao_Paulo-Pompeia-apartamento-SUP-1Q,Carteira 4,SP,"São Paulo, SP","São Paulo, SP, Perdizes",31,103,0.0,74,3053.57,2025-10,,0.5076,0,31,0.0,,0,0,2025-10-27,0.0,0.0,3053.57,crítico
ADP001,Cabo_Frio-Pero_Perto-casa-JR-3Q,Carteira 4,RJ,"Cabo Frio, RJ","Cabo Frio, RJ, Peró",25,667,1345.86,14,3017.07,2025-10,1.0,0.4269,6,31,355.67,,0,0,2025-10-27,0.45,8891.75,1671.2100000000003,crítico
BRJ143,Sao_Paulo-Republica-apartamento-TOP-1Q,Carteira 4,SP,"São Paulo, SP","São Paulo, SP, Centro",0,401,4355.4,102,4032.47,2025-10,0.9032,0.6525,28,31,161.43,150.0,3,12,2025-10-27,1.08,0.0,-322.92999999999984,berlinda
BSO0206,Itajai-Praia_Brava-apartamento-SUP-1Q,Carteira 6,SC,"Balneário Camboriú, SC","Balneário Camboriú, SC, Praia dos Amores",0,167,3059.45,55,2564.51,2025-10,0.8387,0.5263,26,31,138.73,120.0,2,0,2025-10-27,1.19,0.0,-494.9399999999996,ok
CCP0207,Florianopolis-Canasvieiras_Meio-apartamento-SUP-2Q,Carteira 1,SC,"Florianópolis, SC","Florianópolis, SC, Canasvieiras",13,236,1280.19,20,2761.65,2025-10,0.5556,0.6523,10,31,168.9,137.0,3,0,2025-10-27,0.46,2195.7000000000003,1481.46,crítico
CSI0302,Balneario_Picarras-Geral-apartamento-SUP-2Q,Carteira 6,SC,"Balneário Piçarras, SC","Balneário Piçarras, SC, Centro",0,414,2524.56,58,1221.17,2025-10,0.7097,0.2657,22,31,149.73,,0,0,2025-10-27,2.07,0.0,-1303.3899999999999,meta_subestimada
DPR0009,Balneario_Camboriu-Sul-apartamento-JR-1Q,Carteira 6,SC,"Balneário Camboriú, SC","Balneário Camboriú, SC, Barra",0,204,1547.79,35,1665.23,2025-10,0.5161,0.5526,16,31,113.5,,0,0,2025-10-27,0.93,0.0,117.44000000000005,berlinda
ECH0503,Florianopolis-Centrao-apartamento-TOP-1Q,Carteira 5,SC,"Florianópolis, SC","Florianópolis, SC, Centro",0,84,4156.07,23,5318.32,2025-10,0.7742,0.5262,24,31,238.54,168.0,1,7,2025-10-27,0.78,0.0,1162.25,atenção
ECI0201,Guarapari-Nova_Guarapari-apartamento-JR-2Q,Carteira 4,ES,"Guarapari, ES","Guarapari, ES, Enseada Verde",0,421,2812.5,40,2664.27,2025-10,0.7097,0.462,22,31,156.82,137.33,3,0,2025-10-27,1.06,0.0,-148.23000000000002,berlinda
IFT1203,Itapema-Meia_Praia-Norte-apartamento-TOP-1Q,Carteira 6,SC,"Itapema, SC","Itapema, SC, Meia Praia",0,92,4044.03,20,2978.59,2025-10,0.9677,0.5085,30,31,184.5,137.0,1,0,2025-10-27,1.36,0.0,-1065.44,ok
MLB0402,Florianopolis-Jurere_Internacional-apartamento-SUP-2Q,Carteira 1,SC,"Florianópolis, SC","Florianópolis, SC, Jurerê Internacional",31,328,0.0,17,3601.03,2025-10,,0.3488,0,31,0.0,,0,0,2025-10-27,0.0,0.0,3601.03,crítico
NWT1304,Especial-NWT-apartamento-TOP-1Q,Carteira 5,AL,"Maceió, AL","Maceió, AL, Pajuçara",0,321,6426.14,34,5613.71,2025-10,0.8065,0.7261,25,31,293.68,280.0,1,2,2025-10-27,1.14,0.0,-812.4300000000003,ok
NWT1309,Especial-NWT-apartamento-TOP-1Q,Carteira 5,AL,"Maceió, AL","Maceió, AL, Pajuçara",0,287,7399.83,34,5613.71,2025-10,0.871,0.7261,27,31,385.22,280.0,1,0,2025-10-27,1.32,0.0,-1786.12,ok
ONE0404,Salvador-Piata-apartamento-SUP-1Q,Carteira 5,BA,"Salvador, BA","Salvador, BA, Piatã",0,41,1772.68,20,3044.46,2025-10,0.4839,0.6481,15,31,144.8,130.0,1,0,2025-10-27,0.58,0.0,1271.78,atenção
PDM005,Porto_Seguro-Pataxos-apartamento-SUP-2Q,Carteira 2,BA,"Porto Seguro, BA","Porto Seguro, BA, Taperapuan",1,590,3431.11,35,5287.85,2025-10,0.3667,0.6403,11,31,222.09,162.0,4,0,2025-10-27,0.65,222.09,1856.7400000000002,atenção
RLN204,Gramado-Geral-apartamento-JR-2Q,Carteira 4,RS,"Gramado, RS","Gramado, RS, Ipê Amarelo",0,888,3977.43,36,2528.02,2025-10,0.6129,0.3317,19,31,274.63,201.0,1,0,2025-10-27,1.57,0.0,-1449.4099999999999,ok
SEO0702,Itapema-Meia_Praia-Norte-apartamento-TOP-3Q,Carteira 6,SC,"Itapema, SC","Itapema, SC, Meia Praia",7,412,4488.6,12,4301.85,2025-10,0.5417,0.2952,13,31,485.23,,0,0,2025-10-27,1.04,3396.61,-186.75,berlinda
SMT1029,Salvador-Boca_do_Rio-apartamento-TOP-1Q,Carteira 2,BA,"Salvador, BA","Salvador, BA, Armação",27,272,309.06,12,4206.32,2025-10,0.5,0.7674,2,31,175.0,179.0,2,0,2025-10-27,0.07,4725.0,3897.2599999999998,crítico
VEC115,Bombinhas-Centro-apartamento-SUP-1Q,Carteira 6,SC,"Bombinhas, SC","Bombinhas, SC, Centro",0,1009,3229.63,32,2630.32,2025-10,0.9355,0.5814,29,31,152.79,,0,0,2025-10-27,1.23,0.0,-599.31,ok
WBU2105,Goiania-Central-apartamento-TOP-1Q,Carteira 1,GO,"Goiânia, GO","Goiânia, GO, Setor Bueno",3,726,3046.09,53,3116.1,2025-10,0.6071,0.5687,17,31,202.15,185.5,2,0,2025-10-27,0.98,606.45,70.00999999999976,berlinda
WBU2615,Goiania-Central-apartamento-TOP-1Q,Carteira 1,GO,"Goiânia, GO","Goiânia, GO, Setor Bueno",0,107,3418.05,53,3116.1,2025-10,0.5806,0.5687,18,31,230.33,173.0,4,0,2025-10-27,1.1,0.0,-301.9500000000003,berlinda
AAL0204,Florianopolis-Canasvieiras_Perto-apartamento-JR-2Q,Carteira 1,SC,"Florianópolis, SC","Florianópolis, SC, Canasvieiras",1,581,2244.1,13,2180.08,2025-10,0.7,0.5225,21,31,138.38,120.0,2,0,2025-10-27,1.03,138.38,-64.01999999999998,berlinda
CQS0004,Camaçari-Itacimirim-apartamento-SUP-2Q,Carteira 2,BA,"Camaçari, BA","Camaçari, BA, Itacimirim",2,191,2116.17,25,3503.7,2025-10,0.4138,0.4649,12,31,222.25,222.0,4,5,2025-10-27,0.6,444.5,1387.5299999999997,atenção
CVB0144,Marau-Barra_Grande-casa-SUP-3Q,Carteira 2,BA,"Maraú, BA","Maraú, BA, Barra Grande",2,446,2103.75,10,5314.92,2025-10,0.1724,0.2676,5,31,550.0,550.0,4,31,2025-10-27,0.4,1100.0,3211.17,crítico
CVPA103,Porto_de_Pedras-Geral-apartamento-SUP-2Q,Carteira 2,AL,"Porto de Pedras, AL","Porto de Pedras, AL, Patacho",0,600,3808.03,39,4049.69,2025-10,0.6452,0.4982,20,31,237.2,234.0,2,0,2025-10-27,0.94,0.0,241.65999999999985,berlinda
DNAG2001,Goiania-Central-apartamento-SUP-1Q,Carteira 1,GO,"Goiânia, GO","Goiânia, GO, Setor Bueno",1,92,2706.75,161,2721.7,2025-10,0.7,0.6044,21,31,163.43,,0,7,2025-10-27,0.99,163.43,14.949999999999818,berlinda
EFR203,Cabo_Frio-Centro-apartamento-TOP-3Q,Carteira 4,RJ,"Cabo Frio, RJ","Cabo Frio, RJ, Braga",12,1021,3751.96,22,5182.56,2025-10,0.7895,0.5401,15,31,304.73,411.0,1,0,2025-10-27,0.72,3656.76,1430.6000000000004,atenção
ENE0218,Brasilia-Asa_Norte-apartamento-TOP-1Q,Carteira 1,DF,"Brasília, DF","Brasília, DF, Setor Noroeste",2,415,3472.84,28,4293.42,2025-10,0.5862,0.8048,17,31,242.06,203.67,3,0,2025-10-27,0.81,484.12,820.5799999999999,berlinda
FTM0401,Florianopolis-Ingleses_Norte-apartamento-JR-1Q,Carteira 1,SC,"Florianópolis, SC","Florianópolis, SC, Ingleses Norte",0,182,3427.59,52,1857.64,2025-10,0.7742,0.4408,24,31,183.96,105.5,2,0,2025-10-27,1.85,0.0,-1569.95,ok
GPS0102,Imbituba-Centro-apartamento-JR-2Q,Carteira 6,SC,"Imbituba, SC","Imbituba, SC, Vila Nova",11,183,1544.78,10,705.61,2025-10,0.75,0.2083,15,31,116.87,,0,0,2025-10-27,2.19,1285.5700000000002,-839.17,meta_subestimada
HYP0202,Florianopolis-Canasvieiras_Meio-apartamento-JR-1Q,Carteira 1,SC,"Florianópolis, SC","Florianópolis, SC, Canasvieiras",0,9,864.45,22,1581.17,2025-10,0.2903,0.4418,9,31,109.89,112.75,4,0,2025-10-27,0.55,0.0,716.72,atenção
IHO127,Florianopolis-Ingleses_Norte-apartamento-JR-1Q,Carteira 1,SC,"Florianópolis, SC","Florianópolis, SC, Ingleses do Rio Vermelho",0,775,267.74,52,1857.64,2025-10,0.0645,0.4408,2,31,159.0,117.0,4,0,2025-10-27,0.14,0.0,1589.9,crítico
ILC4112,Especial-ILC-hotel-JR-1Q,Especial,SC,"Florianópolis, SC","Florianópolis, SC, Jurerê Internacional",0,784,9685.85,16,7820.79,2025-10,0.871,0.6145,27,31,410.3,330.0,3,0,2025-10-27,1.24,0.0,-1865.0600000000004,ok
MCB0205,Balneario_Picarras-Geral-apartamento-SUP-2Q,Carteira 6,SC,"Balneário Piçarras, SC","Balneário Piçarras, SC, itacolomi",1,267,0.0,58,1221.17,2025-10,0.0,0.2657,0,31,0.0,250.0,4,31,2025-10-27,0.0,0.0,1221.17,crítico
MMD0403,Ilheus-Sul-apartamento-TOP-2Q,Carteira 2,BA,"Ilhéus, BA","Ilhéus, BA, São Francisco",0,156,4184.7,17,3459.9,2025-10,0.8387,0.4935,26,31,211.42,252.0,1,0,2025-10-27,1.21,0.0,-724.7999999999997,ok
NWT0417,Especial-NWT-apartamento-TOP-1Q,Carteira 5,AL,"Maceió, AL","Maceió, AL, Pajuçara",0,307,5654.34,34,5613.71,2025-10,0.7097,0.7261,22,31,307.73,,0,0,2025-10-27,1.01,0.0,-40.63000000000011,berlinda
NWT1313,Especial-NWT-apartamento-TOP-1Q,Carteira 5,AL,"Maceió, AL","Maceió, AL, Pajuçara",1,258,6547.41,34,5613.71,2025-10,0.8333,0.7261,25,31,353.4,295.5,2,0,2025-10-27,1.17,353.4,-933.6999999999998,ok
PRJ025,Imbituba-Praia_do_Rosa-casa-SIM-1Q,Carteira 6,SC,"Imbituba, SC","Imbituba, SC, Ibiraquera",0,182,137.4,49,1294.42,2025-10,0.0645,0.3214,2,31,90.0,90.0,4,0,2025-10-27,0.11,0.0,1157.02,crítico
RSJ0202,Ilheus-Sul-apartamento-JR-2Q,Carteira 2,BA,"Ilhéus, BA","Ilhéus, BA, Nossa Senhora da Vitória",0,303,257.24,31,2401.98,2025-10,0.0645,0.44,2,31,200.0,200.0,4,31,2025-10-27,0.11,0.0,2144.74,crítico
SOA0510,Salvador-Boca_do_Rio-apartamento-TOP-1Q,Carteira 2,BA,"Salvador, BA","Salvador, BA, Boca do Rio",0,243,1776.9,12,4206.32,2025-10,0.3548,0.7674,11,31,202.64,181.67,3,0,2025-10-27,0.42,0.0,2429.4199999999996,crítico
SYH334,Joao_Pessoa-Cabo_Branco-apartamento-TOP-1Q,Carteira 2,PB,"João Pessoa, PB","João Pessoa, PB, Cabo Branco",0,272,5943.0,27,5695.85,2025-10,0.871,0.7368,27,31,300.22,194.5,2,0,2025-10-27,1.04,0.0,-247.14999999999964,berlinda
VDV0014,Porto_Seguro-Pataxos-apartamento-SUP-1Q,Carteira 2,BA,"Porto Seguro, BA","Porto Seguro, BA, Xamagunga",11,261,0.0,18,4007.84,2025-10,0.0,0.8061,0,31,0.0,145.25,4,0,2025-10-27,0.0,0.0,4007.84,crítico
VST005,Especial-VST-casa-TOP-1Q,Carteira 5,SC,"Anitápolis, SC","Anitápolis, SC, Rio dos Pinheiros",0,457,2760.33,45,2754.3,2025-10,0.5806,0.2088,18,31,194.83,171.0,1,7,2025-10-27,1.0,0.0,-6.029999999999745,berlinda
ART003,Porto_Seguro-Pataxos-apartamento-JR-2Q,Carteira 2,BA,"Porto Seguro, BA","Porto Seguro, BA, Paraíso dos Pataxós",0,741,2733.44,68,3142.14,2025-10,0.6452,0.5275,20,31,189.0,180.0,1,0,2025-10-27,0.87,0.0,408.6999999999998,berlinda
CEL1804,Goiania-Central-apartamento-SUP-1Q,Carteira 1,GO,"Goiânia, GO","Goiânia, GO, Setor Bueno",0,54,2490.54,161,2721.7,2025-10,0.6129,0.6044,19,31,161.42,,0,0,2025-10-27,0.92,0.0,231.15999999999985,berlinda
CTD0302,Penha-Longe-apartamento-JR-2Q,Carteira 6,SC,"Penha, SC","Penha, SC, Centro",0,145,2443.55,23,2352.35,2025-10,0.7419,0.5,23,31,130.48,107.33,3,0,2025-10-27,1.04,0.0,-91.20000000000027,berlinda
CVA305,Bombinhas-Bombas-apartamento-TOP-3Q,Carteira 6,SC,"Bombinhas, SC","Bombinhas, SC, Bombas",1,1063,4990.15,14,3734.85,2025-10,0.7333,0.419,22,31,298.27,242.0,4,0,2025-10-27,1.34,298.27,-1255.2999999999997,ok
EAL0704,Balneario_Camboriu-Centro-apartamento-JR-2Q,Carteira 6,SC,"Balneário Camboriú, SC","Balneário Camboriú, SC, Centro",0,546,3482.85,43,2111.4,2025-10,0.5806,0.4194,18,31,258.39,127.5,4,0,2025-10-27,1.65,0.0,-1371.4499999999998,ok
FDL101,Bombinhas-Bombas-apartamento-JR-2Q,Carteira 6,SC,"Bombinhas, SC","Bombinhas, SC, Bombas",0,842,2114.9,24,1362.55,2025-10,0.7097,0.3116,22,31,106.86,90.0,2,0,2025-10-27,1.55,0.0,-752.3500000000001,ok
GBA908,Sao_Paulo-Campo_Belo-apartamento-SUP-1Q,Carteira 4,SP,"São Paulo, SP","São Paulo, SP, Campo Belo",0,141,1895.8,59,3594.65,2025-10,0.5161,0.7502,16,31,133.44,144.0,1,0,2025-10-27,0.53,0.0,1698.8500000000001,atenção
ILC1313,Especial-ILC-hotel-JR-1Q,Especial,SC,"Florianópolis, SC","Florianópolis, SC, Jurerê Internacional",0,1597,8015.94,16,7820.79,2025-10,0.9032,0.6145,28,31,357.13,,0,0,2025-10-27,1.02,0.0,-195.14999999999964,berlinda
ILC3404,Especial-ILC-hotel-JR-1Q,Especial,SC,"Florianópolis, SC","Florianópolis, SC, Jurerê Internacional",5,1657,8391.55,16,7820.79,2025-10,0.8846,0.6145,23,31,456.7,,0,0,2025-10-27,1.07,2283.5,-570.7599999999993,berlinda
IRB205,Florianopolis-Novo_Campeche-apartamento-TOP-1Q,Carteira 1,SC,"Florianópolis, SC","Florianópolis, SC, Campeche",0,845,6291.19,44,5196.56,2025-10,0.9032,0.6872,28,31,283.29,,0,0,2025-10-27,1.21,0.0,-1094.6299999999992,ok
JBV166,Especial-JBV-hotel-JR-1Q,Especial,SC,"Florianópolis, SC","Florianópolis, SC, Jurerê",2,71,8475.57,25,7692.08,2025-10,0.931,0.6447,27,31,385.96,295.0,2,0,2025-10-27,1.1,771.92,-783.4899999999998,ok
LOF1405,Sao_Paulo-Pinheiros-apartamento-SUP-1Q,Carteira 4,SP,"São Paulo, SP","São Paulo, SP, Pinheiros",0,135,3917.41,413,3951.39,2025-10,0.8065,0.6435,25,31,185.44,,0,0,2025-10-27,0.99,0.0,33.98000000000002,berlinda
MHF1908,Itapema-Canto_Praia-apartamento-TOP-2Q,Carteira 5,SC,"Itapema, SC","Itapema, SC, Centro",0,278,4448.76,10,2671.81,2025-10,0.7419,0.2867,23,31,233.65,190.0,2,0,2025-10-27,1.67,0.0,-1776.9500000000003,ok
MSST1401,Goiania-Leste-apartamento-TOP-1Q,Carteira 1,GO,"Goiânia, GO","Goiânia, GO, Jardim Goiás",0,736,3734.99,19,3517.33,2025-10,0.7419,0.5584,23,31,196.61,190.0,1,0,2025-10-27,1.06,0.0,-217.65999999999985,berlinda
NEB0103,Blumenau-Central-apartamento-SUP-2Q,Carteira 4,SC,"Blumenau, SC","Blumenau, SC, Velha",4,370,8298.81,58,8463.03,2025-10,0.6667,0.591,18,31,494.17,,0,0,2025-10-27,0.98,1976.68,164.22000000000116,berlinda
NWT0318,Especial-NWT-apartamento-TOP-1Q,Carteira 5,AL,"Maceió, AL","Maceió, AL, Pajuçara",0,194,7360.99,34,5613.71,2025-10,0.9355,0.7261,29,31,302.79,311.0,1,0,2025-10-27,1.31,0.0,-1747.2799999999997,ok
NWT0704,Especial-NWT-apartamento-TOP-1Q,Carteira 5,AL,"Maceió, AL","Maceió, AL, Pajuçara",0,155,6217.66,34,5613.71,2025-10,0.7419,0.7261,23,31,296.04,280.0,2,0,2025-10-27,1.11,0.0,-603.9499999999998,ok
ONP2021,Sao_Paulo-Bela_Vista-apartamento-SUP-1Q,Carteira 4,SP,"São Paulo, SP","São Paulo, SP, Paraíso",0,139,2306.83,596,3350.19,2025-10,0.5161,0.6478,16,31,180.5,150.0,2,0,2025-10-27,0.69,0.0,1043.3600000000001,atenção
PTR0003,Porto_Seguro-Pataxos-apartamento-SUP-3Q,Carteira 2,BA,"Porto Seguro, BA","Porto Seguro, BA, Paraíso dos Pataxós",3,301,2553.84,27,3944.0,2025-10,0.3214,0.4599,9,31,376.22,,0,0,2025-10-27,0.65,1128.66,1390.1599999999999,atenção
RPN0101,Florianopolis-Canajure-apartamento-SUP-3Q,Carteira 1,SC,"Florianópolis, SC","Florianópolis, SC, Jurere",4,47,1508.42,14,3276.51,2025-10,0.2593,0.3697,7,31,274.71,,0,0,2025-10-27,0.46,1098.84,1768.0900000000001,crítico
RTQ0009,Mata_de_Sao_Joao-Praia_Imbassai-casa-SUP-2Q,Carteira 2,BA,"Mata de São João, BA","Mata de São João, BA, Imbassaí",4,134,1026.92,10,3450.17,2025-10,0.1111,0.5049,3,31,401.0,401.0,4,31,2025-10-27,0.3,1604.0,2423.25,crítico
RVR0506,Florianopolis-UFSC-apartamento-SUP-1Q,Carteira 4,SC,"Florianópolis, SC","Florianópolis, SC, Pantanal",0,692,2798.74,44,2740.41,2025-10,0.5161,0.6164,16,31,227.12,133.0,1,0,2025-10-27,1.02,0.0,-58.32999999999993,berlinda
SDR008,Florianopolis-Lagoa-apartamento-SUP-1Q,Carteira 1,SC,"Florianópolis, SC","Florianópolis, SC, Lagoa da Conceição",0,1491,2155.5,23,2810.1,2025-10,0.5484,0.6661,17,31,155.88,154.0,2,0,2025-10-27,0.77,0.0,654.5999999999999,atenção
SOA0610,Salvador-Boca_do_Rio-apartamento-TOP-1Q,Carteira 2,BA,"Salvador, BA","Salvador, BA, Boca do Rio",2,279,2422.84,12,4206.32,2025-10,0.6552,0.7674,19,31,180.68,,0,0,2025-10-27,0.58,361.36,1783.4799999999996,atenção
SPT0501,Blumenau-Central-apartamento-JR-1Q,Carteira 4,SC,"Blumenau, SC","Blumenau, SC, Itoupava Seca",0,490,4343.81,48,6119.8,2025-10,0.3548,0.5972,11,31,522.0,101.25,4,15,2025-10-27,0.71,0.0,1775.9899999999998,atenção
SSG0304,Florianopolis-UFSC-apartamento-TOP-1Q,Carteira 4,SC,"Florianópolis, SC","Florianópolis, SC, Córrego Grande",2,706,2519.83,15,2661.35,2025-10,0.4828,0.5879,14,31,215.07,194.5,2,0,2025-10-27,0.95,430.14,141.51999999999998,berlinda
STO2206,Especial-STO-apartamento-MASTER-1Q,Especial,SC,"Florianópolis, SC","Florianópolis, SC, Santinho",0,1940,8338.53,88,5005.3,2025-10,0.3548,0.5802,11,31,817.09,,0,22,2025-10-27,1.67,0.0,-3333.2300000000005,ok
TPS105,Florianopolis-Canasvieiras_Meio-apartamento-TOP-1Q,Carteira 1,SC,"Florianópolis, SC","Florianópolis, SC, Canasvieiras",0,1000,3063.56,29,2888.12,2025-10,0.7742,0.6699,24,31,164.67,165.5,2,0,2025-10-27,1.06,0.0,-175.44000000000005,berlinda
VST008,Especial-VST-casa-TOP-1Q,Carteira 5,SC,"Anitápolis, SC","Anitápolis, SC, Rio dos Pinheiros",1,457,1615.08,45,2754.3,2025-10,0.2,0.2088,6,31,327.67,160.0,3,0,2025-10-27,0.59,327.67,1139.2200000000003,atenção
ALT0402,Gramado-Geral-apartamento-TOP-3Q,Carteira 4,RS,"Gramado, RS","Gramado, RS, Tres Pinheiros",7,111,3671.4,15,7114.5,2025-10,0.5,0.4658,12,31,389.5,376.0,2,0,2025-10-27,0.52,2726.5,3443.1,atenção
BLI1801,Goiania-Sul-apartamento-TOP-2Q,Carteira 1,GO,"Goiânia, GO","Goiânia, GO, Setor Bela Vista",0,330,4034.12,63,4075.89,2025-10,0.6774,0.528,21,31,235.38,225.0,4,0,2025-10-27,0.99,0.0,41.76999999999998,berlinda
CAN304,Bombinhas-Bombas-apartamento-JR-2Q,Carteira 6,SC,"Bombinhas, SC","Bombinhas, SC, bombas",1,1063,2273.96,24,1362.55,2025-10,0.8,0.3116,24,31,115.88,90.0,1,0,2025-10-27,1.67,115.88,-911.4100000000001,ok
DME025,Florianopolis-Jurere_Internacional-casa-SUP-4Q,Carteira 1,SC,"Florianópolis, SC","Florianópolis, SC, Jurerê Internacional",8,176,8733.62,13,5547.53,2025-10,0.8261,0.2774,19,31,585.05,,0,0,2025-10-27,1.57,4680.4,-3186.090000000001,ok
DPA210,Aguas_Claras-Geral-apartamento-SUP-1Q,Carteira 1,DF,"Brasília, DF","Brasília, DF, Guará",15,566,1931.04,101,2564.51,2025-10,0.875,0.6527,14,31,174.07,,0,0,2025-10-27,0.75,2611.0499999999997,633.4700000000003,atenção
ECH0205,Florianopolis-Centrao-apartamento-SUP-1Q,Carteira 4,SC,"Florianópolis, SC","Florianópolis, SC, Centro",1,1,3737.11,122,3775.97,2025-10,0.9333,0.5975,28,31,180.0,,0,0,2025-10-27,0.99,180.0,38.85999999999967,berlinda
EEP0901,Guarapari-Centro-apartamento-SUP-2Q,Carteira 4,ES,"Guarapari, ES","Guarapari, ES, São Judas Tadeu",0,84,3156.63,21,3225.75,2025-10,0.5484,0.4869,17,31,211.82,197.5,4,0,2025-10-27,0.98,0.0,69.11999999999989,berlinda
EEP1101,Guarapari-Centro-apartamento-SUP-2Q,Carteira 4,ES,"Guarapari, ES","Guarapari, ES, São Judas Tadeu",0,84,4614.7,21,3225.75,2025-10,0.8387,0.4869,26,31,212.58,,0,0,2025-10-27,1.43,0.0,-1388.9499999999998,ok
EVR1703,Porto_Belo-Geral-apartamento-TOP-2Q,Carteira 6,SC,"Porto Belo, SC","Porto Belo, SC, Balneário Perequê",0,19,3666.86,13,2335.8,2025-10,0.8065,0.4148,25,31,177.04,160.0,1,0,2025-10-27,1.57,0.0,-1331.06,ok
FLO001,Porto_Seguro-Pataxos-casa-SUP-2Q,Carteira 2,BA,"Porto Seguro, BA","Porto Seguro, BA, Paraíso Pataxós",5,385,2026.86,15,3338.25,2025-10,0.4615,0.6189,12,31,218.0,208.25,4,0,2025-10-27,0.61,1090.0,1311.39,atenção
HAI0702,Salvador-Centro-apartamento-JR-1Q,Carteira 2,BA,"Salvador, BA","Salvador, BA, Centro",0,335,3657.41,25,1940.01,2025-10,0.8065,0.603,25,31,142.76,115.67,3,0,2025-10-27,1.89,0.0,-1717.3999999999999,ok
ILC1406,Especial-ILC-hotel-JR-1Q,Especial,SC,"Florianópolis, SC","Florianópolis, SC, Jurerê Internacional",0,1134,8732.69,16,7820.79,2025-10,0.8387,0.6145,26,31,474.54,330.0,3,0,2025-10-27,1.12,0.0,-911.9000000000005,ok
JBV124,Especial-JBV-hotel-JR-1Q,Especial,SC,"Florianópolis, SC","Florianópolis, SC, Jurerê",0,1897,8304.46,25,7692.08,2025-10,0.8065,0.6447,25,31,427.56,282.0,1,0,2025-10-27,1.08,0.0,-612.3799999999992,berlinda
LNB502,Porto_Belo-Geral-apartamento-SUP-3Q,Carteira 6,SC,"Porto Belo, SC","Porto Belo, SC, Pereque",19,497,0.0,13,2335.8,2025-10,0.0,0.4148,0,31,0.0,,0,31,2025-10-27,0.0,0.0,2335.8,crítico
PRY0003,Porto_Seguro-Pataxos-apartamento-SUP-2Q,Carteira 2,BA,"Porto Seguro, BA","Porto Seguro, BA, Taperapuã",5,12,4169.2,35,5287.85,2025-10,0.6923,0.6403,18,31,292.33,193.5,2,0,2025-10-27,0.79,1461.6499999999999,1118.6500000000005,atenção
PSOB0607,Penha-Beto_Carrero-apartamento-SUP-1Q,Carteira 3,SC,"Penha, SC","Penha, SC, Praia de Armação do Itapocoroi",0,62,3430.21,18,2566.46,2025-10,0.8065,0.6596,25,31,171.92,189.0,1,0,2025-10-27,1.34,0.0,-863.75,ok
RGN0203,Florianopolis-Ingleses_Centro-apartamento-SUP-2Q,Carteira 1,SC,"Florianópolis, SC","Florianópolis, SC, Ingleses do Rio Vermelho",0,316,3815.25,25,2607.34,2025-10,0.7742,0.466,24,31,196.72,225.0,1,0,2025-10-27,1.46,0.0,-1207.9099999999999,ok
SMT0805,Salvador-Boca_do_Rio-apartamento-TOP-1Q,Carteira 2,BA,"Salvador, BA","Salvador, BA, Jardim Armação",3,208,2484.9,12,4206.32,2025-10,0.5357,0.7674,15,31,212.07,218.0,1,0,2025-10-27,0.59,636.21,1721.4199999999996,atenção
SMT0931,Salvador-Boca_do_Rio-apartamento-TOP-1Q,Carteira 2,BA,"Salvador, BA","Salvador, BA, Jardim Armação",0,208,2407.5,12,4206.32,2025-10,0.5161,0.7674,16,31,183.31,,0,0,2025-10-27,0.57,0.0,1798.8199999999997,atenção
TCO0611,Porto_Alegre-Centro_Historico-apartamento-SUP-1Q,Carteira 4,RS,"Porto Alegre, RS","Porto Alegre, RS, Centro Histórico",0,460,2713.33,87,2119.74,2025-10,0.871,0.5817,27,31,128.57,,0,0,2025-10-27,1.28,0.0,-593.5900000000001,ok
TXP0207,Goiania-Central-apartamento-SUP-1Q,Carteira 1,GO,"Goiânia, GO","Goiânia, GO, Setor Bueno",0,741,2552.1,161,2721.7,2025-10,0.6129,0.6044,19,31,184.58,149.67,3,0,2025-10-27,0.94,0.0,169.5999999999999,berlinda
UML0101,Bombinhas-Mariscal-apartamento-TOP-2Q,Carteira 6,SC,"Bombinhas, SC","Bombinhas, SC, Mariscal",1,285,2570.45,19,1909.95,2025-10,0.4333,0.2804,13,31,268.23,227.0,2,24,2025-10-27,1.35,268.23,-660.4999999999998,ok
VLPC0103,Mata_de_Sao_Joao-Praia_do_Forte-apartamento-SUP-2Q,Carteira 2,BA,"Mata de São João, BA","Mata de São João, BA, Centro",1,230,4530.7,33,5559.2,2025-10,0.5333,0.5191,16,31,326.91,294.75,4,0,2025-10-27,0.81,326.91,1028.5,berlinda
CFR0209,Cabo_Frio-Portinho-apartamento-TOP-1Q,Carteira 4,RJ,"Cabo Frio, RJ","Cabo Frio, RJ, Portinho",3,630,3532.51,123,5097.88,2025-10,0.7143,0.6589,20,31,222.6,,0,0,2025-10-27,0.69,667.8,1565.37,atenção
EDF0503,Salvador-Ondina_Rio_Vermelho-apartamento-TOP-1Q,Carteira 2,BA,"Salvador, BA","Salvador, BA, Rio Vermelho",2,37,3157.28,44,3860.1,2025-10,0.6897,0.6579,20,31,190.95,,0,0,2025-10-27,0.82,381.9,702.8199999999997,berlinda
HSS0007,Joao_Pessoa-Cabo_Branco-apartamento-SUP-1Q,Carteira 2,PB,"João Pessoa, PB","João Pessoa, PB, Cabo Branco",4,285,2412.68,88,4363.81,2025-10,0.5926,0.7343,16,31,172.13,149.5,2,0,2025-10-27,0.55,688.52,1951.1300000000006,atenção
MHF1601,Itapema-Canto_Praia-apartamento-TOP-1Q,Carteira 5,SC,"Itapema, SC","Itapema, SC, Centro",0,449,4219.92,15,3459.9,2025-10,0.9355,0.6192,29,31,170.24,,0,0,2025-10-27,1.22,0.0,-760.02,ok
PRN0002,Imbituba-Praia_do_Rosa-apartamento-JR-1Q,Carteira 6,SC,"Imbituba, SC","Imbituba, SC, Ibiraquera",5,145,2337.67,28,1859.15,2025-10,0.9615,0.3668,25,31,118.96,,0,0,2025-10-27,1.26,594.8,-478.52,ok
RBH806,Florianopolis-Centrao-apartamento-SUP-1Q,Carteira 4,SC,"Florianópolis, SC","Florianópolis, SC, Centro",1,848,3312.59,122,3775.97,2025-10,0.8,0.5975,24,31,157.75,,0,0,2025-10-27,0.88,157.75,463.37999999999965,berlinda
ROI009,Imbituba-Praia_do_Rosa-casa-MASTER-3Q,Carteira 6,SC,"Garopaba, SC","Garopaba, SC, Ouvidor",8,369,11228.1,8,9761.7,2025-10,0.6522,0.5238,15,31,890.4,1000.0,3,24,2025-10-27,1.15,7123.2,-1466.3999999999996,ok
RPC0305,Florianopolis-Canasvieiras_Longe-apartamento-SUP-2Q,Carteira 1,SC,"Florianópolis, SC","Florianópolis, SC, Canasvieiras",0,295,4354.36,25,2799.9,2025-10,0.9677,0.6441,30,31,164.13,,0,0,2025-10-27,1.56,0.0,-1554.4599999999996,ok
SBN0705,Itapema-Praia_Centro-apartamento-SUP-3Q,Carteira 6,SC,"Itapema, SC","Itapema, SC, Tabuleiro das Oliveiras",4,538,1143.25,14,2086.73,2025-10,0.2963,0.3206,8,31,176.38,185.0,2,0,2025-10-27,0.55,705.52,943.48,atenção
SCO0011,Florianopolis-Campeche-apartamento-JR-1Q,Carteira 1,SC,"Florianópolis, SC","Florianópolis, SC, Campeche",0,188,1980.68,24,1160.82,2025-10,0.6774,0.4803,21,31,116.24,97.0,1,0,2025-10-27,1.71,0.0,-819.8600000000001,ok
SRO0002,Florianopolis-Lagoa-apartamento-SUP-2Q,Carteira 1,SC,"Florianópolis, SC","Florianópolis, SC, Lagoa da Conceição",8,322,2627.66,35,4117.4,2025-10,0.8696,0.5228,20,31,162.8,,0,0,2025-10-27,0.64,1302.4,1489.7399999999998,atenção
TCO0614,Porto_Alegre-Centro_Historico-apartamento-SUP-1Q,Carteira 4,RS,"Porto Alegre, RS","Porto Alegre, RS, Centro Histórico",2,338,2441.26,87,2119.74,2025-10,0.7931,0.5817,23,31,141.04,120.0,1,0,2025-10-27,1.15,282.08,-321.52000000000044,ok
TCO1103,Porto_Alegre-Centro_Historico-apartamento-SUP-1Q,Carteira 4,RS,"Porto Alegre, RS","Porto Alegre, RS, Centro Histórico",0,659,3236.26,87,2119.74,2025-10,0.8387,0.5817,26,31,143.0,,0,0,2025-10-27,1.53,0.0,-1116.5200000000004,ok
VLP0111,Mata_de_Sao_Joao-Praia_do_Forte-apartamento-SUP-2Q,Carteira 2,BA,"Mata de São João, BA","Mata de São João, BA, Centro",0,70,4736.11,33,5559.2,2025-10,0.6129,0.5191,19,31,297.89,294.75,4,0,2025-10-27,0.85,0.0,823.0900000000001,berlinda
VST033,Especial-VST-casa-TOP-1Q,Carteira 5,SC,"Anitápolis, SC","Anitápolis, SC, Rio dos Pinheiros",1,457,2514.85,45,2754.3,2025-10,0.4333,0.2088,13,31,260.64,160.0,2,0,2025-10-27,0.91,260.64,239.45000000000027,berlinda
ZNB1406,Salvador-Barra-apartamento-SUP-1Q,Carteira 1,BA,"Salvador, BA","Salvador, BA, Barra",0,13,2231.11,209,3347.82,2025-10,0.6129,0.601,19,31,144.11,160.0,3,0,2025-10-27,0.67,0.0,1116.71,atenção
ABY40002,Sao_Paulo-Pompeia-apartamento-SUP-1Q,Carteira 4,SP,"São Paulo, SP","São Paulo, SP, Perdizes",6,48,579.38,74,3053.57,2025-10,0.2,0.5076,5,31,130.8,136.0,1,0,2025-10-27,0.19,784.8000000000001,2474.19,crítico
CNB010,Especial-CNB-casa-TOP-1Q,Especial,SP,"Campos do Jordão, SP","Campos do Jordão, SP, Jardim Europa",0,560,7886.05,17,5682.81,2025-10,0.5484,0.6351,17,31,577.59,420.0,4,10,2025-10-27,1.39,0.0,-2203.24,ok
CNT303,Florianopolis-UFSC-apartamento-SUP-1Q,Carteira 4,SC,"Florianópolis, SC","Florianópolis, SC, Trindade",1,608,3112.18,44,2740.41,2025-10,0.8333,0.6164,25,31,172.64,110.0,1,0,2025-10-27,1.14,172.64,-371.77,ok
CZZ0503,Urubici-Geral-apartamento-SUP-1Q,Especial,SC,"Urubici, SC","Urubici, SC, Centro",2,215,2393.88,64,1691.39,2025-10,0.4828,0.2197,14,31,211.0,157.5,4,0,2025-10-27,1.42,422.0,-702.49,ok
ELF0304,Bombinhas-Bombas-apartamento-SUP-1Q,Especial,SC,"Bombinhas, SC","Bombinhas, SC, José Amândio",13,141,1330.77,42,1744.23,2025-10,0.6111,0.3583,11,31,132.18,,0,25,2025-10-27,0.76,1718.3400000000001,413.46000000000004,atenção
ELF0405,Bombinhas-Bombas-apartamento-SUP-1Q,Especial,SC,"Bombinhas, SC","Bombinhas, SC, José Amândio",0,154,2436.71,42,1744.23,2025-10,0.5806,0.3583,18,31,151.72,,0,20,2025-10-27,1.4,0.0,-692.48,ok
ELF0502,Bombinhas-Bombas-apartamento-SUP-1Q,Especial,SC,"Bombinhas, SC","Bombinhas, SC, José Amândio",1,156,2857.45,42,1744.23,2025-10,0.5333,0.3583,16,31,203.12,228.0,3,26,2025-10-27,1.64,203.12,-1113.2199999999998,ok
ELU0211,Florianopolis-Jurere_Tradicional-apartamento-TOP-1Q,Carteira 1,SC,"Florianópolis, SC","Florianópolis, SC, Jurerê",3,43,5094.15,16,4831.55,2025-10,1.0,0.6121,28,31,204.71,,0,0,2025-10-27,1.05,614.13,-262.59999999999945,berlinda
IPC0901,Balneario_Camboriu-Centro-apartamento-TOP-3Q,Carteira 6,SC,"Balneário Camboriú, SC","Balneário Camboriú, SC, Centro",9,36,6901.27,34,6587.28,2025-10,1.0,0.5267,22,31,392.14,,0,0,2025-10-27,1.05,3529.2599999999998,-313.9900000000007,berlinda
MCA0609,Balneario_Picarras-Geral-casa-JR-2Q,Carteira 6,SC,"Balneário Piçarras, SC","Balneário Piçarras, SC, Itacolomi",4,314,368.52,15,2049.66,2025-10,0.1481,0.5434,4,31,113.0,104.25,4,0,2025-10-27,0.18,452.0,1681.1399999999999,crítico
MHF1201,Itapema-Canto_Praia-apartamento-TOP-1Q,Carteira 5,SC,"Itapema, SC","Itapema, SC, Centro",0,278,4024.02,15,3459.9,2025-10,0.871,0.6192,27,31,192.07,172.0,2,0,2025-10-27,1.16,0.0,-564.1199999999999,ok
MPL0004,Brasilia-Asa_Norte-apartamento-JR-1Q,Carteira 1,DF,"Brasília, DF","Brasília, DF, Asa Norte",0,226,1952.04,152,3070.12,2025-10,0.3871,0.7888,12,31,198.5,180.0,2,5,2025-10-27,0.64,0.0,1118.08,atenção
NRA0490,Balneario_Picarras-Geral-apartamento-JR-3Q,Carteira 6,SC,"Balneário Piçarras, SC","Balneário Piçarras, SC, Piçarras",3,309,878.28,64,1224.25,2025-10,0.2143,0.2763,6,31,129.67,120.0,4,0,2025-10-27,0.72,389.01,345.97,atenção
NVM0010,Porto_Seguro-Pataxos-apartamento-SUP-2Q,Carteira 2,BA,"Porto Seguro, BA","Porto Seguro, BA, Paraíso dos Pataxós",2,170,2921.1,35,5287.85,2025-10,0.4828,0.6403,14,31,252.43,164.25,4,0,2025-10-27,0.55,504.86,2366.7500000000005,atenção
ONE0407,Salvador-Piata-apartamento-SUP-1Q,Carteira 5,BA,"Salvador, BA","Salvador, BA, Piatã",1,35,2415.73,20,3044.46,2025-10,0.6333,0.6481,19,31,151.74,,0,0,2025-10-27,0.79,151.74,628.73,atenção
PSO0705,Penha-Beto_Carrero-apartamento-SUP-1Q,Carteira 3,SC,"Penha, SC","Penha, SC, Praia de Armação do Itapocoroi",0,103,3515.24,18,2566.46,2025-10,0.7742,0.6596,24,31,170.25,153.0,3,0,2025-10-27,1.37,0.0,-948.7799999999997,ok
PSO0801,Penha-Beto_Carrero-apartamento-SUP-1Q,Carteira 3,SC,"Penha, SC","Penha, SC, Praia de Armação do Itapocoroi",0,71,3778.75,18,2566.46,2025-10,0.9032,0.6596,28,31,197.46,,0,0,2025-10-27,1.47,0.0,-1212.29,ok
PSOB0707,Penha-Beto_Carrero-apartamento-SUP-1Q,Carteira 3,SC,"Penha, SC","Penha, SC, Armação",0,111,3833.95,18,2566.46,2025-10,0.7742,0.6596,24,31,198.38,189.0,1,0,2025-10-27,1.49,0.0,-1267.4899999999998,ok
REK0002,Penha-Beto_Carrero-casa-JR-1Q,Carteira 3,SC,"Penha, SC","Penha, SC, Armação",0,35,957.43,23,2391.9,2025-10,0.3871,0.6506,12,31,110.58,,0,0,2025-10-27,0.4,0.0,1434.4700000000003,crítico
RGP208,Florianopolis-Jurere_Tradicional-apartamento-JR-2Q,Carteira 1,SC,"Florianópolis, SC","Florianópolis, SC, Jurerê",0,1453,2326.46,18,3833.79,2025-10,0.5161,0.4718,16,31,171.31,165.0,3,0,2025-10-27,0.61,0.0,1507.33,atenção
RRC0206,Florianopolis-Ribeirao-apartamento-SUP-1Q,Carteira 4,SC,"Florianópolis, SC","Florianópolis, SC, Ribeirão da Ilha",5,378,1598.5,37,2284.7,2025-10,0.5769,0.5729,15,31,126.53,129.0,2,0,2025-10-27,0.7,632.65,686.1999999999998,atenção
RVL1183,Bombinhas-Mariscal-casa-JR-2Q,Carteira 6,SC,"Bombinhas, SC","Bombinhas, SC, Canto Grande",0,845,2458.51,13,1921.85,2025-10,0.6774,0.3131,21,31,149.52,117.0,1,0,2025-10-27,1.28,0.0,-536.6600000000003,ok
SDS104,Gramado-Geral-apartamento-SUP-2Q,Carteira 4,RS,"Gramado, RS","Gramado, RS, Centro",0,461,4628.81,131,3573.77,2025-10,0.6774,0.3857,21,31,287.29,228.5,2,0,2025-10-27,1.3,0.0,-1055.0400000000004,ok
SHC0506,Balneario_Picarras-Geral-apartamento-TOP-3Q,Carteira 6,SC,"Balneário Piçarras, SC","Balneário Piçarras, SC, Itacolomi",0,125,5004.52,17,2802.96,2025-10,0.8065,0.3613,25,31,261.56,,0,0,2025-10-27,1.79,0.0,-2201.5600000000004,ok
SSG0317,Florianopolis-UFSC-apartamento-TOP-1Q,Carteira 4,SC,"Florianópolis, SC","Florianópolis, SC, Córrego Grande",0,288,1805.33,15,2661.35,2025-10,0.3226,0.5879,10,31,219.2,189.75,4,0,2025-10-27,0.68,0.0,856.02,atenção
TDE0587,Florianopolis-Campeche-apartamento-SUP-2Q,Carteira 1,SC,"Florianópolis, SC","Florianópolis, SC, Campeche",0,392,4926.08,13,3346.03,2025-10,1.0,0.5285,31,31,269.19,,0,0,2025-10-27,1.47,0.0,-1580.0499999999997,ok
TPS306,Florianopolis-Canasvieiras_Meio-apartamento-TOP-1Q,Carteira 1,SC,"Florianópolis, SC","Florianópolis, SC, Canasvieiras",0,964,3183.57,29,2888.12,2025-10,0.7742,0.6699,24,31,170.04,,0,0,2025-10-27,1.1,0.0,-295.4500000000003,ok
TRA0014,Camaçari-Monte_Gordo-apartamento-TOP-2Q,Carteira 2,BA,"Camaçari, BA","Camaçari, BA, Guarajuba Monte Gordo",0,351,2779.81,26,8375.69,2025-10,0.2903,0.6718,9,31,367.56,253.0,1,0,2025-10-27,0.33,0.0,5595.880000000001,crítico
VST016,Especial-VST-casa-TOP-1Q,Carteira 5,SC,"Anitápolis, SC","Anitápolis, SC, Rio dos pinheiros",0,92,2465.67,45,2754.3,2025-10,0.3548,0.2088,11,31,273.82,160.0,3,0,2025-10-27,0.9,0.0,288.6300000000001,berlinda
VVC0202,Florianopolis-Jurere_Longe-apartamento-TOP-2Q,Carteira 1,SC,"Florianópolis, SC","Florianópolis, SC, Jurerê Internacional",0,6,6549.6,13,4867.95,2025-10,0.9032,0.5495,28,31,348.64,326.0,2,0,2025-10-27,1.35,0.0,-1681.6500000000005,ok
ZNB0706,Salvador-Barra-apartamento-SUP-1Q,Carteira 1,BA,"Salvador, BA","Salvador, BA, Barra",0,2,2593.93,209,3347.82,2025-10,0.7419,0.601,23,31,154.04,198.0,1,0,2025-10-27,0.77,0.0,753.8900000000003,atenção
CCI003,Florianopolis-Ingleses_Norte-apartamento-TOP-2Q,Carteira 1,SC,"Florianópolis, SC","Florianópolis, SC, Ingleses do Rio Vermelho",1,1010,1112.97,20,3001.73,2025-10,0.2,0.5171,6,31,205.67,207.0,1,31,2025-10-27,0.37,205.67,1888.76,crítico
CMC101,Florianopolis-Ingleses_Norte-apartamento-JR-2Q,Carteira 1,SC,"Florianópolis, SC","Florianópolis, SC, Ingleses do Rio Vermelho",0,1015,2737.9,32,2245.74,2025-10,0.6129,0.5091,19,31,182.26,,0,0,2025-10-27,1.22,0.0,-492.1600000000003,ok
CPM1110,Sao_Paulo-Pinheiros-apartamento-SUP-1Q,Carteira 4,SP,"São Paulo, SP","São Paulo, SP, Pinheiros",0,72,3947.24,413,3951.39,2025-10,0.8387,0.6435,26,31,181.65,,0,0,2025-10-27,1.0,0.0,4.150000000000091,berlinda
CRN0705,Sao_Paulo-Bela_Vista-apartamento-TOP-1Q,Carteira 4,SP,"São Paulo, SP","São Paulo, SP, Cerqueira César",1,215,7061.35,225,4068.53,2025-10,0.9,0.6827,27,31,310.59,200.0,1,6,2025-10-27,1.74,310.59,-2992.82,ok
DBH0807,Guarapari-Praia_do_Morro-apartamento-JR-2Q,Carteira 4,ES,"Guarapari, ES","Guarapari, ES, Praia do Morro",0,37,1837.0,91,2960.63,2025-10,0.3871,0.6391,12,31,184.0,141.33,3,0,2025-10-27,0.62,0.0,1123.63,atenção
EAC403,Balneario_Camboriu-Centro-apartamento-JR-1Q,Carteira 6,SC,"Balneário Camboriú, SC","Balneário Camboriú, SC, Centro",0,702,2349.3,33,1673.02,2025-10,0.6452,0.5533,20,31,136.8,100.0,1,0,2025-10-27,1.4,0.0,-676.2800000000002,ok
EAZ305,Florianopolis-Itacorubi-apartamento-SUP-2Q,Carteira 4,SC,"Florianópolis, SC","Florianópolis, SC, João Paulo",0,566,1099.11,14,4358.35,2025-10,0.129,0.5169,4,31,350.0,300.0,3,31,2025-10-27,0.25,0.0,3259.2400000000007,crítico
EMP2201,Florianopolis-Canasvieiras_Perto-apartamento-SUP-2Q,Carteira 1,SC,"Florianópolis, SC","Florianópolis, SC, Canasvieiras",4,803,3963.1,17,3623.41,2025-10,0.8889,0.4891,24,31,217.04,160.0,2,0,2025-10-27,1.09,868.16,-339.69000000000005,berlinda
HPN0618,Porto_Alegre-Cidade_Baixa-apartamento-JR-1Q,Carteira 4,RS,"Porto Alegre, RS","Porto Alegre, RS, Farroupilha",0,26,1006.47,46,2406.36,2025-10,0.2903,0.7384,9,31,123.11,115.0,4,0,2025-10-27,0.42,0.0,1399.89,crítico
IAA0504,Recife-Boa_Viagem-apartamento-TOP-1Q,Carteira 2,PE,"Recife, PE","Recife, PE, Boa Viagem",2,567,4239.35,52,5250.68,2025-10,0.7931,0.7529,23,31,226.48,185.0,2,0,2025-10-27,0.81,452.96,1011.3299999999999,berlinda
IAP0403,Florianopolis-Ingleses_Praia-apartamento-SUP-1Q,Carteira 1,SC,"Florianópolis, SC","Florianópolis, SC, Ingleses sul",0,351,1840.14,37,2408.79,2025-10,0.4839,0.4799,15,31,155.53,144.33,3,0,2025-10-27,0.76,0.0,568.6499999999999,atenção
IDA105,Florianopolis-Ingleses_Norte-apartamento-SUP-1Q,Carteira 1,SC,"Florianópolis, SC","Florianópolis, SC, Ingleses",1,845,2807.92,52,1857.45,2025-10,0.6667,0.5342,20,31,212.65,146.25,4,0,2025-10-27,1.51,212.65,-950.47,ok
ILC3308,Especial-ILC-hotel-TOP-1Q,Especial,SC,"Florianópolis, SC","Florianópolis, SC, Jurerê Internacional",0,1007,11007.11,28,10019.61,2025-10,0.9032,0.8614,28,31,509.57,,0,0,2025-10-27,1.1,0.0,-987.5,berlinda
IML0107,Bombinhas-Mariscal-apartamento-TOP-2Q,Carteira 6,SC,"Bombinhas, SC","Bombinhas, SC, Mariscal",0,456,4249.8,19,1909.95,2025-10,0.9032,0.2804,28,31,207.0,,0,0,2025-10-27,2.23,0.0,-2339.8500000000004,meta_subestimada
IPTR0171,Balneario_Camboriu-Centro-apartamento-JR-2Q,Carteira 6,SC,"Balneário Camboriú, SC","Balneário Camboriú, SC, Centro",1,255,4067.77,43,2111.4,2025-10,0.8333,0.4194,25,31,208.56,110.0,2,0,2025-10-27,1.93,208.56,-1956.37,ok
ITFA039,Mata_de_Sao_Joao-Praia_Imbassai-apartamento-SUP-2Q,Carteira 2,BA,"Mata de São João, BA","Mata de São João, BA, Açu da Torre",1,485,3699.18,18,2598.58,2025-10,0.6667,0.4559,20,31,219.3,,0,0,2025-10-27,1.42,219.3,-1100.6,ok
MCD002,Campos_do_Jordao-Capivari_Centro-casa-SUP-3Q,Carteira 4,SP,"Campos do Jordão, SP","Campos do Jordão, SP, V Dubieux",2,511,1034.44,8,3817.09,2025-10,0.1379,0.2325,4,31,355.0,268.5,4,0,2025-10-27,0.27,710.0,2782.65,crítico
MHF2109,Itapema-Canto_Praia-apartamento-TOP-2Q,Carteira 5,SC,"Itapema, SC","Itapema, SC, Centro",0,467,3093.82,10,2671.81,2025-10,0.5484,0.2867,17,31,273.41,212.5,4,0,2025-10-27,1.16,0.0,-422.0100000000002,ok
MOL0502,Sao_Paulo-Liberdade-apartamento-SUP-1Q,Carteira 4,SP,"São Paulo, SP","São Paulo, SP, Liberdade",1,408,3578.12,69,3365.5,2025-10,0.7,0.6282,21,31,198.48,150.5,4,0,2025-10-27,1.06,198.48,-212.6199999999999,berlinda
NOA0704,Sao_Paulo-Santo_Amaro-apartamento-SUP-1Q,Carteira 4,SP,"São Paulo, SP","São Paulo, SP, Santo Amaro",3,369,1325.01,152,3299.8,2025-10,0.3929,0.6158,11,31,136.64,130.0,1,0,2025-10-27,0.4,409.91999999999996,1974.7900000000002,crítico
OBP0301,Penha-Beto_Carrero-apartamento-MASTER-2Q,Carteira 3,SC,"Penha, SC","Penha, SC, Armação",0,370,8110.7,28,4213.66,2025-10,0.8387,0.3904,26,31,384.04,,0,0,2025-10-27,1.92,0.0,-3897.04,ok
PSO0906,Penha-Beto_Carrero-apartamento-SUP-1Q,Carteira 3,SC,"Penha, SC","Penha, SC, Praia de Armação do Itapocoroi",0,70,2800.25,18,2566.46,2025-10,0.6452,0.6596,20,31,163.95,148.5,4,0,2025-10-27,1.09,0.0,-233.78999999999996,berlinda
PSOA0707,Penha-Beto_Carrero-apartamento-SUP-1Q,Carteira 3,SC,"Penha, SC","Penha, SC, Armação",0,105,3372.56,18,2566.46,2025-10,0.6774,0.6596,21,31,196.19,189.0,1,0,2025-10-27,1.31,0.0,-806.0999999999999,ok
QTIB0301,Florianopolis-Ingleses_Norte-apartamento-JR-2Q,Carteira 1,SC,"Florianópolis, SC","Florianópolis, SC, Ingleses do Rio Vermelho",1,82,1857.77,32,2245.74,2025-10,0.4667,0.5091,14,31,158.14,162.0,4,0,2025-10-27,0.83,158.14,387.9699999999998,berlinda
RLN0104,Gramado-Geral-apartamento-JR-2Q,Carteira 4,RS,"Gramado, RS","Gramado, RS, Ipê Amarelo",2,273,1555.12,36,2528.02,2025-10,0.2414,0.3317,7,31,297.0,,0,0,2025-10-27,0.62,594.0,972.9000000000001,atenção
SDR006,Florianopolis-Lagoa-apartamento-SUP-1Q,Carteira 1,SC,"Florianópolis, SC","Florianópolis, SC, Lagoa da Conceição",0,1538,1339.74,23,2810.1,2025-10,0.2903,0.6661,9,31,144.0,,0,0,2025-10-27,0.48,0.0,1470.36,crítico
SKL1003,Penha-Praia-apartamento-SUP-2Q,Carteira 4,SC,"Penha, SC","Penha, SC, Armação",0,6,3123.55,53,3312.94,2025-10,0.6129,0.4703,19,31,222.21,184.0,2,0,2025-10-27,0.94,0.0,189.38999999999987,berlinda
TVT1008,Florianopolis-Centrao-apartamento-MASTER-1Q,Carteira 4,SC,"Florianópolis, SC","Florianópolis, SC, Centro",1,558,5643.7,30,4355.89,2025-10,0.7667,0.5881,23,31,296.3,,0,0,2025-10-27,1.3,296.3,-1287.8099999999995,ok
TXP1405,Goiania-Central-apartamento-SUP-1Q,Carteira 1,GO,"Goiânia, GO","Goiânia, GO, Setor Bueno",0,716,2678.28,161,2721.7,2025-10,0.6774,0.6044,21,31,155.05,161.0,1,0,2025-10-27,0.98,0.0,43.41999999999962,berlinda
CAC0301,Florianopolis-Ingleses_Praia-apartamento-SUP-2Q,Carteira 1,SC,"Florianópolis, SC","Florianópolis, SC, Ingleses do Rio Vermelho",0,323,2258.49,47,2993.28,2025-10,0.5484,0.4455,17,31,180.0,152.0,1,0,2025-10-27,0.75,0.0,734.7900000000004,atenção
CNB007,Especial-CNB-casa-TOP-1Q,Especial,SP,"Campos do Jordão, SP","Campos do Jordão, SP, Jardim Europa",0,565,6329.5,17,5682.81,2025-10,0.4194,0.6351,13,31,579.85,408.75,4,7,2025-10-27,1.11,0.0,-646.6899999999996,ok
CSD0101,Bombinhas-Bombas-apartamento-SUP-3Q,Carteira 6,SC,"Bombinhas, SC","Bombinhas, SC, Bombas",9,337,3067.98,14,2550.13,2025-10,0.8182,0.3358,18,31,203.11,130.0,1,0,2025-10-27,1.2,1827.9900000000002,-517.8499999999999,ok
CSE0102,Florianopolis-Canasvieiras_Meio-apartamento-SUP-3Q,Carteira 1,SC,"Florianópolis, SC","Florianópolis, SC, Canasvieiras",10,392,3584.18,22,4184.34,2025-10,0.7143,0.4137,15,31,290.53,,0,12,2025-10-27,0.86,2905.2999999999997,600.1600000000003,berlinda
EOX0705,Florianopolis-Centrao-apartamento-JR-1Q,Carteira 4,SC,"Florianópolis, SC","Florianópolis, SC, Centro",0,19,2174.23,68,2759.16,2025-10,0.7419,0.6039,23,31,123.96,,0,0,2025-10-27,0.79,0.0,584.9299999999998,atenção
ERU032,Bombinhas-Bombas-apartamento-SUP-2Q,Carteira 6,SC,"Bombinhas, SC","Bombinhas, SC, Bombas",0,1204,2457.69,61,2189.81,2025-10,0.6774,0.3675,21,31,160.14,105.0,3,0,2025-10-27,1.12,0.0,-267.8800000000001,ok
EVO0801,Guarapari-Praia_do_Morro-apartamento-TOP-3Q,Carteira 4,ES,"Guarapari, ES","Guarapari, ES, Praia do Morro",0,504,4054.55,31,5313.94,2025-10,0.4839,0.6036,15,31,326.33,233.75,4,0,2025-10-27,0.76,0.0,1259.3899999999994,atenção
GIU0003,Porto_Seguro-Pataxos-apartamento-SUP-2Q,Carteira 2,BA,"Porto Seguro, BA","Porto Seguro, BA, Paraíso dos Pataxós",1,334,3910.92,35,5287.85,2025-10,0.5667,0.6403,17,31,279.12,150.0,2,0,2025-10-27,0.74,279.12,1376.9300000000003,atenção
HRE0035,Ubatuba-Toninhas-apartamento-TOP-2Q,Carteira 4,SP,"Ubatuba, SP","Ubatuba, SP, Toninhas",1,365,7087.63,25,6889.15,2025-10,0.8333,0.6398,25,31,362.08,269.0,1,0,2025-10-27,1.03,362.08,-198.48000000000047,berlinda
IPF0201,Mata_de_Sao_Joao-Praia_do_Forte-casa-TOP-2Q,Carteira 2,BA,"Mata de São João, BA","Mata de São João, BA, Praia do Forte",1,6,344.81,15,4066.4,2025-10,0.0333,0.4298,1,31,450.0,450.0,3,31,2025-10-27,0.08,450.0,3721.59,crítico
JBV207,Especial-JBV-hotel-TOP-1Q,Especial,SC,"Florianópolis, SC","Florianópolis, SC, Jurerê",4,391,8790.76,32,10019.61,2025-10,0.8148,0.8219,22,31,515.77,375.0,3,0,2025-10-27,0.88,2063.08,1228.8500000000004,berlinda
NWT0305,Especial-NWT-apartamento-TOP-1Q,Carteira 5,AL,"Maceió, AL","Maceió, AL, Pajuçara",1,201,7089.28,34,5613.71,2025-10,0.8667,0.7261,26,31,352.85,311.0,1,0,2025-10-27,1.26,352.85,-1475.5699999999997,ok
NWT0714,Especial-NWT-apartamento-TOP-1Q,Carteira 5,AL,"Maceió, AL","Maceió, AL, Pajuçara",0,155,5046.76,34,5613.71,2025-10,0.7097,0.7261,22,31,286.05,,0,0,2025-10-27,0.9,0.0,566.9499999999998,berlinda
NWT0812,Especial-NWT-apartamento-TOP-1Q,Carteira 5,AL,"Maceió, AL","Maceió, AL, Pajuçara",0,155,5298.78,34,5613.71,2025-10,0.6774,0.7261,21,31,299.38,280.0,1,0,2025-10-27,0.94,0.0,314.9300000000003,berlinda
OBD2108,Goiania-Central-apartamento-SUP-2Q,Carteira 1,GO,"Goiânia, GO","Goiânia, GO, Setor Bueno",0,40,3553.22,48,3185.93,2025-10,0.6774,0.4722,21,31,220.19,,0,0,2025-10-27,1.12,0.0,-367.28999999999996,ok
PLG0012,Florianopolis-Canto_da_Lagoa-apartamento-SUP-1Q,Carteira 1,SC,"Florianópolis, SC","Florianópolis, SC, Lagoa da Conceição",1,183,4129.74,15,2984.35,2025-10,0.8667,0.5696,26,31,224.19,,0,0,2025-10-27,1.38,224.19,-1145.3899999999999,ok
RPB038,Florianopolis-Cachoeira_Bom_Jesus-apartamento-JR-2Q,Carteira 1,SC,"Florianópolis, SC","Florianópolis, SC, Cachoeira do Bom Jesus",4,792,4536.41,15,2277.41,2025-10,0.7407,0.3827,20,31,247.0,207.0,1,0,2025-10-27,1.99,988.0,-2259.0,ok
RTA042,Balneario_Camboriu-Intermediario-apartamento-SUP-2Q,Carteira 6,SC,"Balneário Camboriú, SC","Balneário Camboriú, SC, Centro",0,958,4871.74,70,2902.05,2025-10,0.9032,0.5075,28,31,223.93,164.33,3,0,2025-10-27,1.68,0.0,-1969.6899999999996,ok
STI210,Florianopolis-Ingleses_Centro-apartamento-SUP-1Q,Carteira 1,SC,"Florianópolis, SC","Florianópolis, SC, Ingleses do Rio Vermelho",0,1659,2221.59,31,1664.26,2025-10,0.5806,0.467,18,31,151.67,154.0,3,0,2025-10-27,1.33,0.0,-557.3300000000002,ok
TSO0602,Balneario_Camboriu-Longe-apartamento-MASTER-2Q,Carteira 6,SC,"Balneário Camboriú, SC","Balneário Camboriú, SC, Estados",4,180,5727.51,33,5211.35,2025-10,0.8889,0.5887,24,31,311.71,250.0,3,0,2025-10-27,1.1,1246.84,-516.1599999999999,berlinda
VDB0201,Gramado-Centro-apartamento-SUP-2Q,Carteira 4,RS,"Gramado, RS","Gramado, RS, Centro",2,230,4603.33,89,5019.25,2025-10,0.6207,0.4992,18,31,365.56,360.0,1,0,2025-10-27,0.92,731.12,415.9200000000001,berlinda
VIC0401,Florianopolis-Novo_Campeche-apartamento-MASTER-3Q,Carteira 1,SC,"Florianópolis, SC","Florianópolis, SC, Campeche",9,644,7735.21,7,8944.56,2025-10,0.8182,0.3019,18,31,577.83,500.0,2,0,2025-10-27,0.86,5200.47,1209.3499999999995,berlinda
VLPF0103,Mata_de_Sao_Joao-Praia_do_Forte-apartamento-SUP-2Q,Carteira 2,BA,"Mata de São João, BA","Mata de São João, BA, Centro",3,69,3723.88,33,5559.2,2025-10,0.5,0.5191,14,31,305.57,,0,0,2025-10-27,0.67,916.71,1835.3199999999997,atenção
VNO1417,Sao_Paulo-Republica-apartamento-SUP-1Q,Carteira 4,SP,"São Paulo, SP","São Paulo, SP, Consolação",0,93,3423.98,465,3003.05,2025-10,1.0,0.6661,31,31,141.39,,0,0,2025-10-27,1.14,0.0,-420.92999999999984,ok
APC2200,Bombinhas-Mariscal-casa-TOP-3Q,Carteira 6,SC,"Bombinhas, SC","Bombinhas, SC, Canto Grande",19,925,1783.86,18,5569.31,2025-10,0.5833,0.3782,7,31,353.86,324.0,4,0,2025-10-27,0.32,6723.34,3785.4500000000007,crítico
BLB1502,Salvador-Barra-apartamento-SUP-1Q,Carteira 2,BA,"Salvador, BA","Salvador, BA, Barra",0,653,3287.56,209,3347.82,2025-10,0.7742,0.601,24,31,173.29,181.25,4,0,2025-10-27,0.98,0.0,60.26000000000022,berlinda
BMR0004,Porto_Seguro-Pataxos-casa-JR-2Q,Carteira 2,BA,"Porto Seguro, BA","Porto Seguro, BA, Loteamento Village I",0,351,2958.86,17,2902.23,2025-10,0.4516,0.586,14,31,261.64,168.75,4,0,2025-10-27,1.02,0.0,-56.63000000000011,berlinda
CAS0031,Florianopolis-Estreito-apartamento-SUP-2Q,Carteira 4,SC,"Florianópolis, SC","Florianópolis, SC, Coqueiros",4,223,2996.57,13,2919.75,2025-10,0.8148,0.4985,22,31,162.59,148.5,2,0,2025-10-27,1.03,650.36,-76.82000000000016,berlinda
CNA015,Especial-CNA-casa-MASTER-1Q,Especial,SP,"Campos do Jordão, SP","Campos do Jordão, SP, Jardim Europa",0,985,10465.62,25,9245.88,2025-10,0.5484,0.485,17,31,750.06,350.0,3,7,2025-10-27,1.13,0.0,-1219.7400000000016,ok
CPN0002,Florianopolis-Centrao-apartamento-JR-2Q,Carteira 4,SC,"Florianópolis, SC","Florianópolis, SC, Centro",5,359,2860.28,14,3346.36,2025-10,0.7692,0.548,20,31,173.6,,0,0,2025-10-27,0.85,868.0,486.0799999999999,berlinda
CRJ101,Florianopolis-Jurere_Tradicional-apartamento-SUP-2Q,Carteira 1,SC,"Florianópolis, SC","Florianópolis, SC, Jurerê",25,992,893.83,27,3777.8,2025-10,0.6667,0.4779,4,31,252.75,169.0,2,0,2025-10-27,0.24,6318.75,2883.9700000000003,crítico
DLH0103,Gramado-Centro-apartamento-TOP-2Q,Carteira 4,RS,"Gramado, RS","Gramado, RS, Centro",1,376,7323.88,53,5324.65,2025-10,0.6333,0.5115,19,31,455.53,366.0,1,0,2025-10-27,1.38,455.53,-1999.2300000000005,ok
ELLC0000,Ilheus-Sul-apartamento-SUP-2Q,Carteira 2,BA,"Ilhéus, BA","Ilhéus, BA, Nossa Senhora da Vitória",6,36,1980.51,24,3158.2,2025-10,0.56,0.5022,14,31,169.79,159.75,4,0,2025-10-27,0.63,1018.74,1177.6899999999998,atenção
FML202,Florianopolis-Canasvieiras_Perto-apartamento-JR-2Q,Carteira 1,SC,"Florianópolis, SC","Florianópolis, SC, Canasvieiras",31,607,0.0,13,2180.08,2025-10,,0.5225,0,31,0.0,,0,0,2025-10-27,0.0,0.0,2180.08,crítico
GCH0201,Camaçari-Jacuipe-apartamento-JR-3Q,Carteira 2,BA,"Camaçari, BA","Camaçari, BA, Guarajuba Monte Gordo",6,401,1945.7,104,4333.51,2025-10,0.44,0.4869,11,31,210.91,252.0,1,0,2025-10-27,0.45,1265.46,2387.8100000000004,crítico
IAP103,Florianopolis-Ingleses_Praia-apartamento-SUP-1Q,Carteira 1,SC,"Florianópolis, SC","Florianópolis, SC, Ingleses do Rio Vermelho",9,1086,1609.53,37,2408.79,2025-10,0.6364,0.4799,14,31,139.0,,0,0,2025-10-27,0.67,1251.0,799.26,atenção
ILC2316,Especial-ILC-hotel-TOP-1Q,Especial,SC,"Florianópolis, SC","Florianópolis, SC, Jurerê Internacional",10,1491,6628.68,28,10019.61,2025-10,0.8095,0.8614,17,31,465.41,500.0,2,4,2025-10-27,0.66,4654.1,3390.9300000000003,atenção
ILH0107,Florianopolis-Canasvieiras_Perto-apartamento-SUP-2Q,Carteira 1,SC,"Florianópolis, SC","Florianópolis, SC, Canasvieiras",0,722,4231.67,17,3623.41,2025-10,0.6452,0.4891,20,31,220.1,189.0,3,0,2025-10-27,1.17,0.0,-608.2600000000002,ok
JRR410,Florianopolis-Jurere_Tradicional-apartamento-MASTER-1Q,Carteira 1,SC,"Florianópolis, SC","Florianópolis, SC, Jurerê",1,1323,5186.9,27,8096.25,2025-10,0.7,0.6506,21,31,313.57,,0,0,2025-10-27,0.64,313.57,2909.3500000000004,atenção
MHF1604,Itapema-Canto_Praia-apartamento-TOP-1Q,Carteira 5,SC,"Itapema, SC","Itapema, SC, Centro",0,376,4434.98,15,3459.9,2025-10,0.9677,0.6192,30,31,180.77,,0,0,2025-10-27,1.28,0.0,-975.0799999999995,ok
MHF1605,Itapema-Canto_Praia-apartamento-TOP-1Q,Carteira 5,SC,"Itapema, SC","Itapema, SC, Centro",0,469,4342.03,15,3459.9,2025-10,0.871,0.6192,27,31,216.85,160.0,2,0,2025-10-27,1.25,0.0,-882.1299999999997,ok
MMD0305,Ilheus-Sul-apartamento-SUP-2Q,Carteira 2,BA,"Ilhéus, BA","Ilhéus, BA, São Francisco",0,124,3966.81,24,3158.2,2025-10,0.7419,0.5022,23,31,210.35,176.25,4,0,2025-10-27,1.26,0.0,-808.6100000000001,ok
NWT0504,Especial-NWT-apartamento-TOP-1Q,Carteira 5,AL,"Maceió, AL","Maceió, AL, Pajuçara",0,194,4960.46,34,5613.71,2025-10,0.6452,0.7261,20,31,287.9,280.0,4,0,2025-10-27,0.88,0.0,653.25,berlinda
NWT0911,Especial-NWT-apartamento-MASTER-1Q,Carteira 5,AL,"Maceió, AL","Maceió, AL, Pajuçara",1,190,9424.98,28,7169.93,2025-10,0.7,0.7888,21,31,593.14,600.0,3,20,2025-10-27,1.31,593.14,-2255.0499999999993,ok
POR410,Florianopolis-Ingleses_Norte-apartamento-SUP-4Q,Carteira 1,SC,"Florianópolis, SC","Florianópolis, SC, Ingleses Norte",17,849,6497.76,17,5450.2,2025-10,1.0,0.5817,14,31,549.14,,0,0,2025-10-27,1.19,9335.38,-1047.5600000000004,ok
RFM0012,Santa_Cruz_Cabralia-Coroa_Vermelha-apartamento-SUP-2Q,Carteira 2,BA,"Santa Cruz Cabrália, BA","Porto Seguro, BA, Mutá",0,264,4267.9,45,4511.23,2025-10,0.6774,0.6517,21,31,240.0,,0,0,2025-10-27,0.95,0.0,243.32999999999993,berlinda
SDR002,Florianopolis-Lagoa-apartamento-SUP-1Q,Carteira 1,SC,"Florianópolis, SC","Florianópolis, SC, Lagoa da Conceição",11,1544,1787.67,23,2810.1,2025-10,0.7,0.6661,14,31,168.21,137.0,1,0,2025-10-27,0.64,1850.3100000000002,1022.4299999999998,atenção
SKC0414,Maceio-Jatiuca-apartamento-TOP-1Q,Carteira 2,AL,"Maceió, AL","Maceió, AL, Jatiúca",0,237,4339.35,41,4557.73,2025-10,0.9355,0.746,29,31,190.83,140.0,1,0,2025-10-27,0.95,0.0,218.3799999999992,berlinda
TCO1104,Porto_Alegre-Centro_Historico-apartamento-SUP-1Q,Carteira 4,RS,"Porto Alegre, RS","Porto Alegre, RS, Centro Histórico",1,380,3363.2,87,2119.74,2025-10,0.9667,0.5817,29,31,139.66,120.0,1,0,2025-10-27,1.59,139.66,-1243.46,ok
TPS104,Florianopolis-Canasvieiras_Meio-apartamento-TOP-1Q,Carteira 1,SC,"Florianópolis, SC","Florianópolis, SC, Canasvieiras",0,974,3021.82,29,2888.12,2025-10,0.871,0.6699,27,31,153.41,,0,0,2025-10-27,1.05,0.0,-133.70000000000027,berlinda
TPS107,Florianopolis-Canasvieiras_Meio-apartamento-TOP-1Q,Carteira 1,SC,"Florianópolis, SC","Florianópolis, SC, Canasvieiras",0,476,2158.14,29,2888.12,2025-10,0.5806,0.6699,18,31,160.5,188.0,3,0,2025-10-27,0.75,0.0,729.98,atenção
VEC114,Bombinhas-Centro-apartamento-SUP-1Q,Carteira 6,SC,"Bombinhas, SC","Bombinhas, SC, Centro",0,1009,2817.12,32,2630.32,2025-10,0.7419,0.5814,23,31,161.87,120.0,1,0,2025-10-27,1.07,0.0,-186.79999999999973,berlinda
VST022,Especial-VST-casa-TOP-1Q,Carteira 5,SC,"Anitápolis, SC","Anitápolis, SC, Rio dos Pinheiros",1,457,2699.63,45,2754.3,2025-10,0.5,0.2088,15,31,221.87,160.0,3,0,2025-10-27,0.98,221.87,54.67000000000007,berlinda
VTD0109,Florianopolis-UFSC-apartamento-SUP-1Q,Carteira 4,SC,"Florianópolis, SC","Florianópolis, SC, Trindade",0,23,4063.38,44,2740.41,2025-10,0.8387,0.6164,26,31,178.38,,0,0,2025-10-27,1.48,0.0,-1322.9700000000003,ok
BLB1004,Salvador-Barra-apartamento-SUP-1Q,Carteira 2,BA,"Salvador, BA","Salvador, BA, Barra",0,324,3321.29,209,3347.82,2025-10,0.7742,0.601,24,31,158.67,168.67,3,0,2025-10-27,0.99,0.0,26.5300000000002,berlinda
BLSA1655,Goiania-Central-apartamento-TOP-1Q,Carteira 1,GO,"Goiânia, GO","Goiânia, GO, Setor Marista",0,656,2673.37,53,3116.1,2025-10,0.5484,0.5687,17,31,199.29,155.75,4,0,2025-10-27,0.86,0.0,442.73,berlinda
EEI0303,Barra_Velha-Itajuba-apartamento-SUP-2Q,Carteira 3,SC,"Barra Velha, SC","Barra Velha, SC, Itajubá",0,55,2186.62,13,1471.07,2025-10,0.5161,0.2439,16,31,196.56,128.25,4,0,2025-10-27,1.49,0.0,-715.55,ok
ETD0101,Florianopolis-Ingleses_Centro-apartamento-JR-2Q,Carteira 1,SC,"Florianópolis, SC","Florianópolis, SC, Ingleses do Rio Vermelho",9,138,2126.2,21,1504.5,2025-10,0.9091,0.4685,20,31,130.25,,0,0,2025-10-27,1.41,1172.25,-621.6999999999998,ok
GET0706,Guara-Geral-apartamento-MASTER-2Q,Especial,DF,"Brasília, DF","Brasília, DF, Zona Industrial",0,57,6348.9,10,5958.24,2025-10,0.7742,0.5593,24,31,343.75,293.5,2,0,2025-10-27,1.07,0.0,-390.65999999999985,berlinda
ITA0304,Salvador-Pituba-apartamento-TOP-1Q,Carteira 5,BA,"Salvador, BA","Salvador, BA, Pituba",1,119,3776.64,72,2964.28,2025-10,0.8,0.6151,24,31,180.79,198.0,1,0,2025-10-27,1.27,180.79,-812.3599999999997,ok
MAL0105,Florianopolis-Santo_Antonio_de_Lisboa-apartamento-SUP-1Q,Carteira 1,SC,"Florianópolis, SC","Florianópolis, SC, Santo Antonio de Lisboa",1,77,2617.7,13,1946.5,2025-10,0.4667,0.6135,14,31,226.21,193.5,4,0,2025-10-27,1.34,226.21,-671.1999999999998,ok
MCB0706,Balneario_Picarras-Geral-apartamento-SUP-2Q,Carteira 6,SC,"Balneário Piçarras, SC","Balneário Piçarras, SC, Itacolomi",6,351,853.52,58,1221.17,2025-10,0.32,0.2657,8,31,132.0,119.5,4,0,2025-10-27,0.7,792.0,367.6500000000001,atenção
MDC202,Gramado-Geral-apartamento-JR-2Q,Carteira 4,RS,"Gramado, RS","Gramado, RS, Floresta",0,834,1530.95,36,2528.02,2025-10,0.2258,0.3317,7,31,303.43,248.5,4,0,2025-10-27,0.61,0.0,997.0699999999999,atenção
NWT0309,Especial-NWT-apartamento-TOP-1Q,Carteira 5,AL,"Maceió, AL","Maceió, AL, Pajuçara",0,316,5278.84,34,5613.71,2025-10,0.6452,0.7261,20,31,308.0,287.75,4,0,2025-10-27,0.94,0.0,334.8699999999999,berlinda
NWT0614,Especial-NWT-apartamento-TOP-1Q,Carteira 5,AL,"Maceió, AL","Maceió, AL, Pajuçara",0,180,6182.34,34,5613.71,2025-10,0.871,0.7261,27,31,276.59,250.0,1,0,2025-10-27,1.1,0.0,-568.6300000000001,ok
NWT1009,Especial-NWT-apartamento-TOP-1Q,Carteira 5,AL,"Maceió, AL","Maceió, AL, Pajuçara",0,168,7056.39,34,5613.71,2025-10,0.8387,0.7261,26,31,339.5,,0,0,2025-10-27,1.26,0.0,-1442.6800000000003,ok
NWT1502,Especial-NWT-apartamento-TOP-1Q,Carteira 5,AL,"Maceió, AL","Maceió, AL, Pajuçara",0,154,6750.91,34,5613.71,2025-10,0.6774,0.7261,21,31,412.1,280.0,1,0,2025-10-27,1.2,0.0,-1137.1999999999998,ok
PSOA0407,Penha-Beto_Carrero-apartamento-SUP-1Q,Carteira 3,SC,"Penha, SC","Penha, SC, Praia de Armação do Itapocoroi",0,83,2834.66,18,2566.46,2025-10,0.6129,0.6596,19,31,168.42,162.0,2,0,2025-10-27,1.1,0.0,-268.1999999999998,ok
RIB0201,Imbituba-Ibiraquera-apartamento-JR-2Q,Carteira 6,SC,"Imbituba, SC","Imbituba, SC, Vila Esperanca",17,71,1136.74,12,621.59,2025-10,0.8571,0.3165,12,31,110.75,,0,13,2025-10-27,1.83,1882.75,-515.15,ok
SJS0002,Florianopolis-Ingleses_Centro-apartamento-JR-1Q,Carteira 1,SC,"Florianópolis, SC","Florianópolis, SC, Ingleses do Rio Vermelho",0,342,2089.92,16,2053.66,2025-10,0.6774,0.7071,21,31,122.29,98.0,1,0,2025-10-27,1.02,0.0,-36.26000000000022,berlinda
SPT0505,Blumenau-Central-apartamento-JR-1Q,Carteira 4,SC,"Blumenau, SC","Blumenau, SC, Itoupava Seca",0,491,4832.84,48,6119.8,2025-10,0.4194,0.5972,13,31,434.92,101.25,4,15,2025-10-27,0.79,0.0,1286.96,atenção
