listing,categoria,carteira,estado,cidade,Bairro,dias_bloqueados,dias_ativo,faturamento_mes,n_concorrentes,meta,mes_ano,to_listings,to_concorrentes,dias_ocupados,total_dias,media_preco_ocupado,media_preco_disponivel,ocupacao_ainda_disponivel,data_da_execucao,atingimento_meta,faturamento_perdido_bloqueio,falta_meta,grupo_criticidade
EON0402,Goiania-Central-2-apartamento-SUP-3Q,Carteira 1_sys-price,GO,"Goiânia, GO","Goiânia, GO, Setor Oeste",1,3,1401.0,7,1440.75,2025-11,0.2069,0.196,6,30,271.17,305.12,17,2025-11-03,0.97,271.17,39.75,berlinda
ETE0308,Maceio-Ponta_Verde-apartamento-TOP-1Q,Carteira 2,AL,"Maceió, AL","Maceió, AL, Pajuçara",0,395,1621.42,115,4435.91,2025-11,0.2667,0.5713,8,30,224.08,201.94,16,2025-11-03,0.37,0.0,2814.49,crítico
GDP0107,Brasilia-Asa_Sul-apartamento-SUP-1Q,Carteira 1,DF,"Brasília, DF","Brasília, DF, Asa Sul",0,645,2384.29,122,2966.5,2025-11,0.4333,0.5646,13,30,258.17,249.11,18,2025-11-03,0.8,0.0,582.21,berlinda
HAL103,Florianopolis-Novo_Campeche-apartamento-TOP-1Q,Carteira 1,SC,"Florianópolis, SC","Florianópolis, SC, Campeche",1,820,4223.12,45,3953.83,2025-11,0.5517,0.4453,16,30,326.94,310.08,13,2025-11-03,1.07,326.94,-269.28999999999996,berlinda
IFT1003,Itapema-Meia_Praia-Norte-apartamento-TOP-1Q,Carteira 6,SC,"Itapema, SC","Itapema, SC, Meia Praia",0,171,3838.03,24,2714.64,2025-11,0.6667,0.2925,20,30,236.75,269.8,10,2025-11-03,1.41,0.0,-1123.3900000000003,ok
MHF1903,Itapema-Canto_Praia-apartamento-TOP-1Q,Carteira 5,SC,"Itapema, SC","Itapema, SC, Centro",0,480,2133.98,17,1245.76,2025-11,0.3333,0.3257,10,30,242.5,236.0,20,2025-11-03,1.71,0.0,-888.22,ok
NBL0911,Porto_Alegre-Jardim_Botanico-apartamento-SUP-1Q,Carteira 4,RS,"Porto Alegre, RS","Porto Alegre, RS, Santa Cecília",0,702,215.34,44,1124.1,2025-11,0.0667,0.2505,2,30,130.0,153.0,27,2025-11-03,0.19,0.0,908.7599999999999,crítico
NWT1011,Especial-NWT-apartamento-MASTER-1Q,Carteira 5,AL,"Maceió, AL","Maceió, AL, Pajuçara",5,177,6276.94,26,5361.2,2025-11,0.6,0.5855,15,30,565.8,415.56,9,2025-11-03,1.17,2829.0,-915.7399999999998,ok
OBS0101,Itapema-Meia_Praia-Sul-apartamento-JR-2Q,Carteira 6,SC,"Itapema, SC","Itapema, SC, Meia Praia",16,123,806.1,13,2800.53,2025-11,0.4286,0.4325,6,30,168.33,110.0,6,2025-11-03,0.29,2693.28,1994.4300000000003,crítico
OGD0401,Florianopolis-Beira_Mar-apartamento-TOP-1Q,Carteira 4,SC,"Florianópolis, SC","Florianópolis, SC, Centro",0,248,4031.24,12,4501.17,2025-11,0.6333,0.4338,19,30,271.16,309.2,10,2025-11-03,0.9,0.0,469.9300000000003,berlinda
OKA216,Florianopolis-Campeche-apartamento-SUP-1Q,Carteira 1,SC,"Florianópolis, SC","Florianópolis, SC, Campeche",0,729,2351.88,22,1969.86,2025-11,0.4667,0.3561,14,30,228.79,255.94,16,2025-11-03,1.19,0.0,-382.0200000000002,ok
PSOA0607,Penha-Beto_Carrero-apartamento-SUP-1Q,Carteira 3,SC,"Penha, SC","Penha, SC, Praia de Armação do Itapocoroi",0,93,1895.3,12,1751.85,2025-11,0.2667,0.2595,8,30,214.1,179.55,20,2025-11-03,1.08,0.0,-143.45000000000005,berlinda
RFM0005,Santa_Cruz_Cabralia-Coroa_Vermelha-apartamento-SUP-2Q,Carteira 2,BA,"Santa Cruz Cabrália, BA","Santa Cruz Cabrália, BA, Coroa Vermelha",30,86,0.0,34,2500.7,2025-11,,0.2968,0,30,0.0,,0,2025-11-03,0.0,0.0,2500.7,crítico
RMI0007,Florianopolis-Ingleses_Praia-apartamento-TOP-1Q,Carteira 1,SC,"Florianópolis, SC","Florianópolis, SC, Ingleses do Rio Vermelho",4,680,2547.18,48,3075.47,2025-11,0.3846,0.3116,10,30,212.36,234.5,12,2025-11-03,0.83,849.44,528.29,berlinda
RUP0805,Blumenau-Central-apartamento-SUP-1Q,Carteira 4,SC,"Blumenau, SC","Blumenau, SC, Escola Agrícola",1,402,268.08,50,856.57,2025-11,0.069,0.1654,2,30,149.0,133.92,24,2025-11-03,0.31,149.0,588.49,crítico
SFR0401,Bombinhas-Centro-apartamento-SUP-1Q,Carteira 6,SC,"Bombinhas, SC","Bombinhas, SC, Centro",0,37,3475.08,32,2844.7,2025-11,0.5333,0.4531,16,30,193.85,247.63,8,2025-11-03,1.22,0.0,-630.3800000000001,ok
SHC1103,Balneario_Picarras-Geral-apartamento-TOP-2Q,Carteira 6,SC,"Balneário Piçarras, SC","Balneário Piçarras, SC, Itacolomi",5,320,3550.66,32,2108.3,2025-11,0.6,0.2801,15,30,329.4,184.6,10,2025-11-03,1.68,1647.0,-1442.3599999999997,ok
SPJ0106,Especial-SPJ-apartamento-TOP-1Q,Carteira 5,SC,"Florianópolis, SC","Florianópolis, SC, Jurerê",0,310,4857.72,19,5610.79,2025-11,0.6333,0.5559,19,30,320.42,283.55,11,2025-11-03,0.87,0.0,753.0699999999997,berlinda
SPJ0202,Especial-SPJ-apartamento-TOP-1Q,Carteira 5,SC,"Florianópolis, SC","Florianópolis, SC, Jurerê",0,516,5414.31,19,5610.79,2025-11,0.7667,0.5559,23,30,356.83,257.0,7,2025-11-03,0.96,0.0,196.47999999999956,berlinda
SPJ0402,Especial-SPJ-apartamento-TOP-1Q,Carteira 5,SC,"Florianópolis, SC","Florianópolis, SC, Jurerê",0,385,5314.34,19,5610.79,2025-11,0.7,0.5559,21,30,301.71,288.0,8,2025-11-03,0.95,0.0,296.4499999999998,berlinda
SVS0219,Brasilia-Asa_Sul-apartamento-SUP-1Q,Carteira 1,DF,"Brasília, DF","Brasília, DF, Setor Sudoeste",1,222,3302.28,122,2966.5,2025-11,0.5172,0.5646,15,30,251.8,250.0,14,2025-11-03,1.11,251.8,-335.7800000000002,ok
VDI208,Florianopolis-Jurere_Longe-apartamento-SUP-2Q,Carteira 1,SC,"Florianópolis, SC","Florianópolis, SC, Jurerê Internacional",30,1983,0.0,22,5172.32,2025-11,,0.4441,0,30,0.0,,0,2025-11-03,0.0,0.0,5172.32,crítico
ZNB1304,Salvador-Barra-apartamento-SUP-1Q,Carteira 2,BA,"Salvador, BA","Salvador, BA, Barra",0,172,2791.56,195,2712.93,2025-11,0.6333,0.4447,19,30,193.26,242.82,11,2025-11-03,1.03,0.0,-78.63000000000011,berlinda
AAP1405,Salvador-Caminho_Das_Arvores-apartamento-SUP-1Q,Carteira 2,BA,"Salvador, BA","Salvador, BA, Caminho das Árvores",0,225,2579.16,35,1509.18,2025-11,0.6667,0.3049,20,30,175.8,168.4,10,2025-11-03,1.71,0.0,-1069.9799999999998,ok
BLN0802,Porto_Belo-Geral-apartamento-SUP-2Q,Carteira 6,SC,"Porto Belo, SC","Porto Belo, SC, Perequê",1,697,3446.96,23,3094.93,2025-11,0.7241,0.2277,21,30,194.76,176.63,8,2025-11-03,1.11,194.76,-352.0300000000002,ok
BSO0201,Itajai-Praia_Brava-apartamento-SUP-1Q,Carteira 6,SC,"Balneário Camboriú, SC","Balneário Camboriú, SC, Praia dos Amores",0,57,2553.48,50,2244.64,2025-11,0.5667,0.3503,17,30,171.29,148.75,12,2025-11-03,1.14,0.0,-308.84000000000015,ok
CPR0108,Marau-Barra_Grande-apartamento-SUP-1Q,Carteira 2,BA,"Maraú, BA","Maraú, BA, Barra Grande",2,528,0.0,13,1216.56,2025-11,0.0,0.2005,0,30,0.0,335.44,25,2025-11-03,0.0,0.0,1216.56,crítico
CSD0403,Bombinhas-Bombas-apartamento-SUP-3Q,Carteira 6,SC,"Bombinhas, SC","Bombinhas, SC, Bombas",6,470,4329.8,17,2896.39,2025-11,0.5833,0.3512,14,30,373.81,344.29,7,2025-11-03,1.49,2242.86,-1433.4100000000003,ok
DAC0202,Florianopolis-Estreito-apartamento-SUP-1Q,Carteira 4,SC,"Florianópolis, SC","Florianópolis, SC, Estreito",2,101,0.0,19,1865.72,2025-11,0.0714,0.2941,2,30,0.0,205.28,25,2025-11-03,0.0,0.0,1865.72,crítico
DIO0507,Sao_Paulo-Pompeia-apartamento-SUP-1Q,Carteira 4,SP,"São Paulo, SP","São Paulo, SP, Pompeia",2,59,205.6,59,1892.48,2025-11,0.0357,0.2605,1,30,211.0,199.92,24,2025-11-03,0.11,422.0,1686.88,crítico
EFE0803,Guarapari-Praia_do_Morro-apartamento-SUP-3Q,Carteira 4,ES,"Guarapari, ES","Guarapari, ES, Praia do Morro",16,631,1417.03,63,3162.9,2025-11,0.3571,0.3052,5,30,343.2,372.38,8,2025-11-03,0.45,5491.2,1745.8700000000001,crítico
ERN0503,Ilheus-Sul-apartamento-SUP-2Q,Carteira 2,BA,"Ilhéus, BA","Ilhéus, BA, São Francisco",0,395,1075.41,30,1557.2,2025-11,0.1,0.2303,3,30,416.0,416.0,24,2025-11-03,0.69,0.0,481.78999999999996,atenção
HBA0309,Salvador-Barra-apartamento-TOP-1Q,Carteira 2,BA,"Salvador, BA","Salvador, BA, Barra",0,435,2425.18,130,4086.36,2025-11,0.4667,0.5172,14,30,248.43,242.88,16,2025-11-03,0.59,0.0,1661.1800000000003,atenção
IBC0205,Florianopolis-Campeche_Praia-apartamento-TOP-2Q,Carteira 1,SC,"Florianópolis, SC","Florianópolis, SC, Morro das Pedras",9,309,8886.0,62,5752.72,2025-11,0.9524,0.4105,20,30,519.95,347.0,1,2025-11-03,1.54,4679.55,-3133.2799999999997,ok
ILC1306,Especial-ILC-hotel-JR-1Q,Especial,SC,"Florianópolis, SC","Florianópolis, SC, Jurerê Internacional",0,1011,10110.97,16,7488.19,2025-11,0.6667,0.4706,20,30,595.35,628.0,10,2025-11-03,1.35,0.0,-2622.7799999999997,ok
ILC4107,Especial-ILC-hotel-TOP-1Q,Especial,SC,"Florianópolis, SC","Florianópolis, SC, Jurerê Internacional",9,423,9683.14,28,10075.49,2025-11,0.9048,0.5987,19,30,633.0,574.4,5,2025-11-03,0.96,5697.0,392.35000000000036,berlinda
ILH310,Florianopolis-Canasvieiras_Perto-apartamento-SUP-2Q,Carteira 1,SC,"Florianópolis, SC","Florianópolis, SC, Canasvieiras",0,91,4006.77,21,5296.91,2025-11,0.5667,0.4581,17,30,306.94,369.5,12,2025-11-03,0.76,0.0,1290.1399999999999,atenção
LAM0601,Itapema-Praia_Itapema-apartamento-SUP-3Q,Carteira 6,SC,"Itapema, SC","Itapema, SC, Andorinha",1,3,0.0,10,2231.18,2025-11,0.0,0.1488,0,30,0.0,1200.0,27,2025-11-03,0.0,0.0,2231.18,crítico
NNG0102,Florianopolis-Novo_Campeche-apartamento-TOP-2Q,Carteira 1,SC,"Florianópolis, SC","Florianópolis, SC, Campeche",6,306,3580.7,43,6131.47,2025-11,0.5833,0.4341,14,30,335.71,371.8,10,2025-11-03,0.58,2014.2599999999998,2550.7700000000004,atenção
NWT1023,Especial-NWT-apartamento-TOP-1Q,Carteira 5,AL,"Maceió, AL","Maceió, AL, Pajuçara",0,199,6462.5,35,4545.08,2025-11,0.7333,0.472,22,30,366.55,346.43,7,2025-11-03,1.42,0.0,-1917.42,ok
PRJ001,Imbituba-Praia_do_Rosa-casa-SIM-1Q,Carteira 6,SC,"Imbituba, SC","Imbituba, SC, Ibiraquera",0,1241,864.52,51,953.78,2025-11,0.3333,0.2278,10,30,102.0,92.35,17,2025-11-03,0.91,0.0,89.25999999999999,berlinda
PSO0610,Penha-Beto_Carrero-apartamento-SUP-1Q,Carteira 3,SC,"Penha, SC","Penha, SC, Praia de Armação do Itapocoroi",0,93,4932.08,12,1751.85,2025-11,0.8667,0.2595,26,30,228.65,150.0,2,2025-11-03,2.82,0.0,-3180.23,meta_subestimada
PTJ203,Florianopolis-Jurere_Tradicional-apartamento-TOP-2Q,Carteira 1,SC,"Florianópolis, SC","Florianópolis, SC, Jurerê",1,611,6823.0,20,9043.7,2025-11,0.5172,0.4401,15,30,694.0,555.82,11,2025-11-03,0.75,694.0,2220.7000000000007,atenção
RHL0305,Florianopolis-Ingleses_Centro-apartamento-TOP-3Q,Carteira 1,SC,"Florianópolis, SC","Florianópolis, SC, Ingleses do Rio Vermelho",1,268,999.6,42,5720.54,2025-11,0.1034,0.3375,3,30,522.67,500.0,23,2025-11-03,0.17,522.67,4720.94,crítico
RPB037,Florianopolis-Cachoeira_Bom_Jesus-apartamento-JR-2Q,Carteira 1,SC,"Florianópolis, SC","Florianópolis, SC, Cachoeira do Bom Jesus",7,845,4692.51,13,2261.83,2025-11,0.913,0.2251,21,30,276.9,,0,2025-11-03,2.07,1938.2999999999997,-2430.6800000000003,meta_subestimada
SEM0012,Barra_Velha-Centro-apartamento-SUP-1Q,Carteira 3,SC,"Barra Velha, SC","Barra Velha, SC, Tabuleiro",1,31,106.21,7,1861.34,2025-11,0.0345,0.1716,1,30,153.0,175.19,27,2025-11-03,0.06,153.0,1755.1299999999999,crítico
SOV0005,Mata_de_Sao_Joao-Praia_Imbassai-apartamento-TOP-1Q,Carteira 2,BA,"Mata de São João, BA","Mata de São João, BA, Imbassaí",3,254,2950.67,11,3620.49,2025-11,0.5185,0.316,14,30,252.71,241.77,13,2025-11-03,0.81,758.13,669.8199999999997,berlinda
STCY101,Florianopolis-Cachoeira_Bom_Jesus-apartamento-JR-1Q,Carteira 1,SC,"Florianópolis, SC","Florianópolis, SC, Cachoeira do Bom Jesus",0,561,3518.28,11,895.39,2025-11,0.8667,0.1299,26,30,188.27,189.67,3,2025-11-03,3.93,0.0,-2622.8900000000003,meta_subestimada
VST017,Especial-VST-casa-TOP-1Q,Carteira 5,SC,"Anitápolis, SC","Anitápolis, SC, Rio dos pinheiros",2,123,1282.94,42,1530.85,2025-11,0.2143,0.1234,6,30,265.67,179.19,21,2025-11-03,0.84,531.34,247.90999999999985,berlinda
BPA0103,Sao_Paulo-Bela_Vista-apartamento-TOP-1Q,Carteira 4,SP,"São Paulo, SP","São Paulo, SP, Bela Vista",0,177,3810.94,218,3489.59,2025-11,0.5667,0.4792,17,30,265.12,314.62,13,2025-11-03,1.09,0.0,-321.3499999999999,berlinda
BSS0703,Sao_Paulo-Santo_Amaro-apartamento-SUP-1Q,Carteira 4,SP,"São Paulo, SP","São Paulo, SP, Jardim das Acácias",0,428,1295.72,156,2710.22,2025-11,0.1667,0.4081,5,30,289.8,180.04,23,2025-11-03,0.48,0.0,1414.4999999999998,crítico
BVA0601,Sao_Paulo-Republica-apartamento-SUP-1Q,Carteira 4,SP,"São Paulo, SP","São Paulo, SP, Bela Vista",0,410,1065.2,443,2284.22,2025-11,0.2667,0.4426,8,30,208.38,143.23,22,2025-11-03,0.47,0.0,1219.0199999999998,crítico
CAA103,Bombinhas-Centro-apartamento-JR-2Q,Carteira 6,SC,"Bombinhas, SC","Bombinhas, SC, Centro",0,1094,3752.73,29,2102.05,2025-11,0.7667,0.2111,23,30,205.91,173.5,6,2025-11-03,1.79,0.0,-1650.6799999999998,ok
DAC0402,Florianopolis-Estreito-apartamento-SUP-1Q,Carteira 4,SC,"Florianópolis, SC","Florianópolis, SC, Estreito",2,198,2480.83,19,1865.72,2025-11,0.3929,0.2941,11,30,244.45,192.86,14,2025-11-03,1.33,488.9,-615.1099999999999,ok
DON0504,Balneario_Camboriu-Norte-apartamento-SUP-3Q,Carteira 6,SC,"Balneário Camboriú, SC","Balneário Camboriú, SC, Centro",1,108,6395.2,27,6009.07,2025-11,0.7586,0.3773,22,30,349.64,228.75,4,2025-11-03,1.06,349.64,-386.1300000000001,berlinda
ECM0206,Florianopolis-Lagoa-apartamento-SUP-1Q,Carteira 1,SC,"Florianópolis, SC","Florianópolis, SC, Lagoa da Conceição",0,40,2191.6,23,2256.32,2025-11,0.4333,0.4355,13,30,205.69,230.81,16,2025-11-03,0.97,0.0,64.72000000000025,berlinda
EII0304,Maceio-Ponta_Verde-apartamento-SUP-1Q,Carteira 2,AL,"Maceió, AL","Maceió, AL, Ponta Verde",0,96,1257.29,188,3794.7,2025-11,0.2667,0.594,8,30,175.5,175.73,22,2025-11-03,0.33,0.0,2537.41,crítico
FFS0909,Itapema-Meia_Praia-Sul-apartamento-SUP-1Q,Carteira 6,SC,"Itapema, SC","Itapema, SC, Meia Praia",10,2,496.62,13,2800.53,2025-11,0.15,0.4325,3,30,213.83,151.14,14,2025-11-03,0.18,2138.3,2303.9100000000003,crítico
IFT1208,Itapema-Meia_Praia-Norte-apartamento-TOP-1Q,Carteira 6,SC,"Itapema, SC","Itapema, SC, Meia Praia",0,53,1656.3,24,2714.64,2025-11,0.3333,0.2925,10,30,196.3,230.1,20,2025-11-03,0.61,0.0,1058.34,atenção
LGD0205,Florianopolis-Centrao-apartamento-TOP-1Q,Carteira 4,SC,"Florianópolis, SC","Florianópolis, SC, Centro",0,436,1321.42,24,3174.01,2025-11,0.2,0.2825,6,30,270.33,293.45,20,2025-11-03,0.42,0.0,1852.5900000000001,crítico
LIV0512,Salvador-Graca-apartamento-TOP-1Q,Especial,BA,"Salvador, BA","Salvador, BA, Vitória",0,120,1966.46,10,3417.57,2025-11,0.3333,0.3374,10,30,259.1,236.24,17,2025-11-03,0.58,0.0,1451.1100000000001,atenção
NWT1306,Especial-NWT-apartamento-TOP-1Q,Carteira 5,AL,"Maceió, AL","Maceió, AL, Pajuçara",0,303,4511.84,35,4545.08,2025-11,0.5333,0.472,16,30,366.13,328.83,12,2025-11-03,0.99,0.0,33.23999999999978,berlinda
NXO2104,Sao_Paulo-Bela_Vista-apartamento-SUP-1Q,Carteira 4,SP,"São Paulo, SP","São Paulo, SP, Consolação",4,572,1883.06,577,2932.4,2025-11,0.3077,0.4661,8,30,269.25,180.8,15,2025-11-03,0.64,1077.0,1049.3400000000001,atenção
PAR0001,Urubici-Geral-casa-TOP-1Q,Carteira 3,SC,"Urubici, SC","Urubici, SC, Arroio do Engenho",5,729,276.74,82,2335.12,2025-11,0.04,0.1542,1,30,297.0,299.5,24,2025-11-03,0.12,1485.0,2058.38,crítico
PRY0004,Porto_Seguro-Pataxos-apartamento-SUP-2Q,Carteira 2,BA,"Porto Seguro, BA","Porto Seguro, BA, Taperapuã",0,23,3800.79,27,2773.76,2025-11,0.7667,0.3147,23,30,206.0,234.57,7,2025-11-03,1.37,0.0,-1027.0299999999997,ok
PSD206,Florianopolis-Jurere_Tradicional-apartamento-JR-1Q,Carteira 1,SC,"Florianópolis, SC","Florianópolis, SC, Jurerê",8,199,601.17,16,2934.35,2025-11,0.1364,0.4513,3,30,348.33,239.79,19,2025-11-03,0.2,2786.64,2333.18,crítico
PSO0305,Penha-Beto_Carrero-apartamento-SUP-1Q,Carteira 3,SC,"Penha, SC","Penha, SC, Praia de Armação do Itapocoroi",0,89,4790.43,12,1751.85,2025-11,0.9333,0.2595,28,30,224.68,174.5,2,2025-11-03,2.73,0.0,-3038.5800000000004,meta_subestimada
PTZ0166,Ilheus-Boa_Vista-apartamento-JR-2Q,Carteira 2,BA,"Ilhéus, BA","Ilhéus, BA, Conquista",0,297,457.68,32,1664.01,2025-11,0.1333,0.2092,4,30,127.25,129.61,23,2025-11-03,0.28,0.0,1206.33,crítico
SLC0201,Florianopolis-Rio_Vermelho-apartamento-JR-1Q,Carteira 1,SC,"Florianópolis, SC","Florianópolis, SC, Ingleses do Rio Vermelho",0,318,563.92,13,2546.02,2025-11,0.2333,0.4009,7,30,101.71,118.82,22,2025-11-03,0.22,0.0,1982.1,crítico
SMT0713,Salvador-Boca_do_Rio-apartamento-SUP-1Q,Carteira 2,BA,"Salvador, BA","Salvador, BA, Armação",0,274,1538.78,25,2311.47,2025-11,0.3667,0.3833,11,30,166.64,169.31,16,2025-11-03,0.67,0.0,772.6899999999998,atenção
SPJ0304,Especial-SPJ-apartamento-TOP-1Q,Carteira 5,SC,"Florianópolis, SC","Florianópolis, SC, Jurerê",0,515,7279.59,19,5610.79,2025-11,0.7667,0.5559,23,30,362.0,293.71,7,2025-11-03,1.3,0.0,-1668.8000000000002,ok
SPT0104,Blumenau-Central-apartamento-JR-1Q,Carteira 4,SC,"Blumenau, SC","Blumenau, SC, Itoupava Seca",0,591,0.0,26,450.13,2025-11,0.0,0.1337,0,30,0.0,122.41,27,2025-11-03,0.0,0.0,450.13,crítico
SPT0107,Blumenau-Central-apartamento-JR-1Q,Carteira 4,SC,"Blumenau, SC","Blumenau, SC, Itoupava Seca",0,596,0.0,26,450.13,2025-11,0.0,0.1337,0,30,0.0,122.41,27,2025-11-03,0.0,0.0,450.13,crítico
VAC5604,Barra_Velha-Tabuleiro-apartamento-TOP-2Q,Carteira 3,SC,"Barra Velha, SC","Barra Velha, SC, Itajuba",6,170,1058.32,28,2237.99,2025-11,0.1667,0.2155,4,30,276.75,284.68,19,2025-11-03,0.47,1660.5,1179.6699999999998,crítico
ACL0303,Florianopolis-Ingleses_Centro-apartamento-JR-2Q,Carteira 1,SC,"Florianópolis, SC","Florianópolis, SC, Ingleses do Rio Vermelho",0,313,2109.43,17,1846.2,2025-11,0.4333,0.279,13,30,209.77,175.87,15,2025-11-03,1.14,0.0,-263.2299999999998,ok
CEV1206,Balneario_Camboriu-Centro-apartamento-JR-1Q,Carteira 6,SC,"Balneário Camboriú, SC","Balneário Camboriú, SC, Centro",2,54,1748.43,27,1873.51,2025-11,0.5,0.3878,14,30,160.29,143.5,14,2025-11-03,0.93,320.58,125.07999999999993,berlinda
DRL0207,Bombinhas-Centro-apartamento-TOP-2Q,Carteira 6,SC,"Bombinhas, SC","Bombinhas, SC, Centro",9,487,3366.39,27,5247.9,2025-11,0.8095,0.4183,17,30,243.47,281.5,4,2025-11-03,0.64,2191.23,1881.5099999999998,atenção
JMA011,Florianopolis-Jurere_Longe-apartamento-JR-1Q,Carteira 1,SC,"Florianópolis, SC","Florianópolis, SC, Jurerê",0,487,1929.52,31,2028.1,2025-11,0.4667,0.4085,14,30,182.86,181.43,14,2025-11-03,0.95,0.0,98.57999999999993,berlinda
JSR112,Florianopolis-Jurere_Tradicional-apartamento-SUP-1Q,Carteira 1,SC,"Florianópolis, SC","Florianópolis, SC, Jurerê",0,1797,4723.16,15,6963.2,2025-11,0.7,0.5474,21,30,293.86,275.11,9,2025-11-03,0.68,0.0,2240.04,atenção
LIV1712,Salvador-Graca-apartamento-TOP-1Q,Especial,BA,"Salvador, BA","Salvador, BA, Vitória",2,46,919.85,10,3417.57,2025-11,0.1786,0.3374,5,30,223.2,320.0,23,2025-11-03,0.27,446.4,2497.7200000000003,crítico
MHF1902,Itapema-Canto_Praia-apartamento-TOP-2Q,Carteira 5,SC,"Itapema, SC","Itapema, SC, Centro",0,480,3908.17,10,2423.39,2025-11,0.4333,0.2478,13,30,340.4,321.13,15,2025-11-03,1.61,0.0,-1484.7800000000002,ok
MMD0405,Ilheus-Sul-apartamento-TOP-1Q,Carteira 2,BA,"Ilhéus, BA","Ilhéus, BA, São Francisco",14,152,2540.8,31,1557.2,2025-11,0.9375,0.2367,15,30,203.67,188.0,1,2025-11-03,1.63,2851.3799999999997,-983.6000000000001,ok
NWT0619,Especial-NWT-apartamento-TOP-1Q,Carteira 5,AL,"Maceió, AL","Maceió, AL, Pajuçara",0,215,4095.96,35,4545.08,2025-11,0.5667,0.472,17,30,317.59,339.08,12,2025-11-03,0.9,0.0,449.1199999999999,berlinda
NWTB0607,Especial-NWT-apartamento-MASTER-1Q,Carteira 5,AL,"Maceió, AL","Maceió, AL, Pajuçara",0,206,1587.88,26,5361.2,2025-11,0.1333,0.5855,4,30,461.25,424.38,24,2025-11-03,0.3,0.0,3773.3199999999997,crítico
PSD202,Florianopolis-Jurere_Tradicional-apartamento-JR-1Q,Carteira 1,SC,"Florianópolis, SC","Florianópolis, SC, Jurerê",0,1990,1379.3,16,2934.35,2025-11,0.2,0.4513,6,30,310.17,220.68,22,2025-11-03,0.47,0.0,1555.05,crítico
RJI022,Ubatuba-Itagua-apartamento-JR-2Q,Carteira 4,SP,"Ubatuba, SP","Ubatuba, SP, Itaguá",0,754,1303.32,136,2335.8,2025-11,0.2,0.3207,6,30,250.33,254.88,24,2025-11-03,0.56,0.0,1032.4800000000002,atenção
SAA0817,Salvador-Pituba_Praia-apartamento-TOP-1Q,Carteira 5,BA,"Salvador, BA","Salvador, BA, Amaralina",1,3,0.0,14,1383.96,2025-11,0.0,0.3778,0,30,0.0,188.3,27,2025-11-03,0.0,0.0,1383.96,crítico
SHR5231,Florianopolis-Novo_Campeche-apartamento-TOP-3Q,Carteira 1,SC,"Florianópolis, SC","Florianópolis, SC, Campeche",8,109,8279.83,14,5521.25,2025-11,0.8636,0.3364,19,30,551.84,477.0,3,2025-11-03,1.5,4414.72,-2758.58,ok
SPT0507,Blumenau-Central-apartamento-JR-1Q,Carteira 4,SC,"Blumenau, SC","Blumenau, SC, Itoupava Seca",0,501,0.0,26,450.13,2025-11,0.0,0.1337,0,30,0.0,122.41,27,2025-11-03,0.0,0.0,450.13,crítico
CAT406,Florianopolis-Centrao-apartamento-JR-1Q,Carteira 4,SC,"Florianópolis, SC","Florianópolis, SC, Centro",0,1520,2316.68,67,2150.88,2025-11,0.4,0.3865,12,30,242.33,183.28,18,2025-11-03,1.08,0.0,-165.79999999999973,berlinda
CBA0902,Itapema-Praia_Itapema-apartamento-SUP-2Q,Carteira 6,SC,"Itapema, SC","Itapema, SC, Morretes",1,204,0.0,12,2670.35,2025-11,0.0,0.3639,0,30,0.0,370.0,27,2025-11-03,0.0,0.0,2670.35,crítico
DPR0003,Balneario_Camboriu-Sul-apartamento-JR-1Q,Carteira 6,SC,"Balneário Camboriú, SC","Balneário Camboriú, SC, Barra",0,255,1584.78,28,1817.54,2025-11,0.5,0.3751,15,30,118.07,124.87,15,2025-11-03,0.87,0.0,232.76,berlinda
EAC1303,Balneario_Camboriu-Centro-apartamento-JR-2Q,Carteira 6,SC,"Balneário Camboriú, SC","Balneário Camboriú, SC, Centro",0,733,4174.73,38,2659.86,2025-11,0.7333,0.3074,22,30,233.91,147.83,6,2025-11-03,1.57,0.0,-1514.8699999999994,ok
ECH113,Florianopolis-Centrao-apartamento-TOP-1Q,Carteira 4,SC,"Florianópolis, SC","Florianópolis, SC, Centro",0,638,3465.12,24,3174.01,2025-11,0.5333,0.2825,16,30,340.44,278.64,14,2025-11-03,1.09,0.0,-291.1099999999997,berlinda
EHI0401,Itajai-Praia_Brava-apartamento-MASTER-2Q,Carteira 6,SC,"Itajaí, SC","Itajaí, SC, Praia Brava",4,317,4186.74,12,5430.95,2025-11,0.3846,0.3801,10,30,502.6,320.31,16,2025-11-03,0.77,2010.4,1244.21,atenção
HMO0410,Sao_Paulo-Butanta-apartamento-SUP-1Q,Carteira 4,SP,"São Paulo, SP","São Paulo, SP, Butantã",0,428,3051.31,30,2598.01,2025-11,0.4667,0.4699,14,30,246.94,212.09,11,2025-11-03,1.17,0.0,-453.2999999999997,ok
LIB203,Florianopolis-Ingleses_Praia-apartamento-JR-2Q,Carteira 1,SC,"Florianópolis, SC","Florianópolis, SC, Ingleses do Rio Vermelho",0,1789,3726.04,27,2783.49,2025-11,0.7,0.2962,21,30,260.05,195.17,6,2025-11-03,1.34,0.0,-942.5500000000002,ok
LTL0301,Itapema-Praia_Itapema-apartamento-TOP-2Q,Carteira 6,SC,"Itapema, SC","Itapema, SC, Morretes",0,164,1784.88,11,2316.34,2025-11,0.4,0.1898,12,30,187.42,242.81,16,2025-11-03,0.77,0.0,531.46,atenção
MBCA0407,Goiania-Leste-apartamento-SUP-1Q,Carteira 1_sys-price,GO,"Goiânia, GO","Goiânia, GO, Jardim Goiás",0,747,1362.74,57,1049.75,2025-11,0.1333,0.2168,4,30,162.5,165.47,19,2025-11-03,1.3,0.0,-312.99,ok
MHFA0903,Itapema-Canto_Praia-apartamento-SUP-1Q,Carteira 5,SC,"Itapema, SC","Itapema, SC, Centro",0,360,2507.74,9,2579.11,2025-11,0.5,0.2266,15,30,186.13,178.36,14,2025-11-03,0.97,0.0,71.37000000000035,berlinda
NLV0506,Curitiba-Centro-apartamento-SUP-2Q,Carteira 4,PR,"Curitiba, PR","Curitiba, PR, Centro",0,226,2656.6,28,3316.84,2025-11,0.3667,0.4702,11,30,283.73,254.21,19,2025-11-03,0.8,0.0,660.2400000000002,berlinda
NVI501,Balneario_Camboriu-Sul-apartamento-SUP-2Q,Carteira 6,SC,"Balneário Camboriú, SC","Balneário Camboriú, SC, Barra Sul",3,912,6929.52,72,3923.17,2025-11,0.963,0.3444,26,30,355.23,345.0,1,2025-11-03,1.77,1065.69,-3006.3500000000004,ok
NWT0711,Especial-NWT-apartamento-TOP-1Q,Carteira 5,AL,"Maceió, AL","Maceió, AL, Pajuçara",0,185,3245.41,35,4545.08,2025-11,0.3667,0.472,11,30,305.82,286.38,16,2025-11-03,0.71,0.0,1299.67,atenção
NWTB0609,Especial-NWT-apartamento-MASTER-1Q,Carteira 5,AL,"Maceió, AL","Maceió, AL, Pajuçara",0,208,6049.94,26,5361.2,2025-11,0.5,0.5855,15,30,467.13,453.67,15,2025-11-03,1.13,0.0,-688.7399999999998,ok
OKA124,Florianopolis-Campeche-apartamento-SUP-1Q,Carteira 1,SC,"Florianópolis, SC","Florianópolis, SC, Campeche",0,317,2683.34,22,1969.86,2025-11,0.4333,0.3561,13,30,266.54,278.13,15,2025-11-03,1.36,0.0,-713.4800000000002,ok
ORN0101,Florianopolis-Ingleses_Norte-apartamento-JR-2Q,Carteira 1,SC,"Florianópolis, SC","Florianópolis, SC, Ingleses do Rio Vermelho",3,354,1896.7,24,3195.68,2025-11,0.4074,0.3196,11,30,206.45,210.33,15,2025-11-03,0.59,619.3499999999999,1298.9799999999998,atenção
PDP904,Porto_Belo-Geral-apartamento-TOP-3Q,Carteira 6,SC,"Porto Belo, SC","Porto Belo, SC, Perequê",6,236,1927.02,11,3557.72,2025-11,0.25,0.2217,6,30,374.5,357.13,16,2025-11-03,0.54,2247.0,1630.6999999999998,atenção
SDR005,Florianopolis-Lagoa-apartamento-SUP-1Q,Carteira 1,SC,"Florianópolis, SC","Florianópolis, SC, Lagoa da Conceição",0,1569,2324.56,23,2256.32,2025-11,0.5333,0.4355,16,30,169.06,207.79,14,2025-11-03,1.03,0.0,-68.23999999999978,berlinda
SHC0905,Balneario_Picarras-Geral-apartamento-TOP-3Q,Carteira 6,SC,"Balneário Piçarras, SC","Balneário Piçarras, SC, Itacolomi",3,296,4299.81,16,2316.58,2025-11,0.6296,0.2184,17,30,354.88,247.75,8,2025-11-03,1.86,1064.6399999999999,-1983.2300000000005,ok
SHR103,Florianopolis-Novo_Campeche-apartamento-TOP-1Q,Carteira 1,SC,"Florianópolis, SC","Florianópolis, SC, Campeche",1,961,5973.22,45,3953.83,2025-11,0.6552,0.4453,19,30,417.53,323.8,10,2025-11-03,1.51,417.53,-2019.3900000000003,ok
TCR0913,Aguas_Claras-Geral-apartamento-JR-1Q,Carteira 1,DF,"Brasília, DF","Brasília, DF, Taguatinga Sul",0,67,539.12,77,1568.67,2025-11,0.1333,0.4094,4,30,182.5,179.35,23,2025-11-03,0.34,0.0,1029.5500000000002,crítico
ZNB1401,Salvador-Barra-apartamento-SUP-1Q,Carteira 2,BA,"Salvador, BA","Salvador, BA, Barra",0,1,0.0,195,2712.93,2025-11,0.0,0.4447,0,30,0.0,190.93,27,2025-11-03,0.0,0.0,2712.93,crítico
ALI024,Florianopolis-Cachoeira_Bom_Jesus-casa-SUP-4Q,Carteira 1,SC,"Florianópolis, SC","Florianópolis, SC, Cachoeira do Bom Jesus",5,739,8677.98,7,8125.34,2025-11,0.48,0.2838,12,30,953.42,501.2,10,2025-11-03,1.07,4767.099999999999,-552.6399999999994,berlinda
ATP0001,Porto_Seguro-Pitinga-casa-SUP-4Q,Carteira 2,BA,"Porto Seguro, BA","Porto Seguro, BA, Arraial D ajuda",0,207,0.0,10,3094.67,2025-11,0.0,0.1947,0,30,0.0,479.3,27,2025-11-03,0.0,0.0,3094.67,crítico
BSO0101,Itajai-Praia_Brava-apartamento-SUP-1Q,Carteira 6,SC,"Balneário Camboriú, SC","Balneário Camboriú, SC, Praia dos Amores",0,57,1728.09,50,2244.64,2025-11,0.4,0.3503,12,30,184.42,143.28,18,2025-11-03,0.77,0.0,516.55,atenção
CAS014,Florianopolis-Estreito-apartamento-JR-2Q,Carteira 4,SC,"Florianópolis, SC","Florianópolis, SC, Coqueiros",0,563,1457.25,12,1879.83,2025-11,0.2333,0.2384,7,30,253.43,206.77,22,2025-11-03,0.78,0.0,422.5799999999999,atenção
CCU203,Florianopolis-Praia_Brava-apartamento-JR-2Q,Carteira 1,SC,"Florianópolis, SC","Florianópolis, SC, Praia Brava",1,1192,1648.15,12,1445.28,2025-11,0.2414,0.1916,7,30,318.57,238.22,18,2025-11-03,1.14,318.57,-202.87000000000012,ok
DOV108,Florianopolis-Ingleses_Norte-apartamento-SUP-2Q,Carteira 1,SC,"Florianópolis, SC","Florianópolis, SC, Ingleses",0,845,3154.8,46,3271.44,2025-11,0.5,0.244,15,30,272.93,236.8,15,2025-11-03,0.96,0.0,116.63999999999987,berlinda
ECF0306,Cabo_Frio-Centro-apartamento-JR-2Q,Carteira 4,RJ,"Cabo Frio, RJ","Cabo Frio, RJ, Centro",0,417,0.0,140,2619.66,2025-11,0.0,0.3084,0,30,0.0,245.33,27,2025-11-03,0.0,0.0,2619.66,crítico
EIO6031,Itapema-Meia_Praia-Norte-apartamento-JR-3Q,Carteira 6,SC,"Itapema, SC","Itapema, SC, Meia Praia",4,759,1773.4,13,2102.22,2025-11,0.3077,0.2755,8,30,266.63,196.27,15,2025-11-03,0.84,1066.52,328.8199999999997,berlinda
LIV1704,Salvador-Graca-apartamento-SUP-1Q,Especial,BA,"Salvador, BA","Salvador, BA, Vitória",0,121,3798.16,36,2379.95,2025-11,0.6667,0.3983,20,30,270.85,196.9,10,2025-11-03,1.6,0.0,-1418.21,ok
MHE213,Florianopolis-Cachoeira_Bom_Jesus-apartamento-MASTER-2Q,Carteira 1,SC,"Florianópolis, SC","Florianópolis, SC, Cachoeira do Bom Jesus",4,617,2640.25,11,7630.28,2025-11,0.1923,0.453,5,30,655.6,534.84,19,2025-11-03,0.35,2622.4,4990.03,crítico
MHFB0506,Itapema-Canto_Praia-apartamento-SUP-1Q,Carteira 5,SC,"Itapema, SC","Itapema, SC, Centro",0,457,2830.91,9,2579.11,2025-11,0.6,0.2266,18,30,176.67,192.75,12,2025-11-03,1.1,0.0,-251.79999999999973,berlinda
NBL0910,Porto_Alegre-Jardim_Botanico-apartamento-SUP-1Q,Carteira 4,RS,"Porto Alegre, RS","Porto Alegre, RS, Santa Cecília",0,702,1072.22,44,1124.1,2025-11,0.2667,0.2505,8,30,150.18,166.94,18,2025-11-03,0.95,0.0,51.87999999999988,berlinda
NWT0605,Especial-NWT-apartamento-TOP-1Q,Carteira 5,AL,"Maceió, AL","Maceió, AL, Pajuçara",0,215,5031.99,35,4545.08,2025-11,0.7,0.472,21,30,299.1,297.22,9,2025-11-03,1.11,0.0,-486.90999999999985,ok
ONJ2612,Sao_Paulo-Moema-apartamento-TOP-1Q,Carteira 4,SP,"São Paulo, SP","São Paulo, SP, Indianópolis",1,273,2939.14,102,3578.07,2025-11,0.3793,0.4408,11,30,320.45,246.31,16,2025-11-03,0.82,320.45,638.9300000000003,berlinda
PAN0301,Salvador-Barra-apartamento-SUP-2Q,Carteira 2,BA,"Salvador, BA","Salvador, BA, Barra",5,414,3870.99,27,3669.15,2025-11,0.72,0.4634,18,30,274.33,292.0,7,2025-11-03,1.06,1371.6499999999999,-201.8399999999997,berlinda
PSJ0304,Florianopolis-Jurere_Tradicional-apartamento-SUP-2Q,Carteira 1,SC,"Florianópolis, SC","Florianópolis, SC, Jurerê",3,316,4998.61,27,6624.43,2025-11,0.6296,0.5017,17,30,383.41,304.0,8,2025-11-03,0.75,1150.23,1625.8200000000006,atenção
RSU3842,Penha-Longe-apartamento-SUP-3Q,Carteira 6,SC,"Penha, SC","Penha, SC, Gravatá",0,303,3278.85,16,3480.26,2025-11,0.5,0.2421,15,30,290.53,214.25,12,2025-11-03,0.94,0.0,201.4100000000003,berlinda
SJS0001,Florianopolis-Ingleses_Centro-apartamento-JR-1Q,Carteira 1,SC,"Florianópolis, SC","Florianópolis, SC, Ingleses do Rio Vermelho",0,373,2014.25,12,2557.7,2025-11,0.6333,0.4207,19,30,136.53,192.45,11,2025-11-03,0.79,0.0,543.4499999999998,atenção
SLC0103,Florianopolis-Rio_Vermelho-apartamento-JR-1Q,Carteira 1,SC,"Florianópolis, SC","Florianópolis, SC, Ingleses do Rio Vermelho",0,285,1102.45,13,2546.02,2025-11,0.5667,0.4009,17,30,122.47,133.23,13,2025-11-03,0.43,0.0,1443.57,crítico
TCO0709,Porto_Alegre-Centro_Historico-apartamento-SUP-1Q,Carteira 4,RS,"Porto Alegre, RS","Porto Alegre, RS, Centro Histórico",0,274,1181.3,65,1297.34,2025-11,0.3333,0.2842,10,30,131.9,133.33,18,2025-11-03,0.91,0.0,116.03999999999996,berlinda
TCO0811,Porto_Alegre-Centro_Historico-apartamento-SUP-1Q,Carteira 4,RS,"Porto Alegre, RS","Porto Alegre, RS, Centro Histórico",0,499,1292.75,65,1297.34,2025-11,0.4333,0.2842,13,30,124.77,132.67,15,2025-11-03,1.0,0.0,4.589999999999918,berlinda
TRS0006,Penha-Beto_Carrero-casa-SUP-1Q,Carteira 3,SC,"Penha, SC","Penha, SC, Armação",0,164,435.44,22,1771.32,2025-11,0.1333,0.3843,4,30,133.25,138.16,25,2025-11-03,0.25,0.0,1335.8799999999999,crítico
TVT1009,Florianopolis-Centrao-apartamento-MASTER-1Q,Carteira 4,SC,"Florianópolis, SC","Florianópolis, SC, Centro",0,589,3566.32,26,4986.45,2025-11,0.4,0.3621,12,30,404.42,339.47,17,2025-11-03,0.72,0.0,1420.1299999999997,atenção
TXP1803,Goiania-Central-apartamento-SUP-1Q,Carteira 1_sys-price,GO,"Goiânia, GO","Goiânia, GO, Setor Bueno",0,471,533.9,127,604.39,2025-11,0.1333,0.1935,4,30,154.5,146.72,25,2025-11-03,0.88,0.0,70.49000000000001,berlinda
VIL0003,Penha-Longe-apartamento-JR-1Q,Carteira 6,SC,"Penha, SC","Penha, SC, Santa Lidia",0,38,714.24,14,1164.49,2025-11,0.2667,0.2905,8,30,108.13,112.62,21,2025-11-03,0.61,0.0,450.25,atenção
ATP0005,Porto_Seguro-Pitinga-casa-SUP-4Q,Carteira 2,BA,"Porto Seguro, BA","Porto Seguro, BA, Arraial D ajuda",0,3,0.0,10,3094.67,2025-11,0.0,0.1947,0,30,0.0,479.3,27,2025-11-03,0.0,0.0,3094.67,crítico
CCI003,Florianopolis-Ingleses_Norte-apartamento-TOP-2Q,Carteira 1,SC,"Florianópolis, SC","Florianópolis, SC, Ingleses do Rio Vermelho",0,1041,5149.77,17,3036.54,2025-11,0.6333,0.3235,19,30,365.58,284.73,11,2025-11-03,1.7,0.0,-2113.2300000000005,ok
CMC101,Florianopolis-Ingleses_Norte-apartamento-JR-2Q,Carteira 1,SC,"Florianópolis, SC","Florianópolis, SC, Ingleses do Rio Vermelho",0,1046,2649.46,24,3195.68,2025-11,0.5,0.3196,15,30,220.93,222.92,12,2025-11-03,0.83,0.0,546.2199999999998,berlinda
CPM1110,Sao_Paulo-Pinheiros-apartamento-SUP-1Q,Carteira 4,SP,"São Paulo, SP","São Paulo, SP, Pinheiros",3,103,2324.48,410,3394.21,2025-11,0.4074,0.4927,11,30,255.55,227.71,14,2025-11-03,0.68,766.6500000000001,1069.73,atenção
CRN0705,Sao_Paulo-Bela_Vista-apartamento-TOP-1Q,Carteira 4,SP,"São Paulo, SP","São Paulo, SP, Cerqueira César",0,246,7968.73,218,3489.59,2025-11,0.7667,0.4792,23,30,404.57,273.5,6,2025-11-03,2.28,0.0,-4479.139999999999,meta_subestimada
DBH0807,Guarapari-Praia_do_Morro-apartamento-JR-2Q,Carteira 4,ES,"Guarapari, ES","Guarapari, ES, Praia do Morro",0,68,605.22,73,1621.38,2025-11,0.2,0.2907,6,30,145.67,158.42,24,2025-11-03,0.37,0.0,1016.1600000000001,crítico
EAC403,Balneario_Camboriu-Centro-apartamento-JR-1Q,Carteira 6,SC,"Balneário Camboriú, SC","Balneário Camboriú, SC, Centro",2,733,2220.37,27,1873.51,2025-11,0.5357,0.3878,15,30,183.2,144.69,13,2025-11-03,1.19,366.4,-346.8599999999999,ok
EAZ305,Florianopolis-Itacorubi-apartamento-SUP-2Q,Carteira 4,SC,"Florianópolis, SC","Florianópolis, SC, João Paulo",2,597,4245.43,15,2102.22,2025-11,0.6071,0.3889,17,30,306.41,350.0,11,2025-11-03,2.02,612.82,-2143.2100000000005,meta_subestimada
EMP2201,Florianopolis-Canasvieiras_Perto-apartamento-SUP-2Q,Carteira 1,SC,"Florianópolis, SC","Florianópolis, SC, Canasvieiras",0,834,6428.13,21,5296.91,2025-11,0.6667,0.4581,20,30,423.35,291.78,9,2025-11-03,1.21,0.0,-1131.2200000000003,ok
HPN0618,Porto_Alegre-Cidade_Baixa-apartamento-JR-1Q,Carteira 4,RS,"Porto Alegre, RS","Porto Alegre, RS, Farroupilha",0,57,255.48,36,1163.03,2025-11,0.1,0.3261,3,30,117.0,130.54,24,2025-11-03,0.22,0.0,907.55,crítico
IAA0504,Recife-Boa_Viagem-apartamento-TOP-1Q,Carteira 2,PE,"Recife, PE","Recife, PE, Boa Viagem",0,598,3914.7,41,3221.46,2025-11,0.6667,0.3848,20,30,235.75,242.3,10,2025-11-03,1.22,0.0,-693.2399999999998,ok
IAP0403,Florianopolis-Ingleses_Praia-apartamento-SUP-1Q,Carteira 1,SC,"Florianópolis, SC","Florianópolis, SC, Ingleses sul",9,382,2855.14,34,3392.97,2025-11,0.7143,0.4251,15,30,246.87,213.5,6,2025-11-03,0.84,2221.83,537.8299999999999,berlinda
IDA105,Florianopolis-Ingleses_Norte-apartamento-SUP-1Q,Carteira 1,SC,"Florianópolis, SC","Florianópolis, SC, Ingleses",0,876,3561.06,49,2235.56,2025-11,0.6333,0.387,19,30,251.0,228.36,11,2025-11-03,1.59,0.0,-1325.5,ok
ILC3308,Especial-ILC-hotel-TOP-1Q,Especial,SC,"Florianópolis, SC","Florianópolis, SC, Jurerê Internacional",3,1038,5790.74,28,10075.49,2025-11,0.3333,0.5987,9,30,811.11,604.56,16,2025-11-03,0.57,2433.33,4284.75,atenção
IML0107,Bombinhas-Mariscal-apartamento-TOP-2Q,Carteira 6,SC,"Bombinhas, SC","Bombinhas, SC, Mariscal",0,487,6147.93,16,2261.32,2025-11,0.8667,0.2273,26,30,294.31,217.5,4,2025-11-03,2.72,0.0,-3886.61,meta_subestimada
IPTR0171,Balneario_Camboriu-Centro-apartamento-JR-2Q,Carteira 6,SC,"Balneário Camboriú, SC","Balneário Camboriú, SC, Centro",1,286,3518.67,38,2659.86,2025-11,0.6552,0.3074,19,30,224.44,168.5,4,2025-11-03,1.32,224.44,-858.81,ok
ITFA039,Mata_de_Sao_Joao-Praia_Imbassai-apartamento-SUP-2Q,Carteira 2,BA,"Mata de São João, BA","Mata de São João, BA, Açu da Torre",0,516,3284.11,11,3620.49,2025-11,0.5667,0.316,17,30,240.94,236.54,13,2025-11-03,0.91,0.0,336.37999999999965,berlinda
MCD002,Campos_do_Jordao-Capivari_Centro-casa-SUP-3Q,Carteira 4,SP,"Campos do Jordão, SP","Campos do Jordão, SP, V Dubieux",0,542,0.0,7,3893.0,2025-11,0.0,0.0905,0,30,0.0,402.33,21,2025-11-03,0.0,0.0,3893.0,crítico
MHF2109,Itapema-Canto_Praia-apartamento-TOP-2Q,Carteira 5,SC,"Itapema, SC","Itapema, SC, Centro",0,498,3915.73,10,2423.39,2025-11,0.5667,0.2478,17,30,287.76,311.08,13,2025-11-03,1.62,0.0,-1492.3400000000001,ok
MOL0502,Sao_Paulo-Liberdade-apartamento-SUP-1Q,Carteira 4,SP,"São Paulo, SP","São Paulo, SP, Liberdade",0,439,1430.76,67,2569.55,2025-11,0.2333,0.4535,7,30,243.57,216.13,23,2025-11-03,0.56,0.0,1138.7900000000002,atenção
MVC0098,Florianopolis-Cachoeira_Bom_Jesus-apartamento-SUP-3Q,Carteira 1,SC,"Florianópolis, SC","Florianópolis, SC, Ponta das Canas",2,9,1041.0,26,4356.14,2025-11,0.1429,0.3179,4,30,339.75,332.52,21,2025-11-03,0.24,679.5,3315.1400000000003,crítico
NOA0704,Sao_Paulo-Santo_Amaro-apartamento-SUP-1Q,Carteira 4,SP,"São Paulo, SP","São Paulo, SP, Santo Amaro",0,400,1125.96,156,2710.22,2025-11,0.1333,0.4081,4,30,352.0,180.04,23,2025-11-03,0.42,0.0,1584.2599999999998,crítico
OBP0301,Penha-Beto_Carrero-apartamento-MASTER-2Q,Carteira 3,SC,"Penha, SC","Penha, SC, Armação",0,401,4765.01,23,3350.41,2025-11,0.5667,0.2503,17,30,327.24,384.63,8,2025-11-03,1.42,0.0,-1414.6000000000004,ok
PSO0906,Penha-Beto_Carrero-apartamento-SUP-1Q,Carteira 3,SC,"Penha, SC","Penha, SC, Praia de Armação do Itapocoroi",0,101,1236.45,12,1751.85,2025-11,0.2333,0.2595,7,30,210.86,178.75,20,2025-11-03,0.71,0.0,515.3999999999999,atenção
PSOA0707,Penha-Beto_Carrero-apartamento-SUP-1Q,Carteira 3,SC,"Penha, SC","Penha, SC, Armação",0,136,1283.14,12,1751.85,2025-11,0.1667,0.2595,5,30,194.22,188.39,18,2025-11-03,0.73,0.0,468.7099999999998,atenção
QTIB0301,Florianopolis-Ingleses_Norte-apartamento-JR-2Q,Carteira 1,SC,"Florianópolis, SC","Florianópolis, SC, Ingleses do Rio Vermelho",0,113,1772.97,24,3195.68,2025-11,0.3667,0.3196,11,30,219.36,208.81,16,2025-11-03,0.55,0.0,1422.7099999999998,atenção
REL0002,Imbituba-Praia_do_Rosa-casa-JR-1Q,Carteira 6,SC,"Imbituba, SC","Imbituba, SC, Ibiraquera",10,4,0.0,41,1542.11,2025-11,0.0,0.2517,0,30,0.0,380.0,20,2025-11-03,0.0,0.0,1542.11,crítico
RLN0104,Gramado-Geral-apartamento-JR-2Q,Carteira 4,RS,"Gramado, RS","Gramado, RS, Ipê Amarelo",7,304,3720.51,44,3981.28,2025-11,0.6957,0.4212,16,30,317.81,397.57,7,2025-11-03,0.93,2224.67,260.77,berlinda
SDR006,Florianopolis-Lagoa-apartamento-SUP-1Q,Carteira 1,SC,"Florianópolis, SC","Florianópolis, SC, Lagoa da Conceição",0,1569,1894.23,23,2256.32,2025-11,0.4,0.4355,12,30,175.92,191.63,16,2025-11-03,0.84,0.0,362.09000000000015,berlinda
SKL1003,Penha-Praia-apartamento-SUP-2Q,Carteira 6,SC,"Penha, SC","Penha, SC, Armação",0,37,3859.68,48,3553.4,2025-11,0.6667,0.3831,20,30,297.0,189.0,7,2025-11-03,1.09,0.0,-306.27999999999975,berlinda
TVT1008,Florianopolis-Centrao-apartamento-MASTER-1Q,Carteira 4,SC,"Florianópolis, SC","Florianópolis, SC, Centro",0,589,4373.95,26,4986.45,2025-11,0.4333,0.3621,13,30,400.0,344.29,17,2025-11-03,0.88,0.0,612.5,berlinda
TXP1405,Goiania-Central-apartamento-SUP-1Q,Carteira 1_sys-price,GO,"Goiânia, GO","Goiânia, GO, Setor Bueno",0,747,1576.24,127,604.39,2025-11,0.4333,0.1935,13,30,154.15,152.71,17,2025-11-03,2.61,0.0,-971.85,meta_subestimada
ACG302,Florianopolis-Canasvieiras_Perto-apartamento-JR-1Q,Carteira 1,SC,"Florianópolis, SC","Florianópolis, SC, Canasvieiras",0,612,1173.61,42,1971.66,2025-11,0.2333,0.3351,7,30,188.1,177.8,20,2025-11-03,0.6,0.0,798.0500000000002,atenção
ADE0003,Salvador-Barra-apartamento-JR-1Q,Carteira 2,BA,"Salvador, BA","Salvador, BA, Chame-Chame",0,144,1161.72,116,2434.58,2025-11,0.3,0.4937,9,30,203.33,148.57,21,2025-11-03,0.48,0.0,1272.86,crítico
APC0207,Florianopolis-Itacorubi-apartamento-TOP-1Q,Carteira 4,SC,"Florianópolis, SC","Florianópolis, SC, Itacorubi",0,219,2287.36,22,2180.08,2025-11,0.2667,0.4104,8,30,345.0,335.21,19,2025-11-03,1.05,0.0,-107.2800000000002,berlinda
CCA201,Florianopolis-Canajure-apartamento-SUP-3Q,Carteira 1,SC,"Florianópolis, SC","Florianópolis, SC, Canasvieiras",6,1988,5816.92,14,4138.54,2025-11,0.75,0.3628,18,30,543.61,351.33,6,2025-11-03,1.41,3261.66,-1678.38,ok
CCB103,Florianopolis-Jurere_Internacional-apartamento-SUP-3Q,Carteira 1,SC,"Florianópolis, SC","Florianópolis, SC, Jurerê Internacional",0,1451,5546.82,25,8489.8,2025-11,0.4667,0.4343,14,30,466.71,409.21,14,2025-11-03,0.65,0.0,2942.9799999999996,atenção
ETPA1103,Porto_Belo-Geral-apartamento-SUP-2Q,Carteira 6,SC,"Porto Belo, SC","Porto Belo, SC, centro",0,246,990.32,23,3094.93,2025-11,0.2667,0.2277,8,30,145.13,177.82,22,2025-11-03,0.32,0.0,2104.6099999999997,crítico
GBA1104,Sao_Paulo-Campo_Belo-apartamento-SUP-1Q,Carteira 4_sys-price,SP,"São Paulo, SP","São Paulo, SP, Campo Belo",0,173,990.64,62,2487.43,2025-11,0.1667,0.4764,5,30,193.82,156.06,17,2025-11-03,0.4,0.0,1496.79,crítico
HMA0305,Sao_Paulo-Mariana-apartamento-SUP-1Q,Carteira 4,SP,"São Paulo, SP","São Paulo, SP, Centro",0,436,2822.1,169,2292.45,2025-11,0.6,0.3968,18,30,203.89,173.83,12,2025-11-03,1.23,0.0,-529.6500000000001,ok
ILC3401,Especial-ILC-hotel-TOP-1Q,Especial,SC,"Florianópolis, SC","Florianópolis, SC, Jurerê Internacional",12,1346,3279.84,28,10075.49,2025-11,0.2778,0.5987,5,30,753.6,481.75,12,2025-11-03,0.33,9043.2,6795.65,crítico
ILC3503,Especial-ILC-hotel-TOP-1Q,Especial,SC,"Florianópolis, SC","Florianópolis, SC, Jurerê Internacional",0,808,11444.88,28,10075.49,2025-11,0.5667,0.5987,17,30,865.35,587.0,12,2025-11-03,1.14,0.0,-1369.3899999999994,ok
MUT0047,Santa_Cruz_Cabralia-Coroa_Vermelha-apartamento-TOP-2Q,Carteira 2,BA,"Santa Cruz Cabrália, BA","Santa Cruz Cabrália, BA, Coroa Vermelha",0,249,4850.86,19,3440.8,2025-11,0.7333,0.2584,22,30,306.36,255.83,6,2025-11-03,1.41,0.0,-1410.0599999999995,ok
NWT0611,Especial-NWT-apartamento-TOP-1Q,Carteira 5,AL,"Maceió, AL","Maceió, AL, Pajuçara",0,215,4773.63,35,4545.08,2025-11,0.6667,0.472,20,30,286.85,327.8,10,2025-11-03,1.05,0.0,-228.55000000000018,berlinda
NXO0404,Sao_Paulo-Bela_Vista-apartamento-SUP-1Q,Carteira 4,SP,"São Paulo, SP","São Paulo, SP, Consolação",0,229,3484.03,577,2932.4,2025-11,0.6667,0.4661,20,30,207.9,191.67,9,2025-11-03,1.19,0.0,-551.6300000000001,ok
OKA110,Florianopolis-Campeche-apartamento-SUP-1Q,Carteira 1,SC,"Florianópolis, SC","Florianópolis, SC, Campeche",0,1053,1107.2,22,1969.86,2025-11,0.1667,0.3561,5,30,329.8,229.63,24,2025-11-03,0.56,0.0,862.6599999999999,atenção
PDM0208,Sao_Paulo-Madalena-apartamento-TOP-1Q,Carteira 4,SP,"São Paulo, SP","São Paulo, SP, Vila Madalena",1,137,4360.13,26,3470.61,2025-11,0.6897,0.4015,20,30,266.55,246.11,9,2025-11-03,1.26,266.55,-889.52,ok
PMC0400,Camboriu-Tabuleiro-casa-JR-3Q,Carteira 6,SC,"Camboriú, SC","Balneário Camboriú, SC, Nova Esperança",2,113,4001.17,7,2401.98,2025-11,0.5714,0.3116,16,30,417.81,290.42,12,2025-11-03,1.67,835.62,-1599.19,ok
PRN0001,Imbituba-Praia_do_Rosa-apartamento-SIM-1Q,Carteira 6,SC,"Imbituba, SC","Imbituba, SC, Ibiraquera",0,176,1108.34,11,720.2,2025-11,0.3,0.2231,9,30,156.11,99.63,19,2025-11-03,1.54,0.0,-388.1399999999999,ok
PSO0709,Penha-Beto_Carrero-apartamento-SUP-1Q,Carteira 3,SC,"Penha, SC","Penha, SC, Praia de Armação do Itapocoroi",0,120,3769.79,12,1751.85,2025-11,0.7,0.2595,21,30,214.52,202.71,7,2025-11-03,2.15,0.0,-2017.94,meta_subestimada
RBN1104,Goiania-Sul-apartamento-SUP-2Q,Carteira 1_sys-price,GO,"Goiânia, GO","Goiânia, GO, Setor Bueno",1,536,2687.05,20,1609.03,2025-11,0.4138,0.2468,12,30,232.58,230.65,17,2025-11-03,1.67,232.58,-1078.0200000000002,ok
RFMB0011,Santa_Cruz_Cabralia-Coroa_Vermelha-apartamento-JR-2Q,Carteira 2,BA,"Porto Seguro, BA","Santa Cruz Cabrália, BA, Coroa Vermelha",0,325,0.0,13,1226.3,2025-11,0.0,0.1397,0,30,0.0,155.11,27,2025-11-03,0.0,0.0,1226.3,crítico
RSC0102,Florianopolis-Cachoeira_Bom_Jesus-apartamento-TOP-1Q,Carteira 1,SC,"Florianópolis, SC","Florianópolis, SC, Cachoeira do Bom Jesus",0,365,1155.44,20,2740.23,2025-11,0.2333,0.2949,7,30,202.71,191.91,23,2025-11-03,0.42,0.0,1584.79,crítico
TCR0113,Aguas_Claras-Geral-apartamento-JR-1Q,Carteira 1,DF,"Brasília, DF","Brasília, DF, Taguatinga Sul",9,444,853.0,77,1568.67,2025-11,0.2857,0.4094,6,30,168.83,170.36,14,2025-11-03,0.54,1519.47,715.6700000000001,atenção
TPS0206,Florianopolis-Canasvieiras_Meio-apartamento-TOP-1Q,Carteira 1,SC,"Florianópolis, SC","Florianópolis, SC, Canasvieiras",0,323,953.24,24,3347.91,2025-11,0.1333,0.437,4,30,298.86,278.9,20,2025-11-03,0.28,0.0,2394.67,crítico
VLE008,Bombinhas-Mariscal-apartamento-JR-1Q,Carteira 6,SC,"Bombinhas, SC","Bombinhas, SC, mariscal",0,1313,0.0,18,1392.89,2025-11,0.0,0.2599,0,30,0.0,214.3,27,2025-11-03,0.0,0.0,1392.89,crítico
VTD0126,Florianopolis-UFSC-apartamento-SUP-1Q,Carteira 4,SC,"Florianópolis, SC","Florianópolis, SC, Trindade",1,23,2721.51,37,1897.84,2025-11,0.5862,0.3378,17,30,227.05,220.1,10,2025-11-03,1.43,227.05,-823.6700000000003,ok
VTD0310,Florianopolis-UFSC-apartamento-SUP-1Q,Carteira 4,SC,"Florianópolis, SC","Florianópolis, SC, Trindade",9,74,1741.23,37,1897.84,2025-11,0.4762,0.3378,10,30,207.83,169.0,6,2025-11-03,0.92,1870.47,156.6099999999999,berlinda
BAB0202,Florianopolis-Ingleses_Praia-apartamento-SUP-1Q,Carteira 1,SC,"Florianópolis, SC","Florianópolis, SC, Ingleses do Rio Vermelho",0,368,4519.97,34,3392.97,2025-11,0.4667,0.4251,14,30,411.5,277.54,13,2025-11-03,1.33,0.0,-1127.0000000000005,ok
BLS1657,Goiania-Central-apartamento-TOP-1Q,Carteira 1_sys-price,GO,"Goiânia, GO","Goiânia, GO, Setor Marista",0,15,1267.35,45,1306.17,2025-11,0.3,0.2068,9,30,182.11,173.33,21,2025-11-03,0.97,0.0,38.820000000000164,berlinda
CGS0002,Brasilia-Asa_Norte-apartamento-SUP-2Q,Carteira 1_sys-price,DF,"Brasília, DF","Brasília, DF, Asa Norte",0,192,3072.92,37,3302.18,2025-11,0.4333,0.5171,13,30,288.62,260.13,16,2025-11-03,0.93,0.0,229.25999999999976,berlinda
CZZ0402,Urubici-Geral-apartamento-SUP-1Q,Especial,SC,"Urubici, SC","Urubici, SC, Centro",0,207,386.7,49,1538.22,2025-11,0.0667,0.1338,2,30,257.0,239.7,27,2025-11-03,0.25,0.0,1151.52,crítico
ILC1211,Especial-ILC-hotel-JR-1Q,Especial,SC,"Florianópolis, SC","Florianópolis, SC, Jurerê Internacional",0,1971,7470.11,16,7488.19,2025-11,0.4333,0.4706,13,30,676.54,469.4,15,2025-11-03,1.0,0.0,18.079999999999927,berlinda
JAS0001,Florianopolis-Lagoa-apartamento-JR-1Q,Carteira 1,SC,"Florianópolis, SC","Florianópolis, SC, Lagoa da Conceição",2,171,1246.78,20,2749.43,2025-11,0.3214,0.3876,9,30,151.22,165.67,18,2025-11-03,0.45,302.44,1502.6499999999999,crítico
NPZ093,Sao_Paulo-Moema-apartamento-TOP-1Q,Carteira 4,SP,"São Paulo, SP","São Paulo, SP, Moema",0,554,5523.62,102,3578.07,2025-11,0.7667,0.4408,23,30,288.74,238.71,7,2025-11-03,1.54,0.0,-1945.5499999999997,ok
PVE0302,Guarapari-Nova_Guarapari-apartamento-JR-2Q,Carteira 4,ES,"Guarapari, ES","Guarapari, ES, Enseada Verde",0,283,156.54,27,1703.19,2025-11,0.0333,0.1644,1,30,244.0,205.44,27,2025-11-03,0.09,0.0,1546.65,crítico
RJH0101,Camaçari-Itacimirim-apartamento-TOP-2Q,Carteira 2,BA,"Camaçari, BA","Camaçari, BA, Itacimirim",5,275,2603.02,13,2427.29,2025-11,0.4,0.2389,10,30,328.1,281.86,14,2025-11-03,1.07,1640.5,-175.73000000000002,berlinda
SHC0801,Balneario_Picarras-Geral-apartamento-TOP-3Q,Carteira 6,SC,"Balneário Piçarras, SC","Balneário Piçarras, SC, Itacolomi",0,75,0.0,16,2316.58,2025-11,0.0,0.2184,0,30,0.0,1875.0,27,2025-11-03,0.0,0.0,2316.58,crítico
TCO1215,Porto_Alegre-Centro_Historico-apartamento-SUP-1Q,Carteira 4,RS,"Porto Alegre, RS","Porto Alegre, RS, Centro Histórico",0,562,605.61,65,1297.34,2025-11,0.2,0.2842,6,30,122.29,123.13,16,2025-11-03,0.47,0.0,691.7299999999999,crítico
VDO102,Florianopolis-Rio_Tavares-casa-JR-2Q,Carteira 1,SC,"Florianópolis, SC","Florianópolis, SC, Campeche",30,676,0.0,19,2330.45,2025-11,,0.3188,0,30,0.0,,0,2025-11-03,0.0,0.0,2330.45,crítico
VLR403,Florianopolis-Centrao-apartamento-SUP-1Q,Carteira 4,SC,"Florianópolis, SC","Florianópolis, SC, Centro",0,590,3013.08,114,2659.14,2025-11,0.5667,0.3255,17,30,277.47,218.27,11,2025-11-03,1.13,0.0,-353.94000000000005,ok
VTD0704,Florianopolis-UFSC-apartamento-SUP-1Q,Carteira 4,SC,"Florianópolis, SC","Florianópolis, SC, Trindade",0,138,2981.7,37,1897.84,2025-11,0.5667,0.3378,17,30,239.71,215.82,11,2025-11-03,1.57,0.0,-1083.86,ok
ZUC0703,Balneario_Camboriu-Longe-apartamento-SUP-2Q,Carteira 6,SC,"Balneário Camboriú, SC","Balneário Camboriú, SC, Nações",4,165,1767.18,13,2411.88,2025-11,0.3077,0.2747,8,30,340.75,400.0,16,2025-11-03,0.73,1363.0,644.7,atenção
BSD1501,Balneario_Camboriu-Norte-apartamento-MASTER-3Q,Carteira 6,SC,"Balneário Camboriú, SC","Balneário Camboriú, SC, Pioneiros",30,199,0.0,39,7735.0,2025-11,,0.3235,0,30,0.0,,0,2025-11-03,0.0,0.0,7735.0,crítico
CCC0302,Florianopolis-Ingleses_Praia-apartamento-JR-2Q,Carteira 1,SC,"Florianópolis, SC","Florianópolis, SC, Ingleses Norte",0,65,0.0,27,2783.49,2025-11,0.0,0.2962,0,30,0.0,252.85,27,2025-11-03,0.0,0.0,2783.49,crítico
CEN0035,Porto_Alegre-Auxiliadora-apartamento-SUP-1Q,Carteira 4,RS,"Porto Alegre, RS","Porto Alegre, RS, Auxiliadora",0,296,1663.85,86,1857.45,2025-11,0.3667,0.3026,11,30,171.82,178.06,18,2025-11-03,0.9,0.0,193.60000000000014,berlinda
CTD0401,Penha-Longe-apartamento-JR-2Q,Carteira 6,SC,"Penha, SC","Penha, SC, Centro",0,233,2285.94,23,2196.82,2025-11,0.6,0.3753,18,30,154.11,130.11,9,2025-11-03,1.04,0.0,-89.11999999999989,berlinda
FRE2112,Sao_Paulo-Pinheiros-apartamento-SUP-1Q,Carteira 4,SP,"São Paulo, SP","São Paulo, SP, Pinheiros",0,45,4219.07,410,3394.21,2025-11,0.5667,0.4927,17,30,280.82,218.18,11,2025-11-03,1.24,0.0,-824.8599999999997,ok
HSC0518,Cabo_Frio-Centro-apartamento-SUP-1Q,Carteira 4,RJ,"Cabo Frio, RJ","Cabo Frio, RJ, Passagem",0,180,972.68,46,3050.9,2025-11,0.1333,0.4756,4,30,310.0,245.13,23,2025-11-03,0.32,0.0,2078.2200000000003,crítico
IHO264,Florianopolis-Ingleses_Norte-apartamento-JR-1Q,Carteira 1,SC,"Florianópolis, SC","Florianópolis, SC, Ingleses do Rio Vermelho",0,837,3934.02,43,2294.44,2025-11,0.6667,0.3481,20,30,234.4,231.9,10,2025-11-03,1.71,0.0,-1639.58,ok
ILC4202,Especial-ILC-hotel-TOP-1Q,Especial,SC,"Florianópolis, SC","Florianópolis, SC, Jurerê Internacional",0,1347,10539.39,28,10075.49,2025-11,0.6333,0.5987,19,30,703.21,596.0,10,2025-11-03,1.05,0.0,-463.89999999999964,berlinda
MCB1001,Balneario_Picarras-Geral-apartamento-SUP-2Q,Carteira 6,SC,"Balneário Piçarras, SC","Balneário Piçarras, SC, Itacolomi",0,129,1628.44,47,1274.96,2025-11,0.4,0.1633,12,30,160.67,164.56,18,2025-11-03,1.28,0.0,-353.48,ok
MCD001,Campos_do_Jordao-Capivari_Centro-casa-JR-2Q,Carteira 4,SP,"Campos do Jordão, SP","Campos do Jordão, SP, V Dubieux",0,542,0.0,24,2492.25,2025-11,0.0,0.204,0,30,0.0,265.19,21,2025-11-03,0.0,0.0,2492.25,crítico
MHF0806,Itapema-Canto_Praia-apartamento-TOP-1Q,Carteira 5,SC,"Itapema, SC","Itapema, SC, Centro",0,498,2319.96,17,1245.76,2025-11,0.4333,0.3257,13,30,222.23,223.75,16,2025-11-03,1.86,0.0,-1074.2,ok
MHFA1307,Itapema-Canto_Praia-apartamento-SUP-1Q,Carteira 5,SC,"Itapema, SC","Itapema, SC, Centro",0,425,3038.61,9,2579.11,2025-11,0.5333,0.2266,16,30,248.05,200.89,9,2025-11-03,1.18,0.0,-459.5,ok
MHFB0504,Itapema-Canto_Praia-apartamento-SUP-1Q,Carteira 5,SC,"Itapema, SC","Itapema, SC, Centro",0,457,728.06,9,2579.11,2025-11,0.1333,0.2266,4,30,162.78,158.0,21,2025-11-03,0.28,0.0,1851.0500000000002,crítico
NWT0708,Especial-NWT-apartamento-MASTER-1Q,Carteira 5,AL,"Maceió, AL","Maceió, AL, Pajuçara",0,185,9200.69,26,5361.2,2025-11,0.7,0.5855,21,30,535.05,443.33,9,2025-11-03,1.72,0.0,-3839.4900000000007,ok
ONP0920,Sao_Paulo-Bela_Vista-apartamento-SUP-1Q,Carteira 4,SP,"São Paulo, SP","São Paulo, SP, Paraíso",0,59,2946.12,577,2932.4,2025-11,0.6,0.4661,18,30,193.06,190.09,11,2025-11-03,1.0,0.0,-13.7199999999998,berlinda
PHA0023,Ubatuba-Tenorio-apartamento-TOP-1Q,Carteira 4,SP,"Ubatuba, SP","Ubatuba, SP, Tenório - Praia Vermelha",0,278,1804.92,462,3900.65,2025-11,0.2333,0.3714,7,30,338.0,264.27,22,2025-11-03,0.46,0.0,2095.73,crítico
TCO1003,Porto_Alegre-Centro_Historico-apartamento-SUP-1Q,Carteira 4,RS,"Porto Alegre, RS","Porto Alegre, RS, Centro Histórico",0,86,1789.74,65,1297.34,2025-11,0.6667,0.2842,20,30,154.64,137.88,16,2025-11-03,1.38,0.0,-492.4000000000001,ok
TPZ0426,Santa_Cruz_Cabralia-Coroa_Vermelha-apartamento-SUP-2Q,Carteira 2,BA,"Santa Cruz Cabrália, BA","Santa Cruz Cabrália, BA, Coroa Vermelha",0,687,0.0,34,2500.7,2025-11,0.0,0.2968,0,30,0.0,196.67,27,2025-11-03,0.0,0.0,2500.7,crítico
VTL0103,Ilheus-Sul-apartamento-JR-2Q,Carteira 2,BA,"Ilhéus, BA","Ilhéus, BA, Nossa Senhora da Vitória",1,505,0.0,15,1576.18,2025-11,0.0,0.1918,0,30,0.0,137.15,26,2025-11-03,0.0,0.0,1576.18,crítico
BLS1354,Goiania-Central-apartamento-SUP-1Q,Carteira 1_sys-price,GO,"Goiânia, GO","Goiânia, GO, Setor Marista",0,204,2448.66,127,604.39,2025-11,0.5667,0.1935,17,30,170.35,154.33,12,2025-11-03,4.05,0.0,-1844.27,meta_subestimada
CAR0201,Florianopolis-Jurere_Tradicional-apartamento-SUP-2Q,Carteira 1,SC,"Florianópolis, SC","Florianópolis, SC, Jurerê",0,37,8069.41,27,6624.43,2025-11,0.8667,0.5017,26,30,362.46,316.0,3,2025-11-03,1.22,0.0,-1444.9799999999996,ok
CAR0206,Itajai-Centro-apartamento-JR-1Q,Carteira 6,SC,"Itajaí, SC","Itajaí, SC, Centro",0,163,3805.86,9,1373.26,2025-11,0.7667,0.2242,23,30,189.78,161.43,7,2025-11-03,2.77,0.0,-2432.6000000000004,meta_subestimada
CARA0501,Itapema-Praia_Centro-apartamento-SUP-2Q,Carteira 6,SC,"Itapema, SC","Itapema, SC, Tabuleiro dos Oliveiras",0,51,2970.9,14,2452.59,2025-11,0.6,0.2941,18,30,258.61,184.67,12,2025-11-03,1.21,0.0,-518.31,ok
CEG0202,Florianopolis-Jurere_Longe-apartamento-SUP-1Q,Carteira 1,SC,"Florianópolis, SC","Florianópolis, SC, Jurerê",8,523,3622.29,16,3417.68,2025-11,0.7727,0.3152,17,30,251.71,187.25,4,2025-11-03,1.06,2013.68,-204.61000000000013,berlinda
DNL0602,Itapema-Meia_Praia-Norte-apartamento-MASTER-2Q,Carteira 6,SC,"Itapema, SC","Itapema, SC, Meia Praia",5,331,8420.71,14,3809.18,2025-11,0.88,0.2516,22,30,472.41,311.8,5,2025-11-03,2.21,2362.05,-4611.529999999999,meta_subestimada
ILC3413,Especial-ILC-hotel-JR-1Q,Especial,SC,"Florianópolis, SC","Florianópolis, SC, Jurerê Internacional",0,1971,9623.27,16,7488.19,2025-11,0.5667,0.4706,17,30,602.16,559.55,11,2025-11-03,1.29,0.0,-2135.080000000001,ok
JBA202,Florianopolis-Jurere_Tradicional-apartamento-JR-2Q,Carteira 1,SC,"Florianópolis, SC","Florianópolis, SC, Jurerê Internacional",0,1971,3641.59,19,5520.27,2025-11,0.6,0.4331,18,30,272.5,249.08,12,2025-11-03,0.66,0.0,1878.6800000000003,atenção
LHG1603,Goiania-Central-2-apartamento-SUP-1Q,Carteira 1_sys-price,GO,"Goiânia, GO","Goiânia, GO, Setor Oeste",0,372,1142.89,22,438.94,2025-11,0.2333,0.171,7,30,186.0,211.13,23,2025-11-03,2.6,0.0,-703.95,meta_subestimada
NWT0716,Especial-NWT-apartamento-TOP-1Q,Carteira 5,AL,"Maceió, AL","Maceió, AL, Pajuçara",0,38,5681.29,35,4545.08,2025-11,0.6333,0.472,19,30,308.16,292.56,9,2025-11-03,1.25,0.0,-1136.21,ok
NWT1316,Especial-NWT-apartamento-MASTER-1Q,Carteira 5,AL,"Maceió, AL","Maceió, AL, Pajuçara",0,368,5683.79,26,5361.2,2025-11,0.4667,0.5855,14,30,441.73,430.6,15,2025-11-03,1.06,0.0,-322.59000000000015,berlinda
OSH,Florianopolis-Jurere_Internacional-apartamento-TOP-2Q,Carteira 1,SC,"Florianópolis, SC","Florianópolis, SC, Jurerê Internacional",0,283,6575.37,23,8652.19,2025-11,0.5333,0.4236,16,30,528.13,429.69,13,2025-11-03,0.76,0.0,2076.8200000000006,atenção
RAH1019,Florianopolis-Centrao-apartamento-JR-1Q,Carteira 4,SC,"Florianópolis, SC","Florianópolis, SC, Centro",0,247,3259.16,67,2150.88,2025-11,0.6333,0.3865,19,30,222.88,192.5,14,2025-11-03,1.52,0.0,-1108.2799999999997,ok
SOT0303,Florianopolis-Jurere_Tradicional-apartamento-TOP-1Q,Carteira 1,SC,"Florianópolis, SC","Florianópolis, SC, Jurerê",0,263,2348.53,14,6829.73,2025-11,0.3,0.5343,9,30,320.4,335.89,18,2025-11-03,0.34,0.0,4481.199999999999,crítico
TCO1117,Porto_Alegre-Centro_Historico-apartamento-SUP-1Q,Carteira 4,RS,"Porto Alegre, RS","Porto Alegre, RS, Centro Histórico",0,430,1170.06,65,1297.34,2025-11,0.3667,0.2842,11,30,124.36,129.0,19,2025-11-03,0.9,0.0,127.27999999999997,berlinda
TXP0609,Goiania-Central-apartamento-SUP-1Q,Carteira 1_sys-price,GO,"Goiânia, GO","Goiânia, GO, Setor Bueno",0,761,1196.61,127,604.39,2025-11,0.3,0.1935,9,30,150.22,147.33,21,2025-11-03,1.98,0.0,-592.2199999999999,ok
UPS1002,Porto_Belo-Geral-apartamento-JR-3Q,Carteira 6,SC,"Porto Belo, SC","Porto Belo, SC, Perequê",0,99,3374.48,22,3080.34,2025-11,0.5667,0.2233,17,30,243.12,176.92,13,2025-11-03,1.1,0.0,-294.1399999999999,berlinda
VTD0302,Florianopolis-UFSC-apartamento-SUP-1Q,Carteira 4,SC,"Florianópolis, SC","Florianópolis, SC, Trindade",1,137,1968.85,37,1897.84,2025-11,0.3448,0.3378,10,30,247.7,350.0,18,2025-11-03,1.04,247.7,-71.00999999999999,berlinda
BFC301,Cabo_Frio-Centro-apartamento-JR-3Q,Carteira 4,RJ,"Cabo Frio, RJ","Cabo Frio, RJ, Braga",0,878,0.0,86,2426.8,2025-11,0.0,0.2192,0,30,0.0,288.74,27,2025-11-03,0.0,0.0,2426.8,crítico
BLS1755,Goiania-Central-apartamento-SUP-1Q,Carteira 1_sys-price,GO,"Goiânia, GO","Goiânia, GO, Setor Marista",0,772,1441.91,127,604.39,2025-11,0.4,0.1935,12,30,149.91,159.75,8,2025-11-03,2.39,0.0,-837.5200000000001,meta_subestimada
BMC1008,Florianopolis-Beira_Mar-apartamento-TOP-1Q,Carteira 4,SC,"Florianópolis, SC","Florianópolis, SC, Centro",0,66,4895.25,12,4501.17,2025-11,0.7667,0.4338,23,30,277.78,268.71,7,2025-11-03,1.09,0.0,-394.0799999999999,berlinda
EJO0402,Florianopolis-Centrao-apartamento-JR-1Q,Carteira 4,SC,"Florianópolis, SC","Florianópolis, SC, Centro",0,394,2988.56,67,2150.88,2025-11,0.6333,0.3865,19,30,197.11,175.64,11,2025-11-03,1.39,0.0,-837.6799999999998,ok
GSH0101,Camaçari-Monte_Gordo-apartamento-TOP-2Q,Carteira 2,BA,"Camaçari, BA","Camaçari, BA, Monte Gordo",2,226,373.11,24,4064.28,2025-11,0.0357,0.3193,1,30,600.0,600.0,25,2025-11-03,0.09,1200.0,3691.17,crítico
ILC2106,Especial-ILC-hotel-JR-1Q,Especial,SC,"Florianópolis, SC","Florianópolis, SC, Jurerê Internacional",0,1864,8311.48,16,7488.19,2025-11,0.4667,0.4706,14,30,822.86,463.93,14,2025-11-03,1.11,0.0,-823.29,ok
JBV157,Especial-JBV-hotel-TOP-1Q,Especial,SC,"Florianópolis, SC","Florianópolis, SC, Jurerê",0,1121,10767.98,32,9873.54,2025-11,0.7,0.5651,21,30,636.76,548.78,9,2025-11-03,1.09,0.0,-894.4399999999987,berlinda
JPA102,Gramado-Geral-apartamento-JR-2Q,Carteira 4,RS,"Gramado, RS","Gramado, RS, Vila Jardim",0,527,2820.21,44,3981.28,2025-11,0.6667,0.4212,20,30,349.47,380.91,11,2025-11-03,0.71,0.0,1161.0700000000002,atenção
JSO0007,Porto_Seguro-Pataxos-apartamento-JR-1Q,Carteira 2,BA,"Porto Seguro, BA","Porto Seguro, BA, PRAIA DE MUNDAÍ",0,372,0.0,34,2174.24,2025-11,0.0,0.3913,0,30,0.0,359.0,27,2025-11-03,0.0,0.0,2174.24,crítico
NGO0002,Pocos_de_Caldas-Geral-apartamento-SUP-1Q,Carteira 4,MG,"Poços de Caldas, MG","Poços de Caldas, MG, São Benedito",10,150,1298.76,27,1167.9,2025-11,0.5,0.2113,10,30,145.9,121.8,10,2025-11-03,1.11,1459.0,-130.8599999999999,ok
NWT0323,Especial-NWT-apartamento-TOP-1Q,Carteira 5,AL,"Maceió, AL","Maceió, AL, Pajuçara",0,345,5271.66,35,4545.08,2025-11,0.6667,0.472,20,30,298.4,328.0,10,2025-11-03,1.16,0.0,-726.5799999999999,ok
NWT1302,Especial-NWT-apartamento-TOP-1Q,Carteira 5,AL,"Maceió, AL","Maceió, AL, Pajuçara",0,352,6574.21,35,4545.08,2025-11,0.5667,0.472,17,30,353.67,303.33,6,2025-11-03,1.45,0.0,-2029.13,ok
OAG0505,Sao_Paulo-Pinheiros-apartamento-SUP-1Q,Carteira 4,SP,"São Paulo, SP","São Paulo, SP, Cerqueira César",8,177,2802.98,410,3394.21,2025-11,0.5455,0.4927,12,30,266.5,225.78,9,2025-11-03,0.83,2132.0,591.23,berlinda
OPR0303,Salvador-Ondina_Rio_Vermelho-apartamento-SUP-1Q,Carteira 2,BA,"Salvador, BA","Salvador, BA, Ondina",4,73,1724.6,77,2842.86,2025-11,0.3846,0.4619,10,30,199.6,253.25,16,2025-11-03,0.61,798.4,1118.2600000000002,atenção
PSD201,Florianopolis-Jurere_Tradicional-apartamento-SIM-2Q,Carteira 1,SC,"Florianópolis, SC","Florianópolis, SC, Jurerê",1,1990,4548.71,16,2934.35,2025-11,0.6207,0.4437,18,30,287.39,233.18,11,2025-11-03,1.55,287.39,-1614.3600000000001,ok
PSO1003,Penha-Beto_Carrero-apartamento-SUP-1Q,Carteira 3,SC,"Penha, SC","Penha, SC, Praia de Armação do Itapocoroi",0,120,3989.02,12,1751.85,2025-11,0.7333,0.2595,22,30,234.32,198.5,8,2025-11-03,2.28,0.0,-2237.17,meta_subestimada
PSOA1101,Penha-Beto_Carrero-apartamento-SUP-1Q,Carteira 3,SC,"Penha, SC","Penha, SC, Praia de Armação do Itapocoroi",0,116,2117.7,12,1751.85,2025-11,0.3667,0.2595,11,30,228.73,185.63,16,2025-11-03,1.21,0.0,-365.8499999999999,ok
RJE0980,Gramado-Geral-casa-JR-4Q,Carteira 4,RS,"Gramado, RS","Gramado, RS, Casa Grande",7,394,6360.59,10,5999.72,2025-11,0.6087,0.3814,14,30,606.07,549.63,8,2025-11-03,1.06,4242.490000000001,-360.8699999999999,berlinda
RLI0101,Florianopolis-Ingleses_Norte-apartamento-JR-2Q,Carteira 1,SC,"Florianópolis, SC","Florianópolis, SC, Ingleses do Rio Vermelho",0,337,3099.47,24,3195.68,2025-11,0.6,0.3196,18,30,201.94,228.27,11,2025-11-03,0.97,0.0,96.21000000000004,berlinda
RMH1511,Aguas_Claras-Geral-apartamento-SUP-1Q,Carteira 1,DF,"Brasília, DF","Brasília, DF, Águas Claras",0,202,2803.76,89,1425.45,2025-11,0.5,0.312,15,30,206.8,206.57,14,2025-11-03,1.97,0.0,-1378.3100000000002,ok
SOA0111,Salvador-Boca_do_Rio-apartamento-SUP-2Q,Carteira 2,BA,"Salvador, BA","Salvador, BA, Boca do Rio",0,445,1950.09,13,2847.5,2025-11,0.3667,0.4886,11,30,206.5,217.17,18,2025-11-03,0.68,0.0,897.4100000000001,atenção
SPT0105,Blumenau-Central-apartamento-JR-1Q,Carteira 4,SC,"Blumenau, SC","Blumenau, SC, Itoupava Seca",0,596,0.0,26,450.13,2025-11,0.0,0.1337,0,30,0.0,122.41,27,2025-11-03,0.0,0.0,450.13,crítico
SSN0304,Salvador-Costa_Azul-apartamento-SUP-1Q,Especial,BA,"Salvador, BA","Salvador, BA, Costa Azul",0,306,387.2,26,1898.05,2025-11,0.1333,0.3623,4,30,115.25,141.13,23,2025-11-03,0.2,0.0,1510.85,crítico
UCR0505,Porto_Alegre-Jardim_Botanico-apartamento-SUP-1Q,Carteira 4,RS,"Porto Alegre, RS","Porto Alegre, RS, Três Figueiras",0,39,612.4,44,1124.1,2025-11,0.1333,0.2505,4,30,200.0,200.0,25,2025-11-03,0.54,0.0,511.69999999999993,atenção
VJG0102,Ilheus-Sul-apartamento-SUP-2Q,Carteira 2,BA,"Ilhéus, BA","Ilhéus, BA, São Francisco",0,714,0.0,30,1557.2,2025-11,0.0,0.2303,0,30,0.0,148.74,27,2025-11-03,0.0,0.0,1557.2,crítico
VLP0105,Mata_de_Sao_Joao-Praia_do_Forte-apartamento-SUP-2Q,Carteira 2,BA,"Mata de São João, BA","Mata de São João, BA, Praia do Forte",0,617,2822.5,22,5293.08,2025-11,0.3333,0.3107,10,30,362.4,304.17,18,2025-11-03,0.53,0.0,2470.58,atenção
VLPD0223,Mata_de_Sao_Joao-Praia_do_Forte-apartamento-SUP-1Q,Carteira 2,BA,"Mata de São João, BA","Mata de São João, BA, Açu da Torre",3,102,4512.67,25,4991.63,2025-11,0.6296,0.3954,17,30,304.88,251.0,10,2025-11-03,0.9,914.64,478.96000000000004,berlinda
AQT0604,Itapema-Praia_Itapema-apartamento-TOP-3Q,Carteira 6,SC,"Itapema, SC","Itapema, SC, Morretes",1,122,711.81,9,4492.38,2025-11,0.1034,0.2317,3,30,284.0,259.88,26,2025-11-03,0.16,284.0,3780.57,crítico
FFS0905,Itapema-Meia_Praia-Sul-apartamento-SUP-1Q,Carteira 4,SC,"Itapema, SC","Itapema, SC, Meia Praia",1,1,0.0,13,2800.53,2025-11,0.0,0.4325,0,30,138.22,172.94,18,2025-11-03,0.0,138.22,2800.53,crítico
LIV1605,Salvador-Graca-apartamento-TOP-1Q,Especial,BA,"Salvador, BA","Salvador, BA, Vitória",0,157,2563.17,10,3417.57,2025-11,0.3667,0.3374,11,30,275.54,261.25,16,2025-11-03,0.75,0.0,854.4000000000001,atenção
LLE0204,Itapema-Meia_Praia-Norte-apartamento-TOP-3Q,Carteira 6,SC,"Itapema, SC","Itapema, SC, Meia Praia",3,59,4600.67,14,3809.18,2025-11,0.7407,0.2516,20,30,310.3,318.57,7,2025-11-03,1.21,930.9000000000001,-791.4900000000002,ok
MAB0203,Florianopolis-Ingleses_Norte-apartamento-SUP-1Q,Carteira 1,SC,"Florianópolis, SC","Florianópolis, SC, Ingleses do Rio Vermelho",0,113,0.0,49,2235.56,2025-11,0.0,0.387,0,30,0.0,208.19,27,2025-11-03,0.0,0.0,2235.56,crítico
NBL0402,Porto_Alegre-Jardim_Botanico-apartamento-SUP-1Q,Carteira 4,RS,"Porto Alegre, RS","Porto Alegre, RS, Santa Cecília",0,702,328.67,44,1124.1,2025-11,0.1,0.2505,3,30,130.0,153.88,26,2025-11-03,0.29,0.0,795.4299999999998,crítico
NOR0203,Brasilia-Asa_Norte-apartamento-SUP-1Q,Carteira 1_sys-price,DF,"Brasília, DF","Brasília, DF, Asa Norte",0,767,3231.02,92,2693.61,2025-11,0.6,0.5034,18,30,218.0,175.0,12,2025-11-03,1.2,0.0,-537.4099999999999,ok
NWT0613,Especial-NWT-apartamento-TOP-1Q,Carteira 5,AL,"Maceió, AL","Maceió, AL, Pajuçara",0,215,3961.69,35,4545.08,2025-11,0.5333,0.472,16,30,290.5,273.31,13,2025-11-03,0.87,0.0,583.3899999999999,berlinda
NWT0713,Especial-NWT-apartamento-TOP-1Q,Carteira 5,AL,"Maceió, AL","Maceió, AL, Pajuçara",0,180,4693.19,35,4545.08,2025-11,0.6333,0.472,19,30,309.95,327.64,11,2025-11-03,1.03,0.0,-148.10999999999967,berlinda
NWT1320,Especial-NWT-apartamento-TOP-1Q,Carteira 5,AL,"Maceió, AL","Maceió, AL, Pajuçara",0,72,4554.22,35,4545.08,2025-11,0.5667,0.472,17,30,336.24,293.0,10,2025-11-03,1.0,0.0,-9.140000000000327,berlinda
PRV1003,Salvador-Barra-apartamento-SUP-1Q,Carteira 2,BA,"Salvador, BA","Salvador, BA, Barra",0,387,1904.0,195,2712.93,2025-11,0.3333,0.4447,10,30,210.5,220.75,20,2025-11-03,0.7,0.0,808.9299999999998,atenção
PSD301,Florianopolis-Jurere_Tradicional-apartamento-SIM-2Q,Carteira 1,SC,"Florianópolis, SC","Florianópolis, SC, Jurerê",0,1990,3132.15,16,2934.35,2025-11,0.5,0.4437,15,30,254.13,237.64,14,2025-11-03,1.07,0.0,-197.80000000000018,berlinda
PSO0802,Penha-Beto_Carrero-apartamento-SUP-1Q,Carteira 3,SC,"Penha, SC","Penha, SC, Praia de Armação do Itapocoroi",0,102,4401.58,12,1751.85,2025-11,0.8,0.2595,24,30,224.08,152.0,6,2025-11-03,2.51,0.0,-2649.73,meta_subestimada
PTS0101,Florianopolis-Ingleses_Norte-apartamento-SUP-2Q,Carteira 1,SC,"Florianópolis, SC","Florianópolis, SC, Ingleses do Rio Vermelho",0,192,2739.3,46,3271.44,2025-11,0.2667,0.244,8,30,266.08,208.47,15,2025-11-03,0.84,0.0,532.1399999999999,berlinda
SCE114,Brasilia-Asa_Norte-apartamento-SUP-1Q,Carteira 1_sys-price,DF,"Brasília, DF","Brasília, DF, Asa Norte",0,596,3611.3,92,2693.61,2025-11,0.7667,0.5034,23,30,183.26,186.71,7,2025-11-03,1.34,0.0,-917.69,ok
VGA1002,Itapema-Praia_Centro-apartamento-TOP-3Q,Carteira 6,SC,"Itapema, SC","Itapema, SC, Itapema",13,612,5029.58,9,2869.14,2025-11,1.0,0.2508,17,30,409.0,,0,2025-11-03,1.75,5317.0,-2160.44,ok
VGZ0005,Imbituba-Praia_do_Rosa-casa-SUP-1Q,Carteira 6,SC,"Imbituba, SC","Imbituba, SC, Ibiraquera",2,620,3835.82,53,2448.43,2025-11,0.8214,0.2451,23,30,185.83,173.2,5,2025-11-03,1.57,371.66,-1387.3900000000003,ok
VLR801,Florianopolis-Centrao-apartamento-JR-1Q,Carteira 4,SC,"Florianópolis, SC","Florianópolis, SC, Centro",0,1230,558.14,67,2150.88,2025-11,0.1,0.3865,3,30,138.8,208.4,25,2025-11-03,0.26,0.0,1592.7400000000002,crítico
WBU2407,Goiania-Central-apartamento-TOP-1Q,Carteira 1_sys-price,GO,"Goiânia, GO","Goiânia, GO, Setor Bueno",0,359,1078.32,45,1306.17,2025-11,0.2,0.2068,6,30,197.82,218.71,17,2025-11-03,0.83,0.0,227.85000000000014,berlinda
CPR0207,Marau-Barra_Grande-apartamento-TOP-2Q,Carteira 2,BA,"Maraú, BA","Maraú, BA, Barra Grande",0,480,1656.5,13,3700.9,2025-11,0.1667,0.2042,5,30,400.0,406.8,25,2025-11-03,0.45,0.0,2044.4,crítico
CZZ0403,Urubici-Geral-apartamento-SUP-1Q,Especial,SC,"Urubici, SC","Urubici, SC, Centro",0,221,1090.17,49,1538.22,2025-11,0.1667,0.1338,5,30,259.2,220.14,22,2025-11-03,0.71,0.0,448.04999999999995,atenção
CZZ0405,Urubici-Geral-apartamento-SUP-1Q,Especial,SC,"Urubici, SC","Urubici, SC, Centro",1,134,186.35,49,1538.22,2025-11,0.0345,0.1338,1,30,242.75,190.91,22,2025-11-03,0.12,242.75,1351.8700000000001,crítico
EBC0603,Balneario_Camboriu-Centro-apartamento-SUP-2Q,Carteira 6,SC,"Balneário Camboriú, SC","Balneário Camboriú, SC, Centro",0,369,6690.37,64,3923.17,2025-11,0.8333,0.3462,25,30,310.64,266.4,5,2025-11-03,1.71,0.0,-2767.2,ok
ELF0402,Bombinhas-Bombas-apartamento-SUP-1Q,Especial,SC,"Bombinhas, SC","Bombinhas, SC, José Amândio",2,187,2445.72,42,2313.9,2025-11,0.4286,0.3861,12,30,242.25,294.63,16,2025-11-03,1.06,484.5,-131.8199999999997,berlinda
ELS0606,Porto_Alegre-Centro_Historico-apartamento-JR-1Q,Carteira 4,RS,"Porto Alegre, RS","Porto Alegre, RS, Centro Histórico",0,60,447.9,67,1126.25,2025-11,0.1667,0.3332,5,30,101.8,114.26,23,2025-11-03,0.4,0.0,678.35,crítico
ELU106,Florianopolis-Jurere_Tradicional-apartamento-TOP-1Q,Carteira 1,SC,"Florianópolis, SC","Florianópolis, SC, Jurerê",0,1384,4542.38,14,6829.73,2025-11,0.4667,0.5343,14,30,412.79,307.21,14,2025-11-03,0.67,0.0,2287.3499999999995,atenção
GCO0302,Balneario_Camboriu-Norte-apartamento-SUP-2Q,Carteira 6,SC,"Balneário Camboriú, SC","Balneário Camboriú, SC, Barra Norte",0,64,4460.92,30,3280.55,2025-11,0.6667,0.3462,20,30,291.8,234.2,10,2025-11-03,1.36,0.0,-1180.37,ok
IDC0102,Florianopolis-UFSC-apartamento-SUP-2Q,Carteira 4,SC,"Florianópolis, SC","Florianópolis, SC, Trindade",2,708,2848.85,17,2547.0,2025-11,0.4286,0.404,12,30,318.58,246.6,15,2025-11-03,1.12,637.16,-301.8499999999999,ok
JBV334,Especial-JBV-hotel-JR-1Q,Especial,SC,"Florianópolis, SC","Florianópolis, SC, Jurerê",0,1685,10023.89,25,7947.66,2025-11,0.7,0.4701,21,30,564.57,484.0,7,2025-11-03,1.26,0.0,-2076.2299999999996,ok
LEA0908,Balneario_Picarras-Geral-apartamento-SUP-2Q,Carteira 6,SC,"Balneário Piçarras, SC","Balneário Piçarras, SC, Itacolomi",0,267,1602.96,47,1274.96,2025-11,0.3667,0.1633,11,30,173.91,146.63,19,2025-11-03,1.26,0.0,-328.0,ok
MCB1106,Balneario_Picarras-Geral-apartamento-SUP-2Q,Carteira 6,SC,"Balneário Piçarras, SC","Balneário Piçarras, SC, Itacolomi",1,317,623.67,47,1274.96,2025-11,0.1034,0.1633,3,30,251.0,251.0,24,2025-11-03,0.49,251.0,651.2900000000001,crítico
MHFB0503,Itapema-Canto_Praia-apartamento-SUP-1Q,Carteira 5,SC,"Itapema, SC","Itapema, SC, Centro",0,457,1180.15,9,2579.11,2025-11,0.2667,0.2266,8,30,164.67,166.89,18,2025-11-03,0.46,0.0,1398.96,crítico
MHFB1204,Itapema-Canto_Praia-apartamento-SUP-1Q,Carteira 5,SC,"Itapema, SC","Itapema, SC, Centro",0,479,2183.48,9,2579.11,2025-11,0.4,0.2266,12,30,218.08,188.39,18,2025-11-03,0.85,0.0,395.6300000000001,berlinda
MHR308,Florianopolis-Ingleses_Praia-apartamento-SUP-1Q,Carteira 1,SC,"Florianópolis, SC","Florianópolis, SC, Ingleses do Rio Vermelho",3,1163,2341.21,34,3392.97,2025-11,0.4444,0.4251,12,30,238.92,282.13,15,2025-11-03,0.69,716.76,1051.7599999999998,atenção
MMD0602,Ilheus-Sul-apartamento-TOP-2Q,Carteira 2,BA,"Ilhéus, BA","Ilhéus, BA, São Francisco",23,299,454.38,15,1946.5,2025-11,0.2857,0.2588,2,30,291.5,249.4,5,2025-11-03,0.23,6704.5,1492.12,crítico
NWT0421,Especial-NWT-apartamento-TOP-1Q,Carteira 5,AL,"Maceió, AL","Maceió, AL, Pajuçara",0,303,7438.06,35,4545.08,2025-11,0.7333,0.472,22,30,409.14,325.5,8,2025-11-03,1.64,0.0,-2892.9800000000005,ok
NWT0604,Especial-NWT-apartamento-TOP-1Q,Carteira 5,AL,"Maceió, AL","Maceió, AL, Pajuçara",0,215,3873.48,35,4545.08,2025-11,0.5667,0.472,17,30,272.06,306.62,13,2025-11-03,0.85,0.0,671.5999999999999,berlinda
NWT1203,Especial-NWT-apartamento-TOP-1Q,Carteira 5,AL,"Maceió, AL","Maceió, AL, Pajuçara",0,366,5803.32,35,4545.08,2025-11,0.7333,0.472,22,30,331.05,369.75,8,2025-11-03,1.28,0.0,-1258.2399999999998,ok
NWT1214,Especial-NWT-apartamento-TOP-1Q,Carteira 5,AL,"Maceió, AL","Maceió, AL, Pajuçara",0,163,6930.46,35,4545.08,2025-11,0.8333,0.472,25,30,327.64,295.0,5,2025-11-03,1.52,0.0,-2385.38,ok
ORP0305,Gramado-Geral-apartamento-SUP-2Q,Carteira 4,RS,"Gramado, RS","Gramado, RS, Floresta",0,22,5226.23,139,6021.82,2025-11,0.5,0.4915,15,30,379.4,359.21,14,2025-11-03,0.87,0.0,795.5900000000001,berlinda
PSO0401,Penha-Beto_Carrero-apartamento-SUP-1Q,Carteira 3,SC,"Penha, SC","Penha, SC, Praia de Armação do Itapocoroi",0,141,3303.48,12,1751.85,2025-11,0.5667,0.2595,17,30,234.76,183.5,12,2025-11-03,1.89,0.0,-1551.63,ok
PSOA1102,Penha-Beto_Carrero-apartamento-SUP-1Q,Carteira 3,SC,"Penha, SC","Penha, SC, Praia de Armação do Itapocoroi",0,129,1248.47,12,1751.85,2025-11,0.1667,0.2595,5,30,255.6,180.14,22,2025-11-03,0.71,0.0,503.3799999999999,atenção
RGV115,Bombinhas-Bombas-casa-JR-3Q,Carteira 6,SC,"Bombinhas, SC","Bombinhas, SC, Bombas",0,780,3477.85,12,3168.9,2025-11,0.5667,0.2906,17,30,257.82,186.23,13,2025-11-03,1.1,0.0,-308.9499999999998,berlinda
ROE210,Brasilia-Asa_Norte-apartamento-SUP-1Q,Carteira 1_sys-price,DF,"Brasília, DF","Brasília, DF, Setor de Habitações Individuais Norte",0,570,3776.74,92,2693.61,2025-11,0.7,0.5034,21,30,221.24,198.67,9,2025-11-03,1.4,0.0,-1083.1299999999997,ok
RRF2562,Florianopolis-Santo_Antonio_de_Lisboa-casa-SUP-3Q,Carteira 1,SC,"Florianópolis, SC","Florianópolis, SC, Sambaqui",6,436,3230.16,8,4924.65,2025-11,0.4167,0.2561,10,30,372.1,333.71,14,2025-11-03,0.66,2232.6000000000004,1694.4899999999998,atenção
SCO0014,Florianopolis-Campeche-apartamento-SUP-1Q,Carteira 1,SC,"Florianópolis, SC","Florianópolis, SC, Campeche",0,226,102.44,22,1969.86,2025-11,0.0333,0.3561,1,30,180.0,214.22,27,2025-11-03,0.05,0.0,1867.4199999999998,crítico
SHL0105,Brasilia-Lago_Norte-apartamento-TOP-1Q,Carteira 1,DF,"Brasília, DF","Brasília, DF, Setor de Habitações Individuais Norte",0,365,2282.02,27,3302.18,2025-11,0.4333,0.5244,13,30,203.54,253.82,17,2025-11-03,0.69,0.0,1020.1599999999999,atenção
SID0209,Florianopolis-Cachoeira_Bom_Jesus-apartamento-SUP-1Q,Carteira 1,SC,"Florianópolis, SC","Florianópolis, SC, Cachoeira do Bom Jesus",0,120,529.72,13,2261.83,2025-11,0.1333,0.2251,4,30,166.0,191.13,23,2025-11-03,0.23,0.0,1732.11,crítico
SLI0704,Maceio-Ponta_Verde-apartamento-SUP-1Q,Carteira 2,AL,"Maceió, AL","Maceió, AL, Ponta Verde",0,72,2486.64,188,3794.7,2025-11,0.5,0.594,15,30,208.13,174.93,15,2025-11-03,0.66,0.0,1308.06,atenção
SPJ0204,Especial-SPJ-apartamento-TOP-1Q,Carteira 5,SC,"Florianópolis, SC","Florianópolis, SC, Jurerê",0,367,4900.42,19,5610.79,2025-11,0.5333,0.5559,16,30,324.71,216.88,8,2025-11-03,0.87,0.0,710.3699999999999,berlinda
SPZ0610,Sao_Paulo-Vila_Olimpia-apartamento-SUP-1Q,Carteira 4,SP,"São Paulo, SP","São Paulo, SP, Itaim Bibi",0,166,7724.12,294,4075.32,2025-11,0.7333,0.4389,22,30,449.68,337.5,8,2025-11-03,1.9,0.0,-3648.7999999999997,ok
SSG0419,Florianopolis-UFSC-apartamento-SUP-1Q,Carteira 4,SC,"Florianópolis, SC","Florianópolis, SC, Córrego Grande",0,11,3002.24,37,1897.84,2025-11,0.6667,0.3378,20,30,196.82,188.62,8,2025-11-03,1.58,0.0,-1104.3999999999999,ok
STM0500,Florianopolis-Canto_da_Lagoa-casa-SUP-3Q,Carteira 1,SC,"Florianópolis, SC","Florianópolis, SC, Lagoa da Conceição",12,214,7430.66,15,4277.43,2025-11,1.0,0.3976,18,30,522.67,,0,2025-11-03,1.74,6272.039999999999,-3153.2299999999996,ok
TPS311,Florianopolis-Canasvieiras_Meio-apartamento-TOP-1Q,Carteira 1,SC,"Florianópolis, SC","Florianópolis, SC, Canasvieiras",0,1031,2098.87,24,3347.91,2025-11,0.3667,0.437,11,30,230.64,308.35,17,2025-11-03,0.63,0.0,1249.04,atenção
TVT904,Florianopolis-Centrao-apartamento-MASTER-1Q,Carteira 4,SC,"Florianópolis, SC","Florianópolis, SC, Centro",0,841,5212.08,26,4986.45,2025-11,0.5,0.3621,15,30,423.8,343.08,13,2025-11-03,1.05,0.0,-225.6300000000001,berlinda
VAM0504,Goiania-Sul-2-apartamento-JR-2Q,Carteira 1_sys-price,GO,"Goiânia, GO","Goiânia, GO, Setor Faiçalville",7,460,521.48,232,877.87,2025-11,0.1304,0.2127,3,30,195.33,168.79,19,2025-11-03,0.59,1367.3100000000002,356.39,atenção
ADC105,Florianopolis-Cachoeira_Bom_Jesus-apartamento-TOP-2Q,Carteira 1,SC,"Florianópolis, SC","Florianópolis, SC, Cachoeira do Bom Jesus",5,1083,5911.26,25,4448.73,2025-11,0.6,0.3386,15,30,610.2,353.0,8,2025-11-03,1.33,3051.0,-1462.5300000000007,ok
BLS1253,Goiania-Central-apartamento-TOP-1Q,Carteira 1_sys-price,GO,"Goiânia, GO","Goiânia, GO, Setor Marista",0,772,373.41,45,1306.17,2025-11,0.1,0.2068,3,30,160.0,171.08,26,2025-11-03,0.29,0.0,932.76,crítico
CTA022,Florianopolis-Praia_Brava-apartamento-SUP-3Q,Carteira 1,SC,"Florianópolis, SC","Florianópolis, SC, Praia Brava",7,1395,3973.3,28,4169.99,2025-11,0.5217,0.2808,12,30,421.83,352.91,11,2025-11-03,0.95,2952.81,196.6899999999996,berlinda
CVI0012,Mata_de_Sao_Joao-Praia_do_Forte-apartamento-JR-1Q,Carteira 2,BA,"Mata de São João, BA","Mata de São João, BA, Praia do Forte",0,165,3713.74,24,2199.55,2025-11,0.6333,0.2714,19,30,239.0,200.0,10,2025-11-03,1.69,0.0,-1514.1899999999996,ok
DVB0013,Porto_Seguro-Arraial_Dajuda_Centro-apartamento-SUP-1Q,Carteira 2,BA,"Porto Seguro, BA","Porto Seguro, BA, Arraial d Ajuda",0,12,0.0,7,2999.65,2025-11,0.0,0.4186,0,30,0.0,209.48,27,2025-11-03,0.0,0.0,2999.65,crítico
EAN503,Balneario_Camboriu-Centro-apartamento-SUP-2Q,Carteira 6,SC,"Balneário Camboriú, SC","Balneário Camboriú, SC, Centro",0,1065,3135.38,64,3923.17,2025-11,0.4667,0.3462,14,30,295.36,235.38,16,2025-11-03,0.8,0.0,787.79,atenção
EPF202,Balneario_Camboriu-Centro-apartamento-JR-2Q,Carteira 6,SC,"Balneário Camboriú, SC","Balneário Camboriú, SC, Centro",0,864,1724.7,38,2659.86,2025-11,0.4,0.3074,12,30,160.67,189.0,15,2025-11-03,0.65,0.0,935.1600000000001,atenção
EVM1012,Sao_Paulo-Madalena-apartamento-SUP-1Q,Carteira 4,SP,"São Paulo, SP","São Paulo, SP, Sumarezinho",0,288,2076.68,96,2685.06,2025-11,0.3333,0.3524,10,30,234.0,221.0,18,2025-11-03,0.77,0.0,608.3800000000001,atenção
HAI0203,Salvador-Centro-apartamento-JR-1Q,Carteira 2,BA,"Salvador, BA","Salvador, BA, Centro",0,234,1540.21,27,1948.84,2025-11,0.4,0.4428,12,30,152.58,134.94,16,2025-11-03,0.79,0.0,408.6299999999999,atenção
ILC2203,Especial-ILC-hotel-JR-1Q,Especial,SC,"Florianópolis, SC","Florianópolis, SC, Jurerê Internacional",1,1971,11904.65,16,7488.19,2025-11,0.5517,0.4706,16,30,835.58,498.5,8,2025-11-03,1.59,835.58,-4416.46,ok
ILC2307,Especial-ILC-hotel-TOP-1Q,Especial,SC,"Florianópolis, SC","Florianópolis, SC, Jurerê Internacional",8,1776,10180.5,28,10075.49,2025-11,0.7727,0.5987,17,30,744.53,501.6,5,2025-11-03,1.01,5956.24,-105.01000000000022,berlinda
IMD0502,Bombinhas-Bombas-apartamento-MASTER-3Q,Carteira 6,SC,"Bombinhas, SC","Bombinhas, SC, Bombas",3,11,2118.27,16,6804.99,2025-11,0.1111,0.3701,3,30,564.6,452.56,18,2025-11-03,0.31,1693.8000000000002,4686.719999999999,crítico
LAR0406,Gramado-Centro-apartamento-TOP-2Q,Carteira 4,RS,"Gramado, RS","Gramado, RS, Vila Suiça",5,681,11708.71,55,9753.75,2025-11,0.92,0.6489,23,30,714.26,589.0,2,2025-11-03,1.2,3571.3,-1954.9599999999991,ok
LTT803,Balneario_Picarras-Geral-apartamento-TOP-3Q,Carteira 6,SC,"Balneário Piçarras, SC","Balneário Piçarras, SC, Itacolomi",0,536,3122.09,16,2316.58,2025-11,0.3333,0.2184,10,30,400.9,252.0,17,2025-11-03,1.35,0.0,-805.5100000000002,ok
MHF0904,Itapema-Canto_Praia-apartamento-TOP-1Q,Carteira 5,SC,"Itapema, SC","Itapema, SC, Centro",0,359,5438.54,17,1245.76,2025-11,1.0,0.3257,30,30,324.2,,0,2025-11-03,4.37,0.0,-4192.78,meta_subestimada
PEA1301,Florianopolis-Itacorubi-apartamento-SUP-3Q,Carteira 4,SC,"Florianópolis, SC","Florianópolis, SC, Itacorubi",0,555,3822.42,10,2816.59,2025-11,0.3,0.2,9,30,425.33,339.28,18,2025-11-03,1.36,0.0,-1005.8299999999999,ok
PSO0310,Penha-Beto_Carrero-apartamento-SUP-1Q,Carteira 3,SC,"Penha, SC","Penha, SC, Praia de Armação do Itapocoroi",0,122,2992.3,12,1751.85,2025-11,0.5333,0.2595,16,30,219.31,190.0,14,2025-11-03,1.71,0.0,-1240.4500000000003,ok
PSO0606,Penha-Beto_Carrero-apartamento-SUP-1Q,Carteira 3,SC,"Penha, SC","Penha, SC, Praia de Armação do Itapocoroi",0,129,1536.08,12,1751.85,2025-11,0.2667,0.2595,8,30,203.5,189.86,21,2025-11-03,0.88,0.0,215.76999999999998,berlinda
PST1409,Florianopolis-Itacorubi-apartamento-TOP-1Q,Carteira 4,SC,"Florianópolis, SC","Florianópolis, SC, Itacorubi",0,43,4701.05,22,2180.08,2025-11,0.9333,0.4104,28,30,310.11,174.0,2,2025-11-03,2.16,0.0,-2520.9700000000003,meta_subestimada
RJI011,Ubatuba-Itagua-apartamento-JR-2Q,Carteira 4,SP,"Ubatuba, SP","Ubatuba, SP, Itaguá",0,22,855.39,136,2335.8,2025-11,0.1,0.3207,3,30,323.0,254.88,24,2025-11-03,0.37,0.0,1480.4100000000003,crítico
SKL1604,Penha-Praia-apartamento-SUP-2Q,Carteira 6,SC,"Penha, SC","Penha, SC, Armação",0,131,4651.47,48,3553.4,2025-11,0.7667,0.3831,23,30,256.43,235.71,7,2025-11-03,1.31,0.0,-1098.0700000000002,ok
SOL0404,Salvador-Costa_Azul-apartamento-SUP-1Q,Especial,BA,"Salvador, BA","Salvador, BA, Costa Azul",0,166,1066.68,26,1898.05,2025-11,0.3333,0.3623,10,30,129.2,145.55,20,2025-11-03,0.56,0.0,831.3699999999999,atenção
VNT1011,Sao_Paulo-Pompeia-apartamento-SUP-1Q,Carteira 4,SP,"São Paulo, SP","São Paulo, SP, Perdizes",2,170,1079.35,59,1892.48,2025-11,0.2143,0.2605,6,30,216.83,199.52,21,2025-11-03,0.57,433.66,813.1300000000001,atenção
BLV0002,Porto_Seguro-Pataxos-apartamento-SUP-2Q,Carteira 2,BA,"Porto Seguro, BA","Porto Seguro, BA, Alto do Xamagunga",0,58,0.0,27,2773.76,2025-11,0.0,0.3147,0,30,0.0,166.48,27,2025-11-03,0.0,0.0,2773.76,crítico
CNA002,Especial-CNA-casa-MASTER-1Q,Especial,SP,"Campos do Jordão, SP","Campos do Jordão, SP, Jardim Europa",0,1016,8362.8,25,6397.17,2025-11,0.3333,0.3129,10,30,844.17,640.22,18,2025-11-03,1.31,0.0,-1965.6299999999992,ok
EDJ0410,Florianopolis-Ingleses_Praia-apartamento-SUP-1Q,Carteira 1,SC,"Florianópolis, SC","Florianópolis, SC, Ingleses do Rio Vermelho",0,204,2052.6,34,3392.97,2025-11,0.4,0.4251,12,30,221.92,262.75,16,2025-11-03,0.6,0.0,1340.37,atenção
GSH0102,Camaçari-Monte_Gordo-apartamento-TOP-2Q,Carteira 2,BA,"Camaçari, BA","Camaçari, BA, Monte Gordo",0,103,2908.56,24,4064.28,2025-11,0.2667,0.3193,8,30,434.88,369.75,20,2025-11-03,0.72,0.0,1155.7200000000003,atenção
ILC3312,Especial-ILC-hotel-JR-1Q,Especial,SC,"Florianópolis, SC","Florianópolis, SC, Jurerê Internacional",2,1971,8788.83,16,7488.19,2025-11,0.5714,0.4706,16,30,738.94,630.9,10,2025-11-03,1.17,1477.88,-1300.6400000000003,ok
ILC4406,Especial-ILC-hotel-JR-1Q,Especial,SC,"Florianópolis, SC","Florianópolis, SC, Jurerê Internacional",14,1971,8976.96,16,7488.19,2025-11,1.0,0.4706,16,30,783.75,,0,2025-11-03,1.2,10972.5,-1488.7699999999995,ok
MHFB2005,Itapema-Canto_Praia-apartamento-SUP-1Q,Carteira 5,SC,"Itapema, SC","Itapema, SC, Centro",3,474,0.0,9,2579.11,2025-11,0.0,0.2266,0,30,0.0,176.88,24,2025-11-03,0.0,0.0,2579.11,crítico
NWT0922,Especial-NWT-apartamento-TOP-1Q,Carteira 5,AL,"Maceió, AL","Maceió, AL, Pajuçara",0,221,3780.75,35,4545.08,2025-11,0.5333,0.472,16,30,282.94,281.0,14,2025-11-03,0.83,0.0,764.3299999999999,berlinda
NWT1004,Especial-NWT-apartamento-TOP-1Q,Carteira 5,AL,"Maceió, AL","Maceió, AL, Pajuçara",0,199,2812.03,35,4545.08,2025-11,0.3667,0.472,11,30,309.55,283.33,18,2025-11-03,0.62,0.0,1733.0499999999997,atenção
PRJ004,Imbituba-Praia_do_Rosa-casa-SIM-1Q,Carteira 6,SC,"Imbituba, SC","Imbituba, SC, Ibiraquera",0,1241,607.23,51,953.78,2025-11,0.2333,0.2278,7,30,102.43,91.74,23,2025-11-03,0.64,0.0,346.54999999999995,atenção
SOA0301,Salvador-Boca_do_Rio-apartamento-SUP-2Q,Carteira 2,BA,"Salvador, BA","Salvador, BA, Boca do Rio",0,271,4223.34,13,2847.5,2025-11,0.6667,0.4886,20,30,256.95,200.13,8,2025-11-03,1.48,0.0,-1375.8400000000001,ok
SOA1005,Salvador-Boca_do_Rio-apartamento-TOP-1Q,Carteira 2,BA,"Salvador, BA","Salvador, BA, Boca do Rio",0,22,400.44,13,2847.5,2025-11,0.1333,0.4886,4,30,138.0,179.0,24,2025-11-03,0.14,0.0,2447.06,crítico
STN0404,Florianopolis-Ingleses_Norte-apartamento-SUP-2Q,Carteira 1,SC,"Florianópolis, SC","Florianópolis, SC, Ingleses Norte",0,228,5809.12,46,3271.44,2025-11,0.7,0.244,21,30,314.1,308.63,8,2025-11-03,1.78,0.0,-2537.68,ok
TRC0507,Florianopolis-UFSC-apartamento-SUP-1Q,Carteira 4,SC,"Florianópolis, SC","Florianópolis, SC, Carvoeira",0,50,2410.15,37,1897.84,2025-11,0.5333,0.3378,16,30,214.5,186.0,14,2025-11-03,1.27,0.0,-512.3100000000002,ok
UAR301,Itapema-Praia_Centro-apartamento-TOP-3Q,Carteira 6,SC,"Itapema, SC","Itapema, SC, Centro",5,53,4674.41,9,2869.14,2025-11,0.8,0.2508,20,30,272.75,348.0,5,2025-11-03,1.63,1363.75,-1805.27,ok
VAC0203,Barra_Velha-Tabuleiro-apartamento-TOP-2Q,Carteira 3,SC,"Barra Velha, SC","Barra Velha, SC, Itajubá",0,23,1357.02,28,2237.99,2025-11,0.2333,0.2155,7,30,253.29,242.7,20,2025-11-03,0.61,0.0,880.9699999999998,atenção
APS1005,Sao_Paulo-Liberdade-apartamento-JR-1Q,Carteira 4,SP,"São Paulo, SP","São Paulo, SP, Sé",0,165,1703.24,88,2528.33,2025-11,0.3333,0.4793,10,30,174.8,158.59,17,2025-11-03,0.67,0.0,825.0899999999999,atenção
BDR521,Florianopolis-Lagoa-apartamento-SUP-1Q,Carteira 1,SC,"Florianópolis, SC","Florianópolis, SC, Lagoa da Conceição",0,1285,1443.4,23,2256.32,2025-11,0.3,0.4355,9,30,199.78,199.1,20,2025-11-03,0.64,0.0,812.9200000000001,atenção
CRA304,Bombinhas-Mariscal-apartamento-JR-3Q,Carteira 6,SC,"Bombinhas, SC","Bombinhas, SC, mariscal",0,1219,3670.08,15,2384.46,2025-11,0.7333,0.1809,22,30,212.82,191.38,8,2025-11-03,1.54,0.0,-1285.62,ok
CVAF0220,Mata_de_Sao_Joao-Praia_do_Forte_Longe-apartamento-SUP-1Q,Carteira 2,BA,"Mata de São João, BA","Mata de São João, BA, Praia do Forte",2,232,4373.9,84,3411.24,2025-11,0.6071,0.3329,17,30,295.82,251.09,11,2025-11-03,1.28,591.64,-962.6599999999999,ok
EHS0117,Brasilia-Asa_Norte-apartamento-SUP-1Q,Carteira 1_sys-price,DF,"Brasília, DF","Brasília, DF, SHCNW",0,277,3484.3,92,2693.61,2025-11,0.6,0.5034,18,30,226.52,182.44,9,2025-11-03,1.29,0.0,-790.69,ok
ELG0071,Barra_Velha-Centro-apartamento-JR-3Q,Carteira 3,SC,"Barra Velha, SC","Barra Velha, SC, Centro",1,246,811.12,12,1410.0,2025-11,0.1379,0.1484,4,30,258.75,187.92,24,2025-11-03,0.58,258.75,598.88,atenção
ESA0902,Balneario_Camboriu-Norte-apartamento-SUP-3Q,Carteira 6,SC,"Balneário Camboriú, SC","Balneário Camboriú, SC, Centro",5,422,3642.72,27,6009.07,2025-11,0.44,0.3773,11,30,427.36,316.71,14,2025-11-03,0.61,2136.8,2366.35,atenção
ILC3113,Especial-ILC-hotel-JR-1Q,Especial,SC,"Florianópolis, SC","Florianópolis, SC, Jurerê Internacional",10,1619,3588.87,16,7488.19,2025-11,0.35,0.4706,7,30,553.73,400.75,8,2025-11-03,0.48,5537.3,3899.3199999999997,crítico
JAS0004,Florianopolis-Lagoa-apartamento-JR-1Q,Carteira 1,SC,"Florianópolis, SC","Florianópolis, SC, Lagoa da Conceição",0,165,1188.99,20,2749.43,2025-11,0.3,0.3876,9,30,149.44,167.35,20,2025-11-03,0.43,0.0,1560.4399999999998,crítico
JBV279,Especial-JBV-hotel-JR-1Q,Especial,SC,"Florianópolis, SC","Florianópolis, SC, Jurerê",2,1065,10618.95,25,7947.66,2025-11,0.6429,0.4701,18,30,723.67,528.6,10,2025-11-03,1.34,1447.34,-2671.290000000001,ok
LIN1106,Blumenau-Central-apartamento-SUP-1Q,Carteira 4,SC,"Florianópolis, SC","Florianópolis, SC, Centro",0,11,3025.61,50,856.57,2025-11,0.8333,0.1654,25,30,141.4,140.0,5,2025-11-03,3.53,0.0,-2169.04,meta_subestimada
MHFA0705,Itapema-Canto_Praia-apartamento-SUP-1Q,Carteira 5,SC,"Itapema, SC","Itapema, SC, Centro",0,284,1873.84,9,2579.11,2025-11,0.3333,0.2266,10,30,208.3,178.12,17,2025-11-03,0.73,0.0,705.2700000000002,atenção
OAG0820,Sao_Paulo-Pinheiros-apartamento-TOP-1Q,Carteira 4_sys-price,SP,"São Paulo, SP","São Paulo, SP, Cerqueira César",2,368,4159.59,267,4387.41,2025-11,0.5,0.4901,14,30,403.79,272.46,13,2025-11-03,0.95,807.58,227.8199999999997,berlinda
PGL0301,Florianopolis-Canasvieiras_Perto-apartamento-TOP-3Q,Carteira 1,SC,"Florianópolis, SC","Florianópolis, SC, Canasvieiras",7,45,8499.78,12,7625.41,2025-11,0.8696,0.4551,20,30,571.25,387.33,3,2025-11-03,1.11,3998.75,-874.3700000000008,ok
PSO0903,Penha-Beto_Carrero-apartamento-SUP-1Q,Carteira 3,SC,"Penha, SC","Penha, SC, Praia de Armação do Itapocoroi",0,99,2604.94,12,1751.85,2025-11,0.4667,0.2595,14,30,224.5,169.09,11,2025-11-03,1.49,0.0,-853.0900000000001,ok
STL401,Camboriu-Tabuleiro-apartamento-SUP-2Q,Carteira 6,SC,"Balneário Camboriú, SC","Balneário Camboriú, SC, Vila Real",21,1,2351.52,19,2411.88,2025-11,1.0,0.2678,9,30,281.89,,0,2025-11-03,0.97,5919.69,60.36000000000013,berlinda
VDP0027,Cabo_Frio-Palmeiras-casa-SUP-2Q,Carteira 4,RJ,"Cabo Frio, RJ","Cabo Frio, RJ, Parque Burle",3,191,1278.24,55,2725.1,2025-11,0.2222,0.2548,6,30,252.83,274.28,18,2025-11-03,0.47,758.49,1446.86,crítico
VTD0605,Florianopolis-UFSC-apartamento-SUP-1Q,Carteira 4,SC,"Florianópolis, SC","Florianópolis, SC, Trindade",1,54,3200.09,37,1897.84,2025-11,0.5862,0.3378,17,30,219.65,216.67,12,2025-11-03,1.69,219.65,-1302.2500000000002,ok
AAR0101,Florianopolis-Campeche_Praia-apartamento-JR-1Q,Carteira 1,SC,"Florianópolis, SC","Florianópolis, SC, Campeche",0,134,2366.32,12,1414.46,2025-11,0.5667,0.3418,17,30,172.0,190.0,13,2025-11-03,1.67,0.0,-951.8600000000001,ok
ADJ205,Florianopolis-Jurere_Tradicional-apartamento-JR-2Q,Carteira 1,SC,"Florianópolis, SC","Florianópolis, SC, Jurerê Internacional",30,1984,0.0,19,5520.27,2025-11,,0.4331,0,30,0.0,,0,2025-11-03,0.0,0.0,5520.27,crítico
BHY0614,Brasilia-Setor_Hoteleiro-apartamento-JR-1Q,Carteira 1,DF,"Brasília, DF","Brasília, DF, Asa Norte",0,603,4589.96,97,2881.79,2025-11,0.7333,0.4341,22,30,247.64,244.14,7,2025-11-03,1.59,0.0,-1708.17,ok
EPE0304,Canela-Geral-apartamento-SUP-2Q,Carteira 4,RS,"Canela, RS","Canela, RS, Vila Luiza",4,108,1164.78,19,3864.1,2025-11,0.1154,0.4102,3,30,301.75,301.95,19,2025-11-03,0.3,1207.0,2699.3199999999997,crítico
ILC2310,Especial-ILC-hotel-TOP-1Q,Especial,SC,"Florianópolis, SC","Florianópolis, SC, Jurerê Internacional",0,1327,10000.56,28,10075.49,2025-11,0.6,0.5987,18,30,730.94,595.17,12,2025-11-03,0.99,0.0,74.93000000000029,berlinda
MRD0501,Balneario_Camboriu-Centro-apartamento-SUP-3Q,Carteira 6,SC,"Balneário Camboriú, SC","Balneário Camboriú, SC, Centro",6,218,6980.61,71,3587.4,2025-11,0.8333,0.3532,20,30,494.45,243.0,4,2025-11-03,1.95,2966.7,-3393.2099999999996,ok
MSSO1208,Goiania-Leste-apartamento-SUP-1Q,Carteira 1_sys-price,GO,"Goiânia, GO","Goiânia, GO, Jardim Goiás",0,767,2605.1,57,1049.75,2025-11,0.6,0.2168,18,30,174.56,185.83,12,2025-11-03,2.48,0.0,-1555.35,meta_subestimada
NWT0902,Especial-NWT-apartamento-TOP-1Q,Carteira 5,AL,"Maceió, AL","Maceió, AL, Pajuçara",0,221,4891.85,35,4545.08,2025-11,0.6667,0.472,20,30,306.0,283.22,9,2025-11-03,1.08,0.0,-346.77000000000044,berlinda
PGO209,Pocos_de_Caldas-Geral-apartamento-SUP-1Q,Carteira 4,MG,"Poços de Caldas, MG","Poços de Caldas, MG, São Benedito",0,808,993.25,27,1167.9,2025-11,0.2,0.2113,6,30,166.78,121.89,19,2025-11-03,0.85,0.0,174.6500000000001,berlinda
SRE0201,Florianopolis-UFSC-apartamento-TOP-2Q,Carteira 4,SC,"Florianópolis, SC","Florianópolis, SC, Carvoeira",0,200,1143.0,9,3589.35,2025-11,0.2,0.221,6,30,224.67,351.75,24,2025-11-03,0.32,0.0,2446.35,crítico
SRR0007,Porto_Seguro-Pataxos-apartamento-JR-2Q,Carteira 2,BA,"Porto Seguro, BA","Porto Seguro, BA, Village",0,65,0.0,43,1644.75,2025-11,0.0,0.1841,0,30,0.0,164.19,27,2025-11-03,0.0,0.0,1644.75,crítico
STE0312,Salvador-Ondina_Rio_Vermelho-apartamento-SUP-1Q,Carteira 2,BA,"Salvador, BA","Salvador, BA, Ondina",0,75,3272.17,77,2842.86,2025-11,0.7667,0.4619,23,30,180.4,189.9,10,2025-11-03,1.15,0.0,-429.30999999999995,ok
UPP0601,Curitiba-Centro-apartamento-JR-1Q,Carteira 4,PR,"Curitiba, PR","Curitiba, PR, Alto da XV",0,9,406.32,216,1613.6,2025-11,0.1,0.3993,3,30,144.5,156.29,24,2025-11-03,0.25,0.0,1207.28,crítico
VGN0102,Florianopolis-Ingleses_Praia-apartamento-SUP-2Q,Carteira 1,SC,"Florianópolis, SC","Florianópolis, SC, Ingleses do Rio Vermelho",3,288,3217.71,42,2824.61,2025-11,0.5185,0.2907,14,30,262.93,254.75,12,2025-11-03,1.14,788.79,-393.0999999999999,ok
VLJ204,Florianopolis-Canajure-apartamento-TOP-1Q,Carteira 1,SC,"Florianópolis, SC","Florianópolis, SC, Jurerê",0,537,551.32,29,5109.56,2025-11,0.0333,0.4798,1,30,640.0,640.0,27,2025-11-03,0.11,0.0,4558.240000000001,crítico
VRE102,Bombinhas-Bombas-apartamento-SUP-2Q,Carteira 6,SC,"Bombinhas, SC","Bombinhas, SC, Bombas",1,564,2801.23,65,2674.82,2025-11,0.5862,0.3289,17,30,183.24,188.7,10,2025-11-03,1.05,183.24,-126.40999999999985,berlinda
VVP0027,Cabo_Frio-Pero_Perto-casa-JR-4Q,Carteira 4,RJ,"Cabo Frio, RJ","Cabo Frio, RJ, Ogiva",4,407,3371.64,29,2080.32,2025-11,0.3077,0.1934,8,30,544.63,385.07,15,2025-11-03,1.62,2178.52,-1291.3199999999997,ok
CBE105,Florianopolis-Canasvieiras_Perto-apartamento-JR-1Q,Carteira 1,SC,"Florianópolis, SC","Florianópolis, SC, Canasvieiras",0,1514,2679.58,42,1971.66,2025-11,0.5333,0.3351,16,30,223.0,197.14,14,2025-11-03,1.36,0.0,-707.9199999999998,ok
EAB0201,Florianopolis-Ingleses_Norte-apartamento-SUP-2Q,Carteira 1,SC,"Florianópolis, SC","Florianópolis, SC, Ingleses do Rio Vermelho",0,716,3083.91,46,3271.44,2025-11,0.4,0.244,12,30,297.42,262.06,18,2025-11-03,0.94,0.0,187.5300000000002,berlinda
EDG401,Balneario_Camboriu-Centro-apartamento-JR-3Q,Carteira 6,SC,"Balneário Camboriú, SC","Balneário Camboriú, SC, Centro",0,957,4071.36,33,4032.82,2025-11,0.6,0.3543,18,30,225.56,238.92,12,2025-11-03,1.01,0.0,-38.539999999999964,berlinda
IDVB2602,Goiania-Central-2-apartamento-SUP-1Q,Carteira 1_sys-price,GO,"Goiânia, GO","Goiânia, GO, Setor Oeste",1,313,457.11,22,438.94,2025-11,0.1034,0.171,3,30,176.0,204.92,25,2025-11-03,1.04,176.0,-18.170000000000016,berlinda
JBV465,Especial-JBV-hotel-JR-1Q,Especial,SC,"Florianópolis, SC","Florianópolis, SC, Jurerê",0,1842,8365.89,25,7947.66,2025-11,0.6,0.4701,18,30,534.18,477.0,8,2025-11-03,1.05,0.0,-418.22999999999956,berlinda
LVL001,Porto_Seguro-Ajuda_Intermediario-casa-TOP-4Q,Carteira 2,BA,"Porto Seguro, BA","Porto Seguro, BA, Arraial DAjuda",3,492,4224.3,13,5197.15,2025-11,0.2222,0.3441,6,30,876.0,575.26,19,2025-11-03,0.81,2628.0,972.8499999999995,berlinda
MHF1109,Itapema-Canto_Praia-apartamento-TOP-2Q,Carteira 5,SC,"Itapema, SC","Itapema, SC, Centro",0,185,4294.04,10,2423.39,2025-11,0.5,0.2478,15,30,351.2,310.46,13,2025-11-03,1.77,0.0,-1870.65,ok
NWTA0607,Especial-NWT-apartamento-MASTER-1Q,Carteira 5,AL,"Maceió, AL","Maceió, AL, Pajuçara",1,186,7893.49,26,5361.2,2025-11,0.6897,0.5855,20,30,482.65,460.56,9,2025-11-03,1.47,482.65,-2532.29,ok
OKA101,Florianopolis-Campeche-apartamento-SUP-1Q,Carteira 1,SC,"Florianópolis, SC","Florianópolis, SC, Campeche",0,1053,2254.8,22,1969.86,2025-11,0.3667,0.3561,11,30,263.45,252.76,17,2025-11-03,1.14,0.0,-284.9400000000003,ok
RJU8301,Bombinhas-Mariscal-casa-JR-3Q,Carteira 6,SC,"Bombinhas, SC","Bombinhas, SC, Mariscal",30,990,0.0,26,3080.29,2025-11,,0.2802,0,30,0.0,188.74,27,2025-11-03,0.0,0.0,3080.29,crítico
RPV0308,Maceio-Jatiuca-apartamento-SUP-1Q,Carteira 2,AL,"Maceió, AL","Maceió, AL, Ponta Verde",0,136,1953.33,89,2851.62,2025-11,0.4333,0.5075,13,30,199.15,153.94,17,2025-11-03,0.68,0.0,898.29,atenção
RVG101,Florianopolis-Ingleses_Norte-apartamento-TOP-3Q,Carteira 1,SC,"Florianópolis, SC","Florianópolis, SC, Ingleses do Rio Vermelho",4,550,4418.36,14,4032.42,2025-11,0.6538,0.3184,17,30,328.47,522.67,9,2025-11-03,1.1,1313.88,-385.9399999999996,berlinda
STI108,Florianopolis-Ingleses_Centro-apartamento-TOP-1Q,Carteira 1,SC,"Florianópolis, SC","Florianópolis, SC, Ingleses do Rio Vermelho",0,1480,1428.18,20,2117.79,2025-11,0.2,0.2373,6,30,330.67,220.95,21,2025-11-03,0.67,0.0,689.6099999999999,atenção
VAC0603,Barra_Velha-Tabuleiro-apartamento-TOP-2Q,Carteira 3,SC,"Barra Velha, SC","Barra Velha, SC, Itajuba",0,316,0.0,28,2237.99,2025-11,0.0,0.2155,0,30,0.0,560.0,27,2025-11-03,0.0,0.0,2237.99,crítico
VLE004,Bombinhas-Mariscal-apartamento-JR-1Q,Carteira 6,SC,"Bombinhas, SC","Bombinhas, SC, Mariscal",0,1494,0.0,18,1392.89,2025-11,0.0,0.2599,0,30,0.0,198.0,27,2025-11-03,0.0,0.0,1392.89,crítico
VST004,Especial-VST-casa-TOP-1Q,Carteira 5,SC,"Anitápolis, SC","Anitápolis, SC, Rio dos Pinheiros",2,123,2212.12,42,1530.85,2025-11,0.3214,0.1234,9,30,293.11,186.56,18,2025-11-03,1.45,586.22,-681.27,ok
AYR0202,Florianopolis-Canasvieiras_Perto-apartamento-SUP-2Q,Carteira 1,SC,"Florianópolis, SC","Florianópolis, SC, Canasvieiras",0,297,4629.74,21,5296.91,2025-11,0.6,0.4581,18,30,318.56,366.27,11,2025-11-03,0.87,0.0,667.1700000000001,berlinda
BDS0111,Bombinhas-Centro-apartamento-JR-2Q,Carteira 6,SC,"Bombinhas, SC","Bombinhas, SC, Centro",1,12,2971.7,29,2102.05,2025-11,0.6897,0.2111,20,30,196.95,181.78,9,2025-11-03,1.41,196.95,-869.6499999999996,ok
BPM1309,Salvador-Barra-apartamento-SUP-1Q,Carteira 2,BA,"Salvador, BA","Salvador, BA, Barra",0,571,2559.66,195,2712.93,2025-11,0.5333,0.4447,16,30,235.19,219.36,14,2025-11-03,0.94,0.0,153.26999999999998,berlinda
CCL0004,Camaçari-Jacuipe-casa-SUP-5Q,Carteira 2,BA,"Camaçari, BA","Camaçari, BA, Barra de Jacuípe",0,143,0.0,23,6316.39,2025-11,0.0,0.221,0,30,0.0,1000.0,27,2025-11-03,0.0,0.0,6316.39,crítico
CNB012,Especial-CNB-casa-TOP-1Q,Especial,SP,"Campos do Jordão, SP","Campos do Jordão, SP, Jardim Europa",0,591,545.36,14,3701.03,2025-11,0.0333,0.3298,1,30,693.0,647.78,27,2025-11-03,0.15,0.0,3155.67,crítico
EPO001,Itapema-Praia_Centro-apartamento-SUP-3Q,Carteira 6,SC,"Itapema, SC","Itapema, SC, Castelo Branco",6,598,3135.81,14,2253.07,2025-11,0.6667,0.1996,16,30,261.59,236.43,7,2025-11-03,1.39,1569.54,-882.7399999999998,ok
ETC0028,Florianopolis-Centrao-apartamento-SUP-3Q,Carteira 4,SC,"Florianópolis, SC","Florianópolis, SC, Centro",0,180,5562.46,20,5163.37,2025-11,0.4333,0.4306,13,30,494.54,385.47,17,2025-11-03,1.08,0.0,-399.09000000000015,berlinda
ETE0304,Maceio-Ponta_Verde-apartamento-TOP-1Q,Carteira 2,AL,"Maceió, AL","Maceió, AL, Pajuçara",0,522,3894.93,115,4435.91,2025-11,0.7,0.5713,21,30,273.95,235.56,9,2025-11-03,0.88,0.0,540.98,berlinda
IDF105,Florianopolis-Canasvieiras_Perto-apartamento-SUP-1Q,Carteira 1,SC,"Florianópolis, SC","Florianópolis, SC, Canasvieiras",0,772,3352.98,25,2841.81,2025-11,0.6333,0.408,19,30,208.84,260.0,11,2025-11-03,1.18,0.0,-511.1700000000001,ok
IVT1301,Itapema-Meia_Praia-Norte-apartamento-SUP-3Q,Carteira 6,SC,"Itapema, SC","Itapema, SC, Andorinha",13,701,3948.9,35,2802.96,2025-11,0.7647,0.2707,13,30,364.31,180.33,3,2025-11-03,1.41,4736.03,-1145.94,ok
JBN0043,Sao_Paulo-Brooklin-apartamento-SUP-1Q,Carteira 4,SP,"São Paulo, SP","São Paulo, SP, Brooklin",0,316,1322.81,150,3109.53,2025-11,0.2,0.4567,6,30,254.67,229.18,22,2025-11-03,0.43,0.0,1786.7200000000003,crítico
MHF1409,Itapema-Canto_Praia-apartamento-TOP-2Q,Carteira 5,SC,"Itapema, SC","Itapema, SC, Centro",9,444,1951.5,10,2423.39,2025-11,0.381,0.2478,8,30,287.27,225.1,10,2025-11-03,0.81,2585.43,471.8899999999999,berlinda
MHF1507,Itapema-Canto_Praia-apartamento-TOP-1Q,Carteira 5,SC,"Itapema, SC","Itapema, SC, Centro",0,207,1958.41,17,1245.76,2025-11,0.4,0.3257,12,30,207.83,221.53,17,2025-11-03,1.57,0.0,-712.6500000000001,ok
MHFA0804,Itapema-Canto_Praia-apartamento-SUP-1Q,Carteira 5,SC,"Itapema, SC","Itapema, SC, Centro",0,9,2704.13,9,2579.11,2025-11,0.5667,0.2266,17,30,179.88,189.62,13,2025-11-03,1.05,0.0,-125.01999999999998,berlinda
NWT0412,Especial-NWT-apartamento-TOP-1Q,Carteira 5,AL,"Maceió, AL","Maceió, AL, Pajuçara",0,152,0.0,35,4545.08,2025-11,0.0,0.472,0,30,0.0,704.0,27,2025-11-03,0.0,0.0,4545.08,crítico
NWT0610,Especial-NWT-apartamento-TOP-1Q,Carteira 5,AL,"Maceió, AL","Maceió, AL, Pajuçara",0,215,4455.08,35,4545.08,2025-11,0.6333,0.472,19,30,264.26,335.2,10,2025-11-03,0.98,0.0,90.0,berlinda
NWT1308,Especial-NWT-apartamento-TOP-1Q,Carteira 5,AL,"Maceió, AL","Maceió, AL, Pajuçara",0,330,5018.18,35,4545.08,2025-11,0.5333,0.472,16,30,351.75,309.86,14,2025-11-03,1.1,0.0,-473.10000000000036,ok
PDL005,Porto_Seguro-Pataxos-apartamento-JR-2Q,Carteira 2,BA,"Porto Seguro, BA","Porto Seguro, BA, Paraíso dos Pataxós",0,544,0.0,43,1644.75,2025-11,0.0,0.1841,0,30,0.0,164.19,27,2025-11-03,0.0,0.0,1644.75,crítico
RUD0047,Porto_Seguro-Pataxos-casa-TOP-3Q,Carteira 2,BA,"Porto Seguro, BA","Porto Seguro, BA, Taperapuan",4,348,3404.01,7,5021.97,2025-11,0.3462,0.2203,9,30,446.67,356.43,14,2025-11-03,0.68,1786.68,1617.96,atenção
SAT0012,Sao_Paulo-Vila_Olimpia-apartamento-SUP-1Q,Carteira 4,SP,"São Paulo, SP","São Paulo, SP, Itaim Bibi",5,201,5520.7,294,4075.32,2025-11,0.8,0.4389,20,30,355.25,306.25,4,2025-11-03,1.35,1776.25,-1445.3799999999997,ok
SLC0204,Florianopolis-Rio_Vermelho-apartamento-JR-1Q,Carteira 1,SC,"Florianópolis, SC","Florianópolis, SC, Ingleses do Rio Vermelho",0,318,714.3,13,2546.02,2025-11,0.3,0.4009,9,30,100.56,120.43,21,2025-11-03,0.28,0.0,1831.72,crítico
TXP1406,Goiania-Central-apartamento-SUP-1Q,Carteira 1_sys-price,GO,"Goiânia, GO","Goiânia, GO, Setor Bueno",0,779,1693.88,127,604.39,2025-11,0.3333,0.1935,10,30,177.8,174.89,19,2025-11-03,2.8,0.0,-1089.4900000000002,meta_subestimada
UML0104,Bombinhas-Mariscal-apartamento-TOP-2Q,Carteira 6,SC,"Bombinhas, SC","Bombinhas, SC, Mariscal",1,485,5206.9,16,2261.32,2025-11,0.7241,0.2273,21,30,278.48,311.14,7,2025-11-03,2.3,278.48,-2945.5799999999995,meta_subestimada
VTD0606,Florianopolis-UFSC-apartamento-SUP-1Q,Carteira 4,SC,"Florianópolis, SC","Florianópolis, SC, Trindade",0,54,1772.0,37,1897.84,2025-11,0.3333,0.3378,10,30,227.7,218.95,20,2025-11-03,0.93,0.0,125.83999999999992,berlinda
ACE0201,Florianopolis-Canasvieiras_Meio-apartamento-JR-2Q,Carteira 1,SC,"Florianópolis, SC","Florianópolis, SC, Canasvieiras",0,732,3065.62,17,1592.05,2025-11,0.5,0.2375,15,30,277.27,229.0,12,2025-11-03,1.93,0.0,-1473.57,ok
ASK001,Florianopolis-Itacorubi-apartamento-JR-1Q,Carteira 4,SC,"Florianópolis, SC","Florianópolis, SC, Santa Mônica",0,1101,524.21,12,2137.5,2025-11,0.1667,0.4453,5,30,148.4,162.7,23,2025-11-03,0.25,0.0,1613.29,crítico
CCS0205,Florianopolis-Campeche_Praia-apartamento-TOP-1Q,Carteira 1,SC,"Florianópolis, SC","Florianópolis, SC, Campeche",0,617,2114.74,13,3802.97,2025-11,0.3667,0.4851,11,30,211.46,209.59,17,2025-11-03,0.56,0.0,1688.23,atenção
DLH0105,Gramado-Centro-apartamento-TOP-2Q,Carteira 4,RS,"Gramado, RS","Gramado, RS, Centro",2,451,10461.04,55,9753.75,2025-11,0.75,0.6489,21,30,629.62,583.0,5,2025-11-03,1.07,1259.24,-707.2900000000009,berlinda
FRE1007,Sao_Paulo-Pinheiros-apartamento-SUP-1Q,Carteira 4,SP,"São Paulo, SP","São Paulo, SP, Pinheiros",0,22,2060.3,410,3394.21,2025-11,0.3333,0.4927,10,30,270.1,225.0,18,2025-11-03,0.61,0.0,1333.9099999999999,atenção
HAI406,Salvador-Centro-apartamento-JR-1Q,Carteira 2,BA,"Salvador, BA","Salvador, BA, Centro",0,460,1690.29,27,1948.84,2025-11,0.4333,0.4428,13,30,156.62,133.6,15,2025-11-03,0.87,0.0,258.54999999999995,berlinda
ILC2108,Especial-ILC-hotel-TOP-1Q,Especial,SC,"Florianópolis, SC","Florianópolis, SC, Jurerê Internacional",0,1800,13416.7,28,10075.49,2025-11,0.6333,0.5987,19,30,893.53,721.82,11,2025-11-03,1.33,0.0,-3341.210000000001,ok
JBV106,Especial-JBV-hotel-JR-1Q,Especial,SC,"Florianópolis, SC","Florianópolis, SC, Jurerê",4,1698,8297.73,25,7947.66,2025-11,0.6923,0.4701,18,30,527.16,371.57,7,2025-11-03,1.04,2108.64,-350.0699999999997,berlinda
JFM0062,Florianopolis-Beira_Mar-apartamento-JR-3Q,Carteira 4,SC,"Florianópolis, SC","Florianópolis, SC, Centro",0,235,3891.95,12,3413.55,2025-11,0.5,0.2772,15,30,326.87,265.79,14,2025-11-03,1.14,0.0,-478.39999999999964,ok
JQP0521,Sao_Paulo-Republica-apartamento-JR-1Q,Carteira 4,SP,"São Paulo, SP","São Paulo, SP, Centro Histórico de São Paulo",0,89,2029.89,286,1896.24,2025-11,0.5667,0.4208,17,30,143.0,128.82,11,2025-11-03,1.07,0.0,-133.6500000000001,berlinda
MDC0214,Gramado-Geral-apartamento-SUP-1Q,Carteira 4,RS,"Gramado, RS","Gramado, RS, Floresta",0,240,4283.54,78,4890.74,2025-11,0.6667,0.5846,20,30,277.75,356.6,10,2025-11-03,0.88,0.0,607.1999999999998,berlinda
MHFB0605,Itapema-Canto_Praia-apartamento-SUP-1Q,Carteira 5,SC,"Itapema, SC","Itapema, SC, Centro",0,374,3529.09,9,2579.11,2025-11,0.6667,0.2266,20,30,212.9,247.44,9,2025-11-03,1.37,0.0,-949.98,ok
NWT1019,Especial-NWT-apartamento-TOP-1Q,Carteira 5,AL,"Maceió, AL","Maceió, AL, Pajuçara",0,199,4477.14,35,4545.08,2025-11,0.5,0.472,15,30,401.8,312.54,13,2025-11-03,0.99,0.0,67.9399999999996,berlinda
PAI0303,Salvador-Barra-apartamento-JR-1Q,Carteira 2,BA,"Salvador, BA","Salvador, BA, Barra",0,345,2183.94,116,2434.58,2025-11,0.5,0.4937,15,30,167.93,138.47,15,2025-11-03,0.9,0.0,250.63999999999987,berlinda
PAR0002,Urubici-Geral-casa-TOP-1Q,Carteira 3,SC,"Urubici, SC","Urubici, SC, Arroio do Engenho",0,729,1163.01,82,2335.12,2025-11,0.1,0.1542,3,30,405.0,280.92,24,2025-11-03,0.5,0.0,1172.11,crítico
PSO0304,Penha-Beto_Carrero-apartamento-SUP-1Q,Carteira 3,SC,"Penha, SC","Penha, SC, Praia de Armação do Itapocoroi",0,114,2929.03,12,1751.85,2025-11,0.5,0.2595,15,30,222.13,176.14,14,2025-11-03,1.67,0.0,-1177.1800000000003,ok
PSV000,Garopaba-Centro-casa-TOP-3Q,Carteira 6,SC,"Garopaba, SC","Garopaba, SC, Garopaba",30,638,0.0,14,6012.74,2025-11,,0.3108,0,30,0.0,,0,2025-11-03,0.0,0.0,6012.74,crítico
RAP0306,Florianopolis-Campeche_Praia-apartamento-SUP-1Q,Carteira 1,SC,"Florianópolis, SC","Florianópolis, SC, Campeche",6,330,2497.66,52,4245.8,2025-11,0.5417,0.447,13,30,234.69,271.45,11,2025-11-03,0.59,1408.1399999999999,1748.1400000000003,atenção
RFM0039,Santa_Cruz_Cabralia-Coroa_Vermelha-apartamento-SUP-2Q,Carteira 2,BA,"Santa Cruz Cabrália, BA","Santa Cruz Cabrália, BA, Coroa Vermelha",3,353,0.0,34,2500.7,2025-11,0.0,0.2968,0,30,0.0,234.0,24,2025-11-03,0.0,0.0,2500.7,crítico
SCO0003,Florianopolis-Campeche-apartamento-JR-1Q,Carteira 1,SC,"Florianópolis, SC","Florianópolis, SC, Campeche",6,207,1221.79,21,1126.05,2025-11,0.3333,0.2771,8,30,183.25,178.31,16,2025-11-03,1.09,1099.5,-95.74000000000001,berlinda
SFR0415,Bombinhas-Centro-apartamento-SUP-1Q,Carteira 6,SC,"Bombinhas, SC","Bombinhas, SC, Centro",0,37,4361.01,32,2844.7,2025-11,0.8333,0.4531,25,30,214.92,171.4,5,2025-11-03,1.53,0.0,-1516.3100000000004,ok
TRS0003,Penha-Beto_Carrero-casa-SUP-1Q,Carteira 3,SC,"Penha, SC","Penha, SC, Armação",0,164,257.66,22,1771.32,2025-11,0.0667,0.3843,2,30,156.0,141.5,24,2025-11-03,0.15,0.0,1513.6599999999999,crítico
TXP1007,Goiania-Central-apartamento-SUP-1Q,Carteira 1_sys-price,GO,"Goiânia, GO","Goiânia, GO, Setor Bueno",0,772,4185.48,127,604.39,2025-11,1.0,0.1935,30,30,268.83,,0,2025-11-03,6.93,0.0,-3581.0899999999997,meta_subestimada
TXP1905,Goiania-Central-apartamento-SUP-1Q,Carteira 1_sys-price,GO,"Goiânia, GO","Goiânia, GO, Setor Bueno",0,753,470.04,127,604.39,2025-11,0.1333,0.1935,4,30,162.5,150.12,24,2025-11-03,0.78,0.0,134.34999999999997,atenção
TZS210,Penha-Longe-casa-SUP-2Q,Carteira 6,SC,"Penha, SC","Penha, SC, Praia de Armação do Itaporocói",0,564,1849.47,22,2495.41,2025-11,0.2333,0.3531,7,30,334.0,268.0,18,2025-11-03,0.74,0.0,645.9399999999998,atenção
VST024,Especial-VST-casa-TOP-1Q,Carteira 5,SC,"Anitápolis, SC","Anitápolis, SC, Rio dos Pinheiros",2,123,1507.12,42,1530.85,2025-11,0.25,0.1234,7,30,272.57,189.75,20,2025-11-03,0.98,545.14,23.730000000000018,berlinda
ABY40002,Sao_Paulo-Pompeia-apartamento-SUP-1Q,Carteira 4,SP,"São Paulo, SP","São Paulo, SP, Perdizes",21,79,753.66,59,1892.48,2025-11,0.3333,0.2605,3,30,257.0,224.0,3,2025-11-03,0.4,5397.0,1138.8200000000002,crítico
CNB010,Especial-CNB-casa-TOP-1Q,Especial,SP,"Campos do Jordão, SP","Campos do Jordão, SP, Jardim Europa",0,591,2060.43,14,3701.03,2025-11,0.1667,0.3298,5,30,543.6,668.96,25,2025-11-03,0.56,0.0,1640.6000000000004,atenção
CNT303,Florianopolis-UFSC-apartamento-SUP-1Q,Carteira 4,SC,"Florianópolis, SC","Florianópolis, SC, Trindade",0,639,3191.53,37,1897.84,2025-11,0.7667,0.3378,23,30,192.87,235.43,7,2025-11-03,1.68,0.0,-1293.6900000000003,ok
CZZ0503,Urubici-Geral-apartamento-SUP-1Q,Especial,SC,"Urubici, SC","Urubici, SC, Centro",0,246,716.84,49,1538.22,2025-11,0.1333,0.1338,4,30,225.0,246.96,25,2025-11-03,0.47,0.0,821.38,crítico
ELF0304,Bombinhas-Bombas-apartamento-SUP-1Q,Especial,SC,"Bombinhas, SC","Bombinhas, SC, José Amândio",1,172,3902.76,42,2313.9,2025-11,0.7931,0.3861,23,30,211.13,177.33,6,2025-11-03,1.69,211.13,-1588.8600000000001,ok
ELF0405,Bombinhas-Bombas-apartamento-SUP-1Q,Especial,SC,"Bombinhas, SC","Bombinhas, SC, José Amândio",0,185,4865.13,42,2313.9,2025-11,1.0,0.3861,30,30,189.37,,0,2025-11-03,2.1,0.0,-2551.23,meta_subestimada
ELF0502,Bombinhas-Bombas-apartamento-SUP-1Q,Especial,SC,"Bombinhas, SC","Bombinhas, SC, José Amândio",2,187,3655.91,42,2313.9,2025-11,0.6429,0.3861,18,30,282.33,334.6,10,2025-11-03,1.58,564.66,-1342.0099999999998,ok
ELS0402,Porto_Alegre-Centro_Historico-apartamento-JR-1Q,Carteira 4,RS,"Porto Alegre, RS","Porto Alegre, RS, Centro Histórico",0,15,652.01,67,1126.25,2025-11,0.2333,0.3332,7,30,101.57,117.33,21,2025-11-03,0.58,0.0,474.24,atenção
ELU0211,Florianopolis-Jurere_Tradicional-apartamento-TOP-1Q,Carteira 1,SC,"Florianópolis, SC","Florianópolis, SC, Jurerê",0,74,6671.29,14,6829.73,2025-11,0.6667,0.5343,20,30,390.35,425.86,7,2025-11-03,0.98,0.0,158.4399999999996,berlinda
IDB0701,Florianopolis-Saco_Grande-apartamento-SUP-3Q,Carteira 4,SC,"Florianópolis, SC","Florianópolis, SC, Saco Grande",29,2,0.0,8,4683.77,2025-11,0.0,0.2928,0,30,0.0,892.0,1,2025-11-03,0.0,0.0,4683.77,crítico
IPC0901,Balneario_Camboriu-Centro-apartamento-TOP-3Q,Carteira 6,SC,"Balneário Camboriú, SC","Balneário Camboriú, SC, Centro",11,67,5238.71,40,5438.41,2025-11,0.6842,0.3927,13,30,518.77,367.67,6,2025-11-03,0.96,5706.469999999999,199.69999999999982,berlinda
MCA0609,Balneario_Picarras-Geral-casa-JR-2Q,Carteira 6,SC,"Balneário Piçarras, SC","Balneário Piçarras, SC, Itacolomi",0,345,2128.71,10,1356.11,2025-11,0.6333,0.1403,19,30,143.68,124.25,8,2025-11-03,1.57,0.0,-772.6000000000001,ok
MHF1201,Itapema-Canto_Praia-apartamento-TOP-1Q,Carteira 5,SC,"Itapema, SC","Itapema, SC, Centro",0,309,1997.93,17,1245.76,2025-11,0.3667,0.3257,11,30,199.4,211.47,15,2025-11-03,1.6,0.0,-752.1700000000001,ok
MPL0004,Brasilia-Asa_Norte-apartamento-JR-1Q,Carteira 1_sys-price,DF,"Brasília, DF","Brasília, DF, Asa Norte",0,257,1032.46,150,2145.04,2025-11,0.1667,0.5079,5,30,236.89,193.95,21,2025-11-03,0.48,0.0,1112.58,crítico
NRA0490,Balneario_Picarras-Geral-apartamento-JR-3Q,Carteira 6,SC,"Balneário Piçarras, SC","Balneário Piçarras, SC, Piçarras",0,340,2393.76,56,1361.11,2025-11,0.5,0.1714,15,30,179.93,144.93,14,2025-11-03,1.76,0.0,-1032.6500000000003,ok
NVM0010,Porto_Seguro-Pataxos-apartamento-SUP-2Q,Carteira 2,BA,"Porto Seguro, BA","Porto Seguro, BA, Paraíso dos Pataxós",3,201,0.0,27,2773.76,2025-11,0.0,0.3147,0,30,0.0,168.54,24,2025-11-03,0.0,0.0,2773.76,crítico
ONE0407,Salvador-Piata-apartamento-SUP-1Q,Carteira 5,BA,"Salvador, BA","Salvador, BA, Piatã",0,66,101.15,16,1053.4,2025-11,0.0333,0.2543,1,30,172.0,161.89,27,2025-11-03,0.1,0.0,952.2500000000001,crítico
PLO0010,Jaguaruna-Camacho-apartamento-SUP-1Q,Carteira 6,SC,"Jaguaruna, SC","Jaguaruna, SC, Centro",0,22,0.0,8,1630.19,2025-11,0.0,0.2015,0,30,0.0,116.56,27,2025-11-03,0.0,0.0,1630.19,crítico
PSO0705,Penha-Beto_Carrero-apartamento-SUP-1Q,Carteira 3,SC,"Penha, SC","Penha, SC, Praia de Armação do Itapocoroi",0,134,2363.59,12,1751.85,2025-11,0.3333,0.2595,10,30,260.0,179.0,17,2025-11-03,1.35,0.0,-611.7400000000002,ok
PSO0801,Penha-Beto_Carrero-apartamento-SUP-1Q,Carteira 3,SC,"Penha, SC","Penha, SC, Praia de Armação do Itapocoroi",0,102,4272.29,12,1751.85,2025-11,0.8,0.2595,24,30,212.08,178.83,6,2025-11-03,2.44,0.0,-2520.44,meta_subestimada
PSOB0707,Penha-Beto_Carrero-apartamento-SUP-1Q,Carteira 3,SC,"Penha, SC","Penha, SC, Armação",0,142,2584.53,12,1751.85,2025-11,0.4,0.2595,12,30,234.92,182.8,15,2025-11-03,1.48,0.0,-832.6800000000003,ok
REK0002,Penha-Beto_Carrero-casa-JR-1Q,Carteira 3,SC,"Penha, SC","Penha, SC, Armação",0,66,317.16,26,1795.62,2025-11,0.1333,0.42,4,30,104.25,118.81,26,2025-11-03,0.18,0.0,1478.4599999999998,crítico
RGP208,Florianopolis-Jurere_Tradicional-apartamento-JR-2Q,Carteira 1,SC,"Florianópolis, SC","Florianópolis, SC, Jurerê",0,1484,4540.34,19,5520.27,2025-11,0.5,0.4331,15,30,362.8,246.21,14,2025-11-03,0.82,0.0,979.9300000000003,berlinda
RRC0206,Florianopolis-Ribeirao-apartamento-SUP-1Q,Carteira 4,SC,"Florianópolis, SC","Florianópolis, SC, Ribeirão da Ilha",4,409,0.0,31,1742.5,2025-11,0.0,0.3403,0,30,0.0,163.69,26,2025-11-03,0.0,0.0,1742.5,crítico
RVL1183,Bombinhas-Mariscal-casa-JR-2Q,Carteira 6,SC,"Bombinhas, SC","Bombinhas, SC, Canto Grande",1,876,2279.17,15,1839.44,2025-11,0.5862,0.3028,17,30,162.59,146.27,11,2025-11-03,1.24,162.59,-439.73,ok
SDS104,Gramado-Geral-apartamento-SUP-2Q,Carteira 4,RS,"Gramado, RS","Gramado, RS, Centro",0,492,7086.72,139,6021.82,2025-11,0.7667,0.4915,23,30,420.52,370.57,7,2025-11-03,1.18,0.0,-1064.9000000000005,ok
SHC0506,Balneario_Picarras-Geral-apartamento-TOP-3Q,Carteira 6,SC,"Balneário Piçarras, SC","Balneário Piçarras, SC, Itacolomi",0,156,6890.6,16,2316.58,2025-11,0.8,0.2184,24,30,337.46,272.2,5,2025-11-03,2.97,0.0,-4574.02,meta_subestimada
SSG0317,Florianopolis-UFSC-apartamento-TOP-1Q,Carteira 4,SC,"Florianópolis, SC","Florianópolis, SC, Córrego Grande",0,319,1372.53,13,2547.0,2025-11,0.2333,0.4161,7,30,259.43,236.5,20,2025-11-03,0.54,0.0,1174.47,atenção
TDE0587,Florianopolis-Campeche-apartamento-SUP-2Q,Carteira 1,SC,"Florianópolis, SC","Florianópolis, SC, Campeche",0,423,2420.45,9,3386.91,2025-11,0.3333,0.3051,10,30,382.6,285.0,20,2025-11-03,0.71,0.0,966.46,atenção
TPS306,Florianopolis-Canasvieiras_Meio-apartamento-TOP-1Q,Carteira 1,SC,"Florianópolis, SC","Florianópolis, SC, Canasvieiras",0,995,3586.44,24,3347.91,2025-11,0.6,0.437,18,30,263.67,325.17,12,2025-11-03,1.07,0.0,-238.5300000000002,berlinda
TRA0014,Camaçari-Monte_Gordo-apartamento-TOP-2Q,Carteira 2,BA,"Camaçari, BA","Camaçari, BA, Guarajuba Monte Gordo",1,382,1013.97,24,4064.28,2025-11,0.1034,0.3193,3,30,444.67,322.92,25,2025-11-03,0.25,444.67,3050.3100000000004,crítico
VST016,Especial-VST-casa-TOP-1Q,Carteira 5,SC,"Anitápolis, SC","Anitápolis, SC, Rio dos pinheiros",2,123,1372.83,42,1530.85,2025-11,0.1786,0.1234,5,30,333.4,182.59,22,2025-11-03,0.9,666.8,158.01999999999998,berlinda
VVC0202,Florianopolis-Jurere_Longe-apartamento-TOP-2Q,Carteira 1,SC,"Florianópolis, SC","Florianópolis, SC, Jurerê Internacional",4,37,3935.39,16,7660.43,2025-11,0.3462,0.5285,9,30,519.11,467.25,16,2025-11-03,0.51,2076.44,3725.0400000000004,atenção
WSH0407,Curitiba-Batel-apartamento-SUP-1Q,Carteira 4,PR,"Curitiba, PR","Curitiba, PR, Bigorrilho",0,18,1089.97,183,1897.84,2025-11,0.2333,0.3494,7,30,234.43,232.96,23,2025-11-03,0.57,0.0,807.8699999999999,atenção
ZNB0706,Salvador-Barra-apartamento-SUP-1Q,Carteira 2,BA,"Salvador, BA","Salvador, BA, Barra",0,33,1792.14,195,2712.93,2025-11,0.4333,0.4447,13,30,203.46,220.0,16,2025-11-03,0.66,0.0,920.7899999999997,atenção
BLS1256,Goiania-Central-apartamento-SUP-1Q,Carteira 1_sys-price,GO,"Goiânia, GO","Goiânia, GO, Setor Marista",30,713,0.0,127,604.39,2025-11,,0.1935,0,30,0.0,,0,2025-11-03,0.0,0.0,604.39,crítico
BSO0103,Itajai-Praia_Brava-apartamento-SUP-1Q,Carteira 6,SC,"Balneário Camboriú, SC","Balneário Camboriú, SC, Praia dos Amores",0,198,3245.92,50,2244.64,2025-11,0.6,0.3503,18,30,188.52,141.56,9,2025-11-03,1.45,0.0,-1001.2800000000002,ok
CEI0304,Porto_Alegre-Auxiliadora-apartamento-TOP-1Q,Carteira 4,RS,"Porto Alegre, RS","Porto Alegre, RS, Independência",0,467,0.0,28,2317.7,2025-11,0.0,0.369,0,30,0.0,212.74,27,2025-11-03,0.0,0.0,2317.7,crítico
CIA2313,Sao_Paulo-Vila_Olimpia-apartamento-TOP-1Q,Carteira 4,SP,"São Paulo, SP","São Paulo, SP, Vila Olímpia",1,284,6882.88,98,5971.64,2025-11,0.6897,0.4502,20,30,418.85,369.63,8,2025-11-03,1.15,418.85,-911.2399999999998,ok
EMF1003,Balneario_Camboriu-Intermediario-apartamento-SUP-2Q,Carteira 6,SC,"Balneário Camboriú, SC","Balneário Camboriú, SC, Centro",0,698,2579.55,55,2596.14,2025-11,0.5,0.2766,15,30,219.13,247.07,15,2025-11-03,0.99,0.0,16.58999999999969,berlinda
EVA806,Florianopolis-Centrao-apartamento-SUP-1Q,Carteira 4,SC,"Florianópolis, SC","Florianópolis, SC, Centro",0,505,2869.28,114,2659.14,2025-11,0.5,0.3255,15,30,217.47,223.27,15,2025-11-03,1.08,0.0,-210.14000000000033,berlinda
GPL1305,Porto_Alegre-Jardim_Lindoia-apartamento-SUP-2Q,Carteira 4,RS,"Porto Alegre, RS","Porto Alegre, RS, São Sebastião",1,185,5120.04,10,4619.04,2025-11,0.5862,0.5219,17,30,295.9,305.33,9,2025-11-03,1.11,295.9,-501.0,ok
GTR0301,Balneario_Camboriu-Intermediario-apartamento-TOP-3Q,Carteira 6,SC,"Balneário Camboriú, SC","Balneário Camboriú, SC, Centro",3,72,5923.16,23,3048.22,2025-11,0.7407,0.3328,20,30,384.3,318.0,6,2025-11-03,1.94,1152.9,-2874.94,ok
ILC3405,Especial-ILC-hotel-JR-1Q,Especial,SC,"Florianópolis, SC","Florianópolis, SC, Jurerê Internacional",0,1832,7957.75,16,7488.19,2025-11,0.5,0.4706,15,30,625.07,511.31,13,2025-11-03,1.06,0.0,-469.5600000000004,berlinda
ISM0806,Sao_Paulo-Moema-apartamento-SUP-1Q,Carteira 4_sys-price,SP,"São Paulo, SP","São Paulo, SP, Indianópolis",1,271,1826.45,499,2610.74,2025-11,0.3448,0.3688,10,30,228.5,193.89,18,2025-11-03,0.7,228.5,784.2899999999997,atenção
JAT0355,Bombinhas-Mariscal-casa-SUP-4Q,Carteira 6,SC,"Bombinhas, SC","Bombinhas, SC, Canto Grande",11,604,5614.95,14,4728.05,2025-11,0.6842,0.3014,13,30,562.54,530.0,6,2025-11-03,1.19,6187.94,-886.8999999999996,ok
LIV1007,Salvador-Graca-apartamento-TOP-1Q,Especial,BA,"Salvador, BA","Salvador, BA, Vitória",1,94,2092.17,10,3417.57,2025-11,0.3448,0.3374,10,30,235.4,244.05,19,2025-11-03,0.61,235.4,1325.4,atenção
MBH0601,Balneario_Camboriu-Intermediario-apartamento-JR-1Q,Carteira 6,SC,"Balneário Camboriú, SC","Balneário Camboriú, SC, Pioneiros",0,317,2319.5,48,1828.74,2025-11,0.6,0.3472,18,30,146.22,110.18,11,2025-11-03,1.27,0.0,-490.76,ok
MHFB1307,Itapema-Canto_Praia-apartamento-SUP-1Q,Carteira 5,SC,"Itapema, SC","Itapema, SC, Centro",0,425,2168.86,9,2579.11,2025-11,0.4,0.2266,12,30,240.25,205.5,16,2025-11-03,0.84,0.0,410.25,berlinda
MOP0103,Sao_Paulo-Pinheiros-apartamento-SUP-1Q,Carteira 4,SP,"São Paulo, SP","São Paulo, SP, Jardim Paulista",0,68,4396.6,410,3394.21,2025-11,0.7,0.4927,21,30,277.14,271.0,8,2025-11-03,1.3,0.0,-1002.3900000000003,ok
NIK0504,Sao_Paulo-Bela_Vista-apartamento-SUP-1Q,Carteira 4,SP,"São Paulo, SP","São Paulo, SP, Bela Vista",0,53,1861.7,577,2932.4,2025-11,0.3667,0.4661,11,30,185.27,184.59,17,2025-11-03,0.63,0.0,1070.7,atenção
NWT0315,Especial-NWT-apartamento-TOP-1Q,Carteira 5,AL,"Maceió, AL","Maceió, AL, Pajuçara",0,186,2883.34,35,4545.08,2025-11,0.3333,0.472,10,30,339.7,283.16,19,2025-11-03,0.63,0.0,1661.7399999999998,atenção
NWT0419,Especial-NWT-apartamento-TOP-1Q,Carteira 5,AL,"Maceió, AL","Maceió, AL, Pajuçara",0,309,5608.17,35,4545.08,2025-11,0.5333,0.472,16,30,434.56,290.77,13,2025-11-03,1.23,0.0,-1063.0900000000001,ok
RAE0126,Bombinhas-Mariscal-casa-JR-3Q,Carteira 6,SC,"Bombinhas, SC","Bombinhas, SC, Morrinhos",3,324,3926.67,26,3080.29,2025-11,0.7778,0.2802,21,30,275.38,212.0,5,2025-11-03,1.27,826.14,-846.3800000000001,ok
RGF1406,Salvador-Flamengo-apartamento-TOP-1Q,Carteira 2,BA,"Salvador, BA","Salvador, BA, Itapuã",0,131,1221.9,27,2876.83,2025-11,0.2667,0.3919,8,30,169.25,197.05,20,2025-11-03,0.42,0.0,1654.9299999999998,crítico
RIT206,Florianopolis-Praia_Brava-apartamento-SUP-4Q,Carteira 1,SC,"Florianópolis, SC","Florianópolis, SC, Praia Brava",4,555,3713.13,11,4919.78,2025-11,0.3462,0.2661,9,30,506.44,490.93,14,2025-11-03,0.75,2025.76,1206.6499999999996,atenção
THK0202,Sao_Paulo-Republica-apartamento-SUP-1Q,Carteira 4,SP,"São Paulo, SP","São Paulo, SP, República",0,556,2990.08,443,2284.22,2025-11,0.7,0.4426,21,30,208.1,153.0,9,2025-11-03,1.31,0.0,-705.8600000000001,ok
UPP0511,Curitiba-Centro-apartamento-JR-1Q,Carteira 4,PR,"Curitiba, PR","Curitiba, PR, Alto da XV",0,25,534.27,216,1613.6,2025-11,0.1333,0.3993,4,30,144.75,156.29,24,2025-11-03,0.33,0.0,1079.33,crítico
VFR505,Bombinhas-Bombas-apartamento-TOP-1Q,Especial,SC,"Bombinhas, SC","Bombinhas, SC, Bombas",8,754,2143.22,74,2670.76,2025-11,0.4091,0.3424,9,30,251.73,199.3,10,2025-11-03,0.8,2013.84,527.5400000000004,berlinda
CNA013,Especial-CNA-casa-MASTER-1Q,Especial,SP,"Campos do Jordão, SP","Campos do Jordão, SP, Jardim Europa",0,1016,7048.83,25,6397.17,2025-11,0.4667,0.3129,14,30,589.0,602.06,16,2025-11-03,1.1,0.0,-651.6599999999999,ok
CUR0905,Florianopolis-Itacorubi-apartamento-SUP-1Q,Carteira 4,SC,"Florianópolis, SC","Florianópolis, SC, Itacorubi",4,94,2363.15,11,2504.66,2025-11,0.5,0.3919,13,30,245.69,291.0,12,2025-11-03,0.94,982.76,141.50999999999976,berlinda
DLH0205,Gramado-Centro-apartamento-TOP-2Q,Carteira 4,RS,"Gramado, RS","Gramado, RS, Centro",0,400,11224.98,55,9753.75,2025-11,0.7,0.6489,21,30,653.14,498.78,9,2025-11-03,1.15,0.0,-1471.2299999999996,ok
DRB0205,Balneario_Camboriu-Centro-apartamento-SUP-3Q,Carteira 6,SC,"Balneário Camboriú, SC","Balneário Camboriú, SC, Centro",0,681,7096.86,71,3587.4,2025-11,0.6667,0.3532,20,30,410.45,286.89,9,2025-11-03,1.98,0.0,-3509.4599999999996,ok
ENL0004,Porto_Seguro-Pataxos-apartamento-JR-1Q,Carteira 2,BA,"Porto Seguro, BA","Porto Seguro, BA, Village 01",0,5,1832.71,34,2174.24,2025-11,0.5,0.3913,15,30,156.33,153.85,13,2025-11-03,0.84,0.0,341.52999999999975,berlinda
EVB308,Itapema-Meia_Praia-Sul-apartamento-SUP-2Q,Carteira 6,SC,"Itapema, SC","Itapema, SC, Meia Praia",6,1262,3841.56,12,3299.32,2025-11,0.75,0.2381,18,30,231.14,202.0,2,2025-11-03,1.16,1386.84,-542.2399999999998,ok
GET0302,Guara-Geral-apartamento-SUP-2Q,Carteira 1,DF,"Brasília, DF","Brasília, DF, Zona Industrial",0,215,2873.51,11,1591.26,2025-11,0.3667,0.2278,11,30,296.75,351.29,17,2025-11-03,1.81,0.0,-1282.2500000000002,ok
ILC3315,Especial-ILC-hotel-TOP-1Q,Especial,SC,"Florianópolis, SC","Florianópolis, SC, Jurerê Internacional",0,1244,9162.51,28,10075.49,2025-11,0.5333,0.5987,16,30,820.63,526.08,13,2025-11-03,0.91,0.0,912.9799999999996,berlinda
JBV155,Especial-JBV-hotel-JR-1Q,Especial,SC,"Florianópolis, SC","Florianópolis, SC, Jurerê",0,274,10344.15,25,7947.66,2025-11,0.7,0.4701,21,30,551.43,489.67,9,2025-11-03,1.3,0.0,-2396.49,ok
JDA402,Balneario_Camboriu-Longe-apartamento-JR-2Q,Carteira 6,SC,"Balneário Camboriú, SC","Balneário Camboriú, SC, Nações",2,859,1480.43,17,2048.93,2025-11,0.5357,0.2727,15,30,188.6,191.06,18,2025-11-03,0.72,377.2,568.4999999999998,atenção
LDN201,Cabo_Frio-Centro-apartamento-JR-3Q,Carteira 4,RJ,"Cabo Frio, RJ","Cabo Frio, RJ, Braga",19,633,0.0,86,2426.8,2025-11,0.0,0.2192,0,30,0.0,295.25,8,2025-11-03,0.0,0.0,2426.8,crítico
MHF1603,Itapema-Canto_Praia-apartamento-TOP-1Q,Carteira 5,SC,"Itapema, SC","Itapema, SC, Centro",3,386,2241.44,17,1245.76,2025-11,0.4815,0.3257,13,30,208.31,190.0,14,2025-11-03,1.8,624.9300000000001,-995.6800000000001,ok
MZD0308,Cabo_Frio-Centro-apartamento-SUP-2Q,Carteira 4,RJ,"Cabo Frio, RJ","Cabo Frio, RJ, Centro",0,383,2197.0,88,3841.01,2025-11,0.2667,0.4235,8,30,332.0,287.95,19,2025-11-03,0.57,0.0,1644.0100000000002,atenção
NWT0612,Especial-NWT-apartamento-TOP-1Q,Carteira 5,AL,"Maceió, AL","Maceió, AL, Pajuçara",0,215,4444.24,35,4545.08,2025-11,0.6,0.472,18,30,295.44,270.08,12,2025-11-03,0.98,0.0,100.84000000000015,berlinda
NWT1104,Especial-NWT-apartamento-TOP-1Q,Carteira 5,AL,"Maceió, AL","Maceió, AL, Pajuçara",0,10,3831.44,35,4545.08,2025-11,0.5333,0.472,16,30,318.5,285.0,14,2025-11-03,0.84,0.0,713.6399999999999,berlinda
OBP0201,Penha-Beto_Carrero-apartamento-TOP-2Q,Carteira 3,SC,"Penha, SC","Penha, SC, Armação",2,52,1084.5,44,4240.94,2025-11,0.1071,0.3102,3,30,378.0,273.75,24,2025-11-03,0.26,756.0,3156.4399999999996,crítico
PKS0115,Guara-Geral-apartamento-SUP-1Q,Carteira 1,DF,"Brasília, DF","Brasília, DF, Asa Norte",0,212,2065.49,31,2143.1,2025-11,0.4667,0.4504,14,30,182.21,219.56,16,2025-11-03,0.96,0.0,77.61000000000013,berlinda
PSO0809,Penha-Beto_Carrero-apartamento-SUP-1Q,Carteira 3,SC,"Penha, SC","Penha, SC, Praia de Armação do Itapocoroi",0,92,1145.32,12,1751.85,2025-11,0.2333,0.2595,7,30,195.86,179.52,21,2025-11-03,0.65,0.0,606.53,atenção
RAP308,Florianopolis-Campeche_Praia-apartamento-SUP-2Q,Carteira 1,SC,"Florianópolis, SC","Florianópolis, SC, Campeche",0,617,6613.65,15,3802.97,2025-11,0.7333,0.4675,22,30,374.95,280.38,8,2025-11-03,1.74,0.0,-2810.68,ok
RGF1211,Salvador-Flamengo-apartamento-TOP-1Q,Carteira 2,BA,"Salvador, BA","Salvador, BA, Itapuã",0,72,2947.33,27,2876.83,2025-11,0.5667,0.3919,17,30,210.79,218.27,11,2025-11-03,1.02,0.0,-70.5,berlinda
RTBB1361,Florianopolis-Canasvieiras_Meio-apartamento-SIM-1Q,Carteira 1,SC,"Florianópolis, SC","Florianópolis, SC, Canasvieiras",0,738,1513.76,30,1537.74,2025-11,0.3667,0.3118,11,30,153.91,151.84,19,2025-11-03,0.98,0.0,23.980000000000018,berlinda
SGS0106,Florianopolis-Beira_Mar-apartamento-SUP-1Q,Carteira 4,SC,"Florianópolis, SC","Florianópolis, SC, Centro",0,81,2926.57,20,2637.13,2025-11,0.5333,0.3303,16,30,218.19,269.07,14,2025-11-03,1.11,0.0,-289.44000000000005,ok
TCO0210,Porto_Alegre-Centro_Historico-apartamento-SUP-1Q,Carteira 4,RS,"Porto Alegre, RS","Porto Alegre, RS, Centro Histórico",0,269,1040.7,65,1297.34,2025-11,0.2,0.2842,6,30,128.78,129.05,21,2025-11-03,0.8,0.0,256.6399999999999,berlinda
UPP0513,Curitiba-Centro-apartamento-JR-1Q,Carteira 4,PR,"Curitiba, PR","Curitiba, PR, Alto da XV",0,26,434.84,216,1613.6,2025-11,0.1,0.3993,3,30,147.0,155.96,26,2025-11-03,0.27,0.0,1178.76,crítico
CZZ0505,Urubici-Geral-apartamento-SUP-1Q,Especial,SC,"Urubici, SC","Urubici, SC, Centro",0,162,851.36,49,1538.22,2025-11,0.1333,0.1338,4,30,250.0,255.74,23,2025-11-03,0.55,0.0,686.86,atenção
DRL0103,Bombinhas-Centro-apartamento-TOP-2Q,Carteira 6,SC,"Bombinhas, SC","Bombinhas, SC, Centro",0,487,5714.77,27,5247.9,2025-11,0.9,0.4183,27,30,261.59,256.0,3,2025-11-03,1.09,0.0,-466.8700000000008,berlinda
ILC3313,Especial-ILC-hotel-JR-1Q,Especial,SC,"Florianópolis, SC","Florianópolis, SC, Jurerê Internacional",0,1615,7333.26,16,7488.19,2025-11,0.4667,0.4706,14,30,640.5,541.07,14,2025-11-03,0.98,0.0,154.92999999999938,berlinda
NOR0101,Brasilia-Asa_Norte-apartamento-JR-2Q,Carteira 1_sys-price,DF,"Brasília, DF","Brasília, DF, Asa Norte",0,767,3002.78,14,3681.8,2025-11,0.4333,0.561,13,30,255.85,286.41,17,2025-11-03,0.82,0.0,679.02,berlinda
OBP0303,Penha-Beto_Carrero-apartamento-MASTER-2Q,Carteira 3,SC,"Penha, SC","Penha, SC, Armação",0,352,4653.59,23,3350.41,2025-11,0.5667,0.2503,17,30,328.59,309.15,13,2025-11-03,1.39,0.0,-1303.1800000000003,ok
PDC001,Ilheus-Sul-apartamento-JR-2Q,Carteira 2,BA,"Ilhéus, BA","Ilhéus, BA, Nossa Senhora da Vitória",0,467,0.0,15,1576.18,2025-11,0.0,0.1918,0,30,0.0,120.0,27,2025-11-03,0.0,0.0,1576.18,crítico
RSR0614,Maceio-Cruz_das_Almas-apartamento-TOP-1Q,Carteira 2,AL,"Maceió, AL","Maceió, AL, Cruz das Almas",30,374,0.0,52,3634.41,2025-11,,0.5455,0,30,0.0,,0,2025-11-03,0.0,0.0,3634.41,crítico
TOR0407,Imbituba-Centro-apartamento-SUP-1Q,Carteira 6,SC,"Imbituba, SC","Imbituba, SC, Centro",2,3,674.24,8,1630.19,2025-11,0.1786,0.2202,5,30,167.12,124.3,20,2025-11-03,0.41,334.24,955.95,crítico
TPZ0403,Santa_Cruz_Cabralia-Coroa_Vermelha-apartamento-SUP-2Q,Carteira 2,BA,"Santa Cruz Cabrália, BA","Santa Cruz Cabrália, BA, Coroa Vermelha",0,662,810.04,34,2500.7,2025-11,0.1333,0.2968,4,30,239.75,195.3,23,2025-11-03,0.32,0.0,1690.6599999999999,crítico
TSR0501,Ilheus-Sul-apartamento-SUP-2Q,Carteira 2,BA,"Ilhéus, BA","Ilhéus, BA, Nossa Senhora da Vitória",0,75,2724.66,30,1557.2,2025-11,0.6,0.2303,18,30,201.89,185.08,12,2025-11-03,1.75,0.0,-1167.4599999999998,ok
VST009,Especial-VST-casa-TOP-1Q,Carteira 5,SC,"Anitápolis, SC","Anitápolis, SC, Rio dos Pinheiros",2,488,1653.73,42,1530.85,2025-11,0.3214,0.1234,9,30,239.11,189.53,19,2025-11-03,1.08,478.22,-122.88000000000011,berlinda
ARK0201,Brasilia-Asa_Sul-apartamento-TOP-1Q,Carteira 1,DF,"Brasília, DF","Brasília, DF, Asa Sul",0,137,3174.75,24,2969.47,2025-11,0.5,0.5642,15,30,490.53,275.73,15,2025-11-03,1.07,0.0,-205.2800000000002,berlinda
ELF0612,Bombinhas-Bombas-apartamento-SUP-1Q,Especial,SC,"Bombinhas, SC","Bombinhas, SC, José Amândio",3,185,4097.22,42,2313.9,2025-11,0.7407,0.3861,20,30,261.05,206.29,7,2025-11-03,1.77,783.1500000000001,-1783.3200000000002,ok
EVR1403,Porto_Belo-Geral-apartamento-TOP-2Q,Carteira 6,SC,"Porto Belo, SC","Porto Belo, SC, Balneário Perequê",0,50,2901.86,8,4671.6,2025-11,0.5333,0.2379,16,30,223.94,218.5,14,2025-11-03,0.62,0.0,1769.7400000000002,atenção
ILH0001,Florianopolis-Canasvieiras_Perto-apartamento-JR-1Q,Carteira 1,SC,"Florianópolis, SC","Florianópolis, SC, Canasvieiras",1,1,1775.29,42,1971.66,2025-11,0.3793,0.3351,11,30,190.45,198.38,16,2025-11-03,0.9,190.45,196.37000000000012,berlinda
LIV0907,Salvador-Graca-apartamento-TOP-1Q,Especial,BA,"Salvador, BA","Salvador, BA, Vitória",0,120,4188.05,10,3417.57,2025-11,0.5,0.3374,15,30,255.53,241.8,15,2025-11-03,1.23,0.0,-770.48,ok
MOC0210,Petropolis-Quitandinha-apartamento-JR-1Q,Carteira 4,RJ,"Petrópolis, RJ","Petrópolis, RJ, Independência",0,347,1378.14,46,2203.92,2025-11,0.1667,0.3149,5,30,386.6,115.92,24,2025-11-03,0.63,0.0,825.78,atenção
NWT0802,Especial-NWT-apartamento-TOP-1Q,Carteira 5,AL,"Maceió, AL","Maceió, AL, Pajuçara",0,239,2896.53,35,4545.08,2025-11,0.3,0.472,9,30,358.44,285.67,18,2025-11-03,0.64,0.0,1648.5499999999997,atenção
NWT0907,Especial-NWT-apartamento-TOP-1Q,Carteira 5,AL,"Maceió, AL","Maceió, AL, Pajuçara",0,221,4413.89,35,4545.08,2025-11,0.6333,0.472,19,30,273.21,361.0,11,2025-11-03,0.97,0.0,131.1899999999996,berlinda
NWT1324,Especial-NWT-apartamento-TOP-1Q,Carteira 5,AL,"Maceió, AL","Maceió, AL, Pajuçara",0,228,4330.04,35,4545.08,2025-11,0.4333,0.472,13,30,534.69,453.0,15,2025-11-03,0.95,0.0,215.03999999999996,berlinda
RGO702,Itapema-Meia_Praia-Sul-apartamento-SUP-2Q,Carteira 6,SC,"Itapema, SC","Itapema, SC, Castelo Branco",6,772,2528.87,12,3299.32,2025-11,0.625,0.2381,15,30,187.33,182.33,9,2025-11-03,0.77,1123.98,770.4500000000003,atenção
RPO0302,Balneario_Picarras-Geral-apartamento-TOP-2Q,Carteira 6,SC,"Balneário Piçarras, SC","Balneário Piçarras, SC, Centro",3,30,2884.06,32,2108.3,2025-11,0.5556,0.2801,15,30,230.73,198.67,12,2025-11-03,1.37,692.1899999999999,-775.7599999999998,ok
RRT0098,Penha-Longe-casa-JR-2Q,Carteira 6,SC,"Penha, SC","Penha, SC, Armação",0,423,1655.26,14,2797.21,2025-11,0.4333,0.329,13,30,150.23,147.21,14,2025-11-03,0.59,0.0,1141.95,atenção
RUA0226,Penha-Praia-casa-JR-3Q,Carteira 6,SC,"Penha, SC","Penha, SC, Centro",6,263,2993.19,23,2180.08,2025-11,0.5,0.308,12,30,343.5,164.82,11,2025-11-03,1.37,2061.0,-813.1100000000001,ok
TCO0815,Porto_Alegre-Centro_Historico-apartamento-SUP-1Q,Carteira 4,RS,"Porto Alegre, RS","Porto Alegre, RS, Centro Histórico",0,421,1341.72,65,1297.34,2025-11,0.4,0.2842,12,30,120.0,149.12,17,2025-11-03,1.03,0.0,-44.38000000000011,berlinda
THK1902,Sao_Paulo-Republica-apartamento-SUP-1Q,Carteira 4,SP,"São Paulo, SP","São Paulo, SP, República",0,297,1883.45,443,2284.22,2025-11,0.4333,0.4426,13,30,167.23,153.0,17,2025-11-03,0.82,0.0,400.76999999999975,berlinda
THO2707,Goiania-Leste-apartamento-SUP-1Q,Carteira 1_sys-price,GO,"Goiânia, GO","Goiânia, GO, Jardim Goiás",0,597,2515.08,57,1049.75,2025-11,0.3,0.2168,9,30,165.56,161.95,21,2025-11-03,2.4,0.0,-1465.33,meta_subestimada
BFH0101,Balneario_Camboriu-Longe-apartamento-JR-2Q,Carteira 6,SC,"Balneário Camboriú, SC","Balneário Camboriú, SC, Nações",3,676,847.35,17,2048.93,2025-11,0.2593,0.2727,7,30,196.29,152.33,6,2025-11-03,0.41,588.87,1201.58,crítico
BSO0205,Itajai-Praia_Brava-apartamento-SUP-1Q,Carteira 6,SC,"Balneário Camboriú, SC","Balneário Camboriú, SC, Praia dos Amores",0,198,2060.15,50,2244.64,2025-11,0.4333,0.3503,13,30,190.23,162.18,17,2025-11-03,0.92,0.0,184.48999999999978,berlinda
CLG0408,Florianopolis-Centrao-apartamento-TOP-1Q,Carteira 4,SC,"Florianópolis, SC","Florianópolis, SC, Centro",0,64,0.0,24,3174.01,2025-11,0.0,0.2825,0,30,0.0,330.74,27,2025-11-03,0.0,0.0,3174.01,crítico
CRVA0007,Florianopolis-Praia_Brava-apartamento-JR-2Q,Carteira 1,SC,"Florianópolis, SC","Florianópolis, SC, Canasvieiras",7,344,2820.72,12,1445.28,2025-11,0.5217,0.1916,12,30,304.92,290.11,9,2025-11-03,1.95,2134.44,-1375.4399999999998,ok
DLH0204,Gramado-Centro-apartamento-TOP-2Q,Carteira 4,RS,"Gramado, RS","Gramado, RS, Centro",3,450,11131.45,55,9753.75,2025-11,0.7778,0.6489,21,30,684.48,644.0,4,2025-11-03,1.14,2053.44,-1377.7000000000007,ok
DNAG2007,Goiania-Central-apartamento-TOP-1Q,Carteira 1_sys-price,GO,"Goiânia, GO","Goiânia, GO, Setor Bueno",0,15,2638.92,45,1306.17,2025-11,0.5333,0.2068,16,30,250.32,221.45,11,2025-11-03,2.02,0.0,-1332.75,meta_subestimada
ENC0307,Salvador-Ondina_Rio_Vermelho-apartamento-TOP-1Q,Carteira 2,BA,"Salvador, BA","Salvador, BA, Rio Vermelho",0,109,6010.58,33,2946.51,2025-11,0.8333,0.4139,25,30,276.48,252.0,5,2025-11-03,2.04,0.0,-3064.0699999999997,meta_subestimada
EOA0803,Balneario_Camboriu-Centro-apartamento-SUP-3Q,Carteira 6,SC,"Balneário Camboriú, SC","Balneário Camboriú, SC, Centro",4,241,6710.12,71,3587.4,2025-11,0.7692,0.3532,20,30,409.55,230.0,6,2025-11-03,1.87,1638.2,-3122.72,ok
HMO0409,Sao_Paulo-Butanta-apartamento-SUP-1Q,Carteira 4,SP,"São Paulo, SP","São Paulo, SP, Butantã",0,435,1985.89,30,2598.01,2025-11,0.3,0.4699,9,30,263.0,203.11,18,2025-11-03,0.76,0.0,612.1200000000001,atenção
MHF0501,Itapema-Canto_Praia-apartamento-TOP-1Q,Carteira 5,SC,"Itapema, SC","Itapema, SC, Centro",0,457,2456.61,17,1245.76,2025-11,0.4667,0.3257,14,30,215.93,204.0,16,2025-11-03,1.97,0.0,-1210.8500000000001,ok
MHF0807,Itapema-Canto_Praia-apartamento-TOP-1Q,Carteira 5,SC,"Itapema, SC","Itapema, SC, Centro",0,372,3110.2,17,1245.76,2025-11,0.5333,0.3257,16,30,225.63,186.7,10,2025-11-03,2.5,0.0,-1864.4399999999998,meta_subestimada
NWT0916,Especial-NWT-apartamento-TOP-1Q,Carteira 5,AL,"Maceió, AL","Maceió, AL, Pajuçara",0,221,4040.84,35,4545.08,2025-11,0.5333,0.472,16,30,302.44,272.54,13,2025-11-03,0.89,0.0,504.2399999999998,berlinda
NWT1012,Especial-NWT-apartamento-TOP-1Q,Carteira 5,AL,"Maceió, AL","Maceió, AL, Pajuçara",4,185,5822.04,35,4545.08,2025-11,0.8077,0.472,21,30,319.0,280.0,3,2025-11-03,1.28,1276.0,-1276.96,ok
OBP0602,Penha-Beto_Carrero-apartamento-TOP-2Q,Carteira 3,SC,"Penha, SC","Penha, SC, Armação",0,59,0.0,44,4240.94,2025-11,0.0,0.3102,0,30,0.0,279.63,27,2025-11-03,0.0,0.0,4240.94,crítico
PNA0402,Balneario_Camboriu-Centro-apartamento-SUP-3Q,Carteira 6,SC,"Balneário Camboriú, SC","Balneário Camboriú, SC, Centro",0,542,5869.19,71,3587.4,2025-11,0.7333,0.3532,22,30,360.68,252.0,8,2025-11-03,1.64,0.0,-2281.7899999999995,ok
PSOB1007,Penha-Beto_Carrero-apartamento-SUP-1Q,Carteira 3,SC,"Penha, SC","Penha, SC, Praia de Armação do Itapocoroi",0,129,1585.49,12,1751.85,2025-11,0.2667,0.2595,8,30,218.63,195.3,20,2025-11-03,0.91,0.0,166.3599999999999,berlinda
SKL1203,Penha-Praia-apartamento-SUP-2Q,Carteira 6,SC,"Penha, SC","Penha, SC, Armação",4,4,1310.43,48,3553.4,2025-11,0.2308,0.3831,6,30,268.0,211.6,20,2025-11-03,0.37,1072.0,2242.9700000000003,crítico
SMT0930,Salvador-Boca_do_Rio-apartamento-SUP-1Q,Carteira 2,BA,"Salvador, BA","Salvador, BA, Armação",1,267,1667.21,25,2311.47,2025-11,0.3793,0.3833,11,30,192.0,154.33,18,2025-11-03,0.72,192.0,644.2599999999998,atenção
SPJ0405,Especial-SPJ-apartamento-TOP-1Q,Carteira 5,SC,"Florianópolis, SC","Florianópolis, SC, Jurerê",2,335,4773.99,19,5610.79,2025-11,0.6429,0.5559,18,30,324.33,282.8,10,2025-11-03,0.85,648.66,836.8000000000002,berlinda
TAN0000,Imbituba-Ibiraquera-casa-JR-2Q,Carteira 6,SC,"Imbituba, SC","Imbituba, SC, Ibiraquera",14,227,721.4,16,1243.18,2025-11,0.25,0.2293,4,30,209.0,160.33,12,2025-11-03,0.58,2926.0,521.7800000000001,atenção
TSO0501,Balneario_Camboriu-Longe-apartamento-MASTER-2Q,Carteira 6,SC,"Balneário Camboriú, SC","Balneário Camboriú, SC, Estados",8,52,4093.83,30,3216.82,2025-11,0.7273,0.3513,16,30,315.5,292.0,4,2025-11-03,1.27,2524.0,-877.0099999999998,ok
VGZ0002,Imbituba-Praia_do_Rosa-casa-SUP-1Q,Carteira 6,SC,"Imbituba, SC","Imbituba, SC, Ibiraquera",4,620,2492.81,53,2448.43,2025-11,0.6154,0.2451,16,30,196.19,123.63,8,2025-11-03,1.02,784.76,-44.38000000000011,berlinda
VLRY705,Florianopolis-Centrao-apartamento-SUP-1Q,Carteira 4,SC,"Florianópolis, SC","Florianópolis, SC, Centro",0,275,2136.24,114,2659.14,2025-11,0.4,0.3255,12,30,207.33,189.56,18,2025-11-03,0.8,0.0,522.9000000000001,berlinda
AVR0203,Balneario_Picarras-Geral-apartamento-TOP-2Q,Carteira 6,SC,"Penha, SC","Penha, SC, Centro",0,233,5040.84,32,2108.3,2025-11,0.7667,0.2801,23,30,260.96,235.0,7,2025-11-03,2.39,0.0,-2932.54,meta_subestimada
BCY2001,Aguas_Claras-Geral-apartamento-MASTER-2Q,Carteira 1,DF,"Brasília, DF","Brasília, DF, Aguas Claras",8,313,5119.83,10,1970.83,2025-11,0.7273,0.2701,16,30,401.31,360.5,6,2025-11-03,2.6,3210.48,-3149.0,meta_subestimada
CDN101,Florianopolis-Campeche_Praia-apartamento-SUP-1Q,Carteira 1,SC,"Florianópolis, SC","Florianópolis, SC, Morro das Pedras",0,446,2903.49,52,4245.8,2025-11,0.4667,0.447,14,30,249.43,257.81,16,2025-11-03,0.68,0.0,1342.3100000000004,atenção
COI302,Florianopolis-Praia_Brava-apartamento-JR-2Q,Carteira 1,SC,"Florianópolis, SC","Florianópolis, SC, Praia Brava",0,1466,1765.7,12,1445.28,2025-11,0.2333,0.1916,7,30,363.43,237.57,21,2025-11-03,1.22,0.0,-320.4200000000001,ok
CSP0914,Salvador-Caminho_Das_Arvores-apartamento-SUP-1Q,Carteira 2,BA,"Salvador, BA","Salvador, BA, Caminho das Árvores",11,65,443.39,35,1509.18,2025-11,0.2105,0.3049,4,30,144.75,164.0,13,2025-11-03,0.29,1592.25,1065.79,crítico
DVB0005,Porto_Seguro-Arraial_Dajuda_Centro-apartamento-SUP-1Q,Carteira 2,BA,"Porto Seguro, BA","Porto Seguro, BA, Arraial d Ajuda",0,12,0.0,7,2999.65,2025-11,0.0,0.4186,0,30,0.0,209.48,27,2025-11-03,0.0,0.0,2999.65,crítico
EAC404,Balneario_Camboriu-Centro-apartamento-JR-2Q,Carteira 6,SC,"Balneário Camboriú, SC","Balneário Camboriú, SC, Centro",0,733,2242.33,38,2659.86,2025-11,0.4,0.3074,12,30,227.17,174.47,15,2025-11-03,0.84,0.0,417.5300000000002,berlinda
EEP0902,Guarapari-Centro-apartamento-SUP-1Q,Carteira 4,ES,"Guarapari, ES","Guarapari, ES, São Judas Tadeu",0,115,1809.47,33,1299.29,2025-11,0.5333,0.3381,16,30,133.56,167.86,14,2025-11-03,1.39,0.0,-510.18000000000006,ok
ENP0607,Sao_Paulo-Republica-apartamento-SUP-1Q,Carteira 4,SP,"São Paulo, SP","São Paulo, SP, Vila Buarque",0,100,1254.03,443,2284.22,2025-11,0.3333,0.4426,10,30,150.9,144.0,19,2025-11-03,0.55,0.0,1030.1899999999998,atenção
EOX0102,Florianopolis-Centrao-apartamento-SUP-2Q,Carteira 4,SC,"Florianópolis, SC","Florianópolis, SC, Centro",0,239,2655.27,41,2426.75,2025-11,0.2667,0.3299,8,30,417.75,289.74,19,2025-11-03,1.09,0.0,-228.51999999999998,berlinda
JBV344,Especial-JBV-hotel-JR-1Q,Especial,SC,"Florianópolis, SC","Florianópolis, SC, Jurerê",3,1342,8000.95,25,7947.66,2025-11,0.7407,0.4701,20,30,508.5,358.2,5,2025-11-03,1.01,1525.5,-53.289999999999964,berlinda
JTL001,Florianopolis-Jurere_Longe-apartamento-JR-1Q,Carteira 1,SC,"Florianópolis, SC","Florianópolis, SC, Jurerê",0,495,1035.86,31,2028.1,2025-11,0.2,0.4085,6,30,201.33,175.56,16,2025-11-03,0.51,0.0,992.24,atenção
MHC0204,Florianopolis-Ingleses_Praia-apartamento-SUP-3Q,Carteira 1,SC,"Florianópolis, SC","Florianópolis, SC, Ingleses do Rio Vermelho",4,337,3651.22,11,4705.66,2025-11,0.6538,0.2218,17,30,246.06,294.11,9,2025-11-03,0.78,984.24,1054.44,atenção
MHF0601,Itapema-Canto_Praia-apartamento-TOP-1Q,Carteira 5,SC,"Itapema, SC","Itapema, SC, Centro",0,449,2986.33,17,1245.76,2025-11,0.5333,0.3257,16,30,223.56,223.08,12,2025-11-03,2.4,0.0,-1740.57,meta_subestimada
OPT504,Florianopolis-Estreito-apartamento-JR-1Q,Carteira 4,SC,"Florianópolis, SC","Florianópolis, SC, Capoeiras",9,513,774.05,9,869.11,2025-11,0.3333,0.2175,7,30,135.86,,0,2025-11-03,0.89,1222.7400000000002,95.06000000000006,berlinda
PSD204,Florianopolis-Jurere_Tradicional-apartamento-JR-1Q,Carteira 1,SC,"Florianópolis, SC","Florianópolis, SC, Jurerê",0,1990,3168.56,16,2934.35,2025-11,0.4667,0.4513,14,30,249.07,189.25,16,2025-11-03,1.08,0.0,-234.21000000000004,berlinda
RID3106,Florianopolis-Ingleses_Centro-apartamento-JR-2Q,Carteira 1,SC,"Florianópolis, SC","Florianópolis, SC, Ingleses do Rio Vermelho",0,522,3533.29,17,1846.2,2025-11,0.7333,0.279,22,30,207.64,194.63,8,2025-11-03,1.91,0.0,-1687.09,ok
SPJ0104,Especial-SPJ-apartamento-TOP-1Q,Carteira 5,SC,"Florianópolis, SC","Florianópolis, SC, Jurerê",0,516,6295.24,19,5610.79,2025-11,0.7333,0.5559,22,30,348.14,222.0,7,2025-11-03,1.12,0.0,-684.4499999999998,ok
SVM1409,Salvador-Graca-apartamento-TOP-1Q,Especial,BA,"Salvador, BA","Salvador, BA, Vitória",0,152,4176.27,10,3417.57,2025-11,0.6333,0.3374,19,30,260.21,262.1,10,2025-11-03,1.22,0.0,-758.7000000000003,ok
VNV0801,Itapema-Praia_Centro-apartamento-SUP-2Q,Carteira 6,SC,"Itapema, SC","Itapema, SC, Tabuleiro dos Oliveiras",0,60,2095.63,14,2452.59,2025-11,0.4333,0.2941,13,30,179.38,164.5,16,2025-11-03,0.85,0.0,356.96000000000004,berlinda
BTI003,Ubatuba-Praia_Grande-apartamento-SIM-2Q,Carteira 4,SP,"Ubatuba, SP","Ubatuba, SP, Praia Grande",0,634,3006.65,46,2777.41,2025-11,0.5,0.2843,15,30,231.0,214.0,13,2025-11-03,1.08,0.0,-229.24000000000024,berlinda
CET1702,Balneario_Camboriu-Centro-apartamento-TOP-3Q,Carteira 6,SC,"Balneário Camboriú, SC","Balneário Camboriú, SC, Centro",0,1108,9989.68,40,5438.41,2025-11,0.8333,0.3927,25,30,469.0,470.0,5,2025-11-03,1.84,0.0,-4551.27,ok
CNA007,Especial-CNA-casa-MASTER-1Q,Especial,SP,"Campos do Jordão, SP","Campos do Jordão, SP, Jardim Europa",0,1016,7533.67,25,6397.17,2025-11,0.3667,0.3129,11,30,774.55,686.74,19,2025-11-03,1.18,0.0,-1136.5,ok
EHI0802,Itajai-Praia_Brava-apartamento-MASTER-2Q,Carteira 6,SC,"Itajaí, SC","Itajaí, SC, Praia Brava",0,155,7814.54,12,5430.95,2025-11,0.7667,0.3801,23,30,401.65,317.86,7,2025-11-03,1.44,0.0,-2383.59,ok
FLT0002,Florianopolis-Centrao-apartamento-SIM-1Q,Carteira 4,SC,"Florianópolis, SC","Florianópolis, SC, Centro",0,211,1913.52,13,1080.31,2025-11,0.4667,0.3199,14,30,152.57,142.38,16,2025-11-03,1.77,0.0,-833.21,ok
IDA101,Florianopolis-Ingleses_Norte-apartamento-TOP-1Q,Carteira 1,SC,"Florianópolis, SC","Florianópolis, SC, Ingleses do Rio Vermelho",0,682,3980.97,49,3406.37,2025-11,0.4333,0.259,13,30,352.15,311.07,14,2025-11-03,1.17,0.0,-574.5999999999999,ok
ILC2414,Especial-ILC-hotel-JR-1Q,Especial,SC,"Florianópolis, SC","Florianópolis, SC, Jurerê Internacional",0,1242,10528.04,16,7488.19,2025-11,0.6667,0.4706,20,30,627.05,613.1,10,2025-11-03,1.41,0.0,-3039.8500000000013,ok
MBI022,Pocos_de_Caldas-Geral-apartamento-SUP-3Q,Carteira 4,MG,"Poços de Caldas, MG","Poços de Caldas, MG, Jardim Bandeirantes",0,764,1610.34,9,1351.2,2025-11,0.2,0.1783,6,30,230.0,224.04,25,2025-11-03,1.19,0.0,-259.1399999999999,ok
NWT1005,Especial-NWT-apartamento-TOP-1Q,Carteira 5,AL,"Maceió, AL","Maceió, AL, Pajuçara",0,199,4603.87,35,4545.08,2025-11,0.5333,0.472,16,30,373.19,334.15,13,2025-11-03,1.01,0.0,-58.789999999999964,berlinda
NWT1423,Especial-NWT-apartamento-TOP-1Q,Carteira 5,AL,"Maceió, AL","Maceió, AL, Pajuçara",0,285,4827.19,35,4545.08,2025-11,0.5667,0.472,17,30,336.24,293.0,12,2025-11-03,1.06,0.0,-282.1099999999997,berlinda
ONX1410,Goiania-Central-apartamento-JR-1Q,Carteira 1_sys-price,GO,"Goiânia, GO","Goiânia, GO, Setor Bueno",0,479,2225.81,64,931.89,2025-11,0.5333,0.2396,16,30,163.24,161.15,13,2025-11-03,2.39,0.0,-1293.92,meta_subestimada
PMN0901,Porto_Alegre-Jardim_Lindoia-apartamento-SUP-2Q,Carteira 4,RS,"Porto Alegre, RS","Porto Alegre, RS, Passo d Areia",0,166,8134.75,10,4619.04,2025-11,0.8667,0.5219,26,30,356.96,351.0,3,2025-11-03,1.76,0.0,-3515.71,ok
PSO0904,Penha-Beto_Carrero-apartamento-SUP-1Q,Carteira 3,SC,"Penha, SC","Penha, SC, Praia de Armação do Itapocoroi",0,127,4496.35,12,1751.85,2025-11,0.8333,0.2595,25,30,246.64,210.0,5,2025-11-03,2.57,0.0,-2744.5000000000005,meta_subestimada
PZO0905,Ilheus-Sul-apartamento-SUP-2Q,Carteira 2,BA,"Ilhéus, BA","Ilhéus, BA, Nossa Senhora da Vitória",0,86,0.0,30,1557.2,2025-11,0.0,0.2303,0,30,0.0,148.74,27,2025-11-03,0.0,0.0,1557.2,crítico
RCS701,Porto_Belo-Geral-apartamento-SUP-3Q,Carteira 6,SC,"Porto Belo, SC","Porto Belo, SC, Balneário Perequê",4,568,5457.22,8,4671.6,2025-11,0.7308,0.2379,19,30,408.53,225.29,7,2025-11-03,1.17,1634.12,-785.6199999999999,ok
RDM0101,Itapema-Meia_Praia-Norte-apartamento-TOP-2Q,Carteira 6,SC,"Itapema, SC","Itapema, SC, Meia Praia",0,59,4349.84,52,2538.11,2025-11,0.5333,0.2485,16,30,327.25,264.43,14,2025-11-03,1.71,0.0,-1811.73,ok
SIS0005,Florianopolis-Canto_da_Lagoa-apartamento-JR-1Q,Carteira 1,SC,"Florianópolis, SC","Florianópolis, SC, Lagoa da Conceição",0,129,753.99,68,2169.53,2025-11,0.2,0.3425,6,30,145.5,125.9,21,2025-11-03,0.35,0.0,1415.5400000000002,crítico
SKL1307,Penha-Praia-apartamento-SUP-3Q,Carteira 6,SC,"Penha, SC","Penha, SC, Armação",7,158,4773.46,20,4193.09,2025-11,0.6522,0.2401,15,30,397.47,319.0,8,2025-11-03,1.14,2782.29,-580.3699999999999,ok
SPJ0305,Especial-SPJ-apartamento-TOP-1Q,Carteira 5,SC,"Florianópolis, SC","Florianópolis, SC, Jurerê",0,516,6364.12,19,5610.79,2025-11,0.8333,0.5559,25,30,313.0,251.4,5,2025-11-03,1.13,0.0,-753.3299999999999,ok
STI105,Florianopolis-Ingleses_Centro-apartamento-TOP-1Q,Carteira 1,SC,"Florianópolis, SC","Florianópolis, SC, Ingleses do Rio Vermelho",0,1026,3536.07,20,2117.79,2025-11,0.6,0.2373,18,30,252.72,222.36,11,2025-11-03,1.67,0.0,-1418.2800000000002,ok
TCO1115,Porto_Alegre-Centro_Historico-apartamento-SUP-1Q,Carteira 4,RS,"Porto Alegre, RS","Porto Alegre, RS, Centro Histórico",0,80,2329.66,65,1297.34,2025-11,0.6667,0.2842,20,30,132.4,137.22,9,2025-11-03,1.8,0.0,-1032.32,ok
TXP2206,Goiania-Central-apartamento-SUP-1Q,Carteira 1_sys-price,GO,"Goiânia, GO","Goiânia, GO, Setor Bueno",1,778,1275.6,127,604.39,2025-11,0.2759,0.1935,8,30,174.25,157.71,21,2025-11-03,2.11,174.25,-671.2099999999999,meta_subestimada
VST006,Especial-VST-casa-TOP-1Q,Carteira 5,SC,"Anitápolis, SC","Anitápolis, SC, Rio dos Pinheiros",1,488,2276.61,42,1530.85,2025-11,0.2759,0.1234,8,30,297.0,188.26,19,2025-11-03,1.49,297.0,-745.7600000000002,ok
VST021,Especial-VST-casa-TOP-1Q,Carteira 5,SC,"Anitápolis, SC","Anitápolis, SC, Rio dos Pinheiros",1,485,2686.85,42,1530.85,2025-11,0.3793,0.1234,11,30,297.36,199.29,17,2025-11-03,1.76,297.36,-1156.0,ok
AAL0204,Florianopolis-Canasvieiras_Perto-apartamento-JR-2Q,Carteira 1,SC,"Florianópolis, SC","Florianópolis, SC, Canasvieiras",0,612,1474.29,13,3406.37,2025-11,0.6,0.3868,18,30,233.0,258.26,19,2025-11-03,0.43,0.0,1932.08,crítico
CQS0004,Camaçari-Itacimirim-apartamento-SUP-2Q,Carteira 2,BA,"Camaçari, BA","Camaçari, BA, Itacimirim",0,222,1426.12,22,2773.76,2025-11,0.2,0.2364,6,30,279.17,236.36,22,2025-11-03,0.51,0.0,1347.6400000000003,atenção
CVPA103,Porto_de_Pedras-Geral-apartamento-SUP-2Q,Carteira 2,AL,"Porto de Pedras, AL","Porto de Pedras, AL, Patacho",0,631,477.18,33,3124.13,2025-11,0.1,0.3609,3,30,189.0,186.21,24,2025-11-03,0.15,0.0,2646.9500000000003,crítico
DNAG2001,Goiania-Central-apartamento-SUP-1Q,Carteira 1_sys-price,GO,"Goiânia, GO","Goiânia, GO, Setor Bueno",0,123,1801.28,127,604.39,2025-11,0.4333,0.1935,13,30,173.75,158.17,6,2025-11-03,2.98,0.0,-1196.8899999999999,meta_subestimada
EFR203,Cabo_Frio-Centro-apartamento-TOP-3Q,Carteira 4,RJ,"Cabo Frio, RJ","Cabo Frio, RJ, Braga",3,1052,3042.08,18,4132.99,2025-11,0.1481,0.2108,4,30,456.63,440.27,15,2025-11-03,0.74,1369.8899999999999,1090.9099999999999,atenção
ENE0218,Brasilia-Asa_Norte-apartamento-TOP-1Q,Carteira 1_sys-price,DF,"Brasília, DF","Brasília, DF, Setor Noroeste",29,446,0.0,27,3302.18,2025-11,0.0,0.5244,0,30,0.0,540.0,1,2025-11-03,0.0,0.0,3302.18,crítico
FTM0401,Florianopolis-Ingleses_Norte-apartamento-JR-1Q,Carteira 1,SC,"Florianópolis, SC","Florianópolis, SC, Ingleses Norte",0,213,3430.76,43,2294.44,2025-11,0.6,0.3481,18,30,231.39,228.6,10,2025-11-03,1.5,0.0,-1136.3200000000002,ok
GPS0102,Imbituba-Centro-apartamento-JR-2Q,Carteira 6,SC,"Imbituba, SC","Imbituba, SC, Vila Nova",1,214,2541.22,8,1630.19,2025-11,0.6552,0.2202,19,30,160.84,127.63,8,2025-11-03,1.56,160.84,-911.0299999999997,ok
HYP0202,Florianopolis-Canasvieiras_Meio-apartamento-JR-1Q,Carteira 1,SC,"Florianópolis, SC","Florianópolis, SC, Canasvieiras",0,40,1859.91,27,2104.57,2025-11,0.4,0.44,12,30,550.0,171.53,15,2025-11-03,0.88,0.0,244.66000000000008,berlinda
IHO127,Florianopolis-Ingleses_Norte-apartamento-JR-1Q,Carteira 1,SC,"Florianópolis, SC","Florianópolis, SC, Ingleses do Rio Vermelho",0,806,4206.24,43,2294.44,2025-11,0.7333,0.3481,22,30,210.73,211.25,8,2025-11-03,1.83,0.0,-1911.7999999999997,ok
ILC4112,Especial-ILC-hotel-JR-1Q,Especial,SC,"Florianópolis, SC","Florianópolis, SC, Jurerê Internacional",0,815,7873.74,16,7488.19,2025-11,0.4667,0.4706,14,30,784.14,582.79,14,2025-11-03,1.05,0.0,-385.5500000000002,berlinda
MCB0205,Balneario_Picarras-Geral-apartamento-SUP-2Q,Carteira 6,SC,"Balneário Piçarras, SC","Balneário Piçarras, SC, itacolomi",0,298,776.49,47,1274.96,2025-11,0.1,0.1633,3,30,250.0,250.0,24,2025-11-03,0.61,0.0,498.47,atenção
MMD0403,Ilheus-Sul-apartamento-TOP-2Q,Carteira 2,BA,"Ilhéus, BA","Ilhéus, BA, São Francisco",1,187,1606.42,15,1946.5,2025-11,0.3103,0.2588,9,30,217.78,220.41,17,2025-11-03,0.83,217.78,340.0799999999999,berlinda
NWT0417,Especial-NWT-apartamento-TOP-1Q,Carteira 5,AL,"Maceió, AL","Maceió, AL, Pajuçara",0,338,6544.59,35,4545.08,2025-11,0.8333,0.472,25,30,361.36,306.4,5,2025-11-03,1.44,0.0,-1999.5100000000002,ok
NWT1313,Especial-NWT-apartamento-TOP-1Q,Carteira 5,AL,"Maceió, AL","Maceió, AL, Pajuçara",16,289,3240.71,35,4545.08,2025-11,0.7857,0.472,11,30,361.91,280.0,1,2025-11-03,0.71,5790.56,1304.37,atenção
PRJ025,Imbituba-Praia_do_Rosa-casa-SIM-1Q,Carteira 6,SC,"Imbituba, SC","Imbituba, SC, Ibiraquera",0,213,367.24,51,953.78,2025-11,0.1333,0.2278,4,30,0.0,92.59,27,2025-11-03,0.39,0.0,586.54,crítico
RMM0206,Florianopolis-Ingleses_Centro-apartamento-SUP-2Q,Carteira 1,SC,"Florianópolis, SC","Florianópolis, SC, Ingleses do Rio Vermelho",0,31,2386.4,18,2117.79,2025-11,0.3667,0.2159,11,30,214.33,247.81,16,2025-11-03,1.13,0.0,-268.6100000000001,ok
RSJ0202,Ilheus-Sul-apartamento-JR-2Q,Carteira 2,BA,"Ilhéus, BA","Ilhéus, BA, Nossa Senhora da Vitória",0,334,0.0,15,1576.18,2025-11,0.0,0.1918,0,30,0.0,200.0,27,2025-11-03,0.0,0.0,1576.18,crítico
SOA0510,Salvador-Boca_do_Rio-apartamento-TOP-1Q,Carteira 2,BA,"Salvador, BA","Salvador, BA, Boca do Rio",0,274,627.24,13,2847.5,2025-11,0.1333,0.4886,4,30,176.25,195.0,26,2025-11-03,0.22,0.0,2220.26,crítico
SYH334,Joao_Pessoa-Cabo_Branco-apartamento-TOP-1Q,Carteira 2,PB,"João Pessoa, PB","João Pessoa, PB, Cabo Branco",0,303,4103.3,27,4871.78,2025-11,0.5667,0.5483,17,30,283.12,253.08,13,2025-11-03,0.84,0.0,768.4799999999996,berlinda
VDV0014,Porto_Seguro-Pataxos-apartamento-SUP-1Q,Carteira 2,BA,"Porto Seguro, BA","Porto Seguro, BA, Xamagunga",0,292,839.86,12,3190.07,2025-11,0.2333,0.4545,7,30,146.71,161.65,23,2025-11-03,0.26,0.0,2350.21,crítico
VST005,Especial-VST-casa-TOP-1Q,Carteira 5,SC,"Anitápolis, SC","Anitápolis, SC, Rio dos Pinheiros",1,488,1088.18,42,1530.85,2025-11,0.2069,0.1234,6,30,227.83,177.7,23,2025-11-03,0.71,227.83,442.66999999999985,atenção
AST0103,Porto_Seguro-Pataxos-apartamento-SUP-2Q,Carteira 2,BA,"Porto Seguro, BA","Porto Seguro, BA, Taperapuan",0,316,1149.19,27,2773.76,2025-11,0.2333,0.3147,7,30,186.57,165.95,20,2025-11-03,0.41,0.0,1624.5700000000002,crítico
CVKB0006,São_Miguel_dos_Milagres-Geral-apartamento-SUP-1Q,Carteira 2,AL,"São Miguel dos Milagres, AL","São Miguel dos Milagres, AL, Centro",0,408,4583.15,15,3721.3,2025-11,0.5,0.4088,15,30,336.67,275.57,14,2025-11-03,1.23,0.0,-861.8499999999995,ok
DNAB1503,Goiania-Central-apartamento-SUP-1Q,Carteira 1_sys-price,GO,"Goiânia, GO","Goiânia, GO, Setor Bueno",0,772,459.0,127,604.39,2025-11,0.1,0.1935,3,30,180.0,189.0,24,2025-11-03,0.76,0.0,145.39,atenção
EDF1303,Salvador-Ondina_Rio_Vermelho-apartamento-TOP-1Q,Carteira 2,BA,"Salvador, BA","Salvador, BA, Rio Vermelho",1,8,406.96,33,2946.51,2025-11,0.1034,0.4139,3,30,177.33,239.12,25,2025-11-03,0.14,177.33,2539.55,crítico
EUB1006,Salvador-Barra-apartamento-SUP-1Q,Carteira 2,BA,"Salvador, BA","Salvador, BA, Barra",0,262,1524.46,195,2712.93,2025-11,0.3667,0.4447,11,30,212.27,217.89,18,2025-11-03,0.56,0.0,1188.4699999999998,atenção
IFT1108,Itapema-Meia_Praia-Norte-apartamento-TOP-1Q,Carteira 6,SC,"Itapema, SC","Itapema, SC, Meia Praia",0,248,2120.33,24,2714.64,2025-11,0.4667,0.2925,14,30,182.57,242.75,16,2025-11-03,0.78,0.0,594.31,atenção
MHF0607,Itapema-Canto_Praia-apartamento-TOP-1Q,Carteira 5,SC,"Itapema, SC","Itapema, SC, Centro",0,494,0.0,17,1245.76,2025-11,0.0,0.3257,0,30,0.0,351.11,27,2025-11-03,0.0,0.0,1245.76,crítico
MHF0802,Itapema-Canto_Praia-apartamento-TOP-2Q,Carteira 5,SC,"Itapema, SC","Itapema, SC, Centro",1,27,3187.26,10,2423.39,2025-11,0.4138,0.2478,12,30,296.47,265.57,14,2025-11-03,1.32,296.47,-763.8700000000003,ok
NAT0202,Cabo_Frio-Pero_Longe-casa-JR-4Q,Carteira 4,RJ,"Cabo Frio, RJ","Cabo Frio, RJ, Praia do Peró",2,64,1473.15,29,2080.32,2025-11,0.1071,0.1934,3,30,675.0,404.68,22,2025-11-03,0.71,1350.0,607.1700000000001,atenção
NWT0601,Especial-NWT-apartamento-TOP-1Q,Carteira 5,AL,"Maceió, AL","Maceió, AL, Pajuçara",0,215,4525.35,35,4545.08,2025-11,0.6,0.472,18,30,298.78,294.67,12,2025-11-03,1.0,0.0,19.729999999999563,berlinda
NWT0904,Especial-NWT-apartamento-TOP-1Q,Carteira 5,AL,"Maceió, AL","Maceió, AL, Pajuçara",0,221,4327.54,35,4545.08,2025-11,0.6333,0.472,19,30,285.37,312.27,11,2025-11-03,0.95,0.0,217.53999999999996,berlinda
NWT1013,Especial-NWT-apartamento-TOP-1Q,Carteira 5,AL,"Maceió, AL","Maceió, AL, Pajuçara",9,185,3652.48,35,4545.08,2025-11,0.7143,0.472,15,30,302.13,284.8,5,2025-11-03,0.8,2719.17,892.5999999999999,berlinda
PLO0007,Jaguaruna-Camacho-apartamento-SUP-1Q,Carteira 6,SC,"Jaguaruna, SC","Jaguaruna, SC, Centro",0,32,388.35,8,1630.19,2025-11,0.1,0.2015,3,30,187.0,114.92,24,2025-11-03,0.24,0.0,1241.8400000000001,crítico
PSO0905,Penha-Beto_Carrero-apartamento-SUP-1Q,Carteira 3,SC,"Penha, SC","Penha, SC, Praia de Armação do Itapocoroi",0,93,3714.9,12,1751.85,2025-11,0.6667,0.2595,20,30,216.5,204.14,7,2025-11-03,2.12,0.0,-1963.0500000000002,meta_subestimada
REH0203,Florianopolis-Barra_da_Lagoa-apartamento-SUP-2Q,Carteira 1,SC,"Florianópolis, SC","Florianópolis, SC, Barra da Lagoa",7,66,2770.34,38,3123.32,2025-11,0.5217,0.4284,12,30,299.75,244.36,11,2025-11-03,0.89,2098.25,352.98,berlinda
RIG0102,Florianopolis-Ingleses_Praia-apartamento-TOP-3Q,Carteira 1,SC,"Florianópolis, SC","Florianópolis, SC, Ingleses do Rio Vermelho",10,705,10042.5,16,6421.02,2025-11,1.0,0.3207,20,30,765.25,,0,2025-11-03,1.56,7652.5,-3621.4799999999996,ok
SPJ0205,Especial-SPJ-apartamento-TOP-1Q,Carteira 5,SC,"Florianópolis, SC","Florianópolis, SC, Jurerê",0,517,6988.42,19,5610.79,2025-11,0.8667,0.5559,26,30,333.62,325.25,4,2025-11-03,1.25,0.0,-1377.63,ok
STG2085,Imbituba-Praia_do_Rosa-casa-SUP-5Q,Carteira 6,SC,"Garopaba, SC","Garopaba, SC, Grama",6,1200,3694.32,11,3911.7,2025-11,0.125,0.2035,3,30,1350.0,505.05,21,2025-11-03,0.94,8100.0,217.37999999999965,berlinda
TSO0311,Balneario_Camboriu-Longe-apartamento-MASTER-2Q,Carteira 6,SC,"Balneário Camboriú, SC","Balneário Camboriú, SC, Estados",0,108,4884.77,30,3216.82,2025-11,0.5,0.3513,15,30,400.8,343.21,14,2025-11-03,1.52,0.0,-1667.9500000000003,ok
VST015,Especial-VST-casa-TOP-1Q,Carteira 5,SC,"Anitápolis, SC","Anitápolis, SC, Rio dos pinheiros",5,123,1907.84,42,1530.85,2025-11,0.36,0.1234,9,30,231.89,191.44,16,2025-11-03,1.25,1159.4499999999998,-376.99,ok
ABC0403,Itajai-Praia_Brava-apartamento-SUP-3Q,Carteira 6,SC,"Itajaí, SC","Itajaí, SC, Praia Brava de Itajaí",2,956,2782.17,29,2627.78,2025-11,0.3214,0.2862,9,30,380.11,286.83,18,2025-11-03,1.06,760.22,-154.38999999999987,berlinda
BLU0206,Florianopolis-Praia_Brava-apartamento-JR-2Q,Carteira 1,SC,"Florianópolis, SC","Florianópolis, SC, Canasvieiras",6,498,3303.6,12,1445.28,2025-11,0.5417,0.1916,13,30,334.23,218.78,9,2025-11-03,2.29,2005.38,-1858.32,meta_subestimada
CET603,Balneario_Camboriu-Centro-apartamento-TOP-2Q,Carteira 6,SC,"Balneário Camboriú, SC","Balneário Camboriú, SC, Centro",0,906,6956.24,26,4832.67,2025-11,0.7667,0.3826,23,30,355.96,381.43,7,2025-11-03,1.44,0.0,-2123.5699999999997,ok
CLF0104,Salvador-Flamengo-apartamento-SUP-1Q,Carteira 2,BA,"Salvador, BA","Salvador, BA, Stella Maris",0,16,0.0,17,1762.56,2025-11,0.0,0.2569,0,30,0.0,250.0,27,2025-11-03,0.0,0.0,1762.56,crítico
CSI0706,Balneario_Picarras-Geral-apartamento-SUP-2Q,Carteira 6,SC,"Balneário Piçarras, SC","Balneário Piçarras, SC, Centro",9,30,1530.44,47,1274.96,2025-11,0.5714,0.1633,12,30,158.5,161.0,7,2025-11-03,1.2,1426.5,-255.48000000000002,ok
CVPF102,Porto_de_Pedras-Geral-apartamento-SUP-2Q,Carteira 2,AL,"Porto de Pedras, AL","Porto de Pedras, AL, PORTO DE PEDRAS",0,633,4944.87,33,3124.13,2025-11,0.7,0.3609,21,30,313.57,233.5,6,2025-11-03,1.58,0.0,-1820.7399999999998,ok
JMA008,Florianopolis-Jurere_Longe-apartamento-JR-1Q,Carteira 1,SC,"Florianópolis, SC","Florianópolis, SC, Jurerê",0,487,840.09,31,2028.1,2025-11,0.2,0.4085,6,30,170.83,170.86,21,2025-11-03,0.41,0.0,1188.0099999999998,crítico
NWT0814,Especial-NWT-apartamento-TOP-1Q,Carteira 5,AL,"Maceió, AL","Maceió, AL, Pajuçara",0,186,2457.08,35,4545.08,2025-11,0.3333,0.472,10,30,304.6,282.35,17,2025-11-03,0.54,0.0,2088.0,atenção
ONP1716,Sao_Paulo-Bela_Vista-apartamento-SUP-1Q,Carteira 4,SP,"São Paulo, SP","São Paulo, SP, Paraíso",0,103,3190.93,577,2932.4,2025-11,0.6333,0.4661,19,30,203.11,185.9,10,2025-11-03,1.09,0.0,-258.52999999999975,berlinda
PRY0010,Porto_Seguro-Pataxos-apartamento-SUP-2Q,Carteira 2,BA,"Porto Seguro, BA","Porto Seguro, BA, Paraiso dos Pataxós",0,30,2566.78,27,2773.76,2025-11,0.4667,0.3147,14,30,230.14,210.69,16,2025-11-03,0.93,0.0,206.98000000000002,berlinda
PSO0808,Penha-Beto_Carrero-apartamento-SUP-1Q,Carteira 3,SC,"Penha, SC","Penha, SC, Praia de Armação do Itapocoroi",0,116,2158.41,12,1751.85,2025-11,0.3667,0.2595,11,30,222.64,184.13,16,2025-11-03,1.23,0.0,-406.55999999999995,ok
PSO1004,Penha-Beto_Carrero-apartamento-SUP-1Q,Carteira 3,SC,"Penha, SC","Penha, SC, Praia de Armação do Itapocoroi",0,85,3850.9,12,1751.85,2025-11,0.7333,0.2595,22,30,211.27,164.5,8,2025-11-03,2.2,0.0,-2099.05,meta_subestimada
PSOA0807,Penha-Beto_Carrero-apartamento-SUP-1Q,Carteira 3,SC,"Penha, SC","Penha, SC, Praia de Armação do Itapocoroi",0,100,585.24,12,1751.85,2025-11,0.1,0.2595,3,30,270.0,176.71,24,2025-11-03,0.33,0.0,1166.61,crítico
RMC203,Florianopolis-Estreito-apartamento-JR-1Q,Carteira 4,SC,"Florianópolis, SC","Florianópolis, SC, Capoeiras",1,842,673.27,9,869.11,2025-11,0.1724,0.2175,5,30,150.2,138.75,24,2025-11-03,0.77,150.2,195.84000000000003,atenção
RPP0678,Penha-Longe-casa-JR-3Q,Carteira 6,SC,"Penha, SC","Penha, SC, Centro",0,283,2723.39,24,2801.99,2025-11,0.5,0.3789,15,30,198.07,165.42,12,2025-11-03,0.97,0.0,78.59999999999991,berlinda
SAA0321,Salvador-Pituba_Praia-apartamento-SUP-1Q,Carteira 5,BA,"Salvador, BA","Salvador, BA, Amaralina",0,24,812.63,14,1573.3,2025-11,0.2333,0.3311,7,30,152.0,157.96,23,2025-11-03,0.52,0.0,760.67,atenção
VDP0029,Cabo_Frio-Palmeiras-casa-JR-4Q,Carteira 4,RJ,"Cabo Frio, RJ","Cabo Frio, RJ, Parque Burle",1,246,0.0,29,2080.32,2025-11,0.0,0.1934,0,30,0.0,359.0,27,2025-11-03,0.0,0.0,2080.32,crítico
VTD0203,Florianopolis-UFSC-apartamento-SUP-1Q,Carteira 4,SC,"Florianópolis, SC","Florianópolis, SC, Trindade",30,94,0.0,37,1897.84,2025-11,,0.3378,0,30,0.0,,0,2025-11-03,0.0,0.0,1897.84,crítico
VTE0301,Itapema-Meia_Praia-Norte-apartamento-TOP-3Q,Carteira 6,SC,"Itapema, SC","Itapema, SC, Meia Praia",0,114,5767.52,14,3809.18,2025-11,0.6333,0.2516,19,30,416.42,355.56,9,2025-11-03,1.51,0.0,-1958.3400000000006,ok
YVD1301,Balneario_Camboriu-Intermediario-apartamento-SUP-3Q,Carteira 6,SC,"Balneário Camboriú, SC","Balneário Camboriú, SC, Centro",5,640,4207.46,43,3324.78,2025-11,0.68,0.2933,17,30,307.88,271.25,8,2025-11-03,1.27,1539.4,-882.6799999999998,ok
CFR0209,Cabo_Frio-Portinho-apartamento-TOP-1Q,Carteira 4,RJ,"Cabo Frio, RJ","Cabo Frio, RJ, Portinho",1,661,1523.44,117,3857.15,2025-11,0.2414,0.4239,7,30,248.86,262.95,20,2025-11-03,0.39,248.86,2333.71,crítico
EDF0503,Salvador-Ondina_Rio_Vermelho-apartamento-TOP-1Q,Carteira 2,BA,"Salvador, BA","Salvador, BA, Rio Vermelho",2,68,1998.17,33,2946.51,2025-11,0.2143,0.4139,6,30,217.91,238.12,17,2025-11-03,0.68,435.82,948.3400000000001,atenção
HSS0007,Joao_Pessoa-Cabo_Branco-apartamento-SUP-1Q,Carteira 2,PB,"João Pessoa, PB","João Pessoa, PB, Cabo Branco",0,316,1786.58,85,3002.2,2025-11,0.4,0.4972,12,30,181.75,181.22,18,2025-11-03,0.6,0.0,1215.62,atenção
MHF1601,Itapema-Canto_Praia-apartamento-TOP-1Q,Carteira 5,SC,"Itapema, SC","Itapema, SC, Centro",0,480,3531.45,17,1245.76,2025-11,0.6667,0.3257,20,30,213.75,246.63,8,2025-11-03,2.83,0.0,-2285.6899999999996,meta_subestimada
PRN0002,Imbituba-Praia_do_Rosa-apartamento-JR-1Q,Carteira 6,SC,"Imbituba, SC","Imbituba, SC, Ibiraquera",0,176,3093.87,30,1338.54,2025-11,0.5667,0.2794,17,30,144.04,100.0,5,2025-11-03,2.31,0.0,-1755.33,meta_subestimada
RBH806,Florianopolis-Centrao-apartamento-SUP-1Q,Carteira 4,SC,"Florianópolis, SC","Florianópolis, SC, Centro",7,879,1446.12,114,2659.14,2025-11,0.3913,0.3255,9,30,208.67,203.69,13,2025-11-03,0.54,1460.6899999999998,1213.02,atenção
ROI009,Imbituba-Praia_do_Rosa-casa-MASTER-3Q,Carteira 6,SC,"Garopaba, SC","Garopaba, SC, Ouvidor",4,400,7446.06,9,7822.5,2025-11,0.3462,0.3577,9,30,1103.56,1000.0,16,2025-11-03,0.95,4414.24,376.4399999999996,berlinda
RPC0305,Florianopolis-Canasvieiras_Longe-apartamento-SUP-2Q,Carteira 1,SC,"Florianópolis, SC","Florianópolis, SC, Canasvieiras",0,326,3860.04,19,3065.74,2025-11,0.7333,0.359,22,30,226.23,234.88,8,2025-11-03,1.26,0.0,-794.3000000000002,ok
SBN0705,Itapema-Praia_Centro-apartamento-SUP-3Q,Carteira 6,SC,"Itapema, SC","Itapema, SC, Tabuleiro das Oliveiras",0,569,1185.24,14,2253.07,2025-11,0.0,0.1996,0,30,189.0,228.95,20,2025-11-03,0.53,0.0,1067.8300000000002,atenção
SCO0011,Florianopolis-Campeche-apartamento-JR-1Q,Carteira 1,SC,"Florianópolis, SC","Florianópolis, SC, Campeche",0,219,438.92,21,1126.05,2025-11,0.1333,0.2771,4,30,131.25,162.43,23,2025-11-03,0.39,0.0,687.1299999999999,crítico
SRO0002,Florianopolis-Lagoa-apartamento-SUP-2Q,Carteira 1,SC,"Florianópolis, SC","Florianópolis, SC, Lagoa da Conceição",6,353,3921.84,38,3123.32,2025-11,0.7083,0.4284,17,30,285.82,240.29,7,2025-11-03,1.26,1714.92,-798.52,ok
TCO0614,Porto_Alegre-Centro_Historico-apartamento-SUP-1Q,Carteira 4,RS,"Porto Alegre, RS","Porto Alegre, RS, Centro Histórico",0,369,1565.64,65,1297.34,2025-11,0.4667,0.2842,14,30,149.53,136.15,13,2025-11-03,1.21,0.0,-268.3000000000002,ok
TCO1103,Porto_Alegre-Centro_Historico-apartamento-SUP-1Q,Carteira 4,RS,"Porto Alegre, RS","Porto Alegre, RS, Centro Histórico",0,690,1810.92,65,1297.34,2025-11,0.4667,0.2842,14,30,137.64,144.0,16,2025-11-03,1.4,0.0,-513.5800000000002,ok
VLP0111,Mata_de_Sao_Joao-Praia_do_Forte-apartamento-SUP-2Q,Carteira 2,BA,"Mata de São João, BA","Mata de São João, BA, Centro",0,101,612.62,22,5293.08,2025-11,0.0667,0.3107,2,30,340.0,311.19,27,2025-11-03,0.12,0.0,4680.46,crítico
VST033,Especial-VST-casa-TOP-1Q,Carteira 5,SC,"Anitápolis, SC","Anitápolis, SC, Rio dos Pinheiros",0,488,3027.52,42,1530.85,2025-11,0.4333,0.1234,13,30,264.13,218.47,15,2025-11-03,1.98,0.0,-1496.67,ok
ZNB1406,Salvador-Barra-apartamento-SUP-1Q,Carteira 2,BA,"Salvador, BA","Salvador, BA, Barra",0,44,899.04,195,2712.93,2025-11,0.2,0.4447,6,30,221.33,197.1,21,2025-11-03,0.33,0.0,1813.8899999999999,crítico
BLV0005,Porto_Seguro-Pataxos-apartamento-JR-2Q,Carteira 2,BA,"Porto Seguro, BA","Porto Seguro, BA, Taperapuan",2,227,1109.52,43,1644.75,2025-11,0.2857,0.1841,8,30,162.13,169.53,19,2025-11-03,0.67,324.26,535.23,atenção
BSO0105,Itajai-Praia_Brava-apartamento-SUP-1Q,Carteira 6,SC,"Balneário Camboriú, SC","Balneário Camboriú, SC, Praia dos Amores",0,198,2356.89,50,2244.64,2025-11,0.5,0.3503,15,30,178.47,179.47,15,2025-11-03,1.05,0.0,-112.25,berlinda
CGE0003,Balneario_Picarras-Geral-casa-SUP-3Q,Carteira 6,SC,"Balneário Piçarras, SC","Balneário Piçarras, SC, Centro",1,1,0.0,8,1927.38,2025-11,0.0,0.127,0,30,0.0,206.0,26,2025-11-03,0.0,0.0,1927.38,crítico
DNR1402,Sao_Paulo-Republica-apartamento-SUP-1Q,Carteira 4,SP,"São Paulo, SP","São Paulo, SP, República",0,29,1697.89,443,2284.22,2025-11,0.4333,0.4426,13,30,149.85,152.07,15,2025-11-03,0.74,0.0,586.3299999999997,atenção
ELF0504,Bombinhas-Bombas-apartamento-SUP-1Q,Especial,SC,"Bombinhas, SC","Bombinhas, SC, José Amândio",30,185,0.0,42,2313.9,2025-11,,0.3861,0,30,0.0,,0,2025-11-03,0.0,0.0,2313.9,crítico
ESE0102,Balneario_Camboriu-Norte-apartamento-TOP-2Q,Carteira 6,SC,"Balneário Camboriú, SC","Balneário Camboriú, SC, Centro",0,268,8454.43,14,2857.46,2025-11,0.8667,0.2895,26,30,388.19,277.33,3,2025-11-03,2.96,0.0,-5596.97,meta_subestimada
EVA0506,Florianopolis-Centrao-apartamento-JR-1Q,Carteira 4,SC,"Florianópolis, SC","Florianópolis, SC, Centro",0,163,0.0,67,2150.88,2025-11,0.0,0.3865,0,30,0.0,182.56,27,2025-11-03,0.0,0.0,2150.88,crítico
IPTR0082,Balneario_Camboriu-Centro-apartamento-JR-2Q,Carteira 6,SC,"Balneário Camboriú, SC","Balneário Camboriú, SC, Centro",3,92,4311.52,38,2659.86,2025-11,0.7407,0.3074,20,30,289.55,187.71,7,2025-11-03,1.62,868.6500000000001,-1651.6600000000003,ok
ISC0906,Sao_Paulo-Republica-apartamento-SUP-1Q,Carteira 4,SP,"São Paulo, SP","São Paulo, SP, Vila Buarque",0,562,3772.82,443,2284.22,2025-11,0.8667,0.4426,26,30,178.88,158.33,3,2025-11-03,1.65,0.0,-1488.6000000000004,ok
JBV252,Especial-JBV-hotel-TOP-1Q,Especial,SC,"Florianópolis, SC","Florianópolis, SC, Jurerê",0,1866,10404.15,32,9873.54,2025-11,0.6,0.5651,18,30,718.72,547.1,10,2025-11-03,1.05,0.0,-530.6099999999988,berlinda
JBV325,Especial-JBV-hotel-JR-1Q,Especial,SC,"Florianópolis, SC","Florianópolis, SC, Jurerê",2,1820,5802.92,25,7947.66,2025-11,0.5,0.4701,14,30,532.29,448.14,14,2025-11-03,0.73,1064.58,2144.74,atenção
OLN1702,Sao_Paulo-Mariana-apartamento-SUP-1Q,Carteira 4,SP,"São Paulo, SP","São Paulo, SP, Vila Clementino",2,199,1387.61,169,2292.45,2025-11,0.2857,0.3968,8,30,211.25,183.4,20,2025-11-03,0.61,422.5,904.8399999999999,atenção
RJT0104,Brasilia-Taguatinga_Norte-apartamento-SUP-1Q,Carteira 1,DF,"Brasília, DF","Brasília, DF, Taguatinga Norte",0,380,466.78,94,1377.45,2025-11,0.0667,0.3094,2,30,141.75,176.77,26,2025-11-03,0.34,0.0,910.6700000000001,crítico
RMO0602,Salvador-Ondina_Rio_Vermelho-apartamento-SUP-1Q,Carteira 2,BA,"Salvador, BA","Salvador, BA, Rio Vermelho",0,339,3684.12,77,2842.86,2025-11,0.7667,0.4619,23,30,192.48,194.0,7,2025-11-03,1.3,0.0,-841.2599999999998,ok
RRC0207,Florianopolis-Ribeirao-apartamento-SUP-1Q,Carteira 4,SC,"Florianópolis, SC","Florianópolis, SC, Ribeirão da Ilha",4,411,0.0,31,1742.5,2025-11,0.0,0.3403,0,30,0.0,163.69,26,2025-11-03,0.0,0.0,1742.5,crítico
RVP0502,Joao_Pessoa-Aeroclube-apartamento-JR-2Q,Carteira 2,PB,"João Pessoa, PB","João Pessoa, PB, Aeroclube",0,254,2097.15,7,2363.54,2025-11,0.5,0.4581,15,30,208.07,141.5,12,2025-11-03,0.89,0.0,266.3899999999999,berlinda
SDA311,Cabo_Frio-Centro-apartamento-SUP-2Q,Carteira 4,RJ,"Cabo Frio, RJ","Cabo Frio, RJ, Passagem",2,950,0.0,88,3841.01,2025-11,0.0,0.4235,0,30,0.0,278.85,27,2025-11-03,0.0,0.0,3841.01,crítico
VCM005,Ilheus-Sul-apartamento-JR-2Q,Carteira 2,BA,"Ilhéus, BA","Ilhéus, BA, Nossa Senhora da Vitória",0,781,371.36,15,1576.18,2025-11,0.1333,0.1918,4,30,110.0,121.25,24,2025-11-03,0.24,0.0,1204.8200000000002,crítico
VLT0107,Salvador-Graca-apartamento-SUP-1Q,Especial,BA,"Salvador, BA","Salvador, BA, Vitória",2,52,2197.68,36,2379.95,2025-11,0.5,0.3983,14,30,181.43,174.77,13,2025-11-03,0.92,362.86,182.26999999999998,berlinda
VNU1417,Sao_Paulo-Bela_Vista-apartamento-SUP-1Q,Carteira 4,SP,"São Paulo, SP","São Paulo, SP, Bela Vista",0,241,451.26,577,2932.4,2025-11,0.1,0.4661,3,30,188.0,184.33,24,2025-11-03,0.15,0.0,2481.1400000000003,crítico
VST035,Especial-VST-casa-TOP-1Q,Carteira 5,SC,"Anitápolis, SC",VST036,1,66,3177.34,42,1530.85,2025-11,0.5172,0.1234,15,30,287.13,207.33,12,2025-11-03,2.08,287.13,-1646.4900000000002,meta_subestimada
WEL0604,Sao_Paulo-Pompeia-apartamento-SUP-1Q,Carteira 4,SP,"São Paulo, SP","São Paulo, SP, Perdizes",29,134,0.0,59,1892.48,2025-11,0.0,0.2605,0,30,0.0,203.0,1,2025-11-03,0.0,0.0,1892.48,crítico
WPE0304,Penha-Longe-casa-TOP-2Q,Carteira 6,SC,"Penha, SC","Penha, SC, Gravatá",4,113,8339.59,17,3153.33,2025-11,0.8077,0.3875,21,30,474.24,1000.0,5,2025-11-03,2.64,1896.96,-5186.26,meta_subestimada
ALO0201,Barra_Velha-Centro-apartamento-TOP-2Q,Carteira 3,SC,"Barra Velha, SC","Barra Velha, SC, Tabuleiro",8,11,210.11,30,2043.83,2025-11,0.0455,0.216,1,30,243.0,266.05,19,2025-11-03,0.1,1944.0,1833.7199999999998,crítico
BLB0507,Salvador-Barra-apartamento-SUP-1Q,Carteira 2,BA,"Salvador, BA","Salvador, BA, Barra",0,72,3362.65,195,2712.93,2025-11,0.6333,0.4447,19,30,206.95,238.27,11,2025-11-03,1.24,0.0,-649.7200000000003,ok
DAL221,Canela-Geral-apartamento-SUP-2Q,Carteira 4,RS,"Canela, RS","Canela, RS, São José",0,169,4222.6,19,3864.1,2025-11,0.5,0.4102,15,30,332.0,300.08,13,2025-11-03,1.09,0.0,-358.50000000000045,berlinda
EATNR0205,Sao_Paulo-Bela_Vista-apartamento-SUP-1Q,Carteira 4,SP,"São Paulo, SP","São Paulo, SP, Bela Vista",0,172,3813.16,577,2932.4,2025-11,0.6667,0.4661,20,30,216.7,185.44,9,2025-11-03,1.3,0.0,-880.7599999999998,ok
MHF1105,Itapema-Canto_Praia-apartamento-TOP-1Q,Carteira 5,SC,"Itapema, SC","Itapema, SC, Centro",0,479,3946.78,17,1245.76,2025-11,0.6,0.3257,18,30,221.09,277.14,7,2025-11-03,3.17,0.0,-2701.0200000000004,meta_subestimada
MHF1202,Itapema-Canto_Praia-apartamento-TOP-2Q,Carteira 5,SC,"Itapema, SC","Itapema, SC, Centro",4,309,3939.94,10,2423.39,2025-11,0.5385,0.2478,14,30,284.0,286.0,14,2025-11-03,1.63,1136.0,-1516.5500000000002,ok
NWT0615,Especial-NWT-apartamento-TOP-1Q,Carteira 5,AL,"Maceió, AL","Maceió, AL, Pajuçara",0,211,3046.81,35,4545.08,2025-11,0.3667,0.472,11,30,348.18,285.06,16,2025-11-03,0.67,0.0,1498.27,atenção
ONP1701,Sao_Paulo-Bela_Vista-apartamento-SUP-1Q,Carteira 4,SP,"São Paulo, SP","São Paulo, SP, Paraíso",0,58,4704.41,577,2932.4,2025-11,0.8333,0.4661,25,30,211.15,198.75,4,2025-11-03,1.6,0.0,-1772.0099999999998,ok
PGO402,Pocos_de_Caldas-Geral-apartamento-SUP-1Q,Carteira 4,MG,"Poços de Caldas, MG","Poços de Caldas, MG, São Benedito",0,808,1574.47,27,1167.9,2025-11,0.3667,0.2113,11,30,167.73,123.94,18,2025-11-03,1.35,0.0,-406.56999999999994,ok
RAO1520,Sao_Paulo-Pinheiros-apartamento-SUP-1Q,Carteira 4,SP,"São Paulo, SP","São Paulo, SP, Cerqueira César",0,220,4427.82,410,3394.21,2025-11,0.7,0.4927,21,30,248.05,251.56,9,2025-11-03,1.3,0.0,-1033.6099999999997,ok
RFL203,Florianopolis-Jurere_Longe-apartamento-JR-2Q,Carteira 1,SC,"Florianópolis, SC","Florianópolis, SC, Jurerê",0,1011,2811.28,16,3417.68,2025-11,0.4667,0.3152,14,30,255.07,214.0,15,2025-11-03,0.82,0.0,606.3999999999996,berlinda
RIE0315,Florianopolis-Ingleses_Norte-apartamento-JR-3Q,Carteira 1,SC,"Florianópolis, SC","Florianópolis, SC, Ingleses do Rio Vermelho",4,473,3459.12,10,1724.35,2025-11,0.6154,0.1557,16,30,292.06,288.22,9,2025-11-03,2.01,1168.24,-1734.77,meta_subestimada
RUP0203,Blumenau-Central-apartamento-SUP-1Q,Carteira 4,SC,"Blumenau, SC","Blumenau, SC, Escola Agrícola",0,402,114.31,50,856.57,2025-11,0.0333,0.1654,1,30,120.0,133.69,26,2025-11-03,0.13,0.0,742.26,crítico
SEM501,Itapema-Praia_Itapema-apartamento-TOP-2Q,Carteira 6,SC,"Itapema, SC","Itapema, SC, Morretes",0,787,2561.03,11,2316.34,2025-11,0.5,0.1898,15,30,210.87,236.27,15,2025-11-03,1.11,0.0,-244.69000000000005,ok
SHC0703,Balneario_Picarras-Geral-apartamento-TOP-2Q,Carteira 6,SC,"Balneário Piçarras, SC","Balneário Piçarras, SC, Itajubá II",0,278,4184.6,32,2108.3,2025-11,0.7333,0.2801,22,30,253.09,197.0,8,2025-11-03,1.98,0.0,-2076.3,ok
SIP0709,Salvador-Piata-apartamento-SUP-1Q,Carteira 5,BA,"Salvador, BA","Salvador, BA, Itapuã",3,64,217.0,16,1053.4,2025-11,0.0741,0.2543,2,30,139.0,171.32,25,2025-11-03,0.21,417.0,836.4000000000001,crítico
TAB0140,Garopaba-Centro-casa-JR-3Q,Carteira 6,SC,"Garopaba, SC","Garopaba, SC, Praia da Ferrugem",10,103,2529.5,16,2184.78,2025-11,0.4,0.1931,8,30,341.82,237.29,7,2025-11-03,1.16,3418.2,-344.7199999999998,ok
VBM1313,Sao_Paulo-Mariana-apartamento-SUP-1Q,Carteira 4,SP,"São Paulo, SP","São Paulo, SP, Vila Clementino",0,394,3085.35,169,2292.45,2025-11,0.7,0.3968,21,30,189.9,181.5,8,2025-11-03,1.35,0.0,-792.9000000000001,ok
VDG114,Florianopolis-Ingleses_Norte-apartamento-JR-1Q,Carteira 1,SC,"Florianópolis, SC","Florianópolis, SC, Ingleses do Rio Vermelho",0,1180,1057.86,43,2294.44,2025-11,0.2,0.3481,6,30,220.83,221.1,21,2025-11-03,0.46,0.0,1236.5800000000002,crítico
VDR0202,Florianopolis-Cachoeira_Bom_Jesus-apartamento-TOP-3Q,Carteira 1,SC,"Florianópolis, SC","Florianópolis, SC, Cachoeira do Bom Jesus",9,416,11197.37,12,7625.41,2025-11,0.9048,0.4551,19,30,721.05,480.0,2,2025-11-03,1.47,6489.45,-3571.960000000001,ok
VST002,Especial-VST-casa-TOP-1Q,Carteira 5,SC,"Anitápolis, SC","Anitápolis, SC, Rio dos Pinheiros",1,488,2043.32,42,1530.85,2025-11,0.3103,0.1234,9,30,282.44,188.05,19,2025-11-03,1.33,282.44,-512.47,ok
WSH0208,Curitiba-Batel-apartamento-SUP-1Q,Carteira 4,PR,"Curitiba, PR","Curitiba, PR, Bigorrilho",0,162,1927.34,183,1897.84,2025-11,0.3667,0.3494,11,30,210.09,247.56,18,2025-11-03,1.02,0.0,-29.5,berlinda
BCI1603,Recife-Boa_Viagem-apartamento-SUP-1Q,Carteira 2,PE,"Recife, PE","Recife, PE, Boa Viagem",0,57,3154.35,64,2313.9,2025-11,0.6,0.4656,18,30,218.38,199.0,17,2025-11-03,1.36,0.0,-840.4499999999998,ok
BVE101,Florianopolis-Campeche-apartamento-SUP-2Q,Carteira 1,SC,"Florianópolis, SC","Florianópolis, SC, Campeche",0,558,1980.59,9,3386.91,2025-11,0.2333,0.3051,7,30,399.71,269.5,22,2025-11-03,0.58,0.0,1406.32,atenção
CET802,Balneario_Camboriu-Centro-apartamento-SUP-3Q,Carteira 6,SC,"Balneário Camboriú, SC","Balneário Camboriú, SC, Centro",0,1366,7778.46,71,3587.4,2025-11,0.6667,0.3532,20,30,442.65,201.0,10,2025-11-03,2.17,0.0,-4191.0599999999995,meta_subestimada
DNAG0706,Goiania-Central-apartamento-TOP-1Q,Carteira 1_sys-price,GO,"Goiânia, GO","Goiânia, GO, Setor Bueno",2,185,719.83,45,1306.17,2025-11,0.1429,0.2068,4,30,197.0,169.96,23,2025-11-03,0.55,394.0,586.34,atenção
EAB203,Florianopolis-Ingleses_Norte-apartamento-SUP-2Q,Carteira 1,SC,"Florianópolis, SC","Florianópolis, SC, Ingleses do Rio Vermelho",30,1727,0.0,46,3271.44,2025-11,,0.244,0,30,0.0,,0,2025-11-03,0.0,0.0,3271.44,crítico
EDF1501,Salvador-Ondina_Rio_Vermelho-apartamento-TOP-1Q,Carteira 2,BA,"Salvador, BA","Salvador, BA, Rio Vermelho",0,60,2335.92,33,2946.51,2025-11,0.6333,0.4139,19,30,212.25,242.28,18,2025-11-03,0.79,0.0,610.5900000000001,atenção
FUA0001,Ubatuba-Praia_do_Lazaro-apartamento-JR-1Q,Carteira 4,SP,"Ubatuba, SP","Ubatuba, SP, Lázaro Praia Domingos Dias",0,33,0.0,19,2617.58,2025-11,0.0,0.3855,0,30,0.0,239.7,27,2025-11-03,0.0,0.0,2617.58,crítico
HMC0320,Sao_Paulo-Campo_Belo-apartamento-SUP-1Q,Carteira 4_sys-price,SP,"São Paulo, SP","São Paulo, SP, Campo Belo",0,297,3125.31,62,2487.43,2025-11,0.6333,0.4764,19,30,197.89,167.36,11,2025-11-03,1.26,0.0,-637.8800000000001,ok
HRE0025,Ubatuba-Toninhas-apartamento-SUP-2Q,Carteira 4,SP,"Ubatuba, SP","Ubatuba, SP, Toninhas",0,355,5518.31,115,4705.66,2025-11,0.5667,0.4104,17,30,380.24,309.77,13,2025-11-03,1.17,0.0,-812.6500000000005,ok
IFT1005,Itapema-Meia_Praia-Norte-apartamento-TOP-1Q,Carteira 6,SC,"Itapema, SC","Itapema, SC, Meia Praia",0,198,2252.0,24,2714.64,2025-11,0.4,0.2925,12,30,247.0,219.78,18,2025-11-03,0.83,0.0,462.6399999999999,berlinda
ILC3403,Especial-ILC-hotel-JR-1Q,Especial,SC,"Florianópolis, SC","Florianópolis, SC, Jurerê Internacional",0,1830,7788.43,16,7488.19,2025-11,0.5333,0.4706,16,30,579.69,511.5,14,2025-11-03,1.04,0.0,-300.2400000000007,berlinda
IRE0022,Ubatuba-Praia_Grande-apartamento-SUP-2Q,Carteira 4,SP,"Ubatuba, SP","Ubatuba, SP, Praia Grande",4,277,2121.81,167,4434.53,2025-11,0.2692,0.3583,7,30,345.57,286.05,19,2025-11-03,0.48,1382.28,2312.72,crítico
IRE021,Ubatuba-Praia_Grande-apartamento-SUP-2Q,Carteira 4,SP,"Ubatuba, SP","Ubatuba, SP, Praia Grande",0,633,1312.68,167,4434.53,2025-11,0.1333,0.3583,4,30,357.75,319.39,23,2025-11-03,0.3,0.0,3121.8499999999995,crítico
JBM302,Florianopolis-Jurere_Tradicional-apartamento-SUP-1Q,Carteira 1,SC,"Florianópolis, SC","Florianópolis, SC, Jurerê",0,1971,6525.59,15,6963.2,2025-11,0.7333,0.5474,22,30,378.32,362.29,7,2025-11-03,0.94,0.0,437.6099999999997,berlinda
JMA010,Florianopolis-Jurere_Longe-apartamento-JR-1Q,Carteira 1,SC,"Florianópolis, SC","Florianópolis, SC, Jurerê",0,487,252.24,31,2028.1,2025-11,0.0667,0.4085,2,30,196.0,167.22,27,2025-11-03,0.12,0.0,1775.86,crítico
MHF0602,Itapema-Canto_Praia-apartamento-TOP-2Q,Carteira 5,SC,"Itapema, SC","Itapema, SC, Centro",2,15,4620.93,10,2423.39,2025-11,0.75,0.2478,21,30,333.19,291.33,6,2025-11-03,1.91,666.38,-2197.5400000000004,ok
MRD0061,Balneario_Camboriu-Centro-apartamento-SUP-3Q,Carteira 6,SC,"Balneário Camboriú, SC","Balneário Camboriú, SC, Centro",6,100,4156.91,71,3587.4,2025-11,0.5417,0.3532,13,30,294.0,211.5,8,2025-11-03,1.16,1764.0,-569.5099999999998,ok
OGD0704,Florianopolis-Beira_Mar-apartamento-MASTER-1Q,Carteira 4,SC,"Florianópolis, SC","Florianópolis, SC, Centro",0,71,4340.92,26,4986.45,2025-11,0.5,0.3621,15,30,348.2,283.75,12,2025-11-03,0.87,0.0,645.5299999999997,berlinda
PDA0736,Camaçari-Jacuipe-casa-SUP-5Q,Carteira 2,BA,"Camaçari, BA","Camaçari, BA, Barra do Jacuípe - Monte Gordo",12,694,1257.36,23,6316.39,2025-11,0.1667,0.221,3,30,523.33,421.53,15,2025-11-03,0.2,6279.960000000001,5059.030000000001,crítico
PDN0113,Balneario_Camboriu-Longe-apartamento-TOP-1Q,Carteira 6,SC,"Balneário Camboriú, SC","Balneário Camboriú, SC, Nações",0,247,5697.7,95,2452.91,2025-11,0.9667,0.2743,29,30,280.76,130.0,1,2025-11-03,2.32,0.0,-3244.79,meta_subestimada
PSOA1007,Penha-Beto_Carrero-apartamento-SUP-1Q,Carteira 3,SC,"Penha, SC","Penha, SC, Armação",0,129,1404.5,12,1751.85,2025-11,0.2667,0.2595,8,30,199.5,197.68,19,2025-11-03,0.8,0.0,347.3499999999999,berlinda
RBE0031,Florianopolis-UFSC-apartamento-SUP-2Q,Carteira 4,SC,"Florianópolis, SC","Florianópolis, SC, Trindade",0,436,1133.62,17,2547.0,2025-11,0.1667,0.404,5,30,307.4,250.74,23,2025-11-03,0.45,0.0,1413.38,crítico
RHI206,Florianopolis-Canasvieiras_Meio-apartamento-SUP-1Q,Carteira 1,SC,"Florianópolis, SC","Florianópolis, SC, Canasvieiras",1,778,2768.3,34,3015.73,2025-11,0.6552,0.5251,19,30,302.68,232.3,10,2025-11-03,0.92,302.68,247.42999999999984,berlinda
RVL118,Bombinhas-Mariscal-casa-JR-2Q,Carteira 6,SC,"Bombinhas, SC","Bombinhas, SC, canto grande",1,1150,2604.25,15,1839.44,2025-11,0.7241,0.3028,21,30,155.52,189.5,8,2025-11-03,1.42,155.52,-764.81,ok
SPT0109,Blumenau-Central-apartamento-JR-1Q,Carteira 4,SC,"Blumenau, SC","Blumenau, SC, Itoupava Seca",0,596,0.0,26,450.13,2025-11,0.0,0.1337,0,30,0.0,122.41,27,2025-11-03,0.0,0.0,450.13,crítico
SPT0110,Blumenau-Central-apartamento-JR-1Q,Carteira 4,SC,"Blumenau, SC","Blumenau, SC, Itoupava Seca",0,596,207.06,26,450.13,2025-11,0.0667,0.1337,2,30,0.0,125.7,27,2025-11-03,0.46,0.0,243.07,crítico
TRS0004,Penha-Beto_Carrero-casa-SUP-1Q,Carteira 3,SC,"Penha, SC","Penha, SC, Armação",0,164,2198.11,22,1771.32,2025-11,0.5,0.3843,15,30,167.07,135.15,13,2025-11-03,1.24,0.0,-426.7900000000002,ok
UPP0413,Curitiba-Centro-apartamento-JR-1Q,Carteira 4,PR,"Curitiba, PR","Curitiba, PR, Alto da XV",0,9,270.49,216,1613.6,2025-11,0.0667,0.3993,2,30,137.0,155.96,26,2025-11-03,0.17,0.0,1343.11,crítico
UPP0506,Curitiba-Centro-apartamento-JR-1Q,Carteira 4,PR,"Curitiba, PR","Curitiba, PR, Alto da XV",0,24,372.31,216,1613.6,2025-11,0.1,0.3993,3,30,147.0,155.96,26,2025-11-03,0.23,0.0,1241.29,crítico
VDM303,Florianopolis-Canajure-apartamento-SUP-1Q,Carteira 1,SC,"Florianópolis, SC","Florianópolis, SC, Canasvieiras",0,202,2490.6,29,2919.75,2025-11,0.4667,0.4078,14,30,225.86,286.15,13,2025-11-03,0.85,0.0,429.1500000000001,berlinda
VLA,Florianopolis-Santinho-apartamento-SUP-2Q,Carteira 1,SC,"Florianópolis, SC","Florianópolis, SC, Ingleses do Rio Vermelho",0,285,2926.38,11,4335.83,2025-11,0.3,0.4023,9,30,501.0,195.15,20,2025-11-03,0.67,0.0,1409.4499999999998,atenção
VST011,Especial-VST-casa-TOP-1Q,Carteira 5,SC,"Anitápolis, SC","Anitápolis, SC, Rio dos Pinheiros",1,487,4103.5,42,1530.85,2025-11,0.5862,0.1234,17,30,302.65,185.0,12,2025-11-03,2.68,302.65,-2572.65,meta_subestimada
CDS0401,Florianopolis-Jurere_Internacional-apartamento-SUP-2Q,Carteira 1,SC,"Florianópolis, SC","Florianópolis, SC, Jurere Internacional",0,145,6597.62,21,5215.16,2025-11,0.7667,0.4091,23,30,362.17,343.43,7,2025-11-03,1.27,0.0,-1382.46,ok
CNA001,Especial-CNA-casa-MASTER-1Q,Especial,SP,"Campos do Jordão, SP","Campos do Jordão, SP, Jardim Europa",0,1016,6987.35,25,6397.17,2025-11,0.4333,0.3129,13,30,622.62,644.18,17,2025-11-03,1.09,0.0,-590.1800000000003,berlinda
COI203,Florianopolis-Praia_Brava-apartamento-JR-2Q,Carteira 1,SC,"Florianópolis, SC","Florianópolis, SC, Praia Brava",30,1265,0.0,12,1445.28,2025-11,,0.1916,0,30,0.0,,0,2025-11-03,0.0,0.0,1445.28,crítico
CZZ0406,Urubici-Geral-apartamento-SUP-1Q,Especial,SC,"Urubici, SC","Urubici, SC, Centro",0,130,1407.88,49,1538.22,2025-11,0.1667,0.1338,5,30,320.0,209.32,22,2025-11-03,0.92,0.0,130.33999999999992,berlinda
ELO0207,Balneario_Camboriu-Intermediario-apartamento-JR-3Q,Carteira 6,SC,"Balneário Camboriú, SC","Balneário Camboriú, SC, Centro",0,562,3046.72,18,2539.63,2025-11,0.5333,0.2807,16,30,237.5,173.14,14,2025-11-03,1.2,0.0,-507.0899999999997,ok
EPP0602,Guarapari-Praia_do_Morro-apartamento-JR-3Q,Carteira 4,ES,"Guarapari, ES","Guarapari, ES, Praia do Morro",0,199,0.0,37,1630.19,2025-11,0.0,0.2244,0,30,0.0,203.59,27,2025-11-03,0.0,0.0,1630.19,crítico
FFS1401,Itapema-Meia_Praia-Sul-apartamento-SUP-1Q,Carteira 6,SC,"Itapema, SC","Itapema, SC, Meia Praia",0,10,1326.48,13,2800.53,2025-11,0.3,0.4325,9,30,157.82,160.89,19,2025-11-03,0.47,0.0,1474.0500000000002,crítico
HOA0704,Salvador-Ondina_Rio_Vermelho-apartamento-SUP-1Q,Carteira 2,BA,"Salvador, BA","Salvador, BA, Ondina",0,101,2872.7,77,2842.86,2025-11,0.5667,0.4619,17,30,195.94,203.75,12,2025-11-03,1.01,0.0,-29.83999999999969,berlinda
ILH106,Florianopolis-Canasvieiras_Perto-apartamento-TOP-3Q,Carteira 1,SC,"Florianópolis, SC","Florianópolis, SC, Canasvieiras",7,799,6824.69,12,7625.41,2025-11,0.7391,0.4551,17,30,579.65,426.0,3,2025-11-03,0.89,4057.5499999999997,800.7200000000003,berlinda
JTL002,Florianopolis-Jurere_Longe-apartamento-JR-1Q,Carteira 1,SC,"Florianópolis, SC","Florianópolis, SC, Jurerê",0,495,1208.2,31,2028.1,2025-11,0.3,0.4085,9,30,233.67,172.68,19,2025-11-03,0.6,0.0,819.8999999999999,atenção
LIV1104,Salvador-Graca-apartamento-TOP-1Q,Especial,BA,"Salvador, BA","Salvador, BA, Vitória",0,152,1407.27,10,3417.57,2025-11,0.2333,0.3374,7,30,271.71,243.6,20,2025-11-03,0.41,0.0,2010.3000000000002,crítico
OKA120,Florianopolis-Campeche-apartamento-SUP-1Q,Carteira 1,SC,"Florianópolis, SC","Florianópolis, SC, Campeche",0,1040,1097.43,22,1969.86,2025-11,0.2,0.3561,6,30,221.33,238.79,24,2025-11-03,0.56,0.0,872.4299999999998,atenção
POSC0311,Florianopolis-Ingleses_Praia-apartamento-JR-2Q,Carteira 1,SC,"Florianópolis, SC","Florianópolis, SC, Ingleses do Rio Vermelho",19,367,1981.72,27,2783.49,2025-11,1.0,0.2962,11,30,239.27,,0,2025-11-03,0.71,4546.13,801.7699999999998,atenção
PRM007,Santa_Cruz_Cabralia-Coroa_Vermelha-apartamento-SUP-2Q,Carteira 2,BA,"Santa Cruz Cabrália, BA","Santa Cruz Cabrália, BA, Coroa Vermelha",0,558,2140.39,34,2500.7,2025-11,0.3333,0.2968,10,30,246.1,198.82,17,2025-11-03,0.86,0.0,360.30999999999995,berlinda
PSD205,Florianopolis-Jurere_Tradicional-apartamento-JR-1Q,Carteira 1,SC,"Florianópolis, SC","Florianópolis, SC, Jurerê",0,1990,3708.56,16,2934.35,2025-11,0.5333,0.4513,16,30,270.62,195.92,13,2025-11-03,1.26,0.0,-774.21,ok
PSO0704,Penha-Beto_Carrero-apartamento-SUP-1Q,Carteira 3,SC,"Penha, SC","Penha, SC, Praia de Armação do Itapocoroi",0,136,4575.82,12,1751.85,2025-11,0.7333,0.2595,22,30,224.77,169.5,8,2025-11-03,2.61,0.0,-2823.97,meta_subestimada
PTB0105,Cabo_Frio-Pero_Longe-casa-JR-2Q,Carteira 4,RJ,"Cabo Frio, RJ","Cabo Frio, RJ, OGIVA",2,290,0.0,11,1435.22,2025-11,0.0,0.2389,0,30,0.0,196.84,25,2025-11-03,0.0,0.0,1435.22,crítico
RAG0406,Balneario_Picarras-Geral-apartamento-SUP-2Q,Carteira 6,SC,"Balneário Piçarras, SC","Balneário Piçarras, SC, Itacolomi",0,250,1736.3,47,1274.96,2025-11,0.4333,0.1633,13,30,157.67,148.93,15,2025-11-03,1.36,0.0,-461.3399999999999,ok
RES201,Florianopolis-Ingleses_Praia-apartamento-SUP-1Q,Carteira 1,SC,"Florianópolis, SC","Florianópolis, SC, Ingleses do Rio Vermelho",0,858,0.0,34,3392.97,2025-11,0.0,0.4251,0,30,0.0,228.37,27,2025-11-03,0.0,0.0,3392.97,crítico
SCO0009,Florianopolis-Campeche-apartamento-JR-1Q,Carteira 1,SC,"Florianópolis, SC","Florianópolis, SC, Campeche",0,227,0.0,21,1126.05,2025-11,0.0,0.2771,0,30,0.0,156.11,27,2025-11-03,0.0,0.0,1126.05,crítico
SOA0908,Salvador-Boca_do_Rio-apartamento-TOP-1Q,Carteira 2,BA,"Salvador, BA","Salvador, BA, Boca do Rio",0,172,1968.37,13,2847.5,2025-11,0.5,0.4886,15,30,161.67,207.67,15,2025-11-03,0.69,0.0,879.1300000000001,atenção
SZT0375,Itapema-Meia_Praia-Norte-apartamento-TOP-3Q,Carteira 6,SC,"Itapema, SC","Itapema, SC, Meia Praia",3,53,1137.15,14,3809.18,2025-11,0.1852,0.2516,5,30,285.0,305.77,22,2025-11-03,0.3,855.0,2672.0299999999997,crítico
VGT025,Ilheus-Sul-apartamento-JR-2Q,Carteira 2,BA,"Ilhéus, BA","Ilhéus, BA, Nossa Senhora da Vitória",0,211,587.28,15,1576.18,2025-11,0.2,0.1918,6,30,116.0,122.38,21,2025-11-03,0.37,0.0,988.9000000000001,crítico
VJGM0102,Ilheus-Sul-apartamento-JR-2Q,Carteira 2,BA,"Ilhéus, BA","Ilhéus, BA, Nossa Senhora da Vitória",3,361,0.0,15,1576.18,2025-11,0.0,0.1918,0,30,0.0,119.42,24,2025-11-03,0.0,0.0,1576.18,crítico
ACB0204,Florianopolis-Cachoeira_Bom_Jesus-apartamento-SUP-2Q,Carteira 1,SC,"Florianópolis, SC","Florianópolis, SC, Cachoeira do Bom Jesus",26,212,1017.01,14,2740.23,2025-11,1.0,0.2637,4,30,393.0,,0,2025-11-03,0.37,10218.0,1723.22,crítico
BLS0754,Goiania-Central-apartamento-TOP-1Q,Carteira 1_sys-price,GO,"Goiânia, GO","Goiânia, GO, Setor Marista",0,46,940.24,45,1306.17,2025-11,0.2,0.2068,6,30,185.0,170.42,24,2025-11-03,0.72,0.0,365.93000000000006,atenção
CMS0202,Florianopolis-Cachoeira_Bom_Jesus-apartamento-SUP-2Q,Carteira 1,SC,"Florianópolis, SC","Florianópolis, SC, Cachoeira do Bom Jesus",0,3,1508.78,14,2740.23,2025-11,0.2333,0.2637,7,30,312.86,282.5,20,2025-11-03,0.55,0.0,1231.45,atenção
FFS1102,Itapema-Meia_Praia-Sul-apartamento-SUP-1Q,Carteira 6,SC,"Itapema, SC","Itapema, SC, Meia Praia",0,10,1381.81,13,2800.53,2025-11,0.4,0.4325,12,30,161.06,164.69,13,2025-11-03,0.49,0.0,1418.7200000000003,crítico
IDVA0903,Goiania-Central-2-apartamento-TOP-1Q,Carteira 1_sys-price,GO,"Goiânia, GO","Goiânia, GO, Setor Oeste",0,778,2465.51,27,906.1,2025-11,0.3333,0.144,10,30,247.08,244.94,16,2025-11-03,2.72,0.0,-1559.4100000000003,meta_subestimada
JSM0103,Salvador-Flamengo-apartamento-SUP-2Q,Carteira 2,BA,"Salvador, BA","Salvador, BA, Stella Maris",18,60,417.36,45,2572.3,2025-11,0.25,0.3466,3,30,186.0,191.67,9,2025-11-03,0.16,3348.0,2154.94,crítico
LIV1408,Salvador-Graca-apartamento-TOP-1Q,Especial,BA,"Salvador, BA","Salvador, BA, Vitória",0,102,2323.13,10,3417.57,2025-11,0.4,0.3374,12,30,247.0,263.88,16,2025-11-03,0.68,0.0,1094.44,atenção
MHFA0507,Itapema-Canto_Praia-apartamento-SUP-1Q,Carteira 5,SC,"Itapema, SC","Itapema, SC, Centro",0,457,2002.52,9,2579.11,2025-11,0.4667,0.2266,14,30,177.64,183.31,16,2025-11-03,0.78,0.0,576.5900000000001,atenção
NOA1014,Sao_Paulo-Santo_Amaro-apartamento-SUP-1Q,Carteira 4,SP,"São Paulo, SP","São Paulo, SP, Santo Amaro",4,480,233.66,156,2710.22,2025-11,0.0769,0.4081,2,30,138.0,179.48,23,2025-11-03,0.09,552.0,2476.56,crítico
NWT0815,Especial-NWT-apartamento-TOP-1Q,Carteira 5,AL,"Maceió, AL","Maceió, AL, Pajuçara",0,186,2377.92,35,4545.08,2025-11,0.2667,0.472,8,30,337.0,283.68,19,2025-11-03,0.52,0.0,2167.16,atenção
NWT1022,Especial-NWT-apartamento-TOP-1Q,Carteira 5,AL,"Maceió, AL","Maceió, AL, Pajuçara",0,199,3184.63,35,4545.08,2025-11,0.4667,0.472,14,30,283.64,303.0,15,2025-11-03,0.7,0.0,1360.4499999999998,atenção
PEV025,Ubatuba-Tenorio-casa-JR-4Q,Carteira 4,SP,"Ubatuba, SP","Ubatuba, SP, Tenório",0,206,0.0,49,5109.56,2025-11,0.0,0.3164,0,30,0.0,366.59,27,2025-11-03,0.0,0.0,5109.56,crítico
PSO0309,Penha-Beto_Carrero-apartamento-SUP-1Q,Carteira 3,SC,"Penha, SC","Penha, SC, Praia de Armação do Itapocoroi",0,101,1277.12,12,1751.85,2025-11,0.2667,0.2595,8,30,195.75,192.84,19,2025-11-03,0.73,0.0,474.73,atenção
SPI0811,Sao_Paulo-Pinheiros-apartamento-TOP-1Q,Carteira 4_sys-price,SP,"São Paulo, SP","São Paulo, SP, Pinheiros",0,325,7853.33,267,4387.41,2025-11,0.7667,0.4901,23,30,428.67,273.4,5,2025-11-03,1.79,0.0,-3465.92,ok
UPP0604,Curitiba-Centro-apartamento-JR-1Q,Carteira 4,PR,"Curitiba, PR","Curitiba, PR, Alto da XV",0,26,385.31,216,1613.6,2025-11,0.1,0.3993,3,30,166.0,157.0,25,2025-11-03,0.24,0.0,1228.29,crítico
VIN202,Florianopolis-Ingleses_Norte-apartamento-SUP-3Q,Carteira 1,SC,"Florianópolis, SC","Florianópolis, SC, Ingleses do Rio Vermelho",6,1591,3071.51,13,3119.27,2025-11,0.5,0.1887,12,30,412.0,267.0,5,2025-11-03,0.98,2472.0,47.75999999999976,berlinda
VNV1301,Itapema-Praia_Centro-apartamento-SUP-2Q,Carteira 6,SC,"Itapema, SC","Itapema, SC, Tabuleiro dos Oliveiras",0,88,3769.17,14,2452.59,2025-11,0.6333,0.2941,19,30,232.52,185.43,7,2025-11-03,1.54,0.0,-1316.58,ok
AMC0202,Florianopolis-Ingleses_Praia-apartamento-JR-1Q,Carteira 1,SC,"Florianópolis, SC","Florianópolis, SC, Ingleses do Rio Vermelho",1,501,3289.84,26,2256.24,2025-11,0.5862,0.374,17,30,233.24,207.2,10,2025-11-03,1.46,233.24,-1033.6000000000004,ok
BLSA1455,Goiania-Central-apartamento-TOP-1Q,Carteira 1_sys-price,GO,"Goiânia, GO","Goiânia, GO, Setor Marista",0,456,1026.74,45,1306.17,2025-11,0.2333,0.2068,7,30,176.0,190.04,23,2025-11-03,0.79,0.0,279.43000000000006,atenção
CAG0003,Camaçari-Monte_Gordo-casa-SUP-4Q,Carteira 2,BA,"Camaçari, BA","Camaçari, BA, Guarajuba",7,124,5451.8,9,7433.68,2025-11,0.5217,0.2314,12,30,589.67,527.55,11,2025-11-03,0.73,4127.69,1981.88,atenção
CEV2304,Balneario_Camboriu-Intermediario-apartamento-JR-1Q,Carteira 6,SC,"Balneário Camboriú, SC","Balneário Camboriú, SC, Centro",0,306,2994.56,48,1828.74,2025-11,0.7,0.3472,21,30,230.71,141.71,7,2025-11-03,1.64,0.0,-1165.82,ok
CII0601,Porto_Belo-Geral-apartamento-SUP-2Q,Carteira 6,SC,"Porto Belo, SC","Porto Belo, SC, Perequê",0,435,3606.68,23,3094.93,2025-11,0.7667,0.2277,23,30,193.91,197.57,7,2025-11-03,1.17,0.0,-511.75,ok
CNB005,Especial-CNB-casa-TOP-1Q,Especial,SP,"Campos do Jordão, SP","Campos do Jordão, SP, Jardim Europa",0,596,1454.35,14,3701.03,2025-11,0.1,0.3298,3,30,615.33,606.24,25,2025-11-03,0.39,0.0,2246.6800000000003,crítico
DSG1301,Sao_Paulo-Vila_Olimpia-apartamento-SUP-1Q,Carteira 4,SP,"São Paulo, SP","São Paulo, SP, Itaim Bibi",0,191,6100.3,294,4075.32,2025-11,0.7333,0.4389,22,30,337.0,299.38,8,2025-11-03,1.5,0.0,-2024.98,ok
ILC3208,Especial-ILC-hotel-TOP-1Q,Especial,SC,"Florianópolis, SC","Florianópolis, SC, Jurerê Internacional",0,1458,9686.96,28,10075.49,2025-11,0.5333,0.5987,16,30,757.63,703.67,12,2025-11-03,0.96,0.0,388.53000000000065,berlinda
JBV214,Especial-JBV-hotel-JR-1Q,Especial,SC,"Florianópolis, SC","Florianópolis, SC, Jurerê",0,1045,8315.84,25,7947.66,2025-11,0.7,0.4701,21,30,479.86,540.88,8,2025-11-03,1.05,0.0,-368.1800000000003,berlinda
JBV227,Especial-JBV-hotel-TOP-1Q,Especial,SC,"Florianópolis, SC","Florianópolis, SC, Jurerê",0,22,12665.56,32,9873.54,2025-11,0.8333,0.5651,25,30,619.48,579.6,5,2025-11-03,1.28,0.0,-2792.0199999999986,ok
JBV462,Especial-JBV-hotel-TOP-1Q,Especial,SC,"Florianópolis, SC","Florianópolis, SC, Jurerê",10,1376,7841.2,32,9873.54,2025-11,0.65,0.5651,13,30,741.54,531.86,7,2025-11-03,0.79,7415.4,2032.340000000001,atenção
JPR212,Florianopolis-Jurere_Tradicional-apartamento-MASTER-1Q,Carteira 1,SC,"Florianópolis, SC","Florianópolis, SC, Jurerê",0,1278,10804.59,26,9506.0,2025-11,0.8667,0.4699,26,30,514.22,402.33,3,2025-11-03,1.14,0.0,-1298.5900000000001,ok
LVR010,Campos_do_Jordao-Capivari_Centro-apartamento-SUP-2Q,Carteira 4,SP,"Campos do Jordão, SP","Campos do Jordão, SP, Vila Iara",0,941,4545.64,31,2633.58,2025-11,0.4,0.1815,12,30,446.0,293.29,17,2025-11-03,1.73,0.0,-1912.0600000000004,ok
MHF0704,Itapema-Canto_Praia-apartamento-TOP-1Q,Carteira 5,SC,"Itapema, SC","Itapema, SC, Centro",0,471,3024.51,17,1245.76,2025-11,0.6,0.3257,18,30,210.78,235.67,12,2025-11-03,2.43,0.0,-1778.7500000000002,meta_subestimada
MHFB0507,Itapema-Canto_Praia-apartamento-SUP-1Q,Carteira 5,SC,"Itapema, SC","Itapema, SC, Centro",0,457,1812.62,9,2579.11,2025-11,0.4,0.2266,12,30,171.67,173.94,18,2025-11-03,0.7,0.0,766.4900000000002,atenção
MPL0215,Brasilia-Asa_Norte-apartamento-SUP-1Q,Carteira 1_sys-price,DF,"Brasília, DF","Brasília, DF, Asa Norte",0,269,3293.93,92,2693.61,2025-11,0.7,0.5034,21,30,189.52,158.38,8,2025-11-03,1.22,0.0,-600.3199999999997,ok
NLUH0008,São_Miguel_dos_Milagres-Geral-casa-TOP-3Q,Carteira 2,AL,"Passo de Camaragibe, AL","Passo de Camaragibe, AL, Praia do Marceneiro",15,388,2409.21,19,6910.07,2025-11,0.2667,0.4252,4,30,719.0,609.9,10,2025-11-03,0.35,10785.0,4500.86,crítico
NWT0803,Especial-NWT-apartamento-TOP-1Q,Carteira 5,AL,"Maceió, AL","Maceió, AL, Pajuçara",0,325,4282.24,35,4545.08,2025-11,0.5667,0.472,17,30,294.0,284.62,13,2025-11-03,0.94,0.0,262.84000000000015,berlinda
ONJ2712,Sao_Paulo-Moema-apartamento-SUP-1Q,Carteira 4_sys-price,SP,"São Paulo, SP","São Paulo, SP, Moema",5,267,3275.1,499,2610.74,2025-11,0.6,0.3688,15,30,244.93,202.0,8,2025-11-03,1.25,1224.65,-664.3600000000001,ok
PPB0603,Goiania-Central-apartamento-SUP-2Q,Carteira 1_sys-price,GO,"Goiânia, GO","Goiânia, GO, Setor Bueno",1,759,2597.74,34,1674.23,2025-11,0.4483,0.2046,13,30,234.0,253.0,16,2025-11-03,1.55,234.0,-923.5099999999998,ok
RFM0021,Santa_Cruz_Cabralia-Coroa_Vermelha-apartamento-SUP-2Q,Carteira 2,BA,"Santa Cruz Cabrália, BA","Santa Cruz Cabrália, BA, Coroa Vermelha",0,437,2012.04,34,2500.7,2025-11,0.4,0.2968,12,30,218.5,200.47,15,2025-11-03,0.8,0.0,488.65999999999985,berlinda
RPC301,Florianopolis-Canasvieiras_Longe-apartamento-SUP-2Q,Carteira 1,SC,"Florianópolis, SC","Florianópolis, SC, Canasvieiras",0,1297,3402.13,19,3065.74,2025-11,0.5,0.359,15,30,236.13,232.07,14,2025-11-03,1.11,0.0,-336.3900000000003,ok
SCO0004,Florianopolis-Campeche-apartamento-JR-1Q,Carteira 1,SC,"Florianópolis, SC","Florianópolis, SC, Campeche",0,207,2332.9,21,1126.05,2025-11,0.5667,0.2771,17,30,176.71,199.6,10,2025-11-03,2.07,0.0,-1206.8500000000001,meta_subestimada
SMA0407,Salvador-Pituba_Praia-apartamento-SUP-1Q,Carteira 5,BA,"Salvador, BA","Salvador, BA, Amaralina",1,24,1553.6,14,1573.3,2025-11,0.4138,0.3311,12,30,173.17,175.19,16,2025-11-03,0.99,173.17,19.700000000000045,berlinda
SPJ0403,Especial-SPJ-apartamento-TOP-1Q,Carteira 5,SC,"Florianópolis, SC","Florianópolis, SC, Jurerê",0,516,5811.53,19,5610.79,2025-11,0.7,0.5559,21,30,341.48,289.44,9,2025-11-03,1.04,0.0,-200.73999999999978,berlinda
BVA0705,Sao_Paulo-Republica-apartamento-SUP-1Q,Carteira 4,SP,"São Paulo, SP",Sao_Paulo-Republica,0,387,636.24,443,2284.22,2025-11,0.1667,0.4426,5,30,158.0,144.96,23,2025-11-03,0.28,0.0,1647.9799999999998,crítico
BVT0418,Brasilia-Asa_Sul-apartamento-JR-1Q,Carteira 1,DF,"Brasília, DF","Brasília, DF, Lago Norte",1,337,1519.32,196,2430.69,2025-11,0.3448,0.4956,10,30,202.6,219.44,18,2025-11-03,0.63,202.6,911.3700000000001,atenção
CNB008,Especial-CNB-casa-TOP-1Q,Especial,SP,"Campos do Jordão, SP","Campos do Jordão, SP, Jardim Europa",0,591,3166.47,14,3701.03,2025-11,0.2333,0.3298,7,30,635.78,569.8,20,2025-11-03,0.86,0.0,534.5600000000004,berlinda
CND0204,Florianopolis-Praia_Brava-apartamento-JR-3Q,Carteira 1,SC,"Florianópolis, SC","Florianópolis, SC, Ponta das Canas",5,59,2555.62,58,3867.53,2025-11,0.36,0.3591,9,30,377.33,336.53,15,2025-11-03,0.66,1886.6499999999999,1311.9100000000003,atenção
CRM0212,Florianopolis-Canto_da_Lagoa-apartamento-SUP-2Q,Carteira 1,SC,"Florianópolis, SC","Florianópolis, SC, Canto da Lagoa",0,298,1789.53,15,3406.37,2025-11,0.2333,0.344,7,30,313.14,290.0,20,2025-11-03,0.53,0.0,1616.84,atenção
ELF0408,Bombinhas-Bombas-apartamento-SUP-1Q,Especial,SC,"Bombinhas, SC","Bombinhas, SC, José Amândio",4,164,1790.66,42,2313.9,2025-11,0.3462,0.3861,9,30,228.0,294.63,16,2025-11-03,0.77,912.0,523.24,atenção
GDI268,Florianopolis-Canasvieiras_Perto-apartamento-JR-1Q,Carteira 1,SC,"Florianópolis, SC","Florianópolis, SC, Canasvieiras",0,808,1721.88,42,1971.66,2025-11,0.3,0.3351,9,30,223.0,163.94,18,2025-11-03,0.87,0.0,249.77999999999997,berlinda
ILC2403,Especial-ILC-hotel-JR-1Q,Especial,SC,"Florianópolis, SC","Florianópolis, SC, Jurerê Internacional",0,1779,12680.51,16,7488.19,2025-11,0.6667,0.4706,20,30,731.95,646.5,10,2025-11-03,1.69,0.0,-5192.320000000001,ok
MOR0402,Florianopolis-Jurere_Tradicional-apartamento-TOP-3Q,Carteira 1,SC,"Florianópolis, SC","Florianópolis, SC, Jurerê",14,691,6182.46,14,9229.09,2025-11,0.6875,0.3777,11,30,805.64,550.4,5,2025-11-03,0.67,11278.96,3046.63,atenção
NOR0201,Brasilia-Asa_Norte-apartamento-JR-1Q,Carteira 1_sys-price,DF,"Brasília, DF","Brasília, DF, Asa Norte",0,767,2582.0,150,2145.04,2025-11,0.4667,0.5079,14,30,221.12,198.54,13,2025-11-03,1.2,0.0,-436.96000000000004,ok
NWT0617,Especial-NWT-apartamento-TOP-1Q,Carteira 5,AL,"Maceió, AL","Maceió, AL, Pajuçara",0,215,4585.02,35,4545.08,2025-11,0.6,0.472,18,30,312.33,276.64,11,2025-11-03,1.01,0.0,-39.94000000000051,berlinda
RPR056,Penha-Praia-casa-JR-3Q,Carteira 6,SC,"Penha, SC","Penha, SC, penha",0,640,2122.43,23,2180.08,2025-11,0.3333,0.308,10,30,251.6,197.76,17,2025-11-03,0.97,0.0,57.65000000000009,berlinda
RTS0903,Balneario_Picarras-Geral-apartamento-TOP-2Q,Carteira 6,SC,"Balneário Piçarras, SC","Balneário Piçarras, SC, Centro",0,276,4312.89,32,2108.3,2025-11,0.6667,0.2801,20,30,234.73,206.0,8,2025-11-03,2.05,0.0,-2204.59,meta_subestimada
SOV0002,Mata_de_Sao_Joao-Praia_Imbassai-casa-SUP-2Q,Carteira 2,BA,"Mata de São João, BA","Mata de São João, BA, Imbassaí",5,95,1800.98,11,1226.29,2025-11,0.28,0.1571,7,30,323.57,231.24,17,2025-11-03,1.47,1617.85,-574.69,ok
SSG0413,Florianopolis-UFSC-apartamento-TOP-1Q,Carteira 4,SC,"Florianópolis, SC","Florianópolis, SC, Córrego Grande",0,30,1307.7,13,2547.0,2025-11,0.3,0.4161,9,30,251.56,256.43,21,2025-11-03,0.51,0.0,1239.3,atenção
TXP0608,Goiania-Central-apartamento-SUP-1Q,Carteira 1_sys-price,GO,"Goiânia, GO","Goiânia, GO, Setor Bueno",0,757,2322.24,127,604.39,2025-11,0.6333,0.1935,19,30,155.63,167.36,11,2025-11-03,3.84,0.0,-1717.85,meta_subestimada
VAR0302,Ilheus-Sul-apartamento-SUP-2Q,Carteira 2,BA,"Ilhéus, BA","Ilhéus, BA, Nossa Senhora da Vitória",2,248,1587.6,30,1557.2,2025-11,0.3571,0.2303,10,30,172.8,168.59,17,2025-11-03,1.02,345.6,-30.399999999999864,berlinda
VEC121,Bombinhas-Centro-apartamento-SUP-1Q,Carteira 6,SC,"Bombinhas, SC","Bombinhas, SC, Centro",0,1040,2560.12,32,2844.7,2025-11,0.5333,0.4531,16,30,181.0,191.43,14,2025-11-03,0.9,0.0,284.5799999999999,berlinda
YOU1203,Sao_Paulo-Pinheiros-apartamento-TOP-1Q,Carteira 4_sys-price,SP,"São Paulo, SP","São Paulo, SP, Jardim Paulistano",0,410,4859.23,267,4387.41,2025-11,0.6,0.4901,18,30,316.84,257.09,11,2025-11-03,1.11,0.0,-471.8199999999997,ok
ASR204,Florianopolis-Santinho-apartamento-TOP-2Q,Carteira 1,SC,"Florianópolis, SC","Florianópolis, SC, Ingleses do Rio Vermelho",0,1444,10738.75,14,6406.42,2025-11,0.6667,0.3925,20,30,679.3,502.86,7,2025-11-03,1.68,0.0,-4332.33,ok
BTR0302,Balneario_Camboriu-Intermediario-apartamento-JR-2Q,Carteira 6,SC,"Balneário Camboriú, SC","Balneário Camboriú, SC, Centro",16,681,2481.33,43,2206.84,2025-11,1.0,0.331,14,30,241.0,,0,2025-11-03,1.12,3856.0,-274.4899999999998,ok
CII0602,Porto_Belo-Geral-apartamento-SUP-2Q,Carteira 6,SC,"Porto Belo, SC","Porto Belo, SC, Perequê",0,435,1962.39,23,3094.93,2025-11,0.4,0.2277,12,30,181.67,182.41,17,2025-11-03,0.63,0.0,1132.5399999999997,atenção
CNA003,Especial-CNA-casa-MASTER-1Q,Especial,SP,"Campos do Jordão, SP","Campos do Jordão, SP, Jardim Europa",0,1016,7738.05,25,6397.17,2025-11,0.4,0.3129,12,30,748.67,612.94,18,2025-11-03,1.21,0.0,-1340.88,ok
CRR201,Florianopolis-Ribeirao-apartamento-SUP-2Q,Carteira 4,SC,"Florianópolis, SC","Florianópolis, SC, Ribeirão da Ilha",7,859,1578.49,32,1923.63,2025-11,0.3913,0.3032,9,30,204.44,205.86,14,2025-11-03,0.82,1431.08,345.1400000000001,berlinda
CSG305,Florianopolis-Canasvieiras_Perto-apartamento-JR-1Q,Carteira 1,SC,"Florianópolis, SC","Florianópolis, SC, Canasvieiras",0,1349,2603.39,42,1971.66,2025-11,0.5,0.3351,15,30,227.47,176.6,15,2025-11-03,1.32,0.0,-631.7299999999998,ok
ECH504,Florianopolis-Centrao-apartamento-TOP-1Q,Carteira 4,SC,"Florianópolis, SC","Florianópolis, SC, Centro",0,584,2614.08,24,3174.01,2025-11,0.3333,0.2825,10,30,329.8,268.42,19,2025-11-03,0.82,0.0,559.9300000000003,berlinda
ELF0410,Bombinhas-Bombas-apartamento-SUP-1Q,Especial,SC,"Bombinhas, SC","Bombinhas, SC, José Amândio",2,82,1824.84,42,2313.9,2025-11,0.3214,0.3861,9,30,242.33,284.11,19,2025-11-03,0.79,484.66,489.0600000000002,atenção
ELU207,Florianopolis-Jurere_Tradicional-apartamento-TOP-1Q,Carteira 1,SC,"Florianópolis, SC","Florianópolis, SC, Jurerê",0,892,2438.22,14,6829.73,2025-11,0.3667,0.5343,11,30,331.18,376.35,17,2025-11-03,0.36,0.0,4391.51,crítico
HOX1010,Sao_Paulo-Pinheiros-apartamento-SUP-1Q,Carteira 4,SP,"São Paulo, SP","São Paulo, SP, Pinheiros",0,137,4043.38,410,3394.21,2025-11,0.6,0.4927,18,30,261.67,234.33,12,2025-11-03,1.19,0.0,-649.1700000000001,ok
IDVB2103,Goiania-Central-2-apartamento-TOP-1Q,Carteira 1_sys-price,GO,"Goiânia, GO","Goiânia, GO, Setor Oeste",1,36,625.02,27,906.1,2025-11,0.1034,0.144,3,30,247.25,235.38,24,2025-11-03,0.69,247.25,281.08000000000004,atenção
JBV167,Especial-JBV-hotel-TOP-1Q,Especial,SC,"Florianópolis, SC","Florianópolis, SC, Jurerê",0,1121,7624.37,32,9873.54,2025-11,0.4667,0.5651,14,30,620.36,457.0,14,2025-11-03,0.77,0.0,2249.170000000001,atenção
JFM0101,Florianopolis-Beira_Mar-apartamento-JR-2Q,Carteira 4,SC,"Florianópolis, SC","Florianópolis, SC, Centro",0,117,2670.19,26,2690.25,2025-11,0.4,0.3516,12,30,274.92,247.06,16,2025-11-03,0.99,0.0,20.059999999999945,berlinda
MLU0306,Gramado-Geral-apartamento-SUP-1Q,Carteira 4,RS,"Gramado, RS","Gramado, RS, Bavaria",0,100,4920.9,78,4890.74,2025-11,0.6667,0.5846,20,30,302.9,324.22,9,2025-11-03,1.01,0.0,-30.159999999999854,berlinda
NWT0304,Especial-NWT-apartamento-TOP-1Q,Carteira 5,AL,"Maceió, AL","Maceió, AL, Pajuçara",3,347,4834.75,35,4545.08,2025-11,0.7407,0.472,20,30,284.5,285.0,7,2025-11-03,1.06,853.5,-289.6700000000001,berlinda
NWT1421,Especial-NWT-apartamento-TOP-1Q,Carteira 5,AL,"Maceió, AL","Maceió, AL, Pajuçara",0,352,4470.72,35,4545.08,2025-11,0.5667,0.472,17,30,331.47,307.77,13,2025-11-03,0.98,0.0,74.35999999999967,berlinda
PLA0310,Curitiba-Boa_Vista-apartamento-SUP-1Q,Carteira 4,PR,"Curitiba, PR","Curitiba, PR, Boa Vista",5,2,431.16,24,1637.01,2025-11,0.12,0.4062,3,30,164.0,156.32,19,2025-11-03,0.26,820.0,1205.85,crítico
REK0001,Penha-Beto_Carrero-casa-JR-2Q,Carteira 3,SC,"Penha, SC","Penha, SC, Armação",0,66,2255.5,16,2068.16,2025-11,0.4,0.3839,12,30,188.53,156.14,14,2025-11-03,1.09,0.0,-187.34000000000015,berlinda
RNA0303,Bombinhas-Mariscal-apartamento-TOP-3Q,Carteira 6,SC,"Bombinhas, SC","Bombinhas, SC, Canto Grande",9,682,5124.07,24,3475.65,2025-11,0.7619,0.2776,16,30,398.37,296.0,5,2025-11-03,1.47,3585.33,-1648.4199999999996,ok
SMT0322,Salvador-Boca_do_Rio-apartamento-TOP-1Q,Carteira 2,BA,"Salvador, BA","Salvador, BA, Armação",0,18,1074.58,13,2847.5,2025-11,0.3,0.4886,9,30,152.44,205.32,19,2025-11-03,0.38,0.0,1772.92,crítico
TCO0615,Porto_Alegre-Centro_Historico-apartamento-SUP-1Q,Carteira 4,RS,"Porto Alegre, RS","Porto Alegre, RS, Centro Histórico",0,555,2031.79,65,1297.34,2025-11,0.5667,0.2842,17,30,139.0,137.08,13,2025-11-03,1.57,0.0,-734.45,ok
VAC2205,Barra_Velha-Tabuleiro-apartamento-SUP-2Q,Carteira 3,SC,"Barra Velha, SC","Barra Velha, SC, Itajuba",0,604,857.62,66,1373.37,2025-11,0.1667,0.1678,5,30,193.2,168.54,24,2025-11-03,0.62,0.0,515.7499999999999,atenção
VHB1104,Balneario_Picarras-Geral-apartamento-TOP-2Q,Carteira 6,SC,"Balneário Piçarras, SC","Balneário Piçarras, SC, Itacolomi",6,562,1808.42,32,2108.3,2025-11,0.4167,0.2801,10,30,209.8,182.69,13,2025-11-03,0.86,1258.8000000000002,299.8800000000001,berlinda
VST001,Especial-VST-casa-TOP-1Q,Carteira 5,SC,"Anitápolis, SC","Anitápolis, SC, Rio dos Pinheiros",2,123,1566.16,42,1530.85,2025-11,0.25,0.1234,7,30,280.14,191.85,20,2025-11-03,1.02,560.28,-35.31000000000017,berlinda
ACI0320,Salvador-Ondina_Rio_Vermelho-apartamento-SUP-1Q,Carteira 2,BA,"Salvador, BA","Salvador, BA, Ondina",2,54,859.08,77,2842.86,2025-11,0.2143,0.4619,6,30,186.83,187.37,19,2025-11-03,0.3,373.66,1983.7800000000002,crítico
BEH2209,Goiania-Central-apartamento-SUP-1Q,Carteira 1_sys-price,GO,"Goiânia, GO","Goiânia, GO, Setor Pedro Ludovico",0,768,2302.11,127,604.39,2025-11,0.6667,0.1935,20,30,147.5,160.5,10,2025-11-03,3.81,0.0,-1697.7200000000003,meta_subestimada
BSO0104,Itajai-Praia_Brava-apartamento-SUP-1Q,Carteira 6,SC,"Balneário Camboriú, SC","Balneário Camboriú, SC, Praia dos Amores",0,198,2265.68,50,2244.64,2025-11,0.5667,0.3503,17,30,177.59,188.62,13,2025-11-03,1.01,0.0,-21.039999999999964,berlinda
CGB0035,Ubatuba-Praia_Grande-apartamento-SUP-2Q,Carteira 4,SP,"Ubatuba, SP","Ubatuba, SP, Praia Grande",6,60,4543.09,167,4434.53,2025-11,0.6667,0.3583,16,30,316.5,299.5,8,2025-11-03,1.02,1899.0,-108.5600000000004,berlinda
DBR0805,Itapema-Praia_Itapema-apartamento-TOP-2Q,Carteira 6,SC,"Itapema, SC","Itapema, SC, Morretes",0,668,4344.06,11,2316.34,2025-11,0.6667,0.1898,20,30,277.65,200.9,10,2025-11-03,1.88,0.0,-2027.7200000000003,ok
DLH0202,Gramado-Centro-apartamento-TOP-2Q,Carteira 4,RS,"Gramado, RS","Gramado, RS, Centro",1,333,10344.17,55,9753.75,2025-11,0.7586,0.6489,22,30,621.59,610.43,7,2025-11-03,1.06,621.59,-590.4200000000001,berlinda
DPR0001,Balneario_Camboriu-Sul-apartamento-JR-1Q,Carteira 6,SC,"Balneário Camboriú, SC","Balneário Camboriú, SC, Barra",0,267,967.6,28,1817.54,2025-11,0.3333,0.3751,10,30,113.7,122.7,20,2025-11-03,0.53,0.0,849.9399999999999,atenção
DSH1702,Itapema-Praia_Itapema-apartamento-TOP-2Q,Carteira 6,SC,"Itapema, SC","Itapema, SC, Morretes",3,320,2631.7,11,2316.34,2025-11,0.4815,0.1898,13,30,253.0,218.0,14,2025-11-03,1.14,759.0,-315.3599999999997,ok
EMT203,Cabo_Frio-Centro-apartamento-SUP-1Q,Carteira 4,RJ,"Cabo Frio, RJ","Cabo Frio, RJ, Braga",5,772,0.0,46,3050.9,2025-11,0.0,0.4756,0,30,0.0,240.09,22,2025-11-03,0.0,0.0,3050.9,crítico
EPC025,Florianopolis-Jurere_Longe-apartamento-SUP-2Q,Carteira 1,SC,"Florianópolis, SC","Florianópolis, SC, Jurerê Internacional",0,205,5243.5,22,5172.32,2025-11,0.4667,0.4441,14,30,425.71,332.8,15,2025-11-03,1.01,0.0,-71.18000000000029,berlinda
EVA0301,Florianopolis-Centrao-apartamento-SUP-1Q,Carteira 4,SC,"Florianópolis, SC","Florianópolis, SC, Centro",0,400,4216.56,114,2659.14,2025-11,0.7333,0.3255,22,30,226.86,235.62,8,2025-11-03,1.59,0.0,-1557.4200000000005,ok
GLA0037,Sao_Paulo-Pompeia-apartamento-SUP-1Q,Carteira 4,SP,"São Paulo, SP","São Paulo, SP, Perdizes",0,58,2408.24,59,1892.48,2025-11,0.4,0.2605,12,30,224.33,218.5,16,2025-11-03,1.27,0.0,-515.7599999999998,ok
ILC2314,Especial-ILC-hotel-JR-1Q,Especial,SC,"Florianópolis, SC","Florianópolis, SC, Jurerê Internacional",0,1522,8752.49,16,7488.19,2025-11,0.5,0.4706,15,30,732.67,554.57,14,2025-11-03,1.17,0.0,-1264.3000000000002,ok
JBV306,Especial-JBV-hotel-JR-1Q,Especial,SC,"Florianópolis, SC","Florianópolis, SC, Jurerê",0,1593,11609.75,25,7947.66,2025-11,0.8667,0.4701,26,30,535.42,634.75,4,2025-11-03,1.46,0.0,-3662.09,ok
JBV327,Especial-JBV-hotel-TOP-1Q,Especial,SC,"Florianópolis, SC","Florianópolis, SC, Jurerê",0,1820,14066.88,32,9873.54,2025-11,0.8667,0.5651,26,30,660.04,702.0,4,2025-11-03,1.42,0.0,-4193.339999999998,ok
LES106,Florianopolis-Jurere_Longe-apartamento-SUP-3Q,Carteira 1,SC,"Florianópolis, SC","Florianópolis, SC, Jurerê Internacional",8,451,8626.76,19,5194.56,2025-11,0.8636,0.403,19,30,617.0,390.67,3,2025-11-03,1.66,4936.0,-3432.2,ok
LIV1411,Salvador-Graca-apartamento-TOP-1Q,Especial,BA,"Salvador, BA","Salvador, BA, Vitória",0,260,3519.03,10,3417.57,2025-11,0.6,0.3374,18,30,245.33,277.67,12,2025-11-03,1.03,0.0,-101.46000000000004,berlinda
LVR0003,Campos_do_Jordao-Capivari_Centro-apartamento-SUP-2Q,Carteira 4,SP,"Campos do Jordão, SP","Campos do Jordão, SP, V Iara",0,199,1857.84,31,2633.58,2025-11,0.2,0.1815,6,30,348.0,300.22,18,2025-11-03,0.71,0.0,775.74,atenção
MHF1508,Itapema-Canto_Praia-apartamento-TOP-2Q,Carteira 5,SC,"Itapema, SC","Itapema, SC, Centro",0,16,3820.49,10,2423.39,2025-11,0.5333,0.2478,16,30,298.81,248.93,14,2025-11-03,1.58,0.0,-1397.1,ok
NVM0009,Porto_Seguro-Pataxos-apartamento-SUP-2Q,Carteira 2,BA,"Porto Seguro, BA","Porto Seguro, BA, Paraíso dos Pataxós",0,201,1237.88,27,2773.76,2025-11,0.2667,0.3147,8,30,174.13,165.19,21,2025-11-03,0.45,0.0,1535.88,crítico
PRV0404,Salvador-Barra-apartamento-JR-1Q,Carteira 2,BA,"Salvador, BA","Salvador, BA, Barra",0,206,1851.98,116,2434.58,2025-11,0.4333,0.4937,13,30,183.54,161.71,17,2025-11-03,0.76,0.0,582.5999999999999,atenção
PSO0902,Penha-Beto_Carrero-apartamento-SUP-1Q,Carteira 3,SC,"Penha, SC","Penha, SC, Praia de Armação do Itapocoroi",0,121,3206.42,12,1751.85,2025-11,0.6,0.2595,18,30,208.67,194.83,12,2025-11-03,1.83,0.0,-1454.5700000000002,ok
SCO0015,Florianopolis-Campeche-apartamento-SUP-1Q,Carteira 1,SC,"Florianópolis, SC","Florianópolis, SC, Campeche",0,43,210.68,22,1969.86,2025-11,0.0667,0.3561,2,30,137.5,214.22,27,2025-11-03,0.11,0.0,1759.1799999999998,crítico
SOA0907,Salvador-Boca_do_Rio-apartamento-SUP-1Q,Carteira 2,BA,"Salvador, BA","Salvador, BA, Boca do Rio",0,421,1470.41,25,2311.47,2025-11,0.3667,0.3833,11,30,163.09,168.89,19,2025-11-03,0.64,0.0,841.0599999999997,atenção
SSL0211,Florianopolis-UFSC-apartamento-TOP-2Q,Carteira 4,SC,"Florianópolis, SC","Florianópolis, SC, Córrego Grande",14,190,0.0,9,3589.35,2025-11,0.0,0.221,0,30,0.0,359.46,13,2025-11-03,0.0,0.0,3589.35,crítico
STU309,Florianopolis-UFSC-apartamento-TOP-1Q,Carteira 4,SC,"Florianópolis, SC","Florianópolis, SC, Trindade",0,859,1036.44,13,2547.0,2025-11,0.2,0.4161,6,30,217.33,232.35,23,2025-11-03,0.41,0.0,1510.56,crítico
TRS0002,Penha-Beto_Carrero-casa-JR-1Q,Carteira 3,SC,"Penha, SC","Penha, SC, Armação",0,164,351.24,26,1795.62,2025-11,0.1333,0.42,4,30,104.25,121.71,24,2025-11-03,0.2,0.0,1444.3799999999999,crítico
TXP0304,Goiania-Central-apartamento-SUP-1Q,Carteira 1_sys-price,GO,"Goiânia, GO","Goiânia, GO, Setor Bueno",0,757,383.76,127,604.39,2025-11,0.1,0.1935,3,30,146.3,170.33,3,2025-11-03,0.63,0.0,220.63,atenção
TXP1305,Goiania-Central-apartamento-SUP-1Q,Carteira 1_sys-price,GO,"Goiânia, GO","Goiânia, GO, Setor Bueno",0,745,985.54,127,604.39,2025-11,0.2333,0.1935,7,30,164.43,150.57,23,2025-11-03,1.63,0.0,-381.15,ok
VTR0033,Balneario_Camboriu-Centro-apartamento-JR-2Q,Carteira 6,SC,"Balneário Camboriú, SC","Balneário Camboriú, SC, Centro",0,129,2811.16,38,2659.86,2025-11,0.5333,0.3074,16,30,207.44,188.33,12,2025-11-03,1.06,0.0,-151.29999999999973,berlinda
ADP001,Cabo_Frio-Pero_Perto-casa-JR-3Q,Carteira 4,RJ,"Cabo Frio, RJ","Cabo Frio, RJ, Peró",30,698,0.0,13,2725.1,2025-11,,0.1869,0,30,0.0,,0,2025-11-03,0.0,0.0,2725.1,crítico
BRJ143,Sao_Paulo-Republica-apartamento-TOP-1Q,Carteira 4,SP,"São Paulo, SP","São Paulo, SP, Centro",0,432,683.26,101,3885.21,2025-11,0.1333,0.5013,4,30,206.0,197.12,25,2025-11-03,0.18,0.0,3201.95,crítico
BSO0206,Itajai-Praia_Brava-apartamento-SUP-1Q,Carteira 6,SC,"Balneário Camboriú, SC","Balneário Camboriú, SC, Praia dos Amores",0,198,1314.24,50,2244.64,2025-11,0.3333,0.3503,10,30,151.9,164.53,19,2025-11-03,0.59,0.0,930.3999999999999,atenção
CCP0207,Florianopolis-Canasvieiras_Meio-apartamento-SUP-2Q,Carteira 1,SC,"Florianópolis, SC","Florianópolis, SC, Canasvieiras",0,267,1914.36,15,3065.74,2025-11,0.2667,0.3682,8,30,326.38,206.29,21,2025-11-03,0.62,0.0,1151.3799999999999,atenção
CSI0302,Balneario_Picarras-Geral-apartamento-SUP-2Q,Carteira 6,SC,"Balneário Piçarras, SC","Balneário Piçarras, SC, Centro",2,445,1513.65,47,1274.96,2025-11,0.3214,0.1633,9,30,190.44,168.72,18,2025-11-03,1.19,380.88,-238.69000000000005,ok
DPR0009,Balneario_Camboriu-Sul-apartamento-JR-1Q,Carteira 6,SC,"Balneário Camboriú, SC","Balneário Camboriú, SC, Barra",0,235,1127.88,28,1817.54,2025-11,0.4,0.3751,12,30,129.08,124.11,18,2025-11-03,0.62,0.0,689.6599999999999,atenção
ECH0503,Florianopolis-Centrao-apartamento-TOP-1Q,Carteira 4,SC,"Florianópolis, SC","Florianópolis, SC, Centro",0,115,3280.48,24,3174.01,2025-11,0.4333,0.2825,13,30,293.46,276.71,17,2025-11-03,1.03,0.0,-106.4699999999998,berlinda
ECI0201,Guarapari-Nova_Guarapari-apartamento-JR-2Q,Carteira 4,ES,"Guarapari, ES","Guarapari, ES, Enseada Verde",0,452,1076.22,27,1703.19,2025-11,0.1,0.1644,3,30,405.0,204.63,24,2025-11-03,0.63,0.0,626.97,atenção
IFT1203,Itapema-Meia_Praia-Norte-apartamento-TOP-1Q,Carteira 6,SC,"Itapema, SC","Itapema, SC, Meia Praia",0,123,3206.81,24,2714.64,2025-11,0.5,0.2925,15,30,247.18,230.08,13,2025-11-03,1.18,0.0,-492.1700000000001,ok
MLB0402,Florianopolis-Jurere_Internacional-apartamento-SUP-2Q,Carteira 1,SC,"Florianópolis, SC","Florianópolis, SC, Jurerê Internacional",30,359,0.0,21,5215.16,2025-11,,0.4091,0,30,0.0,,0,2025-11-03,0.0,0.0,5215.16,crítico
NWT1304,Especial-NWT-apartamento-TOP-1Q,Carteira 5,AL,"Maceió, AL","Maceió, AL, Pajuçara",0,352,5598.72,35,4545.08,2025-11,0.6667,0.472,20,30,314.4,305.9,10,2025-11-03,1.23,0.0,-1053.6400000000003,ok
NWT1309,Especial-NWT-apartamento-TOP-1Q,Carteira 5,AL,"Maceió, AL","Maceió, AL, Pajuçara",0,318,6403.33,35,4545.08,2025-11,0.6667,0.472,20,30,379.5,316.7,10,2025-11-03,1.41,0.0,-1858.25,ok
ONE0404,Salvador-Piata-apartamento-SUP-1Q,Carteira 5,BA,"Salvador, BA","Salvador, BA, Piatã",0,72,664.98,16,1053.4,2025-11,0.1667,0.2543,5,30,171.6,160.96,24,2025-11-03,0.63,0.0,388.4200000000001,atenção
PDM005,Porto_Seguro-Pataxos-apartamento-SUP-2Q,Carteira 2,BA,"Porto Seguro, BA","Porto Seguro, BA, Taperapuan",0,621,803.16,27,2773.76,2025-11,0.2,0.3147,6,30,171.83,168.54,24,2025-11-03,0.29,0.0,1970.6000000000004,crítico
RLN204,Gramado-Geral-apartamento-JR-2Q,Carteira 4,RS,"Gramado, RS","Gramado, RS, Ipê Amarelo",0,919,4945.33,44,3981.28,2025-11,0.6333,0.4212,19,30,337.42,305.36,11,2025-11-03,1.24,0.0,-964.0499999999997,ok
SEO0702,Itapema-Meia_Praia-Norte-apartamento-TOP-3Q,Carteira 6,SC,"Itapema, SC","Itapema, SC, Meia Praia",5,443,5135.55,14,3809.18,2025-11,0.56,0.2516,14,30,418.64,344.09,11,2025-11-03,1.35,2093.2,-1326.3700000000003,ok
SMT1029,Salvador-Boca_do_Rio-apartamento-TOP-1Q,Carteira 2,BA,"Salvador, BA","Salvador, BA, Armação",27,303,0.0,13,2847.5,2025-11,0.0,0.4886,0,30,0.0,219.0,1,2025-11-03,0.0,0.0,2847.5,crítico
VEC115,Bombinhas-Centro-apartamento-SUP-1Q,Carteira 6,SC,"Bombinhas, SC","Bombinhas, SC, Centro",0,1040,4952.56,32,2844.7,2025-11,0.8667,0.4531,26,30,259.35,246.0,4,2025-11-03,1.74,0.0,-2107.8600000000006,ok
WBU2105,Goiania-Central-apartamento-TOP-1Q,Carteira 1_sys-price,GO,"Goiânia, GO","Goiânia, GO, Setor Bueno",0,757,2604.65,45,1306.17,2025-11,0.4333,0.2068,13,30,236.74,226.67,9,2025-11-03,1.99,0.0,-1298.48,ok
WBU2615,Goiania-Central-apartamento-TOP-1Q,Carteira 1_sys-price,GO,"Goiânia, GO","Goiânia, GO, Setor Bueno",0,138,1731.75,45,1306.17,2025-11,0.3,0.2068,9,30,228.27,211.53,19,2025-11-03,1.33,0.0,-425.5799999999999,ok
CLC0104,Florianopolis-Rio_Tavares-apartamento-SUP-2Q,Carteira 1,SC,"Florianópolis, SC","Florianópolis, SC, Campeche Central",0,19,2785.06,12,1854.53,2025-11,0.5333,0.3077,16,30,201.19,254.36,14,2025-11-03,1.5,0.0,-930.53,ok
COL102,Bombinhas-Bombas-apartamento-SUP-3Q,Carteira 6,SC,"Bombinhas, SC","Bombinhas, SC, Bombas",8,1094,3862.07,17,2896.39,2025-11,0.8182,0.3512,18,30,307.11,172.5,4,2025-11-03,1.33,2456.88,-965.6800000000003,ok
CON0101,Itapema-Meia_Praia-Norte-apartamento-SUP-3Q,Carteira 6,SC,"Itapema, SC","Itapema, SC, Meia Praia",4,262,3747.8,35,2802.96,2025-11,0.3462,0.2707,9,30,456.67,390.0,15,2025-11-03,1.34,1826.68,-944.8400000000001,ok
CST0905,Itajai-Centro-apartamento-JR-1Q,Carteira 6,SC,"Itajaí, SC","Itajaí, SC, Centro",3,116,462.86,9,1373.26,2025-11,0.1481,0.2242,4,30,125.5,141.91,23,2025-11-03,0.34,376.5,910.4,crítico
CZZ0304,Urubici-Geral-apartamento-SUP-1Q,Especial,SC,"Urubici, SC","Urubici, SC, Centro",0,213,0.0,49,1538.22,2025-11,0.0,0.1338,0,30,0.0,217.44,27,2025-11-03,0.0,0.0,1538.22,crítico
DLH0302,Gramado-Centro-apartamento-TOP-2Q,Carteira 4,RS,"Gramado, RS","Gramado, RS, Centro",1,479,10755.67,55,9753.75,2025-11,0.7586,0.6489,22,30,644.23,529.86,7,2025-11-03,1.1,644.23,-1001.9200000000001,ok
DNAG1701,Goiania-Central-apartamento-TOP-1Q,Carteira 1_sys-price,GO,"Goiânia, GO","Goiânia, GO, Setor Bueno",0,747,472.73,45,1306.17,2025-11,0.1,0.2068,3,30,193.67,189.0,25,2025-11-03,0.36,0.0,833.44,crítico
DNAG1702,Goiania-Central-apartamento-TOP-1Q,Carteira 1_sys-price,GO,"Goiânia, GO","Goiânia, GO, Setor Bueno",0,107,1127.53,45,1306.17,2025-11,0.2667,0.2068,8,30,173.25,192.43,21,2025-11-03,0.86,0.0,178.6400000000001,berlinda
EDF1605,Salvador-Ondina_Rio_Vermelho-apartamento-TOP-1Q,Carteira 2,BA,"Salvador, BA","Salvador, BA, Rio Vermelho",0,75,1123.6,33,2946.51,2025-11,0.1667,0.4139,5,30,260.2,233.55,22,2025-11-03,0.38,0.0,1822.9100000000003,crítico
EUB1602,Salvador-Barra-apartamento-SUP-1Q,Carteira 2,BA,"Salvador, BA","Salvador, BA, Barra",0,285,2473.51,195,2712.93,2025-11,0.5333,0.4447,16,30,188.81,261.0,14,2025-11-03,0.91,0.0,239.41999999999962,berlinda
FDL103,Bombinhas-Bombas-apartamento-JR-2Q,Carteira 6,SC,"Bombinhas, SC","Bombinhas, SC, Bombas",0,1243,4417.0,30,2160.62,2025-11,0.9,0.253,27,30,198.74,118.0,3,2025-11-03,2.04,0.0,-2256.38,meta_subestimada
HFO0208,Salvador-UFBA-apartamento-SUP-1Q,Carteira 2,BA,"Salvador, BA","Salvador, BA, Federação",0,60,2830.84,413,2712.93,2025-11,0.7667,0.4503,23,30,153.61,190.0,5,2025-11-03,1.04,0.0,-117.91000000000031,berlinda
JMA125,Florianopolis-Jurere_Longe-apartamento-JR-1Q,Carteira 1,SC,"Florianópolis, SC","Florianópolis, SC, Jurerê",0,205,998.43,31,2028.1,2025-11,0.2333,0.4085,7,30,207.43,166.43,21,2025-11-03,0.49,0.0,1029.67,crítico
JRR303,Florianopolis-Jurere_Tradicional-apartamento-TOP-2Q,Carteira 1,SC,"Florianópolis, SC","Florianópolis, SC, Jurerê",0,1431,7585.22,20,9043.7,2025-11,0.6333,0.4401,19,30,562.89,649.64,11,2025-11-03,0.84,0.0,1458.4800000000005,berlinda
LIV1004,Salvador-Graca-apartamento-TOP-1Q,Especial,BA,"Salvador, BA","Salvador, BA, Vitória",0,157,1292.83,10,3417.57,2025-11,0.2,0.3374,6,30,254.17,240.55,22,2025-11-03,0.38,0.0,2124.7400000000002,crítico
MCB0807,Balneario_Picarras-Geral-apartamento-SUP-2Q,Carteira 6,SC,"Balneário Piçarras, SC","Balneário Piçarras, SC, itacolomi",3,130,834.88,47,1274.96,2025-11,0.5556,0.1633,15,30,138.5,163.38,16,2025-11-03,0.65,415.5,440.08000000000004,atenção
MHF1002,Itapema-Canto_Praia-apartamento-TOP-2Q,Carteira 5,SC,"Itapema, SC","Itapema, SC, Centro",12,309,0.0,10,2423.39,2025-11,0.0,0.2478,0,30,0.0,294.08,13,2025-11-03,0.0,0.0,2423.39,crítico
MHFA2007,Itapema-Canto_Praia-apartamento-SUP-1Q,Carteira 5,SC,"Itapema, SC","Itapema, SC, Centro",4,381,760.32,9,2579.11,2025-11,0.1154,0.2266,3,30,288.0,288.0,23,2025-11-03,0.29,1152.0,1818.79,crítico
NWT0404,Especial-NWT-apartamento-TOP-1Q,Carteira 5,AL,"Maceió, AL","Maceió, AL, Pajuçara",0,93,4377.45,35,4545.08,2025-11,0.5333,0.472,16,30,329.62,292.73,11,2025-11-03,0.96,0.0,167.6300000000001,berlinda
NWT0920,Especial-NWT-apartamento-TOP-1Q,Carteira 5,AL,"Maceió, AL","Maceió, AL, Pajuçara",0,214,3498.71,35,4545.08,2025-11,0.4667,0.472,14,30,316.5,261.54,13,2025-11-03,0.77,0.0,1046.37,atenção
NWT0924,Especial-NWT-apartamento-TOP-1Q,Carteira 5,AL,"Maceió, AL","Maceió, AL, Pajuçara",0,214,5810.04,35,4545.08,2025-11,0.6,0.472,18,30,469.33,400.0,9,2025-11-03,1.28,0.0,-1264.96,ok
NWT1007,Especial-NWT-apartamento-TOP-1Q,Carteira 5,AL,"Maceió, AL","Maceió, AL, Pajuçara",0,199,3326.03,35,4545.08,2025-11,0.4667,0.472,14,30,290.57,309.75,16,2025-11-03,0.73,0.0,1219.0499999999997,atenção
NWT1323,Especial-NWT-apartamento-TOP-1Q,Carteira 5,AL,"Maceió, AL","Maceió, AL, Pajuçara",0,284,4629.78,35,4545.08,2025-11,0.6,0.472,18,30,297.94,280.0,12,2025-11-03,1.02,0.0,-84.69999999999982,berlinda
PRN0003,Imbituba-Praia_do_Rosa-casa-JR-2Q,Carteira 6,SC,"Imbituba, SC","Imbituba, SC, Ibiraquera",0,176,0.0,48,1800.79,2025-11,0.0,0.1898,0,30,0.0,144.19,27,2025-11-03,0.0,0.0,1800.79,crítico
SMT1121,Salvador-Boca_do_Rio-apartamento-TOP-1Q,Carteira 2,BA,"Salvador, BA","Salvador, BA, Jardim Armação",0,32,3651.25,13,2847.5,2025-11,0.7,0.4886,21,30,222.67,261.44,9,2025-11-03,1.28,0.0,-803.75,ok
SOA0602,Salvador-Boca_do_Rio-apartamento-SUP-2Q,Carteira 2,BA,"Salvador, BA","Salvador, BA, Boca do Rio",0,449,2963.32,13,2847.5,2025-11,0.5667,0.4886,17,30,198.29,205.67,12,2025-11-03,1.04,0.0,-115.82000000000016,berlinda
SOA0608,Salvador-Boca_do_Rio-apartamento-SUP-1Q,Carteira 2,BA,"Salvador, BA","Salvador, BA, Boca do Rio",0,330,1672.23,25,2311.47,2025-11,0.5,0.3833,15,30,141.27,154.79,14,2025-11-03,0.72,0.0,639.2399999999998,atenção
STP0903,Guarapari-Centro-apartamento-SUP-2Q,Carteira 4,ES,"Guarapari, ES","Guarapari, ES, Centro",0,150,0.0,12,2118.77,2025-11,0.0,0.1851,0,30,0.0,226.63,27,2025-11-03,0.0,0.0,2118.77,crítico
TCO0409,Porto_Alegre-Centro_Historico-apartamento-SUP-1Q,Carteira 4,RS,"Porto Alegre, RS","Porto Alegre, RS, Centro Histórico",0,487,1232.39,65,1297.34,2025-11,0.3667,0.2842,11,30,120.91,123.84,19,2025-11-03,0.95,0.0,64.94999999999982,berlinda
TDB0101,Florianopolis-Ingleses_Norte-apartamento-SUP-2Q,Carteira 1,SC,"Florianópolis, SC","Florianópolis, SC, Ingleses Norte",0,288,3416.96,46,3271.44,2025-11,0.4667,0.244,14,30,317.79,252.62,16,2025-11-03,1.04,0.0,-145.51999999999998,berlinda
TPS106,Florianopolis-Canasvieiras_Meio-apartamento-TOP-1Q,Carteira 1,SC,"Florianópolis, SC","Florianópolis, SC, Canasvieiras",1,1017,168.3,24,3347.91,2025-11,0.0345,0.437,1,30,198.0,262.85,27,2025-11-03,0.05,198.0,3179.6099999999997,crítico
UPP0614,Curitiba-Centro-apartamento-JR-1Q,Carteira 4,PR,"Curitiba, PR","Curitiba, PR, Alto da XV",2,26,1681.22,216,1613.6,2025-11,0.4643,0.3993,13,30,169.23,157.07,15,2025-11-03,1.04,338.46,-67.62000000000012,berlinda
VNVA0801,Itapema-Praia_Centro-apartamento-SUP-2Q,Carteira 6,SC,"Itapema, SC","Itapema, SC, Tabuleiro dos Oliveiras",0,164,2721.01,14,2452.59,2025-11,0.5333,0.2941,16,30,213.38,193.17,12,2025-11-03,1.11,0.0,-268.4200000000001,ok
ZAH0811,Sao_Paulo-Bela_Vista-apartamento-TOP-1Q,Carteira 4,SP,"São Paulo, SP","São Paulo, SP, Paraíso",2,120,4762.44,218,3489.59,2025-11,0.6429,0.4792,18,30,329.89,279.38,8,2025-11-03,1.36,659.78,-1272.8499999999995,ok
BLSA1656,Goiania-Central-apartamento-TOP-1Q,Carteira 1_sys-price,GO,"Goiânia, GO","Goiânia, GO, Setor Marista",0,631,270.82,45,1306.17,2025-11,0.0667,0.2068,2,30,167.6,179.71,24,2025-11-03,0.21,0.0,1035.3500000000001,crítico
CNB001,Especial-CNB-casa-TOP-1Q,Especial,SP,"Campos do Jordão, SP","Campos do Jordão, SP, Jardim Europa",0,598,3475.96,14,3701.03,2025-11,0.2333,0.3298,7,30,614.22,569.85,20,2025-11-03,0.94,0.0,225.07000000000016,berlinda
DIO1602,Sao_Paulo-Pompeia-apartamento-SUP-1Q,Carteira 4,SP,"São Paulo, SP","São Paulo, SP, Pompeia",0,145,656.4,59,1892.48,2025-11,0.1333,0.2605,4,30,194.75,206.22,23,2025-11-03,0.35,0.0,1236.08,crítico
EOB0701,Balneario_Camboriu-Norte-apartamento-TOP-3Q,Carteira 6,SC,"Balneário Camboriú, SC","Balneário Camboriú, SC, Centro",0,9,0.0,22,6265.99,2025-11,0.0,0.3878,0,30,0.0,670.0,27,2025-11-03,0.0,0.0,6265.99,crítico
ESM602,Itapema-Meia_Praia-Norte-apartamento-JR-3Q,Carteira 6,SC,"Itapema, SC","Itapema, SC, Meia Praia",8,788,2445.05,13,2102.22,2025-11,0.5,0.2755,11,30,253.91,225.91,11,2025-11-03,1.16,2031.28,-342.8300000000004,ok
LGA0201,Bombinhas-Centro-apartamento-TOP-3Q,Carteira 6,SC,"Bombinhas, SC","Bombinhas, SC, Centro",2,463,3695.16,14,5165.59,2025-11,0.25,0.355,7,30,625.0,625.0,18,2025-11-03,0.72,1250.0,1470.4300000000003,atenção
MHFA0803,Itapema-Canto_Praia-apartamento-SUP-1Q,Carteira 5,SC,"Itapema, SC","Itapema, SC, Centro",0,17,2198.47,9,2579.11,2025-11,0.4667,0.2266,14,30,183.71,186.4,15,2025-11-03,0.85,0.0,380.6400000000003,berlinda
NWT1218,Especial-NWT-apartamento-TOP-1Q,Carteira 5,AL,"Maceió, AL","Maceió, AL, Pajuçara",5,163,0.0,35,4545.08,2025-11,0.0,0.472,0,30,0.0,631.0,22,2025-11-03,0.0,0.0,4545.08,crítico
POR0101,Florianopolis-Ingleses_Norte-apartamento-SUP-4Q,Carteira 1,SC,"Florianópolis, SC","Florianópolis, SC, Ingleses do Rio Vermelho",3,362,6257.34,17,4155.29,2025-11,0.3333,0.3562,9,30,733.56,579.44,18,2025-11-03,1.51,2200.68,-2102.05,ok
PSO0603,Penha-Beto_Carrero-apartamento-SUP-1Q,Carteira 3,SC,"Penha, SC","Penha, SC, Praia de Armação do Itapocoroi",0,92,4328.59,12,1751.85,2025-11,0.8,0.2595,24,30,230.83,160.17,6,2025-11-03,2.47,0.0,-2576.7400000000002,meta_subestimada
PSO1005,Penha-Beto_Carrero-apartamento-SUP-1Q,Carteira 3,SC,"Penha, SC","Penha, SC, Praia de Armação do Itapocoroi",0,38,2154.39,12,1751.85,2025-11,0.2333,0.2595,7,30,331.43,199.4,20,2025-11-03,1.23,0.0,-402.53999999999996,ok
RVC0703,Itajai-Praia_Brava-apartamento-TOP-2Q,Carteira 6,SC,"Itajaí, SC","Itajaí, SC, Praia Brava",0,274,955.68,16,1601.82,2025-11,0.1333,0.2486,4,30,281.5,255.74,23,2025-11-03,0.6,0.0,646.14,atenção
SHC1106,Balneario_Picarras-Geral-apartamento-TOP-3Q,Carteira 6,SC,"Balneário Piçarras, SC","Balneário Piçarras, SC, Itacolomi",2,421,1710.73,16,2316.58,2025-11,0.1786,0.2184,5,30,376.88,314.44,18,2025-11-03,0.74,753.76,605.8499999999999,atenção
SPA309,Florianopolis-UFSC-apartamento-SUP-1Q,Carteira 4,SC,"Florianópolis, SC","Florianópolis, SC, Trindade",1,767,2770.15,37,1897.84,2025-11,0.5517,0.3378,16,30,233.75,209.58,12,2025-11-03,1.46,233.75,-872.3100000000002,ok
SPJ0401,Especial-SPJ-apartamento-TOP-1Q,Carteira 5,SC,"Florianópolis, SC","Florianópolis, SC, Jurerê",0,384,5531.38,19,5610.79,2025-11,0.7,0.5559,21,30,331.24,258.22,9,2025-11-03,0.99,0.0,79.40999999999985,berlinda
STCY102,Florianopolis-Cachoeira_Bom_Jesus-apartamento-JR-1Q,Carteira 1,SC,"Florianópolis, SC","Florianópolis, SC, Cachoeira do Bom Jesus",0,562,2082.84,11,895.39,2025-11,0.4667,0.1299,14,30,168.14,168.94,16,2025-11-03,2.33,0.0,-1187.4500000000003,meta_subestimada
TML501,Guarapari-Praia_do_Morro-apartamento-JR-3Q,Carteira 4,ES,"Guarapari, ES","Guarapari, ES, Praia do Morro",0,610,0.0,37,1630.19,2025-11,0.0,0.2244,0,30,0.0,333.0,27,2025-11-03,0.0,0.0,1630.19,crítico
VST023,Especial-VST-casa-TOP-1Q,Carteira 5,SC,"Anitápolis, SC","Anitápolis, SC, Vistas de Anitá",6,793,2158.67,42,1530.85,2025-11,0.375,0.1234,9,30,291.4,183.21,14,2025-11-03,1.41,1748.3999999999999,-627.8200000000002,ok
AMC0204,Florianopolis-Ingleses_Praia-apartamento-JR-1Q,Carteira 1,SC,"Florianópolis, SC","Florianópolis, SC, Ingleses do Rio Vermelho",0,666,3237.0,26,2256.24,2025-11,0.5667,0.374,17,30,261.71,190.62,13,2025-11-03,1.43,0.0,-980.7600000000002,ok
CNA006,Especial-CNA-casa-MASTER-1Q,Especial,SP,"Campos do Jordão, SP","Campos do Jordão, SP, Jardim Europa",0,1016,7128.74,25,6397.17,2025-11,0.3667,0.3129,11,30,762.27,666.89,19,2025-11-03,1.11,0.0,-731.5699999999997,ok
DPAC0116,Aguas_Claras-Geral-apartamento-SUP-1Q,Carteira 1,DF,"Brasília, DF","Brasília, DF, Águas Claras",3,199,2357.29,89,1425.45,2025-11,0.5556,0.312,15,30,262.87,207.17,12,2025-11-03,1.65,788.61,-931.8399999999999,ok
ELU0311,Especial-JPR-apartamento-TOP-1Q,Carteira 1,SC,"Florianópolis, SC","Florianópolis, SC, Jurerê",0,598,4635.59,12,6580.31,2025-11,0.2667,0.5296,8,30,413.29,363.07,15,2025-11-03,0.7,0.0,1944.7200000000003,atenção
GDP0008,Brasilia-Asa_Sul-apartamento-JR-1Q,Carteira 1,DF,"Brasília, DF","Brasília, DF, Asa Sul",2,269,1330.01,196,2430.69,2025-11,0.2143,0.4956,6,30,227.57,211.35,20,2025-11-03,0.55,455.14,1100.68,atenção
GRB0917,Porto_Alegre-Auxiliadora-apartamento-SUP-1Q,Carteira 4,RS,"Porto Alegre, RS","Porto Alegre, RS, Rio Branco",0,353,1003.66,86,1857.45,2025-11,0.2667,0.3026,8,30,151.25,172.95,21,2025-11-03,0.54,0.0,853.7900000000001,atenção
JPR211,Especial-JPR-apartamento-TOP-1Q,Carteira 1,SC,"Florianópolis, SC","Florianópolis, SC, Jurerê",0,992,5736.28,12,6580.31,2025-11,0.5333,0.5296,16,30,419.63,359.62,13,2025-11-03,0.87,0.0,844.0300000000007,berlinda
LLR802,Porto_Belo-Geral-apartamento-MASTER-3Q,Carteira 6,SC,"Porto Belo, SC","Porto Belo, SC, Perequê",5,1181,8092.21,8,4157.63,2025-11,0.8,0.2384,20,30,482.95,240.0,1,2025-11-03,1.95,2414.75,-3934.58,ok
MHF1206,Itapema-Canto_Praia-apartamento-TOP-1Q,Carteira 5,SC,"Itapema, SC","Itapema, SC, Centro",4,313,828.42,17,1245.76,2025-11,0.1154,0.3257,3,30,325.0,300.0,20,2025-11-03,0.66,1300.0,417.34000000000003,atenção
MHFA0503,Itapema-Canto_Praia-apartamento-SUP-1Q,Carteira 5,SC,"Itapema, SC","Itapema, SC, Centro",0,457,1275.46,9,2579.11,2025-11,0.2,0.2266,6,30,211.13,167.95,21,2025-11-03,0.49,0.0,1303.65,crítico
MRV0001,Imbituba-Praia_do_Rosa-casa-SUP-3Q,Carteira 6,SC,"Imbituba, SC","Imbituba, SC, Praia do Rosa",7,407,3482.73,19,3617.25,2025-11,0.4783,0.2508,11,30,389.09,232.75,12,2025-11-03,0.96,2723.6299999999997,134.51999999999998,berlinda
MTA0201,Barra_Velha-Centro-apartamento-SUP-2Q,Carteira 3,SC,"Barra Velha, SC","Barra Velha, SC, Tabuleiro",0,101,513.03,12,1410.0,2025-11,0.1,0.1484,3,30,184.0,166.33,27,2025-11-03,0.36,0.0,896.97,crítico
MTR1703,Porto_Belo-Geral-apartamento-TOP-3Q,Carteira 6,SC,"Porto Belo, SC","Porto Belo, SC, Perequê",0,227,3138.12,11,3557.72,2025-11,0.4333,0.2217,13,30,319.85,264.29,17,2025-11-03,0.88,0.0,419.5999999999999,berlinda
NBL0401,Porto_Alegre-Jardim_Botanico-apartamento-SUP-1Q,Carteira 4,RS,"Porto Alegre, RS","Porto Alegre, RS, Santa Cecília",0,702,215.34,44,1124.1,2025-11,0.0667,0.2505,2,30,130.0,153.0,27,2025-11-03,0.19,0.0,908.7599999999999,crítico
NWT0811,Especial-NWT-apartamento-MASTER-1Q,Carteira 5,AL,"Maceió, AL","Maceió, AL, Pajuçara",2,177,9989.85,26,5361.2,2025-11,0.9643,0.5855,27,30,546.19,420.0,1,2025-11-03,1.86,1092.38,-4628.650000000001,ok
NWT0903,Especial-NWT-apartamento-TOP-1Q,Carteira 5,AL,"Maceió, AL","Maceió, AL, Pajuçara",0,219,5180.6,35,4545.08,2025-11,0.7333,0.472,22,30,273.05,323.75,8,2025-11-03,1.14,0.0,-635.5200000000004,ok
PPE0302,Sao_Paulo-Brooklin-apartamento-SUP-1Q,Carteira 4,SP,"São Paulo, SP","São Paulo, SP, Brooklin Novo",0,85,5810.95,150,3109.53,2025-11,0.8,0.4567,24,30,291.11,232.2,5,2025-11-03,1.87,0.0,-2701.4199999999996,ok
RAA0301,Itapema-Meia_Praia-Norte-apartamento-SUP-3Q,Carteira 6,SC,"Itapema, SC","Itapema, SC, Meia Praia",4,75,2306.85,35,2802.96,2025-11,0.3846,0.2707,10,30,263.7,276.15,13,2025-11-03,0.82,1054.8,496.1100000000001,berlinda
RCX1807,Itajai-Praia_Brava-apartamento-MASTER-2Q,Carteira 6,SC,"Itajaí, SC","Itajaí, SC, Praia Brava",0,261,5325.72,12,5430.95,2025-11,0.6,0.3801,18,30,353.89,381.82,11,2025-11-03,0.98,0.0,105.22999999999956,berlinda
STP1106,Guarapari-Centro-apartamento-SUP-1Q,Carteira 4,ES,"Guarapari, ES","Guarapari, ES, Centro",0,214,107.24,33,1299.29,2025-11,0.0333,0.3381,1,30,127.0,154.59,27,2025-11-03,0.08,0.0,1192.05,crítico
TCO1008,Porto_Alegre-Centro_Historico-apartamento-SUP-1Q,Carteira 4,RS,"Porto Alegre, RS","Porto Alegre, RS, Centro Histórico",0,397,2050.85,65,1297.34,2025-11,0.6333,0.2842,19,30,136.42,145.64,11,2025-11-03,1.58,0.0,-753.51,ok
TPS108,Florianopolis-Canasvieiras_Meio-apartamento-TOP-1Q,Carteira 1,SC,"Florianópolis, SC","Florianópolis, SC, Canasvieiras",1,1003,1459.62,24,3347.91,2025-11,0.2759,0.437,8,30,200.38,242.29,21,2025-11-03,0.44,200.38,1888.29,crítico
TSF1302,Balneario_Camboriu-Sul-apartamento-SUP-3Q,Carteira 6,SC,"Balneário Camboriú, SC","Balneário Camboriú, SC, Centro",5,345,3300.94,71,3587.4,2025-11,0.48,0.3395,12,30,328.17,313.36,11,2025-11-03,0.92,1640.8500000000001,286.46000000000004,berlinda
UPP0512,Curitiba-Centro-apartamento-JR-1Q,Carteira 4,PR,"Curitiba, PR","Curitiba, PR, Alto da XV",0,17,389.51,216,1613.6,2025-11,0.1,0.3993,3,30,142.67,157.0,25,2025-11-03,0.24,0.0,1224.09,crítico
VST020,Especial-VST-casa-TOP-1Q,Carteira 5,SC,"Anitápolis, SC","Anitápolis, SC, Rio dos Pinheiros",2,123,1696.97,42,1530.85,2025-11,0.3214,0.1234,9,30,235.09,183.38,16,2025-11-03,1.11,470.18,-166.12000000000012,ok
ALT0402,Gramado-Geral-apartamento-TOP-3Q,Carteira 4,RS,"Gramado, RS","Gramado, RS, Tres Pinheiros",6,142,7657.54,16,7747.54,2025-11,0.9167,0.5342,22,30,482.18,561.0,2,2025-11-03,0.99,2893.08,90.0,berlinda
BLI1801,Goiania-Sul-apartamento-TOP-2Q,Carteira 1_sys-price,GO,"Goiânia, GO","Goiânia, GO, Setor Bela Vista",0,361,3317.07,51,2669.43,2025-11,0.4667,0.2925,14,30,330.36,291.0,14,2025-11-03,1.24,0.0,-647.6400000000003,ok
CAN304,Bombinhas-Bombas-apartamento-JR-2Q,Carteira 6,SC,"Bombinhas, SC","Bombinhas, SC, bombas",0,1094,3372.29,30,2160.62,2025-11,0.8667,0.253,26,30,161.58,114.5,4,2025-11-03,1.56,0.0,-1211.67,ok
DME025,Florianopolis-Jurere_Internacional-casa-SUP-4Q,Carteira 1,SC,"Florianópolis, SC","Florianópolis, SC, Jurerê Internacional",9,207,14081.49,11,12904.08,2025-11,0.8571,0.327,18,30,1008.06,391.5,2,2025-11-03,1.09,9072.539999999999,-1177.4099999999999,berlinda
DPA210,Aguas_Claras-Geral-apartamento-SUP-1Q,Carteira 1,DF,"Brasília, DF","Brasília, DF, Guará",0,597,3169.21,89,1425.45,2025-11,0.7333,0.312,22,30,206.59,227.86,7,2025-11-03,2.22,0.0,-1743.76,meta_subestimada
ECH0205,Florianopolis-Centrao-apartamento-SUP-1Q,Carteira 4,SC,"Florianópolis, SC","Florianópolis, SC, Centro",0,32,3757.61,114,2659.14,2025-11,0.6333,0.3255,19,30,250.17,234.18,11,2025-11-03,1.41,0.0,-1098.4700000000003,ok
EEP0901,Guarapari-Centro-apartamento-SUP-2Q,Carteira 4,ES,"Guarapari, ES","Guarapari, ES, São Judas Tadeu",0,115,693.24,12,2118.77,2025-11,0.1,0.1851,3,30,248.0,223.63,24,2025-11-03,0.33,0.0,1425.53,crítico
EEP1101,Guarapari-Centro-apartamento-SUP-2Q,Carteira 4,ES,"Guarapari, ES","Guarapari, ES, São Judas Tadeu",0,115,1230.06,12,2118.77,2025-11,0.1667,0.1851,5,30,266.4,225.26,23,2025-11-03,0.58,0.0,888.71,atenção
EVR1703,Porto_Belo-Geral-apartamento-TOP-2Q,Carteira 6,SC,"Porto Belo, SC","Porto Belo, SC, Balneário Perequê",0,50,3027.69,8,4671.6,2025-11,0.5333,0.2379,16,30,208.68,203.9,10,2025-11-03,0.65,0.0,1643.9100000000003,atenção
FLO001,Porto_Seguro-Pataxos-casa-SUP-2Q,Carteira 2,BA,"Porto Seguro, BA","Porto Seguro, BA, Paraíso Pataxós",4,416,0.0,14,2613.47,2025-11,0.0,0.2964,0,30,0.0,195.35,26,2025-11-03,0.0,0.0,2613.47,crítico
HAI0702,Salvador-Centro-apartamento-JR-1Q,Carteira 2,BA,"Salvador, BA","Salvador, BA, Centro",0,366,1446.83,27,1948.84,2025-11,0.4333,0.4428,13,30,151.38,141.24,17,2025-11-03,0.74,0.0,502.01,atenção
ILC1406,Especial-ILC-hotel-JR-1Q,Especial,SC,"Florianópolis, SC","Florianópolis, SC, Jurerê Internacional",0,1165,9139.38,16,7488.19,2025-11,0.5667,0.4706,17,30,775.71,569.31,13,2025-11-03,1.22,0.0,-1651.1899999999996,ok
JBV124,Especial-JBV-hotel-JR-1Q,Especial,SC,"Florianópolis, SC","Florianópolis, SC, Jurerê",0,1928,8828.34,25,7947.66,2025-11,0.6,0.4701,18,30,573.56,611.5,10,2025-11-03,1.11,0.0,-880.6800000000003,ok
ONE0804,Salvador-Piata-apartamento-SUP-1Q,Carteira 5,BA,"Salvador, BA","Salvador, BA, Piatã",1,3,236.2,16,1053.4,2025-11,0.0,0.2543,0,30,154.5,162.08,25,2025-11-03,0.22,154.5,817.2,crítico
PRY0003,Porto_Seguro-Pataxos-apartamento-SUP-2Q,Carteira 2,BA,"Porto Seguro, BA","Porto Seguro, BA, Taperapuã",0,43,4142.7,27,2773.76,2025-11,0.7667,0.3147,23,30,218.74,186.71,7,2025-11-03,1.49,0.0,-1368.9399999999996,ok
PSOB0607,Penha-Beto_Carrero-apartamento-SUP-1Q,Carteira 3,SC,"Penha, SC","Penha, SC, Praia de Armação do Itapocoroi",0,93,2275.64,12,1751.85,2025-11,0.4,0.2595,12,30,223.92,187.4,15,2025-11-03,1.3,0.0,-523.79,ok
RGN0203,Florianopolis-Ingleses_Centro-apartamento-SUP-2Q,Carteira 1,SC,"Florianópolis, SC","Florianópolis, SC, Ingleses do Rio Vermelho",0,347,466.48,18,2117.79,2025-11,0.0667,0.2159,2,30,315.0,500.0,25,2025-11-03,0.22,0.0,1651.31,crítico
SMT0805,Salvador-Boca_do_Rio-apartamento-TOP-1Q,Carteira 2,BA,"Salvador, BA","Salvador, BA, Jardim Armação",0,239,1589.15,13,2847.5,2025-11,0.3,0.4886,9,30,223.67,221.65,20,2025-11-03,0.56,0.0,1258.35,atenção
SMT0931,Salvador-Boca_do_Rio-apartamento-TOP-1Q,Carteira 2,BA,"Salvador, BA","Salvador, BA, Jardim Armação",0,239,1557.29,13,2847.5,2025-11,0.3,0.4886,9,30,211.56,206.72,18,2025-11-03,0.55,0.0,1290.21,atenção
TCO0611,Porto_Alegre-Centro_Historico-apartamento-SUP-1Q,Carteira 4,RS,"Porto Alegre, RS","Porto Alegre, RS, Centro Histórico",0,491,1041.8,65,1297.34,2025-11,0.3667,0.2842,11,30,127.27,128.84,19,2025-11-03,0.8,0.0,255.53999999999996,berlinda
TXP0207,Goiania-Central-apartamento-SUP-1Q,Carteira 1_sys-price,GO,"Goiânia, GO","Goiânia, GO, Setor Bueno",0,772,962.18,127,604.39,2025-11,0.2333,0.1935,7,30,168.0,148.77,22,2025-11-03,1.59,0.0,-357.78999999999996,ok
UML0101,Bombinhas-Mariscal-apartamento-TOP-2Q,Carteira 6,SC,"Bombinhas, SC","Bombinhas, SC, Mariscal",0,316,5241.29,16,2261.32,2025-11,0.7667,0.2273,23,30,300.22,345.8,5,2025-11-03,2.32,0.0,-2979.97,meta_subestimada
UPP0214,Curitiba-Centro-apartamento-JR-1Q,Carteira 4,PR,"Curitiba, PR","Curitiba, PR, Alto da XV",0,8,266.01,216,1613.6,2025-11,0.0667,0.3993,2,30,137.0,155.96,26,2025-11-03,0.16,0.0,1347.59,crítico
VLPC0103,Mata_de_Sao_Joao-Praia_do_Forte-apartamento-SUP-2Q,Carteira 2,BA,"Mata de São João, BA","Mata de São João, BA, Centro",2,261,3457.16,22,5293.08,2025-11,0.4286,0.3107,12,30,361.25,284.88,16,2025-11-03,0.65,722.5,1835.92,atenção
CAC106,Florianopolis-Ingleses_Praia-apartamento-JR-2Q,Carteira 1,SC,"Florianópolis, SC","Florianópolis, SC, Ingleses do Rio Vermelho",29,926,0.0,27,2783.49,2025-11,0.0,0.2962,0,30,0.0,305.0,1,2025-11-03,0.0,0.0,2783.49,crítico
CSI1906,Balneario_Picarras-Geral-apartamento-SUP-2Q,Carteira 6,SC,"Balneário Piçarras, SC","Balneário Piçarras, SC, Centro",7,15,1323.13,47,1274.96,2025-11,0.5217,0.1633,12,30,143.11,138.0,2,2025-11-03,1.04,1001.7700000000001,-48.17000000000007,berlinda
EEP0802,Guarapari-Centro-apartamento-SUP-1Q,Carteira 4,ES,"Guarapari, ES","Guarapari, ES, São Judas Tadeu",0,114,728.72,33,1299.29,2025-11,0.2,0.3381,6,30,138.33,159.43,23,2025-11-03,0.56,0.0,570.5699999999999,atenção
EPK0802,Guara-Geral-apartamento-TOP-2Q,Especial,DF,"Brasília, DF","Brasília, DF, SOF",0,316,5975.1,8,3147.98,2025-11,0.8,0.4046,24,30,323.29,395.33,6,2025-11-03,1.9,0.0,-2827.1200000000003,ok
EUB0902,Salvador-Barra-apartamento-SUP-1Q,Carteira 2,BA,"Salvador, BA","Salvador, BA, Barra",0,326,2483.94,195,2712.93,2025-11,0.5333,0.4447,16,30,195.44,264.57,14,2025-11-03,0.92,0.0,228.98999999999978,berlinda
HBW2317,Sao_Paulo-Pinheiros-apartamento-TOP-1Q,Carteira 4_sys-price,SP,"São Paulo, SP","São Paulo, SP, Pinheiros",0,54,6360.39,267,4387.41,2025-11,0.8,0.4901,24,30,324.54,263.67,6,2025-11-03,1.45,0.0,-1972.9800000000005,ok
IBL103,Porto_Belo-Geral-apartamento-JR-2Q,Carteira 6,SC,"Porto Belo, SC","Porto Belo, SC, Perequê",0,778,1101.76,13,2800.53,2025-11,0.3,0.4325,9,30,164.91,135.44,18,2025-11-03,0.39,0.0,1698.7700000000002,crítico
JBV108,Especial-JBV-hotel-TOP-1Q,Especial,SC,"Florianópolis, SC","Florianópolis, SC, Jurerê",0,1704,8564.33,32,9873.54,2025-11,0.5667,0.5651,17,30,651.12,503.73,11,2025-11-03,0.87,0.0,1309.210000000001,berlinda
JBV328,Especial-JBV-hotel-TOP-1Q,Especial,SC,"Florianópolis, SC","Florianópolis, SC, Jurerê Internacional",0,1200,11429.6,32,9873.54,2025-11,0.7333,0.5651,22,30,689.36,634.13,8,2025-11-03,1.16,0.0,-1556.0599999999995,ok
MHF1705,Itapema-Canto_Praia-apartamento-TOP-1Q,Carteira 5,SC,"Itapema, SC","Itapema, SC, Centro",0,500,2415.05,17,1245.76,2025-11,0.3333,0.3257,10,30,232.17,189.06,18,2025-11-03,1.94,0.0,-1169.2900000000002,ok
MRN302,Balneario_Camboriu-Intermediario-apartamento-JR-2Q,Carteira 6,SC,"Balneário Camboriú, SC","Balneário Camboriú, SC, Centro",0,554,723.0,43,2206.84,2025-11,0.1333,0.331,4,30,230.0,400.0,23,2025-11-03,0.33,0.0,1483.8400000000001,crítico
NWT0915,Especial-NWT-apartamento-TOP-1Q,Carteira 5,AL,"Maceió, AL","Maceió, AL, Pajuçara",0,221,3854.51,35,4545.08,2025-11,0.5,0.472,15,30,296.87,264.77,13,2025-11-03,0.85,0.0,690.5699999999997,berlinda
NWT1404,Especial-NWT-apartamento-TOP-1Q,Carteira 5,AL,"Maceió, AL","Maceió, AL, Pajuçara",0,257,4698.06,35,4545.08,2025-11,0.6,0.472,18,30,314.61,321.73,11,2025-11-03,1.03,0.0,-152.98000000000047,berlinda
PIR0014,Florianopolis-Lagoa-apartamento-SUP-1Q,Carteira 1,SC,"Florianópolis, SC","Florianópolis, SC, Lagoa da Conceição",0,198,1193.52,23,2256.32,2025-11,0.1333,0.4355,4,30,305.25,221.13,23,2025-11-03,0.53,0.0,1062.8000000000002,atenção
POR204,Florianopolis-Ingleses_Norte-apartamento-TOP-3Q,Carteira 1,SC,"Florianópolis, SC","Florianópolis, SC, Ingleses do Rio Vermelho",6,1831,4017.09,14,4032.42,2025-11,0.25,0.3184,6,30,569.38,475.17,12,2025-11-03,1.0,3416.2799999999997,15.329999999999927,berlinda
PPB1206,Goiania-Central-apartamento-SUP-2Q,Carteira 1_sys-price,GO,"Goiânia, GO","Goiânia, GO, Setor Bueno",0,757,2032.52,34,1674.23,2025-11,0.3,0.2046,9,30,241.79,262.13,16,2025-11-03,1.21,0.0,-358.28999999999996,ok
PSO0604,Penha-Beto_Carrero-apartamento-SUP-1Q,Carteira 3,SC,"Penha, SC","Penha, SC, Praia de Armação do Itapocoroi",0,101,4355.25,12,1751.85,2025-11,0.8,0.2595,24,30,231.75,211.5,6,2025-11-03,2.49,0.0,-2603.4,meta_subestimada
PSOB1103,Penha-Beto_Carrero-apartamento-SUP-1Q,Carteira 3,SC,"Penha, SC","Penha, SC, Praia de Armação do Itapocoroi",0,99,1944.24,12,1751.85,2025-11,0.3,0.2595,9,30,235.44,179.72,18,2025-11-03,1.11,0.0,-192.3900000000001,ok
RVN2003,Itapema-Praia_Centro-apartamento-SUP-2Q,Carteira 6,SC,"Itapema, SC","Itapema, SC, Tabuleiro dos Oliveiras",0,331,2320.27,14,2452.59,2025-11,0.6,0.2941,18,30,164.33,165.33,12,2025-11-03,0.95,0.0,132.32000000000016,berlinda
SCO0016,Florianopolis-Campeche-apartamento-JR-2Q,Carteira 1,SC,"Florianópolis, SC","Florianópolis, SC, Campeche",0,207,3187.45,28,2262.28,2025-11,0.6333,0.3952,19,30,222.42,219.73,11,2025-11-03,1.41,0.0,-925.1699999999996,ok
SMA0916,Salvador-Pituba_Praia-apartamento-SUP-1Q,Carteira 5,BA,"Salvador, BA","Salvador, BA, Amaralina",0,66,2167.8,14,1573.3,2025-11,0.5333,0.3311,16,30,163.75,180.5,14,2025-11-03,1.38,0.0,-594.5000000000002,ok
BLS1553,Goiania-Central-apartamento-SUP-1Q,Carteira 1_sys-price,GO,"Goiânia, GO","Goiânia, GO, Setor Marista",0,767,1950.74,127,604.39,2025-11,0.3667,0.1935,11,30,240.91,169.0,19,2025-11-03,3.23,0.0,-1346.35,meta_subestimada
DIA0004,Salvador-Flamengo-apartamento-SUP-2Q,Carteira 2,BA,"Salvador, BA","Salvador, BA, Stella Maris",4,163,1087.94,45,2572.3,2025-11,0.2692,0.3466,7,30,172.71,184.59,17,2025-11-03,0.42,690.84,1484.3600000000001,crítico
MHF1303,Itapema-Canto_Praia-apartamento-TOP-1Q,Carteira 5,SC,"Itapema, SC","Itapema, SC, Centro",5,478,3956.2,17,1245.76,2025-11,0.88,0.3257,22,30,226.27,265.0,2,2025-11-03,3.18,1131.3500000000001,-2710.4399999999996,meta_subestimada
NWT0807,Especial-NWT-apartamento-TOP-1Q,Carteira 5,AL,"Maceió, AL","Maceió, AL, Pajuçara",0,325,5927.36,35,4545.08,2025-11,0.7333,0.472,22,30,322.45,292.0,8,2025-11-03,1.3,0.0,-1382.2799999999997,ok
OKA0221,Florianopolis-Campeche-apartamento-SUP-1Q,Carteira 1,SC,"Florianópolis, SC","Florianópolis, SC, Campeche",0,200,2249.61,22,1969.86,2025-11,0.3667,0.3561,11,30,248.18,252.05,19,2025-11-03,1.14,0.0,-279.7500000000002,ok
PDAA0611,Camaçari-Jacuipe-casa-SUP-3Q,Carteira 2,BA,"Camaçari, BA","Camaçari, BA, Barra do Jacuípe",7,708,4241.45,12,3949.69,2025-11,0.4348,0.2469,10,30,491.0,455.0,13,2025-11-03,1.07,3437.0,-291.75999999999976,berlinda
PZD0403,Florianopolis-Itacorubi-apartamento-SUP-2Q,Carteira 4,SC,"Florianópolis, SC","Florianópolis, SC, Itacorubi",3,390,2695.65,15,2102.22,2025-11,0.5556,0.3889,15,30,226.07,298.83,12,2025-11-03,1.28,678.21,-593.4300000000003,ok
QUI0225,Pocos_de_Caldas-Geral-apartamento-JR-1Q,Carteira 4,MG,"Poços de Caldas, MG","Poços de Caldas, MG, Cascatinha",0,236,2124.36,18,926.53,2025-11,0.3667,0.1975,11,30,207.36,180.0,17,2025-11-03,2.29,0.0,-1197.8300000000002,meta_subestimada
REL0001,Imbituba-Praia_do_Rosa-casa-JR-1Q,Carteira 6,SC,"Imbituba, SC","Imbituba, SC, Ibiraquera",10,4,0.0,41,1542.11,2025-11,0.0,0.2517,0,30,0.0,380.0,20,2025-11-03,0.0,0.0,1542.11,crítico
SFR0412,Bombinhas-Centro-apartamento-SUP-1Q,Carteira 6,SC,"Bombinhas, SC","Bombinhas, SC, Centro",0,37,3528.46,32,2844.7,2025-11,0.7333,0.4531,22,30,191.91,238.13,8,2025-11-03,1.24,0.0,-683.7600000000002,ok
SOA0406,Salvador-Boca_do_Rio-apartamento-SUP-1Q,Carteira 2,BA,"Salvador, BA","Salvador, BA, Boca do Rio",0,148,915.74,25,2311.47,2025-11,0.2667,0.3833,8,30,138.15,172.67,15,2025-11-03,0.4,0.0,1395.7299999999998,crítico
SPJ0503,Especial-SPJ-apartamento-TOP-1Q,Carteira 5,SC,"Florianópolis, SC","Florianópolis, SC, Jurerê",0,382,4836.45,19,5610.79,2025-11,0.6667,0.5559,20,30,314.29,204.83,6,2025-11-03,0.86,0.0,774.3400000000001,berlinda
STA0305,Gramado-Centro-apartamento-TOP-1Q,Carteira 4,RS,"Gramado, RS","Gramado, RS, Centro",1,78,7923.24,26,7648.51,2025-11,0.8966,0.6409,26,30,418.0,396.0,1,2025-11-03,1.04,418.0,-274.72999999999956,berlinda
TCO0914,Porto_Alegre-Centro_Historico-apartamento-SUP-1Q,Carteira 4,RS,"Porto Alegre, RS","Porto Alegre, RS, Centro Histórico",0,491,992.64,65,1297.34,2025-11,0.3,0.2842,9,30,128.89,127.86,21,2025-11-03,0.77,0.0,304.69999999999993,atenção
TPS211,Florianopolis-Canasvieiras_Meio-apartamento-TOP-1Q,Carteira 1,SC,"Florianópolis, SC","Florianópolis, SC, Canasvieiras",0,809,3724.11,24,3347.91,2025-11,0.6333,0.437,19,30,872.21,314.9,10,2025-11-03,1.11,0.0,-376.2000000000003,ok
VST031,Especial-VST-casa-TOP-1Q,Carteira 5,SC,"Anitápolis, SC","Anitápolis, SC, Rio dos Pinheiros",1,123,3925.38,42,1530.85,2025-11,0.5862,0.1234,17,30,277.06,221.27,11,2025-11-03,2.56,277.06,-2394.53,meta_subestimada
WBU2607,Goiania-Central-apartamento-TOP-1Q,Carteira 1_sys-price,GO,"Goiânia, GO","Goiânia, GO, Setor Marista",0,747,1179.16,45,1306.17,2025-11,0.2333,0.2068,7,30,197.89,192.35,20,2025-11-03,0.9,0.0,127.00999999999999,berlinda
BRI0102,Florianopolis-Jurere_Longe-apartamento-SUP-2Q,Carteira 1,SC,"Florianópolis, SC","Florianópolis, SC, Jurerê",0,101,4779.94,22,5172.32,2025-11,0.5333,0.4441,16,30,390.06,322.71,14,2025-11-03,0.92,0.0,392.3800000000001,berlinda
CEC0801,Salvador-UFBA-apartamento-TOP-1Q,Carteira 2,BA,"Salvador, BA","Salvador, BA, Ondina",0,113,3167.27,10,3417.57,2025-11,0.5667,0.3366,17,30,252.71,181.2,10,2025-11-03,0.93,0.0,250.30000000000018,berlinda
CZZ0602,Urubici-Geral-apartamento-TOP-2Q,Especial,SC,"Urubici, SC","Urubici, SC, Centro",0,228,5079.98,19,2282.27,2025-11,0.4,0.1067,12,30,532.08,406.47,17,2025-11-03,2.23,0.0,-2797.7099999999996,meta_subestimada
ELF0411,Bombinhas-Bombas-apartamento-SUP-1Q,Especial,SC,"Bombinhas, SC","Bombinhas, SC, José Amândio",4,171,4321.78,42,2313.9,2025-11,0.9231,0.3861,24,30,218.33,100.0,2,2025-11-03,1.87,873.32,-2007.8799999999997,ok
JMAR004,Florianopolis-Jurere_Longe-apartamento-JR-1Q,Carteira 1,SC,"Florianópolis, SC","Florianópolis, SC, Jurerê",0,290,216.58,31,2028.1,2025-11,0.0667,0.4085,2,30,196.0,167.22,27,2025-11-03,0.11,0.0,1811.52,crítico
MHF1203,Itapema-Canto_Praia-apartamento-TOP-1Q,Carteira 5,SC,"Itapema, SC","Itapema, SC, Centro",0,260,1543.59,17,1245.76,2025-11,0.3333,0.3257,10,30,268.6,270.27,11,2025-11-03,1.24,0.0,-297.8299999999999,ok
MHFA0604,Itapema-Canto_Praia-apartamento-SUP-1Q,Carteira 5,SC,"Itapema, SC","Itapema, SC, Centro",0,457,1896.88,9,2579.11,2025-11,0.2667,0.2266,8,30,177.25,153.78,18,2025-11-03,0.74,0.0,682.23,atenção
NOA0705,Sao_Paulo-Santo_Amaro-apartamento-SUP-1Q,Carteira 4,SP,"São Paulo, SP","São Paulo, SP, Santo Amaro",0,466,1675.23,156,2710.22,2025-11,0.2333,0.4081,7,30,297.57,177.7,20,2025-11-03,0.62,0.0,1034.9899999999998,atenção
NOR0102,Brasilia-Asa_Norte-apartamento-SUP-2Q,Carteira 1_sys-price,DF,"Brasília, DF","Brasília, DF, Asa Norte",2,767,3564.57,37,3302.18,2025-11,0.5714,0.5171,16,30,581.37,256.83,12,2025-11-03,1.08,1162.74,-262.3900000000003,berlinda
NWT0813,Especial-NWT-apartamento-TOP-1Q,Carteira 5,AL,"Maceió, AL","Maceió, AL, Pajuçara",0,186,3729.2,35,4545.08,2025-11,0.4667,0.472,14,30,320.36,284.0,15,2025-11-03,0.82,0.0,815.8800000000001,berlinda
NWTB0608,Especial-NWT-apartamento-MASTER-1Q,Carteira 5,AL,"Maceió, AL","Maceió, AL, Pajuçara",0,208,1814.45,26,5361.2,2025-11,0.1667,0.5855,5,30,469.2,417.86,22,2025-11-03,0.34,0.0,3546.75,crítico
OKA0135,Florianopolis-Campeche-apartamento-SUP-1Q,Carteira 1,SC,"Florianópolis, SC","Florianópolis, SC, Campeche",0,46,764.08,22,1969.86,2025-11,0.1,0.3561,3,30,273.67,240.96,25,2025-11-03,0.39,0.0,1205.7799999999997,crítico
PDP0301,Porto_Belo-Geral-apartamento-SUP-2Q,Carteira 6,SC,"Porto Belo, SC","Porto Belo, SC, Perequê",0,144,2898.1,23,3094.93,2025-11,0.6,0.2277,18,30,194.39,170.33,12,2025-11-03,0.94,0.0,196.82999999999993,berlinda
RCX1105,Itajai-Praia_Brava-apartamento-MASTER-1Q,Carteira 6,SC,"Itajaí, SC","Itajaí, SC, Praia Brava",29,100,0.0,18,1601.82,2025-11,0.0,0.2402,0,30,0.0,270.0,1,2025-11-03,0.0,0.0,1601.82,crítico
RLA0201,Gramado-Geral-apartamento-TOP-2Q,Carteira 4,RS,"Gramado, RS","Gramado, RS, Tres Pinheiros",0,267,10099.61,89,8591.85,2025-11,0.9667,0.5836,29,30,471.55,440.0,1,2025-11-03,1.18,0.0,-1507.7600000000002,ok
SPJ0501,Especial-SPJ-apartamento-TOP-1Q,Carteira 5,SC,"Florianópolis, SC","Florianópolis, SC, Jurerê",0,382,6086.06,19,5610.79,2025-11,0.8,0.5559,24,30,326.75,230.83,6,2025-11-03,1.08,0.0,-475.27000000000044,berlinda
TCO0312,Porto_Alegre-Centro_Historico-apartamento-SUP-1Q,Carteira 4,RS,"Porto Alegre, RS","Porto Alegre, RS, Centro Histórico",0,366,945.7,65,1297.34,2025-11,0.3333,0.2842,10,30,125.0,126.05,20,2025-11-03,0.73,0.0,351.6399999999999,atenção
TMHB102,Porto_de_Pedras-Tatuamunha-apartamento-TOP-2Q,Carteira 2,AL,"Porto de Pedras, AL","Porto de Pedras, AL, Porto de pedras",2,592,2811.14,30,4307.38,2025-11,0.3571,0.3867,10,30,331.8,290.93,15,2025-11-03,0.65,663.6,1496.2400000000002,atenção
TPS312,Florianopolis-Canasvieiras_Meio-apartamento-TOP-1Q,Carteira 1,SC,"Florianópolis, SC","Florianópolis, SC, Canasvieiras",0,1031,380.72,24,3347.91,2025-11,0.0667,0.437,2,30,211.0,236.67,27,2025-11-03,0.11,0.0,2967.1899999999996,crítico
TXP0606,Goiania-Central-apartamento-SUP-1Q,Carteira 1_sys-price,GO,"Goiânia, GO","Goiânia, GO, Setor Bueno",0,772,1808.14,127,604.39,2025-11,0.4667,0.1935,14,30,162.43,178.53,15,2025-11-03,2.99,0.0,-1203.75,meta_subestimada
TXP1505,Goiania-Central-apartamento-SUP-1Q,Carteira 1_sys-price,GO,"Goiânia, GO","Goiânia, GO, Setor Bueno",0,767,2495.65,127,604.39,2025-11,0.6333,0.1935,19,30,152.21,156.73,11,2025-11-03,4.13,0.0,-1891.2600000000002,meta_subestimada
VST013,Especial-VST-casa-TOP-1Q,Carteira 5,SC,"Anitápolis, SC","Anitápolis, SC, Rio dos Pinheiros",1,487,2038.43,42,1530.85,2025-11,0.3103,0.1234,9,30,287.22,212.0,18,2025-11-03,1.33,287.22,-507.58000000000015,ok
BCA2004,Salvador-Ondina_Rio_Vermelho-apartamento-SUP-1Q,Carteira 2,BA,"Salvador, BA","Salvador, BA, Ondina",0,172,4333.01,77,2842.86,2025-11,0.8333,0.4619,25,30,209.72,179.0,3,2025-11-03,1.52,0.0,-1490.15,ok
CSF0202,Salvador-Barra-apartamento-SUP-2Q,Carteira 2,BA,"Salvador, BA","Salvador, BA, Barra",0,213,2763.76,27,3669.15,2025-11,0.3667,0.4634,11,30,259.08,243.25,16,2025-11-03,0.75,0.0,905.3899999999999,atenção
CSF0303,Salvador-Barra-apartamento-JR-1Q,Carteira 2,BA,"Salvador, BA","Salvador, BA, Barra",0,29,2905.83,116,2434.58,2025-11,0.7333,0.4937,22,30,172.68,128.5,6,2025-11-03,1.19,0.0,-471.25,ok
FAH0205,Florianopolis-Canasvieiras_Meio-apartamento-SUP-1Q,Carteira 1,SC,"Florianópolis, SC","Florianópolis, SC, Canasvieiras",23,33,1086.05,34,3015.73,2025-11,0.7143,0.5251,5,30,255.6,210.0,2,2025-11-03,0.36,5878.8,1929.68,crítico
ILC3412,Especial-ILC-hotel-JR-1Q,Especial,SC,"Florianópolis, SC","Florianópolis, SC, Jurerê Internacional",0,340,8343.18,16,7488.19,2025-11,0.3667,0.4706,11,30,879.09,804.71,17,2025-11-03,1.11,0.0,-854.9900000000007,ok
IRB203,Florianopolis-Novo_Campeche-apartamento-MASTER-1Q,Carteira 1,SC,"Florianópolis, SC","Florianópolis, SC, Campeche",3,960,7796.6,48,6198.14,2025-11,0.5926,0.4467,16,30,614.56,438.45,11,2025-11-03,1.26,1843.6799999999998,-1598.46,ok
MHF1207,Itapema-Canto_Praia-apartamento-TOP-1Q,Carteira 5,SC,"Itapema, SC","Itapema, SC, Centro",4,302,765.0,17,1245.76,2025-11,0.1154,0.3257,3,30,300.0,303.13,23,2025-11-03,0.61,1200.0,480.76,atenção
MPB0034,Itajai-Praia_Brava-apartamento-SUP-2Q,Carteira 6,SC,"Itajaí, SC","Itajaí, SC, Praia Brava",0,193,2597.47,12,2193.22,2025-11,0.4,0.1985,12,30,247.67,196.06,18,2025-11-03,1.18,0.0,-404.25,ok
NWT0905,Especial-NWT-apartamento-TOP-1Q,Carteira 5,AL,"Maceió, AL","Maceió, AL, Pajuçara",0,221,4656.99,35,4545.08,2025-11,0.6667,0.472,20,30,291.75,281.33,6,2025-11-03,1.02,0.0,-111.90999999999985,berlinda
NWT1103,Especial-NWT-apartamento-TOP-1Q,Carteira 5,AL,"Maceió, AL","Maceió, AL, Pajuçara",0,327,5169.86,35,4545.08,2025-11,0.7,0.472,21,30,322.71,320.0,6,2025-11-03,1.14,0.0,-624.7799999999997,ok
PAD0103,Florianopolis-Beira_Mar-apartamento-SUP-2Q,Carteira 4,SC,"Florianópolis, SC","Florianópolis, SC, Centro",0,207,4679.29,24,3674.02,2025-11,0.6,0.3554,18,30,327.39,278.5,12,2025-11-03,1.27,0.0,-1005.27,ok
PDG0202,Balneario_Picarras-Geral-apartamento-SUP-2Q,Carteira 6,SC,"Balneário Piçarras, SC","Balneário Piçarras, SC, Itacolomi",0,73,2540.04,47,1274.96,2025-11,0.7333,0.1633,22,30,146.6,168.89,9,2025-11-03,1.99,0.0,-1265.08,ok
PSD103,Florianopolis-Jurere_Tradicional-apartamento-JR-1Q,Carteira 1,SC,"Florianópolis, SC","Florianópolis, SC, Jurerê",0,1990,1029.46,16,2934.35,2025-11,0.1333,0.4513,4,30,330.75,229.21,24,2025-11-03,0.35,0.0,1904.8899999999999,crítico
RAK0331,Florianopolis-UFSC-apartamento-JR-3Q,Carteira 4,SC,"Florianópolis, SC","Florianópolis, SC, Pantanal",5,302,2996.67,85,2540.18,2025-11,0.48,0.3326,12,30,368.5,266.3,10,2025-11-03,1.18,1842.5,-456.49000000000024,ok
RDS003,Campos_do_Jordao-Vila_Natal-casa-JR-1Q,Carteira 4,SP,"Campos do Jordão, SP","Campos do Jordão, SP, Vila Natal",2,631,0.0,17,2486.65,2025-11,0.0,0.1736,0,30,0.0,199.78,27,2025-11-03,0.0,0.0,2486.65,crítico
RFM0001,Santa_Cruz_Cabralia-Coroa_Vermelha-apartamento-JR-2Q,Carteira 2,BA,"Santa Cruz Cabrália, BA","Santa Cruz Cabrália, BA, Coroa Vermelha",0,325,1064.4,13,1226.3,2025-11,0.2333,0.1397,7,30,162.29,157.48,23,2025-11-03,0.87,0.0,161.89999999999986,berlinda
RFT505,Balneario_Camboriu-Intermediario-apartamento-JR-2Q,Carteira 6,SC,"Balneário Camboriú, SC","Balneário Camboriú, SC, Centro",13,1440,2821.97,43,2206.84,2025-11,0.8824,0.331,15,30,235.87,115.5,2,2025-11-03,1.28,3066.31,-615.1299999999997,ok
RGP0107,Florianopolis-Jurere_Tradicional-apartamento-JR-1Q,Carteira 1,SC,"Florianópolis, SC","Florianópolis, SC, Jurerê",0,410,3255.59,16,2934.35,2025-11,0.5667,0.4513,17,30,258.24,265.67,12,2025-11-03,1.11,0.0,-321.24000000000024,ok
RHE101,Bombinhas-Mariscal-casa-JR-2Q,Carteira 6,SC,"Bombinhas, SC","Bombinhas, SC, Morrinhos",3,576,1585.54,15,1839.44,2025-11,0.5185,0.3028,14,30,156.79,185.46,13,2025-11-03,0.86,470.37,253.9000000000001,berlinda
RRA0205,Florianopolis-Praia_Brava-apartamento-JR-2Q,Carteira 1,SC,"Florianópolis, SC","Florianópolis, SC, Praia Brava",0,436,2208.0,12,1445.28,2025-11,0.2667,0.1916,8,30,315.0,258.43,21,2025-11-03,1.53,0.0,-762.72,ok
RSL0502,Itapema-Praia_Itapema-apartamento-TOP-3Q,Carteira 6,SC,"Itapema, SC","Itapema, SC, Centro",7,694,4137.07,9,4492.38,2025-11,0.6957,0.2317,16,30,338.0,416.0,7,2025-11-03,0.92,2366.0,355.3100000000004,berlinda
RUL0035,Ubatuba-Toninhas-casa-JR-3Q,Carteira 4,SP,"Ubatuba, SP","Ubatuba, SP, Toninhas",10,166,4620.66,14,4172.81,2025-11,0.6,0.2222,12,30,502.83,328.75,8,2025-11-03,1.11,5028.3,-447.84999999999945,ok
SLC0203,Florianopolis-Rio_Vermelho-apartamento-JR-1Q,Carteira 1,SC,"Florianópolis, SC","Florianópolis, SC, Ingleses do Rio Vermelho",0,316,1007.58,13,2546.02,2025-11,0.4,0.4009,12,30,107.67,126.65,17,2025-11-03,0.4,0.0,1538.44,crítico
SOA0910,Salvador-Boca_do_Rio-apartamento-TOP-1Q,Carteira 2,BA,"Salvador, BA","Salvador, BA, Boca do Rio",0,221,1967.21,13,2847.5,2025-11,0.1667,0.4886,5,30,177.6,181.54,13,2025-11-03,0.69,0.0,880.29,atenção
SPT0103,Blumenau-Central-apartamento-JR-1Q,Carteira 4,SC,"Blumenau, SC","Blumenau, SC, Itoupava Seca",0,593,176.74,26,450.13,2025-11,0.0667,0.1337,2,30,100.0,124.2,25,2025-11-03,0.39,0.0,273.39,crítico
TBS1105,Florianopolis-Novo_Campeche-apartamento-MASTER-1Q,Carteira 1,SC,"Florianópolis, SC","Florianópolis, SC, Campeche",0,876,4892.53,48,6198.14,2025-11,0.4333,0.4467,13,30,452.23,439.81,16,2025-11-03,0.79,0.0,1305.6100000000006,atenção
VEC112,Bombinhas-Centro-apartamento-SUP-1Q,Carteira 6,SC,"Bombinhas, SC","Bombinhas, SC, Centro",0,1040,3964.64,32,2844.7,2025-11,0.7333,0.4531,22,30,241.09,201.25,8,2025-11-03,1.39,0.0,-1119.94,ok
VIC0203,Florianopolis-Novo_Campeche-apartamento-TOP-2Q,Carteira 1,SC,"Florianópolis, SC","Florianópolis, SC, Campeche",0,731,5227.52,43,6131.47,2025-11,0.5667,0.4341,17,30,405.29,431.2,10,2025-11-03,0.85,0.0,903.9499999999998,berlinda
VIL0001,Penha-Longe-apartamento-JR-1Q,Carteira 6,SC,"Penha, SC","Penha, SC, Santa Lidia",0,71,1014.69,14,1164.49,2025-11,0.3,0.2905,9,30,116.33,106.06,18,2025-11-03,0.87,0.0,149.79999999999995,berlinda
VLE006,Bombinhas-Mariscal-apartamento-JR-2Q,Carteira 6,SC,"Bombinhas, SC","Bombinhas, SC, Mariscal",0,1494,0.0,24,2266.21,2025-11,0.0,0.2269,0,30,0.0,202.0,27,2025-11-03,0.0,0.0,2266.21,crítico
CNA004,Especial-CNA-casa-MASTER-1Q,Especial,SP,"Campos do Jordão, SP","Campos do Jordão, SP, Jardim Europa",0,1016,10513.5,25,6397.17,2025-11,0.4,0.3129,12,30,882.86,537.94,16,2025-11-03,1.64,0.0,-4116.33,ok
CNB013,Especial-CNB-casa-TOP-1Q,Especial,SP,"Campos do Jordão, SP","Campos do Jordão, SP, Jardim Europa",0,590,2104.44,14,3701.03,2025-11,0.1,0.3298,3,30,887.67,629.36,25,2025-11-03,0.57,0.0,1596.5900000000001,atenção
CZZ0306,Urubici-Geral-apartamento-SUP-1Q,Especial,SC,"Urubici, SC","Urubici, SC, Centro",1,5,1227.52,49,1538.22,2025-11,0.2069,0.1338,6,30,206.0,193.37,19,2025-11-03,0.8,206.0,310.70000000000005,atenção
CZZ0507,Urubici-Geral-apartamento-SUP-1Q,Especial,SC,"Urubici, SC","Urubici, SC, Centro",1,134,549.96,49,1538.22,2025-11,0.1379,0.1338,4,30,180.0,223.96,23,2025-11-03,0.36,180.0,988.26,crítico
EAC1302,Balneario_Camboriu-Centro-apartamento-JR-3Q,Carteira 6,SC,"Balneário Camboriú, SC","Balneário Camboriú, SC, Centro",0,733,2109.31,33,4032.82,2025-11,0.3333,0.3543,10,30,262.9,183.94,18,2025-11-03,0.52,0.0,1923.5100000000002,atenção
EDG403,Balneario_Camboriu-Centro-apartamento-JR-1Q,Carteira 6,SC,"Balneário Camboriú, SC","Balneário Camboriú, SC, Centro",0,956,3886.56,27,1873.51,2025-11,0.8333,0.3878,25,30,195.0,185.8,5,2025-11-03,2.07,0.0,-2013.05,meta_subestimada
EPM0803,Guarapari-Muquicaba-apartamento-SIM-1Q,Carteira 4,ES,"Guarapari, ES","Guarapari, ES, Muquiçaba",2,177,1368.5,16,759.13,2025-11,0.1786,0.1802,5,30,280.0,151.43,21,2025-11-03,1.8,560.0,-609.37,ok
HOA0906,Salvador-Ondina_Rio_Vermelho-apartamento-TOP-1Q,Carteira 2,BA,"Salvador, BA","Salvador, BA, Ondina",0,285,926.95,33,2946.51,2025-11,0.2,0.4139,6,30,200.5,242.83,24,2025-11-03,0.31,0.0,2019.5600000000002,crítico
ILC4115,Especial-ILC-hotel-TOP-1Q,Especial,SC,"Florianópolis, SC","Florianópolis, SC, Jurerê Internacional",0,1657,7740.79,28,10075.49,2025-11,0.5333,0.5987,16,30,627.19,659.57,14,2025-11-03,0.77,0.0,2334.7,atenção
KPL0806,Florianopolis-Sao_Jose-apartamento-TOP-1Q,Carteira 4,SC,"São José, SC","São José, SC, Campinas",0,80,2523.92,18,1711.48,2025-11,0.3333,0.2382,10,30,297.5,294.47,19,2025-11-03,1.47,0.0,-812.44,ok
MHF0902,Itapema-Canto_Praia-apartamento-TOP-2Q,Carteira 5,SC,"Itapema, SC","Itapema, SC, Centro",0,407,4754.46,10,2423.39,2025-11,0.7,0.2478,21,30,297.95,309.22,9,2025-11-03,1.96,0.0,-2331.07,ok
NBL0606,Porto_Alegre-Jardim_Botanico-apartamento-SUP-1Q,Carteira 4,RS,"Porto Alegre, RS","Porto Alegre, RS, Santa Cecília",0,666,0.0,44,1124.1,2025-11,0.0,0.2505,0,30,0.0,153.0,27,2025-11-03,0.0,0.0,1124.1,crítico
NWT0319,Especial-NWT-apartamento-TOP-1Q,Carteira 5,AL,"Maceió, AL","Maceió, AL, Pajuçara",0,320,5025.73,35,4545.08,2025-11,0.5333,0.472,16,30,385.5,323.58,12,2025-11-03,1.11,0.0,-480.64999999999964,ok
NWT0914,Especial-NWT-apartamento-TOP-1Q,Carteira 5,AL,"Maceió, AL","Maceió, AL, Pajuçara",0,221,4756.33,35,4545.08,2025-11,0.5667,0.472,17,30,340.12,270.1,10,2025-11-03,1.05,0.0,-211.25,berlinda
NWT1006,Especial-NWT-apartamento-TOP-1Q,Carteira 5,AL,"Maceió, AL","Maceió, AL, Pajuçara",0,199,3275.12,35,4545.08,2025-11,0.4333,0.472,13,30,308.14,287.67,15,2025-11-03,0.72,0.0,1269.96,atenção
NWT1322,Especial-NWT-apartamento-TOP-1Q,Carteira 5,AL,"Maceió, AL","Maceió, AL, Pajuçara",0,309,6330.15,35,4545.08,2025-11,0.6333,0.472,19,30,415.89,308.4,10,2025-11-03,1.39,0.0,-1785.0699999999997,ok
RGOB701,Itapema-Meia_Praia-Sul-apartamento-SUP-1Q,Carteira 6,SC,"Itapema, SC","Itapema, SC, Castelo Branco",0,110,1787.94,13,2800.53,2025-11,0.4667,0.4325,14,30,187.29,184.19,16,2025-11-03,0.64,0.0,1012.5900000000001,atenção
RNE0301,Porto_Belo-Geral-apartamento-JR-3Q,Carteira 6,SC,"Porto Belo, SC","PORTO BELO, SC, PEREQUÊ",11,373,2017.62,22,3080.34,2025-11,0.6316,0.2233,12,30,219.5,189.29,7,2025-11-03,0.65,2414.5,1062.7200000000003,atenção
RRV0202,Navegantes-Gravata-apartamento-SUP-2Q,Carteira 6,SC,"Navegantes, SC","Navegantes, SC, Gravatá",0,36,923.75,14,2023.43,2025-11,0.1667,0.2348,5,30,189.0,172.82,22,2025-11-03,0.46,0.0,1099.68,crítico
RUC0003,Bombinhas-Mariscal-casa-JR-2Q,Carteira 6,SC,"Bombinhas, SC","Bombinhas, SC, Canto Grande",0,332,562.13,15,1839.44,2025-11,0.1333,0.3028,4,30,166.5,159.87,23,2025-11-03,0.31,0.0,1277.31,crítico
SFR0411,Bombinhas-Centro-apartamento-SUP-1Q,Carteira 6,SC,"Bombinhas, SC","Bombinhas, SC, Centro",0,37,4130.23,32,2844.7,2025-11,0.8,0.4531,24,30,201.5,279.4,5,2025-11-03,1.45,0.0,-1285.5299999999997,ok
SSG0107,Florianopolis-UFSC-apartamento-TOP-1Q,Carteira 4,SC,"Florianópolis, SC","Florianópolis, SC, Córrego Grande",0,758,3678.4,13,2547.0,2025-11,0.8,0.4161,24,30,308.38,202.75,4,2025-11-03,1.44,0.0,-1131.4,ok
TNP0713,Sao_Paulo-Bela_Vista-apartamento-SUP-1Q,Carteira 4,SP,"São Paulo, SP","São Paulo, SP, Cerqueira César",12,22,1519.52,577,2932.4,2025-11,0.2778,0.4661,5,30,204.89,196.22,9,2025-11-03,0.52,2458.68,1412.88,atenção
TPS204,Florianopolis-Canasvieiras_Meio-apartamento-TOP-1Q,Carteira 1,SC,"Florianópolis, SC","Florianópolis, SC, Canasvieiras",0,897,477.99,24,3347.91,2025-11,0.1,0.437,3,30,222.0,236.67,27,2025-11-03,0.14,0.0,2869.92,crítico
TPS212,Florianopolis-Canasvieiras_Meio-apartamento-TOP-1Q,Carteira 1,SC,"Florianópolis, SC","Florianópolis, SC, Canasvieiras",0,1030,3666.48,24,3347.91,2025-11,0.6333,0.437,19,30,245.89,331.82,11,2025-11-03,1.1,0.0,-318.57000000000016,berlinda
TRO0154,Sao_Paulo-Pompeia-apartamento-SUP-1Q,Carteira 4,SP,"São Paulo, SP","São Paulo, SP, Pompeia",2,100,2932.92,59,1892.48,2025-11,0.5357,0.2605,15,30,238.94,208.0,10,2025-11-03,1.55,477.88,-1040.44,ok
VIL0002,Penha-Longe-apartamento-JR-1Q,Carteira 6,SC,"Penha, SC","Penha, SC, Santa Lidia",0,71,1648.52,14,1164.49,2025-11,0.6,0.2905,18,30,109.0,120.42,12,2025-11-03,1.42,0.0,-484.03,ok
ART003,Porto_Seguro-Pataxos-apartamento-JR-2Q,Carteira 2,BA,"Porto Seguro, BA","Porto Seguro, BA, Paraíso dos Pataxós",0,772,0.0,43,1644.75,2025-11,0.0,0.1841,0,30,0.0,164.19,27,2025-11-03,0.0,0.0,1644.75,crítico
CEL1804,Goiania-Central-apartamento-SUP-1Q,Carteira 1_sys-price,GO,"Goiânia, GO","Goiânia, GO, Setor Bueno",0,85,999.72,127,604.39,2025-11,0.2,0.1935,6,30,171.0,142.9,21,2025-11-03,1.65,0.0,-395.33000000000004,ok
CTD0302,Penha-Longe-apartamento-JR-2Q,Carteira 6,SC,"Penha, SC","Penha, SC, Centro",0,176,878.28,23,2196.82,2025-11,0.2333,0.3753,7,30,152.0,130.85,20,2025-11-03,0.4,0.0,1318.5400000000002,crítico
CVA305,Bombinhas-Bombas-apartamento-TOP-3Q,Carteira 6,SC,"Bombinhas, SC","Bombinhas, SC, Bombas",1,1094,5322.64,15,3447.6,2025-11,0.5862,0.2896,17,30,400.71,271.18,11,2025-11-03,1.54,400.71,-1875.0400000000004,ok
EAL0704,Balneario_Camboriu-Centro-apartamento-JR-2Q,Carteira 6,SC,"Balneário Camboriú, SC","Balneário Camboriú, SC, Centro",0,577,1327.01,38,2659.86,2025-11,0.3333,0.3074,10,30,175.1,181.15,20,2025-11-03,0.5,0.0,1332.8500000000001,crítico
FDL101,Bombinhas-Bombas-apartamento-JR-2Q,Carteira 6,SC,"Bombinhas, SC","Bombinhas, SC, Bombas",0,873,2125.93,30,2160.62,2025-11,0.5667,0.253,17,30,144.76,116.54,13,2025-11-03,0.98,0.0,34.690000000000055,berlinda
GBA908,Sao_Paulo-Campo_Belo-apartamento-SUP-1Q,Carteira 4_sys-price,SP,"São Paulo, SP","São Paulo, SP, Campo Belo",0,172,2054.28,62,2487.43,2025-11,0.3333,0.4764,10,30,222.7,154.68,19,2025-11-03,0.83,0.0,433.14999999999964,berlinda
ILC1313,Especial-ILC-hotel-JR-1Q,Especial,SC,"Florianópolis, SC","Florianópolis, SC, Jurerê Internacional",0,1628,8791.74,16,7488.19,2025-11,0.6333,0.4706,19,30,567.21,625.8,10,2025-11-03,1.17,0.0,-1303.5500000000002,ok
ILC3404,Especial-ILC-hotel-JR-1Q,Especial,SC,"Florianópolis, SC","Florianópolis, SC, Jurerê Internacional",0,1688,8775.85,16,7488.19,2025-11,0.5333,0.4706,16,30,680.5,555.0,12,2025-11-03,1.17,0.0,-1287.6600000000008,ok
IRB205,Florianopolis-Novo_Campeche-apartamento-TOP-1Q,Carteira 1,SC,"Florianópolis, SC","Florianópolis, SC, Campeche",0,876,7352.15,45,3953.83,2025-11,0.8667,0.4453,26,30,376.04,336.75,4,2025-11-03,1.86,0.0,-3398.3199999999997,ok
JBV166,Especial-JBV-hotel-JR-1Q,Especial,SC,"Florianópolis, SC","Florianópolis, SC, Jurerê",0,102,11028.42,25,7947.66,2025-11,0.7,0.4701,21,30,616.29,527.63,8,2025-11-03,1.39,0.0,-3080.76,ok
LOF1405,Sao_Paulo-Pinheiros-apartamento-SUP-1Q,Carteira 4,SP,"São Paulo, SP","São Paulo, SP, Pinheiros",0,166,3377.59,410,3394.21,2025-11,0.5333,0.4927,16,30,261.81,230.86,14,2025-11-03,1.0,0.0,16.61999999999989,berlinda
MHF1908,Itapema-Canto_Praia-apartamento-TOP-2Q,Carteira 5,SC,"Itapema, SC","Itapema, SC, Centro",2,309,4088.99,10,2423.39,2025-11,0.5357,0.2478,15,30,311.27,286.67,12,2025-11-03,1.69,622.54,-1665.6,ok
MSST1401,Goiania-Leste-apartamento-TOP-1Q,Carteira 1_sys-price,GO,"Goiânia, GO","Goiânia, GO, Jardim Goiás",0,767,1905.62,16,1266.2,2025-11,0.3333,0.2418,10,30,214.6,215.65,17,2025-11-03,1.5,0.0,-639.4199999999998,ok
NEB0103,Blumenau-Central-apartamento-SUP-2Q,Carteira 4,SC,"Blumenau, SC","Blumenau, SC, Velha",0,401,2761.1,30,1273.5,2025-11,0.6,0.2206,18,30,175.39,212.25,12,2025-11-03,2.17,0.0,-1487.6,meta_subestimada
NWT0318,Especial-NWT-apartamento-TOP-1Q,Carteira 5,AL,"Maceió, AL","Maceió, AL, Pajuçara",0,225,5057.41,35,4545.08,2025-11,0.5,0.472,15,30,416.33,294.0,15,2025-11-03,1.11,0.0,-512.3299999999999,ok
NWT0704,Especial-NWT-apartamento-TOP-1Q,Carteira 5,AL,"Maceió, AL","Maceió, AL, Pajuçara",0,186,7511.2,35,4545.08,2025-11,0.9333,0.472,28,30,338.43,280.0,2,2025-11-03,1.65,0.0,-2966.12,ok
ONP2021,Sao_Paulo-Bela_Vista-apartamento-SUP-1Q,Carteira 4,SP,"São Paulo, SP","São Paulo, SP, Paraíso",0,170,2594.71,577,2932.4,2025-11,0.4333,0.4661,13,30,231.77,178.67,15,2025-11-03,0.88,0.0,337.69000000000005,berlinda
PTR0003,Porto_Seguro-Pataxos-apartamento-SUP-3Q,Carteira 2,BA,"Porto Seguro, BA","Porto Seguro, BA, Paraíso dos Pataxós",1,332,540.2,17,3440.8,2025-11,0.069,0.255,2,30,299.5,227.19,27,2025-11-03,0.16,299.5,2900.6000000000004,crítico
RPN0101,Florianopolis-Canajure-apartamento-SUP-3Q,Carteira 1,SC,"Florianópolis, SC","Florianópolis, SC, Jurere",3,78,2096.28,14,4138.54,2025-11,0.2593,0.3628,7,30,384.86,329.35,20,2025-11-03,0.51,1154.58,2042.2599999999998,atenção
RTQ0009,Mata_de_Sao_Joao-Praia_Imbassai-casa-SUP-2Q,Carteira 2,BA,"Mata de São João, BA","Mata de São João, BA, Imbassaí",8,165,2744.52,11,1226.29,2025-11,0.2727,0.1571,6,30,561.0,561.0,16,2025-11-03,2.24,4488.0,-1518.23,meta_subestimada
RVR0506,Florianopolis-UFSC-apartamento-SUP-1Q,Carteira 4,SC,"Florianópolis, SC","Florianópolis, SC, Pantanal",0,723,1812.34,37,1897.84,2025-11,0.2667,0.3378,8,30,236.75,208.9,21,2025-11-03,0.95,0.0,85.5,berlinda
SDR008,Florianopolis-Lagoa-apartamento-SUP-1Q,Carteira 1,SC,"Florianópolis, SC","Florianópolis, SC, Lagoa da Conceição",0,1522,2124.36,23,2256.32,2025-11,0.5333,0.4355,16,30,167.38,218.0,14,2025-11-03,0.94,0.0,131.96000000000004,berlinda
SOA0610,Salvador-Boca_do_Rio-apartamento-TOP-1Q,Carteira 2,BA,"Salvador, BA","Salvador, BA, Boca do Rio",0,310,0.0,13,2847.5,2025-11,0.0,0.4886,0,30,152.36,188.0,17,2025-11-03,0.0,0.0,2847.5,crítico
SPT0501,Blumenau-Central-apartamento-JR-1Q,Carteira 4,SC,"Blumenau, SC","Blumenau, SC, Itoupava Seca",0,521,0.0,26,450.13,2025-11,0.0,0.1337,0,30,100.0,125.21,24,2025-11-03,0.0,0.0,450.13,crítico
SSG0304,Florianopolis-UFSC-apartamento-TOP-1Q,Carteira 4,SC,"Florianópolis, SC","Florianópolis, SC, Córrego Grande",4,737,683.38,13,2547.0,2025-11,0.1538,0.4161,4,30,213.25,220.33,21,2025-11-03,0.27,853.0,1863.62,crítico
STO2206,Especial-STO-apartamento-MASTER-1Q,Especial,SC,"Florianópolis, SC","Florianópolis, SC, Santinho",22,1971,6205.93,76,5659.43,2025-11,1.0,0.4018,8,30,945.0,,0,2025-11-03,1.1,20790.0,-546.5,berlinda
TPS105,Florianopolis-Canasvieiras_Meio-apartamento-TOP-1Q,Carteira 1,SC,"Florianópolis, SC","Florianópolis, SC, Canasvieiras",0,1031,1738.81,24,3347.91,2025-11,0.3667,0.437,11,30,224.18,280.05,19,2025-11-03,0.52,0.0,1609.1,atenção
VAC0704,Barra_Velha-Tabuleiro-apartamento-TOP-2Q,Carteira 3,SC,"Barra Velha, SC","Barra Velha, SC, Itajubá",0,29,1213.85,28,2237.99,2025-11,0.1667,0.2155,5,30,281.0,232.96,23,2025-11-03,0.54,0.0,1024.1399999999999,atenção
VST008,Especial-VST-casa-TOP-1Q,Carteira 5,SC,"Anitápolis, SC","Anitápolis, SC, Rio dos Pinheiros",1,488,2211.54,42,1530.85,2025-11,0.4483,0.1234,13,30,221.92,188.56,16,2025-11-03,1.44,221.92,-680.69,ok
CEC0404,Guarapari-Centro-apartamento-SUP-1Q,Carteira 4,ES,"Guarapari, ES","Guarapari, ES, Centro",0,8,514.32,33,1299.29,2025-11,0.0,0.3381,0,30,207.0,151.54,24,2025-11-03,0.4,0.0,784.9699999999999,crítico
DLH0306,Gramado-Centro-apartamento-TOP-1Q,Carteira 4,RS,"Gramado, RS","Gramado, RS, Centro",1,360,10701.15,26,7648.51,2025-11,0.931,0.6409,27,30,473.41,379.0,2,2025-11-03,1.4,473.41,-3052.6399999999994,ok
EIT302,Balneario_Camboriu-Centro-apartamento-SIM-2Q,Carteira 6,SC,"Balneário Camboriú, SC","Balneário Camboriú, SC, Centro",0,631,3226.42,46,1837.01,2025-11,0.7333,0.3229,22,30,201.0,182.88,8,2025-11-03,1.76,0.0,-1389.41,ok
ELF0401,Bombinhas-Bombas-apartamento-SUP-1Q,Especial,SC,"Bombinhas, SC","Bombinhas, SC, José Amândio",4,164,3723.06,42,2313.9,2025-11,0.5385,0.3861,14,30,235.67,361.25,8,2025-11-03,1.61,942.68,-1409.1599999999999,ok
ELF0607,Bombinhas-Bombas-apartamento-SUP-1Q,Especial,SC,"Bombinhas, SC","Bombinhas, SC, José Amândio",4,164,2847.82,42,2313.9,2025-11,0.5,0.3861,13,30,248.38,316.83,12,2025-11-03,1.23,993.52,-533.9200000000001,ok
IAA0502,Recife-Boa_Viagem-apartamento-TOP-1Q,Carteira 2,PE,"Recife, PE","Recife, PE, Boa Viagem",0,598,2471.23,41,3221.46,2025-11,0.3333,0.3848,10,30,222.77,230.12,17,2025-11-03,0.77,0.0,750.23,atenção
ISM0619,Sao_Paulo-Moema-apartamento-SUP-1Q,Carteira 4_sys-price,SP,"São Paulo, SP","São Paulo, SP, Indianópolis",0,152,2157.65,499,2610.74,2025-11,0.3333,0.3688,10,30,258.2,190.11,18,2025-11-03,0.83,0.0,453.0899999999997,berlinda
MHF0509,Itapema-Canto_Praia-apartamento-TOP-2Q,Carteira 5,SC,"Itapema, SC","Itapema, SC, Centro",0,449,4234.54,10,2423.39,2025-11,0.5667,0.2478,17,30,282.76,236.08,12,2025-11-03,1.75,0.0,-1811.15,ok
NOR0204,Brasilia-Asa_Norte-apartamento-SUP-1Q,Carteira 1_sys-price,DF,"Brasília, DF","Brasília, DF, Asa Norte",2,767,3721.88,92,2693.61,2025-11,0.8571,0.5034,24,30,199.18,160.6,5,2025-11-03,1.38,398.36,-1028.27,ok
NWT0616,Especial-NWT-apartamento-TOP-1Q,Carteira 5,AL,"Maceió, AL","Maceió, AL, Pajuçara",0,215,4023.33,35,4545.08,2025-11,0.3,0.472,9,30,277.25,262.31,13,2025-11-03,0.89,0.0,521.75,berlinda
NWT1217,Especial-NWT-apartamento-TOP-1Q,Carteira 5,AL,"Maceió, AL","Maceió, AL, Pajuçara",0,150,2246.76,35,4545.08,2025-11,0.3,0.472,9,30,302.0,283.33,18,2025-11-03,0.49,0.0,2298.3199999999997,crítico
NWT1407,Especial-NWT-apartamento-TOP-1Q,Carteira 5,AL,"Maceió, AL","Maceió, AL, Pajuçara",0,78,4283.13,35,4545.08,2025-11,0.5333,0.472,16,30,330.0,307.23,13,2025-11-03,0.94,0.0,261.9499999999998,berlinda
OKA102,Florianopolis-Campeche-apartamento-SUP-1Q,Carteira 1,SC,"Florianópolis, SC","Florianópolis, SC, Campeche",0,1053,2116.3,22,1969.86,2025-11,0.3667,0.3561,11,30,226.18,249.37,19,2025-11-03,1.07,0.0,-146.44000000000028,berlinda
PSD101,Florianopolis-Jurere_Tradicional-apartamento-SIM-2Q,Carteira 1,SC,"Florianópolis, SC","Florianópolis, SC, Jurerê",0,1990,2421.42,16,2934.35,2025-11,0.4,0.4437,12,30,307.92,207.29,17,2025-11-03,0.83,0.0,512.9299999999998,berlinda
PSO0301,Penha-Beto_Carrero-apartamento-SUP-1Q,Carteira 3,SC,"Penha, SC","Penha, SC, Praia de Armação do Itapocoroi",5,13,807.52,12,1751.85,2025-11,0.24,0.2595,6,30,169.5,174.63,19,2025-11-03,0.46,847.5,944.3299999999999,crítico
SBA0401,Maceio-Jatiuca-apartamento-JR-3Q,Carteira 2,AL,"Maceió, AL","Maceió, AL, Jatiúca",10,638,1944.95,15,4604.77,2025-11,0.5,0.5329,10,30,223.3,197.9,10,2025-11-03,0.42,2233.0,2659.8200000000006,crítico
SCO0005,Florianopolis-Campeche-apartamento-JR-1Q,Carteira 1,SC,"Florianópolis, SC","Florianópolis, SC, Campeche",0,127,0.0,21,1126.05,2025-11,0.0,0.2771,0,30,0.0,156.11,27,2025-11-03,0.0,0.0,1126.05,crítico
SPJ0502,Especial-SPJ-apartamento-TOP-1Q,Carteira 5,SC,"Florianópolis, SC","Florianópolis, SC, Jurerê",0,383,4481.89,19,5610.79,2025-11,0.6,0.5559,18,30,328.11,218.82,11,2025-11-03,0.8,0.0,1128.8999999999996,atenção
TPS205,Florianopolis-Canasvieiras_Meio-apartamento-TOP-1Q,Carteira 1,SC,"Florianópolis, SC","Florianópolis, SC, Canasvieiras",0,822,1141.8,24,3347.91,2025-11,0.2667,0.437,8,30,187.75,249.1,21,2025-11-03,0.34,0.0,2206.1099999999997,crítico
TXP1916,Goiania-Central-apartamento-TOP-1Q,Carteira 1_sys-price,GO,"Goiânia, GO","Goiânia, GO, Setor Bueno",0,456,646.32,45,1306.17,2025-11,0.1333,0.2068,4,30,197.75,207.08,26,2025-11-03,0.49,0.0,659.85,crítico
VLR301,Florianopolis-Centrao-apartamento-SUP-1Q,Carteira 4,SC,"Florianópolis, SC","Florianópolis, SC, Centro",0,988,2032.51,114,2659.14,2025-11,0.4,0.3255,12,30,196.33,216.72,18,2025-11-03,0.76,0.0,626.6299999999999,atenção
VST027,Especial-VST-casa-TOP-1Q,Carteira 5,SC,"Anitápolis, SC","Anitápolis, SC, Rio dos Pinheiros",1,67,1784.56,42,1530.85,2025-11,0.3103,0.1234,9,30,238.33,202.74,19,2025-11-03,1.17,238.33,-253.71000000000004,ok
ABM0101,Bombinhas-Zimbros-casa-SUP-6Q,Carteira 6,SC,"Bombinhas, SC","Bombinhas, SC, Zimbros",6,372,24105.51,10,10648.65,2025-11,0.75,0.3478,18,30,1777.5,1080.0,6,2025-11-03,2.26,10665.0,-13456.859999999999,meta_subestimada
BSO0202,Itajai-Praia_Brava-apartamento-SUP-1Q,Carteira 6,SC,"Balneário Camboriú, SC","Balneário Camboriú, SC, Praia dos Amores",0,192,2606.14,50,2244.64,2025-11,0.6333,0.3503,19,30,157.24,167.67,9,2025-11-03,1.16,0.0,-361.5,ok
EPK0402,Guara-Geral-apartamento-SUP-2Q,Carteira 1,DF,"Brasília, DF","Brasília, DF, SOF",0,316,5560.65,11,1591.26,2025-11,0.7,0.2278,21,30,320.67,344.44,9,2025-11-03,3.49,0.0,-3969.3899999999994,meta_subestimada
ERE0302,Maceio-Cruz_das_Almas-apartamento-JR-1Q,Carteira 2,AL,"Maceió, AL","Maceió, AL, Cruz das Almas",0,65,1804.24,18,1858.42,2025-11,0.5333,0.4079,16,30,137.88,128.69,13,2025-11-03,0.97,0.0,54.180000000000064,berlinda
IBE104,Florianopolis-Canasvieiras_Meio-apartamento-JR-2Q,Carteira 1,SC,"Florianópolis, SC","Florianópolis, SC, Canasvieiras",6,803,2877.53,17,1592.05,2025-11,0.5417,0.2375,13,30,255.77,213.0,10,2025-11-03,1.81,1534.6200000000001,-1285.4800000000002,ok
ILC1206,Especial-ILC-hotel-JR-1Q,Especial,SC,"Florianópolis, SC","Florianópolis, SC, Jurerê Internacional",0,1971,6470.38,16,7488.19,2025-11,0.4,0.4706,12,30,644.0,544.94,16,2025-11-03,0.86,0.0,1017.8099999999995,berlinda
ILC4102,Especial-ILC-hotel-TOP-1Q,Especial,SC,"Florianópolis, SC","Florianópolis, SC, Jurerê Internacional",0,955,12871.3,28,10075.49,2025-11,0.7667,0.5987,23,30,681.74,661.86,7,2025-11-03,1.28,0.0,-2795.8099999999995,ok
IPTR0241,Balneario_Camboriu-Centro-apartamento-MASTER-2Q,Carteira 6,SC,"Balneário Camboriú, SC","Balneário Camboriú, SC, Centro",11,37,7653.48,14,7023.64,2025-11,0.8421,0.4353,16,30,641.13,525.0,3,2025-11-03,1.09,7052.43,-629.8399999999992,berlinda
MCB1002,Balneario_Picarras-Geral-apartamento-SUP-2Q,Carteira 6,SC,"Balneário Piçarras, SC","Balneário Piçarras, SC, Itacolomi",4,239,2173.18,47,1274.96,2025-11,0.6154,0.1633,16,30,157.81,147.71,14,2025-11-03,1.7,631.24,-898.2199999999998,ok
MHF0908,Itapema-Canto_Praia-apartamento-TOP-2Q,Carteira 5,SC,"Itapema, SC","Itapema, SC, Centro",0,487,3692.01,10,2423.39,2025-11,0.5333,0.2478,16,30,276.13,262.5,14,2025-11-03,1.52,0.0,-1268.6200000000003,ok
MHFA2005,Itapema-Canto_Praia-apartamento-SUP-1Q,Carteira 5,SC,"Itapema, SC","Itapema, SC, Centro",4,474,1930.62,9,2579.11,2025-11,0.3846,0.2266,10,30,238.2,198.06,16,2025-11-03,0.75,952.8,648.4900000000002,atenção
MMP0137,Itapema-Meia_Praia-Sul-apartamento-SUP-3Q,Carteira 6,SC,"Itapema, SC","Itapema, SC, Meia Praia",15,123,1633.48,14,3936.8,2025-11,0.5333,0.2754,8,30,254.38,180.0,7,2025-11-03,0.41,3815.7,2303.32,crítico
NWT0505,Especial-NWT-apartamento-TOP-1Q,Carteira 5,AL,"Maceió, AL","Maceió, AL, Pajuçara",0,366,4381.83,35,4545.08,2025-11,0.4,0.472,12,30,402.5,316.13,15,2025-11-03,0.96,0.0,163.25,berlinda
NWT1003,Especial-NWT-apartamento-TOP-1Q,Carteira 5,AL,"Maceió, AL","Maceió, AL, Pajuçara",0,199,4145.18,35,4545.08,2025-11,0.4,0.472,12,30,407.58,314.47,17,2025-11-03,0.91,0.0,399.89999999999964,berlinda
RLV0206,Florianopolis-Novo_Campeche-apartamento-SUP-3Q,Carteira 1,SC,"Florianópolis, SC","Florianópolis, SC, Campeche",4,317,6421.06,52,5985.49,2025-11,0.6538,0.4199,17,30,515.71,375.13,8,2025-11-03,1.07,2062.84,-435.5700000000006,berlinda
RUC0002,Bombinhas-Mariscal-casa-JR-2Q,Carteira 6,SC,"Bombinhas, SC","Bombinhas, SC, Canto Grande",0,332,2726.56,15,1839.44,2025-11,0.7667,0.3028,23,30,157.48,185.0,7,2025-11-03,1.48,0.0,-887.1199999999999,ok
SSG0102,Florianopolis-UFSC-apartamento-TOP-1Q,Carteira 4,SC,"Florianópolis, SC","Florianópolis, SC, Córrego Grande",0,995,2568.41,13,2547.0,2025-11,0.3667,0.4161,11,30,258.45,269.19,16,2025-11-03,1.01,0.0,-21.409999999999854,berlinda
TXP1912,Goiania-Central-apartamento-TOP-2Q,Carteira 1_sys-price,GO,"Goiânia, GO","Goiânia, GO, Setor Bueno",1,757,158.09,13,1668.15,2025-11,0.0345,0.2333,1,30,300.0,306.78,27,2025-11-03,0.09,300.0,1510.0600000000002,crítico
VAC0708,Barra_Velha-Tabuleiro-apartamento-SUP-2Q,Carteira 3,SC,"Barra Velha, SC","Barra Velha, SC, Itajubá",0,191,1760.41,66,1373.37,2025-11,0.3667,0.1678,11,30,199.45,176.63,19,2025-11-03,1.28,0.0,-387.0400000000002,ok
VAC0906,Barra_Velha-Tabuleiro-apartamento-SUP-2Q,Carteira 3,SC,"Barra Velha, SC","Barra Velha, SC, Itajubá",3,127,0.0,66,1373.37,2025-11,0.0,0.1678,0,30,0.0,1603.0,24,2025-11-03,0.0,0.0,1373.37,crítico
VGZ0003,Imbituba-Praia_do_Rosa-casa-SUP-1Q,Carteira 6,SC,"Imbituba, SC","Imbituba, SC, Ibiraquera",4,620,2502.47,53,2448.43,2025-11,0.5769,0.2451,15,30,208.27,120.9,10,2025-11-03,1.02,833.08,-54.039999999999964,berlinda
VST026,Especial-VST-casa-TOP-1Q,Carteira 5,SC,"Anitápolis, SC","Anitápolis, SC, Rio dos Pinheiros",0,1,646.92,42,1530.85,2025-11,0.1,0.1234,3,30,250.0,185.69,26,2025-11-03,0.42,0.0,883.93,crítico
BCL0507,Ilheus-Pontal-apartamento-SUP-2Q,Carteira 2,BA,"Ilhéus, BA","Ilhéus, BA, Pontal",0,423,2547.84,36,1557.2,2025-11,0.4,0.2137,12,30,230.42,185.35,17,2025-11-03,1.64,0.0,-990.6400000000001,ok
CVY0306,Cabo_Frio-Centro-apartamento-JR-3Q,Carteira 4,RJ,"Cabo Frio, RJ","Cabo Frio, RJ, Vila Nova",0,128,0.0,86,2426.8,2025-11,0.0,0.2192,0,30,0.0,288.74,27,2025-11-03,0.0,0.0,2426.8,crítico
DLH0206,Gramado-Centro-apartamento-TOP-1Q,Carteira 4,RS,"Gramado, RS","Gramado, RS, Centro",3,521,6454.88,26,7648.51,2025-11,0.4815,0.6409,13,30,587.92,562.77,13,2025-11-03,0.84,1763.7599999999998,1193.63,berlinda
EAC1304,Balneario_Camboriu-Centro-apartamento-JR-1Q,Carteira 6,SC,"Balneário Camboriú, SC","Balneário Camboriú, SC, Centro",2,733,1554.33,27,1873.51,2025-11,0.4286,0.3878,12,30,159.08,150.19,16,2025-11-03,0.83,318.16,319.18000000000006,berlinda
EOO0203,Itapema-Praia_Itapema-apartamento-JR-2Q,Carteira 6,SC,"Itapema, SC","Itapema, SC, Meia Praia",1,5,784.01,29,2491.52,2025-11,0.1379,0.2924,4,30,169.17,163.09,23,2025-11-03,0.31,169.17,1707.51,crítico
IBI307,Florianopolis-Jurere_Internacional-apartamento-TOP-1Q,Carteira 1,SC,"Florianópolis, SC","Florianópolis, SC, Jurerê Internacional",0,1452,4962.38,38,5241.52,2025-11,0.5,0.4455,15,30,347.18,307.92,12,2025-11-03,0.95,0.0,279.1400000000003,berlinda
IFT0808,Itapema-Meia_Praia-Norte-apartamento-TOP-1Q,Carteira 6,SC,"Itapema, SC","Itapema, SC, Meia Praia",0,169,4414.13,24,2714.64,2025-11,0.7,0.2925,21,30,272.67,259.13,8,2025-11-03,1.63,0.0,-1699.4900000000002,ok
ILC2505,Especial-ILC-hotel-TOP-1Q,Especial,SC,"Florianópolis, SC","Florianópolis, SC, Jurerê Internacional",7,1282,8349.92,28,10075.49,2025-11,0.6087,0.5987,14,30,798.29,644.33,9,2025-11-03,0.83,5588.03,1725.5699999999997,berlinda
ILC3209,Especial-ILC-hotel-TOP-1Q,Especial,SC,"Florianópolis, SC","Florianópolis, SC, Jurerê Internacional",0,1445,8892.18,28,10075.49,2025-11,0.5,0.5987,15,30,759.4,563.92,13,2025-11-03,0.88,0.0,1183.3099999999995,berlinda
ILC3415,Especial-ILC-hotel-TOP-1Q,Especial,SC,"Florianópolis, SC","Florianópolis, SC, Jurerê Internacional",0,1971,9362.71,28,10075.49,2025-11,0.5,0.5987,15,30,754.4,563.43,14,2025-11-03,0.93,0.0,712.7800000000007,berlinda
MHFA0506,Itapema-Canto_Praia-apartamento-SUP-1Q,Carteira 5,SC,"Itapema, SC","Itapema, SC, Centro",0,456,1494.76,9,2579.11,2025-11,0.2667,0.2266,8,30,196.78,159.0,19,2025-11-03,0.58,0.0,1084.3500000000001,atenção
MUT0054,Santa_Cruz_Cabralia-Coroa_Vermelha-apartamento-SUP-3Q,Carteira 2,BA,"Santa Cruz Cabrália, BA","Santa Cruz Cabrália, BA, Coroa Vermelha",0,158,5198.1,18,3160.73,2025-11,0.6333,0.2503,19,30,327.16,288.82,11,2025-11-03,1.64,0.0,-2037.3700000000003,ok
NWT0420,Especial-NWT-apartamento-TOP-1Q,Carteira 5,AL,"Maceió, AL","Maceió, AL, Pajuçara",2,366,4264.71,35,4545.08,2025-11,0.6071,0.472,17,30,304.18,339.6,10,2025-11-03,0.94,608.36,280.3699999999999,berlinda
NWT0618,Especial-NWT-apartamento-TOP-1Q,Carteira 5,AL,"Maceió, AL","Maceió, AL, Pajuçara",0,215,3249.97,35,4545.08,2025-11,0.4333,0.472,13,30,279.38,270.13,15,2025-11-03,0.72,0.0,1295.1100000000001,atenção
NWT0705,Especial-NWT-apartamento-TOP-1Q,Carteira 5,AL,"Maceió, AL","Maceió, AL, Pajuçara",0,149,1568.7,35,4545.08,2025-11,0.2,0.472,6,30,312.67,281.9,21,2025-11-03,0.35,0.0,2976.38,crítico
ONI0001,Barra_Velha-Tabuleiro-casa-JR-2Q,Carteira 3,SC,"Barra Velha, SC","Barra Velha, SC, Tabuleiro",0,1,0.0,10,1356.11,2025-11,0.0,0.1403,0,30,0.0,181.3,27,2025-11-03,0.0,0.0,1356.11,crítico
ONX1411,Goiania-Central-apartamento-JR-1Q,Carteira 1_sys-price,GO,"Goiânia, GO","Goiânia, GO, Setor Bueno",0,478,1519.86,64,931.89,2025-11,0.4,0.2396,12,30,171.92,159.24,17,2025-11-03,1.63,0.0,-587.9699999999999,ok
PTA0104,Cabedelo-Intermares-apartamento-SUP-2Q,Carteira 2,PB,"Cabedelo, PB","Cabedelo, PB, Intermares",0,362,2382.14,36,3899.08,2025-11,0.6,0.4229,18,30,151.5,195.42,12,2025-11-03,0.61,0.0,1516.94,atenção
RRB0202,Florianopolis-Canasvieiras_Perto-apartamento-JR-1Q,Carteira 1,SC,"Florianópolis, SC","Florianópolis, SC, Canasvieiras",0,402,2622.68,42,1971.66,2025-11,0.5667,0.3351,17,30,217.12,186.0,13,2025-11-03,1.33,0.0,-651.0199999999998,ok
SBG003,Ubatuba-Praia_Grande-apartamento-JR-2Q,Carteira 4,SP,"Ubatuba, SP","Ubatuba, SP, Praia Grande",2,661,748.5,180,3958.45,2025-11,0.0714,0.3897,2,30,416.0,264.04,25,2025-11-03,0.19,832.0,3209.95,crítico
SCO0012,Florianopolis-Campeche-apartamento-JR-1Q,Carteira 1,SC,"Florianópolis, SC","Florianópolis, SC, Campeche",0,219,0.0,21,1126.05,2025-11,0.0,0.2771,0,30,0.0,172.93,27,2025-11-03,0.0,0.0,1126.05,crítico
VGZ0007,Imbituba-Praia_do_Rosa-casa-SUP-1Q,Carteira 6,SC,"Imbituba, SC","Imbituba, SC, Ibiraquera",7,620,1832.95,53,2448.43,2025-11,0.5217,0.2451,12,30,191.17,135.0,11,2025-11-03,0.75,1338.1899999999998,615.4799999999998,atenção
VLE003,Bombinhas-Mariscal-apartamento-JR-2Q,Carteira 6,SC,"Bombinhas, SC","Bombinhas, SC, Mariscal",0,1494,1377.08,24,2266.21,2025-11,0.1333,0.2269,4,30,311.25,202.7,23,2025-11-03,0.61,0.0,889.1300000000001,atenção
BSL190,Penha-Praia-casa-JR-5Q,Carteira 6,SC,"Penha, SC","Penha, SC, Penha",9,633,8061.89,18,5693.51,2025-11,0.8095,0.3656,17,30,483.59,293.75,4,2025-11-03,1.42,4352.3099999999995,-2368.38,ok
CBE0201,Florianopolis-Ingleses_Centro-apartamento-SUP-2Q,Carteira 1,SC,"Florianópolis, SC","Florianópolis, SC, Ingleses Norte",0,166,5429.13,18,2117.79,2025-11,0.7667,0.2159,23,30,281.43,256.57,7,2025-11-03,2.56,0.0,-3311.34,meta_subestimada
GIU0001,Porto_Seguro-Pataxos-apartamento-JR-2Q,Carteira 2,BA,"Porto Seguro, BA","Porto Seguro, BA, Paraíso dos Pataxós",0,71,634.15,43,1644.75,2025-11,0.1667,0.1841,5,30,155.2,165.8,25,2025-11-03,0.39,0.0,1010.6,crítico
JBV248,Especial-JBV-hotel-TOP-1Q,Especial,SC,"Florianópolis, SC","Florianópolis, SC, Jurerê",2,1299,9595.17,32,9873.54,2025-11,0.6786,0.5651,19,30,612.79,510.71,7,2025-11-03,0.97,1225.58,278.3700000000008,berlinda
JSO0008,Porto_Seguro-Pataxos-apartamento-JR-1Q,Carteira 2,BA,"Porto Seguro, BA","Porto Seguro, BA, PRAIA DE MUNDAÍ",0,372,0.0,34,2174.24,2025-11,0.0,0.3913,0,30,0.0,359.0,27,2025-11-03,0.0,0.0,2174.24,crítico
LGD0201,Florianopolis-Centrao-apartamento-TOP-2Q,Carteira 4,SC,"Florianópolis, SC","Florianópolis, SC, Centro",6,407,6209.43,23,5187.97,2025-11,0.7917,0.3895,19,30,446.37,384.0,5,2025-11-03,1.2,2678.2200000000003,-1021.46,ok
MHB0302,Florianopolis-Novo_Campeche-apartamento-SUP-3Q,Carteira 1,SC,"Florianópolis, SC","Florianópolis, SC, Campeche",5,128,5423.88,52,5985.49,2025-11,0.64,0.4199,16,30,380.75,349.33,9,2025-11-03,0.91,1903.75,561.6099999999997,berlinda
NWT0509,Especial-NWT-apartamento-TOP-1Q,Carteira 5,AL,"Maceió, AL","Maceió, AL, Pajuçara",0,338,4147.58,35,4545.08,2025-11,0.5,0.472,15,30,332.2,341.53,15,2025-11-03,0.91,0.0,397.5,berlinda
NWT1024,Especial-NWT-apartamento-TOP-1Q,Carteira 5,AL,"Maceió, AL","Maceió, AL, Pajuçara",0,199,5156.7,35,4545.08,2025-11,0.6333,0.472,19,30,319.63,331.82,11,2025-11-03,1.13,0.0,-611.6199999999999,ok
OKA134,Florianopolis-Campeche-apartamento-SUP-1Q,Carteira 1,SC,"Florianópolis, SC","Florianópolis, SC, Campeche",0,1033,623.7,22,1969.86,2025-11,0.1,0.3561,3,30,228.33,211.92,25,2025-11-03,0.32,0.0,1346.1599999999999,crítico
PTG0030,Porto_Seguro-Pitinga-casa-TOP-4Q,Carteira 2,BA,"Porto Seguro, BA","Porto Seguro, BA, Arraial DAjuda",5,393,5530.14,9,7007.4,2025-11,0.28,0.3797,7,30,879.29,822.94,17,2025-11-03,0.79,4396.45,1477.2599999999993,atenção
RAL204,Florianopolis-Ingleses_Centro-apartamento-JR-2Q,Carteira 1,SC,"Florianópolis, SC","Florianópolis, SC, Ingleses do Rio Vermelho",0,514,2369.35,17,1846.2,2025-11,0.5667,0.279,17,30,195.24,193.25,12,2025-11-03,1.28,0.0,-523.1499999999999,ok
RFM0023,Santa_Cruz_Cabralia-Coroa_Vermelha-apartamento-SUP-3Q,Carteira 2,BA,"Santa Cruz Cabrália, BA","Santa Cruz Cabrália, BA, Coroa Vermelha",0,386,0.0,18,3160.73,2025-11,0.0,0.2503,0,30,0.0,241.93,27,2025-11-03,0.0,0.0,3160.73,crítico
ROR0002,Bombinhas-Bombas-apartamento-JR-3Q,Carteira 6,SC,"Bombinhas, SC","Bombinhas, SC, Bombas",0,290,2701.63,12,2222.58,2025-11,0.6667,0.2812,20,30,192.25,198.0,8,2025-11-03,1.22,0.0,-479.0500000000002,ok
SAA0517,Salvador-Pituba_Praia-apartamento-TOP-1Q,Carteira 5,BA,"Salvador, BA","Salvador, BA, Amaralina",1,22,132.26,14,1383.96,2025-11,0.0345,0.3778,1,30,203.0,187.23,26,2025-11-03,0.1,203.0,1251.7,crítico
SJS0004,Florianopolis-Ingleses_Centro-apartamento-JR-1Q,Carteira 1,SC,"Florianópolis, SC","Florianópolis, SC, Ingleses do Rio Vermelho",0,317,2134.56,12,2557.7,2025-11,0.6333,0.4207,19,30,144.32,177.0,11,2025-11-03,0.83,0.0,423.1399999999999,berlinda
SKL1107,Penha-Praia-apartamento-SUP-3Q,Carteira 6,SC,"Penha, SC","Penha, SC, Armação",0,37,3381.84,20,4193.09,2025-11,0.4,0.2401,12,30,323.67,317.27,15,2025-11-03,0.81,0.0,811.25,berlinda
SVE407,Florianopolis-UFSC-apartamento-TOP-1Q,Carteira 4,SC,"Florianópolis, SC","Florianópolis, SC, Pantanal",0,745,128.11,13,2547.0,2025-11,0.0333,0.4161,1,30,152.0,202.3,27,2025-11-03,0.05,0.0,2418.89,crítico
TCO0512,Porto_Alegre-Centro_Historico-apartamento-SUP-1Q,Carteira 4,RS,"Porto Alegre, RS","Porto Alegre, RS, Centro Histórico",0,509,976.68,65,1297.34,2025-11,0.2,0.2842,6,30,121.44,122.44,18,2025-11-03,0.75,0.0,320.65999999999997,atenção
TCO0802,Porto_Alegre-Centro_Historico-apartamento-SUP-1Q,Carteira 4,RS,"Porto Alegre, RS","Porto Alegre, RS, Centro Histórico",30,562,0.0,65,1297.34,2025-11,,0.2842,0,30,0.0,,0,2025-11-03,0.0,0.0,1297.34,crítico
TXP0311,Goiania-Central-apartamento-SUP-2Q,Carteira 1_sys-price,GO,"Goiânia, GO","Goiânia, GO, Setor Bueno",4,772,1564.14,34,1674.23,2025-11,0.3077,0.2046,8,30,231.38,244.28,18,2025-11-03,0.93,925.52,110.08999999999992,berlinda
UPP0408,Curitiba-Centro-apartamento-JR-1Q,Carteira 4,PR,"Curitiba, PR","Curitiba, PR, Alto da XV",0,10,620.43,216,1613.6,2025-11,0.1667,0.3993,5,30,142.67,156.13,24,2025-11-03,0.38,0.0,993.17,crítico
VGZ0004,Imbituba-Praia_do_Rosa-casa-SUP-1Q,Carteira 6,SC,"Imbituba, SC","Imbituba, SC, Ibiraquera",5,620,1558.83,53,2448.43,2025-11,0.44,0.2451,11,30,182.73,147.75,12,2025-11-03,0.64,913.65,889.5999999999999,atenção
ATP0008,Porto_Seguro-Pitinga-casa-SUP-4Q,Carteira 2,BA,"Porto Seguro, BA","Porto Seguro, BA, Arraial D ajuda",0,18,0.0,10,3094.67,2025-11,0.0,0.1947,0,30,0.0,1298.0,24,2025-11-03,0.0,0.0,3094.67,crítico
CMT0404,Florianopolis-UFSC-apartamento-SUP-3Q,Carteira 4,SC,"Florianópolis, SC","Florianópolis, SC, Córrego Grande",1,260,4095.08,9,3589.35,2025-11,0.4828,0.221,14,30,382.36,334.43,14,2025-11-03,1.14,382.36,-505.73,ok
DPR0007,Balneario_Camboriu-Sul-apartamento-JR-2Q,Carteira 6,SC,"Balneário Camboriú, SC","Balneário Camboriú, SC, Barra",0,249,1629.2,155,2764.68,2025-11,0.3333,0.3486,10,30,189.5,155.06,18,2025-11-03,0.59,0.0,1135.4799999999998,atenção
EDA0001,Curitiba-Centro-apartamento-SUP-1Q,Carteira 4,PR,"Curitiba, PR","Curitiba, PR, Centro",0,107,2134.44,298,1815.18,2025-11,0.4667,0.3686,14,30,179.79,194.94,16,2025-11-03,1.18,0.0,-319.26,ok
ELS0602,Porto_Alegre-Centro_Historico-apartamento-JR-1Q,Carteira 4,RS,"Porto Alegre, RS","Porto Alegre, RS, Centro Histórico",0,19,1014.12,67,1126.25,2025-11,0.4,0.3332,12,30,126.17,120.0,16,2025-11-03,0.9,0.0,112.13,berlinda
FUA0004,Ubatuba-Praia_do_Lazaro-apartamento-JR-1Q,Carteira 4,SP,"Ubatuba, SP","Ubatuba, SP, Lázaro Praia Domingos Dias",0,33,0.0,19,2617.58,2025-11,0.0,0.3855,0,30,0.0,239.7,27,2025-11-03,0.0,0.0,2617.58,crítico
GBL601,Itapema-Praia_Centro-apartamento-SUP-3Q,Carteira 6,SC,"Itapema, SC","Itapema, SC, Centro",4,648,3212.08,14,2253.07,2025-11,0.7308,0.1996,19,30,256.53,218.25,4,2025-11-03,1.43,1026.12,-959.0099999999998,ok
GOS1007,Porto_Alegre-Auxiliadora-apartamento-TOP-1Q,Carteira 4,RS,"Porto Alegre, RS","Porto Alegre, RS, Auxiliadora",0,830,0.0,28,2317.7,2025-11,0.0,0.369,0,30,0.0,212.74,27,2025-11-03,0.0,0.0,2317.7,crítico
GRI1305,Itapema-Praia_Itapema-apartamento-TOP-2Q,Carteira 6,SC,"Itapema, SC","Itapema, SC, Morretes",0,152,597.55,11,2316.34,2025-11,0.0333,0.1898,1,30,703.0,703.0,27,2025-11-03,0.26,0.0,1718.7900000000002,crítico
HIN0117,Brasilia-Asa_Norte-apartamento-JR-1Q,Carteira 1_sys-price,DF,"Brasília, DF","Brasília, DF, Asa Norte",0,296,4076.52,150,2145.04,2025-11,0.8,0.5079,24,30,203.88,197.67,6,2025-11-03,1.9,0.0,-1931.48,ok
ILC4104,Especial-ILC-hotel-JR-1Q,Especial,SC,"Florianópolis, SC","Florianópolis, SC, Jurerê Internacional",3,1005,8926.7,16,7488.19,2025-11,0.5926,0.4706,16,30,634.5,501.2,10,2025-11-03,1.19,1903.5,-1438.5100000000011,ok
MHF1609,Itapema-Canto_Praia-apartamento-TOP-2Q,Carteira 5,SC,"Itapema, SC","Itapema, SC, Centro",4,417,0.0,10,2423.39,2025-11,0.0,0.2478,0,30,0.0,293.52,23,2025-11-03,0.0,0.0,2423.39,crítico
MSSO0902,Goiania-Leste-apartamento-TOP-1Q,Carteira 1_sys-price,GO,"Goiânia, GO","Goiânia, GO, Jardim Goiás",0,767,1573.39,16,1266.2,2025-11,0.3,0.2418,9,30,210.22,217.43,21,2025-11-03,1.24,0.0,-307.19000000000005,ok
NWC1510,Curitiba-Centro-apartamento-SUP-1Q,Carteira 4,PR,"Curitiba, PR","Curitiba, PR, Centro",0,80,1907.05,298,1815.18,2025-11,0.4,0.3686,12,30,183.25,186.44,16,2025-11-03,1.05,0.0,-91.86999999999989,berlinda
OKA204,Florianopolis-Campeche-apartamento-TOP-1Q,Carteira 1,SC,"Florianópolis, SC","Florianópolis, SC, Campeche",2,1073,826.06,21,2358.75,2025-11,0.1429,0.3461,4,30,249.25,284.09,22,2025-11-03,0.35,498.5,1532.69,crítico
PAT0402,Itapema-Meia_Praia-Sul-apartamento-TOP-2Q,Carteira 6,SC,"Itapema, SC","Itapema, SC, Meia Praia",2,8,1184.4,17,3263.79,2025-11,0.1071,0.2602,3,30,402.0,450.0,22,2025-11-03,0.36,804.0,2079.39,crítico
PRB0405,Florianopolis-Jurere_Tradicional-apartamento-TOP-2Q,Carteira 1,SC,"Florianópolis, SC","Florianópolis, SC, Jurerê",0,261,6959.7,20,9043.7,2025-11,0.5333,0.4401,16,30,619.88,572.92,13,2025-11-03,0.77,0.0,2084.000000000001,atenção
PSO0708,Penha-Beto_Carrero-apartamento-SUP-1Q,Carteira 3,SC,"Penha, SC","Penha, SC, Praia de Armação do Itapocoroi",0,136,1656.16,12,1751.85,2025-11,0.2667,0.2595,8,30,252.0,178.63,19,2025-11-03,0.95,0.0,95.68999999999983,berlinda
QUI0090,Pocos_de_Caldas-Geral-apartamento-SUP-1Q,Carteira 4,MG,"Poços de Caldas, MG","Poços de Caldas, MG, Centro",0,274,2573.65,27,1167.9,2025-11,0.6667,0.2113,20,30,162.8,148.11,9,2025-11-03,2.2,0.0,-1405.75,meta_subestimada
SMA0107,Salvador-Pituba_Praia-apartamento-SUP-1Q,Carteira 5,BA,"Salvador, BA","Salvador, BA, Amaralina",0,65,1139.08,14,1573.3,2025-11,0.3,0.3311,9,30,147.89,173.57,21,2025-11-03,0.72,0.0,434.22,atenção
TPS310,Florianopolis-Canasvieiras_Meio-apartamento-TOP-1Q,Carteira 1,SC,"Florianópolis, SC","Florianópolis, SC, Canasvieiras",1,1027,2843.27,24,3347.91,2025-11,0.4828,0.437,14,30,252.57,292.43,14,2025-11-03,0.85,252.57,504.6399999999999,berlinda
VLO0514,Florianopolis-Jurere_Longe-apartamento-TOP-2Q,Carteira 1,SC,"Florianópolis, SC","Florianópolis, SC, Jurerê Internacional",3,354,4860.63,16,7660.43,2025-11,0.3704,0.5285,10,30,913.4,474.35,17,2025-11-03,0.63,2740.2,2799.8,atenção
ABL0138,Florianopolis-Cachoeira_Bom_Jesus-apartamento-JR-1Q,Carteira 1,SC,"Florianópolis, SC","Florianópolis, SC, Cachoeira do Bom Jesus",0,612,2045.12,11,895.39,2025-11,0.5333,0.1299,16,30,170.5,181.0,14,2025-11-03,2.28,0.0,-1149.73,meta_subestimada
AHO1402,Porto_Alegre-Jardim_Botanico-apartamento-TOP-1Q,Carteira 4,RS,"Porto Alegre, RS","Porto Alegre, RS, Petrópolis",0,859,659.72,22,1620.53,2025-11,0.1333,0.1725,4,30,195.75,211.77,26,2025-11-03,0.41,0.0,960.81,crítico
AIR1407,Porto_Alegre-Menino_Deus-apartamento-TOP-1Q,Carteira 4,RS,"Porto Alegre, RS","Porto Alegre, RS, Praia de Belas",0,435,1597.8,24,1761.58,2025-11,0.2,0.2958,6,30,333.0,333.0,21,2025-11-03,0.91,0.0,163.77999999999997,berlinda
ASK002,Florianopolis-Itacorubi-apartamento-JR-1Q,Carteira 4,SC,"Florianópolis, SC","Florianópolis, SC, Santa Mônica",0,1101,1868.86,12,2137.5,2025-11,0.4667,0.4453,14,30,159.43,173.69,16,2025-11-03,0.87,0.0,268.6400000000001,berlinda
BLB1206,Salvador-Barra-apartamento-SUP-1Q,Carteira 2,BA,"Salvador, BA","Salvador, BA, Barra",0,355,672.14,195,2712.93,2025-11,0.1333,0.4447,4,30,218.0,220.0,25,2025-11-03,0.25,0.0,2040.79,crítico
CMM0043,Penha-Central-casa-JR-5Q,Carteira 6,SC,"Penha, SC","Penha, SC, Armação",4,25,3225.72,23,3893.0,2025-11,0.5,0.3382,13,30,339.15,283.1,10,2025-11-03,0.83,1356.6,667.2800000000002,berlinda
CPR0107,Marau-Barra_Grande-apartamento-SUP-1Q,Carteira 2,BA,"Maraú, BA","Maraú, BA, Barra Grande",0,527,1040.4,13,1216.56,2025-11,0.1,0.2005,3,30,408.0,325.58,24,2025-11-03,0.86,0.0,176.15999999999985,berlinda
CUA001,Urubici-Geral-casa-JR-1Q,Carteira 3,SC,"Urubici, SC","Urubici, SC, Área Rural",0,565,0.0,20,653.31,2025-11,0.0,0.0903,0,30,0.0,127.04,27,2025-11-03,0.0,0.0,653.31,crítico
EEC0403,Guarapari-Centro-apartamento-JR-1Q,Carteira 4,ES,"Guarapari, ES","Guarapari, ES, Centro",0,145,238.42,46,1408.29,2025-11,0.0667,0.2449,2,30,129.0,146.96,27,2025-11-03,0.17,0.0,1169.87,crítico
ERT0210,Florianopolis-Jurere_Tradicional-apartamento-TOP-1Q,Carteira 1,SC,"Florianópolis, SC","Florianópolis, SC, Jurerê",0,281,3970.56,14,6829.73,2025-11,0.4667,0.5343,14,30,358.21,340.33,15,2025-11-03,0.58,0.0,2859.1699999999996,atenção
FNX0101,Cabo_Frio-Pero_Longe-casa-JR-2Q,Carteira 4,RJ,"Cabo Frio, RJ","Cabo Frio, RJ, Ogiva",3,676,1186.5,11,1435.22,2025-11,0.1481,0.2389,4,30,322.0,201.56,18,2025-11-03,0.83,966.0,248.72000000000003,berlinda
ILC3103,Especial-ILC-hotel-JR-1Q,Especial,SC,"Florianópolis, SC","Florianópolis, SC, Jurerê Internacional",0,1494,9317.55,16,7488.19,2025-11,0.5667,0.4706,17,30,645.0,571.08,12,2025-11-03,1.24,0.0,-1829.3599999999997,ok
ILC4506,Especial-ILC-hotel-TOP-1Q,Especial,SC,"Florianópolis, SC","Florianópolis, SC, Jurerê Internacional",13,123,8354.74,28,10075.49,2025-11,0.7647,0.5987,13,30,857.69,651.25,4,2025-11-03,0.83,11149.970000000001,1720.75,berlinda
MDE0406,Canela-Catedral-apartamento-TOP-2Q,Carteira 4,RS,"Canela, RS","Canela, RS, Centro",0,291,5097.92,35,3028.55,2025-11,0.6,0.3322,18,30,341.83,290.4,10,2025-11-03,1.68,0.0,-2069.37,ok
MHF2002,Itapema-Canto_Praia-apartamento-TOP-2Q,Carteira 5,SC,"Itapema, SC","Itapema, SC, Centro",2,348,6969.47,10,2423.39,2025-11,0.7143,0.2478,20,30,385.33,302.87,8,2025-11-03,2.88,770.66,-4546.08,meta_subestimada
OKA142,Florianopolis-Campeche-apartamento-SUP-1Q,Carteira 1,SC,"Florianópolis, SC","Florianópolis, SC, Campeche",0,1053,2886.75,22,1969.86,2025-11,0.5,0.3561,15,30,266.87,267.47,15,2025-11-03,1.47,0.0,-916.8900000000001,ok
PSO0703,Penha-Beto_Carrero-apartamento-SUP-1Q,Carteira 3,SC,"Penha, SC","Penha, SC, Praia de Armação do Itapocoroi",0,134,4190.08,12,1751.85,2025-11,0.8,0.2595,24,30,226.62,175.0,6,2025-11-03,2.39,0.0,-2438.23,meta_subestimada
RSM0023,Porto_Seguro-Pataxos-casa-JR-3Q,Carteira 2,BA,"Porto Seguro, BA","Porto Seguro, BA, Praia de Taperapuan",9,121,2548.93,22,2861.36,2025-11,0.5714,0.3168,12,30,333.83,226.63,8,2025-11-03,0.89,3004.47,312.4300000000003,berlinda
RTS0503,Balneario_Picarras-Geral-apartamento-TOP-2Q,Carteira 6,SC,"Balneário Piçarras, SC","Balneário Piçarras, SC, Centro",0,388,2638.66,32,2108.3,2025-11,0.4333,0.2801,13,30,246.85,198.47,15,2025-11-03,1.25,0.0,-530.3599999999997,ok
SPT0204,Blumenau-Central-apartamento-JR-1Q,Carteira 4,SC,"Blumenau, SC","Blumenau, SC, Itoupava Seca",0,534,0.0,26,450.13,2025-11,0.0,0.1337,0,30,0.0,122.41,27,2025-11-03,0.0,0.0,450.13,crítico
STN205,Florianopolis-Ingleses_Norte-apartamento-TOP-2Q,Carteira 1,SC,"Florianópolis, SC","Florianópolis, SC, Ingleses do Rio Vermelho",9,648,1627.74,17,3036.54,2025-11,0.2857,0.3235,6,30,297.0,317.67,15,2025-11-03,0.54,2673.0,1408.8,atenção
VNR005,São_Miguel_dos_Milagres-Geral-apartamento-SUP-2Q,Carteira 2,AL,"São Miguel dos Milagres, AL","São Miguel dos Milagres, AL, Riacho",0,416,1748.92,33,3124.13,2025-11,0.2667,0.3609,8,30,260.0,244.86,22,2025-11-03,0.56,0.0,1375.21,atenção
AAP1507,Salvador-Caminho_Das_Arvores-apartamento-SUP-1Q,Carteira 2,BA,"Salvador, BA","Salvador, BA, Caminho das Árvores",0,225,2503.32,35,1509.18,2025-11,0.5667,0.3049,17,30,166.65,182.85,13,2025-11-03,1.66,0.0,-994.1400000000001,ok
AIR1607,Porto_Alegre-Menino_Deus-apartamento-TOP-1Q,Carteira 4,RS,"Porto Alegre, RS","Porto Alegre, RS, Praia de Belas",0,639,1926.61,24,1761.58,2025-11,0.2333,0.2958,7,30,356.29,333.0,20,2025-11-03,1.09,0.0,-165.02999999999997,berlinda
ATO3091,Petropolis-Centro-casa-JR-1Q,Carteira 4,RJ,"Petrópolis, RJ","Petrópolis, RJ, Centro",0,850,2174.59,14,1586.4,2025-11,0.3667,0.2384,11,30,245.09,144.68,19,2025-11-03,1.37,0.0,-588.19,ok
CAC0109,Florianopolis-Ingleses_Praia-apartamento-SUP-1Q,Carteira 1,SC,"Florianópolis, SC","Florianópolis, SC, Ingleses do Rio Vermelho",0,24,405.28,34,3392.97,2025-11,0.1333,0.4251,4,30,171.75,226.46,26,2025-11-03,0.12,0.0,2987.6899999999996,crítico
CHR025,Florianopolis-Jurere_Longe-apartamento-JR-2Q,Carteira 1,SC,"Florianópolis, SC","Florianópolis, SC, Jurerê",3,204,3156.66,16,3417.68,2025-11,0.6296,0.3152,17,30,226.82,204.6,10,2025-11-03,0.92,680.46,261.02,berlinda
CPL025,Canela-Catedral-apartamento-TOP-1Q,Carteira 4,RS,"Canela, RS","Canela, RS, Centro",0,206,5367.24,34,3584.27,2025-11,0.8333,0.4408,25,30,268.32,291.25,4,2025-11-03,1.5,0.0,-1782.9699999999998,ok
EDT0010,Porto_Seguro-Pataxos-apartamento-SUP-2Q,Carteira 2,BA,"Porto Seguro, BA","Porto Seguro, BA, Taperapuan",0,723,3672.1,27,2773.76,2025-11,0.6667,0.3147,20,30,204.45,177.9,10,2025-11-03,1.32,0.0,-898.3399999999997,ok
EIS305,Itapema-Meia_Praia-Norte-apartamento-SUP-3Q,Carteira 6,SC,"Itapema, SC","Itapema, SC, Meia Praia",0,1412,0.0,35,2802.96,2025-11,0.0,0.2707,0,30,0.0,359.0,27,2025-11-03,0.0,0.0,2802.96,crítico
GMB0414,Brasilia-Setor_Hoteleiro-apartamento-TOP-1Q,Carteira 1,DF,"Brasília, DF","Brasília, DF, Asa Norte",0,691,5145.57,22,4816.76,2025-11,0.7,0.4701,21,30,310.14,305.56,9,2025-11-03,1.07,0.0,-328.8099999999995,berlinda
ICT0104B,Florianopolis-Ingleses_Centro-apartamento-JR-2Q,Carteira 1,SC,"Florianópolis, SC","Florianópolis, SC, Ingleses Norte",0,137,1194.84,17,1846.2,2025-11,0.2667,0.279,8,30,164.5,190.59,22,2025-11-03,0.65,0.0,651.3600000000001,atenção
ILC1212,Especial-ILC-hotel-JR-1Q,Especial,SC,"Florianópolis, SC","Florianópolis, SC, Jurerê Internacional",0,681,8619.97,16,7488.19,2025-11,0.5,0.4706,15,30,673.73,566.23,13,2025-11-03,1.15,0.0,-1131.7799999999997,ok
JBV115,Especial-JBV-hotel-JR-1Q,Especial,SC,"Florianópolis, SC","Florianópolis, SC, Jurerê",0,1727,10914.99,25,7947.66,2025-11,0.8667,0.4701,26,30,523.78,446.0,3,2025-11-03,1.37,0.0,-2967.33,ok
JBV242,Especial-JBV-hotel-TOP-1Q,Especial,SC,"Florianópolis, SC","Florianópolis, SC, Jurerê",0,1507,11925.49,32,9873.54,2025-11,0.7,0.5651,21,30,707.43,504.0,7,2025-11-03,1.21,0.0,-2051.949999999999,ok
JPR217,Especial-JPR-apartamento-TOP-1Q,Carteira 1,SC,"Florianópolis, SC","Florianópolis, SC, Jurerê",0,926,252.71,12,6580.31,2025-11,0.0333,0.5296,1,30,380.0,339.33,27,2025-11-03,0.04,0.0,6327.6,crítico
LIV1310,Salvador-Graca-apartamento-TOP-1Q,Especial,BA,"Salvador, BA","Salvador, BA, Vitória",0,44,682.08,10,3417.57,2025-11,0.1,0.3374,3,30,250.0,320.0,26,2025-11-03,0.2,0.0,2735.4900000000002,crítico
MHF0801,Itapema-Canto_Praia-apartamento-TOP-1Q,Carteira 5,SC,"Itapema, SC","Itapema, SC, Centro",0,444,3546.58,17,1245.76,2025-11,0.7,0.3257,21,30,220.14,194.44,9,2025-11-03,2.85,0.0,-2300.8199999999997,meta_subestimada
NWT0921,Especial-NWT-apartamento-TOP-1Q,Carteira 5,AL,"Maceió, AL","Maceió, AL, Pajuçara",0,221,5188.36,35,4545.08,2025-11,0.6667,0.472,20,30,332.7,272.1,10,2025-11-03,1.14,0.0,-643.2799999999997,ok
PSOB0807,Penha-Beto_Carrero-apartamento-SUP-1Q,Carteira 3,SC,"Penha, SC","Penha, SC, Praia de Armação do Itapocoroi",0,102,2758.49,12,1751.85,2025-11,0.4333,0.2595,13,30,237.77,175.0,15,2025-11-03,1.57,0.0,-1006.6399999999999,ok
RGF0410,Salvador-Flamengo-apartamento-TOP-1Q,Carteira 2,BA,"Salvador, BA","Salvador, BA, Itapuã",0,81,1320.48,27,2876.83,2025-11,0.3,0.3919,9,30,183.33,195.14,21,2025-11-03,0.46,0.0,1556.35,crítico
RJF002,Urubici-Geral-casa-TOP-2Q,Carteira 3,SC,"Urubici, SC","Urubici, SC, Aguas Brancas",1,596,0.0,18,2452.59,2025-11,0.0,0.1057,0,30,0.0,519.44,27,2025-11-03,0.0,0.0,2452.59,crítico
ROB203,Florianopolis-Ingleses_Norte-apartamento-SUP-2Q,Carteira 1,SC,"Florianópolis, SC","Florianópolis, SC, Ingleses do Rio Vermelho",0,138,0.0,46,3271.44,2025-11,0.0,0.244,0,30,0.0,480.0,27,2025-11-03,0.0,0.0,3271.44,crítico
SFR0302,Bombinhas-Centro-apartamento-SUP-1Q,Carteira 6,SC,"Bombinhas, SC","Bombinhas, SC, Centro",0,80,2086.63,32,2844.7,2025-11,0.4667,0.4531,14,30,192.71,234.81,16,2025-11-03,0.73,0.0,758.0699999999997,atenção
STCY202,Florianopolis-Cachoeira_Bom_Jesus-apartamento-JR-1Q,Carteira 1,SC,"Florianópolis, SC","Florianópolis, SC, Cachoeira do Bom Jesus",0,561,1598.28,11,895.39,2025-11,0.4,0.1299,12,30,181.5,158.78,18,2025-11-03,1.79,0.0,-702.89,ok
TCO0501,Porto_Alegre-Centro_Historico-apartamento-SUP-1Q,Carteira 4,RS,"Porto Alegre, RS","Porto Alegre, RS, Centro Histórico",0,521,2321.54,65,1297.34,2025-11,0.5333,0.2842,16,30,142.67,154.71,7,2025-11-03,1.79,0.0,-1024.2,ok
TXP0605,Goiania-Central-apartamento-SUP-1Q,Carteira 1_sys-price,GO,"Goiânia, GO","Goiânia, GO, Setor Bueno",0,778,1794.64,127,604.39,2025-11,0.4667,0.1935,14,30,151.43,153.5,16,2025-11-03,2.97,0.0,-1190.25,meta_subestimada
TXP0807,Goiania-Central-apartamento-SUP-1Q,Carteira 1_sys-price,GO,"Goiânia, GO","Goiânia, GO, Setor Bueno",0,759,894.72,127,604.39,2025-11,0.2,0.1935,6,30,169.83,147.3,23,2025-11-03,1.48,0.0,-290.33000000000004,ok
VBV0616,Sao_Paulo-Vila_Olimpia-apartamento-SUP-1Q,Carteira 4,SP,"São Paulo, SP","São Paulo, SP, Vila Olímpia",0,31,2982.67,294,4075.32,2025-11,0.3667,0.4389,11,30,324.36,292.78,18,2025-11-03,0.73,0.0,1092.65,atenção
VNVA1305,Itapema-Praia_Centro-apartamento-TOP-2Q,Carteira 6,SC,"Itapema, SC","Itapema, SC, Tabuleiro dos Oliveiras",1,9,0.0,16,2253.07,2025-11,0.0,0.1826,0,30,0.0,,27,2025-11-03,0.0,0.0,2253.07,crítico
YHD0105,Florianopolis-UFSC-apartamento-TOP-1Q,Carteira 4,SC,"Florianópolis, SC","Florianópolis, SC, Carvoeira",0,291,0.0,13,2547.0,2025-11,0.0,0.4161,0,30,0.0,641.0,27,2025-11-03,0.0,0.0,2547.0,crítico
ACO1103,Balneario_Camboriu-Centro-apartamento-TOP-2Q,Carteira 6,SC,"Balneário Camboriú, SC","Balneário Camboriú, SC, Centro",3,107,5716.93,26,4832.67,2025-11,0.8148,0.3826,22,30,346.14,291.4,5,2025-11-03,1.18,1038.42,-884.2600000000002,ok
AIR1414,Porto_Alegre-Menino_Deus-apartamento-TOP-1Q,Carteira 4,RS,"Porto Alegre, RS","Porto Alegre, RS, Praia de Belas",0,431,647.74,24,1761.58,2025-11,0.0667,0.2958,2,30,360.0,333.0,25,2025-11-03,0.37,0.0,1113.84,crítico
BLB1306,Salvador-Barra-apartamento-SUP-1Q,Carteira 2,BA,"Salvador, BA","Salvador, BA, Barra",0,428,2487.28,195,2712.93,2025-11,0.5333,0.4447,16,30,193.56,246.36,14,2025-11-03,0.92,0.0,225.64999999999964,berlinda
CLF0204,Salvador-Flamengo-apartamento-SUP-1Q,Carteira 2,BA,"Salvador, BA","Salvador, BA, Stella Maris",7,16,0.0,17,1762.56,2025-11,0.0,0.2569,0,30,0.0,250.0,20,2025-11-03,0.0,0.0,1762.56,crítico
CTD0101,Penha-Longe-apartamento-JR-2Q,Carteira 6,SC,"Penha, SC","Penha, SC, Centro",0,60,1278.45,23,2196.82,2025-11,0.3333,0.3753,10,30,136.8,130.07,14,2025-11-03,0.58,0.0,918.3700000000001,atenção
DMS0106,Gramado-Centro-apartamento-TOP-2Q,Carteira 4,RS,"Gramado, RS","Gramado, RS, Bairro Belverede",0,136,10322.24,55,9753.75,2025-11,0.7,0.6489,21,30,620.43,583.75,8,2025-11-03,1.06,0.0,-568.4899999999998,berlinda
EDE,Florianopolis-Cachoeira_Bom_Jesus-apartamento-JR-2Q,Carteira 1,SC,"Florianópolis, SC","Florianópolis, SC, Cachoeira do Bom Jesus",0,281,1331.33,13,2261.83,2025-11,0.2333,0.2251,7,30,233.69,256.57,14,2025-11-03,0.59,0.0,930.5,atenção
ELF0303,Bombinhas-Bombas-apartamento-SUP-1Q,Especial,SC,"Bombinhas, SC","Bombinhas, SC, José Amândio",2,172,4381.48,42,2313.9,2025-11,0.7857,0.3861,22,30,220.58,,0,2025-11-03,1.89,441.16,-2067.5799999999995,ok
ERJ101,Balneario_Camboriu-Norte-apartamento-JR-4Q,Carteira 6,SC,"Balneário Camboriú, SC","Balneário Camboriú, SC, Centro",6,772,3447.29,13,6399.65,2025-11,0.4583,0.486,11,30,384.45,291.54,13,2025-11-03,0.54,2306.7,2952.3599999999997,atenção
ERV0101,Balneario_Camboriu-Centro-apartamento-SUP-3Q,Carteira 6,SC,"Balneário Camboriú, SC","Balneário Camboriú, SC, Centro",3,432,4185.92,71,3587.4,2025-11,0.4074,0.3532,11,30,449.27,203.94,16,2025-11-03,1.17,1347.81,-598.52,ok
IFT1308,Itapema-Meia_Praia-Norte-apartamento-TOP-1Q,Carteira 6,SC,"Itapema, SC","Itapema, SC, Meia Praia",0,186,3521.23,24,2714.64,2025-11,0.5667,0.2925,17,30,250.65,236.09,11,2025-11-03,1.3,0.0,-806.5900000000001,ok
ILC2412,Especial-ILC-hotel-JR-1Q,Especial,SC,"Florianópolis, SC","Florianópolis, SC, Jurerê Internacional",0,1971,11163.51,16,7488.19,2025-11,0.7,0.4706,21,30,680.0,525.89,9,2025-11-03,1.49,0.0,-3675.3200000000006,ok
JBV141,Especial-JBV-hotel-TOP-1Q,Especial,SC,"Florianópolis, SC","Florianópolis, SC, Jurerê",10,1549,5643.01,32,9873.54,2025-11,0.65,0.5651,13,30,551.46,435.0,7,2025-11-03,0.57,5514.6,4230.530000000001,atenção
MHF1703,Itapema-Canto_Praia-apartamento-TOP-1Q,Carteira 5,SC,"Itapema, SC","Itapema, SC, Centro",0,485,2487.03,17,1245.76,2025-11,0.4333,0.3257,13,30,229.38,190.76,17,2025-11-03,2.0,0.0,-1241.2700000000002,ok
MHF2105,Itapema-Canto_Praia-apartamento-TOP-1Q,Carteira 5,SC,"Itapema, SC","Itapema, SC, Centro",1,17,4722.21,17,1245.76,2025-11,0.7931,0.3257,23,30,302.48,167.25,4,2025-11-03,3.79,302.48,-3476.45,meta_subestimada
RAL0303,Florianopolis-Ingleses_Centro-apartamento-SUP-2Q,Carteira 1,SC,"Florianópolis, SC","Florianópolis, SC, Ingleses do Rio Vermelho",0,390,2962.06,18,2117.79,2025-11,0.4,0.2159,12,30,278.25,223.06,16,2025-11-03,1.4,0.0,-844.27,ok
RCB405,Itapema-Meia_Praia-Sul-apartamento-JR-3Q,Carteira 6,SC,"Itapema, SC","Itapema, SC, Meia Praia",6,491,3007.11,17,2102.22,2025-11,0.7083,0.289,17,30,224.65,183.43,7,2025-11-03,1.43,1347.9,-904.8900000000003,ok
RCP202,Florianopolis-Canasvieiras_Meio-apartamento-JR-2Q,Carteira 1,SC,"Florianópolis, SC","Florianópolis, SC, Canasvieiras",0,759,2390.14,17,1592.05,2025-11,0.3667,0.2375,11,30,281.36,248.56,16,2025-11-03,1.5,0.0,-798.0899999999999,ok
SMO0202,Balneario_Picarras-Geral-apartamento-SUP-2Q,Carteira 6,SC,"Balneário Piçarras, SC","Balneário Piçarras, SC, Centro",0,64,683.31,47,1274.96,2025-11,0.1,0.1633,3,30,275.0,129.38,24,2025-11-03,0.54,0.0,591.6500000000001,atenção
SOT0201,Florianopolis-Jurere_Tradicional-apartamento-TOP-1Q,Carteira 1,SC,"Florianópolis, SC","Florianópolis, SC, Jurerê",3,32,2717.84,14,6829.73,2025-11,0.4074,0.5343,11,30,297.91,336.8,15,2025-11-03,0.4,893.73,4111.889999999999,crítico
VEL0102,Guarapari-Centro-apartamento-JR-2Q,Carteira 4,ES,"Guarapari, ES","Guarapari, ES, Centro",0,227,842.62,8,1366.93,2025-11,0.2,0.1467,6,30,159.5,184.87,23,2025-11-03,0.62,0.0,524.3100000000001,atenção
VLE001,Bombinhas-Mariscal-apartamento-JR-2Q,Carteira 6,SC,"Bombinhas, SC","Bombinhas, SC, Mariscal",0,1494,0.0,24,2266.21,2025-11,0.0,0.2269,0,30,0.0,202.0,27,2025-11-03,0.0,0.0,2266.21,crítico
VLE002,Bombinhas-Mariscal-apartamento-JR-2Q,Carteira 6,SC,"Bombinhas, SC","Bombinhas, SC, Mariscal",0,1494,2576.97,24,2266.21,2025-11,0.3667,0.2269,11,30,258.82,203.38,16,2025-11-03,1.14,0.0,-310.75999999999976,ok
VLR802,Florianopolis-Centrao-apartamento-JR-1Q,Carteira 4,SC,"Florianópolis, SC","Florianópolis, SC, Centro",0,1221,2263.65,67,2150.88,2025-11,0.4667,0.3865,14,30,205.86,221.86,14,2025-11-03,1.05,0.0,-112.76999999999998,berlinda
CIE0202,Florianopolis-Jurere_Longe-apartamento-JR-1Q,Carteira 1,SC,"Florianópolis, SC","Florianópolis, SC, Jurerê",0,142,3124.48,31,2028.1,2025-11,0.5333,0.4085,16,30,225.31,169.67,12,2025-11-03,1.54,0.0,-1096.38,ok
CLA0000,Urubici-Geral-apartamento-TOP-1Q,Carteira 3,SC,"Urubici, SC","Urubici, SC, Centro",4,23,528.03,82,2335.12,2025-11,0.1154,0.1528,3,30,230.0,222.45,20,2025-11-03,0.23,920.0,1807.09,crítico
COE0406,Sao_Paulo-Pinheiros-apartamento-TOP-1Q,Carteira 4_sys-price,SP,"São Paulo, SP","São Paulo, SP, Pinheiros",0,522,5166.66,267,4387.41,2025-11,0.6,0.4901,18,30,330.94,261.91,11,2025-11-03,1.18,0.0,-779.25,ok
ELU109,Florianopolis-Jurere_Tradicional-apartamento-TOP-1Q,Carteira 1,SC,"Florianópolis, SC","Florianópolis, SC, Jurerê",0,1773,2172.13,14,6829.73,2025-11,0.2,0.5343,6,30,415.0,314.77,22,2025-11-03,0.32,0.0,4657.599999999999,crítico
ESF0203,Balneario_Camboriu-Longe-apartamento-SUP-1Q,Carteira 6,SC,"Balneário Camboriú, SC","Balneário Camboriú, SC, Centro",18,5,0.0,13,2048.93,2025-11,0.0,0.2785,0,30,0.0,156.33,9,2025-11-03,0.0,0.0,2048.93,crítico
FMI0218,Cabo_Frio-Centro-apartamento-SUP-1Q,Carteira 4,RJ,"Cabo Frio, RJ","Cabo Frio, RJ, Braga",0,449,2623.95,46,3050.9,2025-11,0.3667,0.4756,11,30,272.27,246.68,19,2025-11-03,0.86,0.0,426.9500000000003,berlinda
LIV1006,Salvador-Graca-apartamento-TOP-1Q,Especial,BA,"Salvador, BA","Salvador, BA, Vitória",9,110,3270.83,10,3417.57,2025-11,0.8095,0.3374,17,30,290.65,235.5,4,2025-11-03,0.96,2615.85,146.74000000000024,berlinda
MAR202,Florianopolis-Ingleses_Centro-apartamento-SUP-2Q,Carteira 1,SC,"Florianópolis, SC","Florianópolis, SC, Ingleses do Rio Vermelho",0,893,1855.33,18,2117.79,2025-11,0.3333,0.2159,10,30,257.1,237.17,18,2025-11-03,0.88,0.0,262.46000000000004,berlinda
OBS0301,Itapema-Meia_Praia-Sul-apartamento-SUP-2Q,Carteira 6,SC,"Itapema, SC","Itapema, SC, Itapema",0,635,3135.88,12,3299.32,2025-11,0.6,0.2381,18,30,222.33,209.75,12,2025-11-03,0.95,0.0,163.44000000000005,berlinda
PGO0406,Pocos_de_Caldas-Geral-apartamento-SUP-1Q,Carteira 4,MG,"Poços de Caldas, MG","Poços de Caldas, MG, São Benedito",0,415,1994.78,27,1167.9,2025-11,0.5333,0.2113,16,30,148.0,126.71,14,2025-11-03,1.71,0.0,-826.8799999999999,ok
PSO0503,Penha-Beto_Carrero-apartamento-SUP-1Q,Carteira 3,SC,"Penha, SC","Penha, SC, Praia de Armação do Itapocoroi",0,93,1431.38,12,1751.85,2025-11,0.2333,0.2595,7,30,228.43,178.75,20,2025-11-03,0.82,0.0,320.4699999999998,berlinda
PSO0910,Penha-Beto_Carrero-apartamento-SUP-1Q,Carteira 3,SC,"Penha, SC","Penha, SC, Praia de Armação do Itapocoroi",0,96,3910.84,12,1751.85,2025-11,0.7333,0.2595,22,30,207.32,198.25,8,2025-11-03,2.23,0.0,-2158.9900000000002,meta_subestimada
RJF001,Urubici-Geral-casa-TOP-2Q,Carteira 3,SC,"Urubici, SC","Urubici, SC, Aguas Brancas",12,596,0.0,18,2452.59,2025-11,0.0,0.1057,0,30,0.0,529.17,18,2025-11-03,0.0,0.0,2452.59,crítico
SDN042,Bombinhas-Centro-casa-SUP-3Q,Carteira 6,SC,"Bombinhas, SC","Bombinhas, SC, Centro",9,359,6301.23,39,3503.7,2025-11,0.9524,0.27,20,30,469.7,,0,2025-11-03,1.8,4227.3,-2797.5299999999997,ok
SJS0003,Florianopolis-Ingleses_Centro-apartamento-JR-1Q,Carteira 1,SC,"Florianópolis, SC","Florianópolis, SC, Ingleses do Rio Vermelho",0,306,1968.35,12,2557.7,2025-11,0.6333,0.4207,19,30,140.35,174.83,12,2025-11-03,0.77,0.0,589.3499999999999,atenção
SWR1502,Goiania-Central-2-apartamento-TOP-2Q,Carteira 1_sys-price,GO,"Goiânia, GO","Goiânia, GO, Setor Oeste",1,116,4527.15,11,2237.5,2025-11,0.5862,0.2929,17,30,303.59,299.83,12,2025-11-03,2.02,303.59,-2289.6499999999996,meta_subestimada
TPS101,Florianopolis-Canasvieiras_Meio-apartamento-TOP-1Q,Carteira 1,SC,"Florianópolis, SC","Florianópolis, SC, Canasvieiras",0,1017,533.41,24,3347.91,2025-11,0.1,0.437,3,30,225.0,243.0,25,2025-11-03,0.16,0.0,2814.5,crítico
ATP0006,Porto_Seguro-Pitinga-casa-SUP-4Q,Carteira 2,BA,"Porto Seguro, BA","Porto Seguro, BA, Arraial dAjuda",2,339,1679.85,10,3094.67,2025-11,0.1071,0.1947,3,30,700.0,479.14,22,2025-11-03,0.54,1400.0,1414.8200000000002,atenção
BCA1409,Salvador-Ondina_Rio_Vermelho-apartamento-TOP-1Q,Carteira 2,BA,"Salvador, BA","Salvador, BA, Ondina",3,327,5876.15,33,2946.51,2025-11,0.8519,0.4139,23,30,316.57,277.25,4,2025-11-03,1.99,949.71,-2929.6399999999994,ok
BFT3207,Goiania-Leste-apartamento-SUP-1Q,Carteira 1_sys-price,GO,"Goiânia, GO","Goiânia, GO, Jardim Goiás",0,772,1064.24,57,1049.75,2025-11,0.2667,0.2168,8,30,161.5,151.4,20,2025-11-03,1.01,0.0,-14.490000000000009,berlinda
BVA0303,Sao_Paulo-Republica-apartamento-SUP-2Q,Carteira 4,SP,"São Paulo, SP",Sao_Paulo-Republica,0,57,5087.49,46,4134.61,2025-11,0.8333,0.6464,25,30,262.96,267.6,5,2025-11-03,1.23,0.0,-952.8800000000001,ok
CET2001,Balneario_Camboriu-Centro-apartamento-SUP-4Q,Carteira 6,SC,"Balneário Camboriú, SC","Balneário Camboriú, SC, Barra Sul",5,9,2653.76,18,5966.27,2025-11,0.48,0.406,12,30,210.5,408.13,8,2025-11-03,0.44,1052.5,3312.51,crítico
CGF135,Sao_Paulo-Republica-apartamento-TOP-1Q,Carteira 4,SP,"São Paulo, SP","São Paulo, SP, Bela Vista",0,575,2627.56,101,3885.21,2025-11,0.4,0.5013,12,30,213.36,198.25,16,2025-11-03,0.68,0.0,1257.65,atenção
CNA014,Especial-CNA-casa-MASTER-1Q,Especial,SP,"Campos do Jordão, SP","Campos do Jordão, SP, Jardim Europa",0,1016,8460.0,25,6397.17,2025-11,0.4333,0.3129,13,30,641.47,632.33,15,2025-11-03,1.32,0.0,-2062.83,ok
COS0034,Curitiba-Jardim_Botanico-apartamento-JR-3Q,Carteira 4,PR,"Curitiba, PR","Curitiba, PR, Cristo Rei",11,15,2916.22,7,3712.95,2025-11,0.7895,0.6082,15,30,227.67,257.5,4,2025-11-03,0.79,2504.37,796.73,atenção
CPJ504,Florianopolis-Jurere_Internacional-apartamento-SUP-2Q,Carteira 1,SC,"Florianópolis, SC","Florianópolis, SC, Jurerê Internacional",0,201,6515.17,21,5215.16,2025-11,0.7,0.4091,21,30,367.1,294.0,7,2025-11-03,1.25,0.0,-1300.0100000000002,ok
CRI0301,Florianopolis-Ribeirao-apartamento-TOP-1Q,Carteira 4,SC,"Florianópolis, SC","Florianópolis, SC, Ribeirão da Ilha",0,527,1237.11,32,1923.63,2025-11,0.2333,0.3032,7,30,207.45,237.38,16,2025-11-03,0.64,0.0,686.5200000000002,atenção
CTB2405,Sao_Paulo-Brooklin-apartamento-SUP-1Q,Carteira 4,SP,"São Paulo, SP","São Paulo, SP, Vila Cordeiro",0,100,6079.95,150,3109.53,2025-11,0.8667,0.4567,26,30,296.85,270.25,4,2025-11-03,1.96,0.0,-2970.4199999999996,ok
ERZ0502,Balneario_Camboriu-Intermediario-apartamento-SUP-2Q,Carteira 6,SC,"Balneário Camboriú, SC","Balneário Camboriú, SC, Centro",0,625,3024.01,55,2596.14,2025-11,0.3667,0.2766,11,30,336.27,276.11,18,2025-11-03,1.16,0.0,-427.87000000000035,ok
ILC1506,Especial-ILC-hotel-TOP-1Q,Especial,SC,"Florianópolis, SC","Florianópolis, SC, Jurerê Internacional",0,456,15620.82,28,10075.49,2025-11,0.7667,0.5987,23,30,792.96,714.71,7,2025-11-03,1.55,0.0,-5545.33,ok
JAS0002,Florianopolis-Lagoa-apartamento-JR-1Q,Carteira 1,SC,"Florianópolis, SC","Florianópolis, SC, Lagoa da Conceição",0,165,746.17,20,2749.43,2025-11,0.2667,0.3876,8,30,117.13,177.63,19,2025-11-03,0.27,0.0,2003.2599999999998,crítico
JRE1223,Porto_Alegre-Cidade_Baixa-apartamento-SUP-1Q,Carteira 4,RS,"Porto Alegre, RS","Porto Alegre, RS, Centro Histórico",2,292,1490.71,37,1660.9,2025-11,0.3214,0.3217,9,30,181.67,195.21,19,2025-11-03,0.9,363.34,170.19000000000005,berlinda
JVV303,Florianopolis-Itacorubi-apartamento-SUP-1Q,Carteira 4,SC,"Florianópolis, SC","Florianópolis, SC, Itacorubi",2,590,3318.15,11,2504.66,2025-11,0.8571,0.3919,24,30,243.79,151.67,3,2025-11-03,1.32,487.58,-813.4900000000002,ok
LIV1705,Salvador-Graca-apartamento-SUP-1Q,Especial,BA,"Salvador, BA","Salvador, BA, Vitória",0,121,4684.92,36,2379.95,2025-11,0.8,0.3983,24,30,275.83,223.33,6,2025-11-03,1.97,0.0,-2304.9700000000003,ok
MHE003,Florianopolis-Cachoeira_Bom_Jesus-apartamento-MASTER-2Q,Carteira 1,SC,"Florianópolis, SC","Florianópolis, SC, Cachoeira do Bom Jesus",13,1132,6358.72,11,7630.28,2025-11,0.5882,0.453,10,30,728.8,433.57,7,2025-11-03,0.83,9474.4,1271.5599999999995,berlinda
MHFA0905,Itapema-Canto_Praia-apartamento-SUP-1Q,Carteira 5,SC,"Itapema, SC","Itapema, SC, Centro",3,472,1661.15,9,2579.11,2025-11,0.2963,0.2266,8,30,234.88,183.17,18,2025-11-03,0.64,704.64,917.96,atenção
MHFB1607,Itapema-Canto_Praia-apartamento-SUP-1Q,Carteira 5,SC,"Itapema, SC","Itapema, SC, Centro",0,393,1397.64,9,2579.11,2025-11,0.2667,0.2266,8,30,209.25,173.35,20,2025-11-03,0.54,0.0,1181.47,atenção
NWT0908,Especial-NWT-apartamento-TOP-1Q,Carteira 5,AL,"Maceió, AL","Maceió, AL, Pajuçara",0,221,6094.31,35,4545.08,2025-11,0.8667,0.472,26,30,297.42,302.25,4,2025-11-03,1.34,0.0,-1549.2300000000005,ok
NWT1020,Especial-NWT-apartamento-TOP-1Q,Carteira 5,AL,"Maceió, AL","Maceió, AL, Pajuçara",1,180,2162.43,35,4545.08,2025-11,0.3103,0.472,9,30,297.44,288.47,17,2025-11-03,0.48,297.44,2382.65,crítico
PSOB1102,Penha-Beto_Carrero-apartamento-SUP-1Q,Carteira 3,SC,"Penha, SC","Penha, SC, Praia de Armação do Itapocoroi",0,129,1867.77,12,1751.85,2025-11,0.3,0.2595,9,30,217.13,185.95,21,2025-11-03,1.07,0.0,-115.92000000000007,berlinda
RIT0201,Florianopolis-Praia_Brava-apartamento-TOP-3Q,Carteira 1,SC,"Florianópolis, SC","Florianópolis, SC, Praia Brava",6,257,7363.29,15,7458.34,2025-11,0.5417,0.3581,13,30,721.69,522.25,8,2025-11-03,0.99,4330.14,95.05000000000018,berlinda
RTG101,Florianopolis-Ingleses_Norte-apartamento-TOP-2Q,Carteira 1,SC,"Florianópolis, SC","Florianópolis, SC, Ingleses do Rio Vermelho",0,1173,2176.16,17,3036.54,2025-11,0.3,0.3235,9,30,328.56,317.61,18,2025-11-03,0.72,0.0,860.3800000000001,atenção
RTO0502,Itapema-Praia_Itapema-apartamento-SUP-4Q,Carteira 6,SC,"Itapema, SC","Itapema, SC, Andorinha",5,500,5933.74,25,4379.63,2025-11,0.72,0.2664,18,30,462.61,182.57,7,2025-11-03,1.35,2313.05,-1554.1099999999997,ok
SDR001,Florianopolis-Lagoa-apartamento-SUP-1Q,Carteira 1,SC,"Florianópolis, SC","Florianópolis, SC, Lagoa da Conceição",0,1569,2197.8,23,2256.32,2025-11,0.5,0.4355,15,30,188.33,228.47,15,2025-11-03,0.97,0.0,58.51999999999998,berlinda
SLV0011,Goiania-Universitario-apartamento-SUP-1Q,Carteira 1_sys-price,GO,"Goiânia, GO","Goiânia, GO, Setor Leste Vila Nova",0,323,225.28,45,735.78,2025-11,0.0667,0.1877,2,30,134.0,179.23,26,2025-11-03,0.31,0.0,510.5,crítico
TPS0308,Florianopolis-Canasvieiras_Meio-apartamento-TOP-1Q,Carteira 1,SC,"Florianópolis, SC","Florianópolis, SC, Canasvieiras",0,151,1933.19,24,3347.91,2025-11,0.3,0.437,9,30,260.0,286.58,19,2025-11-03,0.58,0.0,1414.7199999999998,atenção
TXP1004,Goiania-Central-apartamento-SUP-1Q,Carteira 1_sys-price,GO,"Goiânia, GO","Goiânia, GO, Setor Bueno",0,221,2200.27,127,604.39,2025-11,0.5667,0.1935,17,30,158.94,169.09,11,2025-11-03,3.64,0.0,-1595.88,meta_subestimada
VRL0002,Camaçari-Itacimirim-apartamento-JR-2Q,Carteira 2,BA,"Camaçari, BA","Camaçari, BA, Centro",0,379,0.0,21,3114.4,2025-11,0.0,0.344,0,30,0.0,181.78,27,2025-11-03,0.0,0.0,3114.4,crítico
VST025,Especial-VST-casa-TOP-1Q,Carteira 5,SC,"Anitápolis, SC","Anitápolis, SC, Rio dos Pinheiros",1,199,4043.69,42,1530.85,2025-11,0.4138,0.1234,12,30,283.65,211.5,12,2025-11-03,2.64,283.65,-2512.84,meta_subestimada
ALU0123,Sao_Paulo-Liberdade-apartamento-JR-2Q,Carteira 4,SP,"São Paulo, SP","São Paulo, SP, Cambuci",25,362,0.0,13,2421.28,2025-11,0.0,0.5014,0,30,0.0,208.4,5,2025-11-03,0.0,0.0,2421.28,crítico
DPR0006,Balneario_Camboriu-Sul-apartamento-JR-1Q,Carteira 6,SC,"Balneário Camboriú, SC","Balneário Camboriú, SC, Barra",0,235,1209.75,28,1817.54,2025-11,0.3667,0.3751,11,30,127.36,119.95,19,2025-11-03,0.67,0.0,607.79,atenção
EPK0903,Guara-Geral-apartamento-MASTER-2Q,Especial,DF,"Brasília, DF","Brasília, DF, Zona Indistrial",0,179,5786.5,10,1970.83,2025-11,0.6333,0.2701,19,30,376.48,411.0,9,2025-11-03,2.94,0.0,-3815.67,meta_subestimada
ETY0024,Balneario_Camboriu-Centro-apartamento-SUP-3Q,Carteira 6,SC,"Balneário Camboriú, SC","Balneário Camboriú, SC, Centro",7,323,4540.42,71,3587.4,2025-11,0.7391,0.3532,17,30,324.88,170.5,4,2025-11-03,1.27,2274.16,-953.02,ok
IFT0903,Itapema-Meia_Praia-Norte-apartamento-TOP-1Q,Carteira 6,SC,"Itapema, SC","Itapema, SC, Meia Praia",0,4,2445.24,24,2714.64,2025-11,0.5667,0.2925,17,30,193.11,222.27,11,2025-11-03,0.9,0.0,269.4000000000001,berlinda
ILC2201,Especial-ILC-hotel-TOP-1Q,Especial,SC,"Florianópolis, SC","Florianópolis, SC, Jurerê Internacional",29,1492,863.65,28,10075.49,2025-11,1.0,0.5987,1,30,1026.0,,0,2025-11-03,0.09,29754.0,9211.84,crítico
ILC2415,Especial-ILC-hotel-TOP-1Q,Especial,SC,"Florianópolis, SC","Florianópolis, SC, Jurerê Internacional",2,827,9333.19,28,10075.49,2025-11,0.5714,0.5987,16,30,696.38,518.36,11,2025-11-03,0.93,1392.76,742.2999999999993,berlinda
JPR410,Especial-JPR-apartamento-TOP-3Q,Carteira 1,SC,"Florianópolis, SC","Florianópolis, SC, Jurerê",0,478,7414.53,14,9229.09,2025-11,0.5333,0.3777,16,30,565.94,513.23,13,2025-11-03,0.8,0.0,1814.5600000000004,berlinda
LUP0302,Barra_Velha-Itajuba-apartamento-SUP-3Q,Carteira 3,SC,"Barra Velha, SC","Barra Velha, SC, Itajubá",0,78,0.0,28,2237.99,2025-11,0.0,0.2155,0,30,0.0,215.11,27,2025-11-03,0.0,0.0,2237.99,crítico
MHF1804,Itapema-Canto_Praia-apartamento-TOP-1Q,Carteira 5,SC,"Itapema, SC","Itapema, SC, Centro",2,453,539.78,17,1245.76,2025-11,0.0714,0.3257,2,30,300.0,300.24,25,2025-11-03,0.43,600.0,705.98,crítico
MUT0036,Santa_Cruz_Cabralia-Coroa_Vermelha-apartamento-SUP-3Q,Carteira 2,BA,"Santa Cruz Cabrália, BA","Santa Cruz Cabrália, BA, Coroa Vermelha",2,444,1951.32,18,3160.73,2025-11,0.25,0.2503,7,30,388.57,258.94,18,2025-11-03,0.62,777.14,1209.41,atenção
NWTA0608,Especial-NWT-apartamento-MASTER-1Q,Carteira 5,AL,"Maceió, AL","Maceió, AL, Pajuçara",0,208,0.0,26,5361.2,2025-11,0.0,0.5855,0,30,0.0,418.89,27,2025-11-03,0.0,0.0,5361.2,crítico
PSO0306,Penha-Beto_Carrero-apartamento-SUP-1Q,Carteira 3,SC,"Penha, SC","Penha, SC, Praia de Armação do Itapocoroi",0,152,1809.21,12,1751.85,2025-11,0.3,0.2595,9,30,224.56,180.58,19,2025-11-03,1.03,0.0,-57.36000000000013,berlinda
PSOB1101,Penha-Beto_Carrero-apartamento-SUP-1Q,Carteira 3,SC,"Penha, SC","Penha, SC, Praia de Armação do Itapocoroi",0,116,2159.99,12,1751.85,2025-11,0.4,0.2595,12,30,206.25,201.2,15,2025-11-03,1.23,0.0,-408.1399999999999,ok
RDT1004,Balneario_Camboriu-Centro-apartamento-SUP-2Q,Carteira 6,SC,"Balneário Camboriú, SC","Balneário Camboriú, SC, Centro",2,52,3755.79,64,3923.17,2025-11,0.6786,0.3462,19,30,288.05,233.22,9,2025-11-03,0.96,576.1,167.3800000000001,berlinda
RHL0302,Florianopolis-Ingleses_Centro-apartamento-TOP-3Q,Carteira 1,SC,"Florianópolis, SC","Florianópolis, SC, Ingleses do Rio Vermelho",4,271,2172.69,42,5720.54,2025-11,0.3462,0.3375,9,30,297.78,323.29,17,2025-11-03,0.38,1191.12,3547.85,crítico
RUP0804,Blumenau-Central-apartamento-SUP-1Q,Carteira 4,SC,"Blumenau, SC","Blumenau, SC, Escola Agrícola",0,401,379.41,50,856.57,2025-11,0.1,0.1654,3,30,139.75,134.5,24,2025-11-03,0.44,0.0,477.16,crítico
SDR007,Florianopolis-Lagoa-apartamento-JR-1Q,Carteira 1,SC,"Florianópolis, SC","Florianópolis, SC, Lagoa da Conceição",0,1571,1746.57,20,2749.43,2025-11,0.4333,0.3876,13,30,153.08,139.0,17,2025-11-03,0.64,0.0,1002.8599999999999,atenção
SGA202,Florianopolis-Jurere_Longe-apartamento-JR-2Q,Carteira 1,SC,"Florianópolis, SC","Florianópolis, SC, Jurerê Internacional",29,1874,142.87,16,3417.68,2025-11,1.0,0.3152,1,30,185.0,,0,2025-11-03,0.04,5365.0,3274.81,crítico
TBS106,Florianopolis-Novo_Campeche-apartamento-MASTER-1Q,Carteira 1,SC,"Florianópolis, SC","Florianópolis, SC, Campeche",1,949,7483.69,48,6198.14,2025-11,0.6207,0.4467,18,30,517.56,464.09,11,2025-11-03,1.21,517.56,-1285.5499999999993,ok
TCO0612,Porto_Alegre-Centro_Historico-apartamento-SUP-1Q,Carteira 4,RS,"Porto Alegre, RS","Porto Alegre, RS, Centro Histórico",0,564,959.14,65,1297.34,2025-11,0.3,0.2842,9,30,120.0,124.2,20,2025-11-03,0.74,0.0,338.19999999999993,atenção
TXP0919,Goiania-Central-apartamento-TOP-2Q,Carteira 1_sys-price,GO,"Goiânia, GO","Goiânia, GO, Setor Bueno",0,211,2167.04,13,1668.15,2025-11,0.3,0.2333,9,30,298.44,314.05,20,2025-11-03,1.3,0.0,-498.8899999999999,ok
TXP1804,Goiania-Central-apartamento-SUP-1Q,Carteira 1_sys-price,GO,"Goiânia, GO","Goiânia, GO, Setor Bueno",0,772,1528.96,127,604.39,2025-11,0.3,0.1935,9,30,163.73,158.74,19,2025-11-03,2.53,0.0,-924.57,meta_subestimada
UPP0217,Curitiba-Centro-apartamento-JR-1Q,Carteira 4,PR,"Curitiba, PR","Curitiba, PR, Alto da XV",0,10,391.09,216,1613.6,2025-11,0.1,0.3993,3,30,134.67,155.96,26,2025-11-03,0.24,0.0,1222.51,crítico
VEC117,Bombinhas-Centro-apartamento-SUP-1Q,Carteira 6,SC,"Bombinhas, SC","Bombinhas, SC, Centro",0,535,4251.97,32,2844.7,2025-11,0.7333,0.4531,22,30,231.91,252.75,8,2025-11-03,1.49,0.0,-1407.2700000000004,ok
VFR504,Bombinhas-Bombas-apartamento-TOP-1Q,Especial,SC,"Bombinhas, SC","Bombinhas, SC, Bombas",0,754,4734.56,74,2670.76,2025-11,0.8333,0.3424,25,30,236.84,230.2,5,2025-11-03,1.77,0.0,-2063.8,ok
VPD0605,Florianopolis-Beira_Mar-apartamento-TOP-1Q,Carteira 4,SC,"Florianópolis, SC","Florianópolis, SC, Agronômica",0,200,3686.0,12,4501.17,2025-11,0.5333,0.4338,16,30,305.38,290.08,13,2025-11-03,0.82,0.0,815.1700000000001,berlinda
BLB1004,Salvador-Barra-apartamento-SUP-1Q,Carteira 2,BA,"Salvador, BA","Salvador, BA, Barra",0,355,2047.5,195,2712.93,2025-11,0.4,0.4447,12,30,222.83,255.22,18,2025-11-03,0.75,0.0,665.4299999999998,atenção
BLSA1655,Goiania-Central-apartamento-TOP-1Q,Carteira 1_sys-price,GO,"Goiânia, GO","Goiânia, GO, Setor Marista",0,687,968.72,45,1306.17,2025-11,0.2333,0.2068,7,30,163.57,181.55,22,2025-11-03,0.74,0.0,337.45000000000005,atenção
EEI0303,Barra_Velha-Itajuba-apartamento-SUP-2Q,Carteira 3,SC,"Barra Velha, SC","Barra Velha, SC, Itajubá",0,86,1335.92,12,1410.0,2025-11,0.2667,0.1484,8,30,230.25,189.11,19,2025-11-03,0.95,0.0,74.07999999999993,berlinda
ETD0101,Florianopolis-Ingleses_Centro-apartamento-JR-2Q,Carteira 1,SC,"Florianópolis, SC","Florianópolis, SC, Ingleses do Rio Vermelho",8,169,1038.97,17,1846.2,2025-11,0.3182,0.279,7,30,176.29,192.86,14,2025-11-03,0.56,1410.32,807.23,atenção
GET0706,Guara-Geral-apartamento-MASTER-2Q,Especial,DF,"Brasília, DF","Brasília, DF, Zona Industrial",0,88,4858.38,10,1970.83,2025-11,0.5,0.2701,15,30,387.47,415.93,15,2025-11-03,2.47,0.0,-2887.55,meta_subestimada
ITA0304,Salvador-Pituba-apartamento-TOP-1Q,Carteira 5,BA,"Salvador, BA","Salvador, BA, Pituba",0,150,4524.44,59,1984.46,2025-11,0.8333,0.3522,25,30,200.72,212.0,4,2025-11-03,2.28,0.0,-2539.9799999999996,meta_subestimada
MAL0105,Florianopolis-Santo_Antonio_de_Lisboa-apartamento-SUP-1Q,Carteira 1,SC,"Florianópolis, SC","Florianópolis, SC, Santo Antonio de Lisboa",0,108,2045.43,11,2504.66,2025-11,0.3,0.3919,9,30,265.11,250.22,18,2025-11-03,0.82,0.0,459.2299999999998,berlinda
MBR0108,Maceio-Jatiuca-apartamento-JR-2Q,Carteira 2,AL,"Maceió, AL","Maceió, AL, Ponta Verde",0,26,2856.62,27,3299.32,2025-11,0.7,0.487,21,30,184.1,187.33,9,2025-11-03,0.87,0.0,442.7000000000003,berlinda
MCB0706,Balneario_Picarras-Geral-apartamento-SUP-2Q,Carteira 6,SC,"Balneário Piçarras, SC","Balneário Piçarras, SC, Itacolomi",9,382,886.37,47,1274.96,2025-11,0.3333,0.1633,7,30,152.43,136.18,11,2025-11-03,0.7,1371.8700000000001,388.59000000000003,atenção
MDC202,Gramado-Geral-apartamento-JR-2Q,Carteira 4,RS,"Gramado, RS","Gramado, RS, Floresta",2,865,4712.84,44,3981.28,2025-11,0.6071,0.4212,17,30,369.0,351.64,11,2025-11-03,1.18,738.0,-731.56,ok
NWT0309,Especial-NWT-apartamento-TOP-1Q,Carteira 5,AL,"Maceió, AL","Maceió, AL, Pajuçara",0,347,4125.96,35,4545.08,2025-11,0.5,0.472,15,30,342.4,289.21,14,2025-11-03,0.91,0.0,419.1199999999999,berlinda
NWT0614,Especial-NWT-apartamento-TOP-1Q,Carteira 5,AL,"Maceió, AL","Maceió, AL, Pajuçara",0,211,5056.9,35,4545.08,2025-11,0.6,0.472,18,30,389.78,307.5,12,2025-11-03,1.11,0.0,-511.8199999999997,ok
NWT1009,Especial-NWT-apartamento-TOP-1Q,Carteira 5,AL,"Maceió, AL","Maceió, AL, Pajuçara",0,199,7808.75,35,4545.08,2025-11,0.8667,0.472,26,30,406.31,294.75,4,2025-11-03,1.72,0.0,-3263.67,ok
NWT1502,Especial-NWT-apartamento-TOP-1Q,Carteira 5,AL,"Maceió, AL","Maceió, AL, Pajuçara",0,185,6038.29,35,4545.08,2025-11,0.6,0.472,18,30,409.17,313.67,12,2025-11-03,1.33,0.0,-1493.21,ok
PSOA0407,Penha-Beto_Carrero-apartamento-SUP-1Q,Carteira 3,SC,"Penha, SC","Penha, SC, Praia de Armação do Itapocoroi",0,114,3106.44,12,1751.85,2025-11,0.5,0.2595,15,30,214.87,187.23,13,2025-11-03,1.77,0.0,-1354.5900000000001,ok
RIB0201,Imbituba-Ibiraquera-apartamento-JR-2Q,Carteira 6,SC,"Imbituba, SC","Imbituba, SC, Vila Esperanca",27,102,491.52,13,727.02,2025-11,1.0,0.2099,3,30,208.33,,0,2025-11-03,0.68,5624.910000000001,235.5,atenção
SJS0002,Florianopolis-Ingleses_Centro-apartamento-JR-1Q,Carteira 1,SC,"Florianópolis, SC","Florianópolis, SC, Ingleses do Rio Vermelho",0,373,805.68,12,2557.7,2025-11,0.2333,0.4207,7,30,162.29,149.38,21,2025-11-03,0.32,0.0,1752.02,crítico
SPT0505,Blumenau-Central-apartamento-JR-1Q,Carteira 4,SC,"Blumenau, SC","Blumenau, SC, Itoupava Seca",0,522,0.0,26,450.13,2025-11,0.0,0.1337,0,30,0.0,122.41,27,2025-11-03,0.0,0.0,450.13,crítico
BCA0211,Salvador-Ondina_Rio_Vermelho-apartamento-TOP-1Q,Carteira 2,BA,"Salvador, BA","Salvador, BA, Ondina",0,170,4152.42,33,2946.51,2025-11,0.6333,0.4139,19,30,279.16,254.55,11,2025-11-03,1.41,0.0,-1205.9099999999999,ok
BSO0102,Itajai-Praia_Brava-apartamento-SUP-1Q,Carteira 6,SC,"Balneário Camboriú, SC","Balneário Camboriú, SC, Praia dos Amores",0,198,2570.04,50,2244.64,2025-11,0.5333,0.3503,16,30,202.63,174.57,14,2025-11-03,1.14,0.0,-325.4000000000001,ok
CEO0104,Itapema-Meia_Praia-Norte-apartamento-JR-3Q,Carteira 6,SC,"Itapema, SC","Itapema, SC, Meia Praia",4,562,4780.82,13,2102.22,2025-11,0.8462,0.2755,22,30,341.36,301.67,3,2025-11-03,2.27,1365.44,-2678.6,meta_subestimada
CRJ0208,Aguas_Claras-Geral-apartamento-JR-1Q,Carteira 1,DF,"Brasília, DF","Brasília, DF, QS 9",0,1,0.0,77,1568.67,2025-11,0.0,0.4094,0,30,0.0,176.15,27,2025-11-03,0.0,0.0,1568.67,crítico
CSCD0013,Florianopolis-Ingleses_Norte-apartamento-SIM-1Q,Carteira 1,SC,"Florianópolis, SC","Florianópolis, SC, Ingleses do Rio Vermelho",0,1348,2448.63,22,1895.92,2025-11,0.5,0.299,15,30,193.27,158.73,15,2025-11-03,1.29,0.0,-552.71,ok
DLH0201,Gramado-Centro-apartamento-TOP-2Q,Carteira 4,RS,"Gramado, RS","Gramado, RS, Centro",1,396,11582.11,55,9753.75,2025-11,0.7241,0.6489,21,30,708.57,555.0,6,2025-11-03,1.19,708.57,-1828.3600000000006,ok
EEP1102,Guarapari-Centro-apartamento-SUP-1Q,Carteira 4,ES,"Guarapari, ES","Guarapari, ES, São Judas Tadeu",0,113,1732.99,33,1299.29,2025-11,0.4333,0.3381,13,30,165.0,169.2,15,2025-11-03,1.33,0.0,-433.70000000000005,ok
GUA1902,Balneario_Camboriu-Centro-apartamento-TOP-3Q,Carteira 6,SC,"Balneário Camboriú, SC","Balneário Camboriú, SC, Centro",12,54,4137.11,40,5438.41,2025-11,0.6111,0.3927,11,30,464.64,440.0,6,2025-11-03,0.76,5575.68,1301.3000000000002,atenção
LEC0107,Brasilia-Asa_Sul-apartamento-SUP-1Q,Carteira 1,DF,"Brasília, DF","Brasília, DF, Setor Sudoeste",23,142,434.82,122,2966.5,2025-11,0.2857,0.5646,2,30,210.0,198.75,4,2025-11-03,0.15,4830.0,2531.68,crítico
LFH0306,Blumenau-Central-apartamento-JR-1Q,Carteira 4,SC,"Blumenau, SC","Blumenau, SC, Escola Agrícola",0,68,595.95,26,450.13,2025-11,0.2333,0.1337,7,30,106.22,116.86,21,2025-11-03,1.32,0.0,-145.82000000000005,ok
NLUG0001,São_Miguel_dos_Milagres-Geral-casa-TOP-3Q,Carteira 2,AL,"Passo de Camaragibe, AL","Passo de Camaragibe, AL, Praia do Marceneiro",2,274,6756.99,19,6910.07,2025-11,0.3929,0.4252,11,30,692.27,3200.0,17,2025-11-03,0.98,1384.54,153.07999999999993,berlinda
NWT0913,Especial-NWT-apartamento-TOP-1Q,Carteira 5,AL,"Maceió, AL","Maceió, AL, Pajuçara",0,214,3714.6,35,4545.08,2025-11,0.5,0.472,15,30,331.4,285.33,12,2025-11-03,0.82,0.0,830.48,berlinda
NWT0917,Especial-NWT-apartamento-TOP-1Q,Carteira 5,AL,"Maceió, AL","Maceió, AL, Pajuçara",0,221,3496.36,35,4545.08,2025-11,0.4667,0.472,14,30,284.21,264.38,16,2025-11-03,0.77,0.0,1048.7199999999998,atenção
PNM0202,Florianopolis-Jurere_Internacional-apartamento-SUP-1Q,Carteira 1,SC,"Florianópolis, SC","Florianópolis, SC, Jurerê Internacional",0,282,4894.44,19,3153.33,2025-11,0.6,0.2948,18,30,345.5,318.08,12,2025-11-03,1.55,0.0,-1741.1099999999997,ok
RMI201,Florianopolis-Ingleses_Praia-apartamento-SUP-1Q,Carteira 1,SC,"Florianópolis, SC","Florianópolis, SC, Ingleses Norte",0,1178,3553.09,34,3392.97,2025-11,0.5333,0.4251,16,30,266.09,287.47,19,2025-11-03,1.05,0.0,-160.12000000000035,berlinda
SJE0103,Florianopolis-Canajure-apartamento-SUP-1Q,Carteira 1,SC,"Florianópolis, SC","Florianópolis, SC, Canasvieiras",0,375,2930.84,29,2919.75,2025-11,0.5667,0.4078,17,30,198.18,246.31,13,2025-11-03,1.0,0.0,-11.090000000000146,berlinda
SPT0301,Blumenau-Central-apartamento-JR-1Q,Carteira 4,SC,"Blumenau, SC","Blumenau, SC, Itoupava Seca",0,534,0.0,26,450.13,2025-11,0.0,0.1337,0,30,0.0,122.41,27,2025-11-03,0.0,0.0,450.13,crítico
TAH0602,Itapema-Meia_Praia-Norte-apartamento-JR-3Q,Carteira 6,SC,"Itapema, SC","Itapema, SC, Meia Praia",4,163,2945.17,13,2102.22,2025-11,0.5769,0.2755,15,30,241.13,191.64,11,2025-11-03,1.4,964.52,-842.9500000000003,ok
VGC0005,Mata_de_Sao_Joao-Praia_do_Forte_Longe-apartamento-JR-1Q,Carteira 2,BA,"Mata de São João, BA","Mata de São João, BA, Praia do Forte",0,318,699.56,55,2481.79,2025-11,0.1333,0.2803,4,30,213.75,179.44,25,2025-11-03,0.28,0.0,1782.23,crítico
VTL0302,Ilheus-Sul-apartamento-SUP-2Q,Carteira 2,BA,"Ilhéus, BA","Ilhéus, BA, Nossa Senhora da Vitória",0,330,513.46,30,1557.2,2025-11,0.1333,0.2303,4,30,153.25,151.21,24,2025-11-03,0.33,0.0,1043.74,crítico
AAR0203,Florianopolis-Campeche_Praia-apartamento-SUP-1Q,Carteira 1,SC,"Florianópolis, SC","Florianópolis, SC, Campeche",0,72,1502.12,52,4245.8,2025-11,0.2667,0.447,8,30,236.13,254.05,22,2025-11-03,0.35,0.0,2743.6800000000003,crítico
BCL402,Ilheus-Pontal-apartamento-TOP-1Q,Carteira 2,BA,"Ilhéus, BA","Ilhéus, BA, Pontal",0,661,1616.61,34,1705.22,2025-11,0.3,0.2229,9,30,209.0,182.11,18,2025-11-03,0.95,0.0,88.61000000000013,berlinda
BSO0204,Itajai-Praia_Brava-apartamento-SUP-1Q,Carteira 6,SC,"Balneário Camboriú, SC","Balneário Camboriú, SC, Praia dos Amores",0,198,2926.13,50,2244.64,2025-11,0.6667,0.3503,20,30,181.9,172.1,10,2025-11-03,1.3,0.0,-681.4900000000002,ok
CRM0201,Florianopolis-Canto_da_Lagoa-apartamento-SUP-2Q,Carteira 1,SC,"Florianópolis, SC","Florianópolis, SC, Canto da Lagoa",0,229,3694.62,15,3406.37,2025-11,0.5333,0.344,16,30,298.25,292.23,13,2025-11-03,1.08,0.0,-288.25,berlinda
EAA805,Maceio-Jatiuca-apartamento-SUP-1Q,Carteira 2,AL,"Maceió, AL","Maceió, AL, Ponta Verde",0,586,1864.32,89,2851.62,2025-11,0.4,0.5075,12,30,174.33,163.12,17,2025-11-03,0.65,0.0,987.3,atenção
EDN1001,Balneario_Camboriu-Intermediario-apartamento-SUP-2Q,Carteira 6,SC,"Balneário Camboriú, SC","Balneário Camboriú, SC, Centro",0,134,3215.43,55,2596.14,2025-11,0.5333,0.2766,16,30,252.88,233.5,14,2025-11-03,1.24,0.0,-619.29,ok
FFS1508,Itapema-Meia_Praia-Sul-apartamento-SUP-1Q,Carteira 6,SC,"Itapema, SC","Itapema, SC, Meia Praia",1,10,2225.68,13,2800.53,2025-11,0.6207,0.4325,18,30,169.0,182.7,10,2025-11-03,0.79,169.0,574.8500000000004,atenção
GSS0488,Florianopolis-Santo_Antonio_de_Lisboa-casa-SUP-3Q,Carteira 1,SC,"Florianópolis, SC","Florianópolis, SC, Sambaqui",4,75,2648.8,8,4924.65,2025-11,0.4615,0.2561,12,30,278.0,397.46,13,2025-11-03,0.54,1112.0,2275.8499999999995,atenção
IAA1004,Recife-Boa_Viagem-apartamento-TOP-1Q,Carteira 2,PE,"Recife, PE","Recife, PE, Boa Viagem",0,598,3313.41,41,3221.46,2025-11,0.6,0.3848,18,30,221.17,248.0,12,2025-11-03,1.03,0.0,-91.94999999999982,berlinda
ILC2413,Especial-ILC-hotel-JR-1Q,Especial,SC,"Florianópolis, SC","Florianópolis, SC, Jurerê Internacional",13,1139,6049.77,16,7488.19,2025-11,0.7647,0.4706,13,30,557.46,462.33,3,2025-11-03,0.81,7246.9800000000005,1438.4199999999992,berlinda
MCP0213,Porto_Alegre-PUC_RS-apartamento-SUP-1Q,Carteira 4,RS,"Porto Alegre, RS","Porto Alegre, RS, Jardim do Salso",0,23,653.52,16,1000.02,2025-11,0.2,0.2054,6,30,148.33,143.58,24,2025-11-03,0.65,0.0,346.5,atenção
NWT0901,Especial-NWT-apartamento-TOP-1Q,Carteira 5,AL,"Maceió, AL","Maceió, AL, Pajuçara",0,222,0.0,35,4545.08,2025-11,0.0,0.472,0,30,0.0,400.0,27,2025-11-03,0.0,0.0,4545.08,crítico
PLA0311,Curitiba-Boa_Vista-apartamento-SUP-1Q,Carteira 4,PR,"Curitiba, PR","Curitiba, PR, Boa Vista",5,2,2365.2,24,1637.01,2025-11,0.8,0.4062,20,30,159.8,188.4,5,2025-11-03,1.44,799.0,-728.1899999999998,ok
PSO0411,Penha-Beto_Carrero-apartamento-SUP-1Q,Carteira 3,SC,"Penha, SC","Penha, SC, Praia de Armação do Itapocoroi",0,121,5308.29,12,1751.85,2025-11,0.8667,0.2595,26,30,261.65,161.33,3,2025-11-03,3.03,0.0,-3556.44,meta_subestimada
RDS002,Campos_do_Jordao-Vila_Natal-casa-JR-1Q,Carteira 4,SP,"Campos do Jordão, SP","Campos do Jordão, SP, Vila Natal",2,631,0.0,17,2486.65,2025-11,0.0,0.1736,0,30,0.0,199.78,27,2025-11-03,0.0,0.0,2486.65,crítico
TPS307,Florianopolis-Canasvieiras_Meio-apartamento-TOP-1Q,Carteira 1,SC,"Florianópolis, SC","Florianópolis, SC, Canasvieiras",0,1030,2477.05,24,3347.91,2025-11,0.5,0.437,15,30,223.67,320.67,15,2025-11-03,0.74,0.0,870.8599999999997,atenção
VLE007,Bombinhas-Mariscal-apartamento-JR-1Q,Carteira 6,SC,"Bombinhas, SC","Bombinhas, SC, mariscal",0,1494,0.0,18,1392.89,2025-11,0.0,0.2599,0,30,0.0,204.59,27,2025-11-03,0.0,0.0,1392.89,crítico
ABY40012,Sao_Paulo-Pompeia-apartamento-SUP-1Q,Carteira 4,SP,"São Paulo, SP","São Paulo, SP, Perdizes",0,31,2174.78,59,1892.48,2025-11,0.4,0.2605,12,30,217.17,204.53,17,2025-11-03,1.15,0.0,-282.3000000000002,ok
BSR0203,Ilheus-Sul-apartamento-SUP-1Q,Carteira 2,BA,"Ilhéus, BA","Ilhéus, BA, Nossa Senhora da Vitória",2,249,955.8,19,1810.25,2025-11,0.3571,0.2068,10,30,129.6,138.56,18,2025-11-03,0.53,259.2,854.45,atenção
CAR0106,Itajai-Centro-apartamento-JR-1Q,Carteira 6,SC,"Itajaí, SC","Itajaí, SC, Centro",0,110,3941.46,9,1373.26,2025-11,0.9,0.2242,27,30,204.0,184.5,2,2025-11-03,2.87,0.0,-2568.2,meta_subestimada
CLE1202,Porto_Belo-Geral-apartamento-TOP-3Q,Carteira 6,SC,"Porto Belo, SC","Porto Belo, SC, Perequê",0,431,5680.61,11,3557.72,2025-11,0.8333,0.2217,25,30,303.84,278.8,5,2025-11-03,1.6,0.0,-2122.89,ok
CNB002,Especial-CNB-casa-TOP-1Q,Especial,SP,"Campos do Jordão, SP","Campos do Jordão, SP, Jardim Europa",0,598,6752.78,14,3701.03,2025-11,0.3,0.3298,9,30,637.92,539.06,17,2025-11-03,1.82,0.0,-3051.7499999999995,ok
ETHA604,Caldas_Novas-Geral-apartamento-JR-3Q,Carteira 3,GO,"Caldas Novas, GO","Caldas Novas, GO, Bandeirantes",0,759,3064.4,39,1986.88,2025-11,0.3,0.2148,9,30,366.67,204.86,21,2025-11-03,1.54,0.0,-1077.52,ok
IPT0141,Balneario_Camboriu-Centro-apartamento-TOP-2Q,Carteira 6,SC,"Balneário Camboriú, SC","Balneário Camboriú, SC, Centro",3,453,4136.11,26,4832.67,2025-11,0.5926,0.3826,16,30,289.94,308.5,14,2025-11-03,0.86,869.8199999999999,696.5600000000004,berlinda
LBO203,Porto_Alegre-Auxiliadora-apartamento-TOP-1Q,Carteira 4,RS,"Porto Alegre, RS","Porto Alegre, RS, Mont Serrat",6,474,1473.87,28,2317.7,2025-11,0.375,0.369,9,30,200.0,222.07,14,2025-11-03,0.64,1200.0,843.8299999999999,atenção
LIV0810,Salvador-Graca-apartamento-TOP-1Q,Especial,BA,"Salvador, BA","Salvador, BA, Vitória",0,106,1997.65,10,3417.57,2025-11,0.3667,0.3374,11,30,247.27,210.94,18,2025-11-03,0.58,0.0,1419.92,atenção
MHF1808,Itapema-Canto_Praia-apartamento-TOP-2Q,Carteira 5,SC,"Itapema, SC","Itapema, SC, Centro",4,50,1668.32,10,2423.39,2025-11,0.2308,0.2478,6,30,326.67,302.72,18,2025-11-03,0.69,1306.68,755.0699999999999,atenção
NFE1544,Curitiba-Centro-apartamento-SUP-1Q,Carteira 4,PR,"Curitiba, PR","Curitiba, PR, Centro",0,185,2583.54,298,1815.18,2025-11,0.5333,0.3686,16,30,176.44,194.93,14,2025-11-03,1.42,0.0,-768.3599999999999,ok
NWT0707,Especial-NWT-apartamento-MASTER-1Q,Carteira 5,AL,"Maceió, AL","Maceió, AL, Pajuçara",0,186,9530.55,26,5361.2,2025-11,0.6667,0.5855,20,30,587.15,472.78,9,2025-11-03,1.78,0.0,-4169.349999999999,ok
OCB0901,Salvador-Barra-apartamento-TOP-1Q,Carteira 2,BA,"Salvador, BA","Salvador, BA, Barra",0,145,4636.5,130,4086.36,2025-11,0.6667,0.5172,20,30,292.6,224.9,10,2025-11-03,1.13,0.0,-550.1399999999999,ok
OKA213,Florianopolis-Campeche-apartamento-SUP-1Q,Carteira 1,SC,"Florianópolis, SC","Florianópolis, SC, Campeche",0,684,814.85,22,1969.86,2025-11,0.1667,0.3561,5,30,221.0,240.48,25,2025-11-03,0.41,0.0,1155.0099999999998,crítico
OKA224,Florianopolis-Campeche-apartamento-SUP-1Q,Carteira 1,SC,"Florianópolis, SC","Florianópolis, SC, Campeche",0,1058,3266.42,22,1969.86,2025-11,0.5333,0.3561,16,30,278.81,258.62,13,2025-11-03,1.66,0.0,-1296.5600000000002,ok
PRJ002,Imbituba-Praia_do_Rosa-casa-SIM-1Q,Carteira 6,SC,"Imbituba, SC","Imbituba, SC, Ibiraquera",0,1241,967.12,51,953.78,2025-11,0.3667,0.2278,11,30,0.0,92.59,27,2025-11-03,1.01,0.0,-13.340000000000032,berlinda
QSPB005,Pirenopolis-Geral-casa-JR-3Q,Carteira 4,GO,"Pirenópolis, GO","Pirenópolis, GO, Vila João Figueredo",0,757,0.0,16,3165.5,2025-11,0.0,0.1422,0,30,0.0,350.41,27,2025-11-03,0.0,0.0,3165.5,crítico
RFM0007,Santa_Cruz_Cabralia-Coroa_Vermelha-apartamento-SUP-2Q,Carteira 2,BA,"Santa Cruz Cabrália, BA","Santa Cruz Cabrália, BA, Coroa Vermelha",0,276,0.0,34,2500.7,2025-11,0.0,0.2968,0,30,0.0,165.11,27,2025-11-03,0.0,0.0,2500.7,crítico
RSA025,Florianopolis-Canasvieiras_Perto-apartamento-JR-1Q,Carteira 1,SC,"Florianópolis, SC","Florianópolis, SC, Canasvieiras",0,208,1593.7,42,1971.66,2025-11,0.3,0.3351,9,30,198.78,179.3,20,2025-11-03,0.81,0.0,377.96000000000004,berlinda
RUC0001,Bombinhas-Mariscal-casa-JR-2Q,Carteira 6,SC,"Bombinhas, SC","Bombinhas, SC, Canto Grande",0,332,3020.79,15,1839.44,2025-11,0.7667,0.3028,23,30,160.48,199.0,5,2025-11-03,1.64,0.0,-1181.35,ok
SLC0102,Florianopolis-Rio_Vermelho-apartamento-JR-1Q,Carteira 1,SC,"Florianópolis, SC","Florianópolis, SC, Ingleses do Rio Vermelho",0,264,152.92,13,2546.02,2025-11,0.0667,0.4009,2,30,93.0,116.44,27,2025-11-03,0.06,0.0,2393.1,crítico
SPJ0101,Especial-SPJ-apartamento-TOP-1Q,Carteira 5,SC,"Florianópolis, SC","Florianópolis, SC, Jurerê",0,211,4939.0,19,5610.79,2025-11,0.6667,0.5559,20,30,328.15,241.3,10,2025-11-03,0.88,0.0,671.79,berlinda
SPJ0301,Especial-SPJ-apartamento-TOP-1Q,Carteira 5,SC,"Florianópolis, SC","Florianópolis, SC, Jurerê",0,518,5685.95,19,5610.79,2025-11,0.7,0.5559,21,30,335.33,253.33,9,2025-11-03,1.01,0.0,-75.15999999999985,berlinda
SRL002,Balneario_Camboriu-Centro-apartamento-SIM-2Q,Carteira 6,SC,"Balneário Camboriú, SC","Balneário Camboriú, SC, Centro",0,614,116.02,46,1837.01,2025-11,0.0333,0.3229,1,30,127.0,160.93,27,2025-11-03,0.06,0.0,1720.99,crítico
TPS202,Florianopolis-Canasvieiras_Meio-apartamento-TOP-1Q,Carteira 1,SC,"Florianópolis, SC","Florianópolis, SC, Canasvieiras",0,837,1465.74,24,3347.91,2025-11,0.3,0.437,9,30,204.56,280.05,19,2025-11-03,0.44,0.0,1882.1699999999998,crítico
BBH1003,Balneario_Picarras-Geral-apartamento-TOP-2Q,Carteira 6,SC,"Balneário Piçarras, SC","Balneário Piçarras, SC, Itacolomi",0,409,5363.92,32,2108.3,2025-11,0.8,0.2801,24,30,308.42,151.2,5,2025-11-03,2.54,0.0,-3255.62,meta_subestimada
BHE0405,Brasilia-Setor_Hoteleiro-apartamento-SUP-1Q,Carteira 1,DF,"Brasília, DF","Brasília, DF, Asa Sul",0,39,4413.27,147,4038.01,2025-11,0.6,0.5091,18,30,556.17,280.67,12,2025-11-03,1.09,0.0,-375.2600000000002,berlinda
BOU0101,Florianopolis-Canasvieiras_Meio-apartamento-SIM-1Q,Carteira 1,SC,"Florianópolis, SC","Florianópolis, SC, Canasvieiras",1,444,1965.14,30,1537.74,2025-11,0.6207,0.3118,18,30,172.22,169.7,10,2025-11-03,1.28,172.22,-427.4000000000001,ok
ELF0403,Bombinhas-Bombas-apartamento-SUP-1Q,Especial,SC,"Bombinhas, SC","Bombinhas, SC, José Amândio",1,185,4243.76,42,2313.9,2025-11,0.7931,0.3861,23,30,196.72,246.25,4,2025-11-03,1.83,196.72,-1929.8600000000001,ok
ELF0609,Bombinhas-Bombas-apartamento-SUP-1Q,Especial,SC,"Bombinhas, SC","Bombinhas, SC, José Amândio",21,156,628.89,42,2313.9,2025-11,0.5556,0.3861,5,30,138.4,151.5,4,2025-11-03,0.27,2906.4,1685.0100000000002,crítico
ESN0505,Salvador-Ondina_Rio_Vermelho-apartamento-TOP-1Q,Carteira 2,BA,"Salvador, BA","Salvador, BA, Rio Vermelho",0,229,5414.04,33,2946.51,2025-11,0.5,0.4139,15,30,283.27,274.2,15,2025-11-03,1.84,0.0,-2467.5299999999997,ok
ESR1912,Curitiba-Batel-apartamento-TOP-1Q,Carteira 4,PR,"Curitiba, PR","Curitiba, PR, Centro",0,656,3835.79,26,2434.4,2025-11,0.5667,0.2996,17,30,283.82,341.5,12,2025-11-03,1.58,0.0,-1401.3899999999999,ok
ETL2702,Balneario_Camboriu-Norte-apartamento-MASTER-4Q,Carteira 6,SC,"Balneário Camboriú, SC","Balneário Camboriú, SC, Pioneiros",7,334,12535.52,15,10242.5,2025-11,0.7391,0.2592,17,30,1044.53,961.6,5,2025-11-03,1.22,7311.71,-2293.0200000000004,ok
GDP0010,Brasilia-Asa_Sul-apartamento-JR-1Q,Carteira 1,DF,"Brasília, DF","Brasília, DF, Asa Sul",0,190,1603.83,196,2430.69,2025-11,0.3667,0.4956,11,30,207.44,219.14,21,2025-11-03,0.66,0.0,826.8600000000001,atenção
IFT1304,Itapema-Meia_Praia-Norte-apartamento-TOP-1Q,Carteira 6,SC,"Itapema, SC","Itapema, SC, Meia Praia",0,248,2603.49,24,2714.64,2025-11,0.4333,0.2925,13,30,242.62,224.07,15,2025-11-03,0.96,0.0,111.15000000000009,berlinda
IHD0101,Florianopolis-Jurere_Longe-apartamento-TOP-2Q,Carteira 1,SC,"Florianópolis, SC","Florianópolis, SC, Jurerê Internacional",0,39,6225.8,16,7660.43,2025-11,0.5,0.5285,15,30,476.67,481.67,15,2025-11-03,0.81,0.0,1434.63,berlinda
JCS0004,Penha-Longe-casa-SUP-1Q,Carteira 6,SC,"Penha, SC","Penha, SC, Armação",0,326,2449.12,53,2116.82,2025-11,0.6333,0.3388,19,30,187.37,116.2,10,2025-11-03,1.16,0.0,-332.2999999999997,ok
MCG0006,Porto_Seguro-Pitinga-casa-JR-3Q,Carteira 2,BA,"Porto Seguro, BA","Porto Seguro, BA, Arraial DAjuda",12,330,0.0,10,6493.52,2025-11,0.0,0.2258,0,30,0.0,636.0,15,2025-11-03,0.0,0.0,6493.52,crítico
MHF0508,Itapema-Canto_Praia-apartamento-TOP-2Q,Carteira 5,SC,"Itapema, SC","Itapema, SC, Centro",3,388,3634.5,10,2423.39,2025-11,0.6296,0.2478,17,30,241.0,259.8,10,2025-11-03,1.5,723.0,-1211.1100000000001,ok
MRS0402,Bombinhas-Bombas-apartamento-SUP-3Q,Carteira 6,SC,"Bombinhas, SC","Bombinhas, SC, Bombas",29,3,0.0,17,2896.39,2025-11,0.0,0.3512,0,30,0.0,,0,2025-11-03,0.0,0.0,2896.39,crítico
NWT0603,Especial-NWT-apartamento-TOP-1Q,Carteira 5,AL,"Maceió, AL","Maceió, AL, Pajuçara",0,215,5153.06,35,4545.08,2025-11,0.6667,0.472,20,30,286.8,309.5,10,2025-11-03,1.13,0.0,-607.9800000000005,ok
NWT1001,Especial-NWT-apartamento-TOP-1Q,Carteira 5,AL,"Maceió, AL","Maceió, AL, Pajuçara",0,199,4892.71,35,4545.08,2025-11,0.5,0.472,15,30,397.2,299.92,13,2025-11-03,1.08,0.0,-347.6300000000001,berlinda
NWT1123,Especial-NWT-apartamento-TOP-1Q,Carteira 5,AL,"Maceió, AL","Maceió, AL, Pajuçara",0,121,4459.13,35,4545.08,2025-11,0.3667,0.472,11,30,301.06,287.91,11,2025-11-03,0.98,0.0,85.94999999999982,berlinda
OAG0507,Sao_Paulo-Pinheiros-apartamento-TOP-1Q,Carteira 4_sys-price,SP,"São Paulo, SP","São Paulo, SP, Cerqueira César",1,155,3754.79,267,4387.41,2025-11,0.4828,0.4901,14,30,330.0,243.69,13,2025-11-03,0.86,330.0,632.6199999999999,berlinda
PSO0601,Penha-Beto_Carrero-apartamento-SUP-1Q,Carteira 3,SC,"Penha, SC","Penha, SC, Praia de Armação do Itapocoroi",0,89,3706.63,12,1751.85,2025-11,0.6667,0.2595,20,30,214.45,178.8,10,2025-11-03,2.12,0.0,-1954.7800000000002,meta_subestimada
RFM0017,Santa_Cruz_Cabralia-Coroa_Vermelha-apartamento-SUP-2Q,Carteira 2,BA,"Santa Cruz Cabrália, BA","Santa Cruz Cabrália, BA, Coroa Vermelha",0,191,0.0,34,2500.7,2025-11,0.0,0.2968,0,30,0.0,165.11,27,2025-11-03,0.0,0.0,2500.7,crítico
SKL0905,Penha-Praia-apartamento-SUP-2Q,Carteira 6,SC,"Penha, SC","Penha, SC, Armação",0,52,3064.03,48,3553.4,2025-11,0.5333,0.3831,16,30,241.06,215.69,13,2025-11-03,0.86,0.0,489.3699999999999,berlinda
SKL1204,Penha-Praia-apartamento-SUP-2Q,Carteira 6,SC,"Penha, SC","Penha, SC, Armação",0,43,3717.05,48,3553.4,2025-11,0.5,0.3831,15,30,218.2,221.6,10,2025-11-03,1.05,0.0,-163.6500000000001,berlinda
SPJ0201,Especial-SPJ-apartamento-TOP-1Q,Carteira 5,SC,"Florianópolis, SC","Florianópolis, SC, Jurerê",0,516,6365.03,19,5610.79,2025-11,0.7667,0.5559,23,30,346.1,271.67,9,2025-11-03,1.13,0.0,-754.2399999999998,ok
SPJ0302,Especial-SPJ-apartamento-TOP-1Q,Carteira 5,SC,"Florianópolis, SC","Florianópolis, SC, Jurerê",0,518,5599.18,19,5610.79,2025-11,0.6333,0.5559,19,30,354.63,254.27,11,2025-11-03,1.0,0.0,11.609999999999673,berlinda
SPT0203,Blumenau-Central-apartamento-JR-1Q,Carteira 4,SC,"Blumenau, SC","Blumenau, SC, Itoupava Seca",0,543,0.0,26,450.13,2025-11,0.0,0.1337,0,30,0.0,122.41,27,2025-11-03,0.0,0.0,450.13,crítico
THK0502,Sao_Paulo-Republica-apartamento-SUP-1Q,Carteira 4,SP,"São Paulo, SP","São Paulo, SP, República",0,82,2467.06,443,2284.22,2025-11,0.5667,0.4426,17,30,176.47,154.31,13,2025-11-03,1.08,0.0,-182.84000000000015,berlinda
TPS210,Florianopolis-Canasvieiras_Meio-apartamento-TOP-1Q,Carteira 1,SC,"Florianópolis, SC","Florianópolis, SC, Canasvieiras",0,681,150.43,24,3347.91,2025-11,0.0333,0.437,1,30,179.0,236.67,27,2025-11-03,0.04,0.0,3197.48,crítico
TRS0005,Penha-Beto_Carrero-casa-JR-1Q,Carteira 3,SC,"Penha, SC","Penha, SC, Armação",0,164,878.28,26,1795.62,2025-11,0.3,0.42,9,30,116.22,124.35,20,2025-11-03,0.49,0.0,917.3399999999999,crítico
UPP0515,Curitiba-Centro-apartamento-JR-1Q,Carteira 4,PR,"Curitiba, PR","Curitiba, PR, Alto da XV",0,22,412.91,216,1613.6,2025-11,0.1,0.3993,3,30,147.0,155.96,26,2025-11-03,0.26,0.0,1200.6899999999998,crítico
VAC0601,Barra_Velha-Tabuleiro-apartamento-TOP-2Q,Carteira 3,SC,"Barra Velha, SC","Barra Velha, SC, Itajuba",23,159,1134.3,28,2237.99,2025-11,0.7143,0.2155,5,30,263.0,222.5,2,2025-11-03,0.51,6049.0,1103.6899999999998,atenção
VST032,Especial-VST-casa-TOP-1Q,Carteira 5,SC,"Anitápolis, SC","Anitápolis, SC, Rio dos Pinheiros",1,487,4063.02,42,1530.85,2025-11,0.6897,0.1234,20,30,284.86,188.14,7,2025-11-03,2.65,284.86,-2532.17,meta_subestimada
BLSA1956,Goiania-Central-apartamento-SUP-1Q,Carteira 1_sys-price,GO,"Goiânia, GO","Goiânia, GO, Setor Marista",1,15,987.4,127,604.39,2025-11,0.2759,0.1935,8,30,157.25,141.05,21,2025-11-03,1.63,157.25,-383.01,ok
CCS201,Florianopolis-Campeche_Praia-apartamento-SUP-1Q,Carteira 1,SC,"Florianópolis, SC","Florianópolis, SC, Campeche",1,1011,1399.03,52,4245.8,2025-11,0.2414,0.447,7,30,225.57,251.4,20,2025-11-03,0.33,225.57,2846.7700000000004,crítico
CEV1106,Balneario_Camboriu-Intermediario-apartamento-JR-1Q,Carteira 6,SC,"Balneário Camboriú, SC","Balneário Camboriú, SC, Centro",0,487,2495.64,48,1828.74,2025-11,0.5,0.3472,15,30,201.73,133.27,15,2025-11-03,1.36,0.0,-666.8999999999999,ok
COS302,Florianopolis-Jurere_Tradicional-apartamento-SUP-3Q,Carteira 1,SC,"Florianópolis, SC","Florianópolis, SC, Jurerê",5,1587,2996.58,26,7596.45,2025-11,0.36,0.4008,9,30,460.44,510.08,13,2025-11-03,0.39,2302.2,4599.87,crítico
CPK1009,Ilheus-Sul-apartamento-TOP-2Q,Carteira 2,BA,"Ilhéus, BA","Ilhéus, BA, Nossa Senhora da Vitória",0,316,2555.84,15,1946.5,2025-11,0.4,0.2588,12,30,247.75,246.78,18,2025-11-03,1.31,0.0,-609.3400000000001,ok
CPM0303,Sao_Paulo-Pinheiros-apartamento-SUP-1Q,Carteira 4,SP,"São Paulo, SP","São Paulo, SP, Pinheiros",0,186,4576.01,410,3394.21,2025-11,0.8667,0.4927,26,30,311.46,270.5,4,2025-11-03,1.35,0.0,-1181.8000000000002,ok
EDG402,Balneario_Camboriu-Centro-apartamento-JR-2Q,Carteira 6,SC,"Balneário Camboriú, SC","Balneário Camboriú, SC, Centro",0,960,5432.04,38,2659.86,2025-11,0.8,0.3074,24,30,255.71,194.5,4,2025-11-03,2.04,0.0,-2772.18,meta_subestimada
EGI001,Imbituba-Praia_do_Rosa-casa-TOP-3Q,Carteira 6,SC,"Imbituba, SC","Imbituba, SC, Ibiraquera",7,779,2985.21,21,3669.64,2025-11,0.3478,0.2758,8,30,482.25,359.54,13,2025-11-03,0.81,3375.75,684.4299999999998,berlinda
ELF0407,Bombinhas-Bombas-apartamento-SUP-1Q,Especial,SC,"Bombinhas, SC","Bombinhas, SC, José Amândio",3,172,2738.99,42,2313.9,2025-11,0.4815,0.3861,13,30,246.15,310.0,13,2025-11-03,1.18,738.45,-425.0899999999997,ok
ERG605,Balneario_Camboriu-Norte-apartamento-SUP-2Q,Carteira 6,SC,"Balneário Camboriú, SC","Balneário Camboriú, SC, Centro",0,1159,3913.65,30,3280.55,2025-11,0.6,0.3462,18,30,252.33,254.83,12,2025-11-03,1.19,0.0,-633.0999999999999,ok
EST0301,Itapema-Meia_Praia-Norte-apartamento-SUP-3Q,Carteira 6,SC,"Itapema, SC","Itapema, SC, Meia Praia",0,186,4060.99,35,2802.96,2025-11,0.5,0.2707,15,30,385.2,283.33,15,2025-11-03,1.45,0.0,-1258.0299999999997,ok
FLT0001,Florianopolis-Centrao-apartamento-SIM-1Q,Carteira 4,SC,"Florianópolis, SC","Florianópolis, SC, Centro",0,211,1254.31,13,1080.31,2025-11,0.3,0.3199,9,30,163.33,133.2,20,2025-11-03,1.16,0.0,-174.0,ok
JAS0003,Florianopolis-Lagoa-apartamento-JR-1Q,Carteira 1,SC,"Florianópolis, SC","Florianópolis, SC, Lagoa da Conceição",0,165,853.6,20,2749.43,2025-11,0.2333,0.3876,7,30,148.29,161.8,20,2025-11-03,0.31,0.0,1895.83,crítico
JBV433,Especial-JBV-hotel-JR-1Q,Especial,SC,"Florianópolis, SC","Florianópolis, SC, Jurerê",0,1380,10924.8,25,7947.66,2025-11,0.7667,0.4701,23,30,584.3,481.17,6,2025-11-03,1.37,0.0,-2977.1399999999994,ok
MDO201,Florianopolis-Jurere_Tradicional-apartamento-JR-3Q,Carteira 1,SC,"Florianópolis, SC","Florianópolis, SC, Jurerê Internacional",0,941,9007.63,24,4858.71,2025-11,0.7333,0.3863,22,30,463.95,319.25,8,2025-11-03,1.85,0.0,-4148.919999999999,ok
MHF1503,Itapema-Canto_Praia-apartamento-TOP-1Q,Carteira 5,SC,"Itapema, SC","Itapema, SC, Centro",1,26,3776.56,17,1245.76,2025-11,0.6897,0.3257,20,30,231.95,190.89,9,2025-11-03,3.03,231.95,-2530.8,meta_subestimada
MHF1702,Itapema-Canto_Praia-apartamento-TOP-2Q,Carteira 5,SC,"Itapema, SC","Itapema, SC, Centro",0,486,3676.32,10,2423.39,2025-11,0.4,0.2478,12,30,371.5,299.28,18,2025-11-03,1.52,0.0,-1252.9300000000003,ok
MHF1907,Itapema-Canto_Praia-apartamento-TOP-1Q,Carteira 5,SC,"Itapema, SC","Itapema, SC, Centro",1,359,2311.03,17,1245.76,2025-11,0.4138,0.3257,12,30,243.0,235.82,17,2025-11-03,1.86,243.0,-1065.2700000000002,ok
OCB0204,Salvador-Barra-apartamento-TOP-1Q,Carteira 2,BA,"Salvador, BA","Salvador, BA, Barra",0,107,590.1,130,4086.36,2025-11,0.1,0.5172,3,30,231.0,234.0,24,2025-11-03,0.14,0.0,3496.26,crítico
OKA111,Florianopolis-Campeche-apartamento-SUP-1Q,Carteira 1,SC,"Florianópolis, SC","Florianópolis, SC, Campeche",0,1053,998.15,22,1969.86,2025-11,0.0333,0.3561,1,30,200.83,222.95,22,2025-11-03,0.51,0.0,971.7099999999999,atenção
PLO0004,Jaguaruna-Camacho-apartamento-SUP-1Q,Carteira 6,SC,"Jaguaruna, SC","Jaguaruna, SC, Centro",0,39,1191.33,8,1630.19,2025-11,0.3,0.2015,9,30,167.0,115.89,18,2025-11-03,0.73,0.0,438.8600000000001,atenção
PTR0012,Porto_Seguro-Pataxos-apartamento-JR-3Q,Carteira 2,BA,"Porto Seguro, BA","Porto Seguro, BA, Paraíso dos Pataxós",0,256,0.0,9,2778.65,2025-11,0.0,0.2247,0,30,0.0,203.04,27,2025-11-03,0.0,0.0,2778.65,crítico
RFM0035,Santa_Cruz_Cabralia-Coroa_Vermelha-apartamento-SUP-2Q,Carteira 2,BA,"Santa Cruz Cabrália, BA","Santa Cruz Cabrália, BA, Coroa Vermelha",0,241,1097.4,34,2500.7,2025-11,0.1333,0.2968,4,30,282.75,195.3,23,2025-11-03,0.44,0.0,1403.2999999999997,crítico
RUP1005,Blumenau-Central-apartamento-SUP-1Q,Carteira 4,SC,"Blumenau, SC","Blumenau, SC, Escola Agrícola",1,492,745.86,50,856.57,2025-11,0.2069,0.1654,6,30,147.5,137.45,20,2025-11-03,0.87,147.5,110.71000000000004,berlinda
SSG0225,Florianopolis-UFSC-apartamento-TOP-1Q,Carteira 4,SC,"Florianópolis, SC","Florianópolis, SC, Córrego Grande",3,921,1162.8,13,2547.0,2025-11,0.1111,0.4161,3,30,480.0,202.24,21,2025-11-03,0.46,1440.0,1384.2,crítico
SSL303,Florianopolis-Itacorubi-apartamento-TOP-2Q,Carteira 4,SC,"Florianópolis, SC","Florianópolis, SC, Córrego Grande",0,817,4247.1,10,2816.59,2025-11,0.5333,0.2,16,30,352.06,350.57,14,2025-11-03,1.51,0.0,-1430.5100000000002,ok
TCO1216,Porto_Alegre-Centro_Historico-apartamento-SUP-1Q,Carteira 4,RS,"Porto Alegre, RS","Porto Alegre, RS, Centro Histórico",0,499,1368.27,65,1297.34,2025-11,0.4,0.2842,12,30,144.58,130.06,17,2025-11-03,1.05,0.0,-70.93000000000006,berlinda
TFL002,Florianopolis-UFSC-casa-JR-1Q,Carteira 4,SC,"Florianópolis, SC","Florianópolis, SC, Carvoeira",0,396,197.86,12,739.78,2025-11,0.0667,0.2486,2,30,126.0,134.56,25,2025-11-03,0.27,0.0,541.92,crítico
TXP1410,Goiania-Central-apartamento-SUP-1Q,Carteira 1_sys-price,GO,"Goiânia, GO","Goiânia, GO, Setor Bueno",0,779,2335.8,127,604.39,2025-11,0.4667,0.1935,14,30,191.57,163.69,16,2025-11-03,3.86,0.0,-1731.4100000000003,meta_subestimada
UPP0102,Curitiba-Centro-apartamento-JR-1Q,Carteira 4,PR,"Curitiba, PR","Curitiba, PR, Alto da XV",3,17,284.52,216,1613.6,2025-11,0.0741,0.3993,2,30,146.5,156.12,25,2025-11-03,0.18,439.5,1329.08,crítico
VBX1518,Sao_Paulo-Vila_Olimpia-apartamento-TOP-1Q,Carteira 4,SP,"São Paulo, SP","São Paulo, SP, Vila Olímpia",0,352,5703.46,98,5971.64,2025-11,0.4333,0.4502,13,30,487.38,340.07,15,2025-11-03,0.96,0.0,268.1800000000003,berlinda
VNU1405,Sao_Paulo-Bela_Vista-apartamento-SUP-1Q,Carteira 4,SP,"São Paulo, SP","São Paulo, SP, Bela Vista",0,281,1003.9,577,2932.4,2025-11,0.2333,0.4661,7,30,174.43,187.75,20,2025-11-03,0.34,0.0,1928.5,crítico
VST034,Especial-VST-casa-TOP-1Q,Carteira 5,SC,"Anitápolis, SC","Anitápolis, SC, Rio dos Pinheiros",1,234,1806.45,42,1530.85,2025-11,0.2069,0.1234,6,30,250.67,188.16,19,2025-11-03,1.18,250.67,-275.60000000000014,ok
VTD0703,Florianopolis-UFSC-apartamento-SUP-1Q,Carteira 4,SC,"Florianópolis, SC","Florianópolis, SC, Trindade",1,137,3278.1,37,1897.84,2025-11,0.5862,0.3378,17,30,229.06,246.18,11,2025-11-03,1.73,229.06,-1380.26,ok
AGC0304,Florianopolis-Cachoeira_Bom_Jesus-apartamento-SUP-3Q,Carteira 1,SC,"Florianópolis, SC","Florianópolis, SC, Cachoeira do Bom Jesus",4,25,1591.92,26,4356.14,2025-11,0.2308,0.3179,6,30,593.17,331.0,17,2025-11-03,0.37,2372.68,2764.2200000000003,crítico
AVB0904,Balneario_Camboriu-Norte-apartamento-TOP-3Q,Carteira 6,SC,"Balneário Camboriú, SC","Balneário Camboriú, SC, Pioneiros",0,2,0.0,22,6265.99,2025-11,0.0,0.3878,0,30,0.0,,0,2025-11-03,0.0,0.0,6265.99,crítico
CAC0301,Florianopolis-Ingleses_Praia-apartamento-SUP-2Q,Carteira 1,SC,"Florianópolis, SC","Florianópolis, SC, Ingleses do Rio Vermelho",0,354,2952.68,42,2824.61,2025-11,0.4,0.2907,12,30,365.33,256.5,18,2025-11-03,1.05,0.0,-128.0699999999997,berlinda
CLF0417,Salvador-Flamengo-apartamento-SUP-1Q,Carteira 2,BA,"Salvador, BA","Salvador, BA, Stella Maris",0,9,983.48,17,1762.56,2025-11,0.2333,0.2569,7,30,157.14,156.09,22,2025-11-03,0.56,0.0,779.0799999999999,atenção
CNB007,Especial-CNB-casa-TOP-1Q,Especial,SP,"Campos do Jordão, SP","Campos do Jordão, SP, Jardim Europa",0,596,2799.16,14,3701.03,2025-11,0.1333,0.3298,4,30,786.75,563.04,25,2025-11-03,0.76,0.0,901.8700000000003,atenção
CSD0101,Bombinhas-Bombas-apartamento-SUP-3Q,Carteira 6,SC,"Bombinhas, SC","Bombinhas, SC, Bombas",8,368,2875.18,17,2896.39,2025-11,0.4545,0.3512,10,30,374.3,220.27,11,2025-11-03,0.99,2994.4,21.210000000000036,berlinda
CSE0102,Florianopolis-Canasvieiras_Meio-apartamento-SUP-3Q,Carteira 1,SC,"Florianópolis, SC","Florianópolis, SC, Canasvieiras",6,423,3605.0,26,4356.14,2025-11,0.5,0.3179,12,30,350.92,719.0,10,2025-11-03,0.83,2105.52,751.1400000000003,berlinda
EOX0705,Florianopolis-Centrao-apartamento-JR-1Q,Carteira 4,SC,"Florianópolis, SC","Florianópolis, SC, Centro",0,50,2306.08,67,2150.88,2025-11,0.5667,0.3865,17,30,153.24,204.31,13,2025-11-03,1.07,0.0,-155.19999999999982,berlinda
ERU032,Bombinhas-Bombas-apartamento-SUP-2Q,Carteira 6,SC,"Bombinhas, SC","Bombinhas, SC, Bombas",0,1235,3304.47,65,2674.82,2025-11,0.5667,0.3289,17,30,249.53,211.58,12,2025-11-03,1.24,0.0,-629.6499999999996,ok
EVB0411,Itapema-Meia_Praia-Sul-apartamento-JR-2Q,Carteira 6,SC,"Itapema, SC","Itapema, SC, Meia Praia",0,11,3583.19,13,2800.53,2025-11,0.7667,0.4325,23,30,140.64,111.71,7,2025-11-03,1.28,0.0,-782.6599999999999,ok
EVO0801,Guarapari-Praia_do_Morro-apartamento-TOP-3Q,Carteira 4,ES,"Guarapari, ES","Guarapari, ES, Praia do Morro",0,535,1109.28,27,2661.51,2025-11,0.1333,0.2606,4,30,325.0,296.39,23,2025-11-03,0.42,0.0,1552.2300000000002,crítico
FFS0706,Itapema-Meia_Praia-Sul-apartamento-SUP-1Q,Carteira 6,SC,"Itapema, SC","Itapema, SC, Meia Praia",0,10,733.19,13,2800.53,2025-11,0.2333,0.4325,7,30,134.0,164.41,22,2025-11-03,0.26,0.0,2067.34,crítico
GIU0003,Porto_Seguro-Pataxos-apartamento-SUP-2Q,Carteira 2,BA,"Porto Seguro, BA","Porto Seguro, BA, Paraíso dos Pataxós",0,365,492.66,27,2773.76,2025-11,0.0667,0.3147,2,30,261.5,166.48,27,2025-11-03,0.18,0.0,2281.1000000000004,crítico
HRE0035,Ubatuba-Toninhas-apartamento-TOP-2Q,Carteira 4,SP,"Ubatuba, SP","Ubatuba, SP, Toninhas",0,396,4200.29,23,6547.54,2025-11,0.3,0.4993,9,30,531.56,330.55,20,2025-11-03,0.64,0.0,2347.25,atenção
IPF0201,Mata_de_Sao_Joao-Praia_do_Forte-casa-TOP-2Q,Carteira 2,BA,"Mata de São João, BA","Mata de São João, BA, Praia do Forte",1,37,344.82,12,4097.79,2025-11,0.0345,0.1581,1,30,450.0,450.0,27,2025-11-03,0.08,450.0,3752.97,crítico
JBV207,Especial-JBV-hotel-TOP-1Q,Especial,SC,"Florianópolis, SC","Florianópolis, SC, Jurerê",1,422,8400.57,32,9873.54,2025-11,0.5517,0.5651,16,30,677.33,572.82,11,2025-11-03,0.85,677.33,1472.9700000000012,berlinda
NWT0305,Especial-NWT-apartamento-TOP-1Q,Carteira 5,AL,"Maceió, AL","Maceió, AL, Pajuçara",0,232,3815.29,35,4545.08,2025-11,0.3667,0.472,11,30,390.82,316.36,11,2025-11-03,0.84,0.0,729.79,berlinda
NWT0714,Especial-NWT-apartamento-TOP-1Q,Carteira 5,AL,"Maceió, AL","Maceió, AL, Pajuçara",0,186,2655.53,35,4545.08,2025-11,0.3333,0.472,10,30,304.0,310.28,18,2025-11-03,0.58,0.0,1889.5499999999997,atenção
NWT0812,Especial-NWT-apartamento-TOP-1Q,Carteira 5,AL,"Maceió, AL","Maceió, AL, Pajuçara",0,186,1675.38,35,4545.08,2025-11,0.2,0.472,6,30,355.33,286.86,21,2025-11-03,0.37,0.0,2869.7,crítico
OBD2108,Goiania-Central-apartamento-SUP-2Q,Carteira 1_sys-price,GO,"Goiânia, GO","Goiânia, GO, Setor Bueno",0,71,792.4,34,1674.23,2025-11,0.1667,0.2046,5,30,188.4,244.8,25,2025-11-03,0.47,0.0,881.83,crítico
PLG0012,Florianopolis-Canto_da_Lagoa-apartamento-SUP-1Q,Carteira 1,SC,"Florianópolis, SC","Florianópolis, SC, Lagoa da Conceição",6,214,1813.3,14,3563.55,2025-11,0.375,0.349,9,30,255.45,181.55,11,2025-11-03,0.51,1532.6999999999998,1750.2500000000002,atenção
RIH0902,Porto_Belo-Geral-apartamento-SUP-2Q,Carteira 6,SC,"Porto Belo, SC","Porto Belo, SC, Pereque",5,16,1677.62,23,3094.93,2025-11,0.56,0.2277,14,30,167.14,178.64,11,2025-11-03,0.54,835.6999999999999,1417.31,atenção
RPB038,Florianopolis-Cachoeira_Bom_Jesus-apartamento-JR-2Q,Carteira 1,SC,"Florianópolis, SC","Florianópolis, SC, Cachoeira do Bom Jesus",4,823,1287.37,13,2261.83,2025-11,0.2692,0.2251,7,30,230.0,257.13,16,2025-11-03,0.57,920.0,974.46,atenção
RTA042,Balneario_Camboriu-Intermediario-apartamento-SUP-2Q,Carteira 6,SC,"Balneário Camboriú, SC","Balneário Camboriú, SC, Centro",0,989,4054.37,55,2596.14,2025-11,0.6667,0.2766,20,30,256.5,230.4,10,2025-11-03,1.56,0.0,-1458.23,ok
STI210,Florianopolis-Ingleses_Centro-apartamento-SUP-1Q,Carteira 1,SC,"Florianópolis, SC","Florianópolis, SC, Ingleses do Rio Vermelho",0,1690,2982.64,22,2087.56,2025-11,0.5333,0.2901,16,30,225.06,218.71,14,2025-11-03,1.43,0.0,-895.0799999999999,ok
TSO0602,Balneario_Camboriu-Longe-apartamento-MASTER-2Q,Carteira 6,SC,"Balneário Camboriú, SC","Balneário Camboriú, SC, Estados",0,211,3792.97,30,3216.82,2025-11,0.4,0.3513,12,30,373.25,336.94,17,2025-11-03,1.18,0.0,-576.1499999999996,ok
UPP0516,Curitiba-Centro-apartamento-JR-1Q,Carteira 4,PR,"Curitiba, PR","Curitiba, PR, Alto da XV",0,26,792.92,216,1613.6,2025-11,0.2,0.3993,6,30,145.83,157.43,23,2025-11-03,0.49,0.0,820.68,crítico
VDB0201,Gramado-Centro-apartamento-SUP-2Q,Carteira 4,RS,"Gramado, RS","Gramado, RS, Centro",3,261,5280.48,96,8806.45,2025-11,0.6667,0.6241,18,30,499.44,513.11,9,2025-11-03,0.6,1498.32,3525.970000000001,atenção
VLPF0103,Mata_de_Sao_Joao-Praia_do_Forte_Longe-apartamento-SUP-2Q,Carteira 2,BA,"Mata de São João, BA","Mata de São João, BA, Centro",2,100,2907.57,90,3703.22,2025-11,0.3214,0.2184,9,30,377.78,279.88,17,2025-11-03,0.79,755.56,795.6499999999996,atenção
VNO1417,Sao_Paulo-Republica-apartamento-SUP-1Q,Carteira 4,SP,"São Paulo, SP","São Paulo, SP, Consolação",0,124,1793.08,443,2284.22,2025-11,0.4667,0.4426,14,30,155.63,147.6,10,2025-11-03,0.78,0.0,491.1399999999999,atenção
CBU203,Florianopolis-Novo_Campeche-apartamento-SUP-2Q,Carteira 1,SC,"Florianópolis, SC","Florianópolis, SC, Campeche",15,395,1875.6,32,4032.57,2025-11,0.5333,0.3597,8,30,306.5,259.71,7,2025-11-03,0.47,4597.5,2156.9700000000003,crítico
CFE0503,Florianopolis-Beira_Mar-apartamento-SUP-1Q,Carteira 4,SC,"Florianópolis, SC","Florianópolis, SC, Agronômica",0,36,963.95,20,2637.13,2025-11,0.2,0.3303,6,30,207.0,237.83,24,2025-11-03,0.37,0.0,1673.18,crítico
CNA005,Especial-CNA-casa-MASTER-1Q,Especial,SP,"Campos do Jordão, SP","Campos do Jordão, SP, Jardim Europa",0,1016,3200.48,25,6397.17,2025-11,0.2,0.3129,6,30,689.37,603.81,21,2025-11-03,0.5,0.0,3196.69,atenção
CNA008,Especial-CNA-casa-MASTER-1Q,Especial,SP,"Campos do Jordão, SP","Campos do Jordão, SP, Jardim Europa",0,1016,3145.86,25,6397.17,2025-11,0.1667,0.3129,5,30,711.0,650.76,25,2025-11-03,0.49,0.0,3251.31,crítico
CNA010,Especial-CNA-casa-MASTER-1Q,Especial,SP,"Campos do Jordão, SP","Campos do Jordão, SP, Jardim Europa",0,1016,9144.14,25,6397.17,2025-11,0.4667,0.3129,14,30,795.57,583.0,16,2025-11-03,1.43,0.0,-2746.9699999999993,ok
CNA011,Especial-CNA-casa-MASTER-1Q,Especial,SP,"Campos do Jordão, SP","Campos do Jordão, SP, Jardim Europa",0,1016,8856.77,25,6397.17,2025-11,0.5333,0.3129,16,30,669.56,624.14,14,2025-11-03,1.38,0.0,-2459.6000000000004,ok
COA0314,Brasilia-Setor_Hoteleiro-apartamento-SUP-1Q,Carteira 1,DF,"Brasília, DF","Brasília, DF, Asa Norte",0,761,2939.9,147,4038.01,2025-11,0.4,0.5091,12,30,282.0,287.22,18,2025-11-03,0.73,0.0,1098.1100000000001,atenção
EJO0403,Florianopolis-Centrao-apartamento-JR-1Q,Carteira 4,SC,"Florianópolis, SC","Florianópolis, SC, Centro",0,393,1823.34,67,2150.88,2025-11,0.3333,0.3865,10,30,226.4,160.95,20,2025-11-03,0.85,0.0,327.5400000000002,berlinda
EMR302,Florianopolis-Jurere_Internacional-apartamento-SUP-2Q,Carteira 1,SC,"Florianópolis, SC","Florianópolis, SC, Jurerê Internacional",0,947,2954.34,21,5215.16,2025-11,0.3333,0.4091,10,30,337.2,314.58,19,2025-11-03,0.57,0.0,2260.8199999999997,atenção
ESZ0103,Brasilia-Asa_Norte-apartamento-JR-1Q,Carteira 1_sys-price,DF,"Brasília, DF","Brasília, DF, Asa Norte",0,316,3368.36,150,2145.04,2025-11,0.5333,0.5079,16,30,257.37,197.62,13,2025-11-03,1.57,0.0,-1223.3200000000002,ok
ILH0503,Balneario_Camboriu-Intermediario-apartamento-JR-2Q,Carteira 6,SC,"Balneário Camboriú, SC","Balneário Camboriú, SC, Centro",0,36,3992.61,43,2206.84,2025-11,0.6667,0.331,20,30,206.68,158.29,7,2025-11-03,1.81,0.0,-1785.77,ok
LIV0803,Salvador-Graca-apartamento-TOP-1Q,Especial,BA,"Salvador, BA","Salvador, BA, Vitória",0,256,2115.1,10,3417.57,2025-11,0.3667,0.3374,11,30,256.0,222.08,12,2025-11-03,0.62,0.0,1302.4700000000003,atenção
MGI025,Porto_Seguro-Pitinga-casa-SUP-2Q,Carteira 2,BA,"Porto Seguro, BA","Porto Seguro, BA, Arraial DAjuda",2,207,4471.46,8,4846.78,2025-11,0.25,0.2357,7,30,642.86,602.0,18,2025-11-03,0.92,1285.72,375.3199999999997,berlinda
MHE0111,Florianopolis-Cachoeira_Bom_Jesus-apartamento-MASTER-1Q,Carteira 1,SC,"Florianópolis, SC","Florianópolis, SC, Cachoeira do Bom Jesus",0,226,7032.16,12,4438.51,2025-11,0.6667,0.3596,20,30,483.15,380.33,9,2025-11-03,1.58,0.0,-2593.6499999999996,ok
NWT0508,Especial-NWT-apartamento-TOP-1Q,Carteira 5,AL,"Maceió, AL","Maceió, AL, Pajuçara",0,260,4981.25,35,4545.08,2025-11,0.6333,0.472,19,30,338.05,298.18,11,2025-11-03,1.1,0.0,-436.1700000000001,berlinda
NWT1223,Especial-NWT-apartamento-TOP-1Q,Carteira 5,AL,"Maceió, AL","Maceió, AL, Pajuçara",0,325,5404.0,35,4545.08,2025-11,0.6333,0.472,19,30,317.11,313.7,10,2025-11-03,1.19,0.0,-858.9200000000001,ok
PBR0003,Porto_Seguro-Estrada_da_Balsa-casa-TOP-3Q,Carteira 2,BA,"Porto Seguro, BA","Porto Seguro, BA, Arraial d ajuda",0,306,0.0,11,4991.2,2025-11,0.0,0.2694,0,30,0.0,380.3,27,2025-11-03,0.0,0.0,4991.2,crítico
PIC0125,Bombinhas-Centro-apartamento-JR-3Q,Carteira 6,SC,"Bombinhas, SC","Bombinhas, SC, Centro",10,463,1669.88,47,2331.55,2025-11,0.45,0.2461,9,30,209.67,233.36,11,2025-11-03,0.72,2096.7,661.6700000000001,atenção
PRY0110,Porto_Seguro-Pataxos-apartamento-SUP-2Q,Carteira 2,BA,"Porto Seguro, BA","Porto Seguro, BA, Paraiso dos Pataxós",0,31,3212.88,27,2773.76,2025-11,0.6,0.3147,18,30,215.94,209.92,12,2025-11-03,1.16,0.0,-439.1199999999999,ok
PSD102,Florianopolis-Jurere_Tradicional-apartamento-JR-1Q,Carteira 1,SC,"Florianópolis, SC","Florianópolis, SC, Jurerê",3,1990,1169.17,16,2934.35,2025-11,0.2593,0.4513,7,30,207.71,238.72,18,2025-11-03,0.4,623.13,1765.1799999999998,crítico
RCI0201,Florianopolis-Ingleses_Norte-apartamento-JR-2Q,Carteira 1,SC,"Florianópolis, SC","Florianópolis, SC, Ingleses do Rio Vermelho",3,331,1319.49,24,3195.68,2025-11,0.3333,0.3196,9,30,229.89,202.78,18,2025-11-03,0.41,689.67,1876.1899999999998,crítico
RTL0302,Itapema-Canto_Praia-apartamento-JR-2Q,Carteira 6,SC,"Itapema, SC","Itapema, SC, Centro",0,409,2151.52,13,2579.11,2025-11,0.5667,0.2022,17,30,217.06,164.77,13,2025-11-03,0.83,0.0,427.59000000000015,berlinda
RUP0603,Blumenau-Central-apartamento-SUP-1Q,Carteira 4,SC,"Blumenau, SC","Blumenau, SC, Escola Agrícola",0,465,2906.21,50,856.57,2025-11,0.6333,0.1654,19,30,173.0,122.75,8,2025-11-03,3.39,0.0,-2049.64,meta_subestimada
SKL0507,Penha-Praia-apartamento-SUP-3Q,Carteira 6,SC,"Penha, SC","Penha, SC, Armação",5,134,1855.65,20,4193.09,2025-11,0.32,0.2401,8,30,362.25,311.12,16,2025-11-03,0.44,1811.25,2337.44,crítico
SMB0307,Florianopolis-Canasvieiras_Perto-apartamento-JR-1Q,Carteira 1,SC,"Florianópolis, SC","Florianópolis, SC, Canasvieiras",0,359,2495.08,42,1971.66,2025-11,0.5,0.3351,15,30,202.6,203.07,15,2025-11-03,1.27,0.0,-523.4199999999998,ok
TSO0403,Balneario_Camboriu-Longe-apartamento-MASTER-2Q,Carteira 6,SC,"Balneário Camboriú, SC","Balneário Camboriú, SC, Estados",13,43,4535.67,30,3216.82,2025-11,1.0,0.3513,17,30,326.88,,0,2025-11-03,1.41,4249.44,-1318.85,ok
TXP1101,Goiania-Central-apartamento-TOP-2Q,Carteira 1_sys-price,GO,"Goiânia, GO","Goiânia, GO, Setor Bueno",0,198,3024.3,13,1668.15,2025-11,0.3,0.2333,9,30,316.18,310.47,19,2025-11-03,1.81,0.0,-1356.15,ok
VGZ0006,Imbituba-Praia_do_Rosa-casa-SUP-1Q,Carteira 6,SC,"Imbituba, SC","Imbituba, SC, Ibiraquera",2,620,2905.27,53,2448.43,2025-11,0.6071,0.2451,17,30,203.21,184.67,9,2025-11-03,1.19,406.42,-456.84000000000015,ok
VLO0504,Florianopolis-Jurere_Longe-apartamento-TOP-2Q,Carteira 1,SC,"Florianópolis, SC","Florianópolis, SC, Jurerê Internacional",4,358,6275.98,16,7660.43,2025-11,0.5385,0.5285,14,30,524.14,491.75,12,2025-11-03,0.82,2096.56,1384.4500000000007,berlinda
VST038,Especial-VST-casa-TOP-1Q,Carteira 5,SC,"Anitápolis, SC","Anitápolis, SC, Rio dos Pinheiros",0,123,2007.08,42,1530.85,2025-11,0.3333,0.1234,10,30,263.33,189.59,17,2025-11-03,1.31,0.0,-476.23,ok
WAL0714,Sao_Paulo-Butanta-apartamento-SUP-1Q,Carteira 4,SP,"São Paulo, SP","São Paulo, SP, Butantã",0,110,3329.24,30,2598.01,2025-11,0.5333,0.4699,16,30,266.76,240.33,12,2025-11-03,1.28,0.0,-731.2299999999996,ok
ATP0003,Porto_Seguro-Pitinga-casa-SUP-4Q,Carteira 2,BA,"Porto Seguro, BA","Porto Seguro, BA, Arraial D Ajuda",0,264,0.0,10,3094.67,2025-11,0.0,0.1947,0,30,0.0,479.3,27,2025-11-03,0.0,0.0,3094.67,crítico
CNB011,Especial-CNB-casa-TOP-1Q,Especial,SP,"Campos do Jordão, SP","Campos do Jordão, SP, Jardim Europa",0,591,1547.54,14,3701.03,2025-11,0.1,0.3298,3,30,585.0,666.68,25,2025-11-03,0.42,0.0,2153.4900000000002,crítico
CZZ0502,Urubici-Geral-apartamento-SUP-1Q,Especial,SC,"Urubici, SC","Urubici, SC, Centro",1,22,1609.54,49,1538.22,2025-11,0.2759,0.1338,8,30,230.38,243.81,21,2025-11-03,1.05,230.38,-71.31999999999994,berlinda
DLH0403,Gramado-Centro-apartamento-TOP-2Q,Carteira 4,RS,"Gramado, RS","Gramado, RS, Centro",3,1,11592.06,55,9753.75,2025-11,0.6667,0.6489,18,30,638.67,457.89,9,2025-11-03,1.19,1916.0099999999998,-1838.3099999999995,ok
ECM204,Florianopolis-Lagoa-apartamento-SUP-1Q,Carteira 1,SC,"Florianópolis, SC","Florianópolis, SC, Lagoa da Conceição",0,1124,3094.0,23,2256.32,2025-11,0.8333,0.4355,25,30,219.04,272.0,5,2025-11-03,1.37,0.0,-837.6799999999998,ok
LGR204,Florianopolis-Ingleses_Centro-apartamento-JR-1Q,Carteira 1,SC,"Florianópolis, SC","Florianópolis, SC, Ingleses do Rio Vermelho",0,1044,2219.22,12,2557.7,2025-11,0.5667,0.4207,17,30,149.94,169.42,12,2025-11-03,0.87,0.0,338.48,berlinda
MBCA0302,Goiania-Leste-apartamento-TOP-1Q,Carteira 1_sys-price,GO,"Goiânia, GO","Goiânia, GO, Jardim Goiás",0,207,146.94,16,1266.2,2025-11,0.0333,0.2418,1,30,224.0,215.45,22,2025-11-03,0.12,0.0,1119.26,crítico
MBCA1704,Goiania-Leste-apartamento-SUP-1Q,Carteira 1_sys-price,GO,"Goiânia, GO","Goiânia, GO, Jardim Goiás",0,772,1735.06,57,1049.75,2025-11,0.3333,0.2168,10,30,173.25,167.56,18,2025-11-03,1.65,0.0,-685.31,ok
MHF1108,Itapema-Canto_Praia-apartamento-TOP-2Q,Carteira 5,SC,"Itapema, SC","Itapema, SC, Centro",2,456,2123.48,10,2423.39,2025-11,0.3214,0.2478,9,30,269.92,269.93,15,2025-11-03,0.88,539.84,299.90999999999985,berlinda
MHF1509,Itapema-Canto_Praia-apartamento-TOP-2Q,Carteira 5,SC,"Itapema, SC","Itapema, SC, Centro",3,272,2935.4,10,2423.39,2025-11,0.4444,0.2478,12,30,311.75,251.87,15,2025-11-03,1.21,935.25,-512.0100000000002,ok
MHF2001,Itapema-Canto_Praia-apartamento-TOP-1Q,Carteira 5,SC,"Itapema, SC","Itapema, SC, Centro",2,326,3316.07,17,1245.76,2025-11,0.75,0.3257,21,30,219.82,268.57,7,2025-11-03,2.66,439.64,-2070.3100000000004,meta_subestimada
MPA107,Salvador-Pituba_Praia-apartamento-SUP-1Q,Carteira 5,BA,"Salvador, BA","Salvador, BA, Pituba",0,480,3716.99,14,1573.3,2025-11,0.6667,0.3311,20,30,206.2,188.88,8,2025-11-03,2.36,0.0,-2143.6899999999996,meta_subestimada
MRE1101,Porto_Belo-Geral-apartamento-SUP-2Q,Carteira 6,SC,"Porto Belo, SC","Porto Belo, SC, Pereque",0,227,3271.58,23,3094.93,2025-11,0.5,0.2277,15,30,254.19,184.33,12,2025-11-03,1.06,0.0,-176.6500000000001,berlinda
NOA0919,Sao_Paulo-Santo_Amaro-apartamento-SUP-1Q,Carteira 4,SP,"São Paulo, SP","São Paulo, SP, Santo Amaro",0,338,1716.56,156,2710.22,2025-11,0.2,0.4081,6,30,345.33,209.19,21,2025-11-03,0.63,0.0,993.6599999999999,atenção
NWT0706,Especial-NWT-apartamento-TOP-1Q,Carteira 5,AL,"Maceió, AL","Maceió, AL, Pajuçara",0,185,3814.18,35,4545.08,2025-11,0.5,0.472,15,30,281.33,318.25,12,2025-11-03,0.84,0.0,730.9000000000001,berlinda
NWT0906,Especial-NWT-apartamento-TOP-1Q,Carteira 5,AL,"Maceió, AL","Maceió, AL, Pajuçara",0,221,3319.82,35,4545.08,2025-11,0.4667,0.472,14,30,290.35,282.69,13,2025-11-03,0.73,0.0,1225.2599999999998,atenção
NWT1021,Especial-NWT-apartamento-TOP-1Q,Carteira 5,AL,"Maceió, AL","Maceió, AL, Pajuçara",1,199,4404.42,35,4545.08,2025-11,0.5862,0.472,17,30,296.94,290.9,10,2025-11-03,0.97,296.94,140.65999999999985,berlinda
NWTA0609,Especial-NWT-apartamento-MASTER-1Q,Carteira 5,AL,"Maceió, AL","Maceió, AL, Pajuçara",0,208,5541.89,26,5361.2,2025-11,0.3667,0.5855,11,30,488.0,431.53,17,2025-11-03,1.03,0.0,-180.6900000000005,berlinda
PEM1301,Blumenau-Central-apartamento-JR-1Q,Carteira 4,SC,"Blumenau, SC","Blumenau, SC, Centro",1,220,1006.31,26,450.13,2025-11,0.3448,0.1337,10,30,122.9,132.24,17,2025-11-03,2.24,122.9,-556.18,meta_subestimada
RGOR0025,Itapema-Meia_Praia-Sul-apartamento-SUP-1Q,Carteira 6,SC,"Itapema, SC","Itapema, SC, Castelo Branco",0,201,1944.23,13,2800.53,2025-11,0.5,0.4325,15,30,145.38,170.5,14,2025-11-03,0.69,0.0,856.3000000000002,atenção
ROY0401,Porto_Alegre-Jardim_Botanico-apartamento-SUP-2Q,Carteira 4,RS,"Porto Alegre, RS","Porto Alegre, RS, Chácara das Pedras",0,44,502.89,26,1620.53,2025-11,0.1,0.2014,3,30,183.0,191.04,27,2025-11-03,0.31,0.0,1117.6399999999999,crítico
RSR0812,Maceio-Cruz_das_Almas-apartamento-TOP-1Q,Carteira 2,AL,"Maceió, AL","Maceió, AL, Cruz das Almas",0,374,5445.03,52,3634.41,2025-11,0.7667,0.5455,23,30,358.26,179.2,5,2025-11-03,1.5,0.0,-1810.62,ok
SQC0810,Sao_Paulo-Moema-apartamento-SUP-1Q,Carteira 4_sys-price,SP,"São Paulo, SP","São Paulo, SP, Moema",0,276,5319.35,499,2610.74,2025-11,0.7333,0.3688,22,30,290.82,170.88,8,2025-11-03,2.04,0.0,-2708.6100000000006,meta_subestimada
UPP0517,Curitiba-Centro-apartamento-JR-1Q,Carteira 4,PR,"Curitiba, PR","Curitiba, PR, Alto da XV",0,29,294.14,216,1613.6,2025-11,0.0667,0.3993,2,30,155.5,155.96,26,2025-11-03,0.18,0.0,1319.46,crítico
WSH0506,Curitiba-Batel-apartamento-SUP-1Q,Carteira 4,PR,"Curitiba, PR","Curitiba, PR, Bigorrilho",0,18,1345.52,183,1897.84,2025-11,0.2333,0.3494,7,30,226.86,233.09,22,2025-11-03,0.71,0.0,552.3199999999999,atenção
AGA0304,Camaçari-Monte_Gordo-apartamento-SUP-2Q,Carteira 2,BA,"Camaçari, BA","Camaçari, BA, Guarajuba",5,30,0.0,18,2966.07,2025-11,0.0,0.2268,0,30,0.0,294.17,24,2025-11-03,0.0,0.0,2966.07,crítico
BDR522,Florianopolis-Lagoa-apartamento-SUP-1Q,Carteira 1,SC,"Florianópolis, SC","Florianópolis, SC, Lagoa da Conceição",0,1283,1022.56,23,2256.32,2025-11,0.4,0.4355,12,30,153.75,216.11,19,2025-11-03,0.45,0.0,1233.7600000000002,crítico
BPM0909,Salvador-Barra-apartamento-SUP-1Q,Carteira 2,BA,"Salvador, BA","Salvador, BA, Barra",0,12,2648.15,195,2712.93,2025-11,0.5667,0.4447,17,30,182.47,237.23,13,2025-11-03,0.98,0.0,64.77999999999975,berlinda
CSN0204,Florianopolis-Centrao-apartamento-JR-2Q,Carteira 4,SC,"Florianópolis, SC","Florianópolis, SC, Centro",16,10,0.0,18,2139.69,2025-11,0.0,0.3164,0,30,0.0,211.0,14,2025-11-03,0.0,0.0,2139.69,crítico
DMS0304,Gramado-Centro-apartamento-TOP-2Q,Carteira 4,RS,"Gramado, RS","Gramado, RS, Bairro Belverede",1,260,10353.66,55,9753.75,2025-11,0.6552,0.6489,19,30,727.74,506.8,10,2025-11-03,1.06,727.74,-599.9099999999999,berlinda
MHF1803,Itapema-Canto_Praia-apartamento-TOP-1Q,Carteira 5,SC,"Itapema, SC","Itapema, SC, Centro",0,500,3399.4,17,1245.76,2025-11,0.5667,0.3257,17,30,245.82,197.0,13,2025-11-03,2.73,0.0,-2153.6400000000003,meta_subestimada
NWT0918,Especial-NWT-apartamento-TOP-1Q,Carteira 5,AL,"Maceió, AL","Maceió, AL, Pajuçara",0,219,4521.72,35,4545.08,2025-11,0.6667,0.472,20,30,273.4,321.22,9,2025-11-03,0.99,0.0,23.359999999999673,berlinda
PNJ0203,Florianopolis-Ingleses_Centro-apartamento-SUP-3Q,Carteira 1,SC,"Florianópolis, SC","Florianópolis, SC, Ingleses do Rio Vermelho",0,169,1868.9,17,2987.88,2025-11,0.3333,0.1806,10,30,253.8,239.29,17,2025-11-03,0.63,0.0,1118.98,atenção
RFM0025,Santa_Cruz_Cabralia-Coroa_Vermelha-apartamento-SUP-3Q,Carteira 2,BA,"Santa Cruz Cabrália, BA","Santa Cruz Cabrália, BA, Coroa Vermelha",30,204,0.0,18,3160.73,2025-11,,0.2503,0,30,0.0,,0,2025-11-03,0.0,0.0,3160.73,crítico
RGN0205,Florianopolis-Ingleses_Centro-apartamento-SUP-2Q,Carteira 1,SC,"Florianópolis, SC","Florianópolis, SC, Ingleses Centro",1,37,2679.6,18,2117.79,2025-11,0.4138,0.2159,12,30,252.67,260.13,15,2025-11-03,1.27,252.67,-561.81,ok
RGP302,Florianopolis-Jurere_Tradicional-apartamento-SUP-2Q,Carteira 1,SC,"Florianópolis, SC","Florianópolis, SC, Jurerê",0,571,5420.87,27,6624.43,2025-11,0.6333,0.5017,19,30,355.68,258.33,9,2025-11-03,0.82,0.0,1203.5600000000004,berlinda
RJF006,Urubici-Geral-casa-TOP-2Q,Carteira 3,SC,"Urubici, SC","Urubici, SC, Aguas Brancas",1,596,0.0,18,2452.59,2025-11,0.0,0.1057,0,30,0.0,519.44,27,2025-11-03,0.0,0.0,2452.59,crítico
SLC0202,Florianopolis-Rio_Vermelho-apartamento-JR-1Q,Carteira 1,SC,"Florianópolis, SC","Florianópolis, SC, Ingleses do Rio Vermelho",0,318,1402.52,13,2546.02,2025-11,0.5,0.4009,15,30,112.07,132.43,14,2025-11-03,0.55,0.0,1143.5,atenção
SPT0303,Blumenau-Central-apartamento-JR-1Q,Carteira 4,SC,"Blumenau, SC","Blumenau, SC, Itoupava Seca",0,422,631.05,26,450.13,2025-11,0.2333,0.1337,7,30,107.0,125.52,23,2025-11-03,1.4,0.0,-180.91999999999996,ok
TPS302,Florianopolis-Canasvieiras_Meio-apartamento-TOP-1Q,Carteira 1,SC,"Florianópolis, SC","Florianópolis, SC, Canasvieiras",0,1030,1102.99,24,3347.91,2025-11,0.2333,0.437,7,30,185.43,281.57,21,2025-11-03,0.33,0.0,2244.92,crítico
URA0015,Porto_Seguro-Urbano-casa-JR-2Q,Carteira 2,BA,"Porto Seguro, BA","Porto Seguro, BA, Paraíso dos Pataxós",0,702,1963.14,16,2394.0,2025-11,0.4,0.3201,12,30,175.75,164.13,15,2025-11-03,0.82,0.0,430.8599999999999,berlinda
VST014,Especial-VST-casa-TOP-1Q,Carteira 5,SC,"Anitápolis, SC","Anitápolis, SC, Rio dos pinheiros",1,457,2096.44,42,1530.85,2025-11,0.4828,0.1234,14,30,245.92,197.47,17,2025-11-03,1.37,245.92,-565.5900000000001,ok
ZNB1604,Salvador-Barra-apartamento-SUP-1Q,Carteira 2,BA,"Salvador, BA","Salvador, BA, Barra",0,1,0.0,195,2712.93,2025-11,0.0,0.4447,0,30,178.63,198.05,20,2025-11-03,0.0,0.0,2712.93,crítico
BFT2905,Goiania-Leste-apartamento-SUP-1Q,Carteira 1_sys-price,GO,"Goiânia, GO","Goiânia, GO, Jardim Goiás",0,268,1260.48,57,1049.75,2025-11,0.3,0.2168,9,30,158.11,151.05,21,2025-11-03,1.2,0.0,-210.73000000000002,ok
BLB1501,Salvador-Barra-apartamento-SUP-1Q,Carteira 2,BA,"Salvador, BA","Salvador, BA, Barra",0,1,1835.72,195,2712.93,2025-11,0.3,0.4447,9,30,223.0,194.39,18,2025-11-03,0.68,0.0,877.2099999999998,atenção
CLE1203,Porto_Belo-Geral-apartamento-SUP-2Q,Carteira 6,SC,"Porto Belo, SC","Porto Belo, SC, Perequê",1,255,3389.09,23,3094.93,2025-11,0.6552,0.2277,19,30,217.42,166.6,10,2025-11-03,1.1,217.42,-294.1600000000003,berlinda
CSC0212,Florianopolis-Ingleses_Norte-apartamento-SUP-1Q,Carteira 1,SC,"Florianópolis, SC","Florianópolis, SC, Ingleses Norte",0,93,4768.7,49,2235.56,2025-11,0.7667,0.387,23,30,242.09,235.29,7,2025-11-03,2.13,0.0,-2533.14,meta_subestimada
DVM0202,Florianopolis-Itacorubi-apartamento-JR-2Q,Carteira 4,SC,"Florianópolis, SC","Florianópolis, SC, Itacorubi",17,316,598.62,20,2257.94,2025-11,0.2308,0.3509,3,30,313.0,313.0,10,2025-11-03,0.27,5321.0,1659.3200000000002,crítico
EIO203,Itapema-Meia_Praia-Norte-apartamento-JR-3Q,Carteira 6,SC,"Itapema, SC","Itapema, SC, Meia Praia",7,876,3752.48,13,2102.22,2025-11,0.7826,0.2755,18,30,260.44,190.67,3,2025-11-03,1.79,1823.08,-1650.2600000000002,ok
EJF0702,Balneario_Camboriu-Intermediario-apartamento-SUP-2Q,Carteira 6,SC,"Balneário Camboriú, SC","Balneário Camboriú, SC, Centro",8,689,2562.25,55,2596.14,2025-11,0.5909,0.2766,13,30,248.38,218.22,9,2025-11-03,0.99,1987.04,33.88999999999987,berlinda
ELY0201,Florianopolis-Beira_Mar-apartamento-JR-2Q,Carteira 4,SC,"Florianópolis, SC","Florianópolis, SC, Centro",0,710,6112.55,26,2690.25,2025-11,0.8333,0.3516,25,30,329.32,344.6,5,2025-11-03,2.27,0.0,-3422.3,meta_subestimada
IAA1003,Recife-Boa_Viagem-apartamento-TOP-1Q,Carteira 2,PE,"Recife, PE","Recife, PE, Boa Viagem",0,598,2393.75,41,3221.46,2025-11,0.4333,0.3848,13,30,224.31,245.53,15,2025-11-03,0.74,0.0,827.71,atenção
IDP104,Florianopolis-Ingleses_Norte-apartamento-SUP-3Q,Carteira 1,SC,"Florianópolis, SC","Florianópolis, SC, Ingleses do Rio Vermelho",6,1852,3854.67,13,3119.27,2025-11,0.5833,0.1887,14,30,350.86,265.1,10,2025-11-03,1.24,2105.16,-735.4000000000001,ok
JBV276,Especial-JBV-hotel-JR-1Q,Especial,SC,"Florianópolis, SC","Florianópolis, SC, Jurerê",0,1065,9965.13,25,7947.66,2025-11,0.6667,0.4701,20,30,673.38,510.0,8,2025-11-03,1.25,0.0,-2017.4699999999993,ok
MAS0603,Salvador-Piata-apartamento-SUP-2Q,Carteira 5,BA,"Salvador, BA","Salvador, BA, Piatã",0,225,825.52,45,2572.3,2025-11,0.1333,0.3466,4,30,223.2,209.67,18,2025-11-03,0.32,0.0,1746.7800000000002,crítico
MNDA0217,Cabo_Frio-Centro-apartamento-SUP-1Q,Carteira 4,RJ,"Cabo Frio, RJ","Cabo Frio, RJ, Braga",3,68,3235.09,46,3050.9,2025-11,0.5185,0.4756,14,30,270.93,232.38,13,2025-11-03,1.06,812.79,-184.19000000000005,berlinda
NWT1414,Especial-NWT-apartamento-TOP-1Q,Carteira 5,AL,"Maceió, AL","Maceió, AL, Pajuçara",0,309,5725.44,35,4545.08,2025-11,0.7,0.472,21,30,333.9,341.44,9,2025-11-03,1.26,0.0,-1180.3599999999997,ok
PDU0033,Cabo_Frio-Foguete-casa-JR-1Q,Carteira 4,RJ,"Cabo Frio, RJ","Cabo Frio, RJ, Braga",4,358,1325.36,35,1249.65,2025-11,0.3077,0.2792,8,30,190.88,185.33,15,2025-11-03,1.06,763.52,-75.70999999999981,berlinda
PSOB0912,Penha-Beto_Carrero-apartamento-SUP-1Q,Carteira 3,SC,"Penha, SC","Penha, SC, Praia de Armação do Itapocoroi",0,113,2890.88,12,1751.85,2025-11,0.4667,0.2595,14,30,233.79,182.85,13,2025-11-03,1.65,0.0,-1139.0300000000002,ok
RFM0024,Santa_Cruz_Cabralia-Coroa_Vermelha-apartamento-SUP-2Q,Carteira 2,BA,"Santa Cruz Cabrália, BA","Santa Cruz Cabrália, BA, Coroa Vermelha",0,282,1015.84,34,2500.7,2025-11,0.2333,0.2968,7,30,197.71,179.25,20,2025-11-03,0.41,0.0,1484.8599999999997,crítico
SDR0003,Florianopolis-Lagoa-apartamento-SUP-1Q,Carteira 1,SC,"Florianópolis, SC","Florianópolis, SC, Lagoa da Conceição",0,298,1490.54,23,2256.32,2025-11,0.4,0.4355,12,30,153.33,225.94,16,2025-11-03,0.66,0.0,765.7800000000002,atenção
SFR0511,Bombinhas-Centro-apartamento-SUP-1Q,Carteira 6,SC,"Bombinhas, SC","Bombinhas, SC, Centro",0,37,3728.05,32,2844.7,2025-11,0.7,0.4531,21,30,209.95,257.89,9,2025-11-03,1.31,0.0,-883.3500000000004,ok
VLD1002,Balneario_Camboriu-Centro-apartamento-MASTER-3Q,Carteira 6,SC,"Balneário Camboriú, SC","Balneário Camboriú, SC, Centro",1,569,2710.83,13,11043.2,2025-11,0.1034,0.5144,3,30,1091.0,1091.0,23,2025-11-03,0.25,1091.0,8332.37,crítico
ZIO0201,Florianopolis-Ingleses_Praia-apartamento-SUP-1Q,Carteira 1,SC,"Florianópolis, SC","Florianópolis, SC, Ingleses Norte",0,99,1035.3,34,3392.97,2025-11,0.1667,0.4251,5,30,200.0,231.48,23,2025-11-03,0.31,0.0,2357.67,crítico
BDR523,Florianopolis-Lagoa-apartamento-SUP-1Q,Carteira 1,SC,"Florianópolis, SC","Florianópolis, SC, Lagoa da Conceição",3,1284,2009.36,23,2256.32,2025-11,0.4444,0.4355,12,30,204.08,195.2,15,2025-11-03,0.89,612.24,246.96000000000026,berlinda
CAV0411,Recife-Boa_Viagem-Bairro-apartamento-JR-1Q,Carteira 2,PE,"Recife, PE","Recife, PE, Boa Viagem",1,227,1243.21,34,1931.9,2025-11,0.4138,0.4127,12,30,124.75,130.82,17,2025-11-03,0.64,124.75,688.69,atenção
CEE202,Cabo_Frio-Centro-apartamento-JR-3Q,Carteira 4,RJ,"Cabo Frio, RJ","Cabo Frio, RJ, Foguete",16,1299,825.84,86,2426.8,2025-11,0.2857,0.2192,4,30,243.0,311.0,8,2025-11-03,0.34,3888.0,1600.96,crítico
CMD0311,Guarapari-Nova_Guarapari-apartamento-SUP-1Q,Carteira 4,ES,"Guarapari, ES","Guarapari, ES, Enseada Azul",3,1,0.0,27,1703.19,2025-11,0.0,0.1644,0,30,0.0,216.96,24,2025-11-03,0.0,0.0,1703.19,crítico
ESB0310,Salvador-Barra-apartamento-SUP-1Q,Carteira 2,BA,"Salvador, BA","Salvador, BA, Barra",0,102,2719.36,195,2712.93,2025-11,0.7,0.4447,21,30,185.43,240.0,9,2025-11-03,1.0,0.0,-6.430000000000291,berlinda
FUA0003,Ubatuba-Praia_do_Lazaro-apartamento-JR-1Q,Carteira 4,SP,"Ubatuba, SP","Ubatuba, SP, Lázaro Praia Domingos Dias",0,33,524.28,19,2617.58,2025-11,0.1,0.3855,3,30,211.0,248.92,24,2025-11-03,0.2,0.0,2093.3,crítico
JBV165,Especial-JBV-hotel-JR-1Q,Especial,SC,"Florianópolis, SC","Florianópolis, SC, Jurerê",0,464,7113.46,25,7947.66,2025-11,0.5667,0.4701,17,30,545.65,455.5,12,2025-11-03,0.9,0.0,834.1999999999998,berlinda
MHE0114,Florianopolis-Cachoeira_Bom_Jesus-apartamento-MASTER-2Q,Carteira 1,SC,"Florianópolis, SC","Florianópolis, SC, Cachoeira do Bom Jesus",0,278,12124.78,11,7630.28,2025-11,0.8333,0.453,25,30,563.88,641.0,4,2025-11-03,1.59,0.0,-4494.500000000001,ok
MHF1909,Itapema-Canto_Praia-apartamento-TOP-2Q,Carteira 5,SC,"Itapema, SC","Itapema, SC, Centro",0,303,1151.42,10,2423.39,2025-11,0.1667,0.2478,5,30,271.83,248.05,22,2025-11-03,0.48,0.0,1271.9699999999998,crítico
MHFB0604,Itapema-Canto_Praia-apartamento-SUP-1Q,Carteira 5,SC,"Itapema, SC","Itapema, SC, Centro",0,457,1261.21,9,2579.11,2025-11,0.3,0.2266,9,30,161.89,183.52,21,2025-11-03,0.49,0.0,1317.9,crítico
NWT0308,Especial-NWT-apartamento-TOP-1Q,Carteira 5,AL,"Maceió, AL","Maceió, AL, Pajuçara",0,375,2043.76,35,4545.08,2025-11,0.2333,0.472,7,30,350.0,350.0,21,2025-11-03,0.45,0.0,2501.3199999999997,crítico
NWT1307,Especial-NWT-apartamento-TOP-1Q,Carteira 5,AL,"Maceió, AL","Maceió, AL, Pajuçara",0,145,3669.38,35,4545.08,2025-11,0.4333,0.472,13,30,363.23,296.53,17,2025-11-03,0.81,0.0,875.6999999999998,berlinda
PVE0202,Guarapari-Nova_Guarapari-apartamento-JR-2Q,Carteira 4,ES,"Guarapari, ES","Guarapari, ES, Nova Guarapari",0,23,0.0,27,1703.19,2025-11,0.0,0.1644,0,30,0.0,205.44,27,2025-11-03,0.0,0.0,1703.19,crítico
RPV102,Florianopolis-Ingleses_Centro-apartamento-JR-3Q,Carteira 1,SC,"Florianópolis, SC","Florianópolis, SC, Ingleses do Rio Vermelho",13,438,1137.81,136,2821.45,2025-11,0.2941,0.2599,5,30,312.0,243.5,12,2025-11-03,0.4,4056.0,1683.6399999999999,crítico
RST0206,Penha-Praia-casa-SUP-3Q,Carteira 6,SC,"Penha, SC","Penha, SC, Armação",6,268,5083.75,12,4189.84,2025-11,0.75,0.3815,18,30,371.22,288.33,6,2025-11-03,1.21,2227.32,-893.9099999999999,ok
SQS0108,Brasilia-Asa_Sul-apartamento-SUP-2Q,Carteira 1,DF,"Brasília, DF","Brasília, DF, Asa Sul",0,38,2692.15,124,4247.38,2025-11,0.4,0.517,12,30,274.42,265.22,18,2025-11-03,0.63,0.0,1555.23,atenção
STL0702,Camboriu-Tabuleiro-apartamento-TOP-2Q,Carteira 6,SC,"Balneário Camboriú, SC","Balneário Camboriú, SC, Vila Real",0,681,1602.39,74,3268.25,2025-11,0.2,0.3287,6,30,345.0,345.25,24,2025-11-03,0.49,0.0,1665.86,crítico
TPS103,Florianopolis-Canasvieiras_Meio-apartamento-TOP-1Q,Carteira 1,SC,"Florianópolis, SC","Florianópolis, SC, Canasvieiras",0,990,901.13,24,3347.91,2025-11,0.1667,0.437,5,30,193.2,248.57,23,2025-11-03,0.27,0.0,2446.7799999999997,crítico
TPS207,Florianopolis-Canasvieiras_Meio-apartamento-TOP-1Q,Carteira 1,SC,"Florianópolis, SC","Florianópolis, SC, Canasvieiras",0,1030,1701.06,24,3347.91,2025-11,0.3333,0.437,10,30,224.9,280.05,19,2025-11-03,0.51,0.0,1646.85,atenção
VDE101,Florianopolis-Ingleses_Norte-apartamento-JR-2Q,Carteira 1,SC,"Florianópolis, SC","Florianópolis, SC, Ingleses do Rio Vermelho",28,526,0.0,24,3195.68,2025-11,0.0,0.3196,0,30,0.0,205.0,2,2025-11-03,0.0,0.0,3195.68,crítico
VPS111,Guara-Geral-apartamento-JR-1Q,Carteira 1,DF,"Brasília, DF","Brasília, DF, Zona Industrial Guará",3,634,2397.81,35,1880.32,2025-11,0.5926,0.4773,16,30,179.06,185.9,10,2025-11-03,1.28,537.1800000000001,-517.49,ok
ADS0103,Cabo_Frio-Centro-apartamento-JR-2Q,Carteira 4,RJ,"Cabo Frio, RJ","Cabo Frio, RJ, Passagem",1,361,964.92,140,2619.66,2025-11,0.1379,0.3084,4,30,319.0,277.14,22,2025-11-03,0.37,319.0,1654.7399999999998,crítico
ASK0003,Florianopolis-Itacorubi-apartamento-JR-1Q,Carteira 4,SC,"Florianópolis, SC","Florianópolis, SC, Santa Mônica",0,109,3740.99,12,2137.5,2025-11,0.8,0.4453,24,30,198.25,160.25,4,2025-11-03,1.75,0.0,-1603.4899999999998,ok
BBC0102,Marau-Barra_Grande-apartamento-SUP-3Q,Carteira 2,BA,"Maraú, BA","Maraú, BA, Barra Grande",4,26,3713.22,13,3700.9,2025-11,0.3846,0.2042,10,30,441.3,444.62,13,2025-11-03,1.0,1765.2,-12.319999999999709,berlinda
BLS1355,Goiania-Central-apartamento-SUP-1Q,Carteira 1_sys-price,GO,"Goiânia, GO","Goiânia, GO, Setor Marista",0,772,2023.89,127,604.39,2025-11,0.4667,0.1935,14,30,180.71,157.25,16,2025-11-03,3.35,0.0,-1419.5,meta_subestimada
CAT0905,Florianopolis-Centrao-apartamento-JR-2Q,Carteira 4,SC,"Florianópolis, SC","Florianópolis, SC, Centro",0,9,2397.79,18,2139.69,2025-11,0.4,0.3164,12,30,400.0,217.0,18,2025-11-03,1.12,0.0,-258.0999999999999,ok
CPJ0404,Florianopolis-Jurere_Internacional-apartamento-TOP-2Q,Carteira 1,SC,"Florianópolis, SC","Florianópolis, SC, Jurerê Internacional",0,702,6260.64,23,8652.19,2025-11,0.2667,0.4236,8,30,900.0,900.0,20,2025-11-03,0.72,0.0,2391.55,atenção
EJO0401,Florianopolis-Centrao-apartamento-JR-1Q,Carteira 4,SC,"Florianópolis, SC","Florianópolis, SC, Centro",0,200,3003.44,67,2150.88,2025-11,0.5333,0.3865,16,30,220.19,185.64,11,2025-11-03,1.4,0.0,-852.56,ok
FDK0074,Sao_Paulo-Pinheiros-apartamento-SUP-1Q,Carteira 4,SP,"São Paulo, SP","São Paulo, SP, Pinheiros",0,72,4916.56,410,3394.21,2025-11,0.6667,0.4927,20,30,263.29,223.86,7,2025-11-03,1.45,0.0,-1522.3500000000004,ok
NDE0002,Florianopolis-Campeche-apartamento-JR-1Q,Carteira 1,SC,"Florianópolis, SC","Florianópolis, SC, Ribeirão da Ilha",0,185,1291.87,21,1126.05,2025-11,0.3333,0.2771,10,30,161.0,191.35,20,2025-11-03,1.15,0.0,-165.81999999999994,ok
NWT0709,Especial-NWT-apartamento-MASTER-1Q,Carteira 5,AL,"Maceió, AL","Maceió, AL, Pajuçara",0,176,9523.2,26,5361.2,2025-11,0.7,0.5855,21,30,553.86,515.89,9,2025-11-03,1.78,0.0,-4162.000000000001,ok
NWT0910,Especial-NWT-apartamento-MASTER-1Q,Carteira 5,AL,"Maceió, AL","Maceió, AL, Pajuçara",0,221,5171.81,26,5361.2,2025-11,0.3333,0.5855,10,30,600.0,600.0,18,2025-11-03,0.96,0.0,189.38999999999942,berlinda
NWT1002,Especial-NWT-apartamento-TOP-1Q,Carteira 5,AL,"Maceió, AL","Maceió, AL, Pajuçara",0,198,5857.86,35,4545.08,2025-11,0.6667,0.472,20,30,345.35,308.22,9,2025-11-03,1.29,0.0,-1312.7799999999997,ok
NWT1503,Especial-NWT-apartamento-TOP-1Q,Carteira 5,AL,"Maceió, AL","Maceió, AL, Pajuçara",0,180,6465.07,35,4545.08,2025-11,0.6667,0.472,20,30,420.35,328.6,10,2025-11-03,1.42,0.0,-1919.9899999999998,ok
PLO0009,Jaguaruna-Camacho-apartamento-SUP-1Q,Carteira 6,SC,"Jaguaruna, SC","Jaguaruna, SC, Jaguaruna",0,15,571.45,8,1630.19,2025-11,0.1667,0.2015,5,30,138.0,118.91,22,2025-11-03,0.35,0.0,1058.74,crítico
PSO0509,Penha-Beto_Carrero-apartamento-SUP-1Q,Carteira 3,SC,"Penha, SC","Penha, SC, Praia de Armação do Itapocoroi",0,96,1989.12,12,1751.85,2025-11,0.3667,0.2595,11,30,238.85,160.64,14,2025-11-03,1.14,0.0,-237.26999999999998,ok
SDO206,Florianopolis-Ingleses_Norte-apartamento-SUP-3Q,Carteira 1,SC,"Florianópolis, SC","Florianópolis, SC, Ingleses do Rio Vermelho",4,1874,3254.57,13,3119.27,2025-11,0.5,0.1887,13,30,297.23,303.9,10,2025-11-03,1.04,1188.92,-135.30000000000018,berlinda
SPT0208,Blumenau-Central-apartamento-JR-1Q,Carteira 4,SC,"Blumenau, SC","Blumenau, SC, Itoupava Seca",0,534,0.0,26,450.13,2025-11,0.0,0.1337,0,30,0.0,122.41,27,2025-11-03,0.0,0.0,450.13,crítico
BSO0106,Itajai-Praia_Brava-apartamento-SUP-1Q,Carteira 6,SC,"Balneário Camboriú, SC","Balneário Camboriú, SC, Praia dos Amores",0,198,3840.9,50,2244.64,2025-11,0.7667,0.3503,23,30,200.3,173.43,7,2025-11-03,1.71,0.0,-1596.2600000000002,ok
BSO0207,Itajai-Praia_Brava-apartamento-SUP-1Q,Carteira 6,SC,"Balneário Camboriú, SC","Balneário Camboriú, SC, Praia dos Amores",0,192,2679.26,50,2244.64,2025-11,0.5667,0.3503,17,30,188.24,157.83,12,2025-11-03,1.19,0.0,-434.62000000000035,ok
CGR209,Gramado-Geral-apartamento-JR-1Q,Carteira 4,RS,"Gramado, RS","Gramado, RS, Vila Suiça",0,893,2559.03,99,4153.1,2025-11,0.5,0.511,15,30,218.13,263.42,12,2025-11-03,0.62,0.0,1594.0700000000002,atenção
EAR0411,Florianopolis-Ingleses_Norte-apartamento-TOP-3Q,Carteira 1,SC,"Florianópolis, SC","Florianópolis, SC, Ingleses do Rio Vermelho",6,318,5329.31,14,4032.42,2025-11,0.5417,0.3184,13,30,469.46,509.67,9,2025-11-03,1.32,2816.7599999999998,-1296.8900000000003,ok
ELR0507,Maceio-Ponta_Verde-apartamento-SUP-1Q,Carteira 2,AL,"Maceió, AL","Maceió, AL, Ponta Verde",0,38,1661.42,188,3794.7,2025-11,0.3,0.594,9,30,218.44,175.33,18,2025-11-03,0.44,0.0,2133.2799999999997,crítico
ENU011,Ubatuba-Praia_Grande-apartamento-JR-2Q,Carteira 4,SP,"Ubatuba, SP","Ubatuba, SP, Praia Grande",9,568,4055.6,180,3958.45,2025-11,0.7619,0.3897,16,30,308.38,265.75,4,2025-11-03,1.02,2775.42,-97.15000000000009,berlinda
FFS0603,Itapema-Meia_Praia-Sul-apartamento-TOP-1Q,Carteira 6,SC,"Itapema, SC","Itapema, SC, Meia Praia",0,10,702.27,13,3503.7,2025-11,0.1,0.2442,3,30,243.85,259.13,15,2025-11-03,0.2,0.0,2801.43,crítico
HPN707,Porto_Alegre-Cidade_Baixa-apartamento-JR-1Q,Carteira 4,RS,"Porto Alegre, RS","Porto Alegre, RS, Farroupilha",0,431,0.0,36,1163.03,2025-11,0.0,0.3261,0,30,0.0,140.26,27,2025-11-03,0.0,0.0,1163.03,crítico
LBM306,Florianopolis-Canasvieiras_Perto-apartamento-TOP-1Q,Carteira 1,SC,"Florianópolis, SC","Florianópolis, SC, Canasvieiras",30,1047,0.0,27,5109.56,2025-11,,0.4848,0,30,0.0,,0,2025-11-03,0.0,0.0,5109.56,crítico
NWT0816,Especial-NWT-apartamento-TOP-1Q,Carteira 5,AL,"Maceió, AL","Maceió, AL, Pajuçara",0,186,2909.64,35,4545.08,2025-11,0.4,0.472,12,30,302.33,284.0,15,2025-11-03,0.64,0.0,1635.44,atenção
RGF0711,Salvador-Flamengo-apartamento-TOP-1Q,Carteira 2,BA,"Salvador, BA","Salvador, BA, Itapuã",0,93,2400.87,27,2876.83,2025-11,0.5,0.3919,15,30,197.8,206.62,13,2025-11-03,0.83,0.0,475.96000000000004,berlinda
RPF0605,Porto_Alegre-Menino_Deus-apartamento-SUP-1Q,Carteira 4,RS,"Porto Alegre, RS","Porto Alegre, RS, Azenha",0,221,2377.38,12,1115.88,2025-11,0.5,0.1908,15,30,173.53,190.67,12,2025-11-03,2.13,0.0,-1261.5,meta_subestimada
RVG208,Florianopolis-Ingleses_Norte-apartamento-SUP-2Q,Carteira 1,SC,"Florianópolis, SC","Florianópolis, SC, Ingleses do Rio Vermelho",0,1801,3664.7,46,3271.44,2025-11,0.7,0.244,21,30,301.82,248.08,12,2025-11-03,1.12,0.0,-393.25999999999976,ok
SCO0008,Florianopolis-Campeche-apartamento-JR-2Q,Carteira 1,SC,"Florianópolis, SC","Florianópolis, SC, Campeche",0,172,1773.71,28,2262.28,2025-11,0.3667,0.3952,11,30,220.18,221.29,17,2025-11-03,0.78,0.0,488.57000000000016,atenção
ACO803,Balneario_Camboriu-Centro-apartamento-SUP-2Q,Carteira 6,SC,"Balneário Camboriú, SC","Balneário Camboriú, SC, Centro",3,605,4030.65,64,3923.17,2025-11,0.5556,0.3462,15,30,313.47,220.83,12,2025-11-03,1.03,940.4100000000001,-107.48000000000002,berlinda
CED0107,Brasilia-Asa_Sul-apartamento-SUP-1Q,Carteira 1,DF,"Brasília, DF","Brasília, DF, Setor Sudoeste",0,65,1512.42,122,2966.5,2025-11,0.2667,0.5646,8,30,242.88,246.05,22,2025-11-03,0.51,0.0,1454.08,atenção
CNB004,Especial-CNB-casa-TOP-1Q,Especial,SP,"Campos do Jordão, SP","Campos do Jordão, SP, Jardim Europa",0,596,5982.33,14,3701.03,2025-11,0.4,0.3298,12,30,605.83,631.06,16,2025-11-03,1.62,0.0,-2281.2999999999997,ok
CNB006,Especial-CNB-casa-TOP-1Q,Especial,SP,"Campos do Jordão, SP","Campos do Jordão, SP, Jardim Europa",0,596,2598.2,14,3701.03,2025-11,0.1333,0.3298,4,30,754.75,577.44,25,2025-11-03,0.7,0.0,1102.8300000000004,atenção
CTS0203,Florianopolis-Itacorubi-apartamento-SUP-2Q,Carteira 4,SC,"Florianópolis, SC","Florianópolis, SC, Itacorubi",2,107,2070.78,15,2102.22,2025-11,0.3214,0.3889,9,30,300.22,263.0,18,2025-11-03,0.99,600.44,31.4399999999996,berlinda
CZZ0504,Urubici-Geral-apartamento-SUP-1Q,Especial,SC,"Urubici, SC","Urubici, SC, Centro",0,226,1276.52,49,1538.22,2025-11,0.1333,0.1338,4,30,230.0,203.24,21,2025-11-03,0.83,0.0,261.70000000000005,berlinda
EBI0603,Curitiba-Jardim_Botanico-apartamento-SUP-1Q,Carteira 4,PR,"Curitiba, PR","Curitiba, PR, Prado Velho",0,170,924.89,15,2166.45,2025-11,0.2333,0.4932,7,30,164.57,194.09,22,2025-11-03,0.43,0.0,1241.56,crítico
FLT0004,Florianopolis-Centrao-apartamento-SIM-1Q,Carteira 4,SC,"Florianópolis, SC","Florianópolis, SC, Centro",0,317,690.88,13,1080.31,2025-11,0.2667,0.3199,8,30,120.63,155.57,21,2025-11-03,0.64,0.0,389.42999999999995,atenção
IAA0503,Recife-Boa_Viagem-apartamento-TOP-1Q,Carteira 2,PE,"Recife, PE","Recife, PE, Boa Viagem",0,598,1572.01,41,3221.46,2025-11,0.2667,0.3848,8,30,232.5,225.0,22,2025-11-03,0.49,0.0,1649.45,crítico
IDO207,Florianopolis-Canajure-apartamento-SUP-2Q,Carteira 1,SC,"Florianópolis, SC","Florianópolis, SC, Jurerê",6,467,5901.37,23,5296.91,2025-11,0.9167,0.4543,22,30,358.91,368.0,2,2025-11-03,1.11,2153.46,-604.46,ok
JMA009,Florianopolis-Jurere_Longe-apartamento-JR-1Q,Carteira 1,SC,"Florianópolis, SC","Florianópolis, SC, Jurerê",0,487,1116.47,31,2028.1,2025-11,0.2667,0.4085,8,30,152.5,176.4,20,2025-11-03,0.55,0.0,911.6299999999999,atenção
MBCAR1203,Goiania-Leste-apartamento-SUP-2Q,Carteira 1_sys-price,GO,"Goiânia, GO","Goiânia, GO, Jardim Goiás",0,296,1773.84,18,1046.24,2025-11,0.2667,0.2069,8,30,273.0,273.0,22,2025-11-03,1.7,0.0,-727.5999999999999,ok
MHF0502,Itapema-Canto_Praia-apartamento-TOP-2Q,Carteira 5,SC,"Itapema, SC","Itapema, SC, Centro",30,446,0.0,10,2423.39,2025-11,,0.2478,0,30,0.0,,0,2025-11-03,0.0,0.0,2423.39,crítico
MHF1209,Itapema-Canto_Praia-apartamento-TOP-2Q,Carteira 5,SC,"Itapema, SC","Itapema, SC, Centro",0,185,4843.39,10,2423.39,2025-11,0.5667,0.2478,17,30,299.89,253.0,12,2025-11-03,2.0,0.0,-2420.0000000000005,ok
MHFA0504,Itapema-Canto_Praia-apartamento-SUP-1Q,Carteira 5,SC,"Itapema, SC","Itapema, SC, Centro",0,456,1545.3,9,2579.11,2025-11,0.3333,0.2266,10,30,175.6,156.65,20,2025-11-03,0.6,0.0,1033.8100000000002,atenção
MHFB0705,Itapema-Canto_Praia-apartamento-SUP-1Q,Carteira 5,SC,"Itapema, SC","Itapema, SC, Centro",0,255,2114.18,9,2579.11,2025-11,0.4667,0.2266,14,30,172.86,198.4,15,2025-11-03,0.82,0.0,464.9300000000003,berlinda
RBA201,Florianopolis-Canasvieiras_Meio-apartamento-SUP-1Q,Carteira 1,SC,"Florianópolis, SC","Florianópolis, SC, Canasvieiras",0,787,3867.81,34,3015.73,2025-11,0.7,0.5251,21,30,252.67,239.56,9,2025-11-03,1.28,0.0,-852.0799999999999,ok
RRI0106,Florianopolis-Centrao-apartamento-SUP-1Q,Carteira 4,SC,"Florianópolis, SC","Florianópolis, SC, Centro",0,15,2993.03,114,2659.14,2025-11,0.6333,0.3255,19,30,204.26,201.56,9,2025-11-03,1.13,0.0,-333.8900000000003,ok
RUP1405,Blumenau-Central-apartamento-SUP-1Q,Carteira 4,SC,"Blumenau, SC","Blumenau, SC, Escola Agrícola",0,473,236.22,50,856.57,2025-11,0.0667,0.1654,2,30,139.0,134.76,25,2025-11-03,0.28,0.0,620.35,crítico
SLI0715,Maceio-Ponta_Verde-apartamento-TOP-2Q,Carteira 2,AL,"Maceió, AL","Maceió, AL, Ponta Verde",0,264,5747.36,36,5667.64,2025-11,0.7333,0.6263,22,30,316.0,280.29,7,2025-11-03,1.01,0.0,-79.71999999999935,berlinda
SMT0505,Salvador-Boca_do_Rio-apartamento-TOP-1Q,Carteira 2,BA,"Salvador, BA","Salvador, BA, Jardim Armação",0,87,2229.33,13,2847.5,2025-11,0.3333,0.4886,10,30,205.36,209.92,13,2025-11-03,0.78,0.0,618.1700000000001,atenção
SOA0506,Salvador-Boca_do_Rio-apartamento-SUP-1Q,Carteira 2,BA,"Salvador, BA","Salvador, BA, Boca do Rio",0,445,1664.46,25,2311.47,2025-11,0.4,0.3833,12,30,131.87,149.0,13,2025-11-03,0.72,0.0,647.0099999999998,atenção
TXP0314,Goiania-Central-apartamento-TOP-2Q,Carteira 1_sys-price,GO,"Goiânia, GO","Goiânia, GO, Setor Bueno",0,753,1342.3,13,1668.15,2025-11,0.1667,0.2333,5,30,300.0,323.5,24,2025-11-03,0.8,0.0,325.85000000000014,berlinda
VBP1805,Sao_Paulo-Pinheiros-apartamento-TOP-1Q,Carteira 4_sys-price,SP,"São Paulo, SP","São Paulo, SP, Pinheiros",30,316,0.0,267,4387.41,2025-11,,0.4901,0,30,0.0,,0,2025-11-03,0.0,0.0,4387.41,crítico
VDT0401,Bombinhas-Bombas-apartamento-MASTER-3Q,Carteira 6,SC,"Bombinhas, SC","Bombinhas, SC, Bombas",12,491,6798.4,16,6804.99,2025-11,0.8333,0.3701,15,30,517.73,450.0,3,2025-11-03,1.0,6212.76,6.5900000000001455,berlinda
VGT0004,Ilheus-Sul-apartamento-JR-2Q,Carteira 2,BA,"Ilhéus, BA","Ilhéus, BA, São Francisco",2,459,0.0,15,1576.18,2025-11,0.0,0.1918,0,30,0.0,128.22,27,2025-11-03,0.0,0.0,1576.18,crítico
CON1506,Porto_Alegre-PUC_RS-apartamento-SUP-1Q,Carteira 4,RS,"Porto Alegre, RS","Porto Alegre, RS, Partenon",0,894,1082.47,16,1000.02,2025-11,0.2333,0.2054,7,30,181.43,148.55,22,2025-11-03,1.08,0.0,-82.45000000000005,berlinda
CSD0302,Bombinhas-Bombas-apartamento-TOP-3Q,Carteira 6,SC,"Bombinhas, SC","Bombinhas, SC, Bombas",0,459,6139.29,15,3447.6,2025-11,0.6333,0.2896,19,30,440.63,215.33,9,2025-11-03,1.78,0.0,-2691.69,ok
LHD2007,Goiania-Central-apartamento-SUP-1Q,Carteira 1_sys-price,GO,"Goiânia, GO","Goiânia, GO, Setor Bueno",0,302,1828.88,127,604.39,2025-11,0.4667,0.1935,14,30,161.29,167.31,16,2025-11-03,3.03,0.0,-1224.4900000000002,meta_subestimada
NDE0001,Florianopolis-Campeche-apartamento-SUP-1Q,Carteira 1,SC,"Florianópolis, SC","Florianópolis, SC, Ribeirão da Ilha",0,205,2457.36,22,1969.86,2025-11,0.4667,0.3561,14,30,208.79,261.6,15,2025-11-03,1.25,0.0,-487.5000000000002,ok
NWT1418,Especial-NWT-apartamento-TOP-1Q,Carteira 5,AL,"Maceió, AL","Maceió, AL, Pajuçara",0,352,5850.82,35,4545.08,2025-11,0.6333,0.472,19,30,385.47,321.18,11,2025-11-03,1.29,0.0,-1305.7399999999998,ok
ONE0405,Salvador-Piata-apartamento-SUP-1Q,Carteira 5,BA,"Salvador, BA","Salvador, BA, Piatã",0,72,114.88,16,1053.4,2025-11,0.0333,0.2543,1,30,182.0,161.89,27,2025-11-03,0.11,0.0,938.5200000000001,crítico
PGO310,Pocos_de_Caldas-Geral-apartamento-SUP-1Q,Carteira 4,MG,"Poços de Caldas, MG","Poços de Caldas, MG, São Benedito",0,808,2227.27,27,1167.9,2025-11,0.5333,0.2113,16,30,161.69,129.07,14,2025-11-03,1.91,0.0,-1059.37,ok
PSO0302,Penha-Beto_Carrero-apartamento-SUP-1Q,Carteira 3,SC,"Penha, SC","Penha, SC, Praia de Armação do Itapocoroi",0,120,3857.64,12,1751.85,2025-11,0.6667,0.2595,20,30,214.95,185.44,9,2025-11-03,2.2,0.0,-2105.79,meta_subestimada
SPJ0505,Especial-SPJ-apartamento-TOP-1Q,Carteira 5,SC,"Florianópolis, SC","Florianópolis, SC, Jurerê",0,383,6494.78,19,5610.79,2025-11,0.8,0.5559,24,30,341.38,265.17,6,2025-11-03,1.16,0.0,-883.9899999999998,ok
SSG0125,Florianopolis-UFSC-apartamento-SUP-1Q,Carteira 4,SC,"Florianópolis, SC","Florianópolis, SC, Córrego Grande",0,991,4497.89,37,1897.84,2025-11,0.8667,0.3378,26,30,249.23,197.0,4,2025-11-03,2.37,0.0,-2600.05,meta_subestimada
STCY201,Florianopolis-Cachoeira_Bom_Jesus-apartamento-JR-1Q,Carteira 1,SC,"Florianópolis, SC","Florianópolis, SC, Cachoeira do Bom Jesus",0,562,774.4,11,895.39,2025-11,0.1667,0.1299,5,30,170.6,162.41,22,2025-11-03,0.86,0.0,120.99000000000001,berlinda
UNI0402,Cabedelo-Intermares-apartamento-TOP-1Q,Carteira 2,PB,"Cabedelo, PB","Cabedelo, PB, Intermares",0,149,1013.8,26,2584.47,2025-11,0.2667,0.3517,8,30,177.75,159.05,21,2025-11-03,0.39,0.0,1570.6699999999998,crítico
UPP0409,Curitiba-Centro-apartamento-JR-1Q,Carteira 4,PR,"Curitiba, PR","Curitiba, PR, Alto da XV",0,19,889.74,216,1613.6,2025-11,0.2,0.3993,6,30,153.5,155.96,23,2025-11-03,0.55,0.0,723.8599999999999,atenção
ACB0202,Florianopolis-Cachoeira_Bom_Jesus-apartamento-SUP-2Q,Carteira 1,SC,"Florianópolis, SC","Florianópolis, SC, Cachoeira do Bom Jesus Leste",4,198,2202.44,14,2740.23,2025-11,0.3846,0.2637,10,30,290.79,273.2,10,2025-11-03,0.8,1163.16,537.79,berlinda
AIR1507,Porto_Alegre-Menino_Deus-apartamento-TOP-1Q,Carteira 4,RS,"Porto Alegre, RS","Porto Alegre, RS, Praia de Belas",0,639,1556.4,24,1761.58,2025-11,0.1333,0.2958,4,30,420.75,333.0,23,2025-11-03,0.88,0.0,205.17999999999984,berlinda
BIA035,Sao_Paulo-Moema-apartamento-TOP-2Q,Carteira 4,SP,"São Paulo, SP","São Paulo, SP, Indianópolis",0,430,6572.39,24,5341.26,2025-11,0.6,0.5107,18,30,415.05,302.0,8,2025-11-03,1.23,0.0,-1231.13,ok
CCM0008,Bombinhas-Mariscal-casa-JR-2Q,Carteira 6,SC,"Bombinhas, SC","Bombinhas, SC, Campo Grande",30,345,0.0,15,1839.44,2025-11,,0.3028,0,30,0.0,,0,2025-11-03,0.0,0.0,1839.44,crítico
CMP0002,Florianopolis-Campeche-apartamento-JR-1Q,Carteira 1,SC,"Florianópolis, SC","Florianópolis, SC, Campeche",0,162,477.5,21,1126.05,2025-11,0.1333,0.2771,4,30,136.75,174.73,26,2025-11-03,0.42,0.0,648.55,crítico
CNA009,Especial-CNA-casa-MASTER-1Q,Especial,SP,"Campos do Jordão, SP","Campos do Jordão, SP, Jardim Europa",0,1016,3146.26,25,6397.17,2025-11,0.1333,0.3129,4,30,780.0,676.96,23,2025-11-03,0.49,0.0,3250.91,crítico
EEP0801,Guarapari-Centro-apartamento-SUP-2Q,Carteira 4,ES,"Guarapari, ES","Guarapari, ES, São Judas Tadeu",0,115,976.65,12,2118.77,2025-11,0.1667,0.1851,5,30,239.6,238.55,22,2025-11-03,0.46,0.0,1142.12,crítico
GVM133,Florianopolis-Praia_Brava-apartamento-JR-2Q,Carteira 1,SC,"Florianópolis, SC","Florianópolis, SC, Cachoeira do Bom Jesus",0,1277,643.89,12,1445.28,2025-11,0.1,0.1916,3,30,336.67,219.54,24,2025-11-03,0.45,0.0,801.39,crítico
JBV231,Especial-JBV-hotel-TOP-1Q,Especial,SC,"Florianópolis, SC","Florianópolis, SC, Jurerê",0,766,13235.92,32,9873.54,2025-11,0.8,0.5651,24,30,622.42,556.17,6,2025-11-03,1.34,0.0,-3362.379999999999,ok
PBT1003,Porto_Seguro-Pataxos-apartamento-JR-2Q,Carteira 2,BA,"Porto Seguro, BA","Porto Seguro, BA, Taperapuan",0,8,0.0,43,1644.75,2025-11,0.0,0.1841,0,30,0.0,164.19,27,2025-11-03,0.0,0.0,1644.75,crítico
PSN001,Itajai-Cabecudas-apartamento-TOP-2Q,Carteira 6,SC,"Itajaí, SC","Itajaí, SC, Cabeçudas",25,702,0.0,31,2627.78,2025-11,0.0,0.2793,0,30,0.0,400.0,5,2025-11-03,0.0,0.0,2627.78,crítico
QSA1405,Sao_Paulo-Moema-apartamento-TOP-1Q,Carteira 4,SP,"São Paulo, SP","São Paulo, SP, Vila Olímpia",0,436,4612.76,102,3578.07,2025-11,0.7667,0.4408,23,30,254.57,256.6,5,2025-11-03,1.29,0.0,-1034.69,ok
RFO0102,Bombinhas-Centro-apartamento-TOP-2Q,Carteira 6,SC,"Bombinhas, SC","Bombinhas, SC, Centro",0,508,3262.27,27,5247.9,2025-11,0.5333,0.4183,16,30,254.63,265.91,11,2025-11-03,0.62,0.0,1985.6299999999997,atenção
RTBA1361,Florianopolis-Canasvieiras_Meio-apartamento-SUP-2Q,Carteira 1,SC,"Florianópolis, SC","Florianópolis, SC, Canasvieiras",4,900,2041.03,15,3065.74,2025-11,0.3077,0.3682,8,30,501.87,202.28,18,2025-11-03,0.67,2007.48,1024.7099999999998,atenção
SSG0320,Florianopolis-UFSC-apartamento-TOP-1Q,Carteira 4,SC,"Florianópolis, SC","Florianópolis, SC, Córrego Grande",0,442,549.16,13,2547.0,2025-11,0.1333,0.4161,4,30,169.0,209.17,23,2025-11-03,0.22,0.0,1997.8400000000001,crítico
TDC0109,Mata_de_Sao_Joao-Praia_Imbassai-apartamento-TOP-2Q,Carteira 2,BA,"Mata de São João, BA","Mata de São João, BA, Imbassaí",0,9,2540.67,12,2622.91,2025-11,0.3667,0.2382,11,30,281.82,313.0,19,2025-11-03,0.97,0.0,82.23999999999978,berlinda
THO2708,Goiania-Leste-apartamento-TOP-1Q,Carteira 1_sys-price,GO,"Goiânia, GO","Goiânia, GO, Jardim Goiás",0,201,741.57,16,1266.2,2025-11,0.1667,0.2418,5,30,191.2,213.68,25,2025-11-03,0.59,0.0,524.63,atenção
VST003,Especial-VST-casa-TOP-1Q,Carteira 5,SC,"Anitápolis, SC","Anitápolis, SC, Rio dos Pinheiros",1,488,1721.53,42,1530.85,2025-11,0.3103,0.1234,9,30,240.11,202.68,19,2025-11-03,1.12,240.11,-190.68000000000006,ok
AYA201,Florianopolis-Jurere_Tradicional-apartamento-JR-3Q,Carteira 1,SC,"Florianópolis, SC","Florianópolis, SC, Jurerê",3,1984,7225.03,24,4858.71,2025-11,0.6296,0.3863,17,30,491.16,374.88,8,2025-11-03,1.49,1473.48,-2366.3199999999997,ok
CCI210,Florianopolis-Ingleses_Norte-apartamento-TOP-2Q,Carteira 1,SC,"Florianópolis, SC","Florianópolis, SC, Ingleses do Rio Vermelho",0,997,3227.53,17,3036.54,2025-11,0.3667,0.3235,11,30,342.73,305.5,16,2025-11-03,1.06,0.0,-190.99000000000024,berlinda
CZZ0404,Urubici-Geral-apartamento-SUP-1Q,Especial,SC,"Urubici, SC","Urubici, SC, Centro",1,221,904.74,49,1538.22,2025-11,0.1379,0.1338,4,30,267.75,215.63,24,2025-11-03,0.59,267.75,633.48,atenção
EMZ0504,Guarapari-Praia_do_Morro-apartamento-JR-2Q,Carteira 4,ES,"Guarapari, ES","Guarapari, ES, Praia do Morro",0,138,515.6,73,1621.38,2025-11,0.1333,0.2907,4,30,178.0,156.91,23,2025-11-03,0.32,0.0,1105.7800000000002,crítico
FFS1402,Itapema-Meia_Praia-Sul-apartamento-SUP-1Q,Carteira 6,SC,"Itapema, SC","Itapema, SC, Meia Praia",9,10,961.13,13,2800.53,2025-11,0.3333,0.4325,7,30,179.14,167.93,14,2025-11-03,0.34,1612.2599999999998,1839.4,crítico
ILC3109,Especial-ILC-hotel-TOP-1Q,Especial,SC,"Florianópolis, SC","Florianópolis, SC, Jurerê Internacional",0,1828,10497.8,28,10075.49,2025-11,0.6667,0.5987,20,30,680.9,657.2,10,2025-11-03,1.04,0.0,-422.3099999999995,berlinda
ILC4404,Especial-ILC-hotel-JR-1Q,Especial,SC,"Florianópolis, SC","Florianópolis, SC, Jurerê Internacional",0,1971,13799.88,16,7488.19,2025-11,0.9667,0.4706,29,30,645.59,464.0,1,2025-11-03,1.84,0.0,-6311.69,ok
JRR205,Florianopolis-Jurere_Tradicional-apartamento-TOP-1Q,Carteira 1,SC,"Florianópolis, SC","Florianópolis, SC, Jurerê",0,1185,3160.45,14,6829.73,2025-11,0.3333,0.5343,10,30,389.3,366.22,18,2025-11-03,0.46,0.0,3669.2799999999997,crítico
MCB0103,Balneario_Picarras-Geral-apartamento-SUP-2Q,Carteira 6,SC,"Balneário Piçarras, SC","Balneário Piçarras, SC, itacolomi",0,383,2411.73,47,1274.96,2025-11,0.4667,0.1633,14,30,135.62,142.56,9,2025-11-03,1.89,0.0,-1136.77,ok
MHF1901,Itapema-Canto_Praia-apartamento-TOP-1Q,Carteira 5,SC,"Itapema, SC","Itapema, SC, Centro",0,37,3689.12,17,1245.76,2025-11,0.6667,0.3257,20,30,251.2,220.0,8,2025-11-03,2.96,0.0,-2443.3599999999997,meta_subestimada
MLO0601,Itapema-Meia_Praia-Norte-apartamento-SUP-2Q,Carteira 6,SC,"Itapema, SC","Itapema, SC, Meia Praia",0,394,1774.42,17,3123.96,2025-11,0.3667,0.317,11,30,182.18,211.28,18,2025-11-03,0.57,0.0,1349.54,atenção
MTS1503,Itapema-Praia_Itapema-apartamento-SUP-2Q,Carteira 6,SC,"Itapema, SC","Itapema, SC, Morretes",0,213,3078.04,12,2670.35,2025-11,0.6333,0.3639,19,30,208.26,176.8,10,2025-11-03,1.15,0.0,-407.69000000000005,ok
PFN0007,Porto_Seguro-Pataxos-apartamento-JR-2Q,Carteira 2,BA,"Porto Seguro, BA","Porto Seguro, BA, Pataxós",29,218,0.0,43,1644.75,2025-11,0.0,0.1841,0,30,0.0,130.0,1,2025-11-03,0.0,0.0,1644.75,crítico
POS0205,Florianopolis-Ingleses_Praia-apartamento-JR-1Q,Carteira 1,SC,"Florianópolis, SC","Florianópolis, SC, Ingleses do Rio Vermelho",0,411,1347.4,26,2256.24,2025-11,0.3,0.374,9,30,268.22,199.21,19,2025-11-03,0.6,0.0,908.8399999999997,atenção
PSOA0912,Penha-Beto_Carrero-apartamento-SUP-1Q,Carteira 3,SC,"Penha, SC","Penha, SC, Praia de Armação do Itapocoroi",0,113,2233.65,12,1751.85,2025-11,0.4,0.2595,12,30,201.33,186.88,17,2025-11-03,1.28,0.0,-481.8000000000002,ok
RIV101,Florianopolis-Jurere_Tradicional-apartamento-TOP-2Q,Carteira 1,SC,"Florianópolis, SC","Florianópolis, SC, Jurerê",0,589,2971.41,20,9043.7,2025-11,0.2,0.4401,6,30,542.17,542.73,22,2025-11-03,0.33,0.0,6072.290000000001,crítico
TPS303,Florianopolis-Canasvieiras_Meio-apartamento-TOP-1Q,Carteira 1,SC,"Florianópolis, SC","Florianópolis, SC, Canasvieiras",3,457,837.03,24,3347.91,2025-11,0.1852,0.437,5,30,208.4,253.4,20,2025-11-03,0.25,625.2,2510.88,crítico
UPP0115,Curitiba-Centro-apartamento-JR-1Q,Carteira 4,PR,"Curitiba, PR","Curitiba, PR, Alto da XV",0,10,545.08,216,1613.6,2025-11,0.1667,0.3993,5,30,139.0,157.21,24,2025-11-03,0.34,0.0,1068.52,crítico
UPP0514,Curitiba-Centro-apartamento-JR-1Q,Carteira 4,PR,"Curitiba, PR","Curitiba, PR, Alto da XV",0,9,500.01,216,1613.6,2025-11,0.1667,0.3993,5,30,140.4,157.21,24,2025-11-03,0.31,0.0,1113.59,crítico
VDM101,Florianopolis-Canajure-apartamento-JR-1Q,Carteira 1,SC,"Florianópolis, SC","Florianópolis, SC, Canasvieiras",6,918,3348.67,47,1841.1,2025-11,0.8333,0.3322,20,30,217.4,222.0,3,2025-11-03,1.82,1304.4,-1507.5700000000002,ok
VEC311,Bombinhas-Centro-apartamento-SUP-1Q,Carteira 6,SC,"Bombinhas, SC","Bombinhas, SC, Centro",0,1040,3434.9,32,2844.7,2025-11,0.5333,0.4531,16,30,242.11,192.09,11,2025-11-03,1.21,0.0,-590.2000000000003,ok
VFI0103,Gramado-Geral-apartamento-JR-2Q,Carteira 4,RS,"Gramado, RS","Gramado, RS, Centro",8,330,4149.56,44,3981.28,2025-11,0.5909,0.4212,13,30,464.38,332.33,9,2025-11-03,1.04,3715.04,-168.2800000000002,berlinda
VMA101,Florianopolis-Jurere_Tradicional-apartamento-SUP-3Q,Carteira 1,SC,"Florianópolis, SC","Florianópolis, SC, Jurerê",6,681,9018.07,26,7596.45,2025-11,0.7083,0.4008,17,30,634.12,442.29,7,2025-11-03,1.19,3804.7200000000003,-1421.62,ok
BER0202,Maceio-Jatiuca-apartamento-SUP-1Q,Carteira 2,AL,"Maceió, AL","Maceió, AL, Ponta Verde",0,38,2003.89,89,2851.62,2025-11,0.4333,0.5075,13,30,183.31,167.81,16,2025-11-03,0.7,0.0,847.7299999999998,atenção
CET1604,Balneario_Camboriu-Centro-apartamento-TOP-2Q,Carteira 6,SC,"Balneário Camboriú, SC","Balneário Camboriú, SC, Centro",0,423,5982.49,26,4832.67,2025-11,0.7,0.3826,21,30,360.38,333.22,9,2025-11-03,1.24,0.0,-1149.8199999999997,ok
CPN0303,Florianopolis-Centrao-apartamento-TOP-2Q,Carteira 4,SC,"Florianópolis, SC","Florianópolis, SC, Centro",0,176,4900.67,23,5187.97,2025-11,0.5,0.3895,15,30,429.53,344.27,15,2025-11-03,0.94,0.0,287.3000000000002,berlinda
EKD0397,Balneario_Picarras-Geral-casa-TOP-3Q,Carteira 6,SC,"Balneário Piçarras, SC","Balneário Piçarras, SC, Centro",5,101,5303.04,8,4014.66,2025-11,1.0,0.2021,25,30,289.8,,0,2025-11-03,1.32,1449.0,-1288.38,ok
EME0218,Brasilia-Asa_Norte-apartamento-SUP-1Q,Carteira 1_sys-price,DF,"Brasília, DF","Brasília, DF, Setor Noroeste",0,430,2763.34,92,2693.61,2025-11,0.4333,0.5034,13,30,249.69,171.81,16,2025-11-03,1.03,0.0,-69.73000000000002,berlinda
IFT1405,Itapema-Meia_Praia-Norte-apartamento-TOP-1Q,Carteira 6,SC,"Itapema, SC","Itapema, SC, Meia Praia",0,340,0.0,24,2714.64,2025-11,0.0,0.2925,0,30,0.0,320.0,27,2025-11-03,0.0,0.0,2714.64,crítico
ILC3505,Especial-ILC-hotel-TOP-1Q,Especial,SC,"Florianópolis, SC","Florianópolis, SC, Jurerê Internacional",0,1538,13248.21,28,10075.49,2025-11,0.6,0.5987,18,30,881.06,617.27,11,2025-11-03,1.31,0.0,-3172.7199999999993,ok
MMD0604,Ilheus-Sul-apartamento-SUP-2Q,Carteira 2,BA,"Ilhéus, BA","Ilhéus, BA, São Francisco",0,162,1687.46,30,1557.2,2025-11,0.3667,0.2303,11,30,177.0,185.68,19,2025-11-03,1.08,0.0,-130.26,berlinda
OCN0901,Blumenau-Central-apartamento-SUP-1Q,Carteira 4,SC,"Blumenau, SC","Blumenau, SC, Velha",2,15,560.38,50,856.57,2025-11,0.1786,0.1654,5,30,135.2,134.82,22,2025-11-03,0.65,270.4,296.19000000000005,atenção
OMC1303,Itapema-Praia_Centro-apartamento-SUP-2Q,Carteira 6,SC,"Itapema, SC","Itapema, SC, Tabuleiro dos Oliveiras",0,171,1794.93,14,2452.59,2025-11,0.4333,0.2941,13,30,185.15,177.88,17,2025-11-03,0.73,0.0,657.6600000000001,atenção
PGO0205,Pocos_de_Caldas-Geral-apartamento-SUP-1Q,Carteira 4,MG,"Poços de Caldas, MG","Poços de Caldas, MG, São Benedito",1,327,1206.35,27,1167.9,2025-11,0.2759,0.2113,8,30,176.82,134.24,17,2025-11-03,1.03,176.82,-38.44999999999982,berlinda
PSO1006,Penha-Beto_Carrero-apartamento-SUP-1Q,Carteira 3,SC,"Penha, SC","Penha, SC, Praia de Armação do Itapocoroi",0,96,1941.27,12,1751.85,2025-11,0.4333,0.2595,13,30,234.4,183.5,18,2025-11-03,1.11,0.0,-189.42000000000007,ok
PSOB0512,Penha-Beto_Carrero-apartamento-SUP-1Q,Carteira 3,SC,"Penha, SC","Penha, SC, Praia de Armação do Itapocoroi",0,99,2532.95,12,1751.85,2025-11,0.4,0.2595,12,30,228.67,182.06,18,2025-11-03,1.45,0.0,-781.0999999999999,ok
RAS175,Campos_do_Jordao-Capivari_Centro-casa-SUP-3Q,Carteira 4,SP,"Campos do Jordão, SP","Campos do Jordão, SP, J Andira",14,835,5160.92,7,3893.0,2025-11,0.5625,0.0905,9,30,594.33,406.58,12,2025-11-03,1.33,8320.62,-1267.92,ok
RBM207,Cabo_Frio-Centro-apartamento-JR-3Q,Carteira 4,RJ,"Cabo Frio, RJ","Cabo Frio, RJ, Vila Nova",6,859,3884.34,86,2426.8,2025-11,0.4583,0.2192,11,30,419.09,404.64,11,2025-11-03,1.6,2514.54,-1457.54,ok
RLZ0301,Florianopolis-Itacorubi-apartamento-TOP-2Q,Carteira 4,SC,"Florianópolis, SC","Florianópolis, SC, Itacorubi",0,156,2265.1,10,2816.59,2025-11,0.3333,0.2,10,30,299.4,336.75,20,2025-11-03,0.8,0.0,551.4900000000002,berlinda
SMT0529,Salvador-Boca_do_Rio-apartamento-TOP-1Q,Carteira 2,BA,"Salvador, BA","Salvador, BA, Armação",0,212,2288.52,13,2847.5,2025-11,0.5,0.4886,15,30,198.0,224.58,12,2025-11-03,0.8,0.0,558.98,berlinda
UOY1605,Sao_Paulo-Mariana-apartamento-TOP-1Q,Carteira 4,SP,"São Paulo, SP","São Paulo, SP, Vila Mariana",0,29,4228.46,76,2906.57,2025-11,0.7333,0.3836,22,30,221.68,198.43,7,2025-11-03,1.45,0.0,-1321.8899999999999,ok
VAC0201,Barra_Velha-Tabuleiro-apartamento-SUP-2Q,Carteira 3,SC,"Barra Velha, SC","Barra Velha, SC, Itajuba",4,436,1939.78,66,1373.37,2025-11,0.5385,0.1678,14,30,183.0,161.83,12,2025-11-03,1.41,732.0,-566.4100000000001,ok
VST028,Especial-VST-casa-TOP-1Q,Carteira 5,SC,"Anitápolis, SC","Anitápolis, SC, Rio dos Pinheiros",1,176,1388.12,42,1530.85,2025-11,0.2069,0.1234,6,30,235.5,187.39,18,2025-11-03,0.91,235.5,142.73000000000002,berlinda
ACM0865,Caldas_Novas-Geral-apartamento-SUP-2Q,Carteira 3,GO,"Caldas Novas, GO","Caldas Novas, GO, Do Turista",3,137,2230.71,25,1640.5,2025-11,0.2963,0.1795,8,30,344.63,261.26,19,2025-11-03,1.36,1033.8899999999999,-590.21,ok
AGA0203,Camaçari-Jacuipe-apartamento-SUP-2Q,Carteira 2,BA,"Camaçari, BA","Camaçari, BA, Monte Gordo",3,179,1459.64,90,3703.22,2025-11,0.2963,0.2184,8,30,233.75,230.17,18,2025-11-03,0.39,701.25,2243.58,crítico
CEJ0304,Florianopolis-Jurere_Longe-apartamento-TOP-1Q,Carteira 1,SC,"Florianópolis, SC","Florianópolis, SC, Jurerê",0,47,7358.35,35,5861.6,2025-11,0.9667,0.476,29,30,326.86,,0,2025-11-03,1.26,0.0,-1496.75,ok
CEP093,Balneario_Camboriu-Centro-apartamento-SUP-3Q,Carteira 6,SC,"Balneário Camboriú, SC","Balneário Camboriú, SC, Centro",6,787,3779.26,71,3587.4,2025-11,0.375,0.3532,9,30,485.22,196.17,12,2025-11-03,1.05,2911.32,-191.86000000000013,berlinda
CLR0211,Brasilia-Vila_Planalto-apartamento-SUP-1Q,Carteira 1,DF,"Brasília, DF","Brasília, DF, Asa Norte",0,128,2226.25,62,2629.36,2025-11,0.3,0.3803,9,30,295.17,289.78,18,2025-11-03,0.85,0.0,403.1100000000001,berlinda
DMS0203,Gramado-Centro-apartamento-TOP-2Q,Carteira 4,RS,"Gramado, RS","Gramado, RS, Bairro Belverede",0,262,12500.74,55,9753.75,2025-11,0.7333,0.6489,22,30,720.68,594.63,8,2025-11-03,1.28,0.0,-2746.99,ok
DPR0002,Balneario_Camboriu-Sul-apartamento-JR-1Q,Carteira 6,SC,"Balneário Camboriú, SC","Balneário Camboriú, SC, Barra",0,255,2512.9,28,1817.54,2025-11,0.6333,0.3751,19,30,157.11,119.18,11,2025-11-03,1.38,0.0,-695.3600000000001,ok
EBA0401,Porto_Alegre-Cidade_Baixa-apartamento-JR-1Q,Carteira 4,RS,"Porto Alegre, RS","Porto Alegre, RS, Cidade Baixa",0,723,0.0,36,1163.03,2025-11,0.0,0.3261,0,30,0.0,140.26,27,2025-11-03,0.0,0.0,1163.03,crítico
ECL1902,Curitiba-Centro-apartamento-SUP-1Q,Carteira 4,PR,"Curitiba, PR","Curitiba, PR, Centro",0,142,1395.07,298,1815.18,2025-11,0.3667,0.3686,11,30,154.18,193.42,19,2025-11-03,0.77,0.0,420.1100000000001,atenção
EMM0202,Guarapari-Praia_do_Morro-apartamento-SUP-2Q,Carteira 4,ES,"Guarapari, ES","Guarapari, ES, Praia do Morro",0,418,0.0,46,2755.92,2025-11,0.0,0.4151,0,30,215.0,206.79,24,2025-11-03,0.0,0.0,2755.92,crítico
ESS1004,Goiania-Leste-apartamento-SUP-1Q,Carteira 1_sys-price,GO,"Goiânia, GO","Goiânia, GO, Setor Alto da Glória",0,250,793.92,57,1049.75,2025-11,0.2,0.2168,6,30,157.17,210.0,24,2025-11-03,0.76,0.0,255.83000000000004,atenção
EVZ0601,Balneario_Camboriu-Norte-apartamento-JR-3Q,Carteira 6,SC,"Balneário Camboriú, SC","Balneário Camboriú, SC, Centro",8,235,1173.18,19,4087.65,2025-11,0.1818,0.3406,4,30,301.0,306.71,17,2025-11-03,0.29,2408.0,2914.4700000000003,crítico
JMA006,Florianopolis-Jurere_Longe-apartamento-JR-1Q,Carteira 1,SC,"Florianópolis, SC","Florianópolis, SC, Jurerê",0,779,1645.14,31,2028.1,2025-11,0.3333,0.4085,10,30,194.4,172.16,19,2025-11-03,0.81,0.0,382.9599999999998,berlinda
MHFB2007,Itapema-Canto_Praia-apartamento-SUP-1Q,Carteira 5,SC,"Itapema, SC","Itapema, SC, Centro",3,381,0.0,9,2579.11,2025-11,0.0,0.2266,0,30,0.0,288.0,26,2025-11-03,0.0,0.0,2579.11,crítico
NRR128,Balneario_Camboriu-Intermediario-casa-JR-3Q,Carteira 6,SC,"Balneário Camboriú, SC","Balneário Camboriú, SC, Centro",3,890,1595.58,19,2665.6,2025-11,0.3333,0.2797,9,30,202.0,228.17,18,2025-11-03,0.6,606.0,1070.02,atenção
NWT1010,Especial-NWT-apartamento-MASTER-1Q,Carteira 5,AL,"Maceió, AL","Maceió, AL, Pajuçara",0,192,10148.19,26,5361.2,2025-11,0.7,0.5855,21,30,638.67,513.33,9,2025-11-03,1.89,0.0,-4786.990000000001,ok
PSOA1103,Penha-Beto_Carrero-apartamento-SUP-1Q,Carteira 3,SC,"Penha, SC","Penha, SC, Praia de Armação do Itapocoroi",0,101,1419.91,12,1751.85,2025-11,0.2667,0.2595,8,30,211.5,184.2,20,2025-11-03,0.81,0.0,331.9399999999998,berlinda
RMM0318,Florianopolis-Ingleses_Centro-apartamento-SUP-1Q,Carteira 1,SC,"Florianópolis, SC","Florianópolis, SC, Ingleses do Rio Vermelho",0,591,1808.56,22,2087.56,2025-11,0.4,0.2901,12,30,215.33,222.61,18,2025-11-03,0.87,0.0,279.0,berlinda
SMZ407,Brasilia-Setor_Hoteleiro-apartamento-SUP-1Q,Carteira 1,DF,"Brasília, DF","Brasília, DF, Asa Norte",0,542,4746.11,147,4038.01,2025-11,0.6333,0.5091,19,30,492.89,263.0,11,2025-11-03,1.18,0.0,-708.0999999999995,ok
SOH1102,Maceio-Ponta_Verde-apartamento-SUP-2Q,Carteira 2,AL,"Maceió, AL","Maceió, AL, Ponta Verde",0,337,6773.02,29,3923.66,2025-11,0.8333,0.542,25,30,309.84,308.0,5,2025-11-03,1.73,0.0,-2849.3600000000006,ok
THO2614,Goiania-Leste-apartamento-SUP-1Q,Carteira 1_sys-price,GO,"Goiânia, GO","Goiânia, GO, Jardim Goiás",0,533,1255.82,57,1049.75,2025-11,0.2667,0.2168,8,30,162.8,148.2,20,2025-11-03,1.2,0.0,-206.06999999999994,ok
TRC0410,Florianopolis-UFSC-apartamento-SUP-1Q,Carteira 4,SC,"Florianópolis, SC","Florianópolis, SC, Carvoeira",0,130,1904.99,37,1897.84,2025-11,0.3,0.3378,9,30,217.22,191.84,19,2025-11-03,1.0,0.0,-7.150000000000091,berlinda
VGL041,Petropolis-Mosela-casa-JR-3Q,Carteira 4,RJ,"Petrópolis, RJ","Petrópolis, RJ, Mosela",20,856,3103.6,13,4116.85,2025-11,0.4,0.3316,4,30,864.5,201.2,5,2025-11-03,0.75,17290.0,1013.2500000000005,atenção
CAP0302,Gramado-Carniel-apartamento-TOP-2Q,Carteira 4,RS,"Gramado, RS","Gramado, RS, Carniel",0,690,6782.13,101,8350.4,2025-11,0.6333,0.5694,19,30,460.42,451.36,11,2025-11-03,0.81,0.0,1568.2699999999995,berlinda
CMI0301,Florianopolis-Ingleses_Centro-apartamento-SUP-2Q,Carteira 1,SC,"Florianópolis, SC","Florianópolis, SC, Ingleses do Rio Vermelho",0,703,3137.48,18,2117.79,2025-11,0.5667,0.2159,17,30,240.47,248.85,13,2025-11-03,1.48,0.0,-1019.69,ok
CNU202,Florianopolis-Ingleses_Norte-apartamento-JR-2Q,Carteira 1,SC,"Florianópolis, SC","Florianópolis, SC, Ingleses do Rio Vermelho",0,1187,2062.97,24,3195.68,2025-11,0.4,0.3196,12,30,231.42,200.53,15,2025-11-03,0.65,0.0,1132.71,atenção
EMA0201,Itapema-Meia_Praia-Sul-apartamento-TOP-3Q,Carteira 6,SC,"Itapema, SC","Itapema, SC, Meia Praia",11,232,5832.67,23,3858.69,2025-11,0.8421,0.2767,16,30,447.81,233.33,3,2025-11-03,1.51,4925.91,-1973.98,ok
GSE0110,Cabedelo-Intermares-apartamento-MASTER-1Q,Carteira 2,PB,"João Pessoa, PB","João Pessoa, PB, Bessa",12,24,1617.54,31,5078.58,2025-11,0.3889,0.5849,7,30,269.0,261.09,11,2025-11-03,0.32,3228.0,3461.04,crítico
JBV134,Especial-JBV-hotel-JR-1Q,Especial,SC,"Florianópolis, SC","Florianópolis, SC, Jurerê",4,1971,8125.77,25,7947.66,2025-11,0.5,0.4701,13,30,469.61,408.57,7,2025-11-03,1.02,1878.44,-178.11000000000058,berlinda
LBH104,São_Miguel_dos_Milagres-Geral-casa-SUP-2Q,Carteira 2,AL,"Passo de Camaragibe, AL","Passo de Camaragibe, AL, Passo de Camaragibe",5,631,1367.21,19,4817.59,2025-11,0.2,0.4229,5,30,330.6,294.42,19,2025-11-03,0.28,1653.0,3450.38,crítico
MGI0068,Porto_Seguro-Pitinga-casa-TOP-3Q,Carteira 2,BA,"Porto Seguro, BA","Porto Seguro, BA, Alto da Pitinga",2,54,2958.48,10,3094.67,2025-11,0.1429,0.1947,4,30,1105.0,800.0,21,2025-11-03,0.96,2210.0,136.19000000000005,berlinda
NWT0710,Especial-NWT-apartamento-TOP-1Q,Carteira 5,AL,"Maceió, AL","Maceió, AL, Pajuçara",0,186,4056.18,35,4545.08,2025-11,0.5,0.472,15,30,352.43,280.0,6,2025-11-03,0.89,0.0,488.9000000000001,berlinda
PSO0501,Penha-Beto_Carrero-apartamento-SUP-1Q,Carteira 3,SC,"Penha, SC","Penha, SC, Praia de Armação do Itapocoroi",0,92,3866.23,12,1751.85,2025-11,0.5667,0.2595,17,30,212.38,171.63,8,2025-11-03,2.21,0.0,-2114.38,meta_subestimada
RHE201,Bombinhas-Mariscal-casa-JR-2Q,Carteira 6,SC,"Bombinhas, SC","Bombinhas, SC, Morrinhos",3,575,1493.98,15,1839.44,2025-11,0.4815,0.3028,13,30,147.85,166.0,12,2025-11-03,0.81,443.54999999999995,345.46000000000004,berlinda
ROR0001,Bombinhas-Bombas-apartamento-SUP-2Q,Carteira 6,SC,"Bombinhas, SC","Bombinhas, SC, Bombas",0,785,3917.88,65,2674.82,2025-11,0.8667,0.3289,26,30,200.23,110.0,3,2025-11-03,1.46,0.0,-1243.06,ok
RVG0207,Florianopolis-Ingleses_Norte-apartamento-SUP-2Q,Carteira 1,SC,"Florianópolis, SC","Florianópolis, SC, Ingleses Norte",4,201,3016.26,46,3271.44,2025-11,0.5,0.244,13,30,289.85,249.55,11,2025-11-03,0.92,1159.4,255.17999999999984,berlinda
SDP0206,Florianopolis-Ingleses_Praia-apartamento-SUP-2Q,Carteira 1,SC,"Florianópolis, SC","Florianópolis, SC, Ingleses do Rio Vermelho",0,946,3466.61,42,2824.61,2025-11,0.4333,0.2907,13,30,366.77,243.65,17,2025-11-03,1.23,0.0,-642.0,ok
SHA0104,Balneario_Picarras-Geral-apartamento-SUP-2Q,Carteira 6,SC,"Balneário Piçarras, SC","Balneário Piçarras, SC, Centro",10,45,1156.22,47,1274.96,2025-11,0.45,0.1633,9,30,163.67,128.55,11,2025-11-03,0.91,1636.6999999999998,118.74000000000001,berlinda
TCO1014,Porto_Alegre-Centro_Historico-apartamento-SUP-1Q,Carteira 4,RS,"Porto Alegre, RS","Porto Alegre, RS, Centro Histórico",0,572,1629.96,65,1297.34,2025-11,0.4667,0.2842,14,30,148.07,140.67,15,2025-11-03,1.26,0.0,-332.6200000000001,ok
APC2200,Bombinhas-Mariscal-casa-TOP-3Q,Carteira 6,SC,"Bombinhas, SC","Bombinhas, SC, Canto Grande",8,956,8352.0,17,5586.45,2025-11,0.8182,0.3089,18,30,580.44,190.0,3,2025-11-03,1.5,4643.52,-2765.55,ok
BLB1502,Salvador-Barra-apartamento-SUP-1Q,Carteira 2,BA,"Salvador, BA","Salvador, BA, Barra",0,684,1361.89,195,2712.93,2025-11,0.2667,0.4447,8,30,214.75,219.32,19,2025-11-03,0.5,0.0,1351.0399999999997,atenção
BMR0004,Porto_Seguro-Pataxos-casa-JR-2Q,Carteira 2,BA,"Porto Seguro, BA","Porto Seguro, BA, Loteamento Village I",0,382,0.0,13,2715.37,2025-11,0.0,0.3023,0,30,0.0,174.0,27,2025-11-03,0.0,0.0,2715.37,crítico
CAS0031,Florianopolis-Estreito-apartamento-SUP-2Q,Carteira 4,SC,"Florianópolis, SC","Florianópolis, SC, Coqueiros",0,254,1728.45,10,2534.1,2025-11,0.2667,0.2686,8,30,250.38,215.81,16,2025-11-03,0.68,0.0,805.6499999999999,atenção
CNA015,Especial-CNA-casa-MASTER-1Q,Especial,SP,"Campos do Jordão, SP","Campos do Jordão, SP, Jardim Europa",0,1016,6635.82,25,6397.17,2025-11,0.5,0.3129,15,30,564.0,668.67,15,2025-11-03,1.04,0.0,-238.64999999999964,berlinda
CPN0002,Florianopolis-Centrao-apartamento-JR-2Q,Carteira 4,SC,"Florianópolis, SC","Florianópolis, SC, Centro",0,390,2616.1,18,2139.69,2025-11,0.4667,0.3164,14,30,227.71,259.4,15,2025-11-03,1.22,0.0,-476.40999999999985,ok
CRJ101,Florianopolis-Jurere_Tradicional-apartamento-SUP-2Q,Carteira 1,SC,"Florianópolis, SC","Florianópolis, SC, Jurerê",0,1023,5187.03,27,6624.43,2025-11,0.4333,0.5017,13,30,427.38,278.4,15,2025-11-03,0.78,0.0,1437.4000000000005,atenção
DLH0103,Gramado-Centro-apartamento-TOP-2Q,Carteira 4,RS,"Gramado, RS","Gramado, RS, Centro",0,407,11421.64,55,9753.75,2025-11,0.6333,0.6489,19,30,740.37,545.89,9,2025-11-03,1.17,0.0,-1667.8899999999994,ok
ELLC0000,Ilheus-Sul-apartamento-SUP-2Q,Carteira 2,BA,"Ilhéus, BA","Ilhéus, BA, Nossa Senhora da Vitória",3,67,1378.26,30,1557.2,2025-11,0.2222,0.2303,6,30,270.33,146.44,18,2025-11-03,0.89,810.99,178.94000000000005,berlinda
FFS1306,Itapema-Meia_Praia-Sul-apartamento-SUP-1Q,Carteira 6,SC,"Itapema, SC","Itapema, SC, Meia Praia",0,10,816.31,13,2800.53,2025-11,0.2,0.4325,6,30,168.17,160.64,22,2025-11-03,0.29,0.0,1984.2200000000003,crítico
FML202,Florianopolis-Canasvieiras_Perto-apartamento-JR-2Q,Carteira 1,SC,"Florianópolis, SC","Florianópolis, SC, Canasvieiras",8,638,2840.11,13,3406.37,2025-11,0.5909,0.3868,13,30,284.31,291.22,9,2025-11-03,0.83,2274.48,566.2599999999998,berlinda
GCH0201,Camaçari-Jacuipe-apartamento-JR-3Q,Carteira 2,BA,"Camaçari, BA","Camaçari, BA, Guarajuba Monte Gordo",3,432,1044.84,81,3511.0,2025-11,0.2222,0.2041,6,30,270.0,230.22,18,2025-11-03,0.3,810.0,2466.16,crítico
ILC2316,Especial-ILC-hotel-TOP-1Q,Especial,SC,"Florianópolis, SC","Florianópolis, SC, Jurerê Internacional",0,1522,11128.84,28,10075.49,2025-11,0.6667,0.5987,20,30,736.2,515.5,10,2025-11-03,1.1,0.0,-1053.3500000000004,ok
ILH0107,Florianopolis-Canasvieiras_Perto-apartamento-SUP-2Q,Carteira 1,SC,"Florianópolis, SC","Florianópolis, SC, Canasvieiras",0,753,3780.81,21,5296.91,2025-11,0.4667,0.4581,14,30,319.0,370.07,15,2025-11-03,0.71,0.0,1516.1,atenção
JRR410,Florianopolis-Jurere_Tradicional-apartamento-MASTER-1Q,Carteira 1,SC,"Florianópolis, SC","Florianópolis, SC, Jurerê",0,1354,2544.99,26,9506.0,2025-11,0.2333,0.4699,7,30,385.5,433.59,22,2025-11-03,0.27,0.0,6961.01,crítico
MHF1604,Itapema-Canto_Praia-apartamento-TOP-1Q,Carteira 5,SC,"Itapema, SC","Itapema, SC, Centro",1,407,3437.09,17,1245.76,2025-11,0.6207,0.3257,18,30,226.22,243.64,11,2025-11-03,2.76,226.22,-2191.33,meta_subestimada
MHF1605,Itapema-Canto_Praia-apartamento-TOP-1Q,Carteira 5,SC,"Itapema, SC","Itapema, SC, Centro",0,500,3621.37,17,1245.76,2025-11,0.5,0.3257,15,30,318.29,232.69,13,2025-11-03,2.91,0.0,-2375.6099999999997,meta_subestimada
MMD0305,Ilheus-Sul-apartamento-SUP-2Q,Carteira 2,BA,"Ilhéus, BA","Ilhéus, BA, São Francisco",0,155,2249.84,30,1557.2,2025-11,0.4,0.2303,12,30,230.92,187.82,17,2025-11-03,1.44,0.0,-692.6400000000001,ok
NWT0504,Especial-NWT-apartamento-TOP-1Q,Carteira 5,AL,"Maceió, AL","Maceió, AL, Pajuçara",0,225,3993.04,35,4545.08,2025-11,0.5,0.472,15,30,309.47,290.47,15,2025-11-03,0.88,0.0,552.04,berlinda
NWT0911,Especial-NWT-apartamento-MASTER-1Q,Carteira 5,AL,"Maceió, AL","Maceió, AL, Pajuçara",3,221,2698.9,26,5361.2,2025-11,0.1852,0.5855,5,30,600.0,600.0,20,2025-11-03,0.5,1800.0,2662.2999999999997,atenção
ONP0913,Sao_Paulo-Bela_Vista-apartamento-SUP-1Q,Carteira 4,SP,"São Paulo, SP","São Paulo, SP, Paraíso",0,31,3974.57,577,2932.4,2025-11,0.8,0.4661,24,30,197.0,178.33,6,2025-11-03,1.36,0.0,-1042.17,ok
POR410,Florianopolis-Ingleses_Norte-apartamento-SUP-4Q,Carteira 1,SC,"Florianópolis, SC","Florianópolis, SC, Ingleses Norte",23,880,5345.28,17,4155.29,2025-11,1.0,0.3562,7,30,1044.86,,0,2025-11-03,1.29,24031.78,-1189.9899999999998,ok
RFM0012,Santa_Cruz_Cabralia-Coroa_Vermelha-apartamento-SUP-2Q,Carteira 2,BA,"Santa Cruz Cabrália, BA","Porto Seguro, BA, Mutá",0,295,1709.7,34,2500.7,2025-11,0.4,0.2968,12,30,195.33,215.27,15,2025-11-03,0.68,0.0,790.9999999999998,atenção
SDR002,Florianopolis-Lagoa-apartamento-SUP-1Q,Carteira 1,SC,"Florianópolis, SC","Florianópolis, SC, Lagoa da Conceição",2,1575,2047.2,23,2256.32,2025-11,0.5714,0.4355,16,30,182.94,210.36,11,2025-11-03,0.91,365.88,209.12000000000012,berlinda
SKC0414,Maceio-Jatiuca-apartamento-TOP-1Q,Carteira 2,AL,"Maceió, AL","Maceió, AL, Jatiúca",0,268,3643.8,36,3330.98,2025-11,0.7,0.4725,21,30,225.33,215.33,9,2025-11-03,1.09,0.0,-312.82000000000016,berlinda
TCO1104,Porto_Alegre-Centro_Historico-apartamento-SUP-1Q,Carteira 4,RS,"Porto Alegre, RS","Porto Alegre, RS, Centro Histórico",0,411,1497.59,65,1297.34,2025-11,0.5,0.2842,15,30,128.73,143.73,15,2025-11-03,1.15,0.0,-200.25,ok
TPS104,Florianopolis-Canasvieiras_Meio-apartamento-TOP-1Q,Carteira 1,SC,"Florianópolis, SC","Florianópolis, SC, Canasvieiras",0,1005,958.68,24,3347.91,2025-11,0.2,0.437,6,30,201.0,272.29,21,2025-11-03,0.29,0.0,2389.23,crítico
TPS107,Florianopolis-Canasvieiras_Meio-apartamento-TOP-1Q,Carteira 1,SC,"Florianópolis, SC","Florianópolis, SC, Canasvieiras",0,507,2482.04,24,3347.91,2025-11,0.4333,0.437,13,30,235.31,287.06,17,2025-11-03,0.74,0.0,865.8699999999999,atenção
VEC114,Bombinhas-Centro-apartamento-SUP-1Q,Carteira 6,SC,"Bombinhas, SC","Bombinhas, SC, Centro",0,1040,3487.94,32,2844.7,2025-11,0.5667,0.4531,17,30,300.47,196.62,13,2025-11-03,1.23,0.0,-643.2400000000002,ok
VIF0011,Porto_Seguro-Pataxos-apartamento-SUP-3Q,Carteira 2,BA,"Porto Seguro, BA","Porto Seguro, BA, Taperapuã",2,22,2054.54,17,3440.8,2025-11,0.3571,0.255,10,30,307.0,229.47,15,2025-11-03,0.6,614.0,1386.2600000000002,atenção
VST022,Especial-VST-casa-TOP-1Q,Carteira 5,SC,"Anitápolis, SC","Anitápolis, SC, Rio dos Pinheiros",6,488,1799.79,42,1530.85,2025-11,0.3333,0.1234,8,30,285.25,200.75,16,2025-11-03,1.18,1711.5,-268.94000000000005,ok
VTD0109,Florianopolis-UFSC-apartamento-SUP-1Q,Carteira 4,SC,"Florianópolis, SC","Florianópolis, SC, Trindade",0,54,4445.9,37,1897.84,2025-11,0.8333,0.3378,25,30,245.19,233.0,2,2025-11-03,2.34,0.0,-2548.0599999999995,meta_subestimada
CAY0123,Bombinhas-Bombas-apartamento-JR-3Q,Carteira 6,SC,"Bombinhas, SC","Bombinhas, SC, Bombas",4,492,3542.82,12,2222.58,2025-11,0.8077,0.2812,21,30,185.05,119.4,5,2025-11-03,1.59,740.2,-1320.2400000000002,ok
COI0408,Sao_Paulo-Moema-apartamento-SUP-1Q,Carteira 4_sys-price,SP,"São Paulo, SP","São Paulo, SP, Indianópolis",4,45,3177.2,499,2610.74,2025-11,0.0769,0.3688,2,30,216.22,202.5,8,2025-11-03,1.22,864.88,-566.46,ok
CPI0208,Pocos_de_Caldas-Geral-apartamento-JR-1Q,Carteira 4,MG,"Poços de Caldas, MG","Poços de Caldas, MG, Centro",0,347,1751.55,18,926.53,2025-11,0.4,0.1975,12,30,147.47,110.75,12,2025-11-03,1.89,0.0,-825.02,ok
CSCG0110,Florianopolis-Ingleses_Norte-apartamento-JR-1Q,Carteira 1,SC,"Florianópolis, SC","Florianópolis, SC, Ingleses do Rio Vermelho",5,515,4226.77,43,2294.44,2025-11,0.96,0.3481,24,30,248.5,232.0,1,2025-11-03,1.84,1242.5,-1932.3300000000004,ok
CTD0301,Penha-Longe-apartamento-JR-2Q,Carteira 6,SC,"Penha, SC","Penha, SC, Centro",0,191,3028.05,23,2196.82,2025-11,0.9,0.3753,27,30,158.41,181.33,3,2025-11-03,1.38,0.0,-831.23,ok
ECP055,Balneario_Camboriu-Centro-apartamento-JR-1Q,Carteira 6,SC,"Balneário Camboriú, SC","Balneário Camboriú, SC, Centro",0,920,3536.67,27,1873.51,2025-11,0.6333,0.3878,19,30,218.86,195.44,9,2025-11-03,1.89,0.0,-1663.16,ok
EDF0207,Salvador-Ondina_Rio_Vermelho-apartamento-TOP-1Q,Carteira 2,BA,"Salvador, BA","Salvador, BA, Rio Vermelho",0,25,2184.35,33,2946.51,2025-11,0.4667,0.4139,14,30,192.93,220.63,16,2025-11-03,0.74,0.0,762.1600000000003,atenção
EDF1707,Salvador-Ondina_Rio_Vermelho-apartamento-SUP-1Q,Carteira 2,BA,"Salvador, BA","Salvador, BA, Rio Vermelho",0,94,1560.14,77,2842.86,2025-11,0.3333,0.4619,10,30,185.8,188.85,20,2025-11-03,0.55,0.0,1282.72,atenção
ELF0310,Bombinhas-Bombas-apartamento-SUP-1Q,Especial,SC,"Bombinhas, SC","Bombinhas, SC, José Amândio",2,51,3481.64,42,2313.9,2025-11,0.7143,0.3861,20,30,212.45,183.88,8,2025-11-03,1.5,424.9,-1167.7399999999998,ok
GSH2101,Camaçari-Monte_Gordo-apartamento-JR-3Q,Carteira 2,BA,"Camaçari, BA","Camaçari, BA, Centro",8,79,5093.49,22,2382.13,2025-11,0.6818,0.1782,15,30,423.13,368.57,7,2025-11-03,2.14,3385.04,-2711.3599999999997,meta_subestimada
ILC4415,Especial-ILC-hotel-TOP-1Q,Especial,SC,"Florianópolis, SC","Florianópolis, SC, Jurerê Internacional",0,1800,11110.7,28,10075.49,2025-11,0.6333,0.5987,19,30,817.32,636.27,11,2025-11-03,1.1,0.0,-1035.210000000001,ok
JBV232,Especial-JBV-hotel-TOP-1Q,Especial,SC,"Florianópolis, SC","Florianópolis, SC, Jurerê",0,1093,9719.1,32,9873.54,2025-11,0.6667,0.5651,20,30,644.85,485.0,8,2025-11-03,0.98,0.0,154.4400000000005,berlinda
JBV464,Especial-JBV-hotel-JR-1Q,Especial,SC,"Florianópolis, SC","Florianópolis, SC, Jurerê",0,793,8942.21,25,7947.66,2025-11,0.6667,0.4701,20,30,566.95,541.89,9,2025-11-03,1.13,0.0,-994.5499999999993,ok
NON0609,Sao_Paulo-Moema-apartamento-SUP-1Q,Carteira 4_sys-price,SP,"São Paulo, SP","São Paulo, SP, Moema",0,172,1533.79,499,2610.74,2025-11,0.2667,0.3688,8,30,234.67,200.26,19,2025-11-03,0.59,0.0,1076.9499999999998,atenção
NWT0817,Especial-NWT-apartamento-TOP-1Q,Carteira 5,AL,"Maceió, AL","Maceió, AL, Pajuçara",0,186,3647.7,35,4545.08,2025-11,0.5,0.472,15,30,298.4,285.83,12,2025-11-03,0.8,0.0,897.3800000000001,berlinda
OKA139,Florianopolis-Campeche-apartamento-SUP-1Q,Carteira 1,SC,"Florianópolis, SC","Florianópolis, SC, Campeche",0,779,1988.68,22,1969.86,2025-11,0.3333,0.3561,10,30,240.5,269.7,20,2025-11-03,1.01,0.0,-18.820000000000164,berlinda
PSO0505,Penha-Beto_Carrero-apartamento-SUP-1Q,Carteira 3,SC,"Penha, SC","Penha, SC, Praia de Armação do Itapocoroi",0,94,5120.84,12,1751.85,2025-11,0.8,0.2595,24,30,313.71,163.8,5,2025-11-03,2.92,0.0,-3368.9900000000002,meta_subestimada
RFM0027,Santa_Cruz_Cabralia-Coroa_Vermelha-apartamento-SUP-2Q,Carteira 2,BA,"Santa Cruz Cabrália, BA","Santa Cruz Cabrália, BA, Coroa Vermelha",0,366,0.0,34,2500.7,2025-11,0.0,0.2968,0,30,0.0,165.11,27,2025-11-03,0.0,0.0,2500.7,crítico
RVM0203,Florianopolis-Novo_Campeche-apartamento-TOP-1Q,Carteira 1,SC,"Florianópolis, SC","Florianópolis, SC, Campeche",0,157,5300.16,45,3953.83,2025-11,0.6,0.4453,18,30,327.7,364.11,9,2025-11-03,1.34,0.0,-1346.33,ok
SHT1701,Aguas_Claras-Geral-apartamento-JR-1Q,Carteira 1,DF,"Brasília, DF","Brasília, DF, Águas Claras",0,344,1379.57,77,1568.67,2025-11,0.2667,0.4094,8,30,183.88,180.42,19,2025-11-03,0.88,0.0,189.10000000000014,berlinda
SPJ0105,Especial-SPJ-apartamento-TOP-1Q,Carteira 5,SC,"Florianópolis, SC","Florianópolis, SC, Jurerê",0,516,5075.31,19,5610.79,2025-11,0.5667,0.5559,17,30,342.05,250.33,9,2025-11-03,0.9,0.0,535.4799999999996,berlinda
SPJ0303,Especial-SPJ-apartamento-TOP-1Q,Carteira 5,SC,"Florianópolis, SC","Florianópolis, SC, Jurerê",1,398,6066.81,19,5610.79,2025-11,0.6552,0.5559,19,30,304.17,338.5,6,2025-11-03,1.08,304.17,-456.02000000000044,berlinda
TRS0001,Penha-Beto_Carrero-casa-SUP-1Q,Carteira 3,SC,"Penha, SC","Penha, SC, Armação",0,164,904.2,22,1771.32,2025-11,0.2,0.3843,6,30,158.22,143.94,18,2025-11-03,0.51,0.0,867.1199999999999,atenção
VST044,Especial-VST-casa-TOP-1Q,Carteira 5,SC,"Anitápolis, SC","Anitápolis, SC, Rio dos Pinheiros",0,123,3203.8,42,1530.85,2025-11,0.3333,0.1234,10,30,314.08,205.33,18,2025-11-03,2.09,0.0,-1672.9500000000003,meta_subestimada
YHD0103,Florianopolis-UFSC-apartamento-TOP-1Q,Carteira 4,SC,"Florianópolis, SC","Florianópolis, SC, Carvoeira",29,36,0.0,13,2547.0,2025-11,1.0,0.4161,1,30,0.0,270.0,1,2025-11-03,0.0,0.0,2547.0,crítico
BLS0355,Goiania-Central-apartamento-SUP-1Q,Carteira 1_sys-price,GO,"Goiânia, GO","Goiânia, GO, Setor Marista",0,585,909.4,127,604.39,2025-11,0.2333,0.1935,7,30,152.0,149.21,19,2025-11-03,1.5,0.0,-305.01,ok
BSO0203,Itajai-Praia_Brava-apartamento-SUP-1Q,Carteira 6,SC,"Balneário Camboriú, SC","Balneário Camboriú, SC, Praia dos Amores",0,193,2425.25,50,2244.64,2025-11,0.5667,0.3503,17,30,170.12,143.31,13,2025-11-03,1.08,0.0,-180.61000000000013,berlinda
CAU0199,Itapema-Meia_Praia-Norte-apartamento-JR-3Q,Carteira 6,SC,"Itapema, SC","Itapema, SC, Andorinha",0,44,4020.05,13,2102.22,2025-11,0.7,0.2755,21,30,217.62,198.44,9,2025-11-03,1.91,0.0,-1917.8300000000004,ok
CDM0101,Itapema-Praia_Centro-apartamento-SUP-3Q,Carteira 6,SC,"Itapema, SC","Itapema, SC, Tabuleiro dos Oliveiras",2,71,343.32,14,2253.07,2025-11,0.1071,0.1996,3,30,144.0,180.26,23,2025-11-03,0.15,288.0,1909.7500000000002,crítico
CON1206,Porto_Alegre-PUC_RS-apartamento-SUP-1Q,Carteira 4,RS,"Porto Alegre, RS","Porto Alegre, RS, Partenon",0,162,982.86,16,1000.02,2025-11,0.2333,0.2054,7,30,164.86,146.14,21,2025-11-03,0.98,0.0,17.159999999999968,berlinda
DMS0104,Gramado-Centro-apartamento-TOP-2Q,Carteira 4,RS,"Gramado, RS","Gramado, RS, Bairro Belverede",0,164,13309.32,55,9753.75,2025-11,0.7667,0.6489,23,30,696.0,624.43,7,2025-11-03,1.36,0.0,-3555.5699999999997,ok
EFR0104,Cabo_Frio-Centro-apartamento-JR-3Q,Carteira 4,RJ,"Cabo Frio, RJ","Cabo Frio, RJ, Braga",7,662,1089.45,86,2426.8,2025-11,0.1304,0.2192,3,30,412.67,293.06,17,2025-11-03,0.45,2888.69,1337.3500000000001,crítico
ERE418,Maceio-Cruz_das_Almas-apartamento-SUP-1Q,Carteira 2,AL,"Maceió, AL","Maceió, AL, Cruz das Almas",0,551,937.09,94,2835.08,2025-11,0.2333,0.4891,7,30,229.71,144.3,20,2025-11-03,0.33,0.0,1897.9899999999998,crítico
IDI0306,Balneario_Camboriu-Centro-apartamento-SUP-2Q,Carteira 6,SC,"Balneário Camboriú, SC","Balneário Camboriú, SC, Barra Sul",0,177,3883.29,64,3923.17,2025-11,0.6333,0.3462,19,30,243.16,225.0,10,2025-11-03,0.99,0.0,39.88000000000011,berlinda
ILC3111,Especial-ILC-hotel-JR-1Q,Especial,SC,"Florianópolis, SC","Florianópolis, SC, Jurerê Internacional",0,1898,9059.45,16,7488.19,2025-11,0.4667,0.4706,14,30,725.14,504.73,15,2025-11-03,1.21,0.0,-1571.2600000000011,ok
IPS0701,Porto_Alegre-Jardim_Botanico-apartamento-SUP-1Q,Carteira 4,RS,"Porto Alegre, RS","Porto Alegre, RS, Petrópolis",0,43,1878.28,44,1124.1,2025-11,0.4333,0.2505,13,30,170.46,168.44,16,2025-11-03,1.67,0.0,-754.1800000000001,ok
LEC0228,Brasilia-Asa_Sul-apartamento-SUP-1Q,Carteira 1,DF,"Brasília, DF","Brasília, DF, Setor Sudoeste",0,253,4455.81,122,2966.5,2025-11,0.7333,0.5646,22,30,241.41,247.71,7,2025-11-03,1.5,0.0,-1489.3100000000004,ok
LES403,Florianopolis-Jurere_Longe-apartamento-TOP-3Q,Carteira 1,SC,"Florianópolis, SC","Florianópolis, SC, Jurerê Internacional",4,1536,9341.48,10,5853.38,2025-11,0.5385,0.3494,14,30,654.63,465.75,4,2025-11-03,1.6,2618.52,-3488.0999999999995,ok
LHE0201,Balneario_Camboriu-Centro-apartamento-SUP-3Q,Carteira 6,SC,"Balneário Camboriú, SC","Balneário Camboriú, SC, Barra Sul",1,44,6463.75,71,3587.4,2025-11,0.8621,0.3532,25,30,293.12,338.75,4,2025-11-03,1.8,293.12,-2876.35,ok
MHF1408,Itapema-Canto_Praia-apartamento-TOP-2Q,Carteira 5,SC,"Itapema, SC","Itapema, SC, Centro",0,296,4752.69,10,2423.39,2025-11,0.6667,0.2478,20,30,313.45,350.1,10,2025-11-03,1.96,0.0,-2329.2999999999997,ok
NWT0602,Especial-NWT-apartamento-TOP-1Q,Carteira 5,AL,"Maceió, AL","Maceió, AL, Pajuçara",0,215,4981.88,35,4545.08,2025-11,0.5,0.472,15,30,408.29,282.69,13,2025-11-03,1.1,0.0,-436.8000000000002,berlinda
OBP0305,Penha-Beto_Carrero-apartamento-TOP-2Q,Carteira 3,SC,"Penha, SC","Penha, SC, Armação",0,318,947.1,44,4240.94,2025-11,0.0,0.3102,0,30,330.0,280.08,24,2025-11-03,0.22,0.0,3293.8399999999997,crítico
PAR0003,Urubici-Geral-casa-TOP-1Q,Carteira 3,SC,"Urubici, SC","Urubici, SC, Arroio do Engenho",0,729,2882.31,82,2335.12,2025-11,0.4,0.1542,12,30,264.17,308.94,18,2025-11-03,1.23,0.0,-547.19,ok
RSN301,Itapema-Longe-apartamento-JR-2Q,Carteira 6,SC,"Itapema, SC","Itapema, SC, Morretes",0,711,0.0,29,2491.52,2025-11,0.0,0.2924,0,30,0.0,161.59,27,2025-11-03,0.0,0.0,2491.52,crítico
SPJ0504,Especial-SPJ-apartamento-TOP-1Q,Carteira 5,SC,"Florianópolis, SC","Florianópolis, SC, Jurerê",0,381,5348.0,19,5610.79,2025-11,0.6667,0.5559,20,30,321.13,273.57,7,2025-11-03,0.95,0.0,262.78999999999996,berlinda
SSG0207,Florianopolis-UFSC-apartamento-TOP-1Q,Carteira 4,SC,"Florianópolis, SC","Florianópolis, SC, Córrego Grande",2,920,2283.83,13,2547.0,2025-11,0.4643,0.4161,13,30,214.08,233.93,14,2025-11-03,0.9,428.16,263.1700000000001,berlinda
VDI0401,Guarapari-Nova_Guarapari-apartamento-SUP-4Q,Carteira 4,ES,"Guarapari, ES","Guarapari, ES, Meaípe",11,138,6219.7,48,2777.66,2025-11,0.7895,0.2724,15,30,497.13,334.75,4,2025-11-03,2.24,5468.43,-3442.04,meta_subestimada
VNU1613,Sao_Paulo-Bela_Vista-apartamento-SUP-1Q,Carteira 4,SP,"São Paulo, SP","São Paulo, SP, Bela Vista",0,44,2145.85,577,2932.4,2025-11,0.4667,0.4661,14,30,187.57,192.54,13,2025-11-03,0.73,0.0,786.5500000000002,atenção
VST010,Especial-VST-casa-TOP-1Q,Carteira 5,SC,"Anitápolis, SC","Anitápolis, SC, Rio dos Pinheiros",3,487,1938.39,42,1530.85,2025-11,0.3333,0.1234,9,30,288.56,169.94,18,2025-11-03,1.27,865.6800000000001,-407.5400000000002,ok
WBU2405,Goiania-Central-apartamento-TOP-1Q,Carteira 1_sys-price,GO,"Goiânia, GO","Goiânia, GO, Setor Bueno",0,772,1454.36,45,1306.17,2025-11,0.3,0.2068,9,30,195.44,185.32,19,2025-11-03,1.11,0.0,-148.18999999999983,ok
WSH0502,Curitiba-Batel-apartamento-SUP-1Q,Carteira 4,PR,"Curitiba, PR","Curitiba, PR, Bigorrilho",0,18,1274.27,183,1897.84,2025-11,0.2333,0.3494,7,30,220.86,233.09,22,2025-11-03,0.67,0.0,623.5699999999999,atenção
BFT3015,Goiania-Leste-apartamento-SUP-1Q,Carteira 1_sys-price,GO,"Goiânia, GO","Goiânia, GO, Jardim Goiás",0,450,880.05,57,1049.75,2025-11,0.2333,0.2168,7,30,150.44,167.44,18,2025-11-03,0.84,0.0,169.70000000000005,berlinda
BSO0107,Itajai-Praia_Brava-apartamento-SUP-1Q,Carteira 6,SC,"Balneário Camboriú, SC","Balneário Camboriú, SC, Praia dos Amores",0,198,1763.07,50,2244.64,2025-11,0.4,0.3503,12,30,183.0,168.44,18,2025-11-03,0.79,0.0,481.56999999999994,atenção
CEC0302,Balneario_Camboriu-Centro-apartamento-JR-2Q,Carteira 6,SC,"Balneário Camboriú, SC","Balneário Camboriú, SC, Centro",0,61,3217.97,38,2659.86,2025-11,0.6333,0.3074,19,30,201.0,180.6,10,2025-11-03,1.21,0.0,-558.1099999999997,ok
CEP0128,Sao_Paulo-Pompeia-apartamento-SUP-1Q,Carteira 4,SP,"São Paulo, SP","São Paulo, SP, Perdizes",0,65,801.71,59,1892.48,2025-11,0.2,0.2605,6,30,202.67,208.59,22,2025-11-03,0.42,0.0,1090.77,crítico
CHE0401,Bombinhas-Centro-casa-TOP-4Q,Carteira 6,SC,"Bombinhas, SC","Bombinhas, SC, Centro",7,374,6534.45,19,10364.48,2025-11,0.3478,0.2811,8,30,904.75,791.57,14,2025-11-03,0.63,6333.25,3830.0299999999997,atenção
CPI0130,Ubatuba-Itamambuca-casa-JR-3Q,Carteira 4,SP,"Ubatuba, SP","Ubatuba, SP, Praia do Itamambuca",13,15,1029.56,15,5781.11,2025-11,0.2353,0.3588,4,30,293.5,298.75,12,2025-11-03,0.18,3815.5,4751.549999999999,crítico
CPR0025,Marau-Barra_Grande-apartamento-TOP-2Q,Carteira 2,BA,"Maraú, BA","Maraú, BA, Barra Grande",2,208,0.0,13,3700.9,2025-11,0.0,0.2042,0,30,0.0,546.0,25,2025-11-03,0.0,0.0,3700.9,crítico
EVA704,Florianopolis-Centrao-apartamento-SUP-1Q,Carteira 4,SC,"Florianópolis, SC","Florianópolis, SC, Centro",0,648,3976.62,114,2659.14,2025-11,0.7,0.3255,21,30,215.52,196.0,9,2025-11-03,1.5,0.0,-1317.48,ok
IAB109,Camaçari-Itacimirim-apartamento-SUP-2Q,Carteira 2,BA,"Camaçari, BA","Camaçari, BA, Itacimirim",0,641,0.0,22,2773.76,2025-11,0.0,0.2364,0,30,0.0,500.0,27,2025-11-03,0.0,0.0,2773.76,crítico
ILC3104,Especial-ILC-hotel-JR-1Q,Especial,SC,"Florianópolis, SC","Florianópolis, SC, Jurerê Internacional",0,1971,10026.09,16,7488.19,2025-11,0.6333,0.4706,19,30,683.47,519.4,10,2025-11-03,1.34,0.0,-2537.9000000000005,ok
JBV142,Especial-JBV-hotel-TOP-1Q,Especial,SC,"Florianópolis, SC","Florianópolis, SC, Jurerê",0,1580,11130.1,32,9873.54,2025-11,0.7333,0.5651,22,30,680.45,610.71,7,2025-11-03,1.13,0.0,-1256.5599999999995,ok
MMD0503,Ilheus-Sul-apartamento-SUP-2Q,Carteira 2,BA,"Ilhéus, BA","Ilhéus, BA, São Francisco",0,211,3422.88,30,1557.2,2025-11,0.7,0.2303,21,30,185.76,183.89,9,2025-11-03,2.2,0.0,-1865.68,meta_subestimada
MMD0605,Ilheus-Sul-apartamento-SUP-2Q,Carteira 2,BA,"Ilhéus, BA","Ilhéus, BA, São Francisco",0,46,1424.92,30,1557.2,2025-11,0.2667,0.2303,8,30,229.38,178.29,21,2025-11-03,0.92,0.0,132.27999999999997,berlinda
MON0099,Barra_Velha-Tabuleiro-casa-SUP-2Q,Carteira 3,SC,"Barra Velha, SC","Barra Velha, SC, Tabuleiro",8,149,0.0,7,1480.8,2025-11,0.0,0.1088,0,30,0.0,213.0,19,2025-11-03,0.0,0.0,1480.8,crítico
RBF142,Florianopolis-Estreito-casa-JR-2Q,Carteira 4,SC,"Florianópolis, SC","Florianópolis, SC, Capoeiras",0,752,357.82,13,1893.94,2025-11,0.0667,0.2587,2,30,210.0,190.56,27,2025-11-03,0.19,0.0,1536.1200000000001,crítico
RGF1201,Salvador-Flamengo-apartamento-TOP-1Q,Carteira 2,BA,"Salvador, BA","Salvador, BA, Itapuã",0,190,837.66,27,2876.83,2025-11,0.1667,0.3919,5,30,200.73,186.39,18,2025-11-03,0.29,0.0,2039.17,crítico
RGOA701,Itapema-Meia_Praia-Sul-apartamento-SUP-2Q,Carteira 6,SC,"Itapema, SC","Itapema, SC, Castelo Branco",0,120,1701.05,12,3299.32,2025-11,0.3333,0.2381,10,30,205.2,184.3,20,2025-11-03,0.52,0.0,1598.2700000000002,atenção
RMI1101,Florianopolis-Beira_Mar-apartamento-SUP-3Q,Carteira 4,SC,"Florianópolis, SC","Florianópolis, SC, Agronômica",4,24,2466.08,46,4062.87,2025-11,0.3846,0.3632,10,30,328.5,325.94,16,2025-11-03,0.61,1314.0,1596.79,atenção
SFR0311,Bombinhas-Centro-apartamento-SUP-1Q,Carteira 6,SC,"Bombinhas, SC","Bombinhas, SC, Centro",0,37,4089.78,32,2844.7,2025-11,0.8667,0.4531,26,30,257.58,120.0,4,2025-11-03,1.44,0.0,-1245.0800000000004,ok
SSG0305,Florianopolis-UFSC-apartamento-TOP-1Q,Carteira 4,SC,"Florianópolis, SC","Florianópolis, SC, Córrego Grande",0,631,3349.46,13,2547.0,2025-11,0.5667,0.4161,17,30,284.06,260.92,12,2025-11-03,1.32,0.0,-802.46,ok
STI209,Florianopolis-Ingleses_Centro-apartamento-SUP-1Q,Carteira 1,SC,"Florianópolis, SC","Florianópolis, SC, Ingleses do Rio Vermelho",0,1689,3876.12,22,2087.56,2025-11,0.7,0.2901,21,30,221.19,235.22,9,2025-11-03,1.86,0.0,-1788.56,ok
TCO0213,Porto_Alegre-Centro_Historico-apartamento-SUP-1Q,Carteira 4,RS,"Porto Alegre, RS","Porto Alegre, RS, Centro Histórico",0,388,2337.29,65,1297.34,2025-11,0.6667,0.2842,20,30,145.65,127.1,10,2025-11-03,1.8,0.0,-1039.95,ok
ATE0302,Goiania-Universitario-apartamento-JR-1Q,Carteira 1_sys-price,GO,"Goiânia, GO","Goiânia, GO, Setor Leste Vila Nova",0,100,0.0,87,866.19,2025-11,0.0,0.2435,0,30,0.0,236.0,27,2025-11-03,0.0,0.0,866.19,crítico
CIE0101,Florianopolis-Jurere_Longe-apartamento-JR-1Q,Carteira 1,SC,"Florianópolis, SC","Florianópolis, SC, Jurerê",10,365,2233.89,31,2028.1,2025-11,0.75,0.4085,15,30,174.0,150.75,4,2025-11-03,1.1,1740.0,-205.78999999999996,ok
CVE402,Guarapari-Praia_do_Morro-apartamento-JR-3Q,Carteira 4,ES,"Guarapari, ES","Guarapari, ES, Praia do Morro",2,620,1177.4,37,1630.19,2025-11,0.1786,0.2244,5,30,266.0,202.75,20,2025-11-03,0.72,532.0,452.78999999999996,atenção
EGC001,Urubici-Geral-casa-SUP-1Q,Carteira 3,SC,"Urubici, SC","Urubici, SC, Centro",0,772,978.33,47,1586.4,2025-11,0.1667,0.1338,5,30,207.2,171.82,22,2025-11-03,0.62,0.0,608.07,atenção
ESD143,Balneario_Camboriu-Sul-apartamento-SUP-2Q,Carteira 6,SC,"Balneário Camboriú, SC","Balneário Camboriú, SC, Barra Sul",0,900,4423.87,72,3923.17,2025-11,0.6,0.3444,18,30,276.11,250.78,9,2025-11-03,1.13,0.0,-500.6999999999998,ok
FFS0408,Itapema-Meia_Praia-Sul-apartamento-TOP-1Q,Carteira 6,SC,"Itapema, SC","Itapema, SC, Meia Praia",0,5,3829.93,13,3503.7,2025-11,0.7333,0.2442,22,30,251.59,281.0,8,2025-11-03,1.09,0.0,-326.23,berlinda
FLT0011,Florianopolis-Centrao-apartamento-SIM-1Q,Carteira 4,SC,"Florianópolis, SC","Florianópolis, SC, Centro",0,211,2062.77,13,1080.31,2025-11,0.4667,0.3199,14,30,172.14,122.93,14,2025-11-03,1.91,0.0,-982.46,ok
GGE203,Florianopolis-Ingleses_Norte-apartamento-TOP-2Q,Carteira 1,SC,"Florianópolis, SC","Florianópolis, SC, Ingleses do Rio Vermelho",7,605,5219.66,17,3036.54,2025-11,0.7391,0.3235,17,30,411.82,390.0,6,2025-11-03,1.72,2882.74,-2183.12,ok
IBY1613,Sao_Paulo-Moema-apartamento-TOP-1Q,Carteira 4,SP,"São Paulo, SP","São Paulo, SP, Indianópolis",0,269,3826.23,102,3578.07,2025-11,0.6,0.4408,18,30,251.39,222.0,12,2025-11-03,1.07,0.0,-248.15999999999985,berlinda
IDA0108,Florianopolis-Ingleses_Norte-apartamento-SUP-1Q,Carteira 1,SC,"Florianópolis, SC","Florianópolis, SC, Ingleses Norte",1,3,1592.32,49,2235.56,2025-11,0.1379,0.387,4,30,225.5,209.47,19,2025-11-03,0.71,225.5,643.24,atenção
LIV1612,Salvador-Graca-apartamento-TOP-1Q,Especial,BA,"Salvador, BA","Salvador, BA, Vitória",2,36,4360.45,10,3417.57,2025-11,0.8214,0.3374,23,30,224.96,281.6,5,2025-11-03,1.28,449.92,-942.8799999999997,ok
MHF1106,Itapema-Canto_Praia-apartamento-TOP-1Q,Carteira 5,SC,"Itapema, SC","Itapema, SC, Centro",0,239,2176.91,17,1245.76,2025-11,0.3667,0.3257,11,30,187.92,210.12,16,2025-11-03,1.75,0.0,-931.1499999999999,ok
MHF1504,Itapema-Canto_Praia-apartamento-TOP-1Q,Carteira 5,SC,"Itapema, SC","Itapema, SC, Centro",3,313,2478.77,17,1245.76,2025-11,0.4444,0.3257,12,30,264.14,192.5,12,2025-11-03,1.99,792.42,-1233.01,ok
MHF1602,Itapema-Canto_Praia-apartamento-TOP-2Q,Carteira 5,SC,"Itapema, SC","Itapema, SC, CEntro",0,444,2475.48,10,2423.39,2025-11,0.3333,0.2478,10,30,300.5,266.11,19,2025-11-03,1.02,0.0,-52.090000000000146,berlinda
NWT0919,Especial-NWT-apartamento-TOP-1Q,Carteira 5,AL,"Maceió, AL","Maceió, AL, Pajuçara",0,214,4286.32,35,4545.08,2025-11,0.6333,0.472,19,30,283.05,320.64,11,2025-11-03,0.94,0.0,258.7600000000002,berlinda
NXO0603,Sao_Paulo-Bela_Vista-apartamento-SUP-1Q,Carteira 4,SP,"São Paulo, SP","São Paulo, SP, Consolação",0,444,3267.4,577,2932.4,2025-11,0.6667,0.4661,20,30,206.4,198.1,10,2025-11-03,1.11,0.0,-335.0,ok
OKA131,Florianopolis-Campeche-apartamento-SUP-1Q,Carteira 1,SC,"Florianópolis, SC","Florianópolis, SC, Campeche",0,1073,2486.5,22,1969.86,2025-11,0.4,0.3561,12,30,244.08,270.6,15,2025-11-03,1.26,0.0,-516.6400000000001,ok
ONI0002,Barra_Velha-Tabuleiro-casa-JR-2Q,Carteira 3,SC,"Barra Velha, SC","Barra Velha, SC, Tabuleiro",0,4,1286.22,10,1356.11,2025-11,0.4333,0.1403,13,30,129.23,211.76,17,2025-11-03,0.95,0.0,69.88999999999987,berlinda
PKS0205,Guara-Geral-apartamento-SUP-1Q,Carteira 1,DF,"Brasília, DF","Brasília, DF, Asa Norte",0,253,2924.44,31,2143.1,2025-11,0.5667,0.4504,17,30,227.76,211.15,13,2025-11-03,1.36,0.0,-781.3400000000001,ok
PVG0501,Itajai-Praia_Brava-apartamento-SUP-2Q,Carteira 6,SC,"Itajaí, SC","Itajaí, SC, Praia Brava de Itajaí",0,316,1161.96,12,2193.22,2025-11,0.1333,0.1985,4,30,390.0,203.48,23,2025-11-03,0.53,0.0,1031.2599999999998,atenção
RAL203,Florianopolis-Ingleses_Centro-apartamento-JR-2Q,Carteira 1,SC,"Florianópolis, SC","Florianópolis, SC, Ingleses do Rio Vermelho",0,679,2779.47,17,1846.2,2025-11,0.6333,0.279,19,30,172.89,229.0,11,2025-11-03,1.51,0.0,-933.2699999999998,ok
RNC0202,Florianopolis-Campeche-apartamento-SUP-1Q,Carteira 1,SC,"Florianópolis, SC","Florianópolis, SC, Campeche",0,171,0.0,22,1969.86,2025-11,0.0,0.3561,0,30,0.0,199.93,27,2025-11-03,0.0,0.0,1969.86,crítico
BLS1251,Goiania-Central-apartamento-SUP-1Q,Carteira 1_sys-price,GO,"Goiânia, GO","Goiânia, GO, Setor Marista",0,772,2210.26,127,604.39,2025-11,0.5,0.1935,15,30,160.33,154.64,14,2025-11-03,3.66,0.0,-1605.8700000000003,meta_subestimada
CFA0508,Florianopolis-Centrao-apartamento-JR-1Q,Carteira 4,SC,"Florianópolis, SC","Florianópolis, SC, Centro",0,50,2098.22,67,2150.88,2025-11,0.2333,0.3865,7,30,192.21,152.25,16,2025-11-03,0.98,0.0,52.66000000000031,berlinda
CMH0202,Florianopolis-Jurere_Internacional-apartamento-SUP-3Q,Carteira 1,SC,"Florianópolis, SC","Florianópolis, SC, Jurerê Internacional",7,253,5754.89,25,8489.8,2025-11,0.6087,0.4343,14,30,505.93,366.57,7,2025-11-03,0.68,3541.51,2734.909999999999,atenção
COM305,Florianopolis-Santinho-apartamento-SUP-2Q,Carteira 1,SC,"Florianópolis, SC","Florianópolis, SC, Ingleses do Rio Vermelho",0,1529,4263.97,11,4335.83,2025-11,0.4667,0.4023,14,30,423.07,196.07,14,2025-11-03,0.98,0.0,71.85999999999967,berlinda
CTB2505,Sao_Paulo-Brooklin-apartamento-SUP-1Q,Carteira 4,SP,"São Paulo, SP","São Paulo, SP, Vila Cordeiro",0,52,6464.37,150,3109.53,2025-11,0.9,0.4567,27,30,323.85,275.5,2,2025-11-03,2.08,0.0,-3354.8399999999997,meta_subestimada
DAL312,Canela-Geral-apartamento-TOP-1Q,Carteira 4,RS,"Canela, RS","Canela, RS, São José",0,754,2374.84,18,4235.55,2025-11,0.3333,0.4191,10,30,296.0,295.58,19,2025-11-03,0.56,0.0,1860.71,atenção
DLH0501,Gramado-Centro-apartamento-TOP-2Q,Carteira 4,RS,"Gramado, RS","Gramado, RS, Centro",1,319,13420.97,55,9753.75,2025-11,0.8276,0.6489,24,30,733.33,572.0,5,2025-11-03,1.38,733.33,-3667.2199999999993,ok
EDC402,Florianopolis-Centrao-apartamento-SUP-2Q,Carteira 4,SC,"Florianópolis, SC","Florianópolis, SC, Centro",4,900,6538.02,41,2426.75,2025-11,0.7308,0.3299,19,30,348.35,309.71,7,2025-11-03,2.69,1393.4,-4111.27,meta_subestimada
EDT0009,Porto_Seguro-Pataxos-apartamento-SUP-2Q,Carteira 2,BA,"Porto Seguro, BA","Porto Seguro, BA, Taperapuan",0,568,2542.14,27,2773.76,2025-11,0.5,0.3147,15,30,185.47,204.42,12,2025-11-03,0.92,0.0,231.62000000000035,berlinda
EDT0011,Porto_Seguro-Pataxos-apartamento-SUP-2Q,Carteira 2,BA,"Porto Seguro, BA","Porto Seguro, BA, Taperapuan",0,723,345.8,27,2773.76,2025-11,0.0667,0.3147,2,30,167.0,208.72,25,2025-11-03,0.12,0.0,2427.96,crítico
EJO0305,Florianopolis-Centrao-apartamento-SUP-2Q,Carteira 4,SC,"Florianópolis, SC","Florianópolis, SC, Centro",0,110,2670.15,41,2426.75,2025-11,0.3,0.3299,9,30,367.11,289.74,19,2025-11-03,1.1,0.0,-243.4000000000001,ok
ETP1002,Porto_Belo-Geral-apartamento-SUP-2Q,Carteira 6,SC,"Porto Belo, SC","Porto Belo, SC, centro",14,323,1693.9,23,3094.93,2025-11,0.625,0.2277,10,30,209.9,183.17,6,2025-11-03,0.55,2938.6,1401.0299999999997,atenção
MDR102,Florianopolis-Ingleses_Norte-apartamento-TOP-3Q,Carteira 1,SC,"Florianópolis, SC","Florianópolis, SC, Ingleses do Rio Vermelho",4,1123,8694.83,14,4032.42,2025-11,0.7692,0.3184,20,30,571.1,412.5,6,2025-11-03,2.16,2284.4,-4662.41,meta_subestimada
MHF1704,Itapema-Canto_Praia-apartamento-TOP-1Q,Carteira 5,SC,"Itapema, SC","Itapema, SC, Centro",0,474,2060.97,17,1245.76,2025-11,0.3333,0.3257,10,30,208.58,216.67,18,2025-11-03,1.65,0.0,-815.2099999999998,ok
NWT0312,Especial-NWT-apartamento-TOP-1Q,Carteira 5,AL,"Maceió, AL","Maceió, AL, Pajuçara",1,320,2247.94,35,4545.08,2025-11,0.2759,0.472,8,30,328.5,286.1,20,2025-11-03,0.49,328.5,2297.14,crítico
NWT0418,Especial-NWT-apartamento-TOP-1Q,Carteira 5,AL,"Maceió, AL","Maceió, AL, Pajuçara",0,310,5018.34,35,4545.08,2025-11,0.6,0.472,18,30,348.28,322.9,10,2025-11-03,1.1,0.0,-473.2600000000002,ok
NWT0503,Especial-NWT-apartamento-TOP-1Q,Carteira 5,AL,"Maceió, AL","Maceió, AL, Pajuçara",0,365,4264.37,35,4545.08,2025-11,0.5333,0.472,16,30,300.0,309.5,12,2025-11-03,0.94,0.0,280.71000000000004,berlinda
OKA206,Florianopolis-Campeche-apartamento-TOP-1Q,Carteira 1,SC,"Florianópolis, SC","Florianópolis, SC, Campeche",20,35,2313.69,21,2358.75,2025-11,1.0,0.3461,10,30,285.4,,0,2025-11-03,0.98,5708.0,45.059999999999945,berlinda
PGO210,Pocos_de_Caldas-Geral-apartamento-SUP-1Q,Carteira 4,MG,"Poços de Caldas, MG","Poços de Caldas, MG, São Benedito",1,808,1990.7,27,1167.9,2025-11,0.4483,0.2113,13,30,164.5,121.33,15,2025-11-03,1.7,164.5,-822.8,ok
PSO1009,Penha-Beto_Carrero-apartamento-SUP-1Q,Carteira 3,SC,"Penha, SC","Penha, SC, Praia de Armação do Itapocoroi",0,122,4122.3,12,1751.85,2025-11,0.5333,0.2595,16,30,208.5,166.38,8,2025-11-03,2.35,0.0,-2370.4500000000003,meta_subestimada
RAN203,Florianopolis-Jurere_Tradicional-apartamento-TOP-3Q,Carteira 1,SC,"Florianópolis, SC","Florianópolis, SC, Jurerê",0,1359,12281.55,14,9229.09,2025-11,0.7667,0.3777,23,30,676.26,352.0,5,2025-11-03,1.33,0.0,-3052.459999999999,ok
RFA303,Porto_Alegre-Santana-apartamento-SUP-1Q,Carteira 4,RS,"Porto Alegre, RS","Porto Alegre, RS, Santo Antônio",0,423,1250.08,50,1234.35,2025-11,0.3333,0.2538,10,30,152.8,145.89,19,2025-11-03,1.01,0.0,-15.730000000000018,berlinda
RRI103,Florianopolis-Centrao-apartamento-TOP-2Q,Carteira 4,SC,"Florianópolis, SC","Florianópolis, SC, Centro",5,761,3147.27,23,5187.97,2025-11,0.28,0.3895,7,30,404.22,333.43,14,2025-11-03,0.61,2021.1000000000001,2040.7000000000003,atenção
STW0702,Itapema-Praia_Itapema-apartamento-SUP-2Q,Carteira 6,SC,"Itapema, SC","Itapema, SC, Morretes",0,12,1912.0,12,2670.35,2025-11,0.5,0.3639,15,30,161.19,156.1,10,2025-11-03,0.72,0.0,758.3499999999999,atenção
SVN0401,Florianopolis-Ingleses_Centro-apartamento-TOP-3Q,Carteira 1,SC,"Florianópolis, SC","Florianópolis, SC, Ingleses do Rio Vermelho",4,683,6205.86,42,5720.54,2025-11,0.5385,0.3375,14,30,516.43,347.9,10,2025-11-03,1.08,2065.72,-485.3199999999997,berlinda
TCO1005,Porto_Alegre-Centro_Historico-apartamento-SUP-1Q,Carteira 4,RS,"Porto Alegre, RS","Porto Alegre, RS, Centro Histórico",0,86,670.86,65,1297.34,2025-11,0.2,0.2842,6,30,120.0,122.0,22,2025-11-03,0.52,0.0,626.4799999999999,atenção
VRN302,Florianopolis-Jurere_Tradicional-apartamento-TOP-2Q,Carteira 1,SC,"Florianópolis, SC","Florianópolis, SC, Jurerê",4,653,8010.14,20,9043.7,2025-11,0.7692,0.4401,20,30,545.1,563.83,6,2025-11-03,0.89,2180.4,1033.5600000000004,berlinda
AGS0642,Bombinhas-Centro-casa-SUP-4Q,Carteira 6,SC,"Bombinhas, SC","Bombinhas, SC, Centro",9,540,5871.19,26,5576.72,2025-11,0.7619,0.3554,16,30,441.88,296.0,5,2025-11-03,1.05,3976.92,-294.46999999999935,berlinda
ATC0301,Florianopolis-Cachoeira_Bom_Jesus-apartamento-TOP-1Q,Carteira 1,SC,"Florianópolis, SC","Florianópolis, SC, Cachoeira do Bom Jesus",0,367,3256.66,20,2740.23,2025-11,0.5667,0.2949,17,30,243.06,231.77,13,2025-11-03,1.19,0.0,-516.4299999999998,ok
ELF0412,Bombinhas-Bombas-apartamento-SUP-1Q,Especial,SC,"Bombinhas, SC","Bombinhas, SC, José Amândio",14,192,2072.65,42,2313.9,2025-11,0.8125,0.3861,13,30,190.62,188.0,3,2025-11-03,0.9,2668.6800000000003,241.25,berlinda
FFS0809,Itapema-Meia_Praia-Sul-apartamento-TOP-1Q,Carteira 6,SC,"Itapema, SC","Itapema, SC, Meia Praia",0,10,1428.42,13,3503.7,2025-11,0.3333,0.2442,10,30,204.4,260.89,19,2025-11-03,0.41,0.0,2075.2799999999997,crítico
FFS1107,Itapema-Meia_Praia-Sul-apartamento-SUP-1Q,Carteira 6,SC,"Itapema, SC","Itapema, SC, Meia Praia",0,10,1719.88,13,2800.53,2025-11,0.4667,0.4325,14,30,152.0,177.53,15,2025-11-03,0.61,0.0,1080.65,atenção
FUA0002,Ubatuba-Praia_do_Lazaro-apartamento-JR-1Q,Carteira 4,SP,"Ubatuba, SP","Ubatuba, SP, Lázaro Praia Domingos Dias",0,33,0.0,19,2617.58,2025-11,0.0,0.3855,0,30,0.0,239.7,27,2025-11-03,0.0,0.0,2617.58,crítico
JBV208,Especial-JBV-hotel-TOP-1Q,Especial,SC,"Florianópolis, SC","Florianópolis, SC, Jurerê Internacional",0,1069,16173.65,32,9873.54,2025-11,0.9667,0.5651,29,30,737.76,1213.0,1,2025-11-03,1.64,0.0,-6300.109999999999,ok
JRR309,Florianopolis-Jurere_Tradicional-apartamento-TOP-3Q,Carteira 1,SC,"Florianópolis, SC","Florianópolis, SC, Jurerê",3,142,9921.12,14,9229.09,2025-11,0.7407,0.3777,20,30,633.95,425.0,7,2025-11-03,1.07,1901.8500000000001,-692.0300000000007,berlinda
NWT0606,Especial-NWT-apartamento-TOP-1Q,Carteira 5,AL,"Maceió, AL","Maceió, AL, Pajuçara",0,215,3819.21,35,4545.08,2025-11,0.5,0.472,15,30,308.2,263.71,14,2025-11-03,0.84,0.0,725.8699999999999,berlinda
ODE1710,Sao_Paulo-Pompeia-apartamento-SUP-1Q,Carteira 4,SP,"São Paulo, SP","São Paulo, SP, Perdizes",0,136,1428.95,59,1892.48,2025-11,0.2667,0.2605,8,30,217.25,207.95,19,2025-11-03,0.76,0.0,463.53,atenção
PDM0002,Porto_Seguro-Pataxos-apartamento-SUP-2Q,Carteira 2,BA,"Porto Seguro, BA","Porto Seguro, BA, Taperapuan",0,59,1121.91,27,2773.76,2025-11,0.2,0.3147,6,30,194.83,165.37,24,2025-11-03,0.4,0.0,1651.8500000000001,crítico
PLN0415,Brasilia-Lago_Norte-apartamento-SUP-1Q,Carteira 1,DF,"Brasília, DF","Guará, DF, Centro",0,761,3032.38,10,3008.8,2025-11,0.4,0.4828,12,30,195.38,196.14,14,2025-11-03,1.01,0.0,-23.579999999999927,berlinda
REI0206,Salvador-Piata-apartamento-SUP-2Q,Carteira 5,BA,"Salvador, BA","Salvador, BA, Piatã",0,39,1319.08,45,2572.3,2025-11,0.2667,0.3466,8,30,212.75,205.16,19,2025-11-03,0.51,0.0,1253.2200000000003,atenção
RRA0103,Florianopolis-Praia_Brava-apartamento-TOP-3Q,Carteira 1,SC,"Florianópolis, SC","Florianópolis, SC, Praia Brava",1,423,1132.2,15,7458.34,2025-11,0.1034,0.3581,3,30,592.0,487.48,23,2025-11-03,0.15,592.0,6326.14,crítico
SOA0107,Salvador-Boca_do_Rio-apartamento-SUP-1Q,Carteira 2,BA,"Salvador, BA","Salvador, BA, Boca do Rio",0,318,610.4,25,2311.47,2025-11,0.1667,0.3833,5,30,147.4,144.82,22,2025-11-03,0.26,0.0,1701.0699999999997,crítico
SOA0912,Salvador-Boca_do_Rio-apartamento-SUP-2Q,Carteira 2,BA,"Salvador, BA","Salvador, BA, Boca do Rio",0,155,4482.35,13,2847.5,2025-11,0.7667,0.4886,23,30,219.48,209.67,6,2025-11-03,1.57,0.0,-1634.8500000000004,ok
SPT0304,Blumenau-Central-apartamento-JR-1Q,Carteira 4,SC,"Blumenau, SC","Blumenau, SC, Itoupava Seca",0,533,186.34,26,450.13,2025-11,0.0667,0.1337,2,30,100.0,124.2,25,2025-11-03,0.41,0.0,263.78999999999996,crítico
TXP0903,Goiania-Central-apartamento-SUP-1Q,Carteira 1_sys-price,GO,"Goiânia, GO","Goiânia, GO, Setor Bueno",1,778,1051.25,127,604.39,2025-11,0.2414,0.1935,7,30,168.0,151.05,22,2025-11-03,1.74,168.0,-446.86,ok
UPP0505,Curitiba-Centro-apartamento-JR-1Q,Carteira 4,PR,"Curitiba, PR","Curitiba, PR, Alto da XV",0,24,292.52,216,1613.6,2025-11,0.0667,0.3993,2,30,155.5,155.96,26,2025-11-03,0.18,0.0,1321.08,crítico
VAS1009,Sao_Paulo-Pompeia-apartamento-SUP-1Q,Carteira 4,SP,"São Paulo, SP","São Paulo, SP, Pompeia",0,143,0.0,59,1892.48,2025-11,0.0,0.2605,0,30,0.0,202.59,27,2025-11-03,0.0,0.0,1892.48,crítico
BCA0601,Salvador-Ondina_Rio_Vermelho-apartamento-SUP-2Q,Carteira 2,BA,"Salvador, BA","Salvador, BA, Barra",1,498,4108.73,39,3483.1,2025-11,0.5517,0.4594,16,30,311.88,237.17,12,2025-11-03,1.18,311.88,-625.6299999999997,ok
BLS0358,Goiania-Central-apartamento-SUP-1Q,Carteira 1_sys-price,GO,"Goiânia, GO","Goiânia, GO, Setor Marista",0,778,2162.98,127,604.39,2025-11,0.5333,0.1935,16,30,180.69,174.31,13,2025-11-03,3.58,0.0,-1558.5900000000001,meta_subestimada
CSCA1110,Florianopolis-Ingleses_Norte-apartamento-JR-1Q,Carteira 1,SC,"Florianópolis, SC","Florianópolis, SC, Ingleses do Rio Vermelho",0,1418,3467.55,43,2294.44,2025-11,0.6333,0.3481,19,30,205.11,206.73,11,2025-11-03,1.51,0.0,-1173.1100000000001,ok
ETI0724,Maceio-Ponta_Verde-apartamento-TOP-1Q,Carteira 2,AL,"Maceió, AL","Maceió, AL, Ponta Verde",0,310,2747.57,115,4435.91,2025-11,0.5333,0.5713,16,30,225.31,202.07,14,2025-11-03,0.62,0.0,1688.3399999999997,atenção
EVE0104,Florianopolis-Ingleses_Praia-apartamento-JR-3Q,Carteira 1,SC,"Florianópolis, SC","Florianópolis, SC, Ingleses do Rio Vermelho",0,204,2360.52,45,2856.0,2025-11,0.3333,0.2847,10,30,260.5,272.95,19,2025-11-03,0.83,0.0,495.48,berlinda
JMA025,Florianopolis-Jurere_Longe-apartamento-JR-1Q,Carteira 1,SC,"Florianópolis, SC","Florianópolis, SC, Jurerê",0,214,320.16,31,2028.1,2025-11,0.1,0.4085,3,30,280.33,167.22,27,2025-11-03,0.16,0.0,1707.9399999999998,crítico
JPR201,Especial-JPR-apartamento-TOP-1Q,Carteira 1,SC,"Florianópolis, SC","Florianópolis, SC, Jurerê",0,1270,4813.19,12,6580.31,2025-11,0.4333,0.5296,13,30,415.31,342.07,14,2025-11-03,0.73,0.0,1767.1200000000008,atenção
JRS0130,Penha-Beto_Carrero-casa-JR-4Q,Carteira 3,SC,"Penha, SC","Penha, SC, Armação",3,32,1898.13,13,4671.6,2025-11,0.2963,0.3898,8,30,325.88,261.81,16,2025-11-03,0.41,977.64,2773.4700000000003,crítico
MRE801,Porto_Belo-Geral-apartamento-TOP-2Q,Carteira 6,SC,"Porto Belo, SC","Porto Belo, SC, Perequê",23,259,974.55,8,4671.6,2025-11,0.7143,0.2379,5,30,262.4,,0,2025-11-03,0.21,6035.2,3697.05,crítico
PMO0404,Florianopolis-Estreito-apartamento-SUP-1Q,Carteira 4,SC,"Florianópolis, SC","Florianópolis, SC, Coqueiros",11,393,739.2,19,1865.72,2025-11,0.1579,0.2941,3,30,280.0,280.0,14,2025-11-03,0.4,3080.0,1126.52,crítico
POR0017,Brasilia-Asa_Sul-apartamento-SUP-1Q,Carteira 1,DF,"Brasília, DF","Brasília, DF, Setor Sudoeste",2,144,2071.12,122,2966.5,2025-11,0.3571,0.5646,10,30,256.3,243.71,17,2025-11-03,0.7,512.6,895.3800000000001,atenção
RDO0025,Balneario_Picarras-Geral-casa-JR-3Q,Carteira 6,SC,"Balneário Piçarras, SC","Balneário Piçarras, SC, Itacolomi",3,204,2294.34,7,1480.8,2025-11,0.5926,0.1088,16,30,182.81,154.36,11,2025-11-03,1.55,548.4300000000001,-813.5400000000002,ok
SCA0108,Florianopolis-Santo_Antonio_de_Lisboa-apartamento-SUP-1Q,Carteira 1,SC,"Florianópolis, SC","Florianópolis, SC, Cacupé",0,36,4543.17,11,2504.66,2025-11,0.7333,0.3919,22,30,252.91,199.5,8,2025-11-03,1.81,0.0,-2038.5100000000002,ok
SDR010,Florianopolis-Lagoa-apartamento-SUP-1Q,Carteira 1,SC,"Florianópolis, SC","Florianópolis, SC, Lagoa da Conceição",30,1522,0.0,23,2256.32,2025-11,,0.4355,0,30,0.0,,0,2025-11-03,0.0,0.0,2256.32,crítico
SFR0315,Bombinhas-Centro-apartamento-SUP-1Q,Carteira 6,SC,"Bombinhas, SC","Bombinhas, SC, Centro",0,37,3773.66,32,2844.7,2025-11,0.5333,0.4531,16,30,208.91,201.88,8,2025-11-03,1.33,0.0,-928.96,ok
SLC0101,Florianopolis-Rio_Vermelho-apartamento-JR-1Q,Carteira 1,SC,"Florianópolis, SC","Florianópolis, SC, Ingleses do Rio Vermelho",0,285,569.1,13,2546.02,2025-11,0.2333,0.4009,7,30,111.29,118.65,23,2025-11-03,0.22,0.0,1976.92,crítico
SLC0104,Florianopolis-Rio_Vermelho-apartamento-JR-1Q,Carteira 1,SC,"Florianópolis, SC","Florianópolis, SC, Ingleses do Rio Vermelho",0,284,838.53,13,2546.02,2025-11,0.3,0.4009,9,30,117.11,120.61,18,2025-11-03,0.33,0.0,1707.49,crítico
UPP0501,Curitiba-Centro-apartamento-JR-1Q,Carteira 4,PR,"Curitiba, PR","Curitiba, PR, Alto da XV",0,17,442.38,216,1613.6,2025-11,0.1,0.3993,3,30,145.0,156.12,25,2025-11-03,0.27,0.0,1171.2199999999998,crítico
VCE1102,Balneario_Picarras-Geral-apartamento-SUP-3Q,Carteira 6,SC,"Balneário Piçarras, SC","Balneário Piçarras, SC, Balneário Piçarras",0,597,4445.59,40,2105.63,2025-11,0.7667,0.2434,23,30,229.13,181.86,7,2025-11-03,2.11,0.0,-2339.96,meta_subestimada
VST007,Especial-VST-casa-TOP-1Q,Carteira 5,SC,"Anitápolis, SC","Anitápolis, SC, Rio dos Pinheiros",2,245,1464.47,42,1530.85,2025-11,0.1786,0.1234,5,30,357.6,197.05,22,2025-11-03,0.96,715.2,66.37999999999988,berlinda
ADC0205,Florianopolis-Cachoeira_Bom_Jesus-apartamento-TOP-2Q,Carteira 1,SC,"Florianópolis, SC","Florianópolis, SC, Cachoeira do Bom Jesus",0,260,5109.39,25,4448.73,2025-11,0.4667,0.3386,14,30,466.14,343.07,14,2025-11-03,1.15,0.0,-660.6600000000008,ok
ATT0602,Itapema-Meia_Praia-Sul-apartamento-TOP-3Q,Carteira 6,SC,"Itapema, SC","Itapema, SC, Meia Praia",13,340,2396.31,23,3858.69,2025-11,0.4706,0.2767,8,30,338.75,330.56,9,2025-11-03,0.62,4403.75,1462.38,atenção
CZZ0302,Urubici-Geral-apartamento-SUP-1Q,Especial,SC,"Urubici, SC","Urubici, SC, Centro",3,228,178.9,49,1538.22,2025-11,0.037,0.1338,1,30,236.0,190.04,25,2025-11-03,0.12,708.0,1359.32,crítico
EBI0303,Curitiba-Jardim_Botanico-apartamento-SUP-1Q,Carteira 4,PR,"Curitiba, PR","Curitiba, PR, Prado Velho",0,299,1138.34,15,2166.45,2025-11,0.2,0.4932,6,30,189.5,191.73,22,2025-11-03,0.53,0.0,1028.11,atenção
ECU102,Ubatuba-Itagua-apartamento-JR-2Q,Carteira 4,SP,"Ubatuba, SP","Ubatuba, SP, Itaguá",2,795,1475.42,136,2335.8,2025-11,0.2143,0.3207,6,30,280.4,256.09,22,2025-11-03,0.63,560.8,860.3800000000001,atenção
ESS0505,Goiania-Leste-apartamento-SUP-1Q,Carteira 1_sys-price,GO,"Goiânia, GO","Goiânia, GO, Alto da Glória",0,772,2252.7,57,1049.75,2025-11,0.6,0.2168,18,30,154.78,185.42,12,2025-11-03,2.15,0.0,-1202.9499999999998,meta_subestimada
HIG1003,Maceio-Ponta_Verde-apartamento-TOP-1Q,Carteira 2,AL,"Maceió, AL","Maceió, AL, Ponta Verde",30,117,0.0,115,4435.91,2025-11,,0.5713,0,30,0.0,,0,2025-11-03,0.0,0.0,4435.91,crítico
ILC2305,Especial-ILC-hotel-JR-1Q,Especial,SC,"Florianópolis, SC","Florianópolis, SC, Jurerê Internacional",5,568,8928.27,16,7488.19,2025-11,0.48,0.4706,12,30,715.87,520.8,10,2025-11-03,1.19,3579.35,-1440.0800000000008,ok
ILC3105,Especial-ILC-hotel-JR-1Q,Especial,SC,"Florianópolis, SC","Florianópolis, SC, Jurerê Internacional",0,1916,8507.1,16,7488.19,2025-11,0.5667,0.4706,17,30,624.94,502.09,11,2025-11-03,1.14,0.0,-1018.9100000000008,ok
LHD0706,Goiania-Central-apartamento-SUP-1Q,Carteira 1_sys-price,GO,"Goiânia, GO","Goiânia, GO, Setor Bueno",0,486,2584.14,127,604.39,2025-11,0.6333,0.1935,19,30,172.21,175.82,11,2025-11-03,4.28,0.0,-1979.75,meta_subestimada
LIV1509,Salvador-Graca-apartamento-TOP-1Q,Especial,BA,"Salvador, BA","Salvador, BA, Vitória",1,22,3138.99,10,3417.57,2025-11,0.5862,0.3374,17,30,233.06,280.5,12,2025-11-03,0.92,233.06,278.5800000000004,berlinda
MHF1404,Itapema-Canto_Praia-apartamento-TOP-1Q,Carteira 5,SC,"Itapema, SC","Itapema, SC, Centro",0,131,4731.72,17,1245.76,2025-11,0.7333,0.3257,22,30,266.82,235.25,8,2025-11-03,3.8,0.0,-3485.96,meta_subestimada
MHFB0905,Itapema-Canto_Praia-apartamento-SUP-1Q,Carteira 5,SC,"Itapema, SC","Itapema, SC, Centro",3,453,1944.38,9,2579.11,2025-11,0.4444,0.2266,12,30,209.75,196.5,14,2025-11-03,0.75,629.25,634.73,atenção
MTA0101,Barra_Velha-Centro-apartamento-SUP-2Q,Carteira 3,SC,"Barra Velha, SC","Barra Velha, SC, Tabuleiro",0,9,136.55,12,1410.0,2025-11,0.0333,0.1484,1,30,153.0,166.33,27,2025-11-03,0.1,0.0,1273.45,crítico
NFE0708,Curitiba-Centro-apartamento-SUP-1Q,Carteira 4,PR,"Curitiba, PR","Curitiba, PR, Centro",0,122,992.85,298,1815.18,2025-11,0.2333,0.3686,7,30,176.14,179.95,22,2025-11-03,0.55,0.0,822.33,atenção
NWT0423,Especial-NWT-apartamento-TOP-1Q,Carteira 5,AL,"Maceió, AL","Maceió, AL, Pajuçara",0,337,3172.25,35,4545.08,2025-11,0.3667,0.472,11,30,317.0,283.16,19,2025-11-03,0.7,0.0,1372.83,atenção
OKA233,Florianopolis-Campeche-apartamento-TOP-1Q,Carteira 1,SC,"Florianópolis, SC","Florianópolis, SC, Campeche",0,1039,3559.78,21,2358.75,2025-11,0.5667,0.3461,17,30,263.0,325.67,12,2025-11-03,1.51,0.0,-1201.0300000000002,ok
PGO412,Pocos_de_Caldas-Geral-apartamento-SUP-1Q,Carteira 4,MG,"Poços de Caldas, MG","Poços de Caldas, MG, São Benedito",0,775,2095.91,27,1167.9,2025-11,0.5333,0.2113,16,30,172.06,122.42,12,2025-11-03,1.79,0.0,-928.0099999999998,ok
PSOA0512,Penha-Beto_Carrero-apartamento-SUP-1Q,Carteira 3,SC,"Penha, SC","Penha, SC, Praia de Armação do Itapocoroi",0,99,2530.49,12,1751.85,2025-11,0.4,0.2595,12,30,212.29,192.81,16,2025-11-03,1.44,0.0,-778.6399999999999,ok
PZO0907,Ilheus-Sul-apartamento-SUP-2Q,Carteira 2,BA,"Ilhéus, BA","Ilhéus, BA, Nossa Senhora da Vitória",0,298,778.17,30,1557.2,2025-11,0.1667,0.2303,5,30,188.88,160.09,22,2025-11-03,0.5,0.0,779.0300000000001,crítico
RFS205,Florianopolis-Canasvieiras_Meio-apartamento-JR-2Q,Carteira 1,SC,"Florianópolis, SC","Florianópolis, SC, Canasvieiras",0,572,3827.64,17,1592.05,2025-11,0.6333,0.2375,19,30,258.26,212.45,11,2025-11-03,2.4,0.0,-2235.59,meta_subestimada
RGF1308,Salvador-Flamengo-apartamento-TOP-1Q,Carteira 2,BA,"Salvador, BA","Salvador, BA, Itapuã",0,8,827.5,27,2876.83,2025-11,0.2,0.3919,6,30,174.33,187.74,23,2025-11-03,0.29,0.0,2049.33,crítico
SOA0705,Salvador-Boca_do_Rio-apartamento-SUP-1Q,Carteira 2,BA,"Salvador, BA","Salvador, BA, Boca do Rio",0,327,1319.59,25,2311.47,2025-11,0.2667,0.3833,8,30,126.62,143.94,17,2025-11-03,0.57,0.0,991.8799999999999,atenção
VLP0109,Mata_de_Sao_Joao-Praia_do_Forte-apartamento-SUP-2Q,Carteira 2,BA,"Mata de São João, BA","Mata de São João, BA, Praia do Forte",3,360,3769.76,22,5293.08,2025-11,0.4074,0.3107,11,30,427.0,300.94,16,2025-11-03,0.71,1281.0,1523.3199999999997,atenção
VST012,Especial-VST-casa-TOP-1Q,Carteira 5,SC,"Anitápolis, SC","Anitápolis, SC, Rio dos pinheiros",0,880,4648.24,42,1530.85,2025-11,0.7,0.1234,21,30,258.78,231.71,7,2025-11-03,3.04,0.0,-3117.39,meta_subestimada
ADC104,Florianopolis-Cachoeira_Bom_Jesus-apartamento-TOP-2Q,Carteira 1,SC,"Florianópolis, SC","Florianópolis, SC, Cachoeira do Bom Jesus",7,488,1227.02,25,4448.73,2025-11,0.1739,0.3386,4,30,337.5,332.71,17,2025-11-03,0.28,2362.5,3221.7099999999996,crítico
CBL307,Canela-Geral-apartamento-JR-3Q,Carteira 4,RS,"Canela, RS","Canela, RS, Vila Luiza",7,843,3931.66,28,3401.51,2025-11,0.3913,0.4035,9,30,454.89,315.67,12,2025-11-03,1.16,3184.23,-530.1499999999996,ok
EAR0401,Florianopolis-Ingleses_Norte-apartamento-TOP-2Q,Carteira 1,SC,"Florianópolis, SC","Florianópolis, SC, Ingleses do Rio Vermelho",0,703,5134.15,17,3036.54,2025-11,0.5333,0.3235,16,30,376.88,282.0,11,2025-11-03,1.69,0.0,-2097.6099999999997,ok
EMB686,Bombinhas-Mariscal-casa-SUP-3Q,Carteira 6,SC,"Bombinhas, SC","Bombinhas, SC, Mariscal",0,1482,2763.43,13,2719.58,2025-11,0.3667,0.263,11,30,278.09,272.19,16,2025-11-03,1.02,0.0,-43.84999999999991,berlinda
JZZ702,Itapema-Praia_Itapema-apartamento-SUP-2Q,Carteira 6,SC,"Itapema, SC","Itapema, SC, Morretes",0,598,1431.43,12,2670.35,2025-11,0.1667,0.3639,5,30,162.91,170.76,17,2025-11-03,0.54,0.0,1238.9199999999998,atenção
MHFA1607,Itapema-Canto_Praia-apartamento-SUP-1Q,Carteira 5,SC,"Itapema, SC","Itapema, SC, Centro",0,393,2029.36,9,2579.11,2025-11,0.3667,0.2266,11,30,212.83,193.69,16,2025-11-03,0.79,0.0,549.7500000000002,atenção
NOH1302,Itapema-Meia_Praia-Sul-apartamento-TOP-3Q,Carteira 6,SC,"Itapema, SC","Itapema, SC, Castelo Branco",5,89,4283.01,23,3858.69,2025-11,0.64,0.2767,16,30,308.75,600.0,9,2025-11-03,1.11,1543.75,-424.32000000000016,ok
NWT0909,Especial-NWT-apartamento-TOP-1Q,Carteira 5,AL,"Maceió, AL","Maceió, AL, Pajuçara",0,214,5847.09,35,4545.08,2025-11,0.6667,0.472,20,30,345.1,281.88,8,2025-11-03,1.29,0.0,-1302.0100000000002,ok
NWT0912,Especial-NWT-apartamento-TOP-1Q,Carteira 5,AL,"Maceió, AL","Maceió, AL, Pajuçara",0,215,4671.98,35,4545.08,2025-11,0.6,0.472,18,30,308.22,297.18,11,2025-11-03,1.03,0.0,-126.89999999999964,berlinda
NWT1120,Especial-NWT-apartamento-TOP-1Q,Carteira 5,AL,"Maceió, AL","Maceió, AL, Pajuçara",1,4,3176.4,35,4545.08,2025-11,0.4483,0.472,13,30,291.85,280.64,14,2025-11-03,0.7,291.85,1368.6799999999998,atenção
PDA0010,Camaçari-Jacuipe-casa-SUP-3Q,Carteira 2,BA,"Camaçari, BA","Camaçari, BA, Barra do Jacuipe",1,103,244.25,12,3949.69,2025-11,0.0345,0.2469,1,30,333.0,314.63,27,2025-11-03,0.06,333.0,3705.44,crítico
PDC301,Ilheus-Sul-apartamento-JR-2Q,Carteira 2,BA,"Ilhéus, BA","Ilhéus, BA, São Francisco",0,766,0.0,15,1576.18,2025-11,0.0,0.1918,0,30,0.0,120.0,27,2025-11-03,0.0,0.0,1576.18,crítico
PGO301,Pocos_de_Caldas-Geral-apartamento-JR-1Q,Carteira 4,MG,"Poços de Caldas, MG","Poços de Caldas, MG, São Benedito",0,655,2502.21,18,926.53,2025-11,0.5667,0.1975,17,30,162.53,111.69,13,2025-11-03,2.7,0.0,-1575.68,meta_subestimada
RBR0003,Salvador-Flamengo-apartamento-JR-2Q,Carteira 2,BA,"Salvador, BA","Salvador, BA, Praia do Flamengo",0,45,1397.46,26,1727.03,2025-11,0.3,0.2716,9,30,177.56,159.05,21,2025-11-03,0.81,0.0,329.56999999999994,berlinda
RCF160,Canela-Geral-casa-JR-3Q,Carteira 4,RS,"Canela, RS","Canela, RS, Vila Suzana",28,933,542.94,16,3131.43,2025-11,1.0,0.3527,2,30,355.0,,0,2025-11-03,0.17,9940.0,2588.49,crítico
RGO0502,Itapema-Meia_Praia-Sul-apartamento-SUP-2Q,Carteira 6,SC,"Itapema, SC","Itapema, SC, Castelo Branco",4,698,2645.8,12,3299.32,2025-11,0.6154,0.2381,16,30,237.88,207.2,10,2025-11-03,0.8,951.52,653.52,berlinda
SOV0103,Mata_de_Sao_Joao-Praia_Imbassai-casa-SUP-2Q,Carteira 2,BA,"Mata de São João, BA","Mata de São João, BA, Imbassaí",17,274,0.0,11,1226.29,2025-11,0.0,0.1571,0,30,0.0,262.92,13,2025-11-03,0.0,0.0,1226.29,crítico
VIG0011,Florianopolis-Jurere_Tradicional-apartamento-SUP-2Q,Carteira 1,SC,"Florianópolis, SC","Florianópolis, SC, Jurerê",4,380,2511.58,27,6624.43,2025-11,0.3462,0.5017,9,30,366.67,336.63,16,2025-11-03,0.38,1466.68,4112.85,crítico
VLO0414,Florianopolis-Jurere_Longe-apartamento-TOP-2Q,Carteira 1,SC,"Florianópolis, SC","Florianópolis, SC, Jurerê Internacional",0,379,2412.26,16,7660.43,2025-11,0.1333,0.5285,4,30,658.0,636.0,25,2025-11-03,0.31,0.0,5248.17,crítico
CNA012,Especial-CNA-casa-MASTER-1Q,Especial,SP,"Campos do Jordão, SP","Campos do Jordão, SP, Jardim Europa",0,1016,5352.85,25,6397.17,2025-11,0.2667,0.3129,8,30,587.73,599.95,19,2025-11-03,0.84,0.0,1044.3199999999997,berlinda
CSP0407,Sao_Paulo-Bela_Vista-apartamento-TOP-1Q,Carteira 4,SP,"São Paulo, SP","São Paulo, SP, Bela Vista",3,313,6024.14,218,3489.59,2025-11,0.6667,0.4792,18,30,345.67,297.0,9,2025-11-03,1.73,1037.01,-2534.55,ok
DAL207,Canela-Geral-apartamento-SUP-2Q,Carteira 4,RS,"Canela, RS","Canela, RS, São José",0,220,3666.99,19,3864.1,2025-11,0.5,0.4102,15,30,329.6,321.21,14,2025-11-03,0.95,0.0,197.11000000000013,berlinda
DMS0107,Gramado-Centro-apartamento-TOP-2Q,Carteira 4,RS,"Gramado, RS","Gramado, RS, Bairro Belverede",0,163,16965.18,55,9753.75,2025-11,0.6,0.6489,18,30,1121.11,1500.0,10,2025-11-03,1.74,0.0,-7211.43,ok
ELF0503,Bombinhas-Bombas-apartamento-SUP-1Q,Especial,SC,"Bombinhas, SC","Bombinhas, SC, José Amândio",26,178,828.8,42,2313.9,2025-11,1.0,0.3861,4,30,273.75,,0,2025-11-03,0.36,7117.5,1485.1000000000001,crítico
FFS0402,Itapema-Meia_Praia-Sul-apartamento-SUP-1Q,Carteira 6,SC,"Itapema, SC","Itapema, SC, Meia Praia",1,10,1015.68,13,2800.53,2025-11,0.2759,0.4325,8,30,174.0,164.43,21,2025-11-03,0.36,174.0,1784.8500000000004,crítico
IAA1002,Recife-Boa_Viagem-apartamento-TOP-1Q,Carteira 2,PE,"Recife, PE","Recife, PE, Boa Viagem",0,598,2189.91,41,3221.46,2025-11,0.4,0.3848,12,30,221.92,242.06,18,2025-11-03,0.68,0.0,1031.5500000000002,atenção
IER0305,Salvador-Ondina_Rio_Vermelho-apartamento-JR-1Q,Carteira 2,BA,"Salvador, BA","Salvador, BA, Ondina",30,68,0.0,55,2279.35,2025-11,,0.433,0,30,0.0,,0,2025-11-03,0.0,0.0,2279.35,crítico
IFT1802,Itapema-Meia_Praia-Norte-apartamento-TOP-1Q,Carteira 6,SC,"Itapema, SC","Itapema, SC, Meia Praia",0,372,3552.27,24,2714.64,2025-11,0.5667,0.2925,17,30,241.76,203.46,13,2025-11-03,1.31,0.0,-837.6300000000001,ok
MGI024,Porto_Seguro-Pitinga-casa-TOP-3Q,Carteira 2,BA,"Porto Seguro, BA","Porto Seguro, BA, Arraial D'Ajuda",9,736,5598.76,10,3094.67,2025-11,0.4286,0.1947,9,30,884.44,642.18,11,2025-11-03,1.81,7959.960000000001,-2504.09,ok
MHF1807,Itapema-Canto_Praia-apartamento-TOP-1Q,Carteira 5,SC,"Itapema, SC","Itapema, SC, Centro",2,319,1710.8,17,1245.76,2025-11,0.2143,0.3257,6,30,338.33,409.0,20,2025-11-03,1.37,676.66,-465.03999999999996,ok
NDE0003,Florianopolis-Campeche-apartamento-SUP-1Q,Carteira 1,SC,"Florianópolis, SC","Florianópolis, SC, Ribeirão da Ilha",0,206,1661.95,22,1969.86,2025-11,0.3,0.3561,9,30,221.0,249.37,19,2025-11-03,0.84,0.0,307.90999999999985,berlinda
NWT1008,Especial-NWT-apartamento-TOP-1Q,Carteira 5,AL,"Maceió, AL","Maceió, AL, Pajuçara",0,198,5598.51,35,4545.08,2025-11,0.6667,0.472,20,30,345.35,323.6,10,2025-11-03,1.23,0.0,-1053.4300000000003,ok
NWT1113,Especial-NWT-apartamento-TOP-1Q,Carteira 5,AL,"Maceió, AL","Maceió, AL, Pajuçara",0,288,2904.37,35,4545.08,2025-11,0.4,0.472,12,30,299.25,301.29,17,2025-11-03,0.64,0.0,1640.71,atenção
NWT1419,Especial-NWT-apartamento-TOP-1Q,Carteira 5,AL,"Maceió, AL","Maceió, AL, Pajuçara",0,309,4876.96,35,4545.08,2025-11,0.5333,0.472,16,30,352.88,330.71,14,2025-11-03,1.07,0.0,-331.8800000000001,berlinda
OBS0201,Itapema-Meia_Praia-Sul-apartamento-JR-2Q,Carteira 6,SC,"Itapema, SC","Itapema, SC, Itapema",1,151,3690.87,13,2800.53,2025-11,0.7586,0.4325,22,30,200.95,110.0,6,2025-11-03,1.32,200.95,-890.3399999999997,ok
OKA105,Florianopolis-Campeche-apartamento-SUP-1Q,Carteira 1,SC,"Florianópolis, SC","Florianópolis, SC, Campeche",1,1041,2279.14,22,1969.86,2025-11,0.3793,0.3561,11,30,242.56,285.67,18,2025-11-03,1.16,242.56,-309.28,ok
PDD0572,Balneario_Picarras-Geral-casa-SUP-2Q,Carteira 6,SC,"Balneário Piçarras, SC","Balneário Piçarras, SC, Itacolomi",0,19,984.69,7,1480.8,2025-11,0.2333,0.1088,7,30,152.3,148.05,20,2025-11-03,0.66,0.0,496.1099999999999,atenção
PLA0408,Curitiba-Boa_Vista-apartamento-SUP-1Q,Carteira 4,PR,"Curitiba, PR","Curitiba, PR, Boa Vista",0,50,1263.28,24,1637.01,2025-11,0.2667,0.4062,8,30,177.75,154.18,22,2025-11-03,0.77,0.0,373.73,atenção
PRA0304,Florianopolis-Ingleses_Norte-apartamento-TOP-2Q,Carteira 1,SC,"Florianópolis, SC","Florianópolis, SC, Ingleses do Rio Vermelho",0,719,0.0,17,3036.54,2025-11,0.0,0.3235,0,30,0.0,302.52,27,2025-11-03,0.0,0.0,3036.54,crítico
PRY0002,Porto_Seguro-Pataxos-apartamento-SUP-2Q,Carteira 2,BA,"Porto Seguro, BA","Porto Seguro, BA, Taperapuã",1,43,4313.18,27,2773.76,2025-11,0.7931,0.3147,23,30,231.35,178.8,5,2025-11-03,1.55,231.35,-1539.42,ok
RLU0302,Gramado-Carniel-apartamento-TOP-3Q,Carteira 4,RS,"Gramado, RS","Gramado, RS, Jardim Bela Vista",5,107,10178.99,19,7709.07,2025-11,0.92,0.5238,23,30,610.91,603.0,2,2025-11-03,1.32,3054.5499999999997,-2469.92,ok
SOA0205,Salvador-Boca_do_Rio-apartamento-SUP-1Q,Carteira 2,BA,"Salvador, BA","Salvador, BA, Boca do Rio",1,379,1792.53,25,2311.47,2025-11,0.4483,0.3833,13,30,151.69,138.33,15,2025-11-03,0.78,151.69,518.9399999999998,atenção
TCO0712,Porto_Alegre-Centro_Historico-apartamento-SUP-1Q,Carteira 4,RS,"Porto Alegre, RS","Porto Alegre, RS, Centro Histórico",0,555,1277.75,65,1297.34,2025-11,0.3667,0.2842,11,30,128.29,125.6,15,2025-11-03,0.98,0.0,19.589999999999918,berlinda
TPS209,Florianopolis-Canasvieiras_Meio-apartamento-TOP-1Q,Carteira 1,SC,"Florianópolis, SC","Florianópolis, SC, Canasvieiras",0,997,2549.8,24,3347.91,2025-11,0.4667,0.437,14,30,252.14,323.88,16,2025-11-03,0.76,0.0,798.1099999999997,atenção
UPP0316,Curitiba-Centro-apartamento-JR-1Q,Carteira 4,PR,"Curitiba, PR","Curitiba, PR, Alto da XV",0,29,1641.28,216,1613.6,2025-11,0.4333,0.3993,13,30,150.77,165.82,17,2025-11-03,1.02,0.0,-27.680000000000064,berlinda
VEC213,Bombinhas-Centro-apartamento-SUP-1Q,Carteira 6,SC,"Bombinhas, SC","Bombinhas, SC, Centro",0,1037,4087.71,32,2844.7,2025-11,0.6667,0.4531,20,30,236.8,281.56,9,2025-11-03,1.44,0.0,-1243.0100000000002,ok
VLE005,Bombinhas-Mariscal-apartamento-JR-2Q,Carteira 6,SC,"Bombinhas, SC","Bombinhas, SC, Mariscal",0,1494,0.0,24,2266.21,2025-11,0.0,0.2269,0,30,0.0,202.0,27,2025-11-03,0.0,0.0,2266.21,crítico
VRA404,Florianopolis-Centrao-apartamento-SUP-3Q,Carteira 4,SC,"Florianópolis, SC","Florianópolis, SC, Centro",0,460,7087.39,20,5163.37,2025-11,0.5333,0.4306,16,30,515.69,364.27,11,2025-11-03,1.37,0.0,-1924.0200000000004,ok
AIA2200,Barra_Velha-Tabuleiro-casa-JR-3Q,Carteira 3,SC,"Barra Velha, SC","Barra Velha, SC, Barra Velha",12,638,2299.33,7,1480.8,2025-11,0.6667,0.1088,12,30,277.42,227.67,6,2025-11-03,1.55,3329.04,-818.53,ok
ATB2014,Sao_Paulo-Brooklin-apartamento-JR-1Q,Carteira 4,SP,"São Paulo, SP","São Paulo, SP, Jardim das Acacias",0,213,1506.75,26,3235.53,2025-11,0.3,0.5254,9,30,213.44,174.76,21,2025-11-03,0.47,0.0,1728.7800000000002,crítico
CMR204,Florianopolis-Itacorubi-apartamento-TOP-1Q,Carteira 4,SC,"Florianópolis, SC","Florianópolis, SC, Itacorubi",0,600,2619.34,22,2180.08,2025-11,0.4333,0.4104,13,30,224.69,277.41,17,2025-11-03,1.2,0.0,-439.2600000000002,ok
DBH0804,Guarapari-Praia_do_Morro-apartamento-JR-3Q,Carteira 4,ES,"Guarapari, ES","Guarapari, ES, Praia do Morro",0,61,819.24,37,1630.19,2025-11,0.2,0.2244,6,30,184.67,207.29,24,2025-11-03,0.5,0.0,810.95,atenção
DLH0303,Gramado-Centro-apartamento-TOP-2Q,Carteira 4,RS,"Gramado, RS","Gramado, RS, Centro",0,521,9898.53,55,9753.75,2025-11,0.6667,0.6489,20,30,678.8,615.88,8,2025-11-03,1.01,0.0,-144.78000000000065,berlinda
ELK0101,Florianopolis-UFSC-apartamento-JR-3Q,Carteira 4,SC,"Florianópolis, SC","Florianópolis, SC, Córrego Grande",5,334,4232.89,85,2540.18,2025-11,0.64,0.3326,16,30,325.81,276.22,9,2025-11-03,1.67,1629.05,-1692.7100000000005,ok
ILC2309,Especial-ILC-hotel-TOP-1Q,Especial,SC,"Florianópolis, SC","Florianópolis, SC, Jurerê Internacional",0,822,13572.03,28,10075.49,2025-11,0.8333,0.5987,25,30,653.16,598.0,5,2025-11-03,1.35,0.0,-3496.540000000001,ok
MDT016,São_Miguel_dos_Milagres-Geral-apartamento-SUP-3Q,Carteira 2,AL,"São Miguel dos Milagres, AL","São Miguel dos Milagres, AL, Centro",2,674,2860.9,29,4205.8,2025-11,0.1786,0.3833,5,30,636.0,500.0,20,2025-11-03,0.68,1272.0,1344.9,atenção
MHF0703,Itapema-Canto_Praia-apartamento-TOP-1Q,Carteira 5,SC,"Itapema, SC","Itapema, SC, Centro",0,498,2036.19,17,1245.76,2025-11,0.3,0.3257,9,30,258.73,222.35,17,2025-11-03,1.63,0.0,-790.4300000000001,ok
MHF1402,Itapema-Canto_Praia-apartamento-TOP-2Q,Carteira 5,SC,"Itapema, SC","Itapema, SC, Centro",0,438,1607.97,10,2423.39,2025-11,0.2333,0.2478,7,30,269.14,255.0,22,2025-11-03,0.66,0.0,815.4199999999998,atenção
NOR0202,Brasilia-Asa_Norte-apartamento-SUP-1Q,Carteira 1_sys-price,DF,"Brasília, DF","Brasília, DF, Asa Norte",0,767,3344.89,92,2693.61,2025-11,0.6,0.5034,18,30,277.72,204.67,12,2025-11-03,1.24,0.0,-651.2799999999997,ok
NWT0703,Especial-NWT-apartamento-TOP-1Q,Carteira 5,AL,"Maceió, AL","Maceió, AL, Pajuçara",0,185,1650.3,35,4545.08,2025-11,0.2,0.472,6,30,303.77,299.64,14,2025-11-03,0.36,0.0,2894.7799999999997,crítico
OKA128,Florianopolis-Campeche-apartamento-TOP-1Q,Carteira 1,SC,"Florianópolis, SC","Florianópolis, SC, Campeche",0,780,3465.99,21,2358.75,2025-11,0.5,0.3461,15,30,288.67,297.87,15,2025-11-03,1.47,0.0,-1107.2399999999998,ok
PGO309,Pocos_de_Caldas-Geral-apartamento-SUP-1Q,Carteira 4,MG,"Poços de Caldas, MG","Poços de Caldas, MG, São Benedito",0,808,2587.4,27,1167.9,2025-11,0.7333,0.2113,22,30,187.59,136.86,7,2025-11-03,2.22,0.0,-1419.5,meta_subestimada
PSO0504,Penha-Beto_Carrero-apartamento-SUP-1Q,Carteira 3,SC,"Penha, SC","Penha, SC, Praia de Armação do Itapocoroi",0,100,3080.08,12,1751.85,2025-11,0.5333,0.2595,16,30,211.18,191.15,13,2025-11-03,1.76,0.0,-1328.23,ok
RUP0101,Blumenau-Central-apartamento-SUP-1Q,Carteira 4,SC,"Blumenau, SC","Blumenau, SC, Escola Agrícola",0,465,0.0,50,856.57,2025-11,0.0,0.1654,0,30,0.0,141.07,14,2025-11-03,0.0,0.0,856.57,crítico
SPJ0102,Especial-SPJ-apartamento-TOP-1Q,Carteira 5,SC,"Florianópolis, SC","Florianópolis, SC, Jurerê",0,210,4516.42,19,5610.79,2025-11,0.5333,0.5559,16,30,324.11,242.09,11,2025-11-03,0.8,0.0,1094.37,berlinda
SPJ0203,Especial-SPJ-apartamento-TOP-1Q,Carteira 5,SC,"Florianópolis, SC","Florianópolis, SC, Jurerê",0,518,5844.24,19,5610.79,2025-11,0.6333,0.5559,19,30,364.05,294.45,11,2025-11-03,1.04,0.0,-233.44999999999982,berlinda
SPJ0404,Especial-SPJ-apartamento-TOP-1Q,Carteira 5,SC,"Florianópolis, SC","Florianópolis, SC, Jurerê",4,516,4300.54,19,5610.79,2025-11,0.6154,0.5559,16,30,329.5,249.9,10,2025-11-03,0.77,1318.0,1310.25,atenção
STI0205,Florianopolis-Ingleses_Centro-apartamento-SUP-1Q,Carteira 1,SC,"Florianópolis, SC","Florianópolis, SC, Ingleses Norte",2,19,2540.93,22,2087.56,2025-11,0.5357,0.2901,15,30,216.2,227.38,13,2025-11-03,1.22,432.4,-453.3699999999999,ok
SVE508,Florianopolis-UFSC-apartamento-TOP-1Q,Carteira 4,SC,"Florianópolis, SC","Florianópolis, SC, Pantanal",0,772,0.0,13,2547.0,2025-11,0.0,0.4161,0,30,0.0,202.3,27,2025-11-03,0.0,0.0,2547.0,crítico
SVO0506,Florianopolis-UFSC-apartamento-SUP-1Q,Carteira 4,SC,"Florianópolis, SC","Florianópolis, SC, PANTANAL",0,313,849.86,37,1897.84,2025-11,0.2,0.3378,6,30,160.83,175.96,24,2025-11-03,0.45,0.0,1047.98,crítico
TCO1210,Porto_Alegre-Centro_Historico-apartamento-SUP-1Q,Carteira 4,RS,"Porto Alegre, RS","Porto Alegre, RS, Centro Histórico",0,509,756.88,65,1297.34,2025-11,0.2333,0.2842,7,30,129.57,122.1,21,2025-11-03,0.58,0.0,540.4599999999999,atenção
VST019,Especial-VST-casa-TOP-1Q,Carteira 5,SC,"Anitápolis, SC","Anitápolis, SC, Rio dos Pinheiros",2,488,1786.22,42,1530.85,2025-11,0.3214,0.1234,9,30,254.89,170.67,18,2025-11-03,1.17,509.78,-255.37000000000012,ok
VST036,Especial-VST-casa-TOP-1Q,Carteira 5,SC,"Anitápolis, SC",VST036,1,213,1794.03,42,1530.85,2025-11,0.2759,0.1234,8,30,292.88,202.9,20,2025-11-03,1.17,292.88,-263.18000000000006,ok
WSH0801,Curitiba-Batel-apartamento-SUP-1Q,Carteira 4,PR,"Curitiba, PR","Curitiba, PR, Bigorrilho",0,213,1490.11,183,1897.84,2025-11,0.2333,0.3494,7,30,233.29,233.09,22,2025-11-03,0.79,0.0,407.73,atenção
ARN0104,Bombinhas-Centro-apartamento-TOP-3Q,Carteira 6,SC,"Bombinhas, SC","Bombinhas, SC, Quatro Ilhas",7,534,6755.76,14,5165.59,2025-11,0.913,0.355,21,30,423.05,255.5,2,2025-11-03,1.31,2961.35,-1590.17,ok
BCA1804,Salvador-Ondina_Rio_Vermelho-apartamento-SUP-1Q,Carteira 2,BA,"Salvador, BA","Salvador, BA, Ondina",0,176,4407.32,77,2842.86,2025-11,0.8,0.4619,24,30,252.87,169.17,6,2025-11-03,1.55,0.0,-1564.4599999999996,ok
BPM0808,Salvador-Barra-apartamento-SUP-1Q,Carteira 2,BA,"Salvador, BA","Salvador, BA, Barra",0,22,3376.9,195,2712.93,2025-11,0.6333,0.4447,19,30,181.53,240.82,11,2025-11-03,1.24,0.0,-663.9700000000003,ok
CAR0107,Itajai-Centro-apartamento-JR-1Q,Carteira 6,SC,"Itajaí, SC","Itajaí, SC, Centro",0,163,518.9,9,1373.26,2025-11,0.6,0.2242,18,30,152.0,138.82,22,2025-11-03,0.38,0.0,854.36,crítico
CBLS0102,Brasilia-Vila_Planalto-apartamento-TOP-1Q,Carteira 1,DF,"Brasília, DF","Brasília, DF, Setor de Clubes Esportivos Sul",3,177,5387.12,13,6384.52,2025-11,0.7407,0.6382,20,30,342.0,348.57,7,2025-11-03,0.84,1026.0,997.4000000000005,berlinda
CNB009,Especial-CNB-casa-TOP-1Q,Especial,SP,"Campos do Jordão, SP","Campos do Jordão, SP, Jardim Europa",0,591,563.75,14,3701.03,2025-11,0.0333,0.3298,1,30,900.0,647.78,27,2025-11-03,0.15,0.0,3137.28,crítico
CSU0402,Florianopolis-UFSC-apartamento-SUP-2Q,Carteira 4,SC,"Florianópolis, SC","Florianópolis, SC, Trindade",2,128,3733.83,17,2547.0,2025-11,0.7143,0.404,20,30,237.55,237.0,7,2025-11-03,1.47,475.1,-1186.83,ok
CTM0000,Garopaba-Centro-casa-SUP-2Q,Carteira 6,SC,"Garopaba, SC","Garopaba, SC, Costa Macacu",0,176,691.52,106,2890.55,2025-11,0.1333,0.2272,4,30,208.25,248.08,26,2025-11-03,0.24,0.0,2199.03,crítico
EEP0602,Guarapari-Centro-apartamento-SUP-1Q,Carteira 4,ES,"Guarapari, ES","Guarapari, ES, São Judas Tadeu",0,82,2330.25,33,1299.29,2025-11,0.4667,0.3381,14,30,185.93,150.57,14,2025-11-03,1.79,0.0,-1030.96,ok
ELF0602,Bombinhas-Bombas-apartamento-SUP-1Q,Especial,SC,"Bombinhas, SC","Bombinhas, SC, José Amândio",1,172,4176.74,42,2313.9,2025-11,0.7241,0.3861,21,30,207.35,200.0,6,2025-11-03,1.81,207.35,-1862.8399999999997,ok
ERM0102,Balneario_Camboriu-Centro-apartamento-SUP-3Q,Carteira 6,SC,"Balneário Camboriú, SC","Balneário Camboriú, SC, Centro",3,25,2977.95,71,3587.4,2025-11,0.4074,0.3532,11,30,232.19,228.8,10,2025-11-03,0.83,696.5699999999999,609.4500000000003,berlinda
EVA105,Florianopolis-Centrao-apartamento-SUP-1Q,Carteira 4,SC,"Florianópolis, SC","Florianópolis, SC, Centro",0,772,3898.81,114,2659.14,2025-11,0.6333,0.3255,19,30,245.84,242.64,11,2025-11-03,1.47,0.0,-1239.67,ok
JBM201,Florianopolis-Jurere_Tradicional-apartamento-TOP-1Q,Carteira 1,SC,"Florianópolis, SC","Florianópolis, SC, Jurerê",0,1971,4601.03,14,6829.73,2025-11,0.5,0.5343,15,30,393.53,439.07,14,2025-11-03,0.67,0.0,2228.7,atenção
JHG1733,Florianopolis-Costa_da_Lagoa-apartamento-JR-1Q,Carteira 1,SC,"Florianópolis, SC","Florianópolis, SC, Lagoa da Conceição",0,844,1523.38,21,2725.1,2025-11,0.3333,0.3782,10,30,165.6,156.37,19,2025-11-03,0.56,0.0,1201.7199999999998,atenção
LIV1011,Salvador-Graca-apartamento-TOP-1Q,Especial,BA,"Salvador, BA","Salvador, BA, Vitória",0,145,3120.09,10,3417.57,2025-11,0.5333,0.3374,16,30,231.81,263.0,14,2025-11-03,0.91,0.0,297.48,berlinda
MADB1005,Aguas_Claras-Geral-apartamento-JR-1Q,Carteira 1,DF,"Águas Claras, DF","Brasília, DF, Águas Claras",0,767,615.02,77,1568.67,2025-11,0.1667,0.4094,5,30,151.4,178.72,25,2025-11-03,0.39,0.0,953.6500000000001,crítico
MHE0213,Florianopolis-Cachoeira_Bom_Jesus-apartamento-TOP-2Q,Carteira 1,SC,"Florianópolis, SC","Florianópolis, SC, Cachoeira do Bom Jesus",19,283,1803.64,25,4448.73,2025-11,0.5455,0.3386,6,30,354.67,317.75,4,2025-11-03,0.41,6738.7300000000005,2645.0899999999992,crítico
MHF0805,Itapema-Canto_Praia-apartamento-TOP-1Q,Carteira 5,SC,"Itapema, SC","Itapema, SC, Centro",0,417,2484.03,17,1245.76,2025-11,0.4,0.3257,12,30,256.08,192.25,16,2025-11-03,1.99,0.0,-1238.2700000000002,ok
MHFB0903,Itapema-Canto_Praia-apartamento-SUP-1Q,Carteira 5,SC,"Itapema, SC","Itapema, SC, Centro",0,360,895.95,9,2579.11,2025-11,0.1667,0.2266,5,30,200.2,174.24,25,2025-11-03,0.35,0.0,1683.16,crítico
NOA0616,Sao_Paulo-Santo_Amaro-apartamento-SUP-1Q,Carteira 4,SP,"São Paulo, SP","São Paulo, SP, Santo Amaro",0,281,1086.72,156,2710.22,2025-11,0.1667,0.4081,5,30,271.0,183.25,24,2025-11-03,0.4,0.0,1623.4999999999998,crítico
NWT1115,Especial-NWT-apartamento-TOP-1Q,Carteira 5,AL,"Maceió, AL","Maceió, AL, Pajuçara",0,150,3539.06,35,4545.08,2025-11,0.3667,0.472,11,30,390.82,290.06,16,2025-11-03,0.78,0.0,1006.02,atenção
ODM1203,Sao_Paulo-Mariana-apartamento-SUP-1Q,Carteira 4,SP,"São Paulo, SP","São Paulo, SP, Vila Mariana",3,39,1836.35,169,2292.45,2025-11,0.4815,0.3968,13,30,168.85,174.77,13,2025-11-03,0.8,506.54999999999995,456.0999999999999,berlinda
PSOB0407,Penha-Beto_Carrero-apartamento-SUP-1Q,Carteira 3,SC,"Penha, SC","Penha, SC, Armação",0,114,3820.84,12,1751.85,2025-11,0.7333,0.2595,22,30,202.95,155.87,8,2025-11-03,2.18,0.0,-2068.9900000000002,meta_subestimada
PUQ0208,Sao_Paulo-Pompeia-apartamento-SUP-1Q,Carteira 4,SP,"São Paulo, SP","São Paulo, SP, Perdizes",0,199,1120.85,59,1892.48,2025-11,0.2333,0.2605,7,30,197.57,199.39,23,2025-11-03,0.59,0.0,771.6300000000001,atenção
RDS001,Campos_do_Jordao-Vila_Natal-casa-JR-2Q,Carteira 4,SP,"Campos do Jordão, SP","Campos do Jordão, SP, Campos do Jordão",17,631,983.94,11,3303.21,2025-11,0.2308,0.2204,3,30,396.0,251.4,10,2025-11-03,0.3,6732.0,2319.27,crítico
RJI0046,Ubatuba-Itagua-apartamento-JR-2Q,Carteira 4,SP,"Ubatuba, SP","Ubatuba, SP, Itaguá",0,375,2109.92,136,2335.8,2025-11,0.3333,0.3207,10,30,238.8,266.74,19,2025-11-03,0.9,0.0,225.8800000000001,berlinda
SDR009,Florianopolis-Lagoa-apartamento-SUP-1Q,Carteira 1,SC,"Florianópolis, SC","Florianópolis, SC, Lagoa da Conceição",0,1467,501.52,23,2256.32,2025-11,0.1333,0.4355,4,30,155.75,183.48,23,2025-11-03,0.22,0.0,1754.8000000000002,crítico
SHC0606,Balneario_Picarras-Geral-apartamento-TOP-3Q,Carteira 6,SC,"Balneário Piçarras, SC","Balneário Piçarras, SC, Itacolomi",0,330,5728.39,16,2316.58,2025-11,0.7,0.2184,21,30,308.86,279.67,9,2025-11-03,2.47,0.0,-3411.8100000000004,meta_subestimada
SLI0703,Maceio-Ponta_Verde-apartamento-SUP-1Q,Carteira 2,AL,"Maceió, AL","Maceió, AL, Ponta Verde",0,40,2302.02,188,3794.7,2025-11,0.4667,0.594,14,30,196.21,188.13,15,2025-11-03,0.61,0.0,1492.6799999999998,atenção
SOT0203,Florianopolis-Jurere_Tradicional-apartamento-TOP-1Q,Carteira 1,SC,"Florianópolis, SC","Florianópolis, SC, Jurerê",0,277,2297.87,14,6829.73,2025-11,0.2333,0.5343,7,30,371.14,364.38,21,2025-11-03,0.34,0.0,4531.86,crítico
SPT0205,Blumenau-Central-apartamento-JR-1Q,Carteira 4,SC,"Blumenau, SC","Blumenau, SC, Itoupava Seca",0,509,0.0,26,450.13,2025-11,0.0,0.1337,0,30,0.0,122.41,27,2025-11-03,0.0,0.0,450.13,crítico
TPS203,Florianopolis-Canasvieiras_Meio-apartamento-TOP-1Q,Carteira 1,SC,"Florianópolis, SC","Florianópolis, SC, Canasvieiras",0,872,2233.25,24,3347.91,2025-11,0.3667,0.437,11,30,244.91,289.06,17,2025-11-03,0.67,0.0,1114.6599999999999,atenção
VST018,Especial-VST-casa-TOP-1Q,Carteira 5,SC,"Anitápolis, SC","Anitápolis, SC, Rio dos pinheiros",2,123,1244.68,42,1530.85,2025-11,0.2143,0.1234,6,30,289.5,188.1,21,2025-11-03,0.81,579.0,286.16999999999985,berlinda
VST037,Especial-VST-casa-TOP-1Q,Carteira 5,SC,"Anitápolis, SC","Anitápolis, SC, Rio dos Pinheiros",0,123,2777.26,42,1530.85,2025-11,0.3333,0.1234,10,30,345.0,185.9,20,2025-11-03,1.81,0.0,-1246.4100000000003,ok
BOU201,Florianopolis-Canasvieiras_Meio-apartamento-SIM-1Q,Carteira 1,SC,"Florianópolis, SC","Florianópolis, SC, Canasvieiras",5,1698,558.9,30,1537.74,2025-11,0.24,0.3118,6,30,142.5,147.31,16,2025-11-03,0.36,712.5,978.84,crítico
CCM004,Bombinhas-Mariscal-casa-JR-3Q,Carteira 6,SC,"Bombinhas, SC","Bombinhas, SC, Canto Grande",0,1432,3570.79,26,3080.29,2025-11,0.7,0.2802,21,30,201.95,222.78,9,2025-11-03,1.16,0.0,-490.5,ok
CDV042,Ubatuba-Estufa-apartamento-JR-2Q,Carteira 4,SP,"Ubatuba, SP","Ubatuba, SP, Estufa II",0,799,2847.19,12,3404.43,2025-11,0.6,0.3824,18,30,187.11,167.44,9,2025-11-03,0.84,0.0,557.2399999999998,berlinda
CLR314,Brasilia-Vila_Planalto-apartamento-SUP-1Q,Carteira 1,DF,"Brasília, DF","Brasília, DF, Asa Norte",0,641,6420.94,62,2629.36,2025-11,0.8667,0.3803,26,30,320.92,289.25,4,2025-11-03,2.44,0.0,-3791.5799999999995,meta_subestimada
EKO0008,Camaçari-Itacimirim-apartamento-SUP-2Q,Carteira 2,BA,"Camaçari, BA","Camaçari, BA, Santa Maria",2,71,1752.24,22,2773.76,2025-11,0.2857,0.2364,8,30,290.88,229.75,20,2025-11-03,0.63,581.76,1021.5200000000002,atenção
ELM701,Balneario_Camboriu-Intermediario-apartamento-JR-3Q,Carteira 6,SC,"Balneário Camboriú, SC","Balneário Camboriú, SC, Centro",6,794,3364.44,18,2539.63,2025-11,0.5,0.2807,12,30,321.25,212.45,11,2025-11-03,1.32,1927.5,-824.81,ok
EVA1005,Florianopolis-Centrao-apartamento-JR-1Q,Carteira 4,SC,"Florianópolis, SC","Florianópolis, SC, Centro",6,383,1556.35,67,2150.88,2025-11,0.3333,0.3865,8,30,219.88,161.33,15,2025-11-03,0.72,1319.28,594.5300000000002,atenção
GEN0102,Balneario_Camboriu-Longe-apartamento-JR-2Q,Carteira 6,SC,"Balneário Camboriú, SC","Balneário Camboriú, SC, Nações",0,131,3011.59,17,2048.93,2025-11,0.6,0.2727,18,30,201.72,174.5,12,2025-11-03,1.47,0.0,-962.6600000000003,ok
JBM202,Florianopolis-Jurere_Tradicional-apartamento-TOP-1Q,Carteira 1,SC,"Florianópolis, SC","Florianópolis, SC, Jurerê",4,1971,3436.99,14,6829.73,2025-11,0.4231,0.5343,11,30,414.82,310.07,15,2025-11-03,0.5,1659.28,3392.74,atenção
JBV152,Especial-JBV-hotel-TOP-1Q,Especial,SC,"Florianópolis, SC","Florianópolis, SC, Jurerê",0,1121,8743.24,32,9873.54,2025-11,0.5667,0.5651,17,30,734.47,595.82,11,2025-11-03,0.89,0.0,1130.300000000001,berlinda
JBV265,Especial-JBV-hotel-JR-1Q,Especial,SC,"Florianópolis, SC","Florianópolis, SC, Jurerê",0,1927,9164.19,25,7947.66,2025-11,0.6667,0.4701,20,30,561.05,430.22,9,2025-11-03,1.15,0.0,-1216.5300000000007,ok
JDE792,Florianopolis-Campeche-casa-SUP-3Q,Carteira 1,SC,"Florianópolis, SC","Florianópolis, SC, Campeche",8,486,7843.06,20,3805.41,2025-11,0.7273,0.3267,16,30,648.81,500.0,6,2025-11-03,2.06,5190.48,-4037.6500000000005,meta_subestimada
MHFA0605,Itapema-Canto_Praia-apartamento-SUP-1Q,Carteira 5,SC,"Itapema, SC","Itapema, SC, Centro",0,374,2339.66,9,2579.11,2025-11,0.4333,0.2266,13,30,208.15,184.35,17,2025-11-03,0.91,0.0,239.45000000000027,berlinda
MPK0119,Brasilia-Asa_Sul-apartamento-JR-1Q,Carteira 1,DF,"Brasília, DF","Brasília, DF, Asa Sul",0,400,3584.48,196,2430.69,2025-11,0.6667,0.4956,20,30,230.05,239.11,9,2025-11-03,1.47,0.0,-1153.79,ok
NWT0313,Especial-NWT-apartamento-TOP-1Q,Carteira 5,AL,"Maceió, AL","Maceió, AL, Pajuçara",30,379,0.0,35,4545.08,2025-11,,0.472,0,30,0.0,,0,2025-11-03,0.0,0.0,4545.08,crítico
NWT0923,Especial-NWT-apartamento-TOP-1Q,Carteira 5,AL,"Maceió, AL","Maceió, AL, Pajuçara",0,221,4581.55,35,4545.08,2025-11,0.6333,0.472,19,30,278.21,309.7,10,2025-11-03,1.01,0.0,-36.470000000000255,berlinda
PRJ003,Imbituba-Praia_do_Rosa-casa-SIM-1Q,Carteira 6,SC,"Imbituba, SC","Imbituba, SC, Ibiraquera",0,1241,0.0,51,953.78,2025-11,0.0,0.2278,0,30,0.0,92.59,27,2025-11-03,0.0,0.0,953.78,crítico
RFY0025,Florianopolis-Itacorubi-apartamento-SUP-2Q,Carteira 4,SC,"Florianópolis, SC","Florianópolis, SC, Itacorubi",1,204,3223.58,15,2102.22,2025-11,0.4483,0.3889,13,30,315.46,248.21,14,2025-11-03,1.53,315.46,-1121.3600000000001,ok
SFR0301,Bombinhas-Centro-apartamento-SUP-1Q,Carteira 6,SC,"Bombinhas, SC","Bombinhas, SC, Centro",0,37,3880.56,32,2844.7,2025-11,0.6333,0.4531,19,30,230.33,199.88,8,2025-11-03,1.36,0.0,-1035.8600000000001,ok
TCO1106,Porto_Alegre-Centro_Historico-apartamento-SUP-1Q,Carteira 4,RS,"Porto Alegre, RS","Porto Alegre, RS, Centro Histórico",0,397,2012.99,65,1297.34,2025-11,0.6333,0.2842,19,30,136.47,152.73,11,2025-11-03,1.55,0.0,-715.6500000000001,ok
TPS201,Florianopolis-Canasvieiras_Meio-apartamento-TOP-1Q,Carteira 1,SC,"Florianópolis, SC","Florianópolis, SC, Canasvieiras",0,926,1334.0,24,3347.91,2025-11,0.2667,0.437,8,30,206.5,308.32,19,2025-11-03,0.4,0.0,2013.9099999999999,crítico
TPS208,Florianopolis-Canasvieiras_Meio-apartamento-TOP-1Q,Carteira 1,SC,"Florianópolis, SC","Florianópolis, SC, Canasvieiras",1,1030,133.48,24,3347.91,2025-11,0.0345,0.437,1,30,170.0,236.67,27,2025-11-03,0.04,170.0,3214.43,crítico
UML0103,Bombinhas-Mariscal-apartamento-TOP-2Q,Carteira 6,SC,"Bombinhas, SC","Bombinhas, SC, Mariscal",0,485,4756.66,16,2261.32,2025-11,0.6667,0.2273,20,30,292.45,271.7,10,2025-11-03,2.1,0.0,-2495.3399999999997,meta_subestimada
VGZ0001,Imbituba-Praia_do_Rosa-casa-SUP-1Q,Carteira 6,SC,"Imbituba, SC","Imbituba, SC, Ibiraquera",4,620,2979.84,53,2448.43,2025-11,0.6923,0.2451,18,30,198.45,171.33,3,2025-11-03,1.22,793.8,-531.4100000000003,ok
VIM0602,Itapema-Praia_Itapema-apartamento-TOP-3Q,Carteira 6,SC,"Itapema, SC","Itapema, SC, Andorinha",5,178,4529.7,9,4492.38,2025-11,0.72,0.2317,18,30,297.56,283.0,7,2025-11-03,1.01,1487.8,-37.31999999999971,berlinda
BPM0807,Salvador-Barra-apartamento-SUP-1Q,Carteira 2,BA,"Salvador, BA","Salvador, BA, Barra",0,610,3019.45,195,2712.93,2025-11,0.5667,0.4447,17,30,202.24,225.77,13,2025-11-03,1.11,0.0,-306.52,ok
CAC025,Florianopolis-Ingleses_Praia-apartamento-SUP-2Q,Carteira 1,SC,"Florianópolis, SC","Florianópolis, SC, Ingleses do Rio Vermelho",0,205,992.45,42,2824.61,2025-11,0.2,0.2907,6,30,218.83,259.87,23,2025-11-03,0.35,0.0,1832.16,crítico
CNB003,Especial-CNB-casa-TOP-1Q,Especial,SP,"Campos do Jordão, SP","Campos do Jordão, SP, Jardim Europa",0,598,6272.36,14,3701.03,2025-11,0.3667,0.3298,11,30,649.09,553.47,17,2025-11-03,1.69,0.0,-2571.3299999999995,ok
COB0710,Sao_Paulo-Brooklin-apartamento-SUP-1Q,Carteira 4,SP,"São Paulo, SP","São Paulo, SP, Santo Amaro",1,32,1199.72,150,3109.53,2025-11,0.1379,0.4567,4,30,361.0,227.05,22,2025-11-03,0.39,361.0,1909.8100000000002,crítico
EGF000,Garopaba-Centro-casa-JR-3Q,Carteira 6,SC,"Garopaba, SC","Garopaba, SC, Ferrugem",4,579,2858.72,16,2184.78,2025-11,0.3077,0.1931,8,30,393.38,391.73,15,2025-11-03,1.31,1573.52,-673.9399999999996,ok
EMA101,Cabo_Frio-Centro-apartamento-SUP-2Q,Carteira 4,RJ,"Cabo Frio, RJ","Cabo Frio, RJ, Centro",1,1096,1000.32,88,3841.01,2025-11,0.1379,0.4235,4,30,306.5,288.73,22,2025-11-03,0.26,306.5,2840.69,crítico
ESA901,Balneario_Camboriu-Norte-apartamento-SUP-3Q,Carteira 6,SC,"Balneário Camboriú, SC","Balneário Camboriú, SC, Centro",4,890,3766.01,27,6009.07,2025-11,0.4231,0.3773,11,30,350.55,310.71,14,2025-11-03,0.63,1402.2,2243.0599999999995,atenção
ESP0301,Florianopolis-Jurere_Internacional-apartamento-SUP-2Q,Carteira 1,SC,"Florianópolis, SC","Florianópolis, SC, Jurerê",0,54,3471.71,21,5215.16,2025-11,0.4,0.4091,12,30,334.67,331.39,18,2025-11-03,0.67,0.0,1743.4499999999998,atenção
ISC1511,Sao_Paulo-Republica-apartamento-TOP-1Q,Carteira 4,SP,"São Paulo, SP","São Paulo, SP, Vila Buarque",0,499,3326.42,101,3885.21,2025-11,0.6333,0.5013,19,30,219.58,213.7,10,2025-11-03,0.86,0.0,558.79,berlinda
JBV173,Especial-JBV-hotel-JR-1Q,Especial,SC,"Florianópolis, SC","Florianópolis, SC, Jurerê",0,1698,8826.69,25,7947.66,2025-11,0.7667,0.4701,23,30,491.0,503.86,7,2025-11-03,1.11,0.0,-879.0300000000007,ok
JBV179,Especial-JBV-hotel-JR-1Q,Especial,SC,"Florianópolis, SC","Florianópolis, SC, Jurerê",3,789,8787.13,25,7947.66,2025-11,0.6667,0.4701,18,30,706.44,448.44,9,2025-11-03,1.11,2119.32,-839.4699999999993,ok
MHFA1204,Itapema-Canto_Praia-apartamento-SUP-1Q,Carteira 5,SC,"Itapema, SC","Itapema, SC, Centro",0,479,2529.52,9,2579.11,2025-11,0.5,0.2266,15,30,199.13,170.8,15,2025-11-03,0.98,0.0,49.590000000000146,berlinda
NWT0805,Especial-NWT-apartamento-TOP-1Q,Carteira 5,AL,"Maceió, AL","Maceió, AL, Pajuçara",0,330,6017.49,35,4545.08,2025-11,0.6,0.472,18,30,372.0,295.83,12,2025-11-03,1.32,0.0,-1472.4099999999999,ok
NWT1222,Especial-NWT-apartamento-TOP-1Q,Carteira 5,AL,"Maceió, AL","Maceió, AL, Pajuçara",4,326,6168.11,35,4545.08,2025-11,0.6923,0.472,18,30,472.33,311.14,7,2025-11-03,1.36,1889.32,-1623.0299999999997,ok
POL406,Balneario_Camboriu-Centro-apartamento-SUP-3Q,Carteira 6,SC,"Balneário Camboriú, SC","Balneário Camboriú, SC, Centro",0,415,5738.81,71,3587.4,2025-11,0.6333,0.3532,19,30,364.37,191.0,10,2025-11-03,1.6,0.0,-2151.4100000000003,ok
PRY0101,Porto_Seguro-Pataxos-apartamento-SUP-2Q,Carteira 2,BA,"Porto Seguro, BA","Porto Seguro, BA, Taperapuã",0,17,3028.94,27,2773.76,2025-11,0.6,0.3147,18,30,223.11,217.83,12,2025-11-03,1.09,0.0,-255.17999999999984,berlinda
PSMC003,Camaçari-Monte_Gordo-apartamento-SUP-2Q,Carteira 2,BA,"Camaçari, BA","Camaçari, BA, Guarajuba",5,107,603.6,18,2966.07,2025-11,0.08,0.2268,2,30,341.0,324.7,23,2025-11-03,0.2,1705.0,2362.4700000000003,crítico
RFM0019,Santa_Cruz_Cabralia-Coroa_Vermelha-apartamento-SUP-2Q,Carteira 2,BA,"Santa Cruz Cabrália, BA","Santa Cruz Cabrália, BA, Coroa Vermelha",0,367,0.0,34,2500.7,2025-11,0.0,0.2968,0,30,0.0,250.0,27,2025-11-03,0.0,0.0,2500.7,crítico
ROT1001,Itapema-Meia_Praia-Sul-apartamento-JR-2Q,Carteira 6,SC,"Itapema, SC","Itapema, SC, Meia Praia",7,676,873.51,13,2800.53,2025-11,0.2174,0.4325,5,30,208.8,160.76,17,2025-11-03,0.31,1461.6000000000001,1927.0200000000002,crítico
RTG208,Florianopolis-Ingleses_Norte-apartamento-SUP-2Q,Carteira 1,SC,"Florianópolis, SC","Florianópolis, SC, Ingleses do Rio Vermelho",0,1761,3916.21,46,3271.44,2025-11,0.7,0.244,21,30,250.24,279.22,9,2025-11-03,1.2,0.0,-644.77,ok
SOT0202,Florianopolis-Jurere_Tradicional-apartamento-TOP-1Q,Carteira 1,SC,"Florianópolis, SC","Florianópolis, SC, Jurerê",0,277,3681.51,14,6829.73,2025-11,0.4,0.5343,12,30,427.83,365.33,18,2025-11-03,0.54,0.0,3148.2199999999993,atenção
VEC120,Bombinhas-Centro-apartamento-SUP-1Q,Carteira 6,SC,"Bombinhas, SC","Bombinhas, SC, Centro",0,1040,4528.83,32,2844.7,2025-11,0.6667,0.4531,20,30,274.17,239.71,7,2025-11-03,1.59,0.0,-1684.13,ok
VENB504,Porto_Alegre-Cidade_Baixa-apartamento-SUP-1Q,Carteira 4,RS,"Porto Alegre, RS","Porto Alegre, RS, Azenha",4,778,812.16,37,1660.9,2025-11,0.2308,0.3217,6,30,145.5,193.95,20,2025-11-03,0.49,582.0,848.7400000000001,crítico
VLP0222,Mata_de_Sao_Joao-Praia_do_Forte_Longe-apartamento-SUP-1Q,Carteira 2,BA,"Mata de São João, BA","Mata de São João, BA, Açu da Torre",0,680,908.88,84,3411.24,2025-11,0.1333,0.3329,4,30,264.09,265.61,18,2025-11-03,0.27,0.0,2502.3599999999997,crítico
WBU3015,Goiania-Central-apartamento-TOP-1Q,Carteira 1_sys-price,GO,"Goiânia, GO","Goiânia, GO, Setor Bueno",9,232,147.54,45,1306.17,2025-11,0.0476,0.2068,1,30,174.6,174.87,15,2025-11-03,0.11,1571.3999999999999,1158.63,crítico
