listing,categoria,carteira,estado,cidade,Bairro,dias_bloqueados,dias_ativo,faturamento_mes,n_concorrentes,meta,mes_ano,to_listings,to_concorrentes,dias_ocupados,total_dias,media_preco_ocupado,media_preco_disponivel,ocupacao_ainda_disponivel,data_da_execucao,atingimento_meta,faturamento_perdido_bloqueio,falta_meta,grupo_criticidade
AST0103,Porto_Seguro-Pataxos-apartamento-SUP-2Q,Carteira 2,BA,"Porto Seguro, BA","Porto Seguro, BA, Taperapuan",0,316,1744.48,27,3632.05,2025-11,0.3333,0.4027,10,30,194.8,169.89,9,2025-11-11,0.48,0.0,1887.5700000000002,crítico
CVKB0006,São_Miguel_dos_Milagres-Geral-apartamento-SUP-1Q,Carteira 2,AL,"São Miguel dos Milagres, AL","São Miguel dos Milagres, AL, Centro",0,408,4583.15,16,4119.77,2025-11,0.5,0.5033,15,30,336.67,245.3,10,2025-11-11,1.11,0.0,-463.3799999999992,ok
DNAB1503,Goiania-Central-apartamento-SUP-1Q,Carteira 1_sys-price,GO,"Goiânia, GO","Goiânia, GO, Setor Bueno",1,772,1393.74,149,1516.4,2025-11,0.3103,0.3335,9,30,186.0,190.8,15,2025-11-11,0.92,186.0,122.66000000000008,berlinda
EDF1303,Salvador-Ondina_Rio_Vermelho-apartamento-TOP-1Q,Carteira 2,BA,"Salvador, BA","Salvador, BA, Rio Vermelho",1,8,2353.27,34,3630.22,2025-11,0.5172,0.5369,15,30,192.8,208.08,13,2025-11-11,0.65,192.8,1276.9499999999998,atenção
EUB1006,Salvador-Barra-apartamento-SUP-1Q,Carteira 2,BA,"Salvador, BA","Salvador, BA, Barra",0,262,2574.96,203,3119.92,2025-11,0.5333,0.546,16,30,218.81,206.9,10,2025-11-11,0.83,0.0,544.96,berlinda
IFT1108,Itapema-Meia_Praia-Norte-apartamento-TOP-1Q,Carteira 6,SC,"Itapema, SC","Itapema, SC, Meia Praia",0,248,2489.31,22,3277.09,2025-11,0.5333,0.375,16,30,184.5,183.57,14,2025-11-11,0.76,0.0,787.7800000000002,atenção
MHF0607,Itapema-Canto_Praia-apartamento-TOP-1Q,Carteira 5,SC,"Itapema, SC","Itapema, SC, Centro",0,494,0.0,17,2947.0,2025-11,0.0,0.4478,0,30,0.0,355.21,19,2025-11-11,0.0,0.0,2947.0,crítico
MHF0802,Itapema-Canto_Praia-apartamento-TOP-2Q,Carteira 5,SC,"Itapema, SC","Itapema, SC, Centro",1,27,4209.12,14,3094.94,2025-11,0.6207,0.2903,18,30,288.83,270.55,11,2025-11-11,1.36,288.83,-1114.1799999999998,ok
NAT0202,Cabo_Frio-Pero_Longe-casa-JR-4Q,Carteira 4,RJ,"Cabo Frio, RJ","Cabo Frio, RJ, Praia do Peró",2,64,1473.15,31,2715.37,2025-11,0.1071,0.2683,3,30,675.0,426.5,14,2025-11-11,0.54,1350.0,1242.2199999999998,atenção
NWT0601,Especial-NWT-apartamento-TOP-1Q,Carteira 5,AL,"Maceió, AL","Maceió, AL, Pajuçara",0,215,6974.57,40,4657.0,2025-11,0.9333,0.5442,28,30,300.64,281.5,2,2025-11-11,1.5,0.0,-2317.5699999999997,ok
NWT0904,Especial-NWT-apartamento-TOP-1Q,Carteira 5,AL,"Maceió, AL","Maceió, AL, Pajuçara",0,221,5789.92,40,4657.0,2025-11,0.8,0.5442,24,30,298.83,278.83,6,2025-11-11,1.24,0.0,-1132.92,ok
NWT1013,Especial-NWT-apartamento-TOP-1Q,Carteira 5,AL,"Maceió, AL","Maceió, AL, Pajuçara",11,185,3652.48,40,4657.0,2025-11,0.7895,0.5442,15,30,302.13,291.0,4,2025-11-11,0.78,3323.43,1004.52,atenção
PLO0007,Jaguaruna-Camacho-apartamento-SUP-1Q,Carteira 6,SC,"Jaguaruna, SC","Jaguaruna, SC, Centro",0,32,549.97,9,1839.44,2025-11,0.1667,0.2531,5,30,156.6,102.75,16,2025-11-11,0.3,0.0,1289.47,crítico
PSO0905,Penha-Beto_Carrero-apartamento-SUP-1Q,Carteira 3,SC,"Penha, SC","Penha, SC, Praia de Armação do Itapocoroi",0,93,4558.4,16,1970.83,2025-11,0.8667,0.3803,26,30,214.42,203.67,3,2025-11-11,2.31,0.0,-2587.5699999999997,meta_subestimada
REH0203,Florianopolis-Barra_da_Lagoa-apartamento-SUP-2Q,Carteira 1,SC,"Florianópolis, SC","Florianópolis, SC, Barra da Lagoa",9,66,2770.34,38,3704.94,2025-11,0.5714,0.5049,12,30,299.75,252.5,8,2025-11-11,0.75,2697.75,934.5999999999999,atenção
RIG0102,Florianopolis-Ingleses_Praia-apartamento-TOP-3Q,Carteira 1,SC,"Florianópolis, SC","Florianópolis, SC, Ingleses do Rio Vermelho",10,705,9624.57,19,6369.92,2025-11,0.95,0.3967,19,30,772.63,661.0,1,2025-11-11,1.51,7726.3,-3254.6499999999996,ok
SPJ0205,Especial-SPJ-apartamento-TOP-1Q,Carteira 5,SC,"Florianópolis, SC","Florianópolis, SC, Jurerê",0,517,6619.4,15,6230.75,2025-11,0.8,0.6136,24,30,345.33,275.0,6,2025-11-11,1.06,0.0,-388.64999999999964,berlinda
STG2085,Imbituba-Praia_do_Rosa-casa-SUP-5Q,Carteira 6,SC,"Garopaba, SC","Garopaba, SC, Grama",10,1200,3694.32,13,7202.05,2025-11,0.15,0.2867,3,30,1350.0,427.93,14,2025-11-11,0.51,13500.0,3507.73,atenção
TSO0311,Balneario_Camboriu-Longe-apartamento-MASTER-2Q,Carteira 6,SC,"Balneário Camboriú, SC","Balneário Camboriú, SC, Estados",0,108,4884.77,34,3885.14,2025-11,0.5,0.4511,15,30,400.8,268.73,11,2025-11-11,1.26,0.0,-999.6300000000006,ok
VST015,Especial-VST-casa-TOP-1Q,Carteira 5,SC,"Anitápolis, SC","Anitápolis, SC, Rio dos pinheiros",6,123,2370.02,41,2231.25,2025-11,0.5,0.1613,12,30,216.67,203.0,10,2025-11-11,1.06,1300.02,-138.76999999999998,berlinda
ADC104,Florianopolis-Cachoeira_Bom_Jesus-apartamento-TOP-2Q,Carteira 1,SC,"Florianópolis, SC","Florianópolis, SC, Cachoeira do Bom Jesus",7,488,2599.52,28,5632.31,2025-11,0.1739,0.4328,4,30,331.0,313.2,5,2025-11-11,0.46,2317.0,3032.7900000000004,crítico
CBL307,Canela-Geral-apartamento-JR-3Q,Carteira 4,RS,"Canela, RS","Canela, RS, Vila Luiza",7,843,3931.66,32,3450.17,2025-11,0.3913,0.4804,9,30,454.89,309.9,10,2025-11-11,1.14,3184.23,-481.4899999999998,ok
EAR0401,Florianopolis-Ingleses_Norte-apartamento-TOP-2Q,Carteira 1,SC,"Florianópolis, SC","Florianópolis, SC, Ingleses do Rio Vermelho",0,703,5619.97,19,3448.22,2025-11,0.6,0.4098,18,30,365.0,243.0,4,2025-11-11,1.63,0.0,-2171.7500000000005,ok
EMB686,Bombinhas-Mariscal-casa-SUP-3Q,Carteira 6,SC,"Bombinhas, SC","Bombinhas, SC, Mariscal",2,1482,2567.44,14,3929.97,2025-11,0.3929,0.323,11,30,261.0,251.4,10,2025-11-11,0.65,522.0,1362.5299999999997,atenção
JZZ702,Itapema-Praia_Itapema-apartamento-SUP-2Q,Carteira 6,SC,"Itapema, SC","Itapema, SC, Morretes",0,598,2188.51,15,3124.13,2025-11,0.5667,0.5139,17,30,158.0,162.55,11,2025-11-11,0.7,0.0,935.6199999999999,atenção
MHFA1607,Itapema-Canto_Praia-apartamento-SUP-1Q,Carteira 5,SC,"Itapema, SC","Itapema, SC, Centro",0,393,2170.66,9,3362.19,2025-11,0.4,0.347,12,30,212.83,201.0,12,2025-11-11,0.65,0.0,1191.5300000000002,atenção
NOH1302,Itapema-Meia_Praia-Sul-apartamento-TOP-3Q,Carteira 6,SC,"Itapema, SC","Itapema, SC, Castelo Branco",0,89,4283.01,27,4379.63,2025-11,0.5333,0.3145,16,30,308.75,600.0,13,2025-11-11,0.98,0.0,96.61999999999989,berlinda
NWT0909,Especial-NWT-apartamento-TOP-1Q,Carteira 5,AL,"Maceió, AL","Maceió, AL, Pajuçara",1,214,5847.09,40,4657.0,2025-11,0.6897,0.5442,20,30,345.1,279.38,8,2025-11-11,1.26,345.1,-1190.0900000000001,ok
NWT0912,Especial-NWT-apartamento-TOP-1Q,Carteira 5,AL,"Maceió, AL","Maceió, AL, Pajuçara",0,215,7181.19,40,4657.0,2025-11,0.9333,0.5442,28,30,304.39,253.0,1,2025-11-11,1.54,0.0,-2524.1899999999996,ok
NWT1120,Especial-NWT-apartamento-TOP-1Q,Carteira 5,AL,"Maceió, AL","Maceió, AL, Pajuçara",1,4,4513.96,40,4657.0,2025-11,0.6552,0.5442,19,30,288.42,280.0,6,2025-11-11,0.97,288.42,143.03999999999996,berlinda
PDA0010,Camaçari-Jacuipe-casa-SUP-3Q,Carteira 2,BA,"Camaçari, BA","Camaçari, BA, Barra do Jacuipe",3,103,766.79,13,4455.86,2025-11,0.1111,0.3492,3,30,318.0,306.11,19,2025-11-11,0.17,954.0,3689.0699999999997,crítico
PDC301,Ilheus-Sul-apartamento-JR-2Q,Carteira 2,BA,"Ilhéus, BA","Ilhéus, BA, São Francisco",0,766,1445.6,15,1576.18,2025-11,0.4333,0.2399,13,30,133.15,119.83,6,2025-11-11,0.92,0.0,130.58000000000015,berlinda
PGO301,Pocos_de_Caldas-Geral-apartamento-JR-1Q,Carteira 4,MG,"Poços de Caldas, MG","Poços de Caldas, MG, São Benedito",0,655,2498.48,24,1133.84,2025-11,0.5667,0.2819,17,30,162.12,111.27,11,2025-11-11,2.2,0.0,-1364.64,meta_subestimada
RBR0003,Salvador-Flamengo-apartamento-JR-2Q,Carteira 2,BA,"Salvador, BA","Salvador, BA, Praia do Flamengo",0,45,1760.19,36,1524.6,2025-11,0.4,0.3376,12,30,167.33,144.82,17,2025-11-11,1.15,0.0,-235.59000000000015,ok
RCF160,Canela-Geral-casa-JR-3Q,Carteira 4,RS,"Canela, RS","Canela, RS, Vila Suzana",28,933,542.94,16,2817.4,2025-11,1.0,0.3862,2,30,355.0,,0,2025-11-11,0.19,9940.0,2274.46,crítico
RGO0502,Itapema-Meia_Praia-Sul-apartamento-SUP-2Q,Carteira 6,SC,"Itapema, SC","Itapema, SC, Castelo Branco",4,698,4058.52,39,2948.95,2025-11,0.9231,0.3321,24,30,230.25,207.0,2,2025-11-11,1.38,921.0,-1109.5700000000002,ok
SOV0103,Mata_de_Sao_Joao-Praia_Imbassai-casa-SUP-2Q,Carteira 2,BA,"Mata de São João, BA","Mata de São João, BA, Imbassaí",10,274,667.2,12,2428.26,2025-11,0.15,0.3139,3,30,279.0,260.57,14,2025-11-11,0.27,2790.0,1761.0600000000002,crítico
VIG0011,Florianopolis-Jurere_Tradicional-apartamento-SUP-2Q,Carteira 1,SC,"Florianópolis, SC","Florianópolis, SC, Jurerê",4,380,4010.22,33,7035.03,2025-11,0.5,0.556,13,30,384.85,283.63,8,2025-11-11,0.57,1539.4,3024.81,atenção
VLO0414,Florianopolis-Jurere_Longe-apartamento-TOP-2Q,Carteira 1,SC,"Florianópolis, SC","Florianópolis, SC, Jurerê Internacional",0,379,3410.28,16,7660.43,2025-11,0.2,0.5989,6,30,577.25,459.38,13,2025-11-11,0.45,0.0,4250.15,crítico
AVR0203,Balneario_Picarras-Geral-apartamento-TOP-2Q,Carteira 6,SC,"Penha, SC","Penha, SC, Centro",0,233,5589.09,35,2411.71,2025-11,0.8667,0.3346,26,30,255.65,190.33,3,2025-11-11,2.32,0.0,-3177.38,meta_subestimada
BCY2001,Aguas_Claras-Geral-apartamento-MASTER-2Q,Carteira 1,DF,"Brasília, DF","Brasília, DF, Aguas Claras",9,313,5412.5,10,5222.95,2025-11,0.8095,0.53,17,30,392.41,332.0,4,2025-11-11,1.04,3531.69,-189.55000000000018,berlinda
CDN101,Florianopolis-Campeche_Praia-apartamento-SUP-1Q,Carteira 1,SC,"Florianópolis, SC","Florianópolis, SC, Morro das Pedras",4,446,3814.33,63,4876.87,2025-11,0.6923,0.5574,18,30,261.67,210.86,7,2025-11-11,0.78,1046.68,1062.54,atenção
COI302,Florianopolis-Praia_Brava-apartamento-JR-2Q,Carteira 1,SC,"Florianópolis, SC","Florianópolis, SC, Praia Brava",0,1466,3465.64,13,2384.46,2025-11,0.5333,0.3017,16,30,285.69,248.14,7,2025-11-11,1.45,0.0,-1081.1799999999998,ok
CSP0914,Salvador-Caminho_Das_Arvores-apartamento-SUP-1Q,Carteira 2,BA,"Salvador, BA","Salvador, BA, Caminho das Árvores",11,65,1063.78,44,2214.44,2025-11,0.4737,0.4753,9,30,146.33,158.14,7,2025-11-11,0.48,1609.63,1150.66,crítico
DVB0005,Porto_Seguro-Arraial_Dajuda_Centro-apartamento-SUP-1Q,Carteira 2,BA,"Porto Seguro, BA","Porto Seguro, BA, Arraial d Ajuda",0,12,0.0,7,2999.65,2025-11,0.0,0.4819,0,30,0.0,191.21,19,2025-11-11,0.0,0.0,2999.65,crítico
EAC404,Balneario_Camboriu-Centro-apartamento-JR-2Q,Carteira 6,SC,"Balneário Camboriú, SC","Balneário Camboriú, SC, Centro",0,733,2732.47,45,2904.87,2025-11,0.5667,0.4181,17,30,202.35,185.0,6,2025-11-11,0.94,0.0,172.4000000000001,berlinda
EEP0902,Guarapari-Centro-apartamento-SUP-1Q,Carteira 4,ES,"Guarapari, ES","Guarapari, ES, São Judas Tadeu",0,115,2231.57,33,1868.64,2025-11,0.5333,0.4178,16,30,136.32,123.1,10,2025-11-11,1.19,0.0,-362.93000000000006,ok
ENP0607,Sao_Paulo-Republica-apartamento-SUP-1Q,Carteira 4,SP,"São Paulo, SP","São Paulo, SP, Vila Buarque",0,100,2260.99,467,2800.75,2025-11,0.6,0.5767,18,30,148.61,130.0,9,2025-11-11,0.81,0.0,539.7600000000002,berlinda
EOX0102,Florianopolis-Centrao-apartamento-SUP-2Q,Carteira 4,SC,"Florianópolis, SC","Florianópolis, SC, Centro",0,239,4288.35,44,3381.41,2025-11,0.4667,0.4574,14,30,358.43,278.4,10,2025-11-11,1.27,0.0,-906.9400000000005,ok
JBV344,Especial-JBV-hotel-JR-1Q,Especial,SC,"Florianópolis, SC","Florianópolis, SC, Jurerê",0,1342,7841.23,25,9026.89,2025-11,0.6333,0.58,19,30,526.0,475.57,7,2025-11-11,0.87,0.0,1185.6599999999999,berlinda
JTL001,Florianopolis-Jurere_Longe-apartamento-JR-1Q,Carteira 1,SC,"Florianópolis, SC","Florianópolis, SC, Jurerê",0,495,1847.0,39,1965.96,2025-11,0.4,0.455,12,30,206.75,159.29,14,2025-11-11,0.94,0.0,118.96000000000004,berlinda
MHC0204,Florianopolis-Ingleses_Praia-apartamento-SUP-3Q,Carteira 1,SC,"Florianópolis, SC","Florianópolis, SC, Ingleses do Rio Vermelho",4,337,3651.22,12,4761.63,2025-11,0.6538,0.2588,17,30,246.06,277.0,9,2025-11-11,0.77,984.24,1110.4100000000003,atenção
MHF0601,Itapema-Canto_Praia-apartamento-TOP-1Q,Carteira 5,SC,"Itapema, SC","Itapema, SC, Centro",0,449,2986.33,17,2947.0,2025-11,0.5333,0.4478,16,30,223.56,251.33,9,2025-11-11,1.01,0.0,-39.32999999999993,berlinda
OPT504,Florianopolis-Estreito-apartamento-JR-1Q,Carteira 4,SC,"Florianópolis, SC","Florianópolis, SC, Capoeiras",22,513,774.05,10,1882.27,2025-11,0.875,0.3899,7,30,135.86,,0,2025-11-11,0.41,2988.92,1108.22,crítico
PSD204,Florianopolis-Jurere_Tradicional-apartamento-JR-1Q,Carteira 1,SC,"Florianópolis, SC","Florianópolis, SC, Jurerê",0,1990,3168.56,18,3094.45,2025-11,0.4667,0.531,14,30,249.07,174.0,8,2025-11-11,1.02,0.0,-74.11000000000013,berlinda
RID3106,Florianopolis-Ingleses_Centro-apartamento-JR-2Q,Carteira 1,SC,"Florianópolis, SC","Florianópolis, SC, Ingleses do Rio Vermelho",0,522,3533.29,17,1938.0,2025-11,0.7333,0.3142,22,30,207.64,167.83,6,2025-11-11,1.82,0.0,-1595.29,ok
SPJ0104,Especial-SPJ-apartamento-TOP-1Q,Carteira 5,SC,"Florianópolis, SC","Florianópolis, SC, Jurerê",0,516,6295.24,15,6230.75,2025-11,0.7333,0.6136,22,30,348.14,221.75,4,2025-11-11,1.01,0.0,-64.48999999999978,berlinda
SVM1409,Salvador-Graca-apartamento-TOP-1Q,Especial,BA,"Salvador, BA","Salvador, BA, Vitória",0,152,4176.27,15,3581.56,2025-11,0.6333,0.5526,19,30,260.21,269.63,8,2025-11-11,1.17,0.0,-594.7100000000005,ok
VNV0801,Itapema-Praia_Centro-apartamento-SUP-2Q,Carteira 6,SC,"Itapema, SC","Itapema, SC, Tabuleiro dos Oliveiras",0,60,2916.78,17,2868.65,2025-11,0.6667,0.4165,20,30,167.0,156.4,10,2025-11-11,1.02,0.0,-48.13000000000011,berlinda
AYR0202,Florianopolis-Canasvieiras_Perto-apartamento-SUP-2Q,Carteira 1,SC,"Florianópolis, SC","Florianópolis, SC, Canasvieiras",0,297,4879.48,25,5283.94,2025-11,0.6333,0.5593,19,30,316.0,328.2,10,2025-11-11,0.92,0.0,404.46000000000004,berlinda
BDS0111,Bombinhas-Centro-apartamento-JR-2Q,Carteira 6,SC,"Bombinhas, SC","Bombinhas, SC, Centro",1,12,3383.9,38,2396.51,2025-11,0.7586,0.2968,22,30,200.14,162.0,4,2025-11-11,1.41,200.14,-987.3899999999999,ok
BPM1309,Salvador-Barra-apartamento-SUP-1Q,Carteira 2,BA,"Salvador, BA","Salvador, BA, Barra",0,571,2559.66,203,3119.92,2025-11,0.5333,0.546,16,30,235.19,216.54,13,2025-11-11,0.82,0.0,560.2600000000002,berlinda
CCL0004,Camaçari-Jacuipe-casa-SUP-5Q,Carteira 2,BA,"Camaçari, BA","Camaçari, BA, Barra de Jacuípe",0,143,0.0,24,7542.69,2025-11,0.0,0.2918,0,30,0.0,1000.0,19,2025-11-11,0.0,0.0,7542.69,crítico
CNB012,Especial-CNB-casa-TOP-1Q,Especial,SP,"Campos do Jordão, SP","Campos do Jordão, SP, Jardim Europa",0,591,4219.0,16,4791.07,2025-11,0.2,0.5074,6,30,880.5,626.06,16,2025-11-11,0.88,0.0,572.0699999999997,berlinda
EPO001,Itapema-Praia_Centro-apartamento-SUP-3Q,Carteira 6,SC,"Itapema, SC","Itapema, SC, Castelo Branco",6,598,3365.22,15,2189.81,2025-11,0.7083,0.298,17,30,261.59,222.6,5,2025-11-11,1.54,1569.54,-1175.4099999999999,ok
ETC0028,Florianopolis-Centrao-apartamento-SUP-3Q,Carteira 4,SC,"Florianópolis, SC","Florianópolis, SC, Centro",0,180,6562.15,20,5634.63,2025-11,0.5333,0.5028,16,30,471.0,360.09,11,2025-11-11,1.16,0.0,-927.5199999999995,ok
ETE0304,Maceio-Ponta_Verde-apartamento-TOP-1Q,Carteira 2,AL,"Maceió, AL","Maceió, AL, Pajuçara",0,522,4347.25,123,4671.6,2025-11,0.7,0.6591,21,30,272.48,225.29,7,2025-11-11,0.93,0.0,324.35000000000036,berlinda
IDF105,Florianopolis-Canasvieiras_Perto-apartamento-SUP-1Q,Carteira 1,SC,"Florianópolis, SC","Florianópolis, SC, Canasvieiras",0,772,3352.98,27,2969.9,2025-11,0.6333,0.4561,19,30,208.84,254.44,9,2025-11-11,1.13,0.0,-383.0799999999999,ok
IVT1301,Itapema-Meia_Praia-Norte-apartamento-SUP-3Q,Carteira 6,SC,"Itapema, SC","Itapema, SC, Andorinha",13,701,3948.9,40,2993.72,2025-11,0.7647,0.3654,13,30,364.31,184.0,2,2025-11-11,1.32,4736.03,-955.1800000000003,ok
JBN0043,Sao_Paulo-Brooklin-apartamento-SUP-1Q,Carteira 4,SP,"São Paulo, SP","São Paulo, SP, Brooklin",0,316,2318.99,294,3655.93,2025-11,0.4,0.545,12,30,230.25,235.79,14,2025-11-11,0.63,0.0,1336.94,atenção
MHF1409,Itapema-Canto_Praia-apartamento-TOP-2Q,Carteira 5,SC,"Itapema, SC","Itapema, SC, Centro",11,444,2243.49,14,3094.94,2025-11,0.4211,0.2903,8,30,309.5,244.1,10,2025-11-11,0.72,3404.5,851.4500000000003,atenção
MHF1507,Itapema-Canto_Praia-apartamento-TOP-1Q,Carteira 5,SC,"Itapema, SC","Itapema, SC, Centro",0,207,3591.79,17,2947.0,2025-11,0.7,0.4478,21,30,223.19,226.71,7,2025-11-11,1.22,0.0,-644.79,ok
MHFA0804,Itapema-Canto_Praia-apartamento-SUP-1Q,Carteira 5,SC,"Itapema, SC","Itapema, SC, Centro",0,9,2819.53,9,3362.19,2025-11,0.6667,0.347,20,30,185.7,175.44,9,2025-11-11,0.84,0.0,542.6599999999999,berlinda
NWT0412,Especial-NWT-apartamento-TOP-1Q,Carteira 5,AL,"Maceió, AL","Maceió, AL, Pajuçara",0,152,0.0,40,4657.0,2025-11,0.0,0.5442,0,30,0.0,704.0,19,2025-11-11,0.0,0.0,4657.0,crítico
NWT0610,Especial-NWT-apartamento-TOP-1Q,Carteira 5,AL,"Maceió, AL","Maceió, AL, Pajuçara",0,215,5021.58,40,4657.0,2025-11,0.7,0.5442,21,30,271.67,322.0,7,2025-11-11,1.08,0.0,-364.5799999999999,berlinda
NWT1308,Especial-NWT-apartamento-TOP-1Q,Carteira 5,AL,"Maceió, AL","Maceió, AL, Pajuçara",0,330,5606.12,40,4657.0,2025-11,0.6667,0.5442,20,30,338.95,320.7,10,2025-11-11,1.2,0.0,-949.1199999999999,ok
PDL005,Porto_Seguro-Pataxos-apartamento-JR-2Q,Carteira 2,BA,"Porto Seguro, BA","Porto Seguro, BA, Paraíso dos Pataxós",6,544,0.0,49,2140.18,2025-11,0.0,0.245,0,30,0.0,149.39,18,2025-11-11,0.0,0.0,2140.18,crítico
RUD0047,Porto_Seguro-Pataxos-casa-TOP-3Q,Carteira 2,BA,"Porto Seguro, BA","Porto Seguro, BA, Taperapuan",4,348,3404.01,8,5020.4,2025-11,0.3462,0.2609,9,30,446.67,364.5,8,2025-11-11,0.68,1786.68,1616.3899999999994,atenção
SAT0012,Sao_Paulo-Vila_Olimpia-apartamento-SUP-1Q,Carteira 4,SP,"São Paulo, SP","São Paulo, SP, Itaim Bibi",5,201,5705.31,304,5268.6,2025-11,0.84,0.5515,21,30,350.52,270.5,2,2025-11-11,1.08,1752.6,-436.71000000000004,berlinda
SLC0204,Florianopolis-Rio_Vermelho-apartamento-JR-1Q,Carteira 1,SC,"Florianópolis, SC","Florianópolis, SC, Ingleses do Rio Vermelho",0,318,2584.84,16,2707.95,2025-11,0.8,0.5031,24,30,110.29,156.67,6,2025-11-11,0.95,0.0,123.10999999999967,berlinda
TXP1406,Goiania-Central-apartamento-SUP-1Q,Carteira 1_sys-price,GO,"Goiânia, GO","Goiânia, GO, Setor Bueno",0,779,2137.11,149,1516.4,2025-11,0.4333,0.3335,13,30,177.54,175.07,15,2025-11-11,1.41,0.0,-620.71,ok
UML0104,Bombinhas-Mariscal-apartamento-TOP-2Q,Carteira 6,SC,"Bombinhas, SC","Bombinhas, SC, Mariscal",1,485,5767.24,11,2287.14,2025-11,0.7931,0.2905,23,30,282.09,219.0,5,2025-11-11,2.52,282.09,-3480.1,meta_subestimada
URB1110,Porto_Alegre-Jardim_Botanico-apartamento-JR-1Q,Carteira 4,RS,"Porto Alegre, RS","Porto Alegre, RS, Petrópolis",0,799,1261.16,8,1160.6,2025-11,0.4,0.2979,12,30,131.5,150.56,18,2025-11-11,1.09,0.0,-100.56000000000017,berlinda
VTD0606,Florianopolis-UFSC-apartamento-SUP-1Q,Carteira 4,SC,"Florianópolis, SC","Florianópolis, SC, Trindade",0,54,3349.79,40,2727.0,2025-11,0.6333,0.4971,19,30,222.58,197.0,11,2025-11-11,1.23,0.0,-622.79,ok
BLV0005,Porto_Seguro-Pataxos-apartamento-JR-2Q,Carteira 2,BA,"Porto Seguro, BA","Porto Seguro, BA, Taperapuan",2,227,1109.52,49,2140.18,2025-11,0.2857,0.245,8,30,162.13,154.82,11,2025-11-11,0.52,324.26,1030.6599999999999,atenção
BSO0105,Itajai-Praia_Brava-apartamento-SUP-1Q,Carteira 6,SC,"Balneário Camboriú, SC","Balneário Camboriú, SC, Praia dos Amores",0,198,3733.79,10,2766.14,2025-11,0.8667,0.5032,26,30,164.46,138.75,4,2025-11-11,1.35,0.0,-967.6500000000001,ok
CGE0003,Balneario_Picarras-Geral-casa-SUP-3Q,Carteira 6,SC,"Balneário Piçarras, SC","Balneário Piçarras, SC, Centro",3,1,469.14,10,2668.89,2025-11,0.1111,0.1965,3,30,216.0,149.0,14,2025-11-11,0.18,648.0,2199.75,crítico
DNR1402,Sao_Paulo-Republica-apartamento-SUP-1Q,Carteira 4,SP,"São Paulo, SP","São Paulo, SP, República",0,29,2683.56,467,2800.75,2025-11,0.6667,0.5767,20,30,156.7,130.0,5,2025-11-11,0.96,0.0,117.19000000000005,berlinda
ESE0102,Balneario_Camboriu-Norte-apartamento-TOP-2Q,Carteira 6,SC,"Balneário Camboriú, SC","Balneário Camboriú, SC, Centro",0,268,8454.43,17,5267.72,2025-11,0.9,0.4605,27,30,388.19,189.0,3,2025-11-11,1.6,0.0,-3186.71,ok
EVA0506,Florianopolis-Centrao-apartamento-JR-1Q,Carteira 4,SC,"Florianópolis, SC","Florianópolis, SC, Centro",0,163,698.31,71,2585.44,2025-11,0.1,0.4921,3,30,251.0,144.69,16,2025-11-11,0.27,0.0,1887.13,crítico
IPTR0082,Balneario_Camboriu-Centro-apartamento-JR-2Q,Carteira 6,SC,"Balneário Camboriú, SC","Balneário Camboriú, SC, Centro",3,92,4618.99,45,2904.87,2025-11,0.8519,0.4181,23,30,266.13,215.0,4,2025-11-11,1.59,798.39,-1714.12,ok
ISC0906,Sao_Paulo-Republica-apartamento-SUP-1Q,Carteira 4,SP,"São Paulo, SP","São Paulo, SP, Vila Buarque",0,562,3898.05,467,2800.75,2025-11,0.9,0.5767,27,30,177.78,130.0,2,2025-11-11,1.39,0.0,-1097.3000000000002,ok
JBV252,Especial-JBV-hotel-TOP-1Q,Especial,SC,"Florianópolis, SC","Florianópolis, SC, Jurerê",0,1866,8540.85,34,10718.98,2025-11,0.5,0.6611,15,30,684.07,714.11,9,2025-11-11,0.8,0.0,2178.129999999999,atenção
JBV325,Especial-JBV-hotel-JR-1Q,Especial,SC,"Florianópolis, SC","Florianópolis, SC, Jurerê",2,1820,7045.76,25,9026.89,2025-11,0.6429,0.58,18,30,504.89,481.75,8,2025-11-11,0.78,1009.78,1981.1299999999992,atenção
OLN1702,Sao_Paulo-Mariana-apartamento-SUP-1Q,Carteira 4,SP,"São Paulo, SP","São Paulo, SP, Vila Clementino",2,199,3458.86,176,2772.66,2025-11,0.75,0.5027,21,30,204.33,165.5,4,2025-11-11,1.25,408.66,-686.2000000000003,ok
RJT0104,Brasilia-Taguatinga_Norte-apartamento-SUP-1Q,Carteira 1_sys-price,DF,"Brasília, DF","Brasília, DF, Taguatinga Norte",2,380,1068.72,105,2035.75,2025-11,0.3571,0.498,10,30,135.2,154.18,17,2025-11-11,0.52,270.4,967.03,atenção
RMO0602,Salvador-Ondina_Rio_Vermelho-apartamento-SUP-1Q,Carteira 2,BA,"Salvador, BA","Salvador, BA, Rio Vermelho",0,339,3684.12,82,3153.33,2025-11,0.7667,0.5658,23,30,192.48,179.5,4,2025-11-11,1.17,0.0,-530.79,ok
RRC0207,Florianopolis-Ribeirao-apartamento-SUP-1Q,Carteira 4,SC,"Florianópolis, SC","Florianópolis, SC, Ribeirão da Ilha",3,411,0.0,34,2073.02,2025-11,0.0,0.4128,0,30,0.0,163.74,19,2025-11-11,0.0,0.0,2073.02,crítico
RVP0502,Joao_Pessoa-Aeroclube-apartamento-JR-2Q,Carteira 2,PB,"João Pessoa, PB","João Pessoa, PB, Aeroclube",7,254,136.34,7,2413.66,2025-11,0.0435,0.5242,1,30,122.0,127.47,19,2025-11-11,0.06,854.0,2277.3199999999997,crítico
SDA311,Cabo_Frio-Centro-apartamento-SUP-2Q,Carteira 4,RJ,"Cabo Frio, RJ","Cabo Frio, RJ, Passagem",2,950,0.0,93,4184.97,2025-11,0.0,0.505,0,30,0.0,275.11,19,2025-11-11,0.0,0.0,4184.97,crítico
VCM005,Ilheus-Sul-apartamento-JR-2Q,Carteira 2,BA,"Ilhéus, BA","Ilhéus, BA, Nossa Senhora da Vitória",0,781,964.4,15,1576.18,2025-11,0.3333,0.2399,10,30,115.8,118.67,15,2025-11-11,0.61,0.0,611.7800000000001,atenção
VLT0107,Salvador-Graca-apartamento-JR-1Q,Especial,BA,"Salvador, BA","Salvador, BA, Vitória",2,52,2197.68,21,2952.35,2025-11,0.5,0.5049,14,30,181.43,165.8,10,2025-11-11,0.74,362.86,754.6700000000001,atenção
VNU1417,Sao_Paulo-Bela_Vista-apartamento-SUP-1Q,Carteira 4,SP,"São Paulo, SP","São Paulo, SP, Bela Vista",0,241,2472.71,596,3486.42,2025-11,0.4,0.5791,12,30,177.82,152.86,7,2025-11-11,0.71,0.0,1013.71,atenção
VST035,Especial-VST-casa-TOP-1Q,Carteira 5,SC,"Anitápolis, SC",VST036,1,66,3479.68,41,2231.25,2025-11,0.5862,0.1613,17,30,279.71,237.17,6,2025-11-11,1.56,279.71,-1248.4299999999998,ok
WEL0604,Sao_Paulo-Pompeia-apartamento-SUP-1Q,Carteira 4,SP,"São Paulo, SP","São Paulo, SP, Perdizes",29,134,0.0,71,2705.63,2025-11,0.0,0.3976,0,30,0.0,134.0,1,2025-11-11,0.0,0.0,2705.63,crítico
WPE0304,Penha-Longe-casa-TOP-2Q,Carteira 6,SC,"Penha, SC","Penha, SC, Gravatá",4,113,8339.59,18,3490.32,2025-11,0.8077,0.5383,21,30,474.24,1000.0,5,2025-11-11,2.39,1896.96,-4849.27,meta_subestimada
BVA0705,Sao_Paulo-Republica-apartamento-SUP-1Q,Carteira 4,SP,"São Paulo, SP",Sao_Paulo-Republica,0,387,1571.51,467,2800.75,2025-11,0.4333,0.5767,13,30,149.38,131.0,11,2025-11-11,0.56,0.0,1229.24,atenção
BVT0418,Brasilia-Asa_Sul-apartamento-JR-1Q,Carteira 1_sys-price,DF,"Brasília, DF","Brasília, DF, Lago Norte",1,337,1979.69,220,2916.77,2025-11,0.4483,0.6292,13,30,198.62,213.54,13,2025-11-11,0.68,198.62,937.0799999999999,atenção
CNB008,Especial-CNB-casa-TOP-1Q,Especial,SP,"Campos do Jordão, SP","Campos do Jordão, SP, Jardim Europa",0,591,5773.37,16,4791.07,2025-11,0.4,0.5074,12,30,576.33,622.87,15,2025-11-11,1.21,0.0,-982.3000000000002,ok
CND0204,Florianopolis-Praia_Brava-apartamento-JR-3Q,Carteira 1,SC,"Florianópolis, SC","Florianópolis, SC, Ponta das Canas",5,59,2555.62,71,4223.9,2025-11,0.36,0.4511,9,30,377.33,347.75,8,2025-11-11,0.61,1886.6499999999999,1668.2799999999997,atenção
CRM0212,Florianopolis-Canto_da_Lagoa-apartamento-SUP-2Q,Carteira 1,SC,"Florianópolis, SC","Florianópolis, SC, Canto da Lagoa",0,298,1789.53,15,3406.37,2025-11,0.2333,0.3824,7,30,313.14,261.25,16,2025-11-11,0.53,0.0,1616.84,atenção
ELF0408,Bombinhas-Bombas-apartamento-SUP-1Q,Especial,SC,"Bombinhas, SC","Bombinhas, SC, José Amândio",3,164,2183.72,49,2579.11,2025-11,0.4074,0.44,11,30,228.0,316.83,12,2025-11-11,0.85,684.0,395.3900000000003,berlinda
GDI268,Florianopolis-Canasvieiras_Perto-apartamento-JR-1Q,Carteira 1,SC,"Florianópolis, SC","Florianópolis, SC, Canasvieiras",0,808,1721.88,49,2189.81,2025-11,0.3,0.4547,9,30,223.0,153.2,10,2025-11-11,0.79,0.0,467.92999999999984,atenção
ILC2403,Especial-ILC-hotel-JR-1Q,Especial,SC,"Florianópolis, SC","Florianópolis, SC, Jurerê Internacional",0,1779,12680.51,16,9179.91,2025-11,0.6667,0.5499,20,30,731.95,635.3,10,2025-11-11,1.38,0.0,-3500.6000000000004,ok
MOR0402,Florianopolis-Jurere_Tradicional-apartamento-TOP-3Q,Carteira 1,SC,"Florianópolis, SC","Florianópolis, SC, Jurerê",16,691,7126.74,15,9644.52,2025-11,0.9286,0.5372,13,30,768.62,348.0,1,2025-11-11,0.74,12297.92,2517.7800000000007,atenção
NOR0201,Brasilia-Asa_Norte-apartamento-JR-1Q,Carteira 1_sys-price,DF,"Brasília, DF","Brasília, DF, Asa Norte",0,767,3046.15,163,2728.02,2025-11,0.5333,0.6523,16,30,208.06,192.33,9,2025-11-11,1.12,0.0,-318.1300000000001,ok
NWT0617,Especial-NWT-apartamento-TOP-1Q,Carteira 5,AL,"Maceió, AL","Maceió, AL, Pajuçara",1,215,4800.7,40,4657.0,2025-11,0.6552,0.5442,19,30,309.05,284.5,8,2025-11-11,1.03,309.05,-143.69999999999982,berlinda
RPR056,Penha-Praia-casa-JR-3Q,Carteira 6,SC,"Penha, SC","Penha, SC, penha",0,640,1885.51,23,3102.23,2025-11,0.3333,0.4012,10,30,230.5,159.44,9,2025-11-11,0.61,0.0,1216.72,atenção
RTS0903,Balneario_Picarras-Geral-apartamento-TOP-2Q,Carteira 6,SC,"Balneário Piçarras, SC","Balneário Piçarras, SC, Centro",0,276,4719.55,35,2411.71,2025-11,0.8,0.3346,24,30,229.46,149.5,6,2025-11-11,1.96,0.0,-2307.84,ok
SOV0002,Mata_de_Sao_Joao-Praia_Imbassai-casa-SUP-2Q,Carteira 2,BA,"Mata de São João, BA","Mata de São João, BA, Imbassaí",5,95,2700.63,12,2428.26,2025-11,0.48,0.3139,12,30,282.25,228.89,9,2025-11-11,1.11,1411.25,-272.3699999999999,ok
SSG0413,Florianopolis-UFSC-apartamento-TOP-1Q,Carteira 4,SC,"Florianópolis, SC","Florianópolis, SC, Córrego Grande",0,30,4919.23,16,2679.84,2025-11,0.7333,0.5048,22,30,290.27,229.83,6,2025-11-11,1.84,0.0,-2239.3899999999994,ok
TXP0608,Goiania-Central-apartamento-SUP-1Q,Carteira 1_sys-price,GO,"Goiânia, GO","Goiânia, GO, Setor Bueno",0,757,2322.24,149,1516.4,2025-11,0.6333,0.3335,19,30,155.63,169.3,10,2025-11-11,1.53,0.0,-805.8399999999997,ok
VAR0302,Ilheus-Sul-apartamento-SUP-2Q,Carteira 2,BA,"Ilhéus, BA","Ilhéus, BA, Nossa Senhora da Vitória",7,248,1587.6,36,1909.53,2025-11,0.4348,0.2911,10,30,172.8,162.11,9,2025-11-11,0.83,1209.6000000000001,321.93000000000006,berlinda
VEC121,Bombinhas-Centro-apartamento-SUP-1Q,Carteira 6,SC,"Bombinhas, SC","Bombinhas, SC, Centro",0,1040,3767.06,34,3528.77,2025-11,0.7667,0.5429,23,30,190.7,135.8,5,2025-11-11,1.07,0.0,-238.28999999999996,berlinda
YOU1203,Sao_Paulo-Pinheiros-apartamento-TOP-1Q,Carteira 4_sys-price,SP,"São Paulo, SP","São Paulo, SP, Jardim Paulistano",0,410,5364.13,275,4995.02,2025-11,0.7333,0.591,22,30,309.77,247.63,8,2025-11-11,1.07,0.0,-369.1099999999997,berlinda
AMC0204,Florianopolis-Ingleses_Praia-apartamento-JR-1Q,Carteira 1,SC,"Florianópolis, SC","Florianópolis, SC, Ingleses do Rio Vermelho",0,666,3237.0,30,2156.24,2025-11,0.5667,0.4512,17,30,261.71,196.8,5,2025-11-11,1.5,0.0,-1080.7600000000002,ok
CNA006,Especial-CNA-casa-MASTER-1Q,Especial,SP,"Campos do Jordão, SP","Campos do Jordão, SP, Jardim Europa",0,1016,9653.43,25,8206.44,2025-11,0.4667,0.4048,14,30,713.38,686.55,11,2025-11-11,1.18,0.0,-1446.9899999999998,ok
DPAC0116,Aguas_Claras-Geral-apartamento-SUP-1Q,Carteira 1,DF,"Brasília, DF","Brasília, DF, Águas Claras",0,199,2471.0,100,2016.28,2025-11,0.5333,0.4985,16,30,256.56,220.44,9,2025-11-11,1.23,0.0,-454.72,ok
ELU0311,Especial-JPR-apartamento-TOP-1Q,Carteira 1,SC,"Florianópolis, SC","Florianópolis, SC, Jurerê",0,598,4635.59,16,6427.59,2025-11,0.4667,0.5944,14,30,413.29,326.6,10,2025-11-11,0.72,0.0,1792.0,atenção
GDP0008,Brasilia-Asa_Sul-apartamento-JR-1Q,Carteira 1_sys-price,DF,"Brasília, DF","Brasília, DF, Asa Sul",2,269,1765.67,220,2916.77,2025-11,0.25,0.6292,7,30,212.5,210.69,16,2025-11-11,0.61,425.0,1151.1,atenção
GRB0917,Porto_Alegre-Auxiliadora-apartamento-SUP-1Q,Carteira 4,RS,"Porto Alegre, RS","Porto Alegre, RS, Rio Branco",0,353,1547.66,95,2335.8,2025-11,0.4,0.427,12,30,151.67,160.88,17,2025-11-11,0.66,0.0,788.1400000000001,atenção
JPR211,Especial-JPR-apartamento-TOP-1Q,Carteira 1,SC,"Florianópolis, SC","Florianópolis, SC, Jurerê",0,992,6142.22,16,6427.59,2025-11,0.6,0.5944,18,30,404.56,290.12,8,2025-11-11,0.96,0.0,285.3699999999999,berlinda
LLR802,Porto_Belo-Geral-apartamento-MASTER-3Q,Carteira 6,SC,"Porto Belo, SC","Porto Belo, SC, Perequê",4,1181,8459.68,8,4815.88,2025-11,0.8077,0.3632,21,30,477.1,489.5,4,2025-11-11,1.76,1908.4,-3643.8,ok
MHF1206,Itapema-Canto_Praia-apartamento-TOP-1Q,Carteira 5,SC,"Itapema, SC","Itapema, SC, Centro",4,313,1261.92,17,2947.0,2025-11,0.1923,0.4478,5,30,315.0,300.0,12,2025-11-11,0.43,1260.0,1685.08,crítico
MHFA0503,Itapema-Canto_Praia-apartamento-SUP-1Q,Carteira 5,SC,"Itapema, SC","Itapema, SC, Centro",0,457,2974.31,9,3362.19,2025-11,0.5,0.347,15,30,179.42,174.2,10,2025-11-11,0.88,0.0,387.8800000000001,berlinda
MRV0001,Imbituba-Praia_do_Rosa-casa-SUP-3Q,Carteira 6,SC,"Imbituba, SC","Imbituba, SC, Praia do Rosa",8,407,3482.73,22,4068.6,2025-11,0.5,0.3148,11,30,389.09,230.33,9,2025-11-11,0.86,3112.72,585.8699999999999,berlinda
MTA0201,Barra_Velha-Centro-apartamento-SUP-2Q,Carteira 3,SC,"Barra Velha, SC","Barra Velha, SC, Tabuleiro",0,101,513.03,16,1993.22,2025-11,0.1,0.2476,3,30,176.14,160.67,15,2025-11-11,0.26,0.0,1480.19,crítico
MTR1703,Porto_Belo-Geral-apartamento-TOP-3Q,Carteira 6,SC,"Porto Belo, SC","Porto Belo, SC, Perequê",0,227,4128.72,11,4637.54,2025-11,0.6333,0.2656,19,30,298.05,242.2,10,2025-11-11,0.89,0.0,508.8199999999997,berlinda
NBL0401,Porto_Alegre-Jardim_Botanico-apartamento-SUP-1Q,Carteira 4,RS,"Porto Alegre, RS","Porto Alegre, RS, Santa Cecília",0,702,862.19,60,1567.83,2025-11,0.2333,0.3503,7,30,150.43,131.87,15,2025-11-11,0.55,0.0,705.6399999999999,atenção
NWT0811,Especial-NWT-apartamento-MASTER-1Q,Carteira 5,AL,"Maceió, AL","Maceió, AL, Pajuçara",2,177,9989.85,30,6165.78,2025-11,0.9643,0.6885,27,30,546.19,400.0,1,2025-11-11,1.62,1092.38,-3824.0700000000006,ok
NWT0903,Especial-NWT-apartamento-TOP-1Q,Carteira 5,AL,"Maceió, AL","Maceió, AL, Pajuçara",0,219,4944.76,40,4657.0,2025-11,0.7,0.5442,21,30,271.76,314.0,7,2025-11-11,1.06,0.0,-287.7600000000002,berlinda
PPE0302,Sao_Paulo-Brooklin-apartamento-SUP-1Q,Carteira 4,SP,"São Paulo, SP","São Paulo, SP, Brooklin Novo",0,85,5997.06,294,3655.93,2025-11,0.8333,0.545,25,30,281.1,247.0,1,2025-11-11,1.64,0.0,-2341.1300000000006,ok
RAA0301,Itapema-Meia_Praia-Norte-apartamento-SUP-3Q,Carteira 6,SC,"Itapema, SC","Itapema, SC, Meia Praia",5,75,2887.45,40,2993.72,2025-11,0.48,0.3654,12,30,256.69,230.89,9,2025-11-11,0.96,1283.45,106.26999999999998,berlinda
RCX1807,Itajai-Praia_Brava-apartamento-MASTER-2Q,Carteira 6,SC,"Itajaí, SC","Itajaí, SC, Praia Brava",0,261,5325.72,11,6188.9,2025-11,0.6,0.4913,18,30,353.89,347.11,9,2025-11-11,0.86,0.0,863.1799999999994,berlinda
STP1106,Guarapari-Centro-apartamento-SUP-1Q,Carteira 4,ES,"Guarapari, ES","Guarapari, ES, Centro",2,214,773.72,33,1868.64,2025-11,0.25,0.4178,7,30,133.71,123.47,15,2025-11-11,0.41,267.42,1094.92,crítico
TCO1008,Porto_Alegre-Centro_Historico-apartamento-SUP-1Q,Carteira 4,RS,"Porto Alegre, RS","Porto Alegre, RS, Centro Histórico",0,397,2144.7,72,1793.66,2025-11,0.6667,0.4337,20,30,136.35,128.43,7,2025-11-11,1.2,0.0,-351.03999999999974,ok
TPS108,Florianopolis-Canasvieiras_Meio-apartamento-TOP-1Q,Carteira 1,SC,"Florianópolis, SC","Florianópolis, SC, Canasvieiras",1,1003,2115.45,25,4223.9,2025-11,0.3793,0.563,11,30,212.0,201.87,16,2025-11-11,0.5,212.0,2108.45,atenção
TSF1302,Balneario_Camboriu-Sul-apartamento-SUP-3Q,Carteira 6,SC,"Balneário Camboriú, SC","Balneário Camboriú, SC, Centro",5,345,3260.95,76,3709.3,2025-11,0.48,0.3914,12,30,324.0,281.88,8,2025-11-11,0.88,1620.0,448.35000000000036,berlinda
UPP0512,Curitiba-Centro-apartamento-JR-1Q,Carteira 4,PR,"Curitiba, PR","Curitiba, PR, Alto da XV",0,17,2471.87,282,1884.7,2025-11,0.7,0.5093,21,30,146.62,130.0,5,2025-11-11,1.31,0.0,-587.1699999999998,ok
VST020,Especial-VST-casa-TOP-1Q,Carteira 5,SC,"Anitápolis, SC","Anitápolis, SC, Rio dos Pinheiros",3,123,2501.83,41,2231.25,2025-11,0.4815,0.1613,13,30,245.0,163.8,10,2025-11-11,1.12,735.0,-270.5799999999999,ok
APC2200,Bombinhas-Mariscal-casa-TOP-3Q,Carteira 6,SC,"Bombinhas, SC","Bombinhas, SC, Canto Grande",7,956,4967.68,19,6375.0,2025-11,0.5652,0.4042,13,30,482.62,531.0,8,2025-11-11,0.78,3378.34,1407.3199999999997,atenção
BLB1502,Salvador-Barra-apartamento-SUP-1Q,Carteira 2,BA,"Salvador, BA","Salvador, BA, Barra",0,684,1361.89,203,3119.92,2025-11,0.2667,0.546,8,30,214.75,211.67,18,2025-11-11,0.44,0.0,1758.03,crítico
BMR0004,Porto_Seguro-Pataxos-casa-JR-2Q,Carteira 2,BA,"Porto Seguro, BA","Porto Seguro, BA, Loteamento Village I",0,382,0.0,11,2404.65,2025-11,0.0,0.3217,0,30,0.0,163.0,19,2025-11-11,0.0,0.0,2404.65,crítico
CAS0031,Florianopolis-Estreito-apartamento-SUP-2Q,Carteira 4,SC,"Florianópolis, SC","Florianópolis, SC, Coqueiros",0,254,3904.85,14,2779.6,2025-11,0.6,0.3595,18,30,245.83,200.14,7,2025-11-11,1.4,0.0,-1125.25,ok
CNA015,Especial-CNA-casa-MASTER-1Q,Especial,SP,"Campos do Jordão, SP","Campos do Jordão, SP, Jardim Europa",0,1016,10721.26,25,8206.44,2025-11,0.7667,0.4048,23,30,599.3,713.6,5,2025-11-11,1.31,0.0,-2514.8199999999997,ok
CPN0002,Florianopolis-Centrao-apartamento-JR-2Q,Carteira 4,SC,"Florianópolis, SC","Florianópolis, SC, Centro",0,390,4188.03,21,2579.11,2025-11,0.7,0.4517,21,30,233.9,230.29,7,2025-11-11,1.62,0.0,-1608.9199999999996,ok
CRJ101,Florianopolis-Jurere_Tradicional-apartamento-SUP-2Q,Carteira 1,SC,"Florianópolis, SC","Florianópolis, SC, Jurerê",0,1023,5187.03,33,7035.03,2025-11,0.4333,0.556,13,30,427.38,294.14,7,2025-11-11,0.74,0.0,1848.0,atenção
DLH0103,Gramado-Centro-apartamento-TOP-2Q,Carteira 4,RS,"Gramado, RS","Gramado, RS, Centro",0,407,12516.58,55,10638.6,2025-11,0.7,0.6864,21,30,747.48,379.75,4,2025-11-11,1.18,0.0,-1877.9799999999996,ok
ELLC0000,Ilheus-Sul-apartamento-SUP-2Q,Carteira 2,BA,"Ilhéus, BA","Ilhéus, BA, Nossa Senhora da Vitória",3,67,2171.62,36,1909.53,2025-11,0.4444,0.2911,12,30,210.5,139.0,8,2025-11-11,1.14,631.5,-262.0899999999999,ok
FFS1306,Itapema-Meia_Praia-Sul-apartamento-SUP-1Q,Carteira 6,SC,"Itapema, SC","Itapema, SC, Meia Praia",0,10,2131.47,15,2851.62,2025-11,0.5333,0.4879,16,30,154.81,154.6,10,2025-11-11,0.75,0.0,720.1500000000001,atenção
FML202,Florianopolis-Canasvieiras_Perto-apartamento-JR-2Q,Carteira 1,SC,"Florianópolis, SC","Florianópolis, SC, Canasvieiras",8,638,2840.11,12,3649.69,2025-11,0.5909,0.4795,13,30,284.31,247.22,9,2025-11-11,0.78,2274.48,809.5799999999999,atenção
GCH0201,Camaçari-Jacuipe-apartamento-JR-3Q,Carteira 2,BA,"Camaçari, BA","Camaçari, BA, Guarajuba Monte Gordo",6,432,2328.24,97,3659.42,2025-11,0.5,0.2902,12,30,261.17,211.67,6,2025-11-11,0.64,1567.02,1331.1800000000003,atenção
ILC2316,Especial-ILC-hotel-TOP-1Q,Especial,SC,"Florianópolis, SC","Florianópolis, SC, Jurerê Internacional",0,1522,11128.84,30,11132.4,2025-11,0.6667,0.6976,20,30,736.2,514.0,6,2025-11-11,1.0,0.0,3.5599999999994907,berlinda
ILH0107,Florianopolis-Canasvieiras_Perto-apartamento-SUP-2Q,Carteira 1,SC,"Florianópolis, SC","Florianópolis, SC, Canasvieiras",0,753,5817.67,25,5283.94,2025-11,0.7,0.5593,21,30,332.67,301.38,8,2025-11-11,1.1,0.0,-533.7300000000005,ok
JRR410,Florianopolis-Jurere_Tradicional-apartamento-MASTER-1Q,Carteira 1,SC,"Florianópolis, SC","Florianópolis, SC, Jurerê",0,1354,3929.46,26,9235.66,2025-11,0.3667,0.5753,11,30,429.0,410.46,13,2025-11-11,0.43,0.0,5306.2,crítico
MHF1604,Itapema-Canto_Praia-apartamento-TOP-1Q,Carteira 5,SC,"Itapema, SC","Itapema, SC, Centro",1,407,3437.09,17,2947.0,2025-11,0.6207,0.4478,18,30,226.22,257.0,9,2025-11-11,1.17,226.22,-490.09000000000015,ok
MHF1605,Itapema-Canto_Praia-apartamento-TOP-1Q,Carteira 5,SC,"Itapema, SC","Itapema, SC, Centro",0,500,4025.14,17,2947.0,2025-11,0.6,0.4478,18,30,309.5,255.73,11,2025-11-11,1.37,0.0,-1078.1399999999999,ok
MMD0305,Ilheus-Sul-apartamento-SUP-2Q,Carteira 2,BA,"Ilhéus, BA","Ilhéus, BA, São Francisco",0,155,2867.21,36,1909.53,2025-11,0.5,0.2911,15,30,231.67,164.0,8,2025-11-11,1.5,0.0,-957.6800000000001,ok
NWT0504,Especial-NWT-apartamento-TOP-1Q,Carteira 5,AL,"Maceió, AL","Maceió, AL, Pajuçara",0,225,3993.04,40,4657.0,2025-11,0.5,0.5442,15,30,309.47,300.18,11,2025-11-11,0.86,0.0,663.96,berlinda
NWT0911,Especial-NWT-apartamento-MASTER-1Q,Carteira 5,AL,"Maceió, AL","Maceió, AL, Pajuçara",3,221,3718.5,30,6165.78,2025-11,0.2593,0.6885,7,30,600.0,600.0,12,2025-11-11,0.6,1800.0,2447.2799999999997,atenção
ONP0913,Sao_Paulo-Bela_Vista-apartamento-SUP-1Q,Carteira 4,SP,"São Paulo, SP","São Paulo, SP, Paraíso",1,31,4717.22,596,3486.42,2025-11,1.0,0.5791,29,30,194.56,,0,2025-11-11,1.35,194.56,-1230.8000000000002,ok
POR410,Florianopolis-Ingleses_Norte-apartamento-SUP-4Q,Carteira 1,SC,"Florianópolis, SC","Florianópolis, SC, Ingleses Norte",21,880,1852.56,19,5792.75,2025-11,0.4444,0.4496,4,30,836.0,629.2,5,2025-11-11,0.32,17556.0,3940.19,crítico
RFM0012,Santa_Cruz_Cabralia-Coroa_Vermelha-apartamento-SUP-2Q,Carteira 2,BA,"Santa Cruz Cabrália, BA","Porto Seguro, BA, Mutá",0,295,1709.7,34,2989.06,2025-11,0.4,0.3789,12,30,195.33,201.3,10,2025-11-11,0.57,0.0,1279.36,atenção
SDR002,Florianopolis-Lagoa-apartamento-SUP-1Q,Carteira 1,SC,"Florianópolis, SC","Florianópolis, SC, Lagoa da Conceição",2,1575,1375.62,25,3319.53,2025-11,0.3571,0.584,10,30,188.7,190.29,14,2025-11-11,0.41,377.4,1943.9100000000003,crítico
SKC0414,Maceio-Jatiuca-apartamento-TOP-1Q,Carteira 2,AL,"Maceió, AL","Maceió, AL, Jatiúca",5,268,3643.8,36,4207.29,2025-11,0.84,0.6065,21,30,225.33,240.0,3,2025-11-11,0.87,1126.65,563.4899999999998,berlinda
TCO1104,Porto_Alegre-Centro_Historico-apartamento-SUP-1Q,Carteira 4,RS,"Porto Alegre, RS","Porto Alegre, RS, Centro Histórico",0,411,1729.75,72,1793.66,2025-11,0.5667,0.4337,17,30,130.29,126.08,12,2025-11-11,0.96,0.0,63.91000000000008,berlinda
TPS104,Florianopolis-Canasvieiras_Meio-apartamento-TOP-1Q,Carteira 1,SC,"Florianópolis, SC","Florianópolis, SC, Canasvieiras",0,1005,958.68,25,4223.9,2025-11,0.2,0.563,6,30,201.0,215.95,19,2025-11-11,0.23,0.0,3265.22,crítico
TPS107,Florianopolis-Canasvieiras_Meio-apartamento-TOP-1Q,Carteira 1,SC,"Florianópolis, SC","Florianópolis, SC, Canasvieiras",0,507,2967.92,25,4223.9,2025-11,0.5,0.563,15,30,239.93,222.08,12,2025-11-11,0.7,0.0,1255.9799999999996,atenção
VEC114,Bombinhas-Centro-apartamento-SUP-1Q,Carteira 6,SC,"Bombinhas, SC","Bombinhas, SC, Centro",0,1040,3967.74,34,3528.77,2025-11,0.7333,0.5429,22,30,259.45,190.13,8,2025-11-11,1.12,0.0,-438.9699999999998,ok
VIF0011,Porto_Seguro-Pataxos-apartamento-SUP-3Q,Carteira 2,BA,"Porto Seguro, BA","Porto Seguro, BA, Taperapuã",4,22,2440.56,21,3440.8,2025-11,0.4615,0.3202,12,30,297.83,225.0,8,2025-11-11,0.71,1191.32,1000.2400000000002,atenção
VST022,Especial-VST-casa-TOP-1Q,Carteira 5,SC,"Anitápolis, SC","Anitápolis, SC, Rio dos Pinheiros",7,488,2862.86,41,2231.25,2025-11,0.6087,0.1613,14,30,263.93,206.0,7,2025-11-11,1.28,1847.51,-631.6100000000001,ok
VTD0109,Florianopolis-UFSC-apartamento-SUP-1Q,Carteira 4,SC,"Florianópolis, SC","Florianópolis, SC, Trindade",0,54,3193.6,40,2727.0,2025-11,0.6667,0.4971,20,30,239.35,185.67,9,2025-11-11,1.17,0.0,-466.5999999999999,ok
BSD1501,Balneario_Camboriu-Norte-apartamento-MASTER-3Q,Carteira 6,SC,"Balneário Camboriú, SC","Balneário Camboriú, SC, Pioneiros",30,199,0.0,48,8326.18,2025-11,,0.4379,0,30,0.0,,0,2025-11-11,0.0,0.0,8326.18,crítico
CCC0302,Florianopolis-Ingleses_Praia-apartamento-JR-2Q,Carteira 1,SC,"Florianópolis, SC","Florianópolis, SC, Ingleses Norte",0,65,516.03,31,3002.2,2025-11,0.1,0.3679,3,30,216.0,208.81,16,2025-11-11,0.17,0.0,2486.17,crítico
CEN0035,Porto_Alegre-Auxiliadora-apartamento-SUP-1Q,Carteira 4,RS,"Porto Alegre, RS","Porto Alegre, RS, Auxiliadora",0,296,1663.85,95,2335.8,2025-11,0.3667,0.427,11,30,171.82,160.29,14,2025-11-11,0.71,0.0,671.9500000000003,atenção
CTD0401,Penha-Longe-apartamento-JR-2Q,Carteira 6,SC,"Penha, SC","Penha, SC, Centro",0,233,2791.2,22,2363.78,2025-11,0.8,0.4095,24,30,141.0,122.5,2,2025-11-11,1.18,0.0,-427.4199999999996,ok
FRE2112,Sao_Paulo-Pinheiros-apartamento-SUP-1Q,Carteira 4,SP,"São Paulo, SP","São Paulo, SP, Pinheiros",0,45,4219.07,421,4048.72,2025-11,0.5667,0.5848,17,30,280.82,180.9,10,2025-11-11,1.04,0.0,-170.3499999999999,berlinda
HSC0518,Cabo_Frio-Centro-apartamento-SUP-1Q,Carteira 4,RJ,"Cabo Frio, RJ","Cabo Frio, RJ, Passagem",3,180,1638.98,51,3239.35,2025-11,0.2593,0.5585,7,30,284.86,198.25,12,2025-11-11,0.51,854.58,1600.37,atenção
IHO264,Florianopolis-Ingleses_Norte-apartamento-JR-1Q,Carteira 1,SC,"Florianópolis, SC","Florianópolis, SC, Ingleses do Rio Vermelho",0,837,3934.02,49,2294.44,2025-11,0.6667,0.4456,20,30,234.4,218.67,9,2025-11-11,1.71,0.0,-1639.58,ok
ILC4202,Especial-ILC-hotel-TOP-1Q,Especial,SC,"Florianópolis, SC","Florianópolis, SC, Jurerê Internacional",0,1347,11609.37,30,11132.4,2025-11,0.7333,0.6976,22,30,668.14,573.71,7,2025-11-11,1.04,0.0,-476.97000000000116,berlinda
MCB1001,Balneario_Picarras-Geral-apartamento-SUP-2Q,Carteira 6,SC,"Balneário Piçarras, SC","Balneário Piçarras, SC, Itacolomi",0,129,2386.18,66,1594.17,2025-11,0.6,0.2526,18,30,152.78,121.0,12,2025-11-11,1.5,0.0,-792.0099999999998,ok
MCD001,Campos_do_Jordao-Capivari_Centro-casa-JR-2Q,Carteira 4,SP,"Campos do Jordão, SP","Campos do Jordão, SP, V Dubieux",0,542,1307.83,28,2499.51,2025-11,0.1667,0.2934,5,30,312.2,215.0,14,2025-11-11,0.52,0.0,1191.6800000000003,atenção
MHF0806,Itapema-Canto_Praia-apartamento-TOP-1Q,Carteira 5,SC,"Itapema, SC","Itapema, SC, Centro",0,498,3422.16,17,2947.0,2025-11,0.6333,0.4478,19,30,217.89,259.11,9,2025-11-11,1.16,0.0,-475.15999999999985,ok
MHFA1307,Itapema-Canto_Praia-apartamento-SUP-1Q,Carteira 5,SC,"Itapema, SC","Itapema, SC, Centro",0,425,3968.28,9,3362.19,2025-11,0.7333,0.347,22,30,245.65,193.22,9,2025-11-11,1.18,0.0,-606.0900000000001,ok
MHFB0504,Itapema-Canto_Praia-apartamento-SUP-1Q,Carteira 5,SC,"Itapema, SC","Itapema, SC, Centro",0,457,1934.33,9,3362.19,2025-11,0.4333,0.347,13,30,166.54,164.0,14,2025-11-11,0.58,0.0,1427.8600000000001,atenção
NWT0708,Especial-NWT-apartamento-MASTER-1Q,Carteira 5,AL,"Maceió, AL","Maceió, AL, Pajuçara",0,185,7940.61,30,6165.78,2025-11,0.6333,0.6885,19,30,521.26,429.0,10,2025-11-11,1.29,0.0,-1774.83,ok
ONP0920,Sao_Paulo-Bela_Vista-apartamento-SUP-1Q,Carteira 4,SP,"São Paulo, SP","São Paulo, SP, Paraíso",0,59,3441.32,596,3486.42,2025-11,0.7,0.5791,21,30,193.48,155.43,7,2025-11-11,0.99,0.0,45.09999999999991,berlinda
PHA0023,Ubatuba-Tenorio-apartamento-TOP-1Q,Carteira 4,SP,"Ubatuba, SP","Ubatuba, SP, Tenório - Praia Vermelha",0,278,1804.92,489,4434.53,2025-11,0.2333,0.4531,7,30,338.0,249.43,14,2025-11-11,0.41,0.0,2629.6099999999997,crítico
TCO1003,Porto_Alegre-Centro_Historico-apartamento-SUP-1Q,Carteira 4,RS,"Porto Alegre, RS","Porto Alegre, RS, Centro Histórico",0,86,2509.72,72,1793.66,2025-11,0.7,0.4337,21,30,146.38,126.0,8,2025-11-11,1.4,0.0,-716.0599999999997,ok
TPZ0426,Santa_Cruz_Cabralia-Coroa_Vermelha-apartamento-SUP-2Q,Carteira 2,BA,"Santa Cruz Cabrália, BA","Santa Cruz Cabrália, BA, Coroa Vermelha",0,687,1018.4,34,2989.06,2025-11,0.1667,0.3789,5,30,226.4,188.14,14,2025-11-11,0.34,0.0,1970.6599999999999,crítico
VTL0103,Ilheus-Sul-apartamento-JR-2Q,Carteira 2,BA,"Ilhéus, BA","Ilhéus, BA, Nossa Senhora da Vitória",1,505,0.0,15,1576.18,2025-11,0.0,0.2399,0,30,0.0,134.89,19,2025-11-11,0.0,0.0,1576.18,crítico
AAP1507,Salvador-Caminho_Das_Arvores-apartamento-SUP-1Q,Carteira 2,BA,"Salvador, BA","Salvador, BA, Caminho das Árvores",0,225,2961.87,44,2214.44,2025-11,0.7,0.4753,21,30,163.19,182.75,8,2025-11-11,1.34,0.0,-747.4299999999998,ok
AIR1607,Porto_Alegre-Menino_Deus-apartamento-TOP-1Q,Carteira 4,RS,"Porto Alegre, RS","Porto Alegre, RS, Praia de Belas",0,639,2725.51,28,2292.25,2025-11,0.3333,0.4217,10,30,349.3,333.0,14,2025-11-11,1.19,0.0,-433.2600000000002,ok
ATO3091,Petropolis-Centro-casa-JR-1Q,Carteira 4,RJ,"Petrópolis, RJ","Petrópolis, RJ, Centro",0,850,2884.0,15,1946.5,2025-11,0.5667,0.3188,17,30,206.82,161.0,10,2025-11-11,1.48,0.0,-937.5,ok
CAC0109,Florianopolis-Ingleses_Praia-apartamento-SUP-1Q,Carteira 1,SC,"Florianópolis, SC","Florianópolis, SC, Ingleses do Rio Vermelho",2,24,1287.23,37,3730.47,2025-11,0.3214,0.5144,9,30,197.11,190.62,13,2025-11-11,0.35,394.22,2443.24,crítico
CHR025,Florianopolis-Jurere_Longe-apartamento-JR-2Q,Carteira 1,SC,"Florianópolis, SC","Florianópolis, SC, Jurerê",9,204,2360.46,18,3417.68,2025-11,0.5714,0.3678,12,30,224.42,218.5,6,2025-11-11,0.69,2019.78,1057.2199999999998,atenção
CPL025,Canela-Catedral-apartamento-TOP-1Q,Carteira 4,RS,"Canela, RS","Canela, RS, Centro",0,206,5367.24,35,4738.75,2025-11,0.8333,0.5609,25,30,268.32,299.25,4,2025-11-11,1.13,0.0,-628.4899999999998,ok
EDT0010,Porto_Seguro-Pataxos-apartamento-SUP-2Q,Carteira 2,BA,"Porto Seguro, BA","Porto Seguro, BA, Taperapuan",2,723,3672.1,27,3632.05,2025-11,0.7143,0.4027,20,30,204.45,259.0,2,2025-11-11,1.01,408.9,-40.04999999999973,berlinda
EIS305,Itapema-Meia_Praia-Norte-apartamento-SUP-3Q,Carteira 6,SC,"Itapema, SC","Itapema, SC, Meia Praia",0,1412,0.0,40,2993.72,2025-11,0.0,0.3654,0,30,0.0,359.0,19,2025-11-11,0.0,0.0,2993.72,crítico
GMB0414,Brasilia-Setor_Hoteleiro-apartamento-TOP-1Q,Carteira 1_sys-price,DF,"Brasília, DF","Brasília, DF, Asa Norte",0,691,5384.62,22,5182.87,2025-11,0.7333,0.5822,22,30,309.68,295.5,8,2025-11-11,1.04,0.0,-201.75,berlinda
ICT0104B,Florianopolis-Ingleses_Centro-apartamento-JR-2Q,Carteira 1,SC,"Florianópolis, SC","Florianópolis, SC, Ingleses Norte",0,137,2835.04,17,1938.0,2025-11,0.7,0.3142,21,30,157.24,186.67,9,2025-11-11,1.46,0.0,-897.04,ok
ILC1212,Especial-ILC-hotel-JR-1Q,Especial,SC,"Florianópolis, SC","Florianópolis, SC, Jurerê Internacional",0,681,7752.76,16,9179.91,2025-11,0.5,0.5499,15,30,623.8,595.5,8,2025-11-11,0.84,0.0,1427.1499999999996,berlinda
JBV115,Especial-JBV-hotel-JR-1Q,Especial,SC,"Florianópolis, SC","Florianópolis, SC, Jurerê",0,1727,10590.37,25,9026.89,2025-11,0.9,0.58,27,30,529.16,494.0,5,2025-11-11,1.17,0.0,-1563.4800000000014,ok
JBV242,Especial-JBV-hotel-TOP-1Q,Especial,SC,"Florianópolis, SC","Florianópolis, SC, Jurerê",0,1507,11925.49,34,10718.98,2025-11,0.7,0.6611,21,30,707.43,549.33,3,2025-11-11,1.11,0.0,-1206.5100000000002,ok
JPR217,Especial-JPR-apartamento-TOP-1Q,Carteira 1,SC,"Florianópolis, SC","Florianópolis, SC, Jurerê",0,926,3255.25,16,6427.59,2025-11,0.4333,0.5944,13,30,305.23,312.67,9,2025-11-11,0.51,0.0,3172.34,atenção
LIV1310,Salvador-Graca-apartamento-TOP-1Q,Especial,BA,"Salvador, BA","Salvador, BA, Vitória",0,44,2611.9,15,3581.56,2025-11,0.3333,0.5526,10,30,299.0,320.0,16,2025-11-11,0.73,0.0,969.6599999999999,atenção
MHF0801,Itapema-Canto_Praia-apartamento-TOP-1Q,Carteira 5,SC,"Itapema, SC","Itapema, SC, Centro",1,444,3695.33,17,2947.0,2025-11,0.7586,0.4478,22,30,218.09,198.71,7,2025-11-11,1.25,218.09,-748.3299999999999,ok
NWT0921,Especial-NWT-apartamento-TOP-1Q,Carteira 5,AL,"Maceió, AL","Maceió, AL, Pajuçara",0,221,5647.18,40,4657.0,2025-11,0.7333,0.5442,22,30,327.95,283.57,7,2025-11-11,1.21,0.0,-990.1800000000003,ok
PSOB0807,Penha-Beto_Carrero-apartamento-SUP-1Q,Carteira 3,SC,"Penha, SC","Penha, SC, Praia de Armação do Itapocoroi",0,102,2919.14,16,1970.83,2025-11,0.4667,0.3803,14,30,231.0,161.33,9,2025-11-11,1.48,0.0,-948.31,ok
RGF0410,Salvador-Flamengo-apartamento-TOP-1Q,Carteira 2,BA,"Salvador, BA","Salvador, BA, Itapuã",0,81,1933.6,30,3310.55,2025-11,0.4333,0.5018,13,30,177.54,169.4,15,2025-11-11,0.58,0.0,1376.9500000000003,atenção
RJF002,Urubici-Geral-casa-TOP-2Q,Carteira 3,SC,"Urubici, SC","Urubici, SC, Aguas Brancas",1,596,0.0,22,2977.13,2025-11,0.0,0.1703,0,30,0.0,504.21,19,2025-11-11,0.0,0.0,2977.13,crítico
ROB203,Florianopolis-Ingleses_Norte-apartamento-SUP-2Q,Carteira 1,SC,"Florianópolis, SC","Florianópolis, SC, Ingleses do Rio Vermelho",2,138,0.0,58,3045.34,2025-11,0.0,0.3095,0,30,0.0,480.0,19,2025-11-11,0.0,0.0,3045.34,crítico
SFR0302,Bombinhas-Centro-apartamento-SUP-1Q,Carteira 6,SC,"Bombinhas, SC","Bombinhas, SC, Centro",0,80,3571.61,34,3528.77,2025-11,0.7333,0.5429,22,30,200.82,193.5,8,2025-11-11,1.01,0.0,-42.840000000000146,berlinda
STCY202,Florianopolis-Cachoeira_Bom_Jesus-apartamento-JR-1Q,Carteira 1,SC,"Florianópolis, SC","Florianópolis, SC, Cachoeira do Bom Jesus",0,561,2715.46,15,1284.69,2025-11,0.6333,0.2034,19,30,177.74,159.0,8,2025-11-11,2.11,0.0,-1430.77,meta_subestimada
TCO0501,Porto_Alegre-Centro_Historico-apartamento-SUP-1Q,Carteira 4,RS,"Porto Alegre, RS","Porto Alegre, RS, Centro Histórico",0,521,2523.02,72,1793.66,2025-11,0.7667,0.4337,23,30,142.26,124.6,5,2025-11-11,1.41,0.0,-729.3599999999999,ok
TXP0605,Goiania-Central-apartamento-SUP-1Q,Carteira 1_sys-price,GO,"Goiânia, GO","Goiânia, GO, Setor Bueno",0,778,2321.2,149,1516.4,2025-11,0.5667,0.3335,17,30,155.35,158.92,12,2025-11-11,1.53,0.0,-804.7999999999997,ok
TXP0807,Goiania-Central-apartamento-SUP-1Q,Carteira 1_sys-price,GO,"Goiânia, GO","Goiânia, GO, Setor Bueno",0,759,1836.2,149,1516.4,2025-11,0.4667,0.3335,14,30,157.5,149.15,13,2025-11-11,1.21,0.0,-319.79999999999995,ok
VBV0616,Sao_Paulo-Vila_Olimpia-apartamento-SUP-1Q,Carteira 4,SP,"São Paulo, SP","São Paulo, SP, Vila Olímpia",0,31,3668.57,304,5268.6,2025-11,0.4,0.5515,12,30,312.29,261.17,12,2025-11-11,0.7,0.0,1600.0300000000002,atenção
VNVA1305,Itapema-Praia_Centro-apartamento-TOP-2Q,Carteira 6,SC,"Itapema, SC","Itapema, SC, Tabuleiro dos Oliveiras",1,9,1006.98,19,3026.0,2025-11,0.2069,0.2835,6,30,234.67,259.38,16,2025-11-11,0.33,234.67,2019.02,crítico
YHD0105,Florianopolis-UFSC-apartamento-TOP-1Q,Carteira 4,SC,"Florianópolis, SC","Florianópolis, SC, Carvoeira",0,291,0.0,16,2679.84,2025-11,0.0,0.5048,0,30,0.0,641.0,19,2025-11-11,0.0,0.0,2679.84,crítico
AGC0304,Florianopolis-Cachoeira_Bom_Jesus-apartamento-SUP-3Q,Carteira 1,SC,"Florianópolis, SC","Florianópolis, SC, Cachoeira do Bom Jesus",4,25,1591.92,29,5317.17,2025-11,0.2308,0.4084,6,30,593.17,321.62,13,2025-11-11,0.3,2372.68,3725.25,crítico
AVB0904,Balneario_Camboriu-Norte-apartamento-TOP-3Q,Carteira 6,SC,"Balneário Camboriú, SC","Balneário Camboriú, SC, Pioneiros",0,2,0.0,27,7269.69,2025-11,0.0,0.5204,0,30,0.0,1234.37,19,2025-11-11,0.0,0.0,7269.69,crítico
CAC0301,Florianopolis-Ingleses_Praia-apartamento-SUP-2Q,Carteira 1,SC,"Florianópolis, SC","Florianópolis, SC, Ingleses do Rio Vermelho",5,354,2952.68,51,2819.88,2025-11,0.48,0.3806,12,30,365.33,292.5,10,2025-11-11,1.05,1826.6499999999999,-132.79999999999973,berlinda
CLF0417,Salvador-Flamengo-apartamento-SUP-1Q,Carteira 2,BA,"Salvador, BA","Salvador, BA, Stella Maris",1,9,1827.06,25,1394.67,2025-11,0.4828,0.3333,14,30,151.79,136.62,13,2025-11-11,1.31,151.79,-432.3899999999999,ok
CNB007,Especial-CNB-casa-TOP-1Q,Especial,SP,"Campos do Jordão, SP","Campos do Jordão, SP, Jardim Europa",0,596,3907.96,16,4791.07,2025-11,0.2,0.5074,6,30,734.5,595.94,17,2025-11-11,0.82,0.0,883.1099999999997,berlinda
CSD0101,Bombinhas-Bombas-apartamento-SUP-3Q,Carteira 6,SC,"Bombinhas, SC","Bombinhas, SC, Bombas",8,368,2875.18,18,2849.68,2025-11,0.4545,0.4113,10,30,374.3,238.75,8,2025-11-11,1.01,2994.4,-25.5,berlinda
CSE0102,Florianopolis-Canasvieiras_Meio-apartamento-SUP-3Q,Carteira 1,SC,"Florianópolis, SC","Florianópolis, SC, Canasvieiras",8,423,4870.46,29,5317.17,2025-11,0.6364,0.4084,14,30,403.5,719.0,4,2025-11-11,0.92,3228.0,446.71000000000004,berlinda
EOX0705,Florianopolis-Centrao-apartamento-JR-1Q,Carteira 4,SC,"Florianópolis, SC","Florianópolis, SC, Centro",0,50,3060.53,71,2585.44,2025-11,0.7333,0.4921,22,30,160.95,147.14,7,2025-11-11,1.18,0.0,-475.09000000000015,ok
ERU032,Bombinhas-Bombas-apartamento-SUP-2Q,Carteira 6,SC,"Bombinhas, SC","Bombinhas, SC, Bombas",0,1235,3304.47,69,2859.41,2025-11,0.5667,0.3852,17,30,249.53,173.0,10,2025-11-11,1.16,0.0,-445.05999999999995,ok
EVB0411,Itapema-Meia_Praia-Sul-apartamento-SUP-2Q,Carteira 6,SC,"Itapema, SC","Itapema, SC, Meia Praia",0,11,4062.99,39,2948.95,2025-11,0.9,0.3321,27,30,136.06,120.0,2,2025-11-11,1.38,0.0,-1114.04,ok
EVO0801,Guarapari-Praia_do_Morro-apartamento-TOP-3Q,Carteira 4,ES,"Guarapari, ES","Guarapari, ES, Praia do Morro",3,535,1109.28,29,3211.72,2025-11,0.1481,0.3552,4,30,325.0,306.92,12,2025-11-11,0.35,975.0,2102.4399999999996,crítico
FFS0706,Itapema-Meia_Praia-Sul-apartamento-SUP-1Q,Carteira 6,SC,"Itapema, SC","Itapema, SC, Meia Praia",0,10,3846.68,15,2851.62,2025-11,0.9667,0.4879,29,30,156.55,,0,2025-11-11,1.35,0.0,-995.06,ok
GIU0003,Porto_Seguro-Pataxos-apartamento-JR-2Q,Carteira 2,BA,"Porto Seguro, BA","Porto Seguro, BA, Paraíso dos Pataxós",0,365,1097.96,49,2140.18,2025-11,0.2333,0.245,7,30,181.29,139.93,14,2025-11-11,0.51,0.0,1042.2199999999998,atenção
HRE0035,Ubatuba-Toninhas-apartamento-TOP-2Q,Carteira 4,SP,"Ubatuba, SP","Ubatuba, SP, Toninhas",0,396,5081.93,23,6914.94,2025-11,0.4,0.5623,12,30,472.25,293.55,11,2025-11-11,0.73,0.0,1833.0099999999993,atenção
IPF0201,Mata_de_Sao_Joao-Praia_do_Forte-casa-TOP-2Q,Carteira 2,BA,"Mata de São João, BA","Mata de São João, BA, Praia do Forte",1,37,344.82,22,5137.79,2025-11,0.0345,0.2859,1,30,450.0,450.0,19,2025-11-11,0.07,450.0,4792.97,crítico
JBV207,Especial-JBV-hotel-TOP-1Q,Especial,SC,"Florianópolis, SC","Florianópolis, SC, Jurerê",2,422,9961.66,34,10718.98,2025-11,0.6786,0.6611,19,30,671.58,612.14,7,2025-11-11,0.93,1343.16,757.3199999999997,berlinda
NWT0305,Especial-NWT-apartamento-TOP-1Q,Carteira 5,AL,"Maceió, AL","Maceió, AL, Pajuçara",0,232,5382.27,40,4657.0,2025-11,0.5667,0.5442,17,30,398.06,331.22,9,2025-11-11,1.16,0.0,-725.2700000000004,ok
NWT0714,Especial-NWT-apartamento-TOP-1Q,Carteira 5,AL,"Maceió, AL","Maceió, AL, Pajuçara",0,186,3140.63,40,4657.0,2025-11,0.4,0.5442,12,30,307.0,322.7,10,2025-11-11,0.67,0.0,1516.37,atenção
NWT0812,Especial-NWT-apartamento-TOP-1Q,Carteira 5,AL,"Maceió, AL","Maceió, AL, Pajuçara",0,186,4639.8,40,4657.0,2025-11,0.5667,0.5442,17,30,321.29,282.0,6,2025-11-11,1.0,0.0,17.199999999999818,berlinda
OBD2108,Goiania-Central-apartamento-SUP-2Q,Carteira 1_sys-price,GO,"Goiânia, GO","Goiânia, GO, Setor Bueno",0,71,2154.32,49,2058.7,2025-11,0.4,0.3371,12,30,210.25,225.07,14,2025-11-11,1.05,0.0,-95.62000000000035,berlinda
PLG0012,Florianopolis-Canto_da_Lagoa-apartamento-SUP-1Q,Carteira 1,SC,"Florianópolis, SC","Florianópolis, SC, Lagoa da Conceição",8,214,2445.22,18,3484.23,2025-11,0.5909,0.4496,13,30,241.08,178.0,4,2025-11-11,0.7,1928.64,1039.0100000000002,atenção
RIH0902,Porto_Belo-Geral-apartamento-SUP-2Q,Carteira 6,SC,"Porto Belo, SC","Porto Belo, SC, Pereque",5,16,1844.6,21,3177.66,2025-11,0.6,0.2879,15,30,169.2,146.8,10,2025-11-11,0.58,846.0,1333.06,atenção
RPB038,Florianopolis-Cachoeira_Bom_Jesus-apartamento-JR-2Q,Carteira 1,SC,"Florianópolis, SC","Florianópolis, SC, Cachoeira do Bom Jesus",6,823,2924.53,15,2802.96,2025-11,0.5833,0.3457,14,30,258.14,261.5,6,2025-11-11,1.04,1548.84,-121.57000000000016,berlinda
RTA042,Balneario_Camboriu-Intermediario-apartamento-SUP-2Q,Carteira 6,SC,"Balneário Camboriú, SC","Balneário Camboriú, SC, Centro",0,989,4817.37,74,3649.28,2025-11,0.8333,0.4021,25,30,243.04,177.2,5,2025-11-11,1.32,0.0,-1168.0899999999997,ok
STI210,Florianopolis-Ingleses_Centro-apartamento-SUP-1Q,Carteira 1,SC,"Florianópolis, SC","Florianópolis, SC, Ingleses do Rio Vermelho",0,1690,2982.64,23,2074.85,2025-11,0.5333,0.3316,16,30,225.06,204.13,8,2025-11-11,1.44,0.0,-907.79,ok
TSO0602,Balneario_Camboriu-Longe-apartamento-MASTER-2Q,Carteira 6,SC,"Balneário Camboriú, SC","Balneário Camboriú, SC, Estados",0,211,6775.09,34,3885.14,2025-11,0.7667,0.4511,23,30,337.74,272.25,4,2025-11-11,1.74,0.0,-2889.9500000000003,ok
UPP0516,Curitiba-Centro-apartamento-JR-1Q,Carteira 4,PR,"Curitiba, PR","Curitiba, PR, Alto da XV",0,26,1871.62,282,1884.7,2025-11,0.5,0.5093,15,30,140.87,141.62,13,2025-11-11,0.99,0.0,13.080000000000155,berlinda
VDB0201,Gramado-Centro-apartamento-SUP-2Q,Carteira 4,RS,"Gramado, RS","Gramado, RS, Centro",1,261,5719.85,95,8858.27,2025-11,0.6552,0.667,19,30,501.58,481.4,5,2025-11-11,0.65,501.58,3138.42,atenção
VLPF0103,Mata_de_Sao_Joao-Praia_do_Forte_Longe-apartamento-SUP-2Q,Carteira 2,BA,"Mata de São João, BA","Mata de São João, BA, Centro",4,100,3360.99,106,3895.43,2025-11,0.4231,0.3042,11,30,354.91,272.8,10,2025-11-11,0.86,1419.64,534.44,berlinda
VNO1417,Sao_Paulo-Republica-apartamento-SUP-1Q,Carteira 4,SP,"São Paulo, SP","São Paulo, SP, Consolação",0,124,3113.36,467,2800.75,2025-11,0.8333,0.5767,25,30,157.6,130.0,2,2025-11-11,1.11,0.0,-312.6100000000001,ok
AMC0202,Florianopolis-Ingleses_Praia-apartamento-JR-1Q,Carteira 1,SC,"Florianópolis, SC","Florianópolis, SC, Ingleses do Rio Vermelho",3,501,3289.84,30,2156.24,2025-11,0.6296,0.4512,17,30,233.24,208.8,5,2025-11-11,1.53,699.72,-1133.6000000000004,ok
BLSA1455,Goiania-Central-apartamento-TOP-1Q,Carteira 1_sys-price,GO,"Goiânia, GO","Goiânia, GO, Setor Marista",0,456,1769.29,53,1579.58,2025-11,0.4,0.3282,12,30,173.5,189.82,17,2025-11-11,1.12,0.0,-189.71000000000004,ok
CAG0003,Camaçari-Monte_Gordo-casa-SUP-4Q,Carteira 2,BA,"Camaçari, BA","Camaçari, BA, Guarajuba",7,124,5451.8,10,6121.33,2025-11,0.5217,0.2857,12,30,589.67,544.18,11,2025-11-11,0.89,4127.69,669.5299999999997,berlinda
CEV2304,Balneario_Camboriu-Intermediario-apartamento-JR-1Q,Carteira 6,SC,"Balneário Camboriú, SC","Balneário Camboriú, SC, Centro",0,306,2994.56,54,2124.12,2025-11,0.7,0.4475,21,30,230.71,128.5,4,2025-11-11,1.41,0.0,-870.44,ok
CII0601,Porto_Belo-Geral-apartamento-SUP-2Q,Carteira 6,SC,"Porto Belo, SC","Porto Belo, SC, Perequê",0,435,3741.83,21,3177.66,2025-11,0.8,0.2879,24,30,192.46,155.5,6,2025-11-11,1.18,0.0,-564.1700000000001,ok
CNB005,Especial-CNB-casa-TOP-1Q,Especial,SP,"Campos do Jordão, SP","Campos do Jordão, SP, Jardim Europa",0,596,1454.35,16,4791.07,2025-11,0.1,0.5074,3,30,615.33,654.18,17,2025-11-11,0.3,0.0,3336.72,crítico
DSG1301,Sao_Paulo-Vila_Olimpia-apartamento-SUP-1Q,Carteira 4,SP,"São Paulo, SP","São Paulo, SP, Itaim Bibi",0,191,7286.01,304,5268.6,2025-11,0.9,0.5515,27,30,328.33,286.0,3,2025-11-11,1.38,0.0,-2017.4099999999999,ok
ILC3208,Especial-ILC-hotel-TOP-1Q,Especial,SC,"Florianópolis, SC","Florianópolis, SC, Jurerê Internacional",0,1458,9686.96,30,11132.4,2025-11,0.5333,0.6976,16,30,757.63,712.57,7,2025-11-11,0.87,0.0,1445.4400000000005,berlinda
JBV214,Especial-JBV-hotel-JR-1Q,Especial,SC,"Florianópolis, SC","Florianópolis, SC, Jurerê",0,1045,10556.84,25,9026.89,2025-11,0.8333,0.58,25,30,506.32,467.0,1,2025-11-11,1.17,0.0,-1529.9500000000007,ok
JBV227,Especial-JBV-hotel-TOP-1Q,Especial,SC,"Florianópolis, SC","Florianópolis, SC, Jurerê",0,22,13048.45,34,10718.98,2025-11,0.8667,0.6611,26,30,617.5,841.0,1,2025-11-11,1.22,0.0,-2329.470000000001,ok
JBV462,Especial-JBV-hotel-TOP-1Q,Especial,SC,"Florianópolis, SC","Florianópolis, SC, Jurerê",10,1376,8141.53,34,10718.98,2025-11,0.7,0.6611,14,30,721.36,644.8,5,2025-11-11,0.76,7213.6,2577.45,atenção
JPR212,Florianopolis-Jurere_Tradicional-apartamento-MASTER-1Q,Carteira 1,SC,"Florianópolis, SC","Florianópolis, SC, Jurerê",0,1278,10804.59,26,9235.66,2025-11,0.9,0.5753,27,30,514.22,401.5,2,2025-11-11,1.17,0.0,-1568.9300000000003,ok
LVR010,Campos_do_Jordao-Capivari_Centro-apartamento-SUP-2Q,Carteira 4,SP,"Campos do Jordão, SP","Campos do Jordão, SP, Vila Iara",0,941,4060.75,38,2803.77,2025-11,0.4,0.2482,12,30,401.08,321.58,12,2025-11-11,1.45,0.0,-1256.98,ok
MHF0704,Itapema-Canto_Praia-apartamento-TOP-1Q,Carteira 5,SC,"Itapema, SC","Itapema, SC, Centro",0,471,4001.16,17,2947.0,2025-11,0.7667,0.4478,23,30,215.43,257.14,7,2025-11-11,1.36,0.0,-1054.1599999999999,ok
MHFB0507,Itapema-Canto_Praia-apartamento-SUP-1Q,Carteira 5,SC,"Itapema, SC","Itapema, SC, Centro",0,457,1442.72,9,3362.19,2025-11,0.3667,0.347,11,30,149.64,181.59,17,2025-11-11,0.43,0.0,1919.47,crítico
MPL0215,Brasilia-Asa_Norte-apartamento-SUP-1Q,Carteira 1_sys-price,DF,"Brasília, DF","Brasília, DF, Asa Norte",0,269,4480.65,109,3139.47,2025-11,0.9667,0.6322,29,30,185.28,,0,2025-11-11,1.43,0.0,-1341.1799999999998,ok
NLUH0008,São_Miguel_dos_Milagres-Geral-casa-TOP-3Q,Carteira 2,AL,"Passo de Camaragibe, AL","Passo de Camaragibe, AL, Praia do Marceneiro",15,388,3416.21,22,7626.63,2025-11,0.4,0.4866,6,30,685.17,586.5,6,2025-11-11,0.45,10277.55,4210.42,crítico
NWT0803,Especial-NWT-apartamento-TOP-1Q,Carteira 5,AL,"Maceió, AL","Maceió, AL, Pajuçara",0,325,5064.94,40,4657.0,2025-11,0.6667,0.5442,20,30,291.9,289.78,9,2025-11-11,1.09,0.0,-407.9399999999996,berlinda
ONJ2712,Sao_Paulo-Moema-apartamento-SUP-1Q,Carteira 4_sys-price,SP,"São Paulo, SP","São Paulo, SP, Moema",5,267,3729.03,599,3188.07,2025-11,0.72,0.5066,18,30,230.44,204.5,2,2025-11-11,1.17,1152.2,-540.96,ok
PPB0603,Goiania-Central-apartamento-SUP-2Q,Carteira 1_sys-price,GO,"Goiânia, GO","Goiânia, GO, Setor Bueno",0,759,3124.3,49,2058.7,2025-11,0.5333,0.3371,16,30,230.38,240.77,13,2025-11-11,1.52,0.0,-1065.6000000000004,ok
RFM0021,Santa_Cruz_Cabralia-Coroa_Vermelha-apartamento-SUP-2Q,Carteira 2,BA,"Santa Cruz Cabrália, BA","Santa Cruz Cabrália, BA, Coroa Vermelha",1,437,2012.04,34,2989.06,2025-11,0.4138,0.3789,12,30,218.5,202.29,7,2025-11-11,0.67,218.5,977.02,atenção
RPC301,Florianopolis-Canasvieiras_Longe-apartamento-SUP-2Q,Carteira 1,SC,"Florianópolis, SC","Florianópolis, SC, Canasvieiras",0,1297,4456.45,22,3162.82,2025-11,0.7,0.453,21,30,225.76,270.0,6,2025-11-11,1.41,0.0,-1293.6299999999997,ok
SCO0004,Florianopolis-Campeche-apartamento-JR-1Q,Carteira 1,SC,"Florianópolis, SC","Florianópolis, SC, Campeche",0,207,2332.9,24,2034.58,2025-11,0.5667,0.4717,17,30,176.71,192.57,7,2025-11-11,1.15,0.0,-298.32000000000016,ok
SMA0407,Salvador-Pituba_Praia-apartamento-SUP-1Q,Carteira 5,BA,"Salvador, BA","Salvador, BA, Amaralina",2,24,1553.6,15,1753.55,2025-11,0.4286,0.4605,12,30,173.17,170.27,15,2025-11-11,0.89,346.34,199.95000000000005,berlinda
SPJ0403,Especial-SPJ-apartamento-TOP-1Q,Carteira 5,SC,"Florianópolis, SC","Florianópolis, SC, Jurerê",0,516,6253.53,15,6230.75,2025-11,0.7333,0.6136,22,30,349.59,248.0,8,2025-11-11,1.0,0.0,-22.779999999999745,berlinda
CEC0404,Guarapari-Centro-apartamento-SUP-1Q,Carteira 4,ES,"Guarapari, ES","Guarapari, ES, Centro",0,8,747.08,33,1868.64,2025-11,0.2,0.4178,6,30,153.83,121.88,17,2025-11-11,0.4,0.0,1121.56,crítico
DLH0306,Gramado-Centro-apartamento-TOP-1Q,Carteira 4,RS,"Gramado, RS","Gramado, RS, Centro",1,360,10701.15,27,7724.8,2025-11,0.931,0.6694,27,30,473.41,,0,2025-11-11,1.39,473.41,-2976.3499999999995,ok
EIT302,Balneario_Camboriu-Centro-apartamento-SIM-2Q,Carteira 6,SC,"Balneário Camboriú, SC","Balneário Camboriú, SC, Centro",0,631,3907.87,52,2112.44,2025-11,0.9,0.4198,27,30,195.0,140.0,3,2025-11-11,1.85,0.0,-1795.4299999999998,ok
ELF0401,Bombinhas-Bombas-apartamento-SUP-1Q,Especial,SC,"Bombinhas, SC","Bombinhas, SC, José Amândio",5,164,3723.06,49,2579.11,2025-11,0.72,0.44,18,30,235.67,380.29,7,2025-11-11,1.44,1178.35,-1143.9499999999998,ok
ELF0607,Bombinhas-Bombas-apartamento-SUP-1Q,Especial,SC,"Bombinhas, SC","Bombinhas, SC, José Amândio",3,164,2847.82,49,2579.11,2025-11,0.4815,0.44,13,30,248.38,346.44,9,2025-11-11,1.1,745.14,-268.71000000000004,ok
IAA0502,Recife-Boa_Viagem-apartamento-TOP-1Q,Carteira 2,PE,"Recife, PE","Recife, PE, Boa Viagem",0,598,3430.33,39,3873.53,2025-11,0.6,0.6083,18,30,226.89,206.5,8,2025-11-11,0.89,0.0,443.2000000000003,berlinda
ISM0619,Sao_Paulo-Moema-apartamento-SUP-1Q,Carteira 4_sys-price,SP,"São Paulo, SP","São Paulo, SP, Indianópolis",0,152,3358.16,599,3188.07,2025-11,0.6,0.5066,18,30,225.44,174.63,8,2025-11-11,1.05,0.0,-170.0899999999997,berlinda
MHF0509,Itapema-Canto_Praia-apartamento-TOP-2Q,Carteira 5,SC,"Itapema, SC","Itapema, SC, Centro",0,449,4554.1,14,3094.94,2025-11,0.6333,0.2903,19,30,273.0,252.89,9,2025-11-11,1.47,0.0,-1459.1600000000003,ok
NOR0204,Brasilia-Asa_Norte-apartamento-SUP-1Q,Carteira 1_sys-price,DF,"Brasília, DF","Brasília, DF, Asa Norte",2,767,3266.47,109,3139.47,2025-11,0.6429,0.6322,18,30,199.67,150.0,7,2025-11-11,1.04,399.34,-127.0,berlinda
NWT0616,Especial-NWT-apartamento-TOP-1Q,Carteira 5,AL,"Maceió, AL","Maceió, AL, Pajuçara",0,215,4722.15,40,4657.0,2025-11,0.6333,0.5442,19,30,272.95,274.67,6,2025-11-11,1.01,0.0,-65.14999999999964,berlinda
NWT1217,Especial-NWT-apartamento-TOP-1Q,Carteira 5,AL,"Maceió, AL","Maceió, AL, Pajuçara",1,150,4061.69,40,4657.0,2025-11,0.5862,0.5442,17,30,297.65,280.0,5,2025-11-11,0.87,297.65,595.31,berlinda
NWT1407,Especial-NWT-apartamento-TOP-1Q,Carteira 5,AL,"Maceió, AL","Maceió, AL, Pajuçara",0,78,4283.13,40,4657.0,2025-11,0.5333,0.5442,16,30,330.0,313.38,8,2025-11-11,0.92,0.0,373.8699999999999,berlinda
OKA102,Florianopolis-Campeche-apartamento-SUP-1Q,Carteira 1,SC,"Florianópolis, SC","Florianópolis, SC, Campeche",0,1053,3188.17,25,2388.5,2025-11,0.5667,0.4993,17,30,227.35,218.82,11,2025-11-11,1.33,0.0,-799.6700000000001,ok
PSD101,Florianopolis-Jurere_Tradicional-apartamento-SIM-2Q,Carteira 1,SC,"Florianópolis, SC","Florianópolis, SC, Jurerê",0,1990,3492.96,18,3094.45,2025-11,0.6,0.531,18,30,273.06,210.75,4,2025-11-11,1.13,0.0,-398.5100000000002,ok
PSO0301,Penha-Beto_Carrero-apartamento-TOP-1Q,Carteira 3,SC,"Penha, SC","Penha, SC, Praia de Armação do Itapocoroi",8,13,1151.54,16,4132.99,2025-11,0.3636,0.6017,8,30,182.1,157.14,7,2025-11-11,0.28,1456.8,2981.45,crítico
SBA0401,Maceio-Jatiuca-apartamento-JR-3Q,Carteira 2,AL,"Maceió, AL","Maceió, AL, Jatiúca",14,638,1944.95,14,4510.76,2025-11,0.625,0.5414,10,30,223.3,184.2,5,2025-11-11,0.43,3126.2000000000003,2565.8100000000004,crítico
SCO0005,Florianopolis-Campeche-apartamento-JR-1Q,Carteira 1,SC,"Florianópolis, SC","Florianópolis, SC, Campeche",0,127,595.95,24,2034.58,2025-11,0.1667,0.4717,5,30,149.8,144.14,14,2025-11-11,0.29,0.0,1438.6299999999999,crítico
SPJ0502,Especial-SPJ-apartamento-TOP-1Q,Carteira 5,SC,"Florianópolis, SC","Florianópolis, SC, Jurerê",0,383,5199.19,15,6230.75,2025-11,0.7333,0.6136,22,30,304.0,210.17,6,2025-11-11,0.83,0.0,1031.5600000000004,berlinda
TPS205,Florianopolis-Canasvieiras_Meio-apartamento-TOP-1Q,Carteira 1,SC,"Florianópolis, SC","Florianópolis, SC, Canasvieiras",0,822,1927.92,25,4223.9,2025-11,0.4,0.563,12,30,200.33,196.46,13,2025-11-11,0.46,0.0,2295.9799999999996,crítico
TXP1916,Goiania-Central-apartamento-TOP-1Q,Carteira 1_sys-price,GO,"Goiânia, GO","Goiânia, GO, Setor Bueno",1,456,2697.09,53,1579.58,2025-11,0.5517,0.3282,16,30,207.56,211.42,12,2025-11-11,1.71,207.56,-1117.5100000000002,ok
VLR301,Florianopolis-Centrao-apartamento-SUP-1Q,Carteira 4,SC,"Florianópolis, SC","Florianópolis, SC, Centro",0,988,2681.87,126,3394.05,2025-11,0.5333,0.4536,16,30,199.19,168.17,12,2025-11-11,0.79,0.0,712.1800000000003,atenção
VST027,Especial-VST-casa-TOP-1Q,Carteira 5,SC,"Anitápolis, SC","Anitápolis, SC, Rio dos Pinheiros",4,67,2969.84,41,2231.25,2025-11,0.5,0.1613,13,30,226.06,214.0,9,2025-11-11,1.33,904.24,-738.5900000000001,ok
CON1506,Porto_Alegre-PUC_RS-apartamento-SUP-1Q,Carteira 4,RS,"Porto Alegre, RS","Porto Alegre, RS, Partenon",0,894,1513.15,18,1426.41,2025-11,0.3667,0.3141,11,30,162.73,137.33,12,2025-11-11,1.06,0.0,-86.74000000000001,berlinda
CSD0302,Bombinhas-Bombas-apartamento-TOP-3Q,Carteira 6,SC,"Bombinhas, SC","Bombinhas, SC, Bombas",0,459,7385.86,16,3281.0,2025-11,0.8667,0.3444,26,30,378.85,,0,2025-11-11,2.25,0.0,-4104.86,meta_subestimada
LHD2007,Goiania-Central-apartamento-SUP-1Q,Carteira 1_sys-price,GO,"Goiânia, GO","Goiânia, GO, Setor Bueno",0,302,2298.5,149,1516.4,2025-11,0.5667,0.3335,17,30,162.47,181.83,12,2025-11-11,1.52,0.0,-782.0999999999999,ok
NDE0001,Florianopolis-Campeche-apartamento-SUP-1Q,Carteira 1,SC,"Florianópolis, SC","Florianópolis, SC, Ribeirão da Ilha",0,205,2835.94,25,2388.5,2025-11,0.5333,0.4993,16,30,210.81,225.0,12,2025-11-11,1.19,0.0,-447.44000000000005,ok
NWT1418,Especial-NWT-apartamento-TOP-1Q,Carteira 5,AL,"Maceió, AL","Maceió, AL, Pajuçara",0,352,5536.26,40,4657.0,2025-11,0.6333,0.5442,19,30,381.68,340.14,7,2025-11-11,1.19,0.0,-879.2600000000002,ok
ONE0405,Salvador-Piata-apartamento-SUP-1Q,Carteira 5,BA,"Salvador, BA","Salvador, BA, Piatã",0,72,720.88,22,1510.83,2025-11,0.2,0.4147,6,30,150.33,159.68,19,2025-11-11,0.48,0.0,789.9499999999999,crítico
PGO310,Pocos_de_Caldas-Geral-apartamento-SUP-1Q,Carteira 4,MG,"Poços de Caldas, MG","Poços de Caldas, MG, São Benedito",0,808,2515.15,31,1401.48,2025-11,0.6,0.2888,18,30,162.72,120.0,9,2025-11-11,1.79,0.0,-1113.67,ok
PSO0302,Penha-Beto_Carrero-apartamento-TOP-1Q,Carteira 3,SC,"Penha, SC","Penha, SC, Praia de Armação do Itapocoroi",0,120,3857.64,16,4132.99,2025-11,0.6667,0.6017,20,30,214.95,208.43,7,2025-11-11,0.93,0.0,275.3499999999999,berlinda
SPJ0505,Especial-SPJ-apartamento-TOP-1Q,Carteira 5,SC,"Florianópolis, SC","Florianópolis, SC, Jurerê",0,383,6920.86,15,6230.75,2025-11,0.8667,0.6136,26,30,338.04,234.25,4,2025-11-11,1.11,0.0,-690.1099999999997,ok
SSG0125,Florianopolis-UFSC-apartamento-SUP-1Q,Carteira 4,SC,"Florianópolis, SC","Florianópolis, SC, Córrego Grande",0,991,4670.44,40,2727.0,2025-11,0.9,0.4971,27,30,247.3,160.5,2,2025-11-11,1.71,0.0,-1943.4399999999996,ok
STCY201,Florianopolis-Cachoeira_Bom_Jesus-apartamento-JR-1Q,Carteira 1,SC,"Florianópolis, SC","Florianópolis, SC, Cachoeira do Bom Jesus",2,562,1165.72,15,1284.69,2025-11,0.2857,0.2034,8,30,164.0,161.15,13,2025-11-11,0.91,328.0,118.97000000000003,berlinda
UNI0402,Cabedelo-Intermares-apartamento-TOP-1Q,Carteira 2,PB,"Cabedelo, PB","Cabedelo, PB, Intermares",0,149,1013.8,46,2521.2,2025-11,0.2667,0.4595,8,30,177.75,162.54,13,2025-11-11,0.4,0.0,1507.3999999999999,crítico
UPP0409,Curitiba-Centro-apartamento-JR-1Q,Carteira 4,PR,"Curitiba, PR","Curitiba, PR, Alto da XV",0,19,2697.99,282,1884.7,2025-11,0.6667,0.5093,20,30,159.2,138.25,8,2025-11-11,1.43,0.0,-813.2899999999997,ok
BLSA1656,Goiania-Central-apartamento-TOP-1Q,Carteira 1_sys-price,GO,"Goiânia, GO","Goiânia, GO, Setor Marista",0,631,1562.38,53,1579.58,2025-11,0.3667,0.3282,11,30,170.0,179.06,16,2025-11-11,0.99,0.0,17.199999999999818,berlinda
CNB001,Especial-CNB-casa-TOP-1Q,Especial,SP,"Campos do Jordão, SP","Campos do Jordão, SP, Jardim Europa",0,598,5766.38,16,4791.07,2025-11,0.4,0.5074,12,30,565.42,682.82,11,2025-11-11,1.2,0.0,-975.3100000000004,ok
DIO1602,Sao_Paulo-Pompeia-apartamento-SUP-1Q,Carteira 4,SP,"São Paulo, SP","São Paulo, SP, Pompeia",0,145,2608.63,71,2705.63,2025-11,0.6,0.3976,18,30,168.61,141.0,6,2025-11-11,0.96,0.0,97.0,berlinda
EOB0701,Balneario_Camboriu-Norte-apartamento-TOP-3Q,Carteira 6,SC,"Balneário Camboriú, SC","Balneário Camboriú, SC, Centro",0,9,1128.54,27,7269.69,2025-11,0.0667,0.5204,2,30,670.0,670.0,17,2025-11-11,0.16,0.0,6141.15,crítico
ESM602,Itapema-Meia_Praia-Norte-apartamento-JR-3Q,Carteira 6,SC,"Itapema, SC","Itapema, SC, Meia Praia",9,788,2908.55,17,1868.64,2025-11,0.6667,0.3468,14,30,242.36,190.0,7,2025-11-11,1.56,2181.2400000000002,-1039.91,ok
LGA0201,Bombinhas-Centro-apartamento-TOP-3Q,Carteira 6,SC,"Bombinhas, SC","Bombinhas, SC, Centro",2,463,3695.16,16,5046.59,2025-11,0.25,0.4037,7,30,625.0,625.0,10,2025-11-11,0.73,1250.0,1351.4300000000003,atenção
MHFA0803,Itapema-Canto_Praia-apartamento-SUP-1Q,Carteira 5,SC,"Itapema, SC","Itapema, SC, Centro",0,17,3318.4,9,3362.19,2025-11,0.7,0.347,21,30,187.14,155.71,7,2025-11-11,0.99,0.0,43.789999999999964,berlinda
NWT1218,Especial-NWT-apartamento-TOP-1Q,Carteira 5,AL,"Maceió, AL","Maceió, AL, Pajuçara",6,163,0.0,40,4657.0,2025-11,0.0,0.5442,0,30,0.0,631.0,14,2025-11-11,0.0,0.0,4657.0,crítico
POR0101,Florianopolis-Ingleses_Norte-apartamento-SUP-4Q,Carteira 1,SC,"Florianópolis, SC","Florianópolis, SC, Ingleses do Rio Vermelho",3,362,3819.63,19,5792.75,2025-11,0.3333,0.4496,9,30,543.56,582.5,14,2025-11-11,0.66,1630.6799999999998,1973.12,atenção
PSO0603,Penha-Beto_Carrero-apartamento-TOP-1Q,Carteira 3,SC,"Penha, SC","Penha, SC, Praia de Armação do Itapocoroi",0,92,4811.52,16,4132.99,2025-11,0.9333,0.6017,28,30,226.39,197.0,2,2025-11-11,1.16,0.0,-678.5300000000007,ok
PSO1005,Penha-Beto_Carrero-apartamento-SUP-1Q,Carteira 3,SC,"Penha, SC","Penha, SC, Praia de Armação do Itapocoroi",0,38,3451.85,16,1970.83,2025-11,0.5,0.3803,15,30,254.87,166.0,12,2025-11-11,1.75,0.0,-1481.02,ok
RVC0703,Itajai-Praia_Brava-apartamento-TOP-2Q,Carteira 6,SC,"Itajaí, SC","Itajaí, SC, Praia Brava",0,274,3007.33,17,2189.81,2025-11,0.4667,0.3707,14,30,257.29,240.55,11,2025-11-11,1.37,0.0,-817.52,ok
SHC1106,Balneario_Picarras-Geral-apartamento-TOP-3Q,Carteira 6,SC,"Balneário Piçarras, SC","Balneário Piçarras, SC, Itacolomi",0,421,2514.52,16,3174.9,2025-11,0.2667,0.2632,8,30,383.63,316.92,12,2025-11-11,0.79,0.0,660.3800000000001,atenção
SPA309,Florianopolis-UFSC-apartamento-SUP-1Q,Carteira 4,SC,"Florianópolis, SC","Florianópolis, SC, Trindade",1,767,2770.15,40,2727.0,2025-11,0.5517,0.4971,16,30,233.75,177.25,4,2025-11-11,1.02,233.75,-43.15000000000009,berlinda
SPJ0401,Especial-SPJ-apartamento-TOP-1Q,Carteira 5,SC,"Florianópolis, SC","Florianópolis, SC, Jurerê",0,384,5531.38,15,6230.75,2025-11,0.7,0.6136,21,30,331.24,248.0,8,2025-11-11,0.89,0.0,699.3699999999999,berlinda
STCY102,Florianopolis-Cachoeira_Bom_Jesus-apartamento-JR-1Q,Carteira 1,SC,"Florianópolis, SC","Florianópolis, SC, Cachoeira do Bom Jesus",0,562,1939.74,15,1284.69,2025-11,0.4,0.2034,12,30,168.17,161.15,13,2025-11-11,1.51,0.0,-655.05,ok
TML501,Guarapari-Praia_do_Morro-apartamento-JR-3Q,Carteira 4,ES,"Guarapari, ES","Guarapari, ES, Praia do Morro",2,610,925.02,39,1900.43,2025-11,0.1071,0.2902,3,30,333.0,333.0,14,2025-11-11,0.49,666.0,975.4100000000001,crítico
VST023,Especial-VST-casa-TOP-1Q,Carteira 5,SC,"Anitápolis, SC","Anitápolis, SC, Vistas de Anitá",1,793,3389.03,41,2231.25,2025-11,0.4828,0.1613,14,30,306.79,177.0,10,2025-11-11,1.52,306.79,-1157.7800000000002,ok
BLB1004,Salvador-Barra-apartamento-SUP-1Q,Carteira 2,BA,"Salvador, BA","Salvador, BA, Barra",0,355,3151.9,203,3119.92,2025-11,0.5667,0.546,17,30,237.53,224.08,13,2025-11-11,1.01,0.0,-31.980000000000018,berlinda
BLSA1655,Goiania-Central-apartamento-TOP-1Q,Carteira 1_sys-price,GO,"Goiânia, GO","Goiânia, GO, Setor Marista",0,687,1202.1,53,1579.58,2025-11,0.3,0.3282,9,30,164.67,178.16,19,2025-11-11,0.76,0.0,377.48,atenção
EEI0303,Barra_Velha-Itajuba-apartamento-SUP-2Q,Carteira 3,SC,"Barra Velha, SC","Barra Velha, SC, Itajubá",0,86,1335.92,16,1993.22,2025-11,0.2667,0.2476,8,30,230.25,190.64,11,2025-11-11,0.67,0.0,657.3,atenção
ETD0101,Florianopolis-Ingleses_Centro-apartamento-JR-2Q,Carteira 1,SC,"Florianópolis, SC","Florianópolis, SC, Ingleses do Rio Vermelho",0,169,1686.72,17,1938.0,2025-11,0.4,0.3142,12,30,169.25,169.36,11,2025-11-11,0.87,0.0,251.27999999999997,berlinda
GET0706,Guara-Geral-apartamento-MASTER-2Q,Especial,DF,"Brasília, DF","Brasília, DF, Zona Industrial",0,88,8651.53,10,5222.95,2025-11,0.8667,0.53,26,30,419.58,416.0,3,2025-11-11,1.66,0.0,-3428.580000000001,ok
ITA0304,Salvador-Pituba-apartamento-TOP-1Q,Carteira 5,BA,"Salvador, BA","Salvador, BA, Pituba",0,150,4524.44,71,2729.97,2025-11,0.8333,0.5069,25,30,200.72,270.0,2,2025-11-11,1.66,0.0,-1794.4699999999998,ok
MAL0105,Florianopolis-Santo_Antonio_de_Lisboa-apartamento-SUP-1Q,Carteira 1,SC,"Florianópolis, SC","Florianópolis, SC, Santo Antonio de Lisboa",3,108,2757.94,12,2579.11,2025-11,0.3704,0.4605,10,30,269.42,255.27,11,2025-11-11,1.07,808.26,-178.82999999999993,berlinda
MBR0108,Maceio-Jatiuca-apartamento-JR-2Q,Carteira 2,AL,"Maceió, AL","Maceió, AL, Ponta Verde",0,26,2856.62,32,3273.16,2025-11,0.7,0.5517,21,30,184.1,157.89,9,2025-11-11,0.87,0.0,416.53999999999996,berlinda
MCB0706,Balneario_Picarras-Geral-apartamento-SUP-2Q,Carteira 6,SC,"Balneário Piçarras, SC","Balneário Piçarras, SC, Itacolomi",9,382,1427.05,66,1594.17,2025-11,0.5714,0.2526,12,30,142.25,115.0,2,2025-11-11,0.9,1280.25,167.12000000000012,berlinda
MDC202,Gramado-Geral-apartamento-JR-2Q,Carteira 4,RS,"Gramado, RS","Gramado, RS, Floresta",2,865,5283.96,46,4333.51,2025-11,0.6786,0.4798,19,30,364.32,293.0,6,2025-11-11,1.22,728.64,-950.4499999999998,ok
NWT0309,Especial-NWT-apartamento-TOP-1Q,Carteira 5,AL,"Maceió, AL","Maceió, AL, Pajuçara",0,347,5861.33,40,4657.0,2025-11,0.7333,0.5442,22,30,324.73,285.0,7,2025-11-11,1.26,0.0,-1204.33,ok
NWT0614,Especial-NWT-apartamento-TOP-1Q,Carteira 5,AL,"Maceió, AL","Maceió, AL, Pajuçara",0,211,5056.9,40,4657.0,2025-11,0.6,0.5442,18,30,389.78,297.08,12,2025-11-11,1.09,0.0,-399.89999999999964,berlinda
NWT1009,Especial-NWT-apartamento-TOP-1Q,Carteira 5,AL,"Maceió, AL","Maceió, AL, Pajuçara",0,199,7808.75,40,4657.0,2025-11,0.8667,0.5442,26,30,406.31,301.0,2,2025-11-11,1.68,0.0,-3151.75,ok
NWT1502,Especial-NWT-apartamento-TOP-1Q,Carteira 5,AL,"Maceió, AL","Maceió, AL, Pajuçara",0,185,7256.93,40,4657.0,2025-11,0.7333,0.5442,22,30,398.86,298.0,6,2025-11-11,1.56,0.0,-2599.9300000000003,ok
PSOA0407,Penha-Beto_Carrero-apartamento-SUP-1Q,Carteira 3,SC,"Penha, SC","Penha, SC, Praia de Armação do Itapocoroi",0,114,3695.66,16,1970.83,2025-11,0.5667,0.3803,17,30,208.5,153.0,10,2025-11-11,1.88,0.0,-1724.83,ok
RIB0201,Imbituba-Ibiraquera-apartamento-JR-2Q,Carteira 6,SC,"Imbituba, SC","Imbituba, SC, Vila Esperanca",27,102,491.52,14,1193.55,2025-11,1.0,0.3065,3,30,208.33,,0,2025-11-11,0.41,5624.910000000001,702.03,crítico
SJS0002,Florianopolis-Ingleses_Centro-apartamento-JR-1Q,Carteira 1,SC,"Florianópolis, SC","Florianópolis, SC, Ingleses do Rio Vermelho",0,373,805.68,14,2707.95,2025-11,0.2333,0.5707,7,30,162.29,137.06,16,2025-11-11,0.3,0.0,1902.27,crítico
SPT0505,Blumenau-Central-apartamento-JR-1Q,Carteira 4,SC,"Blumenau, SC","Blumenau, SC, Itoupava Seca",0,522,372.72,31,707.55,2025-11,0.1333,0.2143,4,30,101.25,100.56,16,2025-11-11,0.53,0.0,334.8299999999999,atenção
ATP0008,Porto_Seguro-Pitinga-casa-SUP-4Q,Carteira 2,BA,"Porto Seguro, BA","Porto Seguro, BA, Arraial D ajuda",4,18,0.0,9,4557.08,2025-11,0.0,0.2489,0,30,0.0,1136.0,19,2025-11-11,0.0,0.0,4557.08,crítico
CMT0404,Florianopolis-UFSC-apartamento-SUP-3Q,Carteira 4,SC,"Florianópolis, SC","Florianópolis, SC, Córrego Grande",1,260,4095.08,11,3941.66,2025-11,0.4828,0.3443,14,30,382.36,272.25,8,2025-11-11,1.04,382.36,-153.42000000000007,berlinda
DPR0007,Balneario_Camboriu-Sul-apartamento-JR-2Q,Carteira 6,SC,"Balneário Camboriú, SC","Balneário Camboriú, SC, Barra",6,249,2049.4,173,2994.2,2025-11,0.5833,0.469,14,30,168.21,132.2,5,2025-11-11,0.68,1009.26,944.7999999999997,atenção
EDA0001,Curitiba-Centro-apartamento-SUP-1Q,Carteira 4,PR,"Curitiba, PR","Curitiba, PR, Centro",0,107,2134.44,500,2211.28,2025-11,0.4667,0.4953,14,30,179.79,148.19,16,2025-11-11,0.97,0.0,76.84000000000015,berlinda
ELS0602,Porto_Alegre-Centro_Historico-apartamento-JR-1Q,Carteira 4,RS,"Porto Alegre, RS","Porto Alegre, RS, Centro Histórico",16,19,1014.12,75,1528.0,2025-11,0.8571,0.4735,12,30,126.17,,0,2025-11-11,0.66,2018.72,513.88,atenção
FUA0004,Ubatuba-Praia_do_Lazaro-apartamento-JR-1Q,Carteira 4,SP,"Ubatuba, SP","Ubatuba, SP, Lázaro Praia Domingos Dias",0,33,1135.86,20,2617.32,2025-11,0.2667,0.4341,8,30,192.75,196.54,13,2025-11-11,0.43,0.0,1481.4600000000003,crítico
GBL601,Itapema-Praia_Centro-apartamento-SUP-3Q,Carteira 6,SC,"Itapema, SC","Itapema, SC, Centro",4,648,3212.08,15,2189.81,2025-11,0.7308,0.298,19,30,256.53,239.0,2,2025-11-11,1.47,1026.12,-1022.27,ok
GOS1007,Porto_Alegre-Auxiliadora-apartamento-TOP-1Q,Carteira 4,RS,"Porto Alegre, RS","Porto Alegre, RS, Auxiliadora",0,830,340.0,27,3038.49,2025-11,0.0667,0.4647,2,30,200.0,200.0,19,2025-11-11,0.11,0.0,2698.49,crítico
GRI1305,Itapema-Praia_Itapema-apartamento-TOP-2Q,Carteira 6,SC,"Itapema, SC","Itapema, SC, Morretes",0,152,597.55,16,2063.9,2025-11,0.0333,0.2696,1,30,703.0,376.32,19,2025-11-11,0.29,0.0,1466.3500000000001,crítico
HIN0117,Brasilia-Asa_Norte-apartamento-JR-1Q,Carteira 1_sys-price,DF,"Brasília, DF","Brasília, DF, Asa Norte",0,296,4822.98,163,2728.02,2025-11,0.9667,0.6523,29,30,198.03,,0,2025-11-11,1.77,0.0,-2094.9599999999996,ok
ILC4104,Especial-ILC-hotel-JR-1Q,Especial,SC,"Florianópolis, SC","Florianópolis, SC, Jurerê Internacional",3,1005,9810.43,16,9179.91,2025-11,0.7037,0.5499,19,30,595.63,580.25,4,2025-11-11,1.07,1786.8899999999999,-630.5200000000004,berlinda
MHF1609,Itapema-Canto_Praia-apartamento-TOP-2Q,Carteira 5,SC,"Itapema, SC","Itapema, SC, Centro",0,417,413.1,14,3094.94,2025-11,0.0333,0.2903,1,30,290.0,311.63,19,2025-11-11,0.13,0.0,2681.84,crítico
MSSO0902,Goiania-Leste-apartamento-TOP-1Q,Carteira 1_sys-price,GO,"Goiânia, GO","Goiânia, GO, Jardim Goiás",0,767,2442.37,19,2047.72,2025-11,0.5,0.4339,15,30,196.47,190.0,12,2025-11-11,1.19,0.0,-394.64999999999986,ok
NWC1510,Curitiba-Centro-apartamento-SUP-1Q,Carteira 4,PR,"Curitiba, PR","Curitiba, PR, Centro",0,80,2217.47,500,2211.28,2025-11,0.4667,0.4953,14,30,184.79,148.0,12,2025-11-11,1.0,0.0,-6.1899999999996,berlinda
OKA204,Florianopolis-Campeche-apartamento-TOP-1Q,Carteira 1,SC,"Florianópolis, SC","Florianópolis, SC, Campeche",2,1073,2088.72,24,3140.19,2025-11,0.3929,0.4683,11,30,240.0,278.25,12,2025-11-11,0.67,480.0,1051.4700000000003,atenção
PAT0402,Itapema-Meia_Praia-Sul-apartamento-TOP-2Q,Carteira 6,SC,"Itapema, SC","Itapema, SC, Meia Praia",2,8,3805.49,23,4030.71,2025-11,0.3571,0.3607,10,30,435.6,450.0,13,2025-11-11,0.94,871.2,225.22000000000025,berlinda
PRB0405,Florianopolis-Jurere_Tradicional-apartamento-TOP-2Q,Carteira 1,SC,"Florianópolis, SC","Florianópolis, SC, Jurerê",0,261,6959.7,20,8875.07,2025-11,0.5333,0.5432,16,30,619.88,597.22,9,2025-11-11,0.78,0.0,1915.37,atenção
PSO0708,Penha-Beto_Carrero-apartamento-SUP-1Q,Carteira 3,SC,"Penha, SC","Penha, SC, Praia de Armação do Itapocoroi",0,136,2201.72,16,1970.83,2025-11,0.4,0.3803,12,30,222.0,154.91,11,2025-11-11,1.12,0.0,-230.88999999999987,ok
QUI0090,Pocos_de_Caldas-Geral-apartamento-SUP-1Q,Carteira 4,MG,"Poços de Caldas, MG","Poços de Caldas, MG, Centro",0,274,2828.97,31,1401.48,2025-11,0.7333,0.2888,22,30,160.45,129.14,7,2025-11-11,2.02,0.0,-1427.4899999999998,meta_subestimada
SMA0107,Salvador-Pituba_Praia-apartamento-SUP-1Q,Carteira 5,BA,"Salvador, BA","Salvador, BA, Amaralina",1,65,1139.08,15,1753.55,2025-11,0.3103,0.4605,9,30,147.89,171.63,19,2025-11-11,0.65,147.89,614.47,atenção
TPS310,Florianopolis-Canasvieiras_Meio-apartamento-TOP-1Q,Carteira 1,SC,"Florianópolis, SC","Florianópolis, SC, Canasvieiras",1,1027,2843.27,25,4223.9,2025-11,0.4828,0.563,14,30,252.57,235.43,14,2025-11-11,0.67,252.57,1380.6299999999997,atenção
VLO0514,Florianopolis-Jurere_Longe-apartamento-TOP-2Q,Carteira 1,SC,"Florianópolis, SC","Florianópolis, SC, Jurerê Internacional",3,354,8071.01,16,7660.43,2025-11,0.6667,0.5989,18,30,717.67,533.8,5,2025-11-11,1.05,2153.0099999999998,-410.5799999999999,berlinda
APS1005,Sao_Paulo-Liberdade-apartamento-JR-1Q,Carteira 4,SP,"São Paulo, SP","São Paulo, SP, Sé",0,165,1546.64,90,3141.17,2025-11,0.3333,0.5681,10,30,169.7,153.08,13,2025-11-11,0.49,0.0,1594.53,crítico
BDR521,Florianopolis-Lagoa-apartamento-SUP-1Q,Carteira 1,SC,"Florianópolis, SC","Florianópolis, SC, Lagoa da Conceição",0,1285,1747.12,25,3319.53,2025-11,0.3667,0.584,11,30,196.18,185.8,15,2025-11-11,0.53,0.0,1572.4100000000003,atenção
CRA304,Bombinhas-Mariscal-apartamento-JR-3Q,Carteira 6,SC,"Bombinhas, SC","Bombinhas, SC, mariscal",2,1219,2770.44,19,2180.08,2025-11,0.6786,0.2462,19,30,193.79,190.0,7,2025-11-11,1.27,387.58,-590.3600000000001,ok
CVAF0220,Mata_de_Sao_Joao-Praia_do_Forte_Longe-apartamento-SUP-1Q,Carteira 2,BA,"Mata de São João, BA","Mata de São João, BA, Praia do Forte",3,232,4612.32,90,4393.98,2025-11,0.6667,0.4448,18,30,296.39,248.0,8,2025-11-11,1.05,889.17,-218.34000000000015,berlinda
EHS0117,Brasilia-Asa_Norte-apartamento-SUP-1Q,Carteira 1_sys-price,DF,"Brasília, DF","Brasília, DF, SHCNW",0,277,4868.81,109,3139.47,2025-11,0.8333,0.6322,25,30,216.78,182.33,3,2025-11-11,1.55,0.0,-1729.3400000000006,ok
ELG0071,Barra_Velha-Centro-apartamento-JR-3Q,Carteira 3,SC,"Barra Velha, SC","Barra Velha, SC, Centro",1,246,1260.55,16,1993.22,2025-11,0.2414,0.2476,7,30,218.14,176.63,16,2025-11-11,0.63,218.14,732.6700000000001,atenção
ESA0902,Balneario_Camboriu-Norte-apartamento-SUP-3Q,Carteira 6,SC,"Balneário Camboriú, SC","Balneário Camboriú, SC, Centro",7,422,4341.99,28,5859.72,2025-11,0.6087,0.477,14,30,398.43,231.0,6,2025-11-11,0.74,2789.01,1517.7300000000005,atenção
ILC3113,Especial-ILC-hotel-JR-1Q,Especial,SC,"Florianópolis, SC","Florianópolis, SC, Jurerê Internacional",10,1619,5424.27,16,9179.91,2025-11,0.65,0.5499,13,30,534.69,689.0,1,2025-11-11,0.59,5346.900000000001,3755.6399999999994,atenção
JAS0004,Florianopolis-Lagoa-apartamento-JR-1Q,Carteira 1,SC,"Florianópolis, SC","Florianópolis, SC, Lagoa da Conceição",17,165,1188.99,22,3422.92,2025-11,0.6923,0.542,9,30,149.44,,0,2025-11-11,0.35,2540.48,2233.9300000000003,crítico
JBV279,Especial-JBV-hotel-JR-1Q,Especial,SC,"Florianópolis, SC","Florianópolis, SC, Jurerê",2,1065,11028.94,25,9026.89,2025-11,0.6786,0.58,19,30,710.63,590.75,4,2025-11-11,1.22,1421.26,-2002.050000000001,ok
LIN1106,Florianopolis-Centrao-apartamento-SUP-1Q,Carteira 4,SC,"Florianópolis, SC","Florianópolis, SC, Centro",0,11,3264.43,126,3394.05,2025-11,0.9,0.4536,27,30,140.19,174.0,2,2025-11-11,0.96,0.0,129.62000000000035,berlinda
MHFA0705,Itapema-Canto_Praia-apartamento-SUP-1Q,Carteira 5,SC,"Itapema, SC","Itapema, SC, Centro",0,284,2336.13,9,3362.19,2025-11,0.4667,0.347,14,30,187.36,178.0,13,2025-11-11,0.69,0.0,1026.06,atenção
OAG0820,Sao_Paulo-Pinheiros-apartamento-TOP-1Q,Carteira 4_sys-price,SP,"São Paulo, SP","São Paulo, SP, Cerqueira César",3,368,5211.19,275,4995.02,2025-11,0.7037,0.591,19,30,366.74,245.5,4,2025-11-11,1.04,1100.22,-216.16999999999916,berlinda
PGL0301,Florianopolis-Canasvieiras_Perto-apartamento-TOP-3Q,Carteira 1,SC,"Florianópolis, SC","Florianópolis, SC, Canasvieiras",7,45,8499.78,12,7777.73,2025-11,0.8696,0.5385,20,30,571.25,290.67,3,2025-11-11,1.09,3998.75,-722.0500000000011,berlinda
PSO0903,Penha-Beto_Carrero-apartamento-TOP-1Q,Carteira 3,SC,"Penha, SC","Penha, SC, Praia de Armação do Itapocoroi",0,99,2935.42,16,4132.99,2025-11,0.5333,0.6017,16,30,224.5,169.56,9,2025-11-11,0.71,0.0,1197.5699999999997,atenção
STL401,Camboriu-Tabuleiro-apartamento-SUP-2Q,Carteira 6,SC,"Balneário Camboriú, SC","Balneário Camboriú, SC, Vila Real",20,1,2351.52,22,2789.98,2025-11,0.9,0.3669,9,30,281.89,192.0,1,2025-11-11,0.84,5637.799999999999,438.46000000000004,berlinda
VDP0027,Cabo_Frio-Palmeiras-casa-SUP-2Q,Carteira 4,RJ,"Cabo Frio, RJ","Cabo Frio, RJ, Parque Burle",5,191,2234.68,57,2747.0,2025-11,0.4,0.3237,10,30,262.9,207.7,10,2025-11-11,0.81,1314.5,512.3200000000002,berlinda
VTD0605,Florianopolis-UFSC-apartamento-SUP-1Q,Carteira 4,SC,"Florianópolis, SC","Florianópolis, SC, Trindade",1,54,3200.09,40,2727.0,2025-11,0.5862,0.4971,17,30,219.65,184.5,10,2025-11-11,1.17,219.65,-473.09000000000015,ok
BLS1256,Goiania-Central-apartamento-SUP-1Q,Carteira 1_sys-price,GO,"Goiânia, GO","Goiânia, GO, Setor Marista",30,713,0.0,149,1516.4,2025-11,,0.3335,0,30,0.0,,0,2025-11-11,0.0,0.0,1516.4,crítico
BSO0103,Itajai-Praia_Brava-apartamento-SUP-1Q,Carteira 6,SC,"Balneário Camboriú, SC","Balneário Camboriú, SC, Praia dos Amores",0,198,3762.68,10,2766.14,2025-11,0.8667,0.5032,26,30,177.27,130.0,4,2025-11-11,1.36,0.0,-996.54,ok
CEI0304,Porto_Alegre-Auxiliadora-apartamento-SUP-1Q,Carteira 4,RS,"Porto Alegre, RS","Porto Alegre, RS, Independência",0,467,0.0,95,2335.8,2025-11,0.0,0.427,0,30,0.0,158.58,19,2025-11-11,0.0,0.0,2335.8,crítico
CIA2313,Sao_Paulo-Vila_Olimpia-apartamento-TOP-1Q,Carteira 4,SP,"São Paulo, SP","São Paulo, SP, Vila Olímpia",0,284,7948.39,98,8513.39,2025-11,0.8,0.587,24,30,407.25,289.5,4,2025-11-11,0.93,0.0,564.9999999999991,berlinda
EMF1003,Balneario_Camboriu-Intermediario-apartamento-SUP-2Q,Carteira 6,SC,"Balneário Camboriú, SC","Balneário Camboriú, SC, Centro",0,698,3572.39,74,3649.28,2025-11,0.6333,0.4021,19,30,232.47,179.64,11,2025-11-11,0.98,0.0,76.89000000000033,berlinda
EVA806,Florianopolis-Centrao-apartamento-SUP-1Q,Carteira 4,SC,"Florianópolis, SC","Florianópolis, SC, Centro",0,505,2869.28,126,3394.05,2025-11,0.5,0.4536,15,30,217.47,174.83,12,2025-11-11,0.85,0.0,524.77,berlinda
GPL1305,Porto_Alegre-Jardim_Lindoia-apartamento-SUP-2Q,Carteira 4,RS,"Porto Alegre, RS","Porto Alegre, RS, São Sebastião",1,185,5014.63,10,4619.04,2025-11,0.6897,0.6124,20,30,280.95,292.56,9,2025-11-11,1.09,280.95,-395.59000000000015,berlinda
GTR0301,Balneario_Camboriu-Intermediario-apartamento-TOP-3Q,Carteira 6,SC,"Balneário Camboriú, SC","Balneário Camboriú, SC, Centro",8,72,5923.16,26,3980.2,2025-11,0.9091,0.4382,20,30,384.3,170.0,1,2025-11-11,1.49,3074.4,-1942.96,ok
ILC3405,Especial-ILC-hotel-JR-1Q,Especial,SC,"Florianópolis, SC","Florianópolis, SC, Jurerê Internacional",0,1832,8317.21,16,9179.91,2025-11,0.4,0.5499,12,30,578.0,528.5,6,2025-11-11,0.91,0.0,862.7000000000007,berlinda
ISM0806,Sao_Paulo-Moema-apartamento-SUP-1Q,Carteira 4_sys-price,SP,"São Paulo, SP","São Paulo, SP, Indianópolis",1,271,3257.51,599,3188.07,2025-11,0.5862,0.5066,17,30,229.82,173.0,10,2025-11-11,1.02,229.82,-69.44000000000005,berlinda
JAT0355,Bombinhas-Mariscal-casa-SUP-4Q,Carteira 6,SC,"Bombinhas, SC","Bombinhas, SC, Canto Grande",11,604,5614.95,16,5551.9,2025-11,0.6842,0.3897,13,30,562.54,493.67,6,2025-11-11,1.01,6187.94,-63.05000000000018,berlinda
LIV1007,Salvador-Graca-apartamento-TOP-1Q,Especial,BA,"Salvador, BA","Salvador, BA, Vitória",1,94,3398.33,15,3581.56,2025-11,0.5517,0.5526,16,30,242.89,233.0,11,2025-11-11,0.95,242.89,183.23000000000002,berlinda
MBH0601,Balneario_Camboriu-Intermediario-apartamento-JR-1Q,Carteira 6,SC,"Balneário Camboriú, SC","Balneário Camboriú, SC, Pioneiros",0,317,2845.58,54,2124.12,2025-11,0.7667,0.4475,23,30,140.87,100.0,6,2025-11-11,1.34,0.0,-721.46,ok
MHFB1307,Itapema-Canto_Praia-apartamento-SUP-1Q,Carteira 5,SC,"Itapema, SC","Itapema, SC, Centro",0,425,3004.46,9,3362.19,2025-11,0.5333,0.347,16,30,238.06,192.2,10,2025-11-11,0.89,0.0,357.73,berlinda
MOP0103,Sao_Paulo-Pinheiros-apartamento-SUP-1Q,Carteira 4,SP,"São Paulo, SP","São Paulo, SP, Jardim Paulista",0,68,5047.43,421,4048.72,2025-11,0.8,0.5848,24,30,278.25,203.0,3,2025-11-11,1.25,0.0,-998.7100000000005,ok
NIK0504,Sao_Paulo-Bela_Vista-apartamento-SUP-1Q,Carteira 4,SP,"São Paulo, SP","São Paulo, SP, Bela Vista",0,53,2839.49,596,3486.42,2025-11,0.5667,0.5791,17,30,188.35,153.78,9,2025-11-11,0.81,0.0,646.9300000000003,berlinda
NWT0315,Especial-NWT-apartamento-TOP-1Q,Carteira 5,AL,"Maceió, AL","Maceió, AL, Pajuçara",0,186,4240.93,40,4657.0,2025-11,0.5667,0.5442,17,30,292.59,288.8,10,2025-11-11,0.91,0.0,416.0699999999997,berlinda
NWT0419,Especial-NWT-apartamento-TOP-1Q,Carteira 5,AL,"Maceió, AL","Maceió, AL, Pajuçara",0,309,5093.1,40,4657.0,2025-11,0.4667,0.5442,14,30,451.64,302.08,12,2025-11-11,1.09,0.0,-436.10000000000036,berlinda
RAE0126,Bombinhas-Mariscal-casa-JR-3Q,Carteira 6,SC,"Bombinhas, SC","Bombinhas, SC, Morrinhos",2,324,3926.67,11,3065.74,2025-11,0.75,0.3192,21,30,275.38,145.6,5,2025-11-11,1.28,550.76,-860.9300000000003,ok
RGF1406,Salvador-Flamengo-apartamento-TOP-1Q,Carteira 2,BA,"Salvador, BA","Salvador, BA, Itapuã",0,131,1985.33,30,3310.55,2025-11,0.4333,0.5018,13,30,174.46,162.93,14,2025-11-11,0.6,0.0,1325.2200000000003,atenção
RIT206,Florianopolis-Praia_Brava-apartamento-SUP-4Q,Carteira 1,SC,"Florianópolis, SC","Florianópolis, SC, Praia Brava",6,555,4959.69,12,4566.98,2025-11,0.5,0.4057,12,30,507.42,505.86,7,2025-11-11,1.09,3044.52,-392.71000000000004,berlinda
THK0202,Sao_Paulo-Republica-apartamento-SUP-1Q,Carteira 4,SP,"São Paulo, SP","São Paulo, SP, República",0,556,3744.82,467,2800.75,2025-11,0.8667,0.5767,26,30,195.54,130.0,4,2025-11-11,1.34,0.0,-944.0700000000002,ok
UPP0511,Curitiba-Centro-apartamento-JR-1Q,Carteira 4,PR,"Curitiba, PR","Curitiba, PR, Alto da XV",0,25,1747.67,282,1884.7,2025-11,0.2667,0.5093,8,30,139.53,134.6,10,2025-11-11,0.93,0.0,137.02999999999997,berlinda
VFR505,Bombinhas-Bombas-apartamento-TOP-1Q,Especial,SC,"Bombinhas, SC","Bombinhas, SC, Bombas",8,754,2687.17,78,3016.65,2025-11,0.5455,0.4055,12,30,249.5,188.0,3,2025-11-11,0.89,1996.0,329.48,berlinda
BCI1603,Recife-Boa_Viagem-apartamento-SUP-1Q,Carteira 2,PE,"Recife, PE","Recife, PE, Boa Viagem",0,57,4121.15,69,3201.99,2025-11,0.7667,0.6189,23,30,211.83,204.0,6,2025-11-11,1.29,0.0,-919.1599999999999,ok
BVE101,Florianopolis-Campeche-apartamento-SUP-2Q,Carteira 1,SC,"Florianópolis, SC","Florianópolis, SC, Campeche",4,558,1980.59,11,2627.78,2025-11,0.2692,0.2984,7,30,399.71,256.67,12,2025-11-11,0.75,1598.84,647.1900000000003,atenção
CET802,Balneario_Camboriu-Centro-apartamento-SUP-3Q,Carteira 6,SC,"Balneário Camboriú, SC","Balneário Camboriú, SC, Centro",0,1366,5185.91,75,3720.25,2025-11,0.6667,0.4048,20,30,399.33,224.67,12,2025-11-11,1.39,0.0,-1465.6599999999999,ok
DNAG0706,Goiania-Central-apartamento-TOP-1Q,Carteira 1_sys-price,GO,"Goiânia, GO","Goiânia, GO, Setor Bueno",4,185,2993.09,53,1579.58,2025-11,0.7308,0.3282,19,30,180.37,177.14,7,2025-11-11,1.89,721.48,-1413.5100000000002,ok
EAB203,Florianopolis-Ingleses_Norte-apartamento-SUP-2Q,Carteira 1,SC,"Florianópolis, SC","Florianópolis, SC, Ingleses do Rio Vermelho",30,1727,0.0,58,3045.34,2025-11,,0.3095,0,30,0.0,,0,2025-11-11,0.0,0.0,3045.34,crítico
EDF1501,Salvador-Ondina_Rio_Vermelho-apartamento-TOP-1Q,Carteira 2,BA,"Salvador, BA","Salvador, BA, Rio Vermelho",0,60,3182.72,34,3630.22,2025-11,0.4,0.5369,12,30,217.13,216.0,14,2025-11-11,0.88,0.0,447.5,berlinda
FUA0001,Ubatuba-Praia_do_Lazaro-apartamento-JR-1Q,Carteira 4,SP,"Ubatuba, SP","Ubatuba, SP, Lázaro Praia Domingos Dias",0,33,599.25,20,2617.32,2025-11,0.1,0.4341,3,30,218.67,190.06,16,2025-11-11,0.23,0.0,2018.0700000000002,crítico
HMC0320,Sao_Paulo-Campo_Belo-apartamento-SUP-1Q,Carteira 4_sys-price,SP,"São Paulo, SP","São Paulo, SP, Campo Belo",0,297,3943.35,63,3187.39,2025-11,0.6667,0.6043,20,30,192.16,152.5,4,2025-11-11,1.24,0.0,-755.96,ok
HRE0025,Ubatuba-Toninhas-apartamento-SUP-2Q,Carteira 4,SP,"Ubatuba, SP","Ubatuba, SP, Toninhas",0,355,6924.19,124,5192.29,2025-11,0.8,0.4904,24,30,343.38,270.25,4,2025-11-11,1.33,0.0,-1731.8999999999996,ok
IFT1005,Itapema-Meia_Praia-Norte-apartamento-TOP-1Q,Carteira 6,SC,"Itapema, SC","Itapema, SC, Meia Praia",0,198,3676.3,22,3277.09,2025-11,0.7,0.375,21,30,217.62,188.67,9,2025-11-11,1.12,0.0,-399.21000000000004,ok
ILC3403,Especial-ILC-hotel-JR-1Q,Especial,SC,"Florianópolis, SC","Florianópolis, SC, Jurerê Internacional",0,1830,7540.21,16,9179.91,2025-11,0.5,0.5499,15,30,587.0,535.91,11,2025-11-11,0.82,0.0,1639.6999999999998,berlinda
IRE0022,Ubatuba-Praia_Grande-apartamento-SUP-2Q,Carteira 4,SP,"Ubatuba, SP","Ubatuba, SP, Praia Grande",4,277,2121.81,169,4861.87,2025-11,0.2692,0.4121,7,30,345.57,229.53,15,2025-11-11,0.44,1382.28,2740.06,crítico
IRE021,Ubatuba-Praia_Grande-apartamento-SUP-2Q,Carteira 4,SP,"Ubatuba, SP","Ubatuba, SP, Praia Grande",0,633,1312.68,169,4861.87,2025-11,0.1333,0.4121,4,30,357.75,318.0,15,2025-11-11,0.27,0.0,3549.1899999999996,crítico
JBM302,Florianopolis-Jurere_Tradicional-apartamento-SUP-1Q,Carteira 1,SC,"Florianópolis, SC","Florianópolis, SC, Jurerê",0,1971,6525.59,17,6292.87,2025-11,0.7333,0.67,22,30,378.32,323.29,7,2025-11-11,1.04,0.0,-232.72000000000025,berlinda
JMA010,Florianopolis-Jurere_Longe-apartamento-JR-1Q,Carteira 1,SC,"Florianópolis, SC","Florianópolis, SC, Jurerê",0,487,760.12,39,1965.96,2025-11,0.2,0.455,6,30,169.17,148.2,15,2025-11-11,0.39,0.0,1205.8400000000001,crítico
MFL1802,Goiania-Leste-apartamento-TOP-3Q,Carteira 1_sys-price,GO,"Goiânia, GO","Goiânia, GO, Jardim Goiás",25,768,0.0,7,2043.83,2025-11,0.0,0.2051,0,30,0.0,,0,2025-11-11,0.0,0.0,2043.83,crítico
MHF0602,Itapema-Canto_Praia-apartamento-TOP-2Q,Carteira 5,SC,"Itapema, SC","Itapema, SC, Centro",0,15,4940.49,14,3094.94,2025-11,0.7667,0.2903,23,30,320.74,364.67,3,2025-11-11,1.6,0.0,-1845.5499999999997,ok
MRD0061,Balneario_Camboriu-Centro-apartamento-SUP-3Q,Carteira 6,SC,"Balneário Camboriú, SC","Balneário Camboriú, SC, Centro",6,100,5010.51,75,3720.25,2025-11,0.8333,0.4048,20,30,274.1,189.5,2,2025-11-11,1.35,1644.6000000000001,-1290.2600000000002,ok
OGD0704,Florianopolis-Beira_Mar-apartamento-MASTER-1Q,Carteira 4,SC,"Florianópolis, SC","Florianópolis, SC, Centro",0,71,5742.96,28,5466.75,2025-11,0.7333,0.4759,22,30,318.27,246.75,4,2025-11-11,1.05,0.0,-276.21000000000004,berlinda
PDA0736,Camaçari-Jacuipe-casa-SUP-5Q,Carteira 2,BA,"Camaçari, BA","Camaçari, BA, Barra do Jacuípe - Monte Gordo",14,694,2762.52,24,7542.69,2025-11,0.4375,0.2918,7,30,482.14,397.0,6,2025-11-11,0.37,6749.96,4780.17,crítico
PDN0113,Balneario_Camboriu-Longe-apartamento-TOP-1Q,Carteira 6,SC,"Balneário Camboriú, SC","Balneário Camboriú, SC, Nações",0,247,5697.7,121,3315.0,2025-11,0.9667,0.3927,29,30,280.76,130.0,1,2025-11-11,1.72,0.0,-2382.7,ok
PSOA1007,Penha-Beto_Carrero-apartamento-SUP-1Q,Carteira 3,SC,"Penha, SC","Penha, SC, Armação",0,129,2144.38,16,1970.83,2025-11,0.4,0.3803,12,30,206.17,156.0,14,2025-11-11,1.09,0.0,-173.55000000000018,berlinda
RBE0031,Florianopolis-UFSC-apartamento-SUP-2Q,Carteira 4,SC,"Florianópolis, SC","Florianópolis, SC, Trindade",0,436,2106.02,20,2978.14,2025-11,0.3333,0.4933,10,30,268.0,223.6,15,2025-11-11,0.71,0.0,872.1199999999999,atenção
RHI206,Florianopolis-Canasvieiras_Meio-apartamento-SUP-1Q,Carteira 1,SC,"Florianópolis, SC","Florianópolis, SC, Canasvieiras",1,778,3191.12,38,3287.15,2025-11,0.7241,0.6164,21,30,296.24,220.88,8,2025-11-11,0.97,296.24,96.0300000000002,berlinda
RVL118,Bombinhas-Mariscal-casa-JR-2Q,Carteira 6,SC,"Bombinhas, SC","Bombinhas, SC, canto grande",1,1150,2604.25,18,1968.24,2025-11,0.7241,0.3944,21,30,155.52,147.5,8,2025-11-11,1.32,155.52,-636.01,ok
SPT0109,Blumenau-Central-apartamento-JR-1Q,Carteira 4,SC,"Blumenau, SC","Blumenau, SC, Itoupava Seca",0,596,0.0,31,707.55,2025-11,0.0,0.2143,0,30,0.0,100.47,19,2025-11-11,0.0,0.0,707.55,crítico
SPT0110,Blumenau-Central-apartamento-JR-1Q,Carteira 4,SC,"Blumenau, SC","Blumenau, SC, Itoupava Seca",0,596,0.0,31,707.55,2025-11,0.0,0.2143,0,30,0.0,101.0,19,2025-11-11,0.0,0.0,707.55,crítico
TRS0004,Penha-Beto_Carrero-casa-SUP-1Q,Carteira 3,SC,"Penha, SC","Penha, SC, Armação",0,164,2561.25,24,1871.07,2025-11,0.5667,0.4848,17,30,170.94,127.88,8,2025-11-11,1.37,0.0,-690.1800000000001,ok
UPP0413,Curitiba-Centro-apartamento-JR-1Q,Carteira 4,PR,"Curitiba, PR","Curitiba, PR, Alto da XV",0,9,369.94,282,1884.7,2025-11,0.1,0.5093,3,30,137.6,135.65,17,2025-11-11,0.2,0.0,1514.76,crítico
UPP0506,Curitiba-Centro-apartamento-JR-1Q,Carteira 4,PR,"Curitiba, PR","Curitiba, PR, Alto da XV",0,24,914.91,282,1884.7,2025-11,0.2667,0.5093,8,30,141.63,136.32,19,2025-11-11,0.49,0.0,969.7900000000001,crítico
VDM303,Florianopolis-Canajure-apartamento-SUP-1Q,Carteira 1,SC,"Florianópolis, SC","Florianópolis, SC, Canasvieiras",0,202,3710.75,32,2890.51,2025-11,0.6333,0.4239,19,30,244.58,221.0,4,2025-11-11,1.28,0.0,-820.2399999999998,ok
VLA,Florianopolis-Santinho-apartamento-SUP-2Q,Carteira 1,SC,"Florianópolis, SC","Florianópolis, SC, Ingleses do Rio Vermelho",0,285,3547.14,11,4335.83,2025-11,0.4,0.4627,12,30,432.75,184.91,11,2025-11-11,0.82,0.0,788.69,berlinda
VST011,Especial-VST-casa-TOP-1Q,Carteira 5,SC,"Anitápolis, SC","Anitápolis, SC, Rio dos Pinheiros",2,487,4810.09,41,2231.25,2025-11,0.75,0.1613,21,30,275.86,192.5,4,2025-11-11,2.16,551.72,-2578.84,meta_subestimada
CIE0202,Florianopolis-Jurere_Longe-apartamento-JR-1Q,Carteira 1,SC,"Florianópolis, SC","Florianópolis, SC, Jurerê",0,142,3954.97,39,1965.96,2025-11,0.7333,0.455,22,30,214.18,172.5,2,2025-11-11,2.01,0.0,-1989.0099999999998,meta_subestimada
CLA0000,Urubici-Geral-apartamento-TOP-1Q,Carteira 3,SC,"Urubici, SC","Urubici, SC, Centro",4,23,1471.37,90,2659.81,2025-11,0.1923,0.1951,5,30,218.5,228.6,10,2025-11-11,0.55,874.0,1188.44,atenção
COE0406,Sao_Paulo-Pinheiros-apartamento-TOP-1Q,Carteira 4_sys-price,SP,"São Paulo, SP","São Paulo, SP, Pinheiros",0,522,5166.66,275,4995.02,2025-11,0.6,0.591,18,30,330.94,242.64,11,2025-11-11,1.03,0.0,-171.63999999999942,berlinda
ELU109,Florianopolis-Jurere_Tradicional-apartamento-TOP-1Q,Carteira 1,SC,"Florianópolis, SC","Florianópolis, SC, Jurerê",0,1773,2390.92,18,6829.73,2025-11,0.3,0.605,9,30,283.44,372.54,13,2025-11-11,0.35,0.0,4438.8099999999995,crítico
ESF0203,Balneario_Camboriu-Longe-apartamento-SUP-1Q,Carteira 6,SC,"Balneário Camboriú, SC","Balneário Camboriú, SC, Centro",18,5,633.35,22,1584.96,2025-11,0.4167,0.3914,5,30,174.6,120.0,1,2025-11-11,0.4,3142.7999999999997,951.61,crítico
FMI0218,Cabo_Frio-Centro-apartamento-SUP-1Q,Carteira 4,RJ,"Cabo Frio, RJ","Cabo Frio, RJ, Braga",1,449,3780.3,51,3239.35,2025-11,0.6207,0.5585,18,30,239.0,201.78,9,2025-11-11,1.17,239.0,-540.9500000000003,ok
LIV1006,Salvador-Graca-apartamento-TOP-1Q,Especial,BA,"Salvador, BA","Salvador, BA, Vitória",9,110,3270.83,15,3581.56,2025-11,0.8095,0.5526,17,30,290.65,233.5,4,2025-11-11,0.91,2615.85,310.73,berlinda
MAR202,Florianopolis-Ingleses_Centro-apartamento-SUP-2Q,Carteira 1,SC,"Florianópolis, SC","Florianópolis, SC, Ingleses do Rio Vermelho",0,893,1757.02,24,2370.27,2025-11,0.3333,0.316,10,30,222.5,219.2,10,2025-11-11,0.74,0.0,613.25,atenção
OBS0301,Itapema-Meia_Praia-Sul-apartamento-SUP-2Q,Carteira 6,SC,"Itapema, SC","Itapema, SC, Itapema",0,635,3523.48,39,2948.95,2025-11,0.6667,0.3321,20,30,223.35,171.11,9,2025-11-11,1.19,0.0,-574.5300000000002,ok
PGO0406,Pocos_de_Caldas-Geral-apartamento-SUP-1Q,Carteira 4,MG,"Poços de Caldas, MG","Poços de Caldas, MG, São Benedito",0,415,2106.7,31,1401.48,2025-11,0.5667,0.2888,17,30,147.41,122.5,10,2025-11-11,1.5,0.0,-705.2199999999998,ok
PSO0503,Penha-Beto_Carrero-apartamento-TOP-1Q,Carteira 3,SC,"Penha, SC","Penha, SC, Praia de Armação do Itapocoroi",0,93,2290.19,16,4132.99,2025-11,0.4,0.6017,12,30,215.33,157.09,11,2025-11-11,0.55,0.0,1842.7999999999997,atenção
PSO0910,Penha-Beto_Carrero-apartamento-SUP-1Q,Carteira 3,SC,"Penha, SC","Penha, SC, Praia de Armação do Itapocoroi",0,96,4900.1,16,1970.83,2025-11,0.9333,0.3803,28,30,213.46,177.5,2,2025-11-11,2.49,0.0,-2929.2700000000004,meta_subestimada
RJF001,Urubici-Geral-casa-TOP-2Q,Carteira 3,SC,"Urubici, SC","Urubici, SC, Aguas Brancas",12,596,1435.38,22,2977.13,2025-11,0.1667,0.1703,3,30,523.0,505.33,15,2025-11-11,0.48,6276.0,1541.75,crítico
SDN042,Bombinhas-Centro-casa-SUP-3Q,Carteira 6,SC,"Bombinhas, SC","Bombinhas, SC, Centro",9,359,6301.23,46,4392.76,2025-11,0.9524,0.3171,20,30,469.7,,0,2025-11-11,1.43,4227.3,-1908.4699999999993,ok
SJS0003,Florianopolis-Ingleses_Centro-apartamento-JR-1Q,Carteira 1,SC,"Florianópolis, SC","Florianópolis, SC, Ingleses do Rio Vermelho",0,306,2309.97,14,2707.95,2025-11,0.7,0.5707,21,30,140.95,151.29,7,2025-11-11,0.85,0.0,397.98,berlinda
SWR1502,Goiania-Central-2-apartamento-TOP-2Q,Carteira 1_sys-price,GO,"Goiânia, GO","Goiânia, GO, Setor Oeste",2,116,2907.0,11,2725.1,2025-11,0.4286,0.3963,12,30,293.83,280.82,11,2025-11-11,1.07,587.66,-181.9000000000001,berlinda
TPS101,Florianopolis-Canasvieiras_Meio-apartamento-TOP-1Q,Carteira 1,SC,"Florianópolis, SC","Florianópolis, SC, Canasvieiras",0,1017,2021.83,25,4223.9,2025-11,0.4,0.563,12,30,210.0,199.23,13,2025-11-11,0.48,0.0,2202.0699999999997,crítico
BLS0355,Goiania-Central-apartamento-SUP-1Q,Carteira 1_sys-price,GO,"Goiânia, GO","Goiânia, GO, Setor Marista",0,585,2547.9,149,1516.4,2025-11,0.7,0.3335,21,30,157.57,154.63,8,2025-11-11,1.68,0.0,-1031.5,ok
BSO0203,Itajai-Praia_Brava-apartamento-SUP-1Q,Carteira 6,SC,"Balneário Camboriú, SC","Balneário Camboriú, SC, Praia dos Amores",0,193,2425.25,10,2766.14,2025-11,0.5667,0.5032,17,30,170.12,136.0,11,2025-11-11,0.88,0.0,340.8899999999999,berlinda
CAU0199,Itapema-Meia_Praia-Norte-apartamento-JR-3Q,Carteira 6,SC,"Itapema, SC","Itapema, SC, Andorinha",0,44,4020.05,17,1868.64,2025-11,0.7,0.3468,21,30,217.62,150.0,7,2025-11-11,2.15,0.0,-2151.41,meta_subestimada
CDM0101,Itapema-Praia_Centro-apartamento-SUP-3Q,Carteira 6,SC,"Itapema, SC","Itapema, SC, Tabuleiro dos Oliveiras",4,71,947.44,15,2189.81,2025-11,0.2692,0.298,7,30,172.86,160.54,13,2025-11-11,0.43,691.44,1242.37,crítico
CON1206,Porto_Alegre-PUC_RS-apartamento-SUP-1Q,Carteira 4,RS,"Porto Alegre, RS","Porto Alegre, RS, Partenon",4,162,1520.96,18,1426.41,2025-11,0.4615,0.3141,12,30,152.25,134.17,6,2025-11-11,1.07,609.0,-94.54999999999995,berlinda
DMS0104,Gramado-Centro-apartamento-TOP-2Q,Carteira 4,RS,"Gramado, RS","Gramado, RS, Bairro Belverede",0,164,13309.32,55,10638.6,2025-11,0.7667,0.6864,23,30,696.0,511.0,7,2025-11-11,1.25,0.0,-2670.7199999999993,ok
EFR0104,Cabo_Frio-Centro-apartamento-JR-3Q,Carteira 4,RJ,"Cabo Frio, RJ","Cabo Frio, RJ, Braga",7,662,1089.45,90,2464.76,2025-11,0.1304,0.2709,3,30,412.67,292.0,14,2025-11-11,0.44,2888.69,1375.3100000000002,crítico
ERE418,Maceio-Cruz_das_Almas-apartamento-SUP-1Q,Carteira 2,AL,"Maceió, AL","Maceió, AL, Cruz das Almas",0,551,2918.74,103,3048.71,2025-11,0.7333,0.6003,22,30,181.95,176.0,1,2025-11-11,0.96,0.0,129.97000000000025,berlinda
IDI0306,Balneario_Camboriu-Centro-apartamento-JR-2Q,Carteira 6,SC,"Balneário Camboriú, SC","Balneário Camboriú, SC, Barra Sul",0,177,4116.79,45,2904.87,2025-11,0.6667,0.4181,20,30,243.6,174.29,7,2025-11-11,1.42,0.0,-1211.92,ok
ILC3111,Especial-ILC-hotel-JR-1Q,Especial,SC,"Florianópolis, SC","Florianópolis, SC, Jurerê Internacional",0,1898,9871.31,16,9179.91,2025-11,0.5333,0.5499,16,30,661.18,541.5,8,2025-11-11,1.08,0.0,-691.3999999999996,berlinda
IPS0701,Porto_Alegre-Jardim_Botanico-apartamento-SUP-1Q,Carteira 4,RS,"Porto Alegre, RS","Porto Alegre, RS, Petrópolis",15,43,1987.68,60,1567.83,2025-11,0.9333,0.3503,14,30,167.57,,0,2025-11-11,1.27,2513.5499999999997,-419.85000000000014,ok
LEC0228,Brasilia-Asa_Sul-apartamento-SUP-1Q,Carteira 1_sys-price,DF,"Brasília, DF","Brasília, DF, Setor Sudoeste",1,253,5112.31,139,3635.09,2025-11,0.8621,0.7138,25,30,245.0,212.0,4,2025-11-11,1.41,245.0,-1477.2200000000003,ok
LES403,Florianopolis-Jurere_Longe-apartamento-TOP-3Q,Carteira 1,SC,"Florianópolis, SC","Florianópolis, SC, Jurerê Internacional",6,1536,9341.48,10,8215.62,2025-11,0.7917,0.5606,19,30,654.63,421.0,2,2025-11-11,1.14,3927.7799999999997,-1125.8599999999988,ok
LHE0201,Balneario_Camboriu-Centro-apartamento-SUP-3Q,Carteira 6,SC,"Balneário Camboriú, SC","Balneário Camboriú, SC, Barra Sul",1,44,6463.75,75,3720.25,2025-11,0.8621,0.4048,25,30,293.12,265.5,4,2025-11-11,1.74,293.12,-2743.5,ok
MHF1408,Itapema-Canto_Praia-apartamento-TOP-2Q,Carteira 5,SC,"Itapema, SC","Itapema, SC, Centro",5,296,4752.69,14,3094.94,2025-11,0.8,0.2903,20,30,313.45,290.33,3,2025-11-11,1.54,1567.25,-1657.7499999999995,ok
NWT0602,Especial-NWT-apartamento-TOP-1Q,Carteira 5,AL,"Maceió, AL","Maceió, AL, Pajuçara",1,215,7915.89,40,4657.0,2025-11,0.931,0.5442,27,30,368.89,250.0,1,2025-11-11,1.7,368.89,-3258.8900000000003,ok
OBP0305,Penha-Beto_Carrero-apartamento-TOP-2Q,Carteira 3,SC,"Penha, SC","Penha, SC, Armação",0,318,947.1,49,4153.95,2025-11,0.1,0.3903,3,30,330.0,231.75,16,2025-11-11,0.23,0.0,3206.85,crítico
PAR0003,Urubici-Geral-casa-TOP-1Q,Carteira 3,SC,"Urubici, SC","Urubici, SC, Arroio do Engenho",0,729,2882.31,90,2659.81,2025-11,0.4,0.1969,12,30,264.17,345.0,11,2025-11-11,1.08,0.0,-222.5,berlinda
RSN301,Itapema-Longe-apartamento-JR-2Q,Carteira 6,SC,"Itapema, SC","Itapema, SC, Morretes",0,711,1573.83,37,2919.75,2025-11,0.5,0.4007,15,30,122.33,125.33,12,2025-11-11,0.54,0.0,1345.92,atenção
SPJ0504,Especial-SPJ-apartamento-TOP-1Q,Carteira 5,SC,"Florianópolis, SC","Florianópolis, SC, Jurerê",0,381,4689.05,15,6230.75,2025-11,0.6667,0.6136,20,30,326.05,234.5,10,2025-11-11,0.75,0.0,1541.6999999999998,atenção
SSG0207,Florianopolis-UFSC-apartamento-TOP-1Q,Carteira 4,SC,"Florianópolis, SC","Florianópolis, SC, Córrego Grande",2,920,2283.83,16,2679.84,2025-11,0.4643,0.5048,13,30,214.08,192.92,12,2025-11-11,0.85,428.16,396.0100000000002,berlinda
VDI0401,Guarapari-Nova_Guarapari-apartamento-SUP-4Q,Carteira 4,ES,"Guarapari, ES","Guarapari, ES, Meaípe",11,138,6219.7,51,3570.85,2025-11,0.7895,0.3637,15,30,497.13,369.0,3,2025-11-11,1.74,5468.43,-2648.85,ok
VNU1613,Sao_Paulo-Bela_Vista-apartamento-SUP-1Q,Carteira 4,SP,"São Paulo, SP","São Paulo, SP, Bela Vista",0,44,2582.75,596,3486.42,2025-11,0.5667,0.5791,17,30,185.82,153.75,8,2025-11-11,0.74,0.0,903.6700000000001,atenção
VST010,Especial-VST-casa-TOP-1Q,Carteira 5,SC,"Anitápolis, SC","Anitápolis, SC, Rio dos Pinheiros",3,487,1938.39,41,2231.25,2025-11,0.3333,0.1613,9,30,288.56,172.38,13,2025-11-11,0.87,865.6800000000001,292.8599999999999,berlinda
WBU2405,Goiania-Central-apartamento-TOP-1Q,Carteira 1_sys-price,GO,"Goiânia, GO","Goiânia, GO, Setor Bueno",0,772,1970.15,53,1579.58,2025-11,0.4333,0.3282,13,30,181.46,182.46,13,2025-11-11,1.25,0.0,-390.57000000000016,ok
WSH0502,Curitiba-Batel-apartamento-SUP-1Q,Carteira 4,PR,"Curitiba, PR","Curitiba, PR, Bigorrilho",0,18,1958.37,195,2545.75,2025-11,0.4,0.4935,12,30,197.67,170.35,17,2025-11-11,0.77,0.0,587.3800000000001,atenção
CNA012,Especial-CNA-casa-MASTER-1Q,Especial,SP,"Campos do Jordão, SP","Campos do Jordão, SP, Jardim Europa",0,1016,10130.71,25,8206.44,2025-11,0.6667,0.4048,20,30,598.15,581.11,9,2025-11-11,1.23,0.0,-1924.2699999999986,ok
CSP0407,Sao_Paulo-Bela_Vista-apartamento-TOP-1Q,Carteira 4,SP,"São Paulo, SP","São Paulo, SP, Bela Vista",3,313,4701.73,227,4019.93,2025-11,0.5926,0.5944,16,30,322.25,244.33,9,2025-11-11,1.17,966.75,-681.7999999999997,ok
DAL207,Canela-Geral-apartamento-SUP-2Q,Carteira 4,RS,"Canela, RS","Canela, RS, São José",0,220,5466.19,24,3311.67,2025-11,0.7333,0.5066,22,30,324.73,330.43,7,2025-11-11,1.65,0.0,-2154.5199999999995,ok
DMS0107,Gramado-Centro-apartamento-TOP-2Q,Carteira 4,RS,"Gramado, RS","Gramado, RS, Bairro Belverede",0,163,16965.18,55,10638.6,2025-11,0.6,0.6864,18,30,1121.11,1500.0,4,2025-11-11,1.59,0.0,-6326.58,ok
FFS0402,Itapema-Meia_Praia-Sul-apartamento-SUP-1Q,Carteira 6,SC,"Itapema, SC","Itapema, SC, Meia Praia",1,10,1842.21,15,2851.62,2025-11,0.5172,0.4879,15,30,159.13,145.5,14,2025-11-11,0.65,159.13,1009.4099999999999,atenção
IAA1002,Recife-Boa_Viagem-apartamento-TOP-1Q,Carteira 2,PE,"Recife, PE","Recife, PE, Boa Viagem",0,598,3199.35,39,3873.53,2025-11,0.5333,0.6083,16,30,232.37,195.2,10,2025-11-11,0.83,0.0,674.1800000000003,berlinda
IER0305,Salvador-Ondina_Rio_Vermelho-apartamento-JR-1Q,Carteira 2,BA,"Salvador, BA","Salvador, BA, Ondina",1,68,328.2,61,2313.42,2025-11,0.0345,0.5165,1,30,390.0,390.0,19,2025-11-11,0.14,390.0,1985.22,crítico
IFT1802,Itapema-Meia_Praia-Norte-apartamento-TOP-1Q,Carteira 6,SC,"Itapema, SC","Itapema, SC, Meia Praia",0,372,4289.25,22,3277.09,2025-11,0.7667,0.375,23,30,217.74,166.83,6,2025-11-11,1.31,0.0,-1012.1599999999999,ok
MGI024,Porto_Seguro-Pitinga-casa-TOP-3Q,Carteira 2,BA,"Porto Seguro, BA","Porto Seguro, BA, Arraial D'Ajuda",9,736,5598.76,9,4557.08,2025-11,0.4286,0.2489,9,30,884.44,638.2,10,2025-11-11,1.23,7959.960000000001,-1041.6800000000003,ok
MHF1807,Itapema-Canto_Praia-apartamento-TOP-1Q,Carteira 5,SC,"Itapema, SC","Itapema, SC, Centro",3,319,1710.8,17,2947.0,2025-11,0.2222,0.4478,6,30,338.33,409.0,13,2025-11-11,0.58,1014.99,1236.2,atenção
NDE0003,Florianopolis-Campeche-apartamento-SUP-1Q,Carteira 1,SC,"Florianópolis, SC","Florianópolis, SC, Ribeirão da Ilha",0,206,1661.95,25,2388.5,2025-11,0.3,0.4993,9,30,221.0,226.29,14,2025-11-11,0.7,0.0,726.55,atenção
NWT1008,Especial-NWT-apartamento-TOP-1Q,Carteira 5,AL,"Maceió, AL","Maceió, AL, Pajuçara",0,198,6167.75,40,4657.0,2025-11,0.7333,0.5442,22,30,345.05,308.5,8,2025-11-11,1.32,0.0,-1510.75,ok
NWT1113,Especial-NWT-apartamento-TOP-1Q,Carteira 5,AL,"Maceió, AL","Maceió, AL, Pajuçara",0,288,3916.48,40,4657.0,2025-11,0.5,0.5442,15,30,314.4,295.45,11,2025-11-11,0.84,0.0,740.52,berlinda
NWT1419,Especial-NWT-apartamento-TOP-1Q,Carteira 5,AL,"Maceió, AL","Maceió, AL, Pajuçara",0,309,7578.77,40,4657.0,2025-11,0.8667,0.5442,26,30,341.46,324.67,3,2025-11-11,1.63,0.0,-2921.7700000000004,ok
OBS0201,Itapema-Meia_Praia-Sul-apartamento-JR-2Q,Carteira 6,SC,"Itapema, SC","Itapema, SC, Itapema",1,151,3690.87,15,2851.62,2025-11,0.7586,0.4879,22,30,200.95,110.0,6,2025-11-11,1.29,200.95,-839.25,ok
OKA105,Florianopolis-Campeche-apartamento-SUP-1Q,Carteira 1,SC,"Florianópolis, SC","Florianópolis, SC, Campeche",1,1041,2724.85,25,2388.5,2025-11,0.5172,0.4993,15,30,223.13,251.82,11,2025-11-11,1.14,223.13,-336.3499999999999,ok
PDD0572,Balneario_Picarras-Geral-casa-SUP-2Q,Carteira 6,SC,"Balneário Piçarras, SC","Balneário Piçarras, SC, Itacolomi",2,19,1790.49,9,1532.87,2025-11,0.4643,0.1663,13,30,147.62,129.4,15,2025-11-11,1.17,295.24,-257.6200000000001,ok
PLA0408,Curitiba-Boa_Vista-apartamento-SUP-1Q,Carteira 4,PR,"Curitiba, PR","Curitiba, PR, Boa Vista",0,50,2139.24,24,2136.77,2025-11,0.5333,0.5727,16,30,158.13,133.77,13,2025-11-11,1.0,0.0,-2.4699999999998,berlinda
PRA0304,Florianopolis-Ingleses_Norte-apartamento-TOP-2Q,Carteira 1,SC,"Florianópolis, SC","Florianópolis, SC, Ingleses do Rio Vermelho",0,719,0.0,19,3448.22,2025-11,0.0,0.4098,0,30,0.0,267.63,19,2025-11-11,0.0,0.0,3448.22,crítico
PRY0002,Porto_Seguro-Pataxos-apartamento-SUP-2Q,Carteira 2,BA,"Porto Seguro, BA","Porto Seguro, BA, Taperapuã",1,43,4587.24,27,3632.05,2025-11,0.8621,0.4027,25,30,228.28,313.0,3,2025-11-11,1.26,228.28,-955.1899999999996,ok
RLU0302,Gramado-Carniel-apartamento-TOP-3Q,Carteira 4,RS,"Gramado, RS","Gramado, RS, Jardim Bela Vista",5,107,11042.65,21,7709.07,2025-11,1.0,0.5417,25,30,603.08,,0,2025-11-11,1.43,3015.4,-3333.58,ok
SOA0205,Salvador-Boca_do_Rio-apartamento-SUP-1Q,Carteira 2,BA,"Salvador, BA","Salvador, BA, Boca do Rio",3,379,2007.25,33,2261.0,2025-11,0.5556,0.4852,15,30,148.67,152.92,12,2025-11-11,0.89,446.01,253.75,berlinda
TCO0712,Porto_Alegre-Centro_Historico-apartamento-SUP-1Q,Carteira 4,RS,"Porto Alegre, RS","Porto Alegre, RS, Centro Histórico",0,555,1586.9,72,1793.66,2025-11,0.4667,0.4337,14,30,128.29,120.0,12,2025-11-11,0.88,0.0,206.76,berlinda
TPS209,Florianopolis-Canasvieiras_Meio-apartamento-TOP-1Q,Carteira 1,SC,"Florianópolis, SC","Florianópolis, SC, Canasvieiras",0,997,2549.8,25,4223.9,2025-11,0.4667,0.563,14,30,252.14,245.38,16,2025-11-11,0.6,0.0,1674.0999999999995,atenção
UPP0316,Curitiba-Centro-apartamento-JR-1Q,Carteira 4,PR,"Curitiba, PR","Curitiba, PR, Alto da XV",0,29,2900.56,282,1884.7,2025-11,0.7333,0.5093,22,30,155.86,142.71,7,2025-11-11,1.54,0.0,-1015.8599999999999,ok
VEC213,Bombinhas-Centro-apartamento-SUP-1Q,Carteira 6,SC,"Bombinhas, SC","Bombinhas, SC, Centro",0,1037,4458.37,34,3528.77,2025-11,0.7333,0.5429,22,30,234.0,231.14,7,2025-11-11,1.26,0.0,-929.5999999999999,ok
VLE005,Bombinhas-Mariscal-apartamento-JR-2Q,Carteira 6,SC,"Bombinhas, SC","Bombinhas, SC, Mariscal",0,1494,0.0,34,2440.91,2025-11,0.0,0.3343,0,30,0.0,198.0,19,2025-11-11,0.0,0.0,2440.91,crítico
VRA404,Florianopolis-Centrao-apartamento-SUP-3Q,Carteira 4,SC,"Florianópolis, SC","Florianópolis, SC, Centro",0,460,7087.39,20,5634.63,2025-11,0.5333,0.5028,16,30,515.69,335.0,6,2025-11-11,1.26,0.0,-1452.7600000000002,ok
ACI0320,Salvador-Ondina_Rio_Vermelho-apartamento-SUP-1Q,Carteira 2,BA,"Salvador, BA","Salvador, BA, Ondina",2,54,1524.83,82,3153.33,2025-11,0.3929,0.5658,11,30,180.45,178.21,14,2025-11-11,0.48,360.9,1628.5,crítico
BEH2209,Goiania-Central-apartamento-SUP-1Q,Carteira 1_sys-price,GO,"Goiânia, GO","Goiânia, GO, Setor Pedro Ludovico",0,768,2406.04,149,1516.4,2025-11,0.7,0.3335,21,30,146.67,163.11,9,2025-11-11,1.59,0.0,-889.6399999999999,ok
BSO0104,Itajai-Praia_Brava-apartamento-SUP-1Q,Carteira 6,SC,"Balneário Camboriú, SC","Balneário Camboriú, SC, Praia dos Amores",0,198,2601.08,10,2766.14,2025-11,0.6333,0.5032,19,30,179.84,142.82,11,2025-11-11,0.94,0.0,165.05999999999995,berlinda
CGB0035,Ubatuba-Praia_Grande-apartamento-SUP-2Q,Carteira 4,SP,"Ubatuba, SP","Ubatuba, SP, Praia Grande",6,60,4543.09,169,4861.87,2025-11,0.6667,0.4121,16,30,316.5,228.0,5,2025-11-11,0.93,1899.0,318.77999999999975,berlinda
DBR0805,Itapema-Praia_Itapema-apartamento-TOP-2Q,Carteira 6,SC,"Itapema, SC","Itapema, SC, Morretes",1,668,4118.37,16,2063.9,2025-11,0.5862,0.2696,17,30,235.33,152.83,6,2025-11-11,2.0,235.33,-2054.47,ok
DLH0202,Gramado-Centro-apartamento-TOP-2Q,Carteira 4,RS,"Gramado, RS","Gramado, RS, Centro",1,333,12521.29,55,10638.6,2025-11,0.8966,0.6864,26,30,621.12,525.67,3,2025-11-11,1.18,621.12,-1882.6900000000005,ok
DPR0001,Balneario_Camboriu-Sul-apartamento-JR-1Q,Carteira 6,SC,"Balneário Camboriú, SC","Balneário Camboriú, SC, Barra",0,267,1770.21,33,2053.56,2025-11,0.5667,0.4673,17,30,120.76,111.25,12,2025-11-11,0.86,0.0,283.3499999999999,berlinda
DSH1702,Itapema-Praia_Itapema-apartamento-TOP-2Q,Carteira 6,SC,"Itapema, SC","Itapema, SC, Morretes",3,320,2998.75,16,2063.9,2025-11,0.5926,0.2696,16,30,232.75,176.11,9,2025-11-11,1.45,698.25,-934.8499999999999,ok
EMT203,Cabo_Frio-Centro-apartamento-SUP-1Q,Carteira 4,RJ,"Cabo Frio, RJ","Cabo Frio, RJ, Braga",5,772,531.15,51,3239.35,2025-11,0.12,0.5585,3,30,223.0,186.64,11,2025-11-11,0.16,1115.0,2708.2,crítico
EPC025,Florianopolis-Jurere_Longe-apartamento-SUP-2Q,Carteira 1,SC,"Florianópolis, SC","Florianópolis, SC, Jurerê Internacional",0,205,5243.5,23,5861.6,2025-11,0.4667,0.5195,14,30,425.71,315.0,9,2025-11-11,0.89,0.0,618.1000000000004,berlinda
EVA0301,Florianopolis-Centrao-apartamento-SUP-1Q,Carteira 4,SC,"Florianópolis, SC","Florianópolis, SC, Centro",0,400,4216.56,126,3394.05,2025-11,0.7333,0.4536,22,30,226.86,181.57,7,2025-11-11,1.24,0.0,-822.5100000000002,ok
GLA0037,Sao_Paulo-Pompeia-apartamento-SUP-1Q,Carteira 4,SP,"São Paulo, SP","São Paulo, SP, Perdizes",0,58,3259.83,71,2705.63,2025-11,0.6,0.3976,18,30,207.56,149.22,9,2025-11-11,1.2,0.0,-554.1999999999998,ok
ILC2314,Especial-ILC-hotel-JR-1Q,Especial,SC,"Florianópolis, SC","Florianópolis, SC, Jurerê Internacional",0,1522,8752.49,16,9179.91,2025-11,0.5,0.5499,15,30,732.67,570.22,9,2025-11-11,0.95,0.0,427.4200000000001,berlinda
JBV306,Especial-JBV-hotel-JR-1Q,Especial,SC,"Florianópolis, SC","Florianópolis, SC, Jurerê",0,1593,12159.62,25,9026.89,2025-11,0.9,0.58,27,30,545.85,769.5,2,2025-11-11,1.35,0.0,-3132.7300000000014,ok
JBV327,Especial-JBV-hotel-TOP-1Q,Especial,SC,"Florianópolis, SC","Florianópolis, SC, Jurerê",0,1820,14493.68,34,10718.98,2025-11,0.9,0.6611,27,30,654.37,914.0,2,2025-11-11,1.35,0.0,-3774.7000000000007,ok
LES106,Florianopolis-Jurere_Longe-apartamento-SUP-3Q,Carteira 1,SC,"Florianópolis, SC","Florianópolis, SC, Jurerê Internacional",10,451,8626.76,19,5194.56,2025-11,0.95,0.4759,19,30,617.0,536.0,1,2025-11-11,1.66,6170.0,-3432.2,ok
LIV1411,Salvador-Graca-apartamento-TOP-1Q,Especial,BA,"Salvador, BA","Salvador, BA, Vitória",0,260,5515.6,15,3581.56,2025-11,0.9,0.5526,27,30,248.37,271.0,3,2025-11-11,1.54,0.0,-1934.0400000000004,ok
LVR0003,Campos_do_Jordao-Capivari_Centro-apartamento-SUP-2Q,Carteira 4,SP,"Campos do Jordão, SP","Campos do Jordão, SP, V Iara",0,199,2966.71,38,2803.77,2025-11,0.3333,0.2482,10,30,334.3,284.92,13,2025-11-11,1.06,0.0,-162.94000000000005,berlinda
MHF1508,Itapema-Canto_Praia-apartamento-TOP-2Q,Carteira 5,SC,"Itapema, SC","Itapema, SC, Centro",1,16,3820.49,14,3094.94,2025-11,0.5517,0.2903,16,30,298.81,248.36,11,2025-11-11,1.23,298.81,-725.5499999999997,ok
NVM0009,Porto_Seguro-Pataxos-apartamento-SUP-2Q,Carteira 2,BA,"Porto Seguro, BA","Porto Seguro, BA, Paraíso dos Pataxós",0,201,1237.88,27,3632.05,2025-11,0.2667,0.4027,8,30,174.13,170.71,14,2025-11-11,0.34,0.0,2394.17,crítico
PRV0404,Salvador-Barra-apartamento-JR-1Q,Carteira 2,BA,"Salvador, BA","Salvador, BA, Barra",0,206,3219.36,119,2773.76,2025-11,0.7667,0.5696,23,30,170.17,151.86,7,2025-11-11,1.16,0.0,-445.5999999999999,ok
PSO0902,Penha-Beto_Carrero-apartamento-TOP-1Q,Carteira 3,SC,"Penha, SC","Penha, SC, Praia de Armação do Itapocoroi",0,121,4075.12,16,4132.99,2025-11,0.8,0.6017,24,30,199.46,204.33,6,2025-11-11,0.99,0.0,57.86999999999989,berlinda
SCO0015,Florianopolis-Campeche-apartamento-SUP-1Q,Carteira 1,SC,"Florianópolis, SC","Florianópolis, SC, Campeche",0,43,210.68,25,2388.5,2025-11,0.0667,0.4993,2,30,137.5,201.47,19,2025-11-11,0.09,0.0,2177.82,crítico
SOA0907,Salvador-Boca_do_Rio-apartamento-SUP-1Q,Carteira 2,BA,"Salvador, BA","Salvador, BA, Boca do Rio",1,421,2161.21,33,2261.0,2025-11,0.5517,0.4852,16,30,161.19,174.0,12,2025-11-11,0.96,161.19,99.78999999999996,berlinda
SSL0211,Florianopolis-UFSC-apartamento-TOP-2Q,Carteira 4,SC,"Florianópolis, SC","Florianópolis, SC, Córrego Grande",14,190,0.0,11,3941.66,2025-11,0.0,0.3443,0,30,0.0,350.0,5,2025-11-11,0.0,0.0,3941.66,crítico
STU309,Florianopolis-UFSC-apartamento-TOP-1Q,Carteira 4,SC,"Florianópolis, SC","Florianópolis, SC, Trindade",0,859,2511.48,16,2679.84,2025-11,0.4333,0.5048,13,30,227.15,202.83,12,2025-11-11,0.94,0.0,168.36000000000013,berlinda
TRS0002,Penha-Beto_Carrero-casa-JR-1Q,Carteira 3,SC,"Penha, SC","Penha, SC, Armação",0,164,871.48,28,2088.59,2025-11,0.2667,0.5446,8,30,124.13,120.13,15,2025-11-11,0.42,0.0,1217.1100000000001,crítico
TXP0304,Goiania-Central-apartamento-SUP-1Q,Carteira 1_sys-price,GO,"Goiânia, GO","Goiânia, GO, Setor Bueno",0,757,3320.64,149,1516.4,2025-11,0.9,0.3335,27,30,157.59,161.0,3,2025-11-11,2.19,0.0,-1804.2399999999998,meta_subestimada
TXP1305,Goiania-Central-apartamento-SUP-1Q,Carteira 1_sys-price,GO,"Goiânia, GO","Goiânia, GO, Setor Bueno",4,745,2431.12,149,1516.4,2025-11,0.6538,0.3335,17,30,161.0,145.57,7,2025-11-11,1.6,644.0,-914.7199999999998,ok
VTR0033,Balneario_Camboriu-Centro-apartamento-JR-2Q,Carteira 6,SC,"Balneário Camboriú, SC","Balneário Camboriú, SC, Centro",0,129,2996.84,45,2904.87,2025-11,0.5333,0.4181,16,30,196.61,177.0,10,2025-11-11,1.03,0.0,-91.97000000000025,berlinda
AYA201,Florianopolis-Jurere_Tradicional-apartamento-JR-3Q,Carteira 1,SC,"Florianópolis, SC","Florianópolis, SC, Jurerê",3,1984,8025.01,15,7172.85,2025-11,0.7778,0.5,21,30,493.81,330.8,5,2025-11-11,1.12,1481.43,-852.1599999999999,ok
CCI210,Florianopolis-Ingleses_Norte-apartamento-TOP-2Q,Carteira 1,SC,"Florianópolis, SC","Florianópolis, SC, Ingleses do Rio Vermelho",0,997,4330.48,19,3448.22,2025-11,0.5333,0.4098,16,30,319.0,277.2,5,2025-11-11,1.26,0.0,-882.2599999999998,ok
CZZ0404,Urubici-Geral-apartamento-SUP-1Q,Especial,SC,"Urubici, SC","Urubici, SC, Centro",1,221,904.74,49,1401.48,2025-11,0.1379,0.1601,4,30,267.75,218.38,16,2025-11-11,0.65,267.75,496.74,atenção
EMZ0504,Guarapari-Praia_do_Morro-apartamento-JR-2Q,Carteira 4,ES,"Guarapari, ES","Guarapari, ES, Praia do Morro",0,138,515.6,81,2091.69,2025-11,0.1333,0.4083,4,30,178.0,139.67,15,2025-11-11,0.25,0.0,1576.0900000000001,crítico
FFS1402,Itapema-Meia_Praia-Sul-apartamento-SUP-1Q,Carteira 6,SC,"Itapema, SC","Itapema, SC, Meia Praia",9,10,1933.34,15,2851.62,2025-11,0.6667,0.4879,14,30,169.86,153.71,7,2025-11-11,0.68,1528.7400000000002,918.28,atenção
ILC3109,Especial-ILC-hotel-TOP-1Q,Especial,SC,"Florianópolis, SC","Florianópolis, SC, Jurerê Internacional",0,1828,11161.56,30,11132.4,2025-11,0.7333,0.6976,22,30,669.45,633.0,8,2025-11-11,1.0,0.0,-29.159999999999854,berlinda
ILC4404,Especial-ILC-hotel-JR-1Q,Especial,SC,"Florianópolis, SC","Florianópolis, SC, Jurerê Internacional",0,1971,13799.88,16,9179.91,2025-11,0.9667,0.5499,29,30,645.59,,0,2025-11-11,1.5,0.0,-4619.969999999999,ok
JRR205,Florianopolis-Jurere_Tradicional-apartamento-TOP-1Q,Carteira 1,SC,"Florianópolis, SC","Florianópolis, SC, Jurerê",0,1185,5026.0,18,6829.73,2025-11,0.5,0.605,15,30,422.67,336.2,5,2025-11-11,0.74,0.0,1803.7299999999996,atenção
MCB0103,Balneario_Picarras-Geral-apartamento-SUP-2Q,Carteira 6,SC,"Balneário Piçarras, SC","Balneário Piçarras, SC, itacolomi",0,383,2682.39,66,1594.17,2025-11,0.7333,0.2526,22,30,139.23,124.71,7,2025-11-11,1.68,0.0,-1088.2199999999998,ok
MHF1901,Itapema-Canto_Praia-apartamento-TOP-1Q,Carteira 5,SC,"Itapema, SC","Itapema, SC, Centro",0,37,4436.2,17,2947.0,2025-11,0.8,0.4478,24,30,247.71,184.5,4,2025-11-11,1.51,0.0,-1489.1999999999998,ok
MLO0601,Itapema-Meia_Praia-Norte-apartamento-SUP-2Q,Carteira 6,SC,"Itapema, SC","Itapema, SC, Meia Praia",0,394,2775.22,15,3420.0,2025-11,0.6333,0.4143,19,30,166.53,177.0,10,2025-11-11,0.81,0.0,644.7800000000002,berlinda
MTS1503,Itapema-Praia_Itapema-apartamento-SUP-2Q,Carteira 6,SC,"Itapema, SC","Itapema, SC, Morretes",0,213,3381.76,15,3124.13,2025-11,0.7,0.5139,21,30,206.52,175.0,6,2025-11-11,1.08,0.0,-257.6300000000001,berlinda
PFN0007,Porto_Seguro-Pataxos-apartamento-JR-2Q,Carteira 2,BA,"Porto Seguro, BA","Porto Seguro, BA, Pataxós",29,218,0.0,49,2140.18,2025-11,0.0,0.245,0,30,0.0,130.0,1,2025-11-11,0.0,0.0,2140.18,crítico
POS0205,Florianopolis-Ingleses_Praia-apartamento-JR-1Q,Carteira 1,SC,"Florianópolis, SC","Florianópolis, SC, Ingleses do Rio Vermelho",0,411,1347.4,30,2156.24,2025-11,0.3,0.4512,9,30,268.22,211.45,11,2025-11-11,0.62,0.0,808.8399999999997,atenção
PSOA0912,Penha-Beto_Carrero-apartamento-TOP-1Q,Carteira 3,SC,"Penha, SC","Penha, SC, Praia de Armação do Itapocoroi",0,113,2233.65,16,4132.99,2025-11,0.4,0.6017,12,30,201.33,171.86,14,2025-11-11,0.54,0.0,1899.3399999999997,atenção
RIV101,Florianopolis-Jurere_Tradicional-apartamento-TOP-2Q,Carteira 1,SC,"Florianópolis, SC","Florianópolis, SC, Jurerê",0,589,2971.41,20,8875.07,2025-11,0.2,0.5432,6,30,542.17,619.14,14,2025-11-11,0.33,0.0,5903.66,crítico
TPS303,Florianopolis-Canasvieiras_Meio-apartamento-TOP-1Q,Carteira 1,SC,"Florianópolis, SC","Florianópolis, SC, Canasvieiras",3,457,837.03,25,4223.9,2025-11,0.1852,0.563,5,30,208.4,209.94,16,2025-11-11,0.2,625.2,3386.87,crítico
UPP0115,Curitiba-Centro-apartamento-JR-1Q,Carteira 4,PR,"Curitiba, PR","Curitiba, PR, Alto da XV",0,10,773.86,282,1884.7,2025-11,0.2333,0.5093,7,30,136.43,136.32,19,2025-11-11,0.41,0.0,1110.8400000000001,crítico
UPP0514,Curitiba-Centro-apartamento-JR-1Q,Carteira 4,PR,"Curitiba, PR","Curitiba, PR, Alto da XV",1,9,1253.4,282,1884.7,2025-11,0.3793,0.5093,11,30,140.45,136.5,16,2025-11-11,0.67,140.45,631.3,atenção
VDM101,Florianopolis-Canajure-apartamento-JR-1Q,Carteira 1,SC,"Florianópolis, SC","Florianópolis, SC, Canasvieiras",6,918,3348.67,54,2163.05,2025-11,0.8333,0.4554,20,30,217.4,201.67,3,2025-11-11,1.55,1304.4,-1185.62,ok
VEC311,Bombinhas-Centro-apartamento-SUP-1Q,Carteira 6,SC,"Bombinhas, SC","Bombinhas, SC, Centro",0,1040,4467.36,34,3528.77,2025-11,0.8667,0.5429,26,30,221.12,175.67,3,2025-11-11,1.27,0.0,-938.5899999999997,ok
VFI0103,Gramado-Geral-apartamento-JR-2Q,Carteira 4,RS,"Gramado, RS","Gramado, RS, Centro",9,330,4519.16,46,4333.51,2025-11,0.6667,0.4798,14,30,463.0,219.0,5,2025-11-11,1.04,4167.0,-185.64999999999964,berlinda
BBH1003,Balneario_Picarras-Geral-apartamento-TOP-2Q,Carteira 6,SC,"Balneário Piçarras, SC","Balneário Piçarras, SC, Itacolomi",0,409,5743.93,35,2411.71,2025-11,0.9,0.3346,27,30,290.81,140.0,2,2025-11-11,2.38,0.0,-3332.2200000000003,meta_subestimada
BHE0405,Brasilia-Setor_Hoteleiro-apartamento-SUP-1Q,Carteira 1_sys-price,DF,"Brasília, DF","Brasília, DF, Asa Sul",0,39,5792.66,147,5421.98,2025-11,0.8,0.6415,24,30,495.62,333.2,5,2025-11-11,1.07,0.0,-370.6800000000003,berlinda
BOU0101,Florianopolis-Canasvieiras_Meio-apartamento-JR-1Q,Carteira 1,SC,"Florianópolis, SC","Florianópolis, SC, Canasvieiras",1,444,1965.14,33,1965.96,2025-11,0.6207,0.482,18,30,172.22,161.8,10,2025-11-11,1.0,172.22,0.8199999999999363,berlinda
ELF0403,Bombinhas-Bombas-apartamento-SUP-1Q,Especial,SC,"Bombinhas, SC","Bombinhas, SC, José Amândio",1,185,4908.68,49,2579.11,2025-11,0.9655,0.44,28,30,200.5,,0,2025-11-11,1.9,200.5,-2329.57,ok
ELF0609,Bombinhas-Bombas-apartamento-SUP-1Q,Especial,SC,"Bombinhas, SC","Bombinhas, SC, José Amândio",20,156,1001.85,49,2579.11,2025-11,0.8,0.44,8,30,135.25,146.0,1,2025-11-11,0.39,2705.0,1577.2600000000002,crítico
ESN0505,Salvador-Ondina_Rio_Vermelho-apartamento-TOP-1Q,Carteira 2,BA,"Salvador, BA","Salvador, BA, Rio Vermelho",0,229,5130.37,34,3630.22,2025-11,0.7333,0.5369,22,30,265.5,183.38,8,2025-11-11,1.41,0.0,-1500.15,ok
ESR1912,Curitiba-Batel-apartamento-TOP-1Q,Carteira 4,PR,"Curitiba, PR","Curitiba, PR, Centro",0,656,3835.79,28,2447.15,2025-11,0.5667,0.3939,17,30,283.82,299.18,11,2025-11-11,1.57,0.0,-1388.6399999999999,ok
ETL2702,Balneario_Camboriu-Norte-apartamento-MASTER-4Q,Carteira 6,SC,"Balneário Camboriú, SC","Balneário Camboriú, SC, Pioneiros",8,334,14167.07,16,12503.0,2025-11,0.9091,0.3981,20,30,990.3,1500.0,1,2025-11-11,1.13,7922.4,-1664.0699999999997,ok
GDP0010,Brasilia-Asa_Sul-apartamento-JR-1Q,Carteira 1_sys-price,DF,"Brasília, DF","Brasília, DF, Asa Sul",0,190,2794.71,220,2916.77,2025-11,0.5,0.6292,15,30,211.6,204.0,14,2025-11-11,0.96,0.0,122.05999999999995,berlinda
IFT1304,Itapema-Meia_Praia-Norte-apartamento-TOP-1Q,Carteira 6,SC,"Itapema, SC","Itapema, SC, Meia Praia",0,248,4029.96,22,3277.09,2025-11,0.7333,0.375,22,30,222.41,190.0,5,2025-11-11,1.23,0.0,-752.8699999999999,ok
IHD0101,Florianopolis-Jurere_Longe-apartamento-TOP-2Q,Carteira 1,SC,"Florianópolis, SC","Florianópolis, SC, Jurerê Internacional",0,39,6080.43,16,7660.43,2025-11,0.4667,0.5989,14,30,498.36,447.73,11,2025-11-11,0.79,0.0,1580.0,atenção
JCS0004,Penha-Longe-casa-SUP-1Q,Carteira 6,SC,"Penha, SC","Penha, SC, Armação",0,326,2785.96,58,2207.82,2025-11,0.7667,0.4175,23,30,172.17,110.0,3,2025-11-11,1.26,0.0,-578.1399999999999,ok
MCG0006,Porto_Seguro-Pitinga-casa-JR-3Q,Carteira 2,BA,"Porto Seguro, BA","Porto Seguro, BA, Arraial DAjuda",12,330,0.0,13,6384.52,2025-11,0.0,0.3089,0,30,0.0,636.0,14,2025-11-11,0.0,0.0,6384.52,crítico
MHF0508,Itapema-Canto_Praia-apartamento-TOP-2Q,Carteira 5,SC,"Itapema, SC","Itapema, SC, Centro",3,388,3634.5,14,3094.94,2025-11,0.6296,0.2903,17,30,241.0,255.5,10,2025-11-11,1.17,723.0,-539.56,ok
MRS0402,Bombinhas-Bombas-apartamento-SUP-3Q,Carteira 6,SC,"Bombinhas, SC","Bombinhas, SC, Bombas",3,3,964.44,18,2849.68,2025-11,0.1481,0.4113,4,30,329.75,237.92,13,2025-11-11,0.34,989.25,1885.2399999999998,crítico
NWT0603,Especial-NWT-apartamento-TOP-1Q,Carteira 5,AL,"Maceió, AL","Maceió, AL, Pajuçara",0,215,6285.17,40,4657.0,2025-11,0.6667,0.5442,20,30,302.22,253.0,6,2025-11-11,1.35,0.0,-1628.17,ok
NWT1001,Especial-NWT-apartamento-TOP-1Q,Carteira 5,AL,"Maceió, AL","Maceió, AL, Pajuçara",0,199,5732.38,40,4657.0,2025-11,0.6,0.5442,18,30,377.67,313.33,9,2025-11-11,1.23,0.0,-1075.38,ok
NWT1123,Especial-NWT-apartamento-TOP-1Q,Carteira 5,AL,"Maceió, AL","Maceió, AL, Pajuçara",0,121,4459.13,40,4657.0,2025-11,0.5667,0.5442,17,30,301.06,288.56,9,2025-11-11,0.96,0.0,197.8699999999999,berlinda
OAG0507,Sao_Paulo-Pinheiros-apartamento-TOP-1Q,Carteira 4_sys-price,SP,"São Paulo, SP","São Paulo, SP, Cerqueira César",4,155,5012.21,275,4995.02,2025-11,0.7692,0.591,20,30,304.65,214.6,5,2025-11-11,1.0,1218.6,-17.1899999999996,berlinda
PSO0601,Penha-Beto_Carrero-apartamento-TOP-1Q,Carteira 3,SC,"Penha, SC","Penha, SC, Praia de Armação do Itapocoroi",0,89,3706.63,16,4132.99,2025-11,0.6667,0.6017,20,30,214.45,173.78,9,2025-11-11,0.9,0.0,426.3599999999997,berlinda
RFM0017,Santa_Cruz_Cabralia-Coroa_Vermelha-apartamento-SUP-2Q,Carteira 2,BA,"Santa Cruz Cabrália, BA","Santa Cruz Cabrália, BA, Coroa Vermelha",0,191,0.0,34,2989.06,2025-11,0.0,0.3789,0,30,0.0,155.37,19,2025-11-11,0.0,0.0,2989.06,crítico
SKL0905,Penha-Praia-apartamento-SUP-2Q,Carteira 6,SC,"Penha, SC","Penha, SC, Armação",0,52,4347.82,50,3787.89,2025-11,0.8,0.4691,24,30,224.5,170.0,2,2025-11-11,1.15,0.0,-559.9299999999998,ok
SKL1204,Penha-Praia-apartamento-SUP-2Q,Carteira 6,SC,"Penha, SC","Penha, SC, Armação",0,43,3860.27,50,3787.89,2025-11,0.7,0.4691,21,30,216.38,209.71,7,2025-11-11,1.02,0.0,-72.38000000000011,berlinda
SPJ0201,Especial-SPJ-apartamento-TOP-1Q,Carteira 5,SC,"Florianópolis, SC","Florianópolis, SC, Jurerê",0,516,6075.68,15,6230.75,2025-11,0.7333,0.6136,22,30,332.73,273.0,6,2025-11-11,0.98,0.0,155.0699999999997,berlinda
SPJ0302,Especial-SPJ-apartamento-TOP-1Q,Carteira 5,SC,"Florianópolis, SC","Florianópolis, SC, Jurerê",0,518,5692.68,15,6230.75,2025-11,0.7667,0.6136,23,30,324.43,341.6,5,2025-11-11,0.91,0.0,538.0699999999997,berlinda
SPT0203,Blumenau-Central-apartamento-JR-1Q,Carteira 4,SC,"Blumenau, SC","Blumenau, SC, Itoupava Seca",0,543,0.0,31,707.55,2025-11,0.0,0.2143,0,30,0.0,100.47,19,2025-11-11,0.0,0.0,707.55,crítico
THK0502,Sao_Paulo-Republica-apartamento-SUP-1Q,Carteira 4,SP,"São Paulo, SP","São Paulo, SP, República",0,82,2457.3,467,2800.75,2025-11,0.5667,0.5767,17,30,160.67,130.0,7,2025-11-11,0.88,0.0,343.4499999999998,berlinda
TPS210,Florianopolis-Canasvieiras_Meio-apartamento-TOP-1Q,Carteira 1,SC,"Florianópolis, SC","Florianópolis, SC, Canasvieiras",0,681,1478.45,25,4223.9,2025-11,0.2667,0.563,8,30,207.25,193.67,15,2025-11-11,0.35,0.0,2745.45,crítico
TRS0005,Penha-Beto_Carrero-casa-JR-1Q,Carteira 3,SC,"Penha, SC","Penha, SC, Armação",0,164,1202.16,28,2088.59,2025-11,0.4,0.5446,12,30,120.92,118.81,16,2025-11-11,0.58,0.0,886.4300000000001,atenção
UPP0515,Curitiba-Centro-apartamento-JR-1Q,Carteira 4,PR,"Curitiba, PR","Curitiba, PR, Alto da XV",0,22,1232.31,282,1884.7,2025-11,0.3333,0.5093,10,30,142.9,140.07,15,2025-11-11,0.65,0.0,652.3900000000001,atenção
VAC0601,Barra_Velha-Tabuleiro-apartamento-TOP-2Q,Carteira 3,SC,"Barra Velha, SC","Barra Velha, SC, Itajuba",6,159,2295.9,36,1993.79,2025-11,0.5,0.2904,12,30,231.08,193.0,12,2025-11-11,1.15,1386.48,-302.1100000000001,ok
VST032,Especial-VST-casa-TOP-1Q,Carteira 5,SC,"Anitápolis, SC","Anitápolis, SC, Rio dos Pinheiros",1,487,4944.08,41,2231.25,2025-11,0.8276,0.1613,24,30,285.63,200.33,3,2025-11-11,2.22,285.63,-2712.83,meta_subestimada
BPA0103,Sao_Paulo-Bela_Vista-apartamento-TOP-1Q,Carteira 4,SP,"São Paulo, SP","São Paulo, SP, Bela Vista",0,177,4278.04,227,4019.93,2025-11,0.6333,0.5944,19,30,266.42,242.5,10,2025-11-11,1.06,0.0,-258.1100000000001,berlinda
BSS0703,Sao_Paulo-Santo_Amaro-apartamento-SUP-1Q,Carteira 4,SP,"São Paulo, SP","São Paulo, SP, Jardim das Acácias",1,428,2166.5,158,3146.03,2025-11,0.3793,0.5012,11,30,221.91,144.46,13,2025-11-11,0.69,221.91,979.5300000000002,atenção
BVA0601,Sao_Paulo-Republica-apartamento-SUP-1Q,Carteira 4,SP,"São Paulo, SP","São Paulo, SP, Bela Vista",1,410,1932.72,467,2800.75,2025-11,0.5172,0.5767,15,30,180.67,130.0,12,2025-11-11,0.69,180.67,868.03,atenção
CAA103,Bombinhas-Centro-apartamento-JR-2Q,Carteira 6,SC,"Bombinhas, SC","Bombinhas, SC, Centro",0,1094,4243.61,38,2396.51,2025-11,0.9,0.2968,27,30,199.11,185.0,1,2025-11-11,1.77,0.0,-1847.0999999999995,ok
DAC0402,Florianopolis-Estreito-apartamento-SUP-1Q,Carteira 4,SC,"Florianópolis, SC","Florianópolis, SC, Estreito",2,198,0.0,24,2607.74,2025-11,0.0,0.4913,0,30,0.0,196.47,19,2025-11-11,0.0,0.0,2607.74,crítico
DON0504,Balneario_Camboriu-Norte-apartamento-SUP-3Q,Carteira 6,SC,"Balneário Camboriú, SC","Balneário Camboriú, SC, Centro",1,108,7082.57,28,5859.72,2025-11,0.8966,0.477,26,30,359.04,180.0,2,2025-11-11,1.21,359.04,-1222.8499999999995,ok
ECM0206,Florianopolis-Lagoa-apartamento-SUP-1Q,Carteira 1,SC,"Florianópolis, SC","Florianópolis, SC, Lagoa da Conceição",1,40,2471.81,25,3319.53,2025-11,0.5172,0.584,15,30,200.33,211.18,11,2025-11-11,0.74,200.33,847.7200000000003,atenção
EII0304,Maceio-Ponta_Verde-apartamento-SUP-1Q,Carteira 2,AL,"Maceió, AL","Maceió, AL, Ponta Verde",0,96,2820.91,203,4037.5,2025-11,0.6,0.6847,18,30,189.89,191.38,8,2025-11-11,0.7,0.0,1216.5900000000001,atenção
FFS0909,Itapema-Meia_Praia-Sul-apartamento-SUP-1Q,Carteira 6,SC,"Itapema, SC","Itapema, SC, Meia Praia",10,2,1496.44,15,2851.62,2025-11,0.5,0.4879,10,30,195.6,132.0,9,2025-11-11,0.52,1956.0,1355.1799999999998,atenção
IFT1208,Itapema-Meia_Praia-Norte-apartamento-TOP-1Q,Carteira 6,SC,"Itapema, SC","Itapema, SC, Meia Praia",0,53,3101.0,22,3277.09,2025-11,0.5667,0.375,17,30,215.18,183.27,11,2025-11-11,0.95,0.0,176.09000000000015,berlinda
LGD0205,Florianopolis-Centrao-apartamento-TOP-1Q,Carteira 4,SC,"Florianópolis, SC","Florianópolis, SC, Centro",1,436,1662.86,30,4258.39,2025-11,0.2759,0.4441,8,30,251.25,238.0,13,2025-11-11,0.39,251.25,2595.5300000000007,crítico
LIV0512,Salvador-Graca-apartamento-TOP-1Q,Especial,BA,"Salvador, BA","Salvador, BA, Vitória",0,120,2785.25,15,3581.56,2025-11,0.4667,0.5526,14,30,255.36,233.92,12,2025-11-11,0.78,0.0,796.31,atenção
NWT1306,Especial-NWT-apartamento-TOP-1Q,Carteira 5,AL,"Maceió, AL","Maceió, AL, Pajuçara",2,303,4511.84,40,4657.0,2025-11,0.5714,0.5442,16,30,366.13,328.11,9,2025-11-11,0.97,732.26,145.15999999999985,berlinda
NXO2104,Sao_Paulo-Bela_Vista-apartamento-SUP-1Q,Carteira 4,SP,"São Paulo, SP","São Paulo, SP, Consolação",4,572,1883.06,596,3486.42,2025-11,0.3077,0.5791,8,30,269.25,152.67,9,2025-11-11,0.54,1077.0,1603.3600000000001,atenção
PAR0001,Urubici-Geral-casa-TOP-1Q,Carteira 3,SC,"Urubici, SC","Urubici, SC, Arroio do Engenho",5,729,1274.23,90,2659.81,2025-11,0.24,0.1969,6,30,239.5,334.57,14,2025-11-11,0.48,1197.5,1385.58,crítico
PRY0004,Porto_Seguro-Pataxos-apartamento-SUP-2Q,Carteira 2,BA,"Porto Seguro, BA","Porto Seguro, BA, Taperapuã",1,23,3800.79,27,3632.05,2025-11,0.7931,0.4027,23,30,206.0,313.0,6,2025-11-11,1.05,206.0,-168.73999999999978,berlinda
PSD206,Florianopolis-Jurere_Tradicional-apartamento-JR-1Q,Carteira 1,SC,"Florianópolis, SC","Florianópolis, SC, Jurerê",8,199,859.73,18,3094.45,2025-11,0.2273,0.531,5,30,278.6,227.86,14,2025-11-11,0.28,2228.8,2234.72,crítico
PSO0305,Penha-Beto_Carrero-apartamento-SUP-1Q,Carteira 3,SC,"Penha, SC","Penha, SC, Praia de Armação do Itapocoroi",0,89,4790.43,16,1970.83,2025-11,0.9333,0.3803,28,30,224.68,159.5,2,2025-11-11,2.43,0.0,-2819.6000000000004,meta_subestimada
PTZ0166,Ilheus-Boa_Vista-apartamento-JR-2Q,Carteira 2,BA,"Ilhéus, BA","Ilhéus, BA, Conquista",0,297,457.68,28,1693.45,2025-11,0.1333,0.2578,4,30,127.25,128.68,19,2025-11-11,0.27,0.0,1235.77,crítico
SLC0201,Florianopolis-Rio_Vermelho-apartamento-JR-1Q,Carteira 1,SC,"Florianópolis, SC","Florianópolis, SC, Ingleses do Rio Vermelho",0,318,2216.62,16,2707.95,2025-11,0.7333,0.5031,22,30,124.68,164.5,4,2025-11-11,0.82,0.0,491.3299999999999,berlinda
SMT0713,Salvador-Boca_do_Rio-apartamento-SUP-1Q,Carteira 2,BA,"Salvador, BA","Salvador, BA, Armação",1,274,2142.44,33,2261.0,2025-11,0.5517,0.4852,16,30,164.25,176.9,10,2025-11-11,0.95,164.25,118.55999999999995,berlinda
SPJ0304,Especial-SPJ-apartamento-TOP-1Q,Carteira 5,SC,"Florianópolis, SC","Florianópolis, SC, Jurerê",0,515,7628.19,15,6230.75,2025-11,0.7667,0.6136,23,30,362.0,277.5,6,2025-11-11,1.22,0.0,-1397.4399999999996,ok
SPT0104,Blumenau-Central-apartamento-JR-1Q,Carteira 4,SC,"Blumenau, SC","Blumenau, SC, Itoupava Seca",0,591,0.0,31,707.55,2025-11,0.0,0.2143,0,30,0.0,100.47,19,2025-11-11,0.0,0.0,707.55,crítico
SPT0107,Blumenau-Central-apartamento-JR-1Q,Carteira 4,SC,"Blumenau, SC","Blumenau, SC, Itoupava Seca",0,596,0.0,31,707.55,2025-11,0.0,0.2143,0,30,0.0,100.47,19,2025-11-11,0.0,0.0,707.55,crítico
VAC5604,Barra_Velha-Tabuleiro-apartamento-TOP-2Q,Carteira 3,SC,"Barra Velha, SC","Barra Velha, SC, Itajuba",5,170,1058.32,36,1993.79,2025-11,0.16,0.2904,4,30,276.75,273.0,12,2025-11-11,0.53,1383.75,935.47,atenção
CFR0209,Cabo_Frio-Portinho-apartamento-TOP-1Q,Carteira 4,RJ,"Cabo Frio, RJ","Cabo Frio, RJ, Portinho",1,661,3190.51,123,4194.71,2025-11,0.5172,0.5046,15,30,256.27,243.2,5,2025-11-11,0.76,256.27,1004.1999999999998,atenção
EDF0503,Salvador-Ondina_Rio_Vermelho-apartamento-TOP-1Q,Carteira 2,BA,"Salvador, BA","Salvador, BA, Rio Vermelho",2,68,1998.17,34,3630.22,2025-11,0.3929,0.5369,11,30,217.91,223.13,16,2025-11-11,0.55,435.82,1632.0499999999997,atenção
HSS0007,Joao_Pessoa-Cabo_Branco-apartamento-SUP-1Q,Carteira 2,PB,"João Pessoa, PB","João Pessoa, PB, Cabo Branco",2,316,1913.25,67,3815.14,2025-11,0.4643,0.6198,13,30,180.23,161.69,13,2025-11-11,0.5,360.46,1901.8899999999999,atenção
MHF1601,Itapema-Canto_Praia-apartamento-TOP-1Q,Carteira 5,SC,"Itapema, SC","Itapema, SC, Centro",1,480,3531.45,17,2947.0,2025-11,0.6897,0.4478,20,30,213.75,231.5,8,2025-11-11,1.2,213.75,-584.4499999999998,ok
PRN0002,Imbituba-Praia_do_Rosa-apartamento-JR-1Q,Carteira 6,SC,"Imbituba, SC","Imbituba, SC, Ibiraquera",0,176,3081.77,32,2121.8,2025-11,0.8333,0.3787,25,30,138.16,,0,2025-11-11,1.45,0.0,-959.9699999999998,ok
RBH806,Florianopolis-Centrao-apartamento-SUP-1Q,Carteira 4,SC,"Florianópolis, SC","Florianópolis, SC, Centro",8,879,2151.69,126,3394.05,2025-11,0.6364,0.4536,14,30,200.57,166.38,8,2025-11-11,0.63,1604.56,1242.3600000000001,atenção
ROI009,Imbituba-Praia_do_Rosa-casa-MASTER-3Q,Carteira 6,SC,"Garopaba, SC","Garopaba, SC, Ouvidor",4,400,7446.06,11,8953.9,2025-11,0.3462,0.4502,9,30,1103.56,1000.0,8,2025-11-11,0.83,4414.24,1507.8399999999992,berlinda
RPC0305,Florianopolis-Canasvieiras_Longe-apartamento-SUP-2Q,Carteira 1,SC,"Florianópolis, SC","Florianópolis, SC, Canasvieiras",0,326,3860.04,22,3162.82,2025-11,0.7333,0.453,22,30,226.23,196.25,8,2025-11-11,1.22,0.0,-697.2199999999998,ok
SBN0705,Itapema-Praia_Centro-apartamento-SUP-3Q,Carteira 6,SC,"Itapema, SC","Itapema, SC, Tabuleiro das Oliveiras",4,569,3265.89,15,2189.81,2025-11,0.6923,0.298,18,30,206.44,190.33,6,2025-11-11,1.49,825.76,-1076.08,ok
SCO0011,Florianopolis-Campeche-apartamento-JR-1Q,Carteira 1,SC,"Florianópolis, SC","Florianópolis, SC, Campeche",0,219,438.92,24,2034.58,2025-11,0.1333,0.4717,4,30,131.25,140.31,16,2025-11-11,0.22,0.0,1595.6599999999999,crítico
SRO0002,Florianopolis-Lagoa-apartamento-SUP-2Q,Carteira 1,SC,"Florianópolis, SC","Florianópolis, SC, Lagoa da Conceição",8,353,4218.34,38,3704.94,2025-11,0.8636,0.5049,19,30,276.58,192.0,2,2025-11-11,1.14,2212.64,-513.4000000000001,ok
TCO0614,Porto_Alegre-Centro_Historico-apartamento-SUP-1Q,Carteira 4,RS,"Porto Alegre, RS","Porto Alegre, RS, Centro Histórico",0,369,2246.1,72,1793.66,2025-11,0.6667,0.4337,20,30,150.6,120.0,10,2025-11-11,1.25,0.0,-452.4399999999998,ok
TCO1103,Porto_Alegre-Centro_Historico-apartamento-SUP-1Q,Carteira 4,RS,"Porto Alegre, RS","Porto Alegre, RS, Centro Histórico",0,690,2934.28,72,1793.66,2025-11,0.7667,0.4337,23,30,140.91,120.86,7,2025-11-11,1.64,0.0,-1140.6200000000001,ok
VLP0111,Mata_de_Sao_Joao-Praia_do_Forte-apartamento-SUP-2Q,Carteira 2,BA,"Mata de São João, BA","Mata de São João, BA, Centro",0,101,2309.74,26,6384.52,2025-11,0.3,0.446,9,30,305.11,282.23,13,2025-11-11,0.36,0.0,4074.7800000000007,crítico
VST033,Especial-VST-casa-TOP-1Q,Carteira 5,SC,"Anitápolis, SC","Anitápolis, SC, Rio dos Pinheiros",0,488,4138.96,41,2231.25,2025-11,0.7,0.1613,21,30,256.67,193.57,7,2025-11-11,1.85,0.0,-1907.71,ok
ZNB1406,Salvador-Barra-apartamento-SUP-1Q,Carteira 2,BA,"Salvador, BA","Salvador, BA, Barra",0,44,899.04,203,3119.92,2025-11,0.2,0.546,6,30,221.33,187.0,19,2025-11-11,0.29,0.0,2220.88,crítico
CAT406,Florianopolis-Centrao-apartamento-JR-1Q,Carteira 4,SC,"Florianópolis, SC","Florianópolis, SC, Centro",0,1520,3356.2,71,2585.44,2025-11,0.6667,0.4921,20,30,209.65,153.0,6,2025-11-11,1.3,0.0,-770.7599999999998,ok
CBA0902,Itapema-Praia_Itapema-apartamento-SUP-2Q,Carteira 6,SC,"Itapema, SC","Itapema, SC, Morretes",1,204,0.0,15,3124.13,2025-11,0.0,0.5139,0,30,0.0,370.0,19,2025-11-11,0.0,0.0,3124.13,crítico
DPR0003,Balneario_Camboriu-Sul-apartamento-JR-1Q,Carteira 6,SC,"Balneário Camboriú, SC","Balneário Camboriú, SC, Barra",0,255,1871.94,33,2053.56,2025-11,0.6,0.4673,18,30,117.28,111.5,12,2025-11-11,0.91,0.0,181.6199999999999,berlinda
EAC1303,Balneario_Camboriu-Centro-apartamento-JR-2Q,Carteira 6,SC,"Balneário Camboriú, SC","Balneário Camboriú, SC, Centro",0,733,4382.01,45,2904.87,2025-11,0.8,0.4181,24,30,224.67,147.5,4,2025-11-11,1.51,0.0,-1477.1400000000003,ok
ECH113,Florianopolis-Centrao-apartamento-TOP-1Q,Carteira 4,SC,"Florianópolis, SC","Florianópolis, SC, Centro",0,638,4919.95,30,4258.39,2025-11,0.8,0.4441,24,30,311.25,220.8,5,2025-11-11,1.16,0.0,-661.5599999999995,ok
EHI0401,Itajai-Praia_Brava-apartamento-MASTER-2Q,Carteira 6,SC,"Itajaí, SC","Itajaí, SC, Praia Brava",7,317,5978.38,11,6188.9,2025-11,0.6957,0.4913,16,30,443.25,215.0,5,2025-11-11,0.97,3102.75,210.51999999999953,berlinda
HMO0410,Sao_Paulo-Butanta-apartamento-SUP-1Q,Carteira 4,SP,"São Paulo, SP","São Paulo, SP, Butantã",0,428,3373.36,30,3029.24,2025-11,0.6,0.5663,18,30,221.06,192.1,10,2025-11-11,1.11,0.0,-344.12000000000035,ok
LIB203,Florianopolis-Ingleses_Praia-apartamento-JR-2Q,Carteira 1,SC,"Florianópolis, SC","Florianópolis, SC, Ingleses do Rio Vermelho",0,1789,3726.04,31,3002.2,2025-11,0.7,0.3679,21,30,260.05,193.0,2,2025-11-11,1.24,0.0,-723.8400000000001,ok
LTL0301,Itapema-Praia_Itapema-apartamento-TOP-2Q,Carteira 6,SC,"Itapema, SC","Itapema, SC, Morretes",2,164,3091.16,16,2063.9,2025-11,0.7143,0.2696,20,30,187.4,177.0,8,2025-11-11,1.5,374.8,-1027.2599999999998,ok
MBCA0407,Goiania-Leste-apartamento-SUP-1Q,Carteira 1_sys-price,GO,"Goiânia, GO","Goiânia, GO, Jardim Goiás",0,747,2797.11,74,1505.82,2025-11,0.3667,0.3364,11,30,160.19,172.43,7,2025-11-11,1.86,0.0,-1291.2900000000002,ok
MHFA0903,Itapema-Canto_Praia-apartamento-SUP-1Q,Carteira 5,SC,"Itapema, SC","Itapema, SC, Centro",0,360,2745.34,9,3362.19,2025-11,0.5667,0.347,17,30,180.12,171.73,11,2025-11-11,0.82,0.0,616.8499999999999,berlinda
NLV0506,Curitiba-Centro-apartamento-SUP-2Q,Carteira 4,PR,"Curitiba, PR","Curitiba, PR, Centro",0,226,2656.6,35,3527.06,2025-11,0.3667,0.553,11,30,283.73,197.27,15,2025-11-11,0.75,0.0,870.46,atenção
NVI501,Balneario_Camboriu-Sul-apartamento-SUP-2Q,Carteira 6,SC,"Balneário Camboriú, SC","Balneário Camboriú, SC, Barra Sul",3,912,6929.52,76,4215.04,2025-11,0.963,0.4401,26,30,355.23,290.0,1,2025-11-11,1.64,1065.69,-2714.4800000000005,ok
NWT0711,Especial-NWT-apartamento-TOP-1Q,Carteira 5,AL,"Maceió, AL","Maceió, AL, Pajuçara",0,185,3311.92,40,4657.0,2025-11,0.4,0.5442,12,30,306.17,297.27,11,2025-11-11,0.71,0.0,1345.08,atenção
NWTB0609,Especial-NWT-apartamento-MASTER-1Q,Carteira 5,AL,"Maceió, AL","Maceió, AL, Pajuçara",0,208,6445.78,30,6165.78,2025-11,0.5,0.6885,15,30,468.88,442.5,14,2025-11-11,1.05,0.0,-280.0,berlinda
OKA124,Florianopolis-Campeche-apartamento-SUP-1Q,Carteira 1,SC,"Florianópolis, SC","Florianópolis, SC, Campeche",0,317,2987.52,25,2388.5,2025-11,0.5,0.4993,15,30,254.87,249.57,7,2025-11-11,1.25,0.0,-599.02,ok
ORN0101,Florianopolis-Ingleses_Norte-apartamento-JR-2Q,Carteira 1,SC,"Florianópolis, SC","Florianópolis, SC, Ingleses do Rio Vermelho",5,354,1896.7,27,2504.17,2025-11,0.44,0.4002,11,30,206.45,202.64,11,2025-11-11,0.76,1032.25,607.47,atenção
PDP904,Porto_Belo-Geral-apartamento-TOP-3Q,Carteira 6,SC,"Porto Belo, SC","Porto Belo, SC, Perequê",6,236,1927.02,11,4637.54,2025-11,0.25,0.2656,6,30,374.5,351.43,14,2025-11-11,0.42,2247.0,2710.52,crítico
SDR005,Florianopolis-Lagoa-apartamento-SUP-1Q,Carteira 1,SC,"Florianópolis, SC","Florianópolis, SC, Lagoa da Conceição",0,1569,2324.56,25,3319.53,2025-11,0.5333,0.584,16,30,169.06,177.3,10,2025-11-11,0.7,0.0,994.9700000000003,atenção
SHC0905,Balneario_Picarras-Geral-apartamento-TOP-3Q,Carteira 6,SC,"Balneário Piçarras, SC","Balneário Piçarras, SC, Itacolomi",3,296,5500.34,16,3174.9,2025-11,0.8889,0.2632,24,30,313.46,,0,2025-11-11,1.73,940.3799999999999,-2325.44,ok
SHR103,Florianopolis-Novo_Campeche-apartamento-TOP-1Q,Carteira 1,SC,"Florianópolis, SC","Florianópolis, SC, Campeche",2,961,5973.22,45,5541.43,2025-11,0.6786,0.5773,19,30,417.53,302.6,5,2025-11-11,1.08,835.06,-431.78999999999996,berlinda
TCR0913,Aguas_Claras-Geral-apartamento-JR-1Q,Carteira 1,DF,"Brasília, DF","Brasília, DF, Taguatinga Sul",0,67,2145.82,86,2192.65,2025-11,0.5333,0.563,16,30,165.38,162.0,9,2025-11-11,0.98,0.0,46.82999999999993,berlinda
ZNB1401,Salvador-Barra-apartamento-SUP-1Q,Carteira 2,BA,"Salvador, BA","Salvador, BA, Barra",1,1,2188.69,203,3119.92,2025-11,0.4828,0.546,14,30,211.07,188.4,10,2025-11-11,0.7,211.07,931.23,atenção
CNA013,Especial-CNA-casa-MASTER-1Q,Especial,SP,"Campos do Jordão, SP","Campos do Jordão, SP, Jardim Europa",0,1016,11180.08,25,8206.44,2025-11,0.6,0.4048,18,30,626.24,511.86,7,2025-11-11,1.36,0.0,-2973.6399999999994,ok
CUR0905,Florianopolis-Itacorubi-apartamento-SUP-1Q,Carteira 4,SC,"Florianópolis, SC","Florianópolis, SC, Itacorubi",4,94,2363.15,12,2579.11,2025-11,0.5,0.4605,13,30,245.69,291.0,9,2025-11-11,0.92,982.76,215.96000000000004,berlinda
DLH0205,Gramado-Centro-apartamento-TOP-2Q,Carteira 4,RS,"Gramado, RS","Gramado, RS, Centro",0,400,11224.98,55,10638.6,2025-11,0.7,0.6864,21,30,653.14,421.86,7,2025-11-11,1.06,0.0,-586.3799999999992,berlinda
DRB0205,Balneario_Camboriu-Centro-apartamento-SUP-3Q,Carteira 6,SC,"Balneário Camboriú, SC","Balneário Camboriú, SC, Centro",0,681,7096.86,75,3720.25,2025-11,0.6667,0.4048,20,30,410.45,233.0,8,2025-11-11,1.91,0.0,-3376.6099999999997,ok
ENL0004,Porto_Seguro-Pataxos-apartamento-JR-1Q,Carteira 2,BA,"Porto Seguro, BA","Porto Seguro, BA, Village 01",0,5,1832.71,34,2875.52,2025-11,0.5,0.4782,15,30,156.33,129.25,8,2025-11-11,0.64,0.0,1042.81,atenção
EVB308,Itapema-Meia_Praia-Sul-apartamento-SUP-2Q,Carteira 6,SC,"Itapema, SC","Itapema, SC, Meia Praia",6,1262,3659.94,39,2948.95,2025-11,1.0,0.3321,24,30,208.57,268.33,3,2025-11-11,1.24,1251.42,-710.9900000000002,ok
GET0302,Guara-Geral-apartamento-SUP-2Q,Carteira 1,DF,"Brasília, DF","Brasília, DF, Zona Industrial",0,215,3274.29,12,3751.69,2025-11,0.4333,0.379,13,30,298.31,332.6,15,2025-11-11,0.87,0.0,477.4000000000001,berlinda
ILC3315,Especial-ILC-hotel-TOP-1Q,Especial,SC,"Florianópolis, SC","Florianópolis, SC, Jurerê Internacional",0,1244,9162.51,30,11132.4,2025-11,0.5333,0.6976,16,30,820.63,501.71,7,2025-11-11,0.82,0.0,1969.8899999999994,berlinda
JBV155,Especial-JBV-hotel-JR-1Q,Especial,SC,"Florianópolis, SC","Florianópolis, SC, Jurerê",0,274,9736.01,25,9026.89,2025-11,0.7333,0.58,22,30,543.91,586.4,5,2025-11-11,1.08,0.0,-709.1200000000008,berlinda
JDA402,Balneario_Camboriu-Longe-apartamento-JR-2Q,Carteira 6,SC,"Balneário Camboriú, SC","Balneário Camboriú, SC, Nações",2,859,3149.63,27,1602.94,2025-11,0.7143,0.3549,20,30,170.95,128.0,3,2025-11-11,1.96,341.9,-1546.69,ok
LDN201,Cabo_Frio-Centro-apartamento-JR-3Q,Carteira 4,RJ,"Cabo Frio, RJ","Cabo Frio, RJ, Braga",19,633,0.0,90,2464.76,2025-11,0.0,0.2709,0,30,0.0,319.2,5,2025-11-11,0.0,0.0,2464.76,crítico
MHF1603,Itapema-Canto_Praia-apartamento-TOP-1Q,Carteira 5,SC,"Itapema, SC","Itapema, SC, Centro",3,386,2241.44,17,2947.0,2025-11,0.4815,0.4478,13,30,208.31,211.75,12,2025-11-11,0.76,624.9300000000001,705.56,atenção
MZD0308,Cabo_Frio-Centro-apartamento-SUP-2Q,Carteira 4,RJ,"Cabo Frio, RJ","Cabo Frio, RJ, Centro",0,383,2197.0,93,4184.97,2025-11,0.2667,0.505,8,30,332.0,274.87,15,2025-11-11,0.52,0.0,1987.9700000000003,atenção
NWT0612,Especial-NWT-apartamento-TOP-1Q,Carteira 5,AL,"Maceió, AL","Maceió, AL, Pajuçara",0,215,4797.25,40,4657.0,2025-11,0.6667,0.5442,20,30,293.6,262.22,9,2025-11-11,1.03,0.0,-140.25,berlinda
NWT1104,Especial-NWT-apartamento-TOP-1Q,Carteira 5,AL,"Maceió, AL","Maceió, AL, Pajuçara",2,10,4077.84,40,4657.0,2025-11,0.6071,0.5442,17,30,318.71,292.0,7,2025-11-11,0.88,637.42,579.1599999999999,berlinda
OBP0201,Penha-Beto_Carrero-apartamento-TOP-2Q,Carteira 3,SC,"Penha, SC","Penha, SC, Armação",2,52,2687.16,49,4153.95,2025-11,0.3214,0.3903,9,30,224.31,249.22,9,2025-11-11,0.65,448.62,1466.79,atenção
PKS0115,Guara-Geral-apartamento-SUP-1Q,Carteira 1,DF,"Brasília, DF","Brasília, DF, Asa Norte",0,212,2065.49,32,3489.78,2025-11,0.4667,0.5911,14,30,182.21,213.19,16,2025-11-11,0.59,0.0,1424.2900000000004,atenção
PSO0809,Penha-Beto_Carrero-apartamento-SUP-1Q,Carteira 3,SC,"Penha, SC","Penha, SC, Praia de Armação do Itapocoroi",0,92,1857.18,16,1970.83,2025-11,0.4333,0.3803,13,30,181.15,162.92,13,2025-11-11,0.94,0.0,113.64999999999986,berlinda
RGF1211,Salvador-Flamengo-apartamento-TOP-1Q,Carteira 2,BA,"Salvador, BA","Salvador, BA, Itapuã",1,72,3772.87,30,3310.55,2025-11,0.7931,0.5018,23,30,204.87,190.33,3,2025-11-11,1.14,204.87,-462.3199999999997,ok
RTBB1361,Florianopolis-Canasvieiras_Meio-apartamento-SIM-1Q,Carteira 1,SC,"Florianópolis, SC","Florianópolis, SC, Canasvieiras",0,738,1513.76,37,1865.72,2025-11,0.3667,0.3944,11,30,153.91,147.8,15,2025-11-11,0.81,0.0,351.96000000000004,berlinda
SGS0106,Florianopolis-Beira_Mar-apartamento-SUP-1Q,Carteira 4,SC,"Florianópolis, SC","Florianópolis, SC, Centro",0,81,3949.9,21,4741.72,2025-11,0.7,0.566,21,30,227.1,236.0,8,2025-11-11,0.83,0.0,791.8200000000002,berlinda
TCO0210,Porto_Alegre-Centro_Historico-apartamento-SUP-1Q,Carteira 4,RS,"Porto Alegre, RS","Porto Alegre, RS, Centro Histórico",0,269,1369.47,72,1793.66,2025-11,0.4,0.4337,12,30,128.67,125.0,14,2025-11-11,0.76,0.0,424.19000000000005,atenção
UPP0513,Curitiba-Centro-apartamento-JR-1Q,Carteira 4,PR,"Curitiba, PR","Curitiba, PR, Alto da XV",0,26,1144.17,282,1884.7,2025-11,0.3,0.5093,9,30,141.11,136.35,17,2025-11-11,0.61,0.0,740.53,atenção
ATE0302,Goiania-Universitario-apartamento-JR-1Q,Carteira 1_sys-price,GO,"Goiânia, GO","Goiânia, GO, Setor Leste Vila Nova",0,100,1871.3,104,1425.57,2025-11,0.6667,0.3827,20,30,139.85,100.5,2,2025-11-11,1.31,0.0,-445.73,ok
CIE0101,Florianopolis-Jurere_Longe-apartamento-JR-1Q,Carteira 1,SC,"Florianópolis, SC","Florianópolis, SC, Jurerê",10,365,2363.44,39,1965.96,2025-11,0.8,0.455,16,30,174.0,144.0,1,2025-11-11,1.2,1740.0,-397.48,ok
CVE402,Guarapari-Praia_do_Morro-apartamento-JR-3Q,Carteira 4,ES,"Guarapari, ES","Guarapari, ES, Praia do Morro",2,620,1177.4,39,1900.43,2025-11,0.1786,0.2902,5,30,266.0,176.25,12,2025-11-11,0.62,532.0,723.03,atenção
EGC001,Urubici-Geral-casa-SUP-1Q,Carteira 3,SC,"Urubici, SC","Urubici, SC, Centro",0,772,1279.31,46,1518.27,2025-11,0.2333,0.1598,7,30,196.86,164.5,12,2025-11-11,0.84,0.0,238.96000000000004,berlinda
ESD143,Balneario_Camboriu-Sul-apartamento-SUP-2Q,Carteira 6,SC,"Balneário Camboriú, SC","Balneário Camboriú, SC, Barra Sul",0,900,4423.87,76,4215.04,2025-11,0.6,0.4401,18,30,276.11,235.57,7,2025-11-11,1.05,0.0,-208.82999999999993,berlinda
FFS0408,Itapema-Meia_Praia-Sul-apartamento-TOP-1Q,Carteira 6,SC,"Itapema, SC","Itapema, SC, Meia Praia",0,5,4013.13,18,3260.39,2025-11,0.7667,0.309,23,30,251.04,214.86,7,2025-11-11,1.23,0.0,-752.7400000000002,ok
FLT0011,Florianopolis-Centrao-apartamento-SIM-1Q,Carteira 4,SC,"Florianópolis, SC","Florianópolis, SC, Centro",0,211,3090.56,12,1918.53,2025-11,0.7667,0.3837,23,30,153.13,106.67,3,2025-11-11,1.61,0.0,-1172.03,ok
GGE203,Florianopolis-Ingleses_Norte-apartamento-TOP-2Q,Carteira 1,SC,"Florianópolis, SC","Florianópolis, SC, Ingleses do Rio Vermelho",7,605,5219.66,19,3448.22,2025-11,0.7391,0.4098,17,30,411.82,308.33,6,2025-11-11,1.51,2882.74,-1771.44,ok
IBY1613,Sao_Paulo-Moema-apartamento-TOP-1Q,Carteira 4,SP,"São Paulo, SP","São Paulo, SP, Indianópolis",0,269,4362.27,105,4638.45,2025-11,0.7,0.6021,21,30,249.95,200.0,9,2025-11-11,0.94,0.0,276.1799999999994,berlinda
IDA0108,Florianopolis-Ingleses_Norte-apartamento-SUP-1Q,Carteira 1,SC,"Florianópolis, SC","Florianópolis, SC, Ingleses Norte",1,3,2156.32,52,2766.18,2025-11,0.4483,0.4838,13,30,199.23,212.5,10,2025-11-11,0.78,199.23,609.8599999999997,atenção
LIV1612,Salvador-Graca-apartamento-TOP-1Q,Especial,BA,"Salvador, BA","Salvador, BA, Vitória",2,36,4554.12,15,3581.56,2025-11,0.8571,0.5526,24,30,226.12,254.67,3,2025-11-11,1.27,452.24,-972.56,ok
MHF1106,Itapema-Canto_Praia-apartamento-TOP-1Q,Carteira 5,SC,"Itapema, SC","Itapema, SC, Centro",0,239,2585.73,17,2947.0,2025-11,0.4333,0.4478,13,30,195.27,222.27,11,2025-11-11,0.88,0.0,361.27,berlinda
MHF1504,Itapema-Canto_Praia-apartamento-TOP-1Q,Carteira 5,SC,"Itapema, SC","Itapema, SC, Centro",4,313,3099.89,17,2947.0,2025-11,0.6154,0.4478,16,30,257.25,200.25,8,2025-11-11,1.05,1029.0,-152.88999999999987,berlinda
MHF1602,Itapema-Canto_Praia-apartamento-TOP-2Q,Carteira 5,SC,"Itapema, SC","Itapema, SC, CEntro",0,444,4294.83,14,3094.94,2025-11,0.5667,0.2903,17,30,314.53,285.71,7,2025-11-11,1.39,0.0,-1199.8899999999999,ok
NWT0919,Especial-NWT-apartamento-TOP-1Q,Carteira 5,AL,"Maceió, AL","Maceió, AL, Pajuçara",1,214,6096.04,40,4657.0,2025-11,0.8621,0.5442,25,30,305.52,254.5,4,2025-11-11,1.31,305.52,-1439.04,ok
NXO0603,Sao_Paulo-Bela_Vista-apartamento-SUP-1Q,Carteira 4,SP,"São Paulo, SP","São Paulo, SP, Consolação",0,444,3267.4,596,3486.42,2025-11,0.6667,0.5791,20,30,206.4,155.0,8,2025-11-11,0.94,0.0,219.01999999999998,berlinda
OKA131,Florianopolis-Campeche-apartamento-SUP-1Q,Carteira 1,SC,"Florianópolis, SC","Florianópolis, SC, Campeche",0,1073,3164.5,25,2388.5,2025-11,0.5,0.4993,15,30,248.87,222.75,8,2025-11-11,1.32,0.0,-776.0,ok
ONI0002,Barra_Velha-Tabuleiro-casa-JR-2Q,Carteira 3,SC,"Barra Velha, SC","Barra Velha, SC, Tabuleiro",0,4,1286.22,13,1430.55,2025-11,0.4333,0.2331,13,30,129.23,180.18,17,2025-11-11,0.9,0.0,144.32999999999993,berlinda
PKS0205,Guara-Geral-apartamento-SUP-1Q,Carteira 1,DF,"Brasília, DF","Brasília, DF, Asa Norte",2,253,3063.29,32,3489.78,2025-11,0.6429,0.5911,18,30,223.56,224.8,10,2025-11-11,0.88,447.12,426.49000000000024,berlinda
PVG0501,Itajai-Praia_Brava-apartamento-SUP-2Q,Carteira 6,SC,"Itajaí, SC","Itajaí, SC, Praia Brava de Itajaí",0,316,2182.48,20,2682.44,2025-11,0.2667,0.3736,8,30,325.5,166.0,11,2025-11-11,0.81,0.0,499.96000000000004,berlinda
RAL203,Florianopolis-Ingleses_Centro-apartamento-JR-2Q,Carteira 1,SC,"Florianópolis, SC","Florianópolis, SC, Ingleses do Rio Vermelho",0,679,2779.47,17,1938.0,2025-11,0.6333,0.3142,19,30,172.89,206.75,8,2025-11-11,1.43,0.0,-841.4699999999998,ok
RNC0202,Florianopolis-Campeche-apartamento-SUP-1Q,Carteira 1,SC,"Florianópolis, SC","Florianópolis, SC, Campeche",0,171,0.0,25,2388.5,2025-11,0.0,0.4993,0,30,0.0,190.11,19,2025-11-11,0.0,0.0,2388.5,crítico
ACG302,Florianopolis-Canasvieiras_Perto-apartamento-JR-1Q,Carteira 1,SC,"Florianópolis, SC","Florianópolis, SC, Canasvieiras",0,612,1594.63,49,2189.81,2025-11,0.3333,0.4547,10,30,189.1,170.4,15,2025-11-11,0.73,0.0,595.1799999999998,atenção
ADE0003,Salvador-Barra-apartamento-JR-1Q,Carteira 2,BA,"Salvador, BA","Salvador, BA, Chame-Chame",0,144,1632.82,119,2773.76,2025-11,0.4667,0.5696,14,30,175.36,130.25,16,2025-11-11,0.59,0.0,1140.9400000000003,atenção
APC0207,Florianopolis-Itacorubi-apartamento-TOP-1Q,Carteira 4,SC,"Florianópolis, SC","Florianópolis, SC, Itacorubi",0,219,2287.36,25,2556.73,2025-11,0.2667,0.5056,8,30,345.0,333.0,7,2025-11-11,0.89,0.0,269.3699999999999,berlinda
CCA201,Florianopolis-Canajure-apartamento-SUP-3Q,Carteira 1,SC,"Florianópolis, SC","Florianópolis, SC, Canasvieiras",6,1988,6136.76,13,5656.04,2025-11,0.7917,0.4932,19,30,533.58,295.25,4,2025-11-11,1.08,3201.4800000000005,-480.72000000000025,berlinda
CCB103,Florianopolis-Jurere_Internacional-apartamento-SUP-3Q,Carteira 1,SC,"Florianópolis, SC","Florianópolis, SC, Jurerê Internacional",0,1451,6476.58,25,7854.13,2025-11,0.5667,0.5276,17,30,455.82,416.5,8,2025-11-11,0.82,0.0,1377.5500000000002,berlinda
ETPA1103,Porto_Belo-Geral-apartamento-SUP-2Q,Carteira 6,SC,"Porto Belo, SC","Porto Belo, SC, centro",0,246,2618.18,21,3177.66,2025-11,0.4667,0.2879,14,30,153.95,154.43,7,2025-11-11,0.82,0.0,559.48,berlinda
GBA1104,Sao_Paulo-Campo_Belo-apartamento-SUP-1Q,Carteira 4_sys-price,SP,"São Paulo, SP","São Paulo, SP, Campo Belo",0,173,2930.05,63,3187.39,2025-11,0.6667,0.6043,20,30,192.65,157.8,5,2025-11-11,0.92,0.0,257.3399999999997,berlinda
HMA0305,Sao_Paulo-Mariana-apartamento-SUP-1Q,Carteira 4,SP,"São Paulo, SP","São Paulo, SP, Centro",3,436,2822.1,176,2772.66,2025-11,0.6667,0.5027,18,30,203.89,143.14,7,2025-11-11,1.02,611.67,-49.440000000000055,berlinda
ILC3401,Especial-ILC-hotel-TOP-1Q,Especial,SC,"Florianópolis, SC","Florianópolis, SC, Jurerê Internacional",9,1346,4793.18,30,11132.4,2025-11,0.2857,0.6976,6,30,625.0,531.0,5,2025-11-11,0.43,5625.0,6339.219999999999,crítico
ILC3503,Especial-ILC-hotel-TOP-1Q,Especial,SC,"Florianópolis, SC","Florianópolis, SC, Jurerê Internacional",0,808,9991.05,30,11132.4,2025-11,0.5333,0.6976,16,30,822.75,676.63,8,2025-11-11,0.9,0.0,1141.3500000000004,berlinda
MUT0047,Santa_Cruz_Cabralia-Coroa_Vermelha-apartamento-TOP-2Q,Carteira 2,BA,"Santa Cruz Cabrália, BA","Santa Cruz Cabrália, BA, Coroa Vermelha",0,249,4850.86,23,3440.8,2025-11,0.7333,0.3198,22,30,306.36,240.17,6,2025-11-11,1.41,0.0,-1410.0599999999995,ok
NWT0611,Especial-NWT-apartamento-TOP-1Q,Carteira 5,AL,"Maceió, AL","Maceió, AL, Pajuçara",0,215,5118.03,40,4657.0,2025-11,0.6,0.5442,18,30,302.07,282.5,2,2025-11-11,1.1,0.0,-461.02999999999975,berlinda
NXO0404,Sao_Paulo-Bela_Vista-apartamento-SUP-1Q,Carteira 4,SP,"São Paulo, SP","São Paulo, SP, Consolação",0,229,4060.9,596,3486.42,2025-11,0.8,0.5791,24,30,206.83,150.5,4,2025-11-11,1.16,0.0,-574.48,ok
OKA110,Florianopolis-Campeche-apartamento-SUP-1Q,Carteira 1,SC,"Florianópolis, SC","Florianópolis, SC, Campeche",0,1053,3291.92,25,2388.5,2025-11,0.5667,0.4993,17,30,233.16,223.5,8,2025-11-11,1.38,0.0,-903.4200000000001,ok
PDM0208,Sao_Paulo-Madalena-apartamento-TOP-1Q,Carteira 4,SP,"São Paulo, SP","São Paulo, SP, Vila Madalena",1,137,5267.37,28,4401.52,2025-11,0.8276,0.5485,24,30,267.37,243.8,5,2025-11-11,1.2,267.37,-865.8499999999995,ok
PRN0001,Imbituba-Praia_do_Rosa-apartamento-SIM-1Q,Carteira 6,SC,"Imbituba, SC","Imbituba, SC, Ibiraquera",1,176,1272.78,13,1082.25,2025-11,0.3793,0.3316,11,30,144.09,98.31,13,2025-11-11,1.18,144.09,-190.52999999999997,ok
PSO0709,Penha-Beto_Carrero-apartamento-SUP-1Q,Carteira 3,SC,"Penha, SC","Penha, SC, Praia de Armação do Itapocoroi",0,120,4453.05,16,1970.83,2025-11,0.8667,0.3803,26,30,218.96,237.0,4,2025-11-11,2.26,0.0,-2482.2200000000003,meta_subestimada
RFMB0011,Santa_Cruz_Cabralia-Coroa_Vermelha-apartamento-JR-2Q,Carteira 2,BA,"Porto Seguro, BA","Santa Cruz Cabrália, BA, Coroa Vermelha",0,325,1832.35,12,1321.19,2025-11,0.4333,0.1864,13,30,162.0,161.54,13,2025-11-11,1.39,0.0,-511.15999999999985,ok
RSC0102,Florianopolis-Cachoeira_Bom_Jesus-apartamento-TOP-1Q,Carteira 1,SC,"Florianópolis, SC","Florianópolis, SC, Cachoeira do Bom Jesus",0,365,1990.69,26,3647.64,2025-11,0.4333,0.3765,13,30,190.46,210.46,13,2025-11-11,0.55,0.0,1656.9499999999998,atenção
TCR0113,Aguas_Claras-Geral-apartamento-JR-1Q,Carteira 1,DF,"Brasília, DF","Brasília, DF, Taguatinga Sul",0,444,1503.39,86,2192.65,2025-11,0.4,0.563,12,30,151.17,170.15,13,2025-11-11,0.69,0.0,689.26,atenção
TPS0206,Florianopolis-Canasvieiras_Meio-apartamento-TOP-1Q,Carteira 1,SC,"Florianópolis, SC","Florianópolis, SC, Canasvieiras",0,323,1692.74,25,4223.9,2025-11,0.2333,0.563,7,30,311.71,274.0,12,2025-11-11,0.4,0.0,2531.16,crítico
VLE008,Bombinhas-Mariscal-apartamento-JR-1Q,Carteira 6,SC,"Bombinhas, SC","Bombinhas, SC, mariscal",0,1313,1504.6,20,1629.95,2025-11,0.2333,0.3211,7,30,227.71,199.92,12,2025-11-11,0.92,0.0,125.35000000000014,berlinda
VTD0126,Florianopolis-UFSC-apartamento-SUP-1Q,Carteira 4,SC,"Florianópolis, SC","Florianópolis, SC, Trindade",1,23,3362.47,40,2727.0,2025-11,0.7241,0.4971,21,30,226.33,183.57,7,2025-11-11,1.23,226.33,-635.4699999999998,ok
VTD0310,Florianopolis-UFSC-apartamento-SUP-1Q,Carteira 4,SC,"Florianópolis, SC","Florianópolis, SC, Trindade",12,74,2254.2,40,2727.0,2025-11,0.7778,0.4971,14,30,209.5,155.0,2,2025-11-11,0.83,2514.0,472.8000000000002,berlinda
ATP0005,Porto_Seguro-Pitinga-casa-SUP-4Q,Carteira 2,BA,"Porto Seguro, BA","Porto Seguro, BA, Arraial D ajuda",0,3,0.0,9,4557.08,2025-11,0.0,0.2489,0,30,0.0,441.79,19,2025-11-11,0.0,0.0,4557.08,crítico
CCI003,Florianopolis-Ingleses_Norte-apartamento-TOP-2Q,Carteira 1,SC,"Florianópolis, SC","Florianópolis, SC, Ingleses do Rio Vermelho",0,1041,5352.75,19,3448.22,2025-11,0.6667,0.4098,20,30,360.8,249.33,3,2025-11-11,1.55,0.0,-1904.5300000000002,ok
CMC101,Florianopolis-Ingleses_Norte-apartamento-JR-2Q,Carteira 1,SC,"Florianópolis, SC","Florianópolis, SC, Ingleses do Rio Vermelho",0,1046,2649.46,27,2504.17,2025-11,0.5,0.4002,15,30,220.93,229.5,8,2025-11-11,1.06,0.0,-145.28999999999996,berlinda
CPM1110,Sao_Paulo-Pinheiros-apartamento-SUP-1Q,Carteira 4,SP,"São Paulo, SP","São Paulo, SP, Pinheiros",3,103,2324.48,421,4048.72,2025-11,0.4074,0.5848,11,30,255.55,180.1,10,2025-11-11,0.57,766.6500000000001,1724.2399999999998,atenção
CRN0705,Sao_Paulo-Bela_Vista-apartamento-TOP-1Q,Carteira 4,SP,"São Paulo, SP","São Paulo, SP, Cerqueira César",0,246,8531.56,227,4019.93,2025-11,0.8667,0.5944,26,30,385.46,252.0,3,2025-11-11,2.12,0.0,-4511.629999999999,meta_subestimada
DBH0807,Guarapari-Praia_do_Morro-apartamento-JR-2Q,Carteira 4,ES,"Guarapari, ES","Guarapari, ES, Praia do Morro",0,68,1604.9,81,2091.69,2025-11,0.4667,0.4083,14,30,152.29,142.45,11,2025-11-11,0.77,0.0,486.78999999999996,atenção
EAC403,Balneario_Camboriu-Centro-apartamento-JR-1Q,Carteira 6,SC,"Balneário Camboriú, SC","Balneário Camboriú, SC, Centro",2,733,2220.37,31,2053.56,2025-11,0.5357,0.4666,15,30,183.2,141.4,10,2025-11-11,1.08,366.4,-166.80999999999995,berlinda
EAZ305,Florianopolis-Itacorubi-apartamento-SUP-2Q,Carteira 4,SC,"Florianópolis, SC","Florianópolis, SC, João Paulo",2,597,4245.43,17,2102.22,2025-11,0.6071,0.4887,17,30,306.41,350.0,11,2025-11-11,2.02,612.82,-2143.2100000000005,meta_subestimada
EMP2201,Florianopolis-Canasvieiras_Perto-apartamento-SUP-2Q,Carteira 1,SC,"Florianópolis, SC","Florianópolis, SC, Canasvieiras",1,834,6428.13,25,5283.94,2025-11,0.6897,0.5593,20,30,423.35,278.29,7,2025-11-11,1.22,423.35,-1144.1900000000005,ok
HPN0618,Porto_Alegre-Cidade_Baixa-apartamento-JR-1Q,Carteira 4,RS,"Porto Alegre, RS","Porto Alegre, RS, Farroupilha",0,57,255.48,40,1600.63,2025-11,0.1,0.4599,3,30,117.0,117.21,19,2025-11-11,0.16,0.0,1345.15,crítico
IAA0504,Recife-Boa_Viagem-apartamento-TOP-1Q,Carteira 2,PE,"Recife, PE","Recife, PE, Boa Viagem",0,598,2871.54,39,3873.53,2025-11,0.4667,0.6083,14,30,243.93,190.19,16,2025-11-11,0.74,0.0,1001.9900000000002,atenção
IDA105,Florianopolis-Ingleses_Norte-apartamento-SUP-1Q,Carteira 1,SC,"Florianópolis, SC","Florianópolis, SC, Ingleses",0,876,4929.56,52,2766.18,2025-11,0.8667,0.4838,26,30,245.62,244.75,4,2025-11-11,1.78,0.0,-2163.3800000000006,ok
ILC3308,Especial-ILC-hotel-TOP-1Q,Especial,SC,"Florianópolis, SC","Florianópolis, SC, Jurerê Internacional",0,1038,5790.74,30,11132.4,2025-11,0.3,0.6976,9,30,811.11,595.82,11,2025-11-11,0.52,0.0,5341.66,atenção
IML0107,Bombinhas-Mariscal-apartamento-TOP-2Q,Carteira 6,SC,"Bombinhas, SC","Bombinhas, SC, Mariscal",0,487,6147.93,11,2287.14,2025-11,0.8667,0.2905,26,30,294.31,154.5,4,2025-11-11,2.69,0.0,-3860.7900000000004,meta_subestimada
IPTR0171,Balneario_Camboriu-Centro-apartamento-JR-2Q,Carteira 6,SC,"Balneário Camboriú, SC","Balneário Camboriú, SC, Centro",1,286,4829.18,45,2904.87,2025-11,0.931,0.4181,27,30,220.46,225.0,1,2025-11-11,1.66,220.46,-1924.3100000000004,ok
ITFA039,Mata_de_Sao_Joao-Praia_Imbassai-apartamento-SUP-2Q,Carteira 2,BA,"Mata de São João, BA","Mata de São João, BA, Açu da Torre",0,516,3938.83,12,4629.75,2025-11,0.6667,0.4061,20,30,242.0,216.89,9,2025-11-11,0.85,0.0,690.9200000000001,berlinda
MCD002,Campos_do_Jordao-Capivari_Centro-casa-SUP-3Q,Carteira 4,SP,"Campos do Jordão, SP","Campos do Jordão, SP, V Dubieux",2,542,588.82,9,3893.0,2025-11,0.0714,0.1739,2,30,402.0,380.33,12,2025-11-11,0.15,804.0,3304.18,crítico
MHF2109,Itapema-Canto_Praia-apartamento-TOP-2Q,Carteira 5,SC,"Itapema, SC","Itapema, SC, Centro",0,498,5194.06,14,3094.94,2025-11,0.6333,0.2903,19,30,291.18,317.71,7,2025-11-11,1.68,0.0,-2099.1200000000003,ok
MOL0502,Sao_Paulo-Liberdade-apartamento-SUP-1Q,Carteira 4,SP,"São Paulo, SP","São Paulo, SP, Liberdade",2,439,3173.16,82,2882.07,2025-11,0.5714,0.5735,16,30,225.5,177.56,9,2025-11-11,1.1,451.0,-291.0899999999997,ok
MVC0098,Florianopolis-Cachoeira_Bom_Jesus-apartamento-SUP-3Q,Carteira 1,SC,"Florianópolis, SC","Florianópolis, SC, Ponta das Canas",3,9,1544.16,29,5317.17,2025-11,0.2222,0.4084,6,30,330.0,323.8,10,2025-11-11,0.29,990.0,3773.01,crítico
NOA0704,Sao_Paulo-Santo_Amaro-apartamento-SUP-1Q,Carteira 4,SP,"São Paulo, SP","São Paulo, SP, Santo Amaro",0,400,2603.89,158,3146.03,2025-11,0.5,0.5012,15,30,215.27,139.1,10,2025-11-11,0.83,0.0,542.1400000000003,berlinda
OBP0301,Penha-Beto_Carrero-apartamento-MASTER-2Q,Carteira 3,SC,"Penha, SC","Penha, SC, Armação",0,401,5674.77,25,3678.89,2025-11,0.7,0.3,21,30,328.1,370.71,7,2025-11-11,1.54,0.0,-1995.8800000000006,ok
PSO0906,Penha-Beto_Carrero-apartamento-SUP-1Q,Carteira 3,SC,"Penha, SC","Penha, SC, Praia de Armação do Itapocoroi",0,101,1236.45,16,1970.83,2025-11,0.2333,0.3803,7,30,210.86,152.75,16,2025-11-11,0.63,0.0,734.3799999999999,atenção
PSOA0707,Penha-Beto_Carrero-apartamento-SUP-1Q,Carteira 3,SC,"Penha, SC","Penha, SC, Armação",0,136,2505.55,16,1970.83,2025-11,0.5667,0.3803,17,30,171.67,148.25,8,2025-11-11,1.27,0.0,-534.7200000000003,ok
QTIB0301,Florianopolis-Ingleses_Norte-apartamento-JR-2Q,Carteira 1,SC,"Florianópolis, SC","Florianópolis, SC, Ingleses do Rio Vermelho",0,113,1772.97,27,2504.17,2025-11,0.3667,0.4002,11,30,219.36,206.08,12,2025-11-11,0.71,0.0,731.2,atenção
REL0002,Imbituba-Praia_do_Rosa-casa-JR-1Q,Carteira 6,SC,"Imbituba, SC","Imbituba, SC, Ibiraquera",14,4,0.0,46,2146.7,2025-11,0.0,0.3203,0,30,0.0,380.0,16,2025-11-11,0.0,0.0,2146.7,crítico
RLN0104,Gramado-Geral-apartamento-JR-2Q,Carteira 4,RS,"Gramado, RS","Gramado, RS, Ipê Amarelo",7,304,3720.51,46,4333.51,2025-11,0.6957,0.4798,16,30,317.81,321.14,7,2025-11-11,0.86,2224.67,613.0,berlinda
SDR006,Florianopolis-Lagoa-apartamento-SUP-1Q,Carteira 1,SC,"Florianópolis, SC","Florianópolis, SC, Lagoa da Conceição",0,1569,2163.25,25,3319.53,2025-11,0.4667,0.584,14,30,180.93,173.5,8,2025-11-11,0.65,0.0,1156.2800000000002,atenção
SKL1003,Penha-Praia-apartamento-SUP-2Q,Carteira 6,SC,"Penha, SC","Penha, SC, Armação",0,37,4002.91,50,3787.89,2025-11,0.7,0.4691,21,30,290.95,196.33,3,2025-11-11,1.06,0.0,-215.01999999999998,berlinda
TVT1008,Florianopolis-Centrao-apartamento-MASTER-1Q,Carteira 4,SC,"Florianópolis, SC","Florianópolis, SC, Centro",0,589,5454.21,28,5466.75,2025-11,0.4333,0.4759,13,30,360.11,236.88,8,2025-11-11,1.0,0.0,12.539999999999964,berlinda
TXP1405,Goiania-Central-apartamento-SUP-1Q,Carteira 1_sys-price,GO,"Goiânia, GO","Goiânia, GO, Setor Bueno",3,747,1946.6,149,1516.4,2025-11,0.5926,0.3335,16,30,152.63,159.64,11,2025-11-11,1.28,457.89,-430.1999999999998,ok
AAR0203,Florianopolis-Campeche_Praia-apartamento-SUP-1Q,Carteira 1,SC,"Florianópolis, SC","Florianópolis, SC, Campeche",0,72,2302.0,63,4876.87,2025-11,0.4,0.5574,12,30,236.58,226.73,11,2025-11-11,0.47,0.0,2574.87,crítico
BCL402,Ilheus-Pontal-apartamento-TOP-1Q,Carteira 2,BA,"Ilhéus, BA","Ilhéus, BA, Pontal",0,661,1616.61,45,1946.5,2025-11,0.3,0.2992,9,30,209.0,180.08,13,2025-11-11,0.83,0.0,329.8900000000001,berlinda
BSO0204,Itajai-Praia_Brava-apartamento-SUP-1Q,Carteira 6,SC,"Balneário Camboriú, SC","Balneário Camboriú, SC, Praia dos Amores",0,198,3265.83,10,2766.14,2025-11,0.7333,0.5032,22,30,179.36,132.63,8,2025-11-11,1.18,0.0,-499.69000000000005,ok
CRM0201,Florianopolis-Canto_da_Lagoa-apartamento-SUP-2Q,Carteira 1,SC,"Florianópolis, SC","Florianópolis, SC, Canto da Lagoa",0,229,3694.62,15,3406.37,2025-11,0.5333,0.3824,16,30,298.25,257.4,10,2025-11-11,1.08,0.0,-288.25,berlinda
EAA805,Maceio-Jatiuca-apartamento-SUP-1Q,Carteira 2,AL,"Maceió, AL","Maceió, AL, Ponta Verde",2,586,2265.21,95,3052.92,2025-11,0.5357,0.6196,15,30,171.2,162.0,11,2025-11-11,0.74,342.4,787.71,atenção
EDN1001,Balneario_Camboriu-Intermediario-apartamento-SUP-2Q,Carteira 6,SC,"Balneário Camboriú, SC","Balneário Camboriú, SC, Centro",0,134,4114.59,74,3649.28,2025-11,0.7333,0.4021,22,30,230.0,201.63,8,2025-11-11,1.13,0.0,-465.30999999999995,ok
FFS1508,Itapema-Meia_Praia-Sul-apartamento-SUP-1Q,Carteira 6,SC,"Itapema, SC","Itapema, SC, Meia Praia",1,10,3191.58,15,2851.62,2025-11,0.8621,0.4879,25,30,172.08,143.0,3,2025-11-11,1.12,172.08,-339.96000000000004,ok
IAA1004,Recife-Boa_Viagem-apartamento-TOP-1Q,Carteira 2,PE,"Recife, PE","Recife, PE, Boa Viagem",0,598,4170.65,39,3873.53,2025-11,0.7333,0.6083,22,30,227.32,198.13,8,2025-11-11,1.08,0.0,-297.11999999999944,berlinda
ILC2413,Especial-ILC-hotel-JR-1Q,Especial,SC,"Florianópolis, SC","Florianópolis, SC, Jurerê Internacional",15,1139,6283.86,16,9179.91,2025-11,0.9333,0.5499,14,30,541.93,765.0,1,2025-11-11,0.68,8128.949999999999,2896.05,atenção
MCP0213,Porto_Alegre-PUC_RS-apartamento-SUP-1Q,Carteira 4,RS,"Porto Alegre, RS","Porto Alegre, RS, Jardim do Salso",0,23,1122.9,18,1426.41,2025-11,0.3333,0.3141,10,30,143.4,134.14,14,2025-11-11,0.79,0.0,303.51,atenção
NWT0901,Especial-NWT-apartamento-TOP-1Q,Carteira 5,AL,"Maceió, AL","Maceió, AL, Pajuçara",1,222,3313.0,40,4657.0,2025-11,0.3448,0.5442,10,30,400.0,400.0,9,2025-11-11,0.71,400.0,1344.0,atenção
PLA0311,Curitiba-Boa_Vista-apartamento-SUP-1Q,Carteira 4,PR,"Curitiba, PR","Curitiba, PR, Boa Vista",5,2,2365.2,24,2136.77,2025-11,0.8,0.5727,20,30,159.8,137.2,5,2025-11-11,1.11,799.0,-228.42999999999984,ok
PSO0411,Penha-Beto_Carrero-apartamento-TOP-1Q,Carteira 3,SC,"Penha, SC","Penha, SC, Praia de Armação do Itapocoroi",0,121,5308.29,16,4132.99,2025-11,0.8667,0.6017,26,30,261.65,186.0,2,2025-11-11,1.28,0.0,-1175.3000000000002,ok
RDS002,Campos_do_Jordao-Vila_Natal-casa-JR-1Q,Carteira 4,SP,"Campos do Jordão, SP","Campos do Jordão, SP, Vila Natal",6,631,1087.84,20,2404.9,2025-11,0.2083,0.2453,5,30,244.0,183.57,14,2025-11-11,0.45,1464.0,1317.0600000000002,crítico
TPS307,Florianopolis-Canasvieiras_Meio-apartamento-TOP-1Q,Carteira 1,SC,"Florianópolis, SC","Florianópolis, SC, Canasvieiras",0,1030,2477.05,25,4223.9,2025-11,0.5,0.563,15,30,223.67,259.0,12,2025-11-11,0.59,0.0,1746.8499999999995,atenção
VLE007,Bombinhas-Mariscal-apartamento-JR-1Q,Carteira 6,SC,"Bombinhas, SC","Bombinhas, SC, mariscal",0,1494,1084.98,20,1629.95,2025-11,0.1333,0.3211,4,30,204.0,198.0,13,2025-11-11,0.67,0.0,544.97,atenção
BDR523,Florianopolis-Lagoa-apartamento-SUP-1Q,Carteira 1,SC,"Florianópolis, SC","Florianópolis, SC, Lagoa da Conceição",3,1284,3258.62,25,3319.53,2025-11,0.7407,0.584,20,30,189.7,166.5,4,2025-11-11,0.98,569.0999999999999,60.91000000000031,berlinda
CAV0411,Recife-Boa_Viagem-Bairro-apartamento-JR-1Q,Carteira 2,PE,"Recife, PE","Recife, PE, Boa Viagem",0,227,2469.64,35,2510.99,2025-11,0.8,0.5828,24,30,121.37,116.0,6,2025-11-11,0.98,0.0,41.34999999999991,berlinda
CEE202,Cabo_Frio-Centro-apartamento-JR-3Q,Carteira 4,RJ,"Cabo Frio, RJ","Cabo Frio, RJ, Foguete",17,1299,825.84,90,2464.76,2025-11,0.3077,0.2709,4,30,243.0,292.86,7,2025-11-11,0.34,4131.0,1638.92,crítico
CMD0311,Guarapari-Nova_Guarapari-apartamento-SUP-1Q,Carteira 4,ES,"Guarapari, ES","Guarapari, ES, Enseada Azul",3,1,793.43,35,1897.84,2025-11,0.1852,0.2558,5,30,209.2,204.64,11,2025-11-11,0.42,627.5999999999999,1104.4099999999999,crítico
ESB0310,Salvador-Barra-apartamento-SUP-1Q,Carteira 2,BA,"Salvador, BA","Salvador, BA, Barra",10,102,1873.62,203,3119.92,2025-11,0.65,0.546,13,30,183.15,207.67,6,2025-11-11,0.6,1831.5,1246.3000000000002,atenção
FUA0003,Ubatuba-Praia_do_Lazaro-apartamento-JR-1Q,Carteira 4,SP,"Ubatuba, SP","Ubatuba, SP, Lázaro Praia Domingos Dias",0,33,1036.59,20,2617.32,2025-11,0.2,0.4341,6,30,217.0,190.06,16,2025-11-11,0.4,0.0,1580.7300000000002,crítico
JBV165,Especial-JBV-hotel-JR-1Q,Especial,SC,"Florianópolis, SC","Florianópolis, SC, Jurerê",0,464,8341.52,25,9026.89,2025-11,0.6667,0.58,20,30,510.71,661.67,3,2025-11-11,0.92,0.0,685.369999999999,berlinda
MHE0114,Florianopolis-Cachoeira_Bom_Jesus-apartamento-MASTER-2Q,Carteira 1,SC,"Florianópolis, SC","Florianópolis, SC, Cachoeira do Bom Jesus",0,278,12124.78,11,7925.17,2025-11,0.8333,0.5347,25,30,563.88,504.5,4,2025-11-11,1.53,0.0,-4199.610000000001,ok
MHFB0604,Itapema-Canto_Praia-apartamento-SUP-1Q,Carteira 5,SC,"Itapema, SC","Itapema, SC, Centro",0,457,2341.03,9,3362.19,2025-11,0.5,0.347,15,30,184.13,170.1,10,2025-11-11,0.7,0.0,1021.1599999999999,atenção
NWT0308,Especial-NWT-apartamento-TOP-1Q,Carteira 5,AL,"Maceió, AL","Maceió, AL, Pajuçara",0,375,2043.76,40,4657.0,2025-11,0.2333,0.5442,7,30,350.0,350.88,17,2025-11-11,0.44,0.0,2613.24,crítico
NWT1307,Especial-NWT-apartamento-TOP-1Q,Carteira 5,AL,"Maceió, AL","Maceió, AL, Pajuçara",1,145,6411.02,40,4657.0,2025-11,0.7931,0.5442,23,30,340.17,284.5,4,2025-11-11,1.38,340.17,-1754.0200000000004,ok
PVE0202,Guarapari-Nova_Guarapari-apartamento-JR-2Q,Carteira 4,ES,"Guarapari, ES","Guarapari, ES, Nova Guarapari",0,23,794.6,35,1897.84,2025-11,0.1333,0.2558,4,30,233.5,186.13,15,2025-11-11,0.42,0.0,1103.2399999999998,crítico
RPV102,Florianopolis-Ingleses_Centro-apartamento-JR-3Q,Carteira 1,SC,"Florianópolis, SC","Florianópolis, SC, Ingleses do Rio Vermelho",7,438,1820.81,171,2918.05,2025-11,0.3913,0.3408,9,30,265.89,178.6,10,2025-11-11,0.62,1861.23,1097.2400000000002,atenção
RST0206,Penha-Praia-casa-SUP-3Q,Carteira 6,SC,"Penha, SC","Penha, SC, Armação",7,268,5538.61,12,4537.94,2025-11,0.8696,0.479,20,30,361.1,190.0,2,2025-11-11,1.22,2527.7000000000003,-1000.6700000000001,ok
SQS0108,Brasilia-Asa_Sul-apartamento-SUP-2Q,Carteira 1_sys-price,DF,"Brasília, DF","Brasília, DF, Asa Sul",0,38,4732.93,16,5647.14,2025-11,0.7,0.7211,21,30,292.0,372.2,5,2025-11-11,0.84,0.0,914.21,berlinda
STL0702,Camboriu-Tabuleiro-apartamento-TOP-2Q,Carteira 6,SC,"Balneário Camboriú, SC","Balneário Camboriú, SC, Vila Real",0,681,1657.74,86,3639.45,2025-11,0.2,0.4345,6,30,345.67,347.5,16,2025-11-11,0.46,0.0,1981.7099999999998,crítico
TPS103,Florianopolis-Canasvieiras_Meio-apartamento-TOP-1Q,Carteira 1,SC,"Florianópolis, SC","Florianópolis, SC, Canasvieiras",0,990,1294.58,25,4223.9,2025-11,0.2667,0.563,8,30,190.25,205.33,18,2025-11-11,0.31,0.0,2929.3199999999997,crítico
TPS207,Florianopolis-Canasvieiras_Meio-apartamento-TOP-1Q,Carteira 1,SC,"Florianópolis, SC","Florianópolis, SC, Canasvieiras",0,1030,1701.06,25,4223.9,2025-11,0.3333,0.563,10,30,224.9,215.95,19,2025-11-11,0.4,0.0,2522.8399999999997,crítico
VDE101,Florianopolis-Ingleses_Norte-apartamento-JR-2Q,Carteira 1,SC,"Florianópolis, SC","Florianópolis, SC, Ingleses do Rio Vermelho",28,526,0.0,27,2504.17,2025-11,0.0,0.4002,0,30,0.0,243.0,1,2025-11-11,0.0,0.0,2504.17,crítico
VPS111,Guara-Geral-apartamento-JR-1Q,Carteira 1,DF,"Brasília, DF","Brasília, DF, Zona Industrial Guará",0,634,2863.68,42,2551.86,2025-11,0.6333,0.6121,19,30,177.63,173.29,7,2025-11-11,1.12,0.0,-311.8199999999997,ok
ACB0202,Florianopolis-Cachoeira_Bom_Jesus-apartamento-SUP-2Q,Carteira 1,SC,"Florianópolis, SC","Florianópolis, SC, Cachoeira do Bom Jesus Leste",4,198,3005.68,21,3888.91,2025-11,0.5385,0.382,14,30,296.57,281.57,7,2025-11-11,0.77,1186.28,883.23,atenção
AIR1507,Porto_Alegre-Menino_Deus-apartamento-TOP-1Q,Carteira 4,RS,"Porto Alegre, RS","Porto Alegre, RS, Praia de Belas",0,639,1556.4,28,2292.25,2025-11,0.1333,0.4217,4,30,420.75,333.0,15,2025-11-11,0.68,0.0,735.8499999999999,atenção
BIA035,Sao_Paulo-Moema-apartamento-TOP-2Q,Carteira 4,SP,"São Paulo, SP","São Paulo, SP, Indianópolis",0,430,7752.75,24,5686.42,2025-11,0.7667,0.5572,23,30,403.7,295.5,4,2025-11-11,1.36,0.0,-2066.33,ok
BRR0097,Porto_Belo-Geral-casa-JR-3Q,Carteira 6,SC,"Porto Belo, SC","Porto Belo, SC, Perequê",9,675,1677.42,24,3051.14,2025-11,0.4286,0.4377,9,30,226.67,143.0,7,2025-11-11,0.55,2040.03,1373.7199999999998,atenção
CCM0008,Bombinhas-Mariscal-casa-JR-2Q,Carteira 6,SC,"Bombinhas, SC","Bombinhas, SC, Campo Grande",30,345,0.0,18,1968.24,2025-11,,0.3944,0,30,0.0,,0,2025-11-11,0.0,0.0,1968.24,crítico
CMP0002,Florianopolis-Campeche-apartamento-JR-1Q,Carteira 1,SC,"Florianópolis, SC","Florianópolis, SC, Campeche",0,162,1369.6,24,2034.58,2025-11,0.4,0.4717,12,30,148.42,158.29,17,2025-11-11,0.67,0.0,664.98,atenção
CNA009,Especial-CNA-casa-MASTER-1Q,Especial,SP,"Campos do Jordão, SP","Campos do Jordão, SP, Jardim Europa",0,1016,5364.76,25,8206.44,2025-11,0.2667,0.4048,8,30,810.0,671.82,17,2025-11-11,0.65,0.0,2841.6800000000003,atenção
EEP0801,Guarapari-Centro-apartamento-SUP-2Q,Carteira 4,ES,"Guarapari, ES","Guarapari, ES, São Judas Tadeu",0,115,1620.09,12,2801.99,2025-11,0.2667,0.2742,8,30,245.38,202.0,13,2025-11-11,0.58,0.0,1181.8999999999999,atenção
GVM133,Florianopolis-Praia_Brava-apartamento-JR-2Q,Carteira 1,SC,"Florianópolis, SC","Florianópolis, SC, Cachoeira do Bom Jesus",0,1277,799.44,13,2384.46,2025-11,0.1333,0.3017,4,30,313.5,206.93,15,2025-11-11,0.34,0.0,1585.02,crítico
JBV231,Especial-JBV-hotel-TOP-1Q,Especial,SC,"Florianópolis, SC","Florianópolis, SC, Jurerê",1,766,13506.22,34,10718.98,2025-11,0.8621,0.6611,25,30,620.24,542.0,1,2025-11-11,1.26,620.24,-2787.24,ok
PBT1003,Porto_Seguro-Pataxos-apartamento-JR-2Q,Carteira 2,BA,"Porto Seguro, BA","Porto Seguro, BA, Taperapuan",0,8,859.11,49,2140.18,2025-11,0.2333,0.245,7,30,167.0,153.33,12,2025-11-11,0.4,0.0,1281.0699999999997,crítico
QSA1405,Sao_Paulo-Moema-apartamento-TOP-1Q,Carteira 4,SP,"São Paulo, SP","São Paulo, SP, Vila Olímpia",0,436,4545.25,105,4638.45,2025-11,0.7667,0.6021,23,30,252.35,206.25,4,2025-11-11,0.98,0.0,93.19999999999982,berlinda
RFO0102,Bombinhas-Centro-apartamento-TOP-2Q,Carteira 6,SC,"Bombinhas, SC","Bombinhas, SC, Centro",0,508,3642.28,29,5933.71,2025-11,0.6333,0.5024,19,30,254.63,223.64,11,2025-11-11,0.61,0.0,2291.43,atenção
RTBA1361,Florianopolis-Canasvieiras_Meio-apartamento-SUP-2Q,Carteira 1,SC,"Florianópolis, SC","Florianópolis, SC, Canasvieiras",6,900,2376.69,16,3514.57,2025-11,0.4167,0.4528,10,30,440.5,195.17,6,2025-11-11,0.68,2643.0,1137.88,atenção
SSG0320,Florianopolis-UFSC-apartamento-TOP-1Q,Carteira 4,SC,"Florianópolis, SC","Florianópolis, SC, Córrego Grande",1,442,3935.86,16,2679.84,2025-11,0.8276,0.5048,24,30,197.12,176.0,2,2025-11-11,1.47,197.12,-1256.02,ok
TDC0109,Mata_de_Sao_Joao-Praia_Imbassai-apartamento-TOP-2Q,Carteira 2,BA,"Mata de São João, BA","Mata de São João, BA, Imbassaí",0,9,3560.07,14,3566.83,2025-11,0.5,0.3333,15,30,295.4,299.2,15,2025-11-11,1.0,0.0,6.7599999999997635,berlinda
THO2708,Goiania-Leste-apartamento-TOP-1Q,Carteira 1_sys-price,GO,"Goiânia, GO","Goiânia, GO, Jardim Goiás",0,201,3138.03,19,2047.72,2025-11,0.6667,0.4339,20,30,197.6,197.8,10,2025-11-11,1.53,0.0,-1090.3100000000002,ok
VST003,Especial-VST-casa-TOP-1Q,Carteira 5,SC,"Anitápolis, SC","Anitápolis, SC, Rio dos Pinheiros",2,488,3274.91,41,2231.25,2025-11,0.5714,0.1613,16,30,247.0,182.0,8,2025-11-11,1.47,494.0,-1043.6599999999999,ok
CDS0401,Florianopolis-Jurere_Internacional-apartamento-SUP-2Q,Carteira 1,SC,"Florianópolis, SC","Florianópolis, SC, Jurere Internacional",0,145,6597.62,23,6292.55,2025-11,0.7667,0.4589,23,30,362.17,318.67,6,2025-11-11,1.05,0.0,-305.0699999999997,berlinda
CNA001,Especial-CNA-casa-MASTER-1Q,Especial,SP,"Campos do Jordão, SP","Campos do Jordão, SP, Jardim Europa",0,1016,11132.82,25,8206.44,2025-11,0.6,0.4048,18,30,714.17,531.71,7,2025-11-11,1.36,0.0,-2926.379999999999,ok
COI203,Florianopolis-Praia_Brava-apartamento-JR-2Q,Carteira 1,SC,"Florianópolis, SC","Florianópolis, SC, Praia Brava",30,1265,0.0,13,2384.46,2025-11,,0.3017,0,30,0.0,,0,2025-11-11,0.0,0.0,2384.46,crítico
CZZ0406,Urubici-Geral-apartamento-SUP-1Q,Especial,SC,"Urubici, SC","Urubici, SC, Centro",0,130,2035.58,49,1401.48,2025-11,0.3333,0.1601,10,30,236.5,220.73,15,2025-11-11,1.45,0.0,-634.0999999999999,ok
ELO0207,Balneario_Camboriu-Intermediario-apartamento-JR-3Q,Carteira 6,SC,"Balneário Camboriú, SC","Balneário Camboriú, SC, Centro",0,562,3731.66,17,2977.13,2025-11,0.8333,0.34,25,30,193.12,157.6,5,2025-11-11,1.25,0.0,-754.5299999999997,ok
EPP0602,Guarapari-Praia_do_Morro-apartamento-JR-3Q,Carteira 4,ES,"Guarapari, ES","Guarapari, ES, Praia do Morro",0,199,780.96,39,1900.43,2025-11,0.1333,0.2902,4,30,209.5,178.2,15,2025-11-11,0.41,0.0,1119.47,crítico
FFS1401,Itapema-Meia_Praia-Sul-apartamento-SUP-1Q,Carteira 6,SC,"Itapema, SC","Itapema, SC, Meia Praia",0,10,2836.41,15,2851.62,2025-11,0.7333,0.4879,22,30,164.36,145.17,6,2025-11-11,0.99,0.0,15.210000000000036,berlinda
HOA0704,Salvador-Ondina_Rio_Vermelho-apartamento-SUP-1Q,Carteira 2,BA,"Salvador, BA","Salvador, BA, Ondina",0,101,3388.76,82,3153.33,2025-11,0.6667,0.5658,20,30,197.15,176.5,8,2025-11-11,1.07,0.0,-235.4300000000003,berlinda
ILH106,Florianopolis-Canasvieiras_Perto-apartamento-TOP-3Q,Carteira 1,SC,"Florianópolis, SC","Florianópolis, SC, Canasvieiras",11,799,7375.59,12,7777.73,2025-11,1.0,0.5385,19,30,556.53,,0,2025-11-11,0.95,6121.83,402.1399999999994,berlinda
JTL002,Florianopolis-Jurere_Longe-apartamento-JR-1Q,Carteira 1,SC,"Florianópolis, SC","Florianópolis, SC, Jurerê",0,495,1208.2,39,1965.96,2025-11,0.3,0.455,9,30,233.67,156.09,11,2025-11-11,0.61,0.0,757.76,atenção
LIV1104,Salvador-Graca-apartamento-TOP-1Q,Especial,BA,"Salvador, BA","Salvador, BA, Vitória",0,152,2812.97,15,3581.56,2025-11,0.4,0.5526,12,30,263.31,229.25,12,2025-11-11,0.79,0.0,768.5900000000001,atenção
OKA120,Florianopolis-Campeche-apartamento-SUP-1Q,Carteira 1,SC,"Florianópolis, SC","Florianópolis, SC, Campeche",0,1040,2991.03,25,2388.5,2025-11,0.5667,0.4993,17,30,218.24,241.2,10,2025-11-11,1.25,0.0,-602.5300000000002,ok
POSC0311,Florianopolis-Ingleses_Praia-apartamento-JR-2Q,Carteira 1,SC,"Florianópolis, SC","Florianópolis, SC, Ingleses do Rio Vermelho",19,367,1981.72,31,3002.2,2025-11,1.0,0.3679,11,30,239.27,,0,2025-11-11,0.66,4546.13,1020.4799999999998,atenção
PRM007,Santa_Cruz_Cabralia-Coroa_Vermelha-apartamento-SUP-2Q,Carteira 2,BA,"Santa Cruz Cabrália, BA","Santa Cruz Cabrália, BA, Coroa Vermelha",0,558,2140.39,34,2989.06,2025-11,0.3333,0.3789,10,30,246.1,192.69,13,2025-11-11,0.72,0.0,848.6700000000001,atenção
PSD205,Florianopolis-Jurere_Tradicional-apartamento-JR-1Q,Carteira 1,SC,"Florianópolis, SC","Florianópolis, SC, Jurerê",0,1990,1284.36,18,3094.45,2025-11,0.2,0.531,6,30,291.83,215.47,15,2025-11-11,0.42,0.0,1810.09,crítico
PSO0704,Penha-Beto_Carrero-apartamento-TOP-1Q,Carteira 3,SC,"Penha, SC","Penha, SC, Praia de Armação do Itapocoroi",0,136,4662.52,16,4132.99,2025-11,0.7667,0.6017,23,30,224.04,200.8,5,2025-11-11,1.13,0.0,-529.5300000000007,ok
PTB0105,Cabo_Frio-Pero_Longe-casa-JR-2Q,Carteira 4,RJ,"Cabo Frio, RJ","Cabo Frio, RJ, OGIVA",7,290,384.33,12,1563.25,2025-11,0.1304,0.2819,3,30,152.0,199.92,12,2025-11-11,0.25,1064.0,1178.92,crítico
RAG0406,Balneario_Picarras-Geral-apartamento-SUP-2Q,Carteira 6,SC,"Balneário Piçarras, SC","Balneário Piçarras, SC, Itacolomi",0,250,2289.79,66,1594.17,2025-11,0.6,0.2526,18,30,152.56,119.91,11,2025-11-11,1.44,0.0,-695.6199999999999,ok
RES201,Florianopolis-Ingleses_Praia-apartamento-SUP-1Q,Carteira 1,SC,"Florianópolis, SC","Florianópolis, SC, Ingleses do Rio Vermelho",0,858,762.6,37,3730.47,2025-11,0.0,0.5144,0,30,221.5,200.4,15,2025-11-11,0.2,0.0,2967.87,crítico
SCO0009,Florianopolis-Campeche-apartamento-JR-1Q,Carteira 1,SC,"Florianópolis, SC","Florianópolis, SC, Campeche",0,227,1211.1,24,2034.58,2025-11,0.3333,0.4717,10,30,137.1,135.92,13,2025-11-11,0.6,0.0,823.48,atenção
SOA0908,Salvador-Boca_do_Rio-apartamento-TOP-1Q,Carteira 2,BA,"Salvador, BA","Salvador, BA, Boca do Rio",0,172,2631.61,16,3097.97,2025-11,0.6333,0.5778,19,30,178.58,216.45,11,2025-11-11,0.85,0.0,466.3599999999997,berlinda
SZT0375,Itapema-Meia_Praia-Norte-apartamento-TOP-3Q,Carteira 6,SC,"Itapema, SC","Itapema, SC, Meia Praia",9,53,2432.97,17,4379.63,2025-11,0.4286,0.2907,9,30,310.22,276.4,10,2025-11-11,0.56,2791.9800000000005,1946.6600000000003,atenção
VGT025,Ilheus-Sul-apartamento-JR-2Q,Carteira 2,BA,"Ilhéus, BA","Ilhéus, BA, Nossa Senhora da Vitória",0,211,1157.32,15,1576.18,2025-11,0.3667,0.2399,11,30,124.82,115.57,14,2025-11-11,0.73,0.0,418.8600000000001,atenção
VJGM0102,Ilheus-Sul-apartamento-JR-2Q,Carteira 2,BA,"Ilhéus, BA","Ilhéus, BA, Nossa Senhora da Vitória",3,361,0.0,15,1576.18,2025-11,0.0,0.2399,0,30,0.0,117.69,16,2025-11-11,0.0,0.0,1576.18,crítico
BER0202,Maceio-Jatiuca-apartamento-SUP-1Q,Carteira 2,AL,"Maceió, AL","Maceió, AL, Ponta Verde",0,38,2497.61,95,3052.92,2025-11,0.5667,0.6196,17,30,174.71,182.63,8,2025-11-11,0.82,0.0,555.31,berlinda
CET1604,Balneario_Camboriu-Centro-apartamento-TOP-2Q,Carteira 6,SC,"Balneário Camboriú, SC","Balneário Camboriú, SC, Centro",0,423,7333.9,33,5387.18,2025-11,0.9,0.5106,27,30,324.79,288.0,2,2025-11-11,1.36,0.0,-1946.7199999999993,ok
CPN0303,Florianopolis-Centrao-apartamento-TOP-2Q,Carteira 4,SC,"Florianópolis, SC","Florianópolis, SC, Centro",0,176,4900.67,23,5812.25,2025-11,0.5,0.4569,15,30,429.53,277.77,13,2025-11-11,0.84,0.0,911.5799999999999,berlinda
EKD0397,Balneario_Picarras-Geral-casa-TOP-3Q,Carteira 6,SC,"Balneário Piçarras, SC","Balneário Piçarras, SC, Centro",5,101,5303.04,9,5158.22,2025-11,1.0,0.2545,25,30,289.8,,0,2025-11-11,1.03,1449.0,-144.8199999999997,berlinda
EME0218,Brasilia-Asa_Norte-apartamento-SUP-1Q,Carteira 1_sys-price,DF,"Brasília, DF","Brasília, DF, Setor Noroeste",0,430,3634.53,109,3139.47,2025-11,0.6,0.6322,18,30,232.28,171.64,11,2025-11-11,1.16,0.0,-495.0600000000004,ok
IFT1405,Itapema-Meia_Praia-Norte-apartamento-TOP-1Q,Carteira 6,SC,"Itapema, SC","Itapema, SC, Meia Praia",1,340,1697.54,22,3277.09,2025-11,0.2069,0.375,6,30,320.0,320.0,15,2025-11-11,0.52,320.0,1579.5500000000002,atenção
ILC3505,Especial-ILC-hotel-TOP-1Q,Especial,SC,"Florianópolis, SC","Florianópolis, SC, Jurerê Internacional",0,1538,14497.1,30,11132.4,2025-11,0.7,0.6976,21,30,834.86,604.5,6,2025-11-11,1.3,0.0,-3364.7000000000007,ok
MMD0604,Ilheus-Sul-apartamento-SUP-2Q,Carteira 2,BA,"Ilhéus, BA","Ilhéus, BA, São Francisco",0,162,2335.7,36,1909.53,2025-11,0.4333,0.2911,13,30,168.94,168.69,13,2025-11-11,1.22,0.0,-426.16999999999985,ok
OCN0901,Blumenau-Central-apartamento-SUP-1Q,Carteira 4,SC,"Blumenau, SC","Blumenau, SC, Velha",1,15,560.38,61,968.38,2025-11,0.1724,0.2419,5,30,135.2,125.12,17,2025-11-11,0.58,135.2,408.0,atenção
OMC1303,Itapema-Praia_Centro-apartamento-SUP-2Q,Carteira 6,SC,"Itapema, SC","Itapema, SC, Tabuleiro dos Oliveiras",0,171,2594.23,17,2868.65,2025-11,0.6333,0.4165,19,30,182.89,182.78,9,2025-11-11,0.9,0.0,274.4200000000001,berlinda
PGO0205,Pocos_de_Caldas-Geral-apartamento-SUP-1Q,Carteira 4,MG,"Poços de Caldas, MG","Poços de Caldas, MG, São Benedito",1,327,1914.74,31,1401.48,2025-11,0.5172,0.2888,15,30,162.73,124.91,11,2025-11-11,1.37,162.73,-513.26,ok
PSO1006,Penha-Beto_Carrero-apartamento-SUP-1Q,Carteira 3,SC,"Penha, SC","Penha, SC, Praia de Armação do Itapocoroi",0,96,2560.11,16,1970.83,2025-11,0.4667,0.3803,14,30,219.36,170.7,10,2025-11-11,1.3,0.0,-589.2800000000002,ok
PSOB0512,Penha-Beto_Carrero-apartamento-TOP-1Q,Carteira 3,SC,"Penha, SC","Penha, SC, Praia de Armação do Itapocoroi",0,99,2970.77,16,4132.99,2025-11,0.4667,0.6017,14,30,230.71,179.18,11,2025-11-11,0.72,0.0,1162.2199999999998,atenção
RAS175,Campos_do_Jordao-Capivari_Centro-casa-SUP-3Q,Carteira 4,SP,"Campos do Jordão, SP","Campos do Jordão, SP, J Andira",14,835,4730.0,9,3893.0,2025-11,0.5625,0.1739,9,30,603.0,329.8,5,2025-11-11,1.22,8442.0,-837.0,ok
RBM207,Cabo_Frio-Centro-apartamento-JR-3Q,Carteira 4,RJ,"Cabo Frio, RJ","Cabo Frio, RJ, Vila Nova",5,859,3884.34,90,2464.76,2025-11,0.44,0.2709,11,30,419.09,400.0,8,2025-11-11,1.58,2095.45,-1419.58,ok
RLZ0301,Florianopolis-Itacorubi-apartamento-TOP-2Q,Carteira 4,SC,"Florianópolis, SC","Florianópolis, SC, Itacorubi",0,156,4215.82,12,3830.55,2025-11,0.6,0.3193,18,30,304.61,324.0,7,2025-11-11,1.1,0.0,-385.2699999999995,ok
SMT0529,Salvador-Boca_do_Rio-apartamento-TOP-1Q,Carteira 2,BA,"Salvador, BA","Salvador, BA, Armação",0,212,2288.52,16,3097.97,2025-11,0.5,0.5778,15,30,198.0,247.0,10,2025-11-11,0.74,0.0,809.4499999999998,atenção
UOY1605,Sao_Paulo-Mariana-apartamento-TOP-1Q,Carteira 4,SP,"São Paulo, SP","São Paulo, SP, Vila Mariana",0,29,4228.46,82,3280.15,2025-11,0.7333,0.5063,22,30,219.83,180.0,2,2025-11-11,1.29,0.0,-948.31,ok
VAC0201,Barra_Velha-Tabuleiro-apartamento-SUP-2Q,Carteira 3,SC,"Barra Velha, SC","Barra Velha, SC, Itajuba",5,436,2040.62,12,2090.05,2025-11,0.6,0.2928,15,30,178.6,157.0,8,2025-11-11,0.98,893.0,49.43000000000029,berlinda
VST028,Especial-VST-casa-TOP-1Q,Carteira 5,SC,"Anitápolis, SC","Anitápolis, SC, Rio dos Pinheiros",1,176,1945.54,41,2231.25,2025-11,0.3793,0.1613,11,30,208.67,182.0,11,2025-11-11,0.87,208.67,285.71000000000004,berlinda
ART003,Porto_Seguro-Pataxos-apartamento-JR-2Q,Carteira 2,BA,"Porto Seguro, BA","Porto Seguro, BA, Paraíso dos Pataxós",0,772,0.0,49,2140.18,2025-11,0.0,0.245,0,30,0.0,148.37,19,2025-11-11,0.0,0.0,2140.18,crítico
CEL1804,Goiania-Central-apartamento-SUP-1Q,Carteira 1_sys-price,GO,"Goiânia, GO","Goiânia, GO, Setor Bueno",0,85,2058.2,149,1516.4,2025-11,0.4667,0.3335,14,30,159.86,147.89,9,2025-11-11,1.36,0.0,-541.7999999999997,ok
CTD0302,Penha-Longe-apartamento-JR-2Q,Carteira 6,SC,"Penha, SC","Penha, SC, Centro",0,176,1299.33,22,2363.78,2025-11,0.4,0.4095,12,30,133.67,118.15,13,2025-11-11,0.55,0.0,1064.4500000000003,atenção
CVA305,Bombinhas-Bombas-apartamento-TOP-3Q,Carteira 6,SC,"Bombinhas, SC","Bombinhas, SC, Bombas",1,1094,5322.64,16,3281.0,2025-11,0.5862,0.3444,17,30,400.71,267.0,9,2025-11-11,1.62,400.71,-2041.6400000000003,ok
EAL0704,Balneario_Camboriu-Centro-apartamento-JR-2Q,Carteira 6,SC,"Balneário Camboriú, SC","Balneário Camboriú, SC, Centro",0,577,3469.94,45,2904.87,2025-11,0.8333,0.4181,25,30,168.8,161.6,5,2025-11-11,1.19,0.0,-565.0700000000002,ok
FDL101,Bombinhas-Bombas-apartamento-JR-2Q,Carteira 6,SC,"Bombinhas, SC","Bombinhas, SC, Bombas",0,873,2537.61,35,2335.8,2025-11,0.5667,0.3055,17,30,143.35,102.5,6,2025-11-11,1.09,0.0,-201.80999999999995,berlinda
GBA908,Sao_Paulo-Campo_Belo-apartamento-SUP-1Q,Carteira 4_sys-price,SP,"São Paulo, SP","São Paulo, SP, Campo Belo",0,172,2977.81,63,3187.39,2025-11,0.5667,0.6043,17,30,196.35,154.5,10,2025-11-11,0.93,0.0,209.57999999999993,berlinda
ILC1313,Especial-ILC-hotel-JR-1Q,Especial,SC,"Florianópolis, SC","Florianópolis, SC, Jurerê Internacional",0,1628,9170.84,16,9179.91,2025-11,0.6667,0.5499,20,30,561.15,574.14,7,2025-11-11,1.0,0.0,9.069999999999709,berlinda
ILC3404,Especial-ILC-hotel-JR-1Q,Especial,SC,"Florianópolis, SC","Florianópolis, SC, Jurerê Internacional",0,1688,8646.34,16,9179.91,2025-11,0.5333,0.5499,16,30,672.94,546.75,8,2025-11-11,0.94,0.0,533.5699999999997,berlinda
IRB205,Florianopolis-Novo_Campeche-apartamento-TOP-1Q,Carteira 1,SC,"Florianópolis, SC","Florianópolis, SC, Campeche",0,876,7619.17,45,5541.43,2025-11,0.9,0.5773,27,30,378.44,343.0,2,2025-11-11,1.37,0.0,-2077.74,ok
JBV166,Especial-JBV-hotel-JR-1Q,Especial,SC,"Florianópolis, SC","Florianópolis, SC, Jurerê",0,102,11028.42,25,9026.89,2025-11,0.7,0.58,21,30,616.29,570.6,5,2025-11-11,1.22,0.0,-2001.5300000000007,ok
LOF1405,Sao_Paulo-Pinheiros-apartamento-SUP-1Q,Carteira 4,SP,"São Paulo, SP","São Paulo, SP, Pinheiros",0,166,4308.85,421,4048.72,2025-11,0.6333,0.5848,19,30,253.32,194.67,9,2025-11-11,1.06,0.0,-260.13000000000056,berlinda
MHF1908,Itapema-Canto_Praia-apartamento-TOP-2Q,Carteira 5,SC,"Itapema, SC","Itapema, SC, Centro",2,309,4088.99,14,3094.94,2025-11,0.5357,0.2903,15,30,311.27,320.78,9,2025-11-11,1.32,622.54,-994.0499999999997,ok
MSST1401,Goiania-Leste-apartamento-TOP-1Q,Carteira 1_sys-price,GO,"Goiânia, GO","Goiânia, GO, Jardim Goiás",0,767,2036.65,19,2047.72,2025-11,0.3333,0.4339,10,30,208.91,189.33,15,2025-11-11,0.99,0.0,11.069999999999936,berlinda
NWT0318,Especial-NWT-apartamento-TOP-1Q,Carteira 5,AL,"Maceió, AL","Maceió, AL, Pajuçara",0,225,5555.05,40,4657.0,2025-11,0.5667,0.5442,17,30,402.29,293.64,11,2025-11-11,1.19,0.0,-898.0500000000002,ok
NWT0704,Especial-NWT-apartamento-TOP-1Q,Carteira 5,AL,"Maceió, AL","Maceió, AL, Pajuçara",0,186,7511.2,40,4657.0,2025-11,0.9333,0.5442,28,30,338.43,,0,2025-11-11,1.61,0.0,-2854.2,ok
ONP2021,Sao_Paulo-Bela_Vista-apartamento-SUP-1Q,Carteira 4,SP,"São Paulo, SP","São Paulo, SP, Paraíso",3,170,3603.33,596,3486.42,2025-11,0.7407,0.5791,20,30,213.5,153.71,7,2025-11-11,1.03,640.5,-116.90999999999985,berlinda
PTR0003,Porto_Seguro-Pataxos-apartamento-JR-3Q,Carteira 2,BA,"Porto Seguro, BA","Porto Seguro, BA, Paraíso dos Pataxós",1,332,540.2,8,2806.86,2025-11,0.069,0.2263,2,30,299.5,176.42,19,2025-11-11,0.19,299.5,2266.66,crítico
RPN0101,Florianopolis-Canajure-apartamento-SUP-3Q,Carteira 1,SC,"Florianópolis, SC","Florianópolis, SC, Jurere",5,78,3191.0,13,5656.04,2025-11,0.44,0.4932,11,30,363.09,313.0,6,2025-11-11,0.56,1815.4499999999998,2465.04,atenção
RTQ0009,Mata_de_Sao_Joao-Praia_Imbassai-casa-SUP-2Q,Carteira 2,BA,"Mata de São João, BA","Mata de São João, BA, Imbassaí",24,165,2744.52,12,2428.26,2025-11,1.0,0.3139,6,30,561.0,,0,2025-11-11,1.13,13464.0,-316.25999999999976,ok
RVR0506,Florianopolis-UFSC-apartamento-SUP-1Q,Carteira 4,SC,"Florianópolis, SC","Florianópolis, SC, Pantanal",0,723,1812.34,40,2727.0,2025-11,0.2667,0.4971,8,30,236.75,181.59,17,2025-11-11,0.66,0.0,914.6600000000001,atenção
SDR008,Florianopolis-Lagoa-apartamento-SUP-1Q,Carteira 1,SC,"Florianópolis, SC","Florianópolis, SC, Lagoa da Conceição",0,1522,2124.36,25,3319.53,2025-11,0.5333,0.584,16,30,167.38,181.21,14,2025-11-11,0.64,0.0,1195.17,atenção
SOA0610,Salvador-Boca_do_Rio-apartamento-TOP-1Q,Carteira 2,BA,"Salvador, BA","Salvador, BA, Boca do Rio",0,310,2443.76,16,3097.97,2025-11,0.5667,0.5778,17,30,187.65,202.64,11,2025-11-11,0.79,0.0,654.2099999999996,atenção
SPT0501,Blumenau-Central-apartamento-JR-1Q,Carteira 4,SC,"Blumenau, SC","Blumenau, SC, Itoupava Seca",0,521,352.0,31,707.55,2025-11,0.1333,0.2143,4,30,100.0,100.47,19,2025-11-11,0.5,0.0,355.54999999999995,crítico
SSG0304,Florianopolis-UFSC-apartamento-TOP-1Q,Carteira 4,SC,"Florianópolis, SC","Florianópolis, SC, Córrego Grande",4,737,2686.21,16,2679.84,2025-11,0.5385,0.5048,14,30,233.14,191.88,8,2025-11-11,1.0,932.56,-6.369999999999891,berlinda
STO2206,Especial-STO-apartamento-MASTER-1Q,Especial,SC,"Florianópolis, SC","Florianópolis, SC, Santinho",22,1971,6205.93,83,5498.86,2025-11,1.0,0.4736,8,30,945.0,,0,2025-11-11,1.13,20790.0,-707.0700000000006,ok
TPS105,Florianopolis-Canasvieiras_Meio-apartamento-TOP-1Q,Carteira 1,SC,"Florianópolis, SC","Florianópolis, SC, Canasvieiras",0,1031,1738.81,25,4223.9,2025-11,0.3667,0.563,11,30,224.18,215.95,19,2025-11-11,0.41,0.0,2485.0899999999997,crítico
VAC0704,Barra_Velha-Tabuleiro-apartamento-TOP-2Q,Carteira 3,SC,"Barra Velha, SC","Barra Velha, SC, Itajubá",0,29,1464.31,36,1993.79,2025-11,0.2333,0.2904,7,30,243.14,196.8,15,2025-11-11,0.73,0.0,529.48,atenção
VST008,Especial-VST-casa-TOP-1Q,Carteira 5,SC,"Anitápolis, SC","Anitápolis, SC, Rio dos Pinheiros",1,488,2758.94,41,2231.25,2025-11,0.5172,0.1613,15,30,220.56,185.36,11,2025-11-11,1.24,220.56,-527.69,ok
VVA0490,Porto_Seguro-Pitinga-casa-MASTER-3Q,Carteira 2,BA,"Porto Seguro, BA","Porto Seguro, BA, Arraial DAjuda",14,444,2583.66,7,7223.46,2025-11,0.1875,0.3802,3,30,1000.0,1000.0,11,2025-11-11,0.36,14000.0,4639.8,crítico
BFC301,Cabo_Frio-Centro-apartamento-JR-3Q,Carteira 4,RJ,"Cabo Frio, RJ","Cabo Frio, RJ, Braga",2,878,776.16,90,2464.76,2025-11,0.1071,0.2709,3,30,312.0,292.0,14,2025-11-11,0.31,624.0,1688.6000000000004,crítico
BLS1755,Goiania-Central-apartamento-SUP-1Q,Carteira 1_sys-price,GO,"Goiânia, GO","Goiânia, GO, Setor Marista",0,772,3375.06,149,1516.4,2025-11,0.9,0.3335,27,30,159.85,152.67,3,2025-11-11,2.23,0.0,-1858.6599999999999,meta_subestimada
BMC1008,Florianopolis-Beira_Mar-apartamento-TOP-1Q,Carteira 4,SC,"Florianópolis, SC","Florianópolis, SC, Centro",0,66,4895.25,18,5303.36,2025-11,0.7667,0.5814,23,30,277.78,214.6,5,2025-11-11,0.92,0.0,408.1099999999997,berlinda
EJO0402,Florianopolis-Centrao-apartamento-JR-1Q,Carteira 4,SC,"Florianópolis, SC","Florianópolis, SC, Centro",0,394,2988.56,71,2585.44,2025-11,0.6333,0.4921,19,30,197.11,134.27,11,2025-11-11,1.16,0.0,-403.1199999999999,ok
GSH0101,Camaçari-Monte_Gordo-apartamento-TOP-2Q,Carteira 2,BA,"Camaçari, BA","Camaçari, BA, Monte Gordo",3,226,373.11,27,5377.1,2025-11,0.037,0.4417,1,30,600.0,600.0,17,2025-11-11,0.07,1800.0,5003.990000000001,crítico
ILC2106,Especial-ILC-hotel-JR-1Q,Especial,SC,"Florianópolis, SC","Florianópolis, SC, Jurerê Internacional",0,1864,9657.01,16,9179.91,2025-11,0.6333,0.5499,19,30,695.37,570.8,5,2025-11-11,1.05,0.0,-477.10000000000036,berlinda
JBV157,Especial-JBV-hotel-TOP-1Q,Especial,SC,"Florianópolis, SC","Florianópolis, SC, Jurerê",0,1121,11884.43,34,10718.98,2025-11,0.8,0.6611,24,30,619.0,704.25,4,2025-11-11,1.11,0.0,-1165.4500000000007,ok
JPA102,Gramado-Geral-apartamento-JR-2Q,Carteira 4,RS,"Gramado, RS","Gramado, RS, Vila Jardim",0,527,5799.36,46,4333.51,2025-11,0.7333,0.4798,22,30,356.77,327.86,7,2025-11-11,1.34,0.0,-1465.8499999999995,ok
JSO0007,Porto_Seguro-Pataxos-apartamento-JR-1Q,Carteira 2,BA,"Porto Seguro, BA","Porto Seguro, BA, PRAIA DE MUNDAÍ",0,372,0.0,34,2875.52,2025-11,0.0,0.4782,0,30,0.0,359.0,19,2025-11-11,0.0,0.0,2875.52,crítico
NGO0002,Pocos_de_Caldas-Geral-apartamento-SUP-1Q,Carteira 4,MG,"Poços de Caldas, MG","Poços de Caldas, MG, São Benedito",10,150,1298.76,31,1401.48,2025-11,0.5,0.2888,10,30,145.9,120.0,6,2025-11-11,0.93,1459.0,102.72000000000003,berlinda
NWT0323,Especial-NWT-apartamento-TOP-1Q,Carteira 5,AL,"Maceió, AL","Maceió, AL, Pajuçara",0,345,6026.4,40,4657.0,2025-11,0.7333,0.5442,22,30,312.18,322.33,6,2025-11-11,1.29,0.0,-1369.3999999999996,ok
NWT1302,Especial-NWT-apartamento-TOP-1Q,Carteira 5,AL,"Maceió, AL","Maceió, AL, Pajuçara",0,352,6845.53,40,4657.0,2025-11,0.8333,0.5442,25,30,352.4,296.8,5,2025-11-11,1.47,0.0,-2188.5299999999997,ok
OAG0505,Sao_Paulo-Pinheiros-apartamento-SUP-1Q,Carteira 4,SP,"São Paulo, SP","São Paulo, SP, Cerqueira César",8,177,3691.28,421,4048.72,2025-11,0.7273,0.5848,16,30,254.94,179.25,4,2025-11-11,0.91,2039.52,357.4399999999996,berlinda
OPR0303,Salvador-Ondina_Rio_Vermelho-apartamento-SUP-1Q,Carteira 2,BA,"Salvador, BA","Salvador, BA, Ondina",16,73,1724.6,82,3153.33,2025-11,0.7143,0.5658,10,30,199.6,250.0,4,2025-11-11,0.55,3193.6,1428.73,atenção
PSD201,Florianopolis-Jurere_Tradicional-apartamento-SIM-2Q,Carteira 1,SC,"Florianópolis, SC","Florianópolis, SC, Jurerê",1,1990,4548.71,18,3094.45,2025-11,0.6207,0.531,18,30,287.39,221.56,9,2025-11-11,1.47,287.39,-1454.2600000000002,ok
PSO1003,Penha-Beto_Carrero-apartamento-TOP-1Q,Carteira 3,SC,"Penha, SC","Penha, SC, Praia de Armação do Itapocoroi",0,120,4692.54,16,4132.99,2025-11,0.8333,0.6017,25,30,236.12,194.0,4,2025-11-11,1.14,0.0,-559.5500000000002,ok
PSOA1101,Penha-Beto_Carrero-apartamento-TOP-1Q,Carteira 3,SC,"Penha, SC","Penha, SC, Praia de Armação do Itapocoroi",0,116,2682.51,16,4132.99,2025-11,0.4667,0.6017,14,30,208.87,167.8,10,2025-11-11,0.65,0.0,1450.4799999999996,atenção
RJE0980,Gramado-Geral-casa-JR-4Q,Carteira 4,RS,"Gramado, RS","Gramado, RS, Casa Grande",7,394,6360.59,10,5999.72,2025-11,0.6087,0.447,14,30,606.07,533.5,8,2025-11-11,1.06,4242.490000000001,-360.8699999999999,berlinda
RLI0101,Florianopolis-Ingleses_Norte-apartamento-JR-2Q,Carteira 1,SC,"Florianópolis, SC","Florianópolis, SC, Ingleses do Rio Vermelho",2,337,3572.34,27,2504.17,2025-11,0.75,0.4002,21,30,199.81,234.0,6,2025-11-11,1.43,399.62,-1068.17,ok
RMH1511,Aguas_Claras-Geral-apartamento-SUP-1Q,Carteira 1,DF,"Brasília, DF","Brasília, DF, Águas Claras",1,202,3545.04,100,2016.28,2025-11,0.6552,0.4985,19,30,212.74,206.56,9,2025-11-11,1.76,212.74,-1528.76,ok
SOA0111,Salvador-Boca_do_Rio-apartamento-SUP-2Q,Carteira 2,BA,"Salvador, BA","Salvador, BA, Boca do Rio",0,445,2751.94,16,3097.97,2025-11,0.5,0.5778,15,30,239.07,239.92,12,2025-11-11,0.89,0.0,346.02999999999975,berlinda
SPT0105,Blumenau-Central-apartamento-JR-1Q,Carteira 4,SC,"Blumenau, SC","Blumenau, SC, Itoupava Seca",0,596,0.0,31,707.55,2025-11,0.0,0.2143,0,30,0.0,100.47,19,2025-11-11,0.0,0.0,707.55,crítico
SSN0304,Salvador-Costa_Azul-apartamento-SUP-1Q,Especial,BA,"Salvador, BA","Salvador, BA, Costa Azul",1,306,500.92,30,2191.27,2025-11,0.1724,0.5131,5,30,119.2,140.16,19,2025-11-11,0.23,119.2,1690.35,crítico
UCR0505,Porto_Alegre-Jardim_Botanico-apartamento-SUP-1Q,Carteira 4,RS,"Porto Alegre, RS","Porto Alegre, RS, Três Figueiras",0,39,2256.0,60,1567.83,2025-11,0.4667,0.3503,14,30,200.0,200.0,10,2025-11-11,1.44,0.0,-688.1700000000001,ok
VJG0102,Ilheus-Sul-apartamento-SUP-2Q,Carteira 2,BA,"Ilhéus, BA","Ilhéus, BA, São Francisco",0,714,1873.95,36,1909.53,2025-11,0.5,0.2911,15,30,152.2,148.0,4,2025-11-11,0.98,0.0,35.57999999999993,berlinda
VLP0105,Mata_de_Sao_Joao-Praia_do_Forte-apartamento-SUP-2Q,Carteira 2,BA,"Mata de São João, BA","Mata de São João, BA, Praia do Forte",2,617,4561.8,26,6384.52,2025-11,0.5357,0.446,15,30,372.33,259.5,8,2025-11-11,0.71,744.66,1822.7200000000003,atenção
VLPD0223,Mata_de_Sao_Joao-Praia_do_Forte-apartamento-SUP-1Q,Carteira 2,BA,"Mata de São João, BA","Mata de São João, BA, Açu da Torre",3,102,4092.59,29,5421.72,2025-11,0.5926,0.5337,16,30,302.56,245.6,10,2025-11-11,0.75,907.6800000000001,1329.13,atenção
AQT0604,Itapema-Praia_Itapema-apartamento-TOP-3Q,Carteira 6,SC,"Itapema, SC","Itapema, SC, Morretes",6,122,3400.91,13,4282.3,2025-11,0.6667,0.3387,16,30,251.0,214.63,8,2025-11-11,0.79,1506.0,881.3900000000003,atenção
FFS0905,Itapema-Meia_Praia-Sul-apartamento-SUP-1Q,Carteira 4,SC,"Itapema, SC","Itapema, SC, Meia Praia",1,1,2261.82,15,2851.62,2025-11,0.6207,0.4879,18,30,156.72,155.56,9,2025-11-11,0.79,156.72,589.7999999999997,atenção
LIV1605,Salvador-Graca-apartamento-TOP-1Q,Especial,BA,"Salvador, BA","Salvador, BA, Vitória",0,157,3673.02,15,3581.56,2025-11,0.5333,0.5526,16,30,285.63,257.73,11,2025-11-11,1.03,0.0,-91.46000000000004,berlinda
LLE0204,Itapema-Meia_Praia-Norte-apartamento-TOP-3Q,Carteira 6,SC,"Itapema, SC","Itapema, SC, Meia Praia",2,59,4824.24,17,4379.63,2025-11,0.75,0.2907,21,30,316.48,276.71,7,2025-11-11,1.1,632.96,-444.6099999999997,ok
MAB0203,Florianopolis-Ingleses_Norte-apartamento-JR-1Q,Carteira 1,SC,"Florianópolis, SC","Florianópolis, SC, Ingleses do Rio Vermelho",0,113,0.0,49,2294.44,2025-11,0.0,0.4456,0,30,0.0,206.84,19,2025-11-11,0.0,0.0,2294.44,crítico
NBL0402,Porto_Alegre-Jardim_Botanico-apartamento-SUP-1Q,Carteira 4,RS,"Porto Alegre, RS","Porto Alegre, RS, Santa Cecília",0,702,328.67,60,1567.83,2025-11,0.1,0.3503,3,30,130.0,132.21,19,2025-11-11,0.21,0.0,1239.1599999999999,crítico
NOR0203,Brasilia-Asa_Norte-apartamento-SUP-1Q,Carteira 1_sys-price,DF,"Brasília, DF","Brasília, DF, Asa Norte",0,767,2804.37,109,3139.47,2025-11,0.7333,0.6322,22,30,210.94,165.36,11,2025-11-11,0.89,0.0,335.0999999999999,berlinda
NWT0613,Especial-NWT-apartamento-TOP-1Q,Carteira 5,AL,"Maceió, AL","Maceió, AL, Pajuçara",0,215,5547.55,40,4657.0,2025-11,0.7333,0.5442,22,30,292.68,263.67,6,2025-11-11,1.19,0.0,-890.5500000000002,ok
NWT0713,Especial-NWT-apartamento-TOP-1Q,Carteira 5,AL,"Maceió, AL","Maceió, AL, Pajuçara",0,180,5751.67,40,4657.0,2025-11,0.7667,0.5442,23,30,308.22,348.33,6,2025-11-11,1.24,0.0,-1094.67,ok
NWT1320,Especial-NWT-apartamento-TOP-1Q,Carteira 5,AL,"Maceió, AL","Maceió, AL, Pajuçara",0,72,3957.14,40,4657.0,2025-11,0.5,0.5442,15,30,342.6,302.09,11,2025-11-11,0.85,0.0,699.8600000000001,berlinda
PRV1003,Salvador-Barra-apartamento-SUP-1Q,Carteira 2,BA,"Salvador, BA","Salvador, BA, Barra",0,387,1904.0,203,3119.92,2025-11,0.3333,0.546,10,30,210.5,207.26,19,2025-11-11,0.61,0.0,1215.92,atenção
PSD301,Florianopolis-Jurere_Tradicional-apartamento-SIM-2Q,Carteira 1,SC,"Florianópolis, SC","Florianópolis, SC, Jurerê",0,1990,3132.15,18,3094.45,2025-11,0.5,0.531,15,30,254.13,223.9,10,2025-11-11,1.01,0.0,-37.70000000000027,berlinda
PSO0802,Penha-Beto_Carrero-apartamento-TOP-1Q,Carteira 3,SC,"Penha, SC","Penha, SC, Praia de Armação do Itapocoroi",0,102,4401.58,16,4132.99,2025-11,0.8,0.6017,24,30,224.08,165.67,3,2025-11-11,1.06,0.0,-268.59000000000015,berlinda
PTS0101,Florianopolis-Ingleses_Norte-apartamento-SUP-2Q,Carteira 1,SC,"Florianópolis, SC","Florianópolis, SC, Ingleses do Rio Vermelho",0,192,2644.38,58,3045.34,2025-11,0.4,0.3095,12,30,264.0,200.75,12,2025-11-11,0.87,0.0,400.96000000000004,berlinda
SCE114,Brasilia-Asa_Norte-apartamento-SUP-1Q,Carteira 1_sys-price,DF,"Brasília, DF","Brasília, DF, Asa Norte",0,596,3611.3,109,3139.47,2025-11,0.7667,0.6322,23,30,183.26,172.29,7,2025-11-11,1.15,0.0,-471.8300000000004,ok
VGA1002,Itapema-Praia_Centro-apartamento-TOP-3Q,Carteira 6,SC,"Itapema, SC","Itapema, SC, Itapema",13,612,5029.58,11,2869.14,2025-11,1.0,0.3161,17,30,409.0,,0,2025-11-11,1.75,5317.0,-2160.44,ok
VGZ0005,Imbituba-Praia_do_Rosa-casa-SUP-1Q,Carteira 6,SC,"Imbituba, SC","Imbituba, SC, Ibiraquera",2,620,3835.82,57,2501.25,2025-11,0.8214,0.3146,23,30,185.83,131.8,5,2025-11-11,1.53,371.66,-1334.5700000000002,ok
VLR801,Florianopolis-Centrao-apartamento-JR-1Q,Carteira 4,SC,"Florianópolis, SC","Florianópolis, SC, Centro",0,1230,2019.11,71,2585.44,2025-11,0.4333,0.4921,13,30,178.08,179.27,15,2025-11-11,0.78,0.0,566.3300000000002,atenção
WBU2407,Goiania-Central-apartamento-TOP-1Q,Carteira 1_sys-price,GO,"Goiânia, GO","Goiânia, GO, Setor Bueno",0,359,2151.28,53,1579.58,2025-11,0.4333,0.3282,13,30,204.46,209.13,15,2025-11-11,1.36,0.0,-571.7000000000003,ok
CPR0207,Marau-Barra_Grande-apartamento-TOP-2Q,Carteira 2,BA,"Maraú, BA","Maraú, BA, Barra Grande",0,480,1656.5,12,3751.94,2025-11,0.1667,0.2379,5,30,400.0,408.26,19,2025-11-11,0.44,0.0,2095.44,crítico
CZZ0403,Urubici-Geral-apartamento-SUP-1Q,Especial,SC,"Urubici, SC","Urubici, SC, Centro",0,221,1285.23,49,1401.48,2025-11,0.2333,0.1601,7,30,223.71,221.63,16,2025-11-11,0.92,0.0,116.25,berlinda
CZZ0405,Urubici-Geral-apartamento-SUP-1Q,Especial,SC,"Urubici, SC","Urubici, SC, Centro",1,134,1951.02,49,1401.48,2025-11,0.3793,0.1601,11,30,210.73,197.82,11,2025-11-11,1.39,210.73,-549.54,ok
EBC0603,Balneario_Camboriu-Centro-apartamento-SUP-2Q,Carteira 6,SC,"Balneário Camboriú, SC","Balneário Camboriú, SC, Centro",0,369,5819.31,69,4233.64,2025-11,0.7333,0.4374,22,30,307.82,251.88,8,2025-11-11,1.37,0.0,-1585.67,ok
ELF0402,Bombinhas-Bombas-apartamento-SUP-1Q,Especial,SC,"Bombinhas, SC","Bombinhas, SC, José Amândio",2,187,2445.72,49,2579.11,2025-11,0.4286,0.44,12,30,242.25,324.91,11,2025-11-11,0.95,484.5,133.39000000000033,berlinda
ELS0606,Porto_Alegre-Centro_Historico-apartamento-JR-1Q,Carteira 4,RS,"Porto Alegre, RS","Porto Alegre, RS, Centro Histórico",0,60,1557.7,75,1528.0,2025-11,0.5667,0.4735,17,30,108.47,107.11,9,2025-11-11,1.02,0.0,-29.700000000000045,berlinda
ELU106,Florianopolis-Jurere_Tradicional-apartamento-TOP-1Q,Carteira 1,SC,"Florianópolis, SC","Florianópolis, SC, Jurerê",3,1384,2982.98,18,6829.73,2025-11,0.3704,0.605,10,30,413.9,339.4,10,2025-11-11,0.44,1241.6999999999998,3846.7499999999995,crítico
GCO0302,Balneario_Camboriu-Norte-apartamento-SUP-2Q,Carteira 6,SC,"Balneário Camboriú, SC","Balneário Camboriú, SC, Barra Norte",0,64,4761.78,33,4024.39,2025-11,0.7333,0.4731,22,30,277.09,166.57,7,2025-11-11,1.18,0.0,-737.3899999999999,ok
IDC0102,Florianopolis-UFSC-apartamento-SUP-2Q,Carteira 4,SC,"Florianópolis, SC","Florianópolis, SC, Trindade",3,708,3234.65,20,2978.14,2025-11,0.5185,0.4933,14,30,307.21,202.0,10,2025-11-11,1.09,921.6299999999999,-256.5100000000002,berlinda
JBV334,Especial-JBV-hotel-JR-1Q,Especial,SC,"Florianópolis, SC","Florianópolis, SC, Jurerê",0,1685,8625.19,25,9026.89,2025-11,0.6,0.58,18,30,596.5,491.86,7,2025-11-11,0.96,0.0,401.6999999999989,berlinda
LEA0908,Balneario_Picarras-Geral-apartamento-SUP-2Q,Carteira 6,SC,"Balneário Piçarras, SC","Balneário Piçarras, SC, Itacolomi",3,267,2370.66,66,1594.17,2025-11,0.6667,0.2526,18,30,155.0,115.0,6,2025-11-11,1.49,465.0,-776.4899999999998,ok
MCB1106,Balneario_Picarras-Geral-apartamento-SUP-2Q,Carteira 6,SC,"Balneário Piçarras, SC","Balneário Piçarras, SC, Itacolomi",1,317,623.67,66,1594.17,2025-11,0.1034,0.2526,3,30,251.0,251.0,16,2025-11-11,0.39,251.0,970.5000000000001,crítico
MHFB0503,Itapema-Canto_Praia-apartamento-SUP-1Q,Carteira 5,SC,"Itapema, SC","Itapema, SC, Centro",0,457,3365.89,9,3362.19,2025-11,0.7333,0.347,22,30,170.91,156.86,7,2025-11-11,1.0,0.0,-3.699999999999818,berlinda
MHFB1204,Itapema-Canto_Praia-apartamento-SUP-1Q,Carteira 5,SC,"Itapema, SC","Itapema, SC, Centro",0,479,2750.31,9,3362.19,2025-11,0.5333,0.347,16,30,203.31,189.73,11,2025-11-11,0.82,0.0,611.8800000000001,berlinda
MHR308,Florianopolis-Ingleses_Praia-apartamento-SUP-1Q,Carteira 1,SC,"Florianópolis, SC","Florianópolis, SC, Ingleses do Rio Vermelho",3,1163,2341.21,37,3730.47,2025-11,0.4444,0.5144,12,30,238.92,218.58,12,2025-11-11,0.63,716.76,1389.2599999999998,atenção
MMD0602,Ilheus-Sul-apartamento-TOP-2Q,Carteira 2,BA,"Ilhéus, BA","Ilhéus, BA, São Francisco",23,299,454.38,17,2520.72,2025-11,0.2857,0.3466,2,30,291.5,206.0,5,2025-11-11,0.18,6704.5,2066.3399999999997,crítico
NWT0421,Especial-NWT-apartamento-TOP-1Q,Carteira 5,AL,"Maceió, AL","Maceió, AL, Pajuçara",0,303,8182.73,40,4657.0,2025-11,0.8333,0.5442,25,30,398.16,330.4,5,2025-11-11,1.76,0.0,-3525.7299999999996,ok
NWT0604,Especial-NWT-apartamento-TOP-1Q,Carteira 5,AL,"Maceió, AL","Maceió, AL, Pajuçara",1,215,6072.45,40,4657.0,2025-11,0.8966,0.5442,26,30,300.81,266.0,3,2025-11-11,1.3,300.81,-1415.4499999999998,ok
NWT1203,Especial-NWT-apartamento-TOP-1Q,Carteira 5,AL,"Maceió, AL","Maceió, AL, Pajuçara",0,366,5803.32,40,4657.0,2025-11,0.7333,0.5442,22,30,331.05,371.29,7,2025-11-11,1.25,0.0,-1146.3199999999997,ok
NWT1214,Especial-NWT-apartamento-TOP-1Q,Carteira 5,AL,"Maceió, AL","Maceió, AL, Pajuçara",0,163,7230.49,40,4657.0,2025-11,0.8667,0.5442,26,30,331.31,280.0,2,2025-11-11,1.55,0.0,-2573.49,ok
ORP0305,Gramado-Geral-apartamento-SUP-2Q,Carteira 4,RS,"Gramado, RS","Gramado, RS, Floresta",0,22,6371.88,151,6021.82,2025-11,0.6,0.5465,18,30,389.56,359.6,10,2025-11-11,1.06,0.0,-350.0600000000004,berlinda
PSO0401,Penha-Beto_Carrero-apartamento-TOP-1Q,Carteira 3,SC,"Penha, SC","Penha, SC, Praia de Armação do Itapocoroi",0,141,3694.48,16,4132.99,2025-11,0.6333,0.6017,19,30,231.11,208.0,8,2025-11-11,0.89,0.0,438.50999999999976,berlinda
PSOA1102,Penha-Beto_Carrero-apartamento-TOP-1Q,Carteira 3,SC,"Penha, SC","Penha, SC, Praia de Armação do Itapocoroi",0,129,1542.91,16,4132.99,2025-11,0.2333,0.6017,7,30,231.43,168.79,14,2025-11-11,0.37,0.0,2590.08,crítico
RGV115,Bombinhas-Bombas-casa-JR-3Q,Carteira 6,SC,"Bombinhas, SC","Bombinhas, SC, Bombas",0,780,4132.83,12,3420.97,2025-11,0.7667,0.3286,23,30,229.35,161.0,7,2025-11-11,1.21,0.0,-711.8600000000001,ok
ROE210,Brasilia-Asa_Norte-apartamento-SUP-1Q,Carteira 1_sys-price,DF,"Brasília, DF","Brasília, DF, Setor de Habitações Individuais Norte",0,570,3552.55,109,3139.47,2025-11,0.6667,0.6322,20,30,219.3,184.44,9,2025-11-11,1.13,0.0,-413.0800000000004,ok
RTT1905,Florianopolis-Daniela-casa-JR-3Q,Carteira 1,SC,"Florianópolis, SC","Florianópolis, SC, Daniela",6,368,2864.72,8,4281.49,2025-11,0.4167,0.5,10,30,352.6,449.73,11,2025-11-11,0.67,2115.6000000000004,1416.77,atenção
SCO0014,Florianopolis-Campeche-apartamento-SUP-1Q,Carteira 1,SC,"Florianópolis, SC","Florianópolis, SC, Campeche",0,226,102.44,25,2388.5,2025-11,0.0333,0.4993,1,30,180.0,201.47,19,2025-11-11,0.04,0.0,2286.06,crítico
SHL0105,Brasilia-Lago_Norte-apartamento-TOP-1Q,Carteira 1_sys-price,DF,"Brasília, DF","Brasília, DF, Setor de Habitações Individuais Norte",0,365,3034.06,29,3683.26,2025-11,0.5667,0.6301,17,30,211.18,224.85,13,2025-11-11,0.82,0.0,649.2000000000003,berlinda
SID0209,Florianopolis-Cachoeira_Bom_Jesus-apartamento-SUP-1Q,Carteira 1,SC,"Florianópolis, SC","Florianópolis, SC, Cachoeira do Bom Jesus",0,120,749.96,15,2802.96,2025-11,0.2,0.3457,6,30,156.67,130.47,15,2025-11-11,0.27,0.0,2053.0,crítico
SLI0704,Maceio-Ponta_Verde-apartamento-SUP-1Q,Carteira 2,AL,"Maceió, AL","Maceió, AL, Ponta Verde",3,72,2631.89,203,4037.5,2025-11,0.5926,0.6847,16,30,207.5,196.43,7,2025-11-11,0.65,622.5,1405.6100000000001,atenção
SPJ0204,Especial-SPJ-apartamento-TOP-1Q,Carteira 5,SC,"Florianópolis, SC","Florianópolis, SC, Jurerê",0,367,6364.33,15,6230.75,2025-11,0.8667,0.6136,26,30,297.42,268.0,3,2025-11-11,1.02,0.0,-133.57999999999993,berlinda
SPZ0610,Sao_Paulo-Vila_Olimpia-apartamento-SUP-1Q,Carteira 4,SP,"São Paulo, SP","São Paulo, SP, Itaim Bibi",0,166,7685.19,304,5268.6,2025-11,0.7667,0.5515,23,30,428.96,295.57,7,2025-11-11,1.46,0.0,-2416.5899999999992,ok
SSG0419,Florianopolis-UFSC-apartamento-SUP-1Q,Carteira 4,SC,"Florianópolis, SC","Florianópolis, SC, Córrego Grande",0,11,3842.88,40,2727.0,2025-11,0.8667,0.4971,26,30,196.15,153.67,3,2025-11-11,1.41,0.0,-1115.88,ok
STM0500,Florianopolis-Canto_da_Lagoa-casa-SUP-3Q,Carteira 1,SC,"Florianópolis, SC","Florianópolis, SC, Lagoa da Conceição",10,214,7430.66,17,5082.64,2025-11,0.9,0.4857,18,30,522.67,781.0,2,2025-11-11,1.46,5226.7,-2348.0199999999995,ok
TPS311,Florianopolis-Canasvieiras_Meio-apartamento-TOP-1Q,Carteira 1,SC,"Florianópolis, SC","Florianópolis, SC, Canasvieiras",0,1031,1224.43,25,4223.9,2025-11,0.2667,0.563,8,30,188.88,248.0,15,2025-11-11,0.29,0.0,2999.4699999999993,crítico
TVT904,Florianopolis-Centrao-apartamento-MASTER-1Q,Carteira 4,SC,"Florianópolis, SC","Florianópolis, SC, Centro",0,841,7191.24,28,5466.75,2025-11,0.7333,0.4759,22,30,408.82,244.83,6,2025-11-11,1.32,0.0,-1724.4899999999998,ok
VAM0504,Goiania-Sul-2-apartamento-JR-2Q,Carteira 1_sys-price,GO,"Goiânia, GO","Goiânia, GO, Setor Faiçalville",6,460,1411.8,286,1600.53,2025-11,0.375,0.3545,9,30,177.11,165.2,10,2025-11-11,0.88,1062.66,188.73000000000002,berlinda
ACE0201,Florianopolis-Canasvieiras_Meio-apartamento-JR-2Q,Carteira 1,SC,"Florianópolis, SC","Florianópolis, SC, Canasvieiras",0,732,3065.62,18,2836.34,2025-11,0.5,0.3185,15,30,277.27,208.0,9,2025-11-11,1.08,0.0,-229.27999999999975,berlinda
ASK001,Florianopolis-Itacorubi-apartamento-JR-1Q,Carteira 4,SC,"Florianópolis, SC","Florianópolis, SC, Santa Mônica",0,1101,695.87,15,2008.79,2025-11,0.2,0.6158,6,30,154.33,166.39,18,2025-11-11,0.35,0.0,1312.92,crítico
CCS0205,Florianopolis-Campeche_Praia-apartamento-TOP-1Q,Carteira 1,SC,"Florianópolis, SC","Florianópolis, SC, Campeche",1,617,3989.36,13,4243.37,2025-11,0.7241,0.5733,21,30,214.43,195.86,7,2025-11-11,0.94,214.43,254.00999999999976,berlinda
DLH0105,Gramado-Centro-apartamento-TOP-2Q,Carteira 4,RS,"Gramado, RS","Gramado, RS, Centro",2,451,10461.04,55,10638.6,2025-11,0.75,0.6864,21,30,629.62,494.67,3,2025-11-11,0.98,1259.24,177.5599999999995,berlinda
FRE1007,Sao_Paulo-Pinheiros-apartamento-SUP-1Q,Carteira 4,SP,"São Paulo, SP","São Paulo, SP, Pinheiros",0,22,2966.58,421,4048.72,2025-11,0.4667,0.5848,14,30,262.07,190.23,13,2025-11-11,0.73,0.0,1082.1399999999999,atenção
HAI406,Salvador-Centro-apartamento-JR-1Q,Carteira 2,BA,"Salvador, BA","Salvador, BA, Centro",0,460,1690.29,28,2017.3,2025-11,0.4333,0.5326,13,30,156.62,124.64,14,2025-11-11,0.84,0.0,327.01,berlinda
ILC2108,Especial-ILC-hotel-TOP-1Q,Especial,SC,"Florianópolis, SC","Florianópolis, SC, Jurerê Internacional",0,1800,14792.94,30,11132.4,2025-11,0.7,0.6976,21,30,852.3,712.25,4,2025-11-11,1.33,0.0,-3660.540000000001,ok
JBV106,Especial-JBV-hotel-JR-1Q,Especial,SC,"Florianópolis, SC","Florianópolis, SC, Jurerê",4,1698,6931.83,25,9026.89,2025-11,0.6923,0.58,18,30,497.72,487.88,8,2025-11-11,0.77,1990.88,2095.0599999999995,atenção
JFM0062,Florianopolis-Beira_Mar-apartamento-JR-3Q,Carteira 4,SC,"Florianópolis, SC","Florianópolis, SC, Centro",0,235,4564.91,14,3939.81,2025-11,0.6333,0.436,19,30,300.16,259.11,9,2025-11-11,1.16,0.0,-625.0999999999999,ok
JQP0521,Sao_Paulo-Republica-apartamento-JR-1Q,Carteira 4,SP,"São Paulo, SP","São Paulo, SP, Centro Histórico de São Paulo",13,89,947.16,304,2324.75,2025-11,0.4706,0.5653,8,30,143.87,112.0,7,2025-11-11,0.41,1870.31,1377.5900000000001,crítico
MDC0214,Gramado-Geral-apartamento-SUP-1Q,Carteira 4,RS,"Gramado, RS","Gramado, RS, Floresta",0,240,4882.61,81,5210.5,2025-11,0.7333,0.6382,22,30,285.36,269.14,7,2025-11-11,0.94,0.0,327.8900000000003,berlinda
MHFB0605,Itapema-Canto_Praia-apartamento-SUP-1Q,Carteira 5,SC,"Itapema, SC","Itapema, SC, Centro",0,374,4353.73,9,3362.19,2025-11,0.7667,0.347,23,30,223.61,195.8,5,2025-11-11,1.29,0.0,-991.5399999999995,ok
NWT1019,Especial-NWT-apartamento-TOP-1Q,Carteira 5,AL,"Maceió, AL","Maceió, AL, Pajuçara",0,199,5609.25,40,4657.0,2025-11,0.6,0.5442,18,30,402.33,290.5,8,2025-11-11,1.2,0.0,-952.25,ok
PAI0303,Salvador-Barra-apartamento-JR-1Q,Carteira 2,BA,"Salvador, BA","Salvador, BA, Barra",0,345,2859.09,119,2773.76,2025-11,0.6667,0.5696,20,30,161.4,133.1,10,2025-11-11,1.03,0.0,-85.32999999999993,berlinda
PAR0002,Urubici-Geral-casa-TOP-1Q,Carteira 3,SC,"Urubici, SC","Urubici, SC, Arroio do Engenho",0,729,1163.01,90,2659.81,2025-11,0.1,0.1969,3,30,405.0,301.56,16,2025-11-11,0.44,0.0,1496.8,crítico
PSO0304,Penha-Beto_Carrero-apartamento-TOP-1Q,Carteira 3,SC,"Penha, SC","Penha, SC, Praia de Armação do Itapocoroi",0,114,2168.2,16,4132.99,2025-11,0.3667,0.6017,11,30,231.18,161.85,13,2025-11-11,0.52,0.0,1964.79,atenção
PSV000,Garopaba-Centro-casa-TOP-3Q,Carteira 6,SC,"Garopaba, SC","Garopaba, SC, Garopaba",30,638,0.0,15,6375.0,2025-11,,0.4057,0,30,0.0,,0,2025-11-11,0.0,0.0,6375.0,crítico
RAP0306,Florianopolis-Campeche_Praia-apartamento-SUP-1Q,Carteira 1,SC,"Florianópolis, SC","Florianópolis, SC, Campeche",6,330,2497.66,63,4876.87,2025-11,0.5417,0.5574,13,30,234.69,226.73,11,2025-11-11,0.51,1408.1399999999999,2379.21,atenção
RFM0039,Santa_Cruz_Cabralia-Coroa_Vermelha-apartamento-SUP-2Q,Carteira 2,BA,"Santa Cruz Cabrália, BA","Santa Cruz Cabrália, BA, Coroa Vermelha",0,353,0.0,34,2989.06,2025-11,0.0,0.3789,0,30,0.0,234.0,19,2025-11-11,0.0,0.0,2989.06,crítico
SCO0003,Florianopolis-Campeche-apartamento-JR-1Q,Carteira 1,SC,"Florianópolis, SC","Florianópolis, SC, Campeche",3,207,1221.79,24,2034.58,2025-11,0.2963,0.4717,8,30,183.25,151.5,14,2025-11-11,0.6,549.75,812.79,atenção
SFR0415,Bombinhas-Centro-apartamento-SUP-1Q,Carteira 6,SC,"Bombinhas, SC","Bombinhas, SC, Centro",0,37,4661.87,34,3528.77,2025-11,0.9,0.5429,27,30,212.26,133.33,3,2025-11-11,1.32,0.0,-1133.1,ok
TRS0003,Penha-Beto_Carrero-casa-SUP-1Q,Carteira 3,SC,"Penha, SC","Penha, SC, Armação",0,164,1178.73,24,1871.07,2025-11,0.3,0.4848,9,30,156.22,152.31,13,2025-11-11,0.63,0.0,692.3399999999999,atenção
TXP1007,Goiania-Central-apartamento-SUP-1Q,Carteira 1_sys-price,GO,"Goiânia, GO","Goiânia, GO, Setor Bueno",0,772,4185.48,149,1516.4,2025-11,1.0,0.3335,30,30,268.83,,0,2025-11-11,2.76,0.0,-2669.0799999999995,meta_subestimada
TXP1905,Goiania-Central-apartamento-SUP-1Q,Carteira 1_sys-price,GO,"Goiânia, GO","Goiânia, GO, Setor Bueno",2,753,1272.54,149,1516.4,2025-11,0.3571,0.3335,10,30,159.5,161.07,15,2025-11-11,0.84,319.0,243.86000000000013,berlinda
TZS210,Penha-Longe-casa-SUP-2Q,Carteira 6,SC,"Penha, SC","Penha, SC, Praia de Armação do Itaporocói",2,564,1849.47,23,2686.17,2025-11,0.25,0.4177,7,30,334.0,268.0,10,2025-11-11,0.69,668.0,836.7,atenção
VST024,Especial-VST-casa-TOP-1Q,Carteira 5,SC,"Anitápolis, SC","Anitápolis, SC, Rio dos Pinheiros",3,123,1893.44,41,2231.25,2025-11,0.3333,0.1613,9,30,271.44,189.0,14,2025-11-11,0.85,814.3199999999999,337.80999999999995,berlinda
ABM0101,Bombinhas-Zimbros-casa-SUP-6Q,Carteira 6,SC,"Bombinhas, SC","Bombinhas, SC, Zimbros",7,372,27206.07,10,11608.28,2025-11,0.913,0.3584,21,30,1686.43,640.0,2,2025-11-11,2.34,11805.01,-15597.789999999999,meta_subestimada
BSO0202,Itajai-Praia_Brava-apartamento-SUP-1Q,Carteira 6,SC,"Balneário Camboriú, SC","Balneário Camboriú, SC, Praia dos Amores",0,192,3221.7,10,2766.14,2025-11,0.8,0.5032,24,30,156.08,130.0,6,2025-11-11,1.16,0.0,-455.55999999999995,ok
EPK0402,Guara-Geral-apartamento-SUP-2Q,Carteira 1,DF,"Brasília, DF","Brasília, DF, SOF",0,316,6119.96,12,3751.69,2025-11,0.7667,0.379,23,30,323.13,311.43,7,2025-11-11,1.63,0.0,-2368.27,ok
ERE0302,Maceio-Cruz_das_Almas-apartamento-JR-1Q,Carteira 2,AL,"Maceió, AL","Maceió, AL, Cruz das Almas",0,65,2099.29,19,2464.27,2025-11,0.6333,0.6022,19,30,135.26,124.57,7,2025-11-11,0.85,0.0,364.98,berlinda
IBE104,Florianopolis-Canasvieiras_Meio-apartamento-JR-2Q,Carteira 1,SC,"Florianópolis, SC","Florianópolis, SC, Canasvieiras",6,803,2877.53,18,2836.34,2025-11,0.5417,0.3185,13,30,255.77,190.0,4,2025-11-11,1.01,1534.6200000000001,-41.190000000000055,berlinda
ILC1206,Especial-ILC-hotel-JR-1Q,Especial,SC,"Florianópolis, SC","Florianópolis, SC, Jurerê Internacional",0,1971,7370.02,16,9179.91,2025-11,0.4,0.5499,12,30,623.43,566.78,9,2025-11-11,0.8,0.0,1809.8899999999994,berlinda
ILC4102,Especial-ILC-hotel-TOP-1Q,Especial,SC,"Florianópolis, SC","Florianópolis, SC, Jurerê Internacional",0,955,12871.3,30,11132.4,2025-11,0.7667,0.6976,23,30,681.74,621.5,6,2025-11-11,1.16,0.0,-1738.8999999999996,ok
IPTR0241,Balneario_Camboriu-Centro-apartamento-MASTER-2Q,Carteira 6,SC,"Balneário Camboriú, SC","Balneário Camboriú, SC, Centro",11,37,7653.48,15,7179.67,2025-11,0.8421,0.5188,16,30,641.13,,0,2025-11-11,1.07,7052.43,-473.8099999999995,berlinda
MCB1002,Balneario_Picarras-Geral-apartamento-SUP-2Q,Carteira 6,SC,"Balneário Piçarras, SC","Balneário Piçarras, SC, Itacolomi",0,239,2592.74,66,1594.17,2025-11,0.5333,0.2526,16,30,149.25,121.0,9,2025-11-11,1.63,0.0,-998.5699999999997,ok
MHF0908,Itapema-Canto_Praia-apartamento-TOP-2Q,Carteira 5,SC,"Itapema, SC","Itapema, SC, Centro",0,487,6101.73,14,3094.94,2025-11,0.8333,0.2903,25,30,289.76,217.5,4,2025-11-11,1.97,0.0,-3006.7899999999995,ok
MHFA2005,Itapema-Canto_Praia-apartamento-SUP-1Q,Carteira 5,SC,"Itapema, SC","Itapema, SC, Centro",4,474,2485.98,9,3362.19,2025-11,0.5385,0.347,14,30,215.0,201.5,12,2025-11-11,0.74,860.0,876.21,atenção
MMP0137,Itapema-Meia_Praia-Sul-apartamento-SUP-3Q,Carteira 6,SC,"Itapema, SC","Itapema, SC, Meia Praia",15,123,1633.48,17,4524.55,2025-11,0.5333,0.3695,8,30,254.38,180.0,4,2025-11-11,0.36,3815.7,2891.07,crítico
NWT0505,Especial-NWT-apartamento-TOP-1Q,Carteira 5,AL,"Maceió, AL","Maceió, AL, Pajuçara",0,366,5319.63,40,4657.0,2025-11,0.5,0.5442,15,30,396.27,342.14,7,2025-11-11,1.14,0.0,-662.6300000000001,ok
NWT1003,Especial-NWT-apartamento-TOP-1Q,Carteira 5,AL,"Maceió, AL","Maceió, AL, Pajuçara",0,199,6723.77,40,4657.0,2025-11,0.6667,0.5442,20,30,359.18,340.14,7,2025-11-11,1.44,0.0,-2066.7700000000004,ok
RLV0206,Florianopolis-Novo_Campeche-apartamento-SUP-3Q,Carteira 1,SC,"Florianópolis, SC","Florianópolis, SC, Campeche",4,317,6421.06,59,6978.07,2025-11,0.6538,0.5421,17,30,515.71,414.0,5,2025-11-11,0.92,2062.84,557.0099999999993,berlinda
RUC0002,Bombinhas-Mariscal-casa-JR-2Q,Carteira 6,SC,"Bombinhas, SC","Bombinhas, SC, Canto Grande",0,332,2726.56,18,1968.24,2025-11,0.7667,0.3944,23,30,157.48,154.0,7,2025-11-11,1.39,0.0,-758.3199999999999,ok
SSG0102,Florianopolis-UFSC-apartamento-TOP-1Q,Carteira 4,SC,"Florianópolis, SC","Florianópolis, SC, Córrego Grande",0,995,2994.49,16,2679.84,2025-11,0.4333,0.5048,13,30,258.69,239.6,10,2025-11-11,1.12,0.0,-314.64999999999964,ok
TXP1912,Goiania-Central-apartamento-TOP-2Q,Carteira 1_sys-price,GO,"Goiânia, GO","Goiânia, GO, Setor Bueno",0,757,1964.57,15,2289.08,2025-11,0.3333,0.2738,10,30,269.0,287.6,15,2025-11-11,0.86,0.0,324.51,berlinda
VAC0708,Barra_Velha-Tabuleiro-apartamento-SUP-2Q,Carteira 3,SC,"Barra Velha, SC","Barra Velha, SC, Itajubá",0,191,1886.84,12,2090.05,2025-11,0.4667,0.2928,14,30,160.86,176.83,12,2025-11-11,0.9,0.0,203.21000000000026,berlinda
VAC0906,Barra_Velha-Tabuleiro-apartamento-SUP-2Q,Carteira 3,SC,"Barra Velha, SC","Barra Velha, SC, Itajubá",3,127,0.0,12,2090.05,2025-11,0.0,0.2928,0,30,0.0,1603.0,16,2025-11-11,0.0,0.0,2090.05,crítico
VGZ0003,Imbituba-Praia_do_Rosa-casa-SUP-1Q,Carteira 6,SC,"Imbituba, SC","Imbituba, SC, Ibiraquera",2,620,3204.76,57,2501.25,2025-11,0.7857,0.3146,22,30,177.77,140.0,4,2025-11-11,1.28,355.54,-703.5100000000002,ok
VST026,Especial-VST-casa-TOP-1Q,Carteira 5,SC,"Anitápolis, SC","Anitápolis, SC, Rio dos Pinheiros",1,1,2523.18,41,2231.25,2025-11,0.4138,0.1613,12,30,219.57,173.36,11,2025-11-11,1.13,219.57,-291.92999999999984,ok
ACB0204,Florianopolis-Cachoeira_Bom_Jesus-apartamento-SUP-2Q,Carteira 1,SC,"Florianópolis, SC","Florianópolis, SC, Cachoeira do Bom Jesus",26,212,1017.01,21,3888.91,2025-11,1.0,0.382,4,30,393.0,,0,2025-11-11,0.26,10218.0,2871.8999999999996,crítico
BLS0754,Goiania-Central-apartamento-TOP-1Q,Carteira 1_sys-price,GO,"Goiânia, GO","Goiânia, GO, Setor Marista",0,46,2785.98,53,1579.58,2025-11,0.6333,0.3282,19,30,174.53,166.4,10,2025-11-11,1.76,0.0,-1206.4,ok
CMS0202,Florianopolis-Cachoeira_Bom_Jesus-apartamento-SUP-2Q,Carteira 1,SC,"Florianópolis, SC","Florianópolis, SC, Cachoeira do Bom Jesus",0,3,1752.05,21,3888.91,2025-11,0.2667,0.382,8,30,309.88,321.82,11,2025-11-11,0.45,0.0,2136.8599999999997,crítico
FFS1102,Itapema-Meia_Praia-Sul-apartamento-SUP-1Q,Carteira 6,SC,"Itapema, SC","Itapema, SC, Meia Praia",0,10,3204.31,15,2851.62,2025-11,0.7667,0.4879,23,30,164.39,115.75,4,2025-11-11,1.12,0.0,-352.69000000000005,ok
IDVA0903,Goiania-Central-2-apartamento-TOP-1Q,Carteira 1_sys-price,GO,"Goiânia, GO","Goiânia, GO, Setor Oeste",0,778,2934.18,35,1379.1,2025-11,0.5,0.2288,15,30,232.47,238.0,11,2025-11-11,2.13,0.0,-1555.08,meta_subestimada
JSM0103,Salvador-Flamengo-apartamento-SUP-2Q,Carteira 2,BA,"Salvador, BA","Salvador, BA, Stella Maris",18,60,1113.08,48,3112.94,2025-11,0.5833,0.4551,7,30,186.86,167.8,5,2025-11-11,0.36,3363.4800000000005,1999.8600000000001,crítico
LIV1408,Salvador-Graca-apartamento-TOP-1Q,Especial,BA,"Salvador, BA","Salvador, BA, Vitória",0,102,2790.95,15,3581.56,2025-11,0.4667,0.5526,14,30,251.43,255.38,13,2025-11-11,0.78,0.0,790.6100000000001,atenção
MHFA0507,Itapema-Canto_Praia-apartamento-SUP-1Q,Carteira 5,SC,"Itapema, SC","Itapema, SC, Centro",0,457,2759.41,9,3362.19,2025-11,0.6333,0.347,19,30,176.74,179.36,11,2025-11-11,0.82,0.0,602.7800000000002,berlinda
NOA1014,Sao_Paulo-Santo_Amaro-apartamento-SUP-1Q,Carteira 4,SP,"São Paulo, SP","São Paulo, SP, Santo Amaro",1,480,2045.15,158,3146.03,2025-11,0.3448,0.5012,10,30,198.15,141.08,12,2025-11-11,0.65,198.15,1100.88,atenção
NWT0815,Especial-NWT-apartamento-TOP-1Q,Carteira 5,AL,"Maceió, AL","Maceió, AL, Pajuçara",0,186,3329.23,40,4657.0,2025-11,0.4,0.5442,12,30,318.0,295.27,11,2025-11-11,0.71,0.0,1327.77,atenção
NWT1022,Especial-NWT-apartamento-TOP-1Q,Carteira 5,AL,"Maceió, AL","Maceió, AL, Pajuçara",1,199,4253.83,40,4657.0,2025-11,0.5862,0.5442,17,30,305.06,294.58,12,2025-11-11,0.91,305.06,403.1700000000001,berlinda
PEV025,Ubatuba-Tenorio-casa-JR-4Q,Carteira 4,SP,"Ubatuba, SP","Ubatuba, SP, Tenório",2,206,1230.24,51,5839.5,2025-11,0.1071,0.4265,3,30,466.0,342.29,14,2025-11-11,0.21,932.0,4609.26,crítico
PSO0309,Penha-Beto_Carrero-apartamento-SUP-1Q,Carteira 3,SC,"Penha, SC","Penha, SC, Praia de Armação do Itapocoroi",0,101,2485.49,16,1970.83,2025-11,0.5333,0.3803,16,30,189.06,163.57,7,2025-11-11,1.26,0.0,-514.6599999999999,ok
SPI0811,Sao_Paulo-Pinheiros-apartamento-TOP-1Q,Carteira 4_sys-price,SP,"São Paulo, SP","São Paulo, SP, Pinheiros",0,325,8586.66,275,4995.02,2025-11,0.8667,0.591,26,30,418.42,264.0,3,2025-11-11,1.72,0.0,-3591.6399999999994,ok
UPP0604,Curitiba-Centro-apartamento-JR-1Q,Carteira 4,PR,"Curitiba, PR","Curitiba, PR, Alto da XV",0,26,1109.71,282,1884.7,2025-11,0.3,0.5093,9,30,150.67,140.07,15,2025-11-11,0.59,0.0,774.99,atenção
VIN202,Florianopolis-Ingleses_Norte-apartamento-SUP-3Q,Carteira 1,SC,"Florianópolis, SC","Florianópolis, SC, Ingleses do Rio Vermelho",8,1591,3879.47,15,2759.65,2025-11,0.6818,0.2224,15,30,406.33,230.0,2,2025-11-11,1.41,3250.64,-1119.8199999999997,ok
VNV1301,Itapema-Praia_Centro-apartamento-SUP-2Q,Carteira 6,SC,"Itapema, SC","Itapema, SC, Tabuleiro dos Oliveiras",0,88,4377.33,17,2868.65,2025-11,0.7667,0.4165,23,30,224.91,146.8,5,2025-11-11,1.53,0.0,-1508.6799999999998,ok
BLS1354,Goiania-Central-apartamento-SUP-1Q,Carteira 1_sys-price,GO,"Goiânia, GO","Goiânia, GO, Setor Marista",0,204,2943.04,149,1516.4,2025-11,0.7,0.3335,21,30,165.52,164.0,8,2025-11-11,1.94,0.0,-1426.6399999999999,ok
CAR0201,Florianopolis-Jurere_Tradicional-apartamento-SUP-2Q,Carteira 1,SC,"Florianópolis, SC","Florianópolis, SC, Jurerê",0,37,8069.41,33,7035.03,2025-11,0.8667,0.556,26,30,362.46,282.0,3,2025-11-11,1.15,0.0,-1034.38,ok
CAR0206,Itajai-Centro-apartamento-JR-1Q,Carteira 6,SC,"Itajaí, SC","Itajaí, SC, Centro",0,163,3805.86,11,2094.43,2025-11,0.7667,0.4148,23,30,189.78,134.33,6,2025-11-11,1.82,0.0,-1711.4300000000003,ok
CARA0501,Itapema-Praia_Centro-apartamento-SUP-2Q,Carteira 6,SC,"Itapema, SC","Itapema, SC, Tabuleiro dos Oliveiras",0,51,3445.2,17,2868.65,2025-11,0.7333,0.4165,22,30,237.64,183.57,7,2025-11-11,1.2,0.0,-576.5499999999997,ok
CEG0202,Florianopolis-Jurere_Longe-apartamento-SUP-1Q,Carteira 1,SC,"Florianópolis, SC","Florianópolis, SC, Jurerê",8,523,3605.52,18,3417.68,2025-11,0.7727,0.3678,17,30,250.65,188.33,3,2025-11-11,1.05,2005.2,-187.84000000000015,berlinda
DNL0602,Itapema-Meia_Praia-Norte-apartamento-MASTER-2Q,Carteira 6,SC,"Itapema, SC","Itapema, SC, Meia Praia",3,331,8420.71,17,4379.63,2025-11,0.8148,0.2907,22,30,472.41,295.0,3,2025-11-11,1.92,1417.23,-4041.079999999999,ok
ILC3413,Especial-ILC-hotel-JR-1Q,Especial,SC,"Florianópolis, SC","Florianópolis, SC, Jurerê Internacional",0,1971,9623.27,16,9179.91,2025-11,0.6333,0.5499,19,30,602.16,571.29,7,2025-11-11,1.05,0.0,-443.3600000000006,berlinda
JBA202,Florianopolis-Jurere_Tradicional-apartamento-JR-2Q,Carteira 1,SC,"Florianópolis, SC","Florianópolis, SC, Jurerê Internacional",0,1971,3235.35,21,5552.62,2025-11,0.6,0.5808,18,30,274.81,236.09,11,2025-11-11,0.58,0.0,2317.27,atenção
LHG1603,Goiania-Central-2-apartamento-SUP-1Q,Carteira 1_sys-price,GO,"Goiânia, GO","Goiânia, GO, Setor Oeste",0,372,1810.19,25,1273.98,2025-11,0.4,0.265,12,30,180.92,201.07,15,2025-11-11,1.42,0.0,-536.21,ok
NWT0716,Especial-NWT-apartamento-TOP-1Q,Carteira 5,AL,"Maceió, AL","Maceió, AL, Pajuçara",0,38,4603.87,40,4657.0,2025-11,0.5333,0.5442,16,30,302.19,303.55,11,2025-11-11,0.99,0.0,53.13000000000011,berlinda
NWT1316,Especial-NWT-apartamento-MASTER-1Q,Carteira 5,AL,"Maceió, AL","Maceió, AL, Pajuçara",2,368,7696.07,30,6165.78,2025-11,0.7143,0.6885,20,30,452.3,375.0,7,2025-11-11,1.25,904.6,-1530.29,ok
OSH,Florianopolis-Jurere_Internacional-apartamento-TOP-2Q,Carteira 1,SC,"Florianópolis, SC","Florianópolis, SC, Jurerê Internacional",0,283,8313.6,23,8652.19,2025-11,0.7,0.5247,21,30,499.67,421.0,6,2025-11-11,0.96,0.0,338.59000000000015,berlinda
RAH1019,Florianopolis-Centrao-apartamento-JR-1Q,Carteira 4,SC,"Florianópolis, SC","Florianópolis, SC, Centro",0,247,3816.59,71,2585.44,2025-11,0.8,0.4921,24,30,202.75,147.33,6,2025-11-11,1.48,0.0,-1231.15,ok
SOT0303,Florianopolis-Jurere_Tradicional-apartamento-TOP-1Q,Carteira 1,SC,"Florianópolis, SC","Florianópolis, SC, Jurerê",0,263,5168.04,18,6829.73,2025-11,0.6333,0.605,19,30,333.58,400.33,6,2025-11-11,0.76,0.0,1661.6899999999996,atenção
TCO1117,Porto_Alegre-Centro_Historico-apartamento-SUP-1Q,Carteira 4,RS,"Porto Alegre, RS","Porto Alegre, RS, Centro Histórico",0,430,2245.54,72,1793.66,2025-11,0.6333,0.4337,19,30,124.59,120.0,8,2025-11-11,1.25,0.0,-451.8799999999999,ok
TXP0609,Goiania-Central-apartamento-SUP-1Q,Carteira 1_sys-price,GO,"Goiânia, GO","Goiânia, GO, Setor Bueno",1,761,2194.58,149,1516.4,2025-11,0.5517,0.3335,16,30,149.25,152.0,12,2025-11-11,1.45,149.25,-678.1799999999998,ok
UPS1002,Porto_Belo-Geral-apartamento-JR-3Q,Carteira 6,SC,"Porto Belo, SC","Porto Belo, SC, Perequê",1,99,4127.73,21,3177.66,2025-11,0.7931,0.2968,23,30,218.83,160.33,6,2025-11-11,1.3,218.83,-950.0699999999997,ok
VTD0302,Florianopolis-UFSC-apartamento-SUP-1Q,Carteira 4,SC,"Florianópolis, SC","Florianópolis, SC, Trindade",2,137,1968.85,40,2727.0,2025-11,0.3571,0.4971,10,30,247.7,350.0,12,2025-11-11,0.72,495.4,758.1500000000001,atenção
ALT0402,Gramado-Geral-apartamento-TOP-3Q,Carteira 4,RS,"Gramado, RS","Gramado, RS, Tres Pinheiros",6,142,7657.54,18,7747.54,2025-11,0.9167,0.533,22,30,482.18,391.0,2,2025-11-11,0.99,2893.08,90.0,berlinda
BLI1801,Goiania-Sul-apartamento-TOP-2Q,Carteira 1_sys-price,GO,"Goiânia, GO","Goiânia, GO, Setor Bela Vista",0,361,3694.93,60,2979.85,2025-11,0.5333,0.3513,16,30,317.06,307.78,9,2025-11-11,1.24,0.0,-715.0799999999999,ok
CAN304,Bombinhas-Bombas-apartamento-JR-2Q,Carteira 6,SC,"Bombinhas, SC","Bombinhas, SC, bombas",0,1094,3372.29,35,2335.8,2025-11,0.8667,0.3055,26,30,161.58,104.75,4,2025-11-11,1.44,0.0,-1036.4899999999998,ok
DME025,Florianopolis-Jurere_Internacional-casa-SUP-4Q,Carteira 1,SC,"Florianópolis, SC","Florianópolis, SC, Jurerê Internacional",9,207,14081.49,15,13023.06,2025-11,0.8571,0.4177,18,30,1008.06,400.0,1,2025-11-11,1.08,9072.539999999999,-1058.4300000000003,berlinda
DPA210,Aguas_Claras-Geral-apartamento-SUP-1Q,Carteira 1,DF,"Brasília, DF","Brasília, DF, Guará",0,597,3302.09,100,2016.28,2025-11,0.7667,0.4985,23,30,204.52,227.67,6,2025-11-11,1.64,0.0,-1285.8100000000002,ok
ECH0205,Florianopolis-Centrao-apartamento-SUP-1Q,Carteira 4,SC,"Florianópolis, SC","Florianópolis, SC, Centro",0,32,4532.5,126,3394.05,2025-11,0.8,0.4536,24,30,228.82,217.6,5,2025-11-11,1.34,0.0,-1138.4499999999998,ok
EEP0901,Guarapari-Centro-apartamento-SUP-2Q,Carteira 4,ES,"Guarapari, ES","Guarapari, ES, São Judas Tadeu",0,115,1142.04,12,2801.99,2025-11,0.1667,0.2742,5,30,256.8,199.59,17,2025-11-11,0.41,0.0,1659.9499999999998,crítico
EEP1101,Guarapari-Centro-apartamento-SUP-2Q,Carteira 4,ES,"Guarapari, ES","Guarapari, ES, São Judas Tadeu",0,115,1230.06,12,2801.99,2025-11,0.1667,0.2742,5,30,266.4,197.6,15,2025-11-11,0.44,0.0,1571.9299999999998,crítico
EVR1703,Porto_Belo-Geral-apartamento-TOP-2Q,Carteira 6,SC,"Porto Belo, SC","Porto Belo, SC, Balneário Perequê",0,50,3395.48,13,3503.7,2025-11,0.7333,0.316,22,30,197.95,171.33,6,2025-11-11,0.97,0.0,108.2199999999998,berlinda
FLO001,Porto_Seguro-Pataxos-casa-SUP-2Q,Carteira 2,BA,"Porto Seguro, BA","Porto Seguro, BA, Paraíso Pataxós",10,416,0.0,15,2909.41,2025-11,0.0,0.3892,0,30,0.0,190.85,13,2025-11-11,0.0,0.0,2909.41,crítico
HAI0702,Salvador-Centro-apartamento-JR-1Q,Carteira 2,BA,"Salvador, BA","Salvador, BA, Centro",0,366,2249.38,28,2017.3,2025-11,0.6667,0.5326,20,30,150.65,126.44,9,2025-11-11,1.12,0.0,-232.08000000000015,ok
ILC1406,Especial-ILC-hotel-JR-1Q,Especial,SC,"Florianópolis, SC","Florianópolis, SC, Jurerê Internacional",0,1165,10044.95,16,9179.91,2025-11,0.6667,0.5499,20,30,723.3,595.78,9,2025-11-11,1.09,0.0,-865.0400000000009,berlinda
JBV124,Especial-JBV-hotel-JR-1Q,Especial,SC,"Florianópolis, SC","Florianópolis, SC, Jurerê",0,1928,7896.32,25,9026.89,2025-11,0.6,0.58,18,30,576.88,692.11,9,2025-11-11,0.87,0.0,1130.5699999999997,berlinda
ONE0804,Salvador-Piata-apartamento-SUP-1Q,Carteira 5,BA,"Salvador, BA","Salvador, BA, Piatã",1,3,1239.88,22,1510.83,2025-11,0.3793,0.4147,11,30,144.18,178.33,12,2025-11-11,0.82,144.18,270.9499999999998,berlinda
PRY0003,Porto_Seguro-Pataxos-apartamento-SUP-2Q,Carteira 2,BA,"Porto Seguro, BA","Porto Seguro, BA, Taperapuã",0,43,4142.7,27,3632.05,2025-11,0.7667,0.4027,23,30,218.74,313.0,4,2025-11-11,1.14,0.0,-510.64999999999964,ok
PSOB0607,Penha-Beto_Carrero-apartamento-SUP-1Q,Carteira 3,SC,"Penha, SC","Penha, SC, Praia de Armação do Itapocoroi",0,93,2908.79,16,1970.83,2025-11,0.5667,0.3803,17,30,210.41,178.88,8,2025-11-11,1.48,0.0,-937.96,ok
RGN0203,Florianopolis-Ingleses_Centro-apartamento-SUP-2Q,Carteira 1,SC,"Florianópolis, SC","Florianópolis, SC, Ingleses do Rio Vermelho",0,347,466.48,24,2370.27,2025-11,0.0667,0.316,2,30,315.0,500.0,17,2025-11-11,0.2,0.0,1903.79,crítico
SMT0805,Salvador-Boca_do_Rio-apartamento-TOP-1Q,Carteira 2,BA,"Salvador, BA","Salvador, BA, Jardim Armação",2,239,1589.15,16,3097.97,2025-11,0.3214,0.5778,9,30,223.67,243.08,13,2025-11-11,0.51,447.34,1508.8199999999997,atenção
SMT0931,Salvador-Boca_do_Rio-apartamento-TOP-1Q,Carteira 2,BA,"Salvador, BA","Salvador, BA, Jardim Armação",0,239,1557.29,16,3097.97,2025-11,0.3,0.5778,9,30,211.56,228.25,16,2025-11-11,0.5,0.0,1540.6799999999998,atenção
TCO0611,Porto_Alegre-Centro_Historico-apartamento-SUP-1Q,Carteira 4,RS,"Porto Alegre, RS","Porto Alegre, RS, Centro Histórico",0,491,1669.34,72,1793.66,2025-11,0.4,0.4337,12,30,124.44,120.0,10,2025-11-11,0.93,0.0,124.32000000000016,berlinda
TXP0207,Goiania-Central-apartamento-SUP-1Q,Carteira 1_sys-price,GO,"Goiânia, GO","Goiânia, GO, Setor Bueno",0,772,2436.53,149,1516.4,2025-11,0.6333,0.3335,19,30,157.58,150.6,10,2025-11-11,1.61,0.0,-920.1300000000001,ok
UML0101,Bombinhas-Mariscal-apartamento-TOP-2Q,Carteira 6,SC,"Bombinhas, SC","Bombinhas, SC, Mariscal",3,316,5241.29,11,2287.14,2025-11,0.8519,0.2905,23,30,300.22,262.5,2,2025-11-11,2.29,900.6600000000001,-2954.15,meta_subestimada
UPP0214,Curitiba-Centro-apartamento-JR-1Q,Carteira 4,PR,"Curitiba, PR","Curitiba, PR, Alto da XV",0,8,1545.32,282,1884.7,2025-11,0.4,0.5093,12,30,138.75,136.93,15,2025-11-11,0.82,0.0,339.3800000000001,berlinda
VLPC0103,Mata_de_Sao_Joao-Praia_do_Forte-apartamento-SUP-2Q,Carteira 2,BA,"Mata de São João, BA","Mata de São João, BA, Centro",4,261,4391.86,26,6384.52,2025-11,0.6154,0.446,16,30,333.81,262.22,9,2025-11-11,0.69,1335.24,1992.6600000000008,atenção
ATP0006,Porto_Seguro-Pitinga-casa-SUP-4Q,Carteira 2,BA,"Porto Seguro, BA","Porto Seguro, BA, Arraial dAjuda",2,339,1679.85,9,4557.08,2025-11,0.1071,0.2489,3,30,700.0,453.79,14,2025-11-11,0.37,1400.0,2877.23,crítico
BCA1409,Salvador-Ondina_Rio_Vermelho-apartamento-TOP-1Q,Carteira 2,BA,"Salvador, BA","Salvador, BA, Ondina",0,327,5876.15,34,3630.22,2025-11,0.7667,0.5369,23,30,316.57,241.0,5,2025-11-11,1.62,0.0,-2245.93,ok
BFT3207,Goiania-Leste-apartamento-SUP-1Q,Carteira 1_sys-price,GO,"Goiânia, GO","Goiânia, GO, Jardim Goiás",0,772,2496.33,74,1505.82,2025-11,0.6333,0.3364,19,30,156.16,149.67,9,2025-11-11,1.66,0.0,-990.51,ok
BVA0303,Sao_Paulo-Republica-apartamento-SUP-2Q,Carteira 4,SP,"São Paulo, SP",Sao_Paulo-Republica,0,57,5287.58,45,4528.05,2025-11,0.8667,0.7496,26,30,261.12,237.75,4,2025-11-11,1.17,0.0,-759.5299999999997,ok
CET2001,Balneario_Camboriu-Centro-apartamento-SUP-4Q,Carteira 6,SC,"Balneário Camboriú, SC","Balneário Camboriú, SC, Barra Sul",6,9,2653.76,20,5880.13,2025-11,0.6667,0.505,16,30,210.5,345.75,8,2025-11-11,0.45,1263.0,3226.37,crítico
CGF135,Sao_Paulo-Republica-apartamento-TOP-1Q,Carteira 4,SP,"São Paulo, SP","São Paulo, SP, Bela Vista",0,575,2627.56,105,4326.1,2025-11,0.4667,0.6189,14,30,213.36,176.0,14,2025-11-11,0.61,0.0,1698.5400000000004,atenção
CNA014,Especial-CNA-casa-MASTER-1Q,Especial,SP,"Campos do Jordão, SP","Campos do Jordão, SP, Jardim Europa",0,1016,12571.56,25,8206.44,2025-11,0.7667,0.4048,23,30,641.48,582.29,7,2025-11-11,1.53,0.0,-4365.119999999999,ok
COS0034,Curitiba-Jardim_Botanico-apartamento-JR-3Q,Carteira 4,PR,"Curitiba, PR","Curitiba, PR, Cristo Rei",11,15,2916.22,7,4452.62,2025-11,0.7895,0.6176,15,30,227.67,229.25,4,2025-11-11,0.65,2504.37,1536.4,atenção
CPJ504,Florianopolis-Jurere_Internacional-apartamento-SUP-2Q,Carteira 1,SC,"Florianópolis, SC","Florianópolis, SC, Jurerê Internacional",0,201,6515.17,23,6292.55,2025-11,0.7,0.4589,21,30,367.1,288.5,4,2025-11-11,1.04,0.0,-222.6199999999999,berlinda
CRI0301,Florianopolis-Ribeirao-apartamento-TOP-1Q,Carteira 4,SC,"Florianópolis, SC","Florianópolis, SC, Ribeirão da Ilha",1,527,2029.31,37,2679.2,2025-11,0.3793,0.4059,11,30,214.55,216.91,11,2025-11-11,0.76,214.55,649.8899999999999,atenção
CTB2405,Sao_Paulo-Brooklin-apartamento-SUP-1Q,Carteira 4,SP,"São Paulo, SP","São Paulo, SP, Vila Cordeiro",0,100,6079.95,294,3655.93,2025-11,0.8667,0.545,26,30,296.85,237.75,4,2025-11-11,1.66,0.0,-2424.02,ok
ERZ0502,Balneario_Camboriu-Intermediario-apartamento-SUP-2Q,Carteira 6,SC,"Balneário Camboriú, SC","Balneário Camboriú, SC, Centro",1,625,2833.96,74,3649.28,2025-11,0.3793,0.4021,11,30,345.55,275.0,14,2025-11-11,0.78,345.55,815.3200000000002,atenção
ILC1506,Especial-ILC-hotel-TOP-1Q,Especial,SC,"Florianópolis, SC","Florianópolis, SC, Jurerê Internacional",0,456,15620.82,30,11132.4,2025-11,0.7667,0.6976,23,30,792.96,651.83,6,2025-11-11,1.4,0.0,-4488.42,ok
JAS0002,Florianopolis-Lagoa-apartamento-JR-1Q,Carteira 1,SC,"Florianópolis, SC","Florianópolis, SC, Lagoa da Conceição",10,165,1798.52,22,3422.92,2025-11,0.65,0.542,13,30,148.62,,0,2025-11-11,0.53,1486.2,1624.4,atenção
JRE1223,Porto_Alegre-Cidade_Baixa-apartamento-SUP-1Q,Carteira 4,RS,"Porto Alegre, RS","Porto Alegre, RS, Centro Histórico",2,292,584.51,39,2495.9,2025-11,0.1786,0.4444,5,30,141.0,170.29,17,2025-11-11,0.23,282.0,1911.39,crítico
JVV303,Florianopolis-Itacorubi-apartamento-SUP-1Q,Carteira 4,SC,"Florianópolis, SC","Florianópolis, SC, Itacorubi",2,590,3318.15,12,2579.11,2025-11,0.8571,0.4605,24,30,243.79,136.5,2,2025-11-11,1.29,487.58,-739.04,ok
LIV1705,Salvador-Graca-apartamento-SUP-1Q,Especial,BA,"Salvador, BA","Salvador, BA, Vitória",0,121,5524.12,38,2896.12,2025-11,0.9333,0.5153,28,30,269.29,242.5,2,2025-11-11,1.91,0.0,-2628.0,ok
MHE003,Florianopolis-Cachoeira_Bom_Jesus-apartamento-MASTER-2Q,Carteira 1,SC,"Florianópolis, SC","Florianópolis, SC, Cachoeira do Bom Jesus",13,1132,8063.62,11,7925.17,2025-11,0.8824,0.5347,15,30,631.73,,0,2025-11-11,1.02,8212.49,-138.44999999999982,berlinda
MHFA0905,Itapema-Canto_Praia-apartamento-SUP-1Q,Carteira 5,SC,"Itapema, SC","Itapema, SC, Centro",0,472,2275.55,9,3362.19,2025-11,0.4333,0.347,13,30,201.69,181.0,12,2025-11-11,0.68,0.0,1086.6399999999999,atenção
MHFB1607,Itapema-Canto_Praia-apartamento-SUP-1Q,Carteira 5,SC,"Itapema, SC","Itapema, SC, Centro",1,393,2136.36,9,3362.19,2025-11,0.4483,0.347,13,30,194.15,177.58,12,2025-11-11,0.64,194.15,1225.83,atenção
NWT0908,Especial-NWT-apartamento-TOP-1Q,Carteira 5,AL,"Maceió, AL","Maceió, AL, Pajuçara",0,221,6094.31,40,4657.0,2025-11,0.8667,0.5442,26,30,297.42,351.5,2,2025-11-11,1.31,0.0,-1437.3100000000004,ok
NWT1020,Especial-NWT-apartamento-TOP-1Q,Carteira 5,AL,"Maceió, AL","Maceió, AL, Pajuçara",2,180,3596.01,40,4657.0,2025-11,0.4286,0.5442,12,30,309.71,289.33,9,2025-11-11,0.77,619.42,1060.9899999999998,atenção
PSOB1102,Penha-Beto_Carrero-apartamento-TOP-1Q,Carteira 3,SC,"Penha, SC","Penha, SC, Praia de Armação do Itapocoroi",0,129,3313.24,16,4132.99,2025-11,0.6333,0.6017,19,30,203.16,195.0,9,2025-11-11,0.8,0.0,819.75,berlinda
RIT0201,Florianopolis-Praia_Brava-apartamento-TOP-3Q,Carteira 1,SC,"Florianópolis, SC","Florianópolis, SC, Praia Brava",6,257,7363.29,16,7544.31,2025-11,0.5417,0.4935,13,30,721.69,503.0,5,2025-11-11,0.98,4330.14,181.02000000000044,berlinda
RTG101,Florianopolis-Ingleses_Norte-apartamento-TOP-2Q,Carteira 1,SC,"Florianópolis, SC","Florianópolis, SC, Ingleses do Rio Vermelho",0,1173,2930.14,19,3448.22,2025-11,0.3667,0.4098,11,30,310.54,273.5,12,2025-11-11,0.85,0.0,518.0799999999999,berlinda
RTO0502,Itapema-Praia_Itapema-apartamento-SUP-4Q,Carteira 6,SC,"Itapema, SC","Itapema, SC, Andorinha",5,500,6389.32,12,4963.99,2025-11,0.72,0.3467,18,30,422.24,,0,2025-11-11,1.29,2111.2,-1425.33,ok
SDR001,Florianopolis-Lagoa-apartamento-SUP-1Q,Carteira 1,SC,"Florianópolis, SC","Florianópolis, SC, Lagoa da Conceição",0,1569,2197.8,25,3319.53,2025-11,0.5,0.584,15,30,188.33,206.3,10,2025-11-11,0.66,0.0,1121.73,atenção
SLV0011,Goiania-Universitario-apartamento-SUP-1Q,Carteira 1_sys-price,GO,"Goiânia, GO","Goiânia, GO, Setor Leste Vila Nova",0,323,1446.31,50,1297.83,2025-11,0.3667,0.2963,11,30,141.27,172.41,17,2025-11-11,1.11,0.0,-148.48000000000002,ok
TPS0308,Florianopolis-Canasvieiras_Meio-apartamento-TOP-1Q,Carteira 1,SC,"Florianópolis, SC","Florianópolis, SC, Canasvieiras",0,151,3064.94,25,4223.9,2025-11,0.4667,0.563,14,30,262.29,226.1,10,2025-11-11,0.73,0.0,1158.9599999999996,atenção
TXP1004,Goiania-Central-apartamento-SUP-1Q,Carteira 1_sys-price,GO,"Goiânia, GO","Goiânia, GO, Setor Bueno",0,221,2304.2,149,1516.4,2025-11,0.6,0.3335,18,30,158.94,177.73,11,2025-11-11,1.52,0.0,-787.7999999999997,ok
VRL0002,Camaçari-Itacimirim-apartamento-JR-2Q,Carteira 2,BA,"Camaçari, BA","Camaçari, BA, Centro",0,379,1925.01,23,3858.61,2025-11,0.4333,0.4513,13,30,188.85,185.9,10,2025-11-11,0.5,0.0,1933.6000000000001,crítico
VST025,Especial-VST-casa-TOP-1Q,Carteira 5,SC,"Anitápolis, SC","Anitápolis, SC, Rio dos Pinheiros",1,199,3916.75,41,2231.25,2025-11,0.5862,0.1613,17,30,281.24,222.5,8,2025-11-11,1.76,281.24,-1685.5,ok
BFH0101,Balneario_Camboriu-Longe-apartamento-JR-2Q,Carteira 6,SC,"Balneário Camboriú, SC","Balneário Camboriú, SC, Nações",20,676,1164.75,27,1602.94,2025-11,1.0,0.3549,10,30,175.2,,0,2025-11-11,0.73,3504.0,438.19000000000005,atenção
BSO0205,Itajai-Praia_Brava-apartamento-SUP-1Q,Carteira 6,SC,"Balneário Camboriú, SC","Balneário Camboriú, SC, Praia dos Amores",0,198,2739.57,10,2766.14,2025-11,0.6333,0.5032,19,30,173.11,139.55,11,2025-11-11,0.99,0.0,26.56999999999971,berlinda
CLG0408,Florianopolis-Centrao-apartamento-TOP-1Q,Carteira 4,SC,"Florianópolis, SC","Florianópolis, SC, Centro",0,64,0.0,30,4258.39,2025-11,0.0,0.4441,0,30,0.0,320.0,19,2025-11-11,0.0,0.0,4258.39,crítico
CRVA0007,Florianopolis-Praia_Brava-apartamento-JR-2Q,Carteira 1,SC,"Florianópolis, SC","Florianópolis, SC, Canasvieiras",2,344,3295.62,13,2384.46,2025-11,0.5,0.3017,14,30,299.93,218.43,7,2025-11-11,1.38,599.86,-911.1599999999999,ok
DLH0204,Gramado-Centro-apartamento-TOP-2Q,Carteira 4,RS,"Gramado, RS","Gramado, RS, Centro",2,450,11131.45,55,10638.6,2025-11,0.75,0.6864,21,30,684.48,490.0,4,2025-11-11,1.05,1368.96,-492.85000000000036,berlinda
DNAG2007,Goiania-Central-apartamento-TOP-1Q,Carteira 1_sys-price,GO,"Goiânia, GO","Goiânia, GO, Setor Bueno",0,15,3343.23,53,1579.58,2025-11,0.6333,0.3282,19,30,253.47,202.36,11,2025-11-11,2.12,0.0,-1763.65,meta_subestimada
ENC0307,Salvador-Ondina_Rio_Vermelho-apartamento-TOP-1Q,Carteira 2,BA,"Salvador, BA","Salvador, BA, Rio Vermelho",1,109,6799.42,34,3630.22,2025-11,1.0,0.5369,29,30,270.62,,0,2025-11-11,1.87,270.62,-3169.2000000000003,ok
EOA0803,Balneario_Camboriu-Centro-apartamento-SUP-3Q,Carteira 6,SC,"Balneário Camboriú, SC","Balneário Camboriú, SC, Centro",5,241,7148.6,75,3720.25,2025-11,0.92,0.4048,23,30,377.0,290.5,2,2025-11-11,1.92,1885.0,-3428.3500000000004,ok
HMO0409,Sao_Paulo-Butanta-apartamento-SUP-1Q,Carteira 4,SP,"São Paulo, SP","São Paulo, SP, Butantã",1,435,2550.67,30,3029.24,2025-11,0.3793,0.5663,11,30,236.31,197.08,12,2025-11-11,0.84,236.31,478.5699999999997,berlinda
MHF0501,Itapema-Canto_Praia-apartamento-TOP-1Q,Carteira 5,SC,"Itapema, SC","Itapema, SC, Centro",0,457,2438.54,17,2947.0,2025-11,0.5,0.4478,15,30,197.33,236.07,15,2025-11-11,0.83,0.0,508.46000000000004,berlinda
MHF0807,Itapema-Canto_Praia-apartamento-TOP-1Q,Carteira 5,SC,"Itapema, SC","Itapema, SC, Centro",0,372,3550.69,17,2947.0,2025-11,0.6333,0.4478,19,30,225.63,222.83,6,2025-11-11,1.2,0.0,-603.69,ok
NWT0916,Especial-NWT-apartamento-TOP-1Q,Carteira 5,AL,"Maceió, AL","Maceió, AL, Pajuçara",0,221,4040.84,40,4657.0,2025-11,0.5333,0.5442,16,30,302.44,281.82,11,2025-11-11,0.87,0.0,616.1599999999999,berlinda
NWT1012,Especial-NWT-apartamento-TOP-1Q,Carteira 5,AL,"Maceió, AL","Maceió, AL, Pajuçara",4,185,5822.04,40,4657.0,2025-11,0.8077,0.5442,21,30,319.0,280.0,1,2025-11-11,1.25,1276.0,-1165.04,ok
OBP0602,Penha-Beto_Carrero-apartamento-TOP-2Q,Carteira 3,SC,"Penha, SC","Penha, SC, Armação",0,59,1542.03,49,4153.95,2025-11,0.2333,0.3903,7,30,239.57,233.25,12,2025-11-11,0.37,0.0,2611.92,crítico
PNA0402,Balneario_Camboriu-Centro-apartamento-SUP-3Q,Carteira 6,SC,"Balneário Camboriú, SC","Balneário Camboriú, SC, Centro",0,542,5869.19,75,3720.25,2025-11,0.7333,0.4048,22,30,360.68,214.25,8,2025-11-11,1.58,0.0,-2148.9399999999996,ok
PSOB1007,Penha-Beto_Carrero-apartamento-SUP-1Q,Carteira 3,SC,"Penha, SC","Penha, SC, Praia de Armação do Itapocoroi",0,129,1585.49,16,1970.83,2025-11,0.2667,0.3803,8,30,218.63,198.4,15,2025-11-11,0.8,0.0,385.3399999999999,berlinda
SKL1203,Penha-Praia-apartamento-SUP-2Q,Carteira 6,SC,"Penha, SC","Penha, SC, Armação",4,4,2184.69,50,3787.89,2025-11,0.4231,0.4691,11,30,236.09,175.64,11,2025-11-11,0.58,944.36,1603.1999999999998,atenção
SPJ0405,Especial-SPJ-apartamento-TOP-1Q,Carteira 5,SC,"Florianópolis, SC","Florianópolis, SC, Jurerê",2,335,5539.07,15,6230.75,2025-11,0.8214,0.6136,23,30,312.0,287.8,5,2025-11-11,0.89,624.0,691.6800000000003,berlinda
TAN0000,Imbituba-Ibiraquera-casa-JR-2Q,Carteira 6,SC,"Imbituba, SC","Imbituba, SC, Ibiraquera",18,227,1302.58,28,2147.84,2025-11,0.6667,0.3408,8,30,187.0,160.0,4,2025-11-11,0.61,3366.0,845.2600000000002,atenção
TSO0501,Balneario_Camboriu-Longe-apartamento-MASTER-2Q,Carteira 6,SC,"Balneário Camboriú, SC","Balneário Camboriú, SC, Estados",8,52,4547.27,34,3885.14,2025-11,0.8182,0.4511,18,30,315.5,250.0,4,2025-11-11,1.17,2524.0,-662.1300000000006,ok
VGZ0002,Imbituba-Praia_do_Rosa-casa-SUP-1Q,Carteira 6,SC,"Imbituba, SC","Imbituba, SC, Ibiraquera",4,620,3240.31,57,2501.25,2025-11,0.8462,0.3146,22,30,178.68,110.0,2,2025-11-11,1.3,714.72,-739.06,ok
VLRY705,Florianopolis-Centrao-apartamento-SUP-1Q,Carteira 4,SC,"Florianópolis, SC","Florianópolis, SC, Centro",0,275,2704.88,126,3394.05,2025-11,0.5667,0.4536,17,30,191.35,158.82,11,2025-11-11,0.8,0.0,689.1700000000001,atenção
ACO803,Balneario_Camboriu-Centro-apartamento-SUP-2Q,Carteira 6,SC,"Balneário Camboriú, SC","Balneário Camboriú, SC, Centro",3,605,4268.52,69,4233.64,2025-11,0.5926,0.4374,16,30,302.0,196.4,10,2025-11-11,1.01,906.0,-34.88000000000011,berlinda
CED0107,Brasilia-Asa_Sul-apartamento-SUP-1Q,Carteira 1_sys-price,DF,"Brasília, DF","Brasília, DF, Setor Sudoeste",0,65,1782.89,139,3635.09,2025-11,0.3333,0.7138,10,30,230.3,241.42,19,2025-11-11,0.49,0.0,1852.2,crítico
CNB004,Especial-CNB-casa-TOP-1Q,Especial,SP,"Campos do Jordão, SP","Campos do Jordão, SP, Jardim Europa",1,596,8453.91,16,4791.07,2025-11,0.5517,0.5074,16,30,573.67,613.88,8,2025-11-11,1.76,573.67,-3662.84,ok
CNB006,Especial-CNB-casa-TOP-1Q,Especial,SP,"Campos do Jordão, SP","Campos do Jordão, SP, Jardim Europa",0,596,2598.2,16,4791.07,2025-11,0.1333,0.5074,4,30,754.75,617.32,19,2025-11-11,0.54,0.0,2192.87,atenção
CTS0203,Florianopolis-Itacorubi-apartamento-SUP-2Q,Carteira 4,SC,"Florianópolis, SC","Florianópolis, SC, Itacorubi",2,107,2070.78,17,2102.22,2025-11,0.3214,0.4887,9,30,300.22,221.85,13,2025-11-11,0.99,600.44,31.4399999999996,berlinda
CZZ0504,Urubici-Geral-apartamento-SUP-1Q,Especial,SC,"Urubici, SC","Urubici, SC, Centro",0,226,1907.81,49,1401.48,2025-11,0.3667,0.1601,11,30,188.36,213.67,15,2025-11-11,1.36,0.0,-506.3299999999999,ok
EBI0603,Curitiba-Jardim_Botanico-apartamento-SUP-1Q,Carteira 4,PR,"Curitiba, PR","Curitiba, PR, Prado Velho",0,170,1617.27,15,2758.25,2025-11,0.4,0.6,12,30,155.5,140.8,15,2025-11-11,0.59,0.0,1140.98,atenção
FLT0004,Florianopolis-Centrao-apartamento-SIM-1Q,Carteira 4,SC,"Florianópolis, SC","Florianópolis, SC, Centro",0,317,2109.31,12,1918.53,2025-11,0.5667,0.3837,17,30,152.18,108.64,11,2025-11-11,1.1,0.0,-190.77999999999997,berlinda
IAA0503,Recife-Boa_Viagem-apartamento-TOP-1Q,Carteira 2,PE,"Recife, PE","Recife, PE, Boa Viagem",0,598,4397.83,39,3873.53,2025-11,0.7667,0.6083,23,30,225.65,202.0,7,2025-11-11,1.14,0.0,-524.2999999999997,ok
IDO207,Florianopolis-Canajure-apartamento-SUP-2Q,Carteira 1,SC,"Florianópolis, SC","Florianópolis, SC, Jurerê",6,467,5901.37,27,5283.94,2025-11,0.9167,0.5456,22,30,358.91,379.5,2,2025-11-11,1.12,2153.46,-617.4300000000003,ok
JMA009,Florianopolis-Jurere_Longe-apartamento-JR-1Q,Carteira 1,SC,"Florianópolis, SC","Florianópolis, SC, Jurerê",0,487,1116.47,39,1965.96,2025-11,0.2667,0.455,8,30,152.5,151.36,14,2025-11-11,0.57,0.0,849.49,atenção
MBCAR1203,Goiania-Leste-apartamento-SUP-2Q,Carteira 1_sys-price,GO,"Goiânia, GO","Goiânia, GO, Jardim Goiás",0,296,2482.41,22,2199.13,2025-11,0.3667,0.3382,11,30,273.0,273.0,16,2025-11-11,1.13,0.0,-283.27999999999975,ok
MHF1209,Itapema-Canto_Praia-apartamento-TOP-2Q,Carteira 5,SC,"Itapema, SC","Itapema, SC, Centro",0,185,5627.94,14,3094.94,2025-11,0.7,0.2903,21,30,302.0,228.22,9,2025-11-11,1.82,0.0,-2532.9999999999995,ok
MHFA0504,Itapema-Canto_Praia-apartamento-SUP-1Q,Carteira 5,SC,"Itapema, SC","Itapema, SC, Centro",0,456,2521.37,9,3362.19,2025-11,0.6,0.347,18,30,162.89,165.0,10,2025-11-11,0.75,0.0,840.8200000000002,atenção
MHFB0705,Itapema-Canto_Praia-apartamento-SUP-1Q,Carteira 5,SC,"Itapema, SC","Itapema, SC, Centro",0,255,2682.04,9,3362.19,2025-11,0.5,0.347,15,30,171.83,208.22,9,2025-11-11,0.8,0.0,680.1500000000001,atenção
RBA201,Florianopolis-Canasvieiras_Meio-apartamento-SUP-1Q,Carteira 1,SC,"Florianópolis, SC","Florianópolis, SC, Canasvieiras",0,787,3867.81,38,3287.15,2025-11,0.7,0.6164,21,30,252.67,221.78,9,2025-11-11,1.18,0.0,-580.6599999999999,ok
RRI0106,Florianopolis-Centrao-apartamento-SUP-1Q,Carteira 4,SC,"Florianópolis, SC","Florianópolis, SC, Centro",0,15,4011.76,126,3394.05,2025-11,0.8667,0.4536,26,30,194.0,174.0,4,2025-11-11,1.18,0.0,-617.71,ok
RUP1405,Blumenau-Central-apartamento-SUP-1Q,Carteira 4,SC,"Blumenau, SC","Blumenau, SC, Escola Agrícola",0,473,1154.18,61,968.38,2025-11,0.3,0.2419,9,30,130.1,130.75,12,2025-11-11,1.19,0.0,-185.80000000000007,ok
SLI0715,Maceio-Ponta_Verde-apartamento-TOP-2Q,Carteira 2,AL,"Maceió, AL","Maceió, AL, Ponta Verde",0,264,5747.36,40,6287.19,2025-11,0.7333,0.7283,22,30,316.0,281.5,6,2025-11-11,0.91,0.0,539.8299999999999,berlinda
SMT0505,Salvador-Boca_do_Rio-apartamento-TOP-1Q,Carteira 2,BA,"Salvador, BA","Salvador, BA, Jardim Armação",0,87,2229.33,16,3097.97,2025-11,0.4667,0.5778,14,30,205.36,222.54,13,2025-11-11,0.72,0.0,868.6399999999999,atenção
SOA0506,Salvador-Boca_do_Rio-apartamento-SUP-1Q,Carteira 2,BA,"Salvador, BA","Salvador, BA, Boca do Rio",0,445,1262.88,33,2261.0,2025-11,0.4,0.4852,12,30,128.0,149.38,16,2025-11-11,0.56,0.0,998.1199999999999,atenção
TXP0314,Goiania-Central-apartamento-TOP-2Q,Carteira 1_sys-price,GO,"Goiânia, GO","Goiânia, GO, Setor Bueno",2,753,2725.38,15,2289.08,2025-11,0.1786,0.2738,5,30,310.0,311.0,13,2025-11-11,1.19,620.0,-436.3000000000002,ok
VBP1805,Sao_Paulo-Pinheiros-apartamento-TOP-1Q,Carteira 4_sys-price,SP,"São Paulo, SP","São Paulo, SP, Pinheiros",30,316,0.0,275,4995.02,2025-11,,0.591,0,30,0.0,,0,2025-11-11,0.0,0.0,4995.02,crítico
VDT0401,Bombinhas-Bombas-apartamento-MASTER-3Q,Carteira 6,SC,"Bombinhas, SC","Bombinhas, SC, Bombas",11,491,7668.46,14,6881.49,2025-11,0.8947,0.4255,17,30,525.65,,0,2025-11-11,1.11,5782.15,-786.9700000000003,ok
VGT0004,Ilheus-Sul-apartamento-JR-2Q,Carteira 2,BA,"Ilhéus, BA","Ilhéus, BA, São Francisco",2,459,200.08,15,1576.18,2025-11,0.0714,0.2399,2,30,118.5,132.11,19,2025-11-11,0.13,237.0,1376.1000000000001,crítico
CAC106,Florianopolis-Ingleses_Praia-apartamento-JR-2Q,Carteira 1,SC,"Florianópolis, SC","Florianópolis, SC, Ingleses do Rio Vermelho",29,926,0.0,31,3002.2,2025-11,0.0,0.3679,0,30,0.0,270.0,1,2025-11-11,0.0,0.0,3002.2,crítico
CSI1906,Balneario_Picarras-Geral-apartamento-SUP-2Q,Carteira 6,SC,"Balneário Piçarras, SC","Balneário Piçarras, SC, Centro",7,15,2108.29,66,1594.17,2025-11,0.8261,0.2526,19,30,152.79,124.0,2,2025-11-11,1.32,1069.53,-514.1199999999999,ok
EEP0802,Guarapari-Centro-apartamento-SUP-1Q,Carteira 4,ES,"Guarapari, ES","Guarapari, ES, São Judas Tadeu",0,114,2062.97,33,1868.64,2025-11,0.5,0.4178,15,30,155.53,122.5,10,2025-11-11,1.1,0.0,-194.3299999999997,ok
EPK0802,Guara-Geral-apartamento-TOP-2Q,Especial,DF,"Brasília, DF","Brasília, DF, SOF",0,316,5975.1,8,3493.48,2025-11,0.8,0.5685,24,30,323.29,361.0,6,2025-11-11,1.71,0.0,-2481.6200000000003,ok
EUB0902,Salvador-Barra-apartamento-SUP-1Q,Carteira 2,BA,"Salvador, BA","Salvador, BA, Barra",0,326,2692.22,203,3119.92,2025-11,0.5667,0.546,17,30,197.35,232.1,10,2025-11-11,0.86,0.0,427.7000000000003,berlinda
HBW2317,Sao_Paulo-Pinheiros-apartamento-TOP-1Q,Carteira 4_sys-price,SP,"São Paulo, SP","São Paulo, SP, Pinheiros",0,54,6520.38,275,4995.02,2025-11,0.8333,0.591,25,30,321.84,240.0,5,2025-11-11,1.31,0.0,-1525.3599999999997,ok
IBL103,Porto_Belo-Geral-apartamento-JR-2Q,Carteira 6,SC,"Porto Belo, SC","Porto Belo, SC, Perequê",0,778,1759.56,15,2851.62,2025-11,0.5,0.4879,15,30,152.13,125.25,12,2025-11-11,0.62,0.0,1092.06,atenção
JBV108,Especial-JBV-hotel-TOP-1Q,Especial,SC,"Florianópolis, SC","Florianópolis, SC, Jurerê",0,1704,8932.83,34,10718.98,2025-11,0.6,0.6611,18,30,639.28,489.33,6,2025-11-11,0.83,0.0,1786.1499999999996,berlinda
JBV328,Especial-JBV-hotel-TOP-1Q,Especial,SC,"Florianópolis, SC","Florianópolis, SC, Jurerê Internacional",0,1200,11429.6,34,10718.98,2025-11,0.7333,0.6611,22,30,689.36,676.33,6,2025-11-11,1.07,0.0,-710.6200000000008,berlinda
MHF1705,Itapema-Canto_Praia-apartamento-TOP-1Q,Carteira 5,SC,"Itapema, SC","Itapema, SC, Centro",0,500,3659.42,17,2947.0,2025-11,0.6667,0.4478,20,30,217.3,205.43,7,2025-11-11,1.24,0.0,-712.4200000000001,ok
MRN302,Balneario_Camboriu-Intermediario-apartamento-JR-2Q,Carteira 6,SC,"Balneário Camboriú, SC","Balneário Camboriú, SC, Centro",0,554,723.0,36,2763.87,2025-11,0.1333,0.4118,4,30,230.0,400.0,15,2025-11-11,0.26,0.0,2040.87,crítico
NWT0915,Especial-NWT-apartamento-TOP-1Q,Carteira 5,AL,"Maceió, AL","Maceió, AL, Pajuçara",2,221,3854.51,40,4657.0,2025-11,0.5357,0.5442,15,30,296.87,270.42,12,2025-11-11,0.83,593.74,802.4899999999998,berlinda
NWT1404,Especial-NWT-apartamento-TOP-1Q,Carteira 5,AL,"Maceió, AL","Maceió, AL, Pajuçara",0,257,6404.82,40,4657.0,2025-11,0.7667,0.5442,23,30,329.52,304.8,5,2025-11-11,1.38,0.0,-1747.8199999999997,ok
PIR0014,Florianopolis-Lagoa-apartamento-JR-1Q,Carteira 1,SC,"Florianópolis, SC","Florianópolis, SC, Lagoa da Conceição",0,198,1193.52,22,3422.92,2025-11,0.1333,0.542,4,30,305.25,206.67,15,2025-11-11,0.35,0.0,2229.4,crítico
POR204,Florianopolis-Ingleses_Norte-apartamento-TOP-3Q,Carteira 1,SC,"Florianópolis, SC","Florianópolis, SC, Ingleses do Rio Vermelho",8,1831,4017.09,16,5500.55,2025-11,0.3636,0.4157,8,30,569.38,488.38,8,2025-11-11,0.73,4555.04,1483.46,atenção
PPB1206,Goiania-Central-apartamento-SUP-2Q,Carteira 1_sys-price,GO,"Goiânia, GO","Goiânia, GO, Setor Bueno",0,757,3517.33,49,2058.7,2025-11,0.6,0.3371,18,30,242.5,229.9,10,2025-11-11,1.71,0.0,-1458.63,ok
PSO0604,Penha-Beto_Carrero-apartamento-TOP-1Q,Carteira 3,SC,"Penha, SC","Penha, SC, Praia de Armação do Itapocoroi",0,101,5225.69,16,4132.99,2025-11,0.9333,0.6017,28,30,236.57,172.0,2,2025-11-11,1.26,0.0,-1092.6999999999998,ok
PSOB1103,Penha-Beto_Carrero-apartamento-TOP-1Q,Carteira 3,SC,"Penha, SC","Penha, SC, Praia de Armação do Itapocoroi",0,99,1944.24,16,4132.99,2025-11,0.3,0.6017,9,30,235.44,175.62,13,2025-11-11,0.47,0.0,2188.75,crítico
RVN2003,Itapema-Praia_Centro-apartamento-SUP-2Q,Carteira 6,SC,"Itapema, SC","Itapema, SC, Tabuleiro dos Oliveiras",1,331,3117.72,17,2868.65,2025-11,0.8621,0.4165,25,30,157.92,154.25,4,2025-11-11,1.09,157.92,-249.0699999999997,berlinda
SCO0016,Florianopolis-Campeche-apartamento-JR-2Q,Carteira 1,SC,"Florianópolis, SC","Florianópolis, SC, Campeche",0,207,2480.44,30,2658.59,2025-11,0.5333,0.5028,16,30,207.87,172.0,12,2025-11-11,0.93,0.0,178.1500000000001,berlinda
SMA0916,Salvador-Pituba_Praia-apartamento-SUP-1Q,Carteira 5,BA,"Salvador, BA","Salvador, BA, Amaralina",0,66,2443.94,15,1753.55,2025-11,0.5333,0.4605,16,30,166.56,175.17,12,2025-11-11,1.39,0.0,-690.3900000000001,ok
ABL0138,Florianopolis-Cachoeira_Bom_Jesus-apartamento-JR-1Q,Carteira 1,SC,"Florianópolis, SC","Florianópolis, SC, Cachoeira do Bom Jesus",0,612,2533.13,15,1284.69,2025-11,0.6333,0.2034,19,30,179.11,175.44,9,2025-11-11,1.97,0.0,-1248.44,ok
AHO1402,Porto_Alegre-Jardim_Botanico-apartamento-TOP-1Q,Carteira 4,RS,"Porto Alegre, RS","Porto Alegre, RS, Petrópolis",0,859,2217.05,29,2211.22,2025-11,0.4333,0.3096,13,30,205.54,218.33,15,2025-11-11,1.0,0.0,-5.830000000000382,berlinda
AIR1407,Porto_Alegre-Menino_Deus-apartamento-TOP-1Q,Carteira 4,RS,"Porto Alegre, RS","Porto Alegre, RS, Praia de Belas",1,435,1597.8,28,2292.25,2025-11,0.2069,0.4217,6,30,333.0,333.0,17,2025-11-11,0.7,333.0,694.45,atenção
ASK002,Florianopolis-Itacorubi-apartamento-JR-1Q,Carteira 4,SC,"Florianópolis, SC","Florianópolis, SC, Santa Mônica",0,1101,3854.76,15,2008.79,2025-11,0.9333,0.6158,28,30,166.75,116.0,2,2025-11-11,1.92,0.0,-1845.9700000000003,ok
AVM0011,Salvador-Flamengo-casa-SUP-2Q,Carteira 2,BA,"Salvador, BA","Salvador, BA, Stella Maris",0,281,5206.99,11,3776.21,2025-11,0.7333,0.3626,22,30,271.14,261.0,5,2025-11-11,1.38,0.0,-1430.7799999999997,ok
BLB1206,Salvador-Barra-apartamento-SUP-1Q,Carteira 2,BA,"Salvador, BA","Salvador, BA, Barra",0,355,4422.4,203,3119.92,2025-11,0.8667,0.546,26,30,200.69,,0,2025-11-11,1.42,0.0,-1302.4799999999996,ok
CMM0043,Penha-Central-casa-JR-5Q,Carteira 6,SC,"Penha, SC","Penha, SC, Armação",5,25,3836.04,23,5075.5,2025-11,0.64,0.3803,16,30,320.88,230.0,3,2025-11-11,0.76,1604.4,1239.46,atenção
CPR0107,Marau-Barra_Grande-apartamento-SUP-1Q,Carteira 2,BA,"Maraú, BA","Maraú, BA, Barra Grande",0,527,1040.4,12,1598.56,2025-11,0.1,0.2415,3,30,408.0,327.0,16,2025-11-11,0.65,0.0,558.1599999999999,atenção
CUA001,Urubici-Geral-casa-JR-1Q,Carteira 3,SC,"Urubici, SC","Urubici, SC, Área Rural",0,565,0.0,18,1192.23,2025-11,0.0,0.1261,0,30,0.0,129.53,19,2025-11-11,0.0,0.0,1192.23,crítico
EEC0403,Guarapari-Centro-apartamento-JR-1Q,Carteira 4,ES,"Guarapari, ES","Guarapari, ES, Centro",1,145,1131.76,51,1649.66,2025-11,0.3103,0.3279,9,30,156.67,135.08,12,2025-11-11,0.69,156.67,517.9000000000001,atenção
ERT0210,Florianopolis-Jurere_Tradicional-apartamento-TOP-1Q,Carteira 1,SC,"Florianópolis, SC","Florianópolis, SC, Jurerê",0,281,5212.11,18,6829.73,2025-11,0.6333,0.605,19,30,341.53,369.7,10,2025-11-11,0.76,0.0,1617.62,atenção
FNX0101,Cabo_Frio-Pero_Longe-casa-JR-2Q,Carteira 4,RJ,"Cabo Frio, RJ","Cabo Frio, RJ, Ogiva",6,676,163.41,12,1563.25,2025-11,0.0417,0.2819,1,30,190.0,211.0,19,2025-11-11,0.1,1140.0,1399.84,crítico
ILC3103,Especial-ILC-hotel-JR-1Q,Especial,SC,"Florianópolis, SC","Florianópolis, SC, Jurerê Internacional",0,1494,9634.77,16,9179.91,2025-11,0.6,0.5499,18,30,634.17,563.75,8,2025-11-11,1.05,0.0,-454.8600000000006,berlinda
ILC4506,Especial-ILC-hotel-TOP-1Q,Especial,SC,"Florianópolis, SC","Florianópolis, SC, Jurerê Internacional",13,123,8516.9,30,11132.4,2025-11,0.8235,0.6976,14,30,789.14,607.33,3,2025-11-11,0.77,10258.82,2615.5,atenção
MDE0406,Canela-Catedral-apartamento-TOP-2Q,Carteira 4,RS,"Canela, RS","Canela, RS, Centro",0,291,5097.92,37,3406.37,2025-11,0.6,0.4098,18,30,341.83,279.25,8,2025-11-11,1.5,0.0,-1691.5500000000002,ok
MHF2002,Itapema-Canto_Praia-apartamento-TOP-2Q,Carteira 5,SC,"Itapema, SC","Itapema, SC, Centro",6,348,5832.31,14,3094.94,2025-11,0.7917,0.2903,19,30,380.32,349.4,5,2025-11-11,1.88,2281.92,-2737.3700000000003,ok
OKA142,Florianopolis-Campeche-apartamento-SUP-1Q,Carteira 1,SC,"Florianópolis, SC","Florianópolis, SC, Campeche",0,1053,3341.95,25,2388.5,2025-11,0.5667,0.4993,17,30,267.0,248.3,10,2025-11-11,1.4,0.0,-953.4499999999998,ok
PSO0703,Penha-Beto_Carrero-apartamento-TOP-1Q,Carteira 3,SC,"Penha, SC","Penha, SC, Praia de Armação do Itapocoroi",0,134,4778.0,16,4132.99,2025-11,0.8333,0.6017,25,30,222.0,176.5,2,2025-11-11,1.16,0.0,-645.0100000000002,ok
RSM0023,Porto_Seguro-Pataxos-casa-JR-3Q,Carteira 2,BA,"Porto Seguro, BA","Porto Seguro, BA, Praia de Taperapuan",11,121,2758.31,24,2991.77,2025-11,0.6842,0.4183,13,30,324.77,206.25,4,2025-11-11,0.92,3572.47,233.46000000000004,berlinda
RTS0503,Balneario_Picarras-Geral-apartamento-TOP-2Q,Carteira 6,SC,"Balneário Piçarras, SC","Balneário Piçarras, SC, Centro",0,388,3020.3,35,2411.71,2025-11,0.5,0.3346,15,30,232.6,165.45,11,2025-11-11,1.25,0.0,-608.5900000000001,ok
SPT0204,Blumenau-Central-apartamento-JR-1Q,Carteira 4,SC,"Blumenau, SC","Blumenau, SC, Itoupava Seca",0,534,372.72,31,707.55,2025-11,0.1333,0.2143,4,30,112.5,100.47,19,2025-11-11,0.53,0.0,334.8299999999999,atenção
STN205,Florianopolis-Ingleses_Norte-apartamento-TOP-2Q,Carteira 1,SC,"Florianópolis, SC","Florianópolis, SC, Ingleses do Rio Vermelho",9,648,1627.74,19,3448.22,2025-11,0.2857,0.4098,6,30,297.0,290.62,13,2025-11-11,0.47,2673.0,1820.4799999999998,crítico
VNR005,São_Miguel_dos_Milagres-Geral-apartamento-SUP-2Q,Carteira 2,AL,"São Miguel dos Milagres, AL","São Miguel dos Milagres, AL, Riacho",0,416,1748.92,35,3857.96,2025-11,0.2667,0.403,8,30,260.0,237.89,18,2025-11-11,0.45,0.0,2109.04,crítico
BRI0102,Florianopolis-Jurere_Longe-apartamento-SUP-2Q,Carteira 1,SC,"Florianópolis, SC","Florianópolis, SC, Jurerê",0,101,4779.94,23,5861.6,2025-11,0.5333,0.5195,16,30,390.06,309.1,10,2025-11-11,0.82,0.0,1081.6600000000008,berlinda
CEC0801,Salvador-UFBA-apartamento-TOP-1Q,Carteira 2,BA,"Salvador, BA","Salvador, BA, Ondina",0,113,3403.33,16,3201.99,2025-11,0.6333,0.5369,19,30,242.21,192.67,9,2025-11-11,1.06,0.0,-201.34000000000015,berlinda
CZZ0602,Urubici-Geral-apartamento-TOP-2Q,Especial,SC,"Urubici, SC","Urubici, SC, Centro",0,228,5079.98,23,2919.75,2025-11,0.4,0.1688,12,30,532.08,392.73,11,2025-11-11,1.74,0.0,-2160.2299999999996,ok
ELF0411,Bombinhas-Bombas-apartamento-SUP-1Q,Especial,SC,"Bombinhas, SC","Bombinhas, SC, José Amândio",3,171,4526.62,49,2579.11,2025-11,0.963,0.44,26,30,210.81,,0,2025-11-11,1.76,632.4300000000001,-1947.5099999999998,ok
JMAR004,Florianopolis-Jurere_Longe-apartamento-JR-1Q,Carteira 1,SC,"Florianópolis, SC","Florianópolis, SC, Jurerê",0,290,216.58,39,1965.96,2025-11,0.0667,0.455,2,30,196.0,150.74,19,2025-11-11,0.11,0.0,1749.38,crítico
MHF1203,Itapema-Canto_Praia-apartamento-TOP-1Q,Carteira 5,SC,"Itapema, SC","Itapema, SC, Centro",9,260,1543.59,17,2947.0,2025-11,0.4762,0.4478,10,30,268.6,275.0,8,2025-11-11,0.52,2417.4,1403.41,atenção
MHFA0604,Itapema-Canto_Praia-apartamento-SUP-1Q,Carteira 5,SC,"Itapema, SC","Itapema, SC, Centro",0,457,2668.58,9,3362.19,2025-11,0.6,0.347,18,30,167.39,161.64,11,2025-11-11,0.79,0.0,693.6100000000001,atenção
NOA0705,Sao_Paulo-Santo_Amaro-apartamento-SUP-1Q,Carteira 4,SP,"São Paulo, SP","São Paulo, SP, Santo Amaro",0,466,2628.61,158,3146.03,2025-11,0.4667,0.5012,14,30,231.07,137.58,12,2025-11-11,0.84,0.0,517.4200000000001,berlinda
NOR0102,Brasilia-Asa_Norte-apartamento-SUP-2Q,Carteira 1_sys-price,DF,"Brasília, DF","Brasília, DF, Asa Norte",2,767,4312.51,39,4025.17,2025-11,0.7143,0.6356,20,30,512.8,208.67,6,2025-11-11,1.07,1025.6,-287.34000000000015,berlinda
NWT0813,Especial-NWT-apartamento-TOP-1Q,Carteira 5,AL,"Maceió, AL","Maceió, AL, Pajuçara",0,186,5623.63,40,4657.0,2025-11,0.7,0.5442,21,30,313.76,280.0,6,2025-11-11,1.21,0.0,-966.6300000000001,ok
NWTB0608,Especial-NWT-apartamento-MASTER-1Q,Carteira 5,AL,"Maceió, AL","Maceió, AL, Pajuçara",0,208,2114.33,30,6165.78,2025-11,0.2,0.6885,6,30,453.5,401.43,14,2025-11-11,0.34,0.0,4051.45,crítico
OKA0135,Florianopolis-Campeche-apartamento-SUP-1Q,Carteira 1,SC,"Florianópolis, SC","Florianópolis, SC, Campeche",0,46,2550.1,25,2388.5,2025-11,0.4667,0.4993,14,30,210.5,239.31,13,2025-11-11,1.07,0.0,-161.5999999999999,berlinda
PDP0301,Porto_Belo-Geral-apartamento-SUP-2Q,Carteira 6,SC,"Porto Belo, SC","Porto Belo, SC, Perequê",0,144,2898.1,21,3177.66,2025-11,0.6,0.2879,18,30,194.39,144.3,10,2025-11-11,0.91,0.0,279.55999999999995,berlinda
RCX1105,Itajai-Praia_Brava-apartamento-MASTER-1Q,Carteira 6,SC,"Itajaí, SC","Itajaí, SC, Praia Brava",0,100,2026.14,19,2189.81,2025-11,0.4,0.356,12,30,199.17,200.9,10,2025-11-11,0.93,0.0,163.66999999999985,berlinda
RLA0201,Gramado-Geral-apartamento-TOP-2Q,Carteira 4,RS,"Gramado, RS","Gramado, RS, Tres Pinheiros",0,267,10099.61,91,9264.58,2025-11,0.9667,0.6408,29,30,471.55,396.0,1,2025-11-11,1.09,0.0,-835.0300000000007,berlinda
SPJ0501,Especial-SPJ-apartamento-TOP-1Q,Carteira 5,SC,"Florianópolis, SC","Florianópolis, SC, Jurerê",0,382,6672.02,15,6230.75,2025-11,0.9,0.6136,27,30,317.56,223.0,2,2025-11-11,1.07,0.0,-441.27000000000044,berlinda
TCO0312,Porto_Alegre-Centro_Historico-apartamento-SUP-1Q,Carteira 4,RS,"Porto Alegre, RS","Porto Alegre, RS, Centro Histórico",0,366,1774.9,72,1793.66,2025-11,0.6,0.4337,18,30,126.56,125.0,9,2025-11-11,0.99,0.0,18.75999999999999,berlinda
TMHB102,Porto_de_Pedras-Tatuamunha-apartamento-TOP-2Q,Carteira 2,AL,"Porto de Pedras, AL","Porto de Pedras, AL, Porto de pedras",0,592,2811.14,30,5193.5,2025-11,0.3333,0.4446,10,30,331.8,281.91,11,2025-11-11,0.54,0.0,2382.36,atenção
TPS312,Florianopolis-Canasvieiras_Meio-apartamento-TOP-1Q,Carteira 1,SC,"Florianópolis, SC","Florianópolis, SC, Canasvieiras",0,1031,726.18,25,4223.9,2025-11,0.1333,0.563,4,30,207.0,194.88,17,2025-11-11,0.17,0.0,3497.72,crítico
TXP0606,Goiania-Central-apartamento-SUP-1Q,Carteira 1_sys-price,GO,"Goiânia, GO","Goiânia, GO, Setor Bueno",0,772,2397.4,149,1516.4,2025-11,0.6,0.3335,18,30,165.17,190.75,16,2025-11-11,1.58,0.0,-881.0,ok
TXP1505,Goiania-Central-apartamento-SUP-1Q,Carteira 1_sys-price,GO,"Goiânia, GO","Goiânia, GO, Setor Bueno",0,767,2495.65,149,1516.4,2025-11,0.6333,0.3335,19,30,152.21,172.18,11,2025-11-11,1.65,0.0,-979.25,ok
VST013,Especial-VST-casa-TOP-1Q,Carteira 5,SC,"Anitápolis, SC","Anitápolis, SC, Rio dos Pinheiros",2,487,2349.39,41,2231.25,2025-11,0.3929,0.1613,11,30,277.18,224.5,12,2025-11-11,1.05,554.36,-118.13999999999987,berlinda
BLSA1956,Goiania-Central-apartamento-SUP-1Q,Carteira 1_sys-price,GO,"Goiânia, GO","Goiânia, GO, Setor Marista",0,15,1493.89,149,1516.4,2025-11,0.4,0.3335,12,30,151.75,142.81,16,2025-11-11,0.99,0.0,22.50999999999999,berlinda
CCS201,Florianopolis-Campeche_Praia-apartamento-SUP-1Q,Carteira 1,SC,"Florianópolis, SC","Florianópolis, SC, Campeche",2,1011,1399.03,63,4876.87,2025-11,0.25,0.5574,7,30,225.57,227.71,14,2025-11-11,0.29,451.14,3477.84,crítico
CEV1106,Balneario_Camboriu-Intermediario-apartamento-JR-1Q,Carteira 6,SC,"Balneário Camboriú, SC","Balneário Camboriú, SC, Centro",0,487,2830.13,54,2124.12,2025-11,0.7333,0.4475,22,30,161.77,117.13,8,2025-11-11,1.33,0.0,-706.0100000000002,ok
COS302,Florianopolis-Jurere_Tradicional-apartamento-SUP-3Q,Carteira 1,SC,"Florianópolis, SC","Florianópolis, SC, Jurerê",7,1587,4087.62,26,7120.45,2025-11,0.4783,0.4923,11,30,480.36,460.43,7,2025-11-11,0.57,3362.52,3032.83,atenção
CPK1009,Ilheus-Sul-apartamento-TOP-2Q,Carteira 2,BA,"Ilhéus, BA","Ilhéus, BA, Nossa Senhora da Vitória",0,316,4422.96,17,2520.72,2025-11,0.6667,0.3466,20,30,261.55,231.2,10,2025-11-11,1.75,0.0,-1902.2400000000002,ok
CPM0303,Sao_Paulo-Pinheiros-apartamento-SUP-1Q,Carteira 4,SP,"São Paulo, SP","São Paulo, SP, Pinheiros",0,186,5562.78,421,4048.72,2025-11,0.9,0.5848,27,30,307.7,,0,2025-11-11,1.37,0.0,-1514.06,ok
EDG402,Balneario_Camboriu-Centro-apartamento-SUP-2Q,Carteira 6,SC,"Balneário Camboriú, SC","Balneário Camboriú, SC, Centro",0,960,4976.2,69,4233.64,2025-11,0.7333,0.4374,22,30,248.82,193.33,6,2025-11-11,1.18,0.0,-742.5599999999995,ok
EGI001,Imbituba-Praia_do_Rosa-casa-TOP-3Q,Carteira 6,SC,"Imbituba, SC","Imbituba, SC, Ibiraquera",10,779,2985.21,20,4565.03,2025-11,0.4,0.351,8,30,482.25,351.0,10,2025-11-11,0.65,4822.5,1579.8199999999997,atenção
ELF0407,Bombinhas-Bombas-apartamento-SUP-1Q,Especial,SC,"Bombinhas, SC","Bombinhas, SC, José Amândio",1,172,2738.99,49,2579.11,2025-11,0.4483,0.44,13,30,246.15,346.44,9,2025-11-11,1.06,246.15,-159.87999999999965,berlinda
ERG605,Balneario_Camboriu-Norte-apartamento-SUP-2Q,Carteira 6,SC,"Balneário Camboriú, SC","Balneário Camboriú, SC, Centro",0,1159,3913.65,33,4024.39,2025-11,0.6,0.4731,18,30,252.33,176.64,11,2025-11-11,0.97,0.0,110.73999999999978,berlinda
EST0301,Itapema-Meia_Praia-Norte-apartamento-SUP-3Q,Carteira 6,SC,"Itapema, SC","Itapema, SC, Meia Praia",0,186,5716.18,40,2993.72,2025-11,0.7333,0.3654,22,30,348.18,232.5,8,2025-11-11,1.91,0.0,-2722.4600000000005,ok
FLT0001,Florianopolis-Centrao-apartamento-SIM-1Q,Carteira 4,SC,"Florianópolis, SC","Florianópolis, SC, Centro",0,211,2444.32,12,1918.53,2025-11,0.6667,0.3837,20,30,139.95,111.89,9,2025-11-11,1.27,0.0,-525.7900000000002,ok
JAS0003,Florianopolis-Lagoa-apartamento-JR-1Q,Carteira 1,SC,"Florianópolis, SC","Florianópolis, SC, Lagoa da Conceição",19,165,853.6,22,3422.92,2025-11,0.6364,0.542,7,30,148.29,,0,2025-11-11,0.25,2817.5099999999998,2569.32,crítico
JBV433,Especial-JBV-hotel-JR-1Q,Especial,SC,"Florianópolis, SC","Florianópolis, SC, Jurerê",0,1380,10924.8,25,9026.89,2025-11,0.7667,0.58,23,30,584.3,460.6,5,2025-11-11,1.21,0.0,-1897.9099999999999,ok
MDO201,Florianopolis-Jurere_Tradicional-apartamento-JR-3Q,Carteira 1,SC,"Florianópolis, SC","Florianópolis, SC, Jurerê Internacional",0,941,9007.63,15,7172.85,2025-11,0.7333,0.5,22,30,463.95,332.75,4,2025-11-11,1.26,0.0,-1834.7799999999988,ok
MHF1503,Itapema-Canto_Praia-apartamento-TOP-1Q,Carteira 5,SC,"Itapema, SC","Itapema, SC, Centro",1,26,4314.91,17,2947.0,2025-11,0.7931,0.4478,23,30,227.21,178.0,4,2025-11-11,1.46,227.21,-1367.9099999999999,ok
MHF1702,Itapema-Canto_Praia-apartamento-TOP-2Q,Carteira 5,SC,"Itapema, SC","Itapema, SC, Centro",0,486,3938.3,14,3094.94,2025-11,0.4333,0.2903,13,30,366.85,315.46,13,2025-11-11,1.27,0.0,-843.3600000000001,ok
MHF1907,Itapema-Canto_Praia-apartamento-TOP-1Q,Carteira 5,SC,"Itapema, SC","Itapema, SC, Centro",0,359,3959.58,17,2947.0,2025-11,0.6333,0.4478,19,30,254.37,245.33,9,2025-11-11,1.34,0.0,-1012.5799999999999,ok
OCB0204,Salvador-Barra-apartamento-SUP-1Q,Carteira 2,BA,"Salvador, BA","Salvador, BA, Barra",0,107,1946.63,203,3119.92,2025-11,0.3333,0.546,10,30,236.5,191.06,16,2025-11-11,0.62,0.0,1173.29,atenção
OKA111,Florianopolis-Campeche-apartamento-SUP-1Q,Carteira 1,SC,"Florianópolis, SC","Florianópolis, SC, Campeche",0,1053,2816.67,25,2388.5,2025-11,0.5333,0.4993,16,30,203.13,203.11,9,2025-11-11,1.18,0.0,-428.1700000000001,ok
PLO0004,Jaguaruna-Camacho-apartamento-SUP-1Q,Carteira 6,SC,"Jaguaruna, SC","Jaguaruna, SC, Centro",0,39,877.8,9,1839.44,2025-11,0.2667,0.2531,8,30,148.75,103.73,11,2025-11-11,0.48,0.0,961.6400000000001,crítico
PTR0012,Porto_Seguro-Pataxos-apartamento-JR-3Q,Carteira 2,BA,"Porto Seguro, BA","Porto Seguro, BA, Paraíso dos Pataxós",2,256,898.1,8,2806.86,2025-11,0.25,0.2263,7,30,180.29,186.2,10,2025-11-11,0.32,360.58,1908.7600000000002,crítico
RFM0035,Santa_Cruz_Cabralia-Coroa_Vermelha-apartamento-SUP-2Q,Carteira 2,BA,"Santa Cruz Cabrália, BA","Santa Cruz Cabrália, BA, Coroa Vermelha",2,241,1097.4,34,2989.06,2025-11,0.1429,0.3789,4,30,282.75,188.53,15,2025-11-11,0.37,565.5,1891.6599999999999,crítico
RUP1005,Blumenau-Central-apartamento-SUP-1Q,Carteira 4,SC,"Blumenau, SC","Blumenau, SC, Escola Agrícola",3,492,1488.96,61,968.38,2025-11,0.4815,0.2419,13,30,134.69,125.5,10,2025-11-11,1.54,404.07,-520.58,ok
SSG0225,Florianopolis-UFSC-apartamento-TOP-1Q,Carteira 4,SC,"Florianópolis, SC","Florianópolis, SC, Córrego Grande",3,921,2360.17,16,2679.84,2025-11,0.4074,0.5048,11,30,265.82,174.5,4,2025-11-11,0.88,797.46,319.6700000000001,berlinda
SSL303,Florianopolis-Itacorubi-apartamento-TOP-2Q,Carteira 4,SC,"Florianópolis, SC","Florianópolis, SC, Córrego Grande",0,817,4671.74,12,3830.55,2025-11,0.6,0.3193,18,30,346.72,339.0,12,2025-11-11,1.22,0.0,-841.1899999999996,ok
TCO1216,Porto_Alegre-Centro_Historico-apartamento-SUP-1Q,Carteira 4,RS,"Porto Alegre, RS","Porto Alegre, RS, Centro Histórico",0,499,2401.3,72,1793.66,2025-11,0.7333,0.4337,22,30,137.09,120.0,7,2025-11-11,1.34,0.0,-607.6400000000001,ok
TFL002,Florianopolis-UFSC-casa-JR-1Q,Carteira 4,SC,"Florianópolis, SC","Florianópolis, SC, Carvoeira",0,396,197.86,13,1477.39,2025-11,0.0667,0.3851,2,30,126.0,123.74,19,2025-11-11,0.13,0.0,1279.5300000000002,crítico
TXP1410,Goiania-Central-apartamento-SUP-1Q,Carteira 1_sys-price,GO,"Goiânia, GO","Goiânia, GO, Setor Bueno",0,779,2556.02,149,1516.4,2025-11,0.5333,0.3335,16,30,185.63,172.38,13,2025-11-11,1.69,0.0,-1039.62,ok
UPP0102,Curitiba-Centro-apartamento-JR-1Q,Carteira 4,PR,"Curitiba, PR","Curitiba, PR, Alto da XV",3,17,1012.83,282,1884.7,2025-11,0.2963,0.5093,8,30,143.25,136.5,16,2025-11-11,0.54,429.75,871.87,atenção
VBX1518,Sao_Paulo-Vila_Olimpia-apartamento-TOP-1Q,Carteira 4,SP,"São Paulo, SP","São Paulo, SP, Vila Olímpia",4,352,6193.56,98,8513.39,2025-11,0.5769,0.587,15,30,451.47,259.14,7,2025-11-11,0.73,1805.88,2319.829999999999,atenção
VNU1405,Sao_Paulo-Bela_Vista-apartamento-SUP-1Q,Carteira 4,SP,"São Paulo, SP","São Paulo, SP, Bela Vista",0,281,2240.96,596,3486.42,2025-11,0.5,0.5791,15,30,182.33,153.0,10,2025-11-11,0.64,0.0,1245.46,atenção
VST034,Especial-VST-casa-TOP-1Q,Carteira 5,SC,"Anitápolis, SC","Anitápolis, SC, Rio dos Pinheiros",2,234,2375.58,41,2231.25,2025-11,0.4286,0.1613,12,30,239.83,194.18,11,2025-11-11,1.06,479.66,-144.32999999999993,berlinda
VTD0703,Florianopolis-UFSC-apartamento-SUP-1Q,Carteira 4,SC,"Florianópolis, SC","Florianópolis, SC, Trindade",1,137,4414.11,40,2727.0,2025-11,0.7931,0.4971,23,30,232.91,170.0,6,2025-11-11,1.62,232.91,-1687.1099999999997,ok
ACT029,Brasilia-Vila_Planalto-casa-SUP-3Q,Carteira 1,DF,"Brasília, DF","Brasília, DF, Vila Planalto",9,488,8182.16,7,7038.54,2025-11,0.7619,0.4589,16,30,695.5,443.75,4,2025-11-11,1.16,6259.5,-1143.62,ok
BCA0211,Salvador-Ondina_Rio_Vermelho-apartamento-TOP-1Q,Carteira 2,BA,"Salvador, BA","Salvador, BA, Ondina",0,170,4644.39,34,3630.22,2025-11,0.7333,0.5369,22,30,268.09,226.88,8,2025-11-11,1.28,0.0,-1014.1700000000005,ok
BSO0102,Itajai-Praia_Brava-apartamento-SUP-1Q,Carteira 6,SC,"Balneário Camboriú, SC","Balneário Camboriú, SC, Praia dos Amores",0,198,3311.38,10,2766.14,2025-11,0.7333,0.5032,22,30,189.77,157.0,7,2025-11-11,1.2,0.0,-545.2400000000002,ok
CEO0104,Itapema-Meia_Praia-Norte-apartamento-JR-3Q,Carteira 6,SC,"Itapema, SC","Itapema, SC, Meia Praia",3,562,5450.75,17,1868.64,2025-11,0.9259,0.3468,25,30,329.16,207.0,1,2025-11-11,2.92,987.48,-3582.1099999999997,meta_subestimada
CRJ0208,Aguas_Claras-Geral-apartamento-JR-1Q,Carteira 1,DF,"Brasília, DF","Brasília, DF, QS 9",0,1,763.56,86,2192.65,2025-11,0.2,0.563,6,30,166.17,165.0,15,2025-11-11,0.35,0.0,1429.0900000000001,crítico
CSCD0013,Florianopolis-Ingleses_Norte-apartamento-SIM-1Q,Carteira 1,SC,"Florianópolis, SC","Florianópolis, SC, Ingleses do Rio Vermelho",0,1348,1267.89,25,2040.0,2025-11,0.3,0.4141,9,30,163.44,175.92,13,2025-11-11,0.62,0.0,772.1099999999999,atenção
DLH0201,Gramado-Centro-apartamento-TOP-2Q,Carteira 4,RS,"Gramado, RS","Gramado, RS, Centro",1,396,11582.11,55,10638.6,2025-11,0.7241,0.6864,21,30,708.57,432.4,5,2025-11-11,1.09,708.57,-943.5100000000002,berlinda
EEP1102,Guarapari-Centro-apartamento-SUP-1Q,Carteira 4,ES,"Guarapari, ES","Guarapari, ES, São Judas Tadeu",0,113,2842.42,33,1868.64,2025-11,0.6667,0.4178,20,30,167.7,125.43,7,2025-11-11,1.52,0.0,-973.78,ok
GUA1902,Balneario_Camboriu-Centro-apartamento-TOP-3Q,Carteira 6,SC,"Balneário Camboriú, SC","Balneário Camboriú, SC, Centro",12,54,4137.11,45,5696.11,2025-11,0.6111,0.4366,11,30,464.64,392.33,6,2025-11-11,0.73,5575.68,1559.0,atenção
LEC0107,Brasilia-Asa_Sul-apartamento-SUP-1Q,Carteira 1_sys-price,DF,"Brasília, DF","Brasília, DF, Setor Sudoeste",23,142,577.38,139,3635.09,2025-11,0.4286,0.7138,3,30,201.67,200.0,3,2025-11-11,0.16,4638.41,3057.71,crítico
LFH0306,Blumenau-Central-apartamento-JR-1Q,Carteira 4,SC,"Blumenau, SC","Blumenau, SC, Escola Agrícola",1,68,799.19,31,707.55,2025-11,0.3103,0.2143,9,30,107.78,87.47,17,2025-11-11,1.13,107.78,-91.6400000000001,ok
NLUG0001,São_Miguel_dos_Milagres-Geral-casa-TOP-3Q,Carteira 2,AL,"Passo de Camaragibe, AL","Passo de Camaragibe, AL, Praia do Marceneiro",3,274,6756.99,22,7626.63,2025-11,0.4074,0.4866,11,30,692.27,3200.0,14,2025-11-11,0.89,2076.81,869.6400000000003,berlinda
NWT0913,Especial-NWT-apartamento-TOP-1Q,Carteira 5,AL,"Maceió, AL","Maceió, AL, Pajuçara",1,214,4208.7,40,4657.0,2025-11,0.5862,0.5442,17,30,325.65,307.57,7,2025-11-11,0.9,325.65,448.3000000000002,berlinda
NWT0917,Especial-NWT-apartamento-TOP-1Q,Carteira 5,AL,"Maceió, AL","Maceió, AL, Pajuçara",0,221,4240.98,40,4657.0,2025-11,0.6,0.5442,18,30,277.17,275.27,11,2025-11-11,0.91,0.0,416.02000000000044,berlinda
PNM0202,Florianopolis-Jurere_Internacional-apartamento-SUP-1Q,Carteira 1,SC,"Florianópolis, SC","Florianópolis, SC, Jurerê Internacional",0,282,5047.54,14,5218.54,2025-11,0.6667,0.4964,20,30,318.1,320.11,9,2025-11-11,0.97,0.0,171.0,berlinda
RMI201,Florianopolis-Ingleses_Praia-apartamento-SUP-1Q,Carteira 1,SC,"Florianópolis, SC","Florianópolis, SC, Ingleses Norte",0,1178,3798.24,37,3730.47,2025-11,0.5333,0.5144,16,30,266.94,240.0,12,2025-11-11,1.02,0.0,-67.76999999999998,berlinda
SJE0103,Florianopolis-Canajure-apartamento-SUP-1Q,Carteira 1,SC,"Florianópolis, SC","Florianópolis, SC, Canasvieiras",0,375,2930.84,32,2890.51,2025-11,0.5667,0.4239,17,30,198.18,218.17,12,2025-11-11,1.01,0.0,-40.32999999999993,berlinda
SPT0301,Blumenau-Central-apartamento-JR-1Q,Carteira 4,SC,"Blumenau, SC","Blumenau, SC, Itoupava Seca",0,534,186.34,31,707.55,2025-11,0.0667,0.2143,2,30,100.0,100.47,19,2025-11-11,0.26,0.0,521.2099999999999,crítico
TAH0602,Itapema-Meia_Praia-Norte-apartamento-JR-3Q,Carteira 6,SC,"Itapema, SC","Itapema, SC, Meia Praia",6,163,3931.21,17,1868.64,2025-11,0.875,0.3468,21,30,212.24,150.67,3,2025-11-11,2.1,1273.44,-2062.5699999999997,meta_subestimada
VGC0005,Mata_de_Sao_Joao-Praia_do_Forte_Longe-apartamento-JR-1Q,Carteira 2,BA,"Mata de São João, BA","Mata de São João, BA, Praia do Forte",0,318,1790.65,59,2902.75,2025-11,0.3667,0.4009,11,30,198.82,160.62,13,2025-11-11,0.62,0.0,1112.1,atenção
VTL0302,Ilheus-Sul-apartamento-SUP-2Q,Carteira 2,BA,"Ilhéus, BA","Ilhéus, BA, Nossa Senhora da Vitória",0,330,771.12,36,1909.53,2025-11,0.2,0.2911,6,30,153.17,141.82,17,2025-11-11,0.4,0.0,1138.4099999999999,crítico
BCL0507,Ilheus-Pontal-apartamento-SUP-2Q,Carteira 2,BA,"Ilhéus, BA","Ilhéus, BA, Pontal",0,423,3059.02,49,1946.5,2025-11,0.5,0.2884,15,30,222.07,183.27,11,2025-11-11,1.57,0.0,-1112.52,ok
CVY0306,Cabo_Frio-Centro-apartamento-JR-3Q,Carteira 4,RJ,"Cabo Frio, RJ","Cabo Frio, RJ, Vila Nova",2,128,959.4,90,2464.76,2025-11,0.1429,0.2709,4,30,284.75,296.46,13,2025-11-11,0.39,569.5,1505.3600000000001,crítico
DLH0206,Gramado-Centro-apartamento-TOP-1Q,Carteira 4,RS,"Gramado, RS","Gramado, RS, Centro",3,521,6454.88,27,7724.8,2025-11,0.4815,0.6694,13,30,587.92,473.83,12,2025-11-11,0.84,1763.7599999999998,1269.92,berlinda
EAC1304,Balneario_Camboriu-Centro-apartamento-JR-1Q,Carteira 6,SC,"Balneário Camboriú, SC","Balneário Camboriú, SC, Centro",2,733,2657.08,31,2053.56,2025-11,0.7857,0.4666,22,30,146.5,118.67,6,2025-11-11,1.29,293.0,-603.52,ok
EOO0203,Itapema-Praia_Itapema-apartamento-JR-2Q,Carteira 6,SC,"Itapema, SC","Itapema, SC, Meia Praia",1,5,2106.47,36,2919.75,2025-11,0.5862,0.3907,17,30,152.53,138.4,10,2025-11-11,0.72,152.53,813.2800000000002,atenção
IBI307,Florianopolis-Jurere_Internacional-apartamento-TOP-1Q,Carteira 1,SC,"Florianópolis, SC","Florianópolis, SC, Jurerê Internacional",0,1452,4962.38,45,6292.55,2025-11,0.5667,0.5137,17,30,347.18,336.57,7,2025-11-11,0.79,0.0,1330.17,atenção
IFT0808,Itapema-Meia_Praia-Norte-apartamento-TOP-1Q,Carteira 6,SC,"Itapema, SC","Itapema, SC, Meia Praia",0,169,5164.4,22,3277.09,2025-11,0.8333,0.375,25,30,263.32,196.33,3,2025-11-11,1.58,0.0,-1887.3099999999995,ok
ILC2505,Especial-ILC-hotel-TOP-1Q,Especial,SC,"Florianópolis, SC","Florianópolis, SC, Jurerê Internacional",7,1282,9743.28,30,11132.4,2025-11,0.6957,0.6976,16,30,722.94,648.0,5,2025-11-11,0.88,5060.58,1389.119999999999,berlinda
ILC3209,Especial-ILC-hotel-TOP-1Q,Especial,SC,"Florianópolis, SC","Florianópolis, SC, Jurerê Internacional",0,1445,8892.18,30,11132.4,2025-11,0.5,0.6976,15,30,759.4,525.75,8,2025-11-11,0.8,0.0,2240.2199999999993,atenção
ILC3415,Especial-ILC-hotel-TOP-1Q,Especial,SC,"Florianópolis, SC","Florianópolis, SC, Jurerê Internacional",0,1971,9362.71,30,11132.4,2025-11,0.5,0.6976,15,30,754.4,563.33,9,2025-11-11,0.84,0.0,1769.6900000000005,berlinda
MHFA0506,Itapema-Canto_Praia-apartamento-SUP-1Q,Carteira 5,SC,"Itapema, SC","Itapema, SC, Centro",0,456,2583.05,9,3362.19,2025-11,0.6,0.347,18,30,175.83,161.5,10,2025-11-11,0.77,0.0,779.1399999999999,atenção
MUT0054,Santa_Cruz_Cabralia-Coroa_Vermelha-apartamento-SUP-3Q,Carteira 2,BA,"Santa Cruz Cabrália, BA","Santa Cruz Cabrália, BA, Coroa Vermelha",0,158,5198.1,22,3160.73,2025-11,0.6333,0.3128,19,30,327.16,251.44,9,2025-11-11,1.64,0.0,-2037.3700000000003,ok
NWT0420,Especial-NWT-apartamento-TOP-1Q,Carteira 5,AL,"Maceió, AL","Maceió, AL, Pajuçara",2,366,4264.71,40,4657.0,2025-11,0.6071,0.5442,17,30,304.18,361.14,7,2025-11-11,0.92,608.36,392.28999999999996,berlinda
NWT0618,Especial-NWT-apartamento-TOP-1Q,Carteira 5,AL,"Maceió, AL","Maceió, AL, Pajuçara",0,215,3249.97,40,4657.0,2025-11,0.4333,0.5442,13,30,279.38,272.42,12,2025-11-11,0.7,0.0,1407.0300000000002,atenção
NWT0705,Especial-NWT-apartamento-TOP-1Q,Carteira 5,AL,"Maceió, AL","Maceió, AL, Pajuçara",0,149,3545.7,40,4657.0,2025-11,0.4667,0.5442,14,30,303.0,292.6,10,2025-11-11,0.76,0.0,1111.3000000000002,atenção
ONI0001,Barra_Velha-Tabuleiro-casa-JR-2Q,Carteira 3,SC,"Barra Velha, SC","Barra Velha, SC, Tabuleiro",0,1,1012.2,13,1430.55,2025-11,0.2667,0.2331,8,30,171.0,171.6,15,2025-11-11,0.71,0.0,418.3499999999999,atenção
ONX1411,Goiania-Central-apartamento-JR-1Q,Carteira 1_sys-price,GO,"Goiânia, GO","Goiânia, GO, Setor Bueno",0,478,2334.18,71,1603.1,2025-11,0.6,0.3575,18,30,170.2,142.0,9,2025-11-11,1.46,0.0,-731.0799999999999,ok
PTA0104,Cabedelo-Intermares-apartamento-SUP-2Q,Carteira 2,PB,"Cabedelo, PB","Cabedelo, PB, Intermares",0,362,2553.2,45,3866.22,2025-11,0.6333,0.5023,19,30,154.84,167.0,11,2025-11-11,0.66,0.0,1313.02,atenção
RRB0202,Florianopolis-Canasvieiras_Perto-apartamento-JR-1Q,Carteira 1,SC,"Florianópolis, SC","Florianópolis, SC, Canasvieiras",0,402,2622.68,49,2189.81,2025-11,0.5667,0.4547,17,30,217.12,165.86,7,2025-11-11,1.2,0.0,-432.8699999999999,ok
SBG003,Ubatuba-Praia_Grande-apartamento-JR-2Q,Carteira 4,SP,"Ubatuba, SP","Ubatuba, SP, Praia Grande",30,661,0.0,188,4235.58,2025-11,,0.4506,0,30,0.0,,0,2025-11-11,0.0,0.0,4235.58,crítico
SCO0012,Florianopolis-Campeche-apartamento-JR-1Q,Carteira 1,SC,"Florianópolis, SC","Florianópolis, SC, Campeche",0,219,0.0,24,2034.58,2025-11,0.0,0.4717,0,30,0.0,156.58,19,2025-11-11,0.0,0.0,2034.58,crítico
VGZ0007,Imbituba-Praia_do_Rosa-casa-SUP-1Q,Carteira 6,SC,"Imbituba, SC","Imbituba, SC, Ibiraquera",9,620,2111.5,57,2501.25,2025-11,0.5714,0.3146,12,30,174.93,129.4,5,2025-11-11,0.84,1574.3700000000001,389.75,berlinda
VLE003,Bombinhas-Mariscal-apartamento-JR-2Q,Carteira 6,SC,"Bombinhas, SC","Bombinhas, SC, Mariscal",0,1494,1377.08,34,2440.91,2025-11,0.1333,0.3343,4,30,311.25,198.0,15,2025-11-11,0.56,0.0,1063.83,atenção
CLC0104,Florianopolis-Rio_Tavares-apartamento-SUP-2Q,Carteira 1,SC,"Florianópolis, SC","Florianópolis, SC, Campeche Central",0,19,3451.0,12,2345.94,2025-11,0.6333,0.3668,19,30,207.79,224.18,11,2025-11-11,1.47,0.0,-1105.06,ok
COL102,Bombinhas-Bombas-apartamento-SUP-3Q,Carteira 6,SC,"Bombinhas, SC","Bombinhas, SC, Bombas",8,1094,4190.27,18,2849.68,2025-11,0.8182,0.4113,18,30,281.81,339.0,1,2025-11-11,1.47,2254.48,-1340.5900000000006,ok
CON0101,Itapema-Meia_Praia-Norte-apartamento-SUP-3Q,Carteira 6,SC,"Itapema, SC","Itapema, SC, Meia Praia",4,262,4634.57,40,2993.72,2025-11,0.4615,0.3654,12,30,440.0,390.0,9,2025-11-11,1.55,1760.0,-1640.85,ok
CST0905,Itajai-Centro-apartamento-JR-1Q,Carteira 6,SC,"Itajaí, SC","Itajaí, SC, Centro",3,116,1533.64,11,2094.43,2025-11,0.4815,0.4148,13,30,137.08,131.0,10,2025-11-11,0.73,411.24,560.7899999999997,atenção
CZZ0304,Urubici-Geral-apartamento-SUP-1Q,Especial,SC,"Urubici, SC","Urubici, SC, Centro",0,213,0.0,49,1401.48,2025-11,0.0,0.1601,0,30,0.0,224.21,19,2025-11-11,0.0,0.0,1401.48,crítico
DLH0302,Gramado-Centro-apartamento-TOP-2Q,Carteira 4,RS,"Gramado, RS","Gramado, RS, Centro",1,479,11247.23,55,10638.6,2025-11,0.7931,0.6864,23,30,645.13,387.5,6,2025-11-11,1.06,645.13,-608.6299999999992,berlinda
DNAG1701,Goiania-Central-apartamento-TOP-1Q,Carteira 1_sys-price,GO,"Goiânia, GO","Goiânia, GO, Setor Bueno",0,747,2383.34,53,1579.58,2025-11,0.4,0.3282,12,30,189.4,180.18,11,2025-11-11,1.51,0.0,-803.7600000000002,ok
DNAG1702,Goiania-Central-apartamento-TOP-1Q,Carteira 1_sys-price,GO,"Goiânia, GO","Goiânia, GO, Setor Bueno",0,107,1665.58,53,1579.58,2025-11,0.3667,0.3282,11,30,179.55,187.44,16,2025-11-11,1.05,0.0,-86.0,berlinda
EDF1605,Salvador-Ondina_Rio_Vermelho-apartamento-TOP-1Q,Carteira 2,BA,"Salvador, BA","Salvador, BA, Rio Vermelho",0,75,1662.94,34,3630.22,2025-11,0.2667,0.5369,8,30,260.0,214.88,16,2025-11-11,0.46,0.0,1967.2799999999997,crítico
EUB1602,Salvador-Barra-apartamento-SUP-1Q,Carteira 2,BA,"Salvador, BA","Salvador, BA, Barra",0,285,2473.51,203,3119.92,2025-11,0.5333,0.546,16,30,188.81,238.46,13,2025-11-11,0.79,0.0,646.4099999999999,atenção
FDL103,Bombinhas-Bombas-apartamento-JR-2Q,Carteira 6,SC,"Bombinhas, SC","Bombinhas, SC, Bombas",0,1243,3789.86,35,2335.8,2025-11,0.7667,0.3055,23,30,204.39,109.67,6,2025-11-11,1.62,0.0,-1454.06,ok
HFO0208,Salvador-UFBA-apartamento-SUP-1Q,Carteira 2,BA,"Salvador, BA","Salvador, BA, Federação",0,60,2830.84,440,3136.93,2025-11,0.7667,0.5502,23,30,153.61,177.6,5,2025-11-11,0.9,0.0,306.0899999999997,berlinda
JMA125,Florianopolis-Jurere_Longe-apartamento-JR-1Q,Carteira 1,SC,"Florianópolis, SC","Florianópolis, SC, Jurerê",0,205,998.43,39,1965.96,2025-11,0.2333,0.455,7,30,207.43,146.54,13,2025-11-11,0.51,0.0,967.5300000000001,atenção
JRR303,Florianopolis-Jurere_Tradicional-apartamento-TOP-2Q,Carteira 1,SC,"Florianópolis, SC","Florianópolis, SC, Jurerê",0,1431,7585.22,20,8875.07,2025-11,0.6333,0.5432,19,30,562.89,640.8,10,2025-11-11,0.85,0.0,1289.8499999999995,berlinda
LIV1004,Salvador-Graca-apartamento-TOP-1Q,Especial,BA,"Salvador, BA","Salvador, BA, Vitória",0,157,3189.55,15,3581.56,2025-11,0.4667,0.5526,14,30,247.07,240.46,13,2025-11-11,0.89,0.0,392.00999999999976,berlinda
MCB0807,Balneario_Picarras-Geral-apartamento-SUP-2Q,Carteira 6,SC,"Balneário Piçarras, SC","Balneário Piçarras, SC, itacolomi",3,130,1220.65,66,1594.17,2025-11,0.4074,0.2526,11,30,136.73,117.77,13,2025-11-11,0.77,410.18999999999994,373.52,atenção
MHF1002,Itapema-Canto_Praia-apartamento-TOP-2Q,Carteira 5,SC,"Itapema, SC","Itapema, SC, Centro",16,309,0.0,14,3094.94,2025-11,0.0,0.2903,0,30,0.0,306.38,13,2025-11-11,0.0,0.0,3094.94,crítico
MHFA2007,Itapema-Canto_Praia-apartamento-SUP-1Q,Carteira 5,SC,"Itapema, SC","Itapema, SC, Centro",6,381,760.32,9,3362.19,2025-11,0.125,0.347,3,30,288.0,288.0,16,2025-11-11,0.23,1728.0,2601.87,crítico
NWT0404,Especial-NWT-apartamento-TOP-1Q,Carteira 5,AL,"Maceió, AL","Maceió, AL, Pajuçara",0,93,5133.15,40,4657.0,2025-11,0.6333,0.5442,19,30,327.05,300.0,7,2025-11-11,1.1,0.0,-476.14999999999964,ok
NWT0920,Especial-NWT-apartamento-TOP-1Q,Carteira 5,AL,"Maceió, AL","Maceió, AL, Pajuçara",1,214,3709.41,40,4657.0,2025-11,0.5172,0.5442,15,30,299.0,274.45,11,2025-11-11,0.8,299.0,947.5900000000001,atenção
NWT0924,Especial-NWT-apartamento-TOP-1Q,Carteira 5,AL,"Maceió, AL","Maceió, AL, Pajuçara",0,214,5810.04,40,4657.0,2025-11,0.6,0.5442,18,30,469.33,400.0,1,2025-11-11,1.25,0.0,-1153.04,ok
NWT1007,Especial-NWT-apartamento-TOP-1Q,Carteira 5,AL,"Maceió, AL","Maceió, AL, Pajuçara",0,199,3667.79,40,4657.0,2025-11,0.5,0.5442,15,30,298.2,310.62,13,2025-11-11,0.79,0.0,989.21,atenção
NWT1323,Especial-NWT-apartamento-TOP-1Q,Carteira 5,AL,"Maceió, AL","Maceió, AL, Pajuçara",0,284,4394.51,40,4657.0,2025-11,0.5667,0.5442,17,30,299.0,280.0,10,2025-11-11,0.94,0.0,262.4899999999998,berlinda
PRN0003,Imbituba-Praia_do_Rosa-casa-JR-2Q,Carteira 6,SC,"Imbituba, SC","Imbituba, SC, Ibiraquera",0,176,1943.21,52,1963.25,2025-11,0.4667,0.2648,14,30,156.5,135.75,8,2025-11-11,0.99,0.0,20.039999999999964,berlinda
SMT1121,Salvador-Boca_do_Rio-apartamento-TOP-1Q,Carteira 2,BA,"Salvador, BA","Salvador, BA, Jardim Armação",0,32,3651.25,16,3097.97,2025-11,0.7,0.5778,21,30,222.67,254.0,9,2025-11-11,1.18,0.0,-553.2800000000002,ok
SOA0602,Salvador-Boca_do_Rio-apartamento-SUP-2Q,Carteira 2,BA,"Salvador, BA","Salvador, BA, Boca do Rio",0,449,3923.51,16,3097.97,2025-11,0.7333,0.5778,22,30,222.55,216.0,6,2025-11-11,1.27,0.0,-825.5400000000004,ok
SOA0608,Salvador-Boca_do_Rio-apartamento-SUP-1Q,Carteira 2,BA,"Salvador, BA","Salvador, BA, Boca do Rio",0,330,2251.27,33,2261.0,2025-11,0.6333,0.4852,19,30,148.58,164.33,9,2025-11-11,1.0,0.0,9.730000000000018,berlinda
STP0903,Guarapari-Centro-apartamento-SUP-2Q,Carteira 4,ES,"Guarapari, ES","Guarapari, ES, Centro",0,150,0.0,12,2801.99,2025-11,0.0,0.2742,0,30,0.0,196.68,19,2025-11-11,0.0,0.0,2801.99,crítico
TCO0409,Porto_Alegre-Centro_Historico-apartamento-SUP-1Q,Carteira 4,RS,"Porto Alegre, RS","Porto Alegre, RS, Centro Histórico",0,487,2362.08,72,1793.66,2025-11,0.6333,0.4337,19,30,122.23,120.0,7,2025-11-11,1.32,0.0,-568.4199999999998,ok
TDB0101,Florianopolis-Ingleses_Norte-apartamento-SUP-2Q,Carteira 1,SC,"Florianópolis, SC","Florianópolis, SC, Ingleses Norte",0,288,3581.06,58,3045.34,2025-11,0.5,0.3095,15,30,312.8,240.55,11,2025-11-11,1.18,0.0,-535.7199999999998,ok
TPS106,Florianopolis-Canasvieiras_Meio-apartamento-TOP-1Q,Carteira 1,SC,"Florianópolis, SC","Florianópolis, SC, Canasvieiras",0,1017,1072.71,25,4223.9,2025-11,0.2,0.563,6,30,217.33,215.71,17,2025-11-11,0.25,0.0,3151.1899999999996,crítico
UPP0614,Curitiba-Centro-apartamento-JR-1Q,Carteira 4,PR,"Curitiba, PR","Curitiba, PR, Alto da XV",2,26,2245.91,282,1884.7,2025-11,0.6429,0.5093,18,30,161.83,139.89,9,2025-11-11,1.19,323.66,-361.2099999999998,ok
VNVA0801,Itapema-Praia_Centro-apartamento-SUP-2Q,Carteira 6,SC,"Itapema, SC","Itapema, SC, Tabuleiro dos Oliveiras",0,164,3023.29,17,2868.65,2025-11,0.6333,0.4165,19,30,198.63,174.67,9,2025-11-11,1.05,0.0,-154.63999999999987,berlinda
ZAH0811,Sao_Paulo-Bela_Vista-apartamento-TOP-1Q,Carteira 4,SP,"São Paulo, SP","São Paulo, SP, Paraíso",4,120,4762.44,227,4019.93,2025-11,0.6923,0.5944,18,30,329.89,216.5,8,2025-11-11,1.18,1319.56,-742.5099999999998,ok
AAL0204,Florianopolis-Canasvieiras_Perto-apartamento-JR-2Q,Carteira 1,SC,"Florianópolis, SC","Florianópolis, SC, Canasvieiras",0,612,2015.52,12,3649.69,2025-11,0.4,0.4795,12,30,246.0,236.67,12,2025-11-11,0.55,0.0,1634.17,atenção
CQS0004,Camaçari-Itacimirim-apartamento-SUP-2Q,Carteira 2,BA,"Camaçari, BA","Camaçari, BA, Itacimirim",0,222,2923.79,24,3206.86,2025-11,0.4333,0.2785,13,30,257.38,216.45,11,2025-11-11,0.91,0.0,283.07000000000016,berlinda
CVB0144,Marau-Barra_Grande-casa-SUP-3Q,Carteira 2,BA,"Maraú, BA","Maraú, BA, Barra Grande",2,477,1619.4,8,4087.65,2025-11,0.1071,0.1605,3,30,600.0,418.86,14,2025-11-11,0.4,1200.0,2468.25,crítico
CVPA103,Porto_de_Pedras-Geral-apartamento-SUP-2Q,Carteira 2,AL,"Porto de Pedras, AL","Porto de Pedras, AL, Patacho",0,631,1271.83,35,3857.96,2025-11,0.2667,0.403,8,30,183.75,193.45,11,2025-11-11,0.33,0.0,2586.13,crítico
DNAG2001,Goiania-Central-apartamento-SUP-1Q,Carteira 1_sys-price,GO,"Goiânia, GO","Goiânia, GO, Setor Bueno",0,123,3693.55,149,1516.4,2025-11,0.9,0.3335,27,30,188.22,166.0,3,2025-11-11,2.44,0.0,-2177.15,meta_subestimada
EFR203,Cabo_Frio-Centro-apartamento-TOP-3Q,Carteira 4,RJ,"Cabo Frio, RJ","Cabo Frio, RJ, Braga",5,1052,3042.08,19,4079.15,2025-11,0.32,0.255,8,30,456.63,377.42,12,2025-11-11,0.75,2283.15,1037.0700000000002,atenção
ENE0218,Brasilia-Asa_Norte-apartamento-TOP-1Q,Carteira 1_sys-price,DF,"Brasília, DF","Brasília, DF, Setor Noroeste",0,446,2454.36,29,3683.26,2025-11,0.3333,0.6301,10,30,286.8,307.36,11,2025-11-11,0.67,0.0,1228.9,atenção
FTM0401,Florianopolis-Ingleses_Norte-apartamento-JR-1Q,Carteira 1,SC,"Florianópolis, SC","Florianópolis, SC, Ingleses Norte",0,213,1988.36,49,2294.44,2025-11,0.3333,0.4456,10,30,249.4,200.83,12,2025-11-11,0.87,0.0,306.08000000000015,berlinda
GPS0102,Imbituba-Centro-apartamento-JR-2Q,Carteira 6,SC,"Imbituba, SC","Imbituba, SC, Vila Nova",2,214,2541.22,9,1839.44,2025-11,0.6786,0.2818,19,30,160.84,112.67,9,2025-11-11,1.38,321.68,-701.7799999999997,ok
HYP0202,Florianopolis-Canasvieiras_Meio-apartamento-JR-1Q,Carteira 1,SC,"Florianópolis, SC","Florianópolis, SC, Canasvieiras",0,40,2437.56,33,1965.96,2025-11,0.5667,0.482,17,30,431.29,125.0,3,2025-11-11,1.24,0.0,-471.5999999999999,ok
IHO127,Florianopolis-Ingleses_Norte-apartamento-JR-1Q,Carteira 1,SC,"Florianópolis, SC","Florianópolis, SC, Ingleses do Rio Vermelho",0,806,3955.7,49,2294.44,2025-11,0.7,0.4456,21,30,202.1,214.86,7,2025-11-11,1.72,0.0,-1661.2599999999998,ok
ILC4112,Especial-ILC-hotel-JR-1Q,Especial,SC,"Florianópolis, SC","Florianópolis, SC, Jurerê Internacional",0,815,7873.74,16,9179.91,2025-11,0.4667,0.5499,14,30,784.14,617.56,9,2025-11-11,0.86,0.0,1306.17,berlinda
MCB0205,Balneario_Picarras-Geral-apartamento-SUP-2Q,Carteira 6,SC,"Balneário Piçarras, SC","Balneário Piçarras, SC, itacolomi",5,298,0.0,66,1594.17,2025-11,0.0,0.2526,0,30,0.0,250.0,14,2025-11-11,0.0,0.0,1594.17,crítico
MMD0403,Ilheus-Sul-apartamento-TOP-2Q,Carteira 2,BA,"Ilhéus, BA","Ilhéus, BA, São Francisco",3,187,1832.53,17,2520.72,2025-11,0.3704,0.3466,10,30,223.3,273.0,13,2025-11-11,0.73,669.9000000000001,688.1899999999998,atenção
NWT0417,Especial-NWT-apartamento-TOP-1Q,Carteira 5,AL,"Maceió, AL","Maceió, AL, Pajuçara",0,338,6544.59,40,4657.0,2025-11,0.8333,0.5442,25,30,361.36,327.67,3,2025-11-11,1.41,0.0,-1887.5900000000001,ok
NWT1313,Especial-NWT-apartamento-TOP-1Q,Carteira 5,AL,"Maceió, AL","Maceió, AL, Pajuçara",16,289,3240.71,40,4657.0,2025-11,0.7857,0.5442,11,30,361.91,322.0,1,2025-11-11,0.7,5790.56,1416.29,atenção
PRJ025,Imbituba-Praia_do_Rosa-casa-SIM-1Q,Carteira 6,SC,"Imbituba, SC","Imbituba, SC, Ibiraquera",0,213,190.0,55,1158.17,2025-11,0.0667,0.3086,2,30,104.0,90.0,17,2025-11-11,0.16,0.0,968.1700000000001,crítico
RMM0206,Florianopolis-Ingleses_Centro-apartamento-SUP-2Q,Carteira 1,SC,"Florianópolis, SC","Florianópolis, SC, Ingleses do Rio Vermelho",0,31,2386.4,24,2370.27,2025-11,0.3667,0.316,11,30,214.33,209.67,9,2025-11-11,1.01,0.0,-16.13000000000011,berlinda
RSJ0202,Ilheus-Sul-apartamento-JR-2Q,Carteira 2,BA,"Ilhéus, BA","Ilhéus, BA, Nossa Senhora da Vitória",0,334,0.0,15,1576.18,2025-11,0.0,0.2399,0,30,0.0,200.0,19,2025-11-11,0.0,0.0,1576.18,crítico
SOA0510,Salvador-Boca_do_Rio-apartamento-TOP-1Q,Carteira 2,BA,"Salvador, BA","Salvador, BA, Boca do Rio",0,274,2772.68,16,3097.97,2025-11,0.5333,0.5778,16,30,202.69,226.17,12,2025-11-11,0.89,0.0,325.28999999999996,berlinda
SYH334,Joao_Pessoa-Cabo_Branco-apartamento-TOP-1Q,Carteira 2,PB,"João Pessoa, PB","João Pessoa, PB, Cabo Branco",0,303,4103.3,48,4399.39,2025-11,0.5667,0.6063,17,30,283.12,222.1,10,2025-11-11,0.93,0.0,296.09000000000015,berlinda
VDV0014,Porto_Seguro-Pataxos-apartamento-JR-1Q,Carteira 2,BA,"Porto Seguro, BA","Porto Seguro, BA, Xamagunga",23,292,839.86,34,2875.52,2025-11,1.0,0.4782,7,30,146.71,,0,2025-11-11,0.29,3374.3300000000004,2035.6599999999999,crítico
VST005,Especial-VST-casa-TOP-1Q,Carteira 5,SC,"Anitápolis, SC","Anitápolis, SC, Rio dos Pinheiros",2,488,2112.59,41,2231.25,2025-11,0.3929,0.1613,11,30,241.73,169.18,11,2025-11-11,0.95,483.46,118.65999999999985,berlinda
CNA004,Especial-CNA-casa-MASTER-1Q,Especial,SP,"Campos do Jordão, SP","Campos do Jordão, SP, Jardim Europa",0,1016,11828.88,25,8206.44,2025-11,0.6667,0.4048,20,30,768.61,587.6,10,2025-11-11,1.44,0.0,-3622.4399999999987,ok
CNB013,Especial-CNB-casa-TOP-1Q,Especial,SP,"Campos do Jordão, SP","Campos do Jordão, SP, Jardim Europa",0,590,2792.94,16,4791.07,2025-11,0.1667,0.5074,5,30,694.6,693.22,18,2025-11-11,0.58,0.0,1998.1299999999997,atenção
CZZ0306,Urubici-Geral-apartamento-SUP-1Q,Especial,SC,"Urubici, SC","Urubici, SC, Centro",1,5,2547.63,49,1401.48,2025-11,0.4828,0.1601,14,30,203.71,168.6,10,2025-11-11,1.82,203.71,-1146.15,ok
CZZ0507,Urubici-Geral-apartamento-SUP-1Q,Especial,SC,"Urubici, SC","Urubici, SC, Centro",1,134,1258.58,49,1401.48,2025-11,0.3103,0.1601,9,30,186.0,230.14,14,2025-11-11,0.9,186.0,142.9000000000001,berlinda
EAC1302,Balneario_Camboriu-Centro-apartamento-JR-3Q,Carteira 6,SC,"Balneário Camboriú, SC","Balneário Camboriú, SC, Centro",0,733,2289.65,37,4704.2,2025-11,0.3667,0.4463,11,30,244.46,165.64,11,2025-11-11,0.49,0.0,2414.5499999999997,crítico
EDG403,Balneario_Camboriu-Centro-apartamento-JR-1Q,Carteira 6,SC,"Balneário Camboriú, SC","Balneário Camboriú, SC, Centro",0,956,4223.04,31,2053.56,2025-11,0.9,0.4666,27,30,194.41,173.5,2,2025-11-11,2.06,0.0,-2169.48,meta_subestimada
EPM0803,Guarapari-Muquicaba-apartamento-SIM-1Q,Carteira 4,ES,"Guarapari, ES","Guarapari, ES, Muquiçaba",2,177,1880.95,20,891.98,2025-11,0.3571,0.255,10,30,196.1,166.25,12,2025-11-11,2.11,392.2,-988.97,meta_subestimada
HOA0906,Salvador-Ondina_Rio_Vermelho-apartamento-TOP-1Q,Carteira 2,BA,"Salvador, BA","Salvador, BA, Ondina",0,285,2955.01,34,3630.22,2025-11,0.5,0.5369,15,30,227.27,198.0,15,2025-11-11,0.81,0.0,675.2099999999996,berlinda
ILC4115,Especial-ILC-hotel-TOP-1Q,Especial,SC,"Florianópolis, SC","Florianópolis, SC, Jurerê Internacional",0,1657,9674.75,30,11132.4,2025-11,0.6667,0.6976,20,30,616.5,627.14,7,2025-11-11,0.87,0.0,1457.6499999999996,berlinda
KPL0806,Florianopolis-Sao_Jose-apartamento-TOP-1Q,Carteira 4,SC,"São José, SC","São José, SC, Campinas",0,80,2693.77,23,2874.7,2025-11,0.3667,0.3654,11,30,293.36,262.37,16,2025-11-11,0.94,0.0,180.92999999999984,berlinda
LRM0226,Itapema-Longe-casa-JR-2Q,Carteira 6,SC,"Itapema, SC","Itapema, SC, Morretes",0,81,2802.34,13,2924.62,2025-11,0.6333,0.3636,19,30,190.0,112.56,9,2025-11-11,0.96,0.0,122.27999999999975,berlinda
MHF0902,Itapema-Canto_Praia-apartamento-TOP-2Q,Carteira 5,SC,"Itapema, SC","Itapema, SC, Centro",0,407,4754.46,14,3094.94,2025-11,0.7,0.2903,21,30,297.95,320.44,9,2025-11-11,1.54,0.0,-1659.52,ok
NBL0606,Porto_Alegre-Jardim_Botanico-apartamento-SUP-1Q,Carteira 4,RS,"Porto Alegre, RS","Porto Alegre, RS, Santa Cecília",0,666,311.79,60,1567.83,2025-11,0.1,0.3503,3,30,130.0,132.33,18,2025-11-11,0.2,0.0,1256.04,crítico
NWT0319,Especial-NWT-apartamento-TOP-1Q,Carteira 5,AL,"Maceió, AL","Maceió, AL, Pajuçara",0,320,6597.61,40,4657.0,2025-11,0.7333,0.5442,22,30,362.84,323.33,9,2025-11-11,1.42,0.0,-1940.6099999999997,ok
NWT0914,Especial-NWT-apartamento-TOP-1Q,Carteira 5,AL,"Maceió, AL","Maceió, AL, Pajuçara",1,221,5501.23,40,4657.0,2025-11,0.6897,0.5442,20,30,337.35,255.0,4,2025-11-11,1.18,337.35,-844.2299999999996,ok
NWT1006,Especial-NWT-apartamento-TOP-1Q,Carteira 5,AL,"Maceió, AL","Maceió, AL, Pajuçara",0,199,5016.37,40,4657.0,2025-11,0.6667,0.5442,20,30,303.7,285.11,9,2025-11-11,1.08,0.0,-359.3699999999999,berlinda
NWT1322,Especial-NWT-apartamento-TOP-1Q,Carteira 5,AL,"Maceió, AL","Maceió, AL, Pajuçara",0,309,7589.65,40,4657.0,2025-11,0.8,0.5442,24,30,392.75,343.0,4,2025-11-11,1.63,0.0,-2932.6499999999996,ok
RGOB701,Itapema-Meia_Praia-Sul-apartamento-SUP-1Q,Carteira 6,SC,"Itapema, SC","Itapema, SC, Castelo Branco",0,110,2083.62,15,2851.62,2025-11,0.5667,0.4879,17,30,175.24,164.85,13,2025-11-11,0.73,0.0,768.0,atenção
RNE0301,Porto_Belo-Geral-apartamento-JR-3Q,Carteira 6,SC,"Porto Belo, SC","PORTO BELO, SC, PEREQUÊ",11,373,2017.62,21,3177.66,2025-11,0.6316,0.2968,12,30,219.5,175.33,6,2025-11-11,0.63,2414.5,1160.04,atenção
RRV0202,Navegantes-Gravata-apartamento-SUP-2Q,Carteira 6,SC,"Navegantes, SC","Navegantes, SC, Gravatá",0,36,1447.19,18,2184.5,2025-11,0.3,0.3464,9,30,181.11,152.21,14,2025-11-11,0.66,0.0,737.31,atenção
RUC0003,Bombinhas-Mariscal-casa-JR-2Q,Carteira 6,SC,"Bombinhas, SC","Bombinhas, SC, Canto Grande",0,332,1741.95,18,1968.24,2025-11,0.4667,0.3944,14,30,141.5,123.45,11,2025-11-11,0.89,0.0,226.28999999999996,berlinda
SFR0411,Bombinhas-Centro-apartamento-SUP-1Q,Carteira 6,SC,"Bombinhas, SC","Bombinhas, SC, Centro",0,37,4130.23,34,3528.77,2025-11,0.8,0.5429,24,30,201.5,239.0,5,2025-11-11,1.17,0.0,-601.4599999999996,ok
SSG0107,Florianopolis-UFSC-apartamento-TOP-1Q,Carteira 4,SC,"Florianópolis, SC","Florianópolis, SC, Córrego Grande",0,758,3850.25,16,2679.84,2025-11,0.8333,0.5048,25,30,299.32,267.0,1,2025-11-11,1.44,0.0,-1170.4099999999999,ok
TNP0713,Sao_Paulo-Bela_Vista-apartamento-SUP-1Q,Carteira 4,SP,"São Paulo, SP","São Paulo, SP, Cerqueira César",16,22,1979.14,596,3486.42,2025-11,0.7143,0.5791,10,30,186.5,182.5,2,2025-11-11,0.57,2984.0,1507.28,atenção
TPS204,Florianopolis-Canasvieiras_Meio-apartamento-TOP-1Q,Carteira 1,SC,"Florianópolis, SC","Florianópolis, SC, Canasvieiras",0,897,2221.96,25,4223.9,2025-11,0.4333,0.563,13,30,202.15,203.73,11,2025-11-11,0.53,0.0,2001.9399999999996,atenção
TPS212,Florianopolis-Canasvieiras_Meio-apartamento-TOP-1Q,Carteira 1,SC,"Florianópolis, SC","Florianópolis, SC, Canasvieiras",0,1030,3666.48,25,4223.9,2025-11,0.6333,0.563,19,30,245.89,248.43,7,2025-11-11,0.87,0.0,557.4199999999996,berlinda
TRO0154,Sao_Paulo-Pompeia-apartamento-SUP-1Q,Carteira 4,SP,"São Paulo, SP","São Paulo, SP, Pompeia",2,100,3569.16,71,2705.63,2025-11,0.6786,0.3976,19,30,232.53,145.0,8,2025-11-11,1.32,465.06,-863.5299999999997,ok
VIL0002,Penha-Longe-apartamento-JR-1Q,Carteira 6,SC,"Penha, SC","Penha, SC, Santa Lidia",0,71,1648.52,17,1068.14,2025-11,0.6,0.2822,18,30,109.0,96.08,12,2025-11-11,1.54,0.0,-580.3799999999999,ok
CZZ0505,Urubici-Geral-apartamento-SUP-1Q,Especial,SC,"Urubici, SC","Urubici, SC, Centro",0,162,1361.03,49,1401.48,2025-11,0.2333,0.1601,7,30,221.0,252.39,18,2025-11-11,0.97,0.0,40.450000000000045,berlinda
DRL0103,Bombinhas-Centro-apartamento-TOP-2Q,Carteira 6,SC,"Bombinhas, SC","Bombinhas, SC, Centro",0,487,5714.77,29,5933.71,2025-11,0.9,0.5024,27,30,261.59,218.33,3,2025-11-11,0.96,0.0,218.9399999999996,berlinda
ILC3313,Especial-ILC-hotel-JR-1Q,Especial,SC,"Florianópolis, SC","Florianópolis, SC, Jurerê Internacional",0,1615,7333.26,16,9179.91,2025-11,0.4667,0.5499,14,30,640.5,562.38,8,2025-11-11,0.8,0.0,1846.6499999999996,atenção
NOR0101,Brasilia-Asa_Norte-apartamento-JR-2Q,Carteira 1_sys-price,DF,"Brasília, DF","Brasília, DF, Asa Norte",0,767,6157.34,13,4624.88,2025-11,0.8667,0.6045,26,30,274.81,338.0,4,2025-11-11,1.33,0.0,-1532.46,ok
OBP0303,Penha-Beto_Carrero-apartamento-MASTER-2Q,Carteira 3,SC,"Penha, SC","Penha, SC, Armação",0,352,4889.96,25,3678.89,2025-11,0.6,0.3,18,30,322.83,324.0,8,2025-11-11,1.33,0.0,-1211.0700000000002,ok
PDC001,Ilheus-Sul-apartamento-JR-2Q,Carteira 2,BA,"Ilhéus, BA","Ilhéus, BA, Nossa Senhora da Vitória",0,467,323.88,15,1576.18,2025-11,0.1,0.2399,3,30,135.0,116.44,16,2025-11-11,0.21,0.0,1252.3000000000002,crítico
TOR0407,Imbituba-Centro-apartamento-SUP-1Q,Carteira 6,SC,"Imbituba, SC","Imbituba, SC, Centro",2,3,2276.54,10,1746.98,2025-11,0.6429,0.2534,18,30,147.44,100.0,6,2025-11-11,1.3,294.88,-529.56,ok
TPZ0403,Santa_Cruz_Cabralia-Coroa_Vermelha-apartamento-SUP-2Q,Carteira 2,BA,"Santa Cruz Cabrália, BA","Santa Cruz Cabrália, BA, Coroa Vermelha",0,662,1012.82,34,2989.06,2025-11,0.1667,0.3789,5,30,235.8,192.79,14,2025-11-11,0.34,0.0,1976.2399999999998,crítico
TSR0501,Ilheus-Sul-apartamento-SUP-2Q,Carteira 2,BA,"Ilhéus, BA","Ilhéus, BA, Nossa Senhora da Vitória",0,75,2724.66,36,1909.53,2025-11,0.6,0.2911,18,30,201.89,173.8,10,2025-11-11,1.43,0.0,-815.1299999999999,ok
VST009,Especial-VST-casa-TOP-1Q,Carteira 5,SC,"Anitápolis, SC","Anitápolis, SC, Rio dos Pinheiros",3,488,2079.0,41,2231.25,2025-11,0.4444,0.1613,12,30,223.25,194.18,11,2025-11-11,0.93,669.75,152.25,berlinda
EON0402,Goiania-Central-2-apartamento-SUP-3Q,Carteira 1_sys-price,GO,"Goiânia, GO","Goiânia, GO, Setor Oeste",0,3,3285.82,8,2599.3,2025-11,0.4667,0.2983,14,30,264.36,292.4,15,2025-11-11,1.26,0.0,-686.52,ok
ETE0308,Maceio-Ponta_Verde-apartamento-TOP-1Q,Carteira 2,AL,"Maceió, AL","Maceió, AL, Pajuçara",0,395,3381.16,123,4671.6,2025-11,0.6333,0.6591,19,30,211.74,206.0,9,2025-11-11,0.72,0.0,1290.4400000000005,atenção
GDP0107,Brasilia-Asa_Sul-apartamento-SUP-1Q,Carteira 1_sys-price,DF,"Brasília, DF","Brasília, DF, Asa Sul",0,645,3603.55,139,3635.09,2025-11,0.5667,0.7138,17,30,260.47,226.27,11,2025-11-11,0.99,0.0,31.539999999999964,berlinda
HAL103,Florianopolis-Novo_Campeche-apartamento-TOP-1Q,Carteira 1,SC,"Florianópolis, SC","Florianópolis, SC, Campeche",2,820,6007.76,45,5541.43,2025-11,0.7857,0.5773,22,30,329.95,285.67,3,2025-11-11,1.08,659.9,-466.3299999999999,berlinda
IFT1003,Itapema-Meia_Praia-Norte-apartamento-TOP-1Q,Carteira 6,SC,"Itapema, SC","Itapema, SC, Meia Praia",0,171,4167.57,22,3277.09,2025-11,0.7,0.375,21,30,233.82,211.13,8,2025-11-11,1.27,0.0,-890.4799999999996,ok
MHF1903,Itapema-Canto_Praia-apartamento-TOP-1Q,Carteira 5,SC,"Itapema, SC","Itapema, SC, Centro",0,480,4300.18,17,2947.0,2025-11,0.7,0.4478,21,30,234.24,246.43,7,2025-11-11,1.46,0.0,-1353.1800000000003,ok
NBL0911,Porto_Alegre-Jardim_Botanico-apartamento-SUP-1Q,Carteira 4,RS,"Porto Alegre, RS","Porto Alegre, RS, Santa Cecília",0,702,706.66,60,1567.83,2025-11,0.2,0.3503,6,30,143.17,131.94,16,2025-11-11,0.45,0.0,861.17,crítico
NWT1011,Especial-NWT-apartamento-MASTER-1Q,Carteira 5,AL,"Maceió, AL","Maceió, AL, Pajuçara",5,177,7360.05,30,6165.78,2025-11,0.72,0.6885,18,30,542.94,375.0,2,2025-11-11,1.19,2714.7000000000003,-1194.2700000000004,ok
OBS0101,Itapema-Meia_Praia-Sul-apartamento-JR-2Q,Carteira 6,SC,"Itapema, SC","Itapema, SC, Meia Praia",16,123,806.1,15,2851.62,2025-11,0.4286,0.4879,6,30,168.33,110.0,3,2025-11-11,0.28,2693.28,2045.52,crítico
OGD0401,Florianopolis-Beira_Mar-apartamento-TOP-1Q,Carteira 4,SC,"Florianópolis, SC","Florianópolis, SC, Centro",0,248,5159.76,18,5303.36,2025-11,0.7667,0.5814,23,30,279.13,199.25,4,2025-11-11,0.97,0.0,143.59999999999945,berlinda
OKA216,Florianopolis-Campeche-apartamento-SUP-1Q,Carteira 1,SC,"Florianópolis, SC","Florianópolis, SC, Campeche",0,729,3143.92,25,2388.5,2025-11,0.6,0.4993,18,30,231.94,218.83,12,2025-11-11,1.32,0.0,-755.4200000000001,ok
PSOA0607,Penha-Beto_Carrero-apartamento-SUP-1Q,Carteira 3,SC,"Penha, SC","Penha, SC, Praia de Armação do Itapocoroi",0,93,2160.42,16,1970.83,2025-11,0.4,0.3803,12,30,202.25,152.75,16,2025-11-11,1.1,0.0,-189.59000000000015,berlinda
RFM0005,Santa_Cruz_Cabralia-Coroa_Vermelha-apartamento-SUP-2Q,Carteira 2,BA,"Santa Cruz Cabrália, BA","Santa Cruz Cabrália, BA, Coroa Vermelha",30,86,0.0,34,2989.06,2025-11,,0.3789,0,30,0.0,,0,2025-11-11,0.0,0.0,2989.06,crítico
RMI0007,Florianopolis-Ingleses_Praia-apartamento-TOP-1Q,Carteira 1,SC,"Florianópolis, SC","Florianópolis, SC, Ingleses do Rio Vermelho",5,680,3172.89,58,2887.02,2025-11,0.68,0.3954,17,30,219.0,241.86,7,2025-11-11,1.1,1095.0,-285.8699999999999,berlinda
RUP0805,Blumenau-Central-apartamento-SUP-1Q,Carteira 4,SC,"Blumenau, SC","Blumenau, SC, Escola Agrícola",2,402,460.0,61,968.38,2025-11,0.1429,0.2419,4,30,134.5,124.89,19,2025-11-11,0.48,269.0,508.38,crítico
SFR0401,Bombinhas-Centro-apartamento-SUP-1Q,Carteira 6,SC,"Bombinhas, SC","Bombinhas, SC, Centro",0,37,4567.43,34,3528.77,2025-11,0.8,0.5429,24,30,213.17,167.5,4,2025-11-11,1.29,0.0,-1038.6600000000003,ok
SHC1103,Balneario_Picarras-Geral-apartamento-TOP-2Q,Carteira 6,SC,"Balneário Piçarras, SC","Balneário Piçarras, SC, Itacolomi",5,320,3550.66,35,2411.71,2025-11,0.6,0.3346,15,30,329.4,400.0,8,2025-11-11,1.47,1647.0,-1138.9499999999998,ok
SPJ0106,Especial-SPJ-apartamento-TOP-1Q,Carteira 5,SC,"Florianópolis, SC","Florianópolis, SC, Jurerê",0,310,5145.28,15,6230.75,2025-11,0.7,0.6136,21,30,308.86,273.0,7,2025-11-11,0.83,0.0,1085.4700000000003,berlinda
SPJ0202,Especial-SPJ-apartamento-TOP-1Q,Carteira 5,SC,"Florianópolis, SC","Florianópolis, SC, Jurerê",0,516,6164.01,15,6230.75,2025-11,0.8667,0.6136,26,30,349.58,210.0,3,2025-11-11,0.99,0.0,66.73999999999978,berlinda
SPJ0402,Especial-SPJ-apartamento-TOP-1Q,Carteira 5,SC,"Florianópolis, SC","Florianópolis, SC, Jurerê",0,385,6156.42,15,6230.75,2025-11,0.8333,0.6136,25,30,295.56,283.5,4,2025-11-11,0.99,0.0,74.32999999999993,berlinda
SVS0219,Brasilia-Asa_Sul-apartamento-SUP-1Q,Carteira 1_sys-price,DF,"Brasília, DF","Brasília, DF, Setor Sudoeste",1,222,4879.1,139,3635.09,2025-11,0.7586,0.7138,22,30,270.41,210.33,3,2025-11-11,1.34,270.41,-1244.0100000000002,ok
VDI208,Florianopolis-Jurere_Longe-apartamento-SUP-2Q,Carteira 1,SC,"Florianópolis, SC","Florianópolis, SC, Jurerê Internacional",30,1983,0.0,23,5861.6,2025-11,,0.5195,0,30,0.0,,0,2025-11-11,0.0,0.0,5861.6,crítico
ZNB1304,Salvador-Barra-apartamento-SUP-1Q,Carteira 2,BA,"Salvador, BA","Salvador, BA, Barra",2,172,3515.44,203,3119.92,2025-11,0.8214,0.546,23,30,200.35,217.2,5,2025-11-11,1.13,400.7,-395.52,ok
ACO1103,Balneario_Camboriu-Centro-apartamento-TOP-2Q,Carteira 6,SC,"Balneário Camboriú, SC","Balneário Camboriú, SC, Centro",3,107,5851.52,33,5387.18,2025-11,0.8519,0.5106,23,30,338.04,222.25,4,2025-11-11,1.09,1014.1200000000001,-464.34000000000015,berlinda
AIR1414,Porto_Alegre-Menino_Deus-apartamento-TOP-1Q,Carteira 4,RS,"Porto Alegre, RS","Porto Alegre, RS, Praia de Belas",0,431,0.0,28,2292.25,2025-11,0.0667,0.4217,2,30,333.0,333.0,17,2025-11-11,0.0,0.0,2292.25,crítico
BLB1306,Salvador-Barra-apartamento-SUP-1Q,Carteira 2,BA,"Salvador, BA","Salvador, BA, Barra",0,428,2487.28,203,3119.92,2025-11,0.5333,0.546,16,30,193.56,247.36,11,2025-11-11,0.8,0.0,632.6399999999999,atenção
CLF0204,Salvador-Flamengo-apartamento-SUP-1Q,Carteira 2,BA,"Salvador, BA","Salvador, BA, Stella Maris",10,16,191.71,25,1394.67,2025-11,0.05,0.3333,1,30,250.0,220.0,12,2025-11-11,0.14,2500.0,1202.96,crítico
CTD0101,Penha-Longe-apartamento-JR-2Q,Carteira 6,SC,"Penha, SC","Penha, SC, Centro",0,60,2604.69,22,2363.78,2025-11,0.8333,0.4095,25,30,124.44,122.67,3,2025-11-11,1.1,0.0,-240.90999999999985,ok
DMS0106,Gramado-Centro-apartamento-TOP-2Q,Carteira 4,RS,"Gramado, RS","Gramado, RS, Bairro Belverede",0,136,10322.24,55,10638.6,2025-11,0.7,0.6864,21,30,620.43,446.29,7,2025-11-11,0.97,0.0,316.3600000000006,berlinda
EDE,Florianopolis-Cachoeira_Bom_Jesus-apartamento-JR-2Q,Carteira 1,SC,"Florianópolis, SC","Florianópolis, SC, Cachoeira do Bom Jesus",0,281,3945.43,15,2802.96,2025-11,0.6667,0.3457,20,30,261.3,261.75,4,2025-11-11,1.41,0.0,-1142.4699999999998,ok
ELF0303,Bombinhas-Bombas-apartamento-SUP-1Q,Especial,SC,"Bombinhas, SC","Bombinhas, SC, José Amândio",3,172,4381.48,49,2579.11,2025-11,0.963,0.44,26,30,220.58,,0,2025-11-11,1.7,661.74,-1802.3699999999994,ok
ERJ101,Balneario_Camboriu-Norte-apartamento-JR-4Q,Carteira 6,SC,"Balneário Camboriú, SC","Balneário Camboriú, SC, Centro",6,772,3447.29,108,4062.78,2025-11,0.4583,0.4159,11,30,384.45,255.4,10,2025-11-11,0.85,2306.7,615.4900000000002,berlinda
ERV0101,Balneario_Camboriu-Centro-apartamento-SUP-3Q,Carteira 6,SC,"Balneário Camboriú, SC","Balneário Camboriú, SC, Centro",11,432,5442.98,75,3720.25,2025-11,0.9474,0.4048,18,30,350.67,176.0,1,2025-11-11,1.46,3857.3700000000003,-1722.7299999999996,ok
IFT1308,Itapema-Meia_Praia-Norte-apartamento-TOP-1Q,Carteira 6,SC,"Itapema, SC","Itapema, SC, Meia Praia",0,186,4025.03,22,3277.09,2025-11,0.7333,0.375,22,30,222.86,173.67,6,2025-11-11,1.23,0.0,-747.94,ok
ILC2412,Especial-ILC-hotel-JR-1Q,Especial,SC,"Florianópolis, SC","Florianópolis, SC, Jurerê Internacional",0,1971,11466.51,16,9179.91,2025-11,0.7333,0.5499,22,30,683.86,508.0,7,2025-11-11,1.25,0.0,-2286.6000000000004,ok
JBV141,Especial-JBV-hotel-TOP-1Q,Especial,SC,"Florianópolis, SC","Florianópolis, SC, Jurerê",10,1549,6274.17,34,10718.98,2025-11,0.75,0.6611,15,30,535.2,,0,2025-11-11,0.59,5352.0,4444.8099999999995,atenção
MHF1703,Itapema-Canto_Praia-apartamento-TOP-1Q,Carteira 5,SC,"Itapema, SC","Itapema, SC, Centro",0,485,3522.08,17,2947.0,2025-11,0.6667,0.4478,20,30,210.55,218.7,10,2025-11-11,1.2,0.0,-575.0799999999999,ok
MHF2105,Itapema-Canto_Praia-apartamento-TOP-1Q,Carteira 5,SC,"Itapema, SC","Itapema, SC, Centro",2,17,5180.67,17,2947.0,2025-11,0.9286,0.4478,26,30,288.5,197.0,2,2025-11-11,1.76,577.0,-2233.67,ok
RAL0303,Florianopolis-Ingleses_Centro-apartamento-SUP-2Q,Carteira 1,SC,"Florianópolis, SC","Florianópolis, SC, Ingleses do Rio Vermelho",0,390,2962.06,24,2370.27,2025-11,0.4,0.316,12,30,278.25,183.25,8,2025-11-11,1.25,0.0,-591.79,ok
RCB405,Itapema-Meia_Praia-Sul-apartamento-JR-3Q,Carteira 6,SC,"Itapema, SC","Itapema, SC, Meia Praia",5,491,3154.16,21,2014.63,2025-11,0.72,0.3539,18,30,221.17,131.86,7,2025-11-11,1.57,1105.85,-1139.5299999999997,ok
RCP202,Florianopolis-Canasvieiras_Meio-apartamento-JR-2Q,Carteira 1,SC,"Florianópolis, SC","Florianópolis, SC, Canasvieiras",0,759,2785.22,18,2836.34,2025-11,0.4333,0.3185,13,30,280.31,238.67,12,2025-11-11,0.98,0.0,51.120000000000346,berlinda
SMO0202,Balneario_Picarras-Geral-apartamento-SUP-2Q,Carteira 6,SC,"Balneário Piçarras, SC","Balneário Piçarras, SC, Centro",0,64,1830.75,66,1594.17,2025-11,0.4667,0.2526,14,30,159.29,116.8,10,2025-11-11,1.15,0.0,-236.57999999999993,ok
SOT0201,Florianopolis-Jurere_Tradicional-apartamento-TOP-1Q,Carteira 1,SC,"Florianópolis, SC","Florianópolis, SC, Jurerê",4,32,2717.84,18,6829.73,2025-11,0.4231,0.605,11,30,297.91,353.75,12,2025-11-11,0.4,1191.64,4111.889999999999,crítico
VEL0102,Guarapari-Centro-apartamento-JR-2Q,Carteira 4,ES,"Guarapari, ES","Guarapari, ES, Centro",0,227,1434.58,12,1278.66,2025-11,0.3,0.2639,9,30,178.33,186.56,16,2025-11-11,1.12,0.0,-155.91999999999985,ok
VLE001,Bombinhas-Mariscal-apartamento-JR-2Q,Carteira 6,SC,"Bombinhas, SC","Bombinhas, SC, Mariscal",0,1494,1683.36,34,2440.91,2025-11,0.2667,0.3343,8,30,204.75,198.0,11,2025-11-11,0.69,0.0,757.55,atenção
VLE002,Bombinhas-Mariscal-apartamento-JR-2Q,Carteira 6,SC,"Bombinhas, SC","Bombinhas, SC, Mariscal",0,1494,2576.97,34,2440.91,2025-11,0.3667,0.3343,11,30,258.82,198.0,8,2025-11-11,1.06,0.0,-136.05999999999995,berlinda
VLR802,Florianopolis-Centrao-apartamento-JR-1Q,Carteira 4,SC,"Florianópolis, SC","Florianópolis, SC, Centro",0,1221,2263.65,71,2585.44,2025-11,0.4667,0.4921,14,30,205.86,172.79,14,2025-11-11,0.88,0.0,321.78999999999996,berlinda
ALU0123,Sao_Paulo-Liberdade-apartamento-JR-2Q,Carteira 4,SP,"São Paulo, SP","São Paulo, SP, Cambuci",25,362,0.0,13,3360.63,2025-11,0.0,0.6017,0,30,0.0,215.8,5,2025-11-11,0.0,0.0,3360.63,crítico
DPR0006,Balneario_Camboriu-Sul-apartamento-JR-1Q,Carteira 6,SC,"Balneário Camboriú, SC","Balneário Camboriú, SC, Barra",6,235,1781.27,33,2053.56,2025-11,0.7083,0.4673,17,30,124.47,114.71,7,2025-11-11,0.87,746.8199999999999,272.28999999999996,berlinda
EPK0903,Guara-Geral-apartamento-MASTER-2Q,Especial,DF,"Brasília, DF","Brasília, DF, Zona Indistrial",1,179,6807.88,10,5222.95,2025-11,0.7586,0.53,22,30,386.23,420.43,7,2025-11-11,1.3,386.23,-1584.9300000000003,ok
ETY0024,Balneario_Camboriu-Centro-apartamento-JR-3Q,Carteira 6,SC,"Balneário Camboriú, SC","Balneário Camboriú, SC, Centro",7,323,4540.42,37,4704.2,2025-11,0.7391,0.4463,17,30,324.88,147.5,4,2025-11-11,0.97,2274.16,163.77999999999975,berlinda
IFT0903,Itapema-Meia_Praia-Norte-apartamento-TOP-1Q,Carteira 6,SC,"Itapema, SC","Itapema, SC, Meia Praia",0,4,2729.22,22,3277.09,2025-11,0.6667,0.375,20,30,189.45,183.44,9,2025-11-11,0.83,0.0,547.8700000000003,berlinda
ILC2201,Especial-ILC-hotel-TOP-1Q,Especial,SC,"Florianópolis, SC","Florianópolis, SC, Jurerê Internacional",29,1492,863.65,30,11132.4,2025-11,1.0,0.6976,1,30,1026.0,,0,2025-11-11,0.08,29754.0,10268.75,crítico
ILC2415,Especial-ILC-hotel-TOP-1Q,Especial,SC,"Florianópolis, SC","Florianópolis, SC, Jurerê Internacional",2,827,10921.71,30,11132.4,2025-11,0.6786,0.6976,19,30,672.4,587.0,2,2025-11-11,0.98,1344.8,210.6900000000005,berlinda
JPR410,Especial-JPR-apartamento-TOP-3Q,Carteira 1,SC,"Florianópolis, SC","Florianópolis, SC, Jurerê",0,478,8921.61,16,9639.85,2025-11,0.6667,0.4772,20,30,544.75,510.37,8,2025-11-11,0.93,0.0,718.2399999999998,berlinda
LUP0302,Barra_Velha-Itajuba-apartamento-SUP-3Q,Carteira 3,SC,"Barra Velha, SC","Barra Velha, SC, Itajubá",0,78,0.0,36,1993.79,2025-11,0.0,0.2904,0,30,0.0,234.42,19,2025-11-11,0.0,0.0,1993.79,crítico
MHF1804,Itapema-Canto_Praia-apartamento-TOP-1Q,Carteira 5,SC,"Itapema, SC","Itapema, SC, Centro",2,453,819.27,17,2947.0,2025-11,0.1071,0.4478,3,30,330.0,302.81,16,2025-11-11,0.28,660.0,2127.73,crítico
MUT0036,Santa_Cruz_Cabralia-Coroa_Vermelha-apartamento-SUP-3Q,Carteira 2,BA,"Santa Cruz Cabrália, BA","Santa Cruz Cabrália, BA, Coroa Vermelha",2,444,1951.32,22,3160.73,2025-11,0.25,0.3128,7,30,388.57,223.29,17,2025-11-11,0.62,777.14,1209.41,atenção
NWTA0608,Especial-NWT-apartamento-MASTER-1Q,Carteira 5,AL,"Maceió, AL","Maceió, AL, Pajuçara",0,208,1969.62,30,6165.78,2025-11,0.2,0.6885,6,30,410.5,417.38,13,2025-11-11,0.32,0.0,4196.16,crítico
PSO0306,Penha-Beto_Carrero-apartamento-SUP-1Q,Carteira 3,SC,"Penha, SC","Penha, SC, Praia de Armação do Itapocoroi",0,152,2444.77,16,1970.83,2025-11,0.4333,0.3803,13,30,209.15,146.2,10,2025-11-11,1.24,0.0,-473.94000000000005,ok
PSOB1101,Penha-Beto_Carrero-apartamento-TOP-1Q,Carteira 3,SC,"Penha, SC","Penha, SC, Praia de Armação do Itapocoroi",0,116,2159.99,16,4132.99,2025-11,0.4,0.6017,12,30,206.25,202.86,14,2025-11-11,0.52,0.0,1973.0,atenção
RDT1004,Balneario_Camboriu-Centro-apartamento-SUP-2Q,Carteira 6,SC,"Balneário Camboriú, SC","Balneário Camboriú, SC, Centro",1,52,5039.62,69,4233.64,2025-11,0.931,0.4374,27,30,269.07,194.0,2,2025-11-11,1.19,269.07,-805.9799999999996,ok
RHL0302,Florianopolis-Ingleses_Centro-apartamento-TOP-3Q,Carteira 1,SC,"Florianópolis, SC","Florianópolis, SC, Ingleses do Rio Vermelho",7,271,3874.61,47,6120.42,2025-11,0.6957,0.4218,16,30,296.13,318.71,7,2025-11-11,0.63,2072.91,2245.81,atenção
RUP0804,Blumenau-Central-apartamento-SUP-1Q,Carteira 4,SC,"Blumenau, SC","Blumenau, SC, Escola Agrícola",0,401,1819.15,61,968.38,2025-11,0.5667,0.2419,17,30,125.94,132.5,12,2025-11-11,1.88,0.0,-850.7700000000001,ok
SDR007,Florianopolis-Lagoa-apartamento-JR-1Q,Carteira 1,SC,"Florianópolis, SC","Florianópolis, SC, Lagoa da Conceição",0,1571,2604.39,22,3422.92,2025-11,0.6333,0.542,19,30,167.42,127.0,7,2025-11-11,0.76,0.0,818.5300000000002,atenção
SGA202,Florianopolis-Jurere_Longe-apartamento-JR-2Q,Carteira 1,SC,"Florianópolis, SC","Florianópolis, SC, Jurerê Internacional",3,1874,2631.1,18,3417.68,2025-11,0.4815,0.3678,13,30,231.54,170.4,5,2025-11-11,0.77,694.62,786.5799999999999,atenção
TBS106,Florianopolis-Novo_Campeche-apartamento-MASTER-1Q,Carteira 1,SC,"Florianópolis, SC","Florianópolis, SC, Campeche",3,949,7483.69,55,6978.07,2025-11,0.6667,0.5602,18,30,517.56,453.29,7,2025-11-11,1.07,1552.6799999999998,-505.6199999999999,berlinda
TCO0612,Porto_Alegre-Centro_Historico-apartamento-SUP-1Q,Carteira 4,RS,"Porto Alegre, RS","Porto Alegre, RS, Centro Histórico",0,564,1648.54,72,1793.66,2025-11,0.5,0.4337,15,30,120.0,120.0,13,2025-11-11,0.92,0.0,145.12000000000012,berlinda
TXP0919,Goiania-Central-apartamento-TOP-2Q,Carteira 1_sys-price,GO,"Goiânia, GO","Goiânia, GO, Setor Bueno",1,211,3075.14,15,2289.08,2025-11,0.4483,0.2738,13,30,290.08,288.71,14,2025-11-11,1.34,290.08,-786.06,ok
TXP1804,Goiania-Central-apartamento-SUP-1Q,Carteira 1_sys-price,GO,"Goiânia, GO","Goiânia, GO, Setor Bueno",0,772,2945.93,149,1516.4,2025-11,0.6,0.3335,18,30,161.64,169.29,7,2025-11-11,1.94,0.0,-1429.5299999999997,ok
UPP0217,Curitiba-Centro-apartamento-JR-1Q,Carteira 4,PR,"Curitiba, PR","Curitiba, PR, Alto da XV",8,10,880.25,282,1884.7,2025-11,0.3182,0.5093,7,30,135.29,136.46,13,2025-11-11,0.47,1082.32,1004.45,crítico
VEC117,Bombinhas-Centro-apartamento-SUP-1Q,Carteira 6,SC,"Bombinhas, SC","Bombinhas, SC, Centro",0,535,4630.11,34,3528.77,2025-11,0.8,0.5429,24,30,206.67,200.67,6,2025-11-11,1.31,0.0,-1101.3399999999997,ok
VFR504,Bombinhas-Bombas-apartamento-TOP-1Q,Especial,SC,"Bombinhas, SC","Bombinhas, SC, Bombas",0,754,5058.44,78,3016.65,2025-11,0.9,0.4055,27,30,233.22,188.0,2,2025-11-11,1.68,0.0,-2041.7899999999995,ok
VPD0605,Florianopolis-Beira_Mar-apartamento-TOP-1Q,Carteira 4,SC,"Florianópolis, SC","Florianópolis, SC, Agronômica",0,200,4662.64,18,5303.36,2025-11,0.7,0.5814,21,30,290.14,236.43,7,2025-11-11,0.88,0.0,640.7199999999993,berlinda
ADC0205,Florianopolis-Cachoeira_Bom_Jesus-apartamento-TOP-2Q,Carteira 1,SC,"Florianópolis, SC","Florianópolis, SC, Cachoeira do Bom Jesus",0,260,5531.98,28,5632.31,2025-11,0.5,0.4328,15,30,455.67,318.5,8,2025-11-11,0.98,0.0,100.33000000000084,berlinda
ATT0602,Itapema-Meia_Praia-Sul-apartamento-TOP-3Q,Carteira 6,SC,"Itapema, SC","Itapema, SC, Meia Praia",13,340,2396.31,27,4379.63,2025-11,0.4706,0.3145,8,30,338.75,289.89,9,2025-11-11,0.55,4403.75,1983.3200000000002,atenção
CZZ0302,Urubici-Geral-apartamento-SUP-1Q,Especial,SC,"Urubici, SC","Urubici, SC, Centro",6,228,561.94,49,1401.48,2025-11,0.1667,0.1601,4,30,176.5,196.38,16,2025-11-11,0.4,1059.0,839.54,crítico
EBI0303,Curitiba-Jardim_Botanico-apartamento-SUP-1Q,Carteira 4,PR,"Curitiba, PR","Curitiba, PR, Prado Velho",0,299,2165.38,15,2758.25,2025-11,0.5,0.6,15,30,169.67,141.64,14,2025-11-11,0.79,0.0,592.8699999999999,atenção
ECU102,Ubatuba-Itagua-apartamento-JR-2Q,Carteira 4,SP,"Ubatuba, SP","Ubatuba, SP, Itaguá",2,795,1261.3,148,2757.22,2025-11,0.1786,0.4239,5,30,280.4,210.29,14,2025-11-11,0.46,560.8,1495.9199999999998,crítico
ESS0505,Goiania-Leste-apartamento-SUP-1Q,Carteira 1_sys-price,GO,"Goiânia, GO","Goiânia, GO, Alto da Glória",0,772,2252.7,74,1505.82,2025-11,0.6,0.3364,18,30,154.78,188.5,12,2025-11-11,1.5,0.0,-746.8799999999999,ok
HIG1003,Maceio-Ponta_Verde-apartamento-TOP-1Q,Carteira 2,AL,"Maceió, AL","Maceió, AL, Ponta Verde",30,117,0.0,123,4671.6,2025-11,,0.6591,0,30,0.0,,0,2025-11-11,0.0,0.0,4671.6,crítico
ILC2305,Especial-ILC-hotel-JR-1Q,Especial,SC,"Florianópolis, SC","Florianópolis, SC, Jurerê Internacional",5,568,10445.2,16,9179.91,2025-11,0.68,0.5499,17,30,663.05,544.25,4,2025-11-11,1.14,3315.25,-1265.2900000000009,ok
ILC3105,Especial-ILC-hotel-JR-1Q,Especial,SC,"Florianópolis, SC","Florianópolis, SC, Jurerê Internacional",0,1916,9111.72,16,9179.91,2025-11,0.6333,0.5499,19,30,597.58,519.17,6,2025-11-11,0.99,0.0,68.19000000000051,berlinda
LHD0706,Goiania-Central-apartamento-SUP-1Q,Carteira 1_sys-price,GO,"Goiânia, GO","Goiânia, GO, Setor Bueno",0,486,2584.14,149,1516.4,2025-11,0.6333,0.3335,19,30,172.21,179.4,10,2025-11-11,1.7,0.0,-1067.7399999999998,ok
LIV1509,Salvador-Graca-apartamento-TOP-1Q,Especial,BA,"Salvador, BA","Salvador, BA, Vitória",3,22,3350.59,15,3581.56,2025-11,0.6667,0.5526,18,30,234.06,260.11,9,2025-11-11,0.94,702.1800000000001,230.9699999999998,berlinda
MHF1404,Itapema-Canto_Praia-apartamento-TOP-1Q,Carteira 5,SC,"Itapema, SC","Itapema, SC, Centro",0,131,4066.64,17,2947.0,2025-11,0.6333,0.4478,19,30,272.58,259.4,10,2025-11-11,1.38,0.0,-1119.6399999999999,ok
MHFB0905,Itapema-Canto_Praia-apartamento-SUP-1Q,Carteira 5,SC,"Itapema, SC","Itapema, SC, Centro",0,453,2594.3,9,3362.19,2025-11,0.5,0.347,15,30,219.2,174.2,10,2025-11-11,0.77,0.0,767.8899999999999,atenção
MTA0101,Barra_Velha-Centro-apartamento-SUP-2Q,Carteira 3,SC,"Barra Velha, SC","Barra Velha, SC, Tabuleiro",0,9,649.01,16,1993.22,2025-11,0.1333,0.2476,4,30,186.75,155.06,16,2025-11-11,0.33,0.0,1344.21,crítico
NFE0708,Curitiba-Centro-apartamento-SUP-1Q,Carteira 4,PR,"Curitiba, PR","Curitiba, PR, Centro",0,122,2660.59,500,2211.28,2025-11,0.5667,0.4953,17,30,164.21,151.6,10,2025-11-11,1.2,0.0,-449.30999999999995,ok
NWT0423,Especial-NWT-apartamento-TOP-1Q,Carteira 5,AL,"Maceió, AL","Maceió, AL, Pajuçara",0,337,4457.88,40,4657.0,2025-11,0.5,0.5442,15,30,308.06,288.0,11,2025-11-11,0.96,0.0,199.1199999999999,berlinda
OKA233,Florianopolis-Campeche-apartamento-TOP-1Q,Carteira 1,SC,"Florianópolis, SC","Florianópolis, SC, Campeche",0,1039,3559.78,24,3140.19,2025-11,0.5667,0.4683,17,30,263.0,276.33,12,2025-11-11,1.13,0.0,-419.59000000000015,ok
PGO412,Pocos_de_Caldas-Geral-apartamento-SUP-1Q,Carteira 4,MG,"Poços de Caldas, MG","Poços de Caldas, MG, São Benedito",0,775,2196.68,31,1401.48,2025-11,0.5667,0.2888,17,30,171.12,120.0,5,2025-11-11,1.57,0.0,-795.1999999999998,ok
PSOA0512,Penha-Beto_Carrero-apartamento-TOP-1Q,Carteira 3,SC,"Penha, SC","Penha, SC, Praia de Armação do Itapocoroi",0,99,3535.86,16,4132.99,2025-11,0.7333,0.6017,22,30,194.95,171.71,7,2025-11-11,0.86,0.0,597.1299999999997,berlinda
PZO0907,Ilheus-Sul-apartamento-SUP-2Q,Carteira 2,BA,"Ilhéus, BA","Ilhéus, BA, Nossa Senhora da Vitória",0,298,2359.1,36,1909.53,2025-11,0.5333,0.2911,16,30,171.81,151.11,9,2025-11-11,1.24,0.0,-449.56999999999994,ok
RFS205,Florianopolis-Canasvieiras_Meio-apartamento-JR-2Q,Carteira 1,SC,"Florianópolis, SC","Florianópolis, SC, Canasvieiras",0,572,3827.64,18,2836.34,2025-11,0.6333,0.3185,19,30,258.26,193.57,7,2025-11-11,1.35,0.0,-991.2999999999997,ok
RGF1308,Salvador-Flamengo-apartamento-TOP-1Q,Carteira 2,BA,"Salvador, BA","Salvador, BA, Itapuã",0,8,1944.38,30,3310.55,2025-11,0.4667,0.5018,14,30,163.71,163.67,15,2025-11-11,0.59,0.0,1366.17,atenção
SOA0705,Salvador-Boca_do_Rio-apartamento-SUP-1Q,Carteira 2,BA,"Salvador, BA","Salvador, BA, Boca do Rio",0,327,1983.99,33,2261.0,2025-11,0.6,0.4852,18,30,135.94,147.92,12,2025-11-11,0.88,0.0,277.01,berlinda
VLP0109,Mata_de_Sao_Joao-Praia_do_Forte-apartamento-SUP-2Q,Carteira 2,BA,"Mata de São João, BA","Mata de São João, BA, Praia do Forte",5,360,4660.08,26,6384.52,2025-11,0.6,0.446,15,30,383.53,280.2,10,2025-11-11,0.73,1917.6499999999999,1724.4400000000005,atenção
VST012,Especial-VST-casa-TOP-1Q,Carteira 5,SC,"Anitápolis, SC","Anitápolis, SC, Rio dos pinheiros",0,880,4648.24,41,2231.25,2025-11,0.7667,0.1613,23,30,258.78,224.29,7,2025-11-11,2.08,0.0,-2416.99,meta_subestimada
BSO0106,Itajai-Praia_Brava-apartamento-SUP-1Q,Carteira 6,SC,"Balneário Camboriú, SC","Balneário Camboriú, SC, Praia dos Amores",0,198,3993.82,10,2766.14,2025-11,0.8333,0.5032,25,30,187.16,130.0,4,2025-11-11,1.44,0.0,-1227.6800000000003,ok
BSO0207,Itajai-Praia_Brava-apartamento-SUP-1Q,Carteira 6,SC,"Balneário Camboriú, SC","Balneário Camboriú, SC, Praia dos Amores",0,192,2679.26,10,2766.14,2025-11,0.5667,0.5032,17,30,188.24,139.27,11,2025-11-11,0.97,0.0,86.87999999999965,berlinda
CGR209,Gramado-Geral-apartamento-JR-1Q,Carteira 4,RS,"Gramado, RS","Gramado, RS, Vila Suiça",11,893,2798.5,107,4367.46,2025-11,0.8421,0.5738,16,30,220.56,,0,2025-11-11,0.64,2426.16,1568.96,atenção
EAR0411,Florianopolis-Ingleses_Norte-apartamento-TOP-3Q,Carteira 1,SC,"Florianópolis, SC","Florianópolis, SC, Ingleses do Rio Vermelho",6,318,5329.31,16,5500.55,2025-11,0.5417,0.4157,13,30,469.46,521.0,7,2025-11-11,0.97,2816.7599999999998,171.23999999999978,berlinda
ELR0507,Maceio-Ponta_Verde-apartamento-SUP-1Q,Carteira 2,AL,"Maceió, AL","Maceió, AL, Ponta Verde",0,38,2386.69,203,4037.5,2025-11,0.4667,0.6847,14,30,201.71,185.7,10,2025-11-11,0.59,0.0,1650.81,atenção
ENU011,Ubatuba-Praia_Grande-apartamento-JR-2Q,Carteira 4,SP,"Ubatuba, SP","Ubatuba, SP, Praia Grande",9,568,4517.66,188,4235.58,2025-11,0.8571,0.4506,18,30,296.94,272.0,1,2025-11-11,1.07,2672.46,-282.0799999999999,berlinda
FFS0603,Itapema-Meia_Praia-Sul-apartamento-TOP-1Q,Carteira 6,SC,"Itapema, SC","Itapema, SC, Meia Praia",0,10,1962.97,18,3260.39,2025-11,0.4333,0.309,13,30,243.85,220.4,15,2025-11-11,0.6,0.0,1297.4199999999998,atenção
HPN707,Porto_Alegre-Cidade_Baixa-apartamento-JR-1Q,Carteira 4,RS,"Porto Alegre, RS","Porto Alegre, RS, Farroupilha",0,431,0.0,40,1600.63,2025-11,0.0,0.4599,0,30,0.0,121.47,19,2025-11-11,0.0,0.0,1600.63,crítico
LBM306,Florianopolis-Canasvieiras_Perto-apartamento-TOP-1Q,Carteira 1,SC,"Florianópolis, SC","Florianópolis, SC, Canasvieiras",25,1047,0.0,31,5000.07,2025-11,0.0,0.5683,0,30,0.0,,0,2025-11-11,0.0,0.0,5000.07,crítico
NWT0816,Especial-NWT-apartamento-TOP-1Q,Carteira 5,AL,"Maceió, AL","Maceió, AL, Pajuçara",0,186,2909.64,40,4657.0,2025-11,0.4,0.5442,12,30,302.33,288.8,10,2025-11-11,0.62,0.0,1747.3600000000001,atenção
RGF0711,Salvador-Flamengo-apartamento-TOP-1Q,Carteira 2,BA,"Salvador, BA","Salvador, BA, Itapuã",0,93,3439.23,30,3310.55,2025-11,0.7667,0.5018,23,30,189.0,168.25,4,2025-11-11,1.04,0.0,-128.67999999999984,berlinda
RPF0605,Porto_Alegre-Menino_Deus-apartamento-SUP-1Q,Carteira 4,RS,"Porto Alegre, RS","Porto Alegre, RS, Azenha",0,221,2705.38,16,1118.75,2025-11,0.6333,0.268,19,30,176.11,184.0,8,2025-11-11,2.42,0.0,-1586.63,meta_subestimada
RVG208,Florianopolis-Ingleses_Norte-apartamento-SUP-2Q,Carteira 1,SC,"Florianópolis, SC","Florianópolis, SC, Ingleses do Rio Vermelho",0,1801,4391.93,58,3045.34,2025-11,0.6667,0.3095,20,30,300.8,235.5,6,2025-11-11,1.44,0.0,-1346.5900000000001,ok
SCO0008,Florianopolis-Campeche-apartamento-JR-2Q,Carteira 1,SC,"Florianópolis, SC","Florianópolis, SC, Campeche",0,172,3039.39,30,2658.59,2025-11,0.5,0.5028,15,30,207.89,173.25,8,2025-11-11,1.14,0.0,-380.7999999999997,ok
ADC105,Florianopolis-Cachoeira_Bom_Jesus-apartamento-TOP-2Q,Carteira 1,SC,"Florianópolis, SC","Florianópolis, SC, Cachoeira do Bom Jesus",5,1083,5911.26,28,5632.31,2025-11,0.6,0.4328,15,30,610.2,331.25,8,2025-11-11,1.05,3051.0,-278.9499999999998,berlinda
BLS1253,Goiania-Central-apartamento-TOP-1Q,Carteira 1_sys-price,GO,"Goiânia, GO","Goiânia, GO, Setor Marista",0,772,1511.98,53,1579.58,2025-11,0.3667,0.3282,11,30,167.45,170.25,16,2025-11-11,0.96,0.0,67.59999999999991,berlinda
CTA022,Florianopolis-Praia_Brava-apartamento-SUP-3Q,Carteira 1,SC,"Florianópolis, SC","Florianópolis, SC, Praia Brava",7,1395,3973.3,31,5187.42,2025-11,0.5217,0.3858,12,30,421.83,350.43,7,2025-11-11,0.77,2952.81,1214.12,atenção
CVI0012,Mata_de_Sao_Joao-Praia_do_Forte-apartamento-JR-1Q,Carteira 2,BA,"Mata de São João, BA","Mata de São João, BA, Praia do Forte",1,165,3871.78,28,2936.91,2025-11,0.6897,0.3807,20,30,235.7,187.0,9,2025-11-11,1.32,235.7,-934.8700000000003,ok
DVB0013,Porto_Seguro-Arraial_Dajuda_Centro-apartamento-SUP-1Q,Carteira 2,BA,"Porto Seguro, BA","Porto Seguro, BA, Arraial d Ajuda",0,12,0.0,7,2999.65,2025-11,0.0,0.4819,0,30,0.0,191.21,19,2025-11-11,0.0,0.0,2999.65,crítico
EAN503,Balneario_Camboriu-Centro-apartamento-JR-2Q,Carteira 6,SC,"Balneário Camboriú, SC","Balneário Camboriú, SC, Centro",0,1065,3464.62,45,2904.87,2025-11,0.6333,0.4181,19,30,252.11,191.63,8,2025-11-11,1.19,0.0,-559.75,ok
EPF202,Balneario_Camboriu-Centro-apartamento-JR-2Q,Carteira 6,SC,"Balneário Camboriú, SC","Balneário Camboriú, SC, Centro",0,864,2238.6,45,2904.87,2025-11,0.5667,0.4181,17,30,149.24,157.7,10,2025-11-11,0.77,0.0,666.27,atenção
EVM1012,Sao_Paulo-Madalena-apartamento-SUP-1Q,Carteira 4,SP,"São Paulo, SP","São Paulo, SP, Sumarezinho",2,288,2437.46,115,3317.55,2025-11,0.4286,0.4942,12,30,228.33,215.77,13,2025-11-11,0.73,456.66,880.0900000000001,atenção
HAI0203,Salvador-Centro-apartamento-JR-1Q,Carteira 2,BA,"Salvador, BA","Salvador, BA, Centro",0,234,1540.21,28,2017.3,2025-11,0.4,0.5326,12,30,152.58,125.44,16,2025-11-11,0.76,0.0,477.0899999999999,atenção
ILC2203,Especial-ILC-hotel-JR-1Q,Especial,SC,"Florianópolis, SC","Florianópolis, SC, Jurerê Internacional",1,1971,11904.65,16,9179.91,2025-11,0.6552,0.5499,19,30,843.63,439.0,2,2025-11-11,1.3,843.63,-2724.74,ok
ILC2307,Especial-ILC-hotel-TOP-1Q,Especial,SC,"Florianópolis, SC","Florianópolis, SC, Jurerê Internacional",8,1776,10180.5,30,11132.4,2025-11,0.7727,0.6976,17,30,744.53,528.0,2,2025-11-11,0.91,5956.24,951.8999999999996,berlinda
IMD0502,Bombinhas-Bombas-apartamento-MASTER-3Q,Carteira 6,SC,"Bombinhas, SC","Bombinhas, SC, Bombas",7,11,2875.62,14,6881.49,2025-11,0.3478,0.4255,8,30,476.63,411.67,9,2025-11-11,0.42,3336.41,4005.87,crítico
LAR0406,Gramado-Centro-apartamento-TOP-2Q,Carteira 4,RS,"Gramado, RS","Gramado, RS, Vila Suiça",5,681,11708.71,55,10638.6,2025-11,0.92,0.6864,23,30,714.26,410.0,2,2025-11-11,1.1,3571.3,-1070.1099999999988,ok
LTT803,Balneario_Picarras-Geral-apartamento-TOP-3Q,Carteira 6,SC,"Balneário Piçarras, SC","Balneário Piçarras, SC, Itacolomi",0,536,3122.09,16,3174.9,2025-11,0.3333,0.2632,10,30,400.9,214.67,9,2025-11-11,0.98,0.0,52.809999999999945,berlinda
MHF0904,Itapema-Canto_Praia-apartamento-TOP-1Q,Carteira 5,SC,"Itapema, SC","Itapema, SC, Centro",0,359,5438.54,17,2947.0,2025-11,1.0,0.4478,30,30,324.2,,0,2025-11-11,1.85,0.0,-2491.54,ok
PEA1301,Florianopolis-Itacorubi-apartamento-SUP-3Q,Carteira 4,SC,"Florianópolis, SC","Florianópolis, SC, Itacorubi",0,555,4468.42,12,3830.55,2025-11,0.3667,0.3193,11,30,414.91,325.13,8,2025-11-11,1.17,0.0,-637.8699999999999,ok
PSO0310,Penha-Beto_Carrero-apartamento-SUP-1Q,Carteira 3,SC,"Penha, SC","Penha, SC, Praia de Armação do Itapocoroi",0,122,3952.0,16,1970.83,2025-11,0.7333,0.3803,22,30,211.55,152.86,7,2025-11-11,2.01,0.0,-1981.17,meta_subestimada
PSO0606,Penha-Beto_Carrero-apartamento-SUP-1Q,Carteira 3,SC,"Penha, SC","Penha, SC, Praia de Armação do Itapocoroi",0,129,2796.69,16,1970.83,2025-11,0.5333,0.3803,16,30,194.62,157.38,8,2025-11-11,1.42,0.0,-825.8600000000001,ok
PST1409,Florianopolis-Itacorubi-apartamento-TOP-1Q,Carteira 4,SC,"Florianópolis, SC","Florianópolis, SC, Itacorubi",0,43,4701.05,25,2556.73,2025-11,0.9333,0.5056,28,30,310.11,144.0,1,2025-11-11,1.84,0.0,-2144.32,ok
RJI011,Ubatuba-Itagua-apartamento-JR-2Q,Carteira 4,SP,"Ubatuba, SP","Ubatuba, SP, Itaguá",1,22,855.39,148,2757.22,2025-11,0.1034,0.4239,3,30,323.0,207.25,16,2025-11-11,0.31,323.0,1901.83,crítico
SKL1604,Penha-Praia-apartamento-SUP-2Q,Carteira 6,SC,"Penha, SC","Penha, SC, Armação",0,131,4651.47,50,3787.89,2025-11,0.7667,0.4691,23,30,256.43,188.86,7,2025-11-11,1.23,0.0,-863.5800000000004,ok
SOL0404,Salvador-Costa_Azul-apartamento-SUP-1Q,Especial,BA,"Salvador, BA","Salvador, BA, Costa Azul",0,166,1684.23,30,2191.27,2025-11,0.5,0.5131,15,30,133.73,135.36,14,2025-11-11,0.77,0.0,507.03999999999996,atenção
VNT1011,Sao_Paulo-Pompeia-apartamento-SUP-1Q,Carteira 4,SP,"São Paulo, SP","São Paulo, SP, Perdizes",5,170,1398.84,71,2705.63,2025-11,0.32,0.3976,8,30,209.38,139.5,12,2025-11-11,0.52,1046.9,1306.7900000000002,atenção
CAP0302,Gramado-Carniel-apartamento-TOP-2Q,Carteira 4,RS,"Gramado, RS","Gramado, RS, Carniel",0,690,7158.23,104,8855.36,2025-11,0.6333,0.6277,19,30,460.5,374.0,5,2025-11-11,0.81,0.0,1697.130000000001,berlinda
CMI0301,Florianopolis-Ingleses_Centro-apartamento-SUP-2Q,Carteira 1,SC,"Florianópolis, SC","Florianópolis, SC, Ingleses do Rio Vermelho",0,703,4725.08,24,2370.27,2025-11,0.8333,0.316,25,30,232.72,211.6,5,2025-11-11,1.99,0.0,-2354.81,ok
CNU202,Florianopolis-Ingleses_Norte-apartamento-JR-2Q,Carteira 1,SC,"Florianópolis, SC","Florianópolis, SC, Ingleses do Rio Vermelho",0,1187,2062.97,27,2504.17,2025-11,0.4,0.4002,12,30,231.42,201.83,12,2025-11-11,0.82,0.0,441.2000000000003,berlinda
EMA0201,Itapema-Meia_Praia-Sul-apartamento-TOP-3Q,Carteira 6,SC,"Itapema, SC","Itapema, SC, Meia Praia",11,232,5832.67,27,4379.63,2025-11,0.8421,0.3145,16,30,447.81,220.0,2,2025-11-11,1.33,4925.91,-1453.04,ok
GSE0110,Cabedelo-Intermares-apartamento-MASTER-1Q,Carteira 2,PB,"João Pessoa, PB","João Pessoa, PB, Bessa",12,24,1856.39,39,5354.15,2025-11,0.4444,0.6758,8,30,266.87,236.57,7,2025-11-11,0.35,3202.44,3497.7599999999993,crítico
JBV134,Especial-JBV-hotel-JR-1Q,Especial,SC,"Florianópolis, SC","Florianópolis, SC, Jurerê",4,1971,7306.55,25,9026.89,2025-11,0.6923,0.58,18,30,482.78,422.83,6,2025-11-11,0.81,1931.12,1720.3399999999992,berlinda
LBH104,São_Miguel_dos_Milagres-Geral-casa-SUP-2Q,Carteira 2,AL,"Passo de Camaragibe, AL","Passo de Camaragibe, AL, Passo de Camaragibe",6,631,1982.31,20,4817.59,2025-11,0.3333,0.467,8,30,333.13,265.81,16,2025-11-11,0.41,1998.78,2835.28,crítico
MGI0068,Porto_Seguro-Pitinga-casa-TOP-3Q,Carteira 2,BA,"Porto Seguro, BA","Porto Seguro, BA, Alto da Pitinga",2,54,2958.48,9,4557.08,2025-11,0.1429,0.2489,4,30,1105.0,800.0,13,2025-11-11,0.65,2210.0,1598.6,atenção
NWT0710,Especial-NWT-apartamento-TOP-1Q,Carteira 5,AL,"Maceió, AL","Maceió, AL, Pajuçara",0,186,5861.22,40,4657.0,2025-11,0.7,0.5442,21,30,359.05,280.0,4,2025-11-11,1.26,0.0,-1204.2200000000003,ok
PSO0501,Penha-Beto_Carrero-apartamento-TOP-1Q,Carteira 3,SC,"Penha, SC","Penha, SC, Praia de Armação do Itapocoroi",0,92,3866.23,16,4132.99,2025-11,0.7,0.6017,21,30,212.38,174.33,6,2025-11-11,0.94,0.0,266.75999999999976,berlinda
RHE201,Bombinhas-Mariscal-casa-JR-2Q,Carteira 6,SC,"Bombinhas, SC","Bombinhas, SC, Morrinhos",3,575,2113.68,18,1968.24,2025-11,0.6296,0.3944,17,30,156.29,108.17,6,2025-11-11,1.07,468.87,-145.43999999999983,berlinda
ROR0001,Bombinhas-Bombas-apartamento-SUP-2Q,Carteira 6,SC,"Bombinhas, SC","Bombinhas, SC, Bombas",1,785,3917.88,69,2859.41,2025-11,0.8966,0.3852,26,30,200.23,105.0,1,2025-11-11,1.37,200.23,-1058.4700000000003,ok
RVG0207,Florianopolis-Ingleses_Norte-apartamento-SUP-2Q,Carteira 1,SC,"Florianópolis, SC","Florianópolis, SC, Ingleses Norte",3,201,3430.08,58,3045.34,2025-11,0.5556,0.3095,15,30,281.87,210.63,8,2025-11-11,1.13,845.61,-384.7399999999998,ok
SDP0206,Florianopolis-Ingleses_Praia-apartamento-SUP-2Q,Carteira 1,SC,"Florianópolis, SC","Florianópolis, SC, Ingleses do Rio Vermelho",2,946,3466.61,51,2819.88,2025-11,0.4643,0.3806,13,30,366.77,283.13,8,2025-11-11,1.23,733.54,-646.73,ok
SHA0104,Balneario_Picarras-Geral-apartamento-SUP-2Q,Carteira 6,SC,"Balneário Piçarras, SC","Balneário Piçarras, SC, Centro",10,45,1156.22,66,1594.17,2025-11,0.45,0.2526,9,30,151.5,115.0,6,2025-11-11,0.73,1515.0,437.95000000000005,atenção
TCO1014,Porto_Alegre-Centro_Historico-apartamento-SUP-1Q,Carteira 4,RS,"Porto Alegre, RS","Porto Alegre, RS, Centro Histórico",0,572,2139.69,72,1793.66,2025-11,0.6333,0.4337,19,30,143.58,125.56,9,2025-11-11,1.19,0.0,-346.03,ok
ALO0201,Barra_Velha-Centro-apartamento-TOP-2Q,Carteira 3,SC,"Barra Velha, SC","Barra Velha, SC, Tabuleiro",8,11,1023.41,38,1993.79,2025-11,0.2727,0.2852,6,30,223.5,206.36,14,2025-11-11,0.51,1788.0,970.38,atenção
BLB0507,Salvador-Barra-apartamento-SUP-1Q,Carteira 2,BA,"Salvador, BA","Salvador, BA, Barra",0,72,3362.65,203,3119.92,2025-11,0.6333,0.546,19,30,206.95,218.6,10,2025-11-11,1.08,0.0,-242.73000000000002,berlinda
DAL221,Canela-Geral-apartamento-SUP-2Q,Carteira 4,RS,"Canela, RS","Canela, RS, São José",0,169,4416.4,24,3311.67,2025-11,0.5333,0.5066,16,30,332.0,302.09,11,2025-11-11,1.33,0.0,-1104.7299999999996,ok
EATNR0205,Sao_Paulo-Bela_Vista-apartamento-SUP-1Q,Carteira 4,SP,"São Paulo, SP","São Paulo, SP, Bela Vista",3,172,3951.32,596,3486.42,2025-11,0.7778,0.5791,21,30,213.86,156.0,6,2025-11-11,1.13,641.58,-464.9000000000001,ok
MHF1105,Itapema-Canto_Praia-apartamento-TOP-1Q,Carteira 5,SC,"Itapema, SC","Itapema, SC, Centro",0,479,4273.54,17,2947.0,2025-11,0.7667,0.4478,23,30,224.87,278.43,7,2025-11-11,1.45,0.0,-1326.54,ok
MHF1202,Itapema-Canto_Praia-apartamento-TOP-2Q,Carteira 5,SC,"Itapema, SC","Itapema, SC, Centro",6,309,2782.22,14,3094.94,2025-11,0.4167,0.2903,10,30,284.0,314.22,9,2025-11-11,0.9,1704.0,312.72000000000025,berlinda
NWT0615,Especial-NWT-apartamento-TOP-1Q,Carteira 5,AL,"Maceió, AL","Maceió, AL, Pajuçara",1,211,4322.59,40,4657.0,2025-11,0.5517,0.5442,16,30,325.13,284.63,8,2025-11-11,0.93,325.13,334.40999999999985,berlinda
ONP1701,Sao_Paulo-Bela_Vista-apartamento-SUP-1Q,Carteira 4,SP,"São Paulo, SP","São Paulo, SP, Paraíso",0,58,4831.08,596,3486.42,2025-11,0.8667,0.5791,26,30,211.15,157.75,4,2025-11-11,1.39,0.0,-1344.6599999999999,ok
PGO402,Pocos_de_Caldas-Geral-apartamento-SUP-1Q,Carteira 4,MG,"Poços de Caldas, MG","Poços de Caldas, MG, São Benedito",0,808,1706.15,31,1401.48,2025-11,0.4,0.2888,12,30,165.25,121.64,11,2025-11-11,1.22,0.0,-304.6700000000001,ok
RAO1520,Sao_Paulo-Pinheiros-apartamento-SUP-1Q,Carteira 4,SP,"São Paulo, SP","São Paulo, SP, Cerqueira César",0,220,4889.76,421,4048.72,2025-11,0.7667,0.5848,23,30,251.87,220.33,6,2025-11-11,1.21,0.0,-841.0400000000004,ok
RFL203,Florianopolis-Jurere_Longe-apartamento-JR-2Q,Carteira 1,SC,"Florianópolis, SC","Florianópolis, SC, Jurerê",0,1011,2497.7,18,3417.68,2025-11,0.4,0.3678,12,30,271.42,202.67,9,2025-11-11,0.73,0.0,919.98,atenção
RIE0315,Florianopolis-Ingleses_Norte-apartamento-JR-3Q,Carteira 1,SC,"Florianópolis, SC","Florianópolis, SC, Ingleses do Rio Vermelho",5,473,3998.87,14,2673.84,2025-11,0.72,0.2524,18,30,285.63,291.6,5,2025-11-11,1.5,1428.15,-1325.0299999999997,ok
RUP0203,Blumenau-Central-apartamento-SUP-1Q,Carteira 4,SC,"Blumenau, SC","Blumenau, SC, Escola Agrícola",1,402,1111.13,61,968.38,2025-11,0.3448,0.2419,10,30,128.2,125.44,16,2025-11-11,1.15,128.2,-142.7500000000001,ok
SEM501,Itapema-Praia_Itapema-apartamento-TOP-2Q,Carteira 6,SC,"Itapema, SC","Itapema, SC, Morretes",0,787,3185.1,16,2063.9,2025-11,0.6333,0.2696,19,30,210.42,164.55,11,2025-11-11,1.54,0.0,-1121.1999999999998,ok
SHC0703,Balneario_Picarras-Geral-apartamento-TOP-2Q,Carteira 6,SC,"Balneário Piçarras, SC","Balneário Piçarras, SC, Itajubá II",0,278,4184.6,35,2411.71,2025-11,0.7333,0.3346,22,30,253.09,164.83,6,2025-11-11,1.74,0.0,-1772.8900000000003,ok
SIP0709,Salvador-Piata-apartamento-SUP-1Q,Carteira 5,BA,"Salvador, BA","Salvador, BA, Itapuã",3,64,1475.66,22,1510.83,2025-11,0.4074,0.4147,11,30,150.55,160.43,14,2025-11-11,0.98,451.65000000000003,35.169999999999845,berlinda
TAB0140,Garopaba-Centro-casa-JR-3Q,Carteira 6,SC,"Garopaba, SC","Garopaba, SC, Praia da Ferrugem",12,103,3216.11,18,2386.08,2025-11,0.6111,0.2433,11,30,344.73,150.0,5,2025-11-11,1.35,4136.76,-830.0300000000002,ok
VBM1313,Sao_Paulo-Mariana-apartamento-SUP-1Q,Carteira 4,SP,"São Paulo, SP","São Paulo, SP, Vila Clementino",4,394,3085.35,176,2772.66,2025-11,0.8077,0.5027,21,30,189.9,157.0,2,2025-11-11,1.11,759.6,-312.69000000000005,ok
VDG114,Florianopolis-Ingleses_Norte-apartamento-JR-1Q,Carteira 1,SC,"Florianópolis, SC","Florianópolis, SC, Ingleses do Rio Vermelho",0,1180,1057.86,49,2294.44,2025-11,0.2,0.4456,6,30,220.83,215.75,16,2025-11-11,0.46,0.0,1236.5800000000002,crítico
VDR0202,Florianopolis-Cachoeira_Bom_Jesus-apartamento-TOP-3Q,Carteira 1,SC,"Florianópolis, SC","Florianópolis, SC, Cachoeira do Bom Jesus",9,416,11197.37,12,7777.73,2025-11,0.9048,0.5385,19,30,721.05,,0,2025-11-11,1.44,6489.45,-3419.6400000000012,ok
VST002,Especial-VST-casa-TOP-1Q,Carteira 5,SC,"Anitápolis, SC","Anitápolis, SC, Rio dos Pinheiros",2,488,2465.98,41,2231.25,2025-11,0.3929,0.1613,11,30,284.27,188.25,12,2025-11-11,1.11,568.54,-234.73000000000002,ok
WSH0208,Curitiba-Batel-apartamento-SUP-1Q,Carteira 4,PR,"Curitiba, PR","Curitiba, PR, Bigorrilho",0,162,1927.34,195,2545.75,2025-11,0.3667,0.4935,11,30,210.09,172.37,16,2025-11-11,0.76,0.0,618.4100000000001,atenção
ACL0303,Florianopolis-Ingleses_Centro-apartamento-JR-2Q,Carteira 1,SC,"Florianópolis, SC","Florianópolis, SC, Ingleses do Rio Vermelho",0,313,2109.43,17,1938.0,2025-11,0.4333,0.3142,13,30,209.77,155.0,7,2025-11-11,1.09,0.0,-171.42999999999984,berlinda
CEV1206,Balneario_Camboriu-Centro-apartamento-JR-1Q,Carteira 6,SC,"Balneário Camboriú, SC","Balneário Camboriú, SC, Centro",2,54,2222.77,31,2053.56,2025-11,0.8214,0.4666,23,30,150.32,146.67,9,2025-11-11,1.08,300.64,-169.21000000000004,berlinda
DRL0207,Bombinhas-Centro-apartamento-TOP-2Q,Carteira 6,SC,"Bombinhas, SC","Bombinhas, SC, Centro",9,487,3779.51,29,5933.71,2025-11,0.9048,0.5024,19,30,243.63,150.0,1,2025-11-11,0.64,2192.67,2154.2,atenção
JMA011,Florianopolis-Jurere_Longe-apartamento-JR-1Q,Carteira 1,SC,"Florianópolis, SC","Florianópolis, SC, Jurerê",0,487,1929.52,39,1965.96,2025-11,0.4667,0.455,14,30,182.86,151.36,14,2025-11-11,0.98,0.0,36.440000000000055,berlinda
JSR112,Florianopolis-Jurere_Tradicional-apartamento-SUP-1Q,Carteira 1,SC,"Florianópolis, SC","Florianópolis, SC, Jurerê",0,1797,4207.45,17,6292.87,2025-11,0.6667,0.67,20,30,269.3,274.13,8,2025-11-11,0.67,0.0,2085.42,atenção
LIV1712,Salvador-Graca-apartamento-TOP-1Q,Especial,BA,"Salvador, BA","Salvador, BA, Vitória",2,46,3056.73,15,3581.56,2025-11,0.4643,0.5526,13,30,282.77,320.0,15,2025-11-11,0.85,565.54,524.8299999999999,berlinda
MHF1902,Itapema-Canto_Praia-apartamento-TOP-2Q,Carteira 5,SC,"Itapema, SC","Itapema, SC, Centro",0,480,5007.91,14,3094.94,2025-11,0.6,0.2903,18,30,326.11,327.0,11,2025-11-11,1.62,0.0,-1912.9699999999998,ok
MMD0405,Ilheus-Sul-apartamento-TOP-1Q,Carteira 2,BA,"Ilhéus, BA","Ilhéus, BA, São Francisco",15,152,2540.8,37,1946.5,2025-11,1.0,0.2994,15,30,203.67,177.5,4,2025-11-11,1.31,3055.0499999999997,-594.3000000000002,ok
NWT0619,Especial-NWT-apartamento-TOP-1Q,Carteira 5,AL,"Maceió, AL","Maceió, AL, Pajuçara",1,215,4742.97,40,4657.0,2025-11,0.6897,0.5442,20,30,311.2,371.57,7,2025-11-11,1.02,311.2,-85.97000000000025,berlinda
NWTB0607,Especial-NWT-apartamento-MASTER-1Q,Carteira 5,AL,"Maceió, AL","Maceió, AL, Pajuçara",0,206,4523.38,30,6165.78,2025-11,0.3667,0.6885,11,30,440.46,426.46,13,2025-11-11,0.73,0.0,1642.3999999999996,atenção
PSD202,Florianopolis-Jurere_Tradicional-apartamento-JR-1Q,Carteira 1,SC,"Florianópolis, SC","Florianópolis, SC, Jurerê",0,1990,2138.81,18,3094.45,2025-11,0.2,0.531,6,30,323.44,190.55,11,2025-11-11,0.69,0.0,955.6399999999999,atenção
RJI022,Ubatuba-Itagua-apartamento-JR-2Q,Carteira 4,SP,"Ubatuba, SP","Ubatuba, SP, Itaguá",7,754,1303.32,148,2757.22,2025-11,0.2609,0.4239,6,30,250.33,204.8,10,2025-11-11,0.47,1752.3100000000002,1453.8999999999999,crítico
SAA0817,Salvador-Pituba_Praia-apartamento-TOP-1Q,Carteira 5,BA,"Salvador, BA","Salvador, BA, Amaralina",1,3,836.22,17,2283.53,2025-11,0.2069,0.5491,6,30,187.0,188.72,18,2025-11-11,0.37,187.0,1447.3100000000002,crítico
SHR5231,Florianopolis-Novo_Campeche-apartamento-TOP-3Q,Carteira 1,SC,"Florianópolis, SC","Florianópolis, SC, Campeche",8,109,8279.83,15,6744.62,2025-11,0.8636,0.4152,19,30,551.84,430.0,3,2025-11-11,1.23,4414.72,-1535.21,ok
SPT0507,Blumenau-Central-apartamento-JR-1Q,Carteira 4,SC,"Blumenau, SC","Blumenau, SC, Itoupava Seca",0,501,255.0,31,707.55,2025-11,0.1,0.2143,3,30,100.0,100.5,18,2025-11-11,0.36,0.0,452.54999999999995,crítico
BLS1251,Goiania-Central-apartamento-SUP-1Q,Carteira 1_sys-price,GO,"Goiânia, GO","Goiânia, GO, Setor Marista",0,772,2210.26,149,1516.4,2025-11,0.5,0.3335,15,30,160.33,158.31,13,2025-11-11,1.46,0.0,-693.8600000000001,ok
CFA0508,Florianopolis-Centrao-apartamento-JR-1Q,Carteira 4,SC,"Florianópolis, SC","Florianópolis, SC, Centro",0,50,2813.6,71,2585.44,2025-11,0.6667,0.4921,20,30,176.95,120.2,10,2025-11-11,1.09,0.0,-228.15999999999985,berlinda
CMH0202,Florianopolis-Jurere_Internacional-apartamento-SUP-3Q,Carteira 1,SC,"Florianópolis, SC","Florianópolis, SC, Jurerê Internacional",7,253,5754.89,25,7854.13,2025-11,0.6087,0.5276,14,30,505.93,349.0,3,2025-11-11,0.73,3541.51,2099.24,atenção
COM305,Florianopolis-Santinho-apartamento-SUP-2Q,Carteira 1,SC,"Florianópolis, SC","Florianópolis, SC, Ingleses do Rio Vermelho",0,1529,1568.39,11,4335.83,2025-11,0.2667,0.4627,8,30,279.25,173.83,12,2025-11-11,0.36,0.0,2767.4399999999996,crítico
CTB2505,Sao_Paulo-Brooklin-apartamento-SUP-1Q,Carteira 4,SP,"São Paulo, SP","São Paulo, SP, Vila Cordeiro",0,52,6464.37,294,3655.93,2025-11,0.9,0.545,27,30,323.85,250.0,2,2025-11-11,1.77,0.0,-2808.44,ok
DAL312,Canela-Geral-apartamento-TOP-1Q,Carteira 4,RS,"Canela, RS","Canela, RS, São José",0,754,2947.74,21,3854.75,2025-11,0.4,0.5348,12,30,300.86,252.73,11,2025-11-11,0.76,0.0,907.0100000000002,atenção
DLH0501,Gramado-Centro-apartamento-TOP-2Q,Carteira 4,RS,"Gramado, RS","Gramado, RS, Centro",1,319,13420.97,55,10638.6,2025-11,0.8276,0.6864,24,30,733.33,448.8,5,2025-11-11,1.26,733.33,-2782.369999999999,ok
EDC402,Florianopolis-Centrao-apartamento-SUP-2Q,Carteira 4,SC,"Florianópolis, SC","Florianópolis, SC, Centro",0,900,6538.02,44,3381.41,2025-11,0.7667,0.4574,23,30,348.35,271.0,6,2025-11-11,1.93,0.0,-3156.6100000000006,ok
EDT0009,Porto_Seguro-Pataxos-apartamento-SUP-2Q,Carteira 2,BA,"Porto Seguro, BA","Porto Seguro, BA, Taperapuan",0,568,2542.14,27,3632.05,2025-11,0.5,0.4027,15,30,185.47,203.22,9,2025-11-11,0.7,0.0,1089.9100000000003,atenção
EDT0011,Porto_Seguro-Pataxos-apartamento-SUP-2Q,Carteira 2,BA,"Porto Seguro, BA","Porto Seguro, BA, Taperapuan",0,723,345.8,27,3632.05,2025-11,0.0667,0.4027,2,30,167.0,216.68,19,2025-11-11,0.1,0.0,3286.25,crítico
EJO0305,Florianopolis-Centrao-apartamento-SUP-2Q,Carteira 4,SC,"Florianópolis, SC","Florianópolis, SC, Centro",1,110,2670.15,44,3381.41,2025-11,0.3103,0.4574,9,30,367.11,272.09,11,2025-11-11,0.79,367.11,711.2599999999998,atenção
ETP1002,Porto_Belo-Geral-apartamento-SUP-2Q,Carteira 6,SC,"Porto Belo, SC","Porto Belo, SC, centro",14,323,1693.9,21,3177.66,2025-11,0.625,0.2879,10,30,209.9,135.0,6,2025-11-11,0.53,2938.6,1483.7599999999998,atenção
MDR102,Florianopolis-Ingleses_Norte-apartamento-TOP-3Q,Carteira 1,SC,"Florianópolis, SC","Florianópolis, SC, Ingleses do Rio Vermelho",4,1123,8694.83,16,5500.55,2025-11,0.7692,0.4157,20,30,571.1,434.0,2,2025-11-11,1.58,2284.4,-3194.2799999999997,ok
MHF1704,Itapema-Canto_Praia-apartamento-TOP-1Q,Carteira 5,SC,"Itapema, SC","Itapema, SC, Centro",0,474,3268.52,17,2947.0,2025-11,0.5667,0.4478,17,30,231.47,235.2,10,2025-11-11,1.11,0.0,-321.52,ok
NWT0312,Especial-NWT-apartamento-TOP-1Q,Carteira 5,AL,"Maceió, AL","Maceió, AL, Pajuçara",1,320,3367.99,40,4657.0,2025-11,0.4138,0.5442,12,30,325.25,280.7,10,2025-11-11,0.72,325.25,1289.0100000000002,atenção
NWT0418,Especial-NWT-apartamento-TOP-1Q,Carteira 5,AL,"Maceió, AL","Maceió, AL, Pajuçara",0,310,5018.34,40,4657.0,2025-11,0.6,0.5442,18,30,348.28,338.0,8,2025-11-11,1.08,0.0,-361.34000000000015,berlinda
NWT0503,Especial-NWT-apartamento-TOP-1Q,Carteira 5,AL,"Maceió, AL","Maceió, AL, Pajuçara",0,365,5574.54,40,4657.0,2025-11,0.7,0.5442,21,30,300.0,324.0,5,2025-11-11,1.2,0.0,-917.54,ok
OKA206,Florianopolis-Campeche-apartamento-TOP-1Q,Carteira 1,SC,"Florianópolis, SC","Florianópolis, SC, Campeche",17,35,2934.91,24,3140.19,2025-11,1.0,0.4683,13,30,272.08,,0,2025-11-11,0.93,4625.36,205.2800000000002,berlinda
PGO210,Pocos_de_Caldas-Geral-apartamento-SUP-1Q,Carteira 4,MG,"Poços de Caldas, MG","Poços de Caldas, MG, São Benedito",0,808,2424.22,31,1401.48,2025-11,0.6,0.2888,18,30,154.61,120.0,7,2025-11-11,1.73,0.0,-1022.7399999999998,ok
PSO1009,Penha-Beto_Carrero-apartamento-SUP-1Q,Carteira 3,SC,"Penha, SC","Penha, SC, Praia de Armação do Itapocoroi",0,122,3944.62,16,1970.83,2025-11,0.7333,0.3803,22,30,202.09,146.8,5,2025-11-11,2.0,0.0,-1973.79,meta_subestimada
RAN203,Florianopolis-Jurere_Tradicional-apartamento-TOP-3Q,Carteira 1,SC,"Florianópolis, SC","Florianópolis, SC, Jurerê",0,1359,10474.27,15,9644.52,2025-11,0.6333,0.5372,19,30,699.68,432.17,6,2025-11-11,1.09,0.0,-829.75,berlinda
RFA303,Porto_Alegre-Santana-apartamento-SUP-1Q,Carteira 4,RS,"Porto Alegre, RS","Porto Alegre, RS, Santo Antônio",0,423,1250.08,67,1557.2,2025-11,0.3333,0.3515,10,30,152.8,135.25,16,2025-11-11,0.8,0.0,307.1200000000001,berlinda
RRI103,Florianopolis-Centrao-apartamento-TOP-2Q,Carteira 4,SC,"Florianópolis, SC","Florianópolis, SC, Centro",7,761,5391.27,23,5812.25,2025-11,0.7391,0.4569,17,30,385.65,256.0,4,2025-11-11,0.93,2699.5499999999997,420.97999999999956,berlinda
STW0702,Itapema-Praia_Itapema-apartamento-SUP-2Q,Carteira 6,SC,"Itapema, SC","Itapema, SC, Morretes",0,12,2598.96,15,3124.13,2025-11,0.6333,0.5139,19,30,166.5,137.0,10,2025-11-11,0.83,0.0,525.1700000000001,berlinda
SVN0401,Florianopolis-Ingleses_Centro-apartamento-TOP-3Q,Carteira 1,SC,"Florianópolis, SC","Florianópolis, SC, Ingleses do Rio Vermelho",4,683,6205.86,47,6120.42,2025-11,0.5385,0.4218,14,30,516.43,338.43,7,2025-11-11,1.01,2065.72,-85.4399999999996,berlinda
TCO1005,Porto_Alegre-Centro_Historico-apartamento-SUP-1Q,Carteira 4,RS,"Porto Alegre, RS","Porto Alegre, RS, Centro Histórico",0,86,2042.11,72,1793.66,2025-11,0.6,0.4337,18,30,122.78,120.0,8,2025-11-11,1.14,0.0,-248.44999999999982,ok
VRN302,Florianopolis-Jurere_Tradicional-apartamento-TOP-2Q,Carteira 1,SC,"Florianópolis, SC","Florianópolis, SC, Jurerê",4,653,8010.14,20,8875.07,2025-11,0.7692,0.5432,20,30,545.1,530.33,6,2025-11-11,0.9,2180.4,864.9299999999994,berlinda
BSL190,Penha-Praia-casa-JR-5Q,Carteira 6,SC,"Penha, SC","Penha, SC, Penha",9,633,8061.89,19,6618.1,2025-11,0.8095,0.444,17,30,483.59,357.5,2,2025-11-11,1.22,4352.3099999999995,-1443.79,ok
CBE0201,Florianopolis-Ingleses_Centro-apartamento-SUP-2Q,Carteira 1,SC,"Florianópolis, SC","Florianópolis, SC, Ingleses Norte",0,166,5604.05,24,2370.27,2025-11,0.8,0.316,24,30,278.37,228.5,4,2025-11-11,2.36,0.0,-3233.78,meta_subestimada
GIU0001,Porto_Seguro-Pataxos-apartamento-JR-2Q,Carteira 2,BA,"Porto Seguro, BA","Porto Seguro, BA, Paraíso dos Pataxós",0,71,634.15,49,2140.18,2025-11,0.1667,0.245,5,30,155.2,148.37,19,2025-11-11,0.3,0.0,1506.0299999999997,crítico
JBV248,Especial-JBV-hotel-TOP-1Q,Especial,SC,"Florianópolis, SC","Florianópolis, SC, Jurerê",2,1299,11159.13,34,10718.98,2025-11,0.7857,0.6611,22,30,593.83,493.5,2,2025-11-11,1.04,1187.66,-440.14999999999964,berlinda
JSO0008,Porto_Seguro-Pataxos-apartamento-JR-1Q,Carteira 2,BA,"Porto Seguro, BA","Porto Seguro, BA, PRAIA DE MUNDAÍ",0,372,0.0,34,2875.52,2025-11,0.0,0.4782,0,30,0.0,359.0,19,2025-11-11,0.0,0.0,2875.52,crítico
LGD0201,Florianopolis-Centrao-apartamento-TOP-2Q,Carteira 4,SC,"Florianópolis, SC","Florianópolis, SC, Centro",6,407,6209.43,23,5812.25,2025-11,0.7917,0.4569,19,30,446.37,290.4,5,2025-11-11,1.07,2678.2200000000003,-397.1800000000003,berlinda
MHB0302,Florianopolis-Novo_Campeche-apartamento-SUP-3Q,Carteira 1,SC,"Florianópolis, SC","Florianópolis, SC, Campeche",5,128,5423.88,59,6978.07,2025-11,0.64,0.5421,16,30,380.75,378.0,6,2025-11-11,0.78,1903.75,1554.1899999999996,atenção
NWT0509,Especial-NWT-apartamento-TOP-1Q,Carteira 5,AL,"Maceió, AL","Maceió, AL, Pajuçara",0,338,5364.7,40,4657.0,2025-11,0.6333,0.5442,19,30,346.0,321.0,10,2025-11-11,1.15,0.0,-707.6999999999998,ok
NWT1024,Especial-NWT-apartamento-TOP-1Q,Carteira 5,AL,"Maceió, AL","Maceió, AL, Pajuçara",0,199,6626.85,40,4657.0,2025-11,0.8,0.5442,24,30,332.62,310.0,6,2025-11-11,1.42,0.0,-1969.8500000000004,ok
OKA134,Florianopolis-Campeche-apartamento-SUP-1Q,Carteira 1,SC,"Florianópolis, SC","Florianópolis, SC, Campeche",0,1033,2778.86,25,2388.5,2025-11,0.5667,0.4993,17,30,188.18,210.4,10,2025-11-11,1.16,0.0,-390.3600000000001,ok
PTG0030,Porto_Seguro-Pitinga-casa-TOP-4Q,Carteira 2,BA,"Porto Seguro, BA","Porto Seguro, BA, Arraial DAjuda",6,393,5530.14,9,7223.46,2025-11,0.2917,0.388,7,30,879.29,812.22,9,2025-11-11,0.77,5275.74,1693.3199999999997,atenção
RAL204,Florianopolis-Ingleses_Centro-apartamento-JR-2Q,Carteira 1,SC,"Florianópolis, SC","Florianópolis, SC, Ingleses do Rio Vermelho",0,514,2369.35,17,1938.0,2025-11,0.5667,0.3142,17,30,195.24,164.11,9,2025-11-11,1.22,0.0,-431.3499999999999,ok
RFM0023,Santa_Cruz_Cabralia-Coroa_Vermelha-apartamento-SUP-3Q,Carteira 2,BA,"Santa Cruz Cabrália, BA","Santa Cruz Cabrália, BA, Coroa Vermelha",0,386,0.0,22,3160.73,2025-11,0.0,0.3128,0,30,0.0,222.37,19,2025-11-11,0.0,0.0,3160.73,crítico
ROR0002,Bombinhas-Bombas-apartamento-JR-3Q,Carteira 6,SC,"Bombinhas, SC","Bombinhas, SC, Bombas",0,290,3130.9,12,2412.51,2025-11,0.7667,0.3835,23,30,186.13,235.0,4,2025-11-11,1.3,0.0,-718.3899999999999,ok
SAA0517,Salvador-Pituba_Praia-apartamento-TOP-1Q,Carteira 5,BA,"Salvador, BA","Salvador, BA, Amaralina",0,22,132.26,17,2283.53,2025-11,0.0333,0.5491,1,30,203.0,187.47,19,2025-11-11,0.06,0.0,2151.2700000000004,crítico
SJS0004,Florianopolis-Ingleses_Centro-apartamento-JR-1Q,Carteira 1,SC,"Florianópolis, SC","Florianópolis, SC, Ingleses do Rio Vermelho",0,317,2469.21,14,2707.95,2025-11,0.7333,0.5707,22,30,145.5,147.0,8,2025-11-11,0.91,0.0,238.73999999999978,berlinda
SKL1107,Penha-Praia-apartamento-SUP-3Q,Carteira 6,SC,"Penha, SC","Penha, SC, Armação",0,37,4097.46,22,4285.71,2025-11,0.5,0.3482,15,30,322.93,180.0,4,2025-11-11,0.96,0.0,188.25,berlinda
SVE407,Florianopolis-UFSC-apartamento-TOP-1Q,Carteira 4,SC,"Florianópolis, SC","Florianópolis, SC, Pantanal",0,745,128.11,16,2679.84,2025-11,0.0333,0.5048,1,30,152.0,180.74,19,2025-11-11,0.05,0.0,2551.73,crítico
TCO0512,Porto_Alegre-Centro_Historico-apartamento-SUP-1Q,Carteira 4,RS,"Porto Alegre, RS","Porto Alegre, RS, Centro Histórico",0,509,2192.24,72,1793.66,2025-11,0.6333,0.4337,19,30,128.16,120.0,5,2025-11-11,1.22,0.0,-398.5799999999997,ok
TCO0802,Porto_Alegre-Centro_Historico-apartamento-SUP-1Q,Carteira 4,RS,"Porto Alegre, RS","Porto Alegre, RS, Centro Histórico",30,562,0.0,72,1793.66,2025-11,,0.4337,0,30,0.0,,0,2025-11-11,0.0,0.0,1793.66,crítico
TXP0311,Goiania-Central-apartamento-SUP-2Q,Carteira 1_sys-price,GO,"Goiânia, GO","Goiânia, GO, Setor Bueno",3,772,1564.14,49,2058.7,2025-11,0.2963,0.3371,8,30,231.38,237.07,15,2025-11-11,0.76,694.14,494.5599999999997,atenção
UPP0408,Curitiba-Centro-apartamento-JR-1Q,Carteira 4,PR,"Curitiba, PR","Curitiba, PR, Alto da XV",0,10,1817.79,282,1884.7,2025-11,0.5333,0.5093,16,30,140.63,137.64,14,2025-11-11,0.96,0.0,66.91000000000008,berlinda
VGZ0004,Imbituba-Praia_do_Rosa-casa-SUP-1Q,Carteira 6,SC,"Imbituba, SC","Imbituba, SC, Ibiraquera",5,620,2070.37,57,2501.25,2025-11,0.72,0.3146,18,30,142.78,146.33,3,2025-11-11,0.83,713.9,430.8800000000001,berlinda
AGA0304,Camaçari-Monte_Gordo-apartamento-SUP-2Q,Carteira 2,BA,"Camaçari, BA","Camaçari, BA, Guarajuba",5,30,485.08,21,3259.75,2025-11,0.0,0.3165,0,30,288.0,250.07,14,2025-11-11,0.15,1440.0,2774.67,crítico
BDR522,Florianopolis-Lagoa-apartamento-SUP-1Q,Carteira 1,SC,"Florianópolis, SC","Florianópolis, SC, Lagoa da Conceição",0,1283,1616.23,25,3319.53,2025-11,0.3667,0.584,11,30,168.27,191.08,13,2025-11-11,0.49,0.0,1703.3000000000002,crítico
BPM0909,Salvador-Barra-apartamento-SUP-1Q,Carteira 2,BA,"Salvador, BA","Salvador, BA, Barra",0,12,3100.15,203,3119.92,2025-11,0.6333,0.546,19,30,196.42,218.45,11,2025-11-11,0.99,0.0,19.769999999999982,berlinda
CSN0204,Florianopolis-Centrao-apartamento-JR-2Q,Carteira 4,SC,"Florianópolis, SC","Florianópolis, SC, Centro",17,10,0.0,21,2579.11,2025-11,0.0,0.4517,0,30,0.0,198.31,13,2025-11-11,0.0,0.0,2579.11,crítico
DMS0304,Gramado-Centro-apartamento-TOP-2Q,Carteira 4,RS,"Gramado, RS","Gramado, RS, Bairro Belverede",1,260,10763.13,55,10638.6,2025-11,0.6897,0.6864,20,30,719.25,424.67,6,2025-11-11,1.01,719.25,-124.52999999999884,berlinda
MHF1803,Itapema-Canto_Praia-apartamento-TOP-1Q,Carteira 5,SC,"Itapema, SC","Itapema, SC, Centro",0,500,3803.17,17,2947.0,2025-11,0.6667,0.4478,20,30,237.9,207.25,8,2025-11-11,1.29,0.0,-856.1700000000001,ok
NWT0918,Especial-NWT-apartamento-TOP-1Q,Carteira 5,AL,"Maceió, AL","Maceió, AL, Pajuçara",0,219,4771.62,40,4657.0,2025-11,0.7,0.5442,21,30,272.29,356.43,7,2025-11-11,1.02,0.0,-114.61999999999989,berlinda
PNJ0203,Florianopolis-Ingleses_Centro-apartamento-SUP-3Q,Carteira 1,SC,"Florianópolis, SC","Florianópolis, SC, Ingleses do Rio Vermelho",0,169,2669.1,19,2987.88,2025-11,0.4667,0.2304,14,30,247.86,199.0,8,2025-11-11,0.89,0.0,318.7800000000002,berlinda
RGN0205,Florianopolis-Ingleses_Centro-apartamento-SUP-2Q,Carteira 1,SC,"Florianópolis, SC","Florianópolis, SC, Ingleses Centro",1,37,2679.6,24,2370.27,2025-11,0.4138,0.316,12,30,252.67,213.92,13,2025-11-11,1.13,252.67,-309.3299999999999,ok
RGP302,Florianopolis-Jurere_Tradicional-apartamento-SUP-2Q,Carteira 1,SC,"Florianópolis, SC","Florianópolis, SC, Jurerê",0,571,5420.87,33,7035.03,2025-11,0.6333,0.556,19,30,355.68,251.0,5,2025-11-11,0.77,0.0,1614.1599999999999,atenção
RJF006,Urubici-Geral-casa-TOP-2Q,Carteira 3,SC,"Urubici, SC","Urubici, SC, Aguas Brancas",1,596,0.0,22,2977.13,2025-11,0.0,0.1703,0,30,0.0,504.21,19,2025-11-11,0.0,0.0,2977.13,crítico
SLC0202,Florianopolis-Rio_Vermelho-apartamento-JR-1Q,Carteira 1,SC,"Florianópolis, SC","Florianópolis, SC, Ingleses do Rio Vermelho",0,318,1402.52,16,2707.95,2025-11,0.5,0.5031,15,30,112.07,137.69,13,2025-11-11,0.52,0.0,1305.4299999999998,atenção
SPT0303,Blumenau-Central-apartamento-JR-1Q,Carteira 4,SC,"Blumenau, SC","Blumenau, SC, Itoupava Seca",0,422,631.05,31,707.55,2025-11,0.2333,0.2143,7,30,107.0,100.47,19,2025-11-11,0.89,0.0,76.5,berlinda
TPS302,Florianopolis-Canasvieiras_Meio-apartamento-TOP-1Q,Carteira 1,SC,"Florianópolis, SC","Florianópolis, SC, Canasvieiras",0,1030,1102.99,25,4223.9,2025-11,0.2333,0.563,7,30,185.43,221.24,17,2025-11-11,0.26,0.0,3120.91,crítico
URA0015,Porto_Seguro-Urbano-casa-JR-2Q,Carteira 2,BA,"Porto Seguro, BA","Porto Seguro, BA, Paraíso dos Pataxós",0,702,1963.14,17,2414.85,2025-11,0.4,0.376,12,30,175.75,176.15,13,2025-11-11,0.81,0.0,451.7099999999998,berlinda
VST014,Especial-VST-casa-TOP-1Q,Carteira 5,SC,"Anitápolis, SC","Anitápolis, SC, Rio dos pinheiros",2,457,2488.9,41,2231.25,2025-11,0.5357,0.1613,15,30,231.6,209.82,11,2025-11-11,1.12,463.2,-257.6500000000001,ok
ZNB1604,Salvador-Barra-apartamento-SUP-1Q,Carteira 2,BA,"Salvador, BA","Salvador, BA, Barra",1,1,2579.85,203,3119.92,2025-11,0.5862,0.546,17,30,205.94,168.1,10,2025-11-11,0.83,205.94,540.0700000000002,berlinda
CAY0123,Bombinhas-Bombas-apartamento-JR-3Q,Carteira 6,SC,"Bombinhas, SC","Bombinhas, SC, Bombas",4,492,3542.82,12,2412.51,2025-11,0.8077,0.3835,21,30,185.05,109.0,5,2025-11-11,1.47,740.2,-1130.31,ok
COI0408,Sao_Paulo-Moema-apartamento-SUP-1Q,Carteira 4_sys-price,SP,"São Paulo, SP","São Paulo, SP, Indianópolis",3,45,3736.61,599,3188.07,2025-11,0.7778,0.5066,21,30,224.76,158.67,3,2025-11-11,1.17,674.28,-548.54,ok
CPI0208,Pocos_de_Caldas-Geral-apartamento-JR-1Q,Carteira 4,MG,"Poços de Caldas, MG","Poços de Caldas, MG, Centro",0,347,1751.55,24,1133.84,2025-11,0.5,0.2819,15,30,147.47,123.86,7,2025-11-11,1.54,0.0,-617.71,ok
CSCG0110,Florianopolis-Ingleses_Norte-apartamento-JR-1Q,Carteira 1,SC,"Florianópolis, SC","Florianópolis, SC, Ingleses do Rio Vermelho",0,515,4226.77,49,2294.44,2025-11,0.8,0.4456,24,30,248.5,169.67,3,2025-11-11,1.84,0.0,-1932.3300000000004,ok
CTD0301,Penha-Longe-apartamento-JR-2Q,Carteira 6,SC,"Penha, SC","Penha, SC, Centro",0,191,3028.05,22,2363.78,2025-11,0.9,0.4095,27,30,158.41,141.67,3,2025-11-11,1.28,0.0,-664.27,ok
ECP055,Balneario_Camboriu-Centro-apartamento-JR-1Q,Carteira 6,SC,"Balneário Camboriú, SC","Balneário Camboriú, SC, Centro",0,920,3729.25,31,2053.56,2025-11,0.7667,0.4666,23,30,208.09,165.0,6,2025-11-11,1.82,0.0,-1675.69,ok
EDF0207,Salvador-Ondina_Rio_Vermelho-apartamento-TOP-1Q,Carteira 2,BA,"Salvador, BA","Salvador, BA, Rio Vermelho",0,25,2184.35,34,3630.22,2025-11,0.4667,0.5369,14,30,192.93,209.07,15,2025-11-11,0.6,0.0,1445.87,atenção
EDF1707,Salvador-Ondina_Rio_Vermelho-apartamento-SUP-1Q,Carteira 2,BA,"Salvador, BA","Salvador, BA, Rio Vermelho",0,94,2693.65,82,3153.33,2025-11,0.5667,0.5658,17,30,191.82,166.33,12,2025-11-11,0.85,0.0,459.67999999999984,berlinda
ELF0310,Bombinhas-Bombas-apartamento-SUP-1Q,Especial,SC,"Bombinhas, SC","Bombinhas, SC, José Amândio",1,51,4034.4,49,2579.11,2025-11,0.8276,0.44,24,30,204.38,163.5,4,2025-11-11,1.56,204.38,-1455.29,ok
GSH2101,Camaçari-Monte_Gordo-apartamento-JR-3Q,Carteira 2,BA,"Camaçari, BA","Camaçari, BA, Centro",8,79,5093.49,26,2674.1,2025-11,0.6818,0.2585,15,30,423.13,347.0,5,2025-11-11,1.9,3385.04,-2419.39,ok
ILC4415,Especial-ILC-hotel-TOP-1Q,Especial,SC,"Florianópolis, SC","Florianópolis, SC, Jurerê Internacional",0,1800,10517.66,30,11132.4,2025-11,0.5333,0.6976,16,30,821.56,613.83,6,2025-11-11,0.94,0.0,614.7399999999998,berlinda
JBV232,Especial-JBV-hotel-TOP-1Q,Especial,SC,"Florianópolis, SC","Florianópolis, SC, Jurerê",0,1093,9719.1,34,10718.98,2025-11,0.6667,0.6611,20,30,644.85,498.4,5,2025-11-11,0.91,0.0,999.8799999999992,berlinda
JBV464,Especial-JBV-hotel-JR-1Q,Especial,SC,"Florianópolis, SC","Florianópolis, SC, Jurerê",0,793,8942.21,25,9026.89,2025-11,0.6667,0.58,20,30,566.95,563.43,7,2025-11-11,0.99,0.0,84.68000000000029,berlinda
NON0609,Sao_Paulo-Moema-apartamento-SUP-1Q,Carteira 4_sys-price,SP,"São Paulo, SP","São Paulo, SP, Moema",0,172,3206.6,599,3188.07,2025-11,0.6,0.5066,18,30,217.61,177.63,8,2025-11-11,1.01,0.0,-18.529999999999745,berlinda
NWT0817,Especial-NWT-apartamento-TOP-1Q,Carteira 5,AL,"Maceió, AL","Maceió, AL, Pajuçara",0,186,4623.4,40,4657.0,2025-11,0.6333,0.5442,19,30,294.53,292.0,7,2025-11-11,0.99,0.0,33.600000000000364,berlinda
OKA139,Florianopolis-Campeche-apartamento-SUP-1Q,Carteira 1,SC,"Florianópolis, SC","Florianópolis, SC, Campeche",0,779,2658.86,25,2388.5,2025-11,0.4667,0.4993,14,30,230.93,241.8,10,2025-11-11,1.11,0.0,-270.3600000000001,ok
PSO0505,Penha-Beto_Carrero-apartamento-SUP-1Q,Carteira 3,SC,"Penha, SC","Penha, SC, Praia de Armação do Itapocoroi",0,94,5521.51,16,1970.83,2025-11,0.9,0.3803,27,30,301.22,198.0,1,2025-11-11,2.8,0.0,-3550.6800000000003,meta_subestimada
RFM0027,Santa_Cruz_Cabralia-Coroa_Vermelha-apartamento-SUP-2Q,Carteira 2,BA,"Santa Cruz Cabrália, BA","Santa Cruz Cabrália, BA, Coroa Vermelha",4,366,492.96,34,2989.06,2025-11,0.1538,0.3789,4,30,156.5,150.73,11,2025-11-11,0.16,626.0,2496.1,crítico
RVM0203,Florianopolis-Novo_Campeche-apartamento-TOP-1Q,Carteira 1,SC,"Florianópolis, SC","Florianópolis, SC, Campeche",0,157,5300.16,45,5541.43,2025-11,0.6667,0.5773,20,30,327.7,357.63,8,2025-11-11,0.96,0.0,241.27000000000044,berlinda
SHT1701,Aguas_Claras-Geral-apartamento-JR-1Q,Carteira 1,DF,"Brasília, DF","Brasília, DF, Águas Claras",0,344,2901.79,86,2192.65,2025-11,0.6,0.563,18,30,171.0,174.0,9,2025-11-11,1.32,0.0,-709.1399999999999,ok
SPJ0105,Especial-SPJ-apartamento-TOP-1Q,Carteira 5,SC,"Florianópolis, SC","Florianópolis, SC, Jurerê",0,516,5913.83,15,6230.75,2025-11,0.7333,0.6136,22,30,333.05,248.0,8,2025-11-11,0.95,0.0,316.9200000000001,berlinda
SPJ0303,Especial-SPJ-apartamento-TOP-1Q,Carteira 5,SC,"Florianópolis, SC","Florianópolis, SC, Jurerê",1,398,7270.93,15,6230.75,2025-11,0.7931,0.6136,23,30,303.13,367.2,5,2025-11-11,1.17,303.13,-1040.1800000000003,ok
TRS0001,Penha-Beto_Carrero-casa-SUP-1Q,Carteira 3,SC,"Penha, SC","Penha, SC, Armação",0,164,2958.42,24,1871.07,2025-11,0.7,0.4848,21,30,168.33,127.5,2,2025-11-11,1.58,0.0,-1087.3500000000001,ok
YHD0103,Florianopolis-UFSC-apartamento-TOP-1Q,Carteira 4,SC,"Florianópolis, SC","Florianópolis, SC, Carvoeira",9,36,991.56,16,2679.84,2025-11,0.0,0.5048,0,30,197.67,197.85,13,2025-11-11,0.37,1779.03,1688.2800000000002,crítico
ADP001,Cabo_Frio-Pero_Perto-casa-JR-3Q,Carteira 4,RJ,"Cabo Frio, RJ","Cabo Frio, RJ, Peró",30,698,0.0,13,1995.16,2025-11,,0.2403,0,30,0.0,,0,2025-11-11,0.0,0.0,1995.16,crítico
BRJ143,Sao_Paulo-Republica-apartamento-TOP-1Q,Carteira 4,SP,"São Paulo, SP","São Paulo, SP, Centro",0,432,1778.05,105,4326.1,2025-11,0.3667,0.6189,11,30,198.82,187.07,14,2025-11-11,0.41,0.0,2548.05,crítico
BSO0206,Itajai-Praia_Brava-apartamento-SUP-1Q,Carteira 6,SC,"Balneário Camboriú, SC","Balneário Camboriú, SC, Praia dos Amores",0,198,2665.63,10,2766.14,2025-11,0.7,0.5032,21,30,149.48,135.5,6,2025-11-11,0.96,0.0,100.50999999999976,berlinda
CCP0207,Florianopolis-Canasvieiras_Meio-apartamento-SUP-2Q,Carteira 1,SC,"Florianópolis, SC","Florianópolis, SC, Canasvieiras",0,267,2635.53,16,3514.57,2025-11,0.4333,0.4528,13,30,266.77,199.0,10,2025-11-11,0.75,0.0,879.04,atenção
CSI0302,Balneario_Picarras-Geral-apartamento-SUP-2Q,Carteira 6,SC,"Balneário Piçarras, SC","Balneário Piçarras, SC, Centro",2,445,2273.52,66,1594.17,2025-11,0.4643,0.2526,13,30,164.44,137.0,6,2025-11-11,1.43,328.88,-679.3499999999999,ok
DPR0009,Balneario_Camboriu-Sul-apartamento-JR-1Q,Carteira 6,SC,"Balneário Camboriú, SC","Balneário Camboriú, SC, Barra",0,235,1648.92,33,2053.56,2025-11,0.5333,0.4673,16,30,127.31,111.43,14,2025-11-11,0.8,0.0,404.6399999999999,berlinda
ECH0503,Florianopolis-Centrao-apartamento-TOP-1Q,Carteira 4,SC,"Florianópolis, SC","Florianópolis, SC, Centro",0,115,4634.56,30,4258.39,2025-11,0.6333,0.4441,19,30,284.68,218.13,8,2025-11-11,1.09,0.0,-376.1700000000001,berlinda
ECI0201,Guarapari-Nova_Guarapari-apartamento-JR-2Q,Carteira 4,ES,"Guarapari, ES","Guarapari, ES, Enseada Verde",0,452,1076.22,35,1897.84,2025-11,0.1,0.2558,3,30,405.0,184.0,16,2025-11-11,0.57,0.0,821.6199999999999,atenção
IFT1203,Itapema-Meia_Praia-Norte-apartamento-TOP-1Q,Carteira 6,SC,"Itapema, SC","Itapema, SC, Meia Praia",0,123,4714.16,22,3277.09,2025-11,0.8333,0.375,25,30,223.52,163.2,5,2025-11-11,1.44,0.0,-1437.0699999999997,ok
MLB0402,Florianopolis-Jurere_Internacional-apartamento-SUP-2Q,Carteira 1,SC,"Florianópolis, SC","Florianópolis, SC, Jurerê Internacional",30,359,0.0,23,6292.55,2025-11,,0.4589,0,30,0.0,,0,2025-11-11,0.0,0.0,6292.55,crítico
NWT1304,Especial-NWT-apartamento-TOP-1Q,Carteira 5,AL,"Maceió, AL","Maceió, AL, Pajuçara",0,352,5865.05,40,4657.0,2025-11,0.7,0.5442,21,30,312.76,317.5,8,2025-11-11,1.26,0.0,-1208.0500000000002,ok
NWT1309,Especial-NWT-apartamento-TOP-1Q,Carteira 5,AL,"Maceió, AL","Maceió, AL, Pajuçara",1,318,7259.77,40,4657.0,2025-11,0.7931,0.5442,23,30,376.57,288.4,5,2025-11-11,1.56,376.57,-2602.7700000000004,ok
ONE0404,Salvador-Piata-apartamento-SUP-1Q,Carteira 5,BA,"Salvador, BA","Salvador, BA, Piatã",0,72,795.84,22,1510.83,2025-11,0.2,0.4147,6,30,170.5,163.56,18,2025-11-11,0.53,0.0,714.9899999999999,atenção
PDM005,Porto_Seguro-Pataxos-apartamento-SUP-2Q,Carteira 2,BA,"Porto Seguro, BA","Porto Seguro, BA, Taperapuan",0,621,803.16,27,3632.05,2025-11,0.2,0.4027,6,30,171.83,173.63,19,2025-11-11,0.22,0.0,2828.8900000000003,crítico
RLN204,Gramado-Geral-apartamento-JR-2Q,Carteira 4,RS,"Gramado, RS","Gramado, RS, Ipê Amarelo",0,919,4945.33,46,4333.51,2025-11,0.6333,0.4798,19,30,337.42,256.0,6,2025-11-11,1.14,0.0,-611.8199999999997,ok
SEO0702,Itapema-Meia_Praia-Norte-apartamento-TOP-3Q,Carteira 6,SC,"Itapema, SC","Itapema, SC, Meia Praia",5,443,5135.55,17,4379.63,2025-11,0.56,0.2907,14,30,418.64,322.5,8,2025-11-11,1.17,2093.2,-755.9200000000001,ok
SMT1029,Salvador-Boca_do_Rio-apartamento-TOP-1Q,Carteira 2,BA,"Salvador, BA","Salvador, BA, Armação",27,303,0.0,16,3097.97,2025-11,0.0,0.5778,0,30,0.0,276.0,1,2025-11-11,0.0,0.0,3097.97,crítico
VEC115,Bombinhas-Centro-apartamento-SUP-1Q,Carteira 6,SC,"Bombinhas, SC","Bombinhas, SC, Centro",0,1040,4952.56,34,3528.77,2025-11,0.8667,0.5429,26,30,259.35,201.75,4,2025-11-11,1.4,0.0,-1423.7900000000004,ok
WBU2105,Goiania-Central-apartamento-TOP-1Q,Carteira 1_sys-price,GO,"Goiânia, GO","Goiânia, GO, Setor Bueno",0,757,3245.84,53,1579.58,2025-11,0.6,0.3282,18,30,231.44,222.7,10,2025-11-11,2.05,0.0,-1666.2600000000002,meta_subestimada
WBU2615,Goiania-Central-apartamento-TOP-1Q,Carteira 1_sys-price,GO,"Goiânia, GO","Goiânia, GO, Setor Bueno",0,138,2794.35,53,1579.58,2025-11,0.5,0.3282,15,30,222.47,209.13,15,2025-11-11,1.77,0.0,-1214.77,ok
ATP0003,Porto_Seguro-Pitinga-casa-SUP-4Q,Carteira 2,BA,"Porto Seguro, BA","Porto Seguro, BA, Arraial D Ajuda",0,264,0.0,9,4557.08,2025-11,0.0,0.2489,0,30,0.0,441.79,19,2025-11-11,0.0,0.0,4557.08,crítico
CNB011,Especial-CNB-casa-TOP-1Q,Especial,SP,"Campos do Jordão, SP","Campos do Jordão, SP, Jardim Europa",0,591,6307.0,16,4791.07,2025-11,0.4333,0.5074,13,30,583.38,744.54,13,2025-11-11,1.32,0.0,-1515.9300000000003,ok
CZZ0502,Urubici-Geral-apartamento-SUP-1Q,Especial,SC,"Urubici, SC","Urubici, SC, Centro",1,22,1609.54,49,1401.48,2025-11,0.2759,0.1601,8,30,230.38,244.44,16,2025-11-11,1.15,230.38,-208.05999999999995,ok
DLH0403,Gramado-Centro-apartamento-TOP-2Q,Carteira 4,RS,"Gramado, RS","Gramado, RS, Centro",3,1,9143.96,55,10638.6,2025-11,0.7037,0.6864,19,30,625.8,448.1,10,2025-11-11,0.86,1877.3999999999999,1494.6400000000012,berlinda
ECM204,Florianopolis-Lagoa-apartamento-SUP-1Q,Carteira 1,SC,"Florianópolis, SC","Florianópolis, SC, Lagoa da Conceição",1,1124,1638.78,25,3319.53,2025-11,0.4138,0.584,12,30,182.58,211.23,13,2025-11-11,0.49,182.58,1680.7500000000002,crítico
LGR204,Florianopolis-Ingleses_Centro-apartamento-JR-1Q,Carteira 1,SC,"Florianópolis, SC","Florianópolis, SC, Ingleses do Rio Vermelho",0,1044,2028.5,14,2707.95,2025-11,0.5,0.5707,15,30,154.87,156.38,8,2025-11-11,0.75,0.0,679.4499999999998,atenção
MBCA0302,Goiania-Leste-apartamento-TOP-1Q,Carteira 1_sys-price,GO,"Goiânia, GO","Goiânia, GO, Jardim Goiás",0,207,2326.74,19,2047.72,2025-11,0.4333,0.4339,13,30,183.4,196.54,13,2025-11-11,1.14,0.0,-279.01999999999975,ok
MBCA1704,Goiania-Leste-apartamento-SUP-1Q,Carteira 1_sys-price,GO,"Goiânia, GO","Goiânia, GO, Jardim Goiás",0,772,2779.42,74,1505.82,2025-11,0.6667,0.3364,20,30,168.15,157.1,10,2025-11-11,1.85,0.0,-1273.6000000000001,ok
MHF1108,Itapema-Canto_Praia-apartamento-TOP-2Q,Carteira 5,SC,"Itapema, SC","Itapema, SC, Centro",5,456,5240.0,14,3094.94,2025-11,0.84,0.2903,21,30,296.33,266.67,3,2025-11-11,1.69,1481.6499999999999,-2145.06,ok
MHF1509,Itapema-Canto_Praia-apartamento-TOP-2Q,Carteira 5,SC,"Itapema, SC","Itapema, SC, Centro",0,272,5747.56,14,3094.94,2025-11,0.8,0.2903,24,30,286.79,312.5,4,2025-11-11,1.86,0.0,-2652.6200000000003,ok
MHF2001,Itapema-Canto_Praia-apartamento-TOP-1Q,Carteira 5,SC,"Itapema, SC","Itapema, SC, Centro",0,326,2684.22,17,2947.0,2025-11,0.5,0.4478,15,30,210.0,262.71,7,2025-11-11,0.91,0.0,262.7800000000002,berlinda
MPA107,Salvador-Pituba_Praia-apartamento-SUP-1Q,Carteira 5,BA,"Salvador, BA","Salvador, BA, Pituba",4,480,3716.99,15,1753.55,2025-11,0.7692,0.4605,20,30,206.2,196.5,4,2025-11-11,2.12,824.8,-1963.4399999999998,meta_subestimada
MRE1101,Porto_Belo-Geral-apartamento-SUP-2Q,Carteira 6,SC,"Porto Belo, SC","Porto Belo, SC, Pereque",0,227,4745.23,21,3177.66,2025-11,0.7667,0.2879,23,30,215.48,125.0,1,2025-11-11,1.49,0.0,-1567.5699999999997,ok
NOA0919,Sao_Paulo-Santo_Amaro-apartamento-SUP-1Q,Carteira 4,SP,"São Paulo, SP","São Paulo, SP, Santo Amaro",0,338,3011.74,158,3146.03,2025-11,0.4333,0.5012,13,30,229.0,135.0,10,2025-11-11,0.96,0.0,134.29000000000042,berlinda
NWT0706,Especial-NWT-apartamento-TOP-1Q,Carteira 5,AL,"Maceió, AL","Maceió, AL, Pajuçara",0,185,4218.78,40,4657.0,2025-11,0.5667,0.5442,17,30,281.18,337.33,9,2025-11-11,0.91,0.0,438.22000000000025,berlinda
NWT0906,Especial-NWT-apartamento-TOP-1Q,Carteira 5,AL,"Maceió, AL","Maceió, AL, Pajuçara",0,221,4990.52,40,4657.0,2025-11,0.6667,0.5442,20,30,296.3,287.1,10,2025-11-11,1.07,0.0,-333.52000000000044,berlinda
NWT1021,Especial-NWT-apartamento-TOP-1Q,Carteira 5,AL,"Maceió, AL","Maceió, AL, Pajuçara",1,199,5094.53,40,4657.0,2025-11,0.6552,0.5442,19,30,301.0,300.29,7,2025-11-11,1.09,301.0,-437.52999999999975,berlinda
NWTA0609,Especial-NWT-apartamento-MASTER-1Q,Carteira 5,AL,"Maceió, AL","Maceió, AL, Pajuçara",0,208,7392.39,30,6165.78,2025-11,0.6,0.6885,18,30,481.78,412.38,8,2025-11-11,1.2,0.0,-1226.6100000000006,ok
PEM1301,Blumenau-Central-apartamento-JR-1Q,Carteira 4,SC,"Blumenau, SC","Blumenau, SC, Centro",1,220,1722.07,31,707.55,2025-11,0.5862,0.2143,17,30,119.12,96.63,8,2025-11-11,2.43,119.12,-1014.52,meta_subestimada
RDD657,Florianopolis-Daniela-casa-JR-3Q,Carteira 1,SC,"Florianópolis, SC","Florianópolis, SC, Daniela",3,857,4848.5,8,4281.49,2025-11,0.5185,0.5,14,30,510.71,425.77,13,2025-11-11,1.13,1532.1299999999999,-567.0100000000002,ok
RGOR0025,Itapema-Meia_Praia-Sul-apartamento-SUP-1Q,Carteira 6,SC,"Itapema, SC","Itapema, SC, Castelo Branco",0,201,2826.19,15,2851.62,2025-11,0.7333,0.4879,22,30,145.14,166.0,6,2025-11-11,0.99,0.0,25.429999999999836,berlinda
ROY0401,Porto_Alegre-Jardim_Botanico-apartamento-SUP-2Q,Carteira 4,RS,"Porto Alegre, RS","Porto Alegre, RS, Chácara das Pedras",0,44,1028.91,35,2211.22,2025-11,0.2,0.3448,6,30,187.83,195.25,16,2025-11-11,0.47,0.0,1182.3099999999997,crítico
RSR0812,Maceio-Cruz_das_Almas-apartamento-TOP-1Q,Carteira 2,AL,"Maceió, AL","Maceió, AL, Cruz das Almas",0,374,5729.33,57,4317.82,2025-11,0.8333,0.659,25,30,343.08,203.0,1,2025-11-11,1.33,0.0,-1411.5100000000002,ok
SQC0810,Sao_Paulo-Moema-apartamento-SUP-1Q,Carteira 4_sys-price,SP,"São Paulo, SP","São Paulo, SP, Moema",0,276,5567.81,599,3188.07,2025-11,0.8,0.5066,24,30,269.56,157.0,3,2025-11-11,1.75,0.0,-2379.7400000000002,ok
UPP0517,Curitiba-Centro-apartamento-JR-1Q,Carteira 4,PR,"Curitiba, PR","Curitiba, PR, Alto da XV",0,29,1463.41,282,1884.7,2025-11,0.3667,0.5093,11,30,148.09,138.0,13,2025-11-11,0.78,0.0,421.28999999999996,atenção
WSH0506,Curitiba-Batel-apartamento-SUP-1Q,Carteira 4,PR,"Curitiba, PR","Curitiba, PR, Bigorrilho",0,18,1345.52,195,2545.75,2025-11,0.2333,0.4935,7,30,226.86,168.0,19,2025-11-11,0.53,0.0,1200.23,atenção
BAB0202,Florianopolis-Ingleses_Praia-apartamento-SUP-1Q,Carteira 1,SC,"Florianópolis, SC","Florianópolis, SC, Ingleses do Rio Vermelho",0,368,4519.97,37,3730.47,2025-11,0.4667,0.5144,14,30,411.5,228.78,9,2025-11-11,1.21,0.0,-789.5000000000005,ok
BLS1657,Goiania-Central-apartamento-TOP-1Q,Carteira 1_sys-price,GO,"Goiânia, GO","Goiânia, GO, Setor Marista",0,15,2574.85,53,1579.58,2025-11,0.6333,0.3282,19,30,176.47,173.73,11,2025-11-11,1.63,0.0,-995.27,ok
CGS0002,Brasilia-Asa_Norte-apartamento-SUP-2Q,Carteira 1_sys-price,DF,"Brasília, DF","Brasília, DF, Asa Norte",0,192,4760.6,39,4025.17,2025-11,0.7,0.6356,21,30,286.57,244.67,6,2025-11-11,1.18,0.0,-735.4300000000003,ok
CZZ0402,Urubici-Geral-apartamento-SUP-1Q,Especial,SC,"Urubici, SC","Urubici, SC, Centro",0,207,386.7,49,1401.48,2025-11,0.0667,0.1601,2,30,257.0,246.95,19,2025-11-11,0.28,0.0,1014.78,crítico
ILC1211,Especial-ILC-hotel-JR-1Q,Especial,SC,"Florianópolis, SC","Florianópolis, SC, Jurerê Internacional",0,1971,8459.46,16,9179.91,2025-11,0.5667,0.5499,17,30,618.18,496.29,7,2025-11-11,0.92,0.0,720.4500000000007,berlinda
JAS0001,Florianopolis-Lagoa-apartamento-JR-1Q,Carteira 1,SC,"Florianópolis, SC","Florianópolis, SC, Lagoa da Conceição",20,171,1246.78,22,3422.92,2025-11,0.9,0.542,9,30,151.22,,0,2025-11-11,0.36,3024.4,2176.1400000000003,crítico
NPZ093,Sao_Paulo-Moema-apartamento-TOP-1Q,Carteira 4,SP,"São Paulo, SP","São Paulo, SP, Moema",0,554,5719.41,105,4638.45,2025-11,0.8,0.6021,24,30,286.13,200.0,5,2025-11-11,1.23,0.0,-1080.96,ok
PVE0302,Guarapari-Nova_Guarapari-apartamento-JR-2Q,Carteira 4,ES,"Guarapari, ES","Guarapari, ES, Enseada Verde",0,283,156.54,35,1897.84,2025-11,0.0333,0.2558,1,30,244.0,183.26,19,2025-11-11,0.08,0.0,1741.3,crítico
RJH0101,Camaçari-Itacimirim-apartamento-TOP-2Q,Carteira 2,BA,"Camaçari, BA","Camaçari, BA, Itacimirim",5,275,2603.02,14,3379.12,2025-11,0.4,0.3359,10,30,328.1,276.5,6,2025-11-11,0.77,1640.5,776.0999999999999,atenção
SHC0801,Balneario_Picarras-Geral-apartamento-TOP-3Q,Carteira 6,SC,"Balneário Piçarras, SC","Balneário Piçarras, SC, Itacolomi",0,75,0.0,16,3174.9,2025-11,0.0,0.2632,0,30,0.0,1875.0,19,2025-11-11,0.0,0.0,3174.9,crítico
TCO1215,Porto_Alegre-Centro_Historico-apartamento-SUP-1Q,Carteira 4,RS,"Porto Alegre, RS","Porto Alegre, RS, Centro Histórico",1,562,1394.05,72,1793.66,2025-11,0.4828,0.4337,14,30,123.29,120.0,11,2025-11-11,0.78,123.29,399.6100000000001,atenção
VDO102,Florianopolis-Rio_Tavares-casa-JR-2Q,Carteira 1,SC,"Florianópolis, SC","Florianópolis, SC, Campeche",30,676,0.0,22,2699.55,2025-11,,0.4231,0,30,0.0,,0,2025-11-11,0.0,0.0,2699.55,crítico
VLR403,Florianopolis-Centrao-apartamento-SUP-1Q,Carteira 4,SC,"Florianópolis, SC","Florianópolis, SC, Centro",5,590,3320.36,126,3394.05,2025-11,0.76,0.4536,19,30,272.37,186.67,3,2025-11-11,0.98,1361.85,73.69000000000005,berlinda
VTD0704,Florianopolis-UFSC-apartamento-SUP-1Q,Carteira 4,SC,"Florianópolis, SC","Florianópolis, SC, Trindade",3,138,3312.76,40,2727.0,2025-11,0.7037,0.4971,19,30,235.21,199.5,4,2025-11-11,1.21,705.63,-585.7600000000002,ok
ZUC0703,Balneario_Camboriu-Longe-apartamento-SUP-2Q,Carteira 6,SC,"Balneário Camboriú, SC","Balneário Camboriú, SC, Nações",4,165,1767.18,14,3120.14,2025-11,0.3077,0.3872,8,30,340.75,400.0,13,2025-11-11,0.57,1363.0,1352.9599999999998,atenção
BFT2905,Goiania-Leste-apartamento-SUP-1Q,Carteira 1_sys-price,GO,"Goiânia, GO","Goiânia, GO, Jardim Goiás",0,268,2219.46,74,1505.82,2025-11,0.6,0.3364,18,30,149.78,152.27,11,2025-11-11,1.47,0.0,-713.6400000000001,ok
BLB1501,Salvador-Barra-apartamento-SUP-1Q,Carteira 2,BA,"Salvador, BA","Salvador, BA, Barra",3,1,3031.12,203,3119.92,2025-11,0.6296,0.546,17,30,210.59,158.57,7,2025-11-11,0.97,631.77,88.80000000000018,berlinda
CLE1203,Porto_Belo-Geral-apartamento-SUP-2Q,Carteira 6,SC,"Porto Belo, SC","Porto Belo, SC, Perequê",1,255,3921.69,21,3177.66,2025-11,0.7931,0.2879,23,30,210.04,133.5,6,2025-11-11,1.23,210.04,-744.0300000000002,ok
CSC0212,Florianopolis-Ingleses_Norte-apartamento-SUP-1Q,Carteira 1,SC,"Florianópolis, SC","Florianópolis, SC, Ingleses Norte",0,93,4768.7,52,2766.18,2025-11,0.7667,0.4838,23,30,242.09,256.25,4,2025-11-11,1.72,0.0,-2002.52,ok
DVM0202,Florianopolis-Itacorubi-apartamento-JR-2Q,Carteira 4,SC,"Florianópolis, SC","Florianópolis, SC, Itacorubi",27,316,598.62,23,2189.81,2025-11,1.0,0.4403,3,30,313.0,,0,2025-11-11,0.27,8451.0,1591.19,crítico
EIO203,Itapema-Meia_Praia-Norte-apartamento-JR-3Q,Carteira 6,SC,"Itapema, SC","Itapema, SC, Meia Praia",7,876,3752.48,17,1868.64,2025-11,0.7826,0.3468,18,30,260.44,134.67,3,2025-11-11,2.01,1823.08,-1883.84,meta_subestimada
EJF0702,Balneario_Camboriu-Intermediario-apartamento-SUP-2Q,Carteira 6,SC,"Balneário Camboriú, SC","Balneário Camboriú, SC, Centro",8,689,2562.25,74,3649.28,2025-11,0.5909,0.4021,13,30,248.38,189.88,8,2025-11-11,0.7,1987.04,1087.0300000000002,atenção
ELY0201,Florianopolis-Beira_Mar-apartamento-JR-2Q,Carteira 4,SC,"Florianópolis, SC","Florianópolis, SC, Centro",0,710,6112.55,27,4358.8,2025-11,0.8333,0.5386,25,30,329.32,274.8,5,2025-11-11,1.4,0.0,-1753.75,ok
IAA1003,Recife-Boa_Viagem-apartamento-TOP-1Q,Carteira 2,PE,"Recife, PE","Recife, PE, Boa Viagem",0,598,2393.75,39,3873.53,2025-11,0.4333,0.6083,13,30,224.31,204.5,14,2025-11-11,0.62,0.0,1479.7800000000002,atenção
IDP104,Florianopolis-Ingleses_Norte-apartamento-SUP-3Q,Carteira 1,SC,"Florianópolis, SC","Florianópolis, SC, Ingleses do Rio Vermelho",8,1852,4604.97,15,2759.65,2025-11,0.7727,0.2224,17,30,343.47,235.25,4,2025-11-11,1.67,2747.76,-1845.3200000000002,ok
JBV276,Especial-JBV-hotel-JR-1Q,Especial,SC,"Florianópolis, SC","Florianópolis, SC, Jurerê",0,1065,10241.82,25,9026.89,2025-11,0.7,0.58,21,30,676.24,528.71,7,2025-11-11,1.13,0.0,-1214.9300000000003,ok
MNDA0217,Cabo_Frio-Centro-apartamento-SUP-1Q,Carteira 4,RJ,"Cabo Frio, RJ","Cabo Frio, RJ, Braga",0,68,4285.87,51,3239.35,2025-11,0.6667,0.5585,20,30,258.75,209.14,7,2025-11-11,1.32,0.0,-1046.52,ok
NWT1414,Especial-NWT-apartamento-TOP-1Q,Carteira 5,AL,"Maceió, AL","Maceió, AL, Pajuçara",0,309,6233.74,40,4657.0,2025-11,0.7667,0.5442,23,30,335.3,355.5,6,2025-11-11,1.34,0.0,-1576.7399999999998,ok
PDU0033,Cabo_Frio-Foguete-casa-JR-1Q,Carteira 4,RJ,"Cabo Frio, RJ","Cabo Frio, RJ, Braga",0,358,2101.91,38,1702.7,2025-11,0.4333,0.3577,13,30,186.69,180.0,10,2025-11-11,1.23,0.0,-399.2099999999998,ok
PSOB0912,Penha-Beto_Carrero-apartamento-TOP-1Q,Carteira 3,SC,"Penha, SC","Penha, SC, Praia de Armação do Itapocoroi",0,113,2890.88,16,4132.99,2025-11,0.4667,0.6017,14,30,233.79,166.63,8,2025-11-11,0.7,0.0,1242.1099999999997,atenção
RFM0024,Santa_Cruz_Cabralia-Coroa_Vermelha-apartamento-SUP-2Q,Carteira 2,BA,"Santa Cruz Cabrália, BA","Santa Cruz Cabrália, BA, Coroa Vermelha",0,282,1015.84,34,2989.06,2025-11,0.2333,0.3789,7,30,197.71,176.92,12,2025-11-11,0.34,0.0,1973.2199999999998,crítico
SDR0003,Florianopolis-Lagoa-apartamento-SUP-1Q,Carteira 1,SC,"Florianópolis, SC","Florianópolis, SC, Lagoa da Conceição",0,298,2149.82,25,3319.53,2025-11,0.4,0.584,12,30,164.0,183.1,10,2025-11-11,0.65,0.0,1169.71,atenção
SFR0511,Bombinhas-Centro-apartamento-SUP-1Q,Carteira 6,SC,"Bombinhas, SC","Bombinhas, SC, Centro",0,37,3257.02,34,3528.77,2025-11,0.7333,0.5429,22,30,184.45,232.0,8,2025-11-11,0.92,0.0,271.75,berlinda
VLD1002,Balneario_Camboriu-Centro-apartamento-MASTER-3Q,Carteira 6,SC,"Balneário Camboriú, SC","Balneário Camboriú, SC, Centro",3,569,4589.31,18,11627.74,2025-11,0.1852,0.5703,5,30,1091.0,1091.0,11,2025-11-11,0.39,3273.0,7038.429999999999,crítico
ZIO0201,Florianopolis-Ingleses_Praia-apartamento-SUP-1Q,Carteira 1,SC,"Florianópolis, SC","Florianópolis, SC, Ingleses Norte",0,99,1758.62,37,3730.47,2025-11,0.3,0.5144,9,30,212.0,187.93,15,2025-11-11,0.47,0.0,1971.85,crítico
ARK0201,Brasilia-Asa_Sul-apartamento-TOP-1Q,Carteira 1_sys-price,DF,"Brasília, DF","Brasília, DF, Asa Sul",0,137,5569.13,24,4291.06,2025-11,0.8333,0.7033,25,30,407.48,206.0,5,2025-11-11,1.3,0.0,-1278.0699999999997,ok
ELF0612,Bombinhas-Bombas-apartamento-SUP-1Q,Especial,SC,"Bombinhas, SC","Bombinhas, SC, José Amândio",3,185,5050.86,49,2579.11,2025-11,0.9259,0.44,25,30,253.4,,0,2025-11-11,1.96,760.2,-2471.7499999999995,ok
EVR1403,Porto_Belo-Geral-apartamento-TOP-2Q,Carteira 6,SC,"Porto Belo, SC","Porto Belo, SC, Balneário Perequê",0,50,4274.11,13,3503.7,2025-11,0.7667,0.316,23,30,223.43,172.57,7,2025-11-11,1.22,0.0,-770.4099999999999,ok
ILH0001,Florianopolis-Canasvieiras_Perto-apartamento-JR-1Q,Carteira 1,SC,"Florianópolis, SC","Florianópolis, SC, Canasvieiras",1,1,3556.83,49,2189.81,2025-11,0.6897,0.4547,20,30,209.8,179.0,5,2025-11-11,1.62,209.8,-1367.02,ok
LIV0907,Salvador-Graca-apartamento-TOP-1Q,Especial,BA,"Salvador, BA","Salvador, BA, Vitória",3,120,3172.69,15,3581.56,2025-11,0.5556,0.5526,15,30,253.2,231.25,12,2025-11-11,0.89,759.5999999999999,408.8699999999999,berlinda
MOC0210,Petropolis-Quitandinha-apartamento-JR-1Q,Carteira 4,RJ,"Petrópolis, RJ","Petrópolis, RJ, Independência",0,347,1378.14,13,1498.81,2025-11,0.1667,0.3398,5,30,386.6,104.89,19,2025-11-11,0.92,0.0,120.66999999999985,berlinda
NWT0802,Especial-NWT-apartamento-TOP-1Q,Carteira 5,AL,"Maceió, AL","Maceió, AL, Pajuçara",0,239,3840.81,40,4657.0,2025-11,0.4333,0.5442,13,30,334.31,295.64,11,2025-11-11,0.82,0.0,816.19,berlinda
NWT0907,Especial-NWT-apartamento-TOP-1Q,Carteira 5,AL,"Maceió, AL","Maceió, AL, Pajuçara",0,221,4945.56,40,4657.0,2025-11,0.5333,0.5442,16,30,301.26,295.36,11,2025-11-11,1.06,0.0,-288.5600000000004,berlinda
NWT1324,Especial-NWT-apartamento-TOP-1Q,Carteira 5,AL,"Maceió, AL","Maceió, AL, Pajuçara",2,228,7078.35,40,4657.0,2025-11,0.7143,0.5442,20,30,506.1,453.0,4,2025-11-11,1.52,1012.2,-2421.3500000000004,ok
RGO702,Itapema-Meia_Praia-Sul-apartamento-SUP-2Q,Carteira 6,SC,"Itapema, SC","Itapema, SC, Castelo Branco",6,772,2760.63,39,2948.95,2025-11,0.7083,0.3321,17,30,181.53,157.83,6,2025-11-11,0.94,1089.18,188.3199999999997,berlinda
RPO0302,Balneario_Picarras-Geral-apartamento-TOP-2Q,Carteira 6,SC,"Balneário Piçarras, SC","Balneário Piçarras, SC, Centro",4,30,3390.74,35,2411.71,2025-11,0.7308,0.3346,19,30,213.84,140.0,7,2025-11-11,1.41,855.36,-979.0299999999997,ok
RRT0098,Penha-Longe-casa-JR-2Q,Carteira 6,SC,"Penha, SC","Penha, SC, Armação",0,423,1655.26,16,2884.71,2025-11,0.4333,0.3901,13,30,150.23,127.8,10,2025-11-11,0.57,0.0,1229.45,atenção
RUA0226,Penha-Praia-casa-JR-3Q,Carteira 6,SC,"Penha, SC","Penha, SC, Centro",7,263,2854.15,23,3102.23,2025-11,0.5217,0.4012,12,30,324.17,180.83,6,2025-11-11,0.92,2269.19,248.07999999999993,berlinda
TCO0815,Porto_Alegre-Centro_Historico-apartamento-SUP-1Q,Carteira 4,RS,"Porto Alegre, RS","Porto Alegre, RS, Centro Histórico",0,421,1561.3,72,1793.66,2025-11,0.4667,0.4337,14,30,122.0,125.8,15,2025-11-11,0.87,0.0,232.36000000000013,berlinda
THK1902,Sao_Paulo-Republica-apartamento-SUP-1Q,Carteira 4,SP,"São Paulo, SP","São Paulo, SP, República",0,297,2507.37,467,2800.75,2025-11,0.5667,0.5767,17,30,169.59,130.0,7,2025-11-11,0.9,0.0,293.3800000000001,berlinda
THO2707,Goiania-Leste-apartamento-SUP-1Q,Carteira 1_sys-price,GO,"Goiânia, GO","Goiânia, GO, Jardim Goiás",0,597,2256.7,74,1505.82,2025-11,0.5,0.3364,15,30,163.6,167.07,14,2025-11-11,1.5,0.0,-750.8799999999999,ok
CBE105,Florianopolis-Canasvieiras_Perto-apartamento-JR-1Q,Carteira 1,SC,"Florianópolis, SC","Florianópolis, SC, Canasvieiras",0,1514,2679.58,49,2189.81,2025-11,0.5333,0.4547,16,30,223.0,180.7,10,2025-11-11,1.22,0.0,-489.77,ok
EAB0201,Florianopolis-Ingleses_Norte-apartamento-SUP-2Q,Carteira 1,SC,"Florianópolis, SC","Florianópolis, SC, Ingleses do Rio Vermelho",0,716,3083.91,58,3045.34,2025-11,0.4,0.3095,12,30,297.42,248.36,11,2025-11-11,1.01,0.0,-38.56999999999971,berlinda
EDG401,Balneario_Camboriu-Centro-apartamento-JR-3Q,Carteira 6,SC,"Balneário Camboriú, SC","Balneário Camboriú, SC, Centro",0,957,5561.2,37,4704.2,2025-11,0.8667,0.4463,26,30,231.31,214.5,4,2025-11-11,1.18,0.0,-857.0,ok
IDVB2602,Goiania-Central-2-apartamento-SUP-1Q,Carteira 1_sys-price,GO,"Goiânia, GO","Goiânia, GO, Setor Oeste",0,313,1708.59,25,1273.98,2025-11,0.4,0.265,12,30,170.08,201.07,15,2025-11-11,1.34,0.0,-434.6099999999999,ok
JBV465,Especial-JBV-hotel-JR-1Q,Especial,SC,"Florianópolis, SC","Florianópolis, SC, Jurerê",0,1842,9917.7,25,9026.89,2025-11,0.7667,0.58,23,30,537.13,475.29,7,2025-11-11,1.1,0.0,-890.8100000000013,berlinda
LVL001,Porto_Seguro-Ajuda_Intermediario-casa-TOP-4Q,Carteira 2,BA,"Porto Seguro, BA","Porto Seguro, BA, Arraial DAjuda",3,492,4224.3,13,5197.15,2025-11,0.2222,0.3796,6,30,876.0,580.18,11,2025-11-11,0.81,2628.0,972.8499999999995,berlinda
MHF1109,Itapema-Canto_Praia-apartamento-TOP-2Q,Carteira 5,SC,"Itapema, SC","Itapema, SC, Centro",0,185,4294.04,14,3094.94,2025-11,0.5,0.2903,15,30,351.2,327.18,11,2025-11-11,1.39,0.0,-1199.1,ok
NWTA0607,Especial-NWT-apartamento-MASTER-1Q,Carteira 5,AL,"Maceió, AL","Maceió, AL, Pajuçara",2,186,7893.49,30,6165.78,2025-11,0.7143,0.6885,20,30,482.65,452.5,6,2025-11-11,1.28,965.3,-1727.71,ok
OKA101,Florianopolis-Campeche-apartamento-SUP-1Q,Carteira 1,SC,"Florianópolis, SC","Florianópolis, SC, Campeche",0,1053,2254.8,25,2388.5,2025-11,0.3667,0.4993,11,30,263.45,231.0,12,2025-11-11,0.94,0.0,133.69999999999982,berlinda
RJU8301,Bombinhas-Mariscal-casa-JR-3Q,Carteira 6,SC,"Bombinhas, SC","Bombinhas, SC, Mariscal",9,990,1366.6,11,3065.74,2025-11,0.4762,0.3192,10,30,147.6,148.83,6,2025-11-11,0.45,1328.3999999999999,1699.1399999999999,crítico
RPV0308,Maceio-Jatiuca-apartamento-SUP-1Q,Carteira 2,AL,"Maceió, AL","Maceió, AL, Ponta Verde",0,136,3288.43,95,3052.92,2025-11,0.8,0.6196,24,30,177.92,155.2,5,2025-11-11,1.08,0.0,-235.50999999999976,berlinda
RVG101,Florianopolis-Ingleses_Norte-apartamento-TOP-3Q,Carteira 1,SC,"Florianópolis, SC","Florianópolis, SC, Ingleses do Rio Vermelho",3,550,4579.86,16,5500.55,2025-11,0.6667,0.4157,18,30,331.33,453.56,9,2025-11-11,0.83,993.99,920.6900000000005,berlinda
STI108,Florianopolis-Ingleses_Centro-apartamento-TOP-1Q,Carteira 1,SC,"Florianópolis, SC","Florianópolis, SC, Ingleses do Rio Vermelho",0,1480,1731.92,26,2535.76,2025-11,0.2,0.3439,6,30,293.0,179.82,11,2025-11-11,0.68,0.0,803.8400000000001,atenção
VAC0603,Barra_Velha-Tabuleiro-apartamento-TOP-2Q,Carteira 3,SC,"Barra Velha, SC","Barra Velha, SC, Itajuba",0,316,0.0,36,1993.79,2025-11,0.0,0.2904,0,30,0.0,560.0,19,2025-11-11,0.0,0.0,1993.79,crítico
VLE004,Bombinhas-Mariscal-apartamento-JR-1Q,Carteira 6,SC,"Bombinhas, SC","Bombinhas, SC, Mariscal",0,1494,550.23,20,1629.95,2025-11,0.1,0.3211,3,30,209.0,198.0,16,2025-11-11,0.34,0.0,1079.72,crítico
VST004,Especial-VST-casa-TOP-1Q,Carteira 5,SC,"Anitápolis, SC","Anitápolis, SC, Rio dos Pinheiros",3,123,2732.32,41,2231.25,2025-11,0.4074,0.1613,11,30,298.55,166.5,10,2025-11-11,1.22,895.6500000000001,-501.07000000000016,ok
BOU201,Florianopolis-Canasvieiras_Meio-apartamento-SIM-1Q,Carteira 1,SC,"Florianópolis, SC","Florianópolis, SC, Canasvieiras",5,1698,558.9,37,1865.72,2025-11,0.24,0.3944,6,30,142.5,145.0,12,2025-11-11,0.3,712.5,1306.8200000000002,crítico
CCM004,Bombinhas-Mariscal-casa-JR-3Q,Carteira 6,SC,"Bombinhas, SC","Bombinhas, SC, Canto Grande",0,1432,4344.83,11,3065.74,2025-11,0.8333,0.3192,25,30,210.04,237.0,4,2025-11-11,1.42,0.0,-1279.0900000000001,ok
CDV042,Ubatuba-Estufa-apartamento-JR-2Q,Carteira 4,SP,"Ubatuba, SP","Ubatuba, SP, Estufa II",0,799,2955.14,13,3875.97,2025-11,0.6333,0.5,19,30,183.95,129.67,6,2025-11-11,0.76,0.0,920.8299999999999,atenção
CLR314,Brasilia-Vila_Planalto-apartamento-SUP-1Q,Carteira 1,DF,"Brasília, DF","Brasília, DF, Asa Norte",0,641,6299.24,70,3534.27,2025-11,0.8667,0.5225,26,30,316.08,312.67,3,2025-11-11,1.78,0.0,-2764.97,ok
EKO0008,Camaçari-Itacimirim-apartamento-SUP-2Q,Carteira 2,BA,"Camaçari, BA","Camaçari, BA, Santa Maria",1,71,3471.84,24,3206.86,2025-11,0.5862,0.2785,17,30,257.24,212.44,9,2025-11-11,1.08,257.24,-264.98,berlinda
ELM701,Balneario_Camboriu-Intermediario-apartamento-JR-3Q,Carteira 6,SC,"Balneário Camboriú, SC","Balneário Camboriú, SC, Centro",7,794,3954.6,17,2977.13,2025-11,0.6957,0.34,16,30,287.19,197.17,6,2025-11-11,1.33,2010.33,-977.4699999999998,ok
EVA1005,Florianopolis-Centrao-apartamento-JR-1Q,Carteira 4,SC,"Florianópolis, SC","Florianópolis, SC, Centro",6,383,3161.16,71,2585.44,2025-11,0.75,0.4921,18,30,174.0,145.5,2,2025-11-11,1.22,1044.0,-575.7199999999998,ok
GEN0102,Balneario_Camboriu-Longe-apartamento-JR-2Q,Carteira 6,SC,"Balneário Camboriú, SC","Balneário Camboriú, SC, Nações",0,131,3351.67,27,1602.94,2025-11,0.7,0.3549,21,30,191.76,122.67,9,2025-11-11,2.09,0.0,-1748.73,meta_subestimada
JBM202,Florianopolis-Jurere_Tradicional-apartamento-TOP-1Q,Carteira 1,SC,"Florianópolis, SC","Florianópolis, SC, Jurerê",4,1971,4639.74,18,6829.73,2025-11,0.6154,0.605,16,30,374.31,341.57,7,2025-11-11,0.68,1497.24,2189.99,atenção
JBV152,Especial-JBV-hotel-TOP-1Q,Especial,SC,"Florianópolis, SC","Florianópolis, SC, Jurerê",0,1121,8743.24,34,10718.98,2025-11,0.5667,0.6611,17,30,734.47,797.2,5,2025-11-11,0.82,0.0,1975.7399999999998,berlinda
JBV265,Especial-JBV-hotel-JR-1Q,Especial,SC,"Florianópolis, SC","Florianópolis, SC, Jurerê",1,1927,9514.15,25,9026.89,2025-11,0.7241,0.58,21,30,554.9,436.0,2,2025-11-11,1.05,554.9,-487.2600000000002,berlinda
JDE792,Florianopolis-Campeche-casa-SUP-3Q,Carteira 1,SC,"Florianópolis, SC","Florianópolis, SC, Campeche",8,486,7843.06,20,3768.59,2025-11,0.7273,0.4154,16,30,648.81,500.0,4,2025-11-11,2.08,5190.48,-4074.4700000000003,meta_subestimada
MHFA0605,Itapema-Canto_Praia-apartamento-SUP-1Q,Carteira 5,SC,"Itapema, SC","Itapema, SC, Centro",0,374,2830.54,9,3362.19,2025-11,0.5667,0.347,17,30,195.71,189.08,12,2025-11-11,0.84,0.0,531.6500000000001,berlinda
MPK0119,Brasilia-Asa_Sul-apartamento-JR-1Q,Carteira 1_sys-price,DF,"Brasília, DF","Brasília, DF, Asa Sul",0,400,4242.64,220,2916.77,2025-11,0.7667,0.6292,23,30,227.67,189.5,4,2025-11-11,1.45,0.0,-1325.8700000000003,ok
NWT0313,Especial-NWT-apartamento-TOP-1Q,Carteira 5,AL,"Maceió, AL","Maceió, AL, Pajuçara",30,379,0.0,40,4657.0,2025-11,,0.5442,0,30,0.0,,0,2025-11-11,0.0,0.0,4657.0,crítico
NWT0923,Especial-NWT-apartamento-TOP-1Q,Carteira 5,AL,"Maceió, AL","Maceió, AL, Pajuçara",1,221,4654.79,40,4657.0,2025-11,0.5862,0.5442,17,30,283.32,278.5,10,2025-11-11,1.0,283.32,2.2100000000000364,berlinda
PRJ003,Imbituba-Praia_do_Rosa-casa-SIM-1Q,Carteira 6,SC,"Imbituba, SC","Imbituba, SC, Ibiraquera",0,1241,917.69,55,1158.17,2025-11,0.3667,0.3086,11,30,94.55,90.0,8,2025-11-11,0.79,0.0,240.48000000000002,atenção
RFY0025,Florianopolis-Itacorubi-apartamento-SUP-2Q,Carteira 4,SC,"Florianópolis, SC","Florianópolis, SC, Itacorubi",1,204,3223.58,17,2102.22,2025-11,0.4483,0.4887,13,30,315.46,207.1,10,2025-11-11,1.53,315.46,-1121.3600000000001,ok
SFR0301,Bombinhas-Centro-apartamento-SUP-1Q,Carteira 6,SC,"Bombinhas, SC","Bombinhas, SC, Centro",0,37,4680.44,34,3528.77,2025-11,0.8333,0.5429,25,30,226.88,135.67,3,2025-11-11,1.33,0.0,-1151.6699999999996,ok
TCO1106,Porto_Alegre-Centro_Historico-apartamento-SUP-1Q,Carteira 4,RS,"Porto Alegre, RS","Porto Alegre, RS, Centro Histórico",0,397,2378.22,72,1793.66,2025-11,0.6333,0.4337,19,30,134.77,134.86,7,2025-11-11,1.33,0.0,-584.5599999999997,ok
TPS201,Florianopolis-Canasvieiras_Meio-apartamento-TOP-1Q,Carteira 1,SC,"Florianópolis, SC","Florianópolis, SC, Canasvieiras",0,926,2597.06,25,4223.9,2025-11,0.2667,0.563,8,30,218.29,244.31,13,2025-11-11,0.61,0.0,1626.8399999999997,atenção
TPS208,Florianopolis-Canasvieiras_Meio-apartamento-TOP-1Q,Carteira 1,SC,"Florianópolis, SC","Florianópolis, SC, Canasvieiras",0,1030,1720.18,25,4223.9,2025-11,0.2333,0.563,7,30,183.09,217.09,11,2025-11-11,0.41,0.0,2503.7199999999993,crítico
UML0103,Bombinhas-Mariscal-apartamento-TOP-2Q,Carteira 6,SC,"Bombinhas, SC","Bombinhas, SC, Mariscal",0,485,5613.86,11,2287.14,2025-11,0.8,0.2905,24,30,286.46,232.83,6,2025-11-11,2.45,0.0,-3326.72,meta_subestimada
VGZ0001,Imbituba-Praia_do_Rosa-casa-SUP-1Q,Carteira 6,SC,"Imbituba, SC","Imbituba, SC, Ibiraquera",4,620,3427.49,57,2501.25,2025-11,0.8846,0.3146,23,30,198.17,110.0,2,2025-11-11,1.37,792.68,-926.2399999999998,ok
VIM0602,Itapema-Praia_Itapema-apartamento-TOP-3Q,Carteira 6,SC,"Itapema, SC","Itapema, SC, Andorinha",5,178,4529.7,13,4282.3,2025-11,0.72,0.3387,18,30,297.56,236.83,6,2025-11-11,1.06,1487.8,-247.39999999999964,berlinda
BLS1553,Goiania-Central-apartamento-SUP-1Q,Carteira 1_sys-price,GO,"Goiânia, GO","Goiânia, GO, Setor Marista",0,767,1950.74,149,1516.4,2025-11,0.3667,0.3335,11,30,240.91,174.71,17,2025-11-11,1.29,0.0,-434.3399999999999,ok
DIA0004,Salvador-Flamengo-apartamento-SUP-2Q,Carteira 2,BA,"Salvador, BA","Salvador, BA, Stella Maris",4,163,1087.94,48,3112.94,2025-11,0.2692,0.4551,7,30,172.71,164.63,16,2025-11-11,0.35,690.84,2025.0,crítico
MHF1303,Itapema-Canto_Praia-apartamento-TOP-1Q,Carteira 5,SC,"Itapema, SC","Itapema, SC, Centro",5,478,3956.2,17,2947.0,2025-11,0.88,0.4478,22,30,226.27,286.0,2,2025-11-11,1.34,1131.3500000000001,-1009.1999999999998,ok
NWT0807,Especial-NWT-apartamento-TOP-1Q,Carteira 5,AL,"Maceió, AL","Maceió, AL, Pajuçara",0,325,5927.36,40,4657.0,2025-11,0.7333,0.5442,22,30,322.45,296.8,5,2025-11-11,1.27,0.0,-1270.3599999999997,ok
OKA0221,Florianopolis-Campeche-apartamento-SUP-1Q,Carteira 1,SC,"Florianópolis, SC","Florianópolis, SC, Campeche",0,200,3198.62,25,2388.5,2025-11,0.5333,0.4993,16,30,238.13,235.0,13,2025-11-11,1.34,0.0,-810.1199999999999,ok
PDAA0611,Camaçari-Jacuipe-casa-SUP-3Q,Carteira 2,BA,"Camaçari, BA","Camaçari, BA, Barra do Jacuípe",7,708,4241.45,13,4455.86,2025-11,0.4348,0.3492,10,30,491.0,455.0,7,2025-11-11,0.95,3437.0,214.40999999999985,berlinda
PZD0403,Florianopolis-Itacorubi-apartamento-SUP-2Q,Carteira 4,SC,"Florianópolis, SC","Florianópolis, SC, Itacorubi",3,390,3545.73,17,2102.22,2025-11,0.6667,0.4887,18,30,242.06,199.44,9,2025-11-11,1.69,726.1800000000001,-1443.5100000000002,ok
QUI0225,Pocos_de_Caldas-Geral-apartamento-JR-1Q,Carteira 4,MG,"Poços de Caldas, MG","Poços de Caldas, MG, Cascatinha",0,236,2292.08,24,1133.84,2025-11,0.4,0.2819,12,30,205.08,180.0,10,2025-11-11,2.02,0.0,-1158.24,meta_subestimada
REL0001,Imbituba-Praia_do_Rosa-casa-JR-1Q,Carteira 6,SC,"Imbituba, SC","Imbituba, SC, Ibiraquera",14,4,0.0,46,2146.7,2025-11,0.0,0.3203,0,30,0.0,380.0,16,2025-11-11,0.0,0.0,2146.7,crítico
SFR0412,Bombinhas-Centro-apartamento-SUP-1Q,Carteira 6,SC,"Bombinhas, SC","Bombinhas, SC, Centro",0,37,3801.6,34,3528.77,2025-11,0.8,0.5429,24,30,190.08,207.5,6,2025-11-11,1.08,0.0,-272.8299999999999,berlinda
SOA0406,Salvador-Boca_do_Rio-apartamento-SUP-1Q,Carteira 2,BA,"Salvador, BA","Salvador, BA, Boca do Rio",0,148,2024.15,33,2261.0,2025-11,0.5333,0.4852,16,30,153.94,171.5,12,2025-11-11,0.9,0.0,236.8499999999999,berlinda
SPJ0503,Especial-SPJ-apartamento-TOP-1Q,Carteira 5,SC,"Florianópolis, SC","Florianópolis, SC, Jurerê",0,382,5851.48,15,6230.75,2025-11,0.8333,0.6136,25,30,309.16,202.5,4,2025-11-11,0.94,0.0,379.27000000000044,berlinda
STA0305,Gramado-Centro-apartamento-TOP-1Q,Carteira 4,RS,"Gramado, RS","Gramado, RS, Centro",1,78,7923.24,27,7724.8,2025-11,0.8966,0.6694,26,30,418.0,304.0,1,2025-11-11,1.03,418.0,-198.4399999999996,berlinda
TCO0914,Porto_Alegre-Centro_Historico-apartamento-SUP-1Q,Carteira 4,RS,"Porto Alegre, RS","Porto Alegre, RS, Centro Histórico",0,491,1983.9,72,1793.66,2025-11,0.5,0.4337,15,30,125.63,120.91,11,2025-11-11,1.11,0.0,-190.24,ok
TPS211,Florianopolis-Canasvieiras_Meio-apartamento-TOP-1Q,Carteira 1,SC,"Florianópolis, SC","Florianópolis, SC, Canasvieiras",0,809,3724.11,25,4223.9,2025-11,0.6333,0.563,19,30,872.21,278.0,3,2025-11-11,0.88,0.0,499.7899999999995,berlinda
VST031,Especial-VST-casa-TOP-1Q,Carteira 5,SC,"Anitápolis, SC","Anitápolis, SC, Rio dos Pinheiros",1,123,4653.32,41,2231.25,2025-11,0.7241,0.1613,21,30,269.62,206.5,6,2025-11-11,2.09,269.62,-2422.0699999999997,meta_subestimada
WBU2607,Goiania-Central-apartamento-TOP-1Q,Carteira 1_sys-price,GO,"Goiânia, GO","Goiânia, GO, Setor Marista",0,747,1670.89,53,1579.58,2025-11,0.3333,0.3282,10,30,197.2,191.0,16,2025-11-11,1.06,0.0,-91.31000000000017,berlinda
BCA2004,Salvador-Ondina_Rio_Vermelho-apartamento-SUP-1Q,Carteira 2,BA,"Salvador, BA","Salvador, BA, Ondina",0,172,4333.01,82,3153.33,2025-11,0.8333,0.5658,25,30,209.72,153.0,3,2025-11-11,1.37,0.0,-1179.6800000000003,ok
CSF0202,Salvador-Barra-apartamento-SUP-2Q,Carteira 2,BA,"Salvador, BA","Salvador, BA, Barra",0,213,3962.96,29,3912.47,2025-11,0.6,0.5583,18,30,258.61,253.75,8,2025-11-11,1.01,0.0,-50.49000000000024,berlinda
CSF0303,Salvador-Barra-apartamento-JR-1Q,Carteira 2,BA,"Salvador, BA","Salvador, BA, Barra",0,29,2905.83,119,2773.76,2025-11,0.7333,0.5696,22,30,172.68,115.0,5,2025-11-11,1.05,0.0,-132.0699999999997,berlinda
FAH0205,Florianopolis-Canasvieiras_Meio-apartamento-SUP-1Q,Carteira 1,SC,"Florianópolis, SC","Florianópolis, SC, Canasvieiras",25,33,1086.05,38,3287.15,2025-11,1.0,0.6164,5,30,255.6,,0,2025-11-11,0.33,6390.0,2201.1000000000004,crítico
ILC3412,Especial-ILC-hotel-JR-1Q,Especial,SC,"Florianópolis, SC","Florianópolis, SC, Jurerê Internacional",0,340,8471.72,16,9179.91,2025-11,0.3667,0.5499,11,30,912.0,815.3,10,2025-11-11,0.92,0.0,708.1900000000005,berlinda
IRB203,Florianopolis-Novo_Campeche-apartamento-MASTER-1Q,Carteira 1,SC,"Florianópolis, SC","Florianópolis, SC, Campeche",4,960,10308.81,55,6978.07,2025-11,0.8846,0.5602,23,30,557.0,575.0,1,2025-11-11,1.48,2228.0,-3330.74,ok
MHF1207,Itapema-Canto_Praia-apartamento-TOP-1Q,Carteira 5,SC,"Itapema, SC","Itapema, SC, Centro",4,302,1304.78,17,2947.0,2025-11,0.1923,0.4478,5,30,300.0,309.0,15,2025-11-11,0.44,1200.0,1642.22,crítico
MPB0034,Itajai-Praia_Brava-apartamento-SUP-2Q,Carteira 6,SC,"Itajaí, SC","Itajaí, SC, Praia Brava",2,193,3111.22,20,2682.44,2025-11,0.5357,0.3736,15,30,238.67,166.82,11,2025-11-11,1.16,477.34,-428.77999999999975,ok
NWT0905,Especial-NWT-apartamento-TOP-1Q,Carteira 5,AL,"Maceió, AL","Maceió, AL, Pajuçara",0,221,5886.35,40,4657.0,2025-11,0.8,0.5442,24,30,297.88,286.25,4,2025-11-11,1.26,0.0,-1229.3500000000004,ok
NWT1103,Especial-NWT-apartamento-TOP-1Q,Carteira 5,AL,"Maceió, AL","Maceió, AL, Pajuçara",0,327,7100.5,40,4657.0,2025-11,0.9333,0.5442,28,30,324.39,301.0,2,2025-11-11,1.52,0.0,-2443.5,ok
PAD0103,Florianopolis-Beira_Mar-apartamento-SUP-2Q,Carteira 4,SC,"Florianópolis, SC","Florianópolis, SC, Centro",0,207,5416.45,32,4431.29,2025-11,0.7333,0.5223,22,30,306.41,261.0,8,2025-11-11,1.22,0.0,-985.1599999999999,ok
PDG0202,Balneario_Picarras-Geral-apartamento-SUP-2Q,Carteira 6,SC,"Balneário Piçarras, SC","Balneário Piçarras, SC, Itacolomi",0,73,2540.04,66,1594.17,2025-11,0.6667,0.2526,20,30,146.6,121.0,9,2025-11-11,1.59,0.0,-945.8699999999999,ok
PSD103,Florianopolis-Jurere_Tradicional-apartamento-JR-1Q,Carteira 1,SC,"Florianópolis, SC","Florianópolis, SC, Jurerê",0,1990,1029.46,18,3094.45,2025-11,0.1333,0.531,4,30,330.75,232.5,16,2025-11-11,0.33,0.0,2064.99,crítico
RAK0331,Florianopolis-UFSC-apartamento-JR-3Q,Carteira 4,SC,"Florianópolis, SC","Florianópolis, SC, Pantanal",5,302,2996.67,14,2845.3,2025-11,0.48,0.4454,12,30,368.5,254.83,6,2025-11-11,1.05,1842.5,-151.3699999999999,berlinda
RDS003,Campos_do_Jordao-Vila_Natal-casa-JR-1Q,Carteira 4,SP,"Campos do Jordão, SP","Campos do Jordão, SP, Vila Natal",6,631,712.83,20,2404.9,2025-11,0.125,0.2453,3,30,285.0,188.13,16,2025-11-11,0.3,1710.0,1692.0700000000002,crítico
RFM0001,Santa_Cruz_Cabralia-Coroa_Vermelha-apartamento-JR-2Q,Carteira 2,BA,"Santa Cruz Cabrália, BA","Santa Cruz Cabrália, BA, Coroa Vermelha",0,325,1612.84,12,1321.19,2025-11,0.3667,0.1864,11,30,165.91,156.45,11,2025-11-11,1.22,0.0,-291.64999999999986,ok
RFT505,Balneario_Camboriu-Intermediario-apartamento-JR-2Q,Carteira 6,SC,"Balneário Camboriú, SC","Balneário Camboriú, SC, Centro",13,1440,2821.97,36,2763.87,2025-11,0.8824,0.4118,15,30,235.87,115.0,1,2025-11-11,1.02,3066.31,-58.09999999999991,berlinda
RGP0107,Florianopolis-Jurere_Tradicional-apartamento-JR-1Q,Carteira 1,SC,"Florianópolis, SC","Florianópolis, SC, Jurerê",0,410,3255.59,18,3094.45,2025-11,0.5667,0.531,17,30,258.24,254.6,10,2025-11-11,1.05,0.0,-161.14000000000033,berlinda
RHE101,Bombinhas-Mariscal-casa-JR-2Q,Carteira 6,SC,"Bombinhas, SC","Bombinhas, SC, Morrinhos",4,576,1919.48,18,1968.24,2025-11,0.6154,0.3944,16,30,164.69,154.29,7,2025-11-11,0.98,658.76,48.75999999999999,berlinda
RRA0205,Florianopolis-Praia_Brava-apartamento-JR-2Q,Carteira 1,SC,"Florianópolis, SC","Florianópolis, SC, Praia Brava",0,436,2208.0,13,2384.46,2025-11,0.2667,0.3017,8,30,315.0,254.69,13,2025-11-11,0.93,0.0,176.46000000000004,berlinda
RSL0502,Itapema-Praia_Itapema-apartamento-TOP-3Q,Carteira 6,SC,"Itapema, SC","Itapema, SC, Centro",8,694,5188.6,13,4282.3,2025-11,0.8636,0.3387,19,30,350.32,416.0,2,2025-11-11,1.21,2802.56,-906.3000000000002,ok
RUL0035,Ubatuba-Toninhas-casa-JR-3Q,Carteira 4,SP,"Ubatuba, SP","Ubatuba, SP, Toninhas",10,166,4620.66,14,4221.47,2025-11,0.6,0.2937,12,30,502.83,264.0,6,2025-11-11,1.09,5028.3,-399.1899999999996,berlinda
SLC0203,Florianopolis-Rio_Vermelho-apartamento-JR-1Q,Carteira 1,SC,"Florianópolis, SC","Florianópolis, SC, Ingleses do Rio Vermelho",0,316,1585.73,16,2707.95,2025-11,0.5667,0.5031,17,30,114.65,141.5,8,2025-11-11,0.59,0.0,1122.2199999999998,atenção
SOA0910,Salvador-Boca_do_Rio-apartamento-TOP-1Q,Carteira 2,BA,"Salvador, BA","Salvador, BA, Boca do Rio",0,221,2411.13,16,3097.97,2025-11,0.5,0.5778,15,30,179.6,196.62,13,2025-11-11,0.78,0.0,686.8399999999997,atenção
SPT0103,Blumenau-Central-apartamento-JR-1Q,Carteira 4,SC,"Blumenau, SC","Blumenau, SC, Itoupava Seca",0,593,362.58,31,707.55,2025-11,0.1,0.2143,3,30,101.67,100.47,19,2025-11-11,0.51,0.0,344.96999999999997,atenção
TBS1105,Florianopolis-Novo_Campeche-apartamento-MASTER-1Q,Carteira 1,SC,"Florianópolis, SC","Florianópolis, SC, Campeche",0,876,4892.53,55,6978.07,2025-11,0.4333,0.5602,13,30,452.23,434.45,11,2025-11-11,0.7,0.0,2085.54,atenção
VEC112,Bombinhas-Centro-apartamento-SUP-1Q,Carteira 6,SC,"Bombinhas, SC","Bombinhas, SC, Centro",0,1040,4538.78,34,3528.77,2025-11,0.8333,0.5429,25,30,236.16,160.8,5,2025-11-11,1.29,0.0,-1010.0099999999998,ok
VIC0203,Florianopolis-Novo_Campeche-apartamento-TOP-2Q,Carteira 1,SC,"Florianópolis, SC","Florianópolis, SC, Campeche",0,731,6040.67,49,6978.07,2025-11,0.6667,0.5466,20,30,397.5,482.5,4,2025-11-11,0.87,0.0,937.3999999999996,berlinda
VIL0001,Penha-Longe-apartamento-JR-1Q,Carteira 6,SC,"Penha, SC","Penha, SC, Santa Lidia",0,71,1045.22,17,1068.14,2025-11,0.3333,0.2822,10,30,113.7,94.5,10,2025-11-11,0.98,0.0,22.920000000000073,berlinda
VLE006,Bombinhas-Mariscal-apartamento-JR-2Q,Carteira 6,SC,"Bombinhas, SC","Bombinhas, SC, Mariscal",0,1494,0.0,34,2440.91,2025-11,0.0,0.3343,0,30,0.0,198.0,19,2025-11-11,0.0,0.0,2440.91,crítico
BFT3015,Goiania-Leste-apartamento-SUP-1Q,Carteira 1_sys-price,GO,"Goiânia, GO","Goiânia, GO, Jardim Goiás",1,450,1488.06,74,1505.82,2025-11,0.4138,0.3364,12,30,151.75,170.14,14,2025-11-11,0.99,151.75,17.75999999999999,berlinda
BSO0107,Itajai-Praia_Brava-apartamento-SUP-1Q,Carteira 6,SC,"Balneário Camboriú, SC","Balneário Camboriú, SC, Praia dos Amores",0,198,2353.9,10,2766.14,2025-11,0.6,0.5032,18,30,151.5,136.75,12,2025-11-11,0.85,0.0,412.2399999999998,berlinda
CEC0302,Balneario_Camboriu-Centro-apartamento-JR-2Q,Carteira 6,SC,"Balneário Camboriú, SC","Balneário Camboriú, SC, Centro",0,61,3570.65,45,2904.87,2025-11,0.7333,0.4181,22,30,192.59,177.67,6,2025-11-11,1.23,0.0,-665.7800000000002,ok
CEP0128,Sao_Paulo-Pompeia-apartamento-SUP-1Q,Carteira 4,SP,"São Paulo, SP","São Paulo, SP, Perdizes",0,65,1916.97,71,2705.63,2025-11,0.4333,0.3976,13,30,194.23,139.08,13,2025-11-11,0.71,0.0,788.6600000000001,atenção
CHE0401,Bombinhas-Centro-casa-TOP-4Q,Carteira 6,SC,"Bombinhas, SC","Bombinhas, SC, Centro",11,374,8039.25,21,10900.4,2025-11,0.5263,0.3491,10,30,894.8,781.0,5,2025-11-11,0.74,9842.8,2861.1499999999996,atenção
CPI0130,Ubatuba-Itamambuca-casa-JR-3Q,Carteira 4,SP,"Ubatuba, SP","Ubatuba, SP, Praia do Itamambuca",24,15,1029.56,20,6548.38,2025-11,0.6667,0.338,4,30,293.5,,0,2025-11-11,0.16,7044.0,5518.82,crítico
CPR0025,Marau-Barra_Grande-apartamento-TOP-2Q,Carteira 2,BA,"Maraú, BA","Maraú, BA, Barra Grande",2,208,0.0,12,3751.94,2025-11,0.0,0.2379,0,30,0.0,546.0,17,2025-11-11,0.0,0.0,3751.94,crítico
EVA704,Florianopolis-Centrao-apartamento-SUP-1Q,Carteira 4,SC,"Florianópolis, SC","Florianópolis, SC, Centro",0,648,3599.35,126,3394.05,2025-11,0.7333,0.4536,22,30,182.14,156.83,6,2025-11-11,1.06,0.0,-205.29999999999973,berlinda
IAB109,Camaçari-Itacimirim-apartamento-SUP-2Q,Carteira 2,BA,"Camaçari, BA","Camaçari, BA, Itacimirim",1,641,424.83,24,3206.86,2025-11,0.0345,0.2785,1,30,500.0,500.0,19,2025-11-11,0.13,500.0,2782.03,crítico
ILC3104,Especial-ILC-hotel-JR-1Q,Especial,SC,"Florianópolis, SC","Florianópolis, SC, Jurerê Internacional",0,1971,11198.31,16,9179.91,2025-11,0.7333,0.5499,22,30,649.5,494.57,7,2025-11-11,1.22,0.0,-2018.3999999999996,ok
JBV142,Especial-JBV-hotel-TOP-1Q,Especial,SC,"Florianópolis, SC","Florianópolis, SC, Jurerê",0,1580,11130.1,34,10718.98,2025-11,0.7333,0.6611,22,30,680.45,673.83,6,2025-11-11,1.04,0.0,-411.1200000000008,berlinda
MMD0503,Ilheus-Sul-apartamento-SUP-2Q,Carteira 2,BA,"Ilhéus, BA","Ilhéus, BA, São Francisco",0,211,3752.52,36,1909.53,2025-11,0.7667,0.2911,23,30,187.87,152.5,6,2025-11-11,1.97,0.0,-1842.99,ok
MMD0605,Ilheus-Sul-apartamento-SUP-2Q,Carteira 2,BA,"Ilhéus, BA","Ilhéus, BA, São Francisco",0,46,2236.53,36,1909.53,2025-11,0.5,0.2911,15,30,200.13,173.82,11,2025-11-11,1.17,0.0,-327.0000000000002,ok
MON0099,Barra_Velha-Tabuleiro-casa-SUP-2Q,Carteira 3,SC,"Barra Velha, SC","Barra Velha, SC, Tabuleiro",6,149,0.0,9,1532.87,2025-11,0.0,0.1663,0,30,0.0,180.25,16,2025-11-11,0.0,0.0,1532.87,crítico
RBF142,Florianopolis-Estreito-casa-JR-2Q,Carteira 4,SC,"Florianópolis, SC","Florianópolis, SC, Capoeiras",0,752,2117.2,15,2554.62,2025-11,0.4333,0.4041,13,30,192.46,185.2,15,2025-11-11,0.83,0.0,437.4200000000001,berlinda
RGF1201,Salvador-Flamengo-apartamento-TOP-1Q,Carteira 2,BA,"Salvador, BA","Salvador, BA, Itapuã",0,190,3504.0,30,3310.55,2025-11,0.7333,0.5018,22,30,183.91,180.0,4,2025-11-11,1.06,0.0,-193.44999999999982,berlinda
RGOA701,Itapema-Meia_Praia-Sul-apartamento-SUP-2Q,Carteira 6,SC,"Itapema, SC","Itapema, SC, Castelo Branco",0,120,3191.75,39,2948.95,2025-11,0.6667,0.3321,20,30,192.35,168.89,9,2025-11-11,1.08,0.0,-242.80000000000018,berlinda
RMI1101,Florianopolis-Beira_Mar-apartamento-SUP-3Q,Carteira 4,SC,"Florianópolis, SC","Florianópolis, SC, Agronômica",5,24,2466.08,48,4528.19,2025-11,0.4,0.4516,10,30,328.5,311.38,13,2025-11-11,0.54,1642.5,2062.1099999999997,atenção
SFR0311,Bombinhas-Centro-apartamento-SUP-1Q,Carteira 6,SC,"Bombinhas, SC","Bombinhas, SC, Centro",0,37,4392.06,34,3528.77,2025-11,0.9667,0.5429,29,30,243.34,,0,2025-11-11,1.24,0.0,-863.2900000000004,ok
SSG0305,Florianopolis-UFSC-apartamento-TOP-1Q,Carteira 4,SC,"Florianópolis, SC","Florianópolis, SC, Córrego Grande",0,631,4909.25,16,2679.84,2025-11,0.8667,0.5048,26,30,283.23,213.0,3,2025-11-11,1.83,0.0,-2229.41,ok
STI209,Florianopolis-Ingleses_Centro-apartamento-SUP-1Q,Carteira 1,SC,"Florianópolis, SC","Florianópolis, SC, Ingleses do Rio Vermelho",0,1689,3876.12,23,2074.85,2025-11,0.7,0.3316,21,30,221.19,209.22,9,2025-11-11,1.87,0.0,-1801.27,ok
TCO0213,Porto_Alegre-Centro_Historico-apartamento-SUP-1Q,Carteira 4,RS,"Porto Alegre, RS","Porto Alegre, RS, Centro Histórico",0,388,2884.25,72,1793.66,2025-11,0.8333,0.4337,25,30,142.32,122.0,4,2025-11-11,1.61,0.0,-1090.59,ok
BLV0002,Porto_Seguro-Pataxos-apartamento-SUP-2Q,Carteira 2,BA,"Porto Seguro, BA","Porto Seguro, BA, Alto do Xamagunga",3,58,0.0,27,3632.05,2025-11,0.0,0.4027,0,30,0.0,173.53,17,2025-11-11,0.0,0.0,3632.05,crítico
CNA002,Especial-CNA-casa-MASTER-1Q,Especial,SP,"Campos do Jordão, SP","Campos do Jordão, SP, Jardim Europa",0,1016,11963.02,25,8206.44,2025-11,0.6333,0.4048,19,30,771.84,599.0,9,2025-11-11,1.46,0.0,-3756.58,ok
EDJ0410,Florianopolis-Ingleses_Praia-apartamento-SUP-1Q,Carteira 1,SC,"Florianópolis, SC","Florianópolis, SC, Ingleses do Rio Vermelho",0,204,3400.03,37,3730.47,2025-11,0.6333,0.5144,19,30,227.32,211.5,6,2025-11-11,0.91,0.0,330.4399999999996,berlinda
GSH0102,Camaçari-Monte_Gordo-apartamento-TOP-2Q,Carteira 2,BA,"Camaçari, BA","Camaçari, BA, Monte Gordo",1,103,3591.66,27,5377.1,2025-11,0.3448,0.4417,10,30,427.3,343.92,12,2025-11-11,0.67,427.3,1785.4400000000005,atenção
ILC3312,Especial-ILC-hotel-JR-1Q,Especial,SC,"Florianópolis, SC","Florianópolis, SC, Jurerê Internacional",2,1971,9166.68,16,9179.91,2025-11,0.6071,0.5499,17,30,727.82,620.5,8,2025-11-11,1.0,1455.64,13.229999999999563,berlinda
ILC4406,Especial-ILC-hotel-JR-1Q,Especial,SC,"Florianópolis, SC","Florianópolis, SC, Jurerê Internacional",14,1971,8976.96,16,9179.91,2025-11,1.0,0.5499,16,30,783.75,,0,2025-11-11,0.98,10972.5,202.95000000000073,berlinda
MHFB2005,Itapema-Canto_Praia-apartamento-SUP-1Q,Carteira 5,SC,"Itapema, SC","Itapema, SC, Centro",8,474,1592.22,9,3362.19,2025-11,0.4545,0.347,10,30,192.5,170.17,12,2025-11-11,0.47,1540.0,1769.97,crítico
NWT0922,Especial-NWT-apartamento-TOP-1Q,Carteira 5,AL,"Maceió, AL","Maceió, AL, Pajuçara",1,221,4230.57,40,4657.0,2025-11,0.6207,0.5442,18,30,279.28,295.5,10,2025-11-11,0.91,279.28,426.4300000000003,berlinda
NWT1004,Especial-NWT-apartamento-TOP-1Q,Carteira 5,AL,"Maceió, AL","Maceió, AL, Pajuçara",0,199,3987.58,40,4657.0,2025-11,0.5333,0.5442,16,30,300.31,291.82,11,2025-11-11,0.86,0.0,669.4200000000001,berlinda
PRJ004,Imbituba-Praia_do_Rosa-casa-SIM-1Q,Carteira 6,SC,"Imbituba, SC","Imbituba, SC, Ibiraquera",0,1241,607.23,55,1158.17,2025-11,0.2333,0.3086,7,30,102.43,90.0,15,2025-11-11,0.52,0.0,550.94,atenção
SOA0301,Salvador-Boca_do_Rio-apartamento-SUP-2Q,Carteira 2,BA,"Salvador, BA","Salvador, BA, Boca do Rio",0,271,4923.83,16,3097.97,2025-11,0.8,0.5778,24,30,248.5,216.0,5,2025-11-11,1.59,0.0,-1825.8600000000001,ok
SOA1005,Salvador-Boca_do_Rio-apartamento-TOP-1Q,Carteira 2,BA,"Salvador, BA","Salvador, BA, Boca do Rio",1,22,1847.42,16,3097.97,2025-11,0.4828,0.5778,14,30,189.43,201.0,13,2025-11-11,0.6,189.43,1250.5499999999997,atenção
STN0404,Florianopolis-Ingleses_Norte-apartamento-SUP-2Q,Carteira 1,SC,"Florianópolis, SC","Florianópolis, SC, Ingleses Norte",0,228,5809.12,58,3045.34,2025-11,0.7,0.3095,21,30,314.1,309.17,6,2025-11-11,1.91,0.0,-2763.7799999999997,ok
TRC0507,Florianopolis-UFSC-apartamento-SUP-1Q,Carteira 4,SC,"Florianópolis, SC","Florianópolis, SC, Carvoeira",0,50,3173.05,40,2727.0,2025-11,0.7,0.4971,21,30,206.62,152.11,9,2025-11-11,1.16,0.0,-446.0500000000002,ok
UAR301,Itapema-Praia_Centro-apartamento-TOP-3Q,Carteira 6,SC,"Itapema, SC","Itapema, SC, Centro",6,53,5205.57,11,2869.14,2025-11,0.9167,0.3161,22,30,276.59,215.0,2,2025-11-11,1.81,1659.54,-2336.43,ok
VAC0203,Barra_Velha-Tabuleiro-apartamento-TOP-2Q,Carteira 3,SC,"Barra Velha, SC","Barra Velha, SC, Itajubá",0,23,1357.02,36,1993.79,2025-11,0.2333,0.2904,7,30,253.29,212.5,12,2025-11-11,0.68,0.0,636.77,atenção
AGS0642,Bombinhas-Centro-casa-SUP-4Q,Carteira 6,SC,"Bombinhas, SC","Bombinhas, SC, Centro",9,540,5871.19,31,6184.03,2025-11,0.7619,0.4399,16,30,441.88,220.0,4,2025-11-11,0.95,3976.92,312.84000000000015,berlinda
ATC0301,Florianopolis-Cachoeira_Bom_Jesus-apartamento-TOP-1Q,Carteira 1,SC,"Florianópolis, SC","Florianópolis, SC, Cachoeira do Bom Jesus",0,367,4146.82,26,3647.64,2025-11,0.7,0.3765,21,30,243.76,214.0,5,2025-11-11,1.14,0.0,-499.17999999999984,ok
ELF0412,Bombinhas-Bombas-apartamento-SUP-1Q,Especial,SC,"Bombinhas, SC","Bombinhas, SC, José Amândio",13,192,2072.65,49,2579.11,2025-11,0.7647,0.44,13,30,190.62,146.33,3,2025-11-11,0.8,2478.06,506.46000000000004,berlinda
FFS0809,Itapema-Meia_Praia-Sul-apartamento-TOP-1Q,Carteira 6,SC,"Itapema, SC","Itapema, SC, Meia Praia",0,10,1428.42,18,3260.39,2025-11,0.3333,0.309,10,30,204.4,223.32,19,2025-11-11,0.44,0.0,1831.9699999999998,crítico
FFS1107,Itapema-Meia_Praia-Sul-apartamento-SUP-1Q,Carteira 6,SC,"Itapema, SC","Itapema, SC, Meia Praia",0,10,2269.02,15,2851.62,2025-11,0.6333,0.4879,19,30,146.26,158.6,10,2025-11-11,0.8,0.0,582.5999999999999,atenção
FUA0002,Ubatuba-Praia_do_Lazaro-apartamento-JR-1Q,Carteira 4,SP,"Ubatuba, SP","Ubatuba, SP, Lázaro Praia Domingos Dias",0,33,660.48,20,2617.32,2025-11,0.1333,0.4341,4,30,191.25,191.93,15,2025-11-11,0.25,0.0,1956.8400000000001,crítico
JBV208,Especial-JBV-hotel-TOP-1Q,Especial,SC,"Florianópolis, SC","Florianópolis, SC, Jurerê Internacional",0,1069,16173.65,34,10718.98,2025-11,0.9667,0.6611,29,30,737.76,1286.0,1,2025-11-11,1.51,0.0,-5454.67,ok
JRR309,Florianopolis-Jurere_Tradicional-apartamento-TOP-3Q,Carteira 1,SC,"Florianópolis, SC","Florianópolis, SC, Jurerê",3,142,9921.12,15,9644.52,2025-11,0.7407,0.5372,20,30,633.95,411.5,4,2025-11-11,1.03,1901.8500000000001,-276.60000000000036,berlinda
NWT0606,Especial-NWT-apartamento-TOP-1Q,Carteira 5,AL,"Maceió, AL","Maceió, AL, Pajuçara",0,215,5775.91,40,4657.0,2025-11,0.7667,0.5442,23,30,294.3,258.6,5,2025-11-11,1.24,0.0,-1118.9099999999999,ok
ODE1710,Sao_Paulo-Pompeia-apartamento-SUP-1Q,Carteira 4,SP,"São Paulo, SP","São Paulo, SP, Perdizes",0,136,1817.6,71,2705.63,2025-11,0.3667,0.3976,11,30,200.0,140.54,13,2025-11-11,0.67,0.0,888.0300000000002,atenção
PDM0002,Porto_Seguro-Pataxos-apartamento-SUP-2Q,Carteira 2,BA,"Porto Seguro, BA","Porto Seguro, BA, Taperapuan",0,59,1121.91,27,3632.05,2025-11,0.2,0.4027,6,30,194.83,171.13,16,2025-11-11,0.31,0.0,2510.1400000000003,crítico
PLN0415,Brasilia-Lago_Norte-apartamento-SUP-1Q,Carteira 1_sys-price,DF,"Brasília, DF","Guará, DF, Centro",0,761,3589.48,533,3946.55,2025-11,0.6333,0.6467,19,30,196.74,249.36,11,2025-11-11,0.91,0.0,357.07000000000016,berlinda
REI0206,Salvador-Piata-apartamento-SUP-2Q,Carteira 5,BA,"Salvador, BA","Salvador, BA, Piatã",0,39,1189.29,48,3112.94,2025-11,0.2333,0.4551,7,30,206.0,197.2,15,2025-11-11,0.38,0.0,1923.65,crítico
RRA0103,Florianopolis-Praia_Brava-apartamento-TOP-3Q,Carteira 1,SC,"Florianópolis, SC","Florianópolis, SC, Praia Brava",1,423,1132.2,16,7544.31,2025-11,0.1034,0.4935,3,30,592.0,486.8,15,2025-11-11,0.15,592.0,6412.110000000001,crítico
SOA0107,Salvador-Boca_do_Rio-apartamento-SUP-1Q,Carteira 2,BA,"Salvador, BA","Salvador, BA, Boca do Rio",0,318,1629.44,33,2261.0,2025-11,0.4333,0.4852,13,30,148.62,146.75,12,2025-11-11,0.72,0.0,631.56,atenção
SOA0912,Salvador-Boca_do_Rio-apartamento-SUP-2Q,Carteira 2,BA,"Salvador, BA","Salvador, BA, Boca do Rio",0,155,4683.88,16,3097.97,2025-11,0.8,0.5778,24,30,220.29,216.0,5,2025-11-11,1.51,0.0,-1585.9100000000003,ok
SPT0304,Blumenau-Central-apartamento-JR-1Q,Carteira 4,SC,"Blumenau, SC","Blumenau, SC, Itoupava Seca",0,533,186.34,31,707.55,2025-11,0.0667,0.2143,2,30,100.0,100.47,19,2025-11-11,0.26,0.0,521.2099999999999,crítico
TXP0903,Goiania-Central-apartamento-SUP-1Q,Carteira 1_sys-price,GO,"Goiânia, GO","Goiânia, GO, Setor Bueno",0,778,2245.61,149,1516.4,2025-11,0.5333,0.3335,16,30,164.25,166.5,12,2025-11-11,1.48,0.0,-729.21,ok
UPP0505,Curitiba-Centro-apartamento-JR-1Q,Carteira 4,PR,"Curitiba, PR","Curitiba, PR, Alto da XV",0,24,1131.71,282,1884.7,2025-11,0.3333,0.5093,10,30,139.4,137.06,17,2025-11-11,0.6,0.0,752.99,atenção
VAS1009,Sao_Paulo-Pompeia-apartamento-SUP-1Q,Carteira 4,SP,"São Paulo, SP","São Paulo, SP, Pompeia",0,143,1807.96,71,2705.63,2025-11,0.4333,0.3976,13,30,170.46,141.42,12,2025-11-11,0.67,0.0,897.6700000000001,atenção
ALI024,Florianopolis-Cachoeira_Bom_Jesus-casa-SUP-4Q,Carteira 1,SC,"Florianópolis, SC","Florianópolis, SC, Cachoeira do Bom Jesus",5,739,8677.98,7,8125.34,2025-11,0.48,0.335,12,30,953.42,486.0,6,2025-11-11,1.07,4767.099999999999,-552.6399999999994,berlinda
ATP0001,Porto_Seguro-Pitinga-casa-SUP-4Q,Carteira 2,BA,"Porto Seguro, BA","Porto Seguro, BA, Arraial D ajuda",0,207,0.0,9,4557.08,2025-11,0.0,0.2489,0,30,0.0,441.79,19,2025-11-11,0.0,0.0,4557.08,crítico
BSO0101,Itajai-Praia_Brava-apartamento-SUP-1Q,Carteira 6,SC,"Balneário Camboriú, SC","Balneário Camboriú, SC, Praia dos Amores",0,57,3063.32,10,2766.14,2025-11,0.8,0.5032,24,30,155.29,130.0,6,2025-11-11,1.11,0.0,-297.1800000000003,ok
CAS014,Florianopolis-Estreito-apartamento-JR-2Q,Carteira 4,SC,"Florianópolis, SC","Florianópolis, SC, Coqueiros",0,563,1952.43,14,2447.16,2025-11,0.3333,0.3794,10,30,236.2,197.85,13,2025-11-11,0.8,0.0,494.7299999999998,atenção
CCU203,Florianopolis-Praia_Brava-apartamento-JR-2Q,Carteira 1,SC,"Florianópolis, SC","Florianópolis, SC, Praia Brava",1,1192,2260.62,13,2384.46,2025-11,0.3103,0.3017,9,30,334.44,236.2,10,2025-11-11,0.95,334.44,123.84000000000015,berlinda
DOV108,Florianopolis-Ingleses_Norte-apartamento-SUP-2Q,Carteira 1,SC,"Florianópolis, SC","Florianópolis, SC, Ingleses",0,845,2824.2,58,3045.34,2025-11,0.4667,0.3095,14,30,266.5,227.42,12,2025-11-11,0.93,0.0,221.14000000000033,berlinda
ECF0306,Cabo_Frio-Centro-apartamento-JR-2Q,Carteira 4,RJ,"Cabo Frio, RJ","Cabo Frio, RJ, Centro",0,417,444.8,148,2806.74,2025-11,0.0667,0.3967,2,30,264.0,238.59,17,2025-11-11,0.16,0.0,2361.9399999999996,crítico
EIO6031,Itapema-Meia_Praia-Norte-apartamento-JR-3Q,Carteira 6,SC,"Itapema, SC","Itapema, SC, Meia Praia",5,759,3405.89,17,1868.64,2025-11,0.72,0.3468,18,30,220.44,,0,2025-11-11,1.82,1102.2,-1537.2499999999998,ok
LIV1704,Salvador-Graca-apartamento-SUP-1Q,Especial,BA,"Salvador, BA","Salvador, BA, Vitória",0,121,4672.01,38,2896.12,2025-11,0.8333,0.5153,25,30,256.4,194.2,5,2025-11-11,1.61,0.0,-1775.8900000000003,ok
MHE213,Florianopolis-Cachoeira_Bom_Jesus-apartamento-MASTER-2Q,Carteira 1,SC,"Florianópolis, SC","Florianópolis, SC, Cachoeira do Bom Jesus",4,617,5773.21,11,7925.17,2025-11,0.4231,0.5347,11,30,622.27,397.29,7,2025-11-11,0.73,2489.08,2151.96,atenção
MHFB0506,Itapema-Canto_Praia-apartamento-SUP-1Q,Carteira 5,SC,"Itapema, SC","Itapema, SC, Centro",0,457,2830.91,9,3362.19,2025-11,0.6,0.347,18,30,176.67,189.6,10,2025-11-11,0.84,0.0,531.2800000000002,berlinda
NBL0910,Porto_Alegre-Jardim_Botanico-apartamento-SUP-1Q,Carteira 4,RS,"Porto Alegre, RS","Porto Alegre, RS, Santa Cecília",0,702,1353.98,60,1567.83,2025-11,0.3667,0.3503,11,30,150.18,135.08,13,2025-11-11,0.86,0.0,213.8499999999999,berlinda
NWT0605,Especial-NWT-apartamento-TOP-1Q,Carteira 5,AL,"Maceió, AL","Maceió, AL, Pajuçara",0,215,5463.33,40,4657.0,2025-11,0.7667,0.5442,23,30,294.83,335.0,5,2025-11-11,1.17,0.0,-806.3299999999999,ok
ONJ2612,Sao_Paulo-Moema-apartamento-TOP-1Q,Carteira 4,SP,"São Paulo, SP","São Paulo, SP, Indianópolis",2,273,4136.56,105,4638.45,2025-11,0.6071,0.6021,17,30,301.06,209.25,8,2025-11-11,0.89,602.12,501.8899999999994,berlinda
PAN0301,Salvador-Barra-apartamento-SUP-2Q,Carteira 2,BA,"Salvador, BA","Salvador, BA, Barra",5,414,4641.06,29,3912.47,2025-11,0.84,0.5583,21,30,275.29,261.75,4,2025-11-11,1.19,1376.45,-728.5900000000006,ok
PSJ0304,Florianopolis-Jurere_Tradicional-apartamento-SUP-2Q,Carteira 1,SC,"Florianópolis, SC","Florianópolis, SC, Jurerê",3,316,4998.61,33,7035.03,2025-11,0.6296,0.556,17,30,383.41,292.0,5,2025-11-11,0.71,1150.23,2036.42,atenção
RSU3842,Penha-Longe-apartamento-SUP-3Q,Carteira 6,SC,"Penha, SC","Penha, SC, Gravatá",0,303,3278.85,17,3622.27,2025-11,0.5,0.3194,15,30,290.53,162.25,4,2025-11-11,0.91,0.0,343.4200000000001,berlinda
SJS0001,Florianopolis-Ingleses_Centro-apartamento-JR-1Q,Carteira 1,SC,"Florianópolis, SC","Florianópolis, SC, Ingleses do Rio Vermelho",0,373,2014.25,14,2707.95,2025-11,0.6333,0.5707,19,30,136.53,161.18,11,2025-11-11,0.74,0.0,693.6999999999998,atenção
SLC0103,Florianopolis-Rio_Vermelho-apartamento-JR-1Q,Carteira 1,SC,"Florianópolis, SC","Florianópolis, SC, Ingleses do Rio Vermelho",0,285,1102.45,16,2707.95,2025-11,0.5667,0.5031,17,30,122.47,134.54,13,2025-11-11,0.41,0.0,1605.4999999999998,crítico
TCO0709,Porto_Alegre-Centro_Historico-apartamento-SUP-1Q,Carteira 4,RS,"Porto Alegre, RS","Porto Alegre, RS, Centro Histórico",0,274,1380.96,72,1793.66,2025-11,0.4,0.4337,12,30,131.42,125.0,13,2025-11-11,0.77,0.0,412.70000000000005,atenção
TCO0811,Porto_Alegre-Centro_Historico-apartamento-SUP-1Q,Carteira 4,RS,"Porto Alegre, RS","Porto Alegre, RS, Centro Histórico",0,499,1620.11,72,1793.66,2025-11,0.5333,0.4337,16,30,126.25,120.0,12,2025-11-11,0.9,0.0,173.55000000000018,berlinda
TRS0006,Penha-Beto_Carrero-casa-SUP-1Q,Carteira 3,SC,"Penha, SC","Penha, SC, Armação",0,164,1460.84,24,1871.07,2025-11,0.3667,0.4848,11,30,156.09,137.38,13,2025-11-11,0.78,0.0,410.23,atenção
TVT1009,Florianopolis-Centrao-apartamento-MASTER-1Q,Carteira 4,SC,"Florianópolis, SC","Florianópolis, SC, Centro",0,589,3891.99,28,5466.75,2025-11,0.4333,0.4759,13,30,401.15,257.0,9,2025-11-11,0.71,0.0,1574.7600000000002,atenção
TXP1803,Goiania-Central-apartamento-SUP-1Q,Carteira 1_sys-price,GO,"Goiânia, GO","Goiânia, GO, Setor Bueno",0,471,1330.96,149,1516.4,2025-11,0.3333,0.3335,10,30,150.4,147.0,15,2025-11-11,0.88,0.0,185.44000000000005,berlinda
VIL0003,Penha-Longe-apartamento-JR-1Q,Carteira 6,SC,"Penha, SC","Penha, SC, Santa Lidia",0,38,1790.54,17,1068.14,2025-11,0.6667,0.2822,20,30,107.0,99.86,7,2025-11-11,1.68,0.0,-722.3999999999999,ok
BTI003,Ubatuba-Praia_Grande-apartamento-SIM-2Q,Carteira 4,SP,"Ubatuba, SP","Ubatuba, SP, Praia Grande",0,634,3520.7,45,2992.74,2025-11,0.6,0.3358,18,30,228.44,184.0,9,2025-11-11,1.18,0.0,-527.96,ok
CET1702,Balneario_Camboriu-Centro-apartamento-TOP-3Q,Carteira 6,SC,"Balneário Camboriú, SC","Balneário Camboriú, SC, Centro",0,1108,9989.68,45,5696.11,2025-11,0.8333,0.4366,25,30,469.0,340.4,5,2025-11-11,1.75,0.0,-4293.570000000001,ok
CNA007,Especial-CNA-casa-MASTER-1Q,Especial,SP,"Campos do Jordão, SP","Campos do Jordão, SP, Jardim Europa",0,1016,11074.77,25,8206.44,2025-11,0.4333,0.4048,13,30,845.73,622.5,12,2025-11-11,1.35,0.0,-2868.33,ok
EHI0802,Itajai-Praia_Brava-apartamento-MASTER-2Q,Carteira 6,SC,"Itajaí, SC","Itajaí, SC, Praia Brava",0,155,9337.86,11,6188.9,2025-11,0.9,0.4913,27,30,379.31,215.0,1,2025-11-11,1.51,0.0,-3148.960000000001,ok
FLT0002,Florianopolis-Centrao-apartamento-SIM-1Q,Carteira 4,SC,"Florianópolis, SC","Florianópolis, SC, Centro",0,211,3129.79,12,1918.53,2025-11,0.7,0.3837,21,30,135.88,111.5,4,2025-11-11,1.63,0.0,-1211.26,ok
IDA101,Florianopolis-Ingleses_Norte-apartamento-TOP-1Q,Carteira 1,SC,"Florianópolis, SC","Florianópolis, SC, Ingleses do Rio Vermelho",0,682,3980.97,61,3081.68,2025-11,0.4333,0.3272,13,30,352.15,297.11,9,2025-11-11,1.29,0.0,-899.29,ok
ILC2414,Especial-ILC-hotel-JR-1Q,Especial,SC,"Florianópolis, SC","Florianópolis, SC, Jurerê Internacional",0,1242,10528.04,16,9179.91,2025-11,0.6667,0.5499,20,30,627.05,588.22,9,2025-11-11,1.15,0.0,-1348.130000000001,ok
MBI022,Pocos_de_Caldas-Geral-apartamento-SUP-3Q,Carteira 4,MG,"Poços de Caldas, MG","Poços de Caldas, MG, Jardim Bandeirantes",0,764,904.06,11,1751.85,2025-11,0.1333,0.2676,4,30,266.0,210.82,17,2025-11-11,0.52,0.0,847.79,atenção
NWT1005,Especial-NWT-apartamento-TOP-1Q,Carteira 5,AL,"Maceió, AL","Maceió, AL, Pajuçara",1,199,5275.6,40,4657.0,2025-11,0.6552,0.5442,19,30,363.37,344.0,9,2025-11-11,1.13,363.37,-618.6000000000004,ok
NWT1423,Especial-NWT-apartamento-TOP-1Q,Carteira 5,AL,"Maceió, AL","Maceió, AL, Pajuçara",0,285,5750.83,40,4657.0,2025-11,0.6333,0.5442,19,30,325.52,308.0,5,2025-11-11,1.23,0.0,-1093.83,ok
ONX1410,Goiania-Central-apartamento-JR-1Q,Carteira 1_sys-price,GO,"Goiânia, GO","Goiânia, GO, Setor Bueno",0,479,2340.07,71,1603.1,2025-11,0.5667,0.3575,17,30,162.6,156.53,15,2025-11-11,1.46,0.0,-736.9700000000003,ok
PMN0901,Porto_Alegre-Jardim_Lindoia-apartamento-SUP-2Q,Carteira 4,RS,"Porto Alegre, RS","Porto Alegre, RS, Passo d Areia",1,166,8134.75,10,4619.04,2025-11,0.8966,0.6124,26,30,356.96,351.0,2,2025-11-11,1.76,356.96,-3515.71,ok
PSO0904,Penha-Beto_Carrero-apartamento-TOP-1Q,Carteira 3,SC,"Penha, SC","Penha, SC, Praia de Armação do Itapocoroi",0,127,4496.35,16,4132.99,2025-11,0.8333,0.6017,25,30,246.64,223.4,5,2025-11-11,1.09,0.0,-363.3600000000006,berlinda
PZO0905,Ilheus-Sul-apartamento-SUP-2Q,Carteira 2,BA,"Ilhéus, BA","Ilhéus, BA, Nossa Senhora da Vitória",0,86,544.16,36,1909.53,2025-11,0.1333,0.2911,4,30,148.0,141.8,15,2025-11-11,0.28,0.0,1365.37,crítico
RCS701,Porto_Belo-Geral-apartamento-SUP-3Q,Carteira 6,SC,"Porto Belo, SC","Porto Belo, SC, Balneário Perequê",4,568,5457.22,13,3503.7,2025-11,0.7308,0.316,19,30,408.53,216.5,4,2025-11-11,1.56,1634.12,-1953.5200000000004,ok
RDM0101,Itapema-Meia_Praia-Norte-apartamento-TOP-2Q,Carteira 6,SC,"Itapema, SC","Itapema, SC, Meia Praia",0,59,5132.21,63,2530.45,2025-11,0.7,0.3331,21,30,295.9,217.63,8,2025-11-11,2.03,0.0,-2601.76,meta_subestimada
SIS0005,Florianopolis-Canto_da_Lagoa-apartamento-JR-1Q,Carteira 1,SC,"Florianópolis, SC","Florianópolis, SC, Lagoa da Conceição",0,129,1634.04,79,2588.84,2025-11,0.4667,0.4645,14,30,134.43,131.6,10,2025-11-11,0.63,0.0,954.8000000000002,atenção
SKL1307,Penha-Praia-apartamento-SUP-3Q,Carteira 6,SC,"Penha, SC","Penha, SC, Armação",7,158,4773.46,22,4285.71,2025-11,0.6522,0.3482,15,30,397.47,180.0,5,2025-11-11,1.11,2782.29,-487.75,ok
SPJ0305,Especial-SPJ-apartamento-TOP-1Q,Carteira 5,SC,"Florianópolis, SC","Florianópolis, SC, Jurerê",0,516,6364.12,15,6230.75,2025-11,0.8333,0.6136,25,30,313.0,241.75,4,2025-11-11,1.02,0.0,-133.3699999999999,berlinda
STI105,Florianopolis-Ingleses_Centro-apartamento-TOP-1Q,Carteira 1,SC,"Florianópolis, SC","Florianópolis, SC, Ingleses do Rio Vermelho",0,1026,3674.98,26,2535.76,2025-11,0.6333,0.3439,19,30,250.26,171.0,6,2025-11-11,1.45,0.0,-1139.2199999999998,ok
TCO1115,Porto_Alegre-Centro_Historico-apartamento-SUP-1Q,Carteira 4,RS,"Porto Alegre, RS","Porto Alegre, RS, Centro Histórico",0,80,2329.66,72,1793.66,2025-11,0.6667,0.4337,20,30,132.4,125.0,7,2025-11-11,1.3,0.0,-535.9999999999998,ok
VST006,Especial-VST-casa-TOP-1Q,Carteira 5,SC,"Anitápolis, SC","Anitápolis, SC, Rio dos Pinheiros",2,488,2276.61,41,2231.25,2025-11,0.3571,0.1613,10,30,297.0,195.29,14,2025-11-11,1.02,594.0,-45.36000000000013,berlinda
VST021,Especial-VST-casa-TOP-1Q,Carteira 5,SC,"Anitápolis, SC","Anitápolis, SC, Rio dos Pinheiros",2,485,3010.18,41,2231.25,2025-11,0.4286,0.1613,12,30,308.75,183.82,11,2025-11-11,1.35,617.5,-778.9299999999998,ok
AIA2200,Barra_Velha-Tabuleiro-casa-JR-3Q,Carteira 3,SC,"Barra Velha, SC","Barra Velha, SC, Barra Velha",12,638,2299.33,9,1532.87,2025-11,0.6667,0.1663,12,30,277.42,213.0,6,2025-11-11,1.5,3329.04,-766.46,ok
ATB2014,Sao_Paulo-Brooklin-apartamento-JR-1Q,Carteira 4,SP,"São Paulo, SP","São Paulo, SP, Jardim das Acacias",1,213,2808.37,46,3538.59,2025-11,0.6552,0.575,19,30,192.79,142.7,10,2025-11-11,0.79,192.79,730.2200000000003,atenção
CMR204,Florianopolis-Itacorubi-apartamento-TOP-1Q,Carteira 4,SC,"Florianópolis, SC","Florianópolis, SC, Itacorubi",0,600,4029.66,25,2556.73,2025-11,0.5667,0.5056,17,30,234.15,229.0,9,2025-11-11,1.58,0.0,-1472.9299999999998,ok
DBH0804,Guarapari-Praia_do_Morro-apartamento-JR-3Q,Carteira 4,ES,"Guarapari, ES","Guarapari, ES, Praia do Morro",0,61,819.24,39,1900.43,2025-11,0.2,0.2902,6,30,184.67,173.63,19,2025-11-11,0.43,0.0,1081.19,crítico
DLH0303,Gramado-Centro-apartamento-TOP-2Q,Carteira 4,RS,"Gramado, RS","Gramado, RS, Centro",0,521,8530.99,55,10638.6,2025-11,0.6,0.6864,18,30,663.67,564.0,6,2025-11-11,0.8,0.0,2107.6100000000006,berlinda
ELK0101,Florianopolis-UFSC-apartamento-JR-3Q,Carteira 4,SC,"Florianópolis, SC","Florianópolis, SC, Córrego Grande",5,334,4232.89,14,2845.3,2025-11,0.64,0.4454,16,30,325.81,267.89,9,2025-11-11,1.49,1629.05,-1387.5900000000001,ok
ILC2309,Especial-ILC-hotel-TOP-1Q,Especial,SC,"Florianópolis, SC","Florianópolis, SC, Jurerê Internacional",0,822,14573.0,30,11132.4,2025-11,0.9,0.6976,27,30,662.74,517.0,2,2025-11-11,1.31,0.0,-3440.6000000000004,ok
MDT016,São_Miguel_dos_Milagres-Geral-apartamento-SUP-3Q,Carteira 2,AL,"São Miguel dos Milagres, AL","São Miguel dos Milagres, AL, Centro",2,674,2860.9,29,5111.05,2025-11,0.1786,0.4356,5,30,636.0,500.0,14,2025-11-11,0.56,1272.0,2250.15,atenção
MHF0703,Itapema-Canto_Praia-apartamento-TOP-1Q,Carteira 5,SC,"Itapema, SC","Itapema, SC, Centro",0,498,2388.05,17,2947.0,2025-11,0.3667,0.4478,11,30,258.73,234.0,11,2025-11-11,0.81,0.0,558.9499999999998,berlinda
MHF1402,Itapema-Canto_Praia-apartamento-TOP-2Q,Carteira 5,SC,"Itapema, SC","Itapema, SC, Centro",0,438,3961.63,14,3094.94,2025-11,0.5667,0.2903,17,30,278.65,262.56,9,2025-11-11,1.28,0.0,-866.69,ok
NOR0202,Brasilia-Asa_Norte-apartamento-SUP-1Q,Carteira 1_sys-price,DF,"Brasília, DF","Brasília, DF, Asa Norte",0,767,4117.24,109,3139.47,2025-11,0.6,0.6322,18,30,256.87,195.57,7,2025-11-11,1.31,0.0,-977.77,ok
NWT0703,Especial-NWT-apartamento-TOP-1Q,Carteira 5,AL,"Maceió, AL","Maceió, AL, Pajuçara",0,185,4791.91,40,4657.0,2025-11,0.5667,0.5442,17,30,310.53,280.0,7,2025-11-11,1.03,0.0,-134.90999999999985,berlinda
OKA128,Florianopolis-Campeche-apartamento-TOP-1Q,Carteira 1,SC,"Florianópolis, SC","Florianópolis, SC, Campeche",0,780,4937.56,24,3140.19,2025-11,0.7,0.4683,21,30,287.52,276.43,7,2025-11-11,1.57,0.0,-1797.3700000000003,ok
PGO309,Pocos_de_Caldas-Geral-apartamento-SUP-1Q,Carteira 4,MG,"Poços de Caldas, MG","Poços de Caldas, MG, São Benedito",0,808,2923.88,31,1401.48,2025-11,0.8333,0.2888,25,30,180.92,120.0,2,2025-11-11,2.09,0.0,-1522.4,meta_subestimada
PSO0504,Penha-Beto_Carrero-apartamento-TOP-1Q,Carteira 3,SC,"Penha, SC","Penha, SC, Praia de Armação do Itapocoroi",0,100,3479.46,16,4132.99,2025-11,0.5667,0.6017,17,30,208.95,201.56,9,2025-11-11,0.84,0.0,653.5299999999997,berlinda
RUP0101,Blumenau-Central-apartamento-SUP-1Q,Carteira 4,SC,"Blumenau, SC","Blumenau, SC, Escola Agrícola",1,465,520.9,61,968.38,2025-11,0.1034,0.2419,3,30,120.38,126.21,14,2025-11-11,0.54,120.38,447.48,atenção
SPJ0102,Especial-SPJ-apartamento-TOP-1Q,Carteira 5,SC,"Florianópolis, SC","Florianópolis, SC, Jurerê",0,210,5033.17,15,6230.75,2025-11,0.6333,0.6136,19,30,331.58,235.7,10,2025-11-11,0.81,0.0,1197.58,berlinda
SPJ0203,Especial-SPJ-apartamento-TOP-1Q,Carteira 5,SC,"Florianópolis, SC","Florianópolis, SC, Jurerê",0,518,6085.35,15,6230.75,2025-11,0.6667,0.6136,20,30,359.25,272.0,7,2025-11-11,0.98,0.0,145.39999999999964,berlinda
SPJ0404,Especial-SPJ-apartamento-TOP-1Q,Carteira 5,SC,"Florianópolis, SC","Florianópolis, SC, Jurerê",4,516,4300.54,15,6230.75,2025-11,0.6154,0.6136,16,30,329.5,232.13,8,2025-11-11,0.69,1318.0,1930.21,atenção
STI0205,Florianopolis-Ingleses_Centro-apartamento-SUP-1Q,Carteira 1,SC,"Florianópolis, SC","Florianópolis, SC, Ingleses Norte",2,19,3290.15,23,2074.85,2025-11,0.7143,0.3316,20,30,203.7,217.37,8,2025-11-11,1.59,407.4,-1215.3000000000002,ok
SVE508,Florianopolis-UFSC-apartamento-TOP-1Q,Carteira 4,SC,"Florianópolis, SC","Florianópolis, SC, Pantanal",0,772,1048.19,16,2679.84,2025-11,0.2333,0.5048,7,30,195.57,186.0,14,2025-11-11,0.39,0.0,1631.65,crítico
SVO0506,Florianopolis-UFSC-apartamento-SUP-1Q,Carteira 4,SC,"Florianópolis, SC","Florianópolis, SC, PANTANAL",0,313,1827.89,40,2727.0,2025-11,0.4,0.4971,12,30,173.58,148.93,14,2025-11-11,0.67,0.0,899.1099999999999,atenção
TCO1210,Porto_Alegre-Centro_Historico-apartamento-SUP-1Q,Carteira 4,RS,"Porto Alegre, RS","Porto Alegre, RS, Centro Histórico",0,509,1585.12,72,1793.66,2025-11,0.5,0.4337,15,30,133.6,120.0,9,2025-11-11,0.88,0.0,208.5400000000002,berlinda
VST019,Especial-VST-casa-TOP-1Q,Carteira 5,SC,"Anitápolis, SC","Anitápolis, SC, Rio dos Pinheiros",3,488,1641.03,41,2231.25,2025-11,0.2963,0.1613,8,30,262.38,173.42,12,2025-11-11,0.74,787.14,590.22,atenção
VST036,Especial-VST-casa-TOP-1Q,Carteira 5,SC,"Anitápolis, SC",VST036,1,213,2084.73,41,2231.25,2025-11,0.3103,0.1613,9,30,300.33,204.92,13,2025-11-11,0.93,300.33,146.51999999999998,berlinda
WSH0801,Curitiba-Batel-apartamento-SUP-1Q,Carteira 4,PR,"Curitiba, PR","Curitiba, PR, Bigorrilho",0,213,2285.31,195,2545.75,2025-11,0.3,0.4935,9,30,215.08,171.21,14,2025-11-11,0.9,0.0,260.44000000000005,berlinda
CNB010,Especial-CNB-casa-TOP-1Q,Especial,SP,"Campos do Jordão, SP","Campos do Jordão, SP, Jardim Europa",0,591,2060.43,16,4791.07,2025-11,0.1667,0.5074,5,30,543.6,678.05,19,2025-11-11,0.43,0.0,2730.64,crítico
CNT303,Florianopolis-UFSC-apartamento-SUP-1Q,Carteira 4,SC,"Florianópolis, SC","Florianópolis, SC, Trindade",0,639,3191.53,40,2727.0,2025-11,0.7667,0.4971,23,30,192.87,180.14,7,2025-11-11,1.17,0.0,-464.5300000000002,ok
CZZ0503,Urubici-Geral-apartamento-SUP-1Q,Especial,SC,"Urubici, SC","Urubici, SC, Centro",0,246,1301.26,49,1401.48,2025-11,0.2,0.1601,6,30,265.67,248.12,17,2025-11-11,0.93,0.0,100.22000000000003,berlinda
ELF0304,Bombinhas-Bombas-apartamento-SUP-1Q,Especial,SC,"Bombinhas, SC","Bombinhas, SC, José Amândio",1,172,4668.28,49,2579.11,2025-11,0.931,0.44,27,30,209.48,130.0,2,2025-11-11,1.81,209.48,-2089.1699999999996,ok
ELF0405,Bombinhas-Bombas-apartamento-SUP-1Q,Especial,SC,"Bombinhas, SC","Bombinhas, SC, José Amândio",0,185,4865.13,49,2579.11,2025-11,1.0,0.44,30,30,189.37,,0,2025-11-11,1.89,0.0,-2286.02,ok
ELF0502,Bombinhas-Bombas-apartamento-SUP-1Q,Especial,SC,"Bombinhas, SC","Bombinhas, SC, José Amândio",2,187,3655.91,49,2579.11,2025-11,0.6429,0.44,18,30,282.33,346.44,9,2025-11-11,1.42,564.66,-1076.7999999999997,ok
ELS0402,Porto_Alegre-Centro_Historico-apartamento-JR-1Q,Carteira 4,RS,"Porto Alegre, RS","Porto Alegre, RS, Centro Histórico",0,15,652.01,75,1528.0,2025-11,0.2333,0.4735,7,30,101.57,103.72,18,2025-11-11,0.43,0.0,875.99,crítico
ELU0211,Florianopolis-Jurere_Tradicional-apartamento-TOP-1Q,Carteira 1,SC,"Florianópolis, SC","Florianópolis, SC, Jurerê",2,74,6671.29,18,6829.73,2025-11,0.7143,0.605,20,30,390.35,427.0,6,2025-11-11,0.98,780.7,158.4399999999996,berlinda
IDB0701,Florianopolis-Saco_Grande-apartamento-SUP-3Q,Carteira 4,SC,"Florianópolis, SC","Florianópolis, SC, Saco Grande",5,2,0.0,8,3984.72,2025-11,0.0,0.338,0,30,0.0,892.0,19,2025-11-11,0.0,0.0,3984.72,crítico
IPC0901,Balneario_Camboriu-Centro-apartamento-TOP-3Q,Carteira 6,SC,"Balneário Camboriú, SC","Balneário Camboriú, SC, Centro",11,67,6089.61,45,5696.11,2025-11,0.8947,0.4366,17,30,435.88,353.0,1,2025-11-11,1.07,4794.68,-393.5,berlinda
MCA0609,Balneario_Picarras-Geral-casa-JR-2Q,Carteira 6,SC,"Balneário Piçarras, SC","Balneário Piçarras, SC, Itacolomi",0,345,2128.71,13,1430.55,2025-11,0.6333,0.2331,19,30,143.68,103.67,6,2025-11-11,1.49,0.0,-698.1600000000001,ok
MHF1201,Itapema-Canto_Praia-apartamento-TOP-1Q,Carteira 5,SC,"Itapema, SC","Itapema, SC, Centro",0,309,4018.18,17,2947.0,2025-11,0.7333,0.4478,22,30,211.64,253.0,5,2025-11-11,1.36,0.0,-1071.1799999999998,ok
MPL0004,Brasilia-Asa_Norte-apartamento-JR-1Q,Carteira 1_sys-price,DF,"Brasília, DF","Brasília, DF, Asa Norte",0,257,2594.26,163,2728.02,2025-11,0.4333,0.6523,13,30,204.0,188.87,15,2025-11-11,0.95,0.0,133.75999999999976,berlinda
NRA0490,Balneario_Picarras-Geral-apartamento-JR-3Q,Carteira 6,SC,"Balneário Piçarras, SC","Balneário Piçarras, SC, Piçarras",0,340,2691.87,76,1661.83,2025-11,0.6,0.2624,18,30,169.11,136.45,11,2025-11-11,1.62,0.0,-1030.04,ok
NVM0010,Porto_Seguro-Pataxos-apartamento-SUP-2Q,Carteira 2,BA,"Porto Seguro, BA","Porto Seguro, BA, Paraíso dos Pataxós",3,201,0.0,27,3632.05,2025-11,0.0,0.4027,0,30,0.0,173.63,19,2025-11-11,0.0,0.0,3632.05,crítico
ONE0407,Salvador-Piata-apartamento-SUP-1Q,Carteira 5,BA,"Salvador, BA","Salvador, BA, Piatã",0,66,505.64,22,1510.83,2025-11,0.1333,0.4147,4,30,163.0,159.68,19,2025-11-11,0.33,0.0,1005.1899999999999,crítico
PLO0010,Jaguaruna-Camacho-apartamento-SUP-1Q,Carteira 6,SC,"Jaguaruna, SC","Jaguaruna, SC, Centro",0,22,521.49,9,1839.44,2025-11,0.2,0.2531,6,30,113.67,102.75,16,2025-11-11,0.28,0.0,1317.95,crítico
PSO0705,Penha-Beto_Carrero-apartamento-SUP-1Q,Carteira 3,SC,"Penha, SC","Penha, SC, Praia de Armação do Itapocoroi",0,134,2524.24,16,1970.83,2025-11,0.3667,0.3803,11,30,253.55,178.67,9,2025-11-11,1.28,0.0,-553.4099999999999,ok
PSO0801,Penha-Beto_Carrero-apartamento-TOP-1Q,Carteira 3,SC,"Penha, SC","Penha, SC, Praia de Armação do Itapocoroi",0,102,4272.29,16,4132.99,2025-11,0.8,0.6017,24,30,212.08,197.8,5,2025-11-11,1.03,0.0,-139.30000000000018,berlinda
PSOB0707,Penha-Beto_Carrero-apartamento-SUP-1Q,Carteira 3,SC,"Penha, SC","Penha, SC, Armação",0,142,2980.41,16,1970.83,2025-11,0.5,0.3803,15,30,216.53,182.7,10,2025-11-11,1.51,0.0,-1009.5799999999999,ok
REK0002,Penha-Beto_Carrero-casa-JR-1Q,Carteira 3,SC,"Penha, SC","Penha, SC, Armação",0,66,1247.43,28,2088.59,2025-11,0.4333,0.5446,13,30,117.38,116.5,14,2025-11-11,0.6,0.0,841.1600000000001,atenção
RGP208,Florianopolis-Jurere_Tradicional-apartamento-JR-2Q,Carteira 1,SC,"Florianópolis, SC","Florianópolis, SC, Jurerê",0,1484,4540.34,21,5552.62,2025-11,0.5,0.5808,15,30,362.8,242.0,6,2025-11-11,0.82,0.0,1012.2799999999997,berlinda
RRC0206,Florianopolis-Ribeirao-apartamento-SUP-1Q,Carteira 4,SC,"Florianópolis, SC","Florianópolis, SC, Ribeirão da Ilha",3,409,0.0,34,2073.02,2025-11,0.0,0.4128,0,30,0.0,163.74,19,2025-11-11,0.0,0.0,2073.02,crítico
RVL1183,Bombinhas-Mariscal-casa-JR-2Q,Carteira 6,SC,"Bombinhas, SC","Bombinhas, SC, Canto Grande",1,876,2363.74,18,1968.24,2025-11,0.5862,0.3944,17,30,167.18,139.78,9,2025-11-11,1.2,167.18,-395.4999999999998,ok
SDS104,Gramado-Geral-apartamento-SUP-2Q,Carteira 4,RS,"Gramado, RS","Gramado, RS, Centro",0,492,7435.06,151,6021.82,2025-11,0.8,0.5465,24,30,424.29,314.33,3,2025-11-11,1.23,0.0,-1413.2400000000007,ok
SHC0506,Balneario_Picarras-Geral-apartamento-TOP-3Q,Carteira 6,SC,"Balneário Piçarras, SC","Balneário Piçarras, SC, Itacolomi",0,156,6890.6,16,3174.9,2025-11,0.8,0.2632,24,30,337.46,165.0,5,2025-11-11,2.17,0.0,-3715.7000000000003,meta_subestimada
SSG0317,Florianopolis-UFSC-apartamento-TOP-1Q,Carteira 4,SC,"Florianópolis, SC","Florianópolis, SC, Córrego Grande",0,319,2454.33,16,2679.84,2025-11,0.4,0.5048,12,30,251.83,206.71,14,2025-11-11,0.92,0.0,225.51000000000022,berlinda
TDE0587,Florianopolis-Campeche-apartamento-SUP-2Q,Carteira 1,SC,"Florianópolis, SC","Florianópolis, SC, Campeche",4,423,4496.84,11,2627.78,2025-11,0.7308,0.2984,19,30,326.0,226.6,5,2025-11-11,1.71,1304.0,-1869.06,ok
TPS306,Florianopolis-Canasvieiras_Meio-apartamento-TOP-1Q,Carteira 1,SC,"Florianópolis, SC","Florianópolis, SC, Canasvieiras",0,995,3586.44,25,4223.9,2025-11,0.6,0.563,18,30,263.67,262.33,12,2025-11-11,0.85,0.0,637.4599999999996,berlinda
TRA0014,Camaçari-Monte_Gordo-apartamento-TOP-2Q,Carteira 2,BA,"Camaçari, BA","Camaçari, BA, Guarajuba Monte Gordo",2,382,2095.73,27,5377.1,2025-11,0.25,0.4417,7,30,384.71,298.79,14,2025-11-11,0.39,769.42,3281.3700000000003,crítico
VST016,Especial-VST-casa-TOP-1Q,Carteira 5,SC,"Anitápolis, SC","Anitápolis, SC, Rio dos pinheiros",3,123,2462.17,41,2231.25,2025-11,0.3704,0.1613,10,30,299.5,162.91,11,2025-11-11,1.1,898.5,-230.92000000000007,ok
VVC0202,Florianopolis-Jurere_Longe-apartamento-TOP-2Q,Carteira 1,SC,"Florianópolis, SC","Florianópolis, SC, Jurerê Internacional",4,37,4668.01,16,7660.43,2025-11,0.4231,0.5989,11,30,510.55,470.44,9,2025-11-11,0.61,2042.2,2992.42,atenção
WSH0407,Curitiba-Batel-apartamento-SUP-1Q,Carteira 4,PR,"Curitiba, PR","Curitiba, PR, Bigorrilho",0,18,1858.22,195,2545.75,2025-11,0.4333,0.4935,13,30,204.92,170.35,17,2025-11-11,0.73,0.0,687.53,atenção
ZNB0706,Salvador-Barra-apartamento-SUP-1Q,Carteira 2,BA,"Salvador, BA","Salvador, BA, Barra",0,33,1988.43,203,3119.92,2025-11,0.4667,0.546,14,30,201.79,207.79,14,2025-11-11,0.64,0.0,1131.49,atenção
ADS0103,Cabo_Frio-Centro-apartamento-JR-2Q,Carteira 4,RJ,"Cabo Frio, RJ","Cabo Frio, RJ, Passagem",1,361,964.92,148,2806.74,2025-11,0.1379,0.3967,4,30,319.0,258.57,14,2025-11-11,0.34,319.0,1841.8199999999997,crítico
ASK0003,Florianopolis-Itacorubi-apartamento-JR-1Q,Carteira 4,SC,"Florianópolis, SC","Florianópolis, SC, Santa Mônica",0,109,3740.99,15,2008.79,2025-11,0.8,0.6158,24,30,198.25,154.33,3,2025-11-11,1.86,0.0,-1732.1999999999998,ok
BBC0102,Marau-Barra_Grande-apartamento-SUP-3Q,Carteira 2,BA,"Maraú, BA","Maraú, BA, Barra Grande",4,26,3713.22,12,3751.94,2025-11,0.3846,0.2379,10,30,441.3,443.33,9,2025-11-11,0.99,1765.2,38.720000000000255,berlinda
BLS1355,Goiania-Central-apartamento-SUP-1Q,Carteira 1_sys-price,GO,"Goiânia, GO","Goiânia, GO, Setor Marista",0,772,2524.68,149,1516.4,2025-11,0.6,0.3335,18,30,178.33,157.4,10,2025-11-11,1.66,0.0,-1008.2799999999997,ok
CAT0905,Florianopolis-Centrao-apartamento-JR-2Q,Carteira 4,SC,"Florianópolis, SC","Florianópolis, SC, Centro",0,9,2785.0,21,2579.11,2025-11,0.5,0.4517,15,30,274.83,211.64,11,2025-11-11,1.08,0.0,-205.88999999999987,berlinda
CPJ0404,Florianopolis-Jurere_Internacional-apartamento-TOP-2Q,Carteira 1,SC,"Florianópolis, SC","Florianópolis, SC, Jurerê Internacional",0,702,6260.64,23,8652.19,2025-11,0.2667,0.5247,8,30,900.0,900.0,12,2025-11-11,0.72,0.0,2391.55,atenção
EJO0401,Florianopolis-Centrao-apartamento-JR-1Q,Carteira 4,SC,"Florianópolis, SC","Florianópolis, SC, Centro",0,200,3003.44,71,2585.44,2025-11,0.5333,0.4921,16,30,220.19,146.37,8,2025-11-11,1.16,0.0,-418.0,ok
FDK0074,Sao_Paulo-Pinheiros-apartamento-SUP-1Q,Carteira 4,SP,"São Paulo, SP","São Paulo, SP, Pinheiros",0,72,5244.76,421,4048.72,2025-11,0.7667,0.5848,23,30,257.35,191.67,3,2025-11-11,1.3,0.0,-1196.0400000000004,ok
NDE0002,Florianopolis-Campeche-apartamento-JR-1Q,Carteira 1,SC,"Florianópolis, SC","Florianópolis, SC, Ribeirão da Ilha",0,185,1912.52,24,2034.58,2025-11,0.5,0.4717,15,30,156.33,182.15,13,2025-11-11,0.94,0.0,122.05999999999995,berlinda
NWT0709,Especial-NWT-apartamento-MASTER-1Q,Carteira 5,AL,"Maceió, AL","Maceió, AL, Pajuçara",0,176,9996.75,30,6165.78,2025-11,0.7333,0.6885,22,30,551.18,485.86,7,2025-11-11,1.62,0.0,-3830.9700000000003,ok
NWT0910,Especial-NWT-apartamento-MASTER-1Q,Carteira 5,AL,"Maceió, AL","Maceió, AL, Pajuçara",1,221,5745.96,30,6165.78,2025-11,0.3793,0.6885,11,30,600.0,600.0,11,2025-11-11,0.93,600.0,419.8199999999997,berlinda
NWT1002,Especial-NWT-apartamento-TOP-1Q,Carteira 5,AL,"Maceió, AL","Maceió, AL, Pajuçara",1,198,6165.54,40,4657.0,2025-11,0.7241,0.5442,21,30,345.19,298.17,6,2025-11-11,1.32,345.19,-1508.54,ok
NWT1503,Especial-NWT-apartamento-TOP-1Q,Carteira 5,AL,"Maceió, AL","Maceió, AL, Pajuçara",0,180,6959.53,40,4657.0,2025-11,0.7333,0.5442,22,30,410.05,319.62,8,2025-11-11,1.49,0.0,-2302.5299999999997,ok
PLO0009,Jaguaruna-Camacho-apartamento-SUP-1Q,Carteira 6,SC,"Jaguaruna, SC","Jaguaruna, SC, Jaguaruna",0,15,900.57,9,1839.44,2025-11,0.3,0.2531,9,30,127.78,103.3,10,2025-11-11,0.49,0.0,938.87,crítico
PSO0509,Penha-Beto_Carrero-apartamento-SUP-1Q,Carteira 3,SC,"Penha, SC","Penha, SC, Praia de Armação do Itapocoroi",0,96,2621.04,16,1970.83,2025-11,0.5,0.3803,15,30,229.0,144.0,7,2025-11-11,1.33,0.0,-650.21,ok
SDO206,Florianopolis-Ingleses_Norte-apartamento-SUP-3Q,Carteira 1,SC,"Florianópolis, SC","Florianópolis, SC, Ingleses do Rio Vermelho",4,1874,3254.57,15,2759.65,2025-11,0.5,0.2224,13,30,297.23,308.6,10,2025-11-11,1.18,1188.92,-494.9200000000001,ok
SPT0208,Blumenau-Central-apartamento-JR-1Q,Carteira 4,SC,"Blumenau, SC","Blumenau, SC, Itoupava Seca",0,534,0.0,31,707.55,2025-11,0.0,0.2143,0,30,0.0,100.47,19,2025-11-11,0.0,0.0,707.55,crítico
BPM0807,Salvador-Barra-apartamento-SUP-1Q,Carteira 2,BA,"Salvador, BA","Salvador, BA, Barra",0,610,3992.22,203,3119.92,2025-11,0.7333,0.546,22,30,209.91,202.88,8,2025-11-11,1.28,0.0,-872.2999999999997,ok
CAC025,Florianopolis-Ingleses_Praia-apartamento-SUP-2Q,Carteira 1,SC,"Florianópolis, SC","Florianópolis, SC, Ingleses do Rio Vermelho",0,205,992.45,51,2819.88,2025-11,0.2,0.3806,6,30,218.83,268.89,19,2025-11-11,0.35,0.0,1827.43,crítico
CNB003,Especial-CNB-casa-TOP-1Q,Especial,SP,"Campos do Jordão, SP","Campos do Jordão, SP, Jardim Europa",0,598,7584.62,16,4791.07,2025-11,0.5,0.5074,15,30,588.0,543.25,12,2025-11-11,1.58,0.0,-2793.55,ok
COB0710,Sao_Paulo-Brooklin-apartamento-SUP-1Q,Carteira 4,SP,"São Paulo, SP","São Paulo, SP, Santo Amaro",1,32,1199.72,294,3655.93,2025-11,0.1379,0.545,4,30,361.0,223.44,18,2025-11-11,0.33,361.0,2456.21,crítico
EGF000,Garopaba-Centro-casa-JR-3Q,Carteira 6,SC,"Garopaba, SC","Garopaba, SC, Ferrugem",6,579,3530.02,18,2386.08,2025-11,0.4167,0.2433,10,30,392.7,390.0,9,2025-11-11,1.48,2356.2,-1143.94,ok
EMA101,Cabo_Frio-Centro-apartamento-SUP-2Q,Carteira 4,RJ,"Cabo Frio, RJ","Cabo Frio, RJ, Centro",1,1096,1000.32,93,4184.97,2025-11,0.1379,0.505,4,30,306.5,289.27,15,2025-11-11,0.24,306.5,3184.65,crítico
ESA901,Balneario_Camboriu-Norte-apartamento-JR-3Q,Carteira 6,SC,"Balneário Camboriú, SC","Balneário Camboriú, SC, Centro",5,890,4511.66,19,4226.61,2025-11,0.64,0.4121,16,30,290.38,180.88,8,2025-11-11,1.07,1451.9,-285.0500000000002,berlinda
ESP0301,Florianopolis-Jurere_Internacional-apartamento-SUP-2Q,Carteira 1,SC,"Florianópolis, SC","Florianópolis, SC, Jurerê",0,54,3471.71,23,6292.55,2025-11,0.4,0.4589,12,30,334.67,324.15,13,2025-11-11,0.55,0.0,2820.84,atenção
ISC1511,Sao_Paulo-Republica-apartamento-TOP-1Q,Carteira 4,SP,"São Paulo, SP","São Paulo, SP, Vila Buarque",0,499,3892.13,105,4326.1,2025-11,0.7333,0.6189,22,30,220.18,175.0,6,2025-11-11,0.9,0.0,433.97000000000025,berlinda
JBV173,Especial-JBV-hotel-JR-1Q,Especial,SC,"Florianópolis, SC","Florianópolis, SC, Jurerê",0,1698,8826.69,25,9026.89,2025-11,0.7667,0.58,23,30,491.0,532.17,6,2025-11-11,0.98,0.0,200.1999999999989,berlinda
JBV179,Especial-JBV-hotel-JR-1Q,Especial,SC,"Florianópolis, SC","Florianópolis, SC, Jurerê",3,789,9344.92,25,9026.89,2025-11,0.7037,0.58,19,30,704.11,413.2,5,2025-11-11,1.04,2112.33,-318.03000000000065,berlinda
MHFA1204,Itapema-Canto_Praia-apartamento-SUP-1Q,Carteira 5,SC,"Itapema, SC","Itapema, SC, Centro",0,479,3122.94,9,3362.19,2025-11,0.6667,0.347,20,30,185.35,186.56,9,2025-11-11,0.93,0.0,239.25,berlinda
NWT0805,Especial-NWT-apartamento-TOP-1Q,Carteira 5,AL,"Maceió, AL","Maceió, AL, Pajuçara",0,330,6017.49,40,4657.0,2025-11,0.6,0.5442,18,30,372.0,302.86,7,2025-11-11,1.29,0.0,-1360.4899999999998,ok
NWT1222,Especial-NWT-apartamento-TOP-1Q,Carteira 5,AL,"Maceió, AL","Maceió, AL, Pajuçara",4,326,6168.11,40,4657.0,2025-11,0.6923,0.5442,18,30,472.33,346.57,7,2025-11-11,1.32,1889.32,-1511.1099999999997,ok
POL406,Balneario_Camboriu-Centro-apartamento-SUP-3Q,Carteira 6,SC,"Balneário Camboriú, SC","Balneário Camboriú, SC, Centro",0,415,6059.33,75,3720.25,2025-11,0.7,0.4048,21,30,346.05,169.6,5,2025-11-11,1.63,0.0,-2339.08,ok
PRY0101,Porto_Seguro-Pataxos-apartamento-SUP-2Q,Carteira 2,BA,"Porto Seguro, BA","Porto Seguro, BA, Taperapuã",0,17,3783.66,27,3632.05,2025-11,0.7333,0.4027,22,30,224.27,313.0,6,2025-11-11,1.04,0.0,-151.60999999999967,berlinda
PSMC003,Camaçari-Monte_Gordo-apartamento-SUP-2Q,Carteira 2,BA,"Camaçari, BA","Camaçari, BA, Guarajuba",11,107,1983.03,21,3259.75,2025-11,0.3684,0.3165,7,30,323.29,313.0,9,2025-11-11,0.61,3556.19,1276.72,atenção
RFM0019,Santa_Cruz_Cabralia-Coroa_Vermelha-apartamento-SUP-2Q,Carteira 2,BA,"Santa Cruz Cabrália, BA","Santa Cruz Cabrália, BA, Coroa Vermelha",0,367,0.0,34,2989.06,2025-11,0.0,0.3789,0,30,0.0,250.0,19,2025-11-11,0.0,0.0,2989.06,crítico
ROT1001,Itapema-Meia_Praia-Sul-apartamento-JR-2Q,Carteira 6,SC,"Itapema, SC","Itapema, SC, Meia Praia",7,676,1769.55,15,2851.62,2025-11,0.5217,0.4879,12,30,172.5,119.38,8,2025-11-11,0.62,1207.5,1082.07,atenção
RTG208,Florianopolis-Ingleses_Norte-apartamento-SUP-2Q,Carteira 1,SC,"Florianópolis, SC","Florianópolis, SC, Ingleses do Rio Vermelho",1,1761,3916.21,58,3045.34,2025-11,0.7241,0.3095,21,30,250.24,255.13,8,2025-11-11,1.29,250.24,-870.8699999999999,ok
SOT0202,Florianopolis-Jurere_Tradicional-apartamento-TOP-1Q,Carteira 1,SC,"Florianópolis, SC","Florianópolis, SC, Jurerê",0,277,4810.16,18,6829.73,2025-11,0.5667,0.605,17,30,411.29,433.0,5,2025-11-11,0.7,0.0,2019.5699999999997,atenção
VEC120,Bombinhas-Centro-apartamento-SUP-1Q,Carteira 6,SC,"Bombinhas, SC","Bombinhas, SC, Centro",0,1040,5156.78,34,3528.77,2025-11,0.9333,0.5429,28,30,250.14,148.0,2,2025-11-11,1.46,0.0,-1628.0099999999998,ok
VENB504,Porto_Alegre-Cidade_Baixa-apartamento-SUP-1Q,Carteira 4,RS,"Porto Alegre, RS","Porto Alegre, RS, Azenha",4,778,1494.46,39,2495.9,2025-11,0.2308,0.4444,6,30,152.91,176.7,10,2025-11-11,0.6,611.64,1001.44,atenção
VLP0222,Mata_de_Sao_Joao-Praia_do_Forte_Longe-apartamento-SUP-1Q,Carteira 2,BA,"Mata de São João, BA","Mata de São João, BA, Açu da Torre",2,680,2765.78,90,4393.98,2025-11,0.4286,0.4448,12,30,275.08,263.14,14,2025-11-11,0.63,550.16,1628.1999999999994,atenção
WBU3015,Goiania-Central-apartamento-TOP-1Q,Carteira 1_sys-price,GO,"Goiânia, GO","Goiânia, GO, Setor Bueno",9,232,1782.03,53,1579.58,2025-11,0.5714,0.3282,12,30,173.58,165.43,7,2025-11-11,1.13,1562.22,-202.45000000000005,ok
ASR204,Florianopolis-Santinho-apartamento-TOP-2Q,Carteira 1,SC,"Florianópolis, SC","Florianópolis, SC, Ingleses do Rio Vermelho",0,1444,7292.8,14,6406.42,2025-11,0.5667,0.4492,17,30,544.76,500.0,4,2025-11-11,1.14,0.0,-886.3800000000001,ok
BTR0302,Balneario_Camboriu-Intermediario-apartamento-JR-2Q,Carteira 6,SC,"Balneário Camboriú, SC","Balneário Camboriú, SC, Centro",16,681,2481.33,36,2763.87,2025-11,1.0,0.4118,14,30,241.0,,0,2025-11-11,0.9,3856.0,282.53999999999996,berlinda
CII0602,Porto_Belo-Geral-apartamento-SUP-2Q,Carteira 6,SC,"Porto Belo, SC","Porto Belo, SC, Perequê",3,435,1962.39,21,3177.66,2025-11,0.4444,0.2879,12,30,181.67,144.25,12,2025-11-11,0.62,545.01,1215.2699999999998,atenção
CNA003,Especial-CNA-casa-MASTER-1Q,Especial,SP,"Campos do Jordão, SP","Campos do Jordão, SP, Jardim Europa",0,1016,12203.9,25,8206.44,2025-11,0.6667,0.4048,20,30,762.55,579.75,8,2025-11-11,1.49,0.0,-3997.459999999999,ok
CRR201,Florianopolis-Ribeirao-apartamento-SUP-2Q,Carteira 4,SC,"Florianópolis, SC","Florianópolis, SC, Ribeirão da Ilha",8,859,1578.49,37,2679.2,2025-11,0.4091,0.4059,9,30,204.44,216.67,12,2025-11-11,0.59,1635.52,1100.7099999999998,atenção
CSG305,Florianopolis-Canasvieiras_Perto-apartamento-JR-1Q,Carteira 1,SC,"Florianópolis, SC","Florianópolis, SC, Canasvieiras",0,1349,2870.72,49,2189.81,2025-11,0.5667,0.4547,17,30,220.71,167.63,8,2025-11-11,1.31,0.0,-680.9099999999999,ok
ECH504,Florianopolis-Centrao-apartamento-TOP-1Q,Carteira 4,SC,"Florianópolis, SC","Florianópolis, SC, Centro",0,584,2614.08,30,4258.39,2025-11,0.3333,0.4441,10,30,329.8,215.91,11,2025-11-11,0.61,0.0,1644.3100000000004,atenção
ELF0410,Bombinhas-Bombas-apartamento-SUP-1Q,Especial,SC,"Bombinhas, SC","Bombinhas, SC, José Amândio",1,82,3397.08,49,2579.11,2025-11,0.5862,0.44,17,30,235.59,380.29,7,2025-11-11,1.32,235.59,-817.9699999999998,ok
ELU207,Florianopolis-Jurere_Tradicional-apartamento-TOP-1Q,Carteira 1,SC,"Florianópolis, SC","Florianópolis, SC, Jurerê",0,892,5960.02,18,6829.73,2025-11,0.7,0.605,21,30,370.82,343.0,4,2025-11-11,0.87,0.0,869.7099999999991,berlinda
HOX1010,Sao_Paulo-Pinheiros-apartamento-SUP-1Q,Carteira 4,SP,"São Paulo, SP","São Paulo, SP, Pinheiros",0,137,4310.12,421,4048.72,2025-11,0.6333,0.5848,19,30,263.26,184.0,7,2025-11-11,1.06,0.0,-261.4000000000001,berlinda
IDVB2103,Goiania-Central-2-apartamento-TOP-1Q,Carteira 1_sys-price,GO,"Goiânia, GO","Goiânia, GO, Setor Oeste",0,36,2452.28,35,1379.1,2025-11,0.4667,0.2288,14,30,214.0,235.21,14,2025-11-11,1.78,0.0,-1073.1800000000003,ok
JBV167,Especial-JBV-hotel-TOP-1Q,Especial,SC,"Florianópolis, SC","Florianópolis, SC, Jurerê",0,1121,9682.8,34,10718.98,2025-11,0.6667,0.6611,20,30,570.4,426.25,4,2025-11-11,0.9,0.0,1036.1800000000003,berlinda
JFM0101,Florianopolis-Beira_Mar-apartamento-JR-2Q,Carteira 4,SC,"Florianópolis, SC","Florianópolis, SC, Centro",0,117,2670.19,27,4358.8,2025-11,0.4,0.5386,12,30,274.92,246.93,14,2025-11-11,0.61,0.0,1688.6100000000001,atenção
MLU0306,Gramado-Geral-apartamento-SUP-1Q,Carteira 4,RS,"Gramado, RS","Gramado, RS, Bavaria",0,100,5241.9,81,5210.5,2025-11,0.7,0.6382,21,30,306.62,263.0,5,2025-11-11,1.01,0.0,-31.399999999999636,berlinda
NWT0304,Especial-NWT-apartamento-TOP-1Q,Carteira 5,AL,"Maceió, AL","Maceió, AL, Pajuçara",3,347,4834.75,40,4657.0,2025-11,0.7407,0.5442,20,30,284.5,280.0,7,2025-11-11,1.04,853.5,-177.75,berlinda
NWT1421,Especial-NWT-apartamento-TOP-1Q,Carteira 5,AL,"Maceió, AL","Maceió, AL, Pajuçara",0,352,5223.99,40,4657.0,2025-11,0.6667,0.5442,20,30,326.15,313.22,9,2025-11-11,1.12,0.0,-566.9899999999998,ok
PLA0310,Curitiba-Boa_Vista-apartamento-SUP-1Q,Carteira 4,PR,"Curitiba, PR","Curitiba, PR, Boa Vista",7,2,757.59,24,2136.77,2025-11,0.2609,0.5727,6,30,148.83,131.77,13,2025-11-11,0.35,1041.8100000000002,1379.1799999999998,crítico
REK0001,Penha-Beto_Carrero-casa-JR-2Q,Carteira 3,SC,"Penha, SC","Penha, SC, Armação",0,66,2255.5,16,2068.16,2025-11,0.5,0.4522,15,30,188.53,161.56,9,2025-11-11,1.09,0.0,-187.34000000000015,berlinda
RNA0303,Bombinhas-Mariscal-apartamento-TOP-3Q,Carteira 6,SC,"Bombinhas, SC","Bombinhas, SC, Canto Grande",9,682,5124.07,27,3503.7,2025-11,0.7619,0.3694,16,30,398.37,296.0,5,2025-11-11,1.46,3585.33,-1620.37,ok
SMT0322,Salvador-Boca_do_Rio-apartamento-TOP-1Q,Carteira 2,BA,"Salvador, BA","Salvador, BA, Armação",0,18,1659.16,16,3097.97,2025-11,0.4,0.5778,12,30,172.67,224.38,16,2025-11-11,0.54,0.0,1438.8099999999997,atenção
TCO0615,Porto_Alegre-Centro_Historico-apartamento-SUP-1Q,Carteira 4,RS,"Porto Alegre, RS","Porto Alegre, RS, Centro Histórico",0,555,2516.11,72,1793.66,2025-11,0.7333,0.4337,22,30,132.73,120.71,7,2025-11-11,1.4,0.0,-722.45,ok
VAC2205,Barra_Velha-Tabuleiro-apartamento-SUP-2Q,Carteira 3,SC,"Barra Velha, SC","Barra Velha, SC, Itajuba",0,604,1381.59,12,2090.05,2025-11,0.2,0.2928,6,30,176.33,175.38,13,2025-11-11,0.66,0.0,708.4600000000003,atenção
VHB1104,Balneario_Picarras-Geral-apartamento-TOP-2Q,Carteira 6,SC,"Balneário Piçarras, SC","Balneário Piçarras, SC, Itacolomi",10,562,2366.22,35,2411.71,2025-11,0.7,0.3346,14,30,198.64,145.25,4,2025-11-11,0.98,1986.3999999999999,45.49000000000024,berlinda
VST001,Especial-VST-casa-TOP-1Q,Carteira 5,SC,"Anitápolis, SC","Anitápolis, SC, Rio dos Pinheiros",3,123,1566.16,41,2231.25,2025-11,0.2593,0.1613,7,30,280.14,203.43,14,2025-11-11,0.7,840.42,665.0899999999999,atenção
ARN0104,Bombinhas-Centro-apartamento-TOP-3Q,Carteira 6,SC,"Bombinhas, SC","Bombinhas, SC, Quatro Ilhas",7,534,5743.42,16,5046.59,2025-11,0.913,0.4037,21,30,361.52,196.0,1,2025-11-11,1.14,2530.64,-696.8299999999999,ok
BCA1804,Salvador-Ondina_Rio_Vermelho-apartamento-SUP-1Q,Carteira 2,BA,"Salvador, BA","Salvador, BA, Ondina",0,176,4407.32,82,3153.33,2025-11,0.8,0.5658,24,30,252.87,155.17,6,2025-11-11,1.4,0.0,-1253.9899999999998,ok
BPM0808,Salvador-Barra-apartamento-SUP-1Q,Carteira 2,BA,"Salvador, BA","Salvador, BA, Barra",0,22,4504.67,203,3119.92,2025-11,0.8333,0.546,25,30,192.32,237.6,5,2025-11-11,1.44,0.0,-1384.75,ok
CAR0107,Itajai-Centro-apartamento-JR-1Q,Carteira 6,SC,"Itajaí, SC","Itajaí, SC, Centro",0,163,2707.79,11,2094.43,2025-11,0.8,0.4148,24,30,135.71,121.0,3,2025-11-11,1.29,0.0,-613.3600000000001,ok
CBLS0102,Brasilia-Vila_Planalto-apartamento-TOP-1Q,Carteira 1,DF,"Brasília, DF","Brasília, DF, Setor de Clubes Esportivos Sul",3,177,3951.33,14,6579.94,2025-11,0.5556,0.7295,15,30,340.53,339.2,10,2025-11-11,0.6,1021.5899999999999,2628.6099999999997,atenção
CNB009,Especial-CNB-casa-TOP-1Q,Especial,SP,"Campos do Jordão, SP","Campos do Jordão, SP, Jardim Europa",0,591,1661.47,16,4791.07,2025-11,0.1,0.5074,3,30,750.0,678.05,19,2025-11-11,0.35,0.0,3129.5999999999995,crítico
CTM0000,Garopaba-Centro-casa-SUP-2Q,Carteira 6,SC,"Garopaba, SC","Garopaba, SC, Costa Macacu",1,176,2043.18,117,3406.37,2025-11,0.3793,0.3072,11,30,226.36,203.4,15,2025-11-11,0.6,226.36,1363.1899999999998,atenção
EEP0602,Guarapari-Centro-apartamento-SUP-1Q,Carteira 4,ES,"Guarapari, ES","Guarapari, ES, São Judas Tadeu",0,82,3242.46,33,1868.64,2025-11,0.7333,0.4178,22,30,167.23,114.0,6,2025-11-11,1.74,0.0,-1373.82,ok
ELF0602,Bombinhas-Bombas-apartamento-SUP-1Q,Especial,SC,"Bombinhas, SC","Bombinhas, SC, José Amândio",1,172,4176.74,49,2579.11,2025-11,0.7931,0.44,23,30,207.35,176.0,6,2025-11-11,1.62,207.35,-1597.6299999999997,ok
ERM0102,Balneario_Camboriu-Centro-apartamento-SUP-3Q,Carteira 6,SC,"Balneário Camboriú, SC","Balneário Camboriú, SC, Centro",4,25,2977.95,75,3720.25,2025-11,0.6154,0.4048,16,30,232.19,203.5,10,2025-11-11,0.8,928.76,742.3000000000002,berlinda
EVA105,Florianopolis-Centrao-apartamento-SUP-1Q,Carteira 4,SC,"Florianópolis, SC","Florianópolis, SC, Centro",0,772,4534.6,126,3394.05,2025-11,0.7333,0.4536,22,30,243.95,178.38,8,2025-11-11,1.34,0.0,-1140.5500000000002,ok
JBM201,Florianopolis-Jurere_Tradicional-apartamento-TOP-1Q,Carteira 1,SC,"Florianópolis, SC","Florianópolis, SC, Jurerê",0,1971,5890.07,18,6829.73,2025-11,0.6,0.605,18,30,412.94,470.7,10,2025-11-11,0.86,0.0,939.6599999999999,berlinda
JHG1733,Florianopolis-Costa_da_Lagoa-apartamento-JR-1Q,Carteira 1,SC,"Florianópolis, SC","Florianópolis, SC, Lagoa da Conceição",0,844,1747.26,23,3406.38,2025-11,0.4333,0.525,13,30,156.54,157.73,11,2025-11-11,0.51,0.0,1659.1200000000001,atenção
LIV1011,Salvador-Graca-apartamento-TOP-1Q,Especial,BA,"Salvador, BA","Salvador, BA, Vitória",0,145,3302.16,15,3581.56,2025-11,0.5667,0.5526,17,30,235.65,260.83,12,2025-11-11,0.92,0.0,279.4000000000001,berlinda
MADB1005,Aguas_Claras-Geral-apartamento-JR-1Q,Carteira 1,DF,"Águas Claras, DF","Brasília, DF, Águas Claras",0,767,1544.7,86,2192.65,2025-11,0.4,0.563,12,30,153.93,167.54,13,2025-11-11,0.7,0.0,647.95,atenção
MHE0213,Florianopolis-Cachoeira_Bom_Jesus-apartamento-TOP-2Q,Carteira 1,SC,"Florianópolis, SC","Florianópolis, SC, Cachoeira do Bom Jesus",0,283,5326.16,28,5632.31,2025-11,0.5667,0.4328,17,30,357.65,360.75,8,2025-11-11,0.95,0.0,306.15000000000055,berlinda
MHF0805,Itapema-Canto_Praia-apartamento-TOP-1Q,Carteira 5,SC,"Itapema, SC","Itapema, SC, Centro",4,417,2484.03,17,2947.0,2025-11,0.4615,0.4478,12,30,256.08,207.8,10,2025-11-11,0.84,1024.32,462.9699999999998,berlinda
MHFB0903,Itapema-Canto_Praia-apartamento-SUP-1Q,Carteira 5,SC,"Itapema, SC","Itapema, SC, Centro",0,360,3315.35,9,3362.19,2025-11,0.6667,0.347,20,30,187.5,169.63,8,2025-11-11,0.99,0.0,46.840000000000146,berlinda
NOA0616,Sao_Paulo-Santo_Amaro-apartamento-SUP-1Q,Carteira 4,SP,"São Paulo, SP","São Paulo, SP, Santo Amaro",0,281,3233.12,158,3146.03,2025-11,0.7333,0.5012,22,30,196.23,173.0,4,2025-11-11,1.03,0.0,-87.08999999999969,berlinda
NWT1115,Especial-NWT-apartamento-TOP-1Q,Carteira 5,AL,"Maceió, AL","Maceió, AL, Pajuçara",1,150,4311.83,40,4657.0,2025-11,0.4828,0.5442,14,30,368.21,292.38,8,2025-11-11,0.93,368.21,345.1700000000001,berlinda
ODM1203,Sao_Paulo-Mariana-apartamento-SUP-1Q,Carteira 4,SP,"São Paulo, SP","São Paulo, SP, Vila Mariana",3,39,2817.93,176,2772.66,2025-11,0.7037,0.5027,19,30,159.57,142.33,3,2025-11-11,1.02,478.71,-45.26999999999998,berlinda
PSOB0407,Penha-Beto_Carrero-apartamento-SUP-1Q,Carteira 3,SC,"Penha, SC","Penha, SC, Armação",0,114,3967.84,16,1970.83,2025-11,0.7667,0.3803,23,30,202.13,165.75,4,2025-11-11,2.01,0.0,-1997.0100000000002,meta_subestimada
PUQ0208,Sao_Paulo-Pompeia-apartamento-SUP-1Q,Carteira 4,SP,"São Paulo, SP","São Paulo, SP, Perdizes",0,199,2906.53,71,2705.63,2025-11,0.6333,0.3976,19,30,183.11,140.73,11,2025-11-11,1.07,0.0,-200.9000000000001,berlinda
RDS001,Campos_do_Jordao-Vila_Natal-casa-JR-2Q,Carteira 4,SP,"Campos do Jordão, SP","Campos do Jordão, SP, Campos do Jordão",17,631,983.94,13,2619.02,2025-11,0.2308,0.2942,3,30,396.0,222.3,10,2025-11-11,0.38,6732.0,1635.08,crítico
RJI0046,Ubatuba-Itagua-apartamento-JR-2Q,Carteira 4,SP,"Ubatuba, SP","Ubatuba, SP, Itaguá",1,375,2109.92,148,2757.22,2025-11,0.3448,0.4239,10,30,238.8,208.67,15,2025-11-11,0.77,238.8,647.2999999999997,atenção
SDR009,Florianopolis-Lagoa-apartamento-SUP-1Q,Carteira 1,SC,"Florianópolis, SC","Florianópolis, SC, Lagoa da Conceição",0,1467,1516.26,25,3319.53,2025-11,0.4,0.584,12,30,167.25,163.36,11,2025-11-11,0.46,0.0,1803.2700000000002,crítico
SHC0606,Balneario_Picarras-Geral-apartamento-TOP-3Q,Carteira 6,SC,"Balneário Piçarras, SC","Balneário Piçarras, SC, Itacolomi",0,330,5728.39,16,3174.9,2025-11,0.7,0.2632,21,30,308.86,165.0,7,2025-11-11,1.8,0.0,-2553.4900000000002,ok
SLI0703,Maceio-Ponta_Verde-apartamento-SUP-1Q,Carteira 2,AL,"Maceió, AL","Maceió, AL, Ponta Verde",3,40,4237.97,203,4037.5,2025-11,0.963,0.6847,26,30,198.27,,0,2025-11-11,1.05,594.8100000000001,-200.47000000000025,berlinda
SOT0203,Florianopolis-Jurere_Tradicional-apartamento-TOP-1Q,Carteira 1,SC,"Florianópolis, SC","Florianópolis, SC, Jurerê",0,277,4107.99,18,6829.73,2025-11,0.4333,0.605,13,30,367.38,387.9,10,2025-11-11,0.6,0.0,2721.74,atenção
SPT0205,Blumenau-Central-apartamento-JR-1Q,Carteira 4,SC,"Blumenau, SC","Blumenau, SC, Itoupava Seca",0,509,0.0,31,707.55,2025-11,0.0,0.2143,0,30,0.0,100.47,19,2025-11-11,0.0,0.0,707.55,crítico
TPS203,Florianopolis-Canasvieiras_Meio-apartamento-TOP-1Q,Carteira 1,SC,"Florianópolis, SC","Florianópolis, SC, Canasvieiras",0,872,2233.25,25,4223.9,2025-11,0.3667,0.563,11,30,244.91,222.69,16,2025-11-11,0.53,0.0,1990.6499999999996,atenção
VST018,Especial-VST-casa-TOP-1Q,Carteira 5,SC,"Anitápolis, SC","Anitápolis, SC, Rio dos pinheiros",2,123,1673.94,41,2231.25,2025-11,0.2857,0.1613,8,30,280.25,184.15,13,2025-11-11,0.75,560.5,557.31,atenção
VST037,Especial-VST-casa-TOP-1Q,Carteira 5,SC,"Anitápolis, SC","Anitápolis, SC, Rio dos Pinheiros",1,123,3538.82,41,2231.25,2025-11,0.4828,0.1613,14,30,313.0,170.18,11,2025-11-11,1.59,313.0,-1307.5700000000002,ok
ACM0865,Caldas_Novas-Geral-apartamento-SUP-2Q,Carteira 3,GO,"Caldas Novas, GO","Caldas Novas, GO, Do Turista",3,137,2230.71,26,1751.93,2025-11,0.2963,0.2267,8,30,344.63,252.56,16,2025-11-11,1.27,1033.8899999999999,-478.78,ok
AGA0203,Camaçari-Jacuipe-apartamento-SUP-2Q,Carteira 2,BA,"Camaçari, BA","Camaçari, BA, Monte Gordo",3,179,2215.28,107,3800.54,2025-11,0.4074,0.3032,11,30,246.09,216.15,13,2025-11-11,0.58,738.27,1585.2599999999998,atenção
CEJ0304,Florianopolis-Jurere_Longe-apartamento-TOP-1Q,Carteira 1,SC,"Florianópolis, SC","Florianópolis, SC, Jurerê",0,47,7358.35,38,6042.42,2025-11,0.9667,0.5424,29,30,326.86,,0,2025-11-11,1.22,0.0,-1315.9300000000003,ok
CEP093,Balneario_Camboriu-Centro-apartamento-SUP-3Q,Carteira 6,SC,"Balneário Camboriú, SC","Balneário Camboriú, SC, Centro",8,787,3484.44,75,3720.25,2025-11,0.4545,0.4048,10,30,388.3,177.57,7,2025-11-11,0.94,3106.4,235.80999999999995,berlinda
CLR0211,Brasilia-Vila_Planalto-apartamento-SUP-1Q,Carteira 1,DF,"Brasília, DF","Brasília, DF, Asa Norte",0,128,3287.76,70,3534.27,2025-11,0.4333,0.5225,13,30,303.08,305.31,16,2025-11-11,0.93,0.0,246.50999999999976,berlinda
DMS0203,Gramado-Centro-apartamento-TOP-2Q,Carteira 4,RS,"Gramado, RS","Gramado, RS, Bairro Belverede",1,262,12500.74,55,10638.6,2025-11,0.7586,0.6864,22,30,720.68,489.57,7,2025-11-11,1.18,720.68,-1862.1399999999994,ok
DPR0002,Balneario_Camboriu-Sul-apartamento-JR-1Q,Carteira 6,SC,"Balneário Camboriú, SC","Balneário Camboriú, SC, Barra",0,255,2512.9,33,2053.56,2025-11,0.6333,0.4673,19,30,157.11,110.91,11,2025-11-11,1.22,0.0,-459.34000000000015,ok
EBA0401,Porto_Alegre-Cidade_Baixa-apartamento-JR-1Q,Carteira 4,RS,"Porto Alegre, RS","Porto Alegre, RS, Cidade Baixa",0,723,293.25,40,1600.63,2025-11,0.1,0.4599,3,30,115.0,122.24,17,2025-11-11,0.18,0.0,1307.38,crítico
ECL1902,Curitiba-Centro-apartamento-SUP-1Q,Carteira 4,PR,"Curitiba, PR","Curitiba, PR, Centro",0,142,1790.2,500,2211.28,2025-11,0.4667,0.4953,14,30,156.5,148.67,15,2025-11-11,0.81,0.0,421.08000000000015,berlinda
EMM0202,Guarapari-Praia_do_Morro-apartamento-SUP-2Q,Carteira 4,ES,"Guarapari, ES","Guarapari, ES, Praia do Morro",0,418,618.3,45,3114.4,2025-11,0.1,0.5146,3,30,227.0,210.94,16,2025-11-11,0.2,0.0,2496.1000000000004,crítico
ESS1004,Goiania-Leste-apartamento-SUP-1Q,Carteira 1_sys-price,GO,"Goiânia, GO","Goiânia, GO, Setor Alto da Glória",0,250,1220.19,74,1505.82,2025-11,0.2667,0.3364,8,30,185.25,210.0,19,2025-11-11,0.81,0.0,285.6299999999999,berlinda
EVZ0601,Balneario_Camboriu-Norte-apartamento-JR-3Q,Carteira 6,SC,"Balneário Camboriú, SC","Balneário Camboriú, SC, Centro",8,235,1173.18,19,4226.61,2025-11,0.1818,0.4121,4,30,301.0,300.0,9,2025-11-11,0.28,2408.0,3053.4299999999994,crítico
JMA006,Florianopolis-Jurere_Longe-apartamento-JR-1Q,Carteira 1,SC,"Florianópolis, SC","Florianópolis, SC, Jurerê",2,779,1645.14,39,1965.96,2025-11,0.3571,0.455,10,30,194.4,142.64,11,2025-11-11,0.84,388.8,320.81999999999994,berlinda
MHFB2007,Itapema-Canto_Praia-apartamento-SUP-1Q,Carteira 5,SC,"Itapema, SC","Itapema, SC, Centro",6,381,0.0,9,3362.19,2025-11,0.0,0.347,0,30,0.0,288.0,19,2025-11-11,0.0,0.0,3362.19,crítico
NRR128,Balneario_Camboriu-Intermediario-casa-JR-3Q,Carteira 6,SC,"Balneário Camboriú, SC","Balneário Camboriú, SC, Centro",5,890,1933.52,18,3119.16,2025-11,0.44,0.3388,11,30,204.55,182.69,13,2025-11-11,0.62,1022.75,1185.6399999999999,atenção
NWT1010,Especial-NWT-apartamento-MASTER-1Q,Carteira 5,AL,"Maceió, AL","Maceió, AL, Pajuçara",0,192,10148.19,30,6165.78,2025-11,0.7,0.6885,21,30,638.67,495.38,8,2025-11-11,1.65,0.0,-3982.4100000000008,ok
PSOA1103,Penha-Beto_Carrero-apartamento-TOP-1Q,Carteira 3,SC,"Penha, SC","Penha, SC, Praia de Armação do Itapocoroi",0,101,2475.77,16,4132.99,2025-11,0.5333,0.6017,16,30,192.69,167.6,10,2025-11-11,0.6,0.0,1657.2199999999998,atenção
RMM0318,Florianopolis-Ingleses_Centro-apartamento-SUP-1Q,Carteira 1,SC,"Florianópolis, SC","Florianópolis, SC, Ingleses do Rio Vermelho",0,591,2038.06,23,2074.85,2025-11,0.4333,0.3316,13,30,220.69,204.19,16,2025-11-11,0.98,0.0,36.789999999999964,berlinda
SOH1102,Maceio-Ponta_Verde-apartamento-SUP-2Q,Carteira 2,AL,"Maceió, AL","Maceió, AL, Ponta Verde",0,337,6773.02,68,5511.51,2025-11,0.8333,0.6782,25,30,309.84,283.0,5,2025-11-11,1.23,0.0,-1261.5100000000002,ok
THO2614,Goiania-Leste-apartamento-SUP-1Q,Carteira 1_sys-price,GO,"Goiânia, GO","Goiânia, GO, Jardim Goiás",0,533,1746.08,74,1505.82,2025-11,0.4,0.3364,12,30,148.0,149.93,15,2025-11-11,1.16,0.0,-240.26,ok
TRC0410,Florianopolis-UFSC-apartamento-SUP-1Q,Carteira 4,SC,"Florianópolis, SC","Florianópolis, SC, Carvoeira",0,130,2469.51,40,2727.0,2025-11,0.3667,0.4971,11,30,205.77,162.31,13,2025-11-11,0.91,0.0,257.4899999999998,berlinda
VGL041,Petropolis-Mosela-casa-JR-3Q,Carteira 4,RJ,"Petrópolis, RJ","Petrópolis, RJ, Mosela",20,856,3103.6,13,4266.24,2025-11,0.4,0.3873,4,30,864.5,185.0,2,2025-11-11,0.73,17290.0,1162.6399999999999,atenção
CBU203,Florianopolis-Novo_Campeche-apartamento-SUP-2Q,Carteira 1,SC,"Florianópolis, SC","Florianópolis, SC, Campeche",18,395,2802.6,39,3859.85,2025-11,1.0,0.491,12,30,303.5,,0,2025-11-11,0.73,5463.0,1057.25,atenção
CFE0503,Florianopolis-Beira_Mar-apartamento-SUP-1Q,Carteira 4,SC,"Florianópolis, SC","Florianópolis, SC, Agronômica",0,36,3677.96,21,4741.72,2025-11,0.2,0.566,6,30,228.26,226.33,6,2025-11-11,0.78,0.0,1063.7600000000002,atenção
CNA005,Especial-CNA-casa-MASTER-1Q,Especial,SP,"Campos do Jordão, SP","Campos do Jordão, SP, Jardim Europa",0,1016,6520.14,25,8206.44,2025-11,0.3333,0.4048,10,30,768.5,597.0,15,2025-11-11,0.79,0.0,1686.3000000000002,atenção
CNA008,Especial-CNA-casa-MASTER-1Q,Especial,SP,"Campos do Jordão, SP","Campos do Jordão, SP, Jardim Europa",0,1016,5505.65,25,8206.44,2025-11,0.2667,0.4048,8,30,697.78,690.19,16,2025-11-11,0.67,0.0,2700.790000000001,atenção
CNA010,Especial-CNA-casa-MASTER-1Q,Especial,SP,"Campos do Jordão, SP","Campos do Jordão, SP, Jardim Europa",0,1016,10658.84,25,8206.44,2025-11,0.5333,0.4048,16,30,819.88,532.09,11,2025-11-11,1.3,0.0,-2452.3999999999996,ok
CNA011,Especial-CNA-casa-MASTER-1Q,Especial,SP,"Campos do Jordão, SP","Campos do Jordão, SP, Jardim Europa",0,1016,11056.53,25,8206.44,2025-11,0.6667,0.4048,20,30,667.15,552.3,10,2025-11-11,1.35,0.0,-2850.09,ok
COA0314,Brasilia-Setor_Hoteleiro-apartamento-SUP-1Q,Carteira 1_sys-price,DF,"Brasília, DF","Brasília, DF, Asa Norte",0,761,4176.19,147,5421.98,2025-11,0.5667,0.6415,17,30,288.0,292.4,10,2025-11-11,0.77,0.0,1245.79,atenção
EJO0403,Florianopolis-Centrao-apartamento-JR-1Q,Carteira 4,SC,"Florianópolis, SC","Florianópolis, SC, Centro",1,393,2445.39,71,2585.44,2025-11,0.5517,0.4921,16,30,190.75,137.36,11,2025-11-11,0.95,190.75,140.05000000000018,berlinda
EMR302,Florianopolis-Jurere_Internacional-apartamento-SUP-2Q,Carteira 1,SC,"Florianópolis, SC","Florianópolis, SC, Jurerê Internacional",0,947,2954.34,23,6292.55,2025-11,0.3333,0.4589,10,30,337.2,327.0,11,2025-11-11,0.47,0.0,3338.21,crítico
ESZ0103,Brasilia-Asa_Norte-apartamento-JR-1Q,Carteira 1_sys-price,DF,"Brasília, DF","Brasília, DF, Asa Norte",1,316,3368.36,163,2728.02,2025-11,0.5517,0.6523,16,30,257.37,192.5,10,2025-11-11,1.23,257.37,-640.3400000000001,ok
ILH0503,Balneario_Camboriu-Intermediario-apartamento-JR-2Q,Carteira 6,SC,"Balneário Camboriú, SC","Balneário Camboriú, SC, Centro",0,36,4292.73,36,2763.87,2025-11,0.8333,0.4118,25,30,196.12,130.75,4,2025-11-11,1.55,0.0,-1528.8599999999997,ok
LIV0803,Salvador-Graca-apartamento-TOP-1Q,Especial,BA,"Salvador, BA","Salvador, BA, Vitória",0,256,4202.04,15,3581.56,2025-11,0.7,0.5526,21,30,260.14,200.57,7,2025-11-11,1.17,0.0,-620.48,ok
MGI025,Porto_Seguro-Pitinga-casa-SUP-2Q,Carteira 2,BA,"Porto Seguro, BA","Porto Seguro, BA, Arraial DAjuda",2,207,4471.46,11,5503.73,2025-11,0.25,0.3371,7,30,642.86,600.0,10,2025-11-11,0.81,1285.72,1032.2699999999995,berlinda
MHE0111,Florianopolis-Cachoeira_Bom_Jesus-apartamento-MASTER-1Q,Carteira 1,SC,"Florianópolis, SC","Florianópolis, SC, Cachoeira do Bom Jesus",0,226,7032.16,13,6078.92,2025-11,0.6667,0.5241,20,30,483.15,404.67,6,2025-11-11,1.16,0.0,-953.2399999999998,ok
NWT0508,Especial-NWT-apartamento-TOP-1Q,Carteira 5,AL,"Maceió, AL","Maceió, AL, Pajuçara",0,260,5240.35,40,4657.0,2025-11,0.6667,0.5442,20,30,335.55,311.5,4,2025-11-11,1.13,0.0,-583.3500000000004,ok
NWT1223,Especial-NWT-apartamento-TOP-1Q,Carteira 5,AL,"Maceió, AL","Maceió, AL, Pajuçara",0,325,6128.32,40,4657.0,2025-11,0.7333,0.5442,22,30,312.73,312.5,6,2025-11-11,1.32,0.0,-1471.3199999999997,ok
PBR0003,Porto_Seguro-Estrada_da_Balsa-casa-TOP-3Q,Carteira 2,BA,"Porto Seguro, BA","Porto Seguro, BA, Arraial d ajuda",1,306,2389.72,13,4991.2,2025-11,0.2414,0.2547,7,30,373.71,403.67,12,2025-11-11,0.48,373.71,2601.48,crítico
PIC0125,Bombinhas-Centro-apartamento-JR-3Q,Carteira 6,SC,"Bombinhas, SC","Bombinhas, SC, Centro",12,463,2486.93,62,3033.53,2025-11,0.6667,0.3503,12,30,228.5,189.0,6,2025-11-11,0.82,2742.0,546.6000000000004,berlinda
PRY0110,Porto_Seguro-Pataxos-apartamento-SUP-2Q,Carteira 2,BA,"Porto Seguro, BA","Porto Seguro, BA, Paraiso dos Pataxós",0,31,5129.73,27,3632.05,2025-11,0.9333,0.4027,28,30,218.43,150.0,1,2025-11-11,1.41,0.0,-1497.6799999999994,ok
PSD102,Florianopolis-Jurere_Tradicional-apartamento-JR-1Q,Carteira 1,SC,"Florianópolis, SC","Florianópolis, SC, Jurerê",0,1990,2108.89,18,3094.45,2025-11,0.3667,0.531,11,30,236.09,261.4,10,2025-11-11,0.68,0.0,985.56,atenção
RCI0201,Florianopolis-Ingleses_Norte-apartamento-JR-2Q,Carteira 1,SC,"Florianópolis, SC","Florianópolis, SC, Ingleses do Rio Vermelho",3,331,2975.4,27,2504.17,2025-11,0.6667,0.4002,18,30,220.33,197.86,7,2025-11-11,1.19,660.99,-471.23,ok
RTL0302,Itapema-Canto_Praia-apartamento-JR-2Q,Carteira 6,SC,"Itapema, SC","Itapema, SC, Centro",0,409,2989.77,10,3496.69,2025-11,0.7333,0.3953,22,30,208.32,332.0,8,2025-11-11,0.86,0.0,506.9200000000001,berlinda
RUP0603,Blumenau-Central-apartamento-SUP-1Q,Carteira 4,SC,"Blumenau, SC","Blumenau, SC, Escola Agrícola",2,465,3212.28,61,968.38,2025-11,0.75,0.2419,21,30,165.77,120.0,1,2025-11-11,3.32,331.54,-2243.9,meta_subestimada
SKL0507,Penha-Praia-apartamento-SUP-3Q,Carteira 6,SC,"Penha, SC","Penha, SC, Armação",7,134,2859.65,22,4285.71,2025-11,0.5652,0.3482,13,30,314.92,245.25,4,2025-11-11,0.67,2204.44,1426.06,atenção
SMB0307,Florianopolis-Canasvieiras_Perto-apartamento-JR-1Q,Carteira 1,SC,"Florianópolis, SC","Florianópolis, SC, Canasvieiras",0,359,3200.43,49,2189.81,2025-11,0.6667,0.4547,20,30,193.8,192.67,9,2025-11-11,1.46,0.0,-1010.6199999999999,ok
TSO0403,Balneario_Camboriu-Longe-apartamento-MASTER-2Q,Carteira 6,SC,"Balneário Camboriú, SC","Balneário Camboriú, SC, Estados",0,43,6575.11,34,3885.14,2025-11,0.8,0.4511,24,30,318.75,315.4,5,2025-11-11,1.69,0.0,-2689.97,ok
TXP1101,Goiania-Central-apartamento-TOP-2Q,Carteira 1_sys-price,GO,"Goiânia, GO","Goiânia, GO, Setor Bueno",0,198,5425.97,15,2289.08,2025-11,0.5667,0.2738,17,30,299.94,286.55,11,2025-11-11,2.37,0.0,-3136.8900000000003,meta_subestimada
VGZ0006,Imbituba-Praia_do_Rosa-casa-SUP-1Q,Carteira 6,SC,"Imbituba, SC","Imbituba, SC, Ibiraquera",2,620,3390.37,57,2501.25,2025-11,0.75,0.3146,21,30,211.29,127.14,7,2025-11-11,1.36,422.58,-889.1199999999999,ok
VLO0504,Florianopolis-Jurere_Longe-apartamento-TOP-2Q,Carteira 1,SC,"Florianópolis, SC","Florianópolis, SC, Jurerê Internacional",5,358,6275.98,16,7660.43,2025-11,0.56,0.5989,14,30,524.14,514.0,6,2025-11-11,0.82,2620.7,1384.4500000000007,berlinda
VST038,Especial-VST-casa-TOP-1Q,Carteira 5,SC,"Anitápolis, SC","Anitápolis, SC, Rio dos Pinheiros",0,123,3244.35,41,2231.25,2025-11,0.5667,0.1613,17,30,244.12,199.89,9,2025-11-11,1.45,0.0,-1013.0999999999999,ok
WAL0714,Sao_Paulo-Butanta-apartamento-SUP-1Q,Carteira 4,SP,"São Paulo, SP","São Paulo, SP, Butantã",0,110,4503.56,30,3029.24,2025-11,0.6333,0.5663,19,30,250.48,213.25,4,2025-11-11,1.49,0.0,-1474.3200000000006,ok
BCA0601,Salvador-Ondina_Rio_Vermelho-apartamento-SUP-2Q,Carteira 2,BA,"Salvador, BA","Salvador, BA, Barra",1,498,4760.09,40,4484.41,2025-11,0.6897,0.5779,20,30,290.45,222.86,7,2025-11-11,1.06,290.45,-275.6800000000003,berlinda
BLS0358,Goiania-Central-apartamento-SUP-1Q,Carteira 1_sys-price,GO,"Goiânia, GO","Goiânia, GO, Setor Marista",0,778,2162.98,149,1516.4,2025-11,0.5333,0.3335,16,30,180.69,179.82,11,2025-11-11,1.43,0.0,-646.5799999999999,ok
CSCA1110,Florianopolis-Ingleses_Norte-apartamento-JR-1Q,Carteira 1,SC,"Florianópolis, SC","Florianópolis, SC, Ingleses do Rio Vermelho",0,1418,3467.55,49,2294.44,2025-11,0.6333,0.4456,19,30,205.11,195.13,8,2025-11-11,1.51,0.0,-1173.1100000000001,ok
ETI0724,Maceio-Ponta_Verde-apartamento-TOP-1Q,Carteira 2,AL,"Maceió, AL","Maceió, AL, Ponta Verde",0,310,3523.43,123,4671.6,2025-11,0.7,0.6591,21,30,227.62,233.14,7,2025-11-11,0.75,0.0,1148.1700000000005,atenção
EVE0104,Florianopolis-Ingleses_Praia-apartamento-JR-3Q,Carteira 1,SC,"Florianópolis, SC","Florianópolis, SC, Ingleses do Rio Vermelho",4,204,2360.52,55,2819.88,2025-11,0.3846,0.3727,10,30,260.5,292.38,13,2025-11-11,0.84,1042.0,459.3600000000001,berlinda
JMA025,Florianopolis-Jurere_Longe-apartamento-JR-1Q,Carteira 1,SC,"Florianópolis, SC","Florianópolis, SC, Jurerê",0,214,1605.92,39,1965.96,2025-11,0.4333,0.455,13,30,187.46,155.46,13,2025-11-11,0.82,0.0,360.03999999999996,berlinda
JPR201,Especial-JPR-apartamento-TOP-1Q,Carteira 1,SC,"Florianópolis, SC","Florianópolis, SC, Jurerê",0,1270,6606.23,16,6427.59,2025-11,0.6333,0.5944,19,30,397.89,257.86,7,2025-11-11,1.03,0.0,-178.63999999999942,berlinda
JRS0130,Penha-Beto_Carrero-casa-JR-4Q,Carteira 3,SC,"Penha, SC","Penha, SC, Armação",5,32,2486.78,13,4671.6,2025-11,0.44,0.4904,11,30,297.0,273.88,8,2025-11-11,0.53,1485.0,2184.82,atenção
MRE801,Porto_Belo-Geral-apartamento-TOP-2Q,Carteira 6,SC,"Porto Belo, SC","Porto Belo, SC, Perequê",21,259,974.55,13,3503.7,2025-11,0.5556,0.316,5,30,262.4,216.0,1,2025-11-11,0.28,5510.4,2529.1499999999996,crítico
PMO0404,Florianopolis-Estreito-apartamento-SUP-1Q,Carteira 4,SC,"Florianópolis, SC","Florianópolis, SC, Coqueiros",11,393,1758.6,24,2607.74,2025-11,0.3684,0.4913,7,30,280.0,280.0,8,2025-11-11,0.67,3080.0,849.1399999999999,atenção
POR0017,Brasilia-Asa_Sul-apartamento-SUP-1Q,Carteira 1_sys-price,DF,"Brasília, DF","Brasília, DF, Setor Sudoeste",2,144,2538.73,139,3635.09,2025-11,0.4643,0.7138,13,30,250.62,239.0,14,2025-11-11,0.7,501.24,1096.3600000000001,atenção
RDO0025,Balneario_Picarras-Geral-casa-JR-3Q,Carteira 6,SC,"Balneário Piçarras, SC","Balneário Piçarras, SC, Itacolomi",3,204,2294.34,9,1532.87,2025-11,0.5926,0.1663,16,30,182.81,139.13,8,2025-11-11,1.5,548.4300000000001,-761.4700000000003,ok
SCA0108,Florianopolis-Santo_Antonio_de_Lisboa-apartamento-SUP-1Q,Carteira 1,SC,"Florianópolis, SC","Florianópolis, SC, Cacupé",0,36,4543.17,12,2579.11,2025-11,0.7333,0.4605,22,30,252.91,197.0,3,2025-11-11,1.76,0.0,-1964.06,ok
SDR010,Florianopolis-Lagoa-apartamento-SUP-1Q,Carteira 1,SC,"Florianópolis, SC","Florianópolis, SC, Lagoa da Conceição",30,1522,0.0,25,3319.53,2025-11,,0.584,0,30,0.0,,0,2025-11-11,0.0,0.0,3319.53,crítico
SFR0315,Bombinhas-Centro-apartamento-SUP-1Q,Carteira 6,SC,"Bombinhas, SC","Bombinhas, SC, Centro",0,37,4192.42,34,3528.77,2025-11,0.8,0.5429,24,30,210.67,137.17,6,2025-11-11,1.19,0.0,-663.6500000000001,ok
SLC0101,Florianopolis-Rio_Vermelho-apartamento-JR-1Q,Carteira 1,SC,"Florianópolis, SC","Florianópolis, SC, Ingleses do Rio Vermelho",0,285,942.78,16,2707.95,2025-11,0.3667,0.5031,11,30,108.64,129.58,19,2025-11-11,0.35,0.0,1765.1699999999998,crítico
SLC0104,Florianopolis-Rio_Vermelho-apartamento-JR-1Q,Carteira 1,SC,"Florianópolis, SC","Florianópolis, SC, Ingleses do Rio Vermelho",0,284,838.53,16,2707.95,2025-11,0.3,0.5031,9,30,117.11,144.2,10,2025-11-11,0.31,0.0,1869.4199999999998,crítico
UPP0501,Curitiba-Centro-apartamento-JR-1Q,Carteira 4,PR,"Curitiba, PR","Curitiba, PR, Alto da XV",0,17,1635.63,282,1884.7,2025-11,0.4333,0.5093,13,30,139.77,136.93,15,2025-11-11,0.87,0.0,249.06999999999994,berlinda
VCE1102,Balneario_Picarras-Geral-apartamento-SUP-3Q,Carteira 6,SC,"Balneário Piçarras, SC","Balneário Piçarras, SC, Balneário Piçarras",0,597,4691.93,45,2411.71,2025-11,0.8333,0.3222,25,30,224.48,169.0,5,2025-11-11,1.95,0.0,-2280.2200000000003,ok
VST007,Especial-VST-casa-TOP-1Q,Carteira 5,SC,"Anitápolis, SC","Anitápolis, SC, Rio dos Pinheiros",3,245,2081.09,41,2231.25,2025-11,0.2593,0.1613,7,30,354.71,195.29,14,2025-11-11,0.93,1064.1299999999999,150.15999999999985,berlinda
AAR0101,Florianopolis-Campeche_Praia-apartamento-JR-1Q,Carteira 1,SC,"Florianópolis, SC","Florianópolis, SC, Campeche",0,134,2366.32,15,1768.4,2025-11,0.5667,0.485,17,30,172.0,172.6,10,2025-11-11,1.34,0.0,-597.9200000000001,ok
ADJ205,Florianopolis-Jurere_Tradicional-apartamento-JR-2Q,Carteira 1,SC,"Florianópolis, SC","Florianópolis, SC, Jurerê Internacional",30,1984,0.0,21,5552.62,2025-11,,0.5808,0,30,0.0,,0,2025-11-11,0.0,0.0,5552.62,crítico
BHY0614,Brasilia-Setor_Hoteleiro-apartamento-JR-1Q,Carteira 1_sys-price,DF,"Brasília, DF","Brasília, DF, Asa Norte",0,603,4589.96,96,4096.9,2025-11,0.7333,0.5834,22,30,244.06,260.11,9,2025-11-11,1.12,0.0,-493.0600000000004,ok
EPE0304,Canela-Geral-apartamento-SUP-2Q,Carteira 4,RS,"Canela, RS","Canela, RS, Vila Luiza",7,108,1164.78,24,3311.67,2025-11,0.1739,0.5066,4,30,301.75,297.5,12,2025-11-11,0.35,2112.25,2146.8900000000003,crítico
ILC2310,Especial-ILC-hotel-TOP-1Q,Especial,SC,"Florianópolis, SC","Florianópolis, SC, Jurerê Internacional",0,1327,11095.05,30,11132.4,2025-11,0.7,0.6976,21,30,698.1,594.86,7,2025-11-11,1.0,0.0,37.350000000000364,berlinda
MRD0501,Balneario_Camboriu-Centro-apartamento-SUP-3Q,Carteira 6,SC,"Balneário Camboriú, SC","Balneário Camboriú, SC, Centro",4,218,6980.61,75,3720.25,2025-11,0.7692,0.4048,20,30,494.45,183.5,4,2025-11-11,1.88,1977.8,-3260.3599999999997,ok
MSSO1208,Goiania-Leste-apartamento-SUP-1Q,Carteira 1_sys-price,GO,"Goiânia, GO","Goiânia, GO, Jardim Goiás",0,767,1999.66,74,1505.82,2025-11,0.4667,0.3364,14,30,167.57,190.67,12,2025-11-11,1.33,0.0,-493.84000000000015,ok
NWT0902,Especial-NWT-apartamento-TOP-1Q,Carteira 5,AL,"Maceió, AL","Maceió, AL, Pajuçara",0,221,4891.85,40,4657.0,2025-11,0.6667,0.5442,20,30,306.0,265.14,7,2025-11-11,1.05,0.0,-234.85000000000036,berlinda
PGO209,Pocos_de_Caldas-Geral-apartamento-SUP-1Q,Carteira 4,MG,"Poços de Caldas, MG","Poços de Caldas, MG, São Benedito",3,808,1617.48,31,1401.48,2025-11,0.4074,0.2888,11,30,164.0,120.0,11,2025-11-11,1.15,492.0,-216.0,ok
SRE0201,Florianopolis-UFSC-apartamento-TOP-2Q,Carteira 4,SC,"Florianópolis, SC","Florianópolis, SC, Carvoeira",0,200,3005.6,11,3941.66,2025-11,0.3667,0.3443,11,30,322.09,315.0,14,2025-11-11,0.76,0.0,936.06,atenção
SRR0007,Porto_Seguro-Pataxos-apartamento-JR-2Q,Carteira 2,BA,"Porto Seguro, BA","Porto Seguro, BA, Village",0,65,0.0,49,2140.18,2025-11,0.0,0.245,0,30,0.0,148.37,19,2025-11-11,0.0,0.0,2140.18,crítico
STE0312,Salvador-Ondina_Rio_Vermelho-apartamento-SUP-1Q,Carteira 2,BA,"Salvador, BA","Salvador, BA, Ondina",0,75,3498.5,82,3153.33,2025-11,0.8333,0.5658,25,30,168.84,177.0,5,2025-11-11,1.11,0.0,-345.1700000000001,ok
UPP0601,Curitiba-Centro-apartamento-JR-1Q,Carteira 4,PR,"Curitiba, PR","Curitiba, PR, Alto da XV",1,9,761.32,282,1884.7,2025-11,0.1379,0.5093,4,30,143.0,137.53,17,2025-11-11,0.4,143.0,1123.38,crítico
VGN0102,Florianopolis-Ingleses_Praia-apartamento-SUP-2Q,Carteira 1,SC,"Florianópolis, SC","Florianópolis, SC, Ingleses do Rio Vermelho",0,288,3217.71,51,2819.88,2025-11,0.4667,0.3806,14,30,262.93,279.82,11,2025-11-11,1.14,0.0,-397.8299999999999,ok
VLJ204,Florianopolis-Canajure-apartamento-TOP-1Q,Carteira 1,SC,"Florianópolis, SC","Florianópolis, SC, Jurerê",0,537,551.32,33,5000.07,2025-11,0.0333,0.5567,1,30,640.0,640.0,19,2025-11-11,0.11,0.0,4448.75,crítico
VRE102,Bombinhas-Bombas-apartamento-SUP-2Q,Carteira 6,SC,"Bombinhas, SC","Bombinhas, SC, Bombas",2,564,2801.23,69,2859.41,2025-11,0.6071,0.3852,17,30,183.24,157.13,8,2025-11-11,0.98,366.48,58.179999999999836,berlinda
VVP0027,Cabo_Frio-Pero_Perto-casa-JR-4Q,Carteira 4,RJ,"Cabo Frio, RJ","Cabo Frio, RJ, Ogiva",4,407,3371.64,31,2715.37,2025-11,0.3077,0.2683,8,30,544.63,387.25,12,2025-11-11,1.24,2178.52,-656.27,ok
ABC0403,Itajai-Praia_Brava-apartamento-SUP-3Q,Carteira 6,SC,"Itajaí, SC","Itajaí, SC, Praia Brava de Itajaí",2,956,4233.13,29,3163.06,2025-11,0.5714,0.3844,16,30,325.12,244.25,8,2025-11-11,1.34,650.24,-1070.0700000000002,ok
BLU0206,Florianopolis-Praia_Brava-apartamento-JR-2Q,Carteira 1,SC,"Florianópolis, SC","Florianópolis, SC, Canasvieiras",8,498,3660.58,13,2384.46,2025-11,0.6818,0.3017,15,30,319.47,179.0,3,2025-11-11,1.54,2555.76,-1276.12,ok
CET603,Balneario_Camboriu-Centro-apartamento-TOP-2Q,Carteira 6,SC,"Balneário Camboriú, SC","Balneário Camboriú, SC, Centro",0,906,6956.24,33,5387.18,2025-11,0.7667,0.5106,23,30,355.96,367.67,6,2025-11-11,1.29,0.0,-1569.0599999999995,ok
CLF0104,Salvador-Flamengo-apartamento-SUP-1Q,Carteira 2,BA,"Salvador, BA","Salvador, BA, Stella Maris",2,16,402.58,25,1394.67,2025-11,0.0714,0.3333,2,30,250.0,220.0,19,2025-11-11,0.29,500.0,992.0900000000001,crítico
CSI0706,Balneario_Picarras-Geral-apartamento-SUP-2Q,Carteira 6,SC,"Balneário Piçarras, SC","Balneário Piçarras, SC, Centro",9,30,1530.44,66,1594.17,2025-11,0.5714,0.2526,12,30,158.5,124.0,6,2025-11-11,0.96,1426.5,63.73000000000002,berlinda
CVPF102,Porto_de_Pedras-Geral-apartamento-SUP-2Q,Carteira 2,AL,"Porto de Pedras, AL","Porto de Pedras, AL, PORTO DE PEDRAS",0,633,4944.87,35,3857.96,2025-11,0.7,0.403,21,30,313.57,245.0,4,2025-11-11,1.28,0.0,-1086.9099999999999,ok
JMA008,Florianopolis-Jurere_Longe-apartamento-JR-1Q,Carteira 1,SC,"Florianópolis, SC","Florianópolis, SC, Jurerê",11,487,1429.69,39,1965.96,2025-11,0.5263,0.455,10,30,178.5,154.13,8,2025-11-11,0.73,1963.5,536.27,atenção
NWT0814,Especial-NWT-apartamento-TOP-1Q,Carteira 5,AL,"Maceió, AL","Maceió, AL, Pajuçara",0,186,3097.75,40,4657.0,2025-11,0.4333,0.5442,13,30,305.38,290.67,9,2025-11-11,0.67,0.0,1559.25,atenção
ONP1716,Sao_Paulo-Bela_Vista-apartamento-SUP-1Q,Carteira 4,SP,"São Paulo, SP","São Paulo, SP, Paraíso",2,103,3594.99,596,3486.42,2025-11,0.7857,0.5791,22,30,198.77,153.5,4,2025-11-11,1.03,397.54,-108.56999999999971,berlinda
PRY0010,Porto_Seguro-Pataxos-apartamento-SUP-2Q,Carteira 2,BA,"Porto Seguro, BA","Porto Seguro, BA, Paraiso dos Pataxós",0,30,4250.21,27,3632.05,2025-11,0.8,0.4027,24,30,218.33,252.33,6,2025-11-11,1.17,0.0,-618.1599999999999,ok
PSO0808,Penha-Beto_Carrero-apartamento-SUP-1Q,Carteira 3,SC,"Penha, SC","Penha, SC, Praia de Armação do Itapocoroi",0,116,2270.64,16,1970.83,2025-11,0.4,0.3803,12,30,221.33,154.17,12,2025-11-11,1.15,0.0,-299.80999999999995,ok
PSO1004,Penha-Beto_Carrero-apartamento-TOP-1Q,Carteira 3,SC,"Penha, SC","Penha, SC, Praia de Armação do Itapocoroi",0,85,4280.59,16,4132.99,2025-11,0.8333,0.6017,25,30,206.32,193.25,4,2025-11-11,1.04,0.0,-147.60000000000036,berlinda
PSOA0807,Penha-Beto_Carrero-apartamento-SUP-1Q,Carteira 3,SC,"Penha, SC","Penha, SC, Praia de Armação do Itapocoroi",0,100,858.74,16,1970.83,2025-11,0.1667,0.3803,5,30,226.8,152.75,16,2025-11-11,0.44,0.0,1112.09,crítico
RMC203,Florianopolis-Estreito-apartamento-JR-1Q,Carteira 4,SC,"Florianópolis, SC","Florianópolis, SC, Capoeiras",2,842,1755.97,10,1882.27,2025-11,0.5,0.3899,14,30,137.86,119.77,13,2025-11-11,0.93,275.72,126.29999999999995,berlinda
RPP0678,Penha-Longe-casa-JR-3Q,Carteira 6,SC,"Penha, SC","Penha, SC, Centro",2,283,2723.39,25,2686.17,2025-11,0.5357,0.4429,15,30,198.07,150.17,6,2025-11-11,1.01,396.14,-37.2199999999998,berlinda
SAA0321,Salvador-Pituba_Praia-apartamento-SUP-1Q,Carteira 5,BA,"Salvador, BA","Salvador, BA, Amaralina",0,24,931.63,15,1753.55,2025-11,0.2667,0.4605,8,30,150.5,164.42,19,2025-11-11,0.53,0.0,821.92,atenção
VDP0029,Cabo_Frio-Palmeiras-casa-JR-4Q,Carteira 4,RJ,"Cabo Frio, RJ","Cabo Frio, RJ, Parque Burle",3,246,1571.4,31,2715.37,2025-11,0.1852,0.2683,5,30,353.4,349.42,12,2025-11-11,0.58,1060.1999999999998,1143.9699999999998,atenção
VTD0203,Florianopolis-UFSC-apartamento-SUP-1Q,Carteira 4,SC,"Florianópolis, SC","Florianópolis, SC, Trindade",30,94,0.0,40,2727.0,2025-11,,0.4971,0,30,0.0,,0,2025-11-11,0.0,0.0,2727.0,crítico
VTE0301,Itapema-Meia_Praia-Norte-apartamento-TOP-3Q,Carteira 6,SC,"Itapema, SC","Itapema, SC, Meia Praia",0,114,5767.52,17,4379.63,2025-11,0.6333,0.2907,19,30,416.42,275.56,9,2025-11-11,1.32,0.0,-1387.8900000000003,ok
YVD1301,Balneario_Camboriu-Intermediario-apartamento-SUP-3Q,Carteira 6,SC,"Balneário Camboriú, SC","Balneário Camboriú, SC, Centro",5,640,4207.46,47,3406.38,2025-11,0.68,0.3995,17,30,307.88,260.71,7,2025-11-11,1.24,1539.4,-801.0799999999999,ok
ABY40012,Sao_Paulo-Pompeia-apartamento-SUP-1Q,Carteira 4,SP,"São Paulo, SP","São Paulo, SP, Perdizes",1,31,2258.99,71,2705.63,2025-11,0.5172,0.3976,15,30,187.27,139.83,12,2025-11-11,0.83,187.27,446.6400000000003,berlinda
BSR0203,Ilheus-Sul-apartamento-SUP-1Q,Carteira 2,BA,"Ilhéus, BA","Ilhéus, BA, Nossa Senhora da Vitória",2,249,1902.84,20,1629.95,2025-11,0.6429,0.2524,18,30,139.11,119.1,10,2025-11-11,1.17,278.22,-272.8899999999999,ok
CAR0106,Itajai-Centro-apartamento-JR-1Q,Carteira 6,SC,"Itajaí, SC","Itajaí, SC, Centro",0,110,3941.46,11,2094.43,2025-11,0.9,0.4148,27,30,204.0,140.0,2,2025-11-11,1.88,0.0,-1847.0300000000002,ok
CLE1202,Porto_Belo-Geral-apartamento-TOP-3Q,Carteira 6,SC,"Porto Belo, SC","Porto Belo, SC, Perequê",0,431,5680.61,11,4637.54,2025-11,0.8333,0.2656,25,30,303.84,229.8,5,2025-11-11,1.22,0.0,-1043.0699999999997,ok
CNB002,Especial-CNB-casa-TOP-1Q,Especial,SP,"Campos do Jordão, SP","Campos do Jordão, SP, Jardim Europa",0,598,5339.13,16,4791.07,2025-11,0.3667,0.5074,11,30,547.82,623.8,15,2025-11-11,1.11,0.0,-548.0600000000004,ok
ETHA604,Caldas_Novas-Geral-apartamento-JR-3Q,Carteira 3,GO,"Caldas Novas, GO","Caldas Novas, GO, Bandeirantes",0,759,4163.18,40,2475.82,2025-11,0.4333,0.2644,13,30,338.08,178.17,12,2025-11-11,1.68,0.0,-1687.3600000000001,ok
IPT0141,Balneario_Camboriu-Centro-apartamento-TOP-2Q,Carteira 6,SC,"Balneário Camboriú, SC","Balneário Camboriú, SC, Centro",0,453,4583.35,33,5387.18,2025-11,0.6333,0.5106,19,30,269.42,321.36,11,2025-11-11,0.85,0.0,803.8299999999999,berlinda
LBO203,Porto_Alegre-Auxiliadora-apartamento-TOP-1Q,Carteira 4,RS,"Porto Alegre, RS","Porto Alegre, RS, Mont Serrat",6,474,1643.87,27,3038.49,2025-11,0.4167,0.4647,10,30,200.0,200.0,12,2025-11-11,0.54,1200.0,1394.62,atenção
LIV0810,Salvador-Graca-apartamento-TOP-1Q,Especial,BA,"Salvador, BA","Salvador, BA, Vitória",0,106,3827.98,15,3581.56,2025-11,0.7,0.5526,21,30,229.24,223.88,8,2025-11-11,1.07,0.0,-246.42000000000007,berlinda
MHF1808,Itapema-Canto_Praia-apartamento-TOP-2Q,Carteira 5,SC,"Itapema, SC","Itapema, SC, Centro",0,50,2931.42,14,3094.94,2025-11,0.3667,0.2903,11,30,314.55,333.0,14,2025-11-11,0.95,0.0,163.51999999999998,berlinda
NFE1544,Curitiba-Centro-apartamento-SUP-1Q,Carteira 4,PR,"Curitiba, PR","Curitiba, PR, Centro",0,185,2958.93,500,2211.28,2025-11,0.5333,0.4953,16,30,173.21,146.45,11,2025-11-11,1.34,0.0,-747.6499999999996,ok
NWT0707,Especial-NWT-apartamento-MASTER-1Q,Carteira 5,AL,"Maceió, AL","Maceió, AL, Pajuçara",0,186,10448.55,30,6165.78,2025-11,0.7667,0.6885,23,30,573.57,505.2,5,2025-11-11,1.69,0.0,-4282.7699999999995,ok
OCB0901,Salvador-Barra-apartamento-TOP-1Q,Carteira 2,BA,"Salvador, BA","Salvador, BA, Barra",0,145,4822.61,132,4396.9,2025-11,0.7,0.6139,21,30,290.0,216.83,6,2025-11-11,1.1,0.0,-425.71000000000004,berlinda
OKA213,Florianopolis-Campeche-apartamento-SUP-1Q,Carteira 1,SC,"Florianópolis, SC","Florianópolis, SC, Campeche",0,684,3292.89,25,2388.5,2025-11,0.7,0.4993,21,30,203.9,232.0,9,2025-11-11,1.38,0.0,-904.3899999999999,ok
OKA224,Florianopolis-Campeche-apartamento-SUP-1Q,Carteira 1,SC,"Florianópolis, SC","Florianópolis, SC, Campeche",0,1058,3595.58,25,2388.5,2025-11,0.6,0.4993,18,30,271.28,237.78,9,2025-11-11,1.51,0.0,-1207.08,ok
PRJ002,Imbituba-Praia_do_Rosa-casa-SIM-1Q,Carteira 6,SC,"Imbituba, SC","Imbituba, SC, Ibiraquera",0,1241,0.0,55,1158.17,2025-11,0.0,0.3086,0,30,0.0,90.0,19,2025-11-11,0.0,0.0,1158.17,crítico
QSPB005,Pirenopolis-Geral-casa-JR-3Q,Carteira 4,GO,"Pirenópolis, GO","Pirenópolis, GO, Vila João Figueredo",1,757,0.0,18,3165.5,2025-11,0.0,0.208,0,30,0.0,315.84,19,2025-11-11,0.0,0.0,3165.5,crítico
RFM0007,Santa_Cruz_Cabralia-Coroa_Vermelha-apartamento-SUP-2Q,Carteira 2,BA,"Santa Cruz Cabrália, BA","Santa Cruz Cabrália, BA, Coroa Vermelha",0,276,672.75,34,2989.06,2025-11,0.1667,0.3789,5,30,144.4,156.88,16,2025-11-11,0.23,0.0,2316.31,crítico
RSA025,Florianopolis-Canasvieiras_Perto-apartamento-JR-1Q,Carteira 1,SC,"Florianópolis, SC","Florianópolis, SC, Canasvieiras",0,208,1955.17,49,2189.81,2025-11,0.4,0.4547,12,30,194.33,167.0,9,2025-11-11,0.89,0.0,234.63999999999987,berlinda
RUC0001,Bombinhas-Mariscal-casa-JR-2Q,Carteira 6,SC,"Bombinhas, SC","Bombinhas, SC, Canto Grande",0,332,3020.79,18,1968.24,2025-11,0.7667,0.3944,23,30,160.48,154.4,5,2025-11-11,1.53,0.0,-1052.55,ok
SLC0102,Florianopolis-Rio_Vermelho-apartamento-JR-1Q,Carteira 1,SC,"Florianópolis, SC","Florianópolis, SC, Ingleses do Rio Vermelho",0,264,2006.18,16,2707.95,2025-11,0.7,0.5031,21,30,125.57,156.67,6,2025-11-11,0.74,0.0,701.7699999999998,atenção
SPJ0101,Especial-SPJ-apartamento-TOP-1Q,Carteira 5,SC,"Florianópolis, SC","Florianópolis, SC, Jurerê",0,211,5237.21,15,6230.75,2025-11,0.6333,0.6136,19,30,337.63,233.0,9,2025-11-11,0.84,0.0,993.54,berlinda
SPJ0301,Especial-SPJ-apartamento-TOP-1Q,Carteira 5,SC,"Florianópolis, SC","Florianópolis, SC, Jurerê",0,518,5861.05,15,6230.75,2025-11,0.7333,0.6136,22,30,331.77,251.5,8,2025-11-11,0.94,0.0,369.6999999999998,berlinda
SRL002,Balneario_Camboriu-Centro-apartamento-SIM-2Q,Carteira 6,SC,"Balneário Camboriú, SC","Balneário Camboriú, SC, Centro",0,614,2207.67,52,2112.44,2025-11,0.5667,0.4198,17,30,158.35,133.44,9,2025-11-11,1.05,0.0,-95.23000000000002,berlinda
TPS202,Florianopolis-Canasvieiras_Meio-apartamento-TOP-1Q,Carteira 1,SC,"Florianópolis, SC","Florianópolis, SC, Canasvieiras",0,837,2367.62,25,4223.9,2025-11,0.4333,0.563,13,30,224.69,214.8,15,2025-11-11,0.56,0.0,1856.2799999999997,atenção
AAP1405,Salvador-Caminho_Das_Arvores-apartamento-SUP-1Q,Carteira 2,BA,"Salvador, BA","Salvador, BA, Caminho das Árvores",2,225,1561.27,44,2214.44,2025-11,0.3929,0.4753,11,30,139.73,182.06,16,2025-11-11,0.71,279.46,653.1700000000001,atenção
BLN0802,Porto_Belo-Geral-apartamento-SUP-2Q,Carteira 6,SC,"Porto Belo, SC","Porto Belo, SC, Perequê",1,697,3446.96,21,3177.66,2025-11,0.7241,0.2879,21,30,194.76,145.13,8,2025-11-11,1.08,194.76,-269.3000000000002,berlinda
BSO0201,Itajai-Praia_Brava-apartamento-SUP-1Q,Carteira 6,SC,"Balneário Camboriú, SC","Balneário Camboriú, SC, Praia dos Amores",0,57,2825.76,10,2766.14,2025-11,0.6333,0.5032,19,30,169.47,134.13,8,2025-11-11,1.02,0.0,-59.620000000000346,berlinda
CPR0108,Marau-Barra_Grande-apartamento-SUP-1Q,Carteira 2,BA,"Maraú, BA","Maraú, BA, Barra Grande",2,528,0.0,12,1598.56,2025-11,0.0,0.2415,0,30,0.0,339.79,19,2025-11-11,0.0,0.0,1598.56,crítico
CSD0403,Bombinhas-Bombas-apartamento-SUP-3Q,Carteira 6,SC,"Bombinhas, SC","Bombinhas, SC, Bombas",8,470,5522.64,18,2849.68,2025-11,0.9091,0.4113,20,30,370.3,171.0,2,2025-11-11,1.94,2962.4,-2672.9600000000005,ok
DAC0202,Florianopolis-Estreito-apartamento-SUP-1Q,Carteira 4,SC,"Florianópolis, SC","Florianópolis, SC, Estreito",2,101,521.59,24,2607.74,2025-11,0.1071,0.4913,3,30,199.0,198.59,17,2025-11-11,0.2,398.0,2086.1499999999996,crítico
DIO0507,Sao_Paulo-Pompeia-apartamento-SUP-1Q,Carteira 4,SP,"São Paulo, SP","São Paulo, SP, Pompeia",2,59,2169.47,71,2705.63,2025-11,0.5714,0.3976,16,30,174.63,146.5,8,2025-11-11,0.8,349.26,536.1600000000003,berlinda
EFE0803,Guarapari-Praia_do_Morro-apartamento-SUP-3Q,Carteira 4,ES,"Guarapari, ES","Guarapari, ES, Praia do Morro",16,631,1417.03,68,3180.74,2025-11,0.3571,0.3754,5,30,343.2,349.5,8,2025-11-11,0.45,5491.2,1763.7099999999998,crítico
ERN0503,Ilheus-Sul-apartamento-SUP-2Q,Carteira 2,BA,"Ilhéus, BA","Ilhéus, BA, São Francisco",0,395,1075.41,36,1909.53,2025-11,0.1,0.2911,3,30,416.0,,0,2025-11-11,0.56,0.0,834.1199999999999,atenção
HBA0309,Salvador-Barra-apartamento-TOP-1Q,Carteira 2,BA,"Salvador, BA","Salvador, BA, Barra",0,435,2425.18,132,4396.9,2025-11,0.4667,0.6139,14,30,248.43,233.31,13,2025-11-11,0.55,0.0,1971.7199999999998,atenção
IBC0205,Florianopolis-Campeche_Praia-apartamento-TOP-2Q,Carteira 1,SC,"Florianópolis, SC","Florianópolis, SC, Morro das Pedras",9,309,8886.0,71,6841.95,2025-11,0.9524,0.5269,20,30,519.95,,0,2025-11-11,1.3,4679.55,-2044.0500000000002,ok
ILC1306,Especial-ILC-hotel-JR-1Q,Especial,SC,"Florianópolis, SC","Florianópolis, SC, Jurerê Internacional",0,1011,11880.42,16,9179.91,2025-11,0.8,0.5499,24,30,584.75,656.33,6,2025-11-11,1.29,0.0,-2700.51,ok
ILC4107,Especial-ILC-hotel-TOP-1Q,Especial,SC,"Florianópolis, SC","Florianópolis, SC, Jurerê Internacional",5,423,9683.14,30,11132.4,2025-11,0.76,0.6976,19,30,633.0,670.0,2,2025-11-11,0.87,3165.0,1449.2600000000002,berlinda
ILH310,Florianopolis-Canasvieiras_Perto-apartamento-SUP-2Q,Carteira 1,SC,"Florianópolis, SC","Florianópolis, SC, Canasvieiras",0,91,5161.92,25,5283.94,2025-11,0.6667,0.5593,20,30,325.1,333.0,8,2025-11-11,0.98,0.0,122.01999999999953,berlinda
LAM0601,Itapema-Praia_Itapema-apartamento-SUP-3Q,Carteira 6,SC,"Itapema, SC","Itapema, SC, Andorinha",1,3,0.0,15,1981.78,2025-11,0.0,0.2323,0,30,0.0,1200.0,19,2025-11-11,0.0,0.0,1981.78,crítico
NNG0102,Florianopolis-Novo_Campeche-apartamento-TOP-2Q,Carteira 1,SC,"Florianópolis, SC","Florianópolis, SC, Campeche",6,306,3580.7,49,6978.07,2025-11,0.5833,0.5466,14,30,335.71,379.11,9,2025-11-11,0.51,2014.2599999999998,3397.37,atenção
NWT1023,Especial-NWT-apartamento-TOP-1Q,Carteira 5,AL,"Maceió, AL","Maceió, AL, Pajuçara",0,199,7522.64,40,4657.0,2025-11,0.8333,0.5442,25,30,384.72,280.0,2,2025-11-11,1.62,0.0,-2865.6400000000003,ok
PRJ001,Imbituba-Praia_do_Rosa-casa-SIM-1Q,Carteira 6,SC,"Imbituba, SC","Imbituba, SC, Ibiraquera",0,1241,864.52,55,1158.17,2025-11,0.3333,0.3086,10,30,102.0,90.0,15,2025-11-11,0.75,0.0,293.6500000000001,atenção
PSO0610,Penha-Beto_Carrero-apartamento-SUP-1Q,Carteira 3,SC,"Penha, SC","Penha, SC, Praia de Armação do Itapocoroi",0,93,4680.5,16,1970.83,2025-11,0.8667,0.3803,26,30,221.19,144.0,1,2025-11-11,2.37,0.0,-2709.67,meta_subestimada
PTJ203,Florianopolis-Jurere_Tradicional-apartamento-TOP-2Q,Carteira 1,SC,"Florianópolis, SC","Florianópolis, SC, Jurerê",0,611,6823.0,20,8875.07,2025-11,0.5,0.5432,15,30,694.0,570.5,6,2025-11-11,0.77,0.0,2052.0699999999997,atenção
RHL0305,Florianopolis-Ingleses_Centro-apartamento-TOP-3Q,Carteira 1,SC,"Florianópolis, SC","Florianópolis, SC, Ingleses do Rio Vermelho",1,268,999.6,47,6120.42,2025-11,0.1034,0.4218,3,30,522.67,500.0,15,2025-11-11,0.16,522.67,5120.82,crítico
RPB037,Florianopolis-Cachoeira_Bom_Jesus-apartamento-JR-2Q,Carteira 1,SC,"Florianópolis, SC","Florianópolis, SC, Cachoeira do Bom Jesus",7,845,4692.51,15,2802.96,2025-11,0.913,0.3457,21,30,276.9,,0,2025-11-11,1.67,1938.2999999999997,-1889.5500000000002,ok
SEM0012,Barra_Velha-Centro-apartamento-SUP-1Q,Carteira 3,SC,"Barra Velha, SC","Barra Velha, SC, Tabuleiro",2,31,1211.89,10,2450.4,2025-11,0.25,0.2582,7,30,148.8,141.15,13,2025-11-11,0.49,297.6,1238.51,crítico
SOV0005,Mata_de_Sao_Joao-Praia_Imbassai-apartamento-TOP-1Q,Carteira 2,BA,"Mata de São João, BA","Mata de São João, BA, Imbassaí",3,254,3695.18,12,4629.75,2025-11,0.6296,0.4061,17,30,256.06,242.89,9,2025-11-11,0.8,768.1800000000001,934.5700000000002,atenção
STCY101,Florianopolis-Cachoeira_Bom_Jesus-apartamento-JR-1Q,Carteira 1,SC,"Florianópolis, SC","Florianópolis, SC, Cachoeira do Bom Jesus",0,561,2906.1,15,1284.69,2025-11,0.7667,0.2034,23,30,184.26,202.5,6,2025-11-11,2.26,0.0,-1621.4099999999999,meta_subestimada
VST017,Especial-VST-casa-TOP-1Q,Carteira 5,SC,"Anitápolis, SC","Anitápolis, SC, Rio dos pinheiros",4,123,1307.41,41,2231.25,2025-11,0.2692,0.1613,7,30,231.86,185.5,14,2025-11-11,0.59,927.44,923.8399999999999,atenção
